ts,open,high,low,close,volume
2026-06-01T08:05:00+00:00,70.11,70.11,69.75,69.75,2385.923988
2026-06-01T08:45:00+00:00,69.9,69.9,69.9,69.9,198.0
2026-06-01T09:25:00+00:00,69.87,69.87,69.87,69.87,151.0
2026-06-01T10:10:00+00:00,70.0,70.0,70.0,70.0,151.0
2026-06-01T10:15:00+00:00,70.06,70.12,70.06,70.12,1917.0
2026-06-01T10:20:00+00:00,70.07,70.07,70.04,70.04,2556.0
2026-06-01T10:25:00+00:00,70.1777,70.1777,70.1777,70.1777,128.143114
2026-06-01T10:35:00+00:00,69.96,69.96,69.96,69.96,1400.0
2026-06-01T10:50:00+00:00,70.2,70.2,70.2,70.2,1585.0
2026-06-01T11:05:00+00:00,70.01,70.02,69.98,70.01,3433.007
2026-06-01T11:10:00+00:00,69.98,70.0,69.98,70.0,2660.0
2026-06-01T11:35:00+00:00,69.99,69.99,69.99,69.99,327.0
2026-06-01T12:15:00+00:00,69.96,69.96,69.92,69.92,696.0
2026-06-01T12:20:00+00:00,69.87,69.875,69.84,69.84,2280.0
2026-06-01T12:30:00+00:00,70.0,70.0,70.0,70.0,251.428061
2026-06-01T12:40:00+00:00,69.94,69.99,69.9205,69.99,6974.0
2026-06-01T12:55:00+00:00,69.9709,70.02,69.9709,69.98,981.0
2026-06-01T13:00:00+00:00,69.9785,69.98,69.9785,69.98,3221.0
2026-06-01T13:10:00+00:00,69.83,69.83,69.82,69.83,817.142658
2026-06-01T13:15:00+00:00,69.83,69.87,69.3,69.46,26153.0
2026-06-01T13:20:00+00:00,69.5,69.5,69.5,69.5,2159.0
2026-06-01T13:25:00+00:00,69.4,69.4,69.3,69.3,15586.817324
2026-06-01T13:30:00+00:00,69.29,69.38,69.29,69.37,17622.0
2026-06-01T13:35:00+00:00,69.38,69.51,69.14,69.225,1181014.817537
2026-06-01T13:40:00+00:00,69.22,69.565,69.195,69.52,1131925.890123
2026-06-01T13:45:00+00:00,69.52,69.54,69.38,69.425,702926.882612
2026-06-01T13:50:00+00:00,69.43,69.585,69.425,69.495,552527.8816989999
2026-06-01T13:55:00+00:00,69.495,69.565,69.33,69.33,1134316.937406
2026-06-01T14:00:00+00:00,69.31,69.32,69.16,69.17,363984.93935700005
2026-06-01T14:05:00+00:00,69.17,69.285,69.13,69.25,804850.043754
2026-06-01T14:10:00+00:00,69.26,69.485,69.25,69.475,393009.771893
2026-06-01T14:15:00+00:00,69.47,69.49,69.38,69.4,300567.078916
2026-06-01T14:20:00+00:00,69.4,69.56,69.335,69.39,1298607.702207
2026-06-01T14:25:00+00:00,69.395,69.51,69.365,69.45,365249.83649500005
2026-06-01T14:30:00+00:00,69.46,69.46,69.355,69.445,310601.379351
2026-06-01T14:35:00+00:00,69.445,69.61,69.41,69.515,447686.430618
2026-06-01T14:40:00+00:00,69.52,69.57,69.46,69.505,140955.87675
2026-06-01T14:45:00+00:00,69.505,69.595,69.495,69.53,354049.706831
2026-06-01T14:50:00+00:00,69.54,69.555,69.435,69.505,317559.302108
2026-06-01T14:55:00+00:00,69.5,69.55,69.455,69.515,276528.010063
2026-06-01T15:00:00+00:00,69.52,69.56,69.485,69.525,245575.45831500003
2026-06-01T15:05:00+00:00,69.53,69.54,69.445,69.515,302561.46017900005
2026-06-01T15:10:00+00:00,69.52,69.6,69.425,69.505,530196.942382
2026-06-01T15:15:00+00:00,69.51,69.63,69.5,69.615,459194.05894
2026-06-01T15:20:00+00:00,69.615,69.6751,69.595,69.6751,63523.650071
2026-06-01T15:25:00+00:00,69.6759,69.75,69.6759,69.68,120199.24025
2026-06-01T15:30:00+00:00,69.68,69.76,69.645,69.745,191819.38611999998
2026-06-01T15:35:00+00:00,69.745,69.94,69.74,69.86,1574201.983554
2026-06-01T15:40:00+00:00,69.87,69.9,69.795,69.83,342811.290535
2026-06-01T15:45:00+00:00,69.83,69.8701,69.805,69.85,151424.890182
2026-06-01T15:50:00+00:00,69.85,69.855,69.77,69.77,158490.66236100002
2026-06-01T15:55:00+00:00,69.77,69.8,69.75,69.79,161447.400477
2026-06-01T16:00:00+00:00,69.785,69.785,69.735,69.76,237127.71728299998
2026-06-01T16:05:00+00:00,69.76,69.88,69.755,69.8,496990.59606999997
2026-06-01T16:10:00+00:00,69.805,69.81,69.755,69.775,151633.269859
2026-06-01T16:15:00+00:00,69.775,69.785,69.685,69.72,277111.975968
2026-06-01T16:20:00+00:00,69.71,69.725,69.62,69.71,232127.50492699997
2026-06-01T16:25:00+00:00,69.71,69.78,69.71,69.77,72711.3599
2026-06-01T16:30:00+00:00,69.775,69.84,69.77,69.83,218941.972691
2026-06-01T16:35:00+00:00,69.83,69.88,69.795,69.81,437084.527036
2026-06-01T16:40:00+00:00,69.81,69.8351,69.78,69.82,138804.087841
2026-06-01T16:45:00+00:00,69.82,69.83,69.79,69.795,173926.02951900003
2026-06-01T16:50:00+00:00,69.795,69.86,69.77,69.8598,308045.170655
2026-06-01T16:55:00+00:00,69.86,70.06,69.84,70.05,489056.74675000005
2026-06-01T17:00:00+00:00,70.05,70.135,70.02,70.135,208412.406185
2026-06-01T17:05:00+00:00,70.135,70.15,70.04,70.04,549520.143387
2026-06-01T17:10:00+00:00,70.05,70.075,70.0,70.01,194535.588413
2026-06-01T17:15:00+00:00,70.01,70.1,70.01,70.05,113881.495624
2026-06-01T17:20:00+00:00,70.045,70.07,70.03,70.06,58888.836878
2026-06-01T17:25:00+00:00,70.0551,70.105,70.05,70.085,126699.452256
2026-06-01T17:30:00+00:00,70.085,70.32,70.06,70.305,408621.93948500004
2026-06-01T17:35:00+00:00,70.31,70.36,70.225,70.24,832606.4085659999
2026-06-01T17:40:00+00:00,70.24,70.28,70.23,70.25,275792.474239
2026-06-01T17:45:00+00:00,70.25,70.51,70.25,70.41,1385091.067395
2026-06-01T17:50:00+00:00,70.405,70.46,70.395,70.4,297769.82712800003
2026-06-01T17:55:00+00:00,70.4001,70.435,70.39,70.4,557268.9297239999
2026-06-01T18:00:00+00:00,70.4,70.4378,70.39,70.4,628286.2951100001
2026-06-01T18:05:00+00:00,70.4,70.405,70.36,70.365,144743.029988
2026-06-01T18:10:00+00:00,70.37,70.3955,70.35,70.3955,62928.889794
2026-06-01T18:15:00+00:00,70.395,70.395,70.31,70.325,148005.392177
2026-06-01T18:20:00+00:00,70.325,70.33,70.285,70.33,145130.703644
2026-06-01T18:25:00+00:00,70.33,70.355,70.32,70.335,73403.185147
2026-06-01T18:30:00+00:00,70.335,70.335,70.285,70.295,50972.313336
2026-06-01T18:35:00+00:00,70.295,70.3,70.255,70.3,127603.62737
2026-06-01T18:40:00+00:00,70.3,70.31,70.261,70.265,90823.863322
2026-06-01T18:45:00+00:00,70.26,70.28,70.245,70.265,109122.83883
2026-06-01T18:50:00+00:00,70.26,70.26,70.21,70.215,92436.193907
2026-06-01T18:55:00+00:00,70.21,70.22,70.185,70.2,67000.04452
2026-06-01T19:00:00+00:00,70.205,70.23,70.19,70.19,167311.958583
2026-06-01T19:05:00+00:00,70.19,70.265,70.13,70.265,178622.950066
2026-06-01T19:10:00+00:00,70.265,70.265,70.2,70.245,248079.650543
2026-06-01T19:15:00+00:00,70.24,70.285,70.205,70.21,126772.787736
2026-06-01T19:20:00+00:00,70.215,70.25,70.21,70.2341,209353.58806200002
2026-06-01T19:25:00+00:00,70.235,70.25,70.215,70.245,80856.627257
2026-06-01T19:30:00+00:00,70.245,70.245,70.2145,70.2199,91425.296192
2026-06-01T19:35:00+00:00,70.22,70.25,70.21,70.225,164803.09870600002
2026-06-01T19:40:00+00:00,70.23,70.235,70.2,70.23,113766.61115
2026-06-01T19:45:00+00:00,70.23,70.24,70.215,70.23,203883.50000799997
2026-06-01T19:50:00+00:00,70.235,70.25,70.195,70.1952,416056.053326
2026-06-01T19:55:00+00:00,70.2,70.2,70.125,70.14,758314.091529
2026-06-01T20:00:00+00:00,70.135,70.15,70.07,70.095,1555968.3954480002
2026-06-01T20:05:00+00:00,70.08,70.14,70.08,70.14,16413.05685
2026-06-01T20:10:00+00:00,70.15,70.15,70.15,70.15,2103.0
2026-06-01T20:15:00+00:00,70.1596,70.1596,70.13,70.15,853.248377
2026-06-01T20:20:00+00:00,70.15,70.16,70.14,70.15,2213.103837
2026-06-01T20:30:00+00:00,70.0867,70.0867,70.0867,70.0867,100.0
2026-06-01T20:55:00+00:00,70.12,70.12,70.09,70.09,2741.0
2026-06-01T21:25:00+00:00,70.08,70.08,70.08,70.08,109106.0
2026-06-01T22:05:00+00:00,69.9301,69.9301,69.9301,69.9301,103.0
2026-06-01T22:20:00+00:00,70.294,70.294,70.294,70.294,142.0
2026-06-01T22:25:00+00:00,70.35,70.35,70.35,70.35,100.0
2026-06-01T22:30:00+00:00,70.35,70.35,70.35,70.35,100.0
2026-06-01T22:35:00+00:00,70.329,70.35,70.329,70.35,200.0
2026-06-01T22:40:00+00:00,70.35,70.35,70.35,70.35,275.0
2026-06-01T23:10:00+00:00,69.7,69.7655,69.7,69.7655,250.0
2026-06-01T23:30:00+00:00,70.0,70.0,70.0,70.0,1100.0
2026-06-02T10:35:00+00:00,70.59,70.59,70.59,70.59,200.0
2026-06-02T11:05:00+00:00,70.15,70.15,70.15,70.15,743.903
2026-06-02T11:40:00+00:00,70.35,70.35,70.35,70.35,7990.0
2026-06-02T11:45:00+00:00,70.35,70.36,70.35,70.35,8174.0
2026-06-02T12:25:00+00:00,70.35,70.35,70.35,70.35,100.0
2026-06-02T12:40:00+00:00,70.45,70.46,70.43,70.43,7662.0
2026-06-02T12:45:00+00:00,70.44,70.44,70.44,70.44,380.0
2026-06-02T12:50:00+00:00,70.4556,70.4556,70.4488,70.4488,2245.0
2026-06-02T13:05:00+00:00,70.31,70.31,70.31,70.31,172.0
2026-06-02T13:10:00+00:00,70.32,70.32,70.24,70.24,4630.0
2026-06-02T13:15:00+00:00,70.228,70.228,70.228,70.228,100.0
2026-06-02T13:25:00+00:00,70.27,70.28,70.27,70.28,1398.0
2026-06-02T13:30:00+00:00,70.28,70.28,70.28,70.28,284.0
2026-06-02T13:35:00+00:00,70.29,70.305,70.06,70.14,891179.293187
2026-06-02T13:40:00+00:00,70.14,70.335,70.115,70.33,419073.175369
2026-06-02T13:45:00+00:00,70.32,70.42,70.29,70.37,282633.219362
2026-06-02T13:50:00+00:00,70.37,70.455,70.365,70.44,301101.680465
2026-06-02T13:55:00+00:00,70.44,70.49,70.415,70.43,246759.392815
2026-06-02T14:00:00+00:00,70.43,70.455,70.37,70.44,186051.680395
2026-06-02T14:05:00+00:00,70.445,70.53,70.37,70.52,674389.848835
2026-06-02T14:10:00+00:00,70.52,70.56,70.4601,70.49,81744.26523399999
2026-06-02T14:15:00+00:00,70.49,70.62,70.49,70.5869,199163.669894
2026-06-02T14:20:00+00:00,70.59,70.59,70.5,70.53,255577.286411
2026-06-02T14:25:00+00:00,70.54,70.56,70.37,70.375,127166.88540300002
2026-06-02T14:30:00+00:00,70.375,70.43,70.25,70.31,362759.60320199997
2026-06-02T14:35:00+00:00,70.32,70.45,70.32,70.41,148489.891114
2026-06-02T14:40:00+00:00,70.41,70.505,70.4,70.505,252196.77096
2026-06-02T14:45:00+00:00,70.5,70.59,70.47,70.59,256980.841144
2026-06-02T14:50:00+00:00,70.59,70.62,70.555,70.62,129240.493762
2026-06-02T14:55:00+00:00,70.615,70.67,70.58,70.65,226589.72050300002
2026-06-02T15:00:00+00:00,70.65,70.67,70.615,70.62,168741.87973000002
2026-06-02T15:05:00+00:00,70.63,70.69,70.62,70.645,359332.764454
2026-06-02T15:10:00+00:00,70.64,70.74,70.6157,70.705,206785.02234099997
2026-06-02T15:15:00+00:00,70.71,70.71,70.655,70.705,235684.88240999996
2026-06-02T15:20:00+00:00,70.705,70.735,70.69,70.72,73142.479362
2026-06-02T15:25:00+00:00,70.72,70.82,70.71,70.82,251779.739013
2026-06-02T15:30:00+00:00,70.82,70.83,70.75,70.78,263460.073875
2026-06-02T15:35:00+00:00,70.78,70.84,70.735,70.84,161348.995491
2026-06-02T15:40:00+00:00,70.835,70.86,70.81,70.83,91498.746344
2026-06-02T15:45:00+00:00,70.83,70.835,70.785,70.79,101354.875542
2026-06-02T15:50:00+00:00,70.79,70.86,70.765,70.825,376374.838768
2026-06-02T15:55:00+00:00,70.83,70.845,70.795,70.82,292560.720177
2026-06-02T16:00:00+00:00,70.815,70.86,70.795,70.83,113252.072247
2026-06-02T16:05:00+00:00,70.83,70.855,70.77,70.78,148632.74392399998
2026-06-02T16:10:00+00:00,70.79,70.86,70.7741,70.8,327143.500781
2026-06-02T16:15:00+00:00,70.8,70.8,70.74,70.76,125986.739353
2026-06-02T16:20:00+00:00,70.76,70.77,70.68,70.71,60361.30392399999
2026-06-02T16:25:00+00:00,70.72,70.725,70.675,70.7,63058.10456199999
2026-06-02T16:30:00+00:00,70.69,70.69,70.625,70.63,62202.877995
2026-06-02T16:35:00+00:00,70.63,70.655,70.61,70.62,46216.818
2026-06-02T16:40:00+00:00,70.615,70.615,70.555,70.56,65218.112802
2026-06-02T16:45:00+00:00,70.565,70.595,70.56,70.585,55820.041067
2026-06-02T16:50:00+00:00,70.585,70.64,70.57,70.635,56393.39755
2026-06-02T16:55:00+00:00,70.63,70.65,70.61,70.635,31120.162814
2026-06-02T17:00:00+00:00,70.635,70.64,70.61,70.635,70210.633976
2026-06-02T17:05:00+00:00,70.635,70.655,70.61,70.61,91081.90035200001
2026-06-02T17:10:00+00:00,70.61,70.615,70.535,70.545,81764.953083
2026-06-02T17:15:00+00:00,70.54,70.54,70.505,70.52,40014.692867
2026-06-02T17:20:00+00:00,70.51,70.515,70.415,70.435,102324.993815
2026-06-02T17:25:00+00:00,70.44,70.475,70.425,70.45,32681.789393
2026-06-02T17:30:00+00:00,70.44,70.45,70.415,70.435,53424.45762100001
2026-06-02T17:35:00+00:00,70.435,70.485,70.43,70.45,91931.80836000001
2026-06-02T17:40:00+00:00,70.45,70.455,70.41,70.41,58443.649221
2026-06-02T17:45:00+00:00,70.4,70.455,70.395,70.445,56450.687005
2026-06-02T17:50:00+00:00,70.45,70.475,70.44,70.475,44044.71185
2026-06-02T17:55:00+00:00,70.475,70.485,70.45,70.45,75272.4928
2026-06-02T18:00:00+00:00,70.455,70.505,70.44,70.5,101864.647998
2026-06-02T18:05:00+00:00,70.5,70.545,70.48,70.485,75069.019287
2026-06-02T18:10:00+00:00,70.48,70.53,70.48,70.52,119046.009678
2026-06-02T18:15:00+00:00,70.525,70.575,70.52,70.575,215108.589916
2026-06-02T18:20:00+00:00,70.57,70.57,70.525,70.535,51218.33711000001
2026-06-02T18:25:00+00:00,70.53,70.585,70.5131,70.58,52047.687005
2026-06-02T18:30:00+00:00,70.585,70.6199,70.58,70.595,39349.008284999996
2026-06-02T18:35:00+00:00,70.6,70.65,70.595,70.615,90703.57615
2026-06-02T18:40:00+00:00,70.615,70.625,70.565,70.58,113448.628169
2026-06-02T18:45:00+00:00,70.57,70.5757,70.54,70.555,157620.242255
2026-06-02T18:50:00+00:00,70.555,70.615,70.55,70.615,56294.786733
2026-06-02T18:55:00+00:00,70.61,70.625,70.59,70.62,34452.574917
2026-06-02T19:00:00+00:00,70.615,70.665,70.615,70.66,59722.4402
2026-06-02T19:05:00+00:00,70.655,70.7066,70.6544,70.705,103551.62353800001
2026-06-02T19:10:00+00:00,70.705,70.7297,70.705,70.725,103303.69906700001
2026-06-02T19:15:00+00:00,70.725,70.74,70.7,70.705,415782.28132
2026-06-02T19:20:00+00:00,70.705,70.74,70.685,70.6879,94143.64064299999
2026-06-02T19:25:00+00:00,70.69,70.7,70.66,70.6799,100861.943144
2026-06-02T19:30:00+00:00,70.675,70.69,70.65,70.6601,213487.796677
2026-06-02T19:35:00+00:00,70.66,70.69,70.655,70.67,123467.635846
2026-06-02T19:40:00+00:00,70.675,70.705,70.675,70.695,115860.152265
2026-06-02T19:45:00+00:00,70.695,70.73,70.69,70.72,174411.217645
2026-06-02T19:50:00+00:00,70.715,70.79,70.71,70.7801,191052.92940000002
2026-06-02T19:55:00+00:00,70.785,70.82,70.77,70.795,688842.153185
2026-06-02T20:00:00+00:00,70.8,70.83,70.74,70.82,1900354.35609
2026-06-02T20:05:00+00:00,70.82,70.83,70.8,70.83,15159.7687
2026-06-02T20:10:00+00:00,70.86,70.86,70.84,70.85,8841.0
2026-06-02T20:15:00+00:00,70.86,70.88,70.85,70.85,5039.0
2026-06-02T20:20:00+00:00,70.8504,70.88,70.8504,70.88,3385.656481
2026-06-02T20:25:00+00:00,70.9,70.9,70.86,70.86,1173.0
2026-06-02T20:55:00+00:00,70.7295,70.7295,70.7295,70.7295,145.0
2026-06-02T21:05:00+00:00,70.9636,70.9636,70.9636,70.9636,725.0
2026-06-02T21:35:00+00:00,70.7281,70.7281,70.7281,70.7281,135.0
2026-06-02T21:40:00+00:00,70.81,70.81,70.81,70.81,2000.0
2026-06-02T22:25:00+00:00,71.0,71.0,71.0,71.0,275.0
2026-06-02T22:35:00+00:00,70.8,70.8,70.8,70.8,500.0
2026-06-02T22:45:00+00:00,70.94,70.94,70.94,70.94,141.0
2026-06-02T23:00:00+00:00,70.95,70.95,70.95,70.95,100.0
2026-06-02T23:20:00+00:00,70.9,70.9,70.9,70.9,117.0
2026-06-02T23:30:00+00:00,70.82,70.82,70.81,70.81,200.0
2026-06-02T23:35:00+00:00,70.8,70.8,70.8,70.8,1000.0
2026-06-02T23:40:00+00:00,70.8,70.8,70.8,70.8,1000.0
2026-06-02T23:50:00+00:00,70.9636,70.9636,70.9636,70.9636,140.0
2026-06-03T00:00:00+00:00,70.72,70.72,70.72,70.72,3000.0
2026-06-03T09:15:00+00:00,70.56,70.64,70.55,70.57,3545.0
2026-06-03T09:55:00+00:00,70.61,70.61,70.57,70.57,404.0
2026-06-03T10:05:00+00:00,70.45,70.45,70.45,70.45,149.0
2026-06-03T10:10:00+00:00,70.44,70.65,70.44,70.62,7876.0
2026-06-03T10:35:00+00:00,70.59,70.61,70.59,70.61,263.0
2026-06-03T10:55:00+00:00,70.52,70.52,70.52,70.52,434.0
2026-06-03T11:05:00+00:00,70.51,70.53,70.51,70.53,435.802
2026-06-03T11:10:00+00:00,70.52,70.52,70.52,70.52,188.0
2026-06-03T11:20:00+00:00,70.52,70.52,70.52,70.52,180.0
2026-06-03T11:25:00+00:00,70.5107,70.5107,70.5107,70.5107,100.0
2026-06-03T11:35:00+00:00,70.54,70.76,70.54,70.55,78709.0
2026-06-03T11:40:00+00:00,70.56,70.57,70.55,70.57,11066.84
2026-06-03T11:45:00+00:00,70.56,70.57,70.56,70.56,6267.0
2026-06-03T11:50:00+00:00,70.56,70.56,70.56,70.56,2410.0
2026-06-03T11:55:00+00:00,70.56,70.57,70.56,70.57,2600.0
2026-06-03T12:05:00+00:00,70.53,70.54,70.53,70.54,2207.0
2026-06-03T12:10:00+00:00,70.53,70.53,70.52,70.52,360.0
2026-06-03T12:20:00+00:00,70.51,70.51,70.47,70.47,1366.0
2026-06-03T12:25:00+00:00,70.47,70.47,70.46,70.47,450.0
2026-06-03T12:30:00+00:00,70.45,70.45,70.44,70.45,1971.0
2026-06-03T12:35:00+00:00,70.43,70.43,70.36,70.37,1862.0
2026-06-03T12:40:00+00:00,70.281,70.281,70.26,70.26,462.0
2026-06-03T12:45:00+00:00,70.26,70.3,70.26,70.3,630.0
2026-06-03T12:50:00+00:00,70.33,70.33,70.33,70.33,1486.0
2026-06-03T12:55:00+00:00,70.32,70.32,70.32,70.32,422.0
2026-06-03T13:05:00+00:00,70.34,70.34,70.34,70.34,110.0
2026-06-03T13:10:00+00:00,70.39,70.4,70.38,70.39,3240.0
2026-06-03T13:15:00+00:00,70.38,70.4,70.38,70.39,1199.0
2026-06-03T13:20:00+00:00,70.38,70.39,70.36,70.36,16862.0
2026-06-03T13:25:00+00:00,70.37,70.37,70.37,70.37,2351.0
2026-06-03T13:35:00+00:00,70.42,70.47,70.105,70.15,573696.459398
2026-06-03T13:40:00+00:00,70.14,70.155,70.015,70.115,225218.84545099997
2026-06-03T13:45:00+00:00,70.12,70.13,69.92,69.92,598073.3055730001
2026-06-03T13:50:00+00:00,69.92,69.995,69.57,69.63,645418.459551
2026-06-03T13:55:00+00:00,69.63,69.93,69.6,69.8,553516.186648
2026-06-03T14:00:00+00:00,69.81,69.9,69.705,69.75,231661.75119500002
2026-06-03T14:05:00+00:00,69.75,69.92,69.72,69.8,776208.318603
2026-06-03T14:10:00+00:00,69.79,69.865,69.73,69.8,305432.797254
2026-06-03T14:15:00+00:00,69.83,69.95,69.82,69.925,197891.304938
2026-06-03T14:20:00+00:00,69.925,70.01,69.82,69.85,633398.261743
2026-06-03T14:25:00+00:00,69.85,69.9,69.79,69.84,341915.176691
2026-06-03T14:30:00+00:00,69.84,70.0,69.805,70.0,132866.321606
2026-06-03T14:35:00+00:00,69.99,70.06,69.93,70.03,308087.206134
2026-06-03T14:40:00+00:00,70.05,70.095,69.99,70.08,271093.139436
2026-06-03T14:45:00+00:00,70.09,70.09,69.96,69.96,101994.66682999999
2026-06-03T14:50:00+00:00,69.965,70.01,69.93,69.98,72135.55912600001
2026-06-03T14:55:00+00:00,69.98,70.09,69.9339,70.06,95956.38819
2026-06-03T15:00:00+00:00,70.07,70.08,70.005,70.055,143735.309092
2026-06-03T15:05:00+00:00,70.05,70.1651,70.05,70.12,141608.60404
2026-06-03T15:10:00+00:00,70.12,70.12,70.02,70.03,174221.50928700002
2026-06-03T15:15:00+00:00,70.03,70.095,69.985,69.99,71027.447472
2026-06-03T15:20:00+00:00,69.99,70.095,69.985,70.05,56700.438829
2026-06-03T15:25:00+00:00,70.06,70.075,69.92,69.96,169057.109903
2026-06-03T15:30:00+00:00,69.95,69.995,69.88,69.995,208550.693058
2026-06-03T15:35:00+00:00,69.99,70.025,69.875,69.89,285041.175701
2026-06-03T15:40:00+00:00,69.885,69.9377,69.805,69.88,221127.62659399997
2026-06-03T15:45:00+00:00,69.87,69.88,69.8,69.82,81632.421317
2026-06-03T15:50:00+00:00,69.82,69.84,69.72,69.79,178017.942278
2026-06-03T15:55:00+00:00,69.79,69.825,69.75,69.795,73095.956332
2026-06-03T16:00:00+00:00,69.785,69.83,69.76,69.82,362364.316961
2026-06-03T16:05:00+00:00,69.815,69.845,69.78,69.835,108353.67187899999
2026-06-03T16:10:00+00:00,69.84,69.86,69.775,69.81,383184.591472
2026-06-03T16:15:00+00:00,69.815,69.89,69.81,69.87,69351.297619
2026-06-03T16:20:00+00:00,69.87,69.87,69.74,69.785,149012.389285
2026-06-03T16:25:00+00:00,69.785,69.81,69.665,69.665,66397.197714
2026-06-03T16:30:00+00:00,69.66,69.705,69.63,69.69,90138.755427
2026-06-03T16:35:00+00:00,69.685,69.75,69.68,69.715,173671.077827
2026-06-03T16:40:00+00:00,69.71,69.71,69.61,69.62,186359.09279
2026-06-03T16:45:00+00:00,69.61,69.64,69.56,69.605,58570.057822999996
2026-06-03T16:50:00+00:00,69.61,69.695,69.61,69.69,192932.97149
2026-06-03T16:55:00+00:00,69.7,69.73,69.67,69.69,220335.272122
2026-06-03T17:00:00+00:00,69.69,69.785,69.69,69.76,249698.07859199998
2026-06-03T17:05:00+00:00,69.77,69.77,69.72,69.74,42490.328656000005
2026-06-03T17:10:00+00:00,69.74,69.83,69.7,69.77,346520.487365
2026-06-03T17:15:00+00:00,69.77,69.775,69.64,69.65,200440.36371
2026-06-03T17:20:00+00:00,69.66,69.675,69.625,69.635,144673.715314
2026-06-03T17:25:00+00:00,69.64,69.675,69.615,69.675,41036.316802999994
2026-06-03T17:30:00+00:00,69.68,69.695,69.655,69.67,187746.361721
2026-06-03T17:35:00+00:00,69.665,69.715,69.625,69.715,112717.160888
2026-06-03T17:40:00+00:00,69.72,69.725,69.695,69.71,115670.069616
2026-06-03T17:45:00+00:00,69.705,69.735,69.705,69.73,90344.62274300001
2026-06-03T17:50:00+00:00,69.73,69.765,69.72,69.745,80071.585259
2026-06-03T17:55:00+00:00,69.745,69.78,69.74,69.775,87246.775578
2026-06-03T18:00:00+00:00,69.78,69.82,69.78,69.805,135757.651832
2026-06-03T18:05:00+00:00,69.81,69.86,69.805,69.86,40913.646291
2026-06-03T18:10:00+00:00,69.86,69.86,69.825,69.83,95460.727322
2026-06-03T18:15:00+00:00,69.83,69.85,69.77,69.785,96646.360666
2026-06-03T18:20:00+00:00,69.785,69.785,69.735,69.78,113636.862948
2026-06-03T18:25:00+00:00,69.785,69.805,69.72,69.795,300472.21144100005
2026-06-03T18:30:00+00:00,69.8,69.835,69.785,69.83,97457.538454
2026-06-03T18:35:00+00:00,69.84,69.855,69.795,69.795,132580.435956
2026-06-03T18:40:00+00:00,69.785,69.79,69.75,69.75,179879.039464
2026-06-03T18:45:00+00:00,69.76,69.825,69.75,69.81,141238.293971
2026-06-03T18:50:00+00:00,69.81,69.83,69.79,69.79,32231.340354
2026-06-03T18:55:00+00:00,69.79,69.8051,69.775,69.785,48078.637881
2026-06-03T19:00:00+00:00,69.78,69.79,69.765,69.785,37877.325393
2026-06-03T19:05:00+00:00,69.785,69.79,69.75,69.785,214017.081457
2026-06-03T19:10:00+00:00,69.79,69.85,69.78,69.805,348858.82823600003
2026-06-03T19:15:00+00:00,69.81,69.82,69.77,69.81,109490.5651
2026-06-03T19:20:00+00:00,69.81,69.86,69.78,69.825,148628.361045
2026-06-03T19:25:00+00:00,69.82,69.83,69.7378,69.76,146298.071224
2026-06-03T19:30:00+00:00,69.76,69.785,69.73,69.785,96812.078
2026-06-03T19:35:00+00:00,69.785,69.82,69.765,69.815,139744.703561
2026-06-03T19:40:00+00:00,69.815,69.89,69.805,69.875,203891.752982
2026-06-03T19:45:00+00:00,69.875,69.915,69.87,69.91,358217.202478
2026-06-03T19:50:00+00:00,69.91,69.945,69.8999,69.94,156219.35364800002
2026-06-03T19:55:00+00:00,69.94,69.94,69.86,69.905,727932.659403
2026-06-03T20:00:00+00:00,69.9,69.95,69.87,69.94,862514.792179
2026-06-03T20:05:00+00:00,69.92,69.94,69.87,69.92,1496885.250209
2026-06-03T20:10:00+00:00,69.9193,69.9193,69.9193,69.9193,100.0
2026-06-03T20:15:00+00:00,69.7,69.9,69.7,69.86,1805598.0
2026-06-03T20:20:00+00:00,69.85,69.85,69.8,69.83,16791.670106999998
2026-06-03T20:25:00+00:00,69.83,69.83,69.83,69.83,439.0
2026-06-03T20:30:00+00:00,69.87,69.87,69.87,69.87,110.0
2026-06-03T20:35:00+00:00,69.83,69.83,69.82,69.82,1000.0
2026-06-03T20:45:00+00:00,69.7217,69.7217,69.66,69.66,556079.0
2026-06-03T20:55:00+00:00,69.76,69.76,69.76,69.76,216.0
2026-06-03T21:15:00+00:00,69.61,69.8,69.6,69.8,4116.0
2026-06-03T21:25:00+00:00,69.9,69.9,69.9,69.9,150.0
2026-06-03T22:10:00+00:00,69.5,69.5,69.5,69.5,156.999999
2026-06-03T22:40:00+00:00,69.5,69.5,69.5,69.5,230.0
2026-06-03T22:50:00+00:00,69.51,69.51,69.51,69.51,200.0
2026-06-03T23:10:00+00:00,69.27,69.27,69.27,69.27,289.0
2026-06-03T23:15:00+00:00,69.89,69.89,69.89,69.89,100.0
2026-06-03T23:45:00+00:00,69.52,69.52,69.52,69.52,500.0
2026-06-03T23:50:00+00:00,69.52,69.52,69.51,69.51,766.0
2026-06-03T23:55:00+00:00,69.5086,69.5408,69.5086,69.5408,707.0
2026-06-04T00:00:00+00:00,69.55,69.55,69.52,69.52,4467.0
2026-06-04T08:05:00+00:00,68.98,68.98,68.9,68.9,1916.0
2026-06-04T08:10:00+00:00,68.83,68.84,68.83,68.83,2903.0
2026-06-04T08:15:00+00:00,68.74,68.74,68.72,68.72,1220.0
2026-06-04T08:55:00+00:00,68.6,68.6,68.59,68.6,1009.0
2026-06-04T09:05:00+00:00,68.52,68.52,68.38,68.38,321.0
2026-06-04T09:10:00+00:00,68.18,68.18,68.18,68.18,100.0
2026-06-04T09:20:00+00:00,68.26,68.26,68.16,68.2,9531.090694999999
2026-06-04T09:25:00+00:00,68.29,68.35,68.29,68.35,2000.0
2026-06-04T09:30:00+00:00,68.32,68.32,68.32,68.32,156.0
2026-06-04T09:35:00+00:00,68.3,68.3,68.3,68.3,156.0
2026-06-04T09:40:00+00:00,68.45,68.45,68.45,68.45,496.0
2026-06-04T09:50:00+00:00,68.47,68.5,68.47,68.5,420.0
2026-06-04T09:55:00+00:00,68.49,68.49,68.48,68.48,400.0
2026-06-04T10:05:00+00:00,68.46,68.47,68.44,68.47,3934.609203
2026-06-04T10:10:00+00:00,68.49,68.49,68.49,68.49,100.0
2026-06-04T10:15:00+00:00,68.49,68.52,68.49,68.5,1725.0
2026-06-04T10:30:00+00:00,68.4,68.4,68.38,68.38,6385.0
2026-06-04T10:35:00+00:00,68.32,68.35,68.32,68.35,641.0
2026-06-04T10:40:00+00:00,68.3,68.3,68.25,68.25,1610.0
2026-06-04T10:45:00+00:00,68.26,68.26,68.25,68.25,6300.0
2026-06-04T10:50:00+00:00,68.25,68.29,68.25,68.29,5000.0
2026-06-04T10:55:00+00:00,68.16,68.16,68.16,68.16,2801.0
2026-06-04T11:00:00+00:00,68.22,68.22,68.22,68.22,202.0
2026-06-04T11:05:00+00:00,68.25,68.38,68.25,68.38,11954.24
2026-06-04T11:10:00+00:00,68.31,68.31,68.31,68.31,100.0
2026-06-04T11:15:00+00:00,68.35,68.39,68.35,68.36,3007.0
2026-06-04T11:20:00+00:00,68.3773,68.43,68.3773,68.43,6408.0
2026-06-04T11:25:00+00:00,68.35,68.38,68.32,68.38,9795.0
2026-06-04T11:30:00+00:00,68.4,68.44,68.37,68.4264,1349.0
2026-06-04T11:35:00+00:00,68.38,68.38,68.34,68.34,3301.0
2026-06-04T11:40:00+00:00,68.29,68.29,68.21,68.21,7296.56
2026-06-04T11:45:00+00:00,68.24,68.25,68.24,68.25,306.0
2026-06-04T11:50:00+00:00,68.27,68.29,68.27,68.29,270.05
2026-06-04T11:55:00+00:00,68.44,68.44,68.44,68.44,170.0
2026-06-04T12:05:00+00:00,68.46,68.46,68.46,68.46,199.0
2026-06-04T12:10:00+00:00,68.48,68.51,68.43,68.45,2414.0
2026-06-04T12:15:00+00:00,68.4,68.43,68.4,68.43,200.0
2026-06-04T12:20:00+00:00,68.4006,68.4006,68.3948,68.3948,400.0
2026-06-04T12:25:00+00:00,68.4,68.45,68.4,68.45,451.0
2026-06-04T12:30:00+00:00,68.45,68.45,68.45,68.45,520.0
2026-06-04T12:35:00+00:00,68.53,68.53,68.51,68.51,2029.0
2026-06-04T12:40:00+00:00,68.48,68.54,68.47,68.54,2413.0
2026-06-04T12:50:00+00:00,68.57,68.58,68.56,68.58,10831.0
2026-06-04T12:55:00+00:00,68.58,68.65,68.58,68.65,1875.0
2026-06-04T13:00:00+00:00,68.58,68.58,68.55,68.55,1265.0
2026-06-04T13:05:00+00:00,68.54,68.54,68.54,68.54,1556.0
2026-06-04T13:10:00+00:00,68.56,68.56,68.56,68.56,5678.0
2026-06-04T13:15:00+00:00,68.57,68.57,68.54,68.55,2283.0
2026-06-04T13:20:00+00:00,68.56,68.56,68.56,68.56,351.0
2026-06-04T13:30:00+00:00,68.61,68.61,68.51,68.54,22894.744404
2026-06-04T13:35:00+00:00,68.52,68.82,68.45,68.8,1265487.867064
2026-06-04T13:40:00+00:00,68.8,68.85,68.67,68.735,495428.529227
2026-06-04T13:45:00+00:00,68.73,68.745,68.42,68.44,396527.213274
2026-06-04T13:50:00+00:00,68.44,68.635,68.4,68.55,258101.266696
2026-06-04T13:55:00+00:00,68.555,68.595,68.3201,68.35,703642.003835
2026-06-04T14:00:00+00:00,68.355,68.46,68.31,68.35,501452.8663720001
2026-06-04T14:05:00+00:00,68.34,68.395,68.16,68.16,456847.86592600006
2026-06-04T14:10:00+00:00,68.16,68.19,68.075,68.17,301913.376433
2026-06-04T14:15:00+00:00,68.17,68.34,68.155,68.33,583325.6474969999
2026-06-04T14:20:00+00:00,68.32,68.425,68.3099,68.36,271263.97670199996
2026-06-04T14:25:00+00:00,68.37,68.475,68.32,68.47,447194.08426599996
2026-06-04T14:30:00+00:00,68.475,68.525,68.45,68.515,603861.12059
2026-06-04T14:35:00+00:00,68.53,68.54,68.415,68.52,763065.9137980001
2026-06-04T14:40:00+00:00,68.515,68.525,68.42,68.445,382035.99081299995
2026-06-04T14:45:00+00:00,68.45,68.51,68.39,68.39,331882.949066
2026-06-04T14:50:00+00:00,68.39,68.47,68.385,68.43,149335.21461700002
2026-06-04T14:55:00+00:00,68.43,68.505,68.39,68.48,117411.729841
2026-06-04T15:00:00+00:00,68.48,68.6,68.48,68.595,139055.652406
2026-06-04T15:05:00+00:00,68.595,68.645,68.55,68.555,181758.362494
2026-06-04T15:10:00+00:00,68.56,68.765,68.56,68.74,483136.74121600005
2026-06-04T15:15:00+00:00,68.75,68.795,68.71,68.785,210896.786146
2026-06-04T15:20:00+00:00,68.79,68.835,68.77,68.81,250449.774454
2026-06-04T15:25:00+00:00,68.82,68.85,68.765,68.84,114059.21576600001
2026-06-04T15:30:00+00:00,68.8358,68.8358,68.785,68.81,107482.634015
2026-06-04T15:35:00+00:00,68.815,68.86,68.8,68.86,122690.334971
2026-06-04T15:40:00+00:00,68.8699,68.935,68.83,68.91,93411.683763
2026-06-04T15:45:00+00:00,68.915,68.92,68.815,68.845,132081.81901500002
2026-06-04T15:50:00+00:00,68.845,68.85,68.725,68.735,430930.167558
2026-06-04T15:55:00+00:00,68.74,68.855,68.74,68.85,181264.30393599998
2026-06-04T16:00:00+00:00,68.84,68.89,68.81,68.865,70527.99523100001
2026-06-04T16:05:00+00:00,68.87,68.89,68.84,68.85,54986.194403999994
2026-06-04T16:10:00+00:00,68.85,68.915,68.835,68.9,94167.76796900001
2026-06-04T16:15:00+00:00,68.895,68.93,68.89,68.93,47937.193474
2026-06-04T16:20:00+00:00,68.935,69.015,68.935,69.0,102212.47996299999
2026-06-04T16:25:00+00:00,69.0,69.065,68.98,69.06,67845.184578
2026-06-04T16:30:00+00:00,69.06,69.065,69.03,69.05,66925.823356
2026-06-04T16:35:00+00:00,69.055,69.055,68.93,68.95,173856.626514
2026-06-04T16:40:00+00:00,68.95,68.995,68.94,68.99,53611.752168
2026-06-04T16:45:00+00:00,68.99,69.0368,68.97,69.035,136976.68296
2026-06-04T16:50:00+00:00,69.03,69.04,69.0,69.025,92319.487558
2026-06-04T16:55:00+00:00,69.03,69.095,69.03,69.09,130521.8564
2026-06-04T17:00:00+00:00,69.08,69.1,69.075,69.08,67147.56102
2026-06-04T17:05:00+00:00,69.07,69.09,69.03,69.045,69650.62566
2026-06-04T17:10:00+00:00,69.05,69.07,69.0,69.065,49565.444101
2026-06-04T17:15:00+00:00,69.065,69.08,69.035,69.05,35055.243484
2026-06-04T17:20:00+00:00,69.045,69.05,69.01,69.03,49925.46262
2026-06-04T17:25:00+00:00,69.02,69.046,69.0,69.04,58870.604476
2026-06-04T17:30:00+00:00,69.03,69.085,69.025,69.06,75607.901813
2026-06-04T17:35:00+00:00,69.065,69.16,69.06,69.14,64827.81950399999
2026-06-04T17:40:00+00:00,69.14,69.155,69.1,69.11,82968.22851799999
2026-06-04T17:45:00+00:00,69.11,69.1354,69.11,69.135,44833.116385999994
2026-06-04T17:50:00+00:00,69.14,69.14,69.075,69.11,187096.689478
2026-06-04T17:55:00+00:00,69.115,69.155,69.115,69.135,76882.500647
2026-06-04T18:00:00+00:00,69.135,69.16,69.13,69.155,66532.3344
2026-06-04T18:05:00+00:00,69.155,69.22,69.145,69.21,243730.765827
2026-06-04T18:10:00+00:00,69.21,69.24,69.2,69.2,40657.832917
2026-06-04T18:15:00+00:00,69.21,69.2269,69.19,69.205,65406.028757
2026-06-04T18:20:00+00:00,69.2,69.205,69.16,69.195,83487.063311
2026-06-04T18:25:00+00:00,69.195,69.215,69.18,69.205,46408.748095
2026-06-04T18:30:00+00:00,69.19,69.23,69.1813,69.19,53496.76491
2026-06-04T18:35:00+00:00,69.19,69.195,69.15,69.175,54906.629757
2026-06-04T18:40:00+00:00,69.17,69.19,69.14,69.165,54886.00343700001
2026-06-04T18:45:00+00:00,69.165,69.165,69.145,69.155,43528.724501
2026-06-04T18:50:00+00:00,69.155,69.205,69.14,69.19,604948.870432
2026-06-04T18:55:00+00:00,69.2,69.21,69.18,69.185,41070.478184
2026-06-04T19:00:00+00:00,69.185,69.185,69.145,69.155,72025.936242
2026-06-04T19:05:00+00:00,69.155,69.205,69.155,69.18,199065.029144
2026-06-04T19:10:00+00:00,69.18,69.205,69.155,69.155,97485.740968
2026-06-04T19:15:00+00:00,69.155,69.175,69.125,69.145,115491.643481
2026-06-04T19:20:00+00:00,69.145,69.155,69.105,69.135,348542.997503
2026-06-04T19:25:00+00:00,69.135,69.21,69.135,69.205,229008.570403
2026-06-04T19:30:00+00:00,69.205,69.24,69.2,69.24,100834.646836
2026-06-04T19:35:00+00:00,69.245,69.2756,69.235,69.265,237581.233739
2026-06-04T19:40:00+00:00,69.26,69.285,69.245,69.255,92817.894648
2026-06-04T19:45:00+00:00,69.255,69.26,69.16,69.1701,168899.24616100002
2026-06-04T19:50:00+00:00,69.175,69.185,69.14,69.17,309864.944333
2026-06-04T19:55:00+00:00,69.175,69.18,69.1,69.12,578143.504201
2026-06-04T20:00:00+00:00,69.115,69.115,69.06,69.1,1590411.4318940002
2026-06-04T20:05:00+00:00,69.1,69.1,69.02,69.02,733879.984752
2026-06-04T20:10:00+00:00,69.03,69.05,69.02,69.05,28072.0
2026-06-04T20:15:00+00:00,69.05,69.06,69.0304,69.06,9157.0
2026-06-04T20:25:00+00:00,69.02,69.02,68.98,68.98,2099.0
2026-06-04T20:40:00+00:00,68.99,69.0,68.99,69.0,490.0
2026-06-04T21:20:00+00:00,68.92,68.92,68.92,68.92,1629.0
2026-06-04T23:20:00+00:00,68.7222,68.7222,68.7222,68.7222,500.0
2026-06-05T08:05:00+00:00,67.62,67.63,67.2,67.2,3291.0
2026-06-05T08:10:00+00:00,67.17,67.24,67.17,67.23,9385.0
2026-06-05T08:50:00+00:00,67.37,67.38,67.37,67.38,2076.0
2026-06-05T09:15:00+00:00,67.48,67.7,67.48,67.68,7052.295768
2026-06-05T09:20:00+00:00,67.705,67.71,67.7,67.7,1209.0
2026-06-05T09:30:00+00:00,67.59,67.59,67.58,67.58,250.0
2026-06-05T09:35:00+00:00,67.54,67.6,67.54,67.6,4922.0
2026-06-05T09:55:00+00:00,67.58,67.58,67.58,67.58,1400.0
2026-06-05T10:15:00+00:00,67.57,67.61,67.57,67.61,3996.0
2026-06-05T10:20:00+00:00,67.64,67.65,67.64,67.65,1548.0
2026-06-05T10:55:00+00:00,67.7,67.7,67.69,67.69,205.14503200000001
2026-06-05T11:05:00+00:00,67.68,67.68,67.68,67.68,443.42
2026-06-05T11:25:00+00:00,67.55,67.56,67.47,67.48,8617.0
2026-06-05T11:30:00+00:00,67.53,67.6307,67.53,67.62,565.0
2026-06-05T11:35:00+00:00,67.6,67.6,67.6,67.6,170.0
2026-06-05T11:40:00+00:00,67.54,67.54,67.54,67.54,110.0
2026-06-05T12:00:00+00:00,67.5,67.51,67.5,67.5,653.0
2026-06-05T12:15:00+00:00,67.41,67.44,67.41,67.42,1624.0
2026-06-05T12:20:00+00:00,67.45,67.5,67.45,67.48,3724.0
2026-06-05T12:25:00+00:00,67.49,67.5,67.4565,67.4565,4770.0
2026-06-05T12:30:00+00:00,67.45,67.45,67.45,67.45,501.0
2026-06-05T12:35:00+00:00,67.59,67.59,67.2,67.2,2341.0
2026-06-05T12:40:00+00:00,67.09,67.09,67.02,67.04,3122.0
2026-06-05T12:45:00+00:00,67.17,67.25,67.1217,67.25,7924.0
2026-06-05T12:50:00+00:00,67.21,67.26,67.19,67.22,15574.0
2026-06-05T12:55:00+00:00,67.18,67.18,67.0,67.0,27080.0
2026-06-05T13:00:00+00:00,66.93,66.95,66.8453,66.9,16113.0
2026-06-05T13:05:00+00:00,66.83,66.92,66.79,66.8,4382.0
2026-06-05T13:10:00+00:00,66.85,66.87,66.75,66.87,5427.0
2026-06-05T13:15:00+00:00,66.89,66.93,66.89,66.89,2337.0
2026-06-05T13:20:00+00:00,66.84,66.84,66.8,66.8,9823.969983
2026-06-05T13:25:00+00:00,66.78,66.85,66.74,66.74,8122.0
2026-06-05T13:30:00+00:00,66.75,66.75,66.73,66.74,22308.0
2026-06-05T13:35:00+00:00,66.73,66.885,66.56,66.74,1098246.605452
2026-06-05T13:40:00+00:00,66.74,66.76,66.55,66.68,947055.157838
2026-06-05T13:45:00+00:00,66.68,66.715,66.46,66.485,408937.66492400004
2026-06-05T13:50:00+00:00,66.485,66.55,66.315,66.32,414413.20817999996
2026-06-05T13:55:00+00:00,66.32,66.59,66.315,66.57,970802.1191640001
2026-06-05T14:00:00+00:00,66.58,66.58,66.2551,66.26,494157.113063
2026-06-05T14:05:00+00:00,66.265,66.45,66.2,66.315,1060755.11489
2026-06-05T14:10:00+00:00,66.31,66.455,66.225,66.435,849282.797543
2026-06-05T14:15:00+00:00,66.435,66.48,66.295,66.41,935904.7369920001
2026-06-05T14:20:00+00:00,66.41,66.495,66.385,66.485,405252.805601
2026-06-05T14:25:00+00:00,66.48,66.48,66.27,66.3,633301.7302270001
2026-06-05T14:30:00+00:00,66.305,66.315,66.145,66.18,507550.281156
2026-06-05T14:35:00+00:00,66.17,66.415,66.16,66.415,464172.2821920001
2026-06-05T14:40:00+00:00,66.415,66.51,66.385,66.44,797927.449122
2026-06-05T14:45:00+00:00,66.44,66.45,66.285,66.34,432593.618128
2026-06-05T14:50:00+00:00,66.33,66.43,66.3,66.36,317277.28367699997
2026-06-05T14:55:00+00:00,66.36,66.445,66.34,66.4,213220.355806
2026-06-05T15:00:00+00:00,66.39,66.455,66.345,66.39,187713.070838
2026-06-05T15:05:00+00:00,66.39,66.41,66.23,66.28,394343.254687
2026-06-05T15:10:00+00:00,66.28,66.295,66.165,66.17,438913.273989
2026-06-05T15:15:00+00:00,66.16,66.2077,66.02,66.03,561499.421049
2026-06-05T15:20:00+00:00,66.03,66.12,66.025,66.12,401674.135598
2026-06-05T15:25:00+00:00,66.115,66.145,65.995,66.04,1077692.547983
2026-06-05T15:30:00+00:00,66.04,66.105,66.015,66.05,756581.145439
2026-06-05T15:35:00+00:00,66.04,66.11,65.96,65.965,849416.2741129999
2026-06-05T15:40:00+00:00,65.965,66.015,65.825,65.85,988917.4347470001
2026-06-05T15:45:00+00:00,65.84,65.93,65.79,65.885,390501.186572
2026-06-05T15:50:00+00:00,65.885,65.955,65.835,65.87,300001.77733
2026-06-05T15:55:00+00:00,65.87,65.93,65.835,65.905,636574.0837310001
2026-06-05T16:00:00+00:00,65.92,65.93,65.81,65.84,390296.812546
2026-06-05T16:05:00+00:00,65.83,65.83,65.71,65.72,770449.300221
2026-06-05T16:10:00+00:00,65.72,65.72,65.59,65.615,315623.445211
2026-06-05T16:15:00+00:00,65.61,65.755,65.595,65.67,506947.94360500004
2026-06-05T16:20:00+00:00,65.67,65.68,65.545,65.55,329151.864634
2026-06-05T16:25:00+00:00,65.55,65.645,65.53,65.58,185120.179353
2026-06-05T16:30:00+00:00,65.575,65.65,65.53,65.535,310880.45035899995
2026-06-05T16:35:00+00:00,65.53,65.54,65.43,65.47,395489.974124
2026-06-05T16:40:00+00:00,65.47,65.485,65.39,65.415,498906.0551059999
2026-06-05T16:45:00+00:00,65.415,65.435,65.255,65.28,588238.8221239999
2026-06-05T16:50:00+00:00,65.28,65.4,65.205,65.4,691292.4039230001
2026-06-05T16:55:00+00:00,65.405,65.595,65.34,65.59,398539.88574700005
2026-06-05T17:00:00+00:00,65.59,65.59,65.505,65.59,2227498.044397
2026-06-05T17:05:00+00:00,65.59,65.595,65.425,65.495,430325.360557
2026-06-05T17:10:00+00:00,65.49,65.495,65.37,65.405,149419.25832
2026-06-05T17:15:00+00:00,65.41,65.415,65.3,65.34,440608.365205
2026-06-05T17:20:00+00:00,65.34,65.355,65.195,65.28,405227.480605
2026-06-05T17:25:00+00:00,65.2899,65.4,65.205,65.385,482386.72115900007
2026-06-05T17:30:00+00:00,65.38,65.415,65.315,65.36,2441484.5194699997
2026-06-05T17:35:00+00:00,65.365,65.39,65.27,65.36,438670.446797
2026-06-05T17:40:00+00:00,65.36,65.465,65.34,65.45,540865.058942
2026-06-05T17:45:00+00:00,65.46,65.5,65.21,65.2399,394298.693901
2026-06-05T17:50:00+00:00,65.24,65.33,65.22,65.28,529180.007629
2026-06-05T17:55:00+00:00,65.28,65.345,65.275,65.325,590544.2342139999
2026-06-05T18:00:00+00:00,65.32,65.38,65.3,65.37,421741.25311600004
2026-06-05T18:05:00+00:00,65.37,65.395,65.2,65.2,635319.79381
2026-06-05T18:10:00+00:00,65.19,65.25,65.15,65.16,293488.484401
2026-06-05T18:15:00+00:00,65.16,65.19,65.0551,65.06,451248.729605
2026-06-05T18:20:00+00:00,65.06,65.06,64.985,64.995,288624.06740500004
2026-06-05T18:25:00+00:00,64.995,65.07,64.985,65.0,650861.622069
2026-06-05T18:30:00+00:00,65.0,65.01,64.87,64.95,488492.565833
2026-06-05T18:35:00+00:00,64.945,64.985,64.88,64.93,239817.55365500003
2026-06-05T18:40:00+00:00,64.93,64.955,64.83,64.865,271205.436062
2026-06-05T18:45:00+00:00,64.87,64.875,64.695,64.8,484841.506697
2026-06-05T18:50:00+00:00,64.79,64.8,64.63,64.79,494553.01461
2026-06-05T18:55:00+00:00,64.785,64.825,64.635,64.74,430778.748756
2026-06-05T19:00:00+00:00,64.7399,64.92,64.695,64.8,1135872.2798459998
2026-06-05T19:05:00+00:00,64.795,64.8,64.62,64.77,828784.253747
2026-06-05T19:10:00+00:00,64.77,64.825,64.565,64.625,659571.885568
2026-06-05T19:15:00+00:00,64.625,64.64,64.455,64.495,485901.71981900005
2026-06-05T19:20:00+00:00,64.49,64.505,64.36,64.465,1017729.4105420001
2026-06-05T19:25:00+00:00,64.465,64.565,64.405,64.565,1094601.393806
2026-06-05T19:30:00+00:00,64.565,64.74,64.565,64.74,1305443.311458
2026-06-05T19:35:00+00:00,64.74,64.745,64.545,64.655,674780.0384999999
2026-06-05T19:40:00+00:00,64.655,64.745,64.64,64.73,664224.91144
2026-06-05T19:45:00+00:00,64.725,64.73,64.535,64.65,980718.4504
2026-06-05T19:50:00+00:00,64.65,64.698,64.605,64.66,1011156.7995750001
2026-06-05T19:55:00+00:00,64.67,64.77,64.575,64.5887,1526265.088796
2026-06-05T20:00:00+00:00,64.58,64.65,64.545,64.59,3314412.967923
2026-06-05T20:05:00+00:00,64.59,64.6,64.44,64.45,199975.821644
2026-06-05T20:10:00+00:00,64.42,64.46,64.34,64.4,16602.0
2026-06-05T20:15:00+00:00,64.33,64.33,64.2,64.22,10294.900219
2026-06-05T20:20:00+00:00,64.22,64.22,64.21,64.21,66588.490857
2026-06-05T20:25:00+00:00,64.26,64.3,64.2,64.2045,20024.0
2026-06-05T20:30:00+00:00,64.22,64.24,64.21,64.22,12888.0
2026-06-05T20:35:00+00:00,64.2,64.2,64.07,64.07,36799.0
2026-06-05T20:40:00+00:00,64.1,64.1885,64.0,64.1885,11031.0
2026-06-05T20:45:00+00:00,64.12,64.1658,64.12,64.1658,1248.0
2026-06-05T20:50:00+00:00,64.25,64.25,64.25,64.25,3529.0
2026-06-05T20:55:00+00:00,64.32,64.32,64.32,64.32,1255.0
2026-06-05T21:00:00+00:00,64.33,64.33,64.33,64.33,100.0
2026-06-05T21:10:00+00:00,64.49,64.49,64.29,64.29,3479.0
2026-06-05T21:20:00+00:00,64.1455,64.4,64.1334,64.4,853.0
2026-06-05T21:50:00+00:00,63.9312,63.9312,63.9312,63.9312,200.0
2026-06-05T22:10:00+00:00,64.41,64.41,64.41,64.41,301.0
2026-06-05T22:15:00+00:00,64.6,64.6,64.6,64.6,500.0
2026-06-05T22:30:00+00:00,64.6,64.6,64.6,64.6,600.0
2026-06-05T22:45:00+00:00,64.339,64.339,64.339,64.339,700.0
2026-06-05T22:50:00+00:00,64.6,64.6,64.6,64.6,1000.0
2026-06-05T23:20:00+00:00,64.31,64.45,64.31,64.45,2700.0
2026-06-08T08:05:00+00:00,65.09,65.18,64.54,65.13,19698.0
2026-06-08T08:10:00+00:00,65.17,65.27,64.6,65.0,4294.0
2026-06-08T08:15:00+00:00,65.25,65.29,65.25,65.25,5200.0
2026-06-08T08:20:00+00:00,65.25,65.3,65.25,65.3,2200.0
2026-06-08T09:40:00+00:00,65.17,65.23,65.13,65.23,7003.0
2026-06-08T09:50:00+00:00,65.38,65.38,65.38,65.38,1365.0
2026-06-08T10:05:00+00:00,65.29,65.29,65.21,65.21,2812.0
2026-06-08T10:10:00+00:00,65.36,65.36,65.36,65.36,100.0
2026-06-08T10:15:00+00:00,65.36,65.36,65.36,65.36,250.0
2026-06-08T10:20:00+00:00,65.33,65.33,65.33,65.33,170.0
2026-06-08T10:25:00+00:00,65.27,65.27,65.27,65.27,100.0
2026-06-08T10:35:00+00:00,65.33,65.465,65.31,65.41,2245.0
2026-06-08T10:40:00+00:00,65.44,65.44,65.41,65.42,4665.0
2026-06-08T10:45:00+00:00,65.4,65.4,65.4,65.4,191.0
2026-06-08T10:50:00+00:00,65.4584,65.4584,65.4584,65.4584,100.0
2026-06-08T10:55:00+00:00,65.46,65.46,65.4166,65.4166,530.0
2026-06-08T11:05:00+00:00,65.29,65.36,65.29,65.36,1300.0
2026-06-08T11:10:00+00:00,65.37,65.4,65.37,65.4,358.0
2026-06-08T11:15:00+00:00,65.57,65.8,65.56,65.8,9854.0
2026-06-08T11:20:00+00:00,65.88,65.9,65.73,65.7983,8311.0
2026-06-08T11:25:00+00:00,65.82,65.93,65.81,65.8375,4488.0
2026-06-08T11:30:00+00:00,65.81,65.93,65.8,65.93,4401.0
2026-06-08T11:35:00+00:00,65.94,65.99,65.92,65.95,3744.0
2026-06-08T11:40:00+00:00,65.94,66.02,65.93,66.02,1642.573
2026-06-08T11:45:00+00:00,66.0,66.02,65.94,65.95,4582.0
2026-06-08T11:50:00+00:00,65.98,65.98,65.87,65.87,3363.0
2026-06-08T11:55:00+00:00,65.91,65.92,65.91,65.91,3352.0
2026-06-08T12:00:00+00:00,65.905,65.92,65.89,65.9,123286.0
2026-06-08T12:05:00+00:00,65.9,65.99,65.88,65.94,69335.0
2026-06-08T12:10:00+00:00,65.95,65.98,65.91,65.98,12909.0
2026-06-08T12:15:00+00:00,65.9527,65.9527,65.9,65.92,21149.0
2026-06-08T12:20:00+00:00,65.9,65.92,65.9,65.92,6919.0
2026-06-08T12:25:00+00:00,65.94,66.01,65.94,66.01,916.0
2026-06-08T12:30:00+00:00,66.0,66.0,65.99,65.99,693.0
2026-06-08T12:35:00+00:00,65.97,66.03,65.97,66.03,1249.038041
2026-06-08T12:40:00+00:00,65.96,66.009,65.91,65.91,8142.0
2026-06-08T12:45:00+00:00,65.94,66.06,65.94,65.99,13095.0
2026-06-08T12:50:00+00:00,66.0,66.04,65.98,66.04,4227.303078
2026-06-08T12:55:00+00:00,66.06,66.06,66.0,66.0,4214.840406
2026-06-08T13:00:00+00:00,66.1,66.11,66.1,66.11,1896.0
2026-06-08T13:05:00+00:00,66.17,66.21,66.14,66.16,28543.0
2026-06-08T13:10:00+00:00,66.15,66.2,66.14,66.2,4790.0
2026-06-08T13:15:00+00:00,66.19,66.19,66.13,66.16,8487.0
2026-06-08T13:20:00+00:00,66.16,66.17,66.13,66.13,3251.0
2026-06-08T13:25:00+00:00,66.13,66.21,66.13,66.13,3452.0
2026-06-08T13:30:00+00:00,66.15,66.16,66.04,66.06,114326.0
2026-06-08T13:35:00+00:00,66.065,66.37,65.915,65.915,1521595.382455
2026-06-08T13:40:00+00:00,65.92,66.185,65.845,66.025,910711.9382850002
2026-06-08T13:45:00+00:00,66.025,66.14,65.93,66.01,720053.036217
2026-06-08T13:50:00+00:00,66.025,66.13,65.98,66.025,347942.602295
2026-06-08T13:55:00+00:00,66.025,66.22,65.93,66.085,556617.182702
2026-06-08T14:00:00+00:00,66.085,66.125,65.68,65.69,621104.775439
2026-06-08T14:05:00+00:00,65.685,65.885,65.68,65.68,436763.314949
2026-06-08T14:10:00+00:00,65.69,65.85,65.64,65.82,332118.805349
2026-06-08T14:15:00+00:00,65.825,65.845,65.715,65.76,317127.688647
2026-06-08T14:20:00+00:00,65.765,65.765,65.6,65.62,392968.41709299997
2026-06-08T14:25:00+00:00,65.62,65.75,65.59,65.72,251972.619082
2026-06-08T14:30:00+00:00,65.72,65.875,65.72,65.845,452630.06625
2026-06-08T14:35:00+00:00,65.845,65.98,65.84,65.98,201096.915385
2026-06-08T14:40:00+00:00,65.975,66.11,65.93,66.0,807471.070011
2026-06-08T14:45:00+00:00,65.995,66.07,65.88,65.99,386733.000292
2026-06-08T14:50:00+00:00,66.01,66.17,65.99,65.99,483603.492722
2026-06-08T14:55:00+00:00,65.98,66.095,65.96,66.06,423223.028123
2026-06-08T15:00:00+00:00,66.055,66.15,66.015,66.145,254564.266036
2026-06-08T15:05:00+00:00,66.15,66.195,66.12,66.15,159702.411293
2026-06-08T15:10:00+00:00,66.15,66.235,66.14,66.19,206112.912183
2026-06-08T15:15:00+00:00,66.19,66.22,66.135,66.135,248978.740643
2026-06-08T15:20:00+00:00,66.14,66.28,66.14,66.26,384009.204301
2026-06-08T15:25:00+00:00,66.26,66.28,66.1799,66.26,194580.757745
2026-06-08T15:30:00+00:00,66.255,66.255,66.01,66.01,215753.596885
2026-06-08T15:35:00+00:00,66.02,66.035,65.855,65.875,216022.01481300005
2026-06-08T15:40:00+00:00,65.875,66.055,65.87,66.04,180391.110085
2026-06-08T15:45:00+00:00,66.04,66.065,65.97,66.06,206166.38114699998
2026-06-08T15:50:00+00:00,66.06,66.105,65.955,65.96,147276.076584
2026-06-08T15:55:00+00:00,65.97,66.065,65.97,66.015,129499.413111
2026-06-08T16:00:00+00:00,66.01,66.01,65.9092,65.94,385965.5207049999
2026-06-08T16:05:00+00:00,65.94,66.055,65.91,66.04,168312.481512
2026-06-08T16:10:00+00:00,66.03,66.075,65.96,65.98,167211.152844
2026-06-08T16:15:00+00:00,65.975,66.055,65.925,66.04,267891.857976
2026-06-08T16:20:00+00:00,66.04,66.13,66.04,66.13,71638.619739
2026-06-08T16:25:00+00:00,66.13,66.16,66.05,66.08,239561.67051999999
2026-06-08T16:30:00+00:00,66.08,66.13,65.99,65.99,101958.690019
2026-06-08T16:35:00+00:00,65.99,66.0466,65.975,65.98,118077.845839
2026-06-08T16:40:00+00:00,65.99,66.045,65.965,65.98,215777.251408
2026-06-08T16:45:00+00:00,65.97,66.04,65.96,66.015,105454.80800700001
2026-06-08T16:50:00+00:00,66.02,66.065,65.995,66.04,142826.360628
2026-06-08T16:55:00+00:00,66.05,66.085,66.035,66.045,178035.767009
2026-06-08T17:00:00+00:00,66.04,66.055,65.98,65.99,80277.22791999999
2026-06-08T17:05:00+00:00,65.985,65.985,65.82,65.865,165020.72204199998
2026-06-08T17:10:00+00:00,65.87,65.915,65.82,65.82,270314.659686
2026-06-08T17:15:00+00:00,65.825,65.85,65.765,65.85,262709.192815
2026-06-08T17:20:00+00:00,65.85,65.87,65.75,65.775,259735.378808
2026-06-08T17:25:00+00:00,65.78,65.835,65.775,65.82,131350.949431
2026-06-08T17:30:00+00:00,65.82,65.975,65.815,65.97,915949.4724890001
2026-06-08T17:35:00+00:00,65.97,65.975,65.84,65.9,348014.23373700003
2026-06-08T17:40:00+00:00,65.895,65.9,65.81,65.86,105328.919605
2026-06-08T17:45:00+00:00,65.86,65.87,65.76,65.76,113454.663965
2026-06-08T17:50:00+00:00,65.76,65.865,65.76,65.8641,129060.352769
2026-06-08T17:55:00+00:00,65.86,65.91,65.86,65.8901,58438.627762000004
2026-06-08T18:00:00+00:00,65.89,65.905,65.855,65.865,68142.682522
2026-06-08T18:05:00+00:00,65.87,65.98,65.87,65.96,74356.263192
2026-06-08T18:10:00+00:00,65.96,66.0364,65.96,66.01,230857.80709400002
2026-06-08T18:15:00+00:00,66.015,66.03,65.92,65.945,177656.569589
2026-06-08T18:20:00+00:00,65.95,66.005,65.95,65.975,104945.124039
2026-06-08T18:25:00+00:00,65.98,65.985,65.92,65.9525,101141.13106
2026-06-08T18:30:00+00:00,65.96,66.005,65.96,65.985,437305.94951
2026-06-08T18:35:00+00:00,65.99,66.04,65.975,65.995,100108.456792
2026-06-08T18:40:00+00:00,65.995,66.01,65.88,65.88,80820.85629
2026-06-08T18:45:00+00:00,65.89,65.915,65.865,65.88,119257.802138
2026-06-08T18:50:00+00:00,65.885,65.935,65.88,65.88,119194.602671
2026-06-08T18:55:00+00:00,65.89,65.91,65.88,65.895,90449.40628800001
2026-06-08T19:00:00+00:00,65.895,65.905,65.84,65.85,67181.281451
2026-06-08T19:05:00+00:00,65.85,65.85,65.775,65.83,151737.47060200002
2026-06-08T19:10:00+00:00,65.835,65.855,65.715,65.715,154461.494419
2026-06-08T19:15:00+00:00,65.715,65.73,65.65,65.665,227781.95223
2026-06-08T19:20:00+00:00,65.66,65.72,65.66,65.69,160912.437968
2026-06-08T19:25:00+00:00,65.69,65.75,65.62,65.62,173075.43026000002
2026-06-08T19:30:00+00:00,65.615,65.715,65.59,65.705,319658.210707
2026-06-08T19:35:00+00:00,65.71,65.84,65.71,65.74,316589.899
2026-06-08T19:40:00+00:00,65.745,65.79,65.705,65.719,164786.248853
2026-06-08T19:45:00+00:00,65.705,65.725,65.655,65.69,239151.84076300001
2026-06-08T19:50:00+00:00,65.685,65.785,65.685,65.74,286967.76532400004
2026-06-08T19:55:00+00:00,65.74,65.83,65.7,65.815,856332.5022489999
2026-06-08T20:00:00+00:00,65.82,65.82,65.73,65.74,1430723.974018
2026-06-08T20:05:00+00:00,65.74,65.75,65.74,65.74,84544.48559
2026-06-08T20:10:00+00:00,65.76,65.76,65.67,65.72,71875.0
2026-06-08T20:15:00+00:00,65.7474,65.75,65.73,65.73,5691.0
2026-06-08T20:25:00+00:00,65.69,65.7535,65.68,65.7535,1635.0
2026-06-08T20:30:00+00:00,65.71,65.74,65.67,65.74,6326.0
2026-06-08T20:40:00+00:00,65.77,65.77,65.76,65.77,2404.0
2026-06-08T21:05:00+00:00,65.77,65.77,65.77,65.77,445.0
2026-06-08T21:20:00+00:00,65.77,65.79,65.77,65.78,1645.0
2026-06-08T22:10:00+00:00,65.74,65.74,65.5716,65.68,2076.0
2026-06-08T22:30:00+00:00,65.6,65.6,65.6,65.6,234.0
2026-06-08T23:40:00+00:00,65.672,65.672,65.672,65.672,146.0
2026-06-09T00:00:00+00:00,65.75,65.75,65.75,65.75,100.0
2026-06-09T08:05:00+00:00,66.5,66.82,66.3,66.6,4888.15265
2026-06-09T08:15:00+00:00,67.06,67.06,67.06,67.06,935.0
2026-06-09T09:05:00+00:00,67.18,67.18,67.18,67.18,1501.0
2026-06-09T09:25:00+00:00,67.23,67.23,67.22,67.22,1405.0
2026-06-09T09:30:00+00:00,67.21,67.21,67.21,67.21,161.0
2026-06-09T10:10:00+00:00,67.1,67.1,67.05,67.1,370.0
2026-06-09T10:45:00+00:00,67.17,67.2,67.17,67.2,500.0
2026-06-09T10:50:00+00:00,67.19,67.19,67.19,67.19,100.0
2026-06-09T10:55:00+00:00,67.24,67.38,67.24,67.29,10519.0
2026-06-09T11:05:00+00:00,67.35,67.35,67.32,67.35,2018.582
2026-06-09T11:10:00+00:00,67.3455,67.4,67.34,67.4,2194.0
2026-06-09T11:15:00+00:00,67.41,67.42,67.41,67.42,2552.0
2026-06-09T11:20:00+00:00,67.4,67.4,67.4,67.4,357.0
2026-06-09T11:30:00+00:00,67.4185,67.4185,67.4185,67.4185,152.0
2026-06-09T11:45:00+00:00,67.43,67.43,67.43,67.43,100.0
2026-06-09T11:50:00+00:00,67.4193,67.4193,67.4193,67.4193,223.0
2026-06-09T11:55:00+00:00,67.4,67.4,67.4,67.4,149.0
2026-06-09T12:05:00+00:00,67.39,67.39,67.39,67.39,100.0
2026-06-09T12:15:00+00:00,67.35,67.35,67.35,67.35,3000.0
2026-06-09T12:20:00+00:00,67.28,67.3,67.28,67.3,458.0
2026-06-09T12:25:00+00:00,67.25,67.25,67.25,67.25,251.0
2026-06-09T12:30:00+00:00,67.35,67.35,67.2069,67.2069,307.0
2026-06-09T12:35:00+00:00,67.33,67.33,67.33,67.33,700.0
2026-06-09T12:45:00+00:00,67.24,67.24,67.24,67.24,1310.0
2026-06-09T12:50:00+00:00,67.2,67.2,67.2,67.2,210.0
2026-06-09T13:00:00+00:00,67.27,67.34,67.27,67.34,10309.0
2026-06-09T13:05:00+00:00,67.36,67.36,67.32,67.32,4656.0
2026-06-09T13:10:00+00:00,67.38,67.38,67.38,67.38,273.0
2026-06-09T13:15:00+00:00,67.37,67.37,67.37,67.37,514.0
2026-06-09T13:20:00+00:00,67.3,67.3,67.24,67.24,1636.0
2026-06-09T13:25:00+00:00,67.26,67.26,67.23,67.23,759.0
2026-06-09T13:30:00+00:00,67.21,67.22,67.14,67.22,4239.0
2026-06-09T13:35:00+00:00,67.21,67.295,67.04,67.05,1104776.6489239999
2026-06-09T13:40:00+00:00,67.05,67.115,66.95,66.955,564196.892735
2026-06-09T13:45:00+00:00,66.955,67.06,66.84,66.9999,508302.681777
2026-06-09T13:50:00+00:00,66.995,67.455,66.985,67.4,591063.659708
2026-06-09T13:55:00+00:00,67.405,67.41,67.08,67.085,562797.95201
2026-06-09T14:00:00+00:00,67.085,67.125,66.88,66.88,626035.287237
2026-06-09T14:05:00+00:00,66.88,66.985,66.74,66.825,788043.5489620001
2026-06-09T14:10:00+00:00,66.825,66.895,66.74,66.76,855506.9779630001
2026-06-09T14:15:00+00:00,66.75,66.75,66.49,66.52,757350.858932
2026-06-09T14:20:00+00:00,66.52,66.625,66.265,66.355,626665.3671810001
2026-06-09T14:25:00+00:00,66.35,66.65,66.32,66.65,388551.71192100004
2026-06-09T14:30:00+00:00,66.64,66.73,66.49,66.54,531307.314566
2026-06-09T14:35:00+00:00,66.53,66.57,66.365,66.505,494578.279467
2026-06-09T14:40:00+00:00,66.505,66.55,66.4,66.46,508422.15831
2026-06-09T14:45:00+00:00,66.47,66.515,66.16,66.16,293525.299687
2026-06-09T14:50:00+00:00,66.16,66.22,65.84,65.865,838036.140577
2026-06-09T14:55:00+00:00,65.86,66.135,65.825,66.135,531086.004599
2026-06-09T15:00:00+00:00,66.13,66.215,65.97,66.21,206960.13546
2026-06-09T15:05:00+00:00,66.23,66.245,66.06,66.08,198672.443984
2026-06-09T15:10:00+00:00,66.0801,66.27,66.02,66.27,208868.15340399998
2026-06-09T15:15:00+00:00,66.275,66.31,66.13,66.23,200364.23879600002
2026-06-09T15:20:00+00:00,66.215,66.25,66.06,66.07,203496.296775
2026-06-09T15:25:00+00:00,66.06,66.14,65.74,65.74,352628.045967
2026-06-09T15:30:00+00:00,65.74,65.775,65.39,65.4,1086820.731185
2026-06-09T15:35:00+00:00,65.4,65.52,65.345,65.42,626943.678373
2026-06-09T15:40:00+00:00,65.43,65.48,65.28,65.435,675504.6016589999
2026-06-09T15:45:00+00:00,65.43,65.595,65.405,65.49,285964.680752
2026-06-09T15:50:00+00:00,65.5,65.53,65.41,65.515,308254.284948
2026-06-09T15:55:00+00:00,65.51,65.63,65.4,65.4,643760.077708
2026-06-09T16:00:00+00:00,65.4,65.415,65.065,65.07,771149.981239
2026-06-09T16:05:00+00:00,65.075,65.325,65.065,65.185,612206.253897
2026-06-09T16:10:00+00:00,65.19,65.19,64.845,64.91,582693.031061
2026-06-09T16:15:00+00:00,64.905,65.015,64.855,64.885,499360.11300799996
2026-06-09T16:20:00+00:00,64.88,64.905,64.49,64.51,1008909.000074
2026-06-09T16:25:00+00:00,64.51,64.735,64.46,64.71,672203.902275
2026-06-09T16:30:00+00:00,64.7,64.845,64.67,64.74,440239.25675
2026-06-09T16:35:00+00:00,64.73,64.79,64.6,64.655,553096.683156
2026-06-09T16:40:00+00:00,64.645,64.83,64.165,64.18,2320423.7792269997
2026-06-09T16:45:00+00:00,64.175,64.43,64.07,64.4,1343732.5668069997
2026-06-09T16:50:00+00:00,64.39,64.56,64.31,64.43,1277542.6816830002
2026-06-09T16:55:00+00:00,64.425,64.495,64.27,64.28,1280321.5416539998
2026-06-09T17:00:00+00:00,64.27,64.66,64.265,64.655,261048.390795
2026-06-09T17:05:00+00:00,64.66,65.05,64.65,65.025,879181.936903
2026-06-09T17:10:00+00:00,65.03,65.06,64.9,65.0,241265.400166
2026-06-09T17:15:00+00:00,65.0,65.155,64.865,65.095,573786.232207
2026-06-09T17:20:00+00:00,65.095,65.23,65.02,65.22,337567.588265
2026-06-09T17:25:00+00:00,65.21,65.39,65.15,65.26,549333.560247
2026-06-09T17:30:00+00:00,65.25,65.28,65.16,65.23,293089.81808600004
2026-06-09T17:35:00+00:00,65.23,65.34,65.16,65.34,219923.807197
2026-06-09T17:40:00+00:00,65.345,65.4,65.26,65.37,173777.709128
2026-06-09T17:45:00+00:00,65.37,65.535,65.35,65.41,356096.476164
2026-06-09T17:50:00+00:00,65.41,65.465,65.18,65.22,311426.20465
2026-06-09T17:55:00+00:00,65.22,65.42,65.22,65.33,163824.778586
2026-06-09T18:00:00+00:00,65.345,65.425,65.335,65.38,128304.83517399999
2026-06-09T18:05:00+00:00,65.385,65.445,65.275,65.36,140268.427953
2026-06-09T18:10:00+00:00,65.35,65.46,65.33,65.45,132386.43829999998
2026-06-09T18:15:00+00:00,65.44,65.485,65.34,65.465,340931.837009
2026-06-09T18:20:00+00:00,65.46,65.63,65.39,65.62,483674.69882099994
2026-06-09T18:25:00+00:00,65.62,65.695,65.52,65.68,417036.016928
2026-06-09T18:30:00+00:00,65.67,65.67,65.55,65.64,335498.152
2026-06-09T18:35:00+00:00,65.64,65.77,65.63,65.75,288473.089904
2026-06-09T18:40:00+00:00,65.75,65.775,65.71,65.74,178024.15204800002
2026-06-09T18:45:00+00:00,65.74,65.74,65.6,65.6,298177.209593
2026-06-09T18:50:00+00:00,65.6,65.69,65.6,65.68,228416.707933
2026-06-09T18:55:00+00:00,65.68,65.74,65.61,65.69,455933.065021
2026-06-09T19:00:00+00:00,65.7,65.9,65.69,65.86,243994.5197
2026-06-09T19:05:00+00:00,65.87,65.94,65.77,65.925,495440.05164099997
2026-06-09T19:10:00+00:00,65.925,65.96,65.825,65.83,229673.414965
2026-06-09T19:15:00+00:00,65.84,65.84,65.67,65.675,182846.63761
2026-06-09T19:20:00+00:00,65.68,65.69,65.45,65.47,370796.795269
2026-06-09T19:25:00+00:00,65.46,65.57,65.42,65.52,263094.899628
2026-06-09T19:30:00+00:00,65.515,65.65,65.48,65.62,188680.124339
2026-06-09T19:35:00+00:00,65.62,65.68,65.58,65.68,204020.856667
2026-06-09T19:40:00+00:00,65.675,65.72,65.61,65.62,292140.380873
2026-06-09T19:45:00+00:00,65.62,65.65,65.505,65.6199,401887.05692500004
2026-06-09T19:50:00+00:00,65.63,65.65,65.53,65.57,230768.48162
2026-06-09T19:55:00+00:00,65.58,65.785,65.575,65.745,1104527.146778
2026-06-09T20:00:00+00:00,65.75,65.84,65.74,65.84,1487046.543559
2026-06-09T20:05:00+00:00,65.84,65.85,65.78,65.85,39480.262968999996
2026-06-09T20:10:00+00:00,65.9,65.9,65.83,65.83,1413.0
2026-06-09T20:15:00+00:00,65.82,65.82,65.81,65.81,1511.951237
2026-06-09T20:20:00+00:00,65.82,65.83,65.82,65.82,1221.0
2026-06-09T20:25:00+00:00,65.81,65.81,65.81,65.81,775.0
2026-06-09T20:40:00+00:00,65.83,65.83,65.83,65.83,1244.0
2026-06-09T21:10:00+00:00,65.9144,65.9144,65.9144,65.9144,400.0
2026-06-09T21:15:00+00:00,65.83,65.83,65.8,65.8,5022.0
2026-06-09T21:30:00+00:00,65.8,65.8,65.8,65.8,185.0
2026-06-09T22:00:00+00:00,65.8156,65.8156,65.8,65.8,7099.0
2026-06-09T22:15:00+00:00,65.8,65.8,65.8,65.8,500.0
2026-06-09T22:30:00+00:00,65.81,65.81,65.81,65.81,201.0
2026-06-09T22:40:00+00:00,65.75,65.75,65.75,65.75,200.0
2026-06-09T23:05:00+00:00,65.24,65.24,65.24,65.24,1600.0
2026-06-09T23:10:00+00:00,65.66,65.66,65.66,65.66,300.0
2026-06-10T08:25:00+00:00,65.36,65.37,65.35,65.36,5200.0
2026-06-10T08:35:00+00:00,65.35,65.36,65.35,65.36,1303.0
2026-06-10T09:15:00+00:00,65.06,65.08,64.79,64.79,2962.0
2026-06-10T09:20:00+00:00,64.79,64.79,64.79,64.79,250.0
2026-06-10T10:05:00+00:00,64.92,64.92,64.92,64.92,4888.0
2026-06-10T10:10:00+00:00,64.92,64.92,64.89,64.89,3612.0
2026-06-10T10:15:00+00:00,64.89,64.89,64.89,64.89,200.0
2026-06-10T10:25:00+00:00,64.81,64.81,64.8,64.81,3871.0
2026-06-10T10:35:00+00:00,64.98,64.98,64.98,64.98,2005.0
2026-06-10T11:00:00+00:00,65.06,65.08,65.04,65.08,6249.0
2026-06-10T11:05:00+00:00,65.1,65.1,64.61,64.61,10225.0
2026-06-10T11:10:00+00:00,64.62,64.78,64.59,64.78,4504.0
2026-06-10T11:15:00+00:00,64.77,64.85,64.74,64.81,3003.0
2026-06-10T11:20:00+00:00,64.85,64.88,64.74,64.74,1103.0
2026-06-10T11:25:00+00:00,64.79,64.87,64.74,64.74,7760.0
2026-06-10T11:30:00+00:00,64.73,64.75,64.61,64.63,16318.0
2026-06-10T11:35:00+00:00,64.67,64.67,64.67,64.67,600.0
2026-06-10T11:40:00+00:00,64.48,64.48,64.47,64.47,9706.985
2026-06-10T11:45:00+00:00,64.47,64.47,64.45,64.45,500.0
2026-06-10T11:50:00+00:00,64.33,64.3958,64.33,64.3958,250.0
2026-06-10T11:55:00+00:00,64.48,64.48,64.48,64.48,160.0
2026-06-10T12:00:00+00:00,64.56,64.56,64.56,64.56,1500.0
2026-06-10T12:05:00+00:00,64.4125,64.4125,64.404,64.404,3450.0
2026-06-10T12:15:00+00:00,64.64,64.64,64.63,64.63,1900.0
2026-06-10T12:40:00+00:00,65.5,65.5,65.489,65.5,599.0
2026-06-10T13:05:00+00:00,65.2,65.21,65.2,65.21,6227.0
2026-06-10T13:10:00+00:00,65.25,65.31,65.24,65.31,1840.0
2026-06-10T13:15:00+00:00,65.31,65.31,65.31,65.31,160.0
2026-06-10T13:20:00+00:00,65.33,65.34,65.33,65.34,3910.0
2026-06-10T13:25:00+00:00,65.34,65.35,65.3,65.35,5830.0
2026-06-10T13:30:00+00:00,65.34,65.39,65.28,65.31,158075.530924
2026-06-10T13:35:00+00:00,65.31,65.525,65.25,65.26,964278.395607
2026-06-10T13:40:00+00:00,65.25,65.86,65.22,65.695,724568.142654
2026-06-10T13:45:00+00:00,65.69,65.98,65.51,65.975,1097744.219543
2026-06-10T13:50:00+00:00,65.98,66.17,65.91,66.11,900093.4979739999
2026-06-10T13:55:00+00:00,66.12,66.12,65.765,65.81,716155.4769969999
2026-06-10T14:00:00+00:00,65.81,65.91,65.725,65.79,328143.284577
2026-06-10T14:05:00+00:00,65.79,65.92,65.625,65.89,352375.92225199996
2026-06-10T14:10:00+00:00,65.89,66.07,65.82,66.04,444189.63865800004
2026-06-10T14:15:00+00:00,66.06,66.125,65.93,65.94,927136.1982920001
2026-06-10T14:20:00+00:00,65.94,66.0,65.82,65.88,831137.1015459999
2026-06-10T14:25:00+00:00,65.87,66.15,65.8,66.15,735181.073322
2026-06-10T14:30:00+00:00,66.145,66.16,65.97,66.08,380771.635624
2026-06-10T14:35:00+00:00,66.07,66.27,65.93,66.27,299490.62009800004
2026-06-10T14:40:00+00:00,66.255,66.28,66.03,66.11,238934.095057
2026-06-10T14:45:00+00:00,66.1,66.145,65.94,65.94,248893.522696
2026-06-10T14:50:00+00:00,65.935,65.97,65.75,65.78,307491.844397
2026-06-10T14:55:00+00:00,65.78,65.905,65.735,65.8,516875.12768599996
2026-06-10T15:00:00+00:00,65.8,65.83,65.42,65.54,670912.3227659999
2026-06-10T15:05:00+00:00,65.55,65.735,65.42,65.576,2866640.726569
2026-06-10T15:10:00+00:00,65.58,65.59,65.45,65.46,240628.43842500003
2026-06-10T15:15:00+00:00,65.47,65.49,65.305,65.31,445998.5309
2026-06-10T15:20:00+00:00,65.32,65.32,65.07,65.15,584179.968878
2026-06-10T15:25:00+00:00,65.15,65.42,65.14,65.37,921782.583208
2026-06-10T15:30:00+00:00,65.36,65.44,65.27,65.27,307608.656879
2026-06-10T15:35:00+00:00,65.27,65.41,65.18,65.22,961469.0618389999
2026-06-10T15:40:00+00:00,65.22,65.31,65.13,65.2,334927.721833
2026-06-10T15:45:00+00:00,65.2,65.375,65.145,65.345,464600.592709
2026-06-10T15:50:00+00:00,65.35,65.41,64.89,65.015,1269856.804541
2026-06-10T15:55:00+00:00,65.01,65.31,64.84,65.24,759469.087109
2026-06-10T16:00:00+00:00,65.23,65.42,65.14,65.405,262034.04609800002
2026-06-10T16:05:00+00:00,65.405,65.475,65.31,65.38,248435.24261800002
2026-06-10T16:10:00+00:00,65.38,65.44,65.245,65.295,243174.821412
2026-06-10T16:15:00+00:00,65.29,65.29,65.14,65.19,237305.32355899998
2026-06-10T16:20:00+00:00,65.21,65.3,65.17,65.25,67020.183588
2026-06-10T16:25:00+00:00,65.24,65.28,65.16,65.18,143016.308584
2026-06-10T16:30:00+00:00,65.18,65.3,65.17,65.26,259563.15325899998
2026-06-10T16:35:00+00:00,65.26,65.37,65.175,65.37,160887.625569
2026-06-10T16:40:00+00:00,65.37,65.46,65.29,65.41,196484.153993
2026-06-10T16:45:00+00:00,65.415,65.42,65.225,65.25,164905.83271
2026-06-10T16:50:00+00:00,65.23,65.24,65.085,65.15,169629.080136
2026-06-10T16:55:00+00:00,65.14,65.23,65.09,65.17,121946.79651
2026-06-10T17:00:00+00:00,65.155,65.18,65.07,65.18,85623.253951
2026-06-10T17:05:00+00:00,65.17,65.305,65.15,65.285,156808.85690600003
2026-06-10T17:10:00+00:00,65.28,65.28,65.115,65.13,121580.0
2026-06-10T17:15:00+00:00,65.125,65.125,64.995,65.0,135352.429113
2026-06-10T17:20:00+00:00,65.0,65.045,64.955,65.0,304741.31355
2026-06-10T17:25:00+00:00,64.99,65.075,64.98,65.065,157629.585466
2026-06-10T17:30:00+00:00,65.065,65.1,65.02,65.06,262064.87203199998
2026-06-10T17:35:00+00:00,65.065,65.08,64.96,65.02,194518.532279
2026-06-10T17:40:00+00:00,65.02,65.035,64.95,64.95,99898.944342
2026-06-10T17:45:00+00:00,64.945,64.98,64.895,64.9,109589.41160800001
2026-06-10T17:50:00+00:00,64.905,65.25,64.895,65.22,313442.761674
2026-06-10T17:55:00+00:00,65.22,65.23,65.05,65.19,555760.6827
2026-06-10T18:00:00+00:00,65.19,65.29,65.165,65.255,505853.766761
2026-06-10T18:05:00+00:00,65.255,65.395,65.23,65.39,230181.250373
2026-06-10T18:10:00+00:00,65.39,65.395,65.24,65.24,140400.727303
2026-06-10T18:15:00+00:00,65.24,65.315,65.24,65.295,159702.09316
2026-06-10T18:20:00+00:00,65.295,65.33,65.125,65.17,152128.061216
2026-06-10T18:25:00+00:00,65.19,65.255,65.115,65.2,216624.152128
2026-06-10T18:30:00+00:00,65.2,65.22,65.13,65.17,206048.21856
2026-06-10T18:35:00+00:00,65.16,65.17,65.07,65.095,97766.166371
2026-06-10T18:40:00+00:00,65.09,65.105,64.985,65.01,397067.88958
2026-06-10T18:45:00+00:00,65.01,65.045,64.975,65.0,180003.08831999998
2026-06-10T18:50:00+00:00,65.005,65.055,64.98,64.99,210289.632171
2026-06-10T18:55:00+00:00,64.98,64.995,64.875,64.965,208248.048782
2026-06-10T19:00:00+00:00,64.955,64.985,64.895,64.95,129627.203487
2026-06-10T19:05:00+00:00,64.955,65.02,64.885,64.95,251886.77554
2026-06-10T19:10:00+00:00,64.955,65.03,64.91,64.975,361791.36943900003
2026-06-10T19:15:00+00:00,64.96,64.965,64.84,64.855,152690.427095
2026-06-10T19:20:00+00:00,64.855,64.865,64.71,64.735,159461.166537
2026-06-10T19:25:00+00:00,64.74,64.745,64.635,64.64,883590.958275
2026-06-10T19:30:00+00:00,64.64,64.695,64.58,64.685,495606.01757200004
2026-06-10T19:35:00+00:00,64.68,64.815,64.6301,64.805,267054.527419
2026-06-10T19:40:00+00:00,64.805,64.87,64.75,64.855,400919.63686399994
2026-06-10T19:45:00+00:00,64.855,64.8799,64.78,64.83,335396.47504499997
2026-06-10T19:50:00+00:00,64.825,64.84,64.71,64.795,418633.456586
2026-06-10T19:55:00+00:00,64.79,64.885,64.705,64.77,1096926.958131
2026-06-10T20:00:00+00:00,64.77,64.7999,64.635,64.655,1500409.861654
2026-06-10T20:05:00+00:00,64.66,64.8,64.54,64.56,442172.04463
2026-06-10T20:10:00+00:00,64.56,64.57,64.47,64.47,26829.990169999997
2026-06-10T20:15:00+00:00,64.52,64.53,64.5001,64.5001,4547.0
2026-06-10T20:20:00+00:00,64.52,64.54,64.52,64.54,1202.893351
2026-06-10T21:00:00+00:00,64.54,64.54,64.53,64.53,1919.0
2026-06-10T21:40:00+00:00,64.38,64.38,64.38,64.38,249.0
2026-06-10T22:35:00+00:00,64.5,64.5,64.5,64.5,584.0
2026-06-10T22:45:00+00:00,64.5,64.5,64.5,64.5,978.0
2026-06-10T23:10:00+00:00,64.33,64.33,64.33,64.33,262.0
2026-06-10T23:15:00+00:00,64.34,64.34,64.34,64.34,205.0
2026-06-10T23:25:00+00:00,64.3754,64.3754,64.3754,64.3754,300.0
2026-06-10T23:30:00+00:00,64.62,64.62,64.62,64.62,235.0
2026-06-11T08:05:00+00:00,65.2,65.2,64.95,65.0,12885.320144
2026-06-11T08:10:00+00:00,65.31,65.31,65.3,65.3,850.0
2026-06-11T08:15:00+00:00,65.45,65.46,65.45,65.46,2550.0
2026-06-11T08:55:00+00:00,65.58,65.58,65.58,65.58,1500.0
2026-06-11T09:00:00+00:00,65.53,65.53,65.53,65.53,170.0
2026-06-11T10:40:00+00:00,65.5,65.5,65.5,65.5,300.0
2026-06-11T10:55:00+00:00,65.5,65.5,65.45,65.45,700.0
2026-06-11T11:10:00+00:00,65.48,65.48,65.48,65.48,100.0
2026-06-11T11:20:00+00:00,65.44,65.44,65.44,65.44,260.0
2026-06-11T11:25:00+00:00,65.38,65.4,65.38,65.4,400.0
2026-06-11T11:55:00+00:00,65.57,65.57,65.57,65.57,177.0
2026-06-11T12:20:00+00:00,65.56,65.56,65.54,65.54,1700.0
2026-06-11T12:25:00+00:00,65.39,65.41,64.95,64.95,36381.0
2026-06-11T12:35:00+00:00,65.05,65.05,65.05,65.05,121.0
2026-06-11T12:40:00+00:00,64.8801,64.8801,64.8801,64.8801,463.0
2026-06-11T12:45:00+00:00,65.1,65.1,65.04,65.08,8382.0
2026-06-11T12:50:00+00:00,65.25,65.27,65.25,65.27,11314.0
2026-06-11T12:55:00+00:00,65.27,65.27,65.27,65.27,20000.0
2026-06-11T13:10:00+00:00,65.39,65.39,65.39,65.39,750.0
2026-06-11T13:15:00+00:00,65.35,65.35,65.35,65.35,150.0
2026-06-11T13:20:00+00:00,65.3458,65.3458,65.3458,65.3458,151.0
2026-06-11T13:25:00+00:00,65.33,65.35,65.33,65.35,2942.0
2026-06-11T13:30:00+00:00,65.2323,65.26,65.2323,65.26,1790.0
2026-06-11T13:35:00+00:00,65.27,65.415,65.21,65.33,546994.3242429999
2026-06-11T13:40:00+00:00,65.33,65.495,65.29,65.42,690219.407111
2026-06-11T13:45:00+00:00,65.42,65.425,65.23,65.365,624723.530645
2026-06-11T13:50:00+00:00,65.375,65.795,65.34,65.62,1139362.6613969998
2026-06-11T13:55:00+00:00,65.62,65.965,65.62,65.89,1118794.06005
2026-06-11T14:00:00+00:00,65.9,65.99,65.69,65.735,543330.914832
2026-06-11T14:05:00+00:00,65.735,65.945,65.7,65.905,649462.9628570001
2026-06-11T14:10:00+00:00,65.9,65.93,65.76,65.79,255282.075673
2026-06-11T14:15:00+00:00,65.7917,65.8,65.58,65.58,319207.78370599996
2026-06-11T14:20:00+00:00,65.585,65.65,65.39,65.395,411603.6898129999
2026-06-11T14:25:00+00:00,65.395,65.71,65.39,65.635,490457.26384400006
2026-06-11T14:30:00+00:00,65.63,65.6951,65.49,65.57,194580.03985499998
2026-06-11T14:35:00+00:00,65.58,65.6,65.485,65.56,202204.335819
2026-06-11T14:40:00+00:00,65.56,65.77,65.54,65.67,197199.40991000002
2026-06-11T14:45:00+00:00,65.675,65.715,65.56,65.56,88468.086548
2026-06-11T14:50:00+00:00,65.56,65.64,65.51,65.57,213837.529392
2026-06-11T14:55:00+00:00,65.57,65.615,65.51,65.52,107645.27621699999
2026-06-11T15:00:00+00:00,65.51,65.52,65.21,65.275,205109.913564
2026-06-11T15:05:00+00:00,65.275,65.41,65.175,65.365,351489.444046
2026-06-11T15:10:00+00:00,65.365,65.545,65.295,65.455,418751.442297
2026-06-11T15:15:00+00:00,65.455,65.605,65.43,65.55,582505.8286
2026-06-11T15:20:00+00:00,65.55,65.69,65.505,65.56,123218.07421700002
2026-06-11T15:25:00+00:00,65.55,65.705,65.55,65.65,287745.33372500003
2026-06-11T15:30:00+00:00,65.65,65.69,65.55,65.58,226762.699621
2026-06-11T15:35:00+00:00,65.57,65.675,65.565,65.65,168094.71356
2026-06-11T15:40:00+00:00,65.65,65.765,65.62,65.72,241688.94677600003
2026-06-11T15:45:00+00:00,65.705,65.815,65.64,65.67,107938.906217
2026-06-11T15:50:00+00:00,65.68,65.765,65.62,65.675,165588.14163600001
2026-06-11T15:55:00+00:00,65.67,65.68,65.595,65.62,150690.428764
2026-06-11T16:00:00+00:00,65.62,65.725,65.575,65.7,390902.34610900003
2026-06-11T16:05:00+00:00,65.69,65.795,65.66,65.71,342076.160216
2026-06-11T16:10:00+00:00,65.71,65.81,65.68,65.77,138199.569782
2026-06-11T16:15:00+00:00,65.77,65.865,65.75,65.855,181194.137702
2026-06-11T16:20:00+00:00,65.86,65.88,65.82,65.845,361412.761522
2026-06-11T16:25:00+00:00,65.84,65.875,65.76,65.79,598479.8815179999
2026-06-11T16:30:00+00:00,65.8,65.82,65.71,65.715,216972.3841
2026-06-11T16:35:00+00:00,65.715,65.88,65.67,65.82,266778.878452
2026-06-11T16:40:00+00:00,65.82,65.86,65.74,65.75,153160.408064
2026-06-11T16:45:00+00:00,65.75,65.77,65.695,65.72,124568.0
2026-06-11T16:50:00+00:00,65.72,65.745,65.66,65.68,116162.915446
2026-06-11T16:55:00+00:00,65.685,65.69,65.57,65.58,237015.814964
2026-06-11T17:00:00+00:00,65.57,65.61,65.53,65.53,159788.10583
2026-06-11T17:05:00+00:00,65.525,65.62,65.42,65.48,415376.46757
2026-06-11T17:10:00+00:00,65.47,65.58,65.47,65.575,214780.701876
2026-06-11T17:15:00+00:00,65.57,65.605,65.47,65.495,229147.707
2026-06-11T17:20:00+00:00,65.49,65.515,65.385,65.41,1038930.5829439999
2026-06-11T17:25:00+00:00,65.41,65.5001,65.38,65.4856,182261.913955
2026-06-11T17:30:00+00:00,65.48,66.26,65.47,66.26,1762389.360676
2026-06-11T17:35:00+00:00,66.26,66.835,66.26,66.78,2431883.429396
2026-06-11T17:40:00+00:00,66.78,66.82,66.62,66.8,607805.987774
2026-06-11T17:45:00+00:00,66.81,67.02,66.76,67.0,422084.77581200004
2026-06-11T17:50:00+00:00,67.0,67.045,66.83,66.87,623136.9382819999
2026-06-11T17:55:00+00:00,66.86,66.92,66.695,66.82,382045.975329
2026-06-11T18:00:00+00:00,66.815,66.86,66.7,66.85,419676.0
2026-06-11T18:05:00+00:00,66.85,66.95,66.53,66.57,409363.733419
2026-06-11T18:10:00+00:00,66.56,66.64,66.435,66.545,406861.451068
2026-06-11T18:15:00+00:00,66.55,66.69,66.545,66.69,276866.682692
2026-06-11T18:20:00+00:00,66.69,66.85,66.68,66.84,190008.97686
2026-06-11T18:25:00+00:00,66.8399,66.8399,66.62,66.74,849853.0
2026-06-11T18:30:00+00:00,66.74,66.795,66.7,66.765,219152.782234
2026-06-11T18:35:00+00:00,66.765,66.865,66.71,66.77,369925.02263
2026-06-11T18:40:00+00:00,66.77,66.835,66.75,66.775,193280.788685
2026-06-11T18:45:00+00:00,66.775,66.905,66.775,66.9,244864.80717100002
2026-06-11T18:50:00+00:00,66.9,67.045,66.89,67.025,452488.567216
2026-06-11T18:55:00+00:00,67.025,67.075,66.995,67.0,206584.044746
2026-06-11T19:00:00+00:00,67.0,67.015,66.93,66.97,343261.08734
2026-06-11T19:05:00+00:00,66.965,67.14,66.96,67.11,355333.92301100004
2026-06-11T19:10:00+00:00,67.12,67.1299,66.96,67.07,427595.267777
2026-06-11T19:15:00+00:00,67.06,67.245,67.05,67.205,1051083.02976
2026-06-11T19:20:00+00:00,67.21,67.255,67.14,67.25,475640.459921
2026-06-11T19:25:00+00:00,67.26,67.285,67.225,67.28,356103.655058
2026-06-11T19:30:00+00:00,67.285,67.425,67.26,67.37,626033.632348
2026-06-11T19:35:00+00:00,67.37,67.595,67.37,67.535,1139376.580087
2026-06-11T19:40:00+00:00,67.53,67.545,67.445,67.465,613978.8587249999
2026-06-11T19:45:00+00:00,67.46,67.57,67.43,67.52,632291.358614
2026-06-11T19:50:00+00:00,67.51,67.515,67.43,67.43,635512.509618
2026-06-11T19:55:00+00:00,67.43,67.511,67.35,67.5,1346978.644276
2026-06-11T20:00:00+00:00,67.51,67.53,67.47,67.51,2213079.7771309996
2026-06-11T20:05:00+00:00,67.5,67.51,67.47,67.51,85797.03414
2026-06-11T20:10:00+00:00,67.52,67.55,67.51,67.55,4712.0
2026-06-11T20:15:00+00:00,67.53,67.58,67.53,67.55,11209.799395
2026-06-11T20:20:00+00:00,67.58,67.6,67.57,67.57,4661.0
2026-06-11T20:25:00+00:00,67.55,67.55,67.55,67.55,120.0
2026-06-11T20:30:00+00:00,67.66,67.67,67.66,67.67,3071.0
2026-06-11T20:40:00+00:00,67.55,67.55,67.46,67.46,6477.0
2026-06-11T20:55:00+00:00,67.45,67.45,67.42,67.42,7765.0
2026-06-11T21:00:00+00:00,67.43,67.47,67.43,67.47,2623.0
2026-06-11T21:05:00+00:00,67.43,67.44,67.43,67.43,435.0
2026-06-11T21:10:00+00:00,67.45,67.46,67.45,67.46,346.0
2026-06-11T21:15:00+00:00,67.4679,67.4679,67.4679,67.4679,740.0
2026-06-11T21:20:00+00:00,67.38,67.38,67.26,67.3197,9778.0
2026-06-11T21:25:00+00:00,67.26,67.32,67.2576,67.32,11696.481398
2026-06-11T21:30:00+00:00,67.447,67.447,67.4,67.4,870.0
2026-06-11T22:05:00+00:00,67.49,67.5,67.49,67.5,5185.0
2026-06-11T22:15:00+00:00,67.5,67.5,67.5,67.5,500.0
2026-06-11T22:20:00+00:00,67.4952,67.4952,67.4952,67.4952,350.0
2026-06-11T22:25:00+00:00,67.5,67.5,67.5,67.5,200.0
2026-06-12T00:00:00+00:00,67.73,67.73,67.73,67.73,1792.0
2026-06-12T08:05:00+00:00,67.55,67.6,66.9,67.2,23487.0007
2026-06-12T08:10:00+00:00,67.2,67.59,66.9,67.2,10818.0
2026-06-12T08:15:00+00:00,67.32,67.32,67.3,67.3,2548.0
2026-06-12T08:20:00+00:00,67.3,67.3,67.3,67.3,501.0
2026-06-12T08:25:00+00:00,67.56,67.56,67.56,67.56,147.0
2026-06-12T09:20:00+00:00,67.58,67.64,67.58,67.64,1420.0
2026-06-12T09:35:00+00:00,67.98,68.22,67.98,68.22,2803.0
2026-06-12T09:40:00+00:00,67.92,67.92,67.92,67.92,200.0
2026-06-12T10:25:00+00:00,67.6,67.6,67.55,67.6,2569.0
2026-06-12T10:30:00+00:00,67.81,67.81,67.81,67.81,101.0
2026-06-12T10:55:00+00:00,67.72,67.72,67.72,67.72,110.0
2026-06-12T11:05:00+00:00,67.5,67.59,67.5,67.59,1781.0
2026-06-12T11:10:00+00:00,67.58,67.58,67.58,67.58,100.0
2026-06-12T11:15:00+00:00,67.5,67.5,67.5,67.5,118992.0
2026-06-12T11:25:00+00:00,67.8031,67.8031,67.8031,67.8031,200.0
2026-06-12T11:35:00+00:00,67.75,67.75,67.75,67.75,200.0
2026-06-12T11:40:00+00:00,67.7,67.7,67.62,67.62,750.509
2026-06-12T11:50:00+00:00,67.67,67.67,67.67,67.67,100.0
2026-06-12T12:00:00+00:00,67.7,67.7,67.64,67.64,700.0
2026-06-12T12:05:00+00:00,67.51,67.51,67.5,67.5,714.0
2026-06-12T12:15:00+00:00,67.49,67.49,67.44,67.44,300.0
2026-06-12T12:20:00+00:00,67.42,67.47,67.4,67.47,1300.0
2026-06-12T12:25:00+00:00,67.4,67.4,67.4,67.4,714.0
2026-06-12T12:30:00+00:00,67.4,67.4,67.4,67.4,271.0
2026-06-12T12:40:00+00:00,67.39,67.4,67.39,67.39,647.0
2026-06-12T12:45:00+00:00,67.28,67.3,67.25,67.3,1465.0
2026-06-12T12:50:00+00:00,67.3,67.4,67.3,67.4,846.0
2026-06-12T12:55:00+00:00,67.25,67.25,67.25,67.25,931.0
2026-06-12T13:05:00+00:00,67.213,67.28,67.2,67.28,4053.0
2026-06-12T13:10:00+00:00,67.31,67.34,67.31,67.34,494.0
2026-06-12T13:15:00+00:00,67.35,67.35,67.33,67.34,401.0
2026-06-12T13:20:00+00:00,67.35,67.42,67.35,67.38,639.0
2026-06-12T13:25:00+00:00,67.46,67.52,67.39,67.39,2496.0
2026-06-12T13:30:00+00:00,67.43,67.56,67.43,67.56,1703.0
2026-06-12T13:35:00+00:00,67.53,67.57,67.36,67.5,633817.8736930001
2026-06-12T13:40:00+00:00,67.5,67.7,67.5,67.65,371654.32638900005
2026-06-12T13:45:00+00:00,67.65,67.67,67.17,67.17,1534669.276007
2026-06-12T13:50:00+00:00,67.17,67.32,67.085,67.25,550941.273251
2026-06-12T13:55:00+00:00,67.24,67.37,67.2,67.29,346930.602158
2026-06-12T14:00:00+00:00,67.3,67.54,67.27,67.47,244830.61415600003
2026-06-12T14:05:00+00:00,67.465,67.85,67.44,67.83,757742.236558
2026-06-12T14:10:00+00:00,67.83,67.925,67.695,67.9152,275496.546212
2026-06-12T14:15:00+00:00,67.91,67.91,67.725,67.8,205498.27924600002
2026-06-12T14:20:00+00:00,67.8,67.9559,67.78,67.81,191021.172876
2026-06-12T14:25:00+00:00,67.805,67.875,67.62,67.64,364182.785559
2026-06-12T14:30:00+00:00,67.64,67.77,67.64,67.68,312351.40547
2026-06-12T14:35:00+00:00,67.67,67.74,67.61,67.69,253401.27992700003
2026-06-12T14:40:00+00:00,67.68,67.86,67.68,67.765,2797203.0735339997
2026-06-12T14:45:00+00:00,67.765,67.78,67.485,67.495,314192.360697
2026-06-12T14:50:00+00:00,67.495,67.55,67.38,67.41,431995.63867899997
2026-06-12T14:55:00+00:00,67.4,67.91,67.4,67.91,1358937.374382
2026-06-12T15:00:00+00:00,67.9,68.02,67.805,67.985,1888100.581217
2026-06-12T15:05:00+00:00,67.99,68.03,67.865,67.935,1595051.137588
2026-06-12T15:10:00+00:00,67.94,68.03,67.915,67.99,362964.51510699996
2026-06-12T15:15:00+00:00,67.99,68.075,67.945,68.07,754081.864863
2026-06-12T15:20:00+00:00,68.075,68.14,68.02,68.1,123356.52644599999
2026-06-12T15:25:00+00:00,68.1,68.145,68.03,68.13,413430.86717200006
2026-06-12T15:30:00+00:00,68.13,68.2,68.115,68.18,393398.031157
2026-06-12T15:35:00+00:00,68.17,68.17,68.055,68.08,835794.921247
2026-06-12T15:40:00+00:00,68.07,68.15,67.89,67.97,793982.35379
2026-06-12T15:45:00+00:00,67.96,67.97,67.81,67.815,223734.517387
2026-06-12T15:50:00+00:00,67.82,67.94,67.68,67.7,956891.418178
2026-06-12T15:55:00+00:00,67.7,67.92,67.65,67.83,284648.197679
2026-06-12T16:00:00+00:00,67.83,67.83,67.52,67.55,280372.505871
2026-06-12T16:05:00+00:00,67.54,67.66,67.51,67.615,285214.001076
2026-06-12T16:10:00+00:00,67.605,67.725,67.57,67.7,198581.404031
2026-06-12T16:15:00+00:00,67.705,68.0,67.635,67.86,900075.287272
2026-06-12T16:20:00+00:00,67.86,67.99,67.8,67.8,220274.566032
2026-06-12T16:25:00+00:00,67.81,67.86,67.755,67.83,281971.23554100003
2026-06-12T16:30:00+00:00,67.83,67.885,67.785,67.85,112904.665446
2026-06-12T16:35:00+00:00,67.85,67.92,67.84,67.9101,204673.907886
2026-06-12T16:40:00+00:00,67.91,67.925,67.845,67.91,130703.206638
2026-06-12T16:45:00+00:00,67.91,67.99,67.88,67.9,479042.38152600004
2026-06-12T16:50:00+00:00,67.91,68.0,67.89,68.0,117814.80117700002
2026-06-12T16:55:00+00:00,67.99,68.025,67.94,67.94,237094.459017
2026-06-12T17:00:00+00:00,67.94,67.985,67.865,67.97,158794.76099
2026-06-12T17:05:00+00:00,67.97,68.025,67.95,68.025,541900.480647
2026-06-12T17:10:00+00:00,68.025,68.135,68.015,68.065,526195.579826
2026-06-12T17:15:00+00:00,68.07,68.08,67.965,68.03,274061.889019
2026-06-12T17:20:00+00:00,68.03,68.095,68.005,68.08,165970.26552000002
2026-06-12T17:25:00+00:00,68.08,68.12,68.05,68.065,269605.053474
2026-06-12T17:30:00+00:00,68.065,68.09,68.02,68.06,227294.905566
2026-06-12T17:35:00+00:00,68.06,68.06,67.97,67.985,252738.25646899999
2026-06-12T17:40:00+00:00,67.98,68.03,67.98,68.005,359690.63182199997
2026-06-12T17:45:00+00:00,68.005,68.035,67.97,68.0,156377.3319
2026-06-12T17:50:00+00:00,68.0001,68.045,67.98,68.02,122149.664137
2026-06-12T17:55:00+00:00,68.02,68.035,67.995,68.01,121227.575649
2026-06-12T18:00:00+00:00,68.015,68.015,67.91,67.945,129228.318576
2026-06-12T18:05:00+00:00,67.945,67.97,67.91,67.915,150053.439852
2026-06-12T18:10:00+00:00,67.915,67.98,67.9,67.955,311996.602186
2026-06-12T18:15:00+00:00,67.95,68.065,67.9499,67.985,263567.328369
2026-06-12T18:20:00+00:00,67.985,68.015,67.92,67.9599,190360.152162
2026-06-12T18:25:00+00:00,67.96,67.98,67.94,67.96,93970.505919
2026-06-12T18:30:00+00:00,67.96,68.045,67.94,68.04,117126.0
2026-06-12T18:35:00+00:00,68.03,68.08,68.02,68.05,156671.318095
2026-06-12T18:40:00+00:00,68.055,68.07,68.03,68.06,89681.270063
2026-06-12T18:45:00+00:00,68.06,68.11,68.06,68.09,126140.237357
2026-06-12T18:50:00+00:00,68.09,68.1,68.06,68.085,194070.480737
2026-06-12T18:55:00+00:00,68.09,68.105,68.05,68.095,520023.69176
2026-06-12T19:00:00+00:00,68.08,68.09,67.95,67.96,157031.503105
2026-06-12T19:05:00+00:00,67.97,68.095,67.95,68.09,825772.137231
2026-06-12T19:10:00+00:00,68.09,68.11,68.01,68.05,407064.208674
2026-06-12T19:15:00+00:00,68.055,68.055,67.985,67.995,219959.31376
2026-06-12T19:20:00+00:00,68.0,68.045,67.98,68.04,155684.811087
2026-06-12T19:25:00+00:00,68.04,68.045,67.98,67.985,210955.651612
2026-06-12T19:30:00+00:00,67.99,68.01,67.94,67.95,163658.549455
2026-06-12T19:35:00+00:00,67.95,67.96,67.85,67.86,340688.56464
2026-06-12T19:40:00+00:00,67.86,68.01,67.825,67.875,836353.657532
2026-06-12T19:45:00+00:00,67.88,67.955,67.855,67.9,176726.891444
2026-06-12T19:50:00+00:00,67.895,67.91,67.851,67.88,316256.19871200004
2026-06-12T19:55:00+00:00,67.88,67.91,67.86,67.89,642232.6982170001
2026-06-12T20:00:00+00:00,67.885,67.92,67.86,67.9,1477217.8307949998
2026-06-12T20:05:00+00:00,67.88,67.92,67.88,67.91,38069.095686
2026-06-12T20:10:00+00:00,67.9,67.9,67.88,67.88,6601.0
2026-06-12T20:15:00+00:00,67.92,67.92,67.92,67.92,100.0
2026-06-12T20:20:00+00:00,67.91,67.93,67.91,67.93,4032.698007
2026-06-12T20:25:00+00:00,67.9,67.9,67.9,67.9,200.0
2026-06-12T20:35:00+00:00,67.9,67.9,67.9,67.9,279.0
2026-06-12T20:40:00+00:00,67.89,67.9,67.89,67.9,802.0
2026-06-12T20:45:00+00:00,67.91,67.91,67.91,67.91,21062.0
2026-06-12T20:50:00+00:00,67.92,67.92,67.81,67.81,530889.0
2026-06-12T20:55:00+00:00,67.84,67.85,67.84,67.85,2032.0
2026-06-12T21:00:00+00:00,67.81,67.81,67.81,67.81,300.0
2026-06-12T21:10:00+00:00,68.0,68.05,67.92,68.01,1511.0
2026-06-12T23:20:00+00:00,68.0434,68.0434,68.0434,68.0434,150.0
2026-06-12T23:50:00+00:00,68.07,68.07,68.0505,68.0505,1000.0
2026-06-15T08:05:00+00:00,69.5,69.5,69.0,69.0,2489.0
2026-06-15T08:10:00+00:00,69.29,69.29,69.2,69.2,605.0
2026-06-15T08:30:00+00:00,69.4,69.4,69.4,69.4,200.0
2026-06-15T09:50:00+00:00,69.16,69.16,69.16,69.16,1051.0
2026-06-15T09:55:00+00:00,69.2,69.2,69.2,69.2,3010.0
2026-06-15T10:40:00+00:00,69.28,69.4,69.28,69.4,60081.0
2026-06-15T10:55:00+00:00,69.32,69.32,69.32,69.32,89171.0
2026-06-15T11:05:00+00:00,69.38,69.4,69.26,69.29,6240.0
2026-06-15T11:10:00+00:00,69.3,69.3,69.3,69.3,1000.0
2026-06-15T11:15:00+00:00,69.42,69.45,69.42,69.45,620.0
2026-06-15T11:25:00+00:00,69.4901,69.5,69.4901,69.5,523.0
2026-06-15T11:40:00+00:00,69.45,69.51,69.45,69.51,1650.8690000000001
2026-06-15T11:45:00+00:00,69.47,69.47,69.47,69.47,100.0
2026-06-15T11:50:00+00:00,69.4899,69.4899,69.36,69.36,464.0
2026-06-15T11:55:00+00:00,69.5,69.5,69.5,69.5,1002.0
2026-06-15T12:00:00+00:00,69.51,69.65,69.51,69.6,18669.0
2026-06-15T12:05:00+00:00,69.5,69.51,69.48,69.51,7640.0
2026-06-15T12:10:00+00:00,69.56,69.56,69.47,69.47,1644.0
2026-06-15T12:20:00+00:00,69.4784,69.4784,69.47,69.47,400.0
2026-06-15T12:25:00+00:00,69.4732,69.4732,69.4,69.4605,9208.0
2026-06-15T12:30:00+00:00,69.48,69.48,69.48,69.48,1000.0
2026-06-15T12:35:00+00:00,69.48,69.52,69.48,69.52,1929.0
2026-06-15T12:40:00+00:00,69.53,69.57,69.53,69.57,10442.0
2026-06-15T12:45:00+00:00,69.5691,69.5774,69.5691,69.5774,500.0
2026-06-15T12:50:00+00:00,69.56,69.57,69.56,69.5699,1617.0
2026-06-15T12:55:00+00:00,69.58,69.58,69.58,69.58,11702.0
2026-06-15T13:00:00+00:00,69.58,69.58,69.58,69.58,119170.0
2026-06-15T13:05:00+00:00,69.57,69.57,69.57,69.57,214.0
2026-06-15T13:10:00+00:00,69.52,69.54,69.52,69.54,15100.0
2026-06-15T13:20:00+00:00,69.55,69.58,69.55,69.58,35908.0
2026-06-15T13:25:00+00:00,69.5795,69.6,69.56,69.6,2872.0
2026-06-15T13:30:00+00:00,69.58,69.62,69.58,69.61,66439.27003700001
2026-06-15T13:35:00+00:00,69.61,69.8,69.575,69.595,1677917.708608
2026-06-15T13:40:00+00:00,69.6,69.68,69.4833,69.5,1547946.974428
2026-06-15T13:45:00+00:00,69.49,69.59,69.435,69.48,730703.132212
2026-06-15T13:50:00+00:00,69.475,69.66,69.47,69.65,477275.879925
2026-06-15T13:55:00+00:00,69.65,69.675,69.56,69.57,474258.390807
2026-06-15T14:00:00+00:00,69.565,69.63,69.46,69.485,881759.069434
2026-06-15T14:05:00+00:00,69.485,69.49,69.41,69.47,669951.9211469999
2026-06-15T14:10:00+00:00,69.465,69.515,69.44,69.445,347302.047
2026-06-15T14:15:00+00:00,69.45,69.49,69.375,69.49,594763.117915
2026-06-15T14:20:00+00:00,69.48,69.515,69.41,69.515,567687.439623
2026-06-15T14:25:00+00:00,69.51,69.55,69.43,69.53,168647.656982
2026-06-15T14:30:00+00:00,69.525,69.66,69.515,69.64,1002158.3675
2026-06-15T14:35:00+00:00,69.655,69.67,69.54,69.545,433042.895117
2026-06-15T14:40:00+00:00,69.55,69.61,69.54,69.6,416723.322701
2026-06-15T14:45:00+00:00,69.595,69.61,69.49,69.5,227972.375413
2026-06-15T14:50:00+00:00,69.495,69.585,69.4602,69.55,233792.073257
2026-06-15T14:55:00+00:00,69.56,69.635,69.56,69.57,198754.278287
2026-06-15T15:00:00+00:00,69.575,69.63,69.525,69.53,289668.958278
2026-06-15T15:05:00+00:00,69.53,69.61,69.51,69.58,347250.89857900003
2026-06-15T15:10:00+00:00,69.58,69.62,69.56,69.61,266151.467459
2026-06-15T15:15:00+00:00,69.61,69.61,69.545,69.575,111892.890065
2026-06-15T15:20:00+00:00,69.575,69.62,69.555,69.62,225254.061514
2026-06-15T15:25:00+00:00,69.62,69.676,69.62,69.64,996315.3044289999
2026-06-15T15:30:00+00:00,69.64,69.69,69.64,69.685,314170.820291
2026-06-15T15:35:00+00:00,69.68,69.7,69.61,69.62,592341.689187
2026-06-15T15:40:00+00:00,69.62,69.735,69.615,69.735,382304.16966400004
2026-06-15T15:45:00+00:00,69.735,69.74,69.69,69.69,254805.517921
2026-06-15T15:50:00+00:00,69.6999,69.77,69.695,69.77,169138.854273
2026-06-15T15:55:00+00:00,69.7622,69.795,69.75,69.775,468602.365246
2026-06-15T16:00:00+00:00,69.78,69.805,69.765,69.775,175805.024614
2026-06-15T16:05:00+00:00,69.78,69.83,69.77,69.825,422061.58774800005
2026-06-15T16:10:00+00:00,69.825,69.87,69.815,69.87,183384.205207
2026-06-15T16:15:00+00:00,69.87,69.88,69.85,69.865,263237.445982
2026-06-15T16:20:00+00:00,69.87,69.8763,69.805,69.84,240357.225023
2026-06-15T16:25:00+00:00,69.845,69.855,69.81,69.835,154577.38516
2026-06-15T16:30:00+00:00,69.8301,69.85,69.785,69.815,213144.759516
2026-06-15T16:35:00+00:00,69.815,69.8353,69.735,69.77,179866.32612699998
2026-06-15T16:40:00+00:00,69.77,69.795,69.72,69.755,121003.91832699999
2026-06-15T16:45:00+00:00,69.76,69.81,69.74,69.785,145703.226043
2026-06-15T16:50:00+00:00,69.78,69.785,69.73,69.76,197554.76836000002
2026-06-15T16:55:00+00:00,69.765,69.775,69.745,69.77,154658.70518400002
2026-06-15T17:00:00+00:00,69.77,69.8,69.76,69.78,186941.043153
2026-06-15T17:05:00+00:00,69.775,69.775,69.71,69.755,107770.036863
2026-06-15T17:10:00+00:00,69.76,69.78,69.67,69.71,448707.34539500007
2026-06-15T17:15:00+00:00,69.7,69.77,69.69,69.73,140818.223324
2026-06-15T17:20:00+00:00,69.735,69.79,69.72,69.74,133978.61871299997
2026-06-15T17:25:00+00:00,69.74,69.795,69.735,69.795,81640.133859
2026-06-15T17:30:00+00:00,69.79,69.81,69.7699,69.79,123007.605
2026-06-15T17:35:00+00:00,69.785,69.79,69.715,69.725,151625.322932
2026-06-15T17:40:00+00:00,69.73,69.755,69.71,69.715,115831.189273
2026-06-15T17:45:00+00:00,69.715,69.715,69.685,69.705,134912.910091
2026-06-15T17:50:00+00:00,69.705,69.75,69.69,69.75,133297.852965
2026-06-15T17:55:00+00:00,69.745,69.75,69.68,69.6895,139279.132628
2026-06-15T18:00:00+00:00,69.69,69.7,69.66,69.6799,138968.87868700002
2026-06-15T18:05:00+00:00,69.675,69.69,69.63,69.63,361087.2107
2026-06-15T18:10:00+00:00,69.63,69.68,69.615,69.675,265706.640497
2026-06-15T18:15:00+00:00,69.68,69.7,69.665,69.69,134048.415263
2026-06-15T18:20:00+00:00,69.695,69.72,69.685,69.71,165951.84030799998
2026-06-15T18:25:00+00:00,69.7,69.71,69.68,69.685,125561.551639
2026-06-15T18:30:00+00:00,69.685,69.7,69.615,69.62,153724.468983
2026-06-15T18:35:00+00:00,69.625,69.66,69.59,69.65,185001.37934100002
2026-06-15T18:40:00+00:00,69.645,69.72,69.645,69.72,78231.631272
2026-06-15T18:45:00+00:00,69.72,69.74,69.705,69.74,142722.712324
2026-06-15T18:50:00+00:00,69.735,69.77,69.72,69.755,203782.978679
2026-06-15T18:55:00+00:00,69.755,69.78,69.72,69.73,157852.027169
2026-06-15T19:00:00+00:00,69.735,69.75,69.7,69.7,264413.680292
2026-06-15T19:05:00+00:00,69.71,69.72,69.65,69.65,97982.64732100001
2026-06-15T19:10:00+00:00,69.65,69.7,69.65,69.68,213015.962236
2026-06-15T19:15:00+00:00,69.685,69.71,69.66,69.68,159018.37978000002
2026-06-15T19:20:00+00:00,69.685,69.745,69.68,69.745,392910.27205499995
2026-06-15T19:25:00+00:00,69.745,69.755,69.7,69.725,151920.841033
2026-06-15T19:30:00+00:00,69.72,69.739,69.68,69.695,137124.81438300002
2026-06-15T19:35:00+00:00,69.695,69.72,69.68,69.695,225042.656007
2026-06-15T19:40:00+00:00,69.7,69.74,69.685,69.725,135864.912785
2026-06-15T19:45:00+00:00,69.725,69.77,69.715,69.745,459688.692442
2026-06-15T19:50:00+00:00,69.745,69.7953,69.745,69.785,640273.16869
2026-06-15T19:55:00+00:00,69.78,69.79,69.745,69.7769,1343712.194594
2026-06-15T20:00:00+00:00,69.775,69.8,69.74,69.78,2386402.9618490003
2026-06-15T20:05:00+00:00,69.75,69.83,69.75,69.79,82984.72451
2026-06-15T20:10:00+00:00,69.7812,69.7812,69.7812,69.7812,387.0
2026-06-15T20:15:00+00:00,69.78,69.78,69.78,69.78,45548.0
2026-06-15T20:20:00+00:00,69.78,69.78,69.78,69.78,11100.0
2026-06-15T20:30:00+00:00,69.9255,69.9255,69.9255,69.9255,215.0
2026-06-15T20:40:00+00:00,69.85,69.85,69.85,69.85,357.0
2026-06-15T21:35:00+00:00,69.75,69.75,69.75,69.75,1241424.0
2026-06-15T21:55:00+00:00,69.8984,69.8984,69.8984,69.8984,103.0
2026-06-15T22:05:00+00:00,69.85,69.85,69.85,69.85,177.0
2026-06-15T22:10:00+00:00,69.8805,69.899,69.8805,69.8805,1238.0
2026-06-15T22:25:00+00:00,69.9,69.9,69.9,69.9,200.0
2026-06-15T22:40:00+00:00,69.85,69.85,69.85,69.85,150.0
2026-06-15T23:45:00+00:00,69.7695,69.7695,69.7695,69.7695,501.0
2026-06-15T23:50:00+00:00,69.76,69.76,69.75,69.76,1140.0
2026-06-16T08:10:00+00:00,69.47,69.47,69.47,69.47,153.0
2026-06-16T08:25:00+00:00,70.0,70.0,70.0,70.0,1214.0
2026-06-16T09:00:00+00:00,69.59,69.59,69.59,69.59,500.0
2026-06-16T09:10:00+00:00,69.65,69.65,69.65,69.65,1080.0
2026-06-16T09:15:00+00:00,69.7,69.7,69.7,69.7,200.0
2026-06-16T10:30:00+00:00,69.67,69.7,69.65,69.65,1433.0
2026-06-16T11:00:00+00:00,69.74,69.74,69.74,69.74,10951.2
2026-06-16T11:05:00+00:00,69.74,69.74,69.74,69.74,3190.541
2026-06-16T11:30:00+00:00,69.65,69.65,69.65,69.65,2062.0
2026-06-16T11:40:00+00:00,69.66,69.66,69.65,69.65,350.0
2026-06-16T12:00:00+00:00,69.65,69.65,69.65,69.65,200.0
2026-06-16T12:05:00+00:00,69.64,69.64,69.64,69.64,300.0
2026-06-16T12:20:00+00:00,69.6,69.6,69.55,69.55,1825.0
2026-06-16T12:25:00+00:00,69.49,69.49,69.46,69.47,776.0
2026-06-16T12:30:00+00:00,69.46,69.48,69.45,69.48,765.0
2026-06-16T12:40:00+00:00,69.5,69.5,69.5,69.5,2017.0
2026-06-16T13:15:00+00:00,69.405,69.41,69.4,69.4,2069.0
2026-06-16T13:20:00+00:00,69.35,69.35,69.3469,69.3469,255.0
2026-06-16T13:25:00+00:00,69.44,69.44,69.33,69.33,2262.0
2026-06-16T13:30:00+00:00,69.39,69.42,69.39,69.42,217.0
2026-06-16T13:35:00+00:00,69.33,69.48,69.33,69.475,357819.346613
2026-06-16T13:40:00+00:00,69.48,69.6599,69.48,69.53,276080.626822
2026-06-16T13:45:00+00:00,69.53,69.66,69.52,69.535,229185.85513399998
2026-06-16T13:50:00+00:00,69.55,69.68,69.53,69.64,296855.686099
2026-06-16T13:55:00+00:00,69.66,69.735,69.605,69.735,330574.561913
2026-06-16T14:00:00+00:00,69.73,69.735,69.5,69.51,342479.8166
2026-06-16T14:05:00+00:00,69.52,69.605,69.48,69.55,210659.481574
2026-06-16T14:10:00+00:00,69.55,69.58,69.485,69.55,556961.494613
2026-06-16T14:15:00+00:00,69.55,69.565,69.46,69.48,638260.527862
2026-06-16T14:20:00+00:00,69.475,69.49,69.2,69.21,972764.4028629998
2026-06-16T14:25:00+00:00,69.21,69.3,68.995,69.12,1026375.325779
2026-06-16T14:30:00+00:00,69.12,69.22,68.99,68.99,353718.099984
2026-06-16T14:35:00+00:00,68.99,69.0,68.805,68.88,1023201.697632
2026-06-16T14:40:00+00:00,68.87,69.065,68.87,69.05,583899.718543
2026-06-16T14:45:00+00:00,69.045,69.12,69.02,69.1,247201.22209700002
2026-06-16T14:50:00+00:00,69.09,69.09,69.0,69.03,349154.648355
2026-06-16T14:55:00+00:00,69.02,69.11,69.01,69.05,206677.57491
2026-06-16T15:00:00+00:00,69.04,69.04,68.835,68.905,1185319.650942
2026-06-16T15:05:00+00:00,68.91,69.02,68.885,69.0,420044.86034699995
2026-06-16T15:10:00+00:00,69.0,69.08,68.95,69.06,243701.511986
2026-06-16T15:15:00+00:00,69.07,69.125,69.01,69.015,109210.540633
2026-06-16T15:20:00+00:00,69.02,69.1,68.975,68.975,123292.340941
2026-06-16T15:25:00+00:00,68.98,69.025,68.87,68.915,210960.027572
2026-06-16T15:30:00+00:00,68.915,68.965,68.855,68.93,556040.26286
2026-06-16T15:35:00+00:00,68.925,68.975,68.89,68.93,367638.41356699995
2026-06-16T15:40:00+00:00,68.93,68.965,68.8,68.83,187769.682426
2026-06-16T15:45:00+00:00,68.83,68.865,68.77,68.8,423306.193217
2026-06-16T15:50:00+00:00,68.795,68.82,68.635,68.7,474552.54703399993
2026-06-16T15:55:00+00:00,68.695,68.92,68.655,68.91,181883.495863
2026-06-16T16:00:00+00:00,68.91,68.94,68.81,68.83,321888.464676
2026-06-16T16:05:00+00:00,68.83,68.98,68.83,68.935,159752.85709399998
2026-06-16T16:10:00+00:00,68.95,69.0,68.935,68.97,125941.78731700001
2026-06-16T16:15:00+00:00,68.975,69.02,68.935,68.97,211090.353204
2026-06-16T16:20:00+00:00,68.97,69.025,68.95,69.02,573094.0070560001
2026-06-16T16:25:00+00:00,69.025,69.055,68.99,69.025,125198.702554
2026-06-16T16:30:00+00:00,69.02,69.04,68.99,69.02,245668.338775
2026-06-16T16:35:00+00:00,69.015,69.025,68.895,68.895,363846.840375
2026-06-16T16:40:00+00:00,68.89,68.945,68.84,68.88,122273.77245399999
2026-06-16T16:45:00+00:00,68.88,68.945,68.86,68.93,108333.762949
2026-06-16T16:50:00+00:00,68.925,68.995,68.9,68.935,52507.562003
2026-06-16T16:55:00+00:00,68.94,68.985,68.9,68.92,94212.76005699999
2026-06-16T17:00:00+00:00,68.92,68.94,68.875,68.94,248157.84267999997
2026-06-16T17:05:00+00:00,68.94,68.945,68.86,68.905,165906.947927
2026-06-16T17:10:00+00:00,68.9,68.91,68.85,68.875,129315.707622
2026-06-16T17:15:00+00:00,68.865,68.925,68.865,68.905,111951.29922
2026-06-16T17:20:00+00:00,68.89,68.92,68.84,68.84,162864.5118
2026-06-16T17:25:00+00:00,68.84,68.85,68.77,68.85,132300.112311
2026-06-16T17:30:00+00:00,68.86,68.875,68.815,68.855,81330.671932
2026-06-16T17:35:00+00:00,68.85,68.885,68.81,68.86,452502.658031
2026-06-16T17:40:00+00:00,68.86,68.86,68.755,68.765,220715.425832
2026-06-16T17:45:00+00:00,68.7622,68.86,68.755,68.845,157887.591989
2026-06-16T17:50:00+00:00,68.84,68.88,68.81,68.88,286963.69020799996
2026-06-16T17:55:00+00:00,68.89,68.99,68.87,68.99,209340.827569
2026-06-16T18:00:00+00:00,68.985,68.985,68.905,68.915,64635.597706
2026-06-16T18:05:00+00:00,68.91,68.965,68.91,68.955,63554.592726
2026-06-16T18:10:00+00:00,68.955,68.97,68.92,68.95,157868.83766999998
2026-06-16T18:15:00+00:00,68.945,68.97,68.92,68.92,118711.555299
2026-06-16T18:20:00+00:00,68.93,68.93,68.87,68.89,201767.20235200002
2026-06-16T18:25:00+00:00,68.8878,68.915,68.88,68.9,71856.01611
2026-06-16T18:30:00+00:00,68.9,68.94,68.895,68.91,148530.52274699998
2026-06-16T18:35:00+00:00,68.91,68.92,68.87,68.875,139098.551205
2026-06-16T18:40:00+00:00,68.87,68.875,68.84,68.85,357796.560165
2026-06-16T18:45:00+00:00,68.855,68.885,68.85,68.875,71394.507441
2026-06-16T18:50:00+00:00,68.88,68.88,68.8,68.8,62101.791829
2026-06-16T18:55:00+00:00,68.8,68.82,68.775,68.785,66782.946717
2026-06-16T19:00:00+00:00,68.77,68.795,68.735,68.77,58183.130265
2026-06-16T19:05:00+00:00,68.77,68.87,68.735,68.8401,200264.11928699998
2026-06-16T19:10:00+00:00,68.84,68.85,68.71,68.71,328845.82536899997
2026-06-16T19:15:00+00:00,68.72,68.74,68.65,68.665,695096.6318859999
2026-06-16T19:20:00+00:00,68.66,68.7,68.585,68.7,949715.182144
2026-06-16T19:25:00+00:00,68.705,68.7599,68.695,68.75,414242.49295
2026-06-16T19:30:00+00:00,68.745,68.79,68.715,68.785,90180.6016
2026-06-16T19:35:00+00:00,68.7899,68.84,68.765,68.765,120568.78218400001
2026-06-16T19:40:00+00:00,68.765,68.79,68.67,68.675,282117.758418
2026-06-16T19:45:00+00:00,68.67,68.76,68.66,68.75,685888.790594
2026-06-16T19:50:00+00:00,68.75,68.7541,68.6523,68.67,181481.50658699998
2026-06-16T19:55:00+00:00,68.68,68.72,68.5845,68.685,883681.361829
2026-06-16T20:00:00+00:00,68.68,68.7,68.6,68.65,3189460.331867
2026-06-16T20:05:00+00:00,68.66,68.69,68.64,68.67,1335374.331828
2026-06-16T20:10:00+00:00,68.66,68.67,68.66,68.67,12215.0
2026-06-16T20:15:00+00:00,68.69,68.7,68.65,68.65,9200.0
2026-06-16T20:20:00+00:00,68.63,68.63,68.6,68.6,5718.0
2026-06-16T20:25:00+00:00,68.66,68.66,68.6,68.6,350.0
2026-06-16T20:55:00+00:00,68.69,68.7,68.69,68.7,378.0
2026-06-16T21:00:00+00:00,68.6,68.69,68.59,68.69,562.0
2026-06-16T21:35:00+00:00,68.63,68.63,68.63,68.63,2000.0
2026-06-16T21:55:00+00:00,68.63,68.63,68.63,68.63,200.0
2026-06-16T22:05:00+00:00,68.63,68.69,68.63,68.69,356.0
2026-06-16T22:30:00+00:00,68.5792,68.5792,68.5792,68.5792,1000.0
2026-06-16T22:45:00+00:00,68.73,68.73,68.73,68.73,202.0
2026-06-17T08:05:00+00:00,69.41,69.41,69.41,69.41,306.0
2026-06-17T08:10:00+00:00,69.72,69.72,69.72,69.72,205.0
2026-06-17T08:20:00+00:00,69.99,69.99,69.99,69.99,428.0
2026-06-17T11:10:00+00:00,69.38,69.38,69.38,69.38,150.0
2026-06-17T11:15:00+00:00,69.4,69.4,69.4,69.4,100.0
2026-06-17T11:20:00+00:00,69.41,69.41,69.4,69.4,5900.0
2026-06-17T11:30:00+00:00,69.41,69.42,69.39,69.42,1338.0
2026-06-17T11:55:00+00:00,69.4,69.4,69.4,69.4,723.0
2026-06-17T12:00:00+00:00,69.26,69.26,69.26,69.26,100.0
2026-06-17T12:25:00+00:00,69.37,69.41,69.32,69.41,1494.0
2026-06-17T12:30:00+00:00,69.4,69.45,69.4,69.45,3614.0
2026-06-17T12:35:00+00:00,69.4,69.43,69.39,69.42,47023.0
2026-06-17T12:40:00+00:00,69.42,69.43,69.42,69.43,29587.0
2026-06-17T12:45:00+00:00,69.46,69.51,69.46,69.51,43946.0
2026-06-17T12:50:00+00:00,69.5,69.51,69.5,69.51,3659.0
2026-06-17T13:00:00+00:00,69.5,69.5,69.5,69.5,165.0
2026-06-17T13:05:00+00:00,69.49,69.5,69.49,69.5,868.0
2026-06-17T13:10:00+00:00,69.49,69.49,69.48,69.48,2651.0
2026-06-17T13:20:00+00:00,69.5272,69.5272,69.5272,69.5272,513.0
2026-06-17T13:25:00+00:00,69.558,69.558,69.558,69.558,450.0
2026-06-17T13:30:00+00:00,69.56,69.56,69.53,69.53,1985.0
2026-06-17T13:35:00+00:00,69.57,69.64,69.545,69.57,550040.4166989999
2026-06-17T13:40:00+00:00,69.58,69.725,69.565,69.615,494261.596993
2026-06-17T13:45:00+00:00,69.62,69.82,69.605,69.795,322134.369817
2026-06-17T13:50:00+00:00,69.79,69.825,69.64,69.64,249585.20469599997
2026-06-17T13:55:00+00:00,69.655,69.71,69.6,69.675,220759.287639
2026-06-17T14:00:00+00:00,69.67,69.675,69.425,69.425,240413.18586899998
2026-06-17T14:05:00+00:00,69.42,69.5763,69.405,69.545,288162.611297
2026-06-17T14:10:00+00:00,69.545,69.61,69.485,69.55,279658.56821299996
2026-06-17T14:15:00+00:00,69.56,69.67,69.525,69.635,258686.78331900004
2026-06-17T14:20:00+00:00,69.635,69.74,69.605,69.71,163031.735169
2026-06-17T14:25:00+00:00,69.705,69.86,69.68,69.85,135095.937187
2026-06-17T14:30:00+00:00,69.85,69.86,69.76,69.805,163347.05096700002
2026-06-17T14:35:00+00:00,69.81,69.815,69.69,69.76,200356.026748
2026-06-17T14:40:00+00:00,69.76,69.8,69.71,69.73,214523.343964
2026-06-17T14:45:00+00:00,69.73,69.77,69.62,69.71,160903.216608
2026-06-17T14:50:00+00:00,69.71,69.765,69.35,69.53,1286504.51558
2026-06-17T14:55:00+00:00,69.535,69.7,69.505,69.655,431532.61977299995
2026-06-17T15:00:00+00:00,69.64,69.65,69.49,69.54,215313.909666
2026-06-17T15:05:00+00:00,69.545,69.595,69.53,69.545,155860.937786
2026-06-17T15:10:00+00:00,69.55,69.64,69.52,69.53,168167.22246
2026-06-17T15:15:00+00:00,69.54,69.655,69.54,69.65,145206.737856
2026-06-17T15:20:00+00:00,69.645,69.78,69.605,69.735,422693.52110400004
2026-06-17T15:25:00+00:00,69.75,69.785,69.715,69.765,201017.55665
2026-06-17T15:30:00+00:00,69.76,69.85,69.745,69.84,236987.63882299996
2026-06-17T15:35:00+00:00,69.83,69.895,69.785,69.85,225249.698242
2026-06-17T15:40:00+00:00,69.85,69.895,69.84,69.885,126584.77794999999
2026-06-17T15:45:00+00:00,69.885,69.89,69.7982,69.815,302993.33069100004
2026-06-17T15:50:00+00:00,69.815,69.905,69.815,69.905,173082.214229
2026-06-17T15:55:00+00:00,69.905,69.91,69.85,69.865,200870.764769
2026-06-17T16:00:00+00:00,69.865,69.915,69.86,69.9,190200.156101
2026-06-17T16:05:00+00:00,69.9,69.985,69.9,69.945,132152.834536
2026-06-17T16:10:00+00:00,69.945,69.99,69.94,69.975,151032.082759
2026-06-17T16:15:00+00:00,69.975,69.975,69.895,69.915,216795.72064900002
2026-06-17T16:20:00+00:00,69.915,69.92,69.865,69.92,103631.852683
2026-06-17T16:25:00+00:00,69.915,69.97,69.89,69.97,109591.459637
2026-06-17T16:30:00+00:00,69.965,69.98,69.94,69.945,200869.498675
2026-06-17T16:35:00+00:00,69.945,69.97,69.9,69.92,79391.748485
2026-06-17T16:40:00+00:00,69.925,69.955,69.91,69.95,166915.274072
2026-06-17T16:45:00+00:00,69.9499,69.9499,69.87,69.9,1071295.952235
2026-06-17T16:50:00+00:00,69.9,69.9,69.845,69.865,93796.10461400001
2026-06-17T16:55:00+00:00,69.865,69.885,69.825,69.83,94874.59546699999
2026-06-17T17:00:00+00:00,69.835,69.915,69.83,69.91,125554.201501
2026-06-17T17:05:00+00:00,69.91,69.91,69.825,69.84,270798.70672300004
2026-06-17T17:10:00+00:00,69.835,69.89,69.755,69.885,479092.76245700003
2026-06-17T17:15:00+00:00,69.885,69.915,69.875,69.89,147897.250503
2026-06-17T17:20:00+00:00,69.885,69.905,69.85,69.905,145712.797042
2026-06-17T17:25:00+00:00,69.9,69.93,69.88,69.93,133060.593852
2026-06-17T17:30:00+00:00,69.93,69.945,69.9,69.92,202888.886087
2026-06-17T17:35:00+00:00,69.91,69.91,69.87,69.875,99540.647674
2026-06-17T17:40:00+00:00,69.87,69.91,69.85,69.9,116961.12447200001
2026-06-17T17:45:00+00:00,69.9,69.915,69.855,69.86,95123.29045600002
2026-06-17T17:50:00+00:00,69.86,69.9,69.84,69.9,159970.57519
2026-06-17T17:55:00+00:00,69.895,69.96,69.87,69.94,530279.549644
2026-06-17T18:00:00+00:00,69.935,70.075,69.935,70.05,207626.236472
2026-06-17T18:05:00+00:00,70.05,70.06,69.13,69.13,1254520.4636030002
2026-06-17T18:10:00+00:00,69.13,69.38,68.9,69.34,784856.068333
2026-06-17T18:15:00+00:00,69.335,69.39,69.19,69.27,325796.23102400004
2026-06-17T18:20:00+00:00,69.27,69.505,69.27,69.47,265263.6288
2026-06-17T18:25:00+00:00,69.47,69.47,69.34,69.35,306757.142383
2026-06-17T18:30:00+00:00,69.34,69.34,69.22,69.3098,281851.870037
2026-06-17T18:35:00+00:00,69.3,69.57,69.185,69.225,1136096.08657
2026-06-17T18:40:00+00:00,69.23,69.79,69.22,69.7,508015.02625199995
2026-06-17T18:45:00+00:00,69.69,69.98,69.64,69.98,652281.6027449999
2026-06-17T18:50:00+00:00,69.97,69.98,69.755,69.87,337370.258215
2026-06-17T18:55:00+00:00,69.87,69.95,69.7901,69.825,250301.717179
2026-06-17T19:00:00+00:00,69.81,69.815,69.37,69.5,581161.7499599999
2026-06-17T19:05:00+00:00,69.5,69.64,69.385,69.425,448876.896832
2026-06-17T19:10:00+00:00,69.43,69.53,69.33,69.335,290072.905727
2026-06-17T19:15:00+00:00,69.34,69.51,69.14,69.455,673391.53989
2026-06-17T19:20:00+00:00,69.45,69.47,69.065,69.065,348200.386315
2026-06-17T19:25:00+00:00,69.065,69.065,68.76,68.76,1105058.722281
2026-06-17T19:30:00+00:00,68.76,69.07,68.76,68.87,589846.610046
2026-06-17T19:35:00+00:00,68.87,68.99,68.745,68.75,672064.78553
2026-06-17T19:40:00+00:00,68.75,68.86,68.5401,68.565,740574.132395
2026-06-17T19:45:00+00:00,68.57,68.64,68.54,68.61,645092.515355
2026-06-17T19:50:00+00:00,68.62,68.73,68.575,68.62,709876.9539109999
2026-06-17T19:55:00+00:00,68.62,68.69,68.41,68.54,1996814.9379109999
2026-06-17T20:00:00+00:00,68.53,68.695,68.515,68.58,2617378.447657
2026-06-17T20:05:00+00:00,68.56,68.73,68.35,68.57,247311.172629
2026-06-17T20:10:00+00:00,68.57,68.57,68.55,68.55,2007.0
2026-06-17T20:15:00+00:00,68.52,68.53,68.52,68.52,847.0
2026-06-17T20:30:00+00:00,68.52,68.56,68.52,68.56,8872.0
2026-06-17T20:35:00+00:00,68.56,68.57,68.56,68.56,19126.0
2026-06-17T20:40:00+00:00,68.54,68.55,68.54,68.55,10116.0
2026-06-17T21:05:00+00:00,68.56,68.56,68.55,68.55,3527.0
2026-06-17T21:10:00+00:00,68.55,68.55,68.55,68.55,6400.0
2026-06-17T21:40:00+00:00,68.55,68.55,68.55,68.55,500.0
2026-06-17T21:45:00+00:00,68.55,68.55,68.55,68.55,200.0
2026-06-17T21:50:00+00:00,68.52,68.52,68.52,68.52,110.0
2026-06-17T22:00:00+00:00,68.4721,68.56,68.4721,68.56,1100.0
2026-06-17T22:15:00+00:00,68.56,68.56,68.56,68.56,202.0
2026-06-17T22:55:00+00:00,68.52,68.52,68.52,68.52,213.0
2026-06-17T23:15:00+00:00,68.6,68.6,68.6,68.6,529.0
2026-06-18T08:05:00+00:00,70.09,70.09,70.0,70.08,18735.340593
2026-06-18T08:10:00+00:00,70.09,70.1,69.94,69.95,2518.0
2026-06-18T08:20:00+00:00,70.05,70.05,70.03,70.03,1950.0
2026-06-18T08:25:00+00:00,70.06,70.06,70.06,70.06,11629.0
2026-06-18T08:50:00+00:00,70.29,70.29,70.29,70.29,1004.0
2026-06-18T11:10:00+00:00,69.8,69.8,69.8,69.8,3982.0
2026-06-18T11:15:00+00:00,69.8,69.8,69.8,69.8,11352.0
2026-06-18T11:35:00+00:00,69.75,69.81,69.75,69.81,1231.0
2026-06-18T11:40:00+00:00,69.78,69.78,69.78,69.78,120.573
2026-06-18T12:05:00+00:00,69.8,69.8,69.73,69.73,15802.0
2026-06-18T12:10:00+00:00,69.76,69.76,69.76,69.76,163.0
2026-06-18T12:15:00+00:00,69.81,69.9,69.81,69.9,12215.0
2026-06-18T12:20:00+00:00,69.9,69.9,69.8865,69.9,8850.0
2026-06-18T12:25:00+00:00,69.95,69.96,69.95,69.96,627.0
2026-06-18T12:30:00+00:00,69.96,69.98,69.9538,69.9538,628.0
2026-06-18T12:45:00+00:00,70.06,70.06,70.027,70.027,200.0
2026-06-18T13:00:00+00:00,70.0371,70.09,70.0371,70.0799,31209.0
2026-06-18T13:05:00+00:00,70.06,70.06,70.01,70.01,2337.0
2026-06-18T13:10:00+00:00,70.0,70.03,69.99,70.03,17976.0
2026-06-18T13:15:00+00:00,70.0494,70.1,70.0494,70.1,3063.0
2026-06-18T13:20:00+00:00,70.09,70.11,70.07,70.11,33194.0
2026-06-18T13:25:00+00:00,70.1,70.1,70.07,70.09,13828.0
2026-06-18T13:30:00+00:00,70.12,70.22,70.11,70.2,21759.0
2026-06-18T13:35:00+00:00,70.18,70.395,70.17,70.3,877001.851296
2026-06-18T13:40:00+00:00,70.27,70.375,70.18,70.265,977476.333859
2026-06-18T13:45:00+00:00,70.26,70.31,70.165,70.2,336800.706248
2026-06-18T13:50:00+00:00,70.21,70.375,70.21,70.37,465544.913774
2026-06-18T13:55:00+00:00,70.36,70.375,70.215,70.22,374509.827221
2026-06-18T14:00:00+00:00,70.2299,70.28,70.15,70.26,194391.370054
2026-06-18T14:05:00+00:00,70.26,70.415,70.215,70.38,284684.469201
2026-06-18T14:10:00+00:00,70.38,70.425,70.33,70.375,800603.234207
2026-06-18T14:15:00+00:00,70.375,70.395,70.29,70.35,421024.930138
2026-06-18T14:20:00+00:00,70.35,70.525,70.28,70.505,453120.984606
2026-06-18T14:25:00+00:00,70.51,70.71,70.47,70.7,1217354.963272
2026-06-18T14:30:00+00:00,70.7,70.71,70.5,70.52,811732.884984
2026-06-18T14:35:00+00:00,70.52,70.59,70.46,70.59,158203.62148899998
2026-06-18T14:40:00+00:00,70.59,70.7055,70.57,70.68,263364.086357
2026-06-18T14:45:00+00:00,70.68,70.685,70.6,70.625,6959202.224938001
2026-06-18T14:50:00+00:00,70.625,70.74,70.62,70.72,1197246.2503590002
2026-06-18T14:55:00+00:00,70.72,70.72,70.6,70.64,186905.333093
2026-06-18T15:00:00+00:00,70.65,70.73,70.64,70.69,174312.098528
2026-06-18T15:05:00+00:00,70.685,70.74,70.64,70.735,507268.345292
2026-06-18T15:10:00+00:00,70.73,70.745,70.665,70.72,213778.58534199998
2026-06-18T15:15:00+00:00,70.73,70.75,70.62,70.62,195905.225509
2026-06-18T15:20:00+00:00,70.625,70.68,70.61,70.625,147408.001044
2026-06-18T15:25:00+00:00,70.635,70.7063,70.59,70.595,220065.43709000002
2026-06-18T15:30:00+00:00,70.61,70.685,70.555,70.565,276623.45017
2026-06-18T15:35:00+00:00,70.57,70.635,70.51,70.56,832220.0782
2026-06-18T15:40:00+00:00,70.55,70.55,70.4,70.485,986722.5500439999
2026-06-18T15:45:00+00:00,70.48,70.555,70.45,70.485,335958.445975
2026-06-18T15:50:00+00:00,70.47,70.53,70.43,70.505,217780.911545
2026-06-18T15:55:00+00:00,70.51,70.61,70.51,70.525,260616.79110100004
2026-06-18T16:00:00+00:00,70.53,70.58,70.525,70.54,314275.984088
2026-06-18T16:05:00+00:00,70.54,70.605,70.535,70.57,282865.748984
2026-06-18T16:10:00+00:00,70.57,70.63,70.56,70.585,305893.720499
2026-06-18T16:15:00+00:00,70.585,70.605,70.56,70.605,145690.289591
2026-06-18T16:20:00+00:00,70.61,70.62,70.555,70.585,187856.607317
2026-06-18T16:25:00+00:00,70.585,70.65,70.585,70.64,234087.087527
2026-06-18T16:30:00+00:00,70.63,70.665,70.62,70.63,91252.00734
2026-06-18T16:35:00+00:00,70.635,70.65,70.62,70.6465,122271.07014
2026-06-18T16:40:00+00:00,70.65,70.7,70.605,70.6999,239961.865658
2026-06-18T16:45:00+00:00,70.695,70.73,70.69,70.705,500429.32831
2026-06-18T16:50:00+00:00,70.705,70.72,70.68,70.695,235623.317014
2026-06-18T16:55:00+00:00,70.695,70.695,70.615,70.615,261982.9932
2026-06-18T17:00:00+00:00,70.615,70.655,70.57,70.65,107025.479782
2026-06-18T17:05:00+00:00,70.66,70.665,70.605,70.665,160415.01118200002
2026-06-18T17:10:00+00:00,70.665,70.73,70.6607,70.72,297257.70571199997
2026-06-18T17:15:00+00:00,70.715,70.75,70.71,70.73,157581.724927
2026-06-18T17:20:00+00:00,70.73,70.79,70.705,70.78,147192.202828
2026-06-18T17:25:00+00:00,70.78,70.79,70.755,70.755,148488.817466
2026-06-18T17:30:00+00:00,70.76,70.77,70.75,70.765,178021.92215600002
2026-06-18T17:35:00+00:00,70.765,70.825,70.765,70.82,139589.051627
2026-06-18T17:40:00+00:00,70.815,70.83,70.77,70.785,170102.80615800002
2026-06-18T17:45:00+00:00,70.79,70.8398,70.78,70.825,216286.542354
2026-06-18T17:50:00+00:00,70.83,70.8398,70.795,70.815,139278.57214399998
2026-06-18T17:55:00+00:00,70.815,70.87,70.805,70.84,142031.704446
2026-06-18T18:00:00+00:00,70.83,70.84,70.79,70.805,165926.838316
2026-06-18T18:05:00+00:00,70.805,70.82,70.77,70.78,212013.98978400003
2026-06-18T18:10:00+00:00,70.78,70.835,70.765,70.83,183833.993187
2026-06-18T18:15:00+00:00,70.8242,70.86,70.8242,70.8498,137342.30686900002
2026-06-18T18:20:00+00:00,70.84,70.86,70.8,70.85,135831.319161
2026-06-18T18:25:00+00:00,70.845,70.86,70.815,70.835,125682.230473
2026-06-18T18:30:00+00:00,70.84,70.86,70.79,70.795,240964.431923
2026-06-18T18:35:00+00:00,70.79,70.79,70.745,70.775,275835.36921100004
2026-06-18T18:40:00+00:00,70.775,70.78,70.74,70.75,170814.208033
2026-06-18T18:45:00+00:00,70.755,70.77,70.74,70.7484,174389.925865
2026-06-18T18:50:00+00:00,70.745,70.7699,70.735,70.765,117854.204149
2026-06-18T18:55:00+00:00,70.7699,70.79,70.735,70.78,160100.11299
2026-06-18T19:00:00+00:00,70.77,70.79,70.75,70.755,131008.12671199998
2026-06-18T19:05:00+00:00,70.755,70.755,70.635,70.6651,271123.569428
2026-06-18T19:10:00+00:00,70.66,70.69,70.65,70.67,189329.950435
2026-06-18T19:15:00+00:00,70.67,70.67,70.615,70.64,254601.18076699998
2026-06-18T19:20:00+00:00,70.645,70.69,70.62,70.69,308997.842143
2026-06-18T19:25:00+00:00,70.685,70.73,70.655,70.655,168315.459287
2026-06-18T19:30:00+00:00,70.66,70.69,70.64,70.665,323792.07510300004
2026-06-18T19:35:00+00:00,70.665,70.71,70.65,70.7,528799.229462
2026-06-18T19:40:00+00:00,70.695,70.75,70.69,70.745,392348.071926
2026-06-18T19:45:00+00:00,70.745,70.815,70.745,70.8,936388.166253
2026-06-18T19:50:00+00:00,70.805,70.87,70.8,70.855,680862.7979659999
2026-06-18T19:55:00+00:00,70.85,70.92,70.81,70.855,1959414.545858
2026-06-18T20:00:00+00:00,70.85,70.855,70.75,70.78,2987949.231743
2026-06-18T20:05:00+00:00,70.79,70.81,70.74,70.81,221882.95976
2026-06-18T20:10:00+00:00,70.79,70.79,70.79,70.79,5324.0
2026-06-18T20:15:00+00:00,70.79,70.81,70.79,70.81,502310.0
2026-06-18T20:20:00+00:00,70.79,70.79,70.78,70.78,2308.592803
2026-06-18T20:25:00+00:00,70.8,70.8,70.8,70.8,257.0
2026-06-18T20:30:00+00:00,70.8092,70.8092,70.8092,70.8092,250.0
2026-06-18T20:35:00+00:00,70.8,71.0,70.8,70.8,20221.0
2026-06-18T21:05:00+00:00,70.89,70.9399,70.89,70.9399,19817.0
2026-06-18T21:45:00+00:00,70.9,70.9,70.9,70.9,2312.0
2026-06-18T22:00:00+00:00,70.9,70.9,70.9,70.9,120.0
2026-06-18T22:10:00+00:00,70.91,71.0,70.91,71.0,22668.0
2026-06-18T22:20:00+00:00,71.0,71.0,71.0,71.0,100.120384
2026-06-18T22:40:00+00:00,70.94,70.94,70.94,70.94,250.0
2026-06-18T22:45:00+00:00,70.75,70.75,70.75,70.75,1006.0
2026-06-18T22:55:00+00:00,70.902,70.902,70.85,70.85,800.0
2026-06-18T23:05:00+00:00,70.87,70.87,70.7585,70.7585,300.0
2026-06-18T23:15:00+00:00,70.8805,70.9,70.8805,70.9,1600.0
2026-06-18T23:30:00+00:00,70.87,70.89,70.87,70.89,600.0
2026-06-22T08:10:00+00:00,70.68,70.69,70.26,70.68,2518.0
2026-06-22T09:15:00+00:00,70.8,70.8,70.64,70.64,1795.0
2026-06-22T10:10:00+00:00,70.89,70.89,70.89,70.89,1501.0
2026-06-22T11:05:00+00:00,70.9,70.95,70.81,70.95,3485.893
2026-06-22T11:10:00+00:00,71.06,71.13,71.06,71.13,2685.0
2026-06-22T11:20:00+00:00,71.05,71.05,71.05,71.05,102.0
2026-06-22T11:30:00+00:00,71.08,71.08,71.08,71.08,100.0
2026-06-22T12:15:00+00:00,71.37,71.37,71.37,71.37,100.0
2026-06-22T12:25:00+00:00,71.14,71.14,71.14,71.14,174.0
2026-06-22T12:30:00+00:00,71.2,71.2,71.2,71.2,100.0
2026-06-22T12:35:00+00:00,71.2,71.21,71.2,71.2,2753.0
2026-06-22T12:40:00+00:00,71.3327,71.3327,71.3327,71.3327,204.0
2026-06-22T12:45:00+00:00,71.175,71.175,71.175,71.175,200.0
2026-06-22T12:50:00+00:00,71.16,71.17,71.15,71.15,1464.102461
2026-06-22T12:55:00+00:00,71.1892,71.1892,71.1892,71.1892,200.0
2026-06-22T13:00:00+00:00,71.13,71.13,71.11,71.11,8414.0
2026-06-22T13:05:00+00:00,71.2,71.24,71.2,71.22,3013.0
2026-06-22T13:10:00+00:00,71.2,71.2,71.16,71.16,1179.0
2026-06-22T13:15:00+00:00,71.18,71.18,71.18,71.18,5276.0
2026-06-22T13:20:00+00:00,71.37,71.3761,71.33,71.33,2237.0
2026-06-22T13:25:00+00:00,71.35,71.38,71.35,71.36,1959.847826
2026-06-22T13:30:00+00:00,71.34,71.34,71.28,71.3,8931.0
2026-06-22T13:35:00+00:00,71.29,71.32,71.22,71.3,637656.95046
2026-06-22T13:40:00+00:00,71.3,71.57,71.3,71.54,485363.613755
2026-06-22T13:45:00+00:00,71.535,71.55,71.135,71.175,364813.37439
2026-06-22T13:50:00+00:00,71.18,71.435,71.18,71.35,1198089.952144
2026-06-22T13:55:00+00:00,71.35,71.3899,71.29,71.33,300335.419534
2026-06-22T14:00:00+00:00,71.32,71.44,71.305,71.41,319112.562288
2026-06-22T14:05:00+00:00,71.4,71.45,71.37,71.44,282193.715039
2026-06-22T14:10:00+00:00,71.43,71.57,71.41,71.5099,470247.40587200003
2026-06-22T14:15:00+00:00,71.51,71.535,71.405,71.43,432139.49062500003
2026-06-22T14:20:00+00:00,71.42,71.465,71.35,71.395,180444.99165399998
2026-06-22T14:25:00+00:00,71.39,71.405,71.25,71.295,183769.076084
2026-06-22T14:30:00+00:00,71.3,71.34,71.19,71.235,132921.89022399997
2026-06-22T14:35:00+00:00,71.25,71.255,71.05,71.15,322605.21162099997
2026-06-22T14:40:00+00:00,71.14,71.26,71.13,71.19,281882.690452
2026-06-22T14:45:00+00:00,71.19,71.25,71.11,71.11,209283.234312
2026-06-22T14:50:00+00:00,71.11,71.27,71.11,71.19,484766.688851
2026-06-22T14:55:00+00:00,71.185,71.23,71.06,71.06,221779.30969899998
2026-06-22T15:00:00+00:00,71.065,71.23,71.015,71.23,376759.427197
2026-06-22T15:05:00+00:00,71.23,71.33,71.21,71.31,284298.962728
2026-06-22T15:10:00+00:00,71.31,71.33,71.225,71.275,276011.37732900004
2026-06-22T15:15:00+00:00,71.275,71.325,71.245,71.265,170520.09683199998
2026-06-22T15:20:00+00:00,71.265,71.285,71.14,71.165,296500.25561600004
2026-06-22T15:25:00+00:00,71.165,71.24,71.13,71.22,171997.15686
2026-06-22T15:30:00+00:00,71.22,71.24,71.125,71.16,322964.37604700006
2026-06-22T15:35:00+00:00,71.17,71.23,71.1499,71.1499,440323.963312
2026-06-22T15:40:00+00:00,71.145,71.245,71.1,71.23,486777.972931
2026-06-22T15:45:00+00:00,71.24,71.38,71.24,71.335,144289.444965
2026-06-22T15:50:00+00:00,71.34,71.375,71.12,71.12,177648.428144
2026-06-22T15:55:00+00:00,71.14,71.215,71.095,71.095,124753.559044
2026-06-22T16:00:00+00:00,71.08,71.175,71.065,71.12,434339.659778
2026-06-22T16:05:00+00:00,71.13,71.14,70.985,71.015,103739.491546
2026-06-22T16:10:00+00:00,71.01,71.11,71.005,71.1,76622.475457
2026-06-22T16:15:00+00:00,71.13,71.195,71.1,71.19,70157.94972199999
2026-06-22T16:20:00+00:00,71.19,71.2,71.14,71.2,81995.883908
2026-06-22T16:25:00+00:00,71.205,71.27,71.185,71.21,111845.937373
2026-06-22T16:30:00+00:00,71.21,71.24,71.185,71.23,28008.769995
2026-06-22T16:35:00+00:00,71.225,71.23,71.165,71.18,212212.641711
2026-06-22T16:40:00+00:00,71.175,71.19,71.14,71.17,92924.64655800001
2026-06-22T16:45:00+00:00,71.17,71.2,71.13,71.19,132961.341262
2026-06-22T16:50:00+00:00,71.185,71.255,71.155,71.255,114718.10392200001
2026-06-22T16:55:00+00:00,71.255,71.3,71.2401,71.29,52524.014364999995
2026-06-22T17:00:00+00:00,71.295,71.345,71.255,71.31,305441.064161
2026-06-22T17:05:00+00:00,71.32,71.34,71.28,71.33,78868.15433800001
2026-06-22T17:10:00+00:00,71.33,71.33,71.21,71.22,149613.13342500004
2026-06-22T17:15:00+00:00,71.2299,71.27,71.21,71.26,94072.47057199999
2026-06-22T17:20:00+00:00,71.28,71.35,71.28,71.335,117888.210566
2026-06-22T17:25:00+00:00,71.335,71.37,71.3241,71.35,86663.911535
2026-06-22T17:30:00+00:00,71.35,71.36,71.32,71.32,813533.163275
2026-06-22T17:35:00+00:00,71.32,71.34,71.26,71.27,219221.059893
2026-06-22T17:40:00+00:00,71.265,71.29,71.23,71.275,311368.803854
2026-06-22T17:45:00+00:00,71.28,71.285,71.24,71.26,136261.567391
2026-06-22T17:50:00+00:00,71.2502,71.29,71.2402,71.28,562986.156362
2026-06-22T17:55:00+00:00,71.2895,71.32,71.255,71.315,72736.653175
2026-06-22T18:00:00+00:00,71.31,71.315,71.2399,71.2399,241565.09360199998
2026-06-22T18:05:00+00:00,71.24,71.28,71.22,71.245,333915.289087
2026-06-22T18:10:00+00:00,71.245,71.265,71.23,71.255,428697.316188
2026-06-22T18:15:00+00:00,71.255,71.275,71.215,71.225,253584.050584
2026-06-22T18:20:00+00:00,71.225,71.25,71.22,71.23,245843.14742100003
2026-06-22T18:25:00+00:00,71.24,71.28,71.22,71.26,494310.297983
2026-06-22T18:30:00+00:00,71.265,71.265,71.19,71.215,141400.941476
2026-06-22T18:35:00+00:00,71.215,71.24,71.165,71.17,255123.9533
2026-06-22T18:40:00+00:00,71.175,71.185,71.1424,71.15,63209.129067
2026-06-22T18:45:00+00:00,71.15,71.15,71.095,71.095,88736.07222
2026-06-22T18:50:00+00:00,71.095,71.17,71.095,71.1651,48224.257673
2026-06-22T18:55:00+00:00,71.165,71.165,71.09,71.13,214469.861483
2026-06-22T19:00:00+00:00,71.12,71.125,71.085,71.095,63546.169200000004
2026-06-22T19:05:00+00:00,71.1,71.185,71.095,71.175,113394.46095699999
2026-06-22T19:10:00+00:00,71.17,71.17,71.09,71.13,80934.550075
2026-06-22T19:15:00+00:00,71.13,71.18,71.115,71.145,59958.614697
2026-06-22T19:20:00+00:00,71.15,71.15,71.105,71.13,124477.004874
2026-06-22T19:25:00+00:00,71.125,71.14,71.055,71.075,157809.88871000003
2026-06-22T19:30:00+00:00,71.075,71.08,71.04,71.04,1613783.166151
2026-06-22T19:35:00+00:00,71.045,71.1,71.03,71.08,331719.538696
2026-06-22T19:40:00+00:00,71.085,71.115,71.05,71.0993,100481.105826
2026-06-22T19:45:00+00:00,71.09,71.1199,71.04,71.05,156146.711993
2026-06-22T19:50:00+00:00,71.045,71.0969,71.035,71.095,188530.547868
2026-06-22T19:55:00+00:00,71.09,71.18,71.08,71.14,466493.35767399997
2026-06-22T20:00:00+00:00,71.145,71.24,71.145,71.18,1689265.1463159998
2026-06-22T20:05:00+00:00,71.18,71.25,71.18,71.23,32422.78894
2026-06-22T20:10:00+00:00,71.22,71.22,71.22,71.22,1000.0
2026-06-22T20:20:00+00:00,71.23,71.23,71.23,71.23,608.0
2026-06-22T20:25:00+00:00,71.27,71.27,71.27,71.27,191.0
2026-06-22T20:30:00+00:00,71.27,71.27,71.27,71.27,250.0
2026-06-22T22:10:00+00:00,71.21,71.21,71.15,71.15,2242.0
2026-06-23T08:05:00+00:00,68.02,69.79,67.66,69.79,4669.299772
2026-06-23T08:10:00+00:00,68.58,69.78,67.31,67.31,5167.0
2026-06-23T08:15:00+00:00,67.88,67.88,67.43,67.43,5497.0
2026-06-23T08:20:00+00:00,67.41,67.42,67.3,67.42,8665.0
2026-06-23T08:25:00+00:00,67.29,67.29,67.27,67.27,2586.0
2026-06-23T08:30:00+00:00,67.28,67.3,67.28,67.3,2952.0
2026-06-23T08:45:00+00:00,67.31,67.31,67.31,67.31,339.0
2026-06-23T08:55:00+00:00,67.26,67.26,67.26,67.26,1293.0
2026-06-23T09:15:00+00:00,67.43,67.43,67.43,67.43,340.0
2026-06-23T10:25:00+00:00,67.62,67.62,67.61,67.61,9865.0
2026-06-23T10:30:00+00:00,67.61,67.62,67.48,67.48,11168.0
2026-06-23T10:35:00+00:00,67.41,67.51,67.41,67.5,1728.0
2026-06-23T10:50:00+00:00,67.47,67.47,67.47,67.47,500.0
2026-06-23T11:05:00+00:00,67.48,67.59,67.48,67.59,5076.766
2026-06-23T11:10:00+00:00,67.44,67.55,67.41,67.55,6167.0
2026-06-23T11:15:00+00:00,67.58,67.59,67.58,67.59,1809.0
2026-06-23T11:20:00+00:00,67.58,67.58,67.58,67.58,303.0
2026-06-23T11:25:00+00:00,68.48,68.48,68.12,68.12,726.0
2026-06-23T11:30:00+00:00,67.81,67.81,67.53,67.53,11314.0
2026-06-23T11:35:00+00:00,68.0,68.0,67.64,67.75,24187.0
2026-06-23T11:40:00+00:00,67.75,67.75,67.75,67.75,4555.645
2026-06-23T11:45:00+00:00,67.8,67.8,67.71,67.71,4182.0
2026-06-23T12:05:00+00:00,67.77,67.77,67.65,67.65,4028.0
2026-06-23T12:10:00+00:00,67.78,67.78,67.73,67.73,1000.0
2026-06-23T12:15:00+00:00,67.62,67.64,67.62,67.64,484.0
2026-06-23T12:20:00+00:00,67.65,67.65,67.62,67.62,4148.0
2026-06-23T12:25:00+00:00,67.531,67.56,67.48,67.55,16412.0
2026-06-23T12:30:00+00:00,67.46,67.48,67.41,67.41,152060.446
2026-06-23T12:35:00+00:00,67.41,67.51,67.39,67.39,11032.190999999999
2026-06-23T12:40:00+00:00,67.42,67.45,67.42,67.45,16210.0
2026-06-23T12:45:00+00:00,67.45,67.5,67.4,67.5,891.0
2026-06-23T12:50:00+00:00,67.513,67.513,67.43,67.43,7262.0
2026-06-23T13:00:00+00:00,67.57,67.57,67.43,67.43,3294.0
2026-06-23T13:05:00+00:00,67.43,67.43,67.33,67.33,3197.0
2026-06-23T13:10:00+00:00,67.3156,67.38,67.3,67.3,2444.0
2026-06-23T13:15:00+00:00,67.31,67.53,67.26,67.26,55621.0
2026-06-23T13:20:00+00:00,67.48,67.48,67.26,67.3161,1229.0
2026-06-23T13:25:00+00:00,67.3,67.3,67.3,67.3,504.0
2026-06-23T13:30:00+00:00,67.36,67.49,67.17,67.24,74170.0
2026-06-23T13:35:00+00:00,67.245,67.6,67.18,67.59,1910242.388266
2026-06-23T13:40:00+00:00,67.6,67.62,67.41,67.585,1969761.0014459998
2026-06-23T13:45:00+00:00,67.58,67.69,67.54,67.57,1052959.384852
2026-06-23T13:50:00+00:00,67.57,67.775,67.49,67.69,524195.5117130001
2026-06-23T13:55:00+00:00,67.69,67.965,67.67,67.865,637795.630028
2026-06-23T14:00:00+00:00,67.86,67.895,67.695,67.875,593737.236639
2026-06-23T14:05:00+00:00,67.87,68.035,67.855,68.02,1091952.679096
2026-06-23T14:10:00+00:00,68.02,68.02,67.85,67.945,465097.369464
2026-06-23T14:15:00+00:00,67.945,68.09,67.91,68.08,371125.054767
2026-06-23T14:20:00+00:00,68.08,68.175,68.01,68.17,596205.2395039999
2026-06-23T14:25:00+00:00,68.17,68.23,68.0,68.03,374687.41469699994
2026-06-23T14:30:00+00:00,68.03,68.04,67.875,67.98,841561.438422
2026-06-23T14:35:00+00:00,67.98,67.98,67.725,67.795,396355.42534099997
2026-06-23T14:40:00+00:00,67.79,67.925,67.72,67.735,236299.13196
2026-06-23T14:45:00+00:00,67.745,67.82,67.69,67.715,522279.026143
2026-06-23T14:50:00+00:00,67.72,67.76,67.6108,67.725,601088.368278
2026-06-23T14:55:00+00:00,67.725,67.8724,67.68,67.71,540492.602011
2026-06-23T15:00:00+00:00,67.71,67.795,67.635,67.795,246334.176142
2026-06-23T15:05:00+00:00,67.8,67.89,67.76,67.795,282264.787803
2026-06-23T15:10:00+00:00,67.8,67.82,67.63,67.68,642749.2799409999
2026-06-23T15:15:00+00:00,67.69,67.72,67.63,67.715,734252.5964169999
2026-06-23T15:20:00+00:00,67.72,67.74,67.5343,67.55,196540.49998899997
2026-06-23T15:25:00+00:00,67.55,67.61,67.495,67.52,166946.34851
2026-06-23T15:30:00+00:00,67.52,67.555,67.435,67.48,391413.107216
2026-06-23T15:35:00+00:00,67.475,67.61,67.46,67.53,709613.823416
2026-06-23T15:40:00+00:00,67.535,67.615,67.44,67.46,441563.23694000003
2026-06-23T15:45:00+00:00,67.46,67.53,67.43,67.51,197515.70860699998
2026-06-23T15:50:00+00:00,67.515,67.57,67.485,67.495,150357.909212
2026-06-23T15:55:00+00:00,67.49,67.71,67.485,67.67,416570.19356
2026-06-23T16:00:00+00:00,67.66,67.72,67.6,67.7,539278.504007
2026-06-23T16:05:00+00:00,67.71,67.805,67.69,67.79,188553.40904
2026-06-23T16:10:00+00:00,67.79,67.83,67.73,67.8017,129073.95474300001
2026-06-23T16:15:00+00:00,67.8,67.88,67.8,67.855,141917.055998
2026-06-23T16:20:00+00:00,67.86,67.875,67.755,67.76,81213.058016
2026-06-23T16:25:00+00:00,67.755,67.77,67.685,67.755,142719.13010500002
2026-06-23T16:30:00+00:00,67.755,67.76,67.68,67.73,95439.17502
2026-06-23T16:35:00+00:00,67.72,67.755,67.655,67.7,101426.569168
2026-06-23T16:40:00+00:00,67.695,67.745,67.685,67.745,73998.25487100001
2026-06-23T16:45:00+00:00,67.74,67.81,67.735,67.81,263079.276518
2026-06-23T16:50:00+00:00,67.81,67.81,67.67,67.7,175807.68871500003
2026-06-23T16:55:00+00:00,67.7,67.7,67.635,67.65,105886.084861
2026-06-23T17:00:00+00:00,67.66,67.68,67.61,67.66,117234.275523
2026-06-23T17:05:00+00:00,67.65,67.65,67.5301,67.55,131293.949991
2026-06-23T17:10:00+00:00,67.55,67.575,67.515,67.565,160325.712212
2026-06-23T17:15:00+00:00,67.56,67.695,67.56,67.62,401574.541866
2026-06-23T17:20:00+00:00,67.625,67.645,67.565,67.58,215098.564747
2026-06-23T17:25:00+00:00,67.6,67.6801,67.585,67.65,82128.60110999999
2026-06-23T17:30:00+00:00,67.65,67.675,67.615,67.63,115249.47691999999
2026-06-23T17:35:00+00:00,67.63,67.64,67.565,67.64,208307.595235
2026-06-23T17:40:00+00:00,67.64,67.665,67.585,67.59,222961.74645500001
2026-06-23T17:45:00+00:00,67.59,67.595,67.54,67.56,112249.462011
2026-06-23T17:50:00+00:00,67.55,67.565,67.52,67.545,173184.06914700003
2026-06-23T17:55:00+00:00,67.545,67.545,67.415,67.415,183708.20395599998
2026-06-23T18:00:00+00:00,67.42,67.43,67.37,67.37,115786.22598699998
2026-06-23T18:05:00+00:00,67.375,67.47,67.37,67.41,121758.301452
2026-06-23T18:10:00+00:00,67.41,67.425,67.33,67.37,151085.091328
2026-06-23T18:15:00+00:00,67.38,67.395,67.355,67.38,141356.231134
2026-06-23T18:20:00+00:00,67.38,67.41,67.315,67.34,264915.42503
2026-06-23T18:25:00+00:00,67.34,67.405,67.31,67.37,111476.49651900001
2026-06-23T18:30:00+00:00,67.38,67.38,67.305,67.33,132669.4455
2026-06-23T18:35:00+00:00,67.32,67.345,67.3,67.3,179957.502549
2026-06-23T18:40:00+00:00,67.3,67.315,67.25,67.255,127410.660347
2026-06-23T18:45:00+00:00,67.255,67.255,67.12,67.13,909759.316032
2026-06-23T18:50:00+00:00,67.13,67.155,67.065,67.155,785238.199482
2026-06-23T18:55:00+00:00,67.16,67.26,67.1401,67.185,397754.217175
2026-06-23T19:00:00+00:00,67.18,67.325,67.15,67.32,152372.683239
2026-06-23T19:05:00+00:00,67.32,67.51,67.285,67.485,298174.298748
2026-06-23T19:10:00+00:00,67.49,67.565,67.34,67.36,297698.760489
2026-06-23T19:15:00+00:00,67.36,67.42,67.33,67.41,269049.744763
2026-06-23T19:20:00+00:00,67.41,67.435,67.28,67.28,142182.55569900002
2026-06-23T19:25:00+00:00,67.285,67.475,67.23,67.42,413921.690429
2026-06-23T19:30:00+00:00,67.42,67.46,67.375,67.415,260643.80205399997
2026-06-23T19:35:00+00:00,67.415,67.455,67.355,67.425,277694.999294
2026-06-23T19:40:00+00:00,67.44,67.47,67.38,67.41,572597.448637
2026-06-23T19:45:00+00:00,67.405,67.43,67.305,67.34,567998.906285
2026-06-23T19:50:00+00:00,67.35,67.355,67.22,67.27,515373.701869
2026-06-23T19:55:00+00:00,67.27,67.335,67.21,67.315,1279050.346504
2026-06-23T20:00:00+00:00,67.32,67.345,67.09,67.15,4750626.85363
2026-06-23T20:05:00+00:00,67.13,67.19,67.11,67.19,84071.919605
2026-06-23T20:10:00+00:00,67.19,67.21,67.18,67.21,16168.0
2026-06-23T20:15:00+00:00,67.2201,67.23,67.2,67.2299,12595.160614
2026-06-23T20:20:00+00:00,67.22,67.22,67.22,67.22,4507.974371
2026-06-23T20:25:00+00:00,67.23,67.28,67.23,67.24,3246.0
2026-06-23T20:30:00+00:00,67.4,67.4,67.4,67.4,10000.0
2026-06-23T21:50:00+00:00,67.36,67.36,67.36,67.36,500.0
2026-06-23T22:30:00+00:00,67.36,67.36,67.35,67.35,301.0
2026-06-23T23:05:00+00:00,67.4205,67.4205,67.4205,67.4205,100.0
2026-06-23T23:45:00+00:00,67.23,67.23,67.23,67.23,101.0
2026-06-24T08:05:00+00:00,67.23,67.27,67.23,67.27,2340.0
2026-06-24T08:40:00+00:00,67.675,67.75,67.62,67.75,6052.0
2026-06-24T09:00:00+00:00,67.65,67.7,67.61,67.7,4417.0
2026-06-24T09:25:00+00:00,67.49,67.49,67.49,67.49,1000.0
2026-06-24T09:30:00+00:00,67.54,67.6,67.51,67.6,1586.0
2026-06-24T11:20:00+00:00,67.52,67.52,67.43,67.43,401.0
2026-06-24T11:30:00+00:00,67.39,67.39,67.39,67.39,100.0
2026-06-24T11:45:00+00:00,67.62,67.62,67.62,67.62,2200.0
2026-06-24T12:00:00+00:00,68.0324,68.0324,68.0324,68.0324,230.0
2026-06-24T12:25:00+00:00,67.69,67.69,67.69,67.69,200.0
2026-06-24T12:35:00+00:00,67.59,67.59,67.54,67.54,1946.0
2026-06-24T12:50:00+00:00,67.49,67.49,67.4,67.4,403.0
2026-06-24T12:55:00+00:00,67.37,67.37,67.32,67.32,1550.0
2026-06-24T13:15:00+00:00,67.302,67.302,67.302,67.302,117.0
2026-06-24T13:20:00+00:00,67.27,67.27,67.27,67.27,387.0
2026-06-24T13:25:00+00:00,67.24,67.26,67.22,67.26,1054.0
2026-06-24T13:30:00+00:00,67.3,67.39,67.3,67.3,6541.0
2026-06-24T13:35:00+00:00,67.38,67.61,67.235,67.47,1159454.052911
2026-06-24T13:40:00+00:00,67.47,67.545,67.24,67.27,469348.10847599996
2026-06-24T13:45:00+00:00,67.26,67.28,66.97,67.14,421429.90435900004
2026-06-24T13:50:00+00:00,67.14,67.24,67.01,67.17,952838.844632
2026-06-24T13:55:00+00:00,67.16,67.51,67.15,67.47,480180.501392
2026-06-24T14:00:00+00:00,67.48,67.48,67.25,67.3,320525.420394
2026-06-24T14:05:00+00:00,67.31,67.37,67.21,67.275,396817.824258
2026-06-24T14:10:00+00:00,67.27,67.39,67.27,67.37,475249.991636
2026-06-24T14:15:00+00:00,67.375,67.42,67.21,67.27,585868.1925429999
2026-06-24T14:20:00+00:00,67.27,67.32,67.09,67.095,204279.94619400002
2026-06-24T14:25:00+00:00,67.095,67.275,66.97,67.26,374606.72167500004
2026-06-24T14:30:00+00:00,67.26,67.425,67.25,67.34,118731.399507
2026-06-24T14:35:00+00:00,67.35,67.505,67.345,67.49,168281.020669
2026-06-24T14:40:00+00:00,67.4807,67.535,67.335,67.34,357873.67334100005
2026-06-24T14:45:00+00:00,67.34,67.47,67.32,67.465,135827.34173999997
2026-06-24T14:50:00+00:00,67.47,67.57,67.44,67.47,163400.06459800003
2026-06-24T14:55:00+00:00,67.48,67.53,67.38,67.39,197537.540399
2026-06-24T15:00:00+00:00,67.39,67.5,67.34,67.5,381104.565703
2026-06-24T15:05:00+00:00,67.51,67.545,67.43,67.45,376290.894218
2026-06-24T15:10:00+00:00,67.45,67.47,67.315,67.35,268896.615406
2026-06-24T15:15:00+00:00,67.355,67.39,67.27,67.34,204973.862128
2026-06-24T15:20:00+00:00,67.345,67.445,67.315,67.445,233967.40538399998
2026-06-24T15:25:00+00:00,67.445,67.45,67.325,67.335,207152.71367
2026-06-24T15:30:00+00:00,67.335,67.485,67.27,67.485,274632.937685
2026-06-24T15:35:00+00:00,67.485,67.49,67.4,67.42,213868.185582
2026-06-24T15:40:00+00:00,67.41,67.445,67.32,67.32,160938.05379399998
2026-06-24T15:45:00+00:00,67.34,67.375,67.285,67.335,317470.754429
2026-06-24T15:50:00+00:00,67.34,67.405,67.26,67.395,224908.334062
2026-06-24T15:55:00+00:00,67.4,67.425,67.34,67.36,169603.911091
2026-06-24T16:00:00+00:00,67.37,67.385,67.31,67.34,121072.59927199999
2026-06-24T16:05:00+00:00,67.34,67.385,67.31,67.345,225962.63963199998
2026-06-24T16:10:00+00:00,67.34,67.37,67.29,67.36,106935.562166
2026-06-24T16:15:00+00:00,67.355,67.4399,67.33,67.4,77500.87971699999
2026-06-24T16:20:00+00:00,67.41,67.44,67.4,67.44,121602.43843000001
2026-06-24T16:25:00+00:00,67.43,67.49,67.42,67.45,71157.907521
2026-06-24T16:30:00+00:00,67.45,67.47,67.39,67.465,128354.620149
2026-06-24T16:35:00+00:00,67.46,67.46,67.39,67.4,44247.091594
2026-06-24T16:40:00+00:00,67.41,67.45,67.275,67.275,171254.363427
2026-06-24T16:45:00+00:00,67.28,67.285,67.18,67.24,270910.85000800004
2026-06-24T16:50:00+00:00,67.23,67.235,67.18,67.23,143469.109806
2026-06-24T16:55:00+00:00,67.21,67.25,67.14,67.14,86189.83961
2026-06-24T17:00:00+00:00,67.135,67.16,67.095,67.12,284841.163799
2026-06-24T17:05:00+00:00,67.12,67.2,67.105,67.195,95598.083294
2026-06-24T17:10:00+00:00,67.195,67.195,66.96,66.995,157376.388381
2026-06-24T17:15:00+00:00,67.0,67.04,66.935,66.975,77570.86465900001
2026-06-24T17:20:00+00:00,66.97,67.02,66.855,66.865,190015.463995
2026-06-24T17:25:00+00:00,66.87,66.87,66.7648,66.775,153295.399412
2026-06-24T17:30:00+00:00,66.76,66.775,66.67,66.68,131553.891446
2026-06-24T17:35:00+00:00,66.68,66.755,66.63,66.745,274157.822289
2026-06-24T17:40:00+00:00,66.75,66.81,66.66,66.73,155649.241366
2026-06-24T17:45:00+00:00,66.73,66.76,66.645,66.66,84575.366003
2026-06-24T17:50:00+00:00,66.67,66.74,66.615,66.71,122932.88709199999
2026-06-24T17:55:00+00:00,66.7,66.73,66.66,66.72,597881.62191
2026-06-24T18:00:00+00:00,66.73,66.775,66.615,66.625,205977.050473
2026-06-24T18:05:00+00:00,66.63,66.71,66.61,66.6385,126005.570878
2026-06-24T18:10:00+00:00,66.6323,66.75,66.6323,66.75,227501.265138
2026-06-24T18:15:00+00:00,66.74,66.78,66.725,66.765,117803.316639
2026-06-24T18:20:00+00:00,66.765,66.945,66.765,66.93,329134.577469
2026-06-24T18:25:00+00:00,66.94,66.985,66.89,66.985,77727.26135
2026-06-24T18:30:00+00:00,66.99,67.03,66.985,67.0,138799.572627
2026-06-24T18:35:00+00:00,67.01,67.02,66.95,66.96,68540.75099
2026-06-24T18:40:00+00:00,66.955,66.97,66.87,66.89,49290.028942
2026-06-24T18:45:00+00:00,66.87,66.88,66.82,66.865,177937.18631
2026-06-24T18:50:00+00:00,66.86,66.86,66.69,66.72,875568.4512949999
2026-06-24T18:55:00+00:00,66.73,66.76,66.68,66.75,91148.170421
2026-06-24T19:00:00+00:00,66.755,66.82,66.705,66.725,88484.921073
2026-06-24T19:05:00+00:00,66.73,66.86,66.66,66.815,97995.92932100002
2026-06-24T19:10:00+00:00,66.81,66.81,66.605,66.65,197343.346922
2026-06-24T19:15:00+00:00,66.64,66.675,66.595,66.67,138058.239905
2026-06-24T19:20:00+00:00,66.67,66.67,66.61,66.655,59842.413812
2026-06-24T19:25:00+00:00,66.66,66.75,66.64,66.75,56230.91862099999
2026-06-24T19:30:00+00:00,66.75,66.885,66.75,66.87,118034.055427
2026-06-24T19:35:00+00:00,66.87,66.96,66.86,66.9,132511.08633999998
2026-06-24T19:40:00+00:00,66.9,67.0,66.865,66.99,183866.88135500002
2026-06-24T19:45:00+00:00,67.0,67.03,66.885,66.96,939260.494669
2026-06-24T19:50:00+00:00,66.955,67.05,66.9501,67.04,386347.010525
2026-06-24T19:55:00+00:00,67.04,67.23,66.99,67.2123,537496.197797
2026-06-24T20:00:00+00:00,67.22,67.265,67.135,67.255,2142108.355538
2026-06-24T20:05:00+00:00,67.25,67.7,67.23,67.7,71775.875181
2026-06-24T20:10:00+00:00,67.77,68.12,67.76,68.12,46373.0
2026-06-24T20:15:00+00:00,68.19,68.27,68.12,68.12,50810.69492
2026-06-24T20:20:00+00:00,68.07,68.12,68.07,68.12,31802.423507
2026-06-24T20:25:00+00:00,68.16,68.51,68.15,68.51,8007.0
2026-06-24T20:30:00+00:00,68.59,68.75,68.59,68.71,8106.0
2026-06-24T20:35:00+00:00,68.68,68.68,68.68,68.68,700.0
2026-06-24T20:40:00+00:00,68.62,68.8,68.6,68.71,53558.0
2026-06-24T20:45:00+00:00,68.78,68.8,68.78,68.8,1464.0
2026-06-24T20:50:00+00:00,68.92,68.94,68.73,68.86,128180.172924
2026-06-24T20:55:00+00:00,68.8,68.8,68.8,68.8,326.0
2026-06-24T21:00:00+00:00,68.86,68.98,68.83,68.97,30687.0
2026-06-24T21:25:00+00:00,68.9,68.93,68.65,68.93,10337.0
2026-06-24T21:45:00+00:00,68.9743,68.9743,68.9743,68.9743,200.0
2026-06-24T22:00:00+00:00,68.73,68.73,68.73,68.73,300.0
2026-06-24T22:05:00+00:00,68.93,68.96,68.93,68.96,583.921188
2026-06-24T22:25:00+00:00,68.76,68.76,68.75,68.76,500.0
2026-06-24T23:00:00+00:00,68.81,68.81,68.81,68.81,300.0
2026-06-24T23:10:00+00:00,68.8,68.8,68.8,68.8,226.0
2026-06-24T23:30:00+00:00,68.8,68.8,68.8,68.8,400.0
2026-06-24T23:40:00+00:00,68.8,68.95,68.8,68.95,1089.0
2026-06-24T23:45:00+00:00,68.93,68.93,68.93,68.93,1020.0
2026-06-24T23:55:00+00:00,68.93,68.94,68.93,68.93,250.0
2026-06-25T00:00:00+00:00,68.93,68.93,68.93,68.93,148.0
2026-06-25T08:05:00+00:00,68.82,68.82,68.77,68.77,2117.0
2026-06-25T08:10:00+00:00,68.6,68.6,68.6,68.6,206.0
2026-06-25T11:05:00+00:00,68.88,68.88,68.88,68.88,149.228
2026-06-25T11:20:00+00:00,68.5001,68.5001,68.5001,68.5001,144.0
2026-06-25T11:25:00+00:00,68.51,68.51,68.5,68.5,550.509591
2026-06-25T11:30:00+00:00,68.47,68.515,68.45,68.45,480.0
2026-06-25T11:40:00+00:00,68.45,68.45,68.45,68.45,200.0
2026-06-25T12:00:00+00:00,68.46,68.46,68.46,68.46,377.0
2026-06-25T12:25:00+00:00,68.604,68.604,68.604,68.604,100.0
2026-06-25T12:35:00+00:00,68.6,68.95,68.6,68.71,9507.354
2026-06-25T12:40:00+00:00,68.73,68.85,68.73,68.85,1145.0
2026-06-25T12:55:00+00:00,69.0,69.0,69.0,69.0,116.0
2026-06-25T13:00:00+00:00,69.0,69.0,69.0,69.0,119.0
2026-06-25T13:05:00+00:00,68.9772,68.9772,68.9772,68.9772,417.0
2026-06-25T13:30:00+00:00,68.82,68.96,68.8169,68.89,34492.0
2026-06-25T13:35:00+00:00,68.905,68.99,68.78,68.82,1264498.016666
2026-06-25T13:40:00+00:00,68.82,68.92,68.695,68.78,637743.609249
2026-06-25T13:45:00+00:00,68.78,68.795,68.255,68.29,742413.8125359999
2026-06-25T13:50:00+00:00,68.295,68.385,67.91,68.09,1064501.117389
2026-06-25T13:55:00+00:00,68.09,68.21,67.46,67.49,951182.089485
2026-06-25T14:00:00+00:00,67.49,67.66,67.27,67.31,809584.69866
2026-06-25T14:05:00+00:00,67.3,67.84,67.3,67.75,825410.2154969999
2026-06-25T14:10:00+00:00,67.75,68.05,67.75,68.01,391586.948794
2026-06-25T14:15:00+00:00,68.02,68.2,67.88,67.91,396363.080697
2026-06-25T14:20:00+00:00,67.91,68.04,67.8,68.04,587801.4061530001
2026-06-25T14:25:00+00:00,68.04,68.18,67.87,67.94,399231.40566600004
2026-06-25T14:30:00+00:00,67.95,68.105,67.94,67.98,244516.264789
2026-06-25T14:35:00+00:00,67.96,68.2,67.945,68.105,398609.169409
2026-06-25T14:40:00+00:00,68.105,68.165,68.005,68.15,152791.240168
2026-06-25T14:45:00+00:00,68.15,68.16,67.885,67.955,148708.405655
2026-06-25T14:50:00+00:00,67.96,68.095,67.89,68.09,158441.609402
2026-06-25T14:55:00+00:00,68.08,68.235,68.05,68.22,239232.92510800005
2026-06-25T15:00:00+00:00,68.22,68.22,67.995,68.02,340791.178019
2026-06-25T15:05:00+00:00,68.03,68.19,67.985,68.19,545902.2598
2026-06-25T15:10:00+00:00,68.19,68.24,67.97,68.0,301732.777473
2026-06-25T15:15:00+00:00,68.005,68.025,67.73,67.76,351974.690728
2026-06-25T15:20:00+00:00,67.76,67.905,67.63,67.875,164590.130459
2026-06-25T15:25:00+00:00,67.87,68.045,67.8,68.01,178157.442054
2026-06-25T15:30:00+00:00,68.0,68.0,67.84,67.885,231577.71734899998
2026-06-25T15:35:00+00:00,67.89,68.02,67.87,67.92,218807.06357199998
2026-06-25T15:40:00+00:00,67.93,68.05,67.93,67.98,123249.88275100001
2026-06-25T15:45:00+00:00,67.98,68.065,67.98,68.05,162726.397886
2026-06-25T15:50:00+00:00,68.06,68.175,68.03,68.05,288917.220107
2026-06-25T15:55:00+00:00,68.04,68.095,68.0,68.09,74855.730835
2026-06-25T16:00:00+00:00,68.075,68.125,68.02,68.03,712293.1726859999
2026-06-25T16:05:00+00:00,68.02,68.08,68.0,68.06,54589.968675
2026-06-25T16:10:00+00:00,68.07,68.235,68.06,68.235,59321.183774000005
2026-06-25T16:15:00+00:00,68.23,68.36,68.213,68.345,154771.90595
2026-06-25T16:20:00+00:00,68.35,68.475,68.35,68.36,136516.228023
2026-06-25T16:25:00+00:00,68.36,68.405,68.27,68.3,62967.148806000005
2026-06-25T16:30:00+00:00,68.31,68.33,68.25,68.32,87480.189938
2026-06-25T16:35:00+00:00,68.32,68.32,68.13,68.165,103289.09590000001
2026-06-25T16:40:00+00:00,68.1399,68.2,68.0899,68.1,81972.979911
2026-06-25T16:45:00+00:00,68.1,68.105,67.955,67.98,72613.102426
2026-06-25T16:50:00+00:00,67.98,68.04,67.87,68.025,146116.080868
2026-06-25T16:55:00+00:00,68.025,68.0726,67.96,68.04,160260.333352
2026-06-25T17:00:00+00:00,68.04,68.045,67.96,67.995,99104.341887
2026-06-25T17:05:00+00:00,68.0,68.055,67.995,68.02,98971.016517
2026-06-25T17:10:00+00:00,68.01,68.045,67.98,68.02,116181.109087
2026-06-25T17:15:00+00:00,68.025,68.145,68.025,68.045,273832.419659
2026-06-25T17:20:00+00:00,68.05,68.16,67.9685,67.9685,85421.09838899999
2026-06-25T17:25:00+00:00,67.965,68.0223,67.93,68.02,332223.355759
2026-06-25T17:30:00+00:00,68.01,68.085,68.0,68.065,139380.058736
2026-06-25T17:35:00+00:00,68.065,68.085,67.99,68.005,54007.339993999994
2026-06-25T17:40:00+00:00,68.01,68.07,68.01,68.06,147731.745933
2026-06-25T17:45:00+00:00,68.07,68.11,68.03,68.03,164428.353288
2026-06-25T17:50:00+00:00,68.04,68.045,67.94,67.965,122821.63797899999
2026-06-25T17:55:00+00:00,67.96,68.075,67.95,68.05,128719.36440399999
2026-06-25T18:00:00+00:00,68.05,68.11,68.01,68.105,235792.77658600002
2026-06-25T18:05:00+00:00,68.1,68.1,67.87,67.92,274806.156942
2026-06-25T18:10:00+00:00,67.93,68.04,67.89,68.02,306150.3066
2026-06-25T18:15:00+00:00,68.02,68.055,67.96,68.01,189340.018611
2026-06-25T18:20:00+00:00,68.0,68.135,67.965,68.075,93772.419864
2026-06-25T18:25:00+00:00,68.07,68.105,68.01,68.08,184732.613817
2026-06-25T18:30:00+00:00,68.09,68.19,68.09,68.175,86476.468924
2026-06-25T18:35:00+00:00,68.18,68.18,67.935,67.94,121057.700967
2026-06-25T18:40:00+00:00,67.94,67.955,67.88,67.94,203476.578585
2026-06-25T18:45:00+00:00,67.945,67.95,67.875,67.915,86288.706104
2026-06-25T18:50:00+00:00,67.915,67.92,67.805,67.9,101631.70762199999
2026-06-25T18:55:00+00:00,67.9,68.015,67.9,67.96,105630.914565
2026-06-25T19:00:00+00:00,67.97,68.005,67.95,67.985,113176.318341
2026-06-25T19:05:00+00:00,67.975,67.98,67.87,67.87,73180.348704
2026-06-25T19:10:00+00:00,67.87,67.895,67.83,67.87,144852.926281
2026-06-25T19:15:00+00:00,67.87,67.915,67.84,67.86,150206.061112
2026-06-25T19:20:00+00:00,67.85,67.875,67.76,67.79,81207.130038
2026-06-25T19:25:00+00:00,67.8,67.855,67.78,67.855,70415.976127
2026-06-25T19:30:00+00:00,67.86,67.935,67.85,67.92,132319.658
2026-06-25T19:35:00+00:00,67.9101,67.93,67.82,67.91,75909.474807
2026-06-25T19:40:00+00:00,67.905,67.905,67.84,67.87,117355.291101
2026-06-25T19:45:00+00:00,67.88,67.94,67.83,67.9,118836.07706299998
2026-06-25T19:50:00+00:00,67.89,67.895,67.81,67.83,129363.90309800001
2026-06-25T19:55:00+00:00,67.83,67.9,67.76,67.875,258361.005005
2026-06-25T20:00:00+00:00,67.88,67.97,67.88,67.945,2562093.614344
2026-06-25T20:05:00+00:00,67.95,68.17,67.95,68.1,62894.134894999996
2026-06-25T20:10:00+00:00,68.1,68.11,68.0626,68.0626,21410.0
2026-06-25T20:20:00+00:00,68.05,68.05,68.05,68.05,2400.0
2026-06-25T20:25:00+00:00,68.07,68.07,68.07,68.07,141.0
2026-06-25T20:30:00+00:00,68.0595,68.0595,68.0595,68.0595,140.0
2026-06-25T20:35:00+00:00,68.07,68.07,68.03,68.05,5042.0
2026-06-25T20:40:00+00:00,68.22,68.28,68.22,68.27,10000.0
2026-06-25T21:00:00+00:00,68.03,68.03,67.96,67.96,678099.0
2026-06-25T22:55:00+00:00,67.99,67.99,67.99,67.99,150.0
2026-06-25T23:10:00+00:00,67.78,67.78,67.78,67.78,400.0
2026-06-25T23:25:00+00:00,67.96,67.99,67.96,67.99,2077.0
2026-06-26T08:05:00+00:00,66.98,66.98,66.8,66.8,591.609177
2026-06-26T08:10:00+00:00,66.02,66.79,66.02,66.79,4349.0
2026-06-26T08:50:00+00:00,66.61,66.61,66.55,66.55,4000.0
2026-06-26T08:55:00+00:00,66.51,66.51,66.44,66.44,5000.0
2026-06-26T09:05:00+00:00,66.33,66.33,66.31,66.32,5001.0
2026-06-26T09:25:00+00:00,66.49,66.5,66.41,66.41,4475.0
2026-06-26T09:30:00+00:00,66.47,66.48,66.47,66.47,3200.0
2026-06-26T10:05:00+00:00,66.46,66.46,66.46,66.46,1000.0
2026-06-26T10:55:00+00:00,66.42,66.42,66.37,66.38,9376.0
2026-06-26T11:10:00+00:00,66.6,66.6,66.6,66.6,300.0
2026-06-26T11:15:00+00:00,66.65,66.65,66.61,66.61,336.0
2026-06-26T11:30:00+00:00,66.53,66.57,66.53,66.53,3820.0
2026-06-26T11:45:00+00:00,66.51,66.51,66.5,66.5,505.0
2026-06-26T11:55:00+00:00,66.42,66.42,66.3002,66.3002,7568.0
2026-06-26T12:05:00+00:00,66.4618,66.4618,66.4618,66.4618,750.0
2026-06-26T12:10:00+00:00,66.54,66.58,66.54,66.58,1040.0
2026-06-26T12:15:00+00:00,66.6,66.6,66.6,66.6,250.0
2026-06-26T12:30:00+00:00,66.476,66.5081,66.476,66.5081,801.0
2026-06-26T12:35:00+00:00,66.5098,66.5098,66.5098,66.5098,250.0
2026-06-26T12:50:00+00:00,66.3,66.33,66.3,66.33,3023.0
2026-06-26T12:55:00+00:00,66.34,66.36,66.34,66.36,3390.0
2026-06-26T13:00:00+00:00,66.38,66.41,66.36,66.41,6434.0
2026-06-26T13:05:00+00:00,66.31,66.34,66.27,66.33,4106.0
2026-06-26T13:10:00+00:00,66.31,66.35,66.25,66.25,6130.0
2026-06-26T13:15:00+00:00,66.26,66.31,66.25,66.31,14427.0
2026-06-26T13:20:00+00:00,66.3,66.3,66.04,66.17,23328.052901
2026-06-26T13:25:00+00:00,66.18,66.34,66.18,66.27,14944.0
2026-06-26T13:30:00+00:00,66.28,66.37,66.28,66.34,112475.0
2026-06-26T13:35:00+00:00,66.34,66.595,66.27,66.36,1205238.360936
2026-06-26T13:40:00+00:00,66.36,66.67,66.34,66.34,811038.291891
2026-06-26T13:45:00+00:00,66.34,66.61,66.32,66.56,653702.403598
2026-06-26T13:50:00+00:00,66.56,66.59,66.35,66.37,477128.458791
2026-06-26T13:55:00+00:00,66.37,66.565,66.37,66.54,400968.46642899996
2026-06-26T14:00:00+00:00,66.56,66.9,66.525,66.88,556429.660196
2026-06-26T14:05:00+00:00,66.89,67.08,66.86,67.06,572797.098305
2026-06-26T14:10:00+00:00,67.06,67.23,67.015,67.19,295727.75667699997
2026-06-26T14:15:00+00:00,67.19,67.25,67.03,67.22,316973.145839
2026-06-26T14:20:00+00:00,67.21,67.32,67.135,67.135,512204.91232500004
2026-06-26T14:25:00+00:00,67.14,67.375,67.125,67.225,531098.9501499999
2026-06-26T14:30:00+00:00,67.22,67.28,67.13,67.175,546086.996872
2026-06-26T14:35:00+00:00,67.17,67.225,67.04,67.115,510798.699625
2026-06-26T14:40:00+00:00,67.12,67.12,66.99,67.01,257076.31170299998
2026-06-26T14:45:00+00:00,67.02,67.14,66.95,67.015,153703.788093
2026-06-26T14:50:00+00:00,67.02,67.13,66.99,67.085,228902.061907
2026-06-26T14:55:00+00:00,67.093,67.17,66.985,67.02,238357.949801
2026-06-26T15:00:00+00:00,67.03,67.075,66.94,67.03,178213.127524
2026-06-26T15:05:00+00:00,67.03,67.1,66.995,67.01,225664.41084799997
2026-06-26T15:10:00+00:00,67.01,67.085,66.915,67.075,432663.702391
2026-06-26T15:15:00+00:00,67.07,67.08,66.88,66.88,155438.348516
2026-06-26T15:20:00+00:00,66.875,67.025,66.82,67.0,231763.00268800004
2026-06-26T15:25:00+00:00,66.995,67.12,66.975,67.11,146774.4386
2026-06-26T15:30:00+00:00,67.11,67.32,67.1,67.32,474773.182269
2026-06-26T15:35:00+00:00,67.31,67.44,67.245,67.25,232519.624324
2026-06-26T15:40:00+00:00,67.26,67.455,67.26,67.435,248842.4752
2026-06-26T15:45:00+00:00,67.435,67.59,67.42,67.535,277153.205476
2026-06-26T15:50:00+00:00,67.535,67.55,67.415,67.42,194751.696968
2026-06-26T15:55:00+00:00,67.42,67.475,67.23,67.265,948606.127345
2026-06-26T16:00:00+00:00,67.27,67.455,67.25,67.42,184138.15417
2026-06-26T16:05:00+00:00,67.43,67.465,67.4,67.445,194521.502836
2026-06-26T16:10:00+00:00,67.44,67.445,67.36,67.385,99306.68015100001
2026-06-26T16:15:00+00:00,67.39,67.415,67.34,67.41,120629.537241
2026-06-26T16:20:00+00:00,67.4,67.48,67.3992,67.435,215812.865708
2026-06-26T16:25:00+00:00,67.435,67.455,67.26,67.36,777244.220695
2026-06-26T16:30:00+00:00,67.35,67.45,67.35,67.44,112034.013297
2026-06-26T16:35:00+00:00,67.44,67.58,67.44,67.58,186851.659414
2026-06-26T16:40:00+00:00,67.58,67.585,67.51,67.515,326023.562835
2026-06-26T16:45:00+00:00,67.52,67.58,67.505,67.5301,143414.557767
2026-06-26T16:50:00+00:00,67.53,67.58,67.51,67.56,136913.04824799998
2026-06-26T16:55:00+00:00,67.56,67.61,67.55,67.6,187190.37467999998
2026-06-26T17:00:00+00:00,67.595,67.595,67.545,67.575,58987.433459
2026-06-26T17:05:00+00:00,67.575,67.655,67.545,67.62,196882.69486699998
2026-06-26T17:10:00+00:00,67.62,67.7107,67.6,67.7107,45763.586798000004
2026-06-26T17:15:00+00:00,67.71,67.715,67.62,67.625,175405.396221
2026-06-26T17:20:00+00:00,67.63,67.6309,67.53,67.54,211313.591961
2026-06-26T17:25:00+00:00,67.54,67.58,67.505,67.575,132526.17037299997
2026-06-26T17:30:00+00:00,67.57,67.62,67.52,67.605,69809.855
2026-06-26T17:35:00+00:00,67.6,67.6675,67.565,67.575,107680.163715
2026-06-26T17:40:00+00:00,67.57,67.585,67.53,67.545,116651.09463099999
2026-06-26T17:45:00+00:00,67.55,67.615,67.5,67.595,81586.095313
2026-06-26T17:50:00+00:00,67.6,67.625,67.565,67.565,455458.783089
2026-06-26T17:55:00+00:00,67.57,67.6167,67.565,67.585,40823.558914
2026-06-26T18:00:00+00:00,67.58,67.58,67.5045,67.51,84588.989497
2026-06-26T18:05:00+00:00,67.5,67.525,67.48,67.51,58284.132538000005
2026-06-26T18:10:00+00:00,67.505,67.535,67.45,67.465,71142.604204
2026-06-26T18:15:00+00:00,67.47,67.475,67.405,67.41,74758.062134
2026-06-26T18:20:00+00:00,67.42,67.45,67.28,67.3,65458.887869
2026-06-26T18:25:00+00:00,67.31,67.35,67.29,67.31,41609.70008
2026-06-26T18:30:00+00:00,67.31,67.3541,67.25,67.26,74039.353193
2026-06-26T18:35:00+00:00,67.26,67.315,67.23,67.28,180207.106761
2026-06-26T18:40:00+00:00,67.285,67.29,67.21,67.24,129237.03955999999
2026-06-26T18:45:00+00:00,67.235,67.25,67.2,67.23,128892.51
2026-06-26T18:50:00+00:00,67.22,67.22,67.13,67.155,74363.14175099999
2026-06-26T18:55:00+00:00,67.14,67.175,67.1,67.155,77287.275
2026-06-26T19:00:00+00:00,67.15,67.18,67.055,67.1,75756.74530800001
2026-06-26T19:05:00+00:00,67.095,67.135,67.07,67.07,79570.024489
2026-06-26T19:10:00+00:00,67.07,67.24,67.04,67.24,79970.872227
2026-06-26T19:15:00+00:00,67.22,67.315,67.19,67.3,144210.23066
2026-06-26T19:20:00+00:00,67.3,67.3,67.235,67.25,312280.552712
2026-06-26T19:25:00+00:00,67.25,67.28,67.12,67.16,196498.824881
2026-06-26T19:30:00+00:00,67.16,67.185,67.14,67.165,76415.3404
2026-06-26T19:35:00+00:00,67.17,67.195,67.11,67.185,90826.665657
2026-06-26T19:40:00+00:00,67.19,67.21,67.14,67.15,106402.721088
2026-06-26T19:45:00+00:00,67.15,67.31,67.15,67.3,115146.511751
2026-06-26T19:50:00+00:00,67.3,67.35,67.255,67.275,183180.401104
2026-06-26T19:55:00+00:00,67.28,67.3,67.175,67.205,814167.457199
2026-06-26T20:00:00+00:00,67.2,67.27,67.15,67.18,1767087.1523489999
2026-06-26T20:05:00+00:00,67.19,67.21,66.88,67.01,111624.39769
2026-06-26T20:10:00+00:00,67.031,67.16,67.01,67.13,47157.0
2026-06-26T20:15:00+00:00,67.1,67.18,67.1,67.18,17952.212559
2026-06-26T20:20:00+00:00,67.26,67.26,67.26,67.26,600.0
2026-06-26T20:25:00+00:00,67.21,67.21,67.15,67.15,71927.0
2026-06-26T20:35:00+00:00,67.13,67.15,67.12,67.12,16920.0
2026-06-26T20:50:00+00:00,67.11,67.11,67.11,67.11,133.0
2026-06-26T21:05:00+00:00,67.22,67.3,67.22,67.23,1297.0
2026-06-26T21:25:00+00:00,67.0,67.0,67.0,67.0,141.0
2026-06-29T08:35:00+00:00,67.32,67.32,67.29,67.29,1106.0
2026-06-29T08:45:00+00:00,67.34,67.34,67.12,67.12,4000.0
2026-06-29T08:50:00+00:00,67.27,67.32,67.1,67.12,8001.0
2026-06-29T09:05:00+00:00,67.01,67.01,67.01,67.01,1000.0
2026-06-29T09:15:00+00:00,67.26,67.26,67.26,67.26,376.0
2026-06-29T10:00:00+00:00,67.15,67.15,67.12,67.12,2500.0
2026-06-29T10:45:00+00:00,67.1343,67.1343,67.1343,67.1343,140.511499
2026-06-29T11:35:00+00:00,67.18,67.18,67.18,67.18,1292.0
2026-06-29T11:45:00+00:00,67.2295,67.2295,67.2295,67.2295,147.0
2026-06-29T11:55:00+00:00,67.18,67.18,67.16,67.16,300.0
2026-06-29T12:05:00+00:00,67.1,67.21,67.1,67.2,161615.0
2026-06-29T12:10:00+00:00,67.2,67.2,67.19,67.2,48133.0
2026-06-29T12:15:00+00:00,67.21,67.22,67.2,67.2,4655.0
2026-06-29T12:20:00+00:00,67.2,67.22,67.2,67.22,7057.0
2026-06-29T12:25:00+00:00,67.2,67.2,67.2,67.2,5862.0
2026-06-29T12:40:00+00:00,67.14,67.14,67.05,67.05,6296.0
2026-06-29T12:45:00+00:00,66.99,67.0,66.95,67.0,3488.0
2026-06-29T12:50:00+00:00,67.04,67.04,67.0385,67.0385,562.0
2026-06-29T12:55:00+00:00,67.08,67.08,67.08,67.08,1931.0
2026-06-29T13:05:00+00:00,67.13,67.16,67.13,67.16,4401.0
2026-06-29T13:10:00+00:00,67.15,67.17,67.14,67.17,1065.0
2026-06-29T13:15:00+00:00,67.15,67.15,67.12,67.14,15463.0
2026-06-29T13:20:00+00:00,67.13,67.13,67.13,67.13,112.0
2026-06-29T13:25:00+00:00,67.1,67.1,67.0399,67.0399,1102.0
2026-06-29T13:30:00+00:00,67.01,67.05,67.0,67.04,11070.0
2026-06-29T13:35:00+00:00,66.99,67.11,66.87,67.11,1048859.456435
2026-06-29T13:40:00+00:00,67.11,67.115,66.775,66.865,454124.01327899995
2026-06-29T13:45:00+00:00,66.87,67.095,66.82,67.09,381400.22698399995
2026-06-29T13:50:00+00:00,67.08,67.125,66.94,66.95,369664.148538
2026-06-29T13:55:00+00:00,66.95,67.03,66.83,66.84,304705.81836399995
2026-06-29T14:00:00+00:00,66.85,66.87,66.56,66.62,746730.412077
2026-06-29T14:05:00+00:00,66.63,66.645,66.48,66.55,358990.702671
2026-06-29T14:10:00+00:00,66.55,66.56,66.315,66.42,371248.63077700004
2026-06-29T14:15:00+00:00,66.42,66.47,66.0999,66.0999,421917.13064900006
2026-06-29T14:20:00+00:00,66.09,66.255,65.995,66.24,863938.7251729999
2026-06-29T14:25:00+00:00,66.24,66.375,66.19,66.3,403046.72020200005
2026-06-29T14:30:00+00:00,66.3,66.565,66.3,66.53,276183.299114
2026-06-29T14:35:00+00:00,66.52,66.69,66.49,66.62,217664.88126999998
2026-06-29T14:40:00+00:00,66.62,66.65,66.505,66.53,292798.903695
2026-06-29T14:45:00+00:00,66.53,66.585,66.45,66.4603,195792.916709
2026-06-29T14:50:00+00:00,66.46,66.465,66.33,66.45,198011.017934
2026-06-29T14:55:00+00:00,66.45,66.67,66.45,66.655,211724.624298
2026-06-29T15:00:00+00:00,66.65,66.68,66.595,66.67,174973.25020100002
2026-06-29T15:05:00+00:00,66.68,66.705,66.605,66.61,261559.646654
2026-06-29T15:10:00+00:00,66.61,66.68,66.585,66.64,153949.78348699998
2026-06-29T15:15:00+00:00,66.65,66.66,66.55,66.645,296147.37215999997
2026-06-29T15:20:00+00:00,66.65,66.715,66.56,66.565,368616.419905
2026-06-29T15:25:00+00:00,66.565,66.62,66.47,66.51,296178.433031
2026-06-29T15:30:00+00:00,66.51,66.74,66.505,66.73,162286.46772000002
2026-06-29T15:35:00+00:00,66.74,66.79,66.69,66.715,408821.17002
2026-06-29T15:40:00+00:00,66.715,66.79,66.65,66.79,180290.378313
2026-06-29T15:45:00+00:00,66.79,66.87,66.755,66.87,77501.232481
2026-06-29T15:50:00+00:00,66.865,66.89,66.815,66.86,147266.392137
2026-06-29T15:55:00+00:00,66.86,66.96,66.86,66.96,158003.04850700003
2026-06-29T16:00:00+00:00,66.95,66.97,66.88,66.955,100209.028413
2026-06-29T16:05:00+00:00,66.9599,67.04,66.93,67.0351,115013.30910999999
2026-06-29T16:10:00+00:00,67.04,67.04,66.985,67.01,90169.17187600001
2026-06-29T16:15:00+00:00,67.01,67.04,66.985,67.04,77270.82142
2026-06-29T16:20:00+00:00,67.04,67.095,67.035,67.095,115546.21238099999
2026-06-29T16:25:00+00:00,67.09,67.125,67.065,67.115,146048.493888
2026-06-29T16:30:00+00:00,67.115,67.115,67.035,67.05,145770.728732
2026-06-29T16:35:00+00:00,67.05,67.06,66.99,67.02,61826.486677
2026-06-29T16:40:00+00:00,67.02,67.07,67.0,67.06,105385.50204200001
2026-06-29T16:45:00+00:00,67.055,67.145,67.055,67.14,63214.768341
2026-06-29T16:50:00+00:00,67.14,67.16,67.12,67.15,61393.113873999995
2026-06-29T16:55:00+00:00,67.15,67.225,67.15,67.2075,157148.67500800002
2026-06-29T17:00:00+00:00,67.2,67.255,67.195,67.23,51207.355509
2026-06-29T17:05:00+00:00,67.23,67.285,67.23,67.28,46164.264991000004
2026-06-29T17:10:00+00:00,67.28,67.285,67.23,67.25,215979.36749099998
2026-06-29T17:15:00+00:00,67.25,67.33,67.2481,67.305,159162.77827699998
2026-06-29T17:20:00+00:00,67.3,67.31,67.255,67.27,105275.49238
2026-06-29T17:25:00+00:00,67.26,67.26,67.16,67.19,94897.57583
2026-06-29T17:30:00+00:00,67.18,67.24,67.17,67.24,46464.18835899999
2026-06-29T17:35:00+00:00,67.24,67.26,67.185,67.195,114507.830999
2026-06-29T17:40:00+00:00,67.195,67.2099,67.18,67.205,125146.05951600001
2026-06-29T17:45:00+00:00,67.205,67.21,67.19,67.2,110390.654529
2026-06-29T17:50:00+00:00,67.2,67.225,67.175,67.21,90402.538262
2026-06-29T17:55:00+00:00,67.22,67.25,67.19,67.235,91361.25198999999
2026-06-29T18:00:00+00:00,67.23,67.255,67.2,67.225,61938.80014299999
2026-06-29T18:05:00+00:00,67.22,67.285,67.22,67.26,67402.669966
2026-06-29T18:10:00+00:00,67.26,67.285,67.255,67.27,35798.30166
2026-06-29T18:15:00+00:00,67.28,67.33,67.28,67.32,41747.137618
2026-06-29T18:20:00+00:00,67.32,67.32,67.265,67.31,457500.745385
2026-06-29T18:25:00+00:00,67.31,67.34,67.27,67.315,112267.357831
2026-06-29T18:30:00+00:00,67.315,67.32,67.245,67.25,65411.930961000005
2026-06-29T18:35:00+00:00,67.26,67.2851,67.24,67.285,98905.15230300001
2026-06-29T18:40:00+00:00,67.29,67.33,67.285,67.315,60606.96817
2026-06-29T18:45:00+00:00,67.32,67.385,67.31,67.385,70170.562588
2026-06-29T18:50:00+00:00,67.39,67.405,67.37,67.3847,104037.701568
2026-06-29T18:55:00+00:00,67.38,67.3857,67.335,67.355,100331.40787499999
2026-06-29T19:00:00+00:00,67.35,67.35,67.31,67.325,87152.062983
2026-06-29T19:05:00+00:00,67.3101,67.34,67.245,67.245,148514.23329
2026-06-29T19:10:00+00:00,67.25,67.29,67.24,67.28,57353.70946299999
2026-06-29T19:15:00+00:00,67.28,67.305,67.275,67.29,121014.5867
2026-06-29T19:20:00+00:00,67.285,67.3353,67.275,67.32,215481.40333200002
2026-06-29T19:25:00+00:00,67.32,67.365,67.315,67.35,222105.71872300003
2026-06-29T19:30:00+00:00,67.35,67.355,67.325,67.34,98683.502666
2026-06-29T19:35:00+00:00,67.33,67.335,67.29,67.315,256386.08784500003
2026-06-29T19:40:00+00:00,67.315,67.355,67.31,67.3501,176365.463431
2026-06-29T19:45:00+00:00,67.35,67.37,67.285,67.3351,157561.727095
2026-06-29T19:50:00+00:00,67.335,67.37,67.335,67.36,115155.902356
2026-06-29T19:55:00+00:00,67.365,67.37,67.31,67.32,534097.1486869999
2026-06-29T20:00:00+00:00,67.325,67.46,67.325,67.44,1196505.573599
2026-06-29T20:05:00+00:00,67.41,67.43,67.36,67.36,10683.977563
2026-06-29T20:15:00+00:00,67.41,67.41,67.41,67.41,300.0
2026-06-29T20:25:00+00:00,67.42,67.42,67.42,67.42,535.0
2026-06-29T20:30:00+00:00,67.41,67.41,67.41,67.41,200.0
2026-06-29T20:40:00+00:00,67.38,67.38,67.38,67.38,296.0
2026-06-29T20:55:00+00:00,67.25,67.35,67.25,67.35,590.0
2026-06-29T21:05:00+00:00,67.28,67.4,67.26,67.36,1944.0
2026-06-29T21:30:00+00:00,67.35,67.4097,67.35,67.4097,800.0
2026-06-29T21:45:00+00:00,67.25,67.25,67.25,67.25,605.0
2026-06-29T22:05:00+00:00,67.0699,67.0699,67.0699,67.0699,800.0
2026-06-29T23:00:00+00:00,67.35,67.35,67.35,67.35,200.0
2026-06-29T23:30:00+00:00,67.43,67.43,67.43,67.43,200.0
2026-06-29T23:55:00+00:00,67.3,67.4121,67.3,67.4121,600.0
2026-06-30T00:00:00+00:00,67.3,67.3,67.3,67.3,200.0
2026-06-30T08:05:00+00:00,67.61,67.61,67.61,67.61,327.0
2026-06-30T08:15:00+00:00,67.5,67.64,67.5,67.5,12440.0
2026-06-30T08:20:00+00:00,67.5,67.5,67.49,67.5,2325.0
2026-06-30T11:05:00+00:00,67.65,67.7,67.65,67.7,332.0
2026-06-30T11:10:00+00:00,67.7,67.7,67.7,67.7,200.0
2026-06-30T12:35:00+00:00,67.57,67.57,67.57,67.57,126.0
2026-06-30T12:40:00+00:00,67.54,67.54,67.54,67.54,276.0
2026-06-30T12:45:00+00:00,67.68,67.68,67.68,67.68,350.0
2026-06-30T13:00:00+00:00,67.49,67.49,67.49,67.49,102.980903
2026-06-30T13:05:00+00:00,67.5,67.5,67.5,67.5,150.0
2026-06-30T13:10:00+00:00,67.56,67.58,67.55,67.58,904.0
2026-06-30T13:15:00+00:00,67.52,67.61,67.52,67.57,28687.0
2026-06-30T13:20:00+00:00,67.55,67.58,67.55,67.58,13430.0
2026-06-30T13:25:00+00:00,67.58,67.585,67.58,67.58,5100.0
2026-06-30T13:30:00+00:00,67.59,67.63,67.58,67.59,43804.0
2026-06-30T13:35:00+00:00,67.59,67.64,67.4804,67.63,892510.0296240001
2026-06-30T13:40:00+00:00,67.62,67.83,67.59,67.69,347859.567771
2026-06-30T13:45:00+00:00,67.69,67.76,67.6,67.68,423145.638576
2026-06-30T13:50:00+00:00,67.68,67.83,67.68,67.71,413926.00353999995
2026-06-30T13:55:00+00:00,67.71,67.92,67.7,67.85,593703.063663
2026-06-30T14:00:00+00:00,67.86,67.96,67.86,67.96,200591.505392
2026-06-30T14:05:00+00:00,67.97,67.98,67.81,67.965,297047.477821
2026-06-30T14:10:00+00:00,67.96,68.02,67.91,68.02,167900.19266400003
2026-06-30T14:15:00+00:00,68.01,68.198,67.98,68.19,226647.557316
2026-06-30T14:20:00+00:00,68.195,68.28,68.18,68.26,132078.347974
2026-06-30T14:25:00+00:00,68.26,68.36,68.21,68.33,151317.83675699998
2026-06-30T14:30:00+00:00,68.33,68.3699,68.27,68.31,249133.64882
2026-06-30T14:35:00+00:00,68.31,68.35,68.29,68.325,315371.521113
2026-06-30T14:40:00+00:00,68.32,68.32,68.15,68.18,263320.945942
2026-06-30T14:45:00+00:00,68.185,68.225,68.15,68.22,128841.43199299999
2026-06-30T14:50:00+00:00,68.21,68.21,68.1,68.11,58758.84280699999
2026-06-30T14:55:00+00:00,68.12,68.185,68.055,68.075,146776.698591
2026-06-30T15:00:00+00:00,68.075,68.12,68.01,68.05,147234.66267400002
2026-06-30T15:05:00+00:00,68.05,68.2,68.05,68.16,208651.767738
2026-06-30T15:10:00+00:00,68.165,68.27,68.16,68.265,181815.75391700002
2026-06-30T15:15:00+00:00,68.265,68.275,68.22,68.24,107732.981506
2026-06-30T15:20:00+00:00,68.24,68.24,68.135,68.14,169844.470572
2026-06-30T15:25:00+00:00,68.15,68.17,68.125,68.14,144426.931962
2026-06-30T15:30:00+00:00,68.14,68.18,68.125,68.14,491302.345246
2026-06-30T15:35:00+00:00,68.135,68.245,68.11,68.24,362536.850527
2026-06-30T15:40:00+00:00,68.24,68.24,68.135,68.155,102609.342195
2026-06-30T15:45:00+00:00,68.155,68.185,68.125,68.17,60525.304939999995
2026-06-30T15:50:00+00:00,68.175,68.22,68.175,68.205,57726.033436000005
2026-06-30T15:55:00+00:00,68.2,68.23,68.195,68.21,40206.557199999996
2026-06-30T16:00:00+00:00,68.215,68.25,68.195,68.21,43667.786631
2026-06-30T16:05:00+00:00,68.21,68.225,68.19,68.225,60330.81163
2026-06-30T16:10:00+00:00,68.2202,68.28,68.22,68.275,162164.715795
2026-06-30T16:15:00+00:00,68.28,68.32,68.265,68.32,36612.330434
2026-06-30T16:20:00+00:00,68.31,68.36,68.305,68.335,67457.991695
2026-06-30T16:25:00+00:00,68.34,68.34,68.31,68.34,200961.08492
2026-06-30T16:30:00+00:00,68.33,68.35,68.315,68.325,30732.931004
2026-06-30T16:35:00+00:00,68.325,68.34,68.285,68.2999,98110.659492
2026-06-30T16:40:00+00:00,68.29,68.32,68.29,68.31,64884.168581000005
2026-06-30T16:45:00+00:00,68.31,68.34,68.3,68.33,35455.877744
2026-06-30T16:50:00+00:00,68.335,68.405,68.325,68.405,74050.411659
2026-06-30T16:55:00+00:00,68.405,68.405,68.37,68.38,29911.378384999996
2026-06-30T17:00:00+00:00,68.38,68.38,68.325,68.335,38124.270543
2026-06-30T17:05:00+00:00,68.33,68.405,68.32,68.395,32399.179595999998
2026-06-30T17:10:00+00:00,68.395,68.42,68.39,68.405,133883.74117
2026-06-30T17:15:00+00:00,68.4,68.43,68.375,68.375,78890.090654
2026-06-30T17:20:00+00:00,68.38,68.41,68.37,68.41,31968.336586999998
2026-06-30T17:25:00+00:00,68.41,68.4266,68.37,68.39,77179.70952
2026-06-30T17:30:00+00:00,68.38,68.4,68.37,68.38,80135.47932799999
2026-06-30T17:35:00+00:00,68.39,68.395,68.355,68.366,45725.720757
2026-06-30T17:40:00+00:00,68.37,68.38,68.345,68.35,51948.460061
2026-06-30T17:45:00+00:00,68.36,68.435,68.36,68.435,96499.290139
2026-06-30T17:50:00+00:00,68.435,68.445,68.415,68.425,79205.369295
2026-06-30T17:55:00+00:00,68.42,68.455,68.415,68.442,41905.218888999996
2026-06-30T18:00:00+00:00,68.445,68.465,68.43,68.455,61198.309086999994
2026-06-30T18:05:00+00:00,68.46,68.485,68.445,68.455,84709.57471
2026-06-30T18:10:00+00:00,68.46,68.475,68.41,68.46,74626.177471
2026-06-30T18:15:00+00:00,68.46,68.475,68.44,68.45,34617.806789
2026-06-30T18:20:00+00:00,68.45,68.48,68.435,68.48,46130.065845000005
2026-06-30T18:25:00+00:00,68.47,68.495,68.455,68.46,92660.88124799999
2026-06-30T18:30:00+00:00,68.46,68.46,68.435,68.44,161961.71714999998
2026-06-30T18:35:00+00:00,68.4408,68.45,68.4,68.4,81317.632195
2026-06-30T18:40:00+00:00,68.4,68.43,68.4,68.415,106205.950593
2026-06-30T18:45:00+00:00,68.415,68.445,68.405,68.445,90220.082725
2026-06-30T18:50:00+00:00,68.44,68.48,68.43,68.48,50716.657274
2026-06-30T18:55:00+00:00,68.48,68.5,68.45,68.4587,85081.3104
2026-06-30T19:00:00+00:00,68.46,68.48,68.45,68.455,36595.824207
2026-06-30T19:05:00+00:00,68.455,68.49,68.455,68.465,203351.90042700002
2026-06-30T19:10:00+00:00,68.47,68.48,68.445,68.46,250615.45884099999
2026-06-30T19:15:00+00:00,68.455,68.49,68.45,68.475,224227.35010200003
2026-06-30T19:20:00+00:00,68.475,68.485,68.445,68.455,280250.503168
2026-06-30T19:25:00+00:00,68.46,68.47,68.4,68.405,262767.41484
2026-06-30T19:30:00+00:00,68.405,68.42,68.36,68.365,292688.335092
2026-06-30T19:35:00+00:00,68.37,68.4,68.355,68.375,337019.52255999995
2026-06-30T19:40:00+00:00,68.38,68.4,68.34,68.39,580540.083756
2026-06-30T19:45:00+00:00,68.395,68.42,68.37,68.405,483379.98185700004
2026-06-30T19:50:00+00:00,68.405,68.43,68.385,68.395,331676.786652
2026-06-30T19:55:00+00:00,68.39,68.405,68.33,68.37,1290199.306667
2026-06-30T20:00:00+00:00,68.37,68.485,68.36,68.43,2446489.048388
2026-06-30T20:05:00+00:00,68.41,68.46,68.38,68.41,114851.398107
2026-06-30T20:10:00+00:00,68.38,68.38,68.38,68.38,937.0
2026-06-30T20:15:00+00:00,68.41,68.41,68.41,68.41,7431.0
2026-06-30T20:20:00+00:00,68.26,68.26,68.26,68.26,277.0
2026-06-30T20:55:00+00:00,68.26,68.4,68.26,68.4,16979.0
2026-06-30T21:00:00+00:00,68.27,68.35,68.27,68.34,1513.0
2026-06-30T21:10:00+00:00,68.33,68.33,68.24,68.26,1458.0
2026-06-30T21:40:00+00:00,68.0903,68.0903,68.0903,68.0903,1200.0
2026-06-30T21:45:00+00:00,68.09,68.09,68.09,68.09,100.0
2026-06-30T22:00:00+00:00,68.27,68.27,68.27,68.27,1244.0
2026-06-30T23:25:00+00:00,68.25,68.25,68.25,68.25,500.0
2026-06-30T23:35:00+00:00,68.2076,68.36,68.2076,68.36,456.0
2026-06-30T23:50:00+00:00,68.35,68.35,68.35,68.35,365.0
2026-07-01T08:05:00+00:00,67.4,67.4,67.23,67.23,620.8312
2026-07-01T08:40:00+00:00,67.23,67.23,67.15,67.15,2001.0
2026-07-01T08:50:00+00:00,67.27,67.27,67.27,67.27,755.0
2026-07-01T09:50:00+00:00,67.2701,67.2701,67.2701,67.2701,280.0
2026-07-01T10:20:00+00:00,67.25,67.25,67.25,67.25,687.0
2026-07-01T10:30:00+00:00,67.31,67.31,67.31,67.31,100.0
2026-07-01T10:50:00+00:00,67.4,67.4,67.4,67.4,422.0
2026-07-01T11:05:00+00:00,67.4,67.4,67.4,67.4,341.0
2026-07-01T11:15:00+00:00,67.42,67.42,67.42,67.42,400.0
2026-07-01T11:20:00+00:00,67.5199,67.5199,67.5199,67.5199,1000.0
2026-07-01T11:25:00+00:00,67.5,67.5,67.49,67.49,855.0
2026-07-01T11:35:00+00:00,67.52,67.52,67.52,67.52,2596.0
2026-07-01T11:40:00+00:00,67.48,67.48,67.48,67.48,105.0
2026-07-01T11:45:00+00:00,67.4,67.4,67.4,67.4,258.0
2026-07-01T11:55:00+00:00,67.35,67.35,67.35,67.35,2110.0
2026-07-01T12:05:00+00:00,67.25,67.28,67.25,67.28,235.0
2026-07-01T12:35:00+00:00,67.26,67.26,67.21,67.21,3219.0
2026-07-01T12:40:00+00:00,67.14,67.14,67.1,67.1,5553.0
2026-07-01T12:45:00+00:00,67.05,67.11,66.9159,66.9159,887.0
2026-07-01T12:50:00+00:00,66.95,66.95,66.94,66.94,2502.0
2026-07-01T12:55:00+00:00,66.9705,66.9705,66.9705,66.9705,267.0
2026-07-01T13:00:00+00:00,66.93,66.9305,66.93,66.9305,478.0
2026-07-01T13:05:00+00:00,66.93,67.0,66.93,67.0,711.0
2026-07-01T13:10:00+00:00,66.96,66.96,66.86,66.86,2330.0
2026-07-01T13:15:00+00:00,66.8849,66.8849,66.85,66.85,831.0
2026-07-01T13:20:00+00:00,66.86,67.05,66.86,67.0,12255.0
2026-07-01T13:25:00+00:00,67.0,67.04,66.99,67.04,6565.0
2026-07-01T13:30:00+00:00,67.04,67.04,66.83,66.96,15317.0
2026-07-01T13:35:00+00:00,66.91,67.1,66.755,66.785,1378823.517002
2026-07-01T13:40:00+00:00,66.775,66.86,66.695,66.8,535784.917701
2026-07-01T13:45:00+00:00,66.79,66.98,66.75,66.98,603660.021855
2026-07-01T13:50:00+00:00,66.97,67.18,66.94,67.155,434493.29566199996
2026-07-01T13:55:00+00:00,67.16,67.185,67.065,67.1,733161.711342
2026-07-01T14:00:00+00:00,67.1,67.21,67.08,67.21,258039.410321
2026-07-01T14:05:00+00:00,67.215,67.3,67.135,67.19,626376.7625490001
2026-07-01T14:10:00+00:00,67.19,67.325,67.175,67.28,117788.376034
2026-07-01T14:15:00+00:00,67.29,67.41,67.28,67.355,446208.821313
2026-07-01T14:20:00+00:00,67.35,67.46,67.29,67.4,345100.89184299996
2026-07-01T14:25:00+00:00,67.39,67.455,67.37,67.415,235785.11283400003
2026-07-01T14:30:00+00:00,67.41,67.45,67.33,67.37,255459.952644
2026-07-01T14:35:00+00:00,67.37,67.39,67.185,67.22,426958.789379
2026-07-01T14:40:00+00:00,67.21,67.28,67.15,67.26,351946.725737
2026-07-01T14:45:00+00:00,67.26,67.27,67.08,67.09,279083.68986
2026-07-01T14:50:00+00:00,67.09,67.09,66.975,67.02,434254.10291799996
2026-07-01T14:55:00+00:00,67.03,67.08,66.975,66.99,386735.823539
2026-07-01T15:00:00+00:00,66.99,67.0,66.855,66.91,139496.59999800002
2026-07-01T15:05:00+00:00,66.92,67.015,66.9,67.01,430621.55221600004
2026-07-01T15:10:00+00:00,67.0,67.01,66.855,66.89,203091.786926
2026-07-01T15:15:00+00:00,66.9,67.02,66.86,67.02,135242.600732
2026-07-01T15:20:00+00:00,67.03,67.11,67.03,67.06,164041.04988900002
2026-07-01T15:25:00+00:00,67.06,67.12,67.06,67.06,144264.729473
2026-07-01T15:30:00+00:00,67.07,67.22,67.045,67.21,194524.67489999998
2026-07-01T15:35:00+00:00,67.21,67.22,67.16,67.16,184586.68372200002
2026-07-01T15:40:00+00:00,67.155,67.18,67.08,67.12,425567.758411
2026-07-01T15:45:00+00:00,67.11,67.15,67.05,67.065,178638.69219
2026-07-01T15:50:00+00:00,67.065,67.07,66.945,66.97,164953.382723
2026-07-01T15:55:00+00:00,66.965,66.99,66.91,66.91,167537.603024
2026-07-01T16:00:00+00:00,66.91,66.92,66.88,66.885,256743.23875199998
2026-07-01T16:05:00+00:00,66.89,67.02,66.885,66.99,414245.532792
2026-07-01T16:10:00+00:00,66.99,67.035,66.97,66.99,75320.130671
2026-07-01T16:15:00+00:00,66.985,67.03,66.96,66.98,98303.447747
2026-07-01T16:20:00+00:00,66.98,67.04,66.955,67.03,329780.70666
2026-07-01T16:25:00+00:00,67.035,67.06,67.015,67.04,478179.1849890001
2026-07-01T16:30:00+00:00,67.03,67.05,67.015,67.03,87015.47841499999
2026-07-01T16:35:00+00:00,67.02,67.05,67.01,67.02,100613.549523
2026-07-01T16:40:00+00:00,67.015,67.025,66.97,66.97,114149.09131
2026-07-01T16:45:00+00:00,66.97,66.98,66.92,66.95,116564.918206
2026-07-01T16:50:00+00:00,66.95,66.98,66.915,66.93,206377.73179999998
2026-07-01T16:55:00+00:00,66.93,66.94,66.82,66.87,177072.255465
2026-07-01T17:00:00+00:00,66.87,66.87,66.79,66.815,162993.849932
2026-07-01T17:05:00+00:00,66.82,66.89,66.79,66.815,99373.583454
2026-07-01T17:10:00+00:00,66.82,66.825,66.78,66.79,120750.199774
2026-07-01T17:15:00+00:00,66.78,66.8109,66.76,66.795,141068.57267
2026-07-01T17:20:00+00:00,66.8,66.845,66.785,66.845,74187.867297
2026-07-01T17:25:00+00:00,66.85,66.94,66.85,66.93,79411.958631
2026-07-01T17:30:00+00:00,66.925,66.935,66.87,66.88,101592.78999000002
2026-07-01T17:35:00+00:00,66.89,66.92,66.84,66.845,82007.42186399999
2026-07-01T17:40:00+00:00,66.845,66.85,66.82,66.845,164448.213509
2026-07-01T17:45:00+00:00,66.85,66.86,66.8,66.8,113830.181017
2026-07-01T17:50:00+00:00,66.805,66.81,66.74,66.745,115425.81667999999
2026-07-01T17:55:00+00:00,66.75,66.8,66.75,66.77,121959.1762
2026-07-01T18:00:00+00:00,66.77,66.785,66.7,66.71,65214.845841999995
2026-07-01T18:05:00+00:00,66.72,66.77,66.7,66.755,112801.74251699999
2026-07-01T18:10:00+00:00,66.755,66.76,66.715,66.745,86931.956325
2026-07-01T18:15:00+00:00,66.75,66.755,66.69,66.735,162527.215616
2026-07-01T18:20:00+00:00,66.735,66.735,66.67,66.715,105746.152973
2026-07-01T18:25:00+00:00,66.715,66.76,66.705,66.76,150710.848
2026-07-01T18:30:00+00:00,66.77,66.775,66.72,66.725,173737.67212399998
2026-07-01T18:35:00+00:00,66.72,66.73,66.69,66.71,76676.76998
2026-07-01T18:40:00+00:00,66.7,66.73,66.67,66.67,69151.903773
2026-07-01T18:45:00+00:00,66.67,66.67,66.63,66.655,193268.620537
2026-07-01T18:50:00+00:00,66.65,66.65,66.575,66.605,127302.34108
2026-07-01T18:55:00+00:00,66.6,66.62,66.53,66.53,442692.3789
2026-07-01T19:00:00+00:00,66.53,66.61,66.5201,66.605,243238.975886
2026-07-01T19:05:00+00:00,66.6,66.7164,66.59,66.705,370287.94777100004
2026-07-01T19:10:00+00:00,66.71,66.825,66.695,66.825,178051.526167
2026-07-01T19:15:00+00:00,66.82,66.83,66.77,66.7731,160520.330448
2026-07-01T19:20:00+00:00,66.77,66.8,66.73,66.8,109242.04363500001
2026-07-01T19:25:00+00:00,66.79,66.815,66.785,66.805,374906.82435000007
2026-07-01T19:30:00+00:00,66.8,66.8,66.71,66.74,115789.81022300001
2026-07-01T19:35:00+00:00,66.74,66.85,66.74,66.795,395797.762655
2026-07-01T19:40:00+00:00,66.79,66.79,66.69,66.69,299648.295977
2026-07-01T19:45:00+00:00,66.7,66.7,66.62,66.63,338276.521432
2026-07-01T19:50:00+00:00,66.64,66.645,66.605,66.63,283667.145266
2026-07-01T19:55:00+00:00,66.64,66.645,66.53,66.565,1125512.067839
2026-07-01T20:00:00+00:00,66.565,66.59,66.48,66.5,3088444.613633
2026-07-01T20:05:00+00:00,66.51,66.51,66.44,66.4574,56960.097892
2026-07-01T20:10:00+00:00,66.48,66.48,66.48,66.48,4265.0
2026-07-01T20:15:00+00:00,66.42,66.42,66.4,66.41,22374.817356
2026-07-01T20:30:00+00:00,66.42,66.42,66.42,66.42,100.0
2026-07-01T20:35:00+00:00,66.4,66.4,66.4,66.4,451.0
2026-07-01T20:40:00+00:00,66.37,66.41,66.36,66.41,8398.0
2026-07-01T21:25:00+00:00,66.48,66.5,66.48,66.5,13021.0
2026-07-01T23:55:00+00:00,66.42,66.44,66.26,66.43,2088.0
2026-07-02T00:00:00+00:00,66.27,66.27,66.27,66.27,152.0
2026-07-02T08:05:00+00:00,65.7,66.74,65.7,66.21,5187.225976
2026-07-02T08:15:00+00:00,65.6,65.64,65.49,65.54,14625.0
2026-07-02T08:20:00+00:00,65.51,65.58,65.51,65.58,8342.0
2026-07-02T10:05:00+00:00,65.65,65.65,65.64,65.64,2300.0
2026-07-02T10:45:00+00:00,65.75,65.76,65.75,65.75,3100.0
2026-07-02T10:50:00+00:00,65.76,65.76,65.72,65.73,4245.0
2026-07-02T10:55:00+00:00,65.7,65.84,65.7,65.7,2698.0
2026-07-02T11:05:00+00:00,65.93,65.93,65.93,65.93,408.0
2026-07-02T11:15:00+00:00,65.8,65.8,65.8,65.8,200.0
2026-07-02T11:30:00+00:00,65.89,65.89,65.89,65.89,600.0
2026-07-02T11:35:00+00:00,65.85,65.9,65.85,65.9,600.0
2026-07-02T11:40:00+00:00,65.92,65.92,65.92,65.92,4014.0
2026-07-02T11:55:00+00:00,66.0,66.0,66.0,66.0,1292.0
2026-07-02T12:15:00+00:00,66.2,66.22,66.2,66.22,662.0
2026-07-02T12:30:00+00:00,66.25,66.25,66.25,66.25,200.913
2026-07-02T12:35:00+00:00,66.8,66.8,66.76,66.8,7537.0
2026-07-02T12:40:00+00:00,66.84,66.9922,66.84,66.88,4592.0
2026-07-02T12:45:00+00:00,66.8347,66.8347,66.83,66.83,325.0
2026-07-02T12:50:00+00:00,66.84,66.8818,66.8,66.8818,2102.0
2026-07-02T12:55:00+00:00,66.73,66.73,66.69,66.69,1291.0
2026-07-02T13:00:00+00:00,66.53,66.53,66.53,66.53,217.0
2026-07-02T13:25:00+00:00,66.66,66.66,66.66,66.66,100.0
2026-07-02T13:30:00+00:00,66.7,66.7,66.5814,66.64,3017.0
2026-07-02T13:35:00+00:00,66.53,66.79,66.33,66.78,1060248.6864460001
2026-07-02T13:40:00+00:00,66.77,66.89,66.52,66.58,637902.106244
2026-07-02T13:45:00+00:00,66.6,66.93,66.57,66.825,757020.010744
2026-07-02T13:50:00+00:00,66.825,67.03,66.79,66.97,839445.0310409999
2026-07-02T13:55:00+00:00,66.97,67.19,66.95,67.075,823439.393867
2026-07-02T14:00:00+00:00,67.075,67.15,67.025,67.14,355870.32577700005
2026-07-02T14:05:00+00:00,67.145,67.15,67.03,67.06,333809.65673700004
2026-07-02T14:10:00+00:00,67.06,67.065,66.91,66.925,294772.337129
2026-07-02T14:15:00+00:00,66.925,67.065,66.8,66.975,311768.693896
2026-07-02T14:20:00+00:00,66.975,66.98,66.72,66.775,357300.78316100006
2026-07-02T14:25:00+00:00,66.775,66.805,66.565,66.57,346634.642025
2026-07-02T14:30:00+00:00,66.57,66.59,66.295,66.36,615114.805013
2026-07-02T14:35:00+00:00,66.37,66.475,66.18,66.2,322884.975225
2026-07-02T14:40:00+00:00,66.21,66.405,66.165,66.295,395601.60111600003
2026-07-02T14:45:00+00:00,66.29,66.29,66.015,66.07,316159.185811
2026-07-02T14:50:00+00:00,66.07,66.24,66.01,66.165,428928.062656
2026-07-02T14:55:00+00:00,66.17,66.19,65.95,66.03,702621.346899
2026-07-02T15:00:00+00:00,66.03,66.17,66.02,66.165,453787.201391
2026-07-02T15:05:00+00:00,66.165,66.19,65.92,65.92,324171.93227700004
2026-07-02T15:10:00+00:00,65.925,65.945,65.72,65.915,662195.2703379999
2026-07-02T15:15:00+00:00,65.91,66.1,65.885,65.965,371477.001302
2026-07-02T15:20:00+00:00,65.965,66.01,65.725,65.75,287458.539199
2026-07-02T15:25:00+00:00,65.75,65.93,65.71,65.915,331547.13902400003
2026-07-02T15:30:00+00:00,65.9,65.995,65.83,65.835,352437.49267199996
2026-07-02T15:35:00+00:00,65.835,66.1,65.835,66.08,781028.242148
2026-07-02T15:40:00+00:00,66.08,66.195,66.06,66.13,343811.503196
2026-07-02T15:45:00+00:00,66.13,66.18,66.01,66.01,297369.212774
2026-07-02T15:50:00+00:00,66.005,66.08,65.96,65.975,407407.623107
2026-07-02T15:55:00+00:00,65.98,66.0,65.865,65.92,268762.17324
2026-07-02T16:00:00+00:00,65.92,65.93,65.84,65.9,198779.304775
2026-07-02T16:05:00+00:00,65.9,65.935,65.735,65.79,275292.26104
2026-07-02T16:10:00+00:00,65.79,65.825,65.7,65.73,269641.452552
2026-07-02T16:15:00+00:00,65.735,65.87,65.735,65.84,203525.073626
2026-07-02T16:20:00+00:00,65.85,65.85,65.73,65.73,194746.072969
2026-07-02T16:25:00+00:00,65.74,65.7401,65.565,65.58,201362.57180100004
2026-07-02T16:30:00+00:00,65.59,65.65,65.525,65.53,158450.25622799998
2026-07-02T16:35:00+00:00,65.54,65.54,65.4,65.41,201920.39620699998
2026-07-02T16:40:00+00:00,65.4,65.465,65.32,65.36,223765.26568300003
2026-07-02T16:45:00+00:00,65.37,65.485,65.35,65.44,340980.619597
2026-07-02T16:50:00+00:00,65.44,65.44,65.3658,65.375,186432.66512400002
2026-07-02T16:55:00+00:00,65.37,65.415,65.295,65.36,269636.39701
2026-07-02T17:00:00+00:00,65.36,65.36,65.21,65.28,137591.530062
2026-07-02T17:05:00+00:00,65.28,65.3,65.18,65.22,139302.782556
2026-07-02T17:10:00+00:00,65.22,65.36,65.175,65.21,295287.19340199995
2026-07-02T17:15:00+00:00,65.215,65.25,65.17,65.21,527226.048503
2026-07-02T17:20:00+00:00,65.2,65.28,65.17,65.21,860188.517029
2026-07-02T17:25:00+00:00,65.21,65.27,65.165,65.19,219981.8162
2026-07-02T17:30:00+00:00,65.185,65.22,65.17,65.2,904477.467325
2026-07-02T17:35:00+00:00,65.2,65.26,65.15,65.1516,347269.363492
2026-07-02T17:40:00+00:00,65.15,65.18,65.01,65.04,326168.779214
2026-07-02T17:45:00+00:00,65.03,65.06,64.975,65.0,169342.41247799998
2026-07-02T17:50:00+00:00,65.0,65.01,64.85,64.88,300068.376186
2026-07-02T17:55:00+00:00,64.88,64.96,64.825,64.945,457813.873432
2026-07-02T18:00:00+00:00,64.94,64.96,64.825,64.8401,244448.49319
2026-07-02T18:05:00+00:00,64.845,64.91,64.8,64.9,186391.070463
2026-07-02T18:10:00+00:00,64.905,65.22,64.905,65.205,388392.428262
2026-07-02T18:15:00+00:00,65.205,65.245,65.155,65.165,222046.515294
2026-07-02T18:20:00+00:00,65.165,65.185,65.055,65.09,370906.52812000003
2026-07-02T18:25:00+00:00,65.09,65.17,65.08,65.15,96336.15952
2026-07-02T18:30:00+00:00,65.155,65.26,65.15,65.26,135023.449792
2026-07-02T18:35:00+00:00,65.26,65.35,65.24,65.26,201522.24361
2026-07-02T18:40:00+00:00,65.26,65.33,65.24,65.32,310857.968405
2026-07-02T18:45:00+00:00,65.32,65.33,65.285,65.285,177277.387498
2026-07-02T18:50:00+00:00,65.285,65.345,65.21,65.33,122080.180903
2026-07-02T18:55:00+00:00,65.33,65.41,65.31,65.35,835184.668802
2026-07-02T19:00:00+00:00,65.34,65.395,65.29,65.3805,334452.286878
2026-07-02T19:05:00+00:00,65.38,65.4,65.2,65.215,402243.39924
2026-07-02T19:10:00+00:00,65.22,65.265,65.165,65.25,568600.925942
2026-07-02T19:15:00+00:00,65.26,65.275,65.205,65.245,203781.99547099997
2026-07-02T19:20:00+00:00,65.24,65.26,65.16,65.18,180795.01062200003
2026-07-02T19:25:00+00:00,65.175,65.18,65.09,65.1,124290.76405900001
2026-07-02T19:30:00+00:00,65.09,65.255,65.04,65.22,270946.824231
2026-07-02T19:35:00+00:00,65.23,65.32,65.2,65.295,437390.950474
2026-07-02T19:40:00+00:00,65.295,65.33,65.25,65.31,176173.49755899998
2026-07-02T19:45:00+00:00,65.31,65.3799,65.285,65.36,632170.98517
2026-07-02T19:50:00+00:00,65.365,65.405,65.355,65.395,314531.895854
2026-07-02T19:55:00+00:00,65.4,65.545,65.4,65.545,767535.61843
2026-07-02T20:00:00+00:00,65.53,65.74,65.505,65.71,2536457.389107
2026-07-02T20:05:00+00:00,65.71,65.71,65.6,65.64,73114.215913
2026-07-02T20:10:00+00:00,65.6,65.69,65.59,65.69,36721.0
2026-07-02T20:15:00+00:00,65.68,65.7,65.65,65.67,32207.842109999998
2026-07-02T20:20:00+00:00,65.66,65.71,65.66,65.69,17339.526245
2026-07-02T20:25:00+00:00,65.67,65.67,65.67,65.67,286.0
2026-07-02T20:30:00+00:00,65.71,65.71,65.71,65.71,3169.0
2026-07-02T20:40:00+00:00,65.77,65.8,65.65,65.65,4159.0
2026-07-02T21:55:00+00:00,65.6725,65.6725,65.6725,65.6725,600.0
2026-07-02T22:10:00+00:00,65.68,65.68,65.68,65.68,375.0
2026-07-02T22:30:00+00:00,65.85,65.9,65.85,65.9,714.0
2026-07-02T22:55:00+00:00,66.09,66.09,66.0,66.0,250.0
2026-07-02T23:55:00+00:00,65.87,65.87,65.87,65.87,100.0
2026-07-06T08:05:00+00:00,67.16,67.18,67.16,67.18,956.0
2026-07-06T09:45:00+00:00,67.12,67.13,67.12,67.13,245.0
2026-07-06T09:50:00+00:00,67.3363,67.3363,67.3363,67.3363,102.991582
2026-07-06T09:55:00+00:00,67.33,67.33,67.33,67.33,100.0
2026-07-06T10:10:00+00:00,67.28,67.28,67.28,67.28,1000.0
2026-07-06T10:15:00+00:00,67.32,67.32,67.32,67.32,103.0
2026-07-06T10:20:00+00:00,67.38,67.38,67.38,67.38,100.0
2026-07-06T10:35:00+00:00,67.38,67.39,67.38,67.38,200.0
2026-07-06T10:40:00+00:00,67.4,67.41,67.4,67.41,200.0
2026-07-06T10:45:00+00:00,67.37,67.37,67.33,67.33,10253.0
2026-07-06T10:50:00+00:00,67.33,67.34,67.33,67.33,7740.311007
2026-07-06T10:55:00+00:00,67.34,67.35,67.33,67.33,5500.0
2026-07-06T11:05:00+00:00,67.35,67.35,67.28,67.28,5227.739
2026-07-06T11:10:00+00:00,67.22,67.22,67.21,67.2103,90714.0
2026-07-06T11:15:00+00:00,67.22,67.22,67.2101,67.2101,18058.0
2026-07-06T11:20:00+00:00,67.22,67.22,67.21,67.22,61476.0
2026-07-06T11:25:00+00:00,67.22,67.25,67.22,67.24,91444.0
2026-07-06T11:30:00+00:00,67.25,67.255,67.23,67.25,6875.0
2026-07-06T11:35:00+00:00,67.23,67.27,67.23,67.27,7720.0
2026-07-06T11:40:00+00:00,67.2702,67.2708,67.25,67.25,3431.9971670000004
2026-07-06T11:45:00+00:00,67.22,67.23,67.22,67.23,2588.0
2026-07-06T11:50:00+00:00,67.27,67.29,67.27,67.29,4209.0
2026-07-06T11:55:00+00:00,67.27,67.27,67.25,67.25,8220.0
2026-07-06T12:00:00+00:00,67.2805,67.29,67.22,67.22,8247.900936
2026-07-06T12:05:00+00:00,67.21,67.23,67.18,67.2,11915.0
2026-07-06T12:10:00+00:00,67.26,67.26,67.25,67.25,1451.46583
2026-07-06T12:15:00+00:00,67.26,67.26,67.2315,67.26,2867.0
2026-07-06T12:20:00+00:00,67.26,67.26,67.26,67.26,307.0
2026-07-06T12:25:00+00:00,67.22,67.22,67.14,67.15,125651.0
2026-07-06T12:30:00+00:00,67.16,67.16,67.15,67.15,35522.0
2026-07-06T12:35:00+00:00,67.17,67.18,67.14,67.14,25977.0
2026-07-06T12:40:00+00:00,67.16,67.19,67.16,67.19,12667.0
2026-07-06T12:45:00+00:00,67.17,67.17,67.17,67.17,2575.0
2026-07-06T12:50:00+00:00,67.16,67.18,67.1401,67.18,1850.0
2026-07-06T12:55:00+00:00,67.18,67.21,67.18,67.21,2834.0
2026-07-06T13:00:00+00:00,67.19,67.19,67.19,67.19,263.0
2026-07-06T13:05:00+00:00,67.2,67.21,67.15,67.15,17052.0
2026-07-06T13:10:00+00:00,67.17,67.17,67.16,67.17,1670.0
2026-07-06T13:15:00+00:00,67.18,67.18,67.14,67.14,6919.0
2026-07-06T13:20:00+00:00,67.15,67.15,67.11,67.11,5704.0
2026-07-06T13:25:00+00:00,67.13,67.16,67.11,67.14,5978.947192
2026-07-06T13:30:00+00:00,67.18,67.25,67.16,67.25,42722.0
2026-07-06T13:35:00+00:00,67.245,67.44,67.21,67.44,1175964.4891849998
2026-07-06T13:40:00+00:00,67.445,67.4797,67.23,67.475,669689.225142
2026-07-06T13:45:00+00:00,67.47,67.575,67.42,67.575,398025.63821199996
2026-07-06T13:50:00+00:00,67.575,67.605,67.48,67.58,270507.94134
2026-07-06T13:55:00+00:00,67.57,67.6645,67.53,67.59,379594.244981
2026-07-06T14:00:00+00:00,67.58,67.595,67.46,67.49,249105.17312300002
2026-07-06T14:05:00+00:00,67.5,67.53,67.45,67.455,172857.29872
2026-07-06T14:10:00+00:00,67.45,67.56,67.44,67.55,186673.968998
2026-07-06T14:15:00+00:00,67.54,67.7299,67.45,67.715,367837.787516
2026-07-06T14:20:00+00:00,67.71,67.725,67.63,67.65,110389.323533
2026-07-06T14:25:00+00:00,67.66,67.68,67.59,67.6,148505.816468
2026-07-06T14:30:00+00:00,67.61,67.66,67.58,67.59,265025.295151
2026-07-06T14:35:00+00:00,67.595,67.635,67.55,67.6301,188755.914839
2026-07-06T14:40:00+00:00,67.632,67.645,67.57,67.57,149879.197416
2026-07-06T14:45:00+00:00,67.57,67.59,67.49,67.58,287804.5109
2026-07-06T14:50:00+00:00,67.57,67.595,67.51,67.525,185046.19836500002
2026-07-06T14:55:00+00:00,67.53,67.595,67.52,67.53,312723.850383
2026-07-06T15:00:00+00:00,67.53,67.545,67.451,67.535,144441.574759
2026-07-06T15:05:00+00:00,67.54,67.62,67.5,67.595,372321.527211
2026-07-06T15:10:00+00:00,67.595,67.615,67.53,67.56,500227.027487
2026-07-06T15:15:00+00:00,67.57,67.57,67.4,67.45,137889.145155
2026-07-06T15:20:00+00:00,67.45,67.465,67.385,67.45,159250.501905
2026-07-06T15:25:00+00:00,67.4451,67.535,67.43,67.53,209981.02714
2026-07-06T15:30:00+00:00,67.53,67.7,67.53,67.7,209611.59623799997
2026-07-06T15:35:00+00:00,67.695,67.75,67.675,67.7,521837.73466
2026-07-06T15:40:00+00:00,67.7,67.7069,67.63,67.65,595403.360823
2026-07-06T15:45:00+00:00,67.66,67.71,67.645,67.69,150071.783313
2026-07-06T15:50:00+00:00,67.7,67.72,67.68,67.705,116834.027099
2026-07-06T15:55:00+00:00,67.705,67.725,67.66,67.665,92039.569723
2026-07-06T16:00:00+00:00,67.665,67.72,67.65,67.7101,223122.373898
2026-07-06T16:05:00+00:00,67.72,67.725,67.655,67.66,152996.785622
2026-07-06T16:10:00+00:00,67.66,67.765,67.655,67.75,138338.507545
2026-07-06T16:15:00+00:00,67.75,67.79,67.725,67.725,125538.41182800001
2026-07-06T16:20:00+00:00,67.725,67.77,67.725,67.77,88240.41877999999
2026-07-06T16:25:00+00:00,67.77,67.78,67.73,67.75,167013.241604
2026-07-06T16:30:00+00:00,67.75,67.75,67.7,67.715,165214.689093
2026-07-06T16:35:00+00:00,67.715,67.745,67.695,67.7042,136557.247386
2026-07-06T16:40:00+00:00,67.705,67.715,67.66,67.7,126928.738743
2026-07-06T16:45:00+00:00,67.7,67.725,67.69,67.7,96062.167954
2026-07-06T16:50:00+00:00,67.7,67.725,67.675,67.715,119710.144364
2026-07-06T16:55:00+00:00,67.715,67.75,67.665,67.665,135836.649759
2026-07-06T17:00:00+00:00,67.665,67.67,67.63,67.645,542383.364523
2026-07-06T17:05:00+00:00,67.65,67.655,67.59,67.63,99042.586345
2026-07-06T17:10:00+00:00,67.63,67.72,67.63,67.71,134692.51945000002
2026-07-06T17:15:00+00:00,67.705,67.705,67.67,67.685,178414.31610599998
2026-07-06T17:20:00+00:00,67.685,67.69,67.63,67.65,129928.569126
2026-07-06T17:25:00+00:00,67.64,67.64,67.57,67.625,112654.187693
2026-07-06T17:30:00+00:00,67.63,67.66,67.575,67.585,95073.277901
2026-07-06T17:35:00+00:00,67.58,67.585,67.52,67.565,135399.92018
2026-07-06T17:40:00+00:00,67.57,67.57,67.525,67.56,138782.288394
2026-07-06T17:45:00+00:00,67.56,67.56,67.445,67.5,318839.578127
2026-07-06T17:50:00+00:00,67.5,67.57,67.47,67.565,246423.37549900002
2026-07-06T17:55:00+00:00,67.565,67.585,67.525,67.525,216738.232397
2026-07-06T18:00:00+00:00,67.53,67.5353,67.48,67.495,97537.88564600001
2026-07-06T18:05:00+00:00,67.495,67.545,67.48,67.52,52944.307949999995
2026-07-06T18:10:00+00:00,67.53,67.6,67.525,67.58,167316.606664
2026-07-06T18:15:00+00:00,67.585,67.595,67.5601,67.565,33862.007858
2026-07-06T18:20:00+00:00,67.57,67.645,67.57,67.635,69492.45191399999
2026-07-06T18:25:00+00:00,67.63,67.635,67.605,67.63,52115.598201
2026-07-06T18:30:00+00:00,67.62,67.64,67.6,67.615,79199.620246
2026-07-06T18:35:00+00:00,67.61,67.61,67.57,67.58,65436.074303
2026-07-06T18:40:00+00:00,67.575,67.62,67.565,67.575,55940.866228
2026-07-06T18:45:00+00:00,67.575,67.62,67.575,67.61,127087.829335
2026-07-06T18:50:00+00:00,67.6,67.635,67.59,67.615,83682.716525
2026-07-06T18:55:00+00:00,67.62,67.62,67.575,67.58,150581.272442
2026-07-06T19:00:00+00:00,67.58,67.6258,67.57,67.605,74780.734843
2026-07-06T19:05:00+00:00,67.605,67.638,67.575,67.5999,351382.64612299995
2026-07-06T19:10:00+00:00,67.6,67.63,67.585,67.625,129479.30275600002
2026-07-06T19:15:00+00:00,67.63,67.655,67.61,67.64,167637.032652
2026-07-06T19:20:00+00:00,67.635,67.675,67.63,67.665,159269.958515
2026-07-06T19:25:00+00:00,67.66,67.695,67.65,67.685,136153.575739
2026-07-06T19:30:00+00:00,67.6899,67.6899,67.65,67.665,88577.635358
2026-07-06T19:35:00+00:00,67.665,67.665,67.605,67.64,176214.17583999998
2026-07-06T19:40:00+00:00,67.645,67.6505,67.6,67.615,367009.36434000003
2026-07-06T19:45:00+00:00,67.615,67.64,67.61,67.64,2854955.8202330004
2026-07-06T19:50:00+00:00,67.635,67.67,67.63,67.645,223881.73299899997
2026-07-06T19:55:00+00:00,67.64,67.65,67.6,67.605,645369.7914760001
2026-07-06T20:00:00+00:00,67.61,67.61,67.53,67.575,1819784.1235949998
2026-07-06T20:05:00+00:00,67.57,67.58,67.54,67.56,25966.622635
2026-07-06T20:15:00+00:00,67.57,67.57,67.57,67.57,200.0
2026-07-06T20:20:00+00:00,67.55,67.58,67.55,67.56,19532.395491
2026-07-06T20:25:00+00:00,67.53,67.55,67.53,67.55,661.0
2026-07-06T20:50:00+00:00,67.57,67.57,67.56,67.56,476.0
2026-07-06T20:55:00+00:00,67.56,67.57,67.56,67.57,12100.0
2026-07-06T21:05:00+00:00,67.61,67.69,67.61,67.69,1000.0
2026-07-06T21:45:00+00:00,67.69,67.69,67.65,67.65,500.45764
2026-07-06T22:30:00+00:00,67.7306,67.7306,67.7306,67.7306,107.0
2026-07-06T23:00:00+00:00,67.6,67.6,67.6,67.6,222.0
2026-07-07T08:05:00+00:00,66.8,67.0,65.8,66.01,9930.262229
2026-07-07T08:10:00+00:00,66.04,66.04,66.01,66.04,228.0
2026-07-07T08:35:00+00:00,66.55,66.55,66.55,66.55,200.0
2026-07-07T09:00:00+00:00,66.34,66.34,66.29,66.29,587.0
2026-07-07T09:05:00+00:00,66.19,66.19,66.16,66.19,650.0
2026-07-07T09:25:00+00:00,66.21,66.21,66.21,66.21,1244.0
2026-07-07T10:20:00+00:00,66.17,66.17,66.17,66.17,271.0
2026-07-07T10:35:00+00:00,66.19,66.19,66.19,66.19,495.0
2026-07-07T10:50:00+00:00,66.01,66.01,65.99,65.99,1681.0
2026-07-07T10:55:00+00:00,65.98,65.98,65.98,65.98,1109.0
2026-07-07T11:05:00+00:00,66.19,66.19,66.13,66.18,859.0
2026-07-07T11:25:00+00:00,66.08,66.08,66.06,66.08,600.0
2026-07-07T11:35:00+00:00,66.01,66.01,65.92,65.92,3431.0
2026-07-07T11:40:00+00:00,65.92,65.93,65.92,65.93,2510.0
2026-07-07T12:00:00+00:00,66.1,66.15,66.1,66.15,452.0
2026-07-07T12:10:00+00:00,66.19,66.28,66.19,66.28,543.55861
2026-07-07T12:20:00+00:00,66.3,66.33,66.29,66.29,1200.0
2026-07-07T12:25:00+00:00,66.31,66.31,66.3,66.3,300.0
2026-07-07T12:35:00+00:00,66.3,66.3,66.3,66.3,300.0
2026-07-07T12:50:00+00:00,66.22,66.28,66.18,66.25,3960.0
2026-07-07T12:55:00+00:00,66.19,66.22,66.075,66.075,1815.0
2026-07-07T13:00:00+00:00,66.11,66.12,66.08,66.08,2142.0
2026-07-07T13:20:00+00:00,66.11,66.11,66.1,66.1,562.0
2026-07-07T13:25:00+00:00,66.1,66.1,66.08,66.1,8186.0
2026-07-07T13:30:00+00:00,66.0,66.05,65.97,66.0,41136.0
2026-07-07T13:35:00+00:00,65.99,66.22,65.922,65.97,1332871.444267
2026-07-07T13:40:00+00:00,65.97,66.26,65.9,66.12,745406.0684959999
2026-07-07T13:45:00+00:00,66.11,66.33,66.09,66.315,389147.94575199997
2026-07-07T13:50:00+00:00,66.315,66.33,66.135,66.16,253457.23398899997
2026-07-07T13:55:00+00:00,66.155,66.2,65.9,65.91,345343.74651900004
2026-07-07T14:00:00+00:00,65.91,65.99,65.775,65.955,292703.39143
2026-07-07T14:05:00+00:00,65.96,66.1,65.885,65.915,232879.020331
2026-07-07T14:10:00+00:00,65.92,65.97,65.8,65.89,408279.04922600003
2026-07-07T14:15:00+00:00,65.88,65.885,65.63,65.65,254293.62910999998
2026-07-07T14:20:00+00:00,65.655,65.72,65.6,65.71,334709.854557
2026-07-07T14:25:00+00:00,65.7,65.7399,65.485,65.51,402455.111283
2026-07-07T14:30:00+00:00,65.5,65.62,65.45,65.61,256041.489425
2026-07-07T14:35:00+00:00,65.61,65.67,65.54,65.56,379057.178899
2026-07-07T14:40:00+00:00,65.55,65.555,65.425,65.435,742850.828284
2026-07-07T14:45:00+00:00,65.44,65.475,65.34,65.4,286290.944578
2026-07-07T14:50:00+00:00,65.405,65.59,65.405,65.52,359726.706145
2026-07-07T14:55:00+00:00,65.515,65.62,65.5,65.5499,267053.157458
2026-07-07T15:00:00+00:00,65.56,65.615,65.5,65.56,391663.066933
2026-07-07T15:05:00+00:00,65.56,65.57,65.465,65.48,324832.011359
2026-07-07T15:10:00+00:00,65.49,65.605,65.435,65.57,315251.372207
2026-07-07T15:15:00+00:00,65.565,65.63,65.52,65.525,646950.794536
2026-07-07T15:20:00+00:00,65.52,65.52,65.35,65.36,78228.92860300001
2026-07-07T15:25:00+00:00,65.36,65.43,65.275,65.28,90019.967991
2026-07-07T15:30:00+00:00,65.29,65.36,65.255,65.335,239166.43357500003
2026-07-07T15:35:00+00:00,65.335,65.405,65.295,65.355,599819.813646
2026-07-07T15:40:00+00:00,65.35,65.415,65.3,65.3,219047.82120900002
2026-07-07T15:45:00+00:00,65.305,65.42,65.265,65.415,468761.93105
2026-07-07T15:50:00+00:00,65.405,65.555,65.405,65.425,554541.341325
2026-07-07T15:55:00+00:00,65.42,65.545,65.415,65.52,262996.518531
2026-07-07T16:00:00+00:00,65.52,65.56,65.465,65.55,80001.066216
2026-07-07T16:05:00+00:00,65.555,65.67,65.54,65.65,81857.332093
2026-07-07T16:10:00+00:00,65.65,65.715,65.545,65.57,211523.391656
2026-07-07T16:15:00+00:00,65.57,65.71,65.57,65.685,164958.024179
2026-07-07T16:20:00+00:00,65.68,65.69,65.625,65.68,94363.900739
2026-07-07T16:25:00+00:00,65.675,65.84,65.675,65.75,164175.822956
2026-07-07T16:30:00+00:00,65.75,65.82,65.74,65.79,77162.782091
2026-07-07T16:35:00+00:00,65.78,65.83,65.755,65.79,55753.477554
2026-07-07T16:40:00+00:00,65.785,65.8,65.72,65.755,109855.719925
2026-07-07T16:45:00+00:00,65.75,65.775,65.7,65.75,138615.07659100002
2026-07-07T16:50:00+00:00,65.75,65.775,65.72,65.745,56987.92828
2026-07-07T16:55:00+00:00,65.75,65.79,65.735,65.745,99331.92975299999
2026-07-07T17:00:00+00:00,65.74,65.78,65.695,65.77,120408.762244
2026-07-07T17:05:00+00:00,65.77,65.79,65.735,65.79,106300.01934
2026-07-07T17:10:00+00:00,65.795,65.9,65.795,65.88,222166.009706
2026-07-07T17:15:00+00:00,65.88,65.88,65.81,65.815,58364.099342999994
2026-07-07T17:20:00+00:00,65.82,65.82,65.76,65.815,107862.54540999999
2026-07-07T17:25:00+00:00,65.815,65.95,65.815,65.93,238118.952146
2026-07-07T17:30:00+00:00,65.92,65.92,65.855,65.885,148858.7588
2026-07-07T17:35:00+00:00,65.89,65.96,65.89,65.94,61838.349096
2026-07-07T17:40:00+00:00,65.94,65.99,65.93,65.99,97213.92819199999
2026-07-07T17:45:00+00:00,65.99,66.035,65.985,66.03,45774.180397000004
2026-07-07T17:50:00+00:00,66.035,66.04,65.985,66.035,112246.51545199999
2026-07-07T17:55:00+00:00,66.035,66.07,65.99,66.03,112896.35376099999
2026-07-07T18:00:00+00:00,66.025,66.08,66.025,66.075,60813.038833
2026-07-07T18:05:00+00:00,66.08,66.08,65.965,66.0,84057.20001100001
2026-07-07T18:10:00+00:00,66.0,66.03,65.935,65.96,103785.94483800001
2026-07-07T18:15:00+00:00,65.97,66.0,65.96,65.96,65858.73676599999
2026-07-07T18:20:00+00:00,65.955,65.97,65.91,65.915,113490.746766
2026-07-07T18:25:00+00:00,65.93,65.99,65.92,65.97,75648.45939100001
2026-07-07T18:30:00+00:00,65.97,65.98,65.895,65.905,79861.205406
2026-07-07T18:35:00+00:00,65.91,65.92,65.86,65.895,590955.6173520001
2026-07-07T18:40:00+00:00,65.89,65.945,65.85,65.92,96730.2249
2026-07-07T18:45:00+00:00,65.92,65.92,65.77,65.815,87153.045206
2026-07-07T18:50:00+00:00,65.8178,65.85,65.685,65.76,297885.512372
2026-07-07T18:55:00+00:00,65.77,65.775,65.625,65.65,151121.88139
2026-07-07T19:00:00+00:00,65.66,65.69,65.605,65.62,352993.121765
2026-07-07T19:05:00+00:00,65.62,65.63,65.5,65.595,461519.51978699997
2026-07-07T19:10:00+00:00,65.6,65.68,65.515,65.535,193289.72864800002
2026-07-07T19:15:00+00:00,65.535,65.535,65.47,65.5,72207.964549
2026-07-07T19:20:00+00:00,65.5,65.5,65.32,65.41,285245.908103
2026-07-07T19:25:00+00:00,65.4,65.45,65.33,65.41,172019.704336
2026-07-07T19:30:00+00:00,65.41,65.52,65.36,65.49,224004.625932
2026-07-07T19:35:00+00:00,65.49,65.625,65.485,65.605,153161.853798
2026-07-07T19:40:00+00:00,65.6,65.61,65.51,65.55,91902.34275099999
2026-07-07T19:45:00+00:00,65.56,65.57,65.51,65.52,1634590.73392
2026-07-07T19:50:00+00:00,65.525,65.585,65.5,65.58,220735.32327800003
2026-07-07T19:55:00+00:00,65.59,65.65,65.54,65.65,651075.508549
2026-07-07T20:00:00+00:00,65.655,65.75,65.65,65.75,2042301.818695
2026-07-07T20:05:00+00:00,65.72,65.72,65.66,65.67,89631.70204
2026-07-07T20:10:00+00:00,65.68,65.71,65.67,65.7,7766.0
2026-07-07T20:15:00+00:00,65.71,65.72,65.7,65.72,16533.801548
2026-07-07T20:20:00+00:00,65.72,65.73,65.64,65.65,20101.0
2026-07-07T20:25:00+00:00,65.66,65.67,65.66,65.67,3881.0
2026-07-07T20:40:00+00:00,65.69,65.69,65.69,65.69,1554.0
2026-07-07T20:50:00+00:00,65.7,65.7,65.68,65.68,277749.0
2026-07-07T21:55:00+00:00,65.61,65.61,65.6,65.6,322.0
2026-07-07T23:15:00+00:00,65.5286,65.5286,65.5122,65.5122,609.0
2026-07-08T00:00:00+00:00,65.526,65.526,65.526,65.526,100.0
2026-07-08T08:05:00+00:00,65.83,65.83,65.83,65.83,269.0
2026-07-08T08:25:00+00:00,65.28,65.28,65.28,65.28,1249.0
2026-07-08T08:35:00+00:00,64.95,64.95,64.93,64.93,2558.974
2026-07-08T08:40:00+00:00,64.8,64.8,64.8,64.8,701.0
2026-07-08T08:45:00+00:00,64.6,64.62,64.44,64.44,760.0
2026-07-08T08:50:00+00:00,64.6,64.6,64.6,64.6,151.0
2026-07-08T08:55:00+00:00,64.72,64.86,64.72,64.72,392.0
2026-07-08T09:00:00+00:00,64.53,64.53,64.51,64.53,1483.0
2026-07-08T09:40:00+00:00,64.45,64.45,64.45,64.45,500.0
2026-07-08T10:25:00+00:00,64.51,64.51,64.51,64.51,500.0
2026-07-08T11:05:00+00:00,64.774,64.774,64.59,64.59,10261.435000000001
2026-07-08T11:45:00+00:00,64.79,65.0,64.69,64.99,5106.0
2026-07-08T11:50:00+00:00,65.08,65.08,65.0,65.0,611.0
2026-07-08T12:20:00+00:00,65.0,65.0,65.0,65.0,150.0
2026-07-08T12:25:00+00:00,65.15,65.15,65.07,65.07,1272.0
2026-07-08T12:30:00+00:00,65.1,65.1,65.08,65.1,400.0
2026-07-08T12:35:00+00:00,65.12,65.12,65.04,65.04,2983.0
2026-07-08T12:45:00+00:00,65.04,65.04,65.04,65.04,192.0
2026-07-08T12:55:00+00:00,65.16,65.1937,65.16,65.1937,895.0
2026-07-08T13:00:00+00:00,65.22,65.22,65.22,65.22,304.0
2026-07-08T13:25:00+00:00,65.19,65.19,65.08,65.12,68989.0
2026-07-08T13:30:00+00:00,65.07,65.2,65.07,65.15,22389.0
2026-07-08T13:35:00+00:00,65.16,65.58,65.155,65.56,1603418.1433419997
2026-07-08T13:40:00+00:00,65.555,65.645,65.4,65.555,913183.986745
2026-07-08T13:45:00+00:00,65.56,65.68,65.53,65.585,732341.4711089999
2026-07-08T13:50:00+00:00,65.585,65.75,65.525,65.54,1143292.9885540002
2026-07-08T13:55:00+00:00,65.54,65.65,65.48,65.56,198589.384053
2026-07-08T14:00:00+00:00,65.55,65.7,65.465,65.65,341109.17115
2026-07-08T14:05:00+00:00,65.645,65.715,65.555,65.58,364550.95092000003
2026-07-08T14:10:00+00:00,65.58,65.64,65.505,65.55,396727.05824
2026-07-08T14:15:00+00:00,65.544,65.595,65.345,65.43,555831.390663
2026-07-08T14:20:00+00:00,65.43,65.53,65.36,65.47,207375.022845
2026-07-08T14:25:00+00:00,65.465,65.725,65.45,65.615,297155.54121299996
2026-07-08T14:30:00+00:00,65.619,65.725,65.5,65.58,570649.654745
2026-07-08T14:35:00+00:00,65.58,65.635,65.48,65.6,232828.471648
2026-07-08T14:40:00+00:00,65.595,65.6,65.425,65.45,278146.289556
2026-07-08T14:45:00+00:00,65.44,65.5,65.37,65.45,130756.148246
2026-07-08T14:50:00+00:00,65.455,65.46,65.295,65.295,464102.93249599996
2026-07-08T14:55:00+00:00,65.295,65.5,65.255,65.38,347440.27150900004
2026-07-08T15:00:00+00:00,65.375,65.46,65.315,65.375,203740.001078
2026-07-08T15:05:00+00:00,65.39,65.39,65.3,65.31,109809.88823000001
2026-07-08T15:10:00+00:00,65.31,65.405,65.305,65.355,181925.349571
2026-07-08T15:15:00+00:00,65.355,65.375,65.195,65.205,140840.36401000002
2026-07-08T15:20:00+00:00,65.205,65.255,65.105,65.195,458855.834684
2026-07-08T15:25:00+00:00,65.19,65.21,64.985,65.0,436847.042582
2026-07-08T15:30:00+00:00,65.005,65.045,64.98,65.015,882300.092664
2026-07-08T15:35:00+00:00,65.01,65.125,64.965,65.125,410898.22255299997
2026-07-08T15:40:00+00:00,65.12,65.28,65.085,65.175,274391.273554
2026-07-08T15:45:00+00:00,65.17,65.26,65.17,65.2,137321.26405
2026-07-08T15:50:00+00:00,65.18,65.21,65.125,65.17,104535.911093
2026-07-08T15:55:00+00:00,65.17,65.175,65.1,65.14,62988.817292
2026-07-08T16:00:00+00:00,65.15,65.18,65.115,65.17,89400.042932
2026-07-08T16:05:00+00:00,65.17,65.265,65.17,65.24,99464.5087
2026-07-08T16:10:00+00:00,65.245,65.36,65.235,65.34,192454.575702
2026-07-08T16:15:00+00:00,65.34,65.46,65.34,65.44,182308.922104
2026-07-08T16:20:00+00:00,65.44,65.49,65.385,65.48,126752.266309
2026-07-08T16:25:00+00:00,65.48,65.595,65.48,65.51,129522.724711
2026-07-08T16:30:00+00:00,65.505,65.59,65.5,65.54,96391.988149
2026-07-08T16:35:00+00:00,65.535,65.65,65.52,65.52,295814.882704
2026-07-08T16:40:00+00:00,65.515,65.63,65.485,65.6,512171.798566
2026-07-08T16:45:00+00:00,65.59,65.775,65.56,65.73,228703.420149
2026-07-08T16:50:00+00:00,65.735,65.835,65.7,65.83,198884.65406899998
2026-07-08T16:55:00+00:00,65.83,65.875,65.79,65.86,208978.37084400002
2026-07-08T17:00:00+00:00,65.85,65.915,65.85,65.915,69011.3822
2026-07-08T17:05:00+00:00,65.91,65.91,65.83,65.8601,90920.66724499999
2026-07-08T17:10:00+00:00,65.86,66.04,65.855,65.925,159172.844261
2026-07-08T17:15:00+00:00,65.93,65.945,65.86,65.86,70320.763822
2026-07-08T17:20:00+00:00,65.86,65.96,65.86,65.96,59058.537905000005
2026-07-08T17:25:00+00:00,65.97,66.05,65.94,66.0499,105070.581376
2026-07-08T17:30:00+00:00,66.05,66.115,66.0407,66.11,221858.752285
2026-07-08T17:35:00+00:00,66.11,66.13,66.079,66.09,148574.88053999998
2026-07-08T17:40:00+00:00,66.075,66.11,66.05,66.055,60463.550465
2026-07-08T17:45:00+00:00,66.05,66.05,65.96,65.96,53721.689891
2026-07-08T17:50:00+00:00,65.96,65.97,65.885,65.89,96611.372692
2026-07-08T17:55:00+00:00,65.89,65.96,65.885,65.89,42885.685125
2026-07-08T18:00:00+00:00,65.89,65.89,65.79,65.82,51323.17174
2026-07-08T18:05:00+00:00,65.82,65.98,65.785,65.945,134873.055945
2026-07-08T18:10:00+00:00,65.95,65.98,65.9,65.98,41369.087931
2026-07-08T18:15:00+00:00,65.98,66.055,65.96,66.025,54605.187973
2026-07-08T18:20:00+00:00,66.03,66.04,65.965,66.025,61382.667157
2026-07-08T18:25:00+00:00,66.005,66.045,65.98,65.985,59599.493753999996
2026-07-08T18:30:00+00:00,65.99,66.015,65.97,65.97,75453.305
2026-07-08T18:35:00+00:00,65.965,65.97,65.875,65.89,54186.198302
2026-07-08T18:40:00+00:00,65.9,65.99,65.875,65.985,36011.647945000004
2026-07-08T18:45:00+00:00,65.99,66.005,65.92,65.985,45083.671163
2026-07-08T18:50:00+00:00,65.99,66.02,65.96,66.02,44623.70859
2026-07-08T18:55:00+00:00,66.01,66.045,65.985,65.99,72502.620629
2026-07-08T19:00:00+00:00,65.99,66.0298,65.96,66.02,61577.513311999995
2026-07-08T19:05:00+00:00,66.02,66.11,66.015,66.055,120667.215262
2026-07-08T19:10:00+00:00,66.055,66.125,66.015,66.12,116696.867643
2026-07-08T19:15:00+00:00,66.12,66.12,66.075,66.11,130282.21599999999
2026-07-08T19:20:00+00:00,66.105,66.12,66.065,66.075,89453.38381300001
2026-07-08T19:25:00+00:00,66.075,66.135,66.065,66.095,87163.48977300001
2026-07-08T19:30:00+00:00,66.1,66.16,66.09,66.14,119917.796296
2026-07-08T19:35:00+00:00,66.14,66.17,66.045,66.065,218438.71848900002
2026-07-08T19:40:00+00:00,66.06,66.125,66.055,66.09,110949.83200000001
2026-07-08T19:45:00+00:00,66.085,66.11,66.04,66.105,137917.368113
2026-07-08T19:50:00+00:00,66.105,66.13,66.025,66.045,506775.440085
2026-07-08T19:55:00+00:00,66.04,66.205,66.01,66.195,358985.37006000004
2026-07-08T20:00:00+00:00,66.2,66.245,66.17,66.22,984115.5020089999
2026-07-08T20:05:00+00:00,66.23,66.23,66.14,66.14,18509.193913
2026-07-08T20:10:00+00:00,66.09,66.09,66.09,66.09,1100.0
2026-07-08T20:15:00+00:00,66.08,66.08,66.07,66.07,3630.0
2026-07-08T20:20:00+00:00,66.04,66.04,66.04,66.04,1000.0
2026-07-08T20:25:00+00:00,65.98,65.98,65.98,65.98,314.0
2026-07-08T20:30:00+00:00,65.999,66.0,65.999,66.0,2000.0
2026-07-08T20:35:00+00:00,65.98,66.06,65.98,66.06,7024.0
2026-07-08T20:40:00+00:00,66.01,66.01,65.94,65.95,4918.0
2026-07-08T21:00:00+00:00,66.12,66.12,66.099,66.12,4000.0
2026-07-08T21:05:00+00:00,66.1,66.1,66.08,66.08,20000.0
2026-07-08T22:25:00+00:00,66.13,66.13,66.13,66.13,150.0
2026-07-08T23:00:00+00:00,66.075,66.075,66.075,66.075,285.0
2026-07-08T23:05:00+00:00,66.0087,66.0087,66.0087,66.0087,200.0
2026-07-09T08:05:00+00:00,65.45,65.81,65.45,65.81,646.0
2026-07-09T08:30:00+00:00,66.16,66.16,66.16,66.16,125.0
2026-07-09T09:40:00+00:00,65.85,65.85,65.85,65.85,150.0
2026-07-09T09:45:00+00:00,65.8,65.8,65.8,65.8,100.0
2026-07-09T11:10:00+00:00,65.77,65.77,65.77,65.77,100.0
2026-07-09T11:35:00+00:00,65.95,65.95,65.95,65.95,150.0
2026-07-09T11:40:00+00:00,66.0,66.0,66.0,66.0,100.0
2026-07-09T11:50:00+00:00,65.92,65.92,65.92,65.92,150.0
2026-07-09T12:35:00+00:00,66.32,66.4,66.32,66.4,1081.0
2026-07-09T12:55:00+00:00,66.31,66.4,66.31,66.4,358.0
2026-07-09T13:05:00+00:00,66.42,66.51,66.42,66.5,3218.0
2026-07-09T13:10:00+00:00,66.52,66.52,66.47,66.49,2131.0
2026-07-09T13:15:00+00:00,66.54,66.54,66.54,66.54,310.0
2026-07-09T13:20:00+00:00,66.53,66.53,66.53,66.53,3685.047855
2026-07-09T13:25:00+00:00,66.45,66.45,66.45,66.45,1476.0
2026-07-09T13:30:00+00:00,66.53,66.57,66.53,66.57,16993.0
2026-07-09T13:35:00+00:00,66.57,66.705,66.45,66.65,1029242.750324
2026-07-09T13:40:00+00:00,66.645,66.78,66.625,66.705,694992.4371590001
2026-07-09T13:45:00+00:00,66.71,66.795,66.655,66.76,308772.076001
2026-07-09T13:50:00+00:00,66.76,66.79,66.61,66.66,407350.05545600003
2026-07-09T13:55:00+00:00,66.67,66.79,66.62,66.745,460639.667902
2026-07-09T14:00:00+00:00,66.745,66.825,66.735,66.775,206743.051584
2026-07-09T14:05:00+00:00,66.78,66.865,66.72,66.84,164910.39920699998
2026-07-09T14:10:00+00:00,66.84,66.86,66.745,66.75,104623.62713
2026-07-09T14:15:00+00:00,66.74,66.745,66.65,66.685,275473.99276500003
2026-07-09T14:20:00+00:00,66.68,66.68,66.485,66.505,339831.169029
2026-07-09T14:25:00+00:00,66.51,66.595,66.365,66.585,352897.773818
2026-07-09T14:30:00+00:00,66.58,66.64,66.55,66.605,263910.20864799997
2026-07-09T14:35:00+00:00,66.605,66.62,66.5,66.575,678527.46239
2026-07-09T14:40:00+00:00,66.575,66.65,66.565,66.635,243249.956519
2026-07-09T14:45:00+00:00,66.645,66.71,66.625,66.655,157223.490675
2026-07-09T14:50:00+00:00,66.655,66.72,66.645,66.705,1017352.228874
2026-07-09T14:55:00+00:00,66.7,66.7,66.58,66.645,100842.676396
2026-07-09T15:00:00+00:00,66.65,66.715,66.635,66.655,152513.228426
2026-07-09T15:05:00+00:00,66.66,66.7,66.63,66.7,700349.1864990001
2026-07-09T15:10:00+00:00,66.705,66.78,66.69,66.77,92787.371967
2026-07-09T15:15:00+00:00,66.77,66.78,66.725,66.76,94031.71852000001
2026-07-09T15:20:00+00:00,66.75,66.79,66.64,66.65,78895.754596
2026-07-09T15:25:00+00:00,66.66,66.755,66.6496,66.75,130453.26288
2026-07-09T15:30:00+00:00,66.75,66.77,66.71,66.73,232344.1895
2026-07-09T15:35:00+00:00,66.73,66.76,66.71,66.755,144283.83646700002
2026-07-09T15:40:00+00:00,66.75,66.815,66.735,66.815,180437.40639199998
2026-07-09T15:45:00+00:00,66.815,66.87,66.81,66.845,330482.947436
2026-07-09T15:50:00+00:00,66.85,66.875,66.84,66.875,98641.83843
2026-07-09T15:55:00+00:00,66.87,66.885,66.805,66.81,335429.43137700006
2026-07-09T16:00:00+00:00,66.81,66.82,66.78,66.795,61943.072858
2026-07-09T16:05:00+00:00,66.8,66.87,66.8,66.835,179632.956904
2026-07-09T16:10:00+00:00,66.84,66.89,66.835,66.88,155245.28889999999
2026-07-09T16:15:00+00:00,66.875,66.88,66.83,66.83,50598.398345
2026-07-09T16:20:00+00:00,66.84,66.865,66.815,66.83,231067.638858
2026-07-09T16:25:00+00:00,66.825,66.83,66.775,66.79,118215.923505
2026-07-09T16:30:00+00:00,66.79,66.795,66.74,66.75,64447.277272
2026-07-09T16:35:00+00:00,66.75,66.775,66.69,66.69,49323.01981699999
2026-07-09T16:40:00+00:00,66.685,66.71,66.655,66.71,150643.119141
2026-07-09T16:45:00+00:00,66.715,66.765,66.715,66.755,56786.915426
2026-07-09T16:50:00+00:00,66.76,66.775,66.735,66.755,489337.692384
2026-07-09T16:55:00+00:00,66.765,66.8,66.765,66.785,29114.64641
2026-07-09T17:00:00+00:00,66.785,66.785,66.725,66.75,30150.516517
2026-07-09T17:05:00+00:00,66.735,66.76,66.735,66.745,18437.70534
2026-07-09T17:10:00+00:00,66.745,66.81,66.745,66.8,81805.876613
2026-07-09T17:15:00+00:00,66.8,66.85,66.8,66.83,151003.76671
2026-07-09T17:20:00+00:00,66.84,66.89,66.8301,66.885,83131.035143
2026-07-09T17:25:00+00:00,66.885,66.9,66.865,66.9,89602.70066
2026-07-09T17:30:00+00:00,66.895,66.91,66.87,66.9,96594.947958
2026-07-09T17:35:00+00:00,66.91,66.92,66.88,66.889,75218.860642
2026-07-09T17:40:00+00:00,66.89,66.915,66.885,66.905,73373.55008
2026-07-09T17:45:00+00:00,66.905,66.915,66.89,66.915,51622.678481
2026-07-09T17:50:00+00:00,66.91,66.96,66.91,66.94,124856.68675600001
2026-07-09T17:55:00+00:00,66.935,66.95,66.91,66.915,130689.792042
2026-07-09T18:00:00+00:00,66.915,66.915,66.86,66.915,138232.374342
2026-07-09T18:05:00+00:00,66.915,66.935,66.885,66.895,71490.98668
2026-07-09T18:10:00+00:00,66.895,66.94,66.8914,66.935,46192.789487
2026-07-09T18:15:00+00:00,66.935,66.95,66.925,66.935,56313.0
2026-07-09T18:20:00+00:00,66.935,66.94,66.915,66.92,53810.87346
2026-07-09T18:25:00+00:00,66.915,66.915,66.855,66.855,253544.2881
2026-07-09T18:30:00+00:00,66.85,66.865,66.83,66.84,78432.349764
2026-07-09T18:35:00+00:00,66.84,66.865,66.84,66.845,67512.096556
2026-07-09T18:40:00+00:00,66.84,66.845,66.815,66.815,90089.456995
2026-07-09T18:45:00+00:00,66.815,66.86,66.81,66.855,128003.436786
2026-07-09T18:50:00+00:00,66.85,66.88,66.845,66.87,82635.24515
2026-07-09T18:55:00+00:00,66.87,66.875,66.86,66.865,47237.586572
2026-07-09T19:00:00+00:00,66.865,66.89,66.84,66.88,119084.029342
2026-07-09T19:05:00+00:00,66.875,66.89,66.79,66.8,100525.37653299999
2026-07-09T19:10:00+00:00,66.8,66.835,66.785,66.795,176837.720847
2026-07-09T19:15:00+00:00,66.795,66.795,66.76,66.765,71715.459
2026-07-09T19:20:00+00:00,66.765,66.83,66.74,66.83,234647.661977
2026-07-09T19:25:00+00:00,66.825,66.85,66.82,66.825,111373.5049
2026-07-09T19:30:00+00:00,66.825,66.825,66.785,66.795,61883.63805
2026-07-09T19:35:00+00:00,66.8,66.8,66.735,66.755,125221.840877
2026-07-09T19:40:00+00:00,66.755,66.79,66.74,66.765,168367.38889
2026-07-09T19:45:00+00:00,66.765,66.78,66.75,66.775,168137.716551
2026-07-09T19:50:00+00:00,66.77,66.79,66.76,66.775,257442.30989600002
2026-07-09T19:55:00+00:00,66.77,66.77,66.65,66.655,610697.702119
2026-07-09T20:00:00+00:00,66.66,66.79,66.655,66.775,1621358.882433
2026-07-09T20:05:00+00:00,66.78,66.78,66.74,66.76,205951.95436099998
2026-07-09T20:10:00+00:00,66.76,66.79,66.76,66.78,96355.0
2026-07-09T20:15:00+00:00,66.76,66.77,66.76,66.77,2380.0
2026-07-09T20:55:00+00:00,66.78,66.78,66.78,66.78,217.0
2026-07-09T22:00:00+00:00,66.71,66.71,66.71,66.71,100.0
2026-07-09T23:00:00+00:00,66.65,66.65,66.65,66.65,100.0
2026-07-09T23:35:00+00:00,66.7,66.7,66.69,66.7,2124.0
2026-07-10T08:05:00+00:00,66.68,66.68,66.68,66.68,170.0
2026-07-10T08:10:00+00:00,66.3632,66.3632,66.3632,66.3632,190.0
2026-07-10T09:05:00+00:00,66.12,66.26,66.12,66.24,1042.0
2026-07-10T10:35:00+00:00,66.75,66.75,66.75,66.75,1289.0
2026-07-10T11:10:00+00:00,66.77,66.77,66.77,66.77,100.0
2026-07-10T11:20:00+00:00,66.7121,66.7121,66.7121,66.7121,409.0
2026-07-10T11:25:00+00:00,66.8163,66.8163,66.8163,66.8163,300.0
2026-07-10T11:40:00+00:00,66.62,66.63,66.6,66.6,1813.0
2026-07-10T12:10:00+00:00,66.53,66.53,66.53,66.53,100.0
2026-07-10T12:15:00+00:00,66.68,66.91,66.68,66.79,7001.0
2026-07-10T12:25:00+00:00,66.72,66.72,66.72,66.72,100.0
2026-07-10T12:50:00+00:00,66.62,66.67,66.61,66.67,655.0
2026-07-10T13:00:00+00:00,66.57,66.57,66.57,66.57,114.0
2026-07-10T13:10:00+00:00,66.58,66.58,66.53,66.53,2837.318024
2026-07-10T13:15:00+00:00,66.51,66.51,66.5,66.5,443.0
2026-07-10T13:35:00+00:00,66.54,66.6,66.415,66.515,466948.64798
2026-07-10T13:40:00+00:00,66.505,66.55,66.345,66.38,753682.495112
2026-07-10T13:45:00+00:00,66.385,66.415,66.185,66.335,879348.2542920001
2026-07-10T13:50:00+00:00,66.33,66.595,66.33,66.56,330698.274394
2026-07-10T13:55:00+00:00,66.56,66.785,66.48,66.63,316925.457711
2026-07-10T14:00:00+00:00,66.62,66.62,66.45,66.59,212863.71505600002
2026-07-10T14:05:00+00:00,66.6,66.7,66.58,66.67,229894.45322999998
2026-07-10T14:10:00+00:00,66.66,66.75,66.635,66.73,119790.863727
2026-07-10T14:15:00+00:00,66.73,66.74,66.65,66.69,223038.023796
2026-07-10T14:20:00+00:00,66.69,66.73,66.63,66.675,253031.957444
2026-07-10T14:25:00+00:00,66.67,66.69,66.57,66.63,173987.086045
2026-07-10T14:30:00+00:00,66.63,66.76,66.59,66.72,175287.19763
2026-07-10T14:35:00+00:00,66.73,66.85,66.22,66.56,2718771.018093
2026-07-10T14:40:00+00:00,66.58,66.705,66.54,66.66,353232.697227
2026-07-10T14:45:00+00:00,66.68,66.725,66.61,66.7,161334.874878
2026-07-10T14:50:00+00:00,66.705,66.76,66.655,66.76,111781.153821
2026-07-10T14:55:00+00:00,66.76,66.775,66.69,66.715,218217.259881
2026-07-10T15:00:00+00:00,66.71,66.73,66.61,66.615,389218.913659
2026-07-10T15:05:00+00:00,66.61,66.64,66.56,66.61,248891.644862
2026-07-10T15:10:00+00:00,66.59,66.685,66.57,66.67,284971.36754999997
2026-07-10T15:15:00+00:00,66.675,66.72,66.67,66.7,161417.878028
2026-07-10T15:20:00+00:00,66.7,66.935,66.7,66.86,174432.67726
2026-07-10T15:25:00+00:00,66.86,66.93,66.84,66.9,98574.164528
2026-07-10T15:30:00+00:00,66.925,67.0,66.92,66.955,112693.503762
2026-07-10T15:35:00+00:00,66.96,66.97,66.91,66.94,223559.76667500002
2026-07-10T15:40:00+00:00,66.935,66.94,66.8005,66.8005,88817.930227
2026-07-10T15:45:00+00:00,66.81,66.815,66.525,66.54,517363.9784
2026-07-10T15:50:00+00:00,66.54,66.63,66.47,66.595,285669.647382
2026-07-10T15:55:00+00:00,66.595,66.69,66.59,66.685,119452.257679
2026-07-10T16:00:00+00:00,66.685,66.81,66.66,66.8,138988.548591
2026-07-10T16:05:00+00:00,66.81,66.88,66.8,66.88,168997.95102
2026-07-10T16:10:00+00:00,66.875,66.9,66.81,66.86,151273.522456
2026-07-10T16:15:00+00:00,66.855,66.95,66.845,66.895,252148.719683
2026-07-10T16:20:00+00:00,66.9,66.955,66.885,66.9,95554.957297
2026-07-10T16:25:00+00:00,66.92,66.95,66.905,66.93,329748.09619
2026-07-10T16:30:00+00:00,66.94,66.99,66.9,66.96,41661.263214
2026-07-10T16:35:00+00:00,66.96,66.99,66.945,66.98,77998.162848
2026-07-10T16:40:00+00:00,66.98,67.02,66.905,66.915,64909.41729899999
2026-07-10T16:45:00+00:00,66.915,66.97,66.915,66.925,72148.00983
2026-07-10T16:50:00+00:00,66.9284,66.97,66.925,66.95,77456.678876
2026-07-10T16:55:00+00:00,66.95,67.02,66.95,66.99,61939.423659
2026-07-10T17:00:00+00:00,66.99,66.99,66.945,66.945,27982.538433
2026-07-10T17:05:00+00:00,66.94,66.98,66.88,66.89,77222.713322
2026-07-10T17:10:00+00:00,66.89,66.915,66.855,66.86,65876.81532
2026-07-10T17:15:00+00:00,66.87,66.91,66.86,66.91,27267.017937
2026-07-10T17:20:00+00:00,66.905,66.93,66.852,66.8657,32411.11078
2026-07-10T17:25:00+00:00,66.8651,66.925,66.8602,66.925,58564.33596
2026-07-10T17:30:00+00:00,66.92,66.94,66.9,66.94,85646.88441500001
2026-07-10T17:35:00+00:00,66.94,66.9599,66.92,66.93,107520.936879
2026-07-10T17:40:00+00:00,66.935,66.955,66.92,66.95,46128.229987
2026-07-10T17:45:00+00:00,66.95,66.985,66.95,66.98,79135.048559
2026-07-10T17:50:00+00:00,66.98,67.01,66.98,66.985,102024.46999
2026-07-10T17:55:00+00:00,66.99,66.9958,66.945,66.95,45943.074502
2026-07-10T18:00:00+00:00,66.95,66.955,66.885,66.9,29637.731123999998
2026-07-10T18:05:00+00:00,66.91,66.935,66.9,66.925,27046.428635
2026-07-10T18:10:00+00:00,66.925,66.955,66.915,66.955,67432.499655
2026-07-10T18:15:00+00:00,66.955,66.99,66.93,66.93,224156.014941
2026-07-10T18:20:00+00:00,66.925,66.925,66.86,66.89,70063.398825
2026-07-10T18:25:00+00:00,66.9,66.935,66.885,66.925,89669.101
2026-07-10T18:30:00+00:00,66.925,66.96,66.895,66.91,254773.13952700002
2026-07-10T18:35:00+00:00,66.91,66.93,66.89,66.925,36919.573354
2026-07-10T18:40:00+00:00,66.926,66.926,66.8701,66.885,38047.091593
2026-07-10T18:45:00+00:00,66.89,66.89,66.865,66.865,12964.831517999999
2026-07-10T18:50:00+00:00,66.875,66.88,66.86,66.87,23210.036672
2026-07-10T18:55:00+00:00,66.87,66.89,66.86,66.88,29251.931845
2026-07-10T19:00:00+00:00,66.885,66.905,66.88,66.9,48692.218908999996
2026-07-10T19:05:00+00:00,66.9,66.95,66.895,66.945,42346.149782
2026-07-10T19:10:00+00:00,66.95,66.95,66.915,66.92,23688.741406
2026-07-10T19:15:00+00:00,66.92,66.93,66.89,66.92,137289.825606
2026-07-10T19:20:00+00:00,66.915,66.92,66.88,66.905,118962.147738
2026-07-10T19:25:00+00:00,66.905,66.915,66.88,66.88,254785.515656
2026-07-10T19:30:00+00:00,66.88,66.915,66.875,66.9,148057.322128
2026-07-10T19:35:00+00:00,66.9,66.92,66.855,66.855,392244.246374
2026-07-10T19:40:00+00:00,66.85,66.87,66.825,66.86,376564.33703500003
2026-07-10T19:45:00+00:00,66.855,66.875,66.835,66.855,266619.50843399996
2026-07-10T19:50:00+00:00,66.855,66.865,66.835,66.855,140519.77724300002
2026-07-10T19:55:00+00:00,66.86,66.895,66.855,66.875,547136.694845
2026-07-10T20:00:00+00:00,66.87,66.92,66.86,66.91,1023492.113112
2026-07-10T20:05:00+00:00,66.9,66.93,66.89,66.92,20879.812798
2026-07-10T20:10:00+00:00,66.92,66.92,66.92,66.92,1464.0
2026-07-10T20:15:00+00:00,66.93,66.97,66.93,66.94,1888.0
2026-07-10T20:20:00+00:00,66.95,66.95,66.95,66.95,300.0
2026-07-10T20:50:00+00:00,67.02,67.03,66.98,66.98,18568.0
2026-07-10T21:00:00+00:00,66.98,66.98,66.98,66.98,500.0
2026-07-10T21:55:00+00:00,67.05,67.07,67.05,67.07,5980.0
2026-07-10T23:20:00+00:00,66.9,66.9,66.9,66.9,2000.0
2026-07-13T08:05:00+00:00,64.93,65.0,64.69,64.86,5284.388473999999
2026-07-13T08:10:00+00:00,65.0,65.0,65.0,65.0,149.0
2026-07-13T08:15:00+00:00,65.1,65.1,65.1,65.1,500.0
2026-07-13T08:20:00+00:00,65.22,65.22,65.22,65.22,144.0
2026-07-13T10:10:00+00:00,65.16,65.27,65.16,65.27,553.0
2026-07-13T10:35:00+00:00,65.05,65.1,65.05,65.1,14900.921537999999
2026-07-13T11:05:00+00:00,65.14,65.25,65.14,65.25,1504.7649999999999
2026-07-13T11:20:00+00:00,65.15,65.15,65.15,65.15,100.0
2026-07-13T11:25:00+00:00,65.05,65.05,65.05,65.05,5100.0
2026-07-13T12:00:00+00:00,65.07,65.07,65.05,65.05,300.0
2026-07-13T12:25:00+00:00,65.13,65.13,65.13,65.13,2000.0
2026-07-13T12:30:00+00:00,65.03,65.12,64.87,64.92,97066.0
2026-07-13T12:35:00+00:00,64.95,64.95,64.92,64.93,6212.0
2026-07-13T12:40:00+00:00,64.93,64.97,64.9,64.97,25370.0
2026-07-13T12:45:00+00:00,64.96,65.01,64.96,65.01,24950.0
2026-07-13T12:50:00+00:00,65.0,65.01,65.0,65.01,651.129218
2026-07-13T12:55:00+00:00,65.1,65.11,65.1,65.1,5977.0
2026-07-13T13:05:00+00:00,65.14,65.15,65.14,65.15,354.0
2026-07-13T13:15:00+00:00,65.1,65.1,65.1,65.1,9100.0
2026-07-13T13:20:00+00:00,65.1,65.1,65.1,65.1,100.0
2026-07-13T13:30:00+00:00,65.12,65.21,65.12,65.2,826.0
2026-07-13T13:35:00+00:00,65.19,65.27,65.03,65.135,888920.514175
2026-07-13T13:40:00+00:00,65.15,65.22,65.015,65.015,787677.357695
2026-07-13T13:45:00+00:00,65.015,65.015,64.865,64.955,715781.4417800001
2026-07-13T13:50:00+00:00,64.96,65.07,64.88,65.03,332312.149428
2026-07-13T13:55:00+00:00,65.04,65.075,64.93,65.0,365474.651572
2026-07-13T14:00:00+00:00,64.995,65.205,64.97,65.15,401514.013976
2026-07-13T14:05:00+00:00,65.15,65.23,65.015,65.015,376909.761114
2026-07-13T14:10:00+00:00,65.02,65.09,64.9594,65.0699,111864.935161
2026-07-13T14:15:00+00:00,65.07,65.145,65.01,65.1,160519.388896
2026-07-13T14:20:00+00:00,65.095,65.145,64.675,64.93,1278744.1739989999
2026-07-13T14:25:00+00:00,64.94,65.155,64.89,65.125,249735.419751
2026-07-13T14:30:00+00:00,65.12,65.225,65.105,65.205,327315.150299
2026-07-13T14:35:00+00:00,65.21,65.24,65.125,65.15,120958.499919
2026-07-13T14:40:00+00:00,65.16,65.17,65.095,65.165,260766.318964
2026-07-13T14:45:00+00:00,65.1486,65.1486,65.01,65.04,82090.174532
2026-07-13T14:50:00+00:00,65.045,65.15,64.99,65.135,206689.74775799998
2026-07-13T14:55:00+00:00,65.13,65.15,65.02,65.02,75477.46775
2026-07-13T15:00:00+00:00,65.04,65.23,65.025,65.23,273229.05473699997
2026-07-13T15:05:00+00:00,65.23,65.29,65.16,65.17,408645.117476
2026-07-13T15:10:00+00:00,65.18,65.2,65.1,65.11,514253.67793
2026-07-13T15:15:00+00:00,65.115,65.175,65.09,65.125,215199.62936100003
2026-07-13T15:20:00+00:00,65.12,65.16,65.075,65.16,294468.261942
2026-07-13T15:25:00+00:00,65.155,65.175,65.115,65.17,111429.526882
2026-07-13T15:30:00+00:00,65.16,65.16,65.1,65.11,139671.862914
2026-07-13T15:35:00+00:00,65.11,65.12,65.035,65.045,390262.664086
2026-07-13T15:40:00+00:00,65.045,65.07,64.9801,65.0,1145117.083451
2026-07-13T15:45:00+00:00,65.0,65.02,64.96,64.96,133512.497589
2026-07-13T15:50:00+00:00,64.955,64.965,64.895,64.93,71241.569321
2026-07-13T15:55:00+00:00,64.94,64.94,64.87,64.91,87952.358428
2026-07-13T16:00:00+00:00,64.91,64.94,64.86,64.9,97105.866559
2026-07-13T16:05:00+00:00,64.9,64.93,64.87,64.885,81529.453979
2026-07-13T16:10:00+00:00,64.895,64.915,64.85,64.915,49595.910506
2026-07-13T16:15:00+00:00,64.91,64.96,64.84,64.87,142603.605793
2026-07-13T16:20:00+00:00,64.88,64.885,64.78,64.815,176861.741376
2026-07-13T16:25:00+00:00,64.8096,64.82,64.75,64.76,131000.19500100001
2026-07-13T16:30:00+00:00,64.76,64.77,64.685,64.725,130339.93481400001
2026-07-13T16:35:00+00:00,64.725,64.725,64.61,64.615,195390.30425199997
2026-07-13T16:40:00+00:00,64.61,64.66,64.5,64.645,369065.81268
2026-07-13T16:45:00+00:00,64.64,64.71,64.61,64.67,222565.154729
2026-07-13T16:50:00+00:00,64.68,64.7,64.61,64.61,81749.082577
2026-07-13T16:55:00+00:00,64.61,64.63,64.5,64.585,216762.491492
2026-07-13T17:00:00+00:00,64.58,64.64,64.555,64.62,109969.722401
2026-07-13T17:05:00+00:00,64.625,64.69,64.605,64.64,71561.781387
2026-07-13T17:10:00+00:00,64.63,64.77,64.625,64.745,116587.59264399999
2026-07-13T17:15:00+00:00,64.75,64.765,64.705,64.72,117646.621515
2026-07-13T17:20:00+00:00,64.725,64.74,64.68,64.74,76033.777538
2026-07-13T17:25:00+00:00,64.73,64.74,64.655,64.655,70947.589429
2026-07-13T17:30:00+00:00,64.66,64.68,64.61,64.66,62293.829251999996
2026-07-13T17:35:00+00:00,64.66,64.71,64.635,64.69,71121.633415
2026-07-13T17:40:00+00:00,64.69,64.69,64.595,64.625,118136.55908
2026-07-13T17:45:00+00:00,64.62,64.66,64.58,64.65,78684.998522
2026-07-13T17:50:00+00:00,64.655,64.685,64.585,64.585,90471.50165
2026-07-13T17:55:00+00:00,64.585,64.59,64.515,64.55,132094.830626
2026-07-13T18:00:00+00:00,64.55,64.57,64.515,64.515,108078.131562
2026-07-13T18:05:00+00:00,64.515,64.59,64.505,64.56,149869.684515
2026-07-13T18:10:00+00:00,64.55,64.665,64.55,64.625,139473.72936300002
2026-07-13T18:15:00+00:00,64.61,64.64,64.55,64.62,976322.198272
2026-07-13T18:20:00+00:00,64.625,64.63,64.5,64.54,158909.898125
2026-07-13T18:25:00+00:00,64.545,64.585,64.52,64.585,115839.410619
2026-07-13T18:30:00+00:00,64.58,64.585,64.52,64.52,92197.548847
2026-07-13T18:35:00+00:00,64.525,64.55,64.47,64.5,184096.595883
2026-07-13T18:40:00+00:00,64.5,64.555,64.495,64.52,109229.599541
2026-07-13T18:45:00+00:00,64.525,64.55,64.515,64.525,103159.075748
2026-07-13T18:50:00+00:00,64.525,64.56,64.495,64.555,254204.986422
2026-07-13T18:55:00+00:00,64.555,64.59,64.525,64.545,82554.856514
2026-07-13T19:00:00+00:00,64.545,64.56,64.52,64.545,83107.02173400001
2026-07-13T19:05:00+00:00,64.55,64.6203,64.5,64.62,125645.50120900001
2026-07-13T19:10:00+00:00,64.62,64.62,64.545,64.545,69095.757613
2026-07-13T19:15:00+00:00,64.54,64.555,64.51,64.535,91193.468283
2026-07-13T19:20:00+00:00,64.53,64.54,64.5,64.505,78612.990657
2026-07-13T19:25:00+00:00,64.51,64.51,64.45,64.475,342283.263439
2026-07-13T19:30:00+00:00,64.475,64.475,64.4,64.415,333624.501515
2026-07-13T19:35:00+00:00,64.42,64.48,64.41,64.47,328225.857807
2026-07-13T19:40:00+00:00,64.47,64.47,64.39,64.405,407413.424765
2026-07-13T19:45:00+00:00,64.405,64.49,64.4,64.475,248958.898745
2026-07-13T19:50:00+00:00,64.47,64.48,64.41,64.44,297500.253729
2026-07-13T19:55:00+00:00,64.445,64.49,64.43,64.47,1071885.740261
2026-07-13T20:00:00+00:00,64.47,64.535,64.46,64.49,1482289.063163
2026-07-13T20:05:00+00:00,64.5,64.5,64.44,64.47,31615.987677
2026-07-13T20:10:00+00:00,64.48,64.5,64.48,64.49,97555.0
2026-07-13T20:15:00+00:00,64.49,64.49,64.47,64.47,75214.771022
2026-07-13T20:20:00+00:00,64.49,64.52,64.49,64.4903,37565.503274
2026-07-13T20:25:00+00:00,64.619,64.619,64.619,64.619,250.0
2026-07-13T20:35:00+00:00,64.55,64.55,64.55,64.55,2815.0
2026-07-13T20:40:00+00:00,64.55,64.55,64.51,64.51,5407.0
2026-07-13T20:50:00+00:00,64.51,64.51,64.51,64.51,130.0
2026-07-13T21:15:00+00:00,64.5043,64.5043,64.5043,64.5043,140.0
2026-07-13T21:30:00+00:00,64.5043,64.6,64.5041,64.5041,2906.0
2026-07-13T21:45:00+00:00,64.62,64.63,64.62,64.62,550.0
2026-07-13T22:00:00+00:00,64.55,64.62,64.53,64.62,3147.0
2026-07-13T22:40:00+00:00,64.55,64.55,64.55,64.55,100.0
2026-07-13T22:45:00+00:00,64.58,64.58,64.58,64.58,299.0
2026-07-13T22:55:00+00:00,64.61,64.61,64.61,64.61,150.0
2026-07-13T23:00:00+00:00,64.6,64.6,64.6,64.6,500.0
2026-07-13T23:15:00+00:00,64.5,64.5,64.5,64.5,1000.0
2026-07-13T23:20:00+00:00,64.4916,64.5,64.4916,64.5,1600.0
2026-07-13T23:30:00+00:00,64.5,64.5,64.5,64.5,500.0
2026-07-13T23:45:00+00:00,64.52,64.52,64.49,64.49,1005.0
2026-07-13T23:50:00+00:00,64.49,64.5,64.49,64.5,1801.0
2026-07-13T23:55:00+00:00,64.52,64.52,64.52,64.52,122.0
2026-07-14T08:05:00+00:00,64.71,64.71,64.6,64.6,18046.0
2026-07-14T08:50:00+00:00,64.6,64.6,64.6,64.6,531.0
2026-07-14T10:15:00+00:00,64.6,64.6,64.4918,64.4918,590.0
2026-07-14T10:30:00+00:00,64.7,64.7,64.7,64.7,8800.0
2026-07-14T10:35:00+00:00,64.64,64.64,64.64,64.64,449.0
2026-07-14T10:40:00+00:00,64.72,64.72,64.72,64.72,801.0
2026-07-14T10:55:00+00:00,64.68,64.74,64.68,64.74,41128.0
2026-07-14T11:05:00+00:00,64.64,64.64,64.64,64.64,2232.798
2026-07-14T11:20:00+00:00,64.75,64.77,64.75,64.77,901.0
2026-07-14T11:25:00+00:00,64.84,64.84,64.8,64.83,1601.0
2026-07-14T11:30:00+00:00,64.85,64.85,64.85,64.85,100.0
2026-07-14T11:40:00+00:00,64.92,64.92,64.92,64.92,19800.0
2026-07-14T11:45:00+00:00,64.81,64.84,64.81,64.84,9020.0
2026-07-14T12:05:00+00:00,64.55,64.55,64.55,64.55,31871.0
2026-07-14T12:10:00+00:00,64.71,64.72,64.71,64.72,1488.0
2026-07-14T12:25:00+00:00,64.81,64.81,64.76,64.76,16000.0
2026-07-14T12:35:00+00:00,65.24,65.68,65.24,65.52,28257.0
2026-07-14T12:40:00+00:00,65.55,65.55,65.41,65.51,59866.0
2026-07-14T12:45:00+00:00,65.327,65.327,65.327,65.327,100.0
2026-07-14T12:50:00+00:00,65.37,65.46,65.37,65.4032,1105.0
2026-07-14T12:55:00+00:00,65.46,65.5,65.46,65.5,36001.0
2026-07-14T13:00:00+00:00,65.39,65.39,65.35,65.35,80376.0
2026-07-14T13:05:00+00:00,65.31,65.31,65.3,65.3,4605.0
2026-07-14T13:10:00+00:00,65.45,65.45,65.42,65.42,242129.0
2026-07-14T13:15:00+00:00,65.42,65.44,65.39,65.39,44263.0
2026-07-14T13:20:00+00:00,65.4,65.4,65.36,65.37,67554.0
2026-07-14T13:25:00+00:00,65.34,65.5,65.32,65.49,112866.0
2026-07-14T13:30:00+00:00,65.5,65.57,65.48,65.53,65092.0
2026-07-14T13:35:00+00:00,65.53,65.655,65.305,65.33,1077682.112811
2026-07-14T13:40:00+00:00,65.33,65.57,65.31,65.56,664637.2714760001
2026-07-14T13:45:00+00:00,65.545,65.58,65.345,65.455,433846.06407799997
2026-07-14T13:50:00+00:00,65.455,65.535,65.39,65.495,221114.126681
2026-07-14T13:55:00+00:00,65.495,65.565,65.39,65.48,293265.378858
2026-07-14T14:00:00+00:00,65.48,65.52,65.44,65.495,136868.289376
2026-07-14T14:05:00+00:00,65.495,65.535,65.4,65.445,328104.25307100004
2026-07-14T14:10:00+00:00,65.44,65.44,65.3,65.35,164152.567438
2026-07-14T14:15:00+00:00,65.35,65.39,65.28,65.33,139359.068975
2026-07-14T14:20:00+00:00,65.32,65.36,65.105,65.33,322695.110058
2026-07-14T14:25:00+00:00,65.32,65.46,65.305,65.31,315488.54979099997
2026-07-14T14:30:00+00:00,65.32,65.415,65.22,65.315,290726.095455
2026-07-14T14:35:00+00:00,65.31,65.66,65.255,65.55,891694.634182
2026-07-14T14:40:00+00:00,65.53,65.55,65.46,65.4901,268667.260943
2026-07-14T14:45:00+00:00,65.49,65.52,65.45,65.46,218009.713574
2026-07-14T14:50:00+00:00,65.48,65.515,65.4,65.445,296630.347801
2026-07-14T14:55:00+00:00,65.44,65.54,65.405,65.54,59207.361938
2026-07-14T15:00:00+00:00,65.55,65.625,65.55,65.61,89863.15763999999
2026-07-14T15:05:00+00:00,65.61,65.8,65.54,65.69,575573.506348
2026-07-14T15:10:00+00:00,65.68,65.78,65.64,65.77,228923.182141
2026-07-14T15:15:00+00:00,65.76,65.79,65.71,65.73,90866.294354
2026-07-14T15:20:00+00:00,65.74,65.77,65.65,65.685,129428.012281
2026-07-14T15:25:00+00:00,65.68,65.72,65.65,65.6997,230108.295933
2026-07-14T15:30:00+00:00,65.7,65.71,65.635,65.69,151421.15652999998
2026-07-14T15:35:00+00:00,65.68,65.72,65.58,65.6,129399.85230900001
2026-07-14T15:40:00+00:00,65.5997,65.63,65.565,65.59,293192.01923
2026-07-14T15:45:00+00:00,65.58,65.605,65.465,65.595,270319.517013
2026-07-14T15:50:00+00:00,65.59,65.655,65.59,65.61,102330.444984
2026-07-14T15:55:00+00:00,65.605,65.615,65.475,65.485,77625.766085
2026-07-14T16:00:00+00:00,65.485,65.535,65.445,65.49,156124.16448000004
2026-07-14T16:05:00+00:00,65.485,65.49,65.375,65.4,60797.916557000004
2026-07-14T16:10:00+00:00,65.41,65.48,65.375,65.465,103412.98692299999
2026-07-14T16:15:00+00:00,65.47,65.515,65.45,65.51,91364.899004
2026-07-14T16:20:00+00:00,65.5,65.525,65.45,65.52,65074.73493
2026-07-14T16:25:00+00:00,65.525,65.57,65.5,65.565,101191.762824
2026-07-14T16:30:00+00:00,65.57,65.66,65.57,65.65,79988.996
2026-07-14T16:35:00+00:00,65.655,65.69,65.645,65.68,90868.015124
2026-07-14T16:40:00+00:00,65.68,65.7,65.645,65.675,111131.55266
2026-07-14T16:45:00+00:00,65.67,65.725,65.665,65.71,72280.885166
2026-07-14T16:50:00+00:00,65.71,65.73,65.57,65.61,50210.383162
2026-07-14T16:55:00+00:00,65.61,65.64,65.575,65.6,33016.109178
2026-07-14T17:00:00+00:00,65.605,65.645,65.595,65.64,45169.533242000005
2026-07-14T17:05:00+00:00,65.635,65.655,65.585,65.59,106917.12021699999
2026-07-14T17:10:00+00:00,65.59,65.645,65.57,65.635,52316.101487
2026-07-14T17:15:00+00:00,65.63,65.63,65.57,65.57,106349.076248
2026-07-14T17:20:00+00:00,65.57,65.575,65.53,65.565,187920.80788900002
2026-07-14T17:25:00+00:00,65.57,65.615,65.56,65.6,41792.082754
2026-07-14T17:30:00+00:00,65.605,65.63,65.6,65.61,28963.894480000003
2026-07-14T17:35:00+00:00,65.62,65.625,65.57,65.58,134397.295829
2026-07-14T17:40:00+00:00,65.575,65.58,65.55,65.57,131451.241333
2026-07-14T17:45:00+00:00,65.57,65.59,65.555,65.555,85708.12965799999
2026-07-14T17:50:00+00:00,65.56,65.56,65.52,65.55,72342.77656299999
2026-07-14T17:55:00+00:00,65.56,65.615,65.56,65.6,123997.17595
2026-07-14T18:00:00+00:00,65.6,65.6,65.5549,65.565,100694.836664
2026-07-14T18:05:00+00:00,65.56,65.58,65.545,65.57,79037.42963
2026-07-14T18:10:00+00:00,65.57,65.58,65.54,65.5799,32322.276
2026-07-14T18:15:00+00:00,65.58,65.595,65.575,65.595,72526.04781399999
2026-07-14T18:20:00+00:00,65.6,65.625,65.58,65.615,102389.28861
2026-07-14T18:25:00+00:00,65.615,65.645,65.595,65.595,42672.0
2026-07-14T18:30:00+00:00,65.59,65.64,65.58,65.605,114490.33534399999
2026-07-14T18:35:00+00:00,65.61,65.62,65.6,65.605,79488.749443
2026-07-14T18:40:00+00:00,65.605,65.625,65.55,65.59,267798.29694000003
2026-07-14T18:45:00+00:00,65.59,65.59,65.485,65.51,419173.248
2026-07-14T18:50:00+00:00,65.505,65.5362,65.49,65.515,281922.32285
2026-07-14T18:55:00+00:00,65.515,65.56,65.505,65.555,95628.88173
2026-07-14T19:00:00+00:00,65.55,65.555,65.52,65.535,54262.0
2026-07-14T19:05:00+00:00,65.535,65.55,65.455,65.46,318243.819987
2026-07-14T19:10:00+00:00,65.47,65.475,65.435,65.46,135917.407291
2026-07-14T19:15:00+00:00,65.455,65.5,65.44,65.48,108323.62482
2026-07-14T19:20:00+00:00,65.48,65.55,65.47,65.55,116711.48835
2026-07-14T19:25:00+00:00,65.55,65.58,65.51,65.58,74734.956264
2026-07-14T19:30:00+00:00,65.575,65.58,65.545,65.55,130709.430789
2026-07-14T19:35:00+00:00,65.545,65.545,65.465,65.51,627991.085992
2026-07-14T19:40:00+00:00,65.505,65.55,65.49,65.52,140014.891405
2026-07-14T19:45:00+00:00,65.515,65.565,65.51,65.55,129067.61477
2026-07-14T19:50:00+00:00,65.55,65.61,65.545,65.61,171585.014873
2026-07-14T19:55:00+00:00,65.6,65.63,65.59,65.605,506249.63875
2026-07-14T20:00:00+00:00,65.61,65.685,65.58,65.665,1025221.624679
2026-07-14T20:05:00+00:00,65.67,65.67,65.63,65.64,33570.553507
2026-07-14T20:10:00+00:00,65.66,65.66,65.64,65.66,9604.0
2026-07-14T20:25:00+00:00,65.64,65.64,65.6,65.6,2524.0
2026-07-14T20:30:00+00:00,65.63,65.72,65.63,65.72,4003.0
2026-07-14T20:40:00+00:00,65.67,65.67,65.67,65.67,2500.0
2026-07-14T20:50:00+00:00,65.6,65.6,65.6,65.6,247.0
2026-07-14T21:00:00+00:00,65.6,65.8,65.6,65.8,1772.0
2026-07-14T21:45:00+00:00,65.9,65.9,65.9,65.9,120.0
2026-07-14T23:50:00+00:00,65.69,65.69,65.69,65.69,3000.0
2026-07-15T08:05:00+00:00,65.9,66.31,65.9,66.31,356.006891
2026-07-15T09:40:00+00:00,65.85,65.85,65.84,65.84,765.0
2026-07-15T10:05:00+00:00,65.84,65.84,65.84,65.84,368.0
2026-07-15T10:10:00+00:00,65.82,65.82,65.82,65.82,601.0
2026-07-15T11:20:00+00:00,65.72,65.74,65.72,65.74,911.0
2026-07-15T12:25:00+00:00,65.65,65.65,65.65,65.65,203.0
2026-07-15T12:40:00+00:00,65.83,65.83,65.83,65.83,202.0
2026-07-15T13:15:00+00:00,65.97,65.97,65.97,65.97,115.0
2026-07-15T13:25:00+00:00,65.83,65.94,65.77,65.94,1553.0
2026-07-15T13:35:00+00:00,65.87,65.93,65.85,65.92,563081.772392
2026-07-15T13:40:00+00:00,65.92,65.93,65.66,65.76,266019.84824
2026-07-15T13:45:00+00:00,65.75,65.785,65.69,65.715,99367.29178500001
2026-07-15T13:50:00+00:00,65.72,65.745,65.64,65.685,470315.20476
2026-07-15T13:55:00+00:00,65.695,65.765,65.61,65.765,151731.150453
2026-07-15T14:00:00+00:00,65.76,65.965,65.725,65.96,1993735.298825
2026-07-15T14:05:00+00:00,65.955,65.99,65.91,65.925,927489.185121
2026-07-15T14:10:00+00:00,65.925,66.04,65.905,65.925,1836948.421357
2026-07-15T14:15:00+00:00,65.92,65.95,65.82,65.835,245512.601631
2026-07-15T14:20:00+00:00,65.835,65.855,65.755,65.77,364280.192483
2026-07-15T14:25:00+00:00,65.77,65.78,65.445,65.47,614768.407457
2026-07-15T14:30:00+00:00,65.48,65.595,65.41,65.59,199840.90821999998
2026-07-15T14:35:00+00:00,65.58,65.6,65.42,65.53,611461.133111
2026-07-15T14:40:00+00:00,65.54,65.55,65.2914,65.32,443197.051874
2026-07-15T14:45:00+00:00,65.32,65.35,65.2,65.315,776995.3979120001
2026-07-15T14:50:00+00:00,65.315,65.37,65.2,65.36,406267.308357
2026-07-15T14:55:00+00:00,65.35,65.36,65.215,65.26,486324.936876
2026-07-15T15:00:00+00:00,65.27,65.31,65.225,65.305,352587.506085
2026-07-15T15:05:00+00:00,65.305,65.34,65.2,65.22,295861.500276
2026-07-15T15:10:00+00:00,65.22,65.355,65.185,65.325,189366.525073
2026-07-15T15:15:00+00:00,65.33,65.355,65.21,65.22,372068.00128
2026-07-15T15:20:00+00:00,65.225,65.29,65.145,65.275,486017.610974
2026-07-15T15:25:00+00:00,65.27,65.27,65.11,65.205,384526.987947
2026-07-15T15:30:00+00:00,65.205,65.375,65.205,65.36,213259.18949299998
2026-07-15T15:35:00+00:00,65.355,65.375,65.27,65.35,252151.66824800003
2026-07-15T15:40:00+00:00,65.35,65.375,65.27,65.315,222283.56749400002
2026-07-15T15:45:00+00:00,65.32,65.345,65.295,65.31,161756.04591400002
2026-07-15T15:50:00+00:00,65.31,65.315,65.25,65.28,131270.1488
2026-07-15T15:55:00+00:00,65.28,65.28,65.22,65.25,72649.023391
2026-07-15T16:00:00+00:00,65.26,65.26,65.205,65.21,1005012.862291
2026-07-15T16:05:00+00:00,65.205,65.245,65.045,65.07,587807.956777
2026-07-15T16:10:00+00:00,65.075,65.075,64.915,64.985,488939.74970299995
2026-07-15T16:15:00+00:00,64.99,64.99,64.87,64.885,137129.633141
2026-07-15T16:20:00+00:00,64.885,64.955,64.875,64.89,130021.322221
2026-07-15T16:25:00+00:00,64.89,64.905,64.795,64.805,215584.846173
2026-07-15T16:30:00+00:00,64.81,64.87,64.775,64.85,226035.088115
2026-07-15T16:35:00+00:00,64.84,64.885,64.73,64.745,377248.382669
2026-07-15T16:40:00+00:00,64.75,64.75,64.66,64.685,634495.109021
2026-07-15T16:45:00+00:00,64.685,64.78,64.665,64.78,357946.191673
2026-07-15T16:50:00+00:00,64.775,64.98,64.75,64.88,937220.30037
2026-07-15T16:55:00+00:00,64.88,64.995,64.875,64.915,150452.066976
2026-07-15T17:00:00+00:00,64.915,64.93,64.83,64.895,150103.27958499998
2026-07-15T17:05:00+00:00,64.9,65.01,64.895,64.945,163959.038555
2026-07-15T17:10:00+00:00,64.945,65.04,64.935,65.03,108727.0
2026-07-15T17:15:00+00:00,65.03,65.055,64.975,64.975,108310.14267300001
2026-07-15T17:20:00+00:00,64.97,65.115,64.97,65.105,78977.43778000001
2026-07-15T17:25:00+00:00,65.11,65.19,65.085,65.175,255537.897398
2026-07-15T17:30:00+00:00,65.175,65.26,65.17,65.25,239285.392687
2026-07-15T17:35:00+00:00,65.25,65.325,65.24,65.315,350560.86705
2026-07-15T17:40:00+00:00,65.32,65.35,65.295,65.345,99227.977702
2026-07-15T17:45:00+00:00,65.345,65.39,65.34,65.38,55067.58439999999
2026-07-15T17:50:00+00:00,65.38,65.45,65.35,65.45,101242.349986
2026-07-15T17:55:00+00:00,65.45,65.485,65.42,65.48,194030.335505
2026-07-15T18:00:00+00:00,65.47,65.5,65.4546,65.46,101103.93813
2026-07-15T18:05:00+00:00,65.465,65.58,65.46,65.57,371959.464776
2026-07-15T18:10:00+00:00,65.565,65.65,65.56,65.64,249937.92650299997
2026-07-15T18:15:00+00:00,65.64,65.67,65.6,65.605,139161.995097
2026-07-15T18:20:00+00:00,65.6,65.6,65.515,65.58,413622.50282
2026-07-15T18:25:00+00:00,65.575,65.645,65.57,65.635,55613.946323000004
2026-07-15T18:30:00+00:00,65.635,65.655,65.625,65.64,70016.443416
2026-07-15T18:35:00+00:00,65.65,65.6975,65.645,65.66,109495.574042
2026-07-15T18:40:00+00:00,65.66,65.66,65.58,65.58,120130.948111
2026-07-15T18:45:00+00:00,65.58,65.58,65.495,65.495,66515.18755100001
2026-07-15T18:50:00+00:00,65.49,65.49,65.44,65.46,449908.96474
2026-07-15T18:55:00+00:00,65.45,65.455,65.365,65.43,112665.719385
2026-07-15T19:00:00+00:00,65.43,65.4399,65.335,65.37,72742.604526
2026-07-15T19:05:00+00:00,65.38,65.48,65.365,65.465,168425.503494
2026-07-15T19:10:00+00:00,65.465,65.52,65.445,65.48,105253.30803
2026-07-15T19:15:00+00:00,65.48,65.515,65.46,65.4802,211757.495595
2026-07-15T19:20:00+00:00,65.485,65.5,65.42,65.42,158345.32014199998
2026-07-15T19:25:00+00:00,65.42,65.44,65.385,65.415,315707.993597
2026-07-15T19:30:00+00:00,65.415,65.5,65.4,65.5,104148.000521
2026-07-15T19:35:00+00:00,65.5,65.545,65.435,65.445,364812.490749
2026-07-15T19:40:00+00:00,65.44,65.495,65.415,65.495,231415.57926
2026-07-15T19:45:00+00:00,65.495,65.5778,65.495,65.565,143173.03
2026-07-15T19:50:00+00:00,65.56,65.56,65.495,65.515,387387.035333
2026-07-15T19:55:00+00:00,65.52,65.565,65.5,65.535,450625.26657
2026-07-15T20:00:00+00:00,65.535,65.59,65.535,65.58,1893499.660154
2026-07-15T20:05:00+00:00,65.57,65.59,65.56,65.58,41876.830955
2026-07-15T20:10:00+00:00,65.6,65.6,65.49,65.51,9994.0
2026-07-15T21:00:00+00:00,65.46,65.46,65.42,65.42,2245.0
2026-07-15T21:05:00+00:00,65.44,65.45,65.44,65.44,500.0
2026-07-15T21:30:00+00:00,65.25,65.25,65.25,65.25,1738.0
2026-07-15T22:20:00+00:00,65.6562,65.6562,65.6562,65.6562,1000.0
2026-07-16T08:05:00+00:00,65.69,65.69,65.69,65.69,815.0
2026-07-16T08:15:00+00:00,64.62,64.62,64.58,64.6,1439.0
2026-07-16T09:10:00+00:00,64.8,64.8,64.8,64.8,117.0
2026-07-16T09:30:00+00:00,64.87,64.87,64.85,64.85,1700.0
2026-07-16T09:35:00+00:00,64.84,64.84,64.83,64.83,2700.0
2026-07-16T09:45:00+00:00,64.75,64.75,64.75,64.75,100.0
2026-07-16T09:55:00+00:00,64.63,64.63,64.63,64.63,1001.0
2026-07-16T10:35:00+00:00,64.6,64.6,64.6,64.6,145.0
2026-07-16T10:40:00+00:00,64.61,64.61,64.58,64.58,2712.0
2026-07-16T11:05:00+00:00,64.7582,64.7582,64.52,64.56,7951.901
2026-07-16T11:10:00+00:00,64.55,64.55,64.5,64.5,2522.0
2026-07-16T11:15:00+00:00,64.5,64.545,64.5,64.545,300.0
2026-07-16T11:20:00+00:00,64.46,64.46,64.4,64.4,665.0
2026-07-16T11:25:00+00:00,64.49,64.49,64.48,64.48,300.0
2026-07-16T11:30:00+00:00,64.47,64.58,64.47,64.5,7087.0
2026-07-16T11:35:00+00:00,64.47,64.47,64.47,64.47,100.0
2026-07-16T11:50:00+00:00,64.43,64.43,64.32,64.35,2229.07582
2026-07-16T12:20:00+00:00,64.35,64.35,64.35,64.35,1288.199004
2026-07-16T12:25:00+00:00,64.33,64.35,64.3,64.3,5161.0
2026-07-16T12:30:00+00:00,64.4,64.4,64.4,64.4,100.0
2026-07-16T12:40:00+00:00,64.25,64.25,64.19,64.24,2148.129876
2026-07-16T12:45:00+00:00,64.2459,64.247,64.15,64.17,11171.659353
2026-07-16T12:50:00+00:00,64.16,64.18,64.16,64.18,914.0
2026-07-16T13:00:00+00:00,64.1428,64.1428,64.1428,64.1428,212.0
2026-07-16T13:05:00+00:00,64.22,64.23,64.22,64.23,1689.0
2026-07-16T13:10:00+00:00,64.33,64.33,64.29,64.29,1354.0
2026-07-16T13:15:00+00:00,64.3,64.37,64.3,64.34,936.0
2026-07-16T13:20:00+00:00,64.33,64.34,64.33,64.34,300.0
2026-07-16T13:25:00+00:00,64.34,64.37,64.34,64.37,200.0
2026-07-16T13:30:00+00:00,64.45,64.47,64.36,64.45,8680.0
2026-07-16T13:35:00+00:00,64.43,64.72,64.43,64.52,836547.6179460001
2026-07-16T13:40:00+00:00,64.53,64.55,64.355,64.36,407781.766706
2026-07-16T13:45:00+00:00,64.37,64.48,64.22,64.245,925567.893233
2026-07-16T13:50:00+00:00,64.245,64.305,64.14,64.19,347659.483817
2026-07-16T13:55:00+00:00,64.19,64.455,64.185,64.265,357745.764948
2026-07-16T14:00:00+00:00,64.26,64.4,64.2,64.395,510129.366357
2026-07-16T14:05:00+00:00,64.39,64.525,64.35,64.45,254438.78596200002
2026-07-16T14:10:00+00:00,64.47,64.645,64.43,64.62,462099.812473
2026-07-16T14:15:00+00:00,64.605,64.615,64.5,64.56,201701.053664
2026-07-16T14:20:00+00:00,64.55,64.64,64.535,64.625,218211.662522
2026-07-16T14:25:00+00:00,64.63,64.64,64.405,64.46,185479.262816
2026-07-16T14:30:00+00:00,64.46,64.585,64.395,64.58,128132.30498500001
2026-07-16T14:35:00+00:00,64.58,64.59,64.465,64.55,128057.414361
2026-07-16T14:40:00+00:00,64.56,64.66,64.535,64.56,121208.56622899999
2026-07-16T14:45:00+00:00,64.57,64.57,64.485,64.52,127181.02150999999
2026-07-16T14:50:00+00:00,64.52,64.585,64.495,64.51,125150.817348
2026-07-16T14:55:00+00:00,64.505,64.51,64.385,64.415,98163.29935900001
2026-07-16T15:00:00+00:00,64.41,64.52,64.35,64.5,242025.070587
2026-07-16T15:05:00+00:00,64.51,64.57,64.44,64.46,251911.38943500002
2026-07-16T15:10:00+00:00,64.45,64.45,64.35,64.41,191285.715163
2026-07-16T15:15:00+00:00,64.41,64.43,64.3,64.34,106611.839963
2026-07-16T15:20:00+00:00,64.34,64.385,64.3,64.37,136790.102469
2026-07-16T15:25:00+00:00,64.38,64.425,64.33,64.425,170942.12056100002
2026-07-16T15:30:00+00:00,64.425,64.625,64.425,64.5,323183.047884
2026-07-16T15:35:00+00:00,64.495,64.6,64.415,64.6,227183.46111499998
2026-07-16T15:40:00+00:00,64.6,64.66,64.56,64.635,144661.32117900002
2026-07-16T15:45:00+00:00,64.63,64.635,64.5,64.51,119368.879449
2026-07-16T15:50:00+00:00,64.5,64.56,64.435,64.56,142888.313294
2026-07-16T15:55:00+00:00,64.56,64.605,64.515,64.52,315658.280197
2026-07-16T16:00:00+00:00,64.51,64.51,64.425,64.45,149645.026273
2026-07-16T16:05:00+00:00,64.455,64.455,64.37,64.37,203840.697607
2026-07-16T16:10:00+00:00,64.37,64.4,64.325,64.375,192186.13244
2026-07-16T16:15:00+00:00,64.37,64.37,64.22,64.225,275473.877594
2026-07-16T16:20:00+00:00,64.225,64.26,64.195,64.22,198668.87745899998
2026-07-16T16:25:00+00:00,64.22,64.22,64.125,64.17,161381.344037
2026-07-16T16:30:00+00:00,64.175,64.24,64.145,64.1899,68383.014443
2026-07-16T16:35:00+00:00,64.19,64.26,64.18,64.21,75516.66657
2026-07-16T16:40:00+00:00,64.21,64.23,64.175,64.195,230054.754671
2026-07-16T16:45:00+00:00,64.2,64.25,64.165,64.17,98554.60815
2026-07-16T16:50:00+00:00,64.17,64.19,64.09,64.13,178296.823913
2026-07-16T16:55:00+00:00,64.13,64.21,64.115,64.2,322805.819172
2026-07-16T17:00:00+00:00,64.205,64.285,64.205,64.265,109682.828081
2026-07-16T17:05:00+00:00,64.27,64.27,64.19,64.23,233579.93028799997
2026-07-16T17:10:00+00:00,64.22,64.225,64.1,64.15,87136.18718699999
2026-07-16T17:15:00+00:00,64.15,64.15,64.04,64.04,90501.13901700001
2026-07-16T17:20:00+00:00,64.045,64.08,64.025,64.045,155436.88095400002
2026-07-16T17:25:00+00:00,64.05,64.1,64.025,64.09,79519.78856700001
2026-07-16T17:30:00+00:00,64.085,64.205,64.08,64.185,55361.492291
2026-07-16T17:35:00+00:00,64.2,64.22,64.145,64.16,96249.332994
2026-07-16T17:40:00+00:00,64.155,64.17,64.12,64.145,234634.999446
2026-07-16T17:45:00+00:00,64.14,64.14,64.055,64.11,139556.790974
2026-07-16T17:50:00+00:00,64.105,64.15,64.055,64.135,132890.00219199999
2026-07-16T17:55:00+00:00,64.135,64.155,64.075,64.145,428408.097308
2026-07-16T18:00:00+00:00,64.1401,64.145,64.06,64.105,366569.138434
2026-07-16T18:05:00+00:00,64.105,64.13,64.015,64.02,134198.582094
2026-07-16T18:10:00+00:00,64.02,64.075,64.015,64.06,139591.710459
2026-07-16T18:15:00+00:00,64.06,64.19,64.06,64.1,127415.859899
2026-07-16T18:20:00+00:00,64.09,64.205,64.04,64.19,145587.914159
2026-07-16T18:25:00+00:00,64.19,64.26,64.19,64.24,93506.140837
2026-07-16T18:30:00+00:00,64.235,64.26,64.175,64.185,62163.717082
2026-07-16T18:35:00+00:00,64.18,64.18,64.105,64.105,74730.239239
2026-07-16T18:40:00+00:00,64.105,64.125,64.07,64.08,122930.2231
2026-07-16T18:45:00+00:00,64.08,64.155,64.035,64.14,87311.776111
2026-07-16T18:50:00+00:00,64.13,64.15,64.11,64.13,288922.0
2026-07-16T18:55:00+00:00,64.13,64.15,64.09,64.1015,43854.321018999995
2026-07-16T19:00:00+00:00,64.1,64.105,64.05,64.06,109943.190978
2026-07-16T19:05:00+00:00,64.065,64.155,64.06,64.13,92532.015324
2026-07-16T19:10:00+00:00,64.12,64.16,64.055,64.065,123287.093937
2026-07-16T19:15:00+00:00,64.06,64.1,64.06,64.1,94874.14417099999
2026-07-16T19:20:00+00:00,64.095,64.095,64.035,64.075,234754.28375399997
2026-07-16T19:25:00+00:00,64.07,64.1,64.02,64.02,272174.077517
2026-07-16T19:30:00+00:00,64.02,64.05,63.99,64.03,191403.327667
2026-07-16T19:35:00+00:00,64.03,64.07,63.995,64.005,472929.057818
2026-07-16T19:40:00+00:00,64.01,64.07,63.98,64.05,499340.015622
2026-07-16T19:45:00+00:00,64.045,64.08,63.99,63.99,260576.11304499998
2026-07-16T19:50:00+00:00,63.99,64.0,63.915,63.955,359973.36183400004
2026-07-16T19:55:00+00:00,63.96,64.1399,63.96,64.135,750960.818851
2026-07-16T20:00:00+00:00,64.14,64.21,64.1,64.21,1911553.75741
2026-07-16T20:05:00+00:00,64.19,64.21,64.16,64.16,86741.51572
2026-07-16T20:10:00+00:00,64.16,64.19,64.1595,64.1595,3371.0
2026-07-16T20:20:00+00:00,64.1108,64.1108,64.1108,64.1108,210.0
2026-07-16T20:35:00+00:00,64.06,64.06,64.06,64.06,8164.0
2026-07-16T20:40:00+00:00,64.06,64.06,64.01,64.05,17524.0
2026-07-16T20:45:00+00:00,64.05,64.06,64.0,64.0,19229.0
2026-07-16T20:55:00+00:00,64.0,64.04,63.95,64.04,63032.0
2026-07-16T21:00:00+00:00,64.04,64.07,64.03,64.04,61662.0
2026-07-16T21:05:00+00:00,64.04,64.04,63.87,63.87,11625.0
2026-07-16T21:25:00+00:00,63.95,64.03,63.95,64.03,3191.0
2026-07-16T21:35:00+00:00,63.95,63.95,63.95,63.95,200.0
2026-07-16T21:55:00+00:00,64.04,64.04,64.0,64.0,700.0
2026-07-16T22:25:00+00:00,63.96,63.96,63.96,63.96,100.0
2026-07-16T22:50:00+00:00,63.97,63.97,63.97,63.97,149.0
2026-07-16T23:05:00+00:00,64.03,64.03,64.03,64.03,565.0
2026-07-17T00:00:00+00:00,64.03,64.03,64.03,64.03,300.0
2026-07-17T08:05:00+00:00,62.3,62.62,62.25,62.6,3597.227104
2026-07-17T08:45:00+00:00,62.1,62.1,62.1,62.1,282.0
2026-07-17T08:55:00+00:00,62.02,62.03,62.02,62.03,2614.0
2026-07-17T09:00:00+00:00,62.1,62.14,62.08,62.14,1268.0
2026-07-17T09:10:00+00:00,62.01,62.01,62.01,62.01,253.0
2026-07-17T09:15:00+00:00,62.14,62.14,62.14,62.14,310.0
2026-07-17T09:20:00+00:00,62.11,62.11,62.11,62.11,1245.0
2026-07-17T09:50:00+00:00,62.38,62.38,62.38,62.38,321.0
2026-07-17T09:55:00+00:00,62.39,62.4,62.39,62.4,2600.0
2026-07-17T10:15:00+00:00,62.69,62.88,62.69,62.88,6512.0
2026-07-17T10:40:00+00:00,62.79,62.86,62.79,62.86,5841.0
2026-07-17T11:05:00+00:00,62.81,62.88,62.76,62.76,8988.0
2026-07-17T11:10:00+00:00,62.76,62.76,62.66,62.66,545.159464
2026-07-17T11:15:00+00:00,62.66,62.72,62.66,62.72,1850.0
2026-07-17T11:20:00+00:00,62.75,62.75,62.75,62.75,300.0
2026-07-17T11:25:00+00:00,62.61,62.61,62.61,62.61,388.0
2026-07-17T11:45:00+00:00,62.6401,62.6401,62.6401,62.6401,150.0
2026-07-17T11:55:00+00:00,62.65,62.65,62.65,62.65,100.0
2026-07-17T12:05:00+00:00,62.75,62.75,62.75,62.75,730.0
2026-07-17T12:10:00+00:00,62.6,62.65,62.6,62.65,6300.0
2026-07-17T12:20:00+00:00,62.71,62.71,62.56,62.56,475.0
2026-07-17T12:25:00+00:00,62.56,62.56,62.56,62.56,300.159769
2026-07-17T12:30:00+00:00,62.649,62.649,62.649,62.649,250.0
2026-07-17T12:35:00+00:00,62.64,62.72,62.64,62.72,1070.0
2026-07-17T12:40:00+00:00,62.51,62.54,62.5,62.54,1983.0
2026-07-17T12:45:00+00:00,62.48,62.48,62.48,62.48,500.0
2026-07-17T12:50:00+00:00,62.6411,62.6411,62.49,62.49,760.0
2026-07-17T12:55:00+00:00,62.51,62.51,62.4314,62.4314,2526.0
2026-07-17T13:05:00+00:00,62.41,62.55,62.4,62.4,8818.0
2026-07-17T13:10:00+00:00,62.39,62.45,62.31,62.31,4053.0
2026-07-17T13:15:00+00:00,62.37,62.37,62.37,62.37,115.0
2026-07-17T13:20:00+00:00,62.31,62.31,62.28,62.28,1744.0
2026-07-17T13:30:00+00:00,62.27,62.36,62.27,62.36,978.0
2026-07-17T13:35:00+00:00,62.3,62.4,62.11,62.125,1552849.573559
2026-07-17T13:40:00+00:00,62.13,62.25,62.04,62.0735,777238.587313
2026-07-17T13:45:00+00:00,62.07,62.235,62.005,62.04,1027490.072496
2026-07-17T13:50:00+00:00,62.035,62.29,62.02,62.265,447654.973711
2026-07-17T13:55:00+00:00,62.265,62.5,62.23,62.465,459804.025464
2026-07-17T14:00:00+00:00,62.47,62.695,62.41,62.68,583329.101625
2026-07-17T14:05:00+00:00,62.68,63.025,62.66,62.965,1252977.825001
2026-07-17T14:10:00+00:00,62.97,63.14,62.97,63.1,650403.091943
2026-07-17T14:15:00+00:00,63.09,63.275,63.04,63.09,656476.386213
2026-07-17T14:20:00+00:00,63.09,63.33,63.05,63.25,432262.16902
2026-07-17T14:25:00+00:00,63.24,63.318,63.16,63.265,379218.198272
2026-07-17T14:30:00+00:00,63.26,63.3,63.09,63.205,354790.817049
2026-07-17T14:35:00+00:00,63.2,63.215,63.02,63.075,521393.059595
2026-07-17T14:40:00+00:00,63.07,63.34,63.07,63.34,539697.072427
2026-07-17T14:45:00+00:00,63.34,63.35,63.21,63.27,265104.24912399997
2026-07-17T14:50:00+00:00,63.25,63.285,63.12,63.18,198218.293329
2026-07-17T14:55:00+00:00,63.185,63.235,63.05,63.07,214701.97466300003
2026-07-17T15:00:00+00:00,63.075,63.155,63.015,63.04,189751.727071
2026-07-17T15:05:00+00:00,63.045,63.065,62.88,62.91,331834.762742
2026-07-17T15:10:00+00:00,62.905,63.0102,62.84,63.0102,596058.408853
2026-07-17T15:15:00+00:00,63.015,63.08,62.895,62.96,444197.52368999994
2026-07-17T15:20:00+00:00,62.95,63.12,62.92,63.09,307791.501009
2026-07-17T15:25:00+00:00,63.1,63.18,63.04,63.085,229768.81592700002
2026-07-17T15:30:00+00:00,63.08,63.26,63.06,63.24,350946.272966
2026-07-17T15:35:00+00:00,63.235,63.32,63.15,63.24,842605.8552550001
2026-07-17T15:40:00+00:00,63.23,63.47,63.21,63.42,680732.5163600001
2026-07-17T15:45:00+00:00,63.41,63.445,63.27,63.325,373047.561916
2026-07-17T15:50:00+00:00,63.315,63.43,63.305,63.43,371906.16296099994
2026-07-17T15:55:00+00:00,63.43,63.57,63.39,63.565,297542.873969
2026-07-17T16:00:00+00:00,63.565,63.7,63.53,63.67,782531.675037
2026-07-17T16:05:00+00:00,63.67,63.7,63.475,63.6,1052326.322849
2026-07-17T16:10:00+00:00,63.6,63.71,63.555,63.695,368816.8047
2026-07-17T16:15:00+00:00,63.7,63.74,63.625,63.715,276509.286775
2026-07-17T16:20:00+00:00,63.715,63.76,63.685,63.715,524683.456935
2026-07-17T16:25:00+00:00,63.715,63.72,63.495,63.5,119423.016918
2026-07-17T16:30:00+00:00,63.495,63.63,63.47,63.61,232159.307482
2026-07-17T16:35:00+00:00,63.6,63.635,63.55,63.58,109879.07689000001
2026-07-17T16:40:00+00:00,63.58,63.62,63.51,63.53,177988.08189
2026-07-17T16:45:00+00:00,63.54,63.63,63.49,63.63,240580.381966
2026-07-17T16:50:00+00:00,63.62,63.695,63.61,63.695,171197.320552
2026-07-17T16:55:00+00:00,63.695,63.74,63.67,63.7,110073.864159
2026-07-17T17:00:00+00:00,63.7,63.72,63.63,63.67,101510.903311
2026-07-17T17:05:00+00:00,63.67,63.8,63.67,63.785,151536.132435
2026-07-17T17:10:00+00:00,63.78,63.89,63.78,63.87,83512.125309
2026-07-17T17:15:00+00:00,63.865,63.87,63.69,63.69,164188.162847
2026-07-17T17:20:00+00:00,63.685,63.795,63.675,63.73,173821.83031
2026-07-17T17:25:00+00:00,63.73,63.73,63.66,63.67,406695.926519
2026-07-17T17:30:00+00:00,63.67,63.75,63.67,63.75,95341.279087
2026-07-17T17:35:00+00:00,63.745,63.775,63.73,63.74,168289.742088
2026-07-17T17:40:00+00:00,63.74,63.74,63.635,63.65,198249.96839199998
2026-07-17T17:45:00+00:00,63.65,63.65,63.565,63.575,145233.952743
2026-07-17T17:50:00+00:00,63.575,63.625,63.56,63.62,130639.31478900001
2026-07-17T17:55:00+00:00,63.63,63.635,63.54,63.54,96276.0
2026-07-17T18:00:00+00:00,63.53,63.545,63.43,63.465,495181.1
2026-07-17T18:05:00+00:00,63.465,63.545,63.425,63.5,253225.746837
2026-07-17T18:10:00+00:00,63.5,63.5,63.4,63.405,3377846.000384
2026-07-17T18:15:00+00:00,63.41,63.46,63.4,63.415,225306.246097
2026-07-17T18:20:00+00:00,63.415,63.46,63.375,63.44,218426.769139
2026-07-17T18:25:00+00:00,63.445,63.465,63.39,63.41,298549.0
2026-07-17T18:30:00+00:00,63.41,63.455,63.38,63.45,246748.432698
2026-07-17T18:35:00+00:00,63.44,63.525,63.38,63.4,197298.325847
2026-07-17T18:40:00+00:00,63.4,63.42,63.38,63.4,88712.996984
2026-07-17T18:45:00+00:00,63.4,63.4,63.32,63.34,86048.624308
2026-07-17T18:50:00+00:00,63.35,63.42,63.32,63.38,113238.9315
2026-07-17T18:55:00+00:00,63.355,63.45,63.345,63.45,176090.328479
2026-07-17T19:00:00+00:00,63.45,63.45,63.385,63.41,95263.545981
2026-07-17T19:05:00+00:00,63.4,63.415,63.345,63.36,177922.495579
2026-07-17T19:10:00+00:00,63.36,63.36,63.2758,63.285,73395.02277
2026-07-17T19:15:00+00:00,63.29,63.295,63.21,63.22,193521.076931
2026-07-17T19:20:00+00:00,63.215,63.255,63.2,63.245,339021.212267
2026-07-17T19:25:00+00:00,63.24,63.24,63.165,63.165,236356.701595
2026-07-17T19:30:00+00:00,63.16,63.325,63.135,63.3,329381.958754
2026-07-17T19:35:00+00:00,63.305,63.405,63.28,63.315,673624.190989
2026-07-17T19:40:00+00:00,63.315,63.375,63.285,63.29,235385.601338
2026-07-17T19:45:00+00:00,63.285,63.385,63.27,63.365,454870.735276
2026-07-17T19:50:00+00:00,63.36,63.405,63.355,63.365,864790.666731
2026-07-17T19:55:00+00:00,63.37,63.42,63.355,63.4,796182.715498
2026-07-17T20:00:00+00:00,63.4,63.425,63.25,63.29,1763056.176674
2026-07-17T20:05:00+00:00,63.28,63.29,63.2,63.21,128695.641321
2026-07-17T20:10:00+00:00,63.22,63.22,63.2,63.2,4901.0
2026-07-17T20:15:00+00:00,63.21,63.21,63.17,63.17,1895.602832
2026-07-17T20:25:00+00:00,63.15,63.15,63.15,63.15,569.0
2026-07-17T20:30:00+00:00,63.2,63.36,63.2,63.33,12627.0
2026-07-17T20:35:00+00:00,63.36,63.36,63.25,63.25,4833.0
2026-07-17T20:45:00+00:00,63.25,63.25,63.25,63.25,160.0
2026-07-17T21:00:00+00:00,63.319,63.34,63.319,63.34,336.0
2026-07-17T21:10:00+00:00,63.26,63.26,63.24,63.24,6252.0
2026-07-17T21:40:00+00:00,63.29,63.29,63.29,63.29,14000.0
2026-07-17T21:45:00+00:00,63.15,63.15,63.15,63.15,750.0
2026-07-17T23:00:00+00:00,63.2,63.2,63.2,63.2,100.0
2026-07-20T08:20:00+00:00,63.81,63.81,63.81,63.81,100.0
2026-07-20T10:45:00+00:00,63.9,63.9,63.9,63.9,700.0
2026-07-20T11:05:00+00:00,63.831,64.0,63.831,64.0,829.022
2026-07-20T11:35:00+00:00,63.99,64.3,63.99,64.3,624.0
2026-07-20T11:50:00+00:00,64.13,64.18,64.13,64.18,680.0
2026-07-20T11:55:00+00:00,64.13,64.15,64.13,64.15,892.0
2026-07-20T12:00:00+00:00,64.0679,64.0679,64.0679,64.0679,100.0
2026-07-20T12:05:00+00:00,64.06,64.06,63.87,63.87,2354.0
2026-07-20T12:15:00+00:00,63.88,64.0361,63.88,64.0361,1005.0
2026-07-20T12:30:00+00:00,63.87,63.89,63.84,63.89,1509.0
2026-07-20T12:35:00+00:00,63.96,64.0,63.96,64.0,500.0
2026-07-20T12:45:00+00:00,63.96,63.96,63.96,63.96,236.0
2026-07-20T13:20:00+00:00,63.97,63.97,63.97,63.97,191.0
2026-07-20T13:30:00+00:00,64.0,64.0924,63.96,64.0,194957.0
2026-07-20T13:35:00+00:00,64.035,64.065,63.87,64.01,742132.194321
2026-07-20T13:40:00+00:00,64.015,64.125,64.01,64.105,350985.761761
2026-07-20T13:45:00+00:00,64.1,64.1707,64.08,64.135,204465.159276
2026-07-20T13:50:00+00:00,64.135,64.165,64.045,64.06,308952.59313299996
2026-07-20T13:55:00+00:00,64.06,64.15,63.92,64.03,553580.02738
2026-07-20T14:00:00+00:00,64.025,64.045,63.88,63.915,137774.000051
2026-07-20T14:05:00+00:00,63.91,63.99,63.855,63.9258,164750.439329
2026-07-20T14:10:00+00:00,63.925,63.94,63.83,63.8499,193643.17756100002
2026-07-20T14:15:00+00:00,63.845,63.845,63.7,63.775,203040.090008
2026-07-20T14:20:00+00:00,63.78,63.89,63.735,63.79,187868.403256
2026-07-20T14:25:00+00:00,63.79,63.85,63.66,63.83,253281.54292100001
2026-07-20T14:30:00+00:00,63.815,63.91,63.815,63.9099,239121.723495
2026-07-20T14:35:00+00:00,63.9,63.91,63.79,63.835,478270.79555299995
2026-07-20T14:40:00+00:00,63.82,63.85,63.765,63.8,100842.503577
2026-07-20T14:45:00+00:00,63.81,63.85,63.725,63.76,133512.72775999998
2026-07-20T14:50:00+00:00,63.76,63.85,63.72,63.73,520814.342282
2026-07-20T14:55:00+00:00,63.72,63.76,63.615,63.64,128272.394023
2026-07-20T15:00:00+00:00,63.63,63.66,63.54,63.59,229334.521092
2026-07-20T15:05:00+00:00,63.59,63.71,63.52,63.65,214139.876646
2026-07-20T15:10:00+00:00,63.65,63.805,63.56,63.795,691408.5114579999
2026-07-20T15:15:00+00:00,63.79,63.8,63.69,63.71,201829.661911
2026-07-20T15:20:00+00:00,63.72,63.82,63.68,63.755,72417.813237
2026-07-20T15:25:00+00:00,63.76,63.89,63.74,63.87,239217.01493900002
2026-07-20T15:30:00+00:00,63.87,63.925,63.85,63.92,153371.18086
2026-07-20T15:35:00+00:00,63.925,63.95,63.91,63.93,108923.07670599999
2026-07-20T15:40:00+00:00,63.92,63.965,63.885,63.89,342319.41460799996
2026-07-20T15:45:00+00:00,63.88,63.94,63.86,63.925,89088.829879
2026-07-20T15:50:00+00:00,63.93,63.93,63.85,63.89,1182106.022016
2026-07-20T15:55:00+00:00,63.895,64.025,63.875,64.0,78634.875991
2026-07-20T16:00:00+00:00,64.0,64.06,64.0,64.04,50833.81055
2026-07-20T16:05:00+00:00,64.04,64.1,64.03,64.085,86686.47739999999
2026-07-20T16:10:00+00:00,64.09,64.16,64.09,64.14,232915.425419
2026-07-20T16:15:00+00:00,64.14,64.1651,64.12,64.14,91630.594664
2026-07-20T16:20:00+00:00,64.14,64.15,64.11,64.15,204026.66014599998
2026-07-20T16:25:00+00:00,64.15,64.15,64.09,64.1,107626.950713
2026-07-20T16:30:00+00:00,64.11,64.12,64.045,64.08,74930.872476
2026-07-20T16:35:00+00:00,64.075,64.1,63.985,63.9944,69840.197117
2026-07-20T16:40:00+00:00,64.005,64.04,64.0,64.0344,70663.600528
2026-07-20T16:45:00+00:00,64.04,64.05,63.78,63.89,886432.8803150001
2026-07-20T16:50:00+00:00,63.89,63.986,63.875,63.986,120323.10010300002
2026-07-20T16:55:00+00:00,63.98,63.98,63.9039,63.9039,409256.23299999995
2026-07-20T17:00:00+00:00,63.89,63.9159,63.86,63.9,76775.270528
2026-07-20T17:05:00+00:00,63.89,63.95,63.89,63.91,33139.694212999995
2026-07-20T17:10:00+00:00,63.9,63.93,63.86,63.92,111483.95528600001
2026-07-20T17:15:00+00:00,63.92,63.93,63.825,63.84,62022.1271
2026-07-20T17:20:00+00:00,63.835,63.895,63.81,63.895,52839.923971000004
2026-07-20T17:25:00+00:00,63.89,63.94,63.875,63.9,68473.81714500001
2026-07-20T17:30:00+00:00,63.89,63.9151,63.87,63.89,49302.056540000005
2026-07-20T17:35:00+00:00,63.9,63.935,63.87,63.915,26798.931254000003
2026-07-20T17:40:00+00:00,63.91,63.93,63.87,63.87,43009.872865
2026-07-20T17:45:00+00:00,63.87,63.875,63.8,63.8197,48972.038912
2026-07-20T17:50:00+00:00,63.82,63.88,63.82,63.86,41539.224906
2026-07-20T17:55:00+00:00,63.86,63.92,63.86,63.9,25072.167983
2026-07-20T18:00:00+00:00,63.9,63.905,63.84,63.86,41485.901103
2026-07-20T18:05:00+00:00,63.87,63.93,63.87,63.89,30040.994427999998
2026-07-20T18:10:00+00:00,63.89,63.91,63.875,63.91,41303.981
2026-07-20T18:15:00+00:00,63.91,63.94,63.89,63.93,41012.555101000005
2026-07-20T18:20:00+00:00,63.93,63.96,63.91,63.92,43213.859245
2026-07-20T18:25:00+00:00,63.91,63.92,63.79,63.79,135139.590205
2026-07-20T18:30:00+00:00,63.79,63.835,63.78,63.8,101054.800862
2026-07-20T18:35:00+00:00,63.79,63.79,63.68,63.71,127555.94213
2026-07-20T18:40:00+00:00,63.71,63.78,63.71,63.72,39424.171755999996
2026-07-20T18:45:00+00:00,63.72,63.74,63.66,63.67,83935.921161
2026-07-20T18:50:00+00:00,63.66,63.6801,63.64,63.655,77227.29749699999
2026-07-20T18:55:00+00:00,63.65,63.7,63.63,63.685,51274.289342000004
2026-07-20T19:00:00+00:00,63.685,63.69,63.615,63.645,76259.806969
2026-07-20T19:05:00+00:00,63.64,63.7,63.575,63.59,109812.717095
2026-07-20T19:10:00+00:00,63.6,63.615,63.55,63.595,84629.69081900001
2026-07-20T19:15:00+00:00,63.6,63.65,63.505,63.505,66771.90903000001
2026-07-20T19:20:00+00:00,63.5,63.55,63.48,63.52,169984.217481
2026-07-20T19:25:00+00:00,63.525,63.57,63.51,63.565,50258.388739999995
2026-07-20T19:30:00+00:00,63.56,63.665,63.52,63.635,667112.0686059999
2026-07-20T19:35:00+00:00,63.635,63.675,63.6,63.645,152114.94122500002
2026-07-20T19:40:00+00:00,63.64,63.6501,63.595,63.63,352923.355134
2026-07-20T19:45:00+00:00,63.63,63.705,63.625,63.66,137909.939109
2026-07-20T19:50:00+00:00,63.665,63.705,63.64,63.695,444459.24700000003
2026-07-20T19:55:00+00:00,63.69,63.695,63.555,63.585,695010.861846
2026-07-20T20:00:00+00:00,63.58,63.585,63.5,63.57,2295936.667008
2026-07-20T20:05:00+00:00,63.58,63.62,63.54,63.56,52686.524497
2026-07-20T20:10:00+00:00,63.56,63.56,63.5,63.51,58360.264001999996
2026-07-20T20:15:00+00:00,63.49,63.51,63.49,63.51,6458.0
2026-07-20T20:20:00+00:00,63.51,63.51,63.5031,63.5031,1000.0
2026-07-20T20:25:00+00:00,63.5,63.5,63.48,63.5,8502.0
2026-07-20T20:30:00+00:00,63.4924,63.4924,63.4924,63.4924,157.0
2026-07-20T20:35:00+00:00,63.51,63.51,63.47,63.51,2290.0
2026-07-20T20:40:00+00:00,63.51,63.52,63.5,63.51,2822.0
2026-07-20T20:45:00+00:00,63.53,63.56,63.5,63.5,17756.0
2026-07-20T20:50:00+00:00,63.57,63.6,63.57,63.6,213.0
2026-07-20T20:55:00+00:00,63.63,63.64,63.63,63.64,10200.0
2026-07-20T21:00:00+00:00,63.65,63.65,63.65,63.65,107.0
2026-07-20T22:40:00+00:00,63.58,63.58,63.58,63.58,100.0
2026-07-20T22:55:00+00:00,63.63,63.63,63.63,63.63,1482.0
2026-07-21T08:05:00+00:00,64.6,65.07,64.6,64.98,4450.153846
2026-07-21T08:20:00+00:00,65.01,65.01,65.01,65.01,901.0
2026-07-21T08:40:00+00:00,65.11,65.11,65.11,65.11,701.228312
2026-07-21T09:25:00+00:00,65.25,65.26,65.24,65.26,1505.225865
2026-07-21T09:40:00+00:00,65.28,65.28,65.28,65.28,600.0
2026-07-21T10:35:00+00:00,65.01,65.01,65.01,65.01,100.0
2026-07-21T11:05:00+00:00,65.06,65.06,65.04,65.04,867.0
2026-07-21T11:10:00+00:00,65.05,65.05,65.0,65.0,3660.0
2026-07-21T11:15:00+00:00,65.0435,65.05,65.0,65.05,6710.0
2026-07-21T11:20:00+00:00,65.0,65.0,65.0,65.0,300.0
2026-07-21T11:25:00+00:00,65.0,65.0,65.0,65.0,200.0
2026-07-21T11:35:00+00:00,65.05,65.05,65.05,65.05,405.0
2026-07-21T11:40:00+00:00,65.05,65.05,65.05,65.05,300.967516
2026-07-21T11:45:00+00:00,65.05,65.05,65.05,65.05,200.0
2026-07-21T11:50:00+00:00,65.05,65.05,65.05,65.05,100.0
2026-07-21T12:15:00+00:00,65.02,65.02,65.02,65.02,100.0
2026-07-21T12:35:00+00:00,64.9019,64.95,64.9019,64.95,3350.0
2026-07-21T12:45:00+00:00,64.89,64.9,64.88,64.88,9146.0
2026-07-21T12:50:00+00:00,64.96,64.97,64.96,64.97,552.0
2026-07-21T13:00:00+00:00,65.02,65.02,65.02,65.02,1320.917004
2026-07-21T13:05:00+00:00,65.0,65.0,65.0,65.0,182.0
2026-07-21T13:20:00+00:00,64.95,64.95,64.95,64.95,1014.0
2026-07-21T13:25:00+00:00,65.01,65.02,65.01,65.02,2470.0
2026-07-21T13:30:00+00:00,65.01,65.1,65.01,65.1,14500.0
2026-07-21T13:35:00+00:00,65.119,65.18,64.96,64.97,1080213.055988
2026-07-21T13:40:00+00:00,64.97,65.115,64.94,65.02,465856.591723
2026-07-21T13:45:00+00:00,65.01,65.015,64.83,64.87,324709.330923
2026-07-21T13:50:00+00:00,64.87,64.94,64.82,64.94,335007.27791299997
2026-07-21T13:55:00+00:00,64.95,65.0,64.865,64.95,897548.5859429999
2026-07-21T14:00:00+00:00,64.94,64.99,64.86,64.95,111197.131763
2026-07-21T14:05:00+00:00,64.96,65.025,64.895,64.96,114736.324022
2026-07-21T14:10:00+00:00,64.95,64.995,64.88,64.89,101698.644956
2026-07-21T14:15:00+00:00,64.9014,65.025,64.87,65.005,218360.33195999998
2026-07-21T14:20:00+00:00,65.0,65.025,64.88,65.02,91082.206468
2026-07-21T14:25:00+00:00,65.02,65.05,64.975,65.015,100179.59075899998
2026-07-21T14:30:00+00:00,65.02,65.14,65.015,65.125,297362.179444
2026-07-21T14:35:00+00:00,65.13,65.18,65.125,65.14,650475.6699580001
2026-07-21T14:40:00+00:00,65.13,65.155,65.05,65.075,675609.7236850001
2026-07-21T14:45:00+00:00,65.075,65.145,65.02,65.13,79426.997748
2026-07-21T14:50:00+00:00,65.13,65.205,65.0979,65.12,259820.250077
2026-07-21T14:55:00+00:00,65.115,65.14,65.08,65.14,217464.988173
2026-07-21T15:00:00+00:00,65.14,65.155,65.09,65.15,178430.467825
2026-07-21T15:05:00+00:00,65.15,65.185,65.12,65.15,420022.2562
2026-07-21T15:10:00+00:00,65.15,65.265,65.135,65.25,284849.480508
2026-07-21T15:15:00+00:00,65.25,65.295,65.245,65.29,253765.86000800002
2026-07-21T15:20:00+00:00,65.29,65.32,65.28,65.29,488359.24441100005
2026-07-21T15:25:00+00:00,65.3,65.365,65.29,65.355,507792.33683600003
2026-07-21T15:30:00+00:00,65.355,65.4,65.34,65.35,357849.86814399995
2026-07-21T15:35:00+00:00,65.355,65.3651,65.27,65.33,194923.436
2026-07-21T15:40:00+00:00,65.33,65.355,65.29,65.3,915881.307327
2026-07-21T15:45:00+00:00,65.295,65.315,65.23,65.23,539749.1806000001
2026-07-21T15:50:00+00:00,65.24,65.285,65.23,65.28,106415.17895
2026-07-21T15:55:00+00:00,65.29,65.295,65.25,65.255,101617.96340099999
2026-07-21T16:00:00+00:00,65.255,65.265,65.215,65.23,115659.98514500001
2026-07-21T16:05:00+00:00,65.23,65.375,65.23,65.375,45146.428662
2026-07-21T16:10:00+00:00,65.375,65.4,65.36,65.385,170882.464443
2026-07-21T16:15:00+00:00,65.39,65.42,65.39,65.4,240263.137955
2026-07-21T16:20:00+00:00,65.4,65.44,65.4,65.425,372292.444442
2026-07-21T16:25:00+00:00,65.425,65.495,65.425,65.48,501221.51337
2026-07-21T16:30:00+00:00,65.485,65.495,65.435,65.445,134781.685548
2026-07-21T16:35:00+00:00,65.45,65.47,65.42,65.425,73355.53639
2026-07-21T16:40:00+00:00,65.42,65.455,65.415,65.45,128255.80544
2026-07-21T16:45:00+00:00,65.45,65.47,65.435,65.45,113271.62113000001
2026-07-21T16:50:00+00:00,65.455,65.455,65.425,65.45,251137.15215
2026-07-21T16:55:00+00:00,65.445,65.5,65.445,65.5,132326.556579
2026-07-21T17:00:00+00:00,65.495,65.5,65.435,65.435,132522.64671099998
2026-07-21T17:05:00+00:00,65.44,65.49,65.44,65.475,186542.18707
2026-07-21T17:10:00+00:00,65.475,65.48,65.45,65.4501,119834.152753
2026-07-21T17:15:00+00:00,65.455,65.455,65.4,65.4,141767.378389
2026-07-21T17:20:00+00:00,65.4,65.42,65.38,65.38,96853.567496
2026-07-21T17:25:00+00:00,65.38,65.405,65.37,65.4,100191.488451
2026-07-21T17:30:00+00:00,65.405,65.42,65.38,65.41,65407.015289
2026-07-21T17:35:00+00:00,65.41,65.45,65.385,65.4,116637.35664700001
2026-07-21T17:40:00+00:00,65.4,65.44,65.4,65.42,94895.13957500001
2026-07-21T17:45:00+00:00,65.415,65.435,65.4,65.435,99103.103808
2026-07-21T17:50:00+00:00,65.435,65.45,65.4225,65.45,84294.32338
2026-07-21T17:55:00+00:00,65.445,65.45,65.4099,65.415,42449.516075
2026-07-21T18:00:00+00:00,65.415,65.425,65.395,65.42,177047.127923
2026-07-21T18:05:00+00:00,65.415,65.44,65.405,65.425,112840.80009
2026-07-21T18:10:00+00:00,65.43,65.48,65.43,65.46,85467.191444
2026-07-21T18:15:00+00:00,65.465,65.47,65.42,65.42,61291.233887999995
2026-07-21T18:20:00+00:00,65.425,65.43,65.39,65.39,43351.850453
2026-07-21T18:25:00+00:00,65.39,65.395,65.375,65.395,59669.363506
2026-07-21T18:30:00+00:00,65.4,65.4,65.365,65.375,25844.245344000003
2026-07-21T18:35:00+00:00,65.375,65.38,65.335,65.365,62406.357778000005
2026-07-21T18:40:00+00:00,65.365,65.385,65.355,65.355,73540.085158
2026-07-21T18:45:00+00:00,65.355,65.39,65.345,65.385,58396.45
2026-07-21T18:50:00+00:00,65.39,65.405,65.365,65.37,100391.3291
2026-07-21T18:55:00+00:00,65.38,65.39,65.356,65.36,61674.359269
2026-07-21T19:00:00+00:00,65.37,65.38,65.355,65.38,50681.0
2026-07-21T19:05:00+00:00,65.375,65.39,65.34,65.37,113238.007334
2026-07-21T19:10:00+00:00,65.365,65.385,65.34,65.34,100122.78722000001
2026-07-21T19:15:00+00:00,65.34,65.385,65.33,65.36,118877.24799999999
2026-07-21T19:20:00+00:00,65.365,65.3901,65.35,65.39,101185.18947699999
2026-07-21T19:25:00+00:00,65.38,65.4,65.37,65.385,98646.16187699999
2026-07-21T19:30:00+00:00,65.385,65.385,65.32,65.325,489408.52745299996
2026-07-21T19:35:00+00:00,65.325,65.35,65.31,65.34,162291.202246
2026-07-21T19:40:00+00:00,65.345,65.365,65.33,65.33,208070.894363
2026-07-21T19:45:00+00:00,65.33,65.38,65.31,65.365,276687.765524
2026-07-21T19:50:00+00:00,65.37,65.4,65.36,65.395,237276.33804099998
2026-07-21T19:55:00+00:00,65.395,65.42,65.35,65.365,449056.184645
2026-07-21T20:00:00+00:00,65.365,65.385,65.31,65.34,1556941.194287
2026-07-21T20:05:00+00:00,65.34,65.36,65.3,65.32,43065.526253
2026-07-21T20:10:00+00:00,65.31,65.33,65.31,65.33,3240.1159
2026-07-21T20:15:00+00:00,65.34,65.34,65.34,65.34,58398.0
2026-07-21T20:20:00+00:00,65.32,65.32,65.32,65.32,2500.0
2026-07-21T20:25:00+00:00,65.3,65.31,65.3,65.31,2711.0
2026-07-21T20:30:00+00:00,65.32,65.33,65.32,65.33,1043.0
2026-07-21T20:40:00+00:00,65.34,65.34,65.34,65.34,860.0
2026-07-21T21:00:00+00:00,65.38,65.42,65.38,65.42,1696.0
2026-07-21T23:00:00+00:00,65.33,65.33,65.33,65.33,500.0
2026-07-22T08:05:00+00:00,64.39,64.41,64.39,64.41,1032.75
2026-07-22T08:30:00+00:00,64.5,64.5,64.5,64.5,6000.0
2026-07-22T08:50:00+00:00,64.6,64.6,64.6,64.6,900.0
2026-07-22T08:55:00+00:00,64.39,64.39,64.39,64.39,386.0
2026-07-22T09:30:00+00:00,64.75,64.75,64.6,64.6,6200.0
2026-07-22T10:10:00+00:00,64.62,64.62,64.62,64.62,221.157335
2026-07-22T11:05:00+00:00,64.7244,64.7244,64.69,64.69,1103.521
2026-07-22T11:10:00+00:00,64.61,64.61,64.55,64.55,200.0
2026-07-22T11:45:00+00:00,64.45,64.45,64.4,64.4,826.075393
2026-07-22T11:50:00+00:00,64.4,64.4,64.4,64.4,834.0
2026-07-22T12:05:00+00:00,64.35,64.35,64.35,64.35,222.0
2026-07-22T12:25:00+00:00,64.36,64.36,64.32,64.33,7710.051011
2026-07-22T12:45:00+00:00,64.421,64.421,64.4,64.4,1600.0
2026-07-22T12:50:00+00:00,64.49,64.5,64.49,64.5,2005.0
2026-07-22T12:55:00+00:00,64.5,64.5,64.5,64.5,227.0
2026-07-22T13:00:00+00:00,64.41,64.41,64.26,64.4,13445.850414
2026-07-22T13:05:00+00:00,64.5,64.5,64.5,64.5,114.0
2026-07-22T13:10:00+00:00,64.52,64.53,64.52,64.53,1534.0
2026-07-22T13:15:00+00:00,64.53,64.54,64.53,64.53,7465.0
2026-07-22T13:20:00+00:00,64.55,64.59,64.55,64.59,2123.0
2026-07-22T13:25:00+00:00,64.63,64.65,64.63,64.65,676.0
2026-07-22T13:30:00+00:00,64.64,64.68,64.63,64.64,15795.0
2026-07-22T13:35:00+00:00,64.64,64.785,64.63,64.765,614281.366479
2026-07-22T13:40:00+00:00,64.76,64.85,64.68,64.825,329323.201692
2026-07-22T13:45:00+00:00,64.825,64.93,64.775,64.915,307657.224779
2026-07-22T13:50:00+00:00,64.92,64.97,64.83,64.85,230651.950491
2026-07-22T13:55:00+00:00,64.85,65.0,64.82,64.995,373435.64510699996
2026-07-22T14:00:00+00:00,64.995,65.07,64.99,65.07,132900.293274
2026-07-22T14:05:00+00:00,65.07,65.11,65.0199,65.07,103612.622233
2026-07-22T14:10:00+00:00,65.075,65.092,64.97,64.975,152043.222171
2026-07-22T14:15:00+00:00,64.98,65.075,64.96,65.065,45001.279914
2026-07-22T14:20:00+00:00,65.06,65.11,64.975,65.11,99498.244922
2026-07-22T14:25:00+00:00,65.1,65.15,65.01,65.035,109063.926136
2026-07-22T14:30:00+00:00,65.04,65.075,64.985,65.0,89674.561768
2026-07-22T14:35:00+00:00,65.0,65.1,65.0,65.01,121867.144646
2026-07-22T14:40:00+00:00,65.005,65.045,64.96,64.98,208617.064041
2026-07-22T14:45:00+00:00,64.98,64.99,64.89,64.895,137521.186632
2026-07-22T14:50:00+00:00,64.89,64.96,64.87,64.945,168796.15068700002
2026-07-22T14:55:00+00:00,64.945,64.955,64.88,64.9,250451.691032
2026-07-22T15:00:00+00:00,64.905,64.945,64.865,64.93,917829.4282849999
2026-07-22T15:05:00+00:00,64.94,65.045,64.94,65.025,217586.331054
2026-07-22T15:10:00+00:00,65.02,65.105,65.015,65.085,211800.144732
2026-07-22T15:15:00+00:00,65.08,65.135,65.07,65.12,165669.82339600002
2026-07-22T15:20:00+00:00,65.12,65.13,65.06,65.07,169439.935972
2026-07-22T15:25:00+00:00,65.075,65.145,65.075,65.09,169041.67495000002
2026-07-22T15:30:00+00:00,65.1,65.17,65.1,65.135,149751.03714600002
2026-07-22T15:35:00+00:00,65.13,65.145,65.04,65.04,195400.026496
2026-07-22T15:40:00+00:00,65.05,65.12,65.05,65.085,196062.360075
2026-07-22T15:45:00+00:00,65.085,65.125,65.06,65.1,120293.097987
2026-07-22T15:50:00+00:00,65.11,65.17,65.11,65.17,111862.47780400001
2026-07-22T15:55:00+00:00,65.17,65.18,65.12,65.125,57840.249761
2026-07-22T16:00:00+00:00,65.125,65.17,65.11,65.16,154949.518173
2026-07-22T16:05:00+00:00,65.155,65.17,65.1238,65.13,113085.569102
2026-07-22T16:10:00+00:00,65.14,65.18,65.135,65.145,133064.733273
2026-07-22T16:15:00+00:00,65.145,65.165,65.13,65.1501,172795.2568
2026-07-22T16:20:00+00:00,65.16,65.165,65.115,65.145,197751.54493799998
2026-07-22T16:25:00+00:00,65.14,65.14,65.095,65.1,384662.6941
2026-07-22T16:30:00+00:00,65.1,65.115,65.08,65.115,24017.917504999998
2026-07-22T16:35:00+00:00,65.12,65.165,65.12,65.165,79969.52095
2026-07-22T16:40:00+00:00,65.16,65.16,65.1242,65.135,31032.230853999998
2026-07-22T16:45:00+00:00,65.12,65.125,65.0864,65.1,17248.293204
2026-07-22T16:50:00+00:00,65.1,65.1,65.065,65.09,135298.127729
2026-07-22T16:55:00+00:00,65.09,65.115,65.075,65.11,31293.079169999997
2026-07-22T17:00:00+00:00,65.11,65.175,65.11,65.17,32994.04457
2026-07-22T17:05:00+00:00,65.16,65.185,65.125,65.1301,23031.035223000003
2026-07-22T17:10:00+00:00,65.14,65.1899,65.14,65.17,297361.023
2026-07-22T17:15:00+00:00,65.18,65.1863,65.13,65.145,22368.217115
2026-07-22T17:20:00+00:00,65.14,65.15,65.125,65.14,60601.396024
2026-07-22T17:25:00+00:00,65.135,65.17,65.12,65.155,28032.091741999997
2026-07-22T17:30:00+00:00,65.155,65.175,65.13,65.155,27827.084815000002
2026-07-22T17:35:00+00:00,65.15,65.18,65.115,65.12,47102.979174
2026-07-22T17:40:00+00:00,65.125,65.14,65.11,65.125,22477.043088
2026-07-22T17:45:00+00:00,65.12,65.125,65.07,65.085,56638.215029
2026-07-22T17:50:00+00:00,65.09,65.09,65.0582,65.0582,24397.675119
2026-07-22T17:55:00+00:00,65.05,65.075,65.0,65.02,82652.28526199999
2026-07-22T18:00:00+00:00,65.01,65.035,64.99,65.01,56707.876000000004
2026-07-22T18:05:00+00:00,65.01,65.04,64.99,65.02,37288.854612
2026-07-22T18:10:00+00:00,65.01,65.045,64.98,64.98,80530.68507
2026-07-22T18:15:00+00:00,64.97,64.995,64.945,64.96,32050.758979
2026-07-22T18:20:00+00:00,64.95,64.98,64.95,64.96,34902.057702
2026-07-22T18:25:00+00:00,64.96,65.01,64.96,64.97,47529.170904
2026-07-22T18:30:00+00:00,64.97,65.0,64.96,64.99,32589.82109
2026-07-22T18:35:00+00:00,64.98,64.98,64.92,64.925,119734.399372
2026-07-22T18:40:00+00:00,64.92,64.975,64.915,64.96,82943.5314
2026-07-22T18:45:00+00:00,64.97,64.98,64.955,64.97,16921.2304
2026-07-22T18:50:00+00:00,64.97,65.01,64.97,64.975,39152.043170000004
2026-07-22T18:55:00+00:00,64.975,65.035,64.97,65.03,25166.110424
2026-07-22T19:00:00+00:00,65.03,65.07,65.03,65.05,38571.935880000005
2026-07-22T19:05:00+00:00,65.055,65.07,65.02,65.045,114391.900044
2026-07-22T19:10:00+00:00,65.04,65.05,64.995,65.005,47469.816416999995
2026-07-22T19:15:00+00:00,64.9992,65.01,64.945,64.97,184239.910558
2026-07-22T19:20:00+00:00,64.97,65.02,64.95,65.02,59471.728352
2026-07-22T19:25:00+00:00,65.02,65.04,64.985,65.015,184503.69939999998
2026-07-22T19:30:00+00:00,65.01,65.05,64.995,65.03,115851.39574900002
2026-07-22T19:35:00+00:00,65.025,65.04,64.995,65.01,89513.02859999999
2026-07-22T19:40:00+00:00,65.01,65.025,64.945,64.96,208637.93224
2026-07-22T19:45:00+00:00,64.96,65.005,64.955,64.98,107710.417778
2026-07-22T19:50:00+00:00,64.985,65.03,64.985,65.015,212277.105918
2026-07-22T19:55:00+00:00,65.02,65.04,64.965,64.99,309086.91242899996
2026-07-22T20:00:00+00:00,64.985,65.01,64.925,64.98,728841.5086330001
2026-07-22T20:05:00+00:00,64.99,65.1,64.97,64.9899,22390.369300000002
2026-07-22T20:10:00+00:00,65.0,65.0,64.98,64.98,6700.0
2026-07-22T20:20:00+00:00,65.1,65.134,65.1,65.134,5709.734045
2026-07-22T20:25:00+00:00,65.14,65.14,65.13,65.13,2973.0
2026-07-22T20:45:00+00:00,65.0,65.01,64.99,64.99,1323.0
2026-07-22T21:10:00+00:00,65.01,65.01,65.01,65.01,200.0
2026-07-22T21:30:00+00:00,65.08,65.13,65.08,65.1,5305.0
2026-07-22T21:45:00+00:00,65.0,65.0,65.0,65.0,627.0
2026-07-22T21:50:00+00:00,64.6742,65.04,64.6742,65.04,1100.0
2026-07-22T22:20:00+00:00,64.9535,64.9535,64.9535,64.9535,215.0
2026-07-22T23:00:00+00:00,64.95,64.95,64.95,64.95,100.0
2026-07-23T08:05:00+00:00,65.3,65.56,65.3,65.46,916.188
2026-07-23T08:30:00+00:00,65.45,65.45,65.45,65.45,100.0
2026-07-23T09:05:00+00:00,65.65,65.65,65.65,65.65,2047.0
2026-07-23T09:25:00+00:00,65.49,65.49,65.48,65.48,1120.0
2026-07-23T10:00:00+00:00,65.49,65.5,65.48,65.48,1150.815516
2026-07-23T10:05:00+00:00,65.49,65.49,65.49,65.49,602.0
2026-07-23T11:15:00+00:00,65.48,65.48,65.48,65.48,101.0
2026-07-23T11:25:00+00:00,65.44,65.44,65.36,65.36,1002.0
2026-07-23T11:30:00+00:00,65.32,65.32,65.32,65.32,601.0
2026-07-23T11:35:00+00:00,65.28,65.28,65.27,65.27,1001.0
2026-07-23T12:05:00+00:00,65.12,65.12,65.12,65.12,4700.0
2026-07-23T12:10:00+00:00,65.14,65.14,65.13,65.13,1000.0
2026-07-23T12:15:00+00:00,65.07,65.07,65.07,65.07,178.0
2026-07-23T12:20:00+00:00,65.05,65.05,64.98,64.98,5083.0
2026-07-23T12:25:00+00:00,64.98,64.98,64.98,64.98,133.0
2026-07-23T12:30:00+00:00,64.95,64.95,64.95,64.95,218.0
2026-07-23T12:35:00+00:00,64.85,64.85,64.85,64.85,115.0
2026-07-23T13:10:00+00:00,64.5,64.5,64.38,64.38,2188.0
2026-07-23T13:30:00+00:00,64.41,64.47,64.41,64.47,3511.0
2026-07-23T13:35:00+00:00,64.49,64.685,64.41,64.67,771473.746152
2026-07-23T13:40:00+00:00,64.655,64.885,64.655,64.835,339547.461818
2026-07-23T13:45:00+00:00,64.835,65.035,64.83,65.0,224467.766924
2026-07-23T13:50:00+00:00,64.99,64.99,64.785,64.82,567937.31634
2026-07-23T13:55:00+00:00,64.815,64.9,64.71,64.885,209900.88881899999
2026-07-23T14:00:00+00:00,64.88,64.925,64.595,64.6,220752.697208
2026-07-23T14:05:00+00:00,64.61,64.76,64.61,64.71,123384.27289899999
2026-07-23T14:10:00+00:00,64.71,64.83,64.58,64.685,208552.51260900003
2026-07-23T14:15:00+00:00,64.715,64.84,64.65,64.77,223776.442769
2026-07-23T14:20:00+00:00,64.7603,64.81,64.7,64.72,118098.519271
2026-07-23T14:25:00+00:00,64.715,64.85,64.7,64.76,157883.908997
2026-07-23T14:30:00+00:00,64.735,64.84,64.735,64.82,81652.890095
2026-07-23T14:35:00+00:00,64.82,64.845,64.59,64.66,127969.373119
2026-07-23T14:40:00+00:00,64.68,64.82,64.6,64.8,108559.311959
2026-07-23T14:45:00+00:00,64.79,64.82,64.55,64.5851,239897.98567
2026-07-23T14:50:00+00:00,64.58,64.655,64.5499,64.565,120829.44854699999
2026-07-23T14:55:00+00:00,64.565,64.605,64.45,64.46,145209.21374
2026-07-23T15:00:00+00:00,64.45,64.575,64.45,64.55,97789.634283
2026-07-23T15:05:00+00:00,64.55,64.56,64.4599,64.52,161996.27866900002
2026-07-23T15:10:00+00:00,64.525,64.53,64.4,64.405,120212.44803500001
2026-07-23T15:15:00+00:00,64.405,64.41,64.26,64.3,118708.281422
2026-07-23T15:20:00+00:00,64.3,64.39,64.3,64.35,129480.076478
2026-07-23T15:25:00+00:00,64.36,64.41,64.145,64.23,499773.398208
2026-07-23T15:30:00+00:00,64.23,64.23,64.055,64.09,218225.506761
2026-07-23T15:35:00+00:00,64.09,64.12,63.99,64.12,152906.316556
2026-07-23T15:40:00+00:00,64.15,64.26,64.135,64.24,452945.64394900005
2026-07-23T15:45:00+00:00,64.24,64.345,64.24,64.24,48565.996794
2026-07-23T15:50:00+00:00,64.23,64.28,64.19,64.27,151435.793347
2026-07-23T15:55:00+00:00,64.26,64.37,64.24,64.37,39847.22333
2026-07-23T16:00:00+00:00,64.37,64.43,64.35,64.42,43583.765411
2026-07-23T16:05:00+00:00,64.43,64.54,64.4,64.515,32813.673930000004
2026-07-23T16:10:00+00:00,64.52,64.525,64.43,64.48,27189.101
2026-07-23T16:15:00+00:00,64.49,64.535,64.485,64.5,39577.07281899999
2026-07-23T16:20:00+00:00,64.5,64.53,64.46,64.49,55439.95435
2026-07-23T16:25:00+00:00,64.49,64.615,64.49,64.6,229132.421701
2026-07-23T16:30:00+00:00,64.6,64.705,64.6,64.69,51106.71758
2026-07-23T16:35:00+00:00,64.685,64.685,64.61,64.62,64350.332604999996
2026-07-23T16:40:00+00:00,64.61,64.715,64.61,64.71,31992.673
2026-07-23T16:45:00+00:00,64.71,64.715,64.645,64.65,148429.65373700002
2026-07-23T16:50:00+00:00,64.65,64.65,64.57,64.585,94313.5054
2026-07-23T16:55:00+00:00,64.57,64.59,64.525,64.525,17468.161663
2026-07-23T17:00:00+00:00,64.535,64.585,64.5302,64.585,37090.604
2026-07-23T17:05:00+00:00,64.54,64.61,64.51,64.51,18741.418355
2026-07-23T17:10:00+00:00,64.5,64.55,64.455,64.54,84434.442277
2026-07-23T17:15:00+00:00,64.55,64.59,64.52,64.55,28581.001182
2026-07-23T17:20:00+00:00,64.55,64.59,64.53,64.575,34042.211896
2026-07-23T17:25:00+00:00,64.58,64.65,64.57,64.62,36266.160311
2026-07-23T17:30:00+00:00,64.63,64.645,64.61,64.61,105096.30142999999
2026-07-23T17:35:00+00:00,64.605,64.61,64.54,64.57,28578.50559
2026-07-23T17:40:00+00:00,64.555,64.565,64.48,64.48,23172.903937
2026-07-23T17:45:00+00:00,64.49,64.495,64.44,64.485,41414.914000000004
2026-07-23T17:50:00+00:00,64.485,64.56,64.46,64.545,57363.011744999996
2026-07-23T17:55:00+00:00,64.53,64.55,64.5,64.505,21725.039092
2026-07-23T18:00:00+00:00,64.49,64.49,64.435,64.435,25025.55385
2026-07-23T18:05:00+00:00,64.43,64.45,64.4,64.41,59598.176293
2026-07-23T18:10:00+00:00,64.405,64.43,64.39,64.41,20032.0
2026-07-23T18:15:00+00:00,64.3943,64.46,64.39,64.42,80055.10936
2026-07-23T18:20:00+00:00,64.41,64.47,64.4,64.42,83227.5397
2026-07-23T18:25:00+00:00,64.42,64.475,64.41,64.47,38380.295468
2026-07-23T18:30:00+00:00,64.47,64.495,64.44,64.49,92364.57721999999
2026-07-23T18:35:00+00:00,64.49,64.575,64.49,64.565,55770.211899
2026-07-23T18:40:00+00:00,64.57,64.58,64.48,64.5,29470.724066
2026-07-23T18:45:00+00:00,64.51,64.515,64.445,64.46,21514.8
2026-07-23T18:50:00+00:00,64.46,64.505,64.46,64.465,32165.294591
2026-07-23T18:55:00+00:00,64.47,64.48,64.41,64.41,39716.965223
2026-07-23T19:00:00+00:00,64.395,64.44,64.395,64.44,25914.451452
2026-07-23T19:05:00+00:00,64.445,64.47,64.365,64.365,113008.955892
2026-07-23T19:10:00+00:00,64.365,64.365,64.325,64.33,42273.758581
2026-07-23T19:15:00+00:00,64.32,64.37,64.31,64.335,72131.307944
2026-07-23T19:20:00+00:00,64.33,64.39,64.325,64.35,51209.029180000005
2026-07-23T19:25:00+00:00,64.35,64.455,64.35,64.455,223434.78993
2026-07-23T19:30:00+00:00,64.46,64.5,64.45,64.49,66154.766894
2026-07-23T19:35:00+00:00,64.495,64.53,64.39,64.44,166769.094739
2026-07-23T19:40:00+00:00,64.44,64.46,64.42,64.42,167780.48944
2026-07-23T19:45:00+00:00,64.42,64.44,64.385,64.395,171427.50471000004
2026-07-23T19:50:00+00:00,64.395,64.395,64.335,64.351,154198.1477
2026-07-23T19:55:00+00:00,64.355,64.45,64.355,64.43,290132.553678
2026-07-23T20:00:00+00:00,64.4301,64.62,64.4301,64.59,1032832.99727
2026-07-23T20:05:00+00:00,64.6,64.66,64.59,64.6454,19294.644597
2026-07-23T20:10:00+00:00,64.64,64.67,64.63,64.63,9338.0
2026-07-23T20:15:00+00:00,64.68,64.6815,64.68,64.6815,4407.0
2026-07-23T22:35:00+00:00,64.2863,64.2863,64.2863,64.2863,100.0
2026-07-23T23:00:00+00:00,64.55,64.6,64.55,64.6,1425.0
2026-07-23T23:10:00+00:00,64.652,64.652,64.652,64.652,1550.0
2026-07-24T08:05:00+00:00,63.7,63.8,63.7,63.8,2611.013024
2026-07-24T09:10:00+00:00,64.22,64.22,64.22,64.22,360.0
2026-07-24T09:25:00+00:00,64.12,64.13,64.11,64.13,5040.0
2026-07-24T09:40:00+00:00,64.28,64.28,64.28,64.28,100.0
2026-07-24T10:20:00+00:00,64.33,64.35,64.33,64.33,2280.0
2026-07-24T11:10:00+00:00,64.3,64.3,64.3,64.3,204.0
2026-07-24T12:10:00+00:00,64.29,64.29,64.29,64.29,3434.0
2026-07-24T12:30:00+00:00,64.3,64.3,64.3,64.3,201.0
2026-07-24T12:35:00+00:00,64.3,64.3,64.25,64.25,210.0
2026-07-24T12:45:00+00:00,64.27,64.27,64.27,64.27,596.0
2026-07-24T12:50:00+00:00,64.27,64.28,64.19,64.19,1143.0
2026-07-24T12:55:00+00:00,64.19,64.19,64.1,64.12,1827.0
2026-07-24T13:00:00+00:00,64.11,64.11,63.89,64.09,1692.0
2026-07-24T13:05:00+00:00,64.1,64.23,64.09,64.23,1171.0
2026-07-24T13:10:00+00:00,64.23,64.23,64.19,64.19,386.004976
2026-07-24T13:25:00+00:00,64.1,64.1,64.1,64.1,1000.0
2026-07-24T13:35:00+00:00,63.95,64.01,63.85,63.97,976916.861955
2026-07-24T13:40:00+00:00,63.965,64.005,63.775,63.9,1159746.987026
2026-07-24T13:45:00+00:00,63.9,63.905,63.705,63.83,784273.7271820001
2026-07-24T13:50:00+00:00,63.82,63.86,63.765,63.81,281730.20303
2026-07-24T13:55:00+00:00,63.8,63.82,63.505,63.52,366926.953355
2026-07-24T14:00:00+00:00,63.52,63.56,63.47,63.495,245867.18463499998
2026-07-24T14:05:00+00:00,63.5,63.605,63.45,63.48,354191.727816
2026-07-24T14:10:00+00:00,63.49,63.66,63.48,63.645,307344.58161600004
2026-07-24T14:15:00+00:00,63.645,63.74,63.585,63.66,268866.142435
2026-07-24T14:20:00+00:00,63.67,63.69,63.36,63.44,452053.563005
2026-07-24T14:25:00+00:00,63.44,63.675,63.38,63.62,241418.386247
2026-07-24T14:30:00+00:00,63.625,63.68,63.575,63.62,241187.15956
2026-07-24T14:35:00+00:00,63.62,63.62,63.44,63.44,161676.765121
2026-07-24T14:40:00+00:00,63.435,63.52,63.36,63.37,176249.520819
2026-07-24T14:45:00+00:00,63.38,63.455,63.335,63.395,812322.8480700001
2026-07-24T14:50:00+00:00,63.39,63.52,63.33,63.515,214088.91186499997
2026-07-24T14:55:00+00:00,63.515,63.59,63.485,63.55,163939.864518
2026-07-24T15:00:00+00:00,63.57,63.8,63.57,63.76,191211.772233
2026-07-24T15:05:00+00:00,63.76,63.82,63.645,63.65,499095.89561099996
2026-07-24T15:10:00+00:00,63.645,63.67,63.57,63.6,580525.024539
2026-07-24T15:15:00+00:00,63.6,63.995,63.59,63.95,660991.051505
2026-07-24T15:20:00+00:00,63.94,64.1,63.89,63.91,473159.83035400003
2026-07-24T15:25:00+00:00,63.9,64.01,63.9,63.935,219618.329223
2026-07-24T15:30:00+00:00,63.94,64.01,63.88,63.91,194570.38066300002
2026-07-24T15:35:00+00:00,63.91,63.965,63.845,63.85,141673.648524
2026-07-24T15:40:00+00:00,63.84,64.01,63.8241,64.01,119179.576486
2026-07-24T15:45:00+00:00,64.01,64.04,63.86,63.91,243729.577228
2026-07-24T15:50:00+00:00,63.9,63.96,63.885,63.9,73728.226751
2026-07-24T15:55:00+00:00,63.91,64.005,63.91,63.975,141837.67547
2026-07-24T16:00:00+00:00,63.97,64.07,63.97,64.05,74592.145085
2026-07-24T16:05:00+00:00,64.05,64.07,63.98,64.07,51644.269241
2026-07-24T16:10:00+00:00,64.06,64.12,64.035,64.1,66604.84389799999
2026-07-24T16:15:00+00:00,64.1,64.15,64.005,64.01,112154.684907
2026-07-24T16:20:00+00:00,64.0,64.0,63.9524,63.97,80387.536336
2026-07-24T16:25:00+00:00,63.97,64.015,63.96,63.98,38279.42942
2026-07-24T16:30:00+00:00,63.98,64.0,63.965,63.97,44943.158934
2026-07-24T16:35:00+00:00,63.95,63.95,63.865,63.92,138994.79931799998
2026-07-24T16:40:00+00:00,63.91,63.91,63.815,63.83,30034.952805999998
2026-07-24T16:45:00+00:00,63.82,63.82,63.755,63.77,26786.41601
2026-07-24T16:50:00+00:00,63.76,63.78,63.69,63.71,32554.078338
2026-07-24T16:55:00+00:00,63.71,63.72,63.6795,63.71,32292.845021
2026-07-24T17:00:00+00:00,63.7,63.79,63.685,63.765,154529.21837999998
2026-07-24T17:05:00+00:00,63.76,63.765,63.705,63.74,34470.520745
2026-07-24T17:10:00+00:00,63.73,63.74,63.61,63.63,245754.37695900002
2026-07-24T17:15:00+00:00,63.62,63.69,63.61,63.67,115074.777288
2026-07-24T17:20:00+00:00,63.66,63.75,63.64,63.75,53165.424767
2026-07-24T17:25:00+00:00,63.74,63.77,63.68,63.76,23382.814412
2026-07-24T17:30:00+00:00,63.77,63.84,63.74,63.835,104625.043295
2026-07-24T17:35:00+00:00,63.84,63.88,63.81,63.88,93376.690385
2026-07-24T17:40:00+00:00,63.87,63.87,63.76,63.77,77812.141884
2026-07-24T17:45:00+00:00,63.76,63.765,63.73,63.73,77637.057457
2026-07-24T17:50:00+00:00,63.73,63.75,63.705,63.75,33080.192016
2026-07-24T17:55:00+00:00,63.75,63.785,63.725,63.76,103844.15651
2026-07-24T18:00:00+00:00,63.77,63.795,63.74,63.74,97189.07504
2026-07-24T18:05:00+00:00,63.74,63.77,63.705,63.72,21849.764779999998
2026-07-24T18:10:00+00:00,63.71,63.77,63.705,63.75,53819.34982
2026-07-24T18:15:00+00:00,63.75,63.765,63.685,63.685,252387.00842899998
2026-07-24T18:20:00+00:00,63.685,63.7,63.6,63.6,113484.88444
2026-07-24T18:25:00+00:00,63.6,63.61,63.575,63.595,335252.559656
2026-07-24T18:30:00+00:00,63.595,63.6,63.525,63.53,82351.88304300001
2026-07-24T18:35:00+00:00,63.52,63.54,63.465,63.47,145283.42345400003
2026-07-24T18:40:00+00:00,63.47,63.51,63.435,63.465,221573.05406199998
2026-07-24T18:45:00+00:00,63.46,63.47,63.38,63.395,108531.150279
2026-07-24T18:50:00+00:00,63.395,63.49,63.39,63.46,208762.472752
2026-07-24T18:55:00+00:00,63.47,63.475,63.42,63.44,106011.208997
2026-07-24T19:00:00+00:00,63.43,63.48,63.425,63.45,84600.518557
2026-07-24T19:05:00+00:00,63.455,63.48,63.4,63.42,137029.490639
2026-07-24T19:10:00+00:00,63.42,63.48,63.305,63.31,121234.090828
2026-07-24T19:15:00+00:00,63.305,63.35,63.26,63.265,209830.91211
2026-07-24T19:20:00+00:00,63.265,63.34,63.245,63.335,165790.975953
2026-07-24T19:25:00+00:00,63.33,63.36,63.285,63.29,107456.55446
2026-07-24T19:30:00+00:00,63.3,63.34,63.27,63.305,121249.101318
2026-07-24T19:35:00+00:00,63.31,63.39,63.3,63.355,131811.624871
2026-07-24T19:40:00+00:00,63.35,63.42,63.325,63.36,599874.139891
2026-07-24T19:45:00+00:00,63.355,63.375,63.32,63.37,138826.077
2026-07-24T19:50:00+00:00,63.37,63.38,63.3,63.37,111784.783199
2026-07-24T19:55:00+00:00,63.37,63.39,63.25,63.34,454634.5463759999
2026-07-24T20:00:00+00:00,63.34,63.37,63.28,63.35,1922600.861931
2026-07-24T20:05:00+00:00,63.35,63.37,63.31,63.34,323340.69800900004
2026-07-24T20:10:00+00:00,63.27,63.3,63.27,63.3,2764.0
2026-07-24T20:15:00+00:00,63.29,63.31,63.29,63.31,30159.559611
2026-07-24T20:35:00+00:00,63.31,63.31,63.31,63.31,600.0
2026-07-24T20:45:00+00:00,63.36,63.36,63.36,63.36,130.0
2026-07-24T21:00:00+00:00,63.37,63.4,63.37,63.4,262.0
2026-07-24T21:05:00+00:00,63.44,63.44,63.44,63.44,158.0
2026-07-24T21:10:00+00:00,63.44,63.44,63.44,63.44,158.0
2026-07-24T21:25:00+00:00,63.36,63.36,63.36,63.36,354.0
2026-07-24T22:15:00+00:00,63.3872,63.3872,63.3872,63.3872,100.0
2026-07-24T22:45:00+00:00,63.36,63.6667,63.36,63.6667,338.0
2026-07-24T23:55:00+00:00,63.41,63.41,63.41,63.41,160.0
2026-07-27T08:05:00+00:00,64.5,64.5,64.5,64.5,1042.0
2026-07-27T08:35:00+00:00,64.46,64.46,64.46,64.46,2570.0
2026-07-27T08:40:00+00:00,64.49,64.49,64.49,64.49,1285.0
2026-07-27T08:55:00+00:00,64.54,64.54,64.54,64.54,300.0
2026-07-27T09:10:00+00:00,64.36,64.36,64.36,64.36,104.0
2026-07-27T09:35:00+00:00,64.59,64.61,64.59,64.6,1285.0
2026-07-27T10:00:00+00:00,64.61,64.76,64.61,64.76,299.0
2026-07-27T10:20:00+00:00,64.63,64.72,64.57,64.72,61641.0
2026-07-27T10:35:00+00:00,64.55,64.55,64.55,64.55,122.0
2026-07-27T11:00:00+00:00,64.58,64.6,64.58,64.6,550.0
2026-07-27T11:05:00+00:00,64.46,64.55,64.46,64.5,751.121
2026-07-27T11:10:00+00:00,64.5,64.51,64.5,64.5,3178.0
2026-07-27T11:25:00+00:00,64.43,64.43,64.43,64.43,100.0
2026-07-27T12:05:00+00:00,64.52,64.52,64.52,64.52,371.0
2026-07-27T12:25:00+00:00,64.37,64.37,64.37,64.37,156.0
2026-07-27T12:40:00+00:00,64.3,64.3,64.3,64.3,329.0
2026-07-27T12:45:00+00:00,64.35,64.35,64.32,64.35,14850.0
2026-07-27T12:50:00+00:00,64.35,64.4,64.34,64.35,64550.0
2026-07-27T12:55:00+00:00,64.35,64.42,64.35,64.39,3117.0
2026-07-27T13:00:00+00:00,64.42,64.44,64.41,64.44,2044.0
2026-07-27T13:05:00+00:00,64.42,64.44,64.38,64.4,21971.0
2026-07-27T13:10:00+00:00,64.38,64.38,64.32,64.32,14379.0
2026-07-27T13:15:00+00:00,64.41,64.42,64.41,64.4108,5266.0
2026-07-27T13:20:00+00:00,64.33,64.33,64.33,64.33,538.0
2026-07-27T13:30:00+00:00,64.34,64.34,64.21,64.21,5159.0
2026-07-27T13:35:00+00:00,64.22,64.27,63.961,64.09,681752.166787
2026-07-27T13:40:00+00:00,64.095,64.22,64.08,64.145,471157.55098299996
2026-07-27T13:45:00+00:00,64.14,64.145,63.93,63.97,328799.619711
2026-07-27T13:50:00+00:00,63.975,64.05,63.935,63.995,354816.314879
2026-07-27T13:55:00+00:00,63.995,64.07,63.915,63.915,207792.249389
2026-07-27T14:00:00+00:00,63.915,63.915,63.67,63.705,386970.575455
2026-07-27T14:05:00+00:00,63.705,63.725,63.61,63.675,338327.213183
2026-07-27T14:10:00+00:00,63.685,63.715,63.575,63.63,301388.27732399997
2026-07-27T14:15:00+00:00,63.63,63.63,63.47,63.54,347342.63497
2026-07-27T14:20:00+00:00,63.54,63.61,63.475,63.565,124029.753956
2026-07-27T14:25:00+00:00,63.565,63.565,63.36,63.4001,176115.139505
2026-07-27T14:30:00+00:00,63.41,63.41,63.12,63.14,426668.870446
2026-07-27T14:35:00+00:00,63.145,63.18,63.04,63.07,599165.44741
2026-07-27T14:40:00+00:00,63.06,63.134,63.01,63.05,382433.279632
2026-07-27T14:45:00+00:00,63.05,63.06,62.845,62.88,398789.801228
2026-07-27T14:50:00+00:00,62.89,63.1055,62.89,63.095,271184.478095
2026-07-27T14:55:00+00:00,63.1,63.25,63.1,63.2,154299.477307
2026-07-27T15:00:00+00:00,63.19,63.37,63.16,63.345,301831.039799
2026-07-27T15:05:00+00:00,63.345,63.365,63.28,63.35,396609.06969499995
2026-07-27T15:10:00+00:00,63.345,63.385,63.26,63.28,202746.472109
2026-07-27T15:15:00+00:00,63.28,63.32,63.24,63.275,155779.23045200002
2026-07-27T15:20:00+00:00,63.27,63.28,63.05,63.2,214650.98959100002
2026-07-27T15:25:00+00:00,63.2,63.32,63.16,63.18,185066.63115
2026-07-27T15:30:00+00:00,63.17,63.19,63.045,63.13,266590.72792
2026-07-27T15:35:00+00:00,63.125,63.135,62.94,63.01,200793.69975300002
2026-07-27T15:40:00+00:00,63.03,63.05,62.945,63.01,114220.61625699999
2026-07-27T15:45:00+00:00,63.01,63.0601,62.965,63.02,86297.338941
2026-07-27T15:50:00+00:00,63.04,63.055,62.97,62.99,111556.642097
2026-07-27T15:55:00+00:00,62.99,63.07,62.97,63.045,240851.9165
2026-07-27T16:00:00+00:00,63.045,63.15,63.035,63.13,649047.85421
2026-07-27T16:05:00+00:00,63.14,63.175,63.055,63.175,393238.295301
2026-07-27T16:10:00+00:00,63.17,63.205,63.095,63.2,139914.880894
2026-07-27T16:15:00+00:00,63.2,63.27,63.1,63.14,157349.89378800002
2026-07-27T16:20:00+00:00,63.14,63.175,63.09,63.14,109628.060913
2026-07-27T16:25:00+00:00,63.1309,63.18,63.11,63.16,172110.081984
2026-07-27T16:30:00+00:00,63.17,63.415,63.17,63.295,843589.986935
2026-07-27T16:35:00+00:00,63.3,63.405,63.295,63.33,155064.58088
2026-07-27T16:40:00+00:00,63.33,63.41,63.27,63.37,98835.544
2026-07-27T16:45:00+00:00,63.37,63.375,63.26,63.28,319779.734378
2026-07-27T16:50:00+00:00,63.29,63.335,63.26,63.26,185295.150448
2026-07-27T16:55:00+00:00,63.25,63.25,63.12,63.14,110243.36102300002
2026-07-27T17:00:00+00:00,63.13,63.13,63.08,63.12,101250.43752100001
2026-07-27T17:05:00+00:00,63.12,63.125,62.9601,62.97,115869.01288
2026-07-27T17:10:00+00:00,62.97,63.03,62.95,63.02,69327.27122499999
2026-07-27T17:15:00+00:00,63.01,63.1,63.01,63.09,81142.219814
2026-07-27T17:20:00+00:00,63.08,63.1,63.0,63.01,76203.575601
2026-07-27T17:25:00+00:00,63.01,63.105,63.01,63.04,249317.510975
2026-07-27T17:30:00+00:00,63.04,63.05,62.995,63.01,54693.632669000006
2026-07-27T17:35:00+00:00,63.01,63.16,63.0,63.15,124936.444639
2026-07-27T17:40:00+00:00,63.145,63.17,63.1,63.11,180045.95194
2026-07-27T17:45:00+00:00,63.11,63.14,63.085,63.115,113808.04752
2026-07-27T17:50:00+00:00,63.12,63.145,63.065,63.08,61139.750656
2026-07-27T17:55:00+00:00,63.08,63.18,63.07,63.18,21101.86066
2026-07-27T18:00:00+00:00,63.2,63.21,63.16,63.2,124212.22769999999
2026-07-27T18:05:00+00:00,63.21,63.215,63.165,63.17,82982.236584
2026-07-27T18:10:00+00:00,63.17,63.2,63.16,63.17,123289.317247
2026-07-27T18:15:00+00:00,63.17,63.195,63.165,63.17,414457.556369
2026-07-27T18:20:00+00:00,63.17,63.17,63.1,63.13,104808.73573300001
2026-07-27T18:25:00+00:00,63.13,63.16,63.105,63.16,94635.150468
2026-07-27T18:30:00+00:00,63.16,63.19,63.16,63.19,237632.652212
2026-07-27T18:35:00+00:00,63.185,63.19,63.14,63.14,960999.481461
2026-07-27T18:40:00+00:00,63.13,63.16,63.11,63.12,384476.463502
2026-07-27T18:45:00+00:00,63.11,63.22,63.1,63.19,802760.58208
2026-07-27T18:50:00+00:00,63.2,63.22,63.16,63.16,195137.782
2026-07-27T18:55:00+00:00,63.155,63.32,63.155,63.305,210696.872592
2026-07-27T19:00:00+00:00,63.32,63.405,63.32,63.4,289026.54767
2026-07-27T19:05:00+00:00,63.405,63.44,63.37,63.39,197559.63737399998
2026-07-27T19:10:00+00:00,63.39,63.51,63.365,63.5,187510.14227399998
2026-07-27T19:15:00+00:00,63.5,63.555,63.47,63.49,150958.32861
2026-07-27T19:20:00+00:00,63.495,63.55,63.495,63.53,475258.081756
2026-07-27T19:25:00+00:00,63.54,63.59,63.51,63.57,389150.983842
2026-07-27T19:30:00+00:00,63.57,63.61,63.525,63.605,187104.173391
2026-07-27T19:35:00+00:00,63.61,63.63,63.595,63.595,167804.578245
2026-07-27T19:40:00+00:00,63.59,63.61,63.525,63.56,767210.247742
2026-07-27T19:45:00+00:00,63.555,63.605,63.52,63.555,192545.178876
2026-07-27T19:50:00+00:00,63.55,63.58,63.505,63.5699,383654.9794
2026-07-27T19:55:00+00:00,63.565,63.59,63.5,63.56,309108.178946
2026-07-27T20:00:00+00:00,63.56,63.64,63.54,63.635,1068733.247471
2026-07-27T20:05:00+00:00,63.62,63.65,63.6001,63.6001,28721.047982
2026-07-27T20:10:00+00:00,63.6185,63.6185,63.58,63.58,31950.0
2026-07-27T20:15:00+00:00,63.57,63.57,63.53,63.53,31289.136712
2026-07-27T20:20:00+00:00,63.61,63.61,63.6,63.61,17600.0
2026-07-27T20:35:00+00:00,63.62,63.62,63.62,63.62,1000.0
2026-07-27T21:00:00+00:00,63.62,63.62,63.62,63.62,450000.0
2026-07-27T21:20:00+00:00,63.64,63.64,63.44,63.5,19326.0
2026-07-27T21:30:00+00:00,63.47,63.5,63.47,63.5,1000.0
2026-07-27T22:25:00+00:00,63.5,63.5,63.5,63.5,100.0
2026-07-27T22:45:00+00:00,63.5,63.5,63.5,63.5,1000.0
2026-07-28T08:05:00+00:00,62.38,62.38,61.98,62.06,9356.488267
2026-07-28T08:10:00+00:00,61.92,61.93,61.92,61.93,3000.0
2026-07-28T08:15:00+00:00,61.91,61.91,61.85,61.85,5870.7232730000005
2026-07-28T09:35:00+00:00,62.05,62.05,62.05,62.05,338.0
2026-07-28T09:50:00+00:00,61.99,61.99,61.99,61.99,901.0
2026-07-28T09:55:00+00:00,61.96,61.96,61.95,61.95,700.161186
2026-07-28T10:20:00+00:00,61.9,61.9,61.9,61.9,5000.161524
2026-07-28T10:40:00+00:00,61.79,61.82,61.79,61.82,6224.38091
2026-07-28T11:05:00+00:00,61.91,61.91,61.76,61.76,1972.0
2026-07-28T11:10:00+00:00,61.73,61.73,61.66,61.69,5975.238386
2026-07-28T11:15:00+00:00,61.66,61.66,61.66,61.66,750.0
2026-07-28T11:20:00+00:00,61.66,61.8,61.66,61.8,4828.0
2026-07-28T11:25:00+00:00,61.8,61.82,61.78,61.78,25250.0
2026-07-28T11:30:00+00:00,61.72,61.73,61.72,61.73,310.0
2026-07-28T11:40:00+00:00,61.6518,61.6518,61.6518,61.6518,300.0
2026-07-28T11:45:00+00:00,61.6574,61.6574,61.61,61.61,1179.0
2026-07-28T11:55:00+00:00,61.83,61.83,61.82,61.83,1037.0
2026-07-28T12:00:00+00:00,61.88,61.93,61.7863,61.93,2676.0
2026-07-28T12:05:00+00:00,61.95,62.04,61.95,62.04,2373.0
2026-07-28T12:10:00+00:00,62.0,62.0,62.0,62.0,544.0
2026-07-28T12:20:00+00:00,61.98,61.98,61.97,61.97,400.0
2026-07-28T12:25:00+00:00,62.02,62.02,61.99,62.0,2759.0
2026-07-28T12:30:00+00:00,62.06,62.11,62.06,62.11,336.0
2026-07-28T12:35:00+00:00,62.05,62.05,61.98,61.99,3289.0
2026-07-28T12:40:00+00:00,62.02,62.06,61.96,61.97,20806.0
2026-07-28T12:45:00+00:00,61.98,62.02,61.975,61.98,2939.0
2026-07-28T12:50:00+00:00,62.08,62.16,62.08,62.16,2331.0
2026-07-28T12:55:00+00:00,62.1304,62.1304,62.085,62.1,831.0
2026-07-28T13:00:00+00:00,62.12,62.12,62.12,62.12,10984.0
2026-07-28T13:10:00+00:00,62.14,62.16,62.14,62.16,14476.0
2026-07-28T13:15:00+00:00,62.16,62.17,62.09,62.1,6401.0
2026-07-28T13:20:00+00:00,62.11,62.16,62.09,62.16,2055.0
2026-07-28T13:25:00+00:00,62.13,62.13,62.13,62.13,330.0
2026-07-28T13:30:00+00:00,62.08,62.08,62.03,62.06,18632.0
2026-07-28T13:35:00+00:00,62.06,62.205,62.025,62.11,1390098.808223
2026-07-28T13:40:00+00:00,62.105,62.18,61.82,61.825,1189539.600857
2026-07-28T13:45:00+00:00,61.825,61.94,61.72,61.815,658414.520305
2026-07-28T13:50:00+00:00,61.815,61.95,61.68,61.95,1570715.401925
2026-07-28T13:55:00+00:00,61.95,62.02,61.77,61.84,1476915.6664379998
2026-07-28T14:00:00+00:00,61.84,61.88,61.72,61.78,757617.81765
2026-07-28T14:05:00+00:00,61.78,61.965,61.77,61.94,462049.210959
2026-07-28T14:10:00+00:00,61.94,62.125,61.87,61.96,533104.542317
2026-07-28T14:15:00+00:00,61.97,62.1,61.885,61.91,236494.57368799997
2026-07-28T14:20:00+00:00,61.92,61.955,61.73,61.74,554614.6970109999
2026-07-28T14:25:00+00:00,61.75,62.0,61.675,61.91,1359531.254522
2026-07-28T14:30:00+00:00,61.93,62.04,61.89,62.01,318578.861917
2026-07-28T14:35:00+00:00,62.02,62.11,61.97,62.0,213938.738955
2026-07-28T14:40:00+00:00,62.0,62.21,61.995,62.11,369269.637355
2026-07-28T14:45:00+00:00,62.115,62.27,62.1,62.23,433089.59656200005
2026-07-28T14:50:00+00:00,62.24,62.36,62.165,62.345,190358.392402
2026-07-28T14:55:00+00:00,62.34,62.4,62.3,62.3,167630.741911
2026-07-28T15:00:00+00:00,62.31,62.35,62.22,62.225,253670.510457
2026-07-28T15:05:00+00:00,62.23,62.3,62.18,62.18,352272.29199000006
2026-07-28T15:10:00+00:00,62.18,62.22,62.115,62.22,159866.64663099998
2026-07-28T15:15:00+00:00,62.22,62.33,62.155,62.275,929280.3015759999
2026-07-28T15:20:00+00:00,62.27,62.4,62.245,62.37,339494.179
2026-07-28T15:25:00+00:00,62.38,62.54,62.38,62.53,478908.36017600005
2026-07-28T15:30:00+00:00,62.54,62.61,62.47,62.5,410048.694128
2026-07-28T15:35:00+00:00,62.51,62.585,62.485,62.53,425398.652116
2026-07-28T15:40:00+00:00,62.5302,62.625,62.52,62.59,571275.5161540001
2026-07-28T15:45:00+00:00,62.58,62.685,62.555,62.675,160425.01165300002
2026-07-28T15:50:00+00:00,62.675,62.73,62.65,62.7,450569.884236
2026-07-28T15:55:00+00:00,62.7,62.73,62.64,62.69,634451.3251139999
2026-07-28T16:00:00+00:00,62.68,62.74,62.66,62.71,281792.21271
2026-07-28T16:05:00+00:00,62.72,62.795,62.7,62.73,202123.310931
2026-07-28T16:10:00+00:00,62.73,62.765,62.64,62.65,145142.79330299998
2026-07-28T16:15:00+00:00,62.65,62.7,62.64,62.66,75139.206593
2026-07-28T16:20:00+00:00,62.67,62.695,62.62,62.695,76409.490612
2026-07-28T16:25:00+00:00,62.7,62.7258,62.615,62.635,62528.544483
2026-07-28T16:30:00+00:00,62.64,62.665,62.62,62.65,85283.406633
2026-07-28T16:35:00+00:00,62.64,62.64,62.54,62.6,97707.64284600002
2026-07-28T16:40:00+00:00,62.61,62.665,62.595,62.665,89899.78828200001
2026-07-28T16:45:00+00:00,62.66,62.68,62.63,62.66,195118.8152
2026-07-28T16:50:00+00:00,62.655,62.67,62.565,62.585,110070.002203
2026-07-28T16:55:00+00:00,62.59,62.7,62.58,62.68,56826.901256
2026-07-28T17:00:00+00:00,62.68,62.695,62.6601,62.69,26721.268739
2026-07-28T17:05:00+00:00,62.68,62.715,62.61,62.615,73004.430181
2026-07-28T17:10:00+00:00,62.615,62.62,62.53,62.545,209296.165464
2026-07-28T17:15:00+00:00,62.53,62.535,62.48,62.495,84647.357322
2026-07-28T17:20:00+00:00,62.49,62.515,62.475,62.505,150445.77221999998
2026-07-28T17:25:00+00:00,62.505,62.63,62.49,62.51,278324.383682
2026-07-28T17:30:00+00:00,62.5,62.565,62.48,62.51,44827.7745
2026-07-28T17:35:00+00:00,62.51,62.58,62.49,62.565,104321.55870600001
2026-07-28T17:40:00+00:00,62.57,62.585,62.475,62.475,32142.070132
2026-07-28T17:45:00+00:00,62.475,62.485,62.35,62.35,71215.737465
2026-07-28T17:50:00+00:00,62.36,62.43,62.32,62.42,104474.308537
2026-07-28T17:55:00+00:00,62.42,62.42,62.32,62.33,51362.619339
2026-07-28T18:00:00+00:00,62.325,62.395,62.3,62.39,34171.75638
2026-07-28T18:05:00+00:00,62.4,62.45,62.38,62.415,69637.69956
2026-07-28T18:10:00+00:00,62.41,62.425,62.36,62.375,47228.632831999996
2026-07-28T18:15:00+00:00,62.37,62.375,62.32,62.33,81118.319942
2026-07-28T18:20:00+00:00,62.3295,62.395,62.3295,62.38,95681.41636999999
2026-07-28T18:25:00+00:00,62.38,62.405,62.355,62.36,197826.80710600002
2026-07-28T18:30:00+00:00,62.355,62.37,62.3,62.315,27725.051457
2026-07-28T18:35:00+00:00,62.32,62.42,62.32,62.375,66882.03869300001
2026-07-28T18:40:00+00:00,62.37,62.44,62.365,62.4,32773.240403
2026-07-28T18:45:00+00:00,62.41,62.41,62.365,62.39,33109.312554000004
2026-07-28T18:50:00+00:00,62.4,62.475,62.38,62.4,202705.29704799998
2026-07-28T18:55:00+00:00,62.405,62.44,62.39,62.415,48415.758
2026-07-28T19:00:00+00:00,62.415,62.455,62.39,62.44,171371.953156
2026-07-28T19:05:00+00:00,62.445,62.54,62.44,62.54,116847.87726699999
2026-07-28T19:10:00+00:00,62.535,62.57,62.505,62.51,161529.41149000003
2026-07-28T19:15:00+00:00,62.51,62.55,62.5,62.55,161869.547182
2026-07-28T19:20:00+00:00,62.54,62.56,62.5,62.55,220020.65179
2026-07-28T19:25:00+00:00,62.545,62.6,62.53,62.6,153841.956
2026-07-28T19:30:00+00:00,62.595,62.605,62.55,62.58,113172.2093
2026-07-28T19:35:00+00:00,62.58,62.605,62.56,62.575,271154.170323
2026-07-28T19:40:00+00:00,62.57,62.57,62.435,62.445,176350.528559
2026-07-28T19:45:00+00:00,62.445,62.46,62.41,62.455,241471.64716600004
2026-07-28T19:50:00+00:00,62.455,62.46,62.4001,62.445,290826.926411
2026-07-28T19:55:00+00:00,62.44,62.495,62.385,62.48,882823.3432080001
2026-07-28T20:00:00+00:00,62.475,62.475,62.355,62.38,2299092.7528
2026-07-28T20:05:00+00:00,62.36,62.4,62.35,62.37,228756.848411
2026-07-28T20:10:00+00:00,62.37,62.42,62.31,62.39,31418.0
2026-07-28T20:15:00+00:00,62.38,62.38,62.38,62.38,1322.0
2026-07-28T20:25:00+00:00,62.38,62.38,62.38,62.38,313.0
2026-07-28T20:30:00+00:00,62.45,62.45,62.45,62.45,203.0
2026-07-28T20:35:00+00:00,62.4219,62.4219,62.4219,62.4219,100.0
2026-07-28T20:45:00+00:00,62.4227,62.4227,62.4227,62.4227,227.0
2026-07-28T21:25:00+00:00,62.45,62.45,62.41,62.44,1530.0
2026-07-28T21:30:00+00:00,62.45,62.45,62.45,62.45,400.0
2026-07-28T21:35:00+00:00,62.45,62.45,62.45,62.45,100.0
2026-07-28T22:00:00+00:00,62.45,62.45,62.41,62.45,1200.0
2026-07-28T22:45:00+00:00,62.4,62.4,62.4,62.4,1500.0
2026-07-28T22:50:00+00:00,62.4,62.4,62.39,62.39,1800.0
2026-07-28T23:00:00+00:00,62.36,62.39,62.36,62.39,2100.0
2026-07-28T23:05:00+00:00,62.39,62.4,62.39,62.4,1750.0
2026-07-28T23:10:00+00:00,62.4,62.4,62.4,62.4,900.0
2026-07-28T23:30:00+00:00,62.45,62.45,62.45,62.45,170.0
2026-07-28T23:50:00+00:00,62.55,62.55,62.55,62.55,400.0
2026-07-29T08:05:00+00:00,61.65,61.65,60.29,61.65,6769.884899
2026-07-29T08:10:00+00:00,61.55,61.65,61.55,61.65,1059.0
2026-07-29T09:10:00+00:00,61.77,61.78,61.77,61.78,601.0
2026-07-29T09:45:00+00:00,61.82,61.86,61.82,61.86,719.322586
2026-07-29T09:50:00+00:00,61.82,61.82,61.82,61.82,232.0
2026-07-29T09:55:00+00:00,61.82,61.92,61.82,61.9,2946.0
2026-07-29T10:45:00+00:00,61.76,61.76,61.76,61.76,300.0
2026-07-29T11:05:00+00:00,61.63,61.63,61.57,61.57,588.0
2026-07-29T11:10:00+00:00,61.65,61.65,61.65,61.65,201.0
2026-07-29T11:15:00+00:00,61.7112,61.7112,61.7112,61.7112,100.0
2026-07-29T11:35:00+00:00,61.8,61.81,61.65,61.74,92072.0
2026-07-29T11:40:00+00:00,61.71,61.71,61.71,61.71,594.0
2026-07-29T12:00:00+00:00,61.8,61.8,61.8,61.8,300.0
2026-07-29T12:15:00+00:00,61.83,61.84,61.83,61.84,867.0
2026-07-29T12:20:00+00:00,61.66,61.66,61.45,61.45,3043.03497
2026-07-29T12:35:00+00:00,61.5,61.55,61.5,61.55,700.0
2026-07-29T12:45:00+00:00,61.69,61.71,61.67,61.71,816.0
2026-07-29T12:50:00+00:00,61.7,61.74,61.7,61.74,1044.0
2026-07-29T12:55:00+00:00,61.74,61.75,61.73,61.74,670.0
2026-07-29T13:10:00+00:00,61.5727,61.62,61.5727,61.62,360.0
2026-07-29T13:15:00+00:00,61.58,61.58,61.58,61.58,169.0
2026-07-29T13:20:00+00:00,61.56,61.56,61.56,61.56,202.0
2026-07-29T13:25:00+00:00,61.58,61.58,61.58,61.58,862.0
2026-07-29T13:30:00+00:00,61.74,61.87,61.72,61.73,26670.0
2026-07-29T13:35:00+00:00,61.73,62.01,61.69,61.94,1270670.6289320001
2026-07-29T13:40:00+00:00,61.93,62.025,61.76,61.775,499844.76597999997
2026-07-29T13:45:00+00:00,61.78,61.875,61.73,61.875,357329.224219
2026-07-29T13:50:00+00:00,61.87,61.915,61.7,61.79,284238.25511900004
2026-07-29T13:55:00+00:00,61.795,61.8,61.53,61.685,282924.655152
2026-07-29T14:00:00+00:00,61.685,61.685,61.48,61.655,757415.436816
2026-07-29T14:05:00+00:00,61.66,61.88,61.655,61.865,487743.399816
2026-07-29T14:10:00+00:00,61.865,61.97,61.75,61.76,304568.501863
2026-07-29T14:15:00+00:00,61.73,61.77,61.54,61.56,188438.211026
2026-07-29T14:20:00+00:00,61.57,61.655,61.53,61.625,138594.04247
2026-07-29T14:25:00+00:00,61.6,61.68,61.51,61.59,310345.883544
2026-07-29T14:30:00+00:00,61.59,61.59,61.375,61.46,186960.28150299998
2026-07-29T14:35:00+00:00,61.46,61.64,61.455,61.51,314675.193281
2026-07-29T14:40:00+00:00,61.5,61.5,61.3,61.31,425753.172258
2026-07-29T14:45:00+00:00,61.3,61.35,61.07,61.12,303414.756488
2026-07-29T14:50:00+00:00,61.125,61.16,61.005,61.13,419588.763775
2026-07-29T14:55:00+00:00,61.14,61.25,61.14,61.19,167309.583504
2026-07-29T15:00:00+00:00,61.2,61.215,61.04,61.175,422693.244804
2026-07-29T15:05:00+00:00,61.17,61.325,61.13,61.295,349147.240403
2026-07-29T15:10:00+00:00,61.3,61.34,61.19,61.34,262078.947323
2026-07-29T15:15:00+00:00,61.36,61.36,61.185,61.215,305497.669678
2026-07-29T15:20:00+00:00,61.21,61.305,61.16,61.16,171017.13928200002
2026-07-29T15:25:00+00:00,61.155,61.29,61.12,61.29,109035.808201
2026-07-29T15:30:00+00:00,61.29,61.33,61.18,61.19,155294.21172799997
2026-07-29T15:35:00+00:00,61.19,61.23,61.15,61.19,164043.197627
2026-07-29T15:40:00+00:00,61.2,61.315,61.17,61.17,94189.296
2026-07-29T15:45:00+00:00,61.16,61.245,61.135,61.16,152426.717122
2026-07-29T15:50:00+00:00,61.18,61.23,61.13,61.21,75036.86825300001
2026-07-29T15:55:00+00:00,61.22,61.23,61.06,61.07,79723.19136299999
2026-07-29T16:00:00+00:00,61.07,61.135,60.995,61.13,319434.920822
2026-07-29T16:05:00+00:00,61.135,61.19,60.925,60.935,153112.26284200003
2026-07-29T16:10:00+00:00,60.94,60.95,60.865,60.94,237124.825293
2026-07-29T16:15:00+00:00,60.935,60.945,60.795,60.795,115387.494724
2026-07-29T16:20:00+00:00,60.795,60.9,60.765,60.89,127538.230557
2026-07-29T16:25:00+00:00,60.89,61.1,60.89,61.07,248241.726827
2026-07-29T16:30:00+00:00,61.08,61.18,61.08,61.16,138303.430199
2026-07-29T16:35:00+00:00,61.15,61.22,61.1,61.1,67271.337669
2026-07-29T16:40:00+00:00,61.09,61.17,61.075,61.16,73241.17824499999
2026-07-29T16:45:00+00:00,61.16,61.2,61.06,61.09,72382.945457
2026-07-29T16:50:00+00:00,61.1,61.19,61.08,61.18,46062.584472999995
2026-07-29T16:55:00+00:00,61.19,61.23,61.15,61.2,46197.2865
2026-07-29T17:00:00+00:00,61.2,61.295,61.19,61.265,117625.02395799999
2026-07-29T17:05:00+00:00,61.275,61.45,61.27,61.445,139325.362313
2026-07-29T17:10:00+00:00,61.44,61.45,61.38,61.41,167153.20973499998
2026-07-29T17:15:00+00:00,61.4064,61.585,61.4064,61.585,113623.35743599999
2026-07-29T17:20:00+00:00,61.59,61.595,61.52,61.55,141598.953263
2026-07-29T17:25:00+00:00,61.55,61.625,61.52,61.53,191910.026349
2026-07-29T17:30:00+00:00,61.53,61.56,61.45,61.46,369973.741902
2026-07-29T17:35:00+00:00,61.45,61.53,61.42,61.485,120546.34521700001
2026-07-29T17:40:00+00:00,61.4901,61.51,61.405,61.43,47846.385521
2026-07-29T17:45:00+00:00,61.43,61.49,61.41,61.46,49653.454
2026-07-29T17:50:00+00:00,61.47,61.515,61.425,61.51,178451.185288
2026-07-29T17:55:00+00:00,61.515,61.585,61.51,61.55,174864.892347
2026-07-29T18:00:00+00:00,61.545,61.59,61.48,61.58,209409.450928
2026-07-29T18:05:00+00:00,61.59,62.21,61.58,62.03,1363878.338983
2026-07-29T18:10:00+00:00,62.04,62.18,61.98,62.07,651130.2526990001
2026-07-29T18:15:00+00:00,62.06,62.125,61.935,61.9905,763981.53144
2026-07-29T18:20:00+00:00,61.995,62.09,61.82,61.8468,542549.545497
2026-07-29T18:25:00+00:00,61.85,61.86,61.75,61.775,180644.058575
2026-07-29T18:30:00+00:00,61.77,61.8,61.69,61.8,229814.42495199997
2026-07-29T18:35:00+00:00,61.795,61.92,61.645,61.79,641803.350854
2026-07-29T18:40:00+00:00,61.8,62.16,61.7,62.115,699635.879
2026-07-29T18:45:00+00:00,62.115,62.41,62.105,62.375,811410.1248290001
2026-07-29T18:50:00+00:00,62.365,62.575,62.32,62.55,714225.958809
2026-07-29T18:55:00+00:00,62.55,62.6,62.43,62.59,296723.592345
2026-07-29T19:00:00+00:00,62.58,62.6,62.46,62.595,622149.61
2026-07-29T19:05:00+00:00,62.59,62.7,62.35,62.41,450056.54596500006
2026-07-29T19:10:00+00:00,62.41,62.43,62.155,62.17,340638.561338
2026-07-29T19:15:00+00:00,62.17,62.3,62.085,62.23,345408.810984
2026-07-29T19:20:00+00:00,62.23,62.345,62.09,62.13,337647.14809499995
2026-07-29T19:25:00+00:00,62.13,62.13,61.83,61.865,1513683.81929
2026-07-29T19:30:00+00:00,61.87,61.92,61.71,61.82,401618.896955
2026-07-29T19:35:00+00:00,61.835,61.89,61.53,61.62,593726.393317
2026-07-29T19:40:00+00:00,61.63,61.7,61.42,61.445,351453.777796
2026-07-29T19:45:00+00:00,61.445,61.52,61.345,61.38,1258776.831322
2026-07-29T19:50:00+00:00,61.38,61.39,61.215,61.34,875965.420947
2026-07-29T19:55:00+00:00,61.33,61.34,61.1523,61.2,1147170.181121
2026-07-29T20:00:00+00:00,61.2,61.2,61.005,61.08,2540012.3964059995
2026-07-29T20:05:00+00:00,61.07,61.09,60.82,60.91,246782.334383
2026-07-29T20:10:00+00:00,60.94,60.97,60.78,60.78,116239.0
2026-07-29T20:15:00+00:00,60.77,60.93,60.71,60.93,27265.04897
2026-07-29T20:20:00+00:00,60.83,60.86,60.82,60.83,2133.0
2026-07-29T20:25:00+00:00,60.8,60.85,60.77,60.77,910.0
2026-07-29T20:30:00+00:00,60.75,60.75,60.68,60.7497,2509.0
2026-07-29T20:35:00+00:00,60.75,60.75,60.71,60.71,1655.0
2026-07-29T20:45:00+00:00,60.91,60.91,60.9,60.9,614.0
2026-07-29T20:50:00+00:00,60.9,60.9,60.85,60.85,400.0
2026-07-29T21:35:00+00:00,60.788,60.788,60.788,60.788,100.0
2026-07-29T21:55:00+00:00,61.03,61.07,60.96,60.96,10134.0
2026-07-29T22:10:00+00:00,60.85,60.88,60.84,60.84,1056.0
2026-07-29T23:35:00+00:00,61.03,61.04,61.03,61.04,1104.0
2026-07-29T23:45:00+00:00,61.1,61.1,61.1,61.1,100.0
2026-07-30T09:40:00+00:00,61.28,61.28,61.28,61.28,285.0
2026-07-30T10:55:00+00:00,61.6,61.6,61.6,61.6,500.0
2026-07-30T12:00:00+00:00,61.85,61.85,61.84,61.84,492.0
2026-07-30T12:05:00+00:00,61.89,61.9,61.89,61.9,1600.0
2026-07-30T12:25:00+00:00,61.9,61.91,61.8,61.8,83765.0
2026-07-30T12:35:00+00:00,61.8736,61.8736,61.8736,61.8736,240.0
2026-07-30T12:55:00+00:00,62.0006,62.0006,62.0006,62.0006,100.0
2026-07-30T13:00:00+00:00,62.2,62.2,62.2,62.2,200.0
2026-07-30T13:10:00+00:00,62.16,62.17,62.16,62.16,250.0
2026-07-30T13:15:00+00:00,62.15,62.35,62.15,62.35,2813.0
2026-07-30T13:25:00+00:00,62.29,62.3,62.29,62.3,1144.0
2026-07-30T13:30:00+00:00,62.35,62.48,62.35,62.46,80592.0
2026-07-30T13:35:00+00:00,62.48,62.54,62.295,62.38,1587074.264114
2026-07-30T13:40:00+00:00,62.37,62.54,62.34,62.48,977603.7641109999
2026-07-30T13:45:00+00:00,62.48,62.695,62.38,62.61,856384.994826
2026-07-30T13:50:00+00:00,62.61,62.765,62.61,62.7,1022426.331695
2026-07-30T13:55:00+00:00,62.705,62.88,62.685,62.865,1429687.198603
2026-07-30T14:00:00+00:00,62.87,62.995,62.84,62.965,835262.552506
2026-07-30T14:05:00+00:00,62.965,63.02,62.915,62.92,1024150.25156
2026-07-30T14:10:00+00:00,62.92,62.9499,62.74,62.865,751244.610149
2026-07-30T14:15:00+00:00,62.86,62.91,62.825,62.9,774223.380396
2026-07-30T14:20:00+00:00,62.91,62.95,62.845,62.93,594022.842476
2026-07-30T14:25:00+00:00,62.935,63.11,62.92,63.065,1100350.88537
2026-07-30T14:30:00+00:00,63.065,63.175,62.95,63.135,498100.46225900005
2026-07-30T14:35:00+00:00,63.135,63.25,63.085,63.18,583267.446299
2026-07-30T14:40:00+00:00,63.175,63.205,63.09,63.125,714674.136109
2026-07-30T14:45:00+00:00,63.125,63.15,63.02,63.08,284637.951564
2026-07-30T14:50:00+00:00,63.09,63.135,63.025,63.1,216495.94057500002
2026-07-30T14:55:00+00:00,63.1,63.12,62.935,62.965,226629.27918299998
2026-07-30T15:00:00+00:00,62.96,62.97,62.87,62.93,451208.05355199997
2026-07-30T15:05:00+00:00,62.93,63.025,62.85,63.01,273759.352138
2026-07-30T15:10:00+00:00,63.005,63.095,62.935,63.085,385721.87327800004
2026-07-30T15:15:00+00:00,63.085,63.085,62.905,62.94,418314.695038
2026-07-30T15:20:00+00:00,62.93,63.05,62.91,63.02,234240.025212
2026-07-30T15:25:00+00:00,63.025,63.11,63.02,63.065,513382.929208
2026-07-30T15:30:00+00:00,63.065,63.095,62.97,63.04,551675.026287
2026-07-30T15:35:00+00:00,63.04,63.095,63.01,63.095,532272.96579
2026-07-30T15:40:00+00:00,63.095,63.175,63.075,63.175,391216.403201
2026-07-30T15:45:00+00:00,63.175,63.225,63.11,63.19,583623.56401
2026-07-30T15:50:00+00:00,63.195,63.29,63.195,63.245,508894.076562
2026-07-30T15:55:00+00:00,63.255,63.28,63.18,63.275,558462.4917850001
2026-07-30T16:00:00+00:00,63.28,63.35,63.26,63.265,440852.409197
2026-07-30T16:05:00+00:00,63.27,63.355,63.24,63.345,548111.885122
2026-07-30T16:10:00+00:00,63.34,63.36,63.305,63.33,153665.546762
2026-07-30T16:15:00+00:00,63.32,63.42,63.32,63.415,245032.87366899996
2026-07-30T16:20:00+00:00,63.415,63.485,63.41,63.441,175975.913634
2026-07-30T16:25:00+00:00,63.445,63.495,63.42,63.46,268349.050914
2026-07-30T16:30:00+00:00,63.465,63.485,63.42,63.43,221387.94762599998
2026-07-30T16:35:00+00:00,63.43,63.45,63.39,63.415,170839.667972
2026-07-30T16:40:00+00:00,63.415,63.45,63.395,63.395,211930.97004
2026-07-30T16:45:00+00:00,63.4,63.4,63.25,63.26,348705.14175899996
2026-07-30T16:50:00+00:00,63.26,63.326,63.26,63.305,182202.317044
2026-07-30T16:55:00+00:00,63.305,63.35,63.265,63.31,154778.995357
2026-07-30T17:00:00+00:00,63.31,63.38,63.31,63.355,150498.806744
2026-07-30T17:05:00+00:00,63.36,63.44,63.36,63.415,225649.12800499998
2026-07-30T17:10:00+00:00,63.415,63.455,63.415,63.445,206606.00394
2026-07-30T17:15:00+00:00,63.45,63.465,63.415,63.42,171943.900644
2026-07-30T17:20:00+00:00,63.4259,63.5,63.41,63.495,238825.652235
2026-07-30T17:25:00+00:00,63.49,63.495,63.425,63.45,155308.8698
2026-07-30T17:30:00+00:00,63.45,63.455,63.395,63.4,120288.586905
2026-07-30T17:35:00+00:00,63.4,63.42,63.375,63.38,120549.87064800001
2026-07-30T17:40:00+00:00,63.39,63.45,63.38,63.41,156076.820307
2026-07-30T17:45:00+00:00,63.42,63.48,63.42,63.48,105998.576313
2026-07-30T17:50:00+00:00,63.475,63.5,63.44,63.44,110571.58077900001
2026-07-30T17:55:00+00:00,63.43,63.47,63.395,63.4,58064.890852
2026-07-30T18:00:00+00:00,63.39,63.42,63.38,63.405,124040.992792
2026-07-30T18:05:00+00:00,63.405,63.435,63.38,63.38,122724.80038500001
2026-07-30T18:10:00+00:00,63.38,63.42,63.375,63.41,135433.374051
2026-07-30T18:15:00+00:00,63.41,63.415,63.355,63.395,197966.7309
2026-07-30T18:20:00+00:00,63.395,63.395,63.315,63.325,147206.084225
2026-07-30T18:25:00+00:00,63.33,63.39,63.325,63.38,50481.494925
2026-07-30T18:30:00+00:00,63.38,63.4,63.37,63.385,38059.05285
2026-07-30T18:35:00+00:00,63.39,63.42,63.375,63.38,81364.151304
2026-07-30T18:40:00+00:00,63.38,63.38,63.315,63.325,166181.390384
2026-07-30T18:45:00+00:00,63.33,63.375,63.32,63.37,88613.868887
2026-07-30T18:50:00+00:00,63.375,63.39,63.35,63.375,90532.972904
2026-07-30T18:55:00+00:00,63.375,63.405,63.36,63.39,106924.21490699999
2026-07-30T19:00:00+00:00,63.385,63.44,63.375,63.43,97045.373118
2026-07-30T19:05:00+00:00,63.43,63.51,63.43,63.49,626996.938971
2026-07-30T19:10:00+00:00,63.495,63.56,63.49,63.555,463380.079335
2026-07-30T19:15:00+00:00,63.56,63.6,63.55,63.56,435596.5495
2026-07-30T19:20:00+00:00,63.565,63.64,63.52,63.57,283574.10658300004
2026-07-30T19:25:00+00:00,63.575,63.585,63.55,63.56,151052.734715
2026-07-30T19:30:00+00:00,63.56,63.58,63.52,63.525,216290.256698
2026-07-30T19:35:00+00:00,63.52,63.54,63.49,63.495,249758.802099
2026-07-30T19:40:00+00:00,63.5,63.51,63.455,63.49,112015.44528
2026-07-30T19:45:00+00:00,63.495,63.53,63.465,63.53,495956.964652
2026-07-30T19:50:00+00:00,63.52,63.6,63.52,63.585,399015.31655499997
2026-07-30T19:55:00+00:00,63.58,63.6,63.5,63.53,1433515.9826330002
2026-07-30T20:00:00+00:00,63.53,63.63,63.49,63.59,4356706.789937001
2026-07-30T20:05:00+00:00,63.59,63.68,63.58,63.66,57065.651813
2026-07-30T20:10:00+00:00,63.59,63.69,63.59,63.66,3804448.0
2026-07-30T20:15:00+00:00,63.63,63.63,63.63,63.63,1260.0
2026-07-30T20:20:00+00:00,63.68,63.68,63.645,63.67,1606.373799
2026-07-30T20:40:00+00:00,63.61,63.61,63.57,63.6,999.0
2026-07-30T21:05:00+00:00,63.56,63.56,63.56,63.56,148.0
2026-07-30T22:05:00+00:00,63.625,63.65,63.625,63.65,1100.0
2026-07-30T22:40:00+00:00,63.65,63.65,63.65,63.65,1000.0
2026-07-30T22:45:00+00:00,63.65,63.7,63.65,63.7,226.0
2026-07-30T23:30:00+00:00,63.75,63.75,63.75,63.75,100.0
2026-07-30T23:35:00+00:00,63.75,63.75,63.75,63.75,150.0
2026-07-30T23:55:00+00:00,63.77,63.77,63.77,63.77,100.0
2026-07-31T08:05:00+00:00,65.33,65.48,64.87,65.17,8021.647
2026-07-31T08:25:00+00:00,65.3,65.3,65.3,65.3,600.0
2026-07-31T08:50:00+00:00,65.28,65.34,65.28,65.34,790.0
2026-07-31T09:40:00+00:00,64.91,64.91,64.91,64.91,600.0
2026-07-31T10:20:00+00:00,65.1,65.1,65.1,65.1,989.0
2026-07-31T10:25:00+00:00,65.1,65.1,65.1,65.1,1778.0
2026-07-31T10:45:00+00:00,64.83,64.83,64.83,64.83,214.0
2026-07-31T11:05:00+00:00,64.94,65.04,64.89,64.91,2839.799
2026-07-31T11:15:00+00:00,65.0,65.0,65.0,65.0,205.0
2026-07-31T11:20:00+00:00,64.87,64.87,64.87,64.87,287.0
2026-07-31T11:35:00+00:00,65.0242,65.0242,65.0242,65.0242,250.0
2026-07-31T11:45:00+00:00,65.08,65.08,65.08,65.08,100.0
2026-07-31T11:55:00+00:00,64.95,64.95,64.95,64.95,1500.0
2026-07-31T12:10:00+00:00,64.82,64.82,64.8,64.8,8256.18731
2026-07-31T12:15:00+00:00,64.79,64.82,64.79,64.82,2484.0
2026-07-31T12:20:00+00:00,64.79,64.79,64.68,64.71,34238.0
2026-07-31T12:25:00+00:00,64.74,64.77,64.74,64.77,1684.0
2026-07-31T12:35:00+00:00,64.72,64.72,64.6,64.6,2244.0
2026-07-31T12:40:00+00:00,64.7866,64.7866,64.7866,64.7866,100.0
2026-07-31T12:55:00+00:00,64.48,64.59,64.48,64.59,545.0
2026-07-31T13:00:00+00:00,64.59,64.62,64.59,64.6,1576.0
2026-07-31T13:05:00+00:00,64.58,64.62,64.58,64.62,1121.0
2026-07-31T13:15:00+00:00,64.74,64.74,64.74,64.74,1385.0
2026-07-31T13:20:00+00:00,64.75,64.75,64.74,64.75,3669.0
2026-07-31T13:25:00+00:00,64.84,64.84,64.81,64.81,758.0
2026-07-31T13:30:00+00:00,64.95,64.965,64.86,64.94,43816.0
2026-07-31T13:35:00+00:00,64.93,65.06,64.82,64.965,818455.4201159999
2026-07-31T13:40:00+00:00,64.95,65.025,64.48,64.49,1245489.277439
2026-07-31T13:45:00+00:00,64.495,64.55,64.24,64.24,1147542.140024
2026-07-31T13:50:00+00:00,64.245,64.365,64.015,64.105,1569495.703856
2026-07-31T13:55:00+00:00,64.105,64.19,63.925,63.97,1375285.562593
2026-07-31T14:00:00+00:00,63.98,64.14,63.93,63.98,672646.2341599999
2026-07-31T14:05:00+00:00,63.98,64.055,63.805,63.805,421929.997862
2026-07-31T14:10:00+00:00,63.805,63.9,63.57,63.66,1185691.2012729999
2026-07-31T14:15:00+00:00,63.66,63.74,63.52,63.62,816983.682024
2026-07-31T14:20:00+00:00,63.615,63.86,63.505,63.81,906542.1347620001
2026-07-31T14:25:00+00:00,63.8,63.91,63.705,63.78,399688.243088
2026-07-31T14:30:00+00:00,63.78,63.975,63.77,63.97,311681.932299
2026-07-31T14:35:00+00:00,63.98,64.05,63.935,64.02,287898.61801800004
2026-07-31T14:40:00+00:00,64.02,64.11,64.015,64.05,352306.361097
2026-07-31T14:45:00+00:00,64.05,64.1,63.94,64.025,470003.317291
2026-07-31T14:50:00+00:00,64.03,64.2,63.96,64.19,255649.19350300002
2026-07-31T14:55:00+00:00,64.19,64.24,64.1001,64.115,742826.836573
2026-07-31T15:00:00+00:00,64.12,64.24,64.06,64.21,674481.445477
2026-07-31T15:05:00+00:00,64.21,64.255,64.15,64.25,399428.79839
2026-07-31T15:10:00+00:00,64.245,64.29,64.13,64.165,289055.379156
2026-07-31T15:15:00+00:00,64.16,64.24,64.06,64.18,570401.3307940001
2026-07-31T15:20:00+00:00,64.17,64.32,64.055,64.095,428328.828423
2026-07-31T15:25:00+00:00,64.095,64.105,63.95,63.96,283352.376556
2026-07-31T15:30:00+00:00,63.96,63.97,63.815,63.92,466826.466453
2026-07-31T15:35:00+00:00,63.92,63.96,63.775,63.915,470266.431574
2026-07-31T15:40:00+00:00,63.93,64.1,63.93,64.04,209168.956916
2026-07-31T15:45:00+00:00,64.045,64.07,63.9136,64.015,278798.514367
2026-07-31T15:50:00+00:00,64.025,64.04,63.89,63.9799,155093.631833
2026-07-31T15:55:00+00:00,63.98,64.1,63.955,64.1,95509.455363
2026-07-31T16:00:00+00:00,64.09,64.125,64.02,64.06,149717.82302
2026-07-31T16:05:00+00:00,64.06,64.085,63.975,63.985,146952.555017
2026-07-31T16:10:00+00:00,63.985,64.015,63.88,63.96,385456.282
2026-07-31T16:15:00+00:00,63.96,64.09,63.95,64.045,156759.66007699998
2026-07-31T16:20:00+00:00,64.065,64.07,63.97,64.04,65588.240472
2026-07-31T16:25:00+00:00,64.03,64.125,64.03,64.1,86462.355086
2026-07-31T16:30:00+00:00,64.09,64.13,64.02,64.13,598200.145637
2026-07-31T16:35:00+00:00,64.14,64.24,64.135,64.235,93313.714808
2026-07-31T16:40:00+00:00,64.24,64.26,64.2101,64.235,283453.76954799995
2026-07-31T16:45:00+00:00,64.23,64.25,64.14,64.14,353910.277843
2026-07-31T16:50:00+00:00,64.13,64.17,64.115,64.16,190780.721724
2026-07-31T16:55:00+00:00,64.165,64.23,64.16,64.175,544694.5459499999
2026-07-31T17:00:00+00:00,64.18,64.23,64.175,64.185,122133.6856
2026-07-31T17:05:00+00:00,64.18,64.26,64.17,64.2,218329.14977599998
2026-07-31T17:10:00+00:00,64.205,64.23,64.13,64.175,99223.634651
2026-07-31T17:15:00+00:00,64.165,64.26,64.155,64.26,63550.248324
2026-07-31T17:20:00+00:00,64.25,64.29,64.25,64.265,243807.843151
2026-07-31T17:25:00+00:00,64.27,64.39,64.215,64.39,170555.758182
2026-07-31T17:30:00+00:00,64.38,64.44,64.38,64.395,130091.263125
2026-07-31T17:35:00+00:00,64.39,64.43,64.36,64.4,80909.087011
2026-07-31T17:40:00+00:00,64.41,64.445,64.37,64.38,254353.06621899997
2026-07-31T17:45:00+00:00,64.375,64.42,64.35,64.365,107312.55351
2026-07-31T17:50:00+00:00,64.37,64.395,64.255,64.275,86654.634355
2026-07-31T17:55:00+00:00,64.27,64.375,64.255,64.33,168244.94925900002
2026-07-31T18:00:00+00:00,64.32,64.34,64.265,64.27,62692.651872999995
2026-07-31T18:05:00+00:00,64.27,64.33,64.245,64.25,112524.297289
2026-07-31T18:10:00+00:00,64.25,64.3,64.23,64.2358,69845.411675
2026-07-31T18:15:00+00:00,64.235,64.24,64.12,64.135,177338.934
2026-07-31T18:20:00+00:00,64.135,64.23,64.13,64.19,82168.073745
2026-07-31T18:25:00+00:00,64.2,64.22,64.18,64.215,118156.458797
2026-07-31T18:30:00+00:00,64.22,64.225,64.175,64.2036,76814.079808
2026-07-31T18:35:00+00:00,64.2,64.23,64.19,64.215,73040.30113400001
2026-07-31T18:40:00+00:00,64.21,64.215,64.16,64.19,117119.989152
2026-07-31T18:45:00+00:00,64.18,64.22,64.165,64.175,123786.264322
2026-07-31T18:50:00+00:00,64.175,64.2,64.13,64.19,141037.377852
2026-07-31T18:55:00+00:00,64.2,64.21,64.18,64.18,68433.980045
2026-07-31T19:00:00+00:00,64.18,64.195,64.105,64.15,151980.26251
2026-07-31T19:05:00+00:00,64.15,64.21,64.1,64.12,95052.45246300001
2026-07-31T19:10:00+00:00,64.12,64.1459,64.095,64.14,77010.14156900001
2026-07-31T19:15:00+00:00,64.14,64.145,64.1,64.115,61737.31202
2026-07-31T19:20:00+00:00,64.12,64.165,64.08,64.165,288316.009662
2026-07-31T19:25:00+00:00,64.165,64.185,64.135,64.14,189544.480553
2026-07-31T19:30:00+00:00,64.13,64.13,64.09,64.1,73520.164751
2026-07-31T19:35:00+00:00,64.1,64.1,64.03,64.04,175416.908426
2026-07-31T19:40:00+00:00,64.045,64.08,64.025,64.065,154128.29906299998
2026-07-31T19:45:00+00:00,64.06,64.135,64.025,64.13,238320.749782
2026-07-31T19:50:00+00:00,64.135,64.18,64.115,64.18,280356.444899
2026-07-31T19:55:00+00:00,64.17,64.2399,64.145,64.19,680281.469498
2026-07-31T20:00:00+00:00,64.19,64.2,64.02,64.13,2795945.8273759997
2026-07-31T20:05:00+00:00,64.09,64.13,64.01,64.04,192968.670535
2026-07-31T20:10:00+00:00,64.03,64.03,64.03,64.03,100.0
2026-07-31T20:15:00+00:00,64.04,64.05,64.04,64.05,30800.0
2026-07-31T20:25:00+00:00,64.02,64.02,64.02,64.02,5000.0
2026-07-31T20:30:00+00:00,64.02,64.02,64.0,64.0,15748.0
2026-07-31T20:35:00+00:00,64.02,64.03,64.02,64.03,5240.0
2026-07-31T20:40:00+00:00,64.04,64.04,64.04,64.04,5132.0
2026-07-31T20:50:00+00:00,64.01,64.02,64.0,64.02,10610.149338
2026-07-31T20:55:00+00:00,63.92,63.92,63.92,63.92,100.0
2026-07-31T21:05:00+00:00,63.9,63.92,63.9,63.91,884.0
2026-07-31T21:15:00+00:00,63.94,63.94,63.92,63.92,580.0
2026-07-31T21:45:00+00:00,63.66,63.66,63.66,63.66,100.0
2026-07-31T23:50:00+00:00,63.72,63.72,63.7,63.7,18010.0
2026-07-31T23:55:00+00:00,63.71,63.71,63.6,63.69,19135.0
2026-08-01T00:00:00+00:00,63.61,63.61,63.6,63.6,2200.0
2026-08-03T08:05:00+00:00,64.9,64.9,64.61,64.61,896.739449
2026-08-03T08:10:00+00:00,64.36,64.36,64.3,64.3,1380.0
2026-08-03T09:00:00+00:00,64.28,64.34,64.28,64.34,360.0
2026-08-03T09:05:00+00:00,64.22,64.22,64.2,64.21,1640.0
2026-08-03T09:15:00+00:00,64.18,64.18,64.14,64.14,661.0
2026-08-03T09:55:00+00:00,64.05,64.05,64.03,64.03,401.0
2026-08-03T11:00:00+00:00,63.99,64.04,63.99,64.04,1872.465591
2026-08-03T11:05:00+00:00,63.88,64.0669,63.88,64.0669,202.0
2026-08-03T11:10:00+00:00,63.86,63.86,63.79,63.8,1262.0
2026-08-03T11:15:00+00:00,63.81,63.82,63.8,63.82,1240.0
2026-08-03T11:20:00+00:00,63.79,63.79,63.78,63.78,341.0
2026-08-03T11:30:00+00:00,63.8,63.81,63.78,63.81,945.0
2026-08-03T11:35:00+00:00,63.78,63.78,63.77,63.77,223.0
2026-08-03T11:40:00+00:00,63.78,63.78,63.76,63.76,580.207
2026-08-03T11:45:00+00:00,63.74,63.79,63.74,63.79,221.0
2026-08-03T11:50:00+00:00,63.75,63.75,63.71,63.71,493.5
2026-08-03T11:55:00+00:00,63.7,63.7,63.69,63.69,283.0
2026-08-03T12:05:00+00:00,63.69,63.77,63.67,63.67,7092.0
2026-08-03T12:10:00+00:00,63.66,63.705,63.61,63.61,1215.6370200000001
2026-08-03T12:30:00+00:00,63.68,63.68,63.68,63.68,273.0
2026-08-03T12:45:00+00:00,63.7,63.7,63.66,63.66,614.0
2026-08-03T12:55:00+00:00,63.67,63.67,63.65,63.65,361.0
2026-08-03T13:00:00+00:00,63.6524,63.6524,63.6524,63.6524,150.0
2026-08-03T13:10:00+00:00,63.64,63.64,63.64,63.64,100.0
2026-08-03T13:15:00+00:00,63.67,63.67,63.65,63.65,740.0
2026-08-03T13:20:00+00:00,63.69,63.69,63.67,63.67,695.0
2026-08-03T13:25:00+00:00,63.84,63.84,63.84,63.84,2049.0
2026-08-03T13:30:00+00:00,63.72,63.72,63.64,63.72,17638.0
2026-08-03T13:35:00+00:00,63.74,63.76,63.36,63.39,1629321.535461
2026-08-03T13:40:00+00:00,63.39,63.795,63.355,63.58,794112.837741
2026-08-03T13:45:00+00:00,63.56,63.61,63.34,63.515,772052.1022219999
2026-08-03T13:50:00+00:00,63.52,63.6,63.44,63.505,622836.901622
2026-08-03T13:55:00+00:00,63.51,63.58,63.48,63.55,506278.976544
2026-08-03T14:00:00+00:00,63.545,63.715,63.545,63.705,1087914.519218
2026-08-03T14:05:00+00:00,63.71,63.82,63.615,63.63,728662.403017
2026-08-03T14:10:00+00:00,63.62,63.675,63.53,63.62,447336.7221
2026-08-03T14:15:00+00:00,63.62,63.78,63.6,63.68,167565.011716
2026-08-03T14:20:00+00:00,63.68,63.83,63.665,63.77,111771.48343
2026-08-03T14:25:00+00:00,63.78,63.91,63.77,63.91,290970.14744100004
2026-08-03T14:30:00+00:00,63.905,63.96,63.84,63.935,336359.605975
2026-08-03T14:35:00+00:00,63.935,64.0,63.9,63.945,212069.151602
2026-08-03T14:40:00+00:00,63.94,64.0,63.94,63.95,797015.156848
2026-08-03T14:45:00+00:00,63.94,63.97,63.895,63.91,171604.33434200002
2026-08-03T14:50:00+00:00,63.91,64.05,63.875,64.035,452688.767988
2026-08-03T14:55:00+00:00,64.035,64.145,64.025,64.125,349783.681339
2026-08-03T15:00:00+00:00,64.125,64.195,64.12,64.19,152220.015358
2026-08-03T15:05:00+00:00,64.19,64.19,64.03,64.08,191178.538693
2026-08-03T15:10:00+00:00,64.08,64.08,63.935,63.945,176599.01043300002
2026-08-03T15:15:00+00:00,63.94,63.95,63.835,63.845,183261.007791
2026-08-03T15:20:00+00:00,63.85,63.91,63.84,63.85,191587.19119500002
2026-08-03T15:25:00+00:00,63.86,63.88,63.791,63.791,221248.35212599998
2026-08-03T15:30:00+00:00,63.8,63.85,63.73,63.76,562792.10035
2026-08-03T15:35:00+00:00,63.755,63.925,63.74,63.905,430404.359448
2026-08-03T15:40:00+00:00,63.89,63.93,63.855,63.9,305404.06458999997
2026-08-03T15:45:00+00:00,63.905,63.975,63.905,63.95,93748.23587500001
2026-08-03T15:50:00+00:00,63.95,63.96,63.915,63.93,92350.177224
2026-08-03T15:55:00+00:00,63.93,63.975,63.92,63.9487,94127.509128
2026-08-03T16:00:00+00:00,63.95,63.95,63.885,63.905,74526.97488499999
2026-08-03T16:05:00+00:00,63.915,63.98,63.915,63.97,30276.939815
2026-08-03T16:10:00+00:00,63.97,64.02,63.95,63.98,99354.295171
2026-08-03T16:15:00+00:00,63.98,64.01,63.97,63.995,27103.987665999997
2026-08-03T16:20:00+00:00,63.995,64.075,63.975,64.07,106674.037663
2026-08-03T16:25:00+00:00,64.075,64.075,64.02,64.04,124968.44151900001
2026-08-03T16:30:00+00:00,64.04,64.05,64.01,64.0301,133642.927156
2026-08-03T16:35:00+00:00,64.03,64.055,63.995,64.03,77026.491494
2026-08-03T16:40:00+00:00,64.045,64.045,63.98,63.98,37068.623676999996
2026-08-03T16:45:00+00:00,63.99,64.025,63.97,64.02,50652.218754
2026-08-03T16:50:00+00:00,64.025,64.06,64.02,64.03,48420.818485
2026-08-03T16:55:00+00:00,64.025,64.035,63.965,63.97,437362.213955
2026-08-03T17:00:00+00:00,63.97,63.99,63.945,63.95,79520.924577
2026-08-03T17:05:00+00:00,63.96,63.98,63.925,63.95,38304.805875
2026-08-03T17:10:00+00:00,63.955,64.01,63.95,64.0027,253887.952028
2026-08-03T17:15:00+00:00,64.01,64.07,64.01,64.06,155488.56161
2026-08-03T17:20:00+00:00,64.055,64.0854,64.045,64.08,37525.659698999996
2026-08-03T17:25:00+00:00,64.08,64.085,64.055,64.07,22491.411342
2026-08-03T17:30:00+00:00,64.065,64.105,64.06,64.105,68595.063325
2026-08-03T17:35:00+00:00,64.11,64.16,64.11,64.16,99207.450325
2026-08-03T17:40:00+00:00,64.155,64.2,64.15,64.18,105666.201935
2026-08-03T17:45:00+00:00,64.175,64.24,64.175,64.235,94812.361573
2026-08-03T17:50:00+00:00,64.24,64.28,64.23,64.27,95182.842728
2026-08-03T17:55:00+00:00,64.27,64.3,64.26,64.295,113421.13481900001
2026-08-03T18:00:00+00:00,64.3,64.33,64.29,64.305,245278.54871700003
2026-08-03T18:05:00+00:00,64.31,64.355,64.31,64.355,218872.713566
2026-08-03T18:10:00+00:00,64.36,64.425,64.35,64.425,80197.40612900001
2026-08-03T18:15:00+00:00,64.43,64.445,64.355,64.38,52995.968023
2026-08-03T18:20:00+00:00,64.39,64.425,64.36,64.36,92399.947795
2026-08-03T18:25:00+00:00,64.36,64.39,64.33,64.36,83101.011073
2026-08-03T18:30:00+00:00,64.36,64.36,64.3,64.305,86418.86621400001
2026-08-03T18:35:00+00:00,64.31,64.335,64.285,64.31,75149.802421
2026-08-03T18:40:00+00:00,64.31,64.32,64.26,64.26,235518.536991
2026-08-03T18:45:00+00:00,64.26,64.29,64.24,64.285,55440.159513
2026-08-03T18:50:00+00:00,64.29,64.3,64.245,64.3,69491.890768
2026-08-03T18:55:00+00:00,64.3,64.31,64.285,64.3,77402.338076
2026-08-03T19:00:00+00:00,64.3,64.3,64.26,64.27,43472.074648
2026-08-03T19:05:00+00:00,64.265,64.365,64.265,64.355,122214.267217
2026-08-03T19:10:00+00:00,64.35,64.355,64.295,64.31,182107.05108399998
2026-08-03T19:15:00+00:00,64.305,64.335,64.27,64.285,105495.03408
2026-08-03T19:20:00+00:00,64.285,64.335,64.285,64.32,84851.427246
2026-08-03T19:25:00+00:00,64.32,64.33,64.29,64.295,244454.172834
2026-08-03T19:30:00+00:00,64.295,64.315,64.2901,64.305,149325.501707
2026-08-03T19:35:00+00:00,64.305,64.335,64.305,64.335,189605.0
2026-08-03T19:40:00+00:00,64.335,64.35,64.31,64.315,83404.593452
2026-08-03T19:45:00+00:00,64.32,64.365,64.315,64.35,370412.648362
2026-08-03T19:50:00+00:00,64.35,64.37,64.33,64.345,439922.910813
2026-08-03T19:55:00+00:00,64.35,64.4,64.33,64.335,629301.8461529999
2026-08-03T20:00:00+00:00,64.33,64.375,64.29,64.32,1922428.359493
2026-08-03T20:05:00+00:00,64.32,64.33,64.28,64.33,27912.057521
2026-08-03T20:10:00+00:00,64.35,64.374,64.33,64.374,5444.0
2026-08-03T20:15:00+00:00,64.38,64.38,64.38,64.38,710.0
2026-08-03T20:20:00+00:00,64.41,64.41,64.4,64.41,591.0
2026-08-03T20:25:00+00:00,64.4,64.405,64.4,64.4,1294.0
2026-08-03T20:40:00+00:00,64.4,64.41,64.4,64.41,8698.0
2026-08-03T20:45:00+00:00,64.41,64.41,64.41,64.41,3564.0
2026-08-03T21:20:00+00:00,64.35,64.35,64.35,64.35,287.0
2026-08-03T21:35:00+00:00,64.36,64.36,64.36,64.36,6000.0
2026-08-03T21:45:00+00:00,64.32,64.32,64.32,64.32,22916.0
2026-08-03T22:35:00+00:00,64.4026,64.4026,64.4026,64.4026,150.0
2026-08-03T22:45:00+00:00,64.41,64.41,64.41,64.41,200.0
2026-08-03T23:10:00+00:00,64.32,64.32,64.32,64.32,300.0
2026-08-03T23:20:00+00:00,64.41,64.44,64.41,64.44,1303.0
2026-08-03T23:25:00+00:00,64.44,64.44,64.4,64.44,3529.0
2026-08-03T23:30:00+00:00,64.44,64.44,64.44,64.44,1000.0
2026-08-03T23:35:00+00:00,64.45,64.45,64.45,64.45,300.0
2026-08-04T08:05:00+00:00,64.53,64.53,64.0,64.3,3949.076078
2026-08-04T08:25:00+00:00,64.72,64.72,64.66,64.67,3929.0
2026-08-04T08:30:00+00:00,64.67,64.67,64.66,64.66,3321.0
2026-08-04T08:35:00+00:00,64.61,64.61,64.6,64.6,6188.0
2026-08-04T08:40:00+00:00,64.6,64.6,64.6,64.6,960.0
2026-08-04T08:45:00+00:00,64.6,64.6,64.545,64.545,600.0
2026-08-04T09:05:00+00:00,64.49,64.49,64.44,64.44,6894.765329
2026-08-04T09:30:00+00:00,64.42,64.42,64.42,64.42,100.0
2026-08-04T09:40:00+00:00,64.55,64.55,64.54,64.54,20000.0
2026-08-04T09:45:00+00:00,64.56,64.62,64.56,64.6,7544.0
2026-08-04T09:50:00+00:00,64.59,64.59,64.59,64.59,3852.0
2026-08-04T09:55:00+00:00,64.59,64.6,64.56,64.57,30780.0
2026-08-04T10:15:00+00:00,64.64,64.65,64.64,64.65,220.0
2026-08-04T10:20:00+00:00,64.55,64.55,64.55,64.55,133.0
2026-08-04T10:25:00+00:00,64.68,64.7,64.68,64.7,641.0
2026-08-04T10:45:00+00:00,64.73,64.87,64.7,64.87,35998.0
2026-08-04T10:50:00+00:00,64.9,64.91,64.9,64.9,241.0
2026-08-04T11:05:00+00:00,64.66,64.7399,64.66,64.7399,1723.626
2026-08-04T11:15:00+00:00,64.93,64.95,64.93,64.93,361.0
2026-08-04T11:20:00+00:00,64.98,65.0,64.98,65.0,721.0
2026-08-04T11:25:00+00:00,64.99,65.04,64.98,65.04,626.0
2026-08-04T11:30:00+00:00,65.073,65.09,65.07,65.09,773.0
2026-08-04T11:45:00+00:00,65.09,65.14,65.09,65.14,791.0
2026-08-04T11:50:00+00:00,65.19,65.2,65.19,65.2,482.0
2026-08-04T11:55:00+00:00,65.23,65.24,65.19,65.19,10810.0
2026-08-04T12:10:00+00:00,65.18,65.18,65.18,65.18,5061.0
2026-08-04T12:15:00+00:00,65.14,65.14,65.14,65.14,150.0
2026-08-04T12:20:00+00:00,65.23,65.25,65.2,65.25,808.0
2026-08-04T12:30:00+00:00,65.225,65.225,65.225,65.225,250.0
2026-08-04T12:35:00+00:00,65.18,65.18,65.18,65.18,195.0
2026-08-04T12:40:00+00:00,65.17,65.17,65.17,65.17,178.0
2026-08-04T12:45:00+00:00,65.18,65.18,65.18,65.18,300.0
2026-08-04T13:10:00+00:00,65.25,65.25,65.25,65.25,203.0
2026-08-04T13:15:00+00:00,65.29,65.3,65.29,65.3,521.0
2026-08-04T13:20:00+00:00,65.34,65.34,65.27,65.27,1304.0
2026-08-04T13:25:00+00:00,65.32,65.5,65.32,65.39,61058.0
2026-08-04T13:30:00+00:00,65.37,65.37,65.2,65.22,75271.0
2026-08-04T13:35:00+00:00,65.22,65.38,65.12,65.37,615196.2140429999
2026-08-04T13:40:00+00:00,65.39,65.49,65.3,65.42,226643.93334900003
2026-08-04T13:45:00+00:00,65.44,65.63,65.44,65.51,800857.5724429999
2026-08-04T13:50:00+00:00,65.51,65.56,65.48,65.555,434209.699973
2026-08-04T13:55:00+00:00,65.56,65.66,65.555,65.625,957447.224727
2026-08-04T14:00:00+00:00,65.63,65.64,65.465,65.5,513838.09442000004
2026-08-04T14:05:00+00:00,65.51,65.56,65.41,65.52,255095.428414
2026-08-04T14:10:00+00:00,65.52,65.63,65.52,65.5401,521225.632031
2026-08-04T14:15:00+00:00,65.545,65.64,65.5298,65.58,281596.375011
2026-08-04T14:20:00+00:00,65.58,65.62,65.49,65.53,2740649.297948
2026-08-04T14:25:00+00:00,65.52,65.54,65.43,65.47,334744.582086
2026-08-04T14:30:00+00:00,65.48,65.6099,65.465,65.59,175468.58857300002
2026-08-04T14:35:00+00:00,65.58,65.58,65.495,65.505,578514.764325
2026-08-04T14:40:00+00:00,65.5,65.6,65.46,65.53,542454.593723
2026-08-04T14:45:00+00:00,65.54,65.57,65.5,65.56,147418.069265
2026-08-04T14:50:00+00:00,65.54,65.61,65.54,65.555,674237.019466
2026-08-04T14:55:00+00:00,65.56,65.585,65.525,65.56,58259.82732399999
2026-08-04T15:00:00+00:00,65.56,65.61,65.5,65.59,177230.118412
2026-08-04T15:05:00+00:00,65.59,65.66,65.59,65.655,131462.407762
2026-08-04T15:10:00+00:00,65.65,65.71,65.64,65.67,531423.009814
2026-08-04T15:15:00+00:00,65.67,65.685,65.64,65.685,68281.814718
2026-08-04T15:20:00+00:00,65.67,65.69,65.65,65.66,131928.755916
2026-08-04T15:25:00+00:00,65.66,65.68,65.6301,65.655,275476.117944
2026-08-04T15:30:00+00:00,65.66,65.69,65.6335,65.69,66314.91763
2026-08-04T15:35:00+00:00,65.685,65.74,65.675,65.71,350915.237998
2026-08-04T15:40:00+00:00,65.71,65.865,65.71,65.82,802946.1001889999
2026-08-04T15:45:00+00:00,65.83,65.85,65.805,65.845,127734.911316
2026-08-04T15:50:00+00:00,65.84,65.85,65.79,65.8,100138.774938
2026-08-04T15:55:00+00:00,65.81,65.87,65.805,65.82,411049.9292
2026-08-04T16:00:00+00:00,65.825,65.85,65.7701,65.78,131221.16745
2026-08-04T16:05:00+00:00,65.79,65.86,65.79,65.845,118338.589223
2026-08-04T16:10:00+00:00,65.85,65.86,65.82,65.82,199080.30037399998
2026-08-04T16:15:00+00:00,65.82,65.84,65.785,65.8,53218.23138599999
2026-08-04T16:20:00+00:00,65.81,65.86,65.7934,65.8464,58980.446964999996
2026-08-04T16:25:00+00:00,65.845,65.88,65.84,65.865,87131.64861999999
2026-08-04T16:30:00+00:00,65.86,65.88,65.855,65.855,197177.479051
2026-08-04T16:35:00+00:00,65.86,65.89,65.85,65.875,95155.39235899999
2026-08-04T16:40:00+00:00,65.875,65.895,65.84,65.84,99163.155911
2026-08-04T16:45:00+00:00,65.83,65.855,65.805,65.85,99739.228925
2026-08-04T16:50:00+00:00,65.86,65.89,65.855,65.89,106926.363285
2026-08-04T16:55:00+00:00,65.89,65.9,65.855,65.86,98954.88580699998
2026-08-04T17:00:00+00:00,65.86,65.875,65.835,65.875,91391.58762
2026-08-04T17:05:00+00:00,65.87,65.94,65.87,65.925,147903.77755499998
2026-08-04T17:10:00+00:00,65.93,65.945,65.9,65.905,131697.261568
2026-08-04T17:15:00+00:00,65.9,65.945,65.895,65.94,165805.287264
2026-08-04T17:20:00+00:00,65.94,65.97,65.925,65.95,286380.321841
2026-08-04T17:25:00+00:00,65.95,65.97,65.93,65.965,155208.677209
2026-08-04T17:30:00+00:00,65.97,66.02,65.97,65.985,123634.72968
2026-08-04T17:35:00+00:00,65.98,65.985,65.94,65.98,74751.03284999999
2026-08-04T17:40:00+00:00,65.99,66.04,65.99,66.035,88769.122007
2026-08-04T17:45:00+00:00,66.04,66.07,66.03,66.065,155707.624491
2026-08-04T17:50:00+00:00,66.065,66.09,66.06,66.06,102271.04265999999
2026-08-04T17:55:00+00:00,66.05,66.065,65.9722,65.98,257318.850648
2026-08-04T18:00:00+00:00,65.96,66.02,65.955,65.985,135025.360994
2026-08-04T18:05:00+00:00,65.98,66.06,65.96,66.015,127834.54121
2026-08-04T18:10:00+00:00,66.02,66.08,66.01,66.05,137594.313682
2026-08-04T18:15:00+00:00,66.05,66.0757,66.035,66.075,96389.04057
2026-08-04T18:20:00+00:00,66.08,66.09,66.03,66.04,57299.6411
2026-08-04T18:25:00+00:00,66.04,66.085,66.035,66.0624,117420.89979899998
2026-08-04T18:30:00+00:00,66.065,66.08,66.05,66.08,29363.584501999998
2026-08-04T18:35:00+00:00,66.09,66.14,66.09,66.09,496539.50267799996
2026-08-04T18:40:00+00:00,66.09,66.105,66.02,66.02,130380.090931
2026-08-04T18:45:00+00:00,66.02,66.03,65.98,66.03,113005.55040000001
2026-08-04T18:50:00+00:00,66.03,66.06,66.02,66.02,85265.068121
2026-08-04T18:55:00+00:00,66.02,66.04,66.02,66.03,51324.092430000004
2026-08-04T19:00:00+00:00,66.035,66.04,66.005,66.02,138394.679447
2026-08-04T19:05:00+00:00,66.015,66.07,66.005,66.03,201368.266118
2026-08-04T19:10:00+00:00,66.04,66.08,66.01,66.07,177363.947032
2026-08-04T19:15:00+00:00,66.07,66.0797,66.02,66.02,153107.02012
2026-08-04T19:20:00+00:00,66.03,66.055,66.01,66.055,392368.640916
2026-08-04T19:25:00+00:00,66.055,66.09,66.04,66.04,163375.77281899998
2026-08-04T19:30:00+00:00,66.045,66.06,66.01,66.03,109162.88093799999
2026-08-04T19:35:00+00:00,66.035,66.0538,66.01,66.03,153371.82140000002
2026-08-04T19:40:00+00:00,66.025,66.04,66.01,66.015,247344.13674699998
2026-08-04T19:45:00+00:00,66.0172,66.08,66.0172,66.07,190198.93647900003
2026-08-04T19:50:00+00:00,66.075,66.08,66.025,66.055,216718.46054899998
2026-08-04T19:55:00+00:00,66.06,66.07,65.96,65.965,739485.886622
2026-08-04T20:00:00+00:00,65.97,66.025,65.96,65.99,1911345.798779
2026-08-04T20:05:00+00:00,66.0,66.04,66.0,66.04,11655.510538
2026-08-04T20:10:00+00:00,66.05,66.1,66.05,66.1,5764.0
2026-08-04T20:15:00+00:00,66.03,66.05,66.02,66.05,8400.0
2026-08-04T20:20:00+00:00,66.03,66.03,65.88,65.88,4951.164775
2026-08-05T08:05:00+00:00,66.15,66.15,66.08,66.08,1723.0
2026-08-05T09:50:00+00:00,65.58,65.58,65.58,65.58,251.0
2026-08-05T10:50:00+00:00,65.53,65.53,65.53,65.53,251.0
2026-08-05T11:15:00+00:00,65.7,65.7,65.7,65.7,100.0
2026-08-05T11:20:00+00:00,65.73,65.73,65.73,65.73,100.0
2026-08-05T11:35:00+00:00,65.775,65.775,65.775,65.775,250.0
2026-08-05T12:15:00+00:00,65.7,65.7,65.7,65.7,100.0
2026-08-05T12:30:00+00:00,66.0,66.06,66.0,66.06,652.0
2026-08-05T12:45:00+00:00,65.97,66.0,65.85,65.85,21573.0
2026-08-05T12:50:00+00:00,65.94,65.94,65.89,65.89,1284.0
2026-08-05T12:55:00+00:00,65.96,66.0,65.94,66.0,52327.0
2026-08-05T13:00:00+00:00,65.92,65.92,65.92,65.92,154.0
2026-08-05T13:20:00+00:00,65.97,65.97,65.97,65.97,238.0
2026-08-05T13:25:00+00:00,65.9247,65.9247,65.9247,65.9247,600.0
2026-08-05T13:35:00+00:00,65.95,66.01,65.82,65.925,380667.219151
2026-08-05T13:40:00+00:00,65.92,66.1,65.82,66.04,494924.641222
2026-08-05T13:45:00+00:00,66.03,66.145,65.935,66.12,432125.873108
2026-08-05T13:50:00+00:00,66.12,66.21,66.04,66.2,281496.87514
2026-08-05T13:55:00+00:00,66.21,66.22,66.1,66.19,407107.75432099996
2026-08-05T14:00:00+00:00,66.2,66.235,66.14,66.21,375354.01377300004
2026-08-05T14:05:00+00:00,66.21,66.21,65.92,66.0,266272.561442
2026-08-05T14:10:00+00:00,66.02,66.22,66.01,66.15,381901.47832
2026-08-05T14:15:00+00:00,66.15,66.19,66.0959,66.1197,153144.381941
2026-08-05T14:20:00+00:00,66.11,66.16,66.075,66.08,285022.61933200003
2026-08-05T14:25:00+00:00,66.075,66.1,65.92,66.05,253898.26057699998
2026-08-05T14:30:00+00:00,66.05,66.1,65.925,65.93,267254.075445
2026-08-05T14:35:00+00:00,65.93,65.94,65.82,65.88,436086.143402
2026-08-05T14:40:00+00:00,65.875,65.945,65.805,65.81,158971.801236
2026-08-05T14:45:00+00:00,65.805,65.88,65.76,65.85,485113.91451800003
2026-08-05T14:50:00+00:00,65.85,65.96,65.82,65.935,342048.493654
2026-08-05T14:55:00+00:00,65.93,65.945,65.67,65.79,431235.70144
2026-08-05T15:00:00+00:00,65.8,65.905,65.735,65.89,446021.180326
2026-08-05T15:05:00+00:00,65.885,66.015,65.87,65.965,727558.117959
2026-08-05T15:10:00+00:00,65.965,66.04,65.94,66.025,539566.809
2026-08-05T15:15:00+00:00,66.02,66.045,65.94,65.94,410339.199624
2026-08-05T15:20:00+00:00,65.95,65.975,65.81,65.975,962952.285749
2026-08-05T15:25:00+00:00,65.975,66.02,65.9336,65.96,281728.30413299997
2026-08-05T15:30:00+00:00,65.95,65.985,65.915,65.945,320103.60375999997
2026-08-05T15:35:00+00:00,65.945,66.035,65.91,65.93,189654.93986299998
2026-08-05T15:40:00+00:00,65.935,66.01,65.935,65.98,241590.551529
2026-08-05T15:45:00+00:00,65.985,66.005,65.9,65.905,203932.862057
2026-08-05T15:50:00+00:00,65.9,65.91,65.835,65.87,104291.937353
2026-08-05T15:55:00+00:00,65.865,65.89,65.825,65.84,176709.0533
2026-08-05T16:00:00+00:00,65.84,65.84,65.73,65.775,191138.008382
2026-08-05T16:05:00+00:00,65.77,65.84,65.77,65.825,200953.217905
2026-08-05T16:10:00+00:00,65.82,65.86,65.77,65.825,184130.46018
2026-08-05T16:15:00+00:00,65.83,65.84,65.785,65.835,120361.427637
2026-08-05T16:20:00+00:00,65.835,65.89,65.815,65.835,72874.27967599999
2026-08-05T16:25:00+00:00,65.84,65.955,65.84,65.885,312126.179073
2026-08-05T16:30:00+00:00,65.89,66.015,65.89,66.005,575838.5418180001
2026-08-05T16:35:00+00:00,66.01,66.02,65.88,65.9222,160582.09355
2026-08-05T16:40:00+00:00,65.92,65.925,65.865,65.91,54657.270183
2026-08-05T16:45:00+00:00,65.92,65.955,65.9,65.905,64350.85687
2026-08-05T16:50:00+00:00,65.905,65.935,65.885,65.905,158122.42593099998
2026-08-05T16:55:00+00:00,65.905,65.935,65.9,65.915,235635.88107799998
2026-08-05T17:00:00+00:00,65.915,65.915,65.89,65.9,61635.10205
2026-08-05T17:05:00+00:00,65.905,65.92,65.845,65.855,125508.03689100001
2026-08-05T17:10:00+00:00,65.855,65.875,65.795,65.8,97238.76801199999
2026-08-05T17:15:00+00:00,65.795,65.845,65.785,65.815,100596.49156
2026-08-05T17:20:00+00:00,65.815,65.845,65.785,65.805,103994.052925
2026-08-05T17:25:00+00:00,65.805,65.82,65.775,65.82,183398.870522
2026-08-05T17:30:00+00:00,65.825,65.875,65.81,65.84,152126.5557
2026-08-05T17:35:00+00:00,65.84,65.88,65.795,65.855,82406.34586
2026-08-05T17:40:00+00:00,65.855,65.895,65.85,65.88,43512.171362
2026-08-05T17:45:00+00:00,65.88,65.915,65.87,65.885,126521.7438
2026-08-05T17:50:00+00:00,65.885,65.945,65.86,65.925,107261.20370000001
2026-08-05T17:55:00+00:00,65.93,65.95,65.92,65.925,102311.429604
2026-08-05T18:00:00+00:00,65.92,65.96,65.915,65.94,143100.3156
2026-08-05T18:05:00+00:00,65.95,65.98,65.93,65.98,114030.162693
2026-08-05T18:10:00+00:00,65.98,65.98,65.92,65.925,80864.36175
2026-08-05T18:15:00+00:00,65.93,65.95,65.9,65.9,66275.566778
2026-08-05T18:20:00+00:00,65.895,65.945,65.89,65.925,61812.030346
2026-08-05T18:25:00+00:00,65.92,65.945,65.915,65.92,43734.615166
2026-08-05T18:30:00+00:00,65.93,65.96,65.93,65.95,58159.062296000004
2026-08-05T18:35:00+00:00,65.96,65.96,65.845,65.85,175608.12714500003
2026-08-05T18:40:00+00:00,65.845,65.9,65.845,65.87,126869.4792
2026-08-05T18:45:00+00:00,65.8763,65.885,65.86,65.875,61285.878702
2026-08-05T18:50:00+00:00,65.875,65.945,65.87,65.92,89479.000865
2026-08-05T18:55:00+00:00,65.92,65.94,65.891,65.905,287338.641153
2026-08-05T19:00:00+00:00,65.91,65.91,65.8842,65.89,55495.978165
2026-08-05T19:05:00+00:00,65.89,65.98,65.88,65.965,97007.299801
2026-08-05T19:10:00+00:00,65.965,66.0,65.95,65.98,106456.88824700001
2026-08-05T19:15:00+00:00,65.98,65.99,65.955,65.99,174089.531587
2026-08-05T19:20:00+00:00,65.985,66.0,65.9742,65.975,98066.30556400001
2026-08-05T19:25:00+00:00,65.975,65.995,65.96,65.97,71404.189631
2026-08-05T19:30:00+00:00,65.97,65.995,65.96,65.965,95727.826152
2026-08-05T19:35:00+00:00,65.965,65.975,65.895,65.92,162523.3142
2026-08-05T19:40:00+00:00,65.91,65.915,65.88,65.885,115489.344253
2026-08-05T19:45:00+00:00,65.885,65.92,65.85,65.875,127320.308511
2026-08-05T19:50:00+00:00,65.875,65.88,65.83,65.835,150560.208985
2026-08-05T19:55:00+00:00,65.84,65.87,65.81,65.855,730466.1598050001
2026-08-05T20:00:00+00:00,65.855,65.855,65.68,65.71,1819328.209643
2026-08-05T20:05:00+00:00,65.71,65.72,65.66,65.69,45668.695671
2026-08-05T20:10:00+00:00,65.59,65.63,65.59,65.6,35979.0
2026-08-05T20:15:00+00:00,65.62,65.66,65.62,65.66,2800.0
2026-08-05T20:20:00+00:00,65.62,65.62,65.62,65.62,2012.0
2026-08-05T20:25:00+00:00,65.6,65.6,65.6,65.6,575.0
2026-08-05T20:35:00+00:00,65.66,65.66,65.66,65.66,300.0
2026-08-05T20:50:00+00:00,65.65,65.65,65.56,65.6,31172.0
2026-08-05T21:35:00+00:00,65.59,65.59,65.59,65.59,985.0
2026-08-05T22:00:00+00:00,65.58,65.58,65.57,65.57,8663.0
2026-08-05T22:10:00+00:00,65.57,65.57,65.57,65.57,500.0
2026-08-05T22:20:00+00:00,65.57,65.57,65.57,65.57,441.0
2026-08-05T22:55:00+00:00,65.58,65.58,65.58,65.58,1046.0
2026-08-05T23:45:00+00:00,65.88,65.88,65.88,65.88,100.0
2026-08-06T08:05:00+00:00,64.91,65.12,64.86,64.88,7023.334019
2026-08-06T10:45:00+00:00,64.9,64.9,64.9,64.9,1000.0
2026-08-06T11:05:00+00:00,64.8,64.8,64.69,64.69,2414.069
2026-08-06T11:10:00+00:00,64.69,64.69,64.65,64.67,1125.0
2026-08-06T11:25:00+00:00,64.77,64.79,64.77,64.79,804.0
2026-08-06T11:30:00+00:00,64.8,64.8,64.8,64.8,150.0
2026-08-06T11:40:00+00:00,64.96,64.96,64.96,64.96,124.622
2026-08-06T12:05:00+00:00,64.88,64.88,64.87,64.88,450.0
2026-08-06T12:15:00+00:00,64.76,64.76,64.74,64.74,602.0
2026-08-06T12:20:00+00:00,64.72,64.72,64.68,64.68,806.1585299999999
2026-08-06T12:30:00+00:00,64.7452,64.7452,64.7452,64.7452,1016.0
2026-08-06T12:55:00+00:00,64.81,64.81,64.81,64.81,159.0
2026-08-06T13:10:00+00:00,64.69,64.69,64.69,64.69,520.0
2026-08-06T13:20:00+00:00,64.69,64.69,64.64,64.64,3943.0
2026-08-06T13:30:00+00:00,64.66,64.67,64.64,64.67,1500.0
2026-08-06T13:35:00+00:00,64.68,64.73,64.465,64.685,765469.4588839998
2026-08-06T13:40:00+00:00,64.685,64.88,64.65,64.785,833809.604306
2026-08-06T13:45:00+00:00,64.78,65.035,64.78,64.995,453058.725388
2026-08-06T13:50:00+00:00,64.995,65.1,64.94,65.05,297306.652595
2026-08-06T13:55:00+00:00,65.05,65.085,64.99,65.01,180530.38578999997
2026-08-06T14:00:00+00:00,65.01,65.165,64.99,65.155,495161.14908700006
2026-08-06T14:05:00+00:00,65.155,65.215,65.08,65.14,330767.557442
2026-08-06T14:10:00+00:00,65.15,65.3,65.11,65.255,212570.49117599998
2026-08-06T14:15:00+00:00,65.26,65.37,65.26,65.31,411303.71697500005
2026-08-06T14:20:00+00:00,65.31,65.39,65.255,65.325,143597.36680400002
2026-08-06T14:25:00+00:00,65.33,65.415,65.3,65.36,109042.725774
2026-08-06T14:30:00+00:00,65.37,65.39,65.31,65.34,227746.882484
2026-08-06T14:35:00+00:00,65.345,65.51,65.345,65.4854,594889.278095
2026-08-06T14:40:00+00:00,65.48,65.5599,65.36,65.365,354783.21492700005
2026-08-06T14:45:00+00:00,65.36,65.45,65.35,65.37,85959.608239
2026-08-06T14:50:00+00:00,65.365,65.365,65.255,65.3,134340.839478
2026-08-06T14:55:00+00:00,65.3,65.415,65.29,65.415,83541.703584
2026-08-06T15:00:00+00:00,65.43,65.4855,65.39,65.4855,89545.51812
2026-08-06T15:05:00+00:00,65.49,65.5,65.38,65.42,63478.668097
2026-08-06T15:10:00+00:00,65.42,65.545,65.405,65.53,185578.525707
2026-08-06T15:15:00+00:00,65.5299,65.56,65.485,65.4943,66391.38642
2026-08-06T15:20:00+00:00,65.49,65.51,65.355,65.36,150382.447704
2026-08-06T15:25:00+00:00,65.35,65.415,65.34,65.36,138045.883242
2026-08-06T15:30:00+00:00,65.355,65.4,65.325,65.37,73245.411111
2026-08-06T15:35:00+00:00,65.38,65.415,65.265,65.265,200239.272331
2026-08-06T15:40:00+00:00,65.265,65.36,65.26,65.325,267831.56628699997
2026-08-06T15:45:00+00:00,65.29,65.31,65.18,65.18,39210.172338
2026-08-06T15:50:00+00:00,65.18,65.365,65.175,65.3,330892.24207599997
2026-08-06T15:55:00+00:00,65.31,65.37,65.09,65.1,161620.395929
2026-08-06T16:00:00+00:00,65.085,65.15,65.055,65.08,72287.964306
2026-08-06T16:05:00+00:00,65.09,65.09,64.99,65.03,338799.199206
2026-08-06T16:10:00+00:00,65.04,65.145,65.03,65.095,54429.824209
2026-08-06T16:15:00+00:00,65.09,65.12,65.005,65.02,60760.460714
2026-08-06T16:20:00+00:00,65.015,65.08,64.95,65.05,67376.832528
2026-08-06T16:25:00+00:00,65.05,65.05,64.93,65.02,119798.03478199999
2026-08-06T16:30:00+00:00,65.02,65.03,64.975,65.0,28266.69688
2026-08-06T16:35:00+00:00,65.0,65.09,65.0,65.035,143364.783858
2026-08-06T16:40:00+00:00,65.04,65.12,65.03,65.12,40893.589933
2026-08-06T16:45:00+00:00,65.13,65.13,65.02,65.02,29992.257043999998
2026-08-06T16:50:00+00:00,65.03,65.08,64.995,65.08,84761.015378
2026-08-06T16:55:00+00:00,65.09,65.16,65.09,65.135,163778.20349400002
2026-08-06T17:00:00+00:00,65.14,65.2,65.135,65.195,66303.302535
2026-08-06T17:05:00+00:00,65.2,65.2243,65.17,65.18,38479.156944999995
2026-08-06T17:10:00+00:00,65.18,65.22,65.14,65.175,38444.392569999996
2026-08-06T17:15:00+00:00,65.17,65.2,65.14,65.15,32100.01233
2026-08-06T17:20:00+00:00,65.14,65.195,65.12,65.18,30780.318416000002
2026-08-06T17:25:00+00:00,65.19,65.21,65.15,65.16,360951.686536
2026-08-06T17:30:00+00:00,65.16,65.2,65.16,65.175,27465.456122
2026-08-06T17:35:00+00:00,65.155,65.19,65.15,65.1566,34926.87729
2026-08-06T17:40:00+00:00,65.16,65.17,65.1225,65.13,113301.56046000001
2026-08-06T17:45:00+00:00,65.13,65.145,65.09,65.11,269379.06085
2026-08-06T17:50:00+00:00,65.12,65.14,65.1,65.1,152066.714662
2026-08-06T17:55:00+00:00,65.11,65.15,65.1,65.115,254588.573244
2026-08-06T18:00:00+00:00,65.12,65.14,65.105,65.135,247973.782
2026-08-06T18:05:00+00:00,65.14,65.165,65.065,65.09,499002.96491900005
2026-08-06T18:10:00+00:00,65.085,65.1,65.055,65.0852,313655.767093
2026-08-06T18:15:00+00:00,65.09,65.1,65.04,65.095,345602.13185
2026-08-06T18:20:00+00:00,65.095,65.17,64.84,65.145,826786.5566009999
2026-08-06T18:25:00+00:00,65.14,65.205,65.14,65.19,63633.511230000004
2026-08-06T18:30:00+00:00,65.19,65.2,65.16,65.185,18134.40058
2026-08-06T18:35:00+00:00,65.19,65.19,65.105,65.115,73717.233212
2026-08-06T18:40:00+00:00,65.11,65.14,65.105,65.11,40670.908316
2026-08-06T18:45:00+00:00,65.11,65.12,65.065,65.09,134194.410501
2026-08-06T18:50:00+00:00,65.09,65.12,65.06,65.065,204840.983132
2026-08-06T18:55:00+00:00,65.065,65.085,65.04,65.055,26166.585519
2026-08-06T19:00:00+00:00,65.055,65.085,65.045,65.06,83546.07578700001
2026-08-06T19:05:00+00:00,65.055,65.155,65.055,65.155,181803.964523
2026-08-06T19:10:00+00:00,65.16,65.17,65.12,65.165,54155.806752000004
2026-08-06T19:15:00+00:00,65.17,65.1863,65.125,65.125,91307.11683799999
2026-08-06T19:20:00+00:00,65.125,65.135,65.105,65.115,44109.26297
2026-08-06T19:25:00+00:00,65.12,65.16,65.04,65.04,87323.545616
2026-08-06T19:30:00+00:00,65.045,65.085,65.005,65.05,79818.638499
2026-08-06T19:35:00+00:00,65.06,65.125,65.02,65.12,234775.47452699998
2026-08-06T19:40:00+00:00,65.11,65.11,65.04,65.05,81752.42660800001
2026-08-06T19:45:00+00:00,65.045,65.05,64.985,65.0,179746.466313
2026-08-06T19:50:00+00:00,64.995,65.015,64.96,65.015,142993.540082
2026-08-06T19:55:00+00:00,65.01,65.1,64.96,65.08,580533.466283
2026-08-06T20:00:00+00:00,65.08,65.08,64.965,65.03,1395047.641242
2026-08-06T20:05:00+00:00,65.02,65.03,65.01,65.02,23949.014811
2026-08-06T20:10:00+00:00,65.03,65.03,65.03,65.03,1109.0
2026-08-06T20:20:00+00:00,65.0,65.0,65.0,65.0,100.0
2026-08-06T20:55:00+00:00,64.857,64.857,64.857,64.857,1059.0
2026-08-06T21:00:00+00:00,64.87,64.87,64.86,64.86,1344.0
2026-08-06T21:05:00+00:00,64.88,65.05,64.84,65.05,8900.0
2026-08-06T22:00:00+00:00,64.9,64.9,64.84,64.89,1105.0
2026-08-06T22:15:00+00:00,64.8667,64.8667,64.8667,64.8667,121.0
2026-08-06T22:55:00+00:00,64.91,64.91,64.91,64.91,300.0
2026-08-07T08:05:00+00:00,65.07,65.07,64.99,65.03,1633.261499
2026-08-07T09:05:00+00:00,65.23,65.25,65.23,65.25,580.0
2026-08-07T09:50:00+00:00,65.31,65.31,65.31,65.31,250.0
2026-08-07T10:10:00+00:00,65.25,65.25,65.25,65.25,472.0
2026-08-07T11:05:00+00:00,65.3517,65.3517,65.35,65.35,411.729
2026-08-07T11:10:00+00:00,65.31,65.41,65.31,65.41,518.0
2026-08-07T11:50:00+00:00,65.39,65.39,65.39,65.39,291.0
2026-08-07T12:05:00+00:00,65.45,65.45,65.36,65.36,600.0
2026-08-07T12:30:00+00:00,65.48,65.48,65.48,65.48,382.0
2026-08-07T12:35:00+00:00,65.5,65.85,65.5,65.84,19287.0
2026-08-07T12:40:00+00:00,65.86,65.91,65.85,65.91,1720.0
2026-08-07T12:45:00+00:00,65.92,65.94,65.92,65.94,732.0
2026-08-07T12:50:00+00:00,66.0,66.02,65.99,66.02,1048.181897
2026-08-07T13:00:00+00:00,66.07,66.0744,66.04,66.05,2573.0
2026-08-07T13:05:00+00:00,66.05,66.05,66.04,66.05,8996.0
2026-08-07T13:10:00+00:00,66.0,66.0,66.0,66.0,115.0
2026-08-07T13:15:00+00:00,65.93,65.93,65.91,65.93,598.0
2026-08-07T13:20:00+00:00,65.9,65.9,65.9,65.9,133.0
2026-08-07T13:25:00+00:00,65.9,65.9,65.85,65.85,1021.0
2026-08-07T13:30:00+00:00,65.9,65.9387,65.84,65.84,2605.0
2026-08-07T13:35:00+00:00,65.87,65.94,65.765,65.86,409236.56121899997
2026-08-07T13:40:00+00:00,65.86,65.87,65.68,65.745,553329.065741
2026-08-07T13:45:00+00:00,65.755,65.86,65.685,65.815,356061.446386
2026-08-07T13:50:00+00:00,65.815,65.845,65.655,65.76,1020867.3890949999
2026-08-07T13:55:00+00:00,65.755,65.76,65.62,65.63,536828.07358
2026-08-07T14:00:00+00:00,65.62,65.62,65.35,65.4,732829.29972
2026-08-07T14:05:00+00:00,65.4,65.42,65.165,65.165,596972.058693
2026-08-07T14:10:00+00:00,65.165,65.32,65.145,65.2,428959.583322
2026-08-07T14:15:00+00:00,65.19,65.195,65.005,65.06,866512.0635810001
2026-08-07T14:20:00+00:00,65.055,65.29,65.015,65.29,875486.46566
2026-08-07T14:25:00+00:00,65.29,65.31,65.185,65.21,253500.98868299997
2026-08-07T14:30:00+00:00,65.21,65.375,65.21,65.33,197064.28091899998
2026-08-07T14:35:00+00:00,65.34,65.35,65.23,65.295,516454.87717500003
2026-08-07T14:40:00+00:00,65.3,65.33,65.195,65.21,405280.15540600003
2026-08-07T14:45:00+00:00,65.21,65.23,65.1,65.13,411032.428279
2026-08-07T14:50:00+00:00,65.13,65.235,65.115,65.22,239485.5024
2026-08-07T14:55:00+00:00,65.23,65.28,65.18,65.2,290597.401233
2026-08-07T15:00:00+00:00,65.2,65.28,65.18,65.245,370450.006658
2026-08-07T15:05:00+00:00,65.245,65.29,65.21,65.2822,164602.924706
2026-08-07T15:10:00+00:00,65.285,65.36,65.275,65.325,389473.09183
2026-08-07T15:15:00+00:00,65.33,65.385,65.31,65.38,493394.944881
2026-08-07T15:20:00+00:00,65.37,65.37,65.305,65.355,91710.948322
2026-08-07T15:25:00+00:00,65.355,65.47,65.35,65.46,115497.93247
2026-08-07T15:30:00+00:00,65.455,65.525,65.455,65.48,145856.44942599998
2026-08-07T15:35:00+00:00,65.485,65.515,65.465,65.49,118693.58833
2026-08-07T15:40:00+00:00,65.49,65.535,65.475,65.506,283298.59026900004
2026-08-07T15:45:00+00:00,65.51,65.535,65.41,65.44,184879.43655900002
2026-08-07T15:50:00+00:00,65.44,65.5,65.425,65.5,67502.84755100001
2026-08-07T15:55:00+00:00,65.5,65.515,65.41,65.455,174635.847257
2026-08-07T16:00:00+00:00,65.455,65.47,65.4305,65.465,110014.48151700001
2026-08-07T16:05:00+00:00,65.465,65.48,65.44,65.48,166655.80755000003
2026-08-07T16:10:00+00:00,65.48,65.555,65.48,65.54,59440.423522
2026-08-07T16:15:00+00:00,65.55,65.555,65.51,65.51,76887.771069
2026-08-07T16:20:00+00:00,65.51,65.54,65.48,65.49,21808.019301
2026-08-07T16:25:00+00:00,65.49,65.55,65.415,65.425,395178.443766
2026-08-07T16:30:00+00:00,65.42,65.42,65.31,65.3351,218015.286445
2026-08-07T16:35:00+00:00,65.34,65.395,65.26,65.395,52836.121917
2026-08-07T16:40:00+00:00,65.39,65.455,65.375,65.455,31952.80976
2026-08-07T16:45:00+00:00,65.46,65.465,65.405,65.435,43913.76405
2026-08-07T16:50:00+00:00,65.435,65.485,65.42,65.485,482393.715781
2026-08-07T16:55:00+00:00,65.485,65.51,65.42,65.425,186657.30553
2026-08-07T17:00:00+00:00,65.43,65.45,65.415,65.435,66340.824556
2026-08-07T17:05:00+00:00,65.42,65.45,65.4,65.435,124792.424852
2026-08-07T17:10:00+00:00,65.43,65.49,65.43,65.485,175518.62455
2026-08-07T17:15:00+00:00,65.49,65.49,65.435,65.44,261540.377931
2026-08-07T17:20:00+00:00,65.44,65.465,65.44,65.45,360081.339818
2026-08-07T17:25:00+00:00,65.46,65.47,65.425,65.425,54288.342975
2026-08-07T17:30:00+00:00,65.425,65.455,65.415,65.44,148801.12033099998
2026-08-07T17:35:00+00:00,65.44,65.47,65.41,65.42,161061.46175000002
2026-08-07T17:40:00+00:00,65.415,65.46,65.41,65.46,99475.41578599998
2026-08-07T17:45:00+00:00,65.46,65.46,65.43,65.45,37199.315412
2026-08-07T17:50:00+00:00,65.4442,65.46,65.435,65.44,40032.875807000004
2026-08-07T17:55:00+00:00,65.44,65.455,65.405,65.43,76351.970664
2026-08-07T18:00:00+00:00,65.44,65.45,65.42,65.42,49866.36229600001
2026-08-07T18:05:00+00:00,65.42,65.43,65.39,65.39,85733.77208200001
2026-08-07T18:10:00+00:00,65.39,65.41,65.3801,65.41,104993.752967
2026-08-07T18:15:00+00:00,65.41,65.41,65.32,65.33,87371.0337
2026-08-07T18:20:00+00:00,65.33,65.36,65.32,65.345,143350.189155
2026-08-07T18:25:00+00:00,65.35,65.355,65.32,65.335,65811.2409
2026-08-07T18:30:00+00:00,65.335,65.34,65.3,65.31,160342.26987599998
2026-08-07T18:35:00+00:00,65.31,65.35,65.305,65.32,260699.95906899997
2026-08-07T18:40:00+00:00,65.32,65.34,65.32,65.335,120107.09535
2026-08-07T18:45:00+00:00,65.33,65.3362,65.285,65.29,125310.022964
2026-08-07T18:50:00+00:00,65.29,65.345,65.29,65.345,53247.531426
2026-08-07T18:55:00+00:00,65.35,65.375,65.345,65.36,117853.150184
2026-08-07T19:00:00+00:00,65.36,65.39,65.335,65.38,73317.528039
2026-08-07T19:05:00+00:00,65.38,65.545,65.38,65.455,317202.162673
2026-08-07T19:10:00+00:00,65.455,65.56,65.45,65.56,109381.646238
2026-08-07T19:15:00+00:00,65.57,65.61,65.565,65.575,91597.45405000001
2026-08-07T19:20:00+00:00,65.575,65.645,65.57,65.58,180288.12372599996
2026-08-07T19:25:00+00:00,65.59,65.645,65.57,65.57,82728.551741
2026-08-07T19:30:00+00:00,65.57,65.58,65.55,65.58,85913.42016000001
2026-08-07T19:35:00+00:00,65.58,65.58,65.55,65.56,78630.929317
2026-08-07T19:40:00+00:00,65.555,65.59,65.55,65.58,163854.895407
2026-08-07T19:45:00+00:00,65.58,65.58,65.54,65.545,299162.755374
2026-08-07T19:50:00+00:00,65.54,65.59,65.54,65.575,287388.34750000003
2026-08-07T19:55:00+00:00,65.58,65.62,65.57,65.585,344556.876924
2026-08-07T20:00:00+00:00,65.58,65.66,65.56,65.63,1884016.3710909998
2026-08-07T20:05:00+00:00,65.64,65.65,65.63,65.64,46816.773004999995
2026-08-07T20:10:00+00:00,65.63,65.63,65.63,65.63,1088.0
2026-08-07T20:20:00+00:00,65.61,65.61,65.61,65.61,144.0
2026-08-07T20:25:00+00:00,65.59,65.59,65.59,65.59,285.0
2026-08-07T22:00:00+00:00,65.64,65.64,65.64,65.64,26180.0
2026-08-07T22:50:00+00:00,65.75,65.75,65.75,65.75,100.0
2026-08-07T22:55:00+00:00,65.67,65.67,65.67,65.67,100.0
2026-08-07T23:00:00+00:00,65.65,65.65,65.64,65.64,6160.0
2026-08-07T23:35:00+00:00,64.99,64.99,64.99,64.99,250.955255
2026-08-08T00:00:00+00:00,65.65,65.65,65.65,65.65,722.0
2026-08-10T08:10:00+00:00,65.64,65.64,65.64,65.64,152.0
2026-08-10T08:15:00+00:00,65.62,65.62,65.62,65.62,121.0
2026-08-10T09:35:00+00:00,65.49,65.5,65.47,65.47,3281.0
2026-08-10T10:15:00+00:00,65.44,65.44,65.44,65.44,142.0
2026-08-10T10:20:00+00:00,65.29,65.34,65.29,65.29,323.0
2026-08-10T11:05:00+00:00,65.31,65.31,65.31,65.31,1007.0
2026-08-10T11:15:00+00:00,65.24,65.24,65.24,65.24,115.0
2026-08-10T11:45:00+00:00,65.3,65.3,65.3,65.3,600.0
2026-08-10T11:50:00+00:00,65.2,65.2,65.17,65.17,248.0
2026-08-10T12:15:00+00:00,65.245,65.31,65.245,65.29,1285.0
2026-08-10T12:20:00+00:00,65.17,65.17,65.17,65.17,155.0
2026-08-10T12:35:00+00:00,65.0525,65.0525,65.0525,65.0525,115.0
2026-08-10T12:50:00+00:00,65.12,65.12,65.12,65.12,1002.0
2026-08-10T12:55:00+00:00,65.2,65.2,65.2,65.2,100.0
2026-08-10T13:00:00+00:00,65.09,65.14,65.09,65.09,348.0
2026-08-10T13:05:00+00:00,65.08,65.08,65.08,65.08,500.0
2026-08-10T13:25:00+00:00,65.15,65.15,65.15,65.15,500.0
2026-08-10T13:30:00+00:00,65.18,65.21,65.18,65.19,11256.0
2026-08-10T13:35:00+00:00,65.21,65.23,65.075,65.08,630781.681956
2026-08-10T13:40:00+00:00,65.08,65.195,65.025,65.08,760290.5723069999
2026-08-10T13:45:00+00:00,65.085,65.1,64.98,65.07,381767.192318
2026-08-10T13:50:00+00:00,65.065,65.185,65.04,65.15,287478.009741
2026-08-10T13:55:00+00:00,65.14,65.17,65.05,65.105,434879.951732
2026-08-10T14:00:00+00:00,65.105,65.16,65.06,65.14,1009159.118088
2026-08-10T14:05:00+00:00,65.14,65.22,65.11,65.175,253058.336067
2026-08-10T14:10:00+00:00,65.17,65.295,65.165,65.295,234538.32218800002
2026-08-10T14:15:00+00:00,65.295,65.35,65.285,65.34,85139.459702
2026-08-10T14:20:00+00:00,65.34,65.36,65.25,65.25,114384.102814
2026-08-10T14:25:00+00:00,65.25,65.29,65.16,65.195,130194.575403
2026-08-10T14:30:00+00:00,65.19,65.235,65.145,65.205,1982080.527995
2026-08-10T14:35:00+00:00,65.205,65.265,65.19,65.25,594924.188751
2026-08-10T14:40:00+00:00,65.255,65.33,65.22,65.24,1422815.366634
2026-08-10T14:45:00+00:00,65.24,65.305,65.225,65.27,613621.473125
2026-08-10T14:50:00+00:00,65.28,65.315,65.275,65.29,360520.42339599994
2026-08-10T14:55:00+00:00,65.29,65.3,65.175,65.175,220954.431858
2026-08-10T15:00:00+00:00,65.175,65.22,65.165,65.165,197471.817628
2026-08-10T15:05:00+00:00,65.165,65.245,65.16,65.215,236593.58813599998
2026-08-10T15:10:00+00:00,65.215,65.27,65.19,65.195,609527.998688
2026-08-10T15:15:00+00:00,65.19,65.25,65.17,65.23,174804.287121
2026-08-10T15:20:00+00:00,65.23,65.28,65.23,65.27,261098.497448
2026-08-10T15:25:00+00:00,65.27,65.295,65.245,65.255,178086.908827
2026-08-10T15:30:00+00:00,65.26,65.265,65.185,65.215,212935.69265500002
2026-08-10T15:35:00+00:00,65.215,65.23,65.125,65.135,184269.22487600002
2026-08-10T15:40:00+00:00,65.13,65.185,65.13,65.145,319968.326771
2026-08-10T15:45:00+00:00,65.145,65.225,65.1397,65.225,54193.699705
2026-08-10T15:50:00+00:00,65.23,65.245,65.22,65.225,38053.156637
2026-08-10T15:55:00+00:00,65.225,65.3499,65.22,65.335,117416.30400100001
2026-08-10T16:00:00+00:00,65.335,65.335,65.3101,65.325,53536.791196000006
2026-08-10T16:05:00+00:00,65.325,65.35,65.315,65.34,91497.799053
2026-08-10T16:10:00+00:00,65.33,65.345,65.305,65.315,51210.898708
2026-08-10T16:15:00+00:00,65.315,65.325,65.295,65.295,58418.33876
2026-08-10T16:20:00+00:00,65.295,65.34,65.275,65.315,55597.11726299999
2026-08-10T16:25:00+00:00,65.32,65.345,65.31,65.34,25532.426919999998
2026-08-10T16:30:00+00:00,65.34,65.36,65.31,65.33,36842.76157
2026-08-10T16:35:00+00:00,65.325,65.335,65.12,65.265,597717.0353430001
2026-08-10T16:40:00+00:00,65.265,65.3,65.245,65.245,193932.299277
2026-08-10T16:45:00+00:00,65.25,65.255,65.165,65.18,49954.407578
2026-08-10T16:50:00+00:00,65.18,65.235,65.165,65.235,116885.26509100001
2026-08-10T16:55:00+00:00,65.235,65.235,65.185,65.2,60704.17132
2026-08-10T17:00:00+00:00,65.21,65.225,65.2,65.225,51520.38339
2026-08-10T17:05:00+00:00,65.225,65.2262,65.205,65.215,52622.394276
2026-08-10T17:10:00+00:00,65.215,65.25,65.205,65.245,45901.973478
2026-08-10T17:15:00+00:00,65.25,65.26,65.225,65.24,31952.707314
2026-08-10T17:20:00+00:00,65.255,65.27,65.225,65.235,128094.72441899999
2026-08-10T17:25:00+00:00,65.2395,65.245,65.195,65.205,84898.310489
2026-08-10T17:30:00+00:00,65.2,65.215,65.185,65.205,137773.061774
2026-08-10T17:35:00+00:00,65.2,65.24,65.2,65.235,80635.583309
2026-08-10T17:40:00+00:00,65.23,65.23,65.18,65.18,40165.334594
2026-08-10T17:45:00+00:00,65.18,65.2078,65.165,65.17,64477.338999
2026-08-10T17:50:00+00:00,65.17,65.17,65.15,65.165,45030.112126
2026-08-10T17:55:00+00:00,65.1651,65.1788,65.155,65.165,65576.239661
2026-08-10T18:00:00+00:00,65.17,65.185,65.15,65.17,80026.303749
2026-08-10T18:05:00+00:00,65.175,65.195,65.17,65.195,75774.491035
2026-08-10T18:10:00+00:00,65.1999,65.225,65.18,65.22,54069.863703
2026-08-10T18:15:00+00:00,65.22,65.235,65.2,65.205,43009.393154000005
2026-08-10T18:20:00+00:00,65.205,65.216,65.185,65.19,35875.510029000005
2026-08-10T18:25:00+00:00,65.185,65.195,65.17,65.19,25351.094558999997
2026-08-10T18:30:00+00:00,65.18,65.1859,65.175,65.181,28029.724033
2026-08-10T18:35:00+00:00,65.18,65.2399,65.17,65.235,226213.45720200002
2026-08-10T18:40:00+00:00,65.235,65.245,65.2,65.215,80255.85169499999
2026-08-10T18:45:00+00:00,65.22,65.25,65.22,65.245,38448.966121
2026-08-10T18:50:00+00:00,65.245,65.25,65.235,65.24,39763.089238
2026-08-10T18:55:00+00:00,65.24,65.25,65.22,65.25,60591.741417
2026-08-10T19:00:00+00:00,65.26,65.27,65.25,65.25,153816.014027
2026-08-10T19:05:00+00:00,65.255,65.2757,65.25,65.26,33887.990834
2026-08-10T19:10:00+00:00,65.265,65.265,65.25,65.265,59544.538391
2026-08-10T19:15:00+00:00,65.265,65.29,65.255,65.285,143554.86739899998
2026-08-10T19:20:00+00:00,65.285,65.3,65.28,65.28,45520.07849
2026-08-10T19:25:00+00:00,65.28,65.3,65.28,65.295,142190.53151
2026-08-10T19:30:00+00:00,65.295,65.305,65.29,65.295,130316.945939
2026-08-10T19:35:00+00:00,65.295,65.305,65.27,65.275,71152.887133
2026-08-10T19:40:00+00:00,65.275,65.295,65.27,65.285,101610.133109
2026-08-10T19:45:00+00:00,65.285,65.29,65.26,65.265,438740.875206
2026-08-10T19:50:00+00:00,65.265,65.3,65.25,65.3,94403.610656
2026-08-10T19:55:00+00:00,65.29,65.3,65.205,65.215,481557.310336
2026-08-10T20:00:00+00:00,65.22,65.225,65.13,65.18,1419061.698776
2026-08-10T20:05:00+00:00,65.19,65.19,65.17,65.19,9950.653312999999
2026-08-10T20:10:00+00:00,65.19,65.2,65.185,65.185,3059.0
2026-08-10T20:15:00+00:00,65.15,65.15,65.15,65.15,1205.0
2026-08-10T20:20:00+00:00,65.11,65.11,65.075,65.075,701.0
2026-08-10T20:25:00+00:00,65.09,65.09,65.09,65.09,100.0
2026-08-10T20:45:00+00:00,65.16,65.16,65.16,65.16,100.0
2026-08-10T22:45:00+00:00,65.08,65.08,65.08,65.08,150.0
2026-08-10T23:00:00+00:00,65.0987,65.0987,65.0987,65.0987,140.0
2026-08-11T08:05:00+00:00,65.29,65.29,65.29,65.29,145.0
2026-08-11T09:40:00+00:00,65.22,65.22,65.22,65.22,126.0
2026-08-11T11:05:00+00:00,65.46,65.68,65.43,65.68,999.617
2026-08-11T11:10:00+00:00,65.77,65.78,65.77,65.78,2864.0
2026-08-11T11:40:00+00:00,65.46,65.46,65.46,65.46,759.0
2026-08-11T11:55:00+00:00,65.52,65.52,65.52,65.52,100.0
2026-08-11T12:00:00+00:00,65.53,65.53,65.53,65.53,151.0
2026-08-11T12:10:00+00:00,65.54,65.6,65.475,65.6,1434.73794
2026-08-11T12:15:00+00:00,65.69,65.69,65.69,65.69,225.0
2026-08-11T12:25:00+00:00,65.53,65.56,65.52,65.56,2667.0
2026-08-11T12:45:00+00:00,65.6,65.6,65.6,65.6,311.0
2026-08-11T12:50:00+00:00,65.55,65.56,65.55,65.55,1054.0
2026-08-11T12:55:00+00:00,65.55,65.55,65.51,65.51,537.0
2026-08-11T13:05:00+00:00,65.6,65.6,65.6,65.6,120.0
2026-08-11T13:35:00+00:00,65.62,65.67,65.5,65.6,241999.32224099996
2026-08-11T13:40:00+00:00,65.6,65.745,65.575,65.635,267748.24232900003
2026-08-11T13:45:00+00:00,65.64,65.74,65.63,65.7,142822.435203
2026-08-11T13:50:00+00:00,65.695,65.695,65.53,65.555,452555.58986
2026-08-11T13:55:00+00:00,65.56,65.6,65.435,65.435,402571.852207
2026-08-11T14:00:00+00:00,65.435,65.6201,65.415,65.62,173010.487853
2026-08-11T14:05:00+00:00,65.615,65.71,65.6,65.64,122256.68491600001
2026-08-11T14:10:00+00:00,65.64,65.715,65.62,65.66,60846.503776
2026-08-11T14:15:00+00:00,65.655,65.69,65.59,65.6,78370.59469
2026-08-11T14:20:00+00:00,65.615,65.685,65.595,65.625,118190.97361799999
2026-08-11T14:25:00+00:00,65.62,65.67,65.605,65.635,65484.264874
2026-08-11T14:30:00+00:00,65.635,65.68,65.615,65.6605,33232.84188
2026-08-11T14:35:00+00:00,65.67,65.685,65.6,65.685,86502.92199999999
2026-08-11T14:40:00+00:00,65.69,65.75,65.63,65.63,134375.616755
2026-08-11T14:45:00+00:00,65.62,65.64,65.59,65.615,69852.18379400001
2026-08-11T14:50:00+00:00,65.61,65.665,65.61,65.665,49216.990935
2026-08-11T14:55:00+00:00,65.66,65.74,65.63,65.7201,78362.43246
2026-08-11T15:00:00+00:00,65.72,65.75,65.67,65.69,116018.54774000001
2026-08-11T15:05:00+00:00,65.685,65.73,65.68,65.71,102980.0876
2026-08-11T15:10:00+00:00,65.705,65.705,65.535,65.54,189609.70140999998
2026-08-11T15:15:00+00:00,65.535,65.565,65.53,65.54,221491.22961
2026-08-11T15:20:00+00:00,65.54,65.58,65.52,65.555,64779.051715
2026-08-11T15:25:00+00:00,65.555,65.64,65.55,65.56,45896.799
2026-08-11T15:30:00+00:00,65.56,65.58,65.535,65.545,53074.162104999996
2026-08-11T15:35:00+00:00,65.54,65.57,65.43,65.44,380287.404566
2026-08-11T15:40:00+00:00,65.445,65.49,65.43,65.43,318309.760614
2026-08-11T15:45:00+00:00,65.43,65.445,65.4,65.435,78741.9415
2026-08-11T15:50:00+00:00,65.43,65.435,65.4,65.43,56210.001190999996
2026-08-11T15:55:00+00:00,65.42,65.44,65.3785,65.4,63816.184068
2026-08-11T16:00:00+00:00,65.405,65.425,65.39,65.405,20009.997412
2026-08-11T16:05:00+00:00,65.4,65.425,65.3823,65.3914,106111.989558
2026-08-11T16:10:00+00:00,65.39,65.46,65.39,65.46,28381.514303
2026-08-11T16:15:00+00:00,65.46,65.6,65.42,65.42,213586.773073
2026-08-11T16:20:00+00:00,65.41,65.48,65.41,65.435,87064.553903
2026-08-11T16:25:00+00:00,65.44,65.48,65.425,65.445,49038.242477
2026-08-11T16:30:00+00:00,65.445,65.48,65.42,65.48,53048.2746
2026-08-11T16:35:00+00:00,65.485,65.496,65.445,65.45,28596.991616
2026-08-11T16:40:00+00:00,65.45,65.5199,65.445,65.515,33032.091589999996
2026-08-11T16:45:00+00:00,65.52,65.525,65.48,65.48,22811.196417
2026-08-11T16:50:00+00:00,65.475,65.475,65.4187,65.44,35531.33308
2026-08-11T16:55:00+00:00,65.445,65.445,65.42,65.42,32104.811690000002
2026-08-11T17:00:00+00:00,65.425,65.435,65.3899,65.395,21447.0
2026-08-11T17:05:00+00:00,65.4,65.405,65.34,65.34,29249.920104
2026-08-11T17:10:00+00:00,65.33,65.38,65.325,65.35,40386.865659
2026-08-11T17:15:00+00:00,65.345,65.345,65.265,65.265,94289.687224
2026-08-11T17:20:00+00:00,65.26,65.36,65.26,65.34,124368.191135
2026-08-11T17:25:00+00:00,65.345,65.37,65.32,65.34,95731.0
2026-08-11T17:30:00+00:00,65.34,65.355,65.31,65.34,54721.07653
2026-08-11T17:35:00+00:00,65.34,65.3441,65.31,65.335,45960.081665
2026-08-11T17:40:00+00:00,65.34,65.365,65.34,65.36,92980.579846
2026-08-11T17:45:00+00:00,65.35,65.405,65.35,65.39,73857.460826
2026-08-11T17:50:00+00:00,65.39,65.41,65.375,65.395,52296.82334
2026-08-11T17:55:00+00:00,65.395,65.405,65.38,65.39,42446.097364
2026-08-11T18:00:00+00:00,65.385,65.385,65.37,65.37,60419.178568
2026-08-11T18:05:00+00:00,65.37,65.375,65.335,65.345,136989.49159
2026-08-11T18:10:00+00:00,65.345,65.345,65.3,65.31,27706.4154
2026-08-11T18:15:00+00:00,65.3,65.335,65.3,65.315,101169.6713
2026-08-11T18:20:00+00:00,65.315,65.335,65.31,65.325,143383.70990800002
2026-08-11T18:25:00+00:00,65.325,65.325,65.27,65.285,61168.180037
2026-08-11T18:30:00+00:00,65.29,65.3,65.19,65.2,93943.388577
2026-08-11T18:35:00+00:00,65.205,65.28,65.2,65.28,71369.89223900001
2026-08-11T18:40:00+00:00,65.28,65.285,65.25,65.27,100901.901954
2026-08-11T18:45:00+00:00,65.27,65.27,65.22,65.25,50141.560366
2026-08-11T18:50:00+00:00,65.255,65.31,65.255,65.305,41456.741500000004
2026-08-11T18:55:00+00:00,65.31,65.34,65.305,65.33,69796.453752
2026-08-11T19:00:00+00:00,65.33,65.34,65.317,65.317,38214.459068
2026-08-11T19:05:00+00:00,65.32,65.3499,65.3059,65.32,51094.38366100001
2026-08-11T19:10:00+00:00,65.3262,65.3262,65.275,65.29,45428.443433
2026-08-11T19:15:00+00:00,65.29,65.34,65.285,65.33,42398.481909999995
2026-08-11T19:20:00+00:00,65.33,65.355,65.32,65.34,74119.658809
2026-08-11T19:25:00+00:00,65.33,65.36,65.3299,65.3501,94104.22128
2026-08-11T19:30:00+00:00,65.355,65.38,65.345,65.37,116883.250336
2026-08-11T19:35:00+00:00,65.375,65.405,65.375,65.395,141005.900279
2026-08-11T19:40:00+00:00,65.395,65.395,65.365,65.395,121247.25427300001
2026-08-11T19:45:00+00:00,65.39,65.395,65.36,65.37,103199.572935
2026-08-11T19:50:00+00:00,65.37,65.385,65.3526,65.375,151682.088698
2026-08-11T19:55:00+00:00,65.38,65.4189,65.365,65.4,447637.1591880001
2026-08-11T20:00:00+00:00,65.4,65.44,65.385,65.43,1039638.0047009999
2026-08-11T20:05:00+00:00,65.43,65.45,65.4,65.41,50476.45199
2026-08-11T20:10:00+00:00,65.4,65.4,65.39,65.39,3200.0
2026-08-11T20:15:00+00:00,65.4,65.4,65.4,65.4,106.0
2026-08-11T20:25:00+00:00,65.4,65.4,65.39,65.39,905.0
2026-08-11T20:50:00+00:00,65.42,65.45,65.41,65.45,882.0
2026-08-11T20:55:00+00:00,65.39,65.39,65.38,65.38,400.0
2026-08-11T21:40:00+00:00,65.43,65.43,65.43,65.43,200.0
2026-08-11T21:45:00+00:00,65.43,65.43,65.43,65.43,650.0
2026-08-11T22:00:00+00:00,65.36,65.43,65.35,65.43,1309.0
2026-08-11T22:40:00+00:00,65.43,65.43,65.43,65.43,656.0
2026-08-11T22:55:00+00:00,65.45,65.45,65.45,65.45,238.0
2026-08-12T08:05:00+00:00,65.88,65.95,65.88,65.95,420.43949
2026-08-12T08:10:00+00:00,65.97,65.97,65.97,65.97,159.0
2026-08-12T08:15:00+00:00,65.96,65.97,65.96,65.97,260.0
2026-08-12T09:05:00+00:00,66.05,66.08,66.05,66.08,7961.063708
2026-08-12T09:25:00+00:00,66.29,66.3,66.29,66.3,272.0
2026-08-12T10:20:00+00:00,66.2,66.2,66.2,66.2,400.0
2026-08-12T10:40:00+00:00,66.22,66.22,66.22,66.22,100.0
2026-08-12T11:05:00+00:00,66.06,66.06,66.02,66.02,1586.816
2026-08-12T11:20:00+00:00,66.17,66.17,66.17,66.17,4528.0
2026-08-12T11:25:00+00:00,66.15,66.15,66.15,66.15,200.0
2026-08-12T11:35:00+00:00,66.19,66.228,66.19,66.228,302.794561
2026-08-12T11:40:00+00:00,66.1311,66.1311,66.1311,66.1311,202.906
2026-08-12T11:45:00+00:00,66.23,66.24,66.23,66.24,3010.0
2026-08-12T11:55:00+00:00,66.25,66.25,66.25,66.25,3846.0
2026-08-12T12:00:00+00:00,66.25,66.25,66.24,66.24,1383.097068
2026-08-12T12:05:00+00:00,66.28,66.31,66.28,66.3,3976.010566
2026-08-12T12:30:00+00:00,66.33,66.49,66.3,66.49,58794.0
2026-08-12T12:35:00+00:00,66.27,66.27,66.21,66.22,2340.0
2026-08-12T12:55:00+00:00,66.49,66.54,66.49,66.54,5503.0
2026-08-12T13:00:00+00:00,66.5739,66.59,66.53,66.59,8236.0
2026-08-12T13:05:00+00:00,66.5809,66.619,66.579,66.59,16433.0
2026-08-12T13:10:00+00:00,66.61,66.62,66.61,66.62,2109.086996
2026-08-12T13:15:00+00:00,66.61,66.61,66.54,66.54,51261.032294
2026-08-12T13:20:00+00:00,66.52,66.57,66.52,66.57,780.0
2026-08-12T13:25:00+00:00,66.57,66.57,66.53,66.53,2934.0
2026-08-12T13:30:00+00:00,66.54,66.63,66.54,66.6,51991.0
2026-08-12T13:35:00+00:00,66.61,66.67,66.47,66.47,491731.3096539999
2026-08-12T13:40:00+00:00,66.46,66.525,66.33,66.38,352737.55288800003
2026-08-12T13:45:00+00:00,66.38,66.485,66.305,66.465,133795.11031800002
2026-08-12T13:50:00+00:00,66.47,66.63,66.385,66.58,345165.586082
2026-08-12T13:55:00+00:00,66.59,66.61,66.485,66.49,174945.503949
2026-08-12T14:00:00+00:00,66.485,66.49,66.38,66.46,109759.33026399999
2026-08-12T14:05:00+00:00,66.455,66.5,66.425,66.47,212765.010278
2026-08-12T14:10:00+00:00,66.46,66.54,66.45,66.535,242178.247417
2026-08-12T14:15:00+00:00,66.535,66.54,66.42,66.42,298659.97771
2026-08-12T14:20:00+00:00,66.43,66.545,66.42,66.49,62549.327687
2026-08-12T14:25:00+00:00,66.49,66.57,66.47,66.57,136428.463238
2026-08-12T14:30:00+00:00,66.585,66.63,66.555,66.57,625536.8392040001
2026-08-12T14:35:00+00:00,66.57,66.61,66.39,66.49,796057.928088
2026-08-12T14:40:00+00:00,66.49,66.5801,66.45,66.55,666876.77217
2026-08-12T14:45:00+00:00,66.56,66.57,66.5,66.545,152137.0
2026-08-12T14:50:00+00:00,66.55,66.5501,66.425,66.4337,129580.234541
2026-08-12T14:55:00+00:00,66.44,66.44,66.325,66.33,297839.65629699995
2026-08-12T15:00:00+00:00,66.335,66.375,66.3,66.35,74802.50344100001
2026-08-12T15:05:00+00:00,66.35,66.385,66.31,66.35,383002.66590599995
2026-08-12T15:10:00+00:00,66.35,66.43,66.35,66.42,190908.542585
2026-08-12T15:15:00+00:00,66.41,66.48,66.385,66.465,74170.450438
2026-08-12T15:20:00+00:00,66.46,66.48,66.435,66.44,38611.293267
2026-08-12T15:25:00+00:00,66.44,66.445,66.39,66.4,57282.080712999996
2026-08-12T15:30:00+00:00,66.4,66.44,66.365,66.435,139785.38920900002
2026-08-12T15:35:00+00:00,66.435,66.445,66.315,66.345,304650.381206
2026-08-12T15:40:00+00:00,66.34,66.41,66.34,66.355,433318.62310399994
2026-08-12T15:45:00+00:00,66.355,66.355,66.3,66.31,48266.3745
2026-08-12T15:50:00+00:00,66.32,66.32,66.28,66.3,46556.949447
2026-08-12T15:55:00+00:00,66.295,66.3694,66.285,66.33,237955.161258
2026-08-12T16:00:00+00:00,66.33,66.355,66.32,66.34,82373.929
2026-08-12T16:05:00+00:00,66.34,66.39,66.34,66.355,65747.647857
2026-08-12T16:10:00+00:00,66.35,66.36,66.315,66.34,130633.99624400001
2026-08-12T16:15:00+00:00,66.35,66.35,66.31,66.32,88241.571925
2026-08-12T16:20:00+00:00,66.32,66.32,66.29,66.3,55371.086322999996
2026-08-12T16:25:00+00:00,66.305,66.325,66.295,66.315,52023.883377
2026-08-12T16:30:00+00:00,66.315,66.315,66.27,66.275,53810.244795
2026-08-12T16:35:00+00:00,66.275,66.275,66.21,66.21,92544.02451999999
2026-08-12T16:40:00+00:00,66.21,66.245,66.195,66.245,53880.783558999996
2026-08-12T16:45:00+00:00,66.25,66.27,66.24,66.2499,47727.214668
2026-08-12T16:50:00+00:00,66.245,66.275,66.245,66.25,200169.986126
2026-08-12T16:55:00+00:00,66.245,66.285,66.245,66.285,43538.77501
2026-08-12T17:00:00+00:00,66.28,66.295,66.275,66.285,40822.55593
2026-08-12T17:05:00+00:00,66.29,66.355,66.285,66.35,49225.549461
2026-08-12T17:10:00+00:00,66.35,66.3701,66.35,66.355,46917.862211
2026-08-12T17:15:00+00:00,66.355,66.355,66.32,66.335,65687.980935
2026-08-12T17:20:00+00:00,66.32,66.32,66.285,66.3,71093.77834799999
2026-08-12T17:25:00+00:00,66.305,66.335,66.305,66.33,29321.580880999998
2026-08-12T17:30:00+00:00,66.325,66.36,66.325,66.3463,36873.477396999995
2026-08-12T17:35:00+00:00,66.345,66.385,66.34,66.37,45828.416327000006
2026-08-12T17:40:00+00:00,66.37,66.395,66.36,66.385,52919.304854
2026-08-12T17:45:00+00:00,66.385,66.415,66.38,66.395,147488.404152
2026-08-12T17:50:00+00:00,66.39,66.405,66.385,66.395,33305.233741000004
2026-08-12T17:55:00+00:00,66.395,66.42,66.375,66.38,67713.582501
2026-08-12T18:00:00+00:00,66.38,66.405,66.375,66.39,393268.085158
2026-08-12T18:05:00+00:00,66.385,66.3951,66.355,66.385,404965.179001
2026-08-12T18:10:00+00:00,66.385,66.3977,66.375,66.385,110080.70452900001
2026-08-12T18:15:00+00:00,66.385,66.43,66.38,66.415,122038.0
2026-08-12T18:20:00+00:00,66.415,66.42,66.385,66.405,193925.35430799998
2026-08-12T18:25:00+00:00,66.41,66.44,66.395,66.435,216419.26258799998
2026-08-12T18:30:00+00:00,66.44,66.46,66.425,66.43,318421.00421
2026-08-12T18:35:00+00:00,66.435,66.44,66.41,66.42,291640.05316300003
2026-08-12T18:40:00+00:00,66.425,66.455,66.425,66.445,235019.176138
2026-08-12T18:45:00+00:00,66.445,66.47,66.445,66.46,429545.579595
2026-08-12T18:50:00+00:00,66.465,66.475,66.44,66.47,212343.827469
2026-08-12T18:55:00+00:00,66.47,66.47,66.45,66.45,307500.92624000006
2026-08-12T19:00:00+00:00,66.445,66.45,66.4,66.41,294327.62726
2026-08-12T19:05:00+00:00,66.41,66.45,66.41,66.44,326055.500077
2026-08-12T19:10:00+00:00,66.44,66.485,66.435,66.48,260790.983604
2026-08-12T19:15:00+00:00,66.475,66.49,66.46,66.475,265597.617802
2026-08-12T19:20:00+00:00,66.47,66.51,66.47,66.5,239486.03824000002
2026-08-12T19:25:00+00:00,66.495,66.495,66.45,66.455,349888.06
2026-08-12T19:30:00+00:00,66.455,66.47,66.42,66.445,259720.811142
2026-08-12T19:35:00+00:00,66.445,66.445,66.4,66.42,282721.581708
2026-08-12T19:40:00+00:00,66.415,66.44,66.4,66.41,279463.589524
2026-08-12T19:45:00+00:00,66.41,66.42,66.38,66.395,564525.4264679999
2026-08-12T19:50:00+00:00,66.4,66.43,66.38,66.43,310008.25162
2026-08-12T19:55:00+00:00,66.42,66.435,66.38,66.4217,1139449.7703260002
2026-08-12T20:00:00+00:00,66.425,66.47,66.385,66.45,1873067.414996
2026-08-12T20:05:00+00:00,66.46,66.53,66.3655,66.53,52846.664619999996
2026-08-12T20:10:00+00:00,66.53,66.6,66.53,66.55,43241.0
2026-08-12T20:15:00+00:00,66.53,66.53,66.52,66.53,8939.0
2026-08-12T21:50:00+00:00,66.53,66.53,66.53,66.53,100.0
2026-08-12T21:55:00+00:00,66.53,66.53,66.53,66.53,306.0
2026-08-13T08:05:00+00:00,66.65,66.75,66.48,66.48,1804.694618
2026-08-13T10:00:00+00:00,66.34,66.35,66.32,66.35,14278.0
2026-08-13T11:00:00+00:00,66.37,66.4,66.189,66.4,512.84478
2026-08-13T11:05:00+00:00,66.43,66.45,66.33,66.45,2031.0
2026-08-13T11:20:00+00:00,66.44,66.44,66.44,66.44,190.0
2026-08-13T11:30:00+00:00,66.35,66.35,66.3499,66.3499,400.0
2026-08-13T11:40:00+00:00,66.35,66.35,66.35,66.35,1248.094
2026-08-13T11:55:00+00:00,66.42,66.42,66.42,66.42,500.0
2026-08-13T12:00:00+00:00,66.42,66.42,66.42,66.42,113.0
2026-08-13T12:20:00+00:00,66.21,66.21,66.04,66.04,400.0
2026-08-13T12:35:00+00:00,66.39,66.39,66.21,66.21,6835.0
2026-08-13T12:45:00+00:00,66.35,66.35,66.35,66.35,5000.0
2026-08-13T12:50:00+00:00,66.33,66.35,66.33,66.35,6771.0
2026-08-13T13:00:00+00:00,66.4124,66.4124,66.4124,66.4124,100.0
2026-08-13T13:05:00+00:00,66.41,66.44,66.39,66.44,13948.0
2026-08-13T13:10:00+00:00,66.44,66.45,66.44,66.45,36177.0
2026-08-13T13:15:00+00:00,66.4339,66.45,66.4339,66.45,317.0
2026-08-13T13:20:00+00:00,66.44,66.45,66.44,66.45,34589.0
2026-08-13T13:25:00+00:00,66.47,66.47,66.47,66.47,253.0
2026-08-13T13:30:00+00:00,66.45,66.45,66.41,66.41,132083.0
2026-08-13T13:35:00+00:00,66.42,66.45,66.345,66.44,687852.019926
2026-08-13T13:40:00+00:00,66.435,66.6,66.43,66.6,466831.401473
2026-08-13T13:45:00+00:00,66.605,66.615,66.515,66.555,222245.513888
2026-08-13T13:50:00+00:00,66.545,66.72,66.53,66.7,176427.42021900002
2026-08-13T13:55:00+00:00,66.69,66.72,66.575,66.62,421490.024927
2026-08-13T14:00:00+00:00,66.62,66.655,66.545,66.63,262569.203276
2026-08-13T14:05:00+00:00,66.63,66.73,66.61,66.69,142788.696515
2026-08-13T14:10:00+00:00,66.685,66.7,66.65,66.6502,104620.69601099999
2026-08-13T14:15:00+00:00,66.66,66.74,66.65,66.71,62151.583234000005
2026-08-13T14:20:00+00:00,66.7114,66.76,66.695,66.73,60447.331892999995
2026-08-13T14:25:00+00:00,66.725,66.8,66.695,66.78,124697.190994
2026-08-13T14:30:00+00:00,66.78,66.82,66.77,66.8,97720.610787
2026-08-13T14:35:00+00:00,66.795,66.865,66.745,66.855,216818.032682
2026-08-13T14:40:00+00:00,66.855,66.885,66.82,66.86,124749.74735
2026-08-13T14:45:00+00:00,66.85,66.88,66.835,66.845,130373.078404
2026-08-13T14:50:00+00:00,66.84,66.85,66.79,66.795,113179.115548
2026-08-13T14:55:00+00:00,66.795,66.815,66.78,66.815,222381.060107
2026-08-13T15:00:00+00:00,66.81,66.82,66.77,66.77,113884.269
2026-08-13T15:05:00+00:00,66.77,66.84,66.745,66.79,216449.102912
2026-08-13T15:10:00+00:00,66.8,66.845,66.7814,66.82,178796.295247
2026-08-13T15:15:00+00:00,66.83,66.88,66.81,66.825,115302.50125399999
2026-08-13T15:20:00+00:00,66.815,66.855,66.8,66.855,153790.513988
2026-08-13T15:25:00+00:00,66.855,66.97,66.85,66.95,301579.106632
2026-08-13T15:30:00+00:00,66.95,66.95,66.795,66.815,436639.327806
2026-08-13T15:35:00+00:00,66.81,66.82,66.67,66.67,220924.140537
2026-08-13T15:40:00+00:00,66.68,66.77,66.675,66.76,317263.8886
2026-08-13T15:45:00+00:00,66.765,66.81,66.73,66.745,109258.620891
2026-08-13T15:50:00+00:00,66.745,66.75,66.72,66.745,75502.213448
2026-08-13T15:55:00+00:00,66.74,66.74,66.665,66.7,159561.912137
2026-08-13T16:00:00+00:00,66.705,66.75,66.67,66.7,82273.014
2026-08-13T16:05:00+00:00,66.7,66.77,66.7,66.76,122193.46951299999
2026-08-13T16:10:00+00:00,66.755,66.79,66.74,66.77,74725.388529
2026-08-13T16:15:00+00:00,66.77,66.77,66.69,66.69,132807.090157
2026-08-13T16:20:00+00:00,66.7,66.725,66.685,66.71,123997.27744100001
2026-08-13T16:25:00+00:00,66.72,66.75,66.69,66.75,83279.049224
2026-08-13T16:30:00+00:00,66.7488,66.795,66.7488,66.79,83487.670178
2026-08-13T16:35:00+00:00,66.79,66.81,66.785,66.8001,126384.49710000001
2026-08-13T16:40:00+00:00,66.805,66.835,66.79,66.815,74672.548381
2026-08-13T16:45:00+00:00,66.8163,66.83,66.8,66.825,52454.974859
2026-08-13T16:50:00+00:00,66.825,66.85,66.825,66.85,74948.59792
2026-08-13T16:55:00+00:00,66.85,66.855,66.8,66.805,96483.02538899999
2026-08-13T17:00:00+00:00,66.8,66.845,66.79,66.84,101044.003366
2026-08-13T17:05:00+00:00,66.845,66.885,66.845,66.87,127004.336485
2026-08-13T17:10:00+00:00,66.865,66.9,66.86,66.875,114888.831075
2026-08-13T17:15:00+00:00,66.87,66.89,66.855,66.855,148327.653576
2026-08-13T17:20:00+00:00,66.855,66.875,66.84,66.875,134196.44428999998
2026-08-13T17:25:00+00:00,66.87,66.88,66.85,66.875,71349.92542799999
2026-08-13T17:30:00+00:00,66.88,66.885,66.855,66.855,127340.674777
2026-08-13T17:35:00+00:00,66.855,66.88,66.85,66.8659,189013.65589400003
2026-08-13T17:40:00+00:00,66.86,66.8658,66.83,66.84,183630.768847
2026-08-13T17:45:00+00:00,66.84,66.8599,66.83,66.85,81078.033
2026-08-13T17:50:00+00:00,66.845,66.875,66.83,66.84,133586.84399999998
2026-08-13T17:55:00+00:00,66.845,66.8499,66.8,66.815,116659.50615
2026-08-13T18:00:00+00:00,66.81,66.82,66.76,66.765,144374.74356600002
2026-08-13T18:05:00+00:00,66.765,66.785,66.75,66.765,82439.60212299999
2026-08-13T18:10:00+00:00,66.765,66.78,66.75,66.765,71249.18957
2026-08-13T18:15:00+00:00,66.76,66.795,66.74,66.785,126355.64212100001
2026-08-13T18:20:00+00:00,66.785,66.805,66.77,66.795,69222.353485
2026-08-13T18:25:00+00:00,66.79,66.79,66.765,66.765,69161.545942
2026-08-13T18:30:00+00:00,66.77,66.795,66.77,66.785,107928.621026
2026-08-13T18:35:00+00:00,66.785,66.81,66.78,66.795,37507.588982
2026-08-13T18:40:00+00:00,66.795,66.805,66.79,66.79,36993.975958999996
2026-08-13T18:45:00+00:00,66.8,66.805,66.765,66.765,49612.072326
2026-08-13T18:50:00+00:00,66.76,66.81,66.755,66.805,672417.998239
2026-08-13T18:55:00+00:00,66.805,66.82,66.79,66.795,84340.199
2026-08-13T19:00:00+00:00,66.79,66.79,66.75,66.755,67537.987985
2026-08-13T19:05:00+00:00,66.755,66.7874,66.75,66.765,95336.079742
2026-08-13T19:10:00+00:00,66.76,66.8,66.755,66.785,210847.356626
2026-08-13T19:15:00+00:00,66.785,66.785,66.73,66.735,102880.9005
2026-08-13T19:20:00+00:00,66.74,66.76,66.715,66.755,332481.42676
2026-08-13T19:25:00+00:00,66.755,66.77,66.74,66.745,178155.62901099998
2026-08-13T19:30:00+00:00,66.74,66.745,66.71,66.715,61923.014809
2026-08-13T19:35:00+00:00,66.71,66.71,66.675,66.685,101779.938471
2026-08-13T19:40:00+00:00,66.69,66.705,66.685,66.7,65766.389123
2026-08-13T19:45:00+00:00,66.7,66.7,66.675,66.675,72358.553702
2026-08-13T19:50:00+00:00,66.67,66.675,66.63,66.645,254890.19748099998
2026-08-13T19:55:00+00:00,66.64,66.66,66.605,66.64,334878.265253
2026-08-13T20:00:00+00:00,66.64,66.685,66.61,66.675,886992.115915
2026-08-13T20:05:00+00:00,66.68,66.7,66.66,66.7,7748.030354
2026-08-13T20:10:00+00:00,66.69,66.69,66.66,66.68,104785.0
2026-08-13T20:15:00+00:00,66.6794,66.6896,66.6794,66.6896,1051.0
2026-08-13T20:30:00+00:00,66.66,66.66,66.66,66.66,69000.0
2026-08-13T21:10:00+00:00,66.84,66.84,66.84,66.84,102.0
2026-08-14T00:00:00+00:00,66.72,66.72,66.72,66.72,100.0
2026-08-14T08:05:00+00:00,66.6,66.6,66.6,66.6,377.0
2026-08-14T08:40:00+00:00,66.76,66.76,66.76,66.76,100.0
2026-08-14T08:50:00+00:00,66.75,66.75,66.75,66.75,100.0
2026-08-14T11:20:00+00:00,66.98,66.99,66.86,66.86,928.0
2026-08-14T11:25:00+00:00,67.0,67.0,67.0,67.0,249.0
2026-08-14T12:05:00+00:00,67.04,67.04,67.04,67.04,525.0
2026-08-14T12:15:00+00:00,66.89,66.89,66.89,66.89,693.0
2026-08-14T12:35:00+00:00,67.08,67.09,67.08,67.09,667.0
2026-08-14T12:50:00+00:00,66.99,66.99,66.94,66.94,4270.0
2026-08-14T12:55:00+00:00,66.94,66.97,66.92,66.97,1489.0
2026-08-14T13:00:00+00:00,66.95,66.99,66.94,66.94,3127.0
2026-08-14T13:05:00+00:00,66.96,66.96,66.96,66.96,277.0
2026-08-14T13:10:00+00:00,66.95,66.95,66.93,66.95,3494.051759
2026-08-14T13:15:00+00:00,66.92,66.93,66.84,66.84,74231.0
2026-08-14T13:20:00+00:00,66.84,66.86,66.82,66.82,13239.0
2026-08-14T13:25:00+00:00,66.83,66.85,66.83,66.85,14226.0
2026-08-14T13:30:00+00:00,66.85,66.89,66.83,66.85,77328.0
2026-08-14T13:35:00+00:00,66.845,66.89,66.68,66.68,596844.8186669999
2026-08-14T13:40:00+00:00,66.68,66.82,66.675,66.79,153334.56771099998
2026-08-14T13:45:00+00:00,66.8,66.87,66.74,66.87,111489.059976
2026-08-14T13:50:00+00:00,66.87,66.9,66.785,66.835,176281.418339
2026-08-14T13:55:00+00:00,66.835,66.95,66.83,66.89,518722.148813
2026-08-14T14:00:00+00:00,66.89,66.91,66.85,66.88,163908.371246
2026-08-14T14:05:00+00:00,66.875,67.03,66.855,67.02,197494.20312299998
2026-08-14T14:10:00+00:00,67.02,67.09,67.0,67.0099,121522.72975099999
2026-08-14T14:15:00+00:00,67.01,67.035,66.95,66.95,162025.122517
2026-08-14T14:20:00+00:00,66.95,66.985,66.825,66.835,285850.59788400005
2026-08-14T14:25:00+00:00,66.825,66.87,66.765,66.78,380929.629657
2026-08-14T14:30:00+00:00,66.8,66.84,66.785,66.82,154023.938
2026-08-14T14:35:00+00:00,66.825,66.84,66.76,66.81,102397.07531899998
2026-08-14T14:40:00+00:00,66.81,66.87,66.81,66.86,62826.227042
2026-08-14T14:45:00+00:00,66.855,66.86,66.805,66.81,123233.72072800001
2026-08-14T14:50:00+00:00,66.815,66.815,66.765,66.785,127788.21025099998
2026-08-14T14:55:00+00:00,66.785,66.825,66.775,66.79,76693.46214599999
2026-08-14T15:00:00+00:00,66.79,66.8,66.76,66.765,36092.387195
2026-08-14T15:05:00+00:00,66.77,66.815,66.75,66.765,101894.83982299999
2026-08-14T15:10:00+00:00,66.775,66.81,66.74,66.74,57973.18300600001
2026-08-14T15:15:00+00:00,66.75,66.795,66.7321,66.735,112987.86238
2026-08-14T15:20:00+00:00,66.735,66.76,66.715,66.72,84967.955202
2026-08-14T15:25:00+00:00,66.72,66.735,66.56,66.56,79323.56592000001
2026-08-14T15:30:00+00:00,66.56,66.64,66.515,66.64,92758.92629999999
2026-08-14T15:35:00+00:00,66.635,66.64,66.555,66.56,81615.194563
2026-08-14T15:40:00+00:00,66.58,66.62,66.54,66.54,231635.100133
2026-08-14T15:45:00+00:00,66.53,66.53,66.47,66.5045,226047.14404800002
2026-08-14T15:50:00+00:00,66.51,66.56,66.45,66.45,222099.081216
2026-08-14T15:55:00+00:00,66.455,66.54,66.4222,66.53,128560.106146
2026-08-14T16:00:00+00:00,66.54,66.55,66.52,66.52,71163.043563
2026-08-14T16:05:00+00:00,66.53,66.58,66.53,66.56,48610.767894000004
2026-08-14T16:10:00+00:00,66.56,66.57,66.495,66.52,29055.37984
2026-08-14T16:15:00+00:00,66.52,66.56,66.515,66.55,19437.234883
2026-08-14T16:20:00+00:00,66.555,66.59,66.55,66.58,34177.9857
2026-08-14T16:25:00+00:00,66.57,66.6,66.57,66.585,95170.749684
2026-08-14T16:30:00+00:00,66.585,66.605,66.56,66.5781,19518.602400000003
2026-08-14T16:35:00+00:00,66.575,66.575,66.5224,66.545,49536.063412
2026-08-14T16:40:00+00:00,66.54,66.615,66.54,66.595,66679.612227
2026-08-14T16:45:00+00:00,66.59,66.6,66.55,66.55,44396.644597
2026-08-14T16:50:00+00:00,66.55,66.565,66.535,66.56,24775.0
2026-08-14T16:55:00+00:00,66.56,66.56,66.505,66.51,17318.811367000002
2026-08-14T17:00:00+00:00,66.52,66.53,66.51,66.51,90923.65501
2026-08-14T17:05:00+00:00,66.52,66.535,66.51,66.515,35334.854541
2026-08-14T17:10:00+00:00,66.515,66.54,66.51,66.525,20008.761993
2026-08-14T17:15:00+00:00,66.525,66.54,66.5141,66.515,133639.56178
2026-08-14T17:20:00+00:00,66.525,66.54,66.5,66.525,20118.17665
2026-08-14T17:25:00+00:00,66.52,66.54,66.485,66.485,16677.820046
2026-08-14T17:30:00+00:00,66.48,66.5,66.475,66.485,32403.890293999997
2026-08-14T17:35:00+00:00,66.485,66.49,66.47,66.485,227903.80070000002
2026-08-14T17:40:00+00:00,66.48,66.485,66.445,66.45,178041.21320199998
2026-08-14T17:45:00+00:00,66.44,66.465,66.43,66.445,171995.35348600004
2026-08-14T17:50:00+00:00,66.445,66.465,66.44,66.45,29006.874264
2026-08-14T17:55:00+00:00,66.445,66.49,66.44,66.49,41839.902029000004
2026-08-14T18:00:00+00:00,66.485,66.495,66.475,66.49,30759.74981
2026-08-14T18:05:00+00:00,66.49,66.515,66.48,66.51,33908.713139
2026-08-14T18:10:00+00:00,66.515,66.555,66.505,66.55,223535.995871
2026-08-14T18:15:00+00:00,66.56,66.56,66.525,66.525,62182.909146
2026-08-14T18:20:00+00:00,66.53,66.565,66.53,66.545,55715.426908
2026-08-14T18:25:00+00:00,66.55,66.555,66.535,66.54,140636.954882
2026-08-14T18:30:00+00:00,66.545,66.555,66.53,66.535,35886.857032
2026-08-14T18:35:00+00:00,66.535,66.545,66.505,66.515,125623.205207
2026-08-14T18:40:00+00:00,66.51,66.535,66.5001,66.53,26090.2555
2026-08-14T18:45:00+00:00,66.53,66.565,66.53,66.55,27987.953022
2026-08-14T18:50:00+00:00,66.55,66.555,66.525,66.555,194667.992205
2026-08-14T18:55:00+00:00,66.5584,66.585,66.5584,66.565,517225.584141
2026-08-14T19:00:00+00:00,66.565,66.57,66.53,66.535,62066.209752
2026-08-14T19:05:00+00:00,66.54,66.55,66.505,66.505,56003.810475
2026-08-14T19:10:00+00:00,66.51,66.525,66.48,66.52,60776.134865
2026-08-14T19:15:00+00:00,66.52,66.5278,66.495,66.495,60525.775467
2026-08-14T19:20:00+00:00,66.495,66.515,66.47,66.505,116833.36592100002
2026-08-14T19:25:00+00:00,66.505,66.54,66.505,66.53,44518.122180000006
2026-08-14T19:30:00+00:00,66.535,66.58,66.525,66.545,52256.858244
2026-08-14T19:35:00+00:00,66.545,66.565,66.54,66.55,113345.12132199999
2026-08-14T19:40:00+00:00,66.55,66.555,66.525,66.555,97229.37565
2026-08-14T19:45:00+00:00,66.555,66.6,66.545,66.575,154903.030546
2026-08-14T19:50:00+00:00,66.575,66.585,66.555,66.575,203480.53832000002
2026-08-14T19:55:00+00:00,66.58,66.595,66.56,66.575,510169.038536
2026-08-14T20:00:00+00:00,66.57,66.615,66.54,66.61,1114683.4344539999
2026-08-14T20:05:00+00:00,66.61,66.62,66.59,66.62,63794.65371
2026-08-14T20:10:00+00:00,66.58,66.59,66.58,66.59,11894.0
2026-08-14T20:15:00+00:00,66.57,66.59,66.57,66.59,27815.0
2026-08-17T08:05:00+00:00,67.35,67.47,67.35,67.3796,1938.145437
2026-08-17T10:20:00+00:00,67.45,67.45,67.45,67.45,290.0
2026-08-17T10:30:00+00:00,67.47,67.53,67.47,67.53,2041.0
2026-08-17T11:05:00+00:00,67.42,67.49,67.42,67.49,952.0
2026-08-17T11:10:00+00:00,67.54,67.54,67.54,67.54,600.0
2026-08-17T12:30:00+00:00,67.41,67.51,67.31,67.31,1951.0
2026-08-17T12:55:00+00:00,67.29,67.29,67.29,67.29,235.0
2026-08-17T13:05:00+00:00,67.33,67.33,67.33,67.33,116.0
2026-08-17T13:10:00+00:00,67.33,67.33,67.3,67.3,36530.0
2026-08-17T13:15:00+00:00,67.3,67.31,67.3,67.31,5662.0
2026-08-17T13:20:00+00:00,67.3,67.32,67.3,67.32,699.0
2026-08-17T13:25:00+00:00,67.2897,67.29,67.28,67.28,20399.0
2026-08-17T13:30:00+00:00,67.3,67.35,67.3,67.33,35420.0
2026-08-17T13:35:00+00:00,67.33,67.495,67.31,67.36,1040983.371309
2026-08-17T13:40:00+00:00,67.36,67.44,67.32,67.36,480041.71096899995
2026-08-17T13:45:00+00:00,67.365,67.425,67.34,67.37,151029.819609
2026-08-17T13:50:00+00:00,67.365,67.465,67.335,67.46,190244.206152
2026-08-17T13:55:00+00:00,67.465,67.54,67.44,67.5101,179775.548175
2026-08-17T14:00:00+00:00,67.52,67.57,67.47,67.56,379940.460076
2026-08-17T14:05:00+00:00,67.575,67.61,67.525,67.55,135729.113664
2026-08-17T14:10:00+00:00,67.58,67.58,67.485,67.5,226992.75352600001
2026-08-17T14:15:00+00:00,67.505,67.625,67.505,67.62,412016.645616
2026-08-17T14:20:00+00:00,67.625,67.635,67.58,67.61,260757.734809
2026-08-17T14:25:00+00:00,67.61,67.64,67.575,67.63,432249.73151099996
2026-08-17T14:30:00+00:00,67.625,67.69,67.59,67.68,265063.773607
2026-08-17T14:35:00+00:00,67.68,67.725,67.665,67.705,94621.83236100001
2026-08-17T14:40:00+00:00,67.71,67.73,67.68,67.71,199059.623625
2026-08-17T14:45:00+00:00,67.71,67.755,67.705,67.725,232916.324548
2026-08-17T14:50:00+00:00,67.73,67.825,67.72,67.795,126029.500129
2026-08-17T14:55:00+00:00,67.8,67.855,67.78,67.795,100899.115157
2026-08-17T15:00:00+00:00,67.8,67.86,67.795,67.855,208639.583469
2026-08-17T15:05:00+00:00,67.855,67.94,67.84,67.93,380899.59822499997
2026-08-17T15:10:00+00:00,67.925,67.94,67.875,67.885,793322.1383539999
2026-08-17T15:15:00+00:00,67.885,67.9,67.855,67.865,203941.80331800002
2026-08-17T15:20:00+00:00,67.865,67.87,67.81,67.83,192947.68926899997
2026-08-17T15:25:00+00:00,67.83,67.865,67.83,67.835,243105.81668299998
2026-08-17T15:30:00+00:00,67.84,67.865,67.835,67.835,263256.042147
2026-08-17T15:35:00+00:00,67.835,67.87,67.805,67.815,95377.352522
2026-08-17T15:40:00+00:00,67.81,67.82,67.775,67.775,44073.715462
2026-08-17T15:45:00+00:00,67.77,67.77,67.7,67.73,158839.659597
2026-08-17T15:50:00+00:00,67.73,67.745,67.71,67.74,119836.15645400001
2026-08-17T15:55:00+00:00,67.735,67.795,67.73,67.785,52030.980468
2026-08-17T16:00:00+00:00,67.785,67.8,67.775,67.795,106278.85463700001
2026-08-17T16:05:00+00:00,67.8,67.81,67.765,67.775,71726.771186
2026-08-17T16:10:00+00:00,67.775,67.845,67.76,67.825,140233.0
2026-08-17T16:15:00+00:00,67.83,67.84,67.79,67.805,371136.026747
2026-08-17T16:20:00+00:00,67.81,67.84,67.8,67.835,96041.831096
2026-08-17T16:25:00+00:00,67.835,67.86,67.835,67.85,66386.299547
2026-08-17T16:30:00+00:00,67.855,67.865,67.825,67.825,58548.502663
2026-08-17T16:35:00+00:00,67.825,67.83,67.76,67.76,282105.47024999995
2026-08-17T16:40:00+00:00,67.755,67.755,67.725,67.755,173944.349901
2026-08-17T16:45:00+00:00,67.755,67.755,67.705,67.71,204605.54166000002
2026-08-17T16:50:00+00:00,67.71,67.72,67.685,67.72,44685.0
2026-08-17T16:55:00+00:00,67.71,67.72,67.68,67.71,133288.120355
2026-08-17T17:00:00+00:00,67.705,67.715,67.68,67.685,38438.362006
2026-08-17T17:05:00+00:00,67.685,67.715,67.675,67.68,188927.752844
2026-08-17T17:10:00+00:00,67.675,67.675,67.62,67.63,164430.81954000003
2026-08-17T17:15:00+00:00,67.63,67.635,67.6,67.6,45717.665927
2026-08-17T17:20:00+00:00,67.58,67.62,67.54,67.575,66848.993913
2026-08-17T17:25:00+00:00,67.57,67.57,67.5,67.52,76388.788695
2026-08-17T17:30:00+00:00,67.525,67.535,67.48,67.49,130297.067347
2026-08-17T17:35:00+00:00,67.49,67.5,67.45,67.45,151098.41184299998
2026-08-17T17:40:00+00:00,67.445,67.455,67.36,67.36,106092.06842200001
2026-08-17T17:45:00+00:00,67.36,67.455,67.355,67.455,87493.88817199999
2026-08-17T17:50:00+00:00,67.46,67.475,67.435,67.44,237909.377122
2026-08-17T17:55:00+00:00,67.435,67.44,67.415,67.42,131460.36768
2026-08-17T18:00:00+00:00,67.415,67.415,67.38,67.385,59237.963023
2026-08-17T18:05:00+00:00,67.385,67.405,67.345,67.365,228855.556365
2026-08-17T18:10:00+00:00,67.365,67.365,67.315,67.325,84574.940103
2026-08-17T18:15:00+00:00,67.33,67.38,67.315,67.38,69528.020322
2026-08-17T18:20:00+00:00,67.37,67.395,67.365,67.39,37760.173969999996
2026-08-17T18:25:00+00:00,67.39,67.39,67.35,67.385,47597.351220000004
2026-08-17T18:30:00+00:00,67.38,67.395,67.33,67.35,35286.029716
2026-08-17T18:35:00+00:00,67.35,67.36,67.32,67.32,56269.781028
2026-08-17T18:40:00+00:00,67.325,67.345,67.32,67.33,113099.27126200001
2026-08-17T18:45:00+00:00,67.33,67.34,67.32,67.33,43696.069652
2026-08-17T18:50:00+00:00,67.325,67.33,67.31,67.325,43378.422099999996
2026-08-17T18:55:00+00:00,67.33,67.35,67.33,67.33,50222.355775
2026-08-17T19:00:00+00:00,67.335,67.335,67.305,67.315,89343.0
2026-08-17T19:05:00+00:00,67.315,67.325,67.285,67.285,153725.79579399998
2026-08-17T19:10:00+00:00,67.28,67.295,67.24,67.26,99396.303851
2026-08-17T19:15:00+00:00,67.26,67.275,67.2545,67.265,122729.18525000001
2026-08-17T19:20:00+00:00,67.265,67.33,67.265,67.29,104194.26308500001
2026-08-17T19:25:00+00:00,67.29,67.32,67.29,67.315,66715.192567
2026-08-17T19:30:00+00:00,67.32,67.34,67.31,67.32,84636.86313000001
2026-08-17T19:35:00+00:00,67.32,67.335,67.3,67.335,80351.003
2026-08-17T19:40:00+00:00,67.335,67.37,67.335,67.37,61019.128041
2026-08-17T19:45:00+00:00,67.37,67.38,67.35,67.375,219435.860205
2026-08-17T19:50:00+00:00,67.375,67.39,67.35,67.36,299102.324244
2026-08-17T19:55:00+00:00,67.355,67.355,67.255,67.265,584503.2338970001
2026-08-17T20:00:00+00:00,67.26,67.32,67.225,67.31,1614989.995405
2026-08-17T20:05:00+00:00,67.32,67.34,67.31,67.32,60952.694319
2026-08-17T20:10:00+00:00,67.32,67.32,67.32,67.32,100.0
2026-08-17T20:15:00+00:00,67.32,67.33,67.32,67.33,5274.0
2026-08-17T20:20:00+00:00,67.31,67.32,67.31,67.32,2203.0
2026-08-17T20:40:00+00:00,67.39,67.39,67.39,67.39,406.0
2026-08-17T21:45:00+00:00,67.31,67.45,67.31,67.45,1022.0
2026-08-18T08:05:00+00:00,66.5,66.5,66.34,66.34,500.0
2026-08-18T09:30:00+00:00,65.96,65.96,65.96,65.96,105.0
2026-08-18T09:45:00+00:00,66.02,66.02,65.99,65.99,1557.0
2026-08-18T10:10:00+00:00,66.17,66.17,66.14,66.14,300.0
2026-08-18T10:20:00+00:00,66.1,66.1,66.1,66.1,200.0
2026-08-18T10:25:00+00:00,66.01,66.01,66.01,66.01,259.0
2026-08-18T10:45:00+00:00,66.05,66.05,66.05,66.05,150.0
2026-08-18T11:05:00+00:00,66.15,66.17,66.15,66.17,210.315
2026-08-18T11:15:00+00:00,66.2,66.2,66.2,66.2,15005.0
2026-08-18T11:30:00+00:00,66.13,66.13,66.12,66.13,1500.0
2026-08-18T11:35:00+00:00,66.11,66.11,66.055,66.055,4088.0
2026-08-18T11:40:00+00:00,66.04,66.05,66.04,66.04,2740.0
2026-08-18T11:50:00+00:00,66.2,66.2,66.2,66.2,870.0
2026-08-18T11:55:00+00:00,66.1145,66.1145,66.1145,66.1145,750.0
2026-08-18T12:00:00+00:00,66.1,66.1218,66.1,66.12,600.0
2026-08-18T12:10:00+00:00,66.17,66.17,66.17,66.17,204.05328
2026-08-18T12:25:00+00:00,66.17,66.17,66.17,66.17,147.0
2026-08-18T12:35:00+00:00,66.02,66.02,66.02,66.02,750.0
2026-08-18T12:45:00+00:00,66.12,66.12,66.12,66.12,151.0
2026-08-18T12:50:00+00:00,66.1,66.16,66.1,66.15,804.0
2026-08-18T13:05:00+00:00,66.13,66.13,66.13,66.13,273.0
2026-08-18T13:10:00+00:00,66.12,66.12,66.1,66.1,1083.0
2026-08-18T13:15:00+00:00,66.11,66.11,66.11,66.11,1462.0
2026-08-18T13:30:00+00:00,66.01,66.07,66.01,66.02,14861.0
2026-08-18T13:35:00+00:00,66.03,66.255,65.975,66.22,883835.8421420001
2026-08-18T13:40:00+00:00,66.22,66.28,66.12,66.265,203573.295878
2026-08-18T13:45:00+00:00,66.265,66.275,66.13,66.13,178593.220776
2026-08-18T13:50:00+00:00,66.12,66.14,65.955,65.9762,195816.68135899998
2026-08-18T13:55:00+00:00,65.985,66.045,65.89,65.915,194328.45350399998
2026-08-18T14:00:00+00:00,65.91,66.015,65.85,66.0,277716.956319
2026-08-18T14:05:00+00:00,66.0,66.085,65.95,66.05,306734.791391
2026-08-18T14:10:00+00:00,66.045,66.045,65.93,65.935,274563.982548
2026-08-18T14:15:00+00:00,65.935,65.935,65.8,65.85,348674.745447
2026-08-18T14:20:00+00:00,65.84,65.985,65.83,65.95,272075.829117
2026-08-18T14:25:00+00:00,65.94,65.985,65.86,65.92,394177.882439
2026-08-18T14:30:00+00:00,65.925,66.035,65.92,65.95,389574.18545399996
2026-08-18T14:35:00+00:00,65.95,65.98,65.845,65.845,272185.056951
2026-08-18T14:40:00+00:00,65.845,65.875,65.745,65.785,294052.998089
2026-08-18T14:45:00+00:00,65.785,65.785,65.65,65.66,191572.780458
2026-08-18T14:50:00+00:00,65.65,65.685,65.6341,65.665,287724.17406
2026-08-18T14:55:00+00:00,65.67,65.7158,65.535,65.545,347518.96899900003
2026-08-18T15:00:00+00:00,65.54,65.57,65.45,65.482,220279.57987999998
2026-08-18T15:05:00+00:00,65.485,65.51,65.415,65.49,454361.288371
2026-08-18T15:10:00+00:00,65.49,65.515,65.375,65.375,233607.754166
2026-08-18T15:15:00+00:00,65.37,65.42,65.34,65.41,242400.22677299997
2026-08-18T15:20:00+00:00,65.41,65.455,65.37,65.37,97423.71254000001
2026-08-18T15:25:00+00:00,65.365,65.445,65.35,65.4,141295.544463
2026-08-18T15:30:00+00:00,65.4,65.495,65.395,65.475,119340.90983399999
2026-08-18T15:35:00+00:00,65.475,65.52,65.45,65.465,696286.142335
2026-08-18T15:40:00+00:00,65.465,65.465,65.385,65.395,303496.899344
2026-08-18T15:45:00+00:00,65.39,65.46,65.385,65.42,306465.67871099996
2026-08-18T15:50:00+00:00,65.44,65.525,65.435,65.495,279602.631122
2026-08-18T15:55:00+00:00,65.495,65.525,65.45,65.52,143006.33113
2026-08-18T16:00:00+00:00,65.52,65.53,65.485,65.53,122510.002465
2026-08-18T16:05:00+00:00,65.53,65.535,65.465,65.475,140160.429763
2026-08-18T16:10:00+00:00,65.47,65.495,65.445,65.475,145614.14869200002
2026-08-18T16:15:00+00:00,65.48,65.505,65.425,65.425,90457.89642800001
2026-08-18T16:20:00+00:00,65.43,65.44,65.365,65.38,145330.07210000002
2026-08-18T16:25:00+00:00,65.385,65.445,65.38,65.425,375371.92507999996
2026-08-18T16:30:00+00:00,65.42,65.435,65.3301,65.335,233724.99850400002
2026-08-18T16:35:00+00:00,65.33,65.4,65.3201,65.395,141056.48947499998
2026-08-18T16:40:00+00:00,65.4,65.415,65.36,65.41,79581.11803900001
2026-08-18T16:45:00+00:00,65.4,65.47,65.395,65.47,137714.9141
2026-08-18T16:50:00+00:00,65.47,65.56,65.45,65.525,123720.126238
2026-08-18T16:55:00+00:00,65.53,65.55,65.515,65.54,110267.152604
2026-08-18T17:00:00+00:00,65.53,65.53,65.495,65.51,51367.56869600001
2026-08-18T17:05:00+00:00,65.51,65.51,65.46,65.5,52222.606322
2026-08-18T17:10:00+00:00,65.495,65.505,65.48,65.49,49878.06858
2026-08-18T17:15:00+00:00,65.495,65.52,65.48,65.5199,51212.5873
2026-08-18T17:20:00+00:00,65.51,65.52,65.445,65.445,48889.342004000006
2026-08-18T17:25:00+00:00,65.45,65.47,65.445,65.45,40657.43959
2026-08-18T17:30:00+00:00,65.46,65.49,65.4505,65.49,41043.77256
2026-08-18T17:35:00+00:00,65.485,65.515,65.4693,65.5,74455.673455
2026-08-18T17:40:00+00:00,65.495,65.5,65.45,65.49,69640.14653
2026-08-18T17:45:00+00:00,65.48,65.495,65.445,65.445,27344.321138
2026-08-18T17:50:00+00:00,65.445,65.465,65.4078,65.41,62013.188203
2026-08-18T17:55:00+00:00,65.41,65.411,65.39,65.39,223124.734055
2026-08-18T18:00:00+00:00,65.385,65.385,65.34,65.345,97309.776382
2026-08-18T18:05:00+00:00,65.34,65.34,65.28,65.2901,231542.369953
2026-08-18T18:10:00+00:00,65.3,65.305,65.25,65.26,227174.141719
2026-08-18T18:15:00+00:00,65.265,65.325,65.25,65.31,329052.488554
2026-08-18T18:20:00+00:00,65.32,65.39,65.32,65.39,205319.1544
2026-08-18T18:25:00+00:00,65.39,65.425,65.38,65.39,94561.0
2026-08-18T18:30:00+00:00,65.4,65.41,65.375,65.4,56772.710094
2026-08-18T18:35:00+00:00,65.4,65.425,65.375,65.39,74489.69223799999
2026-08-18T18:40:00+00:00,65.4,65.445,65.4,65.435,241757.031149
2026-08-18T18:45:00+00:00,65.435,65.435,65.4,65.415,203121.202957
2026-08-18T18:50:00+00:00,65.41,65.435,65.395,65.405,191309.0607
2026-08-18T18:55:00+00:00,65.4,65.4,65.37,65.37,164126.152935
2026-08-18T19:00:00+00:00,65.3699,65.395,65.36,65.385,99689.97144
2026-08-18T19:05:00+00:00,65.385,65.41,65.37,65.37,258611.519634
2026-08-18T19:10:00+00:00,65.37,65.425,65.36,65.42,439154.5277059999
2026-08-18T19:15:00+00:00,65.42,65.43,65.4,65.425,197222.722287
2026-08-18T19:20:00+00:00,65.425,65.44,65.4,65.42,158484.537114
2026-08-18T19:25:00+00:00,65.42,65.47,65.41,65.47,145547.80788
2026-08-18T19:30:00+00:00,65.47,65.49,65.455,65.47,147650.418588
2026-08-18T19:35:00+00:00,65.475,65.48,65.44,65.445,521185.3071
2026-08-18T19:40:00+00:00,65.445,65.46,65.425,65.435,185776.449332
2026-08-18T19:45:00+00:00,65.435,65.47,65.43,65.45,348584.050518
2026-08-18T19:50:00+00:00,65.45,65.47,65.43,65.445,294791.338548
2026-08-18T19:55:00+00:00,65.45,65.47,65.42,65.44,1065098.877813
2026-08-18T20:00:00+00:00,65.45,65.475,65.33,65.35,3385211.964898
2026-08-18T20:05:00+00:00,65.34,65.36,65.33,65.34,426184.713464
2026-08-18T20:10:00+00:00,65.34,65.34,65.32,65.34,139623.0
2026-08-18T20:15:00+00:00,65.34,65.35,65.33,65.33,186506.691149
2026-08-18T20:25:00+00:00,65.38,65.39,65.38,65.39,31951.0
2026-08-18T20:30:00+00:00,65.36,65.37,65.36,65.37,400.0
2026-08-18T20:35:00+00:00,65.36,65.36,65.34,65.34,2500.0
2026-08-18T20:40:00+00:00,65.35,65.35,65.35,65.35,150.0
2026-08-18T20:50:00+00:00,65.36,65.36,65.34,65.34,3706.0
2026-08-18T20:55:00+00:00,65.34,65.34,65.3,65.32,1299.0
2026-08-18T22:00:00+00:00,65.295,65.295,65.25,65.25,834.0
2026-08-18T22:15:00+00:00,65.3,65.3,65.3,65.3,100.0
2026-08-18T23:55:00+00:00,65.34,65.34,65.34,65.34,338.0
2026-08-19T00:00:00+00:00,65.35,65.35,65.35,65.35,100.0
2026-08-19T08:05:00+00:00,65.96,65.96,65.93,65.93,509.0
2026-08-19T08:10:00+00:00,65.97,65.97,65.97,65.97,200.0
2026-08-19T09:05:00+00:00,65.99,66.03,65.99,66.03,6701.0
2026-08-19T09:55:00+00:00,65.72,65.72,65.72,65.72,227.0
2026-08-19T10:00:00+00:00,65.73,65.73,65.73,65.73,304.0
2026-08-19T10:25:00+00:00,65.68,65.68,65.63,65.64,762.0
2026-08-19T10:45:00+00:00,65.86,65.87,65.86,65.87,1650.0
2026-08-19T11:05:00+00:00,65.82,65.82,65.82,65.82,501.0
2026-08-19T11:10:00+00:00,65.83,65.96,65.83,65.96,900.0
2026-08-19T11:30:00+00:00,65.84,65.84,65.84,65.84,200.0
2026-08-19T11:55:00+00:00,65.715,65.73,65.715,65.725,878.0
2026-08-19T12:00:00+00:00,65.73,65.73,65.73,65.73,190.0
2026-08-19T12:05:00+00:00,65.78,65.78,65.78,65.78,100.0
2026-08-19T12:10:00+00:00,65.86,65.87,65.86,65.87,402.98343
2026-08-19T12:15:00+00:00,65.87,65.87,65.87,65.87,103.0
2026-08-19T12:20:00+00:00,65.89,65.9,65.89,65.9,2110.0
2026-08-19T12:25:00+00:00,65.95,66.0,65.95,65.9636,874.0
2026-08-19T12:30:00+00:00,65.98,65.99,65.98,65.99,704.0
2026-08-19T12:35:00+00:00,65.96,66.19,65.96,66.19,24430.0
2026-08-19T12:40:00+00:00,66.12,66.41,66.12,66.41,11868.0
2026-08-19T12:45:00+00:00,66.38,66.4,66.29,66.4,9038.0
2026-08-19T12:50:00+00:00,66.41,66.46,66.4,66.4,2972.0
2026-08-19T12:55:00+00:00,66.38,66.53,66.38,66.53,4841.0
2026-08-19T13:00:00+00:00,66.5,66.57,66.44,66.5482,2346.0
2026-08-19T13:05:00+00:00,66.54,66.54,66.48,66.48,1361.0
2026-08-19T13:15:00+00:00,66.6136,66.6136,66.6136,66.6136,308.0
2026-08-19T13:25:00+00:00,66.53,66.58,66.53,66.57,3569.0
2026-08-19T13:30:00+00:00,66.55,66.59,66.53,66.55,34856.0
2026-08-19T13:35:00+00:00,66.55,66.6,66.425,66.45,1276637.2785140001
2026-08-19T13:40:00+00:00,66.44,66.46,66.28,66.295,766418.272923
2026-08-19T13:45:00+00:00,66.295,66.445,66.27,66.42,307784.25705799996
2026-08-19T13:50:00+00:00,66.425,66.45,66.14,66.15,503157.26474
2026-08-19T13:55:00+00:00,66.155,66.175,66.02,66.07,561689.2680810001
2026-08-19T14:00:00+00:00,66.06,66.2,66.045,66.155,287896.294488
2026-08-19T14:05:00+00:00,66.15,66.205,66.03,66.085,118812.136084
2026-08-19T14:10:00+00:00,66.08,66.17,66.0,66.02,439422.725472
2026-08-19T14:15:00+00:00,66.03,66.035,65.895,65.915,217678.602771
2026-08-19T14:20:00+00:00,65.915,66.065,65.9,65.925,211296.773942
2026-08-19T14:25:00+00:00,65.92,66.01,65.84,65.92,578233.676044
2026-08-19T14:30:00+00:00,65.91,66.095,65.89,66.09,287020.442502
2026-08-19T14:35:00+00:00,66.085,66.24,66.075,66.185,209621.732205
2026-08-19T14:40:00+00:00,66.18,66.345,66.18,66.345,455954.237934
2026-08-19T14:45:00+00:00,66.35,66.355,66.225,66.27,87362.66146
2026-08-19T14:50:00+00:00,66.255,66.26,66.12,66.135,144624.732483
2026-08-19T14:55:00+00:00,66.13,66.18,66.11,66.17,91322.069016
2026-08-19T15:00:00+00:00,66.17,66.245,66.145,66.245,108574.47528500001
2026-08-19T15:05:00+00:00,66.245,66.245,66.13,66.14,116162.364166
2026-08-19T15:10:00+00:00,66.14,66.22,66.125,66.19,130806.776664
2026-08-19T15:15:00+00:00,66.19,66.275,66.17,66.26,133880.41213900002
2026-08-19T15:20:00+00:00,66.27,66.285,66.21,66.2251,61754.707888000004
2026-08-19T15:25:00+00:00,66.23,66.2551,66.17,66.17,54728.315748
2026-08-19T15:30:00+00:00,66.165,66.195,66.145,66.17,148577.081824
2026-08-19T15:35:00+00:00,66.18,66.195,66.135,66.135,65785.96835
2026-08-19T15:40:00+00:00,66.135,66.1845,66.125,66.135,392943.79940899997
2026-08-19T15:45:00+00:00,66.135,66.215,66.085,66.21,64239.162884
2026-08-19T15:50:00+00:00,66.2,66.265,66.195,66.2,150406.662546
2026-08-19T15:55:00+00:00,66.19,66.2,66.135,66.135,385670.25616600004
2026-08-19T16:00:00+00:00,66.13,66.185,66.13,66.18,78918.284089
2026-08-19T16:05:00+00:00,66.18,66.29,66.145,66.285,71206.163289
2026-08-19T16:10:00+00:00,66.285,66.3,66.255,66.3,39628.985752
2026-08-19T16:15:00+00:00,66.31,66.325,66.3,66.3,47825.508181
2026-08-19T16:20:00+00:00,66.3,66.315,66.28,66.28,42823.930316
2026-08-19T16:25:00+00:00,66.28,66.29,66.235,66.25,121913.46483800001
2026-08-19T16:30:00+00:00,66.245,66.245,66.155,66.17,51717.53463
2026-08-19T16:35:00+00:00,66.17,66.195,66.15,66.19,44534.297979999996
2026-08-19T16:40:00+00:00,66.185,66.23,66.15,66.22,48782.550763
2026-08-19T16:45:00+00:00,66.22,66.23,66.195,66.205,67266.421168
2026-08-19T16:50:00+00:00,66.205,66.205,66.175,66.195,168738.234845
2026-08-19T16:55:00+00:00,66.19,66.205,66.17,66.195,34156.216991
2026-08-19T17:00:00+00:00,66.19,66.195,66.165,66.19,72094.462572
2026-08-19T17:05:00+00:00,66.19,66.22,66.16,66.2,152497.247881
2026-08-19T17:10:00+00:00,66.21,66.215,66.12,66.13,35488.156461000006
2026-08-19T17:15:00+00:00,66.12,66.155,66.1,66.125,30718.555976000003
2026-08-19T17:20:00+00:00,66.115,66.125,66.04,66.045,40980.04039
2026-08-19T17:25:00+00:00,66.04,66.05,66.005,66.04,62286.21153
2026-08-19T17:30:00+00:00,66.04,66.065,66.04,66.055,33524.9038
2026-08-19T17:35:00+00:00,66.06,66.06,66.01,66.01,178804.53279
2026-08-19T17:40:00+00:00,66.01,66.04,65.98,65.98,30690.054443999998
2026-08-19T17:45:00+00:00,65.98,66.045,65.98,66.005,84069.628153
2026-08-19T17:50:00+00:00,66.0,66.035,66.0,66.0,39170.0
2026-08-19T17:55:00+00:00,65.99,66.025,65.985,66.005,59177.627550000005
2026-08-19T18:00:00+00:00,66.0,66.02,65.99,66.02,28317.651672999997
2026-08-19T18:05:00+00:00,66.02,66.15,66.01,66.08,363284.01514000003
2026-08-19T18:10:00+00:00,66.09,66.095,65.99,65.995,83346.648
2026-08-19T18:15:00+00:00,65.995,66.035,65.98,65.99,48813.212747000005
2026-08-19T18:20:00+00:00,65.98,65.99,65.92,65.9699,29598.70725
2026-08-19T18:25:00+00:00,65.965,65.975,65.945,65.945,189669.47155999998
2026-08-19T18:30:00+00:00,65.94,65.99,65.935,65.9801,35348.9127
2026-08-19T18:35:00+00:00,65.995,66.105,65.995,66.1,55668.225171
2026-08-19T18:40:00+00:00,66.095,66.095,66.015,66.035,36502.039841
2026-08-19T18:45:00+00:00,66.03,66.1099,66.03,66.095,49779.162235
2026-08-19T18:50:00+00:00,66.0901,66.0901,66.06,66.08,17904.025
2026-08-19T18:55:00+00:00,66.09,66.105,66.075,66.105,31151.397435
2026-08-19T19:00:00+00:00,66.105,66.105,66.0501,66.08,27372.301204
2026-08-19T19:05:00+00:00,66.075,66.12,66.065,66.0759,24148.613233
2026-08-19T19:10:00+00:00,66.07,66.12,66.065,66.1,21394.343878
2026-08-19T19:15:00+00:00,66.125,66.125,66.08,66.095,26092.602319999998
2026-08-19T19:20:00+00:00,66.095,66.125,66.09,66.115,44343.729739
2026-08-19T19:25:00+00:00,66.115,66.14,66.095,66.14,110579.065163
2026-08-19T19:30:00+00:00,66.14,66.17,66.135,66.135,82579.0251
2026-08-19T19:35:00+00:00,66.14,66.17,66.13,66.155,138190.940541
2026-08-19T19:40:00+00:00,66.15,66.15,66.06,66.065,142716.679
2026-08-19T19:45:00+00:00,66.06,66.1,66.04,66.055,748561.031327
2026-08-19T19:50:00+00:00,66.05,66.06,66.01,66.045,277264.424796
2026-08-19T19:55:00+00:00,66.04,66.095,66.025,66.07,424003.064599
2026-08-19T20:00:00+00:00,66.08,66.12,66.05,66.105,1184245.0855740001
2026-08-19T20:05:00+00:00,66.11,66.14,66.1,66.1,68051.534692
2026-08-19T20:10:00+00:00,66.09,66.09,66.07,66.09,22681.0
2026-08-19T20:15:00+00:00,66.09,66.09,66.09,66.09,1100.0
2026-08-19T20:20:00+00:00,66.07,66.07,66.07,66.07,102.008713
2026-08-19T20:30:00+00:00,66.09,66.09,66.08,66.09,608.0
2026-08-19T20:45:00+00:00,66.0593,66.0593,66.0593,66.0593,178.0
2026-08-19T21:50:00+00:00,66.11,66.11,66.11,66.11,151.0
2026-08-19T22:00:00+00:00,66.11,66.11,66.11,66.11,485.0
2026-08-19T22:25:00+00:00,66.26,66.26,66.26,66.26,658.0
2026-08-19T22:55:00+00:00,66.28,66.28,66.28,66.28,301.0
2026-08-19T23:15:00+00:00,66.29,66.29,66.29,66.29,200.0
2026-08-19T23:45:00+00:00,66.24,66.24,66.24,66.24,151.0
2026-08-20T08:05:00+00:00,66.65,66.65,66.57,66.57,5270.863
2026-08-20T10:15:00+00:00,66.68,66.68,66.68,66.68,101.0
2026-08-20T11:05:00+00:00,66.49,66.5,66.49,66.49,1230.2060000000001
2026-08-20T11:10:00+00:00,66.43,66.43,66.42,66.42,1580.0
2026-08-20T11:25:00+00:00,66.3,66.3,66.29,66.29,4882.0
2026-08-20T11:35:00+00:00,66.25,66.25,66.25,66.25,400.0
2026-08-20T11:50:00+00:00,66.15,66.15,66.11,66.12,2760.0
2026-08-20T12:00:00+00:00,66.06,66.06,66.06,66.06,226.0
2026-08-20T12:05:00+00:00,66.0,66.0,66.0,66.0,200.0
2026-08-20T12:10:00+00:00,65.98,65.98,65.98,65.98,402.2662
2026-08-20T12:15:00+00:00,65.99,65.99,65.99,65.99,100.0
2026-08-20T12:30:00+00:00,65.95,65.95,65.9288,65.93,3537.0
2026-08-20T12:35:00+00:00,65.85,65.85,65.84,65.85,5431.0
2026-08-20T12:40:00+00:00,65.75,65.85,65.75,65.85,2876.0
2026-08-20T12:45:00+00:00,65.85,65.87,65.85,65.87,887.0
2026-08-20T12:55:00+00:00,65.99,65.99,65.99,65.99,291.0
2026-08-20T13:05:00+00:00,66.135,66.18,66.135,66.17,1282.0
2026-08-20T13:10:00+00:00,66.2,66.2,66.2,66.2,708.0
2026-08-20T13:25:00+00:00,66.2,66.2,66.2,66.2,500.0
2026-08-20T13:30:00+00:00,66.17,66.18,66.17,66.18,6340.0
2026-08-20T13:35:00+00:00,66.18,66.37,66.175,66.33,555593.759145
2026-08-20T13:40:00+00:00,66.34,66.53,66.285,66.48,363109.22225399996
2026-08-20T13:45:00+00:00,66.475,66.54,66.39,66.445,146860.965026
2026-08-20T13:50:00+00:00,66.43,66.47,66.22,66.275,152302.025821
2026-08-20T13:55:00+00:00,66.27,66.305,66.135,66.25,195759.6472
2026-08-20T14:00:00+00:00,66.26,66.3389,66.16,66.21,133049.71577
2026-08-20T14:05:00+00:00,66.22,66.345,66.19,66.21,148169.249987
2026-08-20T14:10:00+00:00,66.215,66.33,66.19,66.33,98667.070156
2026-08-20T14:15:00+00:00,66.34,66.41,66.295,66.33,85549.442453
2026-08-20T14:20:00+00:00,66.325,66.35,66.22,66.22,296831.09785099997
2026-08-20T14:25:00+00:00,66.2,66.52,66.2,66.48,330261.56942600006
2026-08-20T14:30:00+00:00,66.48,66.5,66.35,66.38,134533.80723099998
2026-08-20T14:35:00+00:00,66.37,66.49,66.35,66.365,75016.11345599999
2026-08-20T14:40:00+00:00,66.37,66.515,66.365,66.505,83773.69462
2026-08-20T14:45:00+00:00,66.51,66.54,66.465,66.52,119276.162347
2026-08-20T14:50:00+00:00,66.515,66.53,66.44,66.45,63967.61544100001
2026-08-20T14:55:00+00:00,66.44,66.535,66.44,66.46,92603.983968
2026-08-20T15:00:00+00:00,66.475,66.59,66.475,66.58,722787.604099
2026-08-20T15:05:00+00:00,66.575,66.81,66.565,66.77,611434.3030119999
2026-08-20T15:10:00+00:00,66.7717,66.7717,66.5,66.545,323706.956568
2026-08-20T15:15:00+00:00,66.535,66.62,66.48,66.6,174044.53992399998
2026-08-20T15:20:00+00:00,66.6,66.625,66.57,66.57,71160.544068
2026-08-20T15:25:00+00:00,66.57,66.58,66.4,66.43,359228.460634
2026-08-20T15:30:00+00:00,66.41,66.55,66.4,66.54,204749.58101199998
2026-08-20T15:35:00+00:00,66.54,66.55,66.405,66.42,463073.0
2026-08-20T15:40:00+00:00,66.42,66.44,66.31,66.31,150503.972
2026-08-20T15:45:00+00:00,66.31,66.37,66.285,66.29,70346.26099000001
2026-08-20T15:50:00+00:00,66.29,66.38,66.255,66.35,184821.73893300002
2026-08-20T15:55:00+00:00,66.34,66.46,66.335,66.45,54236.8304
2026-08-20T16:00:00+00:00,66.46,66.465,66.425,66.465,145835.221231
2026-08-20T16:05:00+00:00,66.47,66.51,66.42,66.42,182589.426835
2026-08-20T16:10:00+00:00,66.42,66.47,66.405,66.4377,65014.397699999994
2026-08-20T16:15:00+00:00,66.44,66.46,66.385,66.39,467856.496014
2026-08-20T16:20:00+00:00,66.39,66.41,66.38,66.41,59644.473632
2026-08-20T16:25:00+00:00,66.41,66.47,66.385,66.45,72724.204063
2026-08-20T16:30:00+00:00,66.45,66.465,66.425,66.43,71733.38113400001
2026-08-20T16:35:00+00:00,66.42,66.435,66.36,66.43,100078.31675
2026-08-20T16:40:00+00:00,66.43,66.47,66.41,66.465,82478.854195
2026-08-20T16:45:00+00:00,66.47,66.505,66.47,66.49,21115.549553
2026-08-20T16:50:00+00:00,66.49,66.535,66.47,66.52,159825.44502599997
2026-08-20T16:55:00+00:00,66.53,66.545,66.47,66.47,45708.52372
2026-08-20T17:00:00+00:00,66.475,66.51,66.465,66.495,38346.139543
2026-08-20T17:05:00+00:00,66.49,66.5081,66.45,66.485,269555.114191
2026-08-20T17:10:00+00:00,66.48,66.48,66.41,66.435,62207.919890000005
2026-08-20T17:15:00+00:00,66.44,66.46,66.43,66.44,34640.03
2026-08-20T17:20:00+00:00,66.435,66.44,66.375,66.38,39050.36461999999
2026-08-20T17:25:00+00:00,66.375,66.43,66.365,66.41,45849.12592
2026-08-20T17:30:00+00:00,66.41,66.425,66.4,66.415,40869.547783
2026-08-20T17:35:00+00:00,66.415,66.4299,66.39,66.39,34276.455153999996
2026-08-20T17:40:00+00:00,66.385,66.4158,66.385,66.41,133434.806212
2026-08-20T17:45:00+00:00,66.405,66.405,66.375,66.3901,95192.0
2026-08-20T17:50:00+00:00,66.4,66.4455,66.4,66.445,140265.06636
2026-08-20T17:55:00+00:00,66.44,66.48,66.43,66.44,175692.878423
2026-08-20T18:00:00+00:00,66.44,66.48,66.435,66.45,38498.602024
2026-08-20T18:05:00+00:00,66.45,66.45,66.385,66.385,34044.6139
2026-08-20T18:10:00+00:00,66.39,66.39,66.315,66.33,41689.060092
2026-08-20T18:15:00+00:00,66.33,66.335,66.29,66.31,67518.040077
2026-08-20T18:20:00+00:00,66.31,66.34,66.25,66.34,52358.890972
2026-08-20T18:25:00+00:00,66.35,66.3899,66.34,66.36,49982.54105
2026-08-20T18:30:00+00:00,66.35,66.38,66.33,66.37,46843.600217
2026-08-20T18:35:00+00:00,66.37,66.37,66.29,66.29,63761.550467
2026-08-20T18:40:00+00:00,66.295,66.345,66.29,66.315,38884.20396
2026-08-20T18:45:00+00:00,66.315,66.33,66.29,66.33,30596.22243
2026-08-20T18:50:00+00:00,66.33,66.395,66.33,66.395,28800.844868000004
2026-08-20T18:55:00+00:00,66.395,66.425,66.385,66.415,51914.007019
2026-08-20T19:00:00+00:00,66.42,66.435,66.385,66.385,114124.44364900001
2026-08-20T19:05:00+00:00,66.38,66.445,66.37,66.445,76491.40081
2026-08-20T19:10:00+00:00,66.44,66.49,66.44,66.48,62811.023175999995
2026-08-20T19:15:00+00:00,66.485,66.5,66.44,66.47,186908.19412
2026-08-20T19:20:00+00:00,66.47,66.505,66.45,66.465,116336.784262
2026-08-20T19:25:00+00:00,66.46,66.52,66.44,66.505,93273.603684
2026-08-20T19:30:00+00:00,66.5,66.54,66.495,66.525,74995.771337
2026-08-20T19:35:00+00:00,66.525,66.53,66.4923,66.51,88244.132955
2026-08-20T19:40:00+00:00,66.505,66.545,66.5,66.545,68224.603158
2026-08-20T19:45:00+00:00,66.54,66.545,66.475,66.48,126189.389681
2026-08-20T19:50:00+00:00,66.48,66.535,66.465,66.53,524241.06835499994
2026-08-20T19:55:00+00:00,66.535,66.585,66.515,66.555,745609.213359
2026-08-20T20:00:00+00:00,66.56,66.64,66.52,66.62,2291921.904223
2026-08-20T20:05:00+00:00,66.62,66.62,66.6,66.61,50300.744613
2026-08-20T20:10:00+00:00,66.61,66.61,66.61,66.61,6175.0
2026-08-20T20:15:00+00:00,66.58,66.62,66.58,66.61,45899.731206
2026-08-20T20:20:00+00:00,66.58,66.58,66.58,66.58,1000.0
2026-08-20T20:25:00+00:00,66.55,66.7259,66.55,66.7104,2702.0
2026-08-20T21:25:00+00:00,66.64,66.69,66.64,66.69,1499.0
2026-08-20T21:30:00+00:00,66.691,66.691,66.691,66.691,1168.0
2026-08-20T21:45:00+00:00,66.64,66.64,66.64,66.64,141.0
2026-08-20T22:25:00+00:00,66.69,66.69,66.4431,66.5917,710.0
2026-08-20T23:55:00+00:00,66.6769,66.6769,66.6769,66.6769,100.0
2026-08-21T08:05:00+00:00,67.35,67.65,67.24,67.24,1494.727862
2026-08-21T08:15:00+00:00,67.5,67.6,67.5,67.6,59170.0
2026-08-21T09:35:00+00:00,67.71,67.71,67.71,67.71,100.0
2026-08-21T10:00:00+00:00,67.66,67.66,67.66,67.66,100.0
2026-08-21T11:00:00+00:00,67.32,67.32,67.32,67.32,200.0
2026-08-21T11:10:00+00:00,67.45,67.49,67.34,67.35,3261.0
2026-08-21T11:15:00+00:00,67.44,67.44,67.44,67.44,1042.0
2026-08-21T11:20:00+00:00,67.41,67.44,67.41,67.41,3350.0
2026-08-21T11:25:00+00:00,67.46,67.54,67.46,67.54,9351.0
2026-08-21T11:40:00+00:00,67.57,67.59,67.57,67.59,2256.5
2026-08-21T12:20:00+00:00,67.43,67.43,67.43,67.43,165.0
2026-08-21T12:25:00+00:00,67.49,67.49,67.49,67.49,164.0
2026-08-21T12:35:00+00:00,67.51,67.52,67.45,67.45,16668.0
2026-08-21T12:40:00+00:00,67.4,67.4,67.4,67.4,1318.0
2026-08-21T12:50:00+00:00,67.45,67.45,67.44,67.45,15116.0
2026-08-21T13:00:00+00:00,67.4,67.4839,67.4,67.4839,415.0
2026-08-21T13:10:00+00:00,67.43,67.44,67.41,67.43,720.0
2026-08-21T13:20:00+00:00,67.445,67.445,67.39,67.39,2356.0
2026-08-21T13:30:00+00:00,67.43,67.48,67.4,67.4,5507.0
2026-08-21T13:35:00+00:00,67.425,67.49,67.195,67.2,1022664.0720319999
2026-08-21T13:40:00+00:00,67.2,67.285,67.14,67.23,201022.72427800004
2026-08-21T13:45:00+00:00,67.23,67.28,67.2,67.26,197907.05378500003
2026-08-21T13:50:00+00:00,67.25,67.395,67.24,67.395,268750.971606
2026-08-21T13:55:00+00:00,67.395,67.395,67.21,67.27,243712.21242899998
2026-08-21T14:00:00+00:00,67.275,67.34,67.25,67.27,448058.02263
2026-08-21T14:05:00+00:00,67.265,67.2899,67.13,67.16,200546.14188
2026-08-21T14:10:00+00:00,67.16,67.235,67.15,67.175,128090.06093100001
2026-08-21T14:15:00+00:00,67.18,67.23,67.065,67.08,196480.52135499998
2026-08-21T14:20:00+00:00,67.07,67.145,67.025,67.025,173761.832417
2026-08-21T14:25:00+00:00,67.025,67.14,67.015,67.0423,191951.255678
2026-08-21T14:30:00+00:00,67.04,67.195,67.035,67.13,197960.4594
2026-08-21T14:35:00+00:00,67.12,67.155,67.09,67.09,214897.627762
2026-08-21T14:40:00+00:00,67.085,67.095,67.015,67.02,127626.802337
2026-08-21T14:45:00+00:00,67.02,67.08,66.97,67.045,167883.562124
2026-08-21T14:50:00+00:00,67.05,67.1,67.035,67.09,59232.491484
2026-08-21T14:55:00+00:00,67.105,67.1299,67.01,67.02,63054.916219000006
2026-08-21T15:00:00+00:00,67.02,67.1,67.0,67.065,110489.149462
2026-08-21T15:05:00+00:00,67.07,67.165,67.045,67.16,121255.59531799999
2026-08-21T15:10:00+00:00,67.16,67.165,67.12,67.13,212881.202567
2026-08-21T15:15:00+00:00,67.13,67.17,67.115,67.145,117119.05600000001
2026-08-21T15:20:00+00:00,67.145,67.165,67.1,67.115,166612.0
2026-08-21T15:25:00+00:00,67.11,67.15,67.09,67.12,155024.64662
2026-08-21T15:30:00+00:00,67.11,67.1775,67.11,67.165,138765.136107
2026-08-21T15:35:00+00:00,67.165,67.24,67.15,67.235,131567.14829500002
2026-08-21T15:40:00+00:00,67.235,67.315,67.23,67.31,77924.01699999999
2026-08-21T15:45:00+00:00,67.315,67.4,67.305,67.375,137050.305132
2026-08-21T15:50:00+00:00,67.375,67.38,67.31,67.315,746600.0459709999
2026-08-21T15:55:00+00:00,67.3101,67.41,67.3101,67.38,246819.277183
2026-08-21T16:00:00+00:00,67.38,67.38,67.295,67.3,125206.18952000001
2026-08-21T16:05:00+00:00,67.3,67.315,67.27,67.28,79343.022784
2026-08-21T16:10:00+00:00,67.27,67.275,67.2,67.205,137521.14012
2026-08-21T16:15:00+00:00,67.2,67.24,67.195,67.21,110244.71063000002
2026-08-21T16:20:00+00:00,67.2,67.235,67.195,67.195,81459.238722
2026-08-21T16:25:00+00:00,67.19,67.335,67.175,67.21,494696.92100000003
2026-08-21T16:30:00+00:00,67.23,67.23,67.2,67.225,49919.355497
2026-08-21T16:35:00+00:00,67.225,67.235,67.21,67.22,77167.228202
2026-08-21T16:40:00+00:00,67.21,67.26,67.205,67.26,46525.55438
2026-08-21T16:45:00+00:00,67.255,67.265,67.235,67.245,32133.019852999998
2026-08-21T16:50:00+00:00,67.245,67.25,67.2141,67.215,39700.886781
2026-08-21T16:55:00+00:00,67.215,67.22,67.185,67.205,68459.10675800001
2026-08-21T17:00:00+00:00,67.2,67.255,67.19,67.25,47906.150757999996
2026-08-21T17:05:00+00:00,67.255,67.265,67.23,67.24,842904.119094
2026-08-21T17:10:00+00:00,67.235,67.265,67.23,67.24,52254.27328
2026-08-21T17:15:00+00:00,67.235,67.235,67.195,67.2,158677.00938
2026-08-21T17:20:00+00:00,67.2,67.2,67.165,67.18,46650.192718
2026-08-21T17:25:00+00:00,67.175,67.175,67.12,67.145,52118.955
2026-08-21T17:30:00+00:00,67.145,67.17,67.125,67.15,29785.864575000003
2026-08-21T17:35:00+00:00,67.15,67.1599,67.14,67.145,25515.850963
2026-08-21T17:40:00+00:00,67.15,67.185,67.145,67.155,55979.571286
2026-08-21T17:45:00+00:00,67.155,67.18,67.15,67.16,27977.61764
2026-08-21T17:50:00+00:00,67.16,67.1775,67.15,67.165,51644.450263000006
2026-08-21T17:55:00+00:00,67.165,67.175,67.15,67.15,50546.71086000001
2026-08-21T18:00:00+00:00,67.15,67.16,67.135,67.15,242099.98682
2026-08-21T18:05:00+00:00,67.15,67.2,67.145,67.185,38029.003721
2026-08-21T18:10:00+00:00,67.19,67.2,67.16,67.16,53220.53938
2026-08-21T18:15:00+00:00,67.155,67.19,67.155,67.165,45665.71437
2026-08-21T18:20:00+00:00,67.17,67.195,67.17,67.19,52624.316295000004
2026-08-21T18:25:00+00:00,67.195,67.21,67.19,67.195,88530.82342299998
2026-08-21T18:30:00+00:00,67.2,67.21,67.165,67.165,47864.53556
2026-08-21T18:35:00+00:00,67.16,67.17,67.14,67.14,32733.886747
2026-08-21T18:40:00+00:00,67.145,67.16,67.12,67.125,75922.454
2026-08-21T18:45:00+00:00,67.125,67.145,67.12,67.13,258684.668664
2026-08-21T18:50:00+00:00,67.13,67.15,67.12,67.145,46054.191012
2026-08-21T18:55:00+00:00,67.145,67.165,67.145,67.16,61944.04066
2026-08-21T19:00:00+00:00,67.155,67.19,67.14,67.19,103770.415855
2026-08-21T19:05:00+00:00,67.18,67.195,67.155,67.155,92069.222917
2026-08-21T19:10:00+00:00,67.16,67.1699,67.14,67.145,49560.632392
2026-08-21T19:15:00+00:00,67.14,67.14,67.13,67.14,33511.58566
2026-08-21T19:20:00+00:00,67.14,67.15,67.12,67.14,70506.347479
2026-08-21T19:25:00+00:00,67.14,67.14,67.125,67.14,85858.185826
2026-08-21T19:30:00+00:00,67.14,67.145,67.125,67.13,64131.006192999994
2026-08-21T19:35:00+00:00,67.125,67.14,67.11,67.115,87683.4894
2026-08-21T19:40:00+00:00,67.11,67.12,67.095,67.115,117450.43162
2026-08-21T19:45:00+00:00,67.115,67.12,67.095,67.11,148713.130651
2026-08-21T19:50:00+00:00,67.105,67.17,67.1,67.15,468883.18669400003
2026-08-21T19:55:00+00:00,67.15,67.16,67.03,67.05,748813.9158630001
2026-08-21T20:00:00+00:00,67.05,67.13,67.015,67.115,2824237.979623
2026-08-21T20:05:00+00:00,67.12,67.12,67.09,67.12,231809.91922799998
2026-08-21T20:10:00+00:00,67.114,67.114,67.114,67.114,151.0
2026-08-21T20:15:00+00:00,67.12,67.12,67.09,67.09,104952.956488
2026-08-21T20:25:00+00:00,67.13,67.13,67.11,67.12,752335.0
2026-08-21T21:00:00+00:00,67.1928,67.1928,67.1928,67.1928,125.0
2026-08-21T21:05:00+00:00,67.19,67.21,67.19,67.2,1244.0
2026-08-21T23:10:00+00:00,67.212,67.212,67.212,67.212,150.0
2026-08-24T08:05:00+00:00,66.33,66.51,66.33,66.51,473.55305999999996
2026-08-24T08:10:00+00:00,66.48,66.48,66.48,66.48,459.0
2026-08-24T08:20:00+00:00,66.28,66.36,66.28,66.36,1380.0
2026-08-24T08:25:00+00:00,66.41,66.41,66.41,66.41,150.0
2026-08-24T08:40:00+00:00,66.42,66.42,66.42,66.42,700.0
2026-08-24T08:50:00+00:00,66.5,66.5,66.5,66.5,532.0
2026-08-24T08:55:00+00:00,66.42,66.42,66.42,66.42,174.0
2026-08-24T09:50:00+00:00,66.5,66.5,66.5,66.5,531.0
2026-08-24T10:30:00+00:00,66.5,66.53,66.5,66.53,1280.0
2026-08-24T10:45:00+00:00,66.37,66.37,66.37,66.37,260.0
2026-08-24T11:00:00+00:00,66.35,66.35,66.35,66.35,3409.0
2026-08-24T11:05:00+00:00,66.67,66.67,66.45,66.45,1594.785
2026-08-24T11:10:00+00:00,66.311,66.311,66.311,66.311,1500.0
2026-08-24T11:15:00+00:00,66.36,66.36,66.35,66.35,490.0
2026-08-24T11:35:00+00:00,66.47,66.49,66.47,66.49,738.0
2026-08-24T12:10:00+00:00,66.56,66.56,66.56,66.56,220.0
2026-08-24T12:15:00+00:00,66.6,66.6,66.59,66.59,415.0
2026-08-24T12:35:00+00:00,66.49,66.5,66.39,66.5,7868.0
2026-08-24T12:45:00+00:00,66.56,66.59,66.48,66.48,2949.0
2026-08-24T12:50:00+00:00,66.51,66.51,66.51,66.51,512.0
2026-08-24T13:05:00+00:00,66.46,66.475,66.42,66.45,18849.0
2026-08-24T13:10:00+00:00,66.41,66.41,66.39,66.39,778.0
2026-08-24T13:25:00+00:00,66.45,66.45,66.4188,66.4188,1300.0
2026-08-24T13:30:00+00:00,66.44,66.45,66.44,66.45,5271.0
2026-08-24T13:35:00+00:00,66.4,66.44,66.14,66.16,285447.74024
2026-08-24T13:40:00+00:00,66.16,66.25,66.02,66.05,340436.031241
2026-08-24T13:45:00+00:00,66.05,66.07,65.855,65.855,232716.70048600002
2026-08-24T13:50:00+00:00,65.86,65.99,65.8,65.9,442316.09202800004
2026-08-24T13:55:00+00:00,65.89,65.92,65.775,65.88,273251.175558
2026-08-24T14:00:00+00:00,65.89,65.99,65.86,65.945,95611.917625
2026-08-24T14:05:00+00:00,65.95,65.95,65.785,65.82,409030.282812
2026-08-24T14:10:00+00:00,65.835,65.915,65.82,65.88,166752.75696199998
2026-08-24T14:15:00+00:00,65.88,65.95,65.85,65.95,103559.99014600001
2026-08-24T14:20:00+00:00,65.96,65.98,65.88,65.91,142573.41165700002
2026-08-24T14:25:00+00:00,65.91,66.03,65.9,65.95,114881.561923
2026-08-24T14:30:00+00:00,65.94,65.985,65.845,65.975,116131.987278
2026-08-24T14:35:00+00:00,65.97,66.1,65.955,66.075,246328.720461
2026-08-24T14:40:00+00:00,66.08,66.08,66.0,66.04,73627.372949
2026-08-24T14:45:00+00:00,66.03,66.06,66.005,66.019,207009.298832
2026-08-24T14:50:00+00:00,66.015,66.05,66.0,66.04,34624.420607
2026-08-24T14:55:00+00:00,66.05,66.05,65.98,66.025,142082.030808
2026-08-24T15:00:00+00:00,66.03,66.05,65.995,65.995,66414.886598
2026-08-24T15:05:00+00:00,66.0,66.0,65.92,65.935,133652.462531
2026-08-24T15:10:00+00:00,65.94,65.94,65.86,65.875,66793.558938
2026-08-24T15:15:00+00:00,65.87,65.92,65.835,65.87,117950.38589100001
2026-08-24T15:20:00+00:00,65.875,65.9,65.86,65.88,382482.375173
2026-08-24T15:25:00+00:00,65.875,65.985,65.85,65.985,73902.955991
2026-08-24T15:30:00+00:00,65.99,66.18,65.99,66.11,871005.414742
2026-08-24T15:35:00+00:00,66.11,66.17,66.08,66.11,534906.048709
2026-08-24T15:40:00+00:00,66.12,66.17,66.09,66.13,86711.19691
2026-08-24T15:45:00+00:00,66.13,66.175,66.12,66.129,214415.887903
2026-08-24T15:50:00+00:00,66.125,66.21,66.125,66.14,123192.144317
2026-08-24T15:55:00+00:00,66.15,66.16,66.1,66.11,66682.512984
2026-08-24T16:00:00+00:00,66.11,66.11,66.025,66.09,205147.659897
2026-08-24T16:05:00+00:00,66.1,66.19,66.095,66.14,368889.7175
2026-08-24T16:10:00+00:00,66.14,66.16,66.11,66.13,40714.990559
2026-08-24T16:15:00+00:00,66.12,66.15,66.105,66.15,44454.3722
2026-08-24T16:20:00+00:00,66.15,66.21,66.15,66.185,32114.969812
2026-08-24T16:25:00+00:00,66.19,66.245,66.185,66.21,41682.835754
2026-08-24T16:30:00+00:00,66.21,66.2251,66.2,66.2,38027.872922
2026-08-24T16:35:00+00:00,66.21,66.22,66.155,66.17,92192.172992
2026-08-24T16:40:00+00:00,66.16,66.2,66.155,66.16,32128.0
2026-08-24T16:45:00+00:00,66.16,66.16,66.115,66.12,71176.024513
2026-08-24T16:50:00+00:00,66.12,66.12,66.09,66.12,44347.592879
2026-08-24T16:55:00+00:00,66.125,66.125,66.095,66.095,49282.289468999996
2026-08-24T17:00:00+00:00,66.095,66.095,66.055,66.07,37344.110207
2026-08-24T17:05:00+00:00,66.07,66.085,66.065,66.07,59560.362765
2026-08-24T17:10:00+00:00,66.07,66.215,66.06,66.19,111336.13379200001
2026-08-24T17:15:00+00:00,66.195,66.225,66.16,66.19,107859.54159199998
2026-08-24T17:20:00+00:00,66.185,66.22,66.13,66.185,107047.924789
2026-08-24T17:25:00+00:00,66.17,66.175,66.07,66.07,101675.99439299999
2026-08-24T17:30:00+00:00,66.075,66.08,66.0338,66.0338,129999.993904
2026-08-24T17:35:00+00:00,66.03,66.04,66.005,66.01,73741.853344
2026-08-24T17:40:00+00:00,66.0,66.02,65.99,66.02,193084.565699
2026-08-24T17:45:00+00:00,66.02,66.03,65.98,65.995,107810.404862
2026-08-24T17:50:00+00:00,65.995,66.0,65.975,65.985,51121.819136
2026-08-24T17:55:00+00:00,65.99,66.01,65.96,65.97,47558.117477
2026-08-24T18:00:00+00:00,65.98,65.995,65.97,65.995,43445.207288
2026-08-24T18:05:00+00:00,65.995,66.09,65.99,66.08,192401.2014
2026-08-24T18:10:00+00:00,66.085,66.125,66.085,66.1199,87802.114908
2026-08-24T18:15:00+00:00,66.11,66.16,66.1,66.1565,159472.497877
2026-08-24T18:20:00+00:00,66.155,66.2,66.12,66.1475,95040.031658
2026-08-24T18:25:00+00:00,66.145,66.24,66.14,66.225,115956.852496
2026-08-24T18:30:00+00:00,66.235,66.25,66.23,66.24,109234.121439
2026-08-24T18:35:00+00:00,66.24,66.26,66.21,66.235,50377.544548000005
2026-08-24T18:40:00+00:00,66.24,66.245,66.17,66.18,67215.45447
2026-08-24T18:45:00+00:00,66.175,66.22,66.175,66.2,50707.625342
2026-08-24T18:50:00+00:00,66.2084,66.2084,66.17,66.185,46435.831155
2026-08-24T18:55:00+00:00,66.18,66.205,66.165,66.18,63700.934254
2026-08-24T19:00:00+00:00,66.18,66.185,66.15,66.15,31622.870534
2026-08-24T19:05:00+00:00,66.15,66.17,66.135,66.165,60995.092288
2026-08-24T19:10:00+00:00,66.17,66.18,66.14,66.14,66464.969983
2026-08-24T19:15:00+00:00,66.14,66.18,66.13,66.17,147823.55813000002
2026-08-24T19:20:00+00:00,66.17,66.17,66.14,66.165,64438.574813
2026-08-24T19:25:00+00:00,66.165,66.18,66.15,66.16,188665.31533
2026-08-24T19:30:00+00:00,66.16,66.18,66.15,66.165,68631.02472100001
2026-08-24T19:35:00+00:00,66.165,66.19,66.14,66.14,205970.39025
2026-08-24T19:40:00+00:00,66.15,66.15,66.105,66.105,219595.02265700002
2026-08-24T19:45:00+00:00,66.11,66.13,66.09,66.11,168330.183412
2026-08-24T19:50:00+00:00,66.11,66.115,66.055,66.065,210601.55663999997
2026-08-24T19:55:00+00:00,66.07,66.12,66.06,66.12,900080.211198
2026-08-24T20:00:00+00:00,66.11,66.13,66.08,66.125,1684026.1488429997
2026-08-24T20:05:00+00:00,66.13,66.13,66.07,66.11,5507.669181
2026-08-24T20:10:00+00:00,66.13,66.13,66.13,66.13,206.0
2026-08-24T20:15:00+00:00,66.12,66.13,66.12,66.12,15912.0
2026-08-24T20:20:00+00:00,66.12,66.12,66.12,66.12,202.240221
2026-08-24T20:25:00+00:00,66.13,66.14,66.13,66.14,395.0
2026-08-24T20:40:00+00:00,66.11,66.11,66.11,66.11,379.0
2026-08-24T21:00:00+00:00,66.16,66.18,66.16,66.18,961.0
2026-08-24T22:15:00+00:00,66.04,66.04,66.04,66.04,325.0
2026-08-25T08:05:00+00:00,66.3,66.5,66.3,66.5,1273.074989
2026-08-25T08:25:00+00:00,66.6,66.75,66.6,66.75,1355.0
2026-08-25T09:05:00+00:00,66.83,66.99,66.38,66.74,73719.0
2026-08-25T09:10:00+00:00,66.92,67.09,66.7,66.99,32078.0
2026-08-25T09:15:00+00:00,66.82,67.08,66.74,67.08,10448.0
2026-08-25T09:25:00+00:00,66.92,66.96,66.92,66.96,401.0
2026-08-25T09:35:00+00:00,67.0,67.15,67.0,67.15,2812.0
2026-08-25T09:55:00+00:00,67.15,67.15,67.15,67.15,300.0
2026-08-25T10:00:00+00:00,67.16,67.27,67.11,67.13,4612.0
2026-08-25T10:10:00+00:00,66.96,67.23,66.86,67.22,19299.0
2026-08-25T10:15:00+00:00,66.98,67.16,66.97,66.97,6285.0
2026-08-25T10:25:00+00:00,66.96,66.96,66.96,66.96,150.0
2026-08-25T10:35:00+00:00,67.01,67.1,67.0,67.0,18838.0
2026-08-25T10:40:00+00:00,66.99,67.0,66.98,67.0,5440.0
2026-08-25T10:45:00+00:00,67.01,67.02,67.01,67.01,1530.0
2026-08-25T11:05:00+00:00,66.9,66.95,66.9,66.95,1014.0
2026-08-25T11:20:00+00:00,66.97,66.97,66.95,66.95,1603.0
2026-08-25T11:25:00+00:00,66.95,66.95,66.915,66.915,1880.0
2026-08-25T11:35:00+00:00,66.96,67.0,66.87,66.87,24530.0
2026-08-25T11:50:00+00:00,67.0,67.0,67.0,67.0,100.0
2026-08-25T11:55:00+00:00,67.06,67.08,67.06,67.07,600.0
2026-08-25T12:25:00+00:00,67.1,67.1,67.1,67.1,765.0
2026-08-25T12:35:00+00:00,66.91,66.91,66.91,66.91,185.0
2026-08-25T12:40:00+00:00,66.88,66.88,66.86,66.86,502.0
2026-08-25T12:50:00+00:00,66.92,66.92,66.92,66.92,103.468
2026-08-25T12:55:00+00:00,66.95,66.95,66.95,66.95,250.0
2026-08-25T13:05:00+00:00,66.87,66.87,66.87,66.87,202.0
2026-08-25T13:10:00+00:00,66.83,66.83,66.83,66.83,967.0
2026-08-25T13:15:00+00:00,66.85,66.9,66.84,66.89,7046.0
2026-08-25T13:20:00+00:00,66.86,66.86,66.86,66.86,1662.0
2026-08-25T13:30:00+00:00,66.84,66.85,66.81,66.83,3777.0
2026-08-25T13:35:00+00:00,66.84,67.01,66.795,67.01,381509.56985699997
2026-08-25T13:40:00+00:00,67.005,67.04,66.87,66.91,399283.661844
2026-08-25T13:45:00+00:00,66.91,66.9657,66.89,66.95,286399.640237
2026-08-25T13:50:00+00:00,66.96,67.05,66.92,67.015,110398.094851
2026-08-25T13:55:00+00:00,67.0,67.01,66.88,66.88,107570.523947
2026-08-25T14:00:00+00:00,66.875,66.895,66.81,66.895,121111.39607
2026-08-25T14:05:00+00:00,66.89,66.94,66.795,66.83,94651.76216099999
2026-08-25T14:10:00+00:00,66.825,66.96,66.82,66.93,73639.123473
2026-08-25T14:15:00+00:00,66.93,67.0,66.91,66.915,98520.81404200001
2026-08-25T14:20:00+00:00,66.91,66.95,66.86,66.86,55154.271748
2026-08-25T14:25:00+00:00,66.855,66.91,66.795,66.835,83781.28552599999
2026-08-25T14:30:00+00:00,66.835,66.91,66.82,66.845,72210.00489
2026-08-25T14:35:00+00:00,66.84,66.95,66.63,66.88,945302.732134
2026-08-25T14:40:00+00:00,66.9,67.035,66.9,67.01,340859.654321
2026-08-25T14:45:00+00:00,67.005,67.01,66.85,66.92,82999.391234
2026-08-25T14:50:00+00:00,66.92,66.96,66.915,66.95,43753.82157
2026-08-25T14:55:00+00:00,66.94,66.98,66.905,66.945,128995.93199599998
2026-08-25T15:00:00+00:00,66.95,66.96,66.895,66.895,140390.162942
2026-08-25T15:05:00+00:00,66.9,66.925,66.885,66.895,72836.660837
2026-08-25T15:10:00+00:00,66.9,66.93,66.875,66.915,584231.672851
2026-08-25T15:15:00+00:00,66.92,66.935,66.9,66.92,165377.89153
2026-08-25T15:20:00+00:00,66.925,66.945,66.905,66.93,79496.419989
2026-08-25T15:25:00+00:00,66.94,66.995,66.925,66.935,93024.0
2026-08-25T15:30:00+00:00,66.935,67.015,66.93,67.0101,74019.814912
2026-08-25T15:35:00+00:00,67.02,67.135,67.02,67.065,386197.259277
2026-08-25T15:40:00+00:00,67.06,67.15,67.055,67.085,453851.066193
2026-08-25T15:45:00+00:00,67.0801,67.095,67.04,67.05,150226.010301
2026-08-25T15:50:00+00:00,67.06,67.06,67.01,67.015,70909.091331
2026-08-25T15:55:00+00:00,67.015,67.03,67.0,67.0,180670.01987999998
2026-08-25T16:00:00+00:00,67.01,67.04,67.005,67.03,79947.733398
2026-08-25T16:05:00+00:00,67.04,67.08,67.03,67.05,227619.38857200003
2026-08-25T16:10:00+00:00,67.05,67.1151,67.05,67.075,71236.218439
2026-08-25T16:15:00+00:00,67.075,67.095,67.065,67.075,59488.157538
2026-08-25T16:20:00+00:00,67.075,67.105,67.075,67.09,32048.776770999997
2026-08-25T16:25:00+00:00,67.085,67.095,67.0501,67.065,45001.0
2026-08-25T16:30:00+00:00,67.07,67.09,67.06,67.0699,98298.262474
2026-08-25T16:35:00+00:00,67.065,67.085,67.065,67.075,24228.243085000002
2026-08-25T16:40:00+00:00,67.075,67.11,67.06,67.095,46418.51141
2026-08-25T16:45:00+00:00,67.095,67.095,67.03,67.04,76030.088756
2026-08-25T16:50:00+00:00,67.04,67.08,67.04,67.055,79502.278974
2026-08-25T16:55:00+00:00,67.05,67.055,67.02,67.02,55148.887176000004
2026-08-25T17:00:00+00:00,67.03,67.105,67.025,67.08,87270.570763
2026-08-25T17:05:00+00:00,67.075,67.08,67.01,67.02,39814.104535
2026-08-25T17:10:00+00:00,67.01,67.025,66.95,66.97,135008.1938
2026-08-25T17:15:00+00:00,66.975,66.99,66.95,66.99,59030.56424199999
2026-08-25T17:20:00+00:00,66.985,67.03,66.975,67.03,37065.472917
2026-08-25T17:25:00+00:00,67.035,67.035,66.99,67.005,35409.93489
2026-08-25T17:30:00+00:00,67.0,67.005,66.975,66.995,22048.186419999998
2026-08-25T17:35:00+00:00,67.0,67.04,66.995,67.03,54915.389192
2026-08-25T17:40:00+00:00,67.02,67.0573,67.02,67.05,25094.464277
2026-08-25T17:45:00+00:00,67.05,67.07,67.035,67.06,42249.40396999999
2026-08-25T17:50:00+00:00,67.055,67.1,67.05,67.1,52192.99354
2026-08-25T17:55:00+00:00,67.09,67.11,67.075,67.1,38610.42642
2026-08-25T18:00:00+00:00,67.1,67.11,67.09,67.105,37008.053783
2026-08-25T18:05:00+00:00,67.1,67.1,67.065,67.065,47608.655111
2026-08-25T18:10:00+00:00,67.07,67.095,67.07,67.095,172900.347042
2026-08-25T18:15:00+00:00,67.095,67.105,67.08,67.085,61000.928466
2026-08-25T18:20:00+00:00,67.085,67.105,67.085,67.1,45225.38512
2026-08-25T18:25:00+00:00,67.1,67.115,67.1,67.11,50448.316159
2026-08-25T18:30:00+00:00,67.12,67.13,67.11,67.115,120712.078542
2026-08-25T18:35:00+00:00,67.12,67.15,67.12,67.145,33430.080107999995
2026-08-25T18:40:00+00:00,67.15,67.17,67.15,67.16,125578.185421
2026-08-25T18:45:00+00:00,67.155,67.19,67.155,67.18,62734.039510999995
2026-08-25T18:50:00+00:00,67.18,67.215,67.18,67.205,66834.03479
2026-08-25T18:55:00+00:00,67.2064,67.21,67.165,67.18,217285.08000000002
2026-08-25T19:00:00+00:00,67.175,67.185,67.1601,67.175,69198.30225000001
2026-08-25T19:05:00+00:00,67.175,67.1899,67.15,67.15,101761.29072
2026-08-25T19:10:00+00:00,67.155,67.1801,67.155,67.18,80187.408715
2026-08-25T19:15:00+00:00,67.18,67.19,67.155,67.155,52364.048039999994
2026-08-25T19:20:00+00:00,67.155,67.165,67.135,67.15,127284.489408
2026-08-25T19:25:00+00:00,67.155,67.1578,67.12,67.15,114267.0
2026-08-25T19:30:00+00:00,67.155,67.16,67.14,67.145,112938.61650799999
2026-08-25T19:35:00+00:00,67.145,67.145,67.1,67.115,183748.407313
2026-08-25T19:40:00+00:00,67.11,67.14,67.11,67.14,133699.498
2026-08-25T19:45:00+00:00,67.13,67.18,67.13,67.135,185613.59427
2026-08-25T19:50:00+00:00,67.14,67.19,67.1201,67.185,292451.322425
2026-08-25T19:55:00+00:00,67.19,67.25,67.19,67.245,836424.086418
2026-08-25T20:00:00+00:00,67.25,67.29,67.195,67.255,1407226.4992510001
2026-08-25T20:05:00+00:00,67.26,67.26,67.24,67.2499,747399.689269
2026-08-25T20:10:00+00:00,67.24,67.27,67.24,67.27,7201.0
2026-08-25T20:15:00+00:00,67.27,67.27,67.26,67.26,978.0
2026-08-25T20:20:00+00:00,67.27,67.27,67.26,67.26,3301.14939
2026-08-25T20:25:00+00:00,67.2307,67.2307,67.2307,67.2307,450.0
2026-08-25T20:30:00+00:00,67.29,67.29,67.29,67.29,381.0
2026-08-25T20:55:00+00:00,67.1556,67.1556,67.1556,67.1556,100.0
2026-08-25T21:15:00+00:00,67.18,67.18,67.17,67.18,523.0
2026-08-25T21:30:00+00:00,67.26,67.26,67.26,67.26,155.0
2026-08-25T22:55:00+00:00,67.3362,67.3362,67.3362,67.3362,193.0
2026-08-26T08:05:00+00:00,67.35,67.52,67.35,67.52,2494.96556
2026-08-26T08:35:00+00:00,67.5,67.5,67.5,67.5,819.0
2026-08-26T08:50:00+00:00,67.49,67.5,67.49,67.5,2569.0
2026-08-26T09:25:00+00:00,67.49,67.52,67.49,67.52,1500.0
2026-08-26T10:15:00+00:00,67.33,67.33,67.3,67.3,400.0
2026-08-26T11:10:00+00:00,67.45,67.45,67.45,67.45,101.0
2026-08-26T12:20:00+00:00,67.4,67.42,67.4,67.42,1280.0
2026-08-26T12:30:00+00:00,67.52,67.52,67.52,67.52,1380.0
2026-08-26T12:45:00+00:00,67.38,67.39,67.38,67.39,1305.0
2026-08-26T12:50:00+00:00,67.33,67.33,67.33,67.33,229.0
2026-08-26T13:00:00+00:00,67.24,67.24,67.2,67.23,10544.0
2026-08-26T13:05:00+00:00,67.26,67.26,67.26,67.26,711.0
2026-08-26T13:10:00+00:00,67.17,67.17,67.17,67.17,214.0
2026-08-26T13:15:00+00:00,67.16,67.21,67.15,67.21,2949.0
2026-08-26T13:20:00+00:00,67.29,67.29,67.29,67.29,229.0
2026-08-26T13:30:00+00:00,67.33,67.37,67.33,67.365,16098.0
2026-08-26T13:35:00+00:00,67.36,67.55,67.35,67.44,380245.809727
2026-08-26T13:40:00+00:00,67.435,67.53,67.365,67.44,266521.137559
2026-08-26T13:45:00+00:00,67.435,67.5201,67.415,67.47,479372.09303399996
2026-08-26T13:50:00+00:00,67.47,67.51,67.44,67.45,269301.648329
2026-08-26T13:55:00+00:00,67.44,67.495,67.4,67.49,181834.35842499998
2026-08-26T14:00:00+00:00,67.5,67.515,67.425,67.46,177931.503854
2026-08-26T14:05:00+00:00,67.455,67.46,67.395,67.41,132585.958409
2026-08-26T14:10:00+00:00,67.405,67.41,67.34,67.355,151530.7598
2026-08-26T14:15:00+00:00,67.36,67.37,67.285,67.33,176962.72187200002
2026-08-26T14:20:00+00:00,67.33,67.355,67.295,67.31,67445.89547599999
2026-08-26T14:25:00+00:00,67.3086,67.3086,67.21,67.23,63882.233315
2026-08-26T14:30:00+00:00,67.225,67.245,67.185,67.195,140503.872517
2026-08-26T14:35:00+00:00,67.19,67.265,67.18,67.24,331362.189638
2026-08-26T14:40:00+00:00,67.24,67.305,67.215,67.275,157777.807063
2026-08-26T14:45:00+00:00,67.275,67.31,67.265,67.265,62248.01384000001
2026-08-26T14:50:00+00:00,67.265,67.27,67.22,67.23,61465.903589
2026-08-26T14:55:00+00:00,67.225,67.26,67.18,67.195,70301.300416
2026-08-26T15:00:00+00:00,67.21,67.255,67.19,67.205,47349.074343
2026-08-26T15:05:00+00:00,67.205,67.25,67.185,67.24,91096.569756
2026-08-26T15:10:00+00:00,67.24,67.29,67.235,67.28,51830.235973
2026-08-26T15:15:00+00:00,67.28,67.28,67.215,67.22,77105.720768
2026-08-26T15:20:00+00:00,67.225,67.245,67.165,67.245,2053726.555634
2026-08-26T15:25:00+00:00,67.25,67.265,67.2101,67.235,49133.786029
2026-08-26T15:30:00+00:00,67.24,67.3,67.225,67.28,397394.038288
2026-08-26T15:35:00+00:00,67.28,67.305,67.25,67.28,285078.048391
2026-08-26T15:40:00+00:00,67.275,67.32,67.275,67.32,84515.292685
2026-08-26T15:45:00+00:00,67.32,67.38,67.32,67.365,58724.45148
2026-08-26T15:50:00+00:00,67.37,67.395,67.36,67.375,193460.05700399997
2026-08-26T15:55:00+00:00,67.38,67.38,67.23,67.23,119722.30984399999
2026-08-26T16:00:00+00:00,67.24,67.27,67.21,67.22,38837.797916
2026-08-26T16:05:00+00:00,67.225,67.23,67.16,67.21,72476.688609
2026-08-26T16:10:00+00:00,67.2,67.22,67.185,67.1901,27070.912997
2026-08-26T16:15:00+00:00,67.195,67.195,67.155,67.1859,41947.1807
2026-08-26T16:20:00+00:00,67.19,67.2,67.17,67.2,40726.115998
2026-08-26T16:25:00+00:00,67.195,67.255,67.195,67.225,22065.766822999998
2026-08-26T16:30:00+00:00,67.23,67.23,67.2,67.21,18528.0
2026-08-26T16:35:00+00:00,67.205,67.23,67.2,67.2,49668.174308
2026-08-26T16:40:00+00:00,67.2,67.225,67.155,67.16,51695.328690999995
2026-08-26T16:45:00+00:00,67.15,67.195,67.14,67.15,26869.0
2026-08-26T16:50:00+00:00,67.16,67.18,67.14,67.16,16634.425115
2026-08-26T16:55:00+00:00,67.17,67.185,67.14,67.145,55162.112452
2026-08-26T17:00:00+00:00,67.14,67.205,67.135,67.1899,94750.0
2026-08-26T17:05:00+00:00,67.185,67.225,67.185,67.225,45688.541973
2026-08-26T17:10:00+00:00,67.22,67.24,67.19,67.235,25346.574652
2026-08-26T17:15:00+00:00,67.235,67.27,67.232,67.27,57479.0
2026-08-26T17:20:00+00:00,67.27,67.33,67.27,67.32,83470.484726
2026-08-26T17:25:00+00:00,67.32,67.33,67.31,67.325,24959.1319
2026-08-26T17:30:00+00:00,67.325,67.33,67.295,67.325,41003.118867
2026-08-26T17:35:00+00:00,67.325,67.33,67.29,67.33,87154.695611
2026-08-26T17:40:00+00:00,67.325,67.34,67.31,67.32,105885.15557
2026-08-26T17:45:00+00:00,67.33,67.33,67.28,67.295,31238.8859
2026-08-26T17:50:00+00:00,67.29,67.2954,67.25,67.255,81484.5847
2026-08-26T17:55:00+00:00,67.255,67.275,67.25,67.27,163768.180323
2026-08-26T18:00:00+00:00,67.275,67.285,67.265,67.27,33591.614102
2026-08-26T18:05:00+00:00,67.2716,67.2716,67.25,67.25,122626.4836
2026-08-26T18:10:00+00:00,67.255,67.26,67.23,67.255,47001.537
2026-08-26T18:15:00+00:00,67.25,67.255,67.21,67.225,16170.899355
2026-08-26T18:20:00+00:00,67.22,67.25,67.21,67.241,88030.30752999999
2026-08-26T18:25:00+00:00,67.245,67.245,67.21,67.22,29541.700203
2026-08-26T18:30:00+00:00,67.22,67.225,67.2,67.22,36119.150194999995
2026-08-26T18:35:00+00:00,67.21,67.221,67.195,67.215,35631.274626
2026-08-26T18:40:00+00:00,67.215,67.235,67.21,67.235,109774.829745
2026-08-26T18:45:00+00:00,67.23,67.235,67.2,67.215,30793.0
2026-08-26T18:50:00+00:00,67.215,67.27,67.215,67.25,60701.91765
2026-08-26T18:55:00+00:00,67.25,67.25,67.225,67.235,41656.4965
2026-08-26T19:00:00+00:00,67.23,67.25,67.22,67.235,25551.40061
2026-08-26T19:05:00+00:00,67.24,67.3,67.235,67.3,132940.75740499998
2026-08-26T19:10:00+00:00,67.3,67.3,67.27,67.285,150656.06901799998
2026-08-26T19:15:00+00:00,67.285,67.285,67.25,67.265,114757.14600000001
2026-08-26T19:20:00+00:00,67.2699,67.285,67.255,67.275,74107.67805700001
2026-08-26T19:25:00+00:00,67.27,67.29,67.25,67.285,104385.9907
2026-08-26T19:30:00+00:00,67.28,67.305,67.27,67.27,54983.365470000004
2026-08-26T19:35:00+00:00,67.28,67.29,67.265,67.275,102021.31599999999
2026-08-26T19:40:00+00:00,67.275,67.28,67.26,67.27,48436.883385999994
2026-08-26T19:45:00+00:00,67.27,67.27,67.235,67.2413,182293.0
2026-08-26T19:50:00+00:00,67.24,67.265,67.24,67.2601,99793.833178
2026-08-26T19:55:00+00:00,67.26,67.26,67.19,67.205,676531.49355
2026-08-26T20:00:00+00:00,67.205,67.225,67.15,67.17,1184710.431673
2026-08-26T20:05:00+00:00,67.17,67.2594,67.17,67.2594,11801.872195000002
2026-08-26T20:10:00+00:00,67.27,67.28,67.25,67.26,55237.0
2026-08-26T20:25:00+00:00,67.18,67.18,67.12,67.12,5000.0
2026-08-26T20:30:00+00:00,67.2,67.2,67.17,67.18,5000.0
2026-08-26T20:35:00+00:00,67.17,67.19,67.16,67.16,5012.113424
2026-08-26T20:45:00+00:00,67.2,67.2,67.2,67.2,113.0
2026-08-26T21:10:00+00:00,67.34,67.36,67.26,67.35,2502.0
2026-08-26T21:15:00+00:00,67.35,67.87,67.25,67.5,36795.0
2026-08-26T21:20:00+00:00,67.55,67.58,67.55,67.56,1182.0
2026-08-26T21:25:00+00:00,67.76,67.99,67.76,67.99,8458.417704
2026-08-26T21:30:00+00:00,67.94,67.99,67.83,67.83,1559.0
2026-08-26T21:35:00+00:00,67.88,67.88,67.8667,67.8667,1640.4265030000001
2026-08-26T21:45:00+00:00,67.75,67.75,67.71,67.71,2474.0
2026-08-26T21:50:00+00:00,67.81,67.83,67.69,67.69,13343.0
2026-08-26T22:55:00+00:00,67.74,67.76,67.74,67.76,1566.0
2026-08-26T23:30:00+00:00,67.65,67.66,67.65,67.65,392.0
2026-08-26T23:45:00+00:00,67.65,67.65,67.65,67.65,832.0
2026-08-27T08:05:00+00:00,67.55,67.55,67.39,67.53,11201.927599999999
2026-08-27T08:50:00+00:00,67.66,67.66,67.66,67.66,295.595625
2026-08-27T09:00:00+00:00,67.71,67.71,67.71,67.71,295.0
2026-08-27T09:10:00+00:00,67.6,67.6,67.6,67.6,100.0
2026-08-27T10:05:00+00:00,67.52,67.52,67.5,67.5,1782.414814
2026-08-27T10:10:00+00:00,67.51,67.51,67.51,67.51,200.0
2026-08-27T10:25:00+00:00,67.57,67.57,67.54,67.54,8921.0
2026-08-27T10:30:00+00:00,67.55,67.55,67.55,67.55,5045.746295
2026-08-27T10:40:00+00:00,67.64,67.64,67.64,67.64,295.0
2026-08-27T10:45:00+00:00,67.56,67.56,67.56,67.56,4801.0
2026-08-27T11:50:00+00:00,67.56,67.56,67.56,67.56,199.0
2026-08-27T12:20:00+00:00,67.59,67.59,67.57,67.57,1535.0
2026-08-27T13:00:00+00:00,67.52,67.52,67.52,67.52,506.0
2026-08-27T13:10:00+00:00,67.53,67.53,67.53,67.53,196.0
2026-08-27T13:20:00+00:00,67.58,67.58,67.56,67.58,900.0
2026-08-27T13:25:00+00:00,67.59,67.61,67.59,67.61,477.6
2026-08-27T13:35:00+00:00,67.57,67.69,67.515,67.52,483498.526908
2026-08-27T13:40:00+00:00,67.53,67.6,67.43,67.48,187923.61357000002
2026-08-27T13:45:00+00:00,67.48,67.59,67.435,67.52,412658.369866
2026-08-27T13:50:00+00:00,67.53,67.53,67.305,67.34,186202.554715
2026-08-27T13:55:00+00:00,67.35,67.5,67.35,67.45,173256.698216
2026-08-27T14:00:00+00:00,67.44,67.44,67.205,67.26,254230.171392
2026-08-27T14:05:00+00:00,67.25,67.335,67.235,67.3,98659.58318599999
2026-08-27T14:10:00+00:00,67.3,67.35,67.25,67.315,120584.343286
2026-08-27T14:15:00+00:00,67.33,67.39,67.33,67.34,88270.134595
2026-08-27T14:20:00+00:00,67.34,67.49,67.33,67.49,182585.41301
2026-08-27T14:25:00+00:00,67.49,67.535,67.425,67.435,237661.063082
2026-08-27T14:30:00+00:00,67.44,67.49,67.39,67.485,118585.890751
2026-08-27T14:35:00+00:00,67.485,67.495,67.43,67.455,67174.92116900001
2026-08-27T14:40:00+00:00,67.455,67.53,67.455,67.455,106719.224452
2026-08-27T14:45:00+00:00,67.46,67.48,67.44,67.465,88462.37836
2026-08-27T14:50:00+00:00,67.465,67.57,67.465,67.55,225582.310857
2026-08-27T14:55:00+00:00,67.545,67.565,67.47,67.48,176660.786953
2026-08-27T15:00:00+00:00,67.47,67.475,67.395,67.44,175573.42534900003
2026-08-27T15:05:00+00:00,67.445,67.5,67.43,67.475,206849.22062600002
2026-08-27T15:10:00+00:00,67.47,67.4751,67.39,67.415,166048.84643
2026-08-27T15:15:00+00:00,67.43,67.45,67.41,67.44,80536.185021
2026-08-27T15:20:00+00:00,67.44,67.46,67.4,67.405,35256.008083
2026-08-27T15:25:00+00:00,67.405,67.42,67.37,67.38,91501.741729
2026-08-27T15:30:00+00:00,67.37,67.42,67.36,67.405,213966.760701
2026-08-27T15:35:00+00:00,67.41,67.49,67.4,67.49,142202.0
2026-08-27T15:40:00+00:00,67.49,67.5,67.426,67.465,63940.649
2026-08-27T15:45:00+00:00,67.46,67.49,67.435,67.46,93080.91586800001
2026-08-27T15:50:00+00:00,67.45,67.45,67.4,67.43,63145.538147
2026-08-27T15:55:00+00:00,67.43,67.575,67.43,67.575,94624.15935399999
2026-08-27T16:00:00+00:00,67.575,67.58,67.53,67.53,107435.131864
2026-08-27T16:05:00+00:00,67.52,67.545,67.51,67.5361,78325.85989800001
2026-08-27T16:10:00+00:00,67.535,67.54,67.47,67.47,123779.00464000001
2026-08-27T16:15:00+00:00,67.47,67.485,67.4441,67.45,25140.851989
2026-08-27T16:20:00+00:00,67.455,67.48,67.416,67.44,71410.809294
2026-08-27T16:25:00+00:00,67.425,67.445,67.42,67.425,39637.674232
2026-08-27T16:30:00+00:00,67.425,67.48,67.415,67.46,38607.424698
2026-08-27T16:35:00+00:00,67.465,67.485,67.45,67.485,65137.729975
2026-08-27T16:40:00+00:00,67.485,67.52,67.475,67.51,33520.99132
2026-08-27T16:45:00+00:00,67.515,67.535,67.505,67.51,87980.029178
2026-08-27T16:50:00+00:00,67.52,67.53,67.515,67.52,103216.622035
2026-08-27T16:55:00+00:00,67.52,67.555,67.5099,67.53,153917.249449
2026-08-27T17:00:00+00:00,67.54,67.555,67.515,67.555,38968.634879000005
2026-08-27T17:05:00+00:00,67.555,67.595,67.545,67.58,52017.995926999996
2026-08-27T17:10:00+00:00,67.575,67.58,67.545,67.575,70612.262651
2026-08-27T17:15:00+00:00,67.57,67.58,67.56,67.565,27668.218439
2026-08-27T17:20:00+00:00,67.565,67.57,67.535,67.555,37810.586952
2026-08-27T17:25:00+00:00,67.555,67.58,67.55,67.58,25329.559476
2026-08-27T17:30:00+00:00,67.575,67.575,67.51,67.515,34004.093054000004
2026-08-27T17:35:00+00:00,67.52,67.525,67.48,67.5,66928.981429
2026-08-27T17:40:00+00:00,67.49,67.505,67.485,67.489,18945.95561
2026-08-27T17:45:00+00:00,67.485,67.495,67.42,67.425,66951.773357
2026-08-27T17:50:00+00:00,67.43,67.44,67.385,67.405,50182.343380000006
2026-08-27T17:55:00+00:00,67.405,67.42,67.38,67.41,44390.589909999995
2026-08-27T18:00:00+00:00,67.41,67.4177,67.37,67.375,36593.832037
2026-08-27T18:05:00+00:00,67.375,67.38,67.3,67.3,64386.200638
2026-08-27T18:10:00+00:00,67.31,67.375,67.31,67.35,27182.30117
2026-08-27T18:15:00+00:00,67.35,67.355,67.305,67.345,68274.197104
2026-08-27T18:20:00+00:00,67.34,67.36,67.32,67.345,42195.092653
2026-08-27T18:25:00+00:00,67.345,67.345,67.305,67.305,82718.476177
2026-08-27T18:30:00+00:00,67.305,67.305,67.23,67.24,434391.97722700005
2026-08-27T18:35:00+00:00,67.25,67.31,67.24,67.275,46904.61487
2026-08-27T18:40:00+00:00,67.28,67.31,67.26,67.31,109562.124557
2026-08-27T18:45:00+00:00,67.31,67.32,67.29,67.31,14756.227257999999
2026-08-27T18:50:00+00:00,67.305,67.325,67.29,67.29,30407.583313
2026-08-27T18:55:00+00:00,67.28,67.325,67.28,67.305,17839.513205
2026-08-27T19:00:00+00:00,67.305,67.345,67.295,67.345,52621.6438
2026-08-27T19:05:00+00:00,67.34,67.395,67.34,67.39,49027.167374
2026-08-27T19:10:00+00:00,67.385,67.41,67.37,67.41,149840.476552
2026-08-27T19:15:00+00:00,67.41,67.415,67.385,67.385,127263.74444000001
2026-08-27T19:20:00+00:00,67.385,67.4,67.365,67.39,61909.095527000005
2026-08-27T19:25:00+00:00,67.395,67.395,67.365,67.37,63724.7723
2026-08-27T19:30:00+00:00,67.36,67.38,67.345,67.355,76103.8532
2026-08-27T19:35:00+00:00,67.35,67.41,67.345,67.405,107732.287054
2026-08-27T19:40:00+00:00,67.405,67.42,67.405,67.415,86051.571444
2026-08-27T19:45:00+00:00,67.415,67.43,67.41,67.41,106912.246614
2026-08-27T19:50:00+00:00,67.415,67.485,67.41,67.48,161746.71448999998
2026-08-27T19:55:00+00:00,67.48,67.505,67.46,67.505,449617.41529599996
2026-08-27T20:00:00+00:00,67.505,67.62,67.49,67.62,1525891.090968
2026-08-27T20:05:00+00:00,67.61,67.62,67.57,67.58,27264.308066
2026-08-27T20:10:00+00:00,67.55,67.55,67.51,67.51,23045.0
2026-08-27T20:20:00+00:00,67.5,67.5,67.5,67.5,255.759841
2026-08-27T20:25:00+00:00,67.5,67.5,67.5,67.5,440.0
2026-08-27T20:30:00+00:00,67.51,67.52,67.49,67.5,13911.0
2026-08-27T20:35:00+00:00,67.5,67.5,67.49,67.49,340.0
2026-08-27T20:40:00+00:00,67.49,67.5,67.49,67.5,979.0
2026-08-27T21:00:00+00:00,67.49,67.51,67.49,67.51,683.0
2026-08-27T21:30:00+00:00,67.3267,67.3267,67.3267,67.3267,500.0
2026-08-28T08:05:00+00:00,67.69,67.7,67.69,67.7,410.0
2026-08-28T08:55:00+00:00,67.6,67.6,67.6,67.6,301.0
2026-08-28T09:05:00+00:00,67.67,67.69,67.67,67.69,501.0
2026-08-28T09:25:00+00:00,67.64,67.64,67.64,67.64,410.0
2026-08-28T09:50:00+00:00,67.68,67.69,67.68,67.68,500.0
2026-08-28T09:55:00+00:00,67.69,67.7,67.69,67.7,800.0
2026-08-28T10:50:00+00:00,67.57,67.57,67.57,67.57,100.0
2026-08-28T11:05:00+00:00,67.63,67.63,67.575,67.63,1949.0
2026-08-28T11:25:00+00:00,67.64,67.66,67.585,67.66,7764.0
2026-08-28T12:25:00+00:00,67.59,67.7,67.59,67.7,2832.0
2026-08-28T12:30:00+00:00,67.75,67.75,67.75,67.75,553.0
2026-08-28T12:40:00+00:00,67.6,67.6,67.6,67.6,196.0
2026-08-28T12:55:00+00:00,67.68,67.68,67.68,67.68,200.0
2026-08-28T13:00:00+00:00,67.69,67.72,67.69,67.72,1279.0
2026-08-28T13:05:00+00:00,67.6386,67.7,67.6386,67.7,828.0
2026-08-28T13:10:00+00:00,67.79,67.79,67.79,67.79,112.0
2026-08-28T13:30:00+00:00,67.7,67.72,67.7,67.7,3844.0
2026-08-28T13:35:00+00:00,67.7,67.73,67.59,67.605,248632.353321
2026-08-28T13:40:00+00:00,67.605,67.705,67.54,67.7,92427.752762
2026-08-28T13:45:00+00:00,67.7,67.8,67.69,67.69,53155.268891
2026-08-28T13:50:00+00:00,67.7,67.775,67.68,67.735,242493.999055
2026-08-28T13:55:00+00:00,67.74,67.765,67.69,67.73,145482.255916
2026-08-28T14:00:00+00:00,67.715,67.895,67.715,67.74,246958.61372899998
2026-08-28T14:05:00+00:00,67.75,68.0,67.635,67.72,639700.080274
2026-08-28T14:10:00+00:00,67.72,67.72,67.53,67.58,325146.177437
2026-08-28T14:15:00+00:00,67.58,67.62,67.4,67.43,225113.42276400002
2026-08-28T14:20:00+00:00,67.43,67.57,67.42,67.51,67970.27076999999
2026-08-28T14:25:00+00:00,67.5,67.615,67.47,67.5,94920.628817
2026-08-28T14:30:00+00:00,67.52,67.55,67.415,67.55,121760.026141
2026-08-28T14:35:00+00:00,67.56,67.69,67.535,67.69,195524.159096
2026-08-28T14:40:00+00:00,67.69,67.77,67.655,67.655,106230.53030400001
2026-08-28T14:45:00+00:00,67.66,67.71,67.63,67.685,46025.542296
2026-08-28T14:50:00+00:00,67.69,67.69,67.575,67.58,45936.548138
2026-08-28T14:55:00+00:00,67.58,67.635,67.58,67.61,1051016.653286
2026-08-28T15:00:00+00:00,67.62,67.77,67.62,67.74,380043.049904
2026-08-28T15:05:00+00:00,67.74,67.76,67.625,67.635,76247.006542
2026-08-28T15:10:00+00:00,67.63,67.665,67.565,67.58,89326.588353
2026-08-28T15:15:00+00:00,67.59,67.615,67.55,67.55,57566.59809399999
2026-08-28T15:20:00+00:00,67.55,67.595,67.545,67.58,42339.517629
2026-08-28T15:25:00+00:00,67.575,67.615,67.555,67.595,81702.104211
2026-08-28T15:30:00+00:00,67.595,67.655,67.575,67.62,104927.850764
2026-08-28T15:35:00+00:00,67.62,67.62,67.55,67.555,67650.340112
2026-08-28T15:40:00+00:00,67.555,67.58,67.47,67.47,35893.400101
2026-08-28T15:45:00+00:00,67.46,67.46,67.355,67.4,74368.703916
2026-08-28T15:50:00+00:00,67.4,67.42,67.35,67.3545,48298.341270000004
2026-08-28T15:55:00+00:00,67.36,67.38,67.31,67.36,128925.87912
2026-08-28T16:00:00+00:00,67.37,67.37,67.245,67.255,161372.041456
2026-08-28T16:05:00+00:00,67.255,67.2701,67.17,67.21,333226.83146300004
2026-08-28T16:10:00+00:00,67.215,67.3,67.19,67.3,71502.014
2026-08-28T16:15:00+00:00,67.295,67.31,67.21,67.21,107878.606699
2026-08-28T16:20:00+00:00,67.2,67.23,67.09,67.1,130560.92887599999
2026-08-28T16:25:00+00:00,67.1,67.12,67.01,67.04,103565.336629
2026-08-28T16:30:00+00:00,67.03,67.09,67.02,67.065,337185.698793
2026-08-28T16:35:00+00:00,67.06,67.14,67.03,67.035,105043.361089
2026-08-28T16:40:00+00:00,67.02,67.17,67.02,67.155,58647.215144999995
2026-08-28T16:45:00+00:00,67.15,67.16,67.06,67.07,35026.770395
2026-08-28T16:50:00+00:00,67.08,67.19,67.08,67.18,31991.119667000003
2026-08-28T16:55:00+00:00,67.18,67.22,67.15,67.16,44463.987966
2026-08-28T17:00:00+00:00,67.16,67.17,67.11,67.135,37253.20379
2026-08-28T17:05:00+00:00,67.12,67.13,67.035,67.0941,148146.345209
2026-08-28T17:10:00+00:00,67.08,67.08,66.99,67.005,58283.044254
2026-08-28T17:15:00+00:00,67.005,67.07,66.982,67.07,117315.08414100001
2026-08-28T17:20:00+00:00,67.07,67.085,67.02,67.06,34306.164056
2026-08-28T17:25:00+00:00,67.06,67.095,67.035,67.07,43191.048193
2026-08-28T17:30:00+00:00,67.075,67.125,67.045,67.07,32649.73558
2026-08-28T17:35:00+00:00,67.07,67.14,67.06,67.135,55267.78843
2026-08-28T17:40:00+00:00,67.135,67.155,67.0525,67.06,54529.377051999996
2026-08-28T17:45:00+00:00,67.06,67.095,67.06,67.09,308701.007507
2026-08-28T17:50:00+00:00,67.09,67.19,67.09,67.19,42132.564377
2026-08-28T17:55:00+00:00,67.185,67.185,67.16,67.165,43896.871448
2026-08-28T18:00:00+00:00,67.16,67.16,67.115,67.145,33239.919866000004
2026-08-28T18:05:00+00:00,67.15,67.165,67.125,67.125,25111.003723
2026-08-28T18:10:00+00:00,67.12,67.17,67.12,67.13,89034.72890000002
2026-08-28T18:15:00+00:00,67.14,67.16,67.11,67.11,36733.644078000005
2026-08-28T18:20:00+00:00,67.11,67.125,67.09,67.11,46143.161898
2026-08-28T18:25:00+00:00,67.115,67.13,67.06,67.09,72482.289609
2026-08-28T18:30:00+00:00,67.08,67.13,67.07,67.09,102405.301416
2026-08-28T18:35:00+00:00,67.09,67.12,67.08,67.11,67382.00646
2026-08-28T18:40:00+00:00,67.115,67.13,67.07,67.075,48582.820362
2026-08-28T18:45:00+00:00,67.075,67.095,67.045,67.065,39083.4527
2026-08-28T18:50:00+00:00,67.065,67.07,67.025,67.035,54565.06749999999
2026-08-28T18:55:00+00:00,67.02,67.02,66.97,67.015,154538.72097199998
2026-08-28T19:00:00+00:00,67.01,67.05,66.99,67.035,107022.10934
2026-08-28T19:05:00+00:00,67.04,67.12,67.03,67.11,56015.0
2026-08-28T19:10:00+00:00,67.105,67.13,67.065,67.13,47007.847408999995
2026-08-28T19:15:00+00:00,67.14,67.14,67.08,67.105,45341.94413
2026-08-28T19:20:00+00:00,67.105,67.115,67.07,67.11,32916.267997999996
2026-08-28T19:25:00+00:00,67.11,67.14,67.11,67.13,126222.7097
2026-08-28T19:30:00+00:00,67.13,67.16,67.13,67.15,28086.299225
2026-08-28T19:35:00+00:00,67.15,67.16,67.13,67.13,35668.5607
2026-08-28T19:40:00+00:00,67.12,67.135,67.11,67.135,65526.855348
2026-08-28T19:45:00+00:00,67.14,67.155,67.125,67.13,103231.46839299999
2026-08-28T19:50:00+00:00,67.13,67.13,67.06,67.12,194437.707522
2026-08-28T19:55:00+00:00,67.12,67.16,67.0901,67.14,386044.184588
2026-08-28T20:00:00+00:00,67.13,67.205,67.11,67.125,1192433.108015
2026-08-28T20:05:00+00:00,67.125,67.14,67.09,67.12,67612.335995
2026-08-28T20:15:00+00:00,67.12,67.12,67.12,67.12,321.0
2026-08-28T20:25:00+00:00,67.03,67.15,67.03,67.15,3110.0
2026-08-28T20:30:00+00:00,67.09,67.09,67.09,67.09,7400.0
2026-08-28T20:40:00+00:00,67.0008,67.0008,67.0008,67.0008,167.0
2026-08-28T21:05:00+00:00,67.13,67.14,67.13,67.14,10928.863523
2026-08-28T21:20:00+00:00,67.2,67.2,67.2,67.2,3400.0
2026-08-28T21:25:00+00:00,67.2,67.2,67.2,67.2,1172.0
2026-08-28T21:40:00+00:00,67.2,67.22,67.2,67.2,3520.0
2026-08-28T22:00:00+00:00,67.2,67.2,67.2,67.2,615.0
2026-08-31T08:05:00+00:00,67.26,67.32,66.9,66.9,2094.0
2026-08-31T10:25:00+00:00,67.17,67.17,67.17,67.17,335.0
2026-08-31T11:15:00+00:00,67.21,67.21,67.21,67.21,100.0
2026-08-31T11:20:00+00:00,67.19,67.23,67.19,67.23,711.0
2026-08-31T11:30:00+00:00,67.27,67.27,67.27,67.27,433.0
2026-08-31T11:35:00+00:00,67.12,67.12,67.12,67.12,411.0
2026-08-31T11:40:00+00:00,67.23,67.23,67.23,67.23,100.43
2026-08-31T11:45:00+00:00,67.28,67.28,67.28,67.28,202.0
2026-08-31T11:50:00+00:00,67.18,67.18,67.18,67.18,100.0
2026-08-31T12:05:00+00:00,67.24,67.26,67.24,67.26,200.0
2026-08-31T12:10:00+00:00,67.29,67.31,67.21,67.31,3566.96396
2026-08-31T12:40:00+00:00,67.29,67.33,67.25,67.28,12184.0
2026-08-31T12:55:00+00:00,67.2,67.25,67.2,67.25,700.0
2026-08-31T13:30:00+00:00,67.29,67.3,67.26,67.29,40523.0
2026-08-31T13:35:00+00:00,67.29,67.41,67.265,67.38,579679.764502
2026-08-31T13:40:00+00:00,67.37,67.38,67.27,67.285,115914.08545000001
2026-08-31T13:45:00+00:00,67.29,67.37,67.245,67.245,114916.410878
2026-08-31T13:50:00+00:00,67.245,67.37,67.19,67.245,643996.077681
2026-08-31T13:55:00+00:00,67.24,67.3,67.19,67.29,321034.654186
2026-08-31T14:00:00+00:00,67.29,67.33,67.26,67.315,77763.80893999999
2026-08-31T14:05:00+00:00,67.315,67.345,67.27,67.31,53304.058699
2026-08-31T14:10:00+00:00,67.31,67.335,67.24,67.24,57144.654692
2026-08-31T14:15:00+00:00,67.24,67.27,67.21,67.25,396204.16342399997
2026-08-31T14:20:00+00:00,67.255,67.31,67.22,67.29,204507.167191
2026-08-31T14:25:00+00:00,67.28,67.28,67.17,67.17,207435.243865
2026-08-31T14:30:00+00:00,67.16,67.17,67.125,67.145,195500.49395
2026-08-31T14:35:00+00:00,67.145,67.205,67.13,67.17,121717.732449
2026-08-31T14:40:00+00:00,67.175,67.3,67.17,67.26,160147.719615
2026-08-31T14:45:00+00:00,67.255,67.315,67.2499,67.28,78453.363801
2026-08-31T14:50:00+00:00,67.29,67.2901,67.19,67.2,46475.143016
2026-08-31T14:55:00+00:00,67.2,67.24,67.18,67.2,68938.904213
2026-08-31T15:00:00+00:00,67.205,67.275,67.145,67.15,207628.48770399997
2026-08-31T15:05:00+00:00,67.15,67.235,67.085,67.105,472385.94522999995
2026-08-31T15:10:00+00:00,67.105,67.135,67.05,67.05,391129.698538
2026-08-31T15:15:00+00:00,67.055,67.075,67.01,67.02,575119.969732
2026-08-31T15:20:00+00:00,67.03,67.04,66.95,67.0051,336454.50704999996
2026-08-31T15:25:00+00:00,67.0099,67.045,66.97,67.015,239181.590424
2026-08-31T15:30:00+00:00,67.02,67.11,67.0077,67.09,199624.295432
2026-08-31T15:35:00+00:00,67.085,67.1,67.01,67.015,202383.449137
2026-08-31T15:40:00+00:00,67.01,67.02,66.97,66.98,390040.957975
2026-08-31T15:45:00+00:00,66.98,67.025,66.96,67.025,88688.69550900001
2026-08-31T15:50:00+00:00,67.02,67.05,66.99,67.035,82872.51823999999
2026-08-31T15:55:00+00:00,67.035,67.06,67.0,67.0,75355.91931499999
2026-08-31T16:00:00+00:00,67.005,67.005,66.93,66.935,119409.046416
2026-08-31T16:05:00+00:00,66.93,66.95,66.91,66.9162,290799.996705
2026-08-31T16:10:00+00:00,66.915,66.935,66.9,66.915,108250.0
2026-08-31T16:15:00+00:00,66.91,66.995,66.9,66.97,127404.216404
2026-08-31T16:20:00+00:00,66.97,66.995,66.965,66.99,65567.6355
2026-08-31T16:25:00+00:00,66.99,67.015,66.97,66.98,121154.04228600001
2026-08-31T16:30:00+00:00,66.975,66.995,66.965,66.985,1344636.48435
2026-08-31T16:35:00+00:00,66.985,66.99,66.965,66.97,304987.774794
2026-08-31T16:40:00+00:00,66.98,66.99,66.94,66.94,105261.878344
2026-08-31T16:45:00+00:00,66.94,67.0,66.935,66.98,297345.49199999997
2026-08-31T16:50:00+00:00,66.975,66.99,66.95,66.985,71582.901536
2026-08-31T16:55:00+00:00,66.985,67.0,66.975,66.985,187334.12737
2026-08-31T17:00:00+00:00,66.985,67.0,66.98,66.995,423669.545349
2026-08-31T17:05:00+00:00,66.995,67.005,66.96,66.97,751493.158859
2026-08-31T17:10:00+00:00,66.97,66.98,66.945,66.95,145792.191604
2026-08-31T17:15:00+00:00,66.945,66.97,66.939,66.955,68572.012169
2026-08-31T17:20:00+00:00,66.95,66.97,66.925,66.9301,118677.53175000001
2026-08-31T17:25:00+00:00,66.925,66.9299,66.895,66.895,51121.05614
2026-08-31T17:30:00+00:00,66.89,66.895,66.82,66.82,66060.395732
2026-08-31T17:35:00+00:00,66.82,66.885,66.81,66.855,59853.451811
2026-08-31T17:40:00+00:00,66.85,66.9,66.85,66.9,56005.877219
2026-08-31T17:45:00+00:00,66.905,66.965,66.9,66.965,41044.761494
2026-08-31T17:50:00+00:00,66.97,66.99,66.96,66.975,132095.436613
2026-08-31T17:55:00+00:00,66.975,66.99,66.96,66.975,414635.9745079999
2026-08-31T18:00:00+00:00,66.98,66.985,66.94,66.95,61598.219312999994
2026-08-31T18:05:00+00:00,66.95,66.97,66.94,66.965,67396.144765
2026-08-31T18:10:00+00:00,66.96,66.97,66.95,66.955,39722.322678
2026-08-31T18:15:00+00:00,66.955,66.96,66.94,66.96,29984.76108
2026-08-31T18:20:00+00:00,66.96,66.97,66.94,66.94,65714.882172
2026-08-31T18:25:00+00:00,66.95,66.955,66.935,66.95,44957.382518
2026-08-31T18:30:00+00:00,66.95,66.95,66.915,66.915,172010.68325600002
2026-08-31T18:35:00+00:00,66.91,66.92,66.885,66.895,202691.905671
2026-08-31T18:40:00+00:00,66.9,66.905,66.845,66.85,88210.226441
2026-08-31T18:45:00+00:00,66.845,66.855,66.815,66.855,153998.285027
2026-08-31T18:50:00+00:00,66.85,66.875,66.8301,66.87,79548.69764500001
2026-08-31T18:55:00+00:00,66.87,66.89,66.865,66.875,128121.23811800001
2026-08-31T19:00:00+00:00,66.87,66.8845,66.855,66.865,64660.983511
2026-08-31T19:05:00+00:00,66.865,66.89,66.86,66.865,56085.211985
2026-08-31T19:10:00+00:00,66.865,66.88,66.86,66.87,43459.047612999995
2026-08-31T19:15:00+00:00,66.875,66.88,66.86,66.865,108869.612038
2026-08-31T19:20:00+00:00,66.865,66.9,66.865,66.895,61024.797404
2026-08-31T19:25:00+00:00,66.895,66.92,66.885,66.915,40854.873805
2026-08-31T19:30:00+00:00,66.915,66.94,66.915,66.93,63619.754565
2026-08-31T19:35:00+00:00,66.93,66.95,66.915,66.935,75977.402556
2026-08-31T19:40:00+00:00,66.935,66.95,66.925,66.93,218487.465963
2026-08-31T19:45:00+00:00,66.93,66.97,66.925,66.96,193501.660156
2026-08-31T19:50:00+00:00,66.965,66.99,66.94,66.98,255792.89194500004
2026-08-31T19:55:00+00:00,66.98,67.14,66.98,67.13,1106101.857291
2026-08-31T20:00:00+00:00,67.125,67.125,66.98,67.0,3540277.0622190004
2026-08-31T20:05:00+00:00,67.0,67.05,66.99,67.01,317577.033956
2026-08-31T20:10:00+00:00,67.01,67.01,67.01,67.01,2868.0
2026-08-31T20:15:00+00:00,67.0,67.0,67.0,67.0,2600.0
2026-08-31T20:25:00+00:00,67.0,67.0,66.99,66.99,626.0
2026-08-31T21:15:00+00:00,66.8682,67.02,66.8682,67.02,150103.0
2026-08-31T22:00:00+00:00,67.03,67.03,67.02,67.02,2494.0
2026-09-01T08:05:00+00:00,67.58,67.74,67.48,67.51,8434.380882000001
2026-09-01T08:10:00+00:00,67.58,67.58,67.41,67.42,980.0
2026-09-01T08:30:00+00:00,67.26,67.27,67.26,67.27,400.0
2026-09-01T08:45:00+00:00,67.1,67.1,67.05,67.08,949.0
2026-09-01T09:00:00+00:00,67.07,67.07,67.05,67.06,702.187216
2026-09-01T09:10:00+00:00,66.95,66.95,66.95,66.95,201.0
2026-09-01T09:15:00+00:00,66.95,66.96,66.95,66.96,401.0
2026-09-01T09:25:00+00:00,66.95,66.95,66.95,66.95,148.0
2026-09-01T09:30:00+00:00,66.95,66.96,66.95,66.95,505.0
2026-09-01T10:40:00+00:00,67.1,67.1,67.02,67.07,702.0
2026-09-01T10:45:00+00:00,67.03,67.03,67.03,67.03,538.0
2026-09-01T10:50:00+00:00,67.04,67.06,67.04,67.05,2613.0
2026-09-01T10:55:00+00:00,67.0,67.0,67.0,67.0,105.0
2026-09-01T11:15:00+00:00,67.06,67.06,66.934,66.934,375.0
2026-09-01T11:20:00+00:00,66.9,66.9,66.9,66.9,1500.0
2026-09-01T11:40:00+00:00,67.04,67.04,67.04,67.04,106.443
2026-09-01T12:05:00+00:00,66.9,66.965,66.85,66.85,1820.0
2026-09-01T12:45:00+00:00,66.93,66.93,66.92,66.93,830.0
2026-09-01T12:50:00+00:00,67.0,67.0,67.0,67.0,1405.0
2026-09-01T13:00:00+00:00,66.97,66.97,66.97,66.97,1408.0
2026-09-01T13:20:00+00:00,67.01,67.01,67.01,67.01,109.0
2026-09-01T13:25:00+00:00,66.97,66.97,66.97,66.97,200.0
2026-09-01T13:30:00+00:00,66.98,67.04,66.98,67.04,16629.0
2026-09-01T13:35:00+00:00,67.06,67.235,67.01,67.2,534342.812281
2026-09-01T13:40:00+00:00,67.205,67.27,67.135,67.185,216648.137726
2026-09-01T13:45:00+00:00,67.185,67.225,67.07,67.22,325773.673646
2026-09-01T13:50:00+00:00,67.2,67.26,67.165,67.26,393308.23796999996
2026-09-01T13:55:00+00:00,67.26,67.31,67.25,67.29,174824.073149
2026-09-01T14:00:00+00:00,67.3,67.31,67.215,67.28,129568.553764
2026-09-01T14:05:00+00:00,67.29,67.34,67.23,67.24,178055.998592
2026-09-01T14:10:00+00:00,67.26,67.4,67.26,67.365,274262.909307
2026-09-01T14:15:00+00:00,67.365,67.375,67.275,67.31,782594.543659
2026-09-01T14:20:00+00:00,67.32,67.38,67.265,67.28,162219.18522800002
2026-09-01T14:25:00+00:00,67.28,67.345,67.275,67.29,116531.229492
2026-09-01T14:30:00+00:00,67.295,67.31,67.2,67.21,144610.513867
2026-09-01T14:35:00+00:00,67.21,67.31,67.21,67.3099,157798.32335000002
2026-09-01T14:40:00+00:00,67.3,67.325,67.28,67.31,115626.783769
2026-09-01T14:45:00+00:00,67.31,67.355,67.28,67.347,496767.586592
2026-09-01T14:50:00+00:00,67.355,67.415,67.33,67.38,153147.57481
2026-09-01T14:55:00+00:00,67.37,67.37,67.305,67.305,65584.171742
2026-09-01T15:00:00+00:00,67.31,67.315,67.245,67.31,82019.276484
2026-09-01T15:05:00+00:00,67.31,67.36,67.255,67.29,126610.848937
2026-09-01T15:10:00+00:00,67.29,67.3,67.205,67.215,58019.059432
2026-09-01T15:15:00+00:00,67.22,67.25,67.21,67.22,86991.716973
2026-09-01T15:20:00+00:00,67.215,67.24,67.195,67.21,72742.149712
2026-09-01T15:25:00+00:00,67.22,67.25,67.185,67.24,64385.907665000006
2026-09-01T15:30:00+00:00,67.235,67.255,67.19,67.255,44685.140629
2026-09-01T15:35:00+00:00,67.26,67.29,67.23,67.26,62700.578676
2026-09-01T15:40:00+00:00,67.25,67.32,67.23,67.3,114725.25053599999
2026-09-01T15:45:00+00:00,67.31,67.37,67.305,67.37,51279.894570000004
2026-09-01T15:50:00+00:00,67.37,67.425,67.365,67.4001,102579.47462200001
2026-09-01T15:55:00+00:00,67.4,67.41,67.3701,67.38,135093.34995
2026-09-01T16:00:00+00:00,67.38,67.385,67.34,67.37,324009.787566
2026-09-01T16:05:00+00:00,67.37,67.395,67.345,67.345,193244.717682
2026-09-01T16:10:00+00:00,67.34,67.35,67.295,67.3,318295.49233499996
2026-09-01T16:15:00+00:00,67.3,67.305,67.235,67.24,128231.975885
2026-09-01T16:20:00+00:00,67.24,67.27,67.17,67.175,208352.71463699997
2026-09-01T16:25:00+00:00,67.17,67.17,67.09,67.115,114143.82149799999
2026-09-01T16:30:00+00:00,67.1,67.11,67.03,67.06,432085.7304
2026-09-01T16:35:00+00:00,67.06,67.06,66.95,66.95,176659.481831
2026-09-01T16:40:00+00:00,66.955,67.04,66.95,67.04,81601.23228
2026-09-01T16:45:00+00:00,67.04,67.055,66.975,66.99,282790.65931
2026-09-01T16:50:00+00:00,66.985,67.06,66.985,67.06,62369.506414
2026-09-01T16:55:00+00:00,67.055,67.08,67.015,67.05,66672.567502
2026-09-01T17:00:00+00:00,67.05,67.1,67.05,67.06,238010.379054
2026-09-01T17:05:00+00:00,67.065,67.065,67.005,67.005,49982.143449999996
2026-09-01T17:10:00+00:00,67.005,67.01,66.98,67.005,54350.75150700001
2026-09-01T17:15:00+00:00,67.005,67.02,66.98,67.005,68403.647794
2026-09-01T17:20:00+00:00,67.0,67.005,66.945,66.955,103262.84379300001
2026-09-01T17:25:00+00:00,66.95,66.97,66.925,66.94,78409.99402099999
2026-09-01T17:30:00+00:00,66.945,66.9701,66.85,66.97,377612.459628
2026-09-01T17:35:00+00:00,66.97,67.03,66.965,66.97,236343.997702
2026-09-01T17:40:00+00:00,66.98,66.9899,66.94,66.945,464619.61134
2026-09-01T17:45:00+00:00,66.95,66.965,66.94,66.945,79272.692581
2026-09-01T17:50:00+00:00,66.945,66.95,66.89,66.9,59904.71921899999
2026-09-01T17:55:00+00:00,66.895,66.905,66.875,66.88,137699.447
2026-09-01T18:00:00+00:00,66.875,66.885,66.85,66.87,71456.08971
2026-09-01T18:05:00+00:00,66.875,66.905,66.8,66.805,147589.7865
2026-09-01T18:10:00+00:00,66.8,66.81,66.78,66.785,95540.901348
2026-09-01T18:15:00+00:00,66.785,66.785,66.745,66.745,99430.11641700001
2026-09-01T18:20:00+00:00,66.745,66.81,66.735,66.805,148955.858838
2026-09-01T18:25:00+00:00,66.805,66.8085,66.785,66.79,131488.271597
2026-09-01T18:30:00+00:00,66.78,66.79,66.72,66.74,121657.249147
2026-09-01T18:35:00+00:00,66.73,66.735,66.675,66.685,330232.43611300003
2026-09-01T18:40:00+00:00,66.68,66.7,66.64,66.64,154605.209485
2026-09-01T18:45:00+00:00,66.645,66.655,66.585,66.59,65596.43713199999
2026-09-01T18:50:00+00:00,66.59,66.635,66.56,66.63,69847.909164
2026-09-01T18:55:00+00:00,66.6399,66.66,66.62,66.65,218479.543972
2026-09-01T19:00:00+00:00,66.65,66.74,66.65,66.74,107514.35553900001
2026-09-01T19:05:00+00:00,66.74,66.795,66.7114,66.79,139237.385
2026-09-01T19:10:00+00:00,66.79,66.8,66.76,66.79,177660.405133
2026-09-01T19:15:00+00:00,66.785,66.84,66.78,66.84,211020.91058999998
2026-09-01T19:20:00+00:00,66.84,66.85,66.8,66.81,106204.154344
2026-09-01T19:25:00+00:00,66.805,66.83,66.79,66.825,52870.06696800001
2026-09-01T19:30:00+00:00,66.83,66.85,66.815,66.845,108352.888141
2026-09-01T19:35:00+00:00,66.8499,66.85,66.775,66.805,133315.3369
2026-09-01T19:40:00+00:00,66.805,66.82,66.78,66.785,131082.04834100002
2026-09-01T19:45:00+00:00,66.785,66.815,66.765,66.79,150108.270661
2026-09-01T19:50:00+00:00,66.8,66.805,66.76,66.78,193399.855422
2026-09-01T19:55:00+00:00,66.78,66.79,66.735,66.78,345376.152494
2026-09-01T20:00:00+00:00,66.78,66.81,66.75,66.79,853188.2731959999
2026-09-01T20:05:00+00:00,66.77,66.805,66.67,66.7,51192.004704
2026-09-01T20:15:00+00:00,66.7402,66.76,66.7402,66.75,772.246438
2026-09-01T20:20:00+00:00,66.76,66.79,66.76,66.79,38192.0
2026-09-01T20:30:00+00:00,66.76,66.82,66.76,66.77,992.0
2026-09-01T21:40:00+00:00,66.77,66.77,66.77,66.77,75000.0
2026-09-01T22:50:00+00:00,66.3975,66.3975,66.3975,66.3975,250.0
2026-09-02T08:05:00+00:00,66.4,66.4,66.4,66.4,1398.402576
2026-09-02T08:40:00+00:00,66.59,66.63,66.59,66.59,250.0
2026-09-02T08:45:00+00:00,66.56,66.61,66.4,66.41,2900.0
2026-09-02T08:50:00+00:00,66.41,66.41,66.39,66.39,3200.0
2026-09-02T08:55:00+00:00,66.39,66.415,66.29,66.29,15562.0
2026-09-02T10:05:00+00:00,66.13,66.13,66.13,66.13,500.0
2026-09-02T10:45:00+00:00,66.15,66.15,66.11,66.11,5100.0
2026-09-02T10:55:00+00:00,66.17,66.2,66.1,66.1,6853.0
2026-09-02T11:05:00+00:00,66.22,66.22,66.07,66.07,6502.9619999999995
2026-09-02T11:30:00+00:00,66.2556,66.2556,66.2556,66.2556,175.0
2026-09-02T11:35:00+00:00,66.37,66.45,66.37,66.45,5460.0
2026-09-02T12:05:00+00:00,66.52,66.52,66.52,66.52,100.0
2026-09-02T12:10:00+00:00,66.6,66.6,66.6,66.6,3000.29327
2026-09-02T12:25:00+00:00,66.61,66.7,66.61,66.7,6760.0
2026-09-02T13:05:00+00:00,66.505,66.505,66.505,66.505,251.0
2026-09-02T13:15:00+00:00,66.58,66.58,66.58,66.58,250.0
2026-09-02T13:20:00+00:00,66.64,66.64,66.64,66.64,1101.0
2026-09-02T13:30:00+00:00,66.75,66.9,66.75,66.81,15279.0
2026-09-02T13:35:00+00:00,66.81,66.93,66.77,66.9,343745.554991
2026-09-02T13:40:00+00:00,66.9,66.94,66.83,66.9,146211.503362
2026-09-02T13:45:00+00:00,66.915,66.99,66.89,66.98,98890.948357
2026-09-02T13:50:00+00:00,66.98,66.985,66.82,66.83,248638.733151
2026-09-02T13:55:00+00:00,66.83,66.92,66.8,66.82,53824.484946
2026-09-02T14:00:00+00:00,66.82,66.98,66.79,66.98,73012.407016
2026-09-02T14:05:00+00:00,66.985,67.01,66.9,67.01,112501.175614
2026-09-02T14:10:00+00:00,67.02,67.03,66.9665,66.9923,40865.155745
2026-09-02T14:15:00+00:00,66.995,67.05,66.945,66.985,171269.41094799998
2026-09-02T14:20:00+00:00,66.99,67.05,66.98,67.04,98167.22407899999
2026-09-02T14:25:00+00:00,67.04,67.085,67.02,67.02,97021.30432000001
2026-09-02T14:30:00+00:00,67.03,67.07,67.005,67.04,94240.062735
2026-09-02T14:35:00+00:00,67.04,67.08,66.99,67.07,190406.53604600002
2026-09-02T14:40:00+00:00,67.06,67.08,67.04,67.07,123023.530625
2026-09-02T14:45:00+00:00,67.07,67.115,67.04,67.09,137391.991744
2026-09-02T14:50:00+00:00,67.09,67.09,66.99,67.02,110926.88730900001
2026-09-02T14:55:00+00:00,67.01,67.0239,66.92,66.93,79715.09811400001
2026-09-02T15:00:00+00:00,66.94,66.975,66.88,66.91,153434.873178
2026-09-02T15:05:00+00:00,66.91,66.99,66.89,66.95,127737.224193
2026-09-02T15:10:00+00:00,66.95,67.01,66.95,67.01,75923.701457
2026-09-02T15:15:00+00:00,67.0159,67.0159,66.96,67.0,114827.517186
2026-09-02T15:20:00+00:00,67.0,67.03,66.99,67.03,115778.571174
2026-09-02T15:25:00+00:00,67.03,67.03,66.915,66.96,86454.361039
2026-09-02T15:30:00+00:00,66.95,67.015,66.945,67.015,76339.10845
2026-09-02T15:35:00+00:00,67.02,67.04,66.98,66.99,148148.484761
2026-09-02T15:40:00+00:00,67.0,67.02,66.99,67.0,73059.75262500001
2026-09-02T15:45:00+00:00,67.02,67.05,67.0,67.04,127219.21674
2026-09-02T15:50:00+00:00,67.03,67.03,66.97,66.97,30435.891107999996
2026-09-02T15:55:00+00:00,66.97,66.99,66.95,66.955,26615.1331
2026-09-02T16:00:00+00:00,66.96,67.04,66.945,67.025,45933.292383
2026-09-02T16:05:00+00:00,67.025,67.035,67.005,67.02,324037.668779
2026-09-02T16:10:00+00:00,67.015,67.05,67.005,67.025,220655.123696
2026-09-02T16:15:00+00:00,67.025,67.04,67.005,67.035,31297.973293
2026-09-02T16:20:00+00:00,67.03,67.035,67.0024,67.03,23539.071277
2026-09-02T16:25:00+00:00,67.035,67.05,67.0282,67.04,177212.19606800002
2026-09-02T16:30:00+00:00,67.0399,67.045,66.9799,66.99,52560.2702
2026-09-02T16:35:00+00:00,66.99,67.025,66.99,67.0,55225.805664
2026-09-02T16:40:00+00:00,67.005,67.025,66.985,67.015,24803.874636
2026-09-02T16:45:00+00:00,67.01,67.015,66.979,66.98,16682.459613
2026-09-02T16:50:00+00:00,66.9751,67.005,66.965,66.989,24021.395301
2026-09-02T16:55:00+00:00,66.99,67.0,66.965,67.0,30369.95526
2026-09-02T17:00:00+00:00,67.005,67.005,66.99,67.0,18837.954233
2026-09-02T17:05:00+00:00,67.0,67.0462,67.0,67.04,38117.46771299999
2026-09-02T17:10:00+00:00,67.05,67.065,66.96,66.96,50557.70711
2026-09-02T17:15:00+00:00,66.96,66.995,66.955,66.99,31443.0
2026-09-02T17:20:00+00:00,66.98,66.98,66.935,66.945,15285.937763
2026-09-02T17:25:00+00:00,66.945,67.0001,66.945,66.985,36684.021944
2026-09-02T17:30:00+00:00,66.98,67.01,66.98,67.005,11198.517163
2026-09-02T17:35:00+00:00,67.005,67.015,66.98,66.98,32492.011978
2026-09-02T17:40:00+00:00,66.985,66.995,66.98,66.98,26966.028908000004
2026-09-02T17:45:00+00:00,66.98,67.045,66.97,67.03,102502.648
2026-09-02T17:50:00+00:00,67.0301,67.1,67.0301,67.075,65272.973207999996
2026-09-02T17:55:00+00:00,67.0713,67.085,67.045,67.065,33574.725808999996
2026-09-02T18:00:00+00:00,67.06,67.095,67.04,67.0851,33393.159245
2026-09-02T18:05:00+00:00,67.0899,67.105,67.05,67.1,46211.525752
2026-09-02T18:10:00+00:00,67.095,67.12,67.09,67.1,18724.04545
2026-09-02T18:15:00+00:00,67.1,67.105,67.045,67.06,53667.884305
2026-09-02T18:20:00+00:00,67.065,67.195,67.05,67.125,472660.770167
2026-09-02T18:25:00+00:00,67.12,67.14,67.075,67.08,49100.420451
2026-09-02T18:30:00+00:00,67.08,67.085,67.05,67.06,29119.912
2026-09-02T18:35:00+00:00,67.07,67.11,67.055,67.08,19780.50591
2026-09-02T18:40:00+00:00,67.08,67.09,67.045,67.05,19946.02982
2026-09-02T18:45:00+00:00,67.05,67.05,67.0136,67.015,40405.960594000004
2026-09-02T18:50:00+00:00,67.015,67.06,67.0034,67.05,19850.092582
2026-09-02T18:55:00+00:00,67.06,67.07,67.035,67.06,16835.172369
2026-09-02T19:00:00+00:00,67.065,67.075,67.045,67.055,18022.755
2026-09-02T19:05:00+00:00,67.05,67.065,67.015,67.025,32809.312254000004
2026-09-02T19:10:00+00:00,67.03,67.06,67.025,67.06,36077.395277999996
2026-09-02T19:15:00+00:00,67.06,67.066,67.04,67.06,35286.68109
2026-09-02T19:20:00+00:00,67.05,67.08,67.05,67.08,66763.600498
2026-09-02T19:25:00+00:00,67.075,67.09,67.04,67.06,87454.63457
2026-09-02T19:30:00+00:00,67.07,67.08,67.05,67.075,78478.953299
2026-09-02T19:35:00+00:00,67.08,67.09,67.06,67.08,119717.71079999999
2026-09-02T19:40:00+00:00,67.08,67.1,67.06,67.09,65175.0001
2026-09-02T19:45:00+00:00,67.08,67.135,67.07,67.135,178908.521281
2026-09-02T19:50:00+00:00,67.135,67.15,67.1201,67.135,255239.846541
2026-09-02T19:55:00+00:00,67.13,67.145,67.105,67.145,340207.384554
2026-09-02T20:00:00+00:00,67.14,67.175,67.125,67.17,1300860.600774
2026-09-02T20:05:00+00:00,67.17,67.17,67.15,67.15,41045.490832
2026-09-02T20:10:00+00:00,67.16,67.17,67.15,67.17,4220.0
2026-09-02T20:20:00+00:00,67.16,67.16,67.11,67.11,6778.928481
2026-09-02T20:25:00+00:00,67.08,67.18,67.08,67.18,300.0
2026-09-02T20:50:00+00:00,67.14,67.15,67.14,67.15,500.0
2026-09-02T21:05:00+00:00,67.08,67.08,67.04,67.06,1177.0
2026-09-02T21:50:00+00:00,67.0607,67.0607,67.0607,67.0607,450.8333
2026-09-03T08:05:00+00:00,66.75,66.75,66.67,66.67,977.81132
2026-09-03T08:15:00+00:00,66.96,66.96,66.96,66.96,3000.0
2026-09-03T09:10:00+00:00,66.83,66.83,66.83,66.83,1000.0
2026-09-03T09:35:00+00:00,66.82,66.82,66.74,66.76,21856.0
2026-09-03T10:00:00+00:00,66.69,66.69,66.68,66.68,2759.0
2026-09-03T10:55:00+00:00,66.62,66.62,66.62,66.62,500.0
2026-09-03T11:05:00+00:00,66.65,66.65,66.65,66.65,301.682
2026-09-03T11:20:00+00:00,66.82,66.82,66.82,66.82,250.0
2026-09-03T11:25:00+00:00,66.82,66.84,66.82,66.84,2655.0
2026-09-03T11:35:00+00:00,66.7,66.7,66.68,66.69,1701.0
2026-09-03T12:35:00+00:00,66.98,67.08,66.98,67.08,1243.0
2026-09-03T12:40:00+00:00,67.0,67.0,67.0,67.0,315.0
2026-09-03T12:55:00+00:00,67.12,67.16,67.12,67.13,4957.0
2026-09-03T13:00:00+00:00,67.22,67.25,67.2,67.23,12563.0
2026-09-03T13:05:00+00:00,67.14,67.15,67.11,67.11,2511.0
2026-09-03T13:10:00+00:00,67.1,67.11,67.05,67.11,4491.0
2026-09-03T13:20:00+00:00,67.08,67.08,67.05,67.05,3455.0
2026-09-03T13:25:00+00:00,67.04,67.04,67.04,67.04,302.0
2026-09-03T13:30:00+00:00,67.06,67.06,67.05,67.05,3702.0
2026-09-03T13:35:00+00:00,67.07,67.125,66.815,66.84,432104.760656
2026-09-03T13:40:00+00:00,66.835,66.87,66.73,66.86,125950.32549300001
2026-09-03T13:45:00+00:00,66.86,66.95,66.82,66.94,157607.43733699998
2026-09-03T13:50:00+00:00,66.94,66.95,66.87,66.94,128535.47157499999
2026-09-03T13:55:00+00:00,66.95,66.99,66.92,66.99,70608.936594
2026-09-03T14:00:00+00:00,67.01,67.06,66.945,67.03,237674.9495
2026-09-03T14:05:00+00:00,67.03,67.03,66.865,66.925,317365.12071800005
2026-09-03T14:10:00+00:00,66.92,66.945,66.77,66.795,266895.85638
2026-09-03T14:15:00+00:00,66.79,66.895,66.775,66.87,281625.586845
2026-09-03T14:20:00+00:00,66.87,66.98,66.855,66.97,46976.752904
2026-09-03T14:25:00+00:00,66.97,66.995,66.925,66.93,51422.882144
2026-09-03T14:30:00+00:00,66.93,66.93,66.86,66.89,73618.732663
2026-09-03T14:35:00+00:00,66.885,66.91,66.74,66.75,105198.25041
2026-09-03T14:40:00+00:00,66.76,66.815,66.745,66.75,121882.589561
2026-09-03T14:45:00+00:00,66.75,66.77,66.71,66.73,145202.422634
2026-09-03T14:50:00+00:00,66.74,66.845,66.735,66.84,58889.92032500001
2026-09-03T14:55:00+00:00,66.84,66.94,66.82,66.94,115045.224463
2026-09-03T15:00:00+00:00,66.935,67.045,66.75,67.04,514274.833949
2026-09-03T15:05:00+00:00,67.05,67.17,67.04,67.14,485388.908408
2026-09-03T15:10:00+00:00,67.145,67.1737,67.11,67.115,184746.226269
2026-09-03T15:15:00+00:00,67.11,67.15,67.08,67.11,76646.80542
2026-09-03T15:20:00+00:00,67.11,67.175,67.105,67.165,129001.83855799999
2026-09-03T15:25:00+00:00,67.16,67.185,67.105,67.16,229265.626649
2026-09-03T15:30:00+00:00,67.17,67.265,67.165,67.25,330171.883236
2026-09-03T15:35:00+00:00,67.255,67.29,67.22,67.25,108350.43556499999
2026-09-03T15:40:00+00:00,67.255,67.275,67.215,67.225,156603.441236
2026-09-03T15:45:00+00:00,67.23,67.26,67.215,67.22,155444.532079
2026-09-03T15:50:00+00:00,67.23,67.255,67.22,67.24,86211.937442
2026-09-03T15:55:00+00:00,67.245,67.29,67.24,67.2836,62424.135356000006
2026-09-03T16:00:00+00:00,67.285,67.3099,67.265,67.305,108109.78809500001
2026-09-03T16:05:00+00:00,67.305,67.305,67.275,67.275,125576.13412999999
2026-09-03T16:10:00+00:00,67.275,67.32,67.255,67.315,107656.11
2026-09-03T16:15:00+00:00,67.315,67.335,67.3,67.325,61365.029827
2026-09-03T16:20:00+00:00,67.325,67.345,67.3,67.345,79754.22299699999
2026-09-03T16:25:00+00:00,67.345,67.345,67.305,67.3161,74225.021961
2026-09-03T16:30:00+00:00,67.32,67.34,67.305,67.32,153190.41869299999
2026-09-03T16:35:00+00:00,67.33,67.345,67.3002,67.315,58246.444067
2026-09-03T16:40:00+00:00,67.31,67.385,67.29,67.375,119478.319819
2026-09-03T16:45:00+00:00,67.37,67.385,67.35,67.355,64104.086918999994
2026-09-03T16:50:00+00:00,67.36,67.405,67.36,67.4,125673.9296
2026-09-03T16:55:00+00:00,67.4,67.405,67.37,67.385,85027.52575999999
2026-09-03T17:00:00+00:00,67.39,67.435,67.385,67.4,77153.59490000001
2026-09-03T17:05:00+00:00,67.4,67.415,67.355,67.385,59263.80259199999
2026-09-03T17:10:00+00:00,67.39,67.395,67.33,67.33,65844.00121
2026-09-03T17:15:00+00:00,67.325,67.36,67.325,67.34,48905.0
2026-09-03T17:20:00+00:00,67.34,67.375,67.34,67.355,102815.14846
2026-09-03T17:25:00+00:00,67.35,67.365,67.345,67.345,42607.786542999995
2026-09-03T17:30:00+00:00,67.35,67.41,67.35,67.4,47331.26721
2026-09-03T17:35:00+00:00,67.405,67.45,67.405,67.4375,62455.614762
2026-09-03T17:40:00+00:00,67.435,67.46,67.415,67.43,121978.66615700001
2026-09-03T17:45:00+00:00,67.43,67.455,67.43,67.44,55020.284063
2026-09-03T17:50:00+00:00,67.44,67.475,67.44,67.47,67558.025546
2026-09-03T17:55:00+00:00,67.47,67.5,67.46,67.475,84308.25934
2026-09-03T18:00:00+00:00,67.475,67.48,67.46,67.475,50649.337
2026-09-03T18:05:00+00:00,67.48,67.545,67.48,67.515,113866.43729999999
2026-09-03T18:10:00+00:00,67.51,67.52,67.485,67.52,152432.47901900002
2026-09-03T18:15:00+00:00,67.52,67.52,67.485,67.51,52943.478970000004
2026-09-03T18:20:00+00:00,67.52,67.54,67.51,67.52,125595.167876
2026-09-03T18:25:00+00:00,67.52,67.53,67.5,67.525,111106.82656
2026-09-03T18:30:00+00:00,67.53,67.53,67.5145,67.515,36766.63777
2026-09-03T18:35:00+00:00,67.52,67.52,67.48,67.51,28166.607436000002
2026-09-03T18:40:00+00:00,67.51,67.515,67.4901,67.495,23121.13757
2026-09-03T18:45:00+00:00,67.5,67.5,67.48,67.49,20262.145900000003
2026-09-03T18:50:00+00:00,67.49,67.525,67.49,67.525,94920.0
2026-09-03T18:55:00+00:00,67.53,67.535,67.49,67.49,100010.25170000001
2026-09-03T19:00:00+00:00,67.5,67.5,67.48,67.485,18801.88817
2026-09-03T19:05:00+00:00,67.485,67.49,67.4524,67.46,77557.65551
2026-09-03T19:10:00+00:00,67.46,67.485,67.455,67.465,161420.137177
2026-09-03T19:15:00+00:00,67.47,67.475,67.405,67.415,134191.04503
2026-09-03T19:20:00+00:00,67.42,67.43,67.395,67.4241,46992.19261699999
2026-09-03T19:25:00+00:00,67.43,67.435,67.39,67.39,54438.731889999995
2026-09-03T19:30:00+00:00,67.3822,67.42,67.38,67.415,85405.369
2026-09-03T19:35:00+00:00,67.415,67.445,67.415,67.43,111121.51686999999
2026-09-03T19:40:00+00:00,67.43,67.465,67.43,67.46,158977.748164
2026-09-03T19:45:00+00:00,67.46,67.5,67.46,67.49,109350.564409
2026-09-03T19:50:00+00:00,67.495,67.51,67.48,67.495,164793.212393
2026-09-03T19:55:00+00:00,67.5,67.52,67.47,67.475,327803.368564
2026-09-03T20:00:00+00:00,67.48,67.485,67.44,67.47,996490.010525
2026-09-03T20:05:00+00:00,67.47,67.49,67.46,67.46,27403.652665999998
2026-09-03T20:10:00+00:00,67.46,67.47,67.46,67.47,1176.0
2026-09-03T20:15:00+00:00,67.46,67.46,67.46,67.46,3911.829302
2026-09-03T20:20:00+00:00,67.45,67.45,67.45,67.45,550.0
2026-09-03T20:30:00+00:00,67.46,67.46,67.46,67.46,1200.0
2026-09-03T20:35:00+00:00,67.46,67.46,67.46,67.46,2000.0
2026-09-03T21:00:00+00:00,67.4,67.4,67.4,67.4,669.0
2026-09-03T21:10:00+00:00,67.44,67.44,67.44,67.44,100.0
2026-09-03T21:35:00+00:00,67.5898,67.5898,67.5898,67.5898,100.0
2026-09-03T23:00:00+00:00,67.57,67.63,67.56,67.62,9805.0
2026-09-04T08:05:00+00:00,67.79,67.85,67.79,67.79,2459.221295
2026-09-04T08:30:00+00:00,67.92,67.92,67.92,67.92,353.0
2026-09-04T09:00:00+00:00,67.97,68.0,67.97,67.97,1187.0
2026-09-04T09:30:00+00:00,67.91,67.91,67.91,67.91,1501.0
2026-09-04T11:05:00+00:00,67.91,67.91,67.85,67.85,7391.421
2026-09-04T11:10:00+00:00,67.87,67.87,67.87,67.87,6707.0
2026-09-04T11:25:00+00:00,67.89,67.89,67.89,67.89,120.0
2026-09-04T11:30:00+00:00,67.87,67.9,67.86,67.9,1961.0
2026-09-04T11:35:00+00:00,67.86,67.9,67.86,67.9,10215.0
2026-09-04T11:45:00+00:00,67.92,67.92,67.92,67.92,108.0
2026-09-04T11:50:00+00:00,67.94,67.97,67.94,67.97,11304.0
2026-09-04T12:10:00+00:00,67.94,67.94,67.94,67.94,220.0
2026-09-04T12:25:00+00:00,67.94,68.01,67.94,68.01,20407.0
2026-09-04T12:30:00+00:00,68.01,68.04,67.95,68.04,12002.0
2026-09-04T12:35:00+00:00,67.95,67.95,67.61,67.63,12942.0
2026-09-04T12:55:00+00:00,67.55,67.57,67.55,67.57,896.0
2026-09-04T13:15:00+00:00,67.51,67.57,67.51,67.57,748.148001
2026-09-04T13:30:00+00:00,67.65,67.65,67.65,67.65,450.0
2026-09-04T13:35:00+00:00,67.73,67.945,67.725,67.94,463473.44339599996
2026-09-04T13:40:00+00:00,67.94,68.15,67.935,68.08,488561.993368
2026-09-04T13:45:00+00:00,68.085,68.215,68.075,68.15,562015.362477
2026-09-04T13:50:00+00:00,68.15,68.32,68.1,68.28,266277.34408199997
2026-09-04T13:55:00+00:00,68.28,68.285,68.18,68.215,306205.313636
2026-09-04T14:00:00+00:00,68.21,68.265,68.195,68.25,214897.277426
2026-09-04T14:05:00+00:00,68.25,68.27,68.185,68.2,158194.10678
2026-09-04T14:10:00+00:00,68.2,68.245,68.18,68.215,198485.088192
2026-09-04T14:15:00+00:00,68.215,68.3,68.105,68.295,120382.178605
2026-09-04T14:20:00+00:00,68.29,68.3,68.225,68.225,382673.31820700003
2026-09-04T14:25:00+00:00,68.22,68.29,68.2,68.23,319670.378448
2026-09-04T14:30:00+00:00,68.235,68.27,68.19,68.265,151142.871651
2026-09-04T14:35:00+00:00,68.265,68.285,68.23,68.26,146513.449428
2026-09-04T14:40:00+00:00,68.26,68.29,68.25,68.29,137760.708516
2026-09-04T14:45:00+00:00,68.29,68.315,68.235,68.24,188942.58438000001
2026-09-04T14:50:00+00:00,68.235,68.26,68.13,68.1322,664094.730182
2026-09-04T14:55:00+00:00,68.135,68.2,68.12,68.16,281146.29434300005
2026-09-04T15:00:00+00:00,68.16,68.21,68.15,68.2,114283.42656900002
2026-09-04T15:05:00+00:00,68.205,68.26,68.185,68.26,291456.290416
2026-09-04T15:10:00+00:00,68.245,68.33,68.235,68.33,173847.54859999998
2026-09-04T15:15:00+00:00,68.33,68.43,68.31,68.43,187439.488923
2026-09-04T15:20:00+00:00,68.425,68.435,68.375,68.375,151409.609584
2026-09-04T15:25:00+00:00,68.38,68.41,68.345,68.37,178792.996661
2026-09-04T15:30:00+00:00,68.3698,68.43,68.365,68.385,153129.673389
2026-09-04T15:35:00+00:00,68.39,68.4,68.32,68.33,157231.18513
2026-09-04T15:40:00+00:00,68.34,68.37,68.33,68.36,79681.126054
2026-09-04T15:45:00+00:00,68.3586,68.47,68.345,68.45,96701.189224
2026-09-04T15:50:00+00:00,68.45,68.47,68.4375,68.465,130942.82474899999
2026-09-04T15:55:00+00:00,68.46,68.505,68.45,68.455,939773.87482
2026-09-04T16:00:00+00:00,68.455,68.47,68.43,68.455,128472.330515
2026-09-04T16:05:00+00:00,68.46,68.48,68.455,68.4701,68658.43608300001
2026-09-04T16:10:00+00:00,68.48,68.53,68.455,68.505,198776.04379999998
2026-09-04T16:15:00+00:00,68.5,68.56,68.49,68.55,258772.48219
2026-09-04T16:20:00+00:00,68.545,68.58,68.545,68.575,203161.062566
2026-09-04T16:25:00+00:00,68.58,68.62,68.54,68.565,215069.32627400002
2026-09-04T16:30:00+00:00,68.565,68.57,68.54,68.57,76830.419938
2026-09-04T16:35:00+00:00,68.57,68.59,68.565,68.585,189202.146226
2026-09-04T16:40:00+00:00,68.585,68.6,68.56,68.56,115492.61503700001
2026-09-04T16:45:00+00:00,68.555,68.57,68.52,68.555,148320.147816
2026-09-04T16:50:00+00:00,68.55,68.6,68.535,68.585,100631.052402
2026-09-04T16:55:00+00:00,68.59,68.6,68.575,68.585,208144.876463
2026-09-04T17:00:00+00:00,68.595,68.6,68.5599,68.565,268925.84399100003
2026-09-04T17:05:00+00:00,68.565,68.575,68.49,68.505,91523.701503
2026-09-04T17:10:00+00:00,68.5,68.53,68.4933,68.5,53628.26711
2026-09-04T17:15:00+00:00,68.485,68.5,68.465,68.465,162610.498228
2026-09-04T17:20:00+00:00,68.46,68.505,68.46,68.49,120009.23015
2026-09-04T17:25:00+00:00,68.49,68.51,68.47,68.485,62855.447957
2026-09-04T17:30:00+00:00,68.48,68.485,68.415,68.415,1114830.0303860002
2026-09-04T17:35:00+00:00,68.42,68.43,68.395,68.41,76260.434776
2026-09-04T17:40:00+00:00,68.4087,68.435,68.4001,68.405,53311.677468
2026-09-04T17:45:00+00:00,68.395,68.4,68.33,68.33,207875.750113
2026-09-04T17:50:00+00:00,68.335,68.37,68.325,68.3538,103993.816775
2026-09-04T17:55:00+00:00,68.35,68.36,68.32,68.3401,273553.973914
2026-09-04T18:00:00+00:00,68.345,68.36,68.3299,68.345,167655.910212
2026-09-04T18:05:00+00:00,68.35,68.375,68.33,68.3301,46490.705431
2026-09-04T18:10:00+00:00,68.34,68.375,68.335,68.37,53015.955304999996
2026-09-04T18:15:00+00:00,68.3799,68.395,68.3644,68.37,44302.480504
2026-09-04T18:20:00+00:00,68.37,68.4,68.3601,68.395,94841.309127
2026-09-04T18:25:00+00:00,68.395,68.41,68.385,68.41,183004.55941500003
2026-09-04T18:30:00+00:00,68.41,68.42,68.39,68.3999,48016.053774
2026-09-04T18:35:00+00:00,68.3951,68.3951,68.38,68.395,83672.90077000001
2026-09-04T18:40:00+00:00,68.395,68.405,68.375,68.395,67077.01497
2026-09-04T18:45:00+00:00,68.4,68.4599,68.3999,68.4501,177923.766761
2026-09-04T18:50:00+00:00,68.455,68.46,68.445,68.455,40333.896888
2026-09-04T18:55:00+00:00,68.45,68.46,68.445,68.455,46006.926367
2026-09-04T19:00:00+00:00,68.45,68.49,68.45,68.49,33829.207732
2026-09-04T19:05:00+00:00,68.49,68.51,68.45,68.45,71080.798105
2026-09-04T19:10:00+00:00,68.46,68.48,68.44,68.445,177589.07294399999
2026-09-04T19:15:00+00:00,68.44,68.455,68.425,68.425,81039.21887
2026-09-04T19:20:00+00:00,68.43,68.465,68.43,68.455,136630.82959500002
2026-09-04T19:25:00+00:00,68.455,68.49,68.44,68.485,183406.967934
2026-09-04T19:30:00+00:00,68.49,68.515,68.49,68.495,133958.457
2026-09-04T19:35:00+00:00,68.495,68.54,68.48,68.535,192891.85954900002
2026-09-04T19:40:00+00:00,68.53,68.56,68.52,68.53,159242.73086999997
2026-09-04T19:45:00+00:00,68.53,68.59,68.52,68.585,263638.74033
2026-09-04T19:50:00+00:00,68.59,68.62,68.58,68.615,542585.7130059999
2026-09-04T19:55:00+00:00,68.615,68.63,68.57,68.605,850801.737011
2026-09-04T20:00:00+00:00,68.61,68.73,68.5801,68.72,3570353.4858500003
2026-09-04T20:05:00+00:00,68.71,68.72,68.67,68.7,59612.479802
2026-09-04T20:10:00+00:00,68.7,68.71,68.67,68.67,29192.0
2026-09-04T20:15:00+00:00,68.68,68.68,68.68,68.68,350.555656
2026-09-04T20:25:00+00:00,68.72,68.72,68.56,68.56,3917.0
2026-09-04T20:40:00+00:00,68.7,68.71,68.7,68.71,983.0
2026-09-04T20:55:00+00:00,68.75,68.75,68.75,68.75,322.0
2026-09-04T21:00:00+00:00,68.77,68.78,68.77,68.77,16076.0
2026-09-04T21:05:00+00:00,68.79,68.8,68.77,68.77,3921.0
2026-09-04T21:20:00+00:00,68.77,68.77,68.68,68.68,175767.0
2026-09-04T21:25:00+00:00,68.68,68.68,68.68,68.68,1397.0
2026-09-04T21:40:00+00:00,68.68,68.68,68.68,68.68,242.0
2026-09-04T22:15:00+00:00,68.65,68.65,68.65,68.65,118.0
2026-09-08T08:05:00+00:00,68.45,68.76,68.395,68.68,12416.407424
2026-09-08T08:20:00+00:00,68.3,68.34,68.3,68.34,1129.0
2026-09-08T08:50:00+00:00,68.36,68.37,68.36,68.37,5100.073183
2026-09-08T08:55:00+00:00,68.33,68.34,68.33,68.33,900.0
2026-09-08T09:10:00+00:00,68.37,68.4,68.37,68.4,951.0
2026-09-08T09:30:00+00:00,68.45,68.45,68.45,68.45,290.0
2026-09-08T09:45:00+00:00,68.63,68.63,68.62,68.63,500.0
2026-09-08T10:20:00+00:00,68.64,68.64,68.64,68.64,800.0
2026-09-08T10:25:00+00:00,68.69,68.81,68.69,68.81,1406.0
2026-09-08T11:10:00+00:00,68.72,68.72,68.72,68.72,200.0
2026-09-08T11:40:00+00:00,68.75,68.75,68.75,68.75,111.078
2026-09-08T11:50:00+00:00,68.7149,68.7149,68.7149,68.7149,100.0
2026-09-08T11:55:00+00:00,68.7139,68.7139,68.7139,68.7139,200.0
2026-09-08T12:05:00+00:00,68.69,68.69,68.69,68.69,200.0
2026-09-08T12:15:00+00:00,68.63,68.63,68.63,68.63,200.0
2026-09-08T12:35:00+00:00,68.75,68.75,68.75,68.75,646.0
2026-09-08T12:50:00+00:00,68.7313,68.7313,68.7313,68.7313,500.0
2026-09-08T12:55:00+00:00,68.8,68.9461,68.781,68.9461,1361.014263
2026-09-08T13:15:00+00:00,68.97,68.97,68.97,68.97,1103.0
2026-09-08T13:20:00+00:00,68.906,68.98,68.906,68.98,1025.0
2026-09-08T13:25:00+00:00,69.0,69.0,68.9679,68.97,6597.0
2026-09-08T13:30:00+00:00,68.97,68.99,68.96,68.97,10223.0
2026-09-08T13:35:00+00:00,68.99,69.03,68.835,68.87,383236.621933
2026-09-08T13:40:00+00:00,68.87,68.96,68.815,68.885,248307.843013
2026-09-08T13:45:00+00:00,68.89,68.89,68.725,68.73,180133.99914600002
2026-09-08T13:50:00+00:00,68.735,68.925,68.735,68.925,248352.967338
2026-09-08T13:55:00+00:00,68.93,68.93,68.8,68.865,119832.387718
2026-09-08T14:00:00+00:00,68.86,68.925,68.845,68.86,243405.356376
2026-09-08T14:05:00+00:00,68.865,68.89,68.805,68.86,192644.26676700002
2026-09-08T14:10:00+00:00,68.865,68.885,68.75,68.75,120310.462086
2026-09-08T14:15:00+00:00,68.74,68.81,68.72,68.775,125494.102675
2026-09-08T14:20:00+00:00,68.775,68.815,68.74,68.76,33546.522057
2026-09-08T14:25:00+00:00,68.76,68.865,68.76,68.865,87508.64210599998
2026-09-08T14:30:00+00:00,68.865,68.875,68.815,68.875,164696.689349
2026-09-08T14:35:00+00:00,68.875,68.88,68.83,68.87,132831.907959
2026-09-08T14:40:00+00:00,68.87,68.87,68.8,68.84,162880.914252
2026-09-08T14:45:00+00:00,68.83,68.96,68.825,68.95,363888.50311299996
2026-09-08T14:50:00+00:00,68.945,68.96,68.91,68.93,215779.53515399998
2026-09-08T14:55:00+00:00,68.93,68.985,68.91,68.955,95111.963508
2026-09-08T15:00:00+00:00,68.955,69.0,68.925,68.995,584169.1351330001
2026-09-08T15:05:00+00:00,69.0,69.0,68.945,68.98,916330.445917
2026-09-08T15:10:00+00:00,68.975,69.005,68.975,68.99,84882.184492
2026-09-08T15:15:00+00:00,69.0,69.07,68.995,69.055,286806.95690399996
2026-09-08T15:20:00+00:00,69.06,69.11,69.05,69.095,663274.134917
2026-09-08T15:25:00+00:00,69.095,69.095,69.005,69.035,172120.85421700001
2026-09-08T15:30:00+00:00,69.035,69.07,68.965,68.97,886525.250335
2026-09-08T15:35:00+00:00,68.97,68.99,68.94,68.955,227668.711894
2026-09-08T15:40:00+00:00,68.955,68.96,68.92,68.96,346726.637784
2026-09-08T15:45:00+00:00,68.96,69.03,68.95,69.02,67849.66702000001
2026-09-08T15:50:00+00:00,69.03,69.03,68.99,69.0,864667.507617
2026-09-08T15:55:00+00:00,69.005,69.045,69.0,69.01,126521.510424
2026-09-08T16:00:00+00:00,69.0,69.01,68.945,68.945,179616.06115999998
2026-09-08T16:05:00+00:00,68.95,68.96,68.925,68.96,86510.197947
2026-09-08T16:10:00+00:00,68.955,68.955,68.865,68.87,101084.443966
2026-09-08T16:15:00+00:00,68.87,68.87,68.835,68.86,84317.45890700001
2026-09-08T16:20:00+00:00,68.855,68.855,68.8,68.8,79551.057937
2026-09-08T16:25:00+00:00,68.79,68.85,68.79,68.845,111812.828158
2026-09-08T16:30:00+00:00,68.845,68.87,68.79,68.79,78344.517294
2026-09-08T16:35:00+00:00,68.785,68.81,68.78,68.79,73967.88373300001
2026-09-08T16:40:00+00:00,68.79,68.8,68.765,68.775,53006.709106
2026-09-08T16:45:00+00:00,68.78,68.79,68.765,68.785,70060.79849
2026-09-08T16:50:00+00:00,68.785,68.8162,68.765,68.81,62029.11390999999
2026-09-08T16:55:00+00:00,68.8,68.86,68.78,68.785,176862.268416
2026-09-08T17:00:00+00:00,68.79,68.809,68.73,68.78,299227.710217
2026-09-08T17:05:00+00:00,68.79,68.925,68.79,68.925,100775.186598
2026-09-08T17:10:00+00:00,68.93,68.9599,68.925,68.95,68731.61028900002
2026-09-08T17:15:00+00:00,68.95,68.9759,68.9401,68.975,62580.533317999994
2026-09-08T17:20:00+00:00,68.97,68.99,68.96,68.9724,135265.209
2026-09-08T17:25:00+00:00,68.975,68.975,68.95,68.965,65083.366832
2026-09-08T17:30:00+00:00,68.96,68.965,68.93,68.95,91406.8237
2026-09-08T17:35:00+00:00,68.96,68.97,68.94,68.95,118197.376769
2026-09-08T17:40:00+00:00,68.95,68.97,68.93,68.95,61821.433177
2026-09-08T17:45:00+00:00,68.95,68.95,68.915,68.945,69482.714725
2026-09-08T17:50:00+00:00,68.95,68.98,68.94,68.97,120286.666669
2026-09-08T17:55:00+00:00,68.965,69.0,68.96,69.0,76240.793463
2026-09-08T18:00:00+00:00,68.995,69.0,68.955,68.97,279948.176996
2026-09-08T18:05:00+00:00,68.97,69.025,68.97,69.025,132031.047721
2026-09-08T18:10:00+00:00,69.03,69.075,69.03,69.065,98833.11981799999
2026-09-08T18:15:00+00:00,69.0611,69.08,69.0544,69.06,265333.434297
2026-09-08T18:20:00+00:00,69.06,69.085,69.05,69.085,66233.61839999999
2026-09-08T18:25:00+00:00,69.0892,69.1,69.07,69.08,67365.23026
2026-09-08T18:30:00+00:00,69.0701,69.085,69.06,69.06,54516.73182
2026-09-08T18:35:00+00:00,69.065,69.09,69.045,69.07,85270.382315
2026-09-08T18:40:00+00:00,69.065,69.1,69.05,69.095,70250.727851
2026-09-08T18:45:00+00:00,69.09,69.1,69.075,69.1,57705.685
2026-09-08T18:50:00+00:00,69.095,69.125,68.865,68.895,353143.736458
2026-09-08T18:55:00+00:00,68.9,68.98,68.85,68.96,119699.41478199999
2026-09-08T19:00:00+00:00,68.975,68.98,68.94,68.965,58897.481245
2026-09-08T19:05:00+00:00,68.97,69.0,68.94,68.96,130623.813158
2026-09-08T19:10:00+00:00,68.955,68.97,68.89,68.89,101746.097038
2026-09-08T19:15:00+00:00,68.895,68.945,68.89,68.94,82284.389088
2026-09-08T19:20:00+00:00,68.94,68.95,68.905,68.905,110657.96790599999
2026-09-08T19:25:00+00:00,68.9079,68.925,68.85,68.855,124838.1451
2026-09-08T19:30:00+00:00,68.86,68.895,68.84,68.885,86361.02380000001
2026-09-08T19:35:00+00:00,68.88,68.885,68.84,68.88,289949.32186100003
2026-09-08T19:40:00+00:00,68.88,68.9,68.87,68.88,175081.0
2026-09-08T19:45:00+00:00,68.885,68.895,68.855,68.865,188957.2918
2026-09-08T19:50:00+00:00,68.87,68.875,68.7938,68.83,358594.304535
2026-09-08T19:55:00+00:00,68.825,68.845,68.76,68.77,762762.5979060001
2026-09-08T20:00:00+00:00,68.77,68.84,68.74,68.84,2165198.840026
2026-09-08T20:05:00+00:00,68.83,68.84,68.75,68.78,18749.133027999997
2026-09-08T20:10:00+00:00,68.785,68.785,68.785,68.785,122.0
2026-09-08T20:20:00+00:00,68.795,68.795,68.795,68.795,160.0
2026-09-08T20:30:00+00:00,68.8,68.8,68.79,68.79,576.0
2026-09-08T22:15:00+00:00,68.98,69.24,68.98,69.24,10185.270401
2026-09-08T23:10:00+00:00,69.1135,69.1135,69.1135,69.1135,180.0
2026-09-09T00:00:00+00:00,68.94,68.94,68.85,68.85,1650.246164
2026-09-09T09:55:00+00:00,68.62,68.62,68.62,68.62,609.187906
2026-09-09T10:05:00+00:00,68.44,68.46,68.44,68.46,1228.0
2026-09-09T11:50:00+00:00,68.5233,68.64,68.5233,68.64,1631.0
2026-09-09T11:55:00+00:00,68.65,68.65,68.65,68.65,262.0
2026-09-09T12:00:00+00:00,68.6,68.65,68.6,68.65,799.0
2026-09-09T12:15:00+00:00,68.45,68.45,68.45,68.45,891.0
2026-09-09T12:20:00+00:00,68.49,68.49,68.49,68.49,100.0
2026-09-09T12:35:00+00:00,68.49,68.54,68.49,68.54,2247.0
2026-09-09T12:45:00+00:00,68.51,68.51,68.51,68.51,298.0
2026-09-09T12:50:00+00:00,68.49,68.49,68.49,68.49,250.0
2026-09-09T13:30:00+00:00,68.64,68.67,68.64,68.67,2526.0
2026-09-09T13:35:00+00:00,68.66,68.76,68.63,68.72,315305.30129499995
2026-09-09T13:40:00+00:00,68.72,68.74,68.625,68.65,249950.59189200003
2026-09-09T13:45:00+00:00,68.655,68.695,68.615,68.695,67828.481276
2026-09-09T13:50:00+00:00,68.69,68.77,68.63,68.75,299339.159326
2026-09-09T13:55:00+00:00,68.75,68.79,68.71,68.79,163517.8537
2026-09-09T14:00:00+00:00,68.79,68.8414,68.755,68.84,133785.507276
2026-09-09T14:05:00+00:00,68.84,68.975,68.84,68.96,172089.01281699998
2026-09-09T14:10:00+00:00,68.965,69.0,68.925,68.96,168647.179717
2026-09-09T14:15:00+00:00,68.96,68.985,68.925,68.985,86771.54307999999
2026-09-09T14:20:00+00:00,68.975,68.975,68.785,68.8,186518.62941300002
2026-09-09T14:25:00+00:00,68.8,68.8,68.68,68.68,322134.536417
2026-09-09T14:30:00+00:00,68.685,68.88,68.685,68.87,157237.30335899998
2026-09-09T14:35:00+00:00,68.865,68.87,68.805,68.83,179823.21894400002
2026-09-09T14:40:00+00:00,68.83,68.86,68.79,68.845,446517.72281
2026-09-09T14:45:00+00:00,68.84,68.85,68.78,68.82,96003.119926
2026-09-09T14:50:00+00:00,68.82,68.82,68.785,68.81,159682.848407
2026-09-09T14:55:00+00:00,68.81,68.835,68.765,68.77,67873.79601
2026-09-09T15:00:00+00:00,68.77,68.8,68.76,68.785,54269.610532
2026-09-09T15:05:00+00:00,68.79,68.88,68.625,68.645,427673.29077099997
2026-09-09T15:10:00+00:00,68.64,68.67,68.475,68.49,161477.82283299998
2026-09-09T15:15:00+00:00,68.485,68.49,68.36,68.38,163349.482383
2026-09-09T15:20:00+00:00,68.375,68.485,68.36,68.48,178185.46132499998
2026-09-09T15:25:00+00:00,68.485,68.51,68.31,68.31,198047.958523
2026-09-09T15:30:00+00:00,68.31,68.44,68.295,68.44,222905.63463199997
2026-09-09T15:35:00+00:00,68.45,68.57,68.45,68.57,418459.600355
2026-09-09T15:40:00+00:00,68.57,68.62,68.465,68.61,670192.778104
2026-09-09T15:45:00+00:00,68.615,68.635,68.51,68.56,217695.15984
2026-09-09T15:50:00+00:00,68.56,68.565,68.52,68.545,95678.495063
2026-09-09T15:55:00+00:00,68.545,68.61,68.545,68.57,132350.00066700001
2026-09-09T16:00:00+00:00,68.57,68.57,68.49,68.51,52278.519290000004
2026-09-09T16:05:00+00:00,68.51,68.605,68.505,68.605,56580.157265
2026-09-09T16:10:00+00:00,68.605,68.605,68.45,68.45,108141.653019
2026-09-09T16:15:00+00:00,68.44,68.465,68.41,68.425,74089.88964000001
2026-09-09T16:20:00+00:00,68.43,68.43,68.37,68.4,147023.683099
2026-09-09T16:25:00+00:00,68.395,68.435,68.375,68.435,176626.998261
2026-09-09T16:30:00+00:00,68.44,68.455,68.37,68.3991,100757.90296400001
2026-09-09T16:35:00+00:00,68.3995,68.53,68.3995,68.525,312353.05241
2026-09-09T16:40:00+00:00,68.535,68.57,68.515,68.57,75710.231495
2026-09-09T16:45:00+00:00,68.57,68.605,68.56,68.595,426380.0
2026-09-09T16:50:00+00:00,68.6,68.63,68.56,68.61,503119.43743
2026-09-09T16:55:00+00:00,68.61,68.64,68.58,68.595,110658.845622
2026-09-09T17:00:00+00:00,68.59,68.6,68.565,68.57,86227.1313
2026-09-09T17:05:00+00:00,68.57,68.64,68.555,68.57,150029.166086
2026-09-09T17:10:00+00:00,68.58,68.64,68.575,68.61,123931.23339700002
2026-09-09T17:15:00+00:00,68.605,68.645,68.59,68.64,71806.637141
2026-09-09T17:20:00+00:00,68.635,68.665,68.635,68.65,29997.184195
2026-09-09T17:25:00+00:00,68.64,68.67,68.635,68.66,73631.30197
2026-09-09T17:30:00+00:00,68.66,68.67,68.63,68.63,18699.776778
2026-09-09T17:35:00+00:00,68.62,68.625,68.59,68.61,18612.936659
2026-09-09T17:40:00+00:00,68.61,68.62,68.545,68.55,59702.708993
2026-09-09T17:45:00+00:00,68.56,68.625,68.56,68.62,26526.851746
2026-09-09T17:50:00+00:00,68.62,68.63,68.6,68.625,15131.457
2026-09-09T17:55:00+00:00,68.625,68.65,68.605,68.645,34875.832915
2026-09-09T18:00:00+00:00,68.645,68.645,68.61,68.62,65881.156881
2026-09-09T18:05:00+00:00,68.61,68.64,68.61,68.635,81775.32253100001
2026-09-09T18:10:00+00:00,68.64,68.66,68.6,68.625,36163.59977
2026-09-09T18:15:00+00:00,68.625,68.64,68.6142,68.635,39874.058296
2026-09-09T18:20:00+00:00,68.63,68.645,68.61,68.635,52231.980232
2026-09-09T18:25:00+00:00,68.635,68.65,68.635,68.645,29219.004333999997
2026-09-09T18:30:00+00:00,68.65,68.655,68.625,68.625,90101.16500000001
2026-09-09T18:35:00+00:00,68.63,68.645,68.605,68.625,78252.364918
2026-09-09T18:40:00+00:00,68.625,68.64,68.625,68.64,23709.046968000002
2026-09-09T18:45:00+00:00,68.64,68.65,68.625,68.635,127818.1857
2026-09-09T18:50:00+00:00,68.64,68.64,68.61,68.61,59462.03
2026-09-09T18:55:00+00:00,68.6,68.63,68.6,68.62,72844.038166
2026-09-09T19:00:00+00:00,68.6188,68.63,68.59,68.595,74055.089057
2026-09-09T19:05:00+00:00,68.6,68.615,68.535,68.55,104091.08583
2026-09-09T19:10:00+00:00,68.545,68.63,68.545,68.6299,99260.18606800001
2026-09-09T19:15:00+00:00,68.625,68.66,68.625,68.66,49821.15118
2026-09-09T19:20:00+00:00,68.66,68.69,68.655,68.69,30670.131222
2026-09-09T19:25:00+00:00,68.69,68.71,68.68,68.705,34949.114
2026-09-09T19:30:00+00:00,68.705,68.71,68.68,68.685,57678.193711
2026-09-09T19:35:00+00:00,68.68,68.69,68.645,68.67,370590.173024
2026-09-09T19:40:00+00:00,68.665,68.665,68.64,68.648,61683.4104
2026-09-09T19:45:00+00:00,68.645,68.65,68.615,68.645,98925.843791
2026-09-09T19:50:00+00:00,68.6499,68.665,68.63,68.645,138835.777758
2026-09-09T19:55:00+00:00,68.64,68.6499,68.52,68.58,421509.84479400003
2026-09-09T20:00:00+00:00,68.58,68.585,68.45,68.49,1241983.130016
2026-09-09T20:05:00+00:00,68.49,68.52,68.48,68.48,1047453.415593
2026-09-09T20:10:00+00:00,68.48,68.5,68.47,68.5,18937.0
2026-09-09T20:15:00+00:00,68.5057,68.5057,68.5015,68.5015,200.0
2026-09-09T20:20:00+00:00,68.5,68.5,68.5,68.5,200.0
2026-09-09T20:25:00+00:00,68.49,68.49,68.47,68.47,507.0
2026-09-09T20:40:00+00:00,68.52,68.52,68.52,68.52,272.0
2026-09-09T20:45:00+00:00,68.47,68.47,68.45,68.45,994.0
2026-09-09T21:05:00+00:00,68.46,68.46,68.42,68.42,1234.0
2026-09-09T22:15:00+00:00,68.4219,68.4219,68.4219,68.4219,500.0
2026-09-10T08:05:00+00:00,68.42,68.42,68.31,68.31,1174.014629
2026-09-10T08:15:00+00:00,68.3,68.3,68.3,68.3,200.0
2026-09-10T08:45:00+00:00,68.22,68.22,68.22,68.22,140.0
2026-09-10T08:50:00+00:00,68.16,68.16,68.15,68.15,792.0
2026-09-10T09:05:00+00:00,68.2,68.2,68.2,68.2,100.0
2026-09-10T09:35:00+00:00,68.1,68.1,68.1,68.1,1831.0
2026-09-10T09:45:00+00:00,68.08,68.08,68.08,68.08,381.0
2026-09-10T11:10:00+00:00,68.01,68.01,67.94,67.94,955.0
2026-09-10T11:35:00+00:00,68.0,68.0,68.0,68.0,200.0
2026-09-10T11:50:00+00:00,68.09,68.1,68.09,68.1,2484.0
2026-09-10T11:55:00+00:00,67.93,67.93,67.9,67.9,4039.0
2026-09-10T12:00:00+00:00,67.85,67.85,67.79,67.79,398.0
2026-09-10T12:05:00+00:00,67.86,67.87,67.75,67.75,1355.0
2026-09-10T12:10:00+00:00,67.69,67.7,67.68,67.69,5387.0
2026-09-10T12:15:00+00:00,67.69,67.69,67.69,67.69,3086.0
2026-09-10T12:35:00+00:00,67.4,67.4,67.4,67.4,132.0
2026-09-10T12:45:00+00:00,67.35,67.42,67.35,67.42,618.0
2026-09-10T12:50:00+00:00,67.2783,67.2859,67.2783,67.2859,1028.0
2026-09-10T12:55:00+00:00,67.37,67.37,67.34,67.34,2436.0
2026-09-10T13:05:00+00:00,67.3,67.51,67.3,67.3932,4656.0
2026-09-10T13:10:00+00:00,67.47,67.47,67.36,67.36,1507.0
2026-09-10T13:15:00+00:00,67.39,67.39,67.39,67.39,318.0
2026-09-10T13:25:00+00:00,67.27,67.27,67.21,67.21,5853.0
2026-09-10T13:30:00+00:00,67.2131,67.38,67.2131,67.37,23149.0
2026-09-10T13:35:00+00:00,67.37,67.415,67.24,67.26,852455.7289699999
2026-09-10T13:40:00+00:00,67.255,67.42,67.22,67.41,331610.551407
2026-09-10T13:45:00+00:00,67.41,67.47,67.285,67.285,380046.119461
2026-09-10T13:50:00+00:00,67.285,67.41,67.27,67.35,427617.551325
2026-09-10T13:55:00+00:00,67.35,67.35,67.12,67.12,389190.133454
2026-09-10T14:00:00+00:00,67.12,67.16,67.04,67.06,342097.712981
2026-09-10T14:05:00+00:00,67.07,67.28,67.055,67.235,356821.159628
2026-09-10T14:10:00+00:00,67.23,67.25,67.11,67.16,301959.491555
2026-09-10T14:15:00+00:00,67.16,67.185,67.09,67.09,163061.80692
2026-09-10T14:20:00+00:00,67.095,67.21,67.055,67.175,305520.313266
2026-09-10T14:25:00+00:00,67.17,67.43,67.16,67.36,740570.986608
2026-09-10T14:30:00+00:00,67.365,67.465,67.29,67.3,400054.092066
2026-09-10T14:35:00+00:00,67.31,67.35,67.3,67.35,125892.24156699999
2026-09-10T14:40:00+00:00,67.355,67.5,67.355,67.42,92869.644501
2026-09-10T14:45:00+00:00,67.415,67.46,67.35,67.375,69725.040955
2026-09-10T14:50:00+00:00,67.37,67.415,67.34,67.39,111688.777429
2026-09-10T14:55:00+00:00,67.4,67.445,67.365,67.42,124606.09019599999
2026-09-10T15:00:00+00:00,67.43,67.51,67.4,67.505,122525.4874
2026-09-10T15:05:00+00:00,67.5,67.505,67.37,67.39,633513.876522
2026-09-10T15:10:00+00:00,67.39,67.47,67.39,67.42,66788.450019
2026-09-10T15:15:00+00:00,67.405,67.49,67.405,67.44,95818.305611
2026-09-10T15:20:00+00:00,67.44,67.455,67.345,67.35,74562.531311
2026-09-10T15:25:00+00:00,67.355,67.41,67.32,67.4,132177.82442000002
2026-09-10T15:30:00+00:00,67.405,67.44,67.355,67.365,104337.216566
2026-09-10T15:35:00+00:00,67.36,67.38,67.29,67.35,570467.9164
2026-09-10T15:40:00+00:00,67.35,67.41,67.325,67.355,94107.1758
2026-09-10T15:45:00+00:00,67.36,67.425,67.35,67.415,312862.95313000004
2026-09-10T15:50:00+00:00,67.41,67.42,67.285,67.3201,180594.794738
2026-09-10T15:55:00+00:00,67.305,67.33,67.27,67.27,277299.31047200004
2026-09-10T16:00:00+00:00,67.26,67.28,67.21,67.265,187026.35849999997
2026-09-10T16:05:00+00:00,67.26,67.3,67.235,67.24,76333.823177
2026-09-10T16:10:00+00:00,67.23,67.25,67.155,67.155,198880.311372
2026-09-10T16:15:00+00:00,67.15,67.18,67.12,67.16,91030.022569
2026-09-10T16:20:00+00:00,67.155,67.185,67.105,67.13,75958.132314
2026-09-10T16:25:00+00:00,67.14,67.175,67.14,67.17,77845.452723
2026-09-10T16:30:00+00:00,67.16,67.16,67.115,67.14,148056.88713699998
2026-09-10T16:35:00+00:00,67.14,67.195,67.07,67.07,546663.030081
2026-09-10T16:40:00+00:00,67.07,67.15,67.04,67.14,289311.823509
2026-09-10T16:45:00+00:00,67.15,67.195,67.145,67.175,202009.23776
2026-09-10T16:50:00+00:00,67.18,67.225,67.16,67.17,49942.595138000004
2026-09-10T16:55:00+00:00,67.17,67.215,67.155,67.195,386335.843407
2026-09-10T17:00:00+00:00,67.2,67.22,67.18,67.2145,160634.42195
2026-09-10T17:05:00+00:00,67.215,67.29,67.16,67.2,172228.408011
2026-09-10T17:10:00+00:00,67.2,67.225,67.17,67.18,369407.345578
2026-09-10T17:15:00+00:00,67.18,67.225,67.17,67.17,73772.973523
2026-09-10T17:20:00+00:00,67.17,67.175,67.15,67.175,71252.720623
2026-09-10T17:25:00+00:00,67.175,67.185,67.16,67.16,71464.598315
2026-09-10T17:30:00+00:00,67.165,67.185,67.13,67.185,82686.04117000001
2026-09-10T17:35:00+00:00,67.18,67.19,67.135,67.135,79354.37263999999
2026-09-10T17:40:00+00:00,67.135,67.165,67.065,67.065,72297.960826
2026-09-10T17:45:00+00:00,67.07,67.12,67.06,67.115,77958.74714600001
2026-09-10T17:50:00+00:00,67.12,67.12,67.065,67.07,87611.654662
2026-09-10T17:55:00+00:00,67.075,67.11,67.065,67.095,152776.22573600002
2026-09-10T18:00:00+00:00,67.09,67.1,67.06,67.095,176172.090059
2026-09-10T18:05:00+00:00,67.09,67.145,67.025,67.04,131706.78587999998
2026-09-10T18:10:00+00:00,67.04,67.095,67.015,67.02,87567.660257
2026-09-10T18:15:00+00:00,67.02,67.045,66.99,67.04,269326.880383
2026-09-10T18:20:00+00:00,67.03,67.03,66.99,67.01,95387.0986
2026-09-10T18:25:00+00:00,67.015,67.05,67.015,67.035,260452.341915
2026-09-10T18:30:00+00:00,67.035,67.04,66.99,67.015,124776.17414999999
2026-09-10T18:35:00+00:00,67.01,67.01,66.97,67.01,126097.87223900002
2026-09-10T18:40:00+00:00,67.01,67.03,66.9838,67.03,207937.31557699997
2026-09-10T18:45:00+00:00,67.03,67.05,67.025,67.045,63335.63225999999
2026-09-10T18:50:00+00:00,67.04,67.075,66.99,67.03,188658.40392
2026-09-10T18:55:00+00:00,67.02,67.15,67.0059,67.1,218925.625813
2026-09-10T19:00:00+00:00,67.11,67.13,67.07,67.09,129334.2328
2026-09-10T19:05:00+00:00,67.09,67.1,66.99,66.995,173934.519817
2026-09-10T19:10:00+00:00,66.99,67.055,66.97,67.05,271006.767747
2026-09-10T19:15:00+00:00,67.045,67.06,66.98,67.0,157458.3858
2026-09-10T19:20:00+00:00,66.99,67.03,66.96,66.98,108347.0912
2026-09-10T19:25:00+00:00,66.98,67.04,66.98,67.04,143902.67892600002
2026-09-10T19:30:00+00:00,67.04,67.095,67.03,67.095,112069.67074999999
2026-09-10T19:35:00+00:00,67.095,67.1,67.07,67.095,197982.249481
2026-09-10T19:40:00+00:00,67.09,67.1,67.05,67.07,1273115.41749
2026-09-10T19:45:00+00:00,67.08,67.105,67.07,67.075,249599.921
2026-09-10T19:50:00+00:00,67.07,67.085,67.03,67.07,476845.80077000003
2026-09-10T19:55:00+00:00,67.06,67.075,67.0,67.035,686188.565853
2026-09-10T20:00:00+00:00,67.03,67.04,66.97,67.01,2597224.294536
2026-09-10T20:05:00+00:00,67.0,67.0,66.97,66.97,23356.776610999998
2026-09-10T20:10:00+00:00,66.99,67.03,66.99,67.01,2215.0
2026-09-10T20:15:00+00:00,67.01,67.04,67.01,67.01,10088.579577
2026-09-10T20:20:00+00:00,67.03,67.05,67.03,67.05,36868.364755
2026-09-10T20:25:00+00:00,67.06,67.07,67.06,67.07,433.0
2026-09-10T20:30:00+00:00,67.02,67.05,67.0,67.05,9867.0
2026-09-10T20:35:00+00:00,67.07,67.07,67.07,67.07,3280.0
2026-09-10T20:40:00+00:00,67.105,67.13,67.1,67.1,4156.0
2026-09-10T20:45:00+00:00,67.12,67.15,67.11,67.14,25227.0
2026-09-10T20:50:00+00:00,67.15,67.15,67.15,67.15,10030.0
2026-09-10T21:20:00+00:00,67.2,67.2,67.2,67.2,5127.0
2026-09-10T21:35:00+00:00,67.19,67.19,67.19,67.19,148.0
2026-09-10T22:00:00+00:00,67.03,67.1,67.01,67.1,3340.0
2026-09-10T23:40:00+00:00,67.23,67.23,67.23,67.23,1100.0
2026-09-10T23:45:00+00:00,66.97,66.97,66.97,66.97,133.0
2026-09-11T08:05:00+00:00,67.65,67.65,67.4,67.4,1378.038594
2026-09-11T08:15:00+00:00,67.63,67.63,67.55,67.55,3588.0
2026-09-11T08:20:00+00:00,67.56,67.56,67.56,67.56,1177.0
2026-09-11T08:25:00+00:00,67.68,67.8,67.68,67.79,3230.0
2026-09-11T09:05:00+00:00,67.79,67.79,67.74,67.74,1800.0
2026-09-11T12:05:00+00:00,67.65,67.74,67.65,67.74,20216.0
2026-09-11T12:10:00+00:00,67.62,67.62,67.62,67.62,264.0
2026-09-11T12:15:00+00:00,67.65,67.65,67.65,67.65,500.0
2026-09-11T12:20:00+00:00,67.65,67.65,67.65,67.65,20744.0
2026-09-11T12:30:00+00:00,67.64,67.64,67.6,67.6,757.0
2026-09-11T12:35:00+00:00,67.62,67.63,67.42,67.63,5465.0
2026-09-11T12:40:00+00:00,67.84,67.85,67.79,67.79,2011.0
2026-09-11T12:45:00+00:00,67.8,67.8,67.8,67.8,450.0
2026-09-11T12:55:00+00:00,68.02,68.025,68.0,68.0,3580.0
2026-09-11T13:00:00+00:00,68.05,68.05,68.05,68.05,132.0
2026-09-11T13:15:00+00:00,68.0,68.0,67.99,67.99,795.0
2026-09-11T13:25:00+00:00,67.95,67.97,67.94,67.97,3498.0
2026-09-11T13:30:00+00:00,67.95,68.07,67.95,67.99,15564.0
2026-09-11T13:35:00+00:00,67.98,67.99,67.79,67.875,453813.248273
2026-09-11T13:40:00+00:00,67.87,67.915,67.72,67.83,1142477.299356
2026-09-11T13:45:00+00:00,67.83,67.935,67.76,67.855,1017982.9712459999
2026-09-11T13:50:00+00:00,67.855,68.01,67.82,67.92,811612.1862579999
2026-09-11T13:55:00+00:00,67.93,67.93,67.78,67.885,565874.58318
2026-09-11T14:00:00+00:00,67.89,67.99,67.85,67.99,209149.39417400002
2026-09-11T14:05:00+00:00,67.99,67.99,67.75,67.75,171970.431202
2026-09-11T14:10:00+00:00,67.76,67.815,67.75,67.815,190891.808507
2026-09-11T14:15:00+00:00,67.815,67.86,67.79,67.83,379831.292434
2026-09-11T14:20:00+00:00,67.83,67.935,67.815,67.93,168461.719009
2026-09-11T14:25:00+00:00,67.94,67.96,67.88,67.88,266716.289804
2026-09-11T14:30:00+00:00,67.88,67.905,67.86,67.89,69442.992165
2026-09-11T14:35:00+00:00,67.88,67.89,67.785,67.785,131542.326796
2026-09-11T14:40:00+00:00,67.785,67.795,67.69,67.71,420054.050655
2026-09-11T14:45:00+00:00,67.72,67.775,67.695,67.725,156519.06619100002
2026-09-11T14:50:00+00:00,67.73,67.88,67.705,67.875,430009.872004
2026-09-11T14:55:00+00:00,67.875,67.89,67.825,67.835,142365.057
2026-09-11T15:00:00+00:00,67.83,67.83,67.775,67.795,69828.079647
2026-09-11T15:05:00+00:00,67.795,67.875,67.775,67.86,102813.616709
2026-09-11T15:10:00+00:00,67.86,67.94,67.855,67.875,261500.97923
2026-09-11T15:15:00+00:00,67.875,67.885,67.765,67.79,249601.65395
2026-09-11T15:20:00+00:00,67.8,67.92,67.8,67.92,47624.95039
2026-09-11T15:25:00+00:00,67.93,67.995,67.93,67.98,140457.985678
2026-09-11T15:30:00+00:00,67.99,68.03,67.985,68.0,68382.521044
2026-09-11T15:35:00+00:00,68.0,68.03,67.97,68.02,115437.860088
2026-09-11T15:40:00+00:00,68.015,68.015,67.945,67.97,65466.630562
2026-09-11T15:45:00+00:00,67.965,68.01,67.935,68.0,87773.621323
2026-09-11T15:50:00+00:00,68.0,68.0,67.97,67.98,41162.784207
2026-09-11T15:55:00+00:00,67.99,67.99,67.895,67.915,56158.26941
2026-09-11T16:00:00+00:00,67.915,67.945,67.885,67.94,49094.444520000005
2026-09-11T16:05:00+00:00,67.94,67.985,67.94,67.985,47520.4934
2026-09-11T16:10:00+00:00,67.985,67.985,67.95,67.97,25980.914
2026-09-11T16:15:00+00:00,67.97,67.98,67.91,67.91,39414.611216
2026-09-11T16:20:00+00:00,67.9,67.915,67.885,67.895,132205.25
2026-09-11T16:25:00+00:00,67.895,67.905,67.87,67.87,44759.58587
2026-09-11T16:30:00+00:00,67.88,67.91,67.825,67.83,331327.34855
2026-09-11T16:35:00+00:00,67.84,67.955,67.815,67.93,149047.130003
2026-09-11T16:40:00+00:00,67.92,67.92,67.825,67.825,27104.886339999997
2026-09-11T16:45:00+00:00,67.82,67.895,67.815,67.89,54786.949
2026-09-11T16:50:00+00:00,67.895,67.91,67.865,67.865,46899.741975
2026-09-11T16:55:00+00:00,67.865,67.895,67.865,67.8868,29426.235152999998
2026-09-11T17:00:00+00:00,67.89,67.905,67.88,67.895,27221.79511
2026-09-11T17:05:00+00:00,67.9,67.9099,67.895,67.9,39227.680011000004
2026-09-11T17:10:00+00:00,67.9,67.965,67.895,67.91,208652.67731
2026-09-11T17:15:00+00:00,67.91,67.93,67.89,67.89,120978.8746
2026-09-11T17:20:00+00:00,67.895,67.94,67.885,67.935,69788.829212
2026-09-11T17:25:00+00:00,67.935,68.01,67.93,68.005,176933.01888699998
2026-09-11T17:30:00+00:00,68.005,68.02,67.99,67.99,122891.975
2026-09-11T17:35:00+00:00,67.98,67.985,67.935,67.94,33339.95575
2026-09-11T17:40:00+00:00,67.94,67.95,67.915,67.935,45755.38234900001
2026-09-11T17:45:00+00:00,67.93,67.9399,67.9,67.925,72421.05682299999
2026-09-11T17:50:00+00:00,67.92,67.925,67.89,67.92,33451.210183999996
2026-09-11T17:55:00+00:00,67.91,67.935,67.91,67.915,30837.257573000003
2026-09-11T18:00:00+00:00,67.91,67.915,67.89,67.9,33856.97152
2026-09-11T18:05:00+00:00,67.9,67.935,67.88,67.93,48291.860165000006
2026-09-11T18:10:00+00:00,67.93,67.93,67.905,67.905,31855.472503
2026-09-11T18:15:00+00:00,67.905,67.906,67.89,67.9,39007.31456
2026-09-11T18:20:00+00:00,67.89,67.9065,67.885,67.895,102109.363856
2026-09-11T18:25:00+00:00,67.8999,67.8999,67.82,67.825,194203.663849
2026-09-11T18:30:00+00:00,67.825,67.865,67.8147,67.845,223776.711811
2026-09-11T18:35:00+00:00,67.845,67.87,67.8,67.83,51885.990343
2026-09-11T18:40:00+00:00,67.835,67.8354,67.785,67.785,52436.091296
2026-09-11T18:45:00+00:00,67.79,67.795,67.775,67.78,79647.324129
2026-09-11T18:50:00+00:00,67.775,67.7759,67.745,67.745,64357.492801
2026-09-11T18:55:00+00:00,67.745,67.76,67.72,67.72,67763.927878
2026-09-11T19:00:00+00:00,67.72,67.745,67.71,67.7399,86628.7738
2026-09-11T19:05:00+00:00,67.735,67.755,67.71,67.725,809238.310071
2026-09-11T19:10:00+00:00,67.72,67.735,67.72,67.725,86473.669074
2026-09-11T19:15:00+00:00,67.725,67.74,67.7,67.73,149957.11949999997
2026-09-11T19:20:00+00:00,67.735,67.76,67.735,67.745,75572.175346
2026-09-11T19:25:00+00:00,67.75,67.785,67.74,67.785,96556.5527
2026-09-11T19:30:00+00:00,67.785,67.8,67.765,67.775,106441.429067
2026-09-11T19:35:00+00:00,67.77,67.8,67.77,67.8,98036.974581
2026-09-11T19:40:00+00:00,67.8,67.83,67.785,67.825,301099.919392
2026-09-11T19:45:00+00:00,67.825,67.85,67.82,67.83,1252562.476944
2026-09-11T19:50:00+00:00,67.825,67.85,67.795,67.8,219779.662481
2026-09-11T19:55:00+00:00,67.79,67.86,67.78,67.845,1668522.462924
2026-09-11T20:00:00+00:00,67.845,67.89,67.81,67.835,2637369.960999
2026-09-11T20:05:00+00:00,67.84,67.85,67.81,67.84,45657.17287999999
2026-09-11T20:10:00+00:00,67.84,67.84,67.84,67.84,320.0
2026-09-11T20:15:00+00:00,67.84,67.84,67.83,67.83,204.225191
2026-09-11T20:25:00+00:00,67.84,67.84,67.84,67.84,265.0
2026-09-11T23:00:00+00:00,67.84,67.84,67.84,67.84,100.0
2026-09-14T08:05:00+00:00,66.5,66.71,66.42,66.49,15154.358935
2026-09-14T08:55:00+00:00,66.32,66.32,66.31,66.31,2374.0
2026-09-14T09:15:00+00:00,66.28,66.28,66.27,66.27,2100.0
2026-09-14T10:30:00+00:00,66.224,66.224,66.224,66.224,253.0
2026-09-14T11:25:00+00:00,66.38,66.41,66.32,66.32,2251.0
2026-09-14T11:55:00+00:00,66.3,66.3,66.19,66.19,1050.0
2026-09-14T12:00:00+00:00,66.19,66.19,66.19,66.19,300.0
2026-09-14T12:05:00+00:00,66.23,66.23,66.18,66.18,341.0
2026-09-14T12:20:00+00:00,66.23,66.23,66.23,66.23,340.0
2026-09-14T12:25:00+00:00,66.17,66.17,66.15,66.15,891.0
2026-09-14T12:35:00+00:00,66.15,66.18,66.14,66.18,870.0
2026-09-14T12:40:00+00:00,66.14,66.14,66.07,66.07,4701.0
2026-09-14T12:45:00+00:00,66.0,66.07,65.97,66.07,1603.0
2026-09-14T12:55:00+00:00,66.05,66.05,66.0,66.0,1264.0
2026-09-14T13:05:00+00:00,66.0,66.0,65.93,65.94,4399.25
2026-09-14T13:10:00+00:00,65.89,65.89,65.86,65.86,6559.0
2026-09-14T13:15:00+00:00,65.88,65.99,65.88,65.99,34915.0
2026-09-14T13:20:00+00:00,65.99,66.08,65.99,66.07,3106.0
2026-09-14T13:25:00+00:00,66.08,66.09,66.08,66.09,12895.0
2026-09-14T13:30:00+00:00,66.05,66.05,65.92,65.98,269433.0
2026-09-14T13:35:00+00:00,65.95,66.095,65.94,66.015,646800.226609
2026-09-14T13:40:00+00:00,66.01,66.04,65.92,65.925,270809.688275
2026-09-14T13:45:00+00:00,65.915,65.945,65.855,65.935,448728.62845599995
2026-09-14T13:50:00+00:00,65.96,66.165,65.955,66.12,550215.282809
2026-09-14T13:55:00+00:00,66.135,66.15,65.94,65.95,254017.621476
2026-09-14T14:00:00+00:00,65.95,65.985,65.86,65.92,252809.26294799996
2026-09-14T14:05:00+00:00,65.91,65.99,65.91,65.99,99538.856812
2026-09-14T14:10:00+00:00,65.985,66.05,65.96,66.035,234056.97160299998
2026-09-14T14:15:00+00:00,66.04,66.155,66.04,66.15,425251.218342
2026-09-14T14:20:00+00:00,66.155,66.175,66.05,66.08,381375.323872
2026-09-14T14:25:00+00:00,66.07,66.07,65.9,65.9,301942.163815
2026-09-14T14:30:00+00:00,65.89,65.92,65.84,65.905,172847.374697
2026-09-14T14:35:00+00:00,65.91,65.94,65.875,65.94,93472.198388
2026-09-14T14:40:00+00:00,65.94,65.94,65.79,65.81,133491.27158899998
2026-09-14T14:45:00+00:00,65.805,65.86,65.765,65.86,94793.220623
2026-09-14T14:50:00+00:00,65.86,65.925,65.83,65.85,394279.205236
2026-09-14T14:55:00+00:00,65.855,65.855,65.76,65.76,333782.05864199996
2026-09-14T15:00:00+00:00,65.765,65.785,65.72,65.785,231779.992776
2026-09-14T15:05:00+00:00,65.79,65.83,65.76,65.76,310982.339241
2026-09-14T15:10:00+00:00,65.76,66.09,65.76,65.9,1635608.251946
2026-09-14T15:15:00+00:00,65.9,65.92,65.85,65.87,218794.29834900002
2026-09-14T15:20:00+00:00,65.865,65.935,65.865,65.92,78766.157001
2026-09-14T15:25:00+00:00,65.92,66.0,65.9,66.0,170654.545658
2026-09-14T15:30:00+00:00,65.99,66.0299,65.985,66.02,320303.72804099997
2026-09-14T15:35:00+00:00,66.025,66.17,65.95,66.145,1205453.9100469998
2026-09-14T15:40:00+00:00,66.14,66.235,66.125,66.23,970809.84807
2026-09-14T15:45:00+00:00,66.23,66.285,66.17,66.265,233350.91341500002
2026-09-14T15:50:00+00:00,66.27,66.27,66.15,66.15,176300.256489
2026-09-14T15:55:00+00:00,66.15,66.2,66.115,66.19,481499.290405
2026-09-14T16:00:00+00:00,66.18,66.205,66.16,66.18,373693.29461300006
2026-09-14T16:05:00+00:00,66.175,66.18,66.13,66.14,168348.95679700002
2026-09-14T16:10:00+00:00,66.14,66.17,66.1,66.115,106121.828325
2026-09-14T16:15:00+00:00,66.115,66.175,66.115,66.16,78769.918853
2026-09-14T16:20:00+00:00,66.17,66.29,66.17,66.27,204390.6342
2026-09-14T16:25:00+00:00,66.275,66.31,66.23,66.3,76332.27047000002
2026-09-14T16:30:00+00:00,66.3,66.305,66.225,66.235,115785.82428799999
2026-09-14T16:35:00+00:00,66.23,66.29,66.225,66.23,280791.617301
2026-09-14T16:40:00+00:00,66.23,66.27,66.205,66.27,48230.070999999996
2026-09-14T16:45:00+00:00,66.27,66.33,66.25,66.33,147995.89489999998
2026-09-14T16:50:00+00:00,66.335,66.475,66.3,66.445,453871.317466
2026-09-14T16:55:00+00:00,66.45,66.485,66.425,66.455,206366.650632
2026-09-14T17:00:00+00:00,66.455,66.465,66.375,66.39,145074.13878500002
2026-09-14T17:05:00+00:00,66.395,66.4,66.325,66.35,128745.061224
2026-09-14T17:10:00+00:00,66.35,66.38,66.33,66.36,77218.465853
2026-09-14T17:15:00+00:00,66.355,66.41,66.34,66.34,66708.353929
2026-09-14T17:20:00+00:00,66.33,66.355,66.3,66.315,71834.768324
2026-09-14T17:25:00+00:00,66.32,66.355,66.315,66.335,50040.12267700001
2026-09-14T17:30:00+00:00,66.335,66.38,66.325,66.375,48571.811731
2026-09-14T17:35:00+00:00,66.37,66.385,66.345,66.375,99266.51435699998
2026-09-14T17:40:00+00:00,66.375,66.4,66.35,66.4,33449.31127
2026-09-14T17:45:00+00:00,66.4,66.4,66.37,66.385,40156.35041
2026-09-14T17:50:00+00:00,66.385,66.405,66.38,66.39,71166.023949
2026-09-14T17:55:00+00:00,66.39,66.425,66.38,66.42,119813.47609
2026-09-14T18:00:00+00:00,66.415,66.425,66.37,66.37,112676.779422
2026-09-14T18:05:00+00:00,66.37,66.455,66.365,66.375,211451.712688
2026-09-14T18:10:00+00:00,66.375,66.425,66.355,66.415,123421.257241
2026-09-14T18:15:00+00:00,66.415,66.43,66.39,66.425,126277.51853999999
2026-09-14T18:20:00+00:00,66.425,66.445,66.41,66.42,118444.931759
2026-09-14T18:25:00+00:00,66.42,66.43,66.385,66.39,129992.01567
2026-09-14T18:30:00+00:00,66.395,66.395,66.355,66.365,150690.33404
2026-09-14T18:35:00+00:00,66.365,66.42,66.365,66.41,86329.37366499999
2026-09-14T18:40:00+00:00,66.41,66.425,66.405,66.405,42627.79483
2026-09-14T18:45:00+00:00,66.4,66.415,66.3923,66.405,90953.00948899999
2026-09-14T18:50:00+00:00,66.405,66.405,66.345,66.375,273205.880693
2026-09-14T18:55:00+00:00,66.375,66.39,66.365,66.3841,534213.731465
2026-09-14T19:00:00+00:00,66.385,66.3854,66.36,66.375,102332.083
2026-09-14T19:05:00+00:00,66.375,66.39,66.325,66.345,193828.06594499998
2026-09-14T19:10:00+00:00,66.3499,66.3499,66.275,66.305,165017.735913
2026-09-14T19:15:00+00:00,66.3,66.315,66.27,66.27,177766.245212
2026-09-14T19:20:00+00:00,66.2701,66.28,66.24,66.275,166507.49314800004
2026-09-14T19:25:00+00:00,66.275,66.28,66.225,66.235,151463.29623
2026-09-14T19:30:00+00:00,66.24,66.26,66.22,66.225,93099.05129999999
2026-09-14T19:35:00+00:00,66.22,66.24,66.19,66.2,380596.24674000003
2026-09-14T19:40:00+00:00,66.195,66.2,66.14,66.15,166156.710288
2026-09-14T19:45:00+00:00,66.15,66.18,66.145,66.16,316737.14273699996
2026-09-14T19:50:00+00:00,66.165,66.18,66.12,66.15,354725.032535
2026-09-14T19:55:00+00:00,66.15,66.15,66.05,66.085,936742.2636519999
2026-09-14T20:00:00+00:00,66.08,66.08,65.96,65.98,1937769.8694080003
2026-09-14T20:05:00+00:00,65.97,66.02,65.97,66.004,131849.43266
2026-09-14T20:10:00+00:00,66.02,66.03,66.01,66.0131,14594.0
2026-09-14T20:15:00+00:00,66.02,66.03,66.02,66.02,28484.086262
2026-09-14T20:25:00+00:00,66.05,66.07,66.05,66.07,1151.0
2026-09-14T20:40:00+00:00,66.045,66.045,65.96,65.96,2925.255838
2026-09-14T20:45:00+00:00,66.1,66.11,66.1,66.11,500.0
2026-09-14T21:10:00+00:00,66.04,66.04,66.04,66.04,602.0
2026-09-14T23:00:00+00:00,65.97,65.97,65.97,65.97,147.0
2026-09-14T23:20:00+00:00,66.0737,66.0737,66.0737,66.0737,100.0
2026-09-14T23:50:00+00:00,65.93,65.93,65.93,65.93,1100.0
2026-09-15T00:00:00+00:00,65.9446,65.9446,65.9446,65.9446,190.0
2026-09-15T08:05:00+00:00,65.74,65.74,65.74,65.74,100.0
2026-09-15T08:10:00+00:00,65.73,65.73,65.72,65.73,400.0
2026-09-15T09:20:00+00:00,65.6,65.6,65.6,65.6,267.0
2026-09-15T11:00:00+00:00,66.06,66.06,66.06,66.06,100.0
2026-09-15T11:20:00+00:00,66.12,66.14,66.12,66.14,902.0
2026-09-15T11:45:00+00:00,66.0001,66.0001,66.0001,66.0001,100.0
2026-09-15T12:15:00+00:00,66.13,66.13,66.13,66.13,100.0
2026-09-15T12:20:00+00:00,66.1,66.1,66.1,66.1,200.0
2026-09-15T12:35:00+00:00,66.12,66.12,66.12,66.12,400.0
2026-09-15T13:00:00+00:00,66.23,66.23,66.23,66.23,100.0
2026-09-15T13:10:00+00:00,66.2,66.2,66.2,66.2,7616.0
2026-09-15T13:15:00+00:00,66.18,66.18,66.18,66.18,266.0
2026-09-15T13:25:00+00:00,66.1,66.1,66.09,66.1,19594.0
2026-09-15T13:30:00+00:00,66.14,66.14,66.11,66.12,33361.0
2026-09-15T13:35:00+00:00,66.12,66.135,65.98,65.98,576992.89745
2026-09-15T13:40:00+00:00,65.985,65.995,65.89,65.9,338179.25527
2026-09-15T13:45:00+00:00,65.89,65.985,65.87,65.975,243425.22868200002
2026-09-15T13:50:00+00:00,65.97,66.03,65.935,65.955,271351.56052299996
2026-09-15T13:55:00+00:00,65.955,66.03,65.925,66.0,216567.985129
2026-09-15T14:00:00+00:00,66.0,66.05,65.98,66.0,641004.522557
2026-09-15T14:05:00+00:00,65.99,66.055,65.925,65.925,492072.93317900004
2026-09-15T14:10:00+00:00,65.925,66.02,65.925,65.975,375062.332817
2026-09-15T14:15:00+00:00,65.97,65.97,65.845,65.845,112194.371075
2026-09-15T14:20:00+00:00,65.845,65.92,65.845,65.92,209933.06727900004
2026-09-15T14:25:00+00:00,65.92,65.92,65.805,65.87,150961.165148
2026-09-15T14:30:00+00:00,65.88,65.88,65.83,65.84,137147.831637
2026-09-15T14:35:00+00:00,65.84,65.905,65.83,65.85,226233.24702
2026-09-15T14:40:00+00:00,65.85,65.88,65.755,65.765,301420.214368
2026-09-15T14:45:00+00:00,65.765,65.765,65.73,65.745,106083.18410799999
2026-09-15T14:50:00+00:00,65.745,65.76,65.675,65.685,139659.281166
2026-09-15T14:55:00+00:00,65.68,65.69,65.59,65.64,694986.409076
2026-09-15T15:00:00+00:00,65.635,65.65,65.56,65.56,210987.459376
2026-09-15T15:05:00+00:00,65.565,65.675,65.565,65.67,159173.085938
2026-09-15T15:10:00+00:00,65.68,65.69,65.635,65.645,121730.617402
2026-09-15T15:15:00+00:00,65.64,65.65,65.595,65.65,119128.124598
2026-09-15T15:20:00+00:00,65.655,65.72,65.635,65.685,82862.188442
2026-09-15T15:25:00+00:00,65.69,65.755,65.685,65.75,173033.04047799998
2026-09-15T15:30:00+00:00,65.74,65.775,65.73,65.755,222519.324463
2026-09-15T15:35:00+00:00,65.755,65.765,65.715,65.76,490233.177985
2026-09-15T15:40:00+00:00,65.76,65.785,65.74,65.775,77119.51149
2026-09-15T15:45:00+00:00,65.78,65.83,65.78,65.825,93636.477583
2026-09-15T15:50:00+00:00,65.825,65.825,65.735,65.74,53537.990975
2026-09-15T15:55:00+00:00,65.745,65.835,65.73,65.735,309991.275229
2026-09-15T16:00:00+00:00,65.73,65.81,65.675,65.675,170077.78637100002
2026-09-15T16:05:00+00:00,65.67,65.69,65.64,65.655,121223.393818
2026-09-15T16:10:00+00:00,65.66,65.66,65.615,65.62,63313.327924
2026-09-15T16:15:00+00:00,65.63,65.64,65.6,65.63,95861.371111
2026-09-15T16:20:00+00:00,65.635,65.695,65.63,65.6815,211895.2221
2026-09-15T16:25:00+00:00,65.685,65.78,65.675,65.77,168443.867402
2026-09-15T16:30:00+00:00,65.77,65.775,65.745,65.75,40127.95504
2026-09-15T16:35:00+00:00,65.75,65.76,65.71,65.73,54073.575773000004
2026-09-15T16:40:00+00:00,65.735,65.785,65.72,65.765,60124.501092000006
2026-09-15T16:45:00+00:00,65.765,65.785,65.75,65.78,54934.123702
2026-09-15T16:50:00+00:00,65.775,65.79,65.75,65.77,80112.0
2026-09-15T16:55:00+00:00,65.77,65.8428,65.77,65.8428,53309.220365
2026-09-15T17:00:00+00:00,65.845,65.85,65.805,65.825,64907.103025
2026-09-15T17:05:00+00:00,65.82,65.8499,65.76,65.76,88437.11041600001
2026-09-15T17:10:00+00:00,65.755,65.795,65.755,65.76,62595.698422
2026-09-15T17:15:00+00:00,65.765,65.81,65.765,65.77,131819.775046
2026-09-15T17:20:00+00:00,65.775,65.785,65.755,65.77,66685.493784
2026-09-15T17:25:00+00:00,65.77,65.77,65.735,65.735,52307.081290999995
2026-09-15T17:30:00+00:00,65.73,65.76,65.73,65.755,90330.2303
2026-09-15T17:35:00+00:00,65.76,65.82,65.76,65.81,77500.76954400001
2026-09-15T17:40:00+00:00,65.8,65.815,65.79,65.79,29856.649701
2026-09-15T17:45:00+00:00,65.79,65.79,65.745,65.77,70520.50431100001
2026-09-15T17:50:00+00:00,65.76,65.78,65.74,65.745,38153.62123799999
2026-09-15T17:55:00+00:00,65.745,65.765,65.73,65.765,36407.3772
2026-09-15T18:00:00+00:00,65.77,65.79,65.7644,65.7899,63269.618500000004
2026-09-15T18:05:00+00:00,65.79,65.805,65.775,65.805,54794.131837
2026-09-15T18:10:00+00:00,65.805,65.8363,65.8,65.835,57000.0
2026-09-15T18:15:00+00:00,65.83,65.86,65.825,65.856,70010.06373
2026-09-15T18:20:00+00:00,65.85,65.855,65.815,65.825,50198.328279999994
2026-09-15T18:25:00+00:00,65.83,65.84,65.825,65.84,19749.701377999998
2026-09-15T18:30:00+00:00,65.845,65.855,65.835,65.85,104710.0
2026-09-15T18:35:00+00:00,65.845,65.845,65.805,65.81,71501.237696
2026-09-15T18:40:00+00:00,65.81,65.815,65.77,65.785,136848.67277099998
2026-09-15T18:45:00+00:00,65.78,65.82,65.75,65.7547,229870.977168
2026-09-15T18:50:00+00:00,65.755,65.755,65.71,65.725,96337.755438
2026-09-15T18:55:00+00:00,65.73,65.78,65.73,65.78,71926.7053
2026-09-15T19:00:00+00:00,65.775,65.81,65.77,65.81,88635.0
2026-09-15T19:05:00+00:00,65.81,65.825,65.79,65.805,93558.08675
2026-09-15T19:10:00+00:00,65.805,65.81,65.78,65.8,78204.802075
2026-09-15T19:15:00+00:00,65.805,65.82,65.795,65.8,99929.83284199999
2026-09-15T19:20:00+00:00,65.805,65.82,65.79,65.815,66129.60417600001
2026-09-15T19:25:00+00:00,65.815,65.82,65.8,65.81,58952.523599
2026-09-15T19:30:00+00:00,65.81,65.82,65.805,65.815,38502.832878
2026-09-15T19:35:00+00:00,65.81,65.82,65.8,65.8103,67489.470434
2026-09-15T19:40:00+00:00,65.815,65.815,65.785,65.8,140503.99105299998
2026-09-15T19:45:00+00:00,65.795,65.82,65.785,65.8,177015.819788
2026-09-15T19:50:00+00:00,65.8,65.815,65.79,65.805,143462.777413
2026-09-15T19:55:00+00:00,65.8,65.815,65.78,65.805,490693.77030699997
2026-09-15T20:00:00+00:00,65.805,65.81,65.75,65.78,947790.379145
2026-09-15T20:05:00+00:00,65.77,65.8,65.76,65.77,14998.980378
2026-09-15T20:10:00+00:00,65.78,65.78,65.78,65.78,404.0
2026-09-15T20:15:00+00:00,65.78,65.79,65.78,65.79,3325.610279
2026-09-15T20:25:00+00:00,65.8,65.8,65.8,65.8,300.0
2026-09-15T20:35:00+00:00,65.78,65.78,65.7,65.77,1115.0
2026-09-15T20:45:00+00:00,65.69,65.69,65.67,65.67,1068.0
2026-09-15T21:05:00+00:00,65.81,65.81,65.81,65.81,1241.0
2026-09-15T21:10:00+00:00,65.83,65.95,65.83,65.95,20056.0
2026-09-16T08:05:00+00:00,66.4,66.51,66.35,66.51,1469.0
2026-09-16T08:15:00+00:00,66.24,66.24,66.24,66.24,6000.0
2026-09-16T08:35:00+00:00,66.29,66.29,66.29,66.29,300.0
2026-09-16T08:40:00+00:00,66.24,66.24,66.23,66.23,6170.0
2026-09-16T08:55:00+00:00,66.27,66.28,66.27,66.28,202.0
2026-09-16T09:00:00+00:00,66.29,66.29,66.29,66.29,500.0
2026-09-16T09:05:00+00:00,66.26,66.26,66.26,66.26,3408.0
2026-09-16T09:15:00+00:00,66.26,66.26,66.26,66.26,1612.0
2026-09-16T09:20:00+00:00,66.26,66.26,66.2,66.2,1258.0
2026-09-16T09:45:00+00:00,66.27,66.32,66.27,66.32,6813.0
2026-09-16T10:25:00+00:00,66.34,66.34,66.34,66.34,1744.0
2026-09-16T10:40:00+00:00,66.32,66.34,66.32,66.34,1501.0
2026-09-16T11:00:00+00:00,66.39,66.4,66.39,66.4,540.0
2026-09-16T11:05:00+00:00,66.4,66.45,66.4,66.4,2817.717
2026-09-16T11:35:00+00:00,66.39,66.43,66.39,66.43,5024.0
2026-09-16T11:40:00+00:00,66.44,66.47,66.44,66.47,4723.461
2026-09-16T11:45:00+00:00,66.47,66.47,66.47,66.47,901.0
2026-09-16T12:15:00+00:00,66.39,66.39,66.37,66.38,614.0
2026-09-16T13:25:00+00:00,66.45,66.46,66.44,66.44,900.0
2026-09-16T13:35:00+00:00,66.41,66.46,66.32,66.335,213275.76364000002
2026-09-16T13:40:00+00:00,66.335,66.36,66.27,66.3,155822.68154999998
2026-09-16T13:45:00+00:00,66.3,66.325,66.265,66.285,98898.076386
2026-09-16T13:50:00+00:00,66.285,66.35,66.28,66.335,423446.289087
2026-09-16T13:55:00+00:00,66.335,66.365,66.3,66.31,191150.98989
2026-09-16T14:00:00+00:00,66.315,66.37,66.28,66.31,266005.56649999996
2026-09-16T14:05:00+00:00,66.31,66.31,66.21,66.23,223584.630861
2026-09-16T14:10:00+00:00,66.22,66.28,66.185,66.27,83698.530518
2026-09-16T14:15:00+00:00,66.26,66.3161,66.255,66.305,161366.009999
2026-09-16T14:20:00+00:00,66.305,66.305,66.255,66.26,117218.280064
2026-09-16T14:25:00+00:00,66.26,66.285,66.25,66.28,80240.373109
2026-09-16T14:30:00+00:00,66.27,66.295,66.245,66.295,49037.36734900001
2026-09-16T14:35:00+00:00,66.3,66.3,66.245,66.255,104633.53113300001
2026-09-16T14:40:00+00:00,66.255,66.27,66.22,66.26,39179.094037999996
2026-09-16T14:45:00+00:00,66.265,66.345,66.265,66.34,149116.962801
2026-09-16T14:50:00+00:00,66.34,66.355,66.3225,66.33,249967.54378
2026-09-16T14:55:00+00:00,66.3295,66.34,66.305,66.305,49374.433705999996
2026-09-16T15:00:00+00:00,66.305,66.3797,66.29,66.3797,54257.778289
2026-09-16T15:05:00+00:00,66.38,66.4361,66.375,66.415,81756.662114
2026-09-16T15:10:00+00:00,66.42,66.575,66.415,66.575,252422.57426199998
2026-09-16T15:15:00+00:00,66.565,66.58,66.5,66.545,172583.693172
2026-09-16T15:20:00+00:00,66.545,66.545,66.48,66.505,304756.157994
2026-09-16T15:25:00+00:00,66.505,66.53,66.485,66.49,90660.77375600001
2026-09-16T15:30:00+00:00,66.495,66.505,66.415,66.415,83417.32680000001
2026-09-16T15:35:00+00:00,66.42,66.445,66.365,66.37,146291.451276
2026-09-16T15:40:00+00:00,66.375,66.415,66.36,66.4,194948.573532
2026-09-16T15:45:00+00:00,66.405,66.415,66.375,66.375,50841.362235
2026-09-16T15:50:00+00:00,66.375,66.57,66.365,66.425,755473.87749
2026-09-16T15:55:00+00:00,66.425,66.44,66.395,66.41,125103.733208
2026-09-16T16:00:00+00:00,66.415,66.415,66.375,66.3763,143039.57068200002
2026-09-16T16:05:00+00:00,66.375,66.38,66.335,66.335,107219.67052500001
2026-09-16T16:10:00+00:00,66.335,66.39,66.335,66.375,86203.701946
2026-09-16T16:15:00+00:00,66.375,66.385,66.35,66.385,49828.380446999996
2026-09-16T16:20:00+00:00,66.385,66.4,66.38,66.4,45059.520916
2026-09-16T16:25:00+00:00,66.395,66.3999,66.355,66.375,77292.550159
2026-09-16T16:30:00+00:00,66.375,66.3961,66.37,66.39,38154.004165
2026-09-16T16:35:00+00:00,66.385,66.39,66.345,66.355,48654.859572
2026-09-16T16:40:00+00:00,66.355,66.38,66.355,66.375,39448.863342
2026-09-16T16:45:00+00:00,66.375,66.385,66.36,66.36,59827.851389999996
2026-09-16T16:50:00+00:00,66.36,66.38,66.36,66.3733,57341.165
2026-09-16T16:55:00+00:00,66.375,66.375,66.34,66.3479,225404.891964
2026-09-16T17:00:00+00:00,66.35,66.36,66.33,66.33,37227.10999
2026-09-16T17:05:00+00:00,66.33,66.33,66.255,66.275,269043.300344
2026-09-16T17:10:00+00:00,66.28,66.29,66.25,66.255,81571.27726100001
2026-09-16T17:15:00+00:00,66.26,66.285,66.2439,66.285,97560.0
2026-09-16T17:20:00+00:00,66.2801,66.295,66.26,66.26,84898.336812
2026-09-16T17:25:00+00:00,66.26,66.275,66.235,66.235,49164.41712
2026-09-16T17:30:00+00:00,66.24,66.2699,66.2345,66.265,48379.377
2026-09-16T17:35:00+00:00,66.265,66.285,66.235,66.245,81616.17383
2026-09-16T17:40:00+00:00,66.245,66.245,66.21,66.21,47365.092175
2026-09-16T17:45:00+00:00,66.2,66.2,66.175,66.195,40450.458024
2026-09-16T17:50:00+00:00,66.2,66.22,66.19,66.195,73466.753818
2026-09-16T17:55:00+00:00,66.19,66.22,66.18,66.215,132375.72285000002
2026-09-16T18:00:00+00:00,66.215,66.36,66.215,66.35,228348.07632
2026-09-16T18:05:00+00:00,66.36,66.52,66.045,66.25,889078.3764
2026-09-16T18:10:00+00:00,66.265,66.39,66.245,66.3,144895.0
2026-09-16T18:15:00+00:00,66.2899,66.3,66.15,66.165,73192.0
2026-09-16T18:20:00+00:00,66.165,66.21,66.105,66.16,120094.409334
2026-09-16T18:25:00+00:00,66.16,66.2068,66.11,66.11,50477.955352
2026-09-16T18:30:00+00:00,66.11,66.11,65.98,66.1,90246.199905
2026-09-16T18:35:00+00:00,66.095,66.125,65.86,65.88,430417.282894
2026-09-16T18:40:00+00:00,65.87,65.97,65.7,65.94,173732.419216
2026-09-16T18:45:00+00:00,65.95,66.195,65.935,66.055,171510.838184
2026-09-16T18:50:00+00:00,66.055,66.14,65.96,65.97,98739.05421
2026-09-16T18:55:00+00:00,65.97,65.99,65.66,65.67,151267.87574
2026-09-16T19:00:00+00:00,65.67,65.73,65.535,65.545,363587.269213
2026-09-16T19:05:00+00:00,65.545,65.75,65.53,65.64,250522.852693
2026-09-16T19:10:00+00:00,65.64,65.655,65.44,65.4859,282975.353201
2026-09-16T19:15:00+00:00,65.48,65.48,65.35,65.43,246667.290429
2026-09-16T19:20:00+00:00,65.43,65.49,65.33,65.38,224767.762932
2026-09-16T19:25:00+00:00,65.39,65.44,65.315,65.39,570592.641953
2026-09-16T19:30:00+00:00,65.395,65.435,65.29,65.435,263608.54213
2026-09-16T19:35:00+00:00,65.45,65.59,65.43,65.59,273832.11195
2026-09-16T19:40:00+00:00,65.595,65.6,65.52,65.585,296303.1443
2026-09-16T19:45:00+00:00,65.585,65.645,65.535,65.56,182838.658624
2026-09-16T19:50:00+00:00,65.55,65.675,65.545,65.665,405323.645588
2026-09-16T19:55:00+00:00,65.67,65.735,65.665,65.73,602506.560446
2026-09-16T20:00:00+00:00,65.73,65.755,65.67,65.74,2553852.778555
2026-09-16T20:05:00+00:00,65.72,65.74,65.71,65.73,4622.766695
2026-09-16T20:10:00+00:00,65.71,65.71,65.62,65.62,23635.0
2026-09-16T20:20:00+00:00,65.65,65.65,65.65,65.65,102.434115
2026-09-16T20:25:00+00:00,65.7,65.7,65.68,65.68,401.0
2026-09-16T20:35:00+00:00,65.61,65.61,65.61,65.61,101.0
2026-09-16T21:00:00+00:00,65.75,65.75,65.75,65.75,102.0
2026-09-16T22:40:00+00:00,65.74,65.74,65.74,65.74,100.0
2026-09-16T22:45:00+00:00,65.75,65.75,65.75,65.75,21032.0
2026-09-16T23:00:00+00:00,65.81,65.81,65.81,65.81,12223.0
2026-09-16T23:35:00+00:00,65.84,65.862,65.84,65.84,1513.180167
2026-09-16T23:50:00+00:00,65.82,65.82,65.82,65.82,936.0
2026-09-17T08:05:00+00:00,66.18,66.18,65.92,66.04,477.0
2026-09-17T08:15:00+00:00,66.18,66.18,66.1,66.1,800.0
2026-09-17T08:20:00+00:00,66.11,66.11,66.1,66.1,400.0
2026-09-17T08:30:00+00:00,66.13,66.13,66.13,66.13,100.0
2026-09-17T08:40:00+00:00,66.1,66.1,66.1,66.1,402.0
2026-09-17T08:45:00+00:00,66.15,66.15,66.15,66.15,100.0
2026-09-17T08:50:00+00:00,66.24,66.24,66.22,66.24,800.0
2026-09-17T09:05:00+00:00,66.29,66.29,66.29,66.29,300.0
2026-09-17T09:10:00+00:00,66.3,66.31,66.3,66.31,512.0
2026-09-17T09:20:00+00:00,66.33,66.33,66.32,66.33,540.0
2026-09-17T10:05:00+00:00,66.26,66.26,66.26,66.26,342.0
2026-09-17T10:20:00+00:00,66.24,66.24,66.24,66.24,10000.0
2026-09-17T10:45:00+00:00,66.32,66.34,66.32,66.34,280.0
2026-09-17T11:10:00+00:00,66.37,66.37,66.37,66.37,100.0
2026-09-17T11:15:00+00:00,66.35,66.35,66.35,66.35,321.0
2026-09-17T11:20:00+00:00,66.37,66.37,66.37,66.37,360.0
2026-09-17T11:25:00+00:00,66.33,66.35,66.31,66.32,2120.0
2026-09-17T11:30:00+00:00,66.3,66.33,66.3,66.33,879.0
2026-09-17T12:00:00+00:00,66.39,66.39,66.39,66.39,156.0
2026-09-17T12:10:00+00:00,66.59,66.59,66.59,66.59,773.0
2026-09-17T12:20:00+00:00,66.66,66.74,66.66,66.74,1500.0
2026-09-17T12:35:00+00:00,66.88,66.88,66.88,66.88,3000.0
2026-09-17T12:40:00+00:00,66.82,66.82,66.82,66.82,180.0
2026-09-17T12:45:00+00:00,66.86,66.9,66.83,66.83,19573.0
2026-09-17T12:55:00+00:00,66.8,66.81,66.8,66.81,2410.0
2026-09-17T13:05:00+00:00,66.76,66.79,66.74,66.75,18781.0
2026-09-17T13:10:00+00:00,66.75,66.75,66.73,66.75,23528.0
2026-09-17T13:15:00+00:00,66.74,66.74,66.72,66.73,14079.0
2026-09-17T13:25:00+00:00,66.73,66.74,66.73,66.74,12000.0
2026-09-17T13:30:00+00:00,66.75,66.785,66.75,66.78,57947.0
2026-09-17T13:35:00+00:00,66.78,66.91,66.78,66.83,724477.6496709998
2026-09-17T13:40:00+00:00,66.83,66.895,66.745,66.745,392444.227714
2026-09-17T13:45:00+00:00,66.745,66.795,66.705,66.78,425301.201918
2026-09-17T13:50:00+00:00,66.785,66.93,66.775,66.9,549900.892427
2026-09-17T13:55:00+00:00,66.905,66.975,66.9,66.93,534140.226349
2026-09-17T14:00:00+00:00,66.935,66.955,66.89,66.94,252302.67278
2026-09-17T14:05:00+00:00,66.945,66.965,66.85,66.895,115778.94422199999
2026-09-17T14:10:00+00:00,66.895,66.92,66.84,66.8716,186165.765011
2026-09-17T14:15:00+00:00,66.875,66.945,66.85,66.935,315318.884121
2026-09-17T14:20:00+00:00,66.935,66.955,66.885,66.89,142037.090244
2026-09-17T14:25:00+00:00,66.88,66.895,66.855,66.88,75617.86384
2026-09-17T14:30:00+00:00,66.885,66.905,66.84,66.84,41072.39918
2026-09-17T14:35:00+00:00,66.845,66.915,66.82,66.91,140944.889141
2026-09-17T14:40:00+00:00,66.905,66.935,66.89,66.89,255398.29471299998
2026-09-17T14:45:00+00:00,66.885,66.94,66.885,66.92,35653.405209
2026-09-17T14:50:00+00:00,66.915,66.93,66.865,66.91,90719.753875
2026-09-17T14:55:00+00:00,66.9,66.92,66.815,66.84,375265.071078
2026-09-17T15:00:00+00:00,66.845,66.855,66.805,66.805,205460.01756
2026-09-17T15:05:00+00:00,66.81,66.875,66.795,66.84,259138.240223
2026-09-17T15:10:00+00:00,66.84,66.89,66.83,66.875,136177.286586
2026-09-17T15:15:00+00:00,66.88,66.88,66.825,66.84,246866.494592
2026-09-17T15:20:00+00:00,66.84,66.87,66.835,66.85,262001.68617400003
2026-09-17T15:25:00+00:00,66.855,66.875,66.84,66.845,325277.403275
2026-09-17T15:30:00+00:00,66.85,66.91,66.85,66.895,67606.02702
2026-09-17T15:35:00+00:00,66.9,66.93,66.88,66.915,118157.209348
2026-09-17T15:40:00+00:00,66.92,66.94,66.91,66.935,97462.084508
2026-09-17T15:45:00+00:00,66.94,67.0,66.9399,66.985,344259.90729999996
2026-09-17T15:50:00+00:00,66.985,66.985,66.92,66.93,224359.3329
2026-09-17T15:55:00+00:00,66.94,66.965,66.93,66.955,58182.734200000006
2026-09-17T16:00:00+00:00,66.96,67.0,66.93,66.9999,49913.373999999996
2026-09-17T16:05:00+00:00,67.0,67.025,66.985,66.985,66507.67172099999
2026-09-17T16:10:00+00:00,66.9899,66.995,66.95,66.99,49038.079859000005
2026-09-17T16:15:00+00:00,66.99,66.99,66.96,66.985,78199.61273
2026-09-17T16:20:00+00:00,66.985,67.02,66.975,67.01,54391.940063999995
2026-09-17T16:25:00+00:00,67.015,67.02,67.0,67.015,48683.433164
2026-09-17T16:30:00+00:00,67.01,67.035,66.995,67.035,199365.789482
2026-09-17T16:35:00+00:00,67.03,67.035,66.94,66.95,73434.577733
2026-09-17T16:40:00+00:00,66.96,66.99,66.95,66.98,44072.522811999996
2026-09-17T16:45:00+00:00,66.99,67.04,66.98,67.04,50976.013999999996
2026-09-17T16:50:00+00:00,67.04,67.07,67.035,67.045,54009.591993999995
2026-09-17T16:55:00+00:00,67.045,67.045,67.01,67.03,171288.5703
2026-09-17T17:00:00+00:00,67.03,67.0361,66.945,67.03,466976.323651
2026-09-17T17:05:00+00:00,67.035,67.06,67.0001,67.0568,185334.086866
2026-09-17T17:10:00+00:00,67.06,67.075,67.0399,67.055,69205.980647
2026-09-17T17:15:00+00:00,67.05,67.05,67.01,67.01,39591.440721
2026-09-17T17:20:00+00:00,67.015,67.025,67.0,67.02,41240.660634
2026-09-17T17:25:00+00:00,67.02,67.02,66.9701,66.9768,65847.0
2026-09-17T17:30:00+00:00,66.98,67.01,66.98,67.0,44088.163695999996
2026-09-17T17:35:00+00:00,66.995,67.0,66.98,67.0,35019.643179
2026-09-17T17:40:00+00:00,67.0,67.015,66.9842,66.99,119839.210785
2026-09-17T17:45:00+00:00,66.985,67.0101,66.985,67.005,192221.481361
2026-09-17T17:50:00+00:00,67.01,67.01,67.0,67.005,51847.403730000005
2026-09-17T17:55:00+00:00,67.01,67.01,66.97,66.985,48012.987606
2026-09-17T18:00:00+00:00,66.985,67.02,66.985,67.02,44465.74242
2026-09-17T18:05:00+00:00,67.02,67.03,67.0025,67.025,51818.8906
2026-09-17T18:10:00+00:00,67.025,67.035,66.995,66.9999,34555.172983
2026-09-17T18:15:00+00:00,67.005,67.05,67.0,67.0499,32800.0
2026-09-17T18:20:00+00:00,67.05,67.06,67.02,67.035,46396.070274
2026-09-17T18:25:00+00:00,67.04,67.04,67.005,67.01,89269.1825
2026-09-17T18:30:00+00:00,67.01,67.03,67.01,67.015,22529.0
2026-09-17T18:35:00+00:00,67.02,67.025,66.98,66.9856,29149.046097999995
2026-09-17T18:40:00+00:00,66.99,66.99,66.96,66.965,49253.23287
2026-09-17T18:45:00+00:00,66.96,66.99,66.96,66.99,88599.0548
2026-09-17T18:50:00+00:00,66.99,67.01,66.98,67.0,45959.446151000004
2026-09-17T18:55:00+00:00,67.0,67.0,66.975,66.99,39745.78114
2026-09-17T19:00:00+00:00,66.99,67.01,66.985,66.995,52277.641969000004
2026-09-17T19:05:00+00:00,66.995,67.02,66.99,67.005,73447.390147
2026-09-17T19:10:00+00:00,67.01,67.045,67.005,67.035,261793.42915599997
2026-09-17T19:15:00+00:00,67.035,67.04,67.02,67.025,76330.71862
2026-09-17T19:20:00+00:00,67.02,67.025,66.99,67.01,172603.162757
2026-09-17T19:25:00+00:00,67.015,67.03,66.99,66.99,164287.747
2026-09-17T19:30:00+00:00,66.995,67.01,66.965,66.965,168185.4108
2026-09-17T19:35:00+00:00,66.965,66.995,66.96,66.98,145665.60428200001
2026-09-17T19:40:00+00:00,66.985,66.985,66.95,66.955,93994.308994
2026-09-17T19:45:00+00:00,66.95,66.965,66.94,66.96,198953.36059300002
2026-09-17T19:50:00+00:00,66.96,66.9799,66.93,66.94,485498.14906699996
2026-09-17T19:55:00+00:00,66.94,66.99,66.925,66.96,601738.0988469999
2026-09-17T20:00:00+00:00,66.96,67.01,66.89,66.89,2750484.2066909997
2026-09-17T20:05:00+00:00,66.91,66.945,66.91,66.93,52774.561294
2026-09-17T20:10:00+00:00,66.97,66.97,66.95,66.97,680.0
2026-09-17T20:25:00+00:00,66.91,66.91,66.9,66.9,16553.0
2026-09-17T20:55:00+00:00,66.9,66.9,66.9,66.9,1509.0
2026-09-18T09:05:00+00:00,67.11,67.11,67.1,67.1,417.0
2026-09-18T11:05:00+00:00,67.05,67.05,67.05,67.05,100.0
2026-09-18T11:35:00+00:00,66.95,66.95,66.95,66.95,800.0
2026-09-18T11:55:00+00:00,66.86,66.86,66.86,66.86,382.0
2026-09-18T12:05:00+00:00,66.87,66.91,66.87,66.91,305.0
2026-09-18T12:15:00+00:00,66.79,66.79,66.79,66.79,250.0
2026-09-18T12:20:00+00:00,66.75,66.75,66.75,66.75,3056.0
2026-09-18T12:25:00+00:00,66.74,66.74,66.74,66.74,943.0
2026-09-18T13:10:00+00:00,66.75,66.82,66.75,66.82,584.0
2026-09-18T13:15:00+00:00,66.81,66.82,66.79,66.81,46345.0
2026-09-18T13:20:00+00:00,66.82,66.82,66.8,66.81,146314.0
2026-09-18T13:25:00+00:00,66.82,66.82,66.78,66.8,43337.0
2026-09-18T13:30:00+00:00,66.75,66.84,66.74,66.84,58931.0
2026-09-18T13:35:00+00:00,66.835,66.8601,66.75,66.775,575962.722757
2026-09-18T13:40:00+00:00,66.77,66.805,66.71,66.78,109171.09104700001
2026-09-18T13:45:00+00:00,66.785,66.875,66.755,66.84,117436.74763299999
2026-09-18T13:50:00+00:00,66.84,66.895,66.795,66.8,131826.89614
2026-09-18T13:55:00+00:00,66.8,66.82,66.77,66.78,144821.962236
2026-09-18T14:00:00+00:00,66.77,66.79,66.71,66.735,68088.17813700001
2026-09-18T14:05:00+00:00,66.73,66.77,66.68,66.71,50766.720795
2026-09-18T14:10:00+00:00,66.705,66.74,66.665,66.74,53076.136795
2026-09-18T14:15:00+00:00,66.75,66.785,66.725,66.725,46650.860638
2026-09-18T14:20:00+00:00,66.73,66.735,66.675,66.7,37750.204672
2026-09-18T14:25:00+00:00,66.695,66.74,66.655,66.715,70986.207824
2026-09-18T14:30:00+00:00,66.715,66.72,66.685,66.695,32203.019785
2026-09-18T14:35:00+00:00,66.7,66.72,66.68,66.695,1635107.745142
2026-09-18T14:40:00+00:00,66.69,66.74,66.65,66.71,245024.336374
2026-09-18T14:45:00+00:00,66.715,66.715,66.62,66.635,486308.990601
2026-09-18T14:50:00+00:00,66.63,66.675,66.605,66.66,196919.407646
2026-09-18T14:55:00+00:00,66.66,66.75,66.655,66.72,120729.12
2026-09-18T15:00:00+00:00,66.72,66.73,66.67,66.685,105661.337957
2026-09-18T15:05:00+00:00,66.69,66.695,66.62,66.625,141889.078395
2026-09-18T15:10:00+00:00,66.62,66.64,66.61,66.62,272670.670666
2026-09-18T15:15:00+00:00,66.63,66.655,66.6,66.65,142813.91721800002
2026-09-18T15:20:00+00:00,66.655,66.665,66.6201,66.665,507720.330702
2026-09-18T15:25:00+00:00,66.66,66.66,66.62,66.635,119282.299978
2026-09-18T15:30:00+00:00,66.64,66.6799,66.64,66.665,174489.02964999998
2026-09-18T15:35:00+00:00,66.665,66.68,66.62,66.655,551868.433244
2026-09-18T15:40:00+00:00,66.66,66.705,66.64,66.645,195964.10678
2026-09-18T15:45:00+00:00,66.645,66.67,66.62,66.67,28414.172562
2026-09-18T15:50:00+00:00,66.67,66.689,66.65,66.67,819621.950559
2026-09-18T15:55:00+00:00,66.67,66.68,66.635,66.635,20076.511479
2026-09-18T16:00:00+00:00,66.635,66.68,66.635,66.67,66899.08446
2026-09-18T16:05:00+00:00,66.67,66.67,66.62,66.62,59444.138873
2026-09-18T16:10:00+00:00,66.625,66.665,66.62,66.64,58853.114134999996
2026-09-18T16:15:00+00:00,66.6353,66.65,66.615,66.65,63495.385603
2026-09-18T16:20:00+00:00,66.65,66.68,66.635,66.68,70613.249173
2026-09-18T16:25:00+00:00,66.68,66.685,66.595,66.6,115767.357448
2026-09-18T16:30:00+00:00,66.6,66.675,66.565,66.665,131998.32782
2026-09-18T16:35:00+00:00,66.66,66.71,66.63,66.69,93844.778779
2026-09-18T16:40:00+00:00,66.69,66.705,66.66,66.68,45719.0
2026-09-18T16:45:00+00:00,66.675,66.71,66.665,66.7076,76225.347278
2026-09-18T16:50:00+00:00,66.705,66.71,66.67,66.71,98003.23258
2026-09-18T16:55:00+00:00,66.71,66.75,66.71,66.745,225294.462486
2026-09-18T17:00:00+00:00,66.745,66.785,66.745,66.775,398639.487
2026-09-18T17:05:00+00:00,66.77,66.8,66.765,66.79,825813.0239
2026-09-18T17:10:00+00:00,66.785,66.81,66.78,66.79,98931.156356
2026-09-18T17:15:00+00:00,66.79,66.82,66.785,66.8175,108520.72696
2026-09-18T17:20:00+00:00,66.815,66.825,66.795,66.8,61403.151096999994
2026-09-18T17:25:00+00:00,66.81,66.825,66.795,66.82,47235.2091
2026-09-18T17:30:00+00:00,66.815,66.8355,66.81,66.8238,43078.631044
2026-09-18T17:35:00+00:00,66.825,66.8257,66.78,66.805,52298.176861
2026-09-18T17:40:00+00:00,66.81,66.85,66.81,66.825,97282.524051
2026-09-18T17:45:00+00:00,66.83,66.835,66.82,66.835,243311.34682
2026-09-18T17:50:00+00:00,66.835,66.84,66.82,66.83,47907.62837
2026-09-18T17:55:00+00:00,66.825,66.84,66.825,66.83,41534.109068
2026-09-18T18:00:00+00:00,66.84,66.84,66.82,66.82,30492.732405000002
2026-09-18T18:05:00+00:00,66.83,66.8401,66.805,66.835,119863.412041
2026-09-18T18:10:00+00:00,66.84,66.86,66.83,66.84,104195.305907
2026-09-18T18:15:00+00:00,66.83,66.835,66.815,66.825,81887.073087
2026-09-18T18:20:00+00:00,66.825,66.84,66.81,66.84,36166.818379000004
2026-09-18T18:25:00+00:00,66.84,66.86,66.835,66.85,95831.855786
2026-09-18T18:30:00+00:00,66.85,66.87,66.84,66.87,67712.41845
2026-09-18T18:35:00+00:00,66.865,66.87,66.85,66.86,158287.052085
2026-09-18T18:40:00+00:00,66.865,66.865,66.84,66.855,100855.031
2026-09-18T18:45:00+00:00,66.86,66.865,66.85,66.85,40802.586983999994
2026-09-18T18:50:00+00:00,66.85,66.89,66.845,66.885,68263.225614
2026-09-18T18:55:00+00:00,66.885,66.91,66.885,66.9,54871.532934
2026-09-18T19:00:00+00:00,66.9,66.91,66.885,66.9,35884.458
2026-09-18T19:05:00+00:00,66.905,66.925,66.895,66.92,166962.925418
2026-09-18T19:10:00+00:00,66.92,66.93,66.905,66.915,148735.71348799998
2026-09-18T19:15:00+00:00,66.92,66.94,66.915,66.935,79075.034
2026-09-18T19:20:00+00:00,66.9399,66.96,66.935,66.945,65460.32148599999
2026-09-18T19:25:00+00:00,66.945,66.965,66.935,66.945,421689.87939899997
2026-09-18T19:30:00+00:00,66.95,66.965,66.94,66.955,2306856.43217
2026-09-18T19:35:00+00:00,66.955,66.955,66.94,66.95,146478.34308
2026-09-18T19:40:00+00:00,66.945,66.98,66.94,66.975,218129.56756
2026-09-18T19:45:00+00:00,66.975,66.9999,66.975,66.99,245113.36862000002
2026-09-18T19:50:00+00:00,66.99,67.02,66.985,67.0,308443.80341
2026-09-18T19:55:00+00:00,67.0,67.035,66.985,67.015,389597.758011
2026-09-18T20:00:00+00:00,67.02,67.065,67.01,67.045,1663890.3535799999
2026-09-18T20:05:00+00:00,67.04,67.06,67.03,67.05,81709.349756
2026-09-18T20:10:00+00:00,67.04,67.04,67.02,67.02,1200.0
2026-09-18T20:15:00+00:00,67.06,67.06,67.06,67.06,2700.0
2026-09-18T20:20:00+00:00,67.0391,67.0391,67.0391,67.0391,368.0
2026-09-18T20:25:00+00:00,67.03,67.2,67.03,67.2,13346.0
2026-09-18T20:35:00+00:00,67.15,67.15,67.15,67.15,300.0
2026-09-18T20:40:00+00:00,67.1,67.1,67.08,67.08,5164.0
2026-09-18T20:55:00+00:00,67.11,67.1814,67.08,67.1814,7881.0
2026-09-18T21:00:00+00:00,67.09,67.09,67.08,67.08,3861.0
2026-09-18T21:05:00+00:00,67.22,67.23,67.18,67.23,2091.0
2026-09-18T21:45:00+00:00,67.06,67.175,67.05,67.175,790.0
