ts,open,high,low,close,volume
2026-06-01T08:05:00+00:00,413.75,415.05,412.52,412.9,38031.00318
2026-06-01T08:10:00+00:00,412.54,414.6,412.5,412.6,11060.0
2026-06-01T08:15:00+00:00,412.4163,413.0,412.4163,412.73,11281.0
2026-06-01T08:20:00+00:00,412.51,412.51,412.4,412.5,838.686818
2026-06-01T08:25:00+00:00,412.68,412.68,412.28,412.28,954.408253
2026-06-01T08:30:00+00:00,412.49,412.63,412.49,412.63,194.905422
2026-06-01T08:35:00+00:00,412.6,412.61,412.46,412.6,662.0
2026-06-01T08:40:00+00:00,412.61,412.63,412.54,412.54,1133.0
2026-06-01T08:45:00+00:00,412.42,413.0,412.42,413.0,249.42562199999998
2026-06-01T08:55:00+00:00,413.16,413.16,413.12,413.12,257.4
2026-06-01T09:00:00+00:00,412.77,412.77,412.72,412.72,275.0
2026-06-01T09:05:00+00:00,412.89,413.18,412.89,413.05,1441.153146
2026-06-01T09:10:00+00:00,412.98,413.06,412.98,413.04,4183.0
2026-06-01T09:15:00+00:00,413.02,413.04,413.01,413.02,4039.0
2026-06-01T09:20:00+00:00,413.0,413.5796,413.0,413.5796,2523.76
2026-06-01T09:25:00+00:00,413.64,413.64,413.03,413.03,359.524416
2026-06-01T09:30:00+00:00,413.0678,413.0678,412.87,412.87,1236.383397
2026-06-01T09:35:00+00:00,412.7206,412.7206,412.2,412.36,3941.21218
2026-06-01T09:40:00+00:00,412.5,412.8,412.5,412.8,518.773269
2026-06-01T09:45:00+00:00,412.71,412.8,412.64,412.8,694.0
2026-06-01T09:50:00+00:00,412.73,412.8,412.72,412.8,356.329501
2026-06-01T09:55:00+00:00,412.82,412.82,412.79,412.79,203.017411
2026-06-01T10:00:00+00:00,412.8,412.8,412.73,412.73,217.0
2026-06-01T10:05:00+00:00,412.86,412.86,412.86,412.86,143.0
2026-06-01T10:10:00+00:00,412.92,413.23,412.79,413.177,3436.0
2026-06-01T10:15:00+00:00,413.2,413.23,413.05,413.2,678.437366
2026-06-01T10:20:00+00:00,413.1,413.1,413.1,413.1,75.0
2026-06-01T10:25:00+00:00,413.0,413.0,412.83,412.93,539.3629090000001
2026-06-01T10:30:00+00:00,413.1,413.36,413.1,413.36,411.0
2026-06-01T10:35:00+00:00,413.4,413.57,413.4,413.57,358.0
2026-06-01T10:40:00+00:00,413.58,413.61,413.58,413.61,696.024171
2026-06-01T10:45:00+00:00,413.5419,413.69,413.5419,413.69,3335.0
2026-06-01T10:50:00+00:00,413.57,414.0,413.57,413.88,2699.480686
2026-06-01T10:55:00+00:00,413.96,414.0,413.77,413.77,1070.963402
2026-06-01T11:00:00+00:00,413.7581,413.7581,413.4,413.4,3778.581706
2026-06-01T11:05:00+00:00,413.37,413.594,413.17,413.2205,6760.007167
2026-06-01T11:10:00+00:00,413.18,413.5688,413.1,413.5688,2756.0
2026-06-01T11:15:00+00:00,413.49,413.51,413.37,413.5,5709.0
2026-06-01T11:20:00+00:00,413.54,413.6,413.44,413.52,74728.0
2026-06-01T11:25:00+00:00,413.8503,414.18,413.8503,414.02,10804.12631
2026-06-01T11:30:00+00:00,413.92,414.05,413.91,414.05,3488.432198
2026-06-01T11:35:00+00:00,414.0589,414.0589,413.74,413.74,3302.6571710000003
2026-06-01T11:40:00+00:00,413.71,414.0,413.7,414.0,3140.113753
2026-06-01T11:45:00+00:00,413.78,413.84,413.66,413.7425,1112.643222
2026-06-01T11:50:00+00:00,413.67,413.8,413.67,413.79,709.0
2026-06-01T11:55:00+00:00,413.8,413.8,413.68,413.68,1770.079162
2026-06-01T12:00:00+00:00,413.6743,413.73,413.54,413.57,720.0
2026-06-01T12:05:00+00:00,413.6107,413.67,413.479,413.53,900.357049
2026-06-01T12:10:00+00:00,413.65,413.84,413.65,413.7,718.321562
2026-06-01T12:15:00+00:00,413.87,413.98,413.4,413.43,2165.024136
2026-06-01T12:20:00+00:00,413.31,413.4401,413.12,413.3301,3214.4425140000003
2026-06-01T12:25:00+00:00,413.06,413.32,412.9,413.2,8001.971342
2026-06-01T12:30:00+00:00,413.26,413.72,413.2175,413.7,2127.080398
2026-06-01T12:35:00+00:00,413.15,413.23,412.9,413.08,8356.500168
2026-06-01T12:40:00+00:00,413.28,413.37,412.92,413.37,10734.026949
2026-06-01T12:45:00+00:00,413.37,413.37,413.06,413.09,461.00242000000003
2026-06-01T12:50:00+00:00,413.76,414.0,413.6,413.6,884.402511
2026-06-01T12:55:00+00:00,413.7287,413.81,413.6,413.6,653.287132
2026-06-01T13:00:00+00:00,413.63,413.63,413.0,413.38,1888.0352229999999
2026-06-01T13:05:00+00:00,413.34,413.3416,412.68,413.1,4811.598394000001
2026-06-01T13:10:00+00:00,413.0,413.27,412.7,413.27,5325.127557
2026-06-01T13:15:00+00:00,412.7,412.7,410.53,411.674,62852.833443999996
2026-06-01T13:20:00+00:00,411.56,412.1,411.22,411.48,15873.553042
2026-06-01T13:25:00+00:00,411.36,411.36,409.8,409.98,53546.727974
2026-06-01T13:30:00+00:00,409.99,410.17,409.62,409.87,23038.450143000002
2026-06-01T13:35:00+00:00,409.86,410.29,409.3,409.935,252718.16803600002
2026-06-01T13:40:00+00:00,409.96,411.0602,409.54,410.5428,245300.659619
2026-06-01T13:45:00+00:00,410.5525,410.67,409.86,410.055,119167.756689
2026-06-01T13:50:00+00:00,410.07,410.2732,409.62,409.78,111367.13723700002
2026-06-01T13:55:00+00:00,409.78,409.865,408.65,408.895,278765.106948
2026-06-01T14:00:00+00:00,408.85,408.94,408.24,408.49,102588.450801
2026-06-01T14:05:00+00:00,408.41,408.89,408.24,408.855,163205.562384
2026-06-01T14:10:00+00:00,408.84,409.5,408.45,409.47,157127.639617
2026-06-01T14:15:00+00:00,409.45,409.61,409.0,409.54,71781.041967
2026-06-01T14:20:00+00:00,409.49,409.88,408.86,409.1408,153773.149565
2026-06-01T14:25:00+00:00,409.1,409.58,408.96,408.985,97658.88578399998
2026-06-01T14:30:00+00:00,408.97,409.03,408.48,409.02,107089.404391
2026-06-01T14:35:00+00:00,409.02,409.48,408.86,409.25,63933.861640999996
2026-06-01T14:40:00+00:00,409.25,409.47,408.84,408.94,68600.684383
2026-06-01T14:45:00+00:00,408.97,409.53,408.96,409.365,33386.07389299999
2026-06-01T14:50:00+00:00,409.395,409.5,408.835,408.93,49664.993648
2026-06-01T14:55:00+00:00,408.915,409.0399,408.64,409.005,53757.061973
2026-06-01T15:00:00+00:00,409.05,409.26,408.93,409.23,69296.998314
2026-06-01T15:05:00+00:00,409.25,409.59,409.15,409.4,45413.066477
2026-06-01T15:10:00+00:00,409.4,409.8599,408.85,409.59,81918.77833100001
2026-06-01T15:15:00+00:00,409.57,409.87,409.42,409.755,68270.627065
2026-06-01T15:20:00+00:00,409.76,410.05,409.67,409.862,45694.157876
2026-06-01T15:25:00+00:00,409.88,410.11,409.79,410.02,42827.547170000005
2026-06-01T15:30:00+00:00,410.0,410.34,409.925,410.17,24213.885897
2026-06-01T15:35:00+00:00,410.19,411.13,410.185,411.0,133424.408818
2026-06-01T15:40:00+00:00,410.99,411.245,410.735,410.915,71915.73407500001
2026-06-01T15:45:00+00:00,410.945,411.0,410.43,410.47,63274.256069999996
2026-06-01T15:50:00+00:00,410.52,410.73,410.19,410.3,58401.283694000005
2026-06-01T15:55:00+00:00,410.29,410.47,410.22,410.41,44845.286584
2026-06-01T16:00:00+00:00,410.41,410.83,410.4062,410.73,64566.136548
2026-06-01T16:05:00+00:00,410.74,411.15,410.5501,410.64,56346.428527000004
2026-06-01T16:10:00+00:00,410.66,410.7399,410.18,410.25,39890.766789
2026-06-01T16:15:00+00:00,410.225,410.24,409.9,410.0847,55063.748609
2026-06-01T16:20:00+00:00,410.06,410.09,409.72,410.0607,46554.343014
2026-06-01T16:25:00+00:00,410.035,410.21,409.82,410.1701,24955.894735
2026-06-01T16:30:00+00:00,410.19,410.31,410.05,410.195,26480.079135
2026-06-01T16:35:00+00:00,410.19,410.55,410.19,410.2822,50759.722299999994
2026-06-01T16:40:00+00:00,410.21,410.4,410.1391,410.24,24474.380571
2026-06-01T16:45:00+00:00,410.2601,410.31,410.13,410.15,30261.104571
2026-06-01T16:50:00+00:00,410.13,410.5,410.11,410.5,20858.893749000003
2026-06-01T16:55:00+00:00,410.53,411.31,410.53,411.2401,32899.637589
2026-06-01T17:00:00+00:00,411.21,411.45,411.06,411.2,59284.428325
2026-06-01T17:05:00+00:00,411.2,411.27,410.79,410.86,37767.68698
2026-06-01T17:10:00+00:00,410.87,410.9238,410.45,410.65,24467.610625999998
2026-06-01T17:15:00+00:00,410.61,410.869,410.61,410.775,19542.460945
2026-06-01T17:20:00+00:00,410.78,410.85,410.62,410.85,13359.493184
2026-06-01T17:25:00+00:00,410.81,410.9,410.63,410.731,25618.005391
2026-06-01T17:30:00+00:00,410.73,411.47,410.5,411.47,56907.834771
2026-06-01T17:35:00+00:00,411.53,411.74,411.25,411.347,67949.527492
2026-06-01T17:40:00+00:00,411.38,411.63,411.29,411.48,33645.130389000005
2026-06-01T17:45:00+00:00,411.48,412.28,411.47,412.24,98191.176523
2026-06-01T17:50:00+00:00,412.26,412.61,412.21,412.23,76818.74131000001
2026-06-01T17:55:00+00:00,412.22,412.27,412.025,412.24,33461.213086
2026-06-01T18:00:00+00:00,412.24,412.26,411.88,411.9001,33871.022656
2026-06-01T18:05:00+00:00,411.88,411.98,411.79,411.81,19304.113888
2026-06-01T18:10:00+00:00,411.84,412.14,411.82,412.09,29253.70203
2026-06-01T18:15:00+00:00,412.11,412.11,411.94,411.99,78070.31874099998
2026-06-01T18:20:00+00:00,411.97,412.07,411.82,412.06,16656.288220000002
2026-06-01T18:25:00+00:00,412.06,412.15,412.01,412.05,18481.432496
2026-06-01T18:30:00+00:00,412.05,412.05,411.78,411.81,19236.318036
2026-06-01T18:35:00+00:00,411.81,411.86,411.64,411.755,28207.638592
2026-06-01T18:40:00+00:00,411.74,411.85,411.7201,411.76,20402.376888000003
2026-06-01T18:45:00+00:00,411.739,411.93,411.7,411.92,23620.950866999996
2026-06-01T18:50:00+00:00,411.9124,411.98,411.88,411.98,12855.605553000001
2026-06-01T18:55:00+00:00,412.0,412.0,411.87,411.87,45732.458915999996
2026-06-01T19:00:00+00:00,411.8799,411.98,411.8,411.8,30874.687834999997
2026-06-01T19:05:00+00:00,411.9,411.95,411.68,411.92,22360.212521
2026-06-01T19:10:00+00:00,411.9,411.935,411.64,411.685,24283.292079
2026-06-01T19:15:00+00:00,411.71,411.84,411.68,411.695,26295.793618000003
2026-06-01T19:20:00+00:00,411.71,411.81,411.61,411.71,32608.987337
2026-06-01T19:25:00+00:00,411.73,411.8,411.6401,411.73,30126.460137000002
2026-06-01T19:30:00+00:00,411.73,411.76,411.6,411.64,51554.756922
2026-06-01T19:35:00+00:00,411.65,411.74,411.55,411.5657,31597.668876000003
2026-06-01T19:40:00+00:00,411.58,411.71,411.5,411.62,41672.671911000005
2026-06-01T19:45:00+00:00,411.615,411.72,411.5,411.51,46365.145564
2026-06-01T19:50:00+00:00,411.51,411.59,411.47,411.55,50603.559233
2026-06-01T19:55:00+00:00,411.55,411.57,411.17,411.19,185021.880905
2026-06-01T20:00:00+00:00,411.22,411.32,411.1,411.23,350921.86238
2026-06-01T20:05:00+00:00,411.26,411.52,411.12,411.42,21879.68766
2026-06-01T20:10:00+00:00,411.48,411.59,411.41,411.43,7340.0205
2026-06-01T20:15:00+00:00,411.43,411.49,411.43,411.47,3915.475945
2026-06-01T20:20:00+00:00,411.57,411.6,411.48,411.49,3406.515895
2026-06-01T20:25:00+00:00,411.48,411.5,411.4,411.4,4118.486076
2026-06-01T20:30:00+00:00,411.45,411.52,411.4431,411.4772,1631.202761
2026-06-01T20:35:00+00:00,411.48,411.6,411.48,411.5671,479.195197
2026-06-01T20:40:00+00:00,411.6,411.6,411.47,411.5081,281.0
2026-06-01T20:45:00+00:00,411.5689,411.5689,411.5,411.5,495.031586
2026-06-01T20:50:00+00:00,411.45,411.62,411.44,411.62,52161.7108
2026-06-01T20:55:00+00:00,411.69,411.69,411.48,411.52,3819.0
2026-06-01T21:00:00+00:00,411.5109,411.7,411.3933,411.3933,3484.360871
2026-06-01T21:05:00+00:00,411.73,411.73,411.73,411.73,536.0
2026-06-01T21:10:00+00:00,411.7287,411.7287,411.3856,411.3856,185.042517
2026-06-01T21:15:00+00:00,411.68,411.75,411.4,411.75,738.103149
2026-06-01T21:20:00+00:00,411.74,411.74,411.74,411.74,178.0
2026-06-01T21:30:00+00:00,411.59,411.59,411.59,411.59,181.0
2026-06-01T21:35:00+00:00,411.46,411.51,411.46,411.51,160.911097
2026-06-01T21:40:00+00:00,411.55,411.55,411.52,411.52,173.139719
2026-06-01T21:45:00+00:00,411.59,411.75,411.59,411.75,3296.0
2026-06-01T21:50:00+00:00,411.75,411.77,411.75,411.75,1323.0
2026-06-01T21:55:00+00:00,411.77,411.77,411.7547,411.7549,296.0
2026-06-01T22:00:00+00:00,411.75,411.75,411.75,411.75,1504.0
2026-06-01T22:05:00+00:00,411.76,411.77,411.4,411.4,3090.0
2026-06-01T22:10:00+00:00,411.51,411.51,411.4003,411.4003,197.0
2026-06-01T22:20:00+00:00,411.66,411.66,411.66,411.66,120.0
2026-06-01T22:25:00+00:00,411.4082,411.4082,411.4016,411.4082,265.55891099999997
2026-06-01T22:30:00+00:00,411.62,411.62,411.3728,411.3728,1244.882377
2026-06-01T22:35:00+00:00,411.38,411.38,411.37,411.37,296.128374
2026-06-01T22:40:00+00:00,411.37,411.6595,411.26,411.44,1277.0
2026-06-01T22:45:00+00:00,411.1115,411.1115,411.1115,411.1115,104.0
2026-06-01T22:50:00+00:00,411.5,411.96,411.5,411.5,568.0
2026-06-01T22:55:00+00:00,411.51,411.8,411.38,411.8,313.0
2026-06-01T23:00:00+00:00,411.52,411.8,411.52,411.8,567.012155
2026-06-01T23:05:00+00:00,411.74,411.78,411.74,411.78,1335.058226
2026-06-01T23:10:00+00:00,411.8214,411.9,411.7,411.7,891.0052430000001
2026-06-01T23:20:00+00:00,411.89,411.89,411.89,411.89,403.0
2026-06-01T23:25:00+00:00,411.85,412.01,411.7107,412.0,51872.0
2026-06-01T23:30:00+00:00,411.969,412.36,411.751,411.751,5622.0
2026-06-01T23:35:00+00:00,411.71,411.77,411.71,411.77,344.0
2026-06-01T23:40:00+00:00,411.72,411.8,411.2136,411.7,2819.216423
2026-06-01T23:45:00+00:00,411.7,411.95,411.3836,411.3836,449.0
2026-06-01T23:50:00+00:00,411.3,411.3,411.2,411.2,863.0
2026-06-01T23:55:00+00:00,411.3321,411.3321,411.3321,411.3321,77.0
2026-06-02T00:00:00+00:00,411.3152,411.3152,411.3152,411.3152,79.0
2026-06-02T08:05:00+00:00,415.95,416.79,412.97,416.21,37959.355995
2026-06-02T08:10:00+00:00,416.33,416.61,414.15,416.36,2204.01966
2026-06-02T08:15:00+00:00,416.3,416.36,416.3,416.36,288.265922
2026-06-02T08:20:00+00:00,416.14,416.14,416.0,416.0,635.633684
2026-06-02T08:25:00+00:00,416.1,416.25,416.08,416.25,533.894567
2026-06-02T08:30:00+00:00,416.08,416.08,415.81,415.81,660.46939
2026-06-02T08:35:00+00:00,415.89,416.03,415.89,415.99,38324.112857
2026-06-02T08:40:00+00:00,415.97,416.0,415.79,415.8,36084.1106
2026-06-02T08:45:00+00:00,415.78,415.79,415.7,415.7,784.875
2026-06-02T08:50:00+00:00,415.8,415.8,415.611,415.611,834.4
2026-06-02T08:55:00+00:00,415.6759,415.7,415.6759,415.7,680.0
2026-06-02T09:00:00+00:00,415.55,415.6,415.4,415.5,1955.042573
2026-06-02T09:05:00+00:00,415.36,415.5882,415.35,415.43,4750.05446
2026-06-02T09:10:00+00:00,415.55,415.78,415.29,415.65,43330.070691
2026-06-02T09:15:00+00:00,415.7,416.12,415.7,416.12,34611.759671
2026-06-02T09:20:00+00:00,416.09,416.25,416.03,416.19,51796.767909999995
2026-06-02T09:25:00+00:00,416.19,416.19,415.7,415.72,7409.080309
2026-06-02T09:30:00+00:00,415.7,415.7,415.45,415.45,8118.0
2026-06-02T09:35:00+00:00,415.39,415.39,415.08,415.22,2148.554456
2026-06-02T09:40:00+00:00,415.29,415.29,414.56,415.21,29071.965903
2026-06-02T09:45:00+00:00,415.16,415.29,415.12,415.27,6221.14787
2026-06-02T09:50:00+00:00,415.36,415.48,415.25,415.45,12492.0
2026-06-02T09:55:00+00:00,415.46,415.88,415.41,415.87,34044.156481
2026-06-02T10:00:00+00:00,415.87,415.9,415.82,415.82,23998.01992
2026-06-02T10:05:00+00:00,415.81,415.81,415.81,415.81,61.0
2026-06-02T10:10:00+00:00,415.68,415.83,415.68,415.8,678.0
2026-06-02T10:15:00+00:00,415.85,415.89,415.79,415.79,241.823234
2026-06-02T10:20:00+00:00,415.73,415.81,415.67,415.74,4819.5660179999995
2026-06-02T10:25:00+00:00,415.71,415.71,415.37,415.37,435.0
2026-06-02T10:30:00+00:00,415.5226,415.6,415.52,415.57,579.028084
2026-06-02T10:35:00+00:00,415.54,415.56,415.54,415.56,125.0
2026-06-02T10:40:00+00:00,415.65,415.65,415.5,415.5,836.088024
2026-06-02T10:50:00+00:00,415.7,416.0,415.7,415.89,28696.038336999998
2026-06-02T10:55:00+00:00,415.89,415.96,415.82,415.82,23093.383318
2026-06-02T11:00:00+00:00,416.02,416.03,416.02,416.03,2059.995737
2026-06-02T11:05:00+00:00,416.11,416.23,415.97,415.97,25536.876
2026-06-02T11:10:00+00:00,415.91,415.91,415.74,415.74,1298.725889
2026-06-02T11:15:00+00:00,415.8,415.88,415.75,415.75,1038.013
2026-06-02T11:20:00+00:00,415.55,415.84,415.55,415.65,2638.02
2026-06-02T11:25:00+00:00,415.65,415.7157,415.55,415.55,1869.0
2026-06-02T11:30:00+00:00,415.6,415.8,415.53,415.8,4277.525041
2026-06-02T11:35:00+00:00,415.9,415.9,415.7,415.79,1737.0
2026-06-02T11:40:00+00:00,415.84,415.84,415.5,415.5177,3147.340009
2026-06-02T11:45:00+00:00,415.526,415.65,415.526,415.65,1668.910816
2026-06-02T11:50:00+00:00,415.59,415.75,415.47,415.75,3186.3566579999997
2026-06-02T11:55:00+00:00,415.68,415.68,415.68,415.68,102.0
2026-06-02T12:00:00+00:00,415.85,415.85,415.42,415.42,780.0
2026-06-02T12:05:00+00:00,415.58,415.5806,415.44,415.44,415.0
2026-06-02T12:10:00+00:00,415.45,415.65,415.39,415.65,3399.745448
2026-06-02T12:15:00+00:00,415.53,415.58,415.5,415.58,859.3698489999999
2026-06-02T12:20:00+00:00,415.4,415.66,415.21,415.5,4787.071103
2026-06-02T12:25:00+00:00,415.59,416.0,415.59,415.8,2668.4074140000002
2026-06-02T12:30:00+00:00,415.9,416.2025,415.68,415.75,3023.184853
2026-06-02T12:35:00+00:00,415.28,415.64,415.08,415.64,2052.500485
2026-06-02T12:40:00+00:00,416.13,416.14,415.21,415.35,1776.893682
2026-06-02T12:45:00+00:00,415.3304,415.4,415.22,415.36,5079.6156169999995
2026-06-02T12:50:00+00:00,415.3546,415.41,415.0,415.0275,1717.021385
2026-06-02T12:55:00+00:00,414.87,414.92,414.49,414.49,4460.585601000001
2026-06-02T13:00:00+00:00,414.42,414.68,414.3,414.4,3902.581301
2026-06-02T13:05:00+00:00,414.5445,414.865,414.53,414.865,4344.614825
2026-06-02T13:10:00+00:00,415.0,415.33,414.34,414.57,16481.500132
2026-06-02T13:15:00+00:00,414.57,414.7,414.17,414.23,10207.857331
2026-06-02T13:20:00+00:00,414.4,414.5,414.22,414.22,958.46888
2026-06-02T13:25:00+00:00,414.4,414.42,414.0217,414.32,2937.316617
2026-06-02T13:30:00+00:00,414.27,414.53,413.97,414.0995,7107.0
2026-06-02T13:35:00+00:00,414.08,414.13,413.66,413.77,204553.76020400002
2026-06-02T13:40:00+00:00,413.77,414.1428,413.63,414.07,41849.834721
2026-06-02T13:45:00+00:00,414.03,414.3999,413.755,413.84,42483.473311
2026-06-02T13:50:00+00:00,413.82,414.07,413.68,413.9401,39625.438718000005
2026-06-02T13:55:00+00:00,413.955,414.3201,413.4602,413.525,86749.028043
2026-06-02T14:00:00+00:00,413.46,413.58,413.27,413.33,51741.676628
2026-06-02T14:05:00+00:00,413.3,413.57,412.62,413.2,125661.66650200001
2026-06-02T14:10:00+00:00,413.29,413.48,413.09,413.27,48659.411851
2026-06-02T14:15:00+00:00,413.34,413.67,413.26,413.4156,54570.999205
2026-06-02T14:20:00+00:00,413.41,413.47,412.35,412.68,67500.361874
2026-06-02T14:25:00+00:00,412.73,413.456,412.14,412.405,101491.728234
2026-06-02T14:30:00+00:00,412.4,412.83,412.31,412.63,62084.718176
2026-06-02T14:35:00+00:00,412.785,413.02,412.63,413.0,30995.871306
2026-06-02T14:40:00+00:00,412.98,413.47,412.96,413.26,30478.528341999998
2026-06-02T14:45:00+00:00,413.2718,413.51,413.15,413.44,25053.379235999997
2026-06-02T14:50:00+00:00,413.47,413.62,413.34,413.34,17739.451934
2026-06-02T14:55:00+00:00,413.405,413.44,413.09,413.44,31041.174538
2026-06-02T15:00:00+00:00,413.44,413.55,413.15,413.4,61261.16276000001
2026-06-02T15:05:00+00:00,413.46,413.67,413.29,413.29,20136.294894
2026-06-02T15:10:00+00:00,413.3,413.8,413.23,413.665,26877.873448000002
2026-06-02T15:15:00+00:00,413.67,413.73,413.2701,413.3493,29508.451088
2026-06-02T15:20:00+00:00,413.36,413.53,413.3501,413.46,38313.559584999995
2026-06-02T15:25:00+00:00,413.44,413.6,413.26,413.375,19653.799112
2026-06-02T15:30:00+00:00,413.4,413.61,413.19,413.575,78521.046895
2026-06-02T15:35:00+00:00,413.57,413.66,413.38,413.62,66663.842359
2026-06-02T15:40:00+00:00,413.6,413.83,413.44,413.44,30812.246409
2026-06-02T15:45:00+00:00,413.4,413.43,413.06,413.2599,28235.169553999996
2026-06-02T15:50:00+00:00,413.25,413.71,413.21,413.52,41871.447166000005
2026-06-02T15:55:00+00:00,413.5,413.56,413.266,413.42,47898.08047999999
2026-06-02T16:00:00+00:00,413.39,413.39,413.16,413.25,50941.147478000006
2026-06-02T16:05:00+00:00,413.26,413.3,413.1,413.15,14765.686312999998
2026-06-02T16:10:00+00:00,413.17,413.31,412.91,413.245,33639.160389000004
2026-06-02T16:15:00+00:00,413.19,413.245,412.87,412.87,10994.902268
2026-06-02T16:20:00+00:00,412.87,412.88,412.54,412.6133,15406.121476
2026-06-02T16:25:00+00:00,412.6,412.7,412.38,412.58,24987.876637
2026-06-02T16:30:00+00:00,412.59,412.59,412.15,412.18,31738.052206999997
2026-06-02T16:35:00+00:00,412.14,412.23,412.03,412.075,47443.322188000006
2026-06-02T16:40:00+00:00,412.06,412.1083,411.8,411.88,44115.803979000004
2026-06-02T16:45:00+00:00,411.9,412.27,411.79,412.08,70567.929727
2026-06-02T16:50:00+00:00,412.07,412.28,412.0221,412.19,21373.454363
2026-06-02T16:55:00+00:00,412.26,412.26,412.08,412.08,14850.776763
2026-06-02T17:00:00+00:00,412.08,412.29,412.07,412.28,18366.513561
2026-06-02T17:05:00+00:00,412.3,412.41,412.0801,412.12,16367.491441
2026-06-02T17:10:00+00:00,412.12,412.29,411.82,411.83,26824.934134999996
2026-06-02T17:15:00+00:00,411.85,412.1299,411.8,412.06,27044.869897999997
2026-06-02T17:20:00+00:00,412.08,412.1316,411.79,411.8799,48997.839011000004
2026-06-02T17:25:00+00:00,411.85,411.98,411.79,411.93,16678.244887
2026-06-02T17:30:00+00:00,411.94,412.275,411.88,412.21,17420.810319999997
2026-06-02T17:35:00+00:00,412.14,412.26,411.97,411.97,12799.163289
2026-06-02T17:40:00+00:00,411.94,411.961,411.395,411.4872,29296.930619999996
2026-06-02T17:45:00+00:00,411.44,411.68,411.44,411.62,28546.944911
2026-06-02T17:50:00+00:00,411.6188,411.778,411.6,411.7466,12859.001826
2026-06-02T17:55:00+00:00,411.76,411.78,411.53,411.5583,13482.747873
2026-06-02T18:00:00+00:00,411.5,411.65,411.44,411.62,23347.291183999998
2026-06-02T18:05:00+00:00,411.66,411.98,411.59,411.77,19107.966024
2026-06-02T18:10:00+00:00,411.8,411.87,411.6561,411.86,19941.600827000002
2026-06-02T18:15:00+00:00,411.87,411.9473,411.62,411.67,19673.919786000002
2026-06-02T18:20:00+00:00,411.65,411.75,411.55,411.61,25304.362403
2026-06-02T18:25:00+00:00,411.6,411.9,411.57,411.85,26467.627323
2026-06-02T18:30:00+00:00,411.89,412.18,411.85,411.985,228959.508972
2026-06-02T18:35:00+00:00,412.0,412.035,411.83,411.97,21435.861334
2026-06-02T18:40:00+00:00,411.94,411.94,411.6,411.736,12567.170839
2026-06-02T18:45:00+00:00,411.72,411.72,411.1,411.26,43350.154109
2026-06-02T18:50:00+00:00,411.24,411.85,411.24,411.835,47907.57436300001
2026-06-02T18:55:00+00:00,411.81,412.18,411.77,411.94,28377.626298000003
2026-06-02T19:00:00+00:00,411.9137,412.0121,411.86,411.92,21961.225503
2026-06-02T19:05:00+00:00,411.94,412.08,411.92,412.025,27562.679972
2026-06-02T19:10:00+00:00,412.045,412.07,411.9667,412.005,27322.038464999998
2026-06-02T19:15:00+00:00,412.01,412.05,411.91,411.91,13414.257732
2026-06-02T19:20:00+00:00,411.91,411.92,411.79,411.825,20578.498057999997
2026-06-02T19:25:00+00:00,411.84,411.87,411.715,411.77,15240.8643
2026-06-02T19:30:00+00:00,411.77,412.08,411.77,412.07,15928.442878999998
2026-06-02T19:35:00+00:00,412.08,412.15,411.77,411.815,33360.855623999996
2026-06-02T19:40:00+00:00,411.81,411.82,411.54,411.65,26424.478203000002
2026-06-02T19:45:00+00:00,411.6135,411.89,411.56,411.88,22367.054716000002
2026-06-02T19:50:00+00:00,411.9333,411.94,411.75,411.87,29102.154605000003
2026-06-02T19:55:00+00:00,411.87,411.92,411.77,411.79,52941.768306
2026-06-02T20:00:00+00:00,411.8,411.99,411.8,411.922,97123.053441
2026-06-02T20:05:00+00:00,411.97,411.99,411.86,411.88,16439.226295
2026-06-02T20:10:00+00:00,411.9323,412.0,411.8617,412.0,1396.0
2026-06-02T20:15:00+00:00,411.92,412.11,411.91,412.1,1053.1788310000002
2026-06-02T20:20:00+00:00,412.18,412.25,412.17,412.17,6456.046723
2026-06-02T20:25:00+00:00,412.17,412.17,412.0904,412.0904,8253.347249
2026-06-02T20:30:00+00:00,412.08,412.18,412.08,412.18,399.333444
2026-06-02T20:40:00+00:00,412.18,412.18,412.18,412.18,106.0
2026-06-02T20:45:00+00:00,412.12,412.12,412.09,412.1,623.0
2026-06-02T20:50:00+00:00,412.03,412.03,412.03,412.03,129.873258
2026-06-02T20:55:00+00:00,412.01,412.1,411.95,411.95,762.27211
2026-06-02T21:00:00+00:00,411.91,412.0,411.68,412.0,328.229808
2026-06-02T21:05:00+00:00,411.89,411.89,411.6876,411.6876,160.940588
2026-06-02T21:10:00+00:00,411.5,411.5,411.5,411.5,87.0
2026-06-02T21:15:00+00:00,412.02,412.02,412.02,412.02,260.0
2026-06-02T21:25:00+00:00,411.97,411.97,411.97,411.97,50.145554
2026-06-02T21:30:00+00:00,411.82,412.06,411.82,411.95,609.0051000000001
2026-06-02T21:35:00+00:00,412.04,412.04,412.0,412.0,207.0
2026-06-02T21:40:00+00:00,412.06,412.06,411.8651,411.8651,402.0
2026-06-02T22:00:00+00:00,412.1413,412.1413,411.88,411.88,691.652372
2026-06-02T22:05:00+00:00,412.15,412.39,412.02,412.03,1173.0
2026-06-02T22:10:00+00:00,412.15,412.45,412.15,412.45,108.0
2026-06-02T22:15:00+00:00,412.2,412.4594,412.2,412.4594,204.0
2026-06-02T22:20:00+00:00,412.02,412.02,412.02,412.02,104.0
2026-06-02T22:35:00+00:00,412.02,412.02,412.02,412.02,125.0
2026-06-02T22:40:00+00:00,411.95,411.95,411.95,411.95,87.009
2026-06-02T22:45:00+00:00,412.03,412.03,411.95,412.0,1120.0
2026-06-02T22:50:00+00:00,411.91,412.11,411.62,412.11,1220.928543
2026-06-02T22:55:00+00:00,412.09,412.09,411.87,411.9622,436.0
2026-06-02T23:00:00+00:00,411.87,411.944,411.87,411.944,247.0
2026-06-02T23:05:00+00:00,411.71,411.71,411.5,411.5,2015.450566
2026-06-02T23:10:00+00:00,411.615,411.615,411.27,411.4815,3232.694839
2026-06-02T23:15:00+00:00,411.33,411.33,410.8173,410.8173,6008.515401000001
2026-06-02T23:20:00+00:00,410.8098,410.82,410.5,410.5,2846.0
2026-06-02T23:25:00+00:00,410.31,410.34,410.0,410.04,4151.644141
2026-06-02T23:30:00+00:00,410.08,410.29,409.64,409.97,4960.461406
2026-06-02T23:35:00+00:00,409.85,410.06,409.7,409.86,4321.0195
2026-06-02T23:40:00+00:00,409.76,410.04,409.76,410.04,635.0
2026-06-02T23:45:00+00:00,409.925,410.73,409.925,410.73,906.037
2026-06-02T23:50:00+00:00,410.19,410.4641,410.19,410.34,1050.000512
2026-06-02T23:55:00+00:00,410.64,410.64,410.3026,410.56,365.033209
2026-06-03T00:00:00+00:00,410.5,410.7791,410.5,410.7791,263.0
2026-06-03T08:05:00+00:00,409.1,411.84,408.69,409.19,19965.378214
2026-06-03T08:10:00+00:00,409.18,409.47,409.0635,409.11,1100.0
2026-06-03T08:15:00+00:00,408.98,409.19,408.93,409.05,1418.0184
2026-06-03T08:20:00+00:00,409.05,409.05,408.8,408.8,1562.878719
2026-06-03T08:25:00+00:00,408.62,408.62,408.58,408.58,183.0
2026-06-03T08:30:00+00:00,408.92,409.06,408.92,409.06,201.0
2026-06-03T08:35:00+00:00,409.19,409.2,409.08,409.08,575.0
2026-06-03T08:40:00+00:00,409.03,409.03,409.03,409.03,128.0
2026-06-03T08:45:00+00:00,409.09,409.25,409.09,409.25,166.0
2026-06-03T08:50:00+00:00,409.07,409.07,408.93,408.96,304.016158
2026-06-03T08:55:00+00:00,408.89,408.89,407.76,408.2,13155.379708
2026-06-03T09:00:00+00:00,407.95,407.95,407.67,407.85,4343.16539
2026-06-03T09:05:00+00:00,408.4,408.63,408.4,408.55,1412.0
2026-06-03T09:10:00+00:00,408.72,409.25,408.72,409.17,2398.013717
2026-06-03T09:15:00+00:00,409.07,409.07,409.07,409.07,100.0
2026-06-03T09:20:00+00:00,408.4197,408.4197,408.4197,408.4197,130.0
2026-06-03T09:25:00+00:00,408.56,408.56,408.56,408.56,61.0
2026-06-03T09:30:00+00:00,408.43,408.43,407.54,407.54,1540.5220450000002
2026-06-03T09:35:00+00:00,407.61,408.0,407.6,408.0,4732.0
2026-06-03T09:40:00+00:00,407.64,407.91,407.5,407.91,2045.4041929999999
2026-06-03T09:45:00+00:00,408.24,408.24,408.03,408.06,1698.950759
2026-06-03T09:50:00+00:00,408.0,408.12,407.96,408.08,1746.0
2026-06-03T09:55:00+00:00,408.07,408.07,408.07,408.07,138.0
2026-06-03T10:00:00+00:00,407.89,407.92,407.63,407.63,771.2529460000001
2026-06-03T10:05:00+00:00,407.72,408.24,407.72,408.24,306.0
2026-06-03T10:10:00+00:00,408.62,410.0,408.59,409.3,25834.528169999998
2026-06-03T10:15:00+00:00,409.49,409.8,409.37,409.7,2658.024417
2026-06-03T10:20:00+00:00,409.59,409.59,409.52,409.52,152.0
2026-06-03T10:25:00+00:00,409.63,409.63,409.13,409.13,373.5
2026-06-03T10:30:00+00:00,409.0,409.41,409.0,409.41,901.903688
2026-06-03T10:35:00+00:00,409.5,409.5,409.5,409.5,448.0
2026-06-03T10:40:00+00:00,409.36,409.36,409.34,409.34,429.020786
2026-06-03T10:45:00+00:00,409.23,409.29,409.05,409.05,2218.0
2026-06-03T10:50:00+00:00,408.91,409.04,408.91,409.04,632.675212
2026-06-03T10:55:00+00:00,409.19,409.26,409.19,409.26,301.773632
2026-06-03T11:00:00+00:00,409.44,409.44,409.27,409.27,165.0
2026-06-03T11:05:00+00:00,409.25,409.77,409.25,409.6956,1237.592519
2026-06-03T11:10:00+00:00,409.8,409.98,409.62,409.75,9246.519725
2026-06-03T11:15:00+00:00,409.7792,409.7792,409.51,409.68,1699.0
2026-06-03T11:20:00+00:00,409.6,409.6,409.39,409.43,439.0
2026-06-03T11:25:00+00:00,409.78,409.78,409.58,409.68,816.0
2026-06-03T11:30:00+00:00,409.65,409.65,409.65,409.65,117.0
2026-06-03T11:35:00+00:00,409.85,410.0,409.85,409.9,3305.884782
2026-06-03T11:40:00+00:00,409.94,409.94,409.75,409.75,609.265107
2026-06-03T11:45:00+00:00,409.65,409.65,409.41,409.41,814.60325
2026-06-03T11:50:00+00:00,409.3517,409.57,409.3517,409.57,2524.01039
2026-06-03T11:55:00+00:00,409.51,409.7504,409.51,409.72,583.0560750000001
2026-06-03T12:00:00+00:00,409.6727,409.6727,409.64,409.64,3616.197936
2026-06-03T12:05:00+00:00,409.68,409.88,409.48,409.73,3486.622429
2026-06-03T12:10:00+00:00,409.7,409.7,409.17,409.17,138.171865
2026-06-03T12:15:00+00:00,409.36,409.42,409.31,409.31,497.0
2026-06-03T12:20:00+00:00,409.19,409.29,409.01,409.11,11769.045011
2026-06-03T12:25:00+00:00,409.0,409.58,409.0,409.58,1073.002427
2026-06-03T12:30:00+00:00,408.96,408.97,408.51,408.8,4022.106758
2026-06-03T12:35:00+00:00,408.7394,409.06,408.59,408.59,5124.174697
2026-06-03T12:40:00+00:00,408.51,408.66,408.3304,408.38,4589.344007
2026-06-03T12:45:00+00:00,408.65,409.42,408.65,409.3,4868.259323
2026-06-03T12:50:00+00:00,409.34,409.5,409.15,409.5,2349.0244279999997
2026-06-03T12:55:00+00:00,409.5838,410.06,409.5838,409.83,14736.0
2026-06-03T13:00:00+00:00,409.0,409.45,409.0,409.33,1969.0
2026-06-03T13:05:00+00:00,409.3,409.87,409.2998,409.69,3935.044016
2026-06-03T13:10:00+00:00,409.76,409.8709,409.63,409.65,13231.080626
2026-06-03T13:15:00+00:00,409.6,409.88,409.6,409.6584,4462.0
2026-06-03T13:20:00+00:00,409.58,409.64,409.0,409.1,1473.518076
2026-06-03T13:25:00+00:00,409.03,409.32,408.29,408.29,16045.52417
2026-06-03T13:30:00+00:00,408.46,408.46,408.15,408.39,7765.012242
2026-06-03T13:35:00+00:00,408.38,408.77,408.08,408.33,117867.306786
2026-06-03T13:40:00+00:00,408.29,408.64,408.11,408.29,74407.844333
2026-06-03T13:45:00+00:00,408.26,408.45,406.31,406.31,260746.162756
2026-06-03T13:50:00+00:00,406.29,407.35,406.225,407.27,194211.57939300002
2026-06-03T13:55:00+00:00,407.27,408.15,407.13,407.96,102339.33759600001
2026-06-03T14:00:00+00:00,407.945,408.45,407.74,408.05,63438.89342
2026-06-03T14:05:00+00:00,408.1,408.54,407.7518,408.08,95172.060405
2026-06-03T14:10:00+00:00,408.07,408.625,407.99,408.45,81365.802223
2026-06-03T14:15:00+00:00,408.54,409.08,408.54,408.846,133219.503396
2026-06-03T14:20:00+00:00,408.87,409.24,408.05,408.345,209547.29034900002
2026-06-03T14:25:00+00:00,408.34,408.62,408.15,408.42,89290.225753
2026-06-03T14:30:00+00:00,408.38,408.68,408.13,408.68,34032.564658999996
2026-06-03T14:35:00+00:00,408.62,408.76,408.245,408.365,58440.572964000006
2026-06-03T14:40:00+00:00,408.3999,408.79,408.36,408.64,24595.198985
2026-06-03T14:45:00+00:00,408.67,408.6766,408.23,408.26,100938.18369600001
2026-06-03T14:50:00+00:00,408.29,408.94,408.27,408.85,239728.10403
2026-06-03T14:55:00+00:00,408.85,409.38,408.56,409.26,75018.213793
2026-06-03T15:00:00+00:00,409.225,409.28,408.96,409.0701,33713.769855
2026-06-03T15:05:00+00:00,409.09,409.2,408.7,408.7,30795.434261
2026-06-03T15:10:00+00:00,408.7,408.72,408.27,408.38,130071.09238999999
2026-06-03T15:15:00+00:00,408.42,408.6386,408.0,408.0637,25701.007187000003
2026-06-03T15:20:00+00:00,408.09,408.54,408.03,408.0899,55641.952686
2026-06-03T15:25:00+00:00,408.0952,408.11,407.475,407.78,61506.854398
2026-06-03T15:30:00+00:00,407.7575,407.99,407.48,407.98,187722.40762299998
2026-06-03T15:35:00+00:00,407.92,408.0,407.55,407.595,117141.808843
2026-06-03T15:40:00+00:00,407.57,407.78,407.24,407.45,69955.894362
2026-06-03T15:45:00+00:00,407.455,407.77,407.35,407.56,35157.63502
2026-06-03T15:50:00+00:00,407.555,407.755,407.35,407.7201,32441.988018000004
2026-06-03T15:55:00+00:00,407.71,407.9,407.58,407.68,26779.354179
2026-06-03T16:00:00+00:00,407.64,407.785,407.64,407.755,16678.250247
2026-06-03T16:05:00+00:00,407.77,407.85,407.55,407.8001,15050.028316
2026-06-03T16:10:00+00:00,407.8,407.88,407.3,407.57,18241.37262
2026-06-03T16:15:00+00:00,407.48,407.59,407.35,407.495,28559.246355
2026-06-03T16:20:00+00:00,407.5,407.65,407.24,407.43,35109.514156
2026-06-03T16:25:00+00:00,407.41,407.53,407.03,407.195,20572.277504
2026-06-03T16:30:00+00:00,407.17,407.34,406.96,407.31,41958.993718
2026-06-03T16:35:00+00:00,407.3,407.56,407.28,407.555,14642.0998
2026-06-03T16:40:00+00:00,407.54,407.54,407.18,407.2,17719.54102
2026-06-03T16:45:00+00:00,407.16,407.43,407.1406,407.415,71986.922085
2026-06-03T16:50:00+00:00,407.39,407.53,407.2901,407.36,40833.170884
2026-06-03T16:55:00+00:00,407.31,407.46,407.22,407.3271,42176.952005
2026-06-03T17:00:00+00:00,407.33,407.76,407.27,407.65,38644.811225
2026-06-03T17:05:00+00:00,407.72,407.97,407.67,407.91,20349.816944
2026-06-03T17:10:00+00:00,407.94,408.29,407.8,408.155,41650.664717
2026-06-03T17:15:00+00:00,408.15,408.174,407.66,407.665,51930.711213999995
2026-06-03T17:20:00+00:00,407.685,407.815,407.61,407.74,19460.933994
2026-06-03T17:25:00+00:00,407.74,407.74,407.56,407.7,15745.354651999998
2026-06-03T17:30:00+00:00,407.7,407.77,407.365,407.43,18801.604574
2026-06-03T17:35:00+00:00,407.39,407.58,407.15,407.545,23317.839191000003
2026-06-03T17:40:00+00:00,407.54,407.57,407.375,407.54,13060.919150999998
2026-06-03T17:45:00+00:00,407.55,407.74,407.5,407.56,60849.567048
2026-06-03T17:50:00+00:00,407.595,407.6099,407.34,407.38,20146.277013
2026-06-03T17:55:00+00:00,407.38,407.5,407.26,407.33,22115.901597
2026-06-03T18:00:00+00:00,407.37,407.47,407.31,407.4501,14586.764703
2026-06-03T18:05:00+00:00,407.49,407.57,407.37,407.53,15071.426925
2026-06-03T18:10:00+00:00,407.51,407.5217,407.22,407.31,12874.69663
2026-06-03T18:15:00+00:00,407.34,407.39,407.11,407.22,31617.438424
2026-06-03T18:20:00+00:00,407.2337,407.33,407.12,407.33,21564.258487
2026-06-03T18:25:00+00:00,407.31,407.45,407.01,407.44,38575.15943400001
2026-06-03T18:30:00+00:00,407.41,407.59,407.38,407.55,18940.925359
2026-06-03T18:35:00+00:00,407.5601,407.75,407.42,407.42,44572.907149
2026-06-03T18:40:00+00:00,407.44,407.46,407.2685,407.38,14206.320123
2026-06-03T18:45:00+00:00,407.39,407.56,407.28,407.515,16151.264612
2026-06-03T18:50:00+00:00,407.55,407.71,407.49,407.5228,14677.682498
2026-06-03T18:55:00+00:00,407.5201,407.6,407.51,407.55,15315.486416
2026-06-03T19:00:00+00:00,407.55,407.77,407.49,407.7068,15297.379756000002
2026-06-03T19:05:00+00:00,407.7299,408.41,407.67,408.4,59360.860181
2026-06-03T19:10:00+00:00,408.4,408.45,408.23,408.27,29604.634566
2026-06-03T19:15:00+00:00,408.32,408.46,408.2,408.42,27868.527663
2026-06-03T19:20:00+00:00,408.4504,408.68,408.38,408.59,44253.987908
2026-06-03T19:25:00+00:00,408.655,408.655,408.29,408.29,30008.473107
2026-06-03T19:30:00+00:00,408.36,408.36,408.18,408.2801,22539.85867
2026-06-03T19:35:00+00:00,408.32,408.45,408.25,408.34,40569.482671000005
2026-06-03T19:40:00+00:00,408.37,408.41,408.26,408.26,38178.494316
2026-06-03T19:45:00+00:00,408.28,408.38,408.1812,408.2,101084.82312000002
2026-06-03T19:50:00+00:00,408.19,408.24,408.02,408.205,68730.085013
2026-06-03T19:55:00+00:00,408.19,408.23,408.03,408.09,106097.14124299999
2026-06-03T20:00:00+00:00,408.08,408.08,407.8,407.9,169072.25611800002
2026-06-03T20:05:00+00:00,407.87,407.91,407.52,407.72,26867.895462
2026-06-03T20:10:00+00:00,407.5402,407.74,407.27,407.74,32470.191275999998
2026-06-03T20:15:00+00:00,407.74,407.88,407.2,407.66,13004.311098
2026-06-03T20:20:00+00:00,407.42,407.48,407.35,407.48,8701.554497000001
2026-06-03T20:25:00+00:00,407.46,407.6232,407.46,407.4988,426.0
2026-06-03T20:30:00+00:00,407.4814,407.4814,407.42,407.42,2281.0
2026-06-03T20:35:00+00:00,407.5399,407.5399,406.95,407.09,1691.116852
2026-06-03T20:40:00+00:00,407.12,407.12,406.95,406.95,3318.235613
2026-06-03T20:45:00+00:00,406.9682,407.0,406.9,406.9,821.0
2026-06-03T20:50:00+00:00,406.92,407.1,406.9,406.9,1232.0
2026-06-03T20:55:00+00:00,406.8,407.0,406.68,407.0,9889.783623
2026-06-03T21:00:00+00:00,406.89,406.9,406.85,406.89,1359.0
2026-06-03T21:05:00+00:00,406.9,406.9,406.7981,406.7981,196.0
2026-06-03T21:10:00+00:00,407.01,407.01,406.97,407.0,441.0
2026-06-03T21:15:00+00:00,407.026,407.46,407.026,407.091,1533.0
2026-06-03T21:20:00+00:00,407.77,407.77,407.77,407.77,218.0
2026-06-03T21:25:00+00:00,407.6645,407.92,407.29,407.92,19693.0
2026-06-03T21:30:00+00:00,407.77,407.92,407.77,407.8525,4706.0
2026-06-03T21:35:00+00:00,407.46,408.06,407.28,407.9,6241.111902000001
2026-06-03T21:40:00+00:00,407.53,408.4799,407.53,408.45,8008.046094
2026-06-03T21:45:00+00:00,408.49,409.405,408.28,409.3055,11770.615376
2026-06-03T21:50:00+00:00,409.36,409.8018,408.1,408.1,11729.0197
2026-06-03T21:55:00+00:00,408.18,409.0,408.18,408.8,370.0
2026-06-03T22:00:00+00:00,408.76,408.76,408.01,408.1,4168.0
2026-06-03T22:05:00+00:00,407.94,407.94,406.75,406.75,7334.3979770000005
2026-06-03T22:15:00+00:00,406.81,407.03,406.6,407.0,3796.178069
2026-06-03T22:20:00+00:00,406.61,406.84,406.0,406.22,6447.526775
2026-06-03T22:25:00+00:00,406.15,406.4,406.0,406.2,1649.003444
2026-06-03T22:30:00+00:00,406.6,407.0804,406.52,407.0804,1105.0
2026-06-03T22:35:00+00:00,407.0,407.48,407.0,407.48,6542.0
2026-06-03T22:40:00+00:00,407.34,407.34,407.15,407.18,1585.003438
2026-06-03T22:45:00+00:00,407.1,407.38,407.1,407.26,1071.0
2026-06-03T22:50:00+00:00,407.3758,407.3758,407.3758,407.3758,277.0
2026-06-03T22:55:00+00:00,407.38,407.5,407.37,407.4972,840.960466
2026-06-03T23:00:00+00:00,407.8,408.55,407.8,408.021,1616.0
2026-06-03T23:05:00+00:00,408.4,408.4,407.96,408.0,919.0
2026-06-03T23:10:00+00:00,408.1,408.37,408.0514,408.0514,1552.0
2026-06-03T23:15:00+00:00,408.0,408.0,408.0,408.0,120.0
2026-06-03T23:20:00+00:00,408.04,408.04,408.04,408.04,106.0
2026-06-03T23:25:00+00:00,408.06,408.37,408.05,408.292,361.0
2026-06-03T23:30:00+00:00,408.35,408.48,408.35,408.48,1027.0
2026-06-03T23:35:00+00:00,408.3,408.4701,408.3,408.4701,291.749687
2026-06-03T23:40:00+00:00,408.4,408.5,408.4,408.5,312.0
2026-06-03T23:45:00+00:00,408.3,408.56,408.14,408.56,583.0
2026-06-03T23:50:00+00:00,408.75,409.56,408.75,409.3751,2907.0
2026-06-03T23:55:00+00:00,409.0364,409.0364,408.98,408.99,1272.3492059999999
2026-06-04T00:00:00+00:00,409.21,409.21,408.94,408.94,4168.353263
2026-06-04T08:05:00+00:00,410.0,411.45,409.3,409.82,62154.166185999995
2026-06-04T08:10:00+00:00,410.05,411.05,409.44,409.83,798.8923609999999
2026-06-04T08:15:00+00:00,409.3,409.41,409.3,409.41,3130.0
2026-06-04T08:20:00+00:00,409.7,409.7,409.7,409.7,101.0
2026-06-04T08:25:00+00:00,409.3206,409.3206,409.22,409.26,651.0
2026-06-04T08:30:00+00:00,409.25,409.25,409.24,409.24,232.0
2026-06-04T08:35:00+00:00,409.77,410.0,409.35,409.65,2886.804581
2026-06-04T08:40:00+00:00,409.66,409.66,409.505,409.505,187.269181
2026-06-04T08:45:00+00:00,409.4752,409.5048,409.4752,409.5048,650.0
2026-06-04T08:50:00+00:00,409.47,409.47,409.4591,409.4591,123.0
2026-06-04T09:00:00+00:00,409.66,409.66,409.66,409.66,82.302871
2026-06-04T09:05:00+00:00,409.74,410.01,409.74,410.0,481.0
2026-06-04T09:10:00+00:00,409.76,410.01,409.75,410.0,3946.6993620000003
2026-06-04T09:15:00+00:00,409.7778,409.7778,409.52,409.52,4171.0
2026-06-04T09:20:00+00:00,409.69,409.82,409.69,409.82,1501.146796
2026-06-04T09:25:00+00:00,409.93,409.93,409.62,409.8912,2242.097575
2026-06-04T09:30:00+00:00,409.84,409.84,409.7,409.71,988.060433
2026-06-04T09:35:00+00:00,409.69,410.0,409.45,409.9198,2673.4955520000003
2026-06-04T09:40:00+00:00,409.86,410.0,409.83,410.0,4275.05
2026-06-04T09:45:00+00:00,410.11,410.11,410.11,410.11,69.254476
2026-06-04T09:50:00+00:00,410.0167,410.44,410.0167,410.35,1118.0
2026-06-04T09:55:00+00:00,410.42,410.43,410.39,410.39,322.0
2026-06-04T10:00:00+00:00,410.45,410.5248,410.45,410.5248,209.0
2026-06-04T10:05:00+00:00,410.29,410.37,410.1658,410.1658,338.026276
2026-06-04T10:10:00+00:00,410.2,410.2,410.19,410.1923,186.0
2026-06-04T10:15:00+00:00,410.21,410.35,410.21,410.35,269.014354
2026-06-04T10:20:00+00:00,410.34,410.34,410.16,410.16,3253.377163
2026-06-04T10:25:00+00:00,410.03,410.03,410.0,410.0,365.0
2026-06-04T10:30:00+00:00,409.83,410.0,409.83,410.0,255.0
2026-06-04T10:35:00+00:00,410.1,410.1,410.02,410.02,338.0
2026-06-04T10:40:00+00:00,410.15,410.25,410.15,410.25,515.112481
2026-06-04T10:45:00+00:00,410.19,410.49,410.1653,410.4,928.705738
2026-06-04T10:50:00+00:00,410.3718,410.5,410.34,410.4311,834.0
2026-06-04T10:55:00+00:00,410.1292,410.24,410.1292,410.22,332.280037
2026-06-04T11:00:00+00:00,410.24,410.56,410.24,410.56,1993.0
2026-06-04T11:05:00+00:00,410.53,410.64,410.13,410.466,10892.831024
2026-06-04T11:10:00+00:00,410.45,410.95,410.42,410.95,3331.43936
2026-06-04T11:15:00+00:00,410.91,410.95,410.7,410.76,5806.748007
2026-06-04T11:20:00+00:00,410.56,411.03,410.56,410.91,3092.804701
2026-06-04T11:25:00+00:00,410.93,411.16,410.85,411.16,7229.01
2026-06-04T11:30:00+00:00,411.13,412.13,411.09,411.83,17779.663382
2026-06-04T11:35:00+00:00,412.0,412.23,411.54,411.54,5001.6
2026-06-04T11:40:00+00:00,411.58,411.7,411.16,411.6,30360.538084
2026-06-04T11:45:00+00:00,411.81,412.15,411.6,412.15,57380.556653
2026-06-04T11:50:00+00:00,412.32,413.25,412.22,413.11,49814.09307
2026-06-04T11:55:00+00:00,413.17,413.38,413.11,413.25,11847.096717
2026-06-04T12:00:00+00:00,413.39,414.28,413.34,414.18,18583.242296
2026-06-04T12:05:00+00:00,414.2,414.2,412.83,412.83,5572.366177
2026-06-04T12:10:00+00:00,412.79,413.32,412.36,412.8757,18063.024003
2026-06-04T12:15:00+00:00,412.71,412.76,412.19,412.3744,9232.183975
2026-06-04T12:20:00+00:00,412.47,412.47,412.1319,412.24,8828.387338
2026-06-04T12:25:00+00:00,412.31,412.91,412.31,412.7,12931.389360000001
2026-06-04T12:30:00+00:00,412.7,412.89,412.53,412.83,7294.518418
2026-06-04T12:35:00+00:00,412.85,413.0,412.7156,412.7623,18015.338431
2026-06-04T12:40:00+00:00,412.79,413.09,412.79,412.82,13411.087137999999
2026-06-04T12:45:00+00:00,413.05,413.1202,412.9,413.1202,11139.254738
2026-06-04T12:50:00+00:00,413.2,413.4,412.9,413.4,4107.084175
2026-06-04T12:55:00+00:00,413.43,413.95,413.2,413.82,40122.044714999996
2026-06-04T13:00:00+00:00,413.85,413.85,413.21,413.42,5467.321784
2026-06-04T13:05:00+00:00,413.19,413.88,413.03,413.45,8119.272869
2026-06-04T13:10:00+00:00,413.7,413.75,413.32,413.4,11656.588996999999
2026-06-04T13:15:00+00:00,413.44,413.45,413.16,413.28,4742.3235
2026-06-04T13:20:00+00:00,413.3173,413.7041,413.3173,413.7041,2345.048379
2026-06-04T13:25:00+00:00,413.65,413.86,413.3903,413.46,43982.409529
2026-06-04T13:30:00+00:00,413.35,413.44,413.1,413.35,9597.071464
2026-06-04T13:35:00+00:00,413.37,413.64,413.1201,413.5699,223166.18376800002
2026-06-04T13:40:00+00:00,413.44,414.08,413.38,413.84,97779.574112
2026-06-04T13:45:00+00:00,413.88,414.31,413.4675,414.29,60580.11119099999
2026-06-04T13:50:00+00:00,414.35,414.37,413.65,413.9,98709.661663
2026-06-04T13:55:00+00:00,413.91,414.09,412.77,412.84,64025.023837999994
2026-06-04T14:00:00+00:00,412.87,413.28,412.58,412.5847,103139.79816899999
2026-06-04T14:05:00+00:00,412.62,412.93,412.42,412.49,64560.06136199999
2026-06-04T14:10:00+00:00,412.49,412.91,411.84,412.005,105118.947554
2026-06-04T14:15:00+00:00,412.01,412.24,411.64,411.835,64861.882634
2026-06-04T14:20:00+00:00,411.8,412.3477,411.6,411.84,52715.397768
2026-06-04T14:25:00+00:00,411.81,411.99,411.51,411.58,36512.137520000004
2026-06-04T14:30:00+00:00,411.58,411.83,411.51,411.695,43146.491708
2026-06-04T14:35:00+00:00,411.69,411.73,411.25,411.53,68399.222332
2026-06-04T14:40:00+00:00,411.5,411.5,410.9,411.1,94751.087632
2026-06-04T14:45:00+00:00,411.135,411.1599,410.38,410.605,99465.81042600001
2026-06-04T14:50:00+00:00,410.63,410.67,409.72,409.825,51484.892435
2026-06-04T14:55:00+00:00,409.88,410.23,409.01,409.61,143711.347535
2026-06-04T15:00:00+00:00,409.61,409.83,409.27,409.79,44632.754787
2026-06-04T15:05:00+00:00,409.83,410.245,409.61,410.225,34891.597693
2026-06-04T15:10:00+00:00,410.22,410.42,409.97,410.23,24599.484062000003
2026-06-04T15:15:00+00:00,410.22,410.6327,410.21,410.3521,52777.18714699999
2026-06-04T15:20:00+00:00,410.38,410.59,410.29,410.5,28262.106944
2026-06-04T15:25:00+00:00,410.49,410.54,410.25,410.25,28660.983505
2026-06-04T15:30:00+00:00,410.22,410.38,410.12,410.27,28025.405285
2026-06-04T15:35:00+00:00,410.24,410.44,410.17,410.33,31806.682460000004
2026-06-04T15:40:00+00:00,410.44,410.85,410.32,410.81,16487.019538
2026-06-04T15:45:00+00:00,410.84,410.86,410.32,410.4637,17424.056054
2026-06-04T15:50:00+00:00,410.39,410.745,410.21,410.615,44731.804775
2026-06-04T15:55:00+00:00,410.63,411.0,410.63,410.935,33981.594905
2026-06-04T16:00:00+00:00,410.895,410.97,410.78,410.92,19286.033403999998
2026-06-04T16:05:00+00:00,410.9,411.01,410.79,410.82,12435.916832
2026-06-04T16:10:00+00:00,410.8,411.36,410.7,411.33,18913.557080000002
2026-06-04T16:15:00+00:00,411.3519,411.48,411.04,411.045,23404.148259
2026-06-04T16:20:00+00:00,411.1,411.56,411.0901,411.42,34648.148461000004
2026-06-04T16:25:00+00:00,411.41,411.55,411.16,411.52,31800.675694
2026-06-04T16:30:00+00:00,411.5165,411.58,411.36,411.44,38728.289356
2026-06-04T16:35:00+00:00,411.45,411.5,411.13,411.15,34537.244191000005
2026-06-04T16:40:00+00:00,411.21,411.4,411.16,411.34,8637.658888
2026-06-04T16:45:00+00:00,411.26,411.365,411.235,411.235,10153.35383
2026-06-04T16:50:00+00:00,411.245,411.4,411.12,411.235,10314.382463999998
2026-06-04T16:55:00+00:00,411.235,411.315,411.15,411.2565,7818.043006000001
2026-06-04T17:00:00+00:00,411.26,411.48,411.245,411.38,29213.588661
2026-06-04T17:05:00+00:00,411.33,411.33,411.16,411.3,16541.544233
2026-06-04T17:10:00+00:00,411.26,411.3199,411.09,411.09,26462.692961000004
2026-06-04T17:15:00+00:00,411.085,411.15,410.7587,410.7587,23751.370462000003
2026-06-04T17:20:00+00:00,410.77,410.7762,410.58,410.725,13038.681878000001
2026-06-04T17:25:00+00:00,410.695,410.74,410.59,410.715,6589.449823000001
2026-06-04T17:30:00+00:00,410.72,411.04,410.72,410.851,29813.884724
2026-06-04T17:35:00+00:00,410.9,411.245,410.88,411.1,8620.498238
2026-06-04T17:40:00+00:00,411.15,411.15,410.93,410.935,9721.524795000001
2026-06-04T17:45:00+00:00,410.94,410.94,410.73,410.82,17652.576459
2026-06-04T17:50:00+00:00,410.84,411.0,410.83,410.95,11440.418483
2026-06-04T17:55:00+00:00,411.04,411.18,410.945,410.97,18960.597321999994
2026-06-04T18:00:00+00:00,410.96,411.0,410.9,410.95,21405.143905
2026-06-04T18:05:00+00:00,410.93,411.15,410.8,410.86,16898.524323
2026-06-04T18:10:00+00:00,410.84,410.92,410.78,410.845,18349.813586999997
2026-06-04T18:15:00+00:00,410.87,411.015,410.85,410.97,8310.044089
2026-06-04T18:20:00+00:00,410.96,411.0228,410.8601,411.0,12495.507711999999
2026-06-04T18:25:00+00:00,410.99,411.1687,410.95,411.145,15967.158724999998
2026-06-04T18:30:00+00:00,411.1599,411.2499,410.88,410.95,15976.336279000001
2026-06-04T18:35:00+00:00,410.93,410.96,410.535,410.575,27035.093972
2026-06-04T18:40:00+00:00,410.58,410.59,410.45,410.55,16755.245875
2026-06-04T18:45:00+00:00,410.52,410.62,410.491,410.58,12020.399759
2026-06-04T18:50:00+00:00,410.615,410.75,410.55,410.6938,13019.704343000001
2026-06-04T18:55:00+00:00,410.74,411.07,410.72,410.9499,27888.586397
2026-06-04T19:00:00+00:00,410.93,410.975,410.78,410.91,9856.200464
2026-06-04T19:05:00+00:00,410.92,411.38,410.9,411.21,22319.936439
2026-06-04T19:10:00+00:00,411.17,411.17,410.88,410.91,49807.578438000004
2026-06-04T19:15:00+00:00,410.94,410.95,410.755,410.95,19966.159429
2026-06-04T19:20:00+00:00,410.9618,411.06,410.89,411.0,13926.540810999999
2026-06-04T19:25:00+00:00,411.0,411.06,410.915,411.06,16225.456659000001
2026-06-04T19:30:00+00:00,411.03,411.12,410.985,411.095,533164.106108
2026-06-04T19:35:00+00:00,411.1,411.12,410.93,410.9995,319561.469091
2026-06-04T19:40:00+00:00,410.97,411.05,410.9,411.01,16060.845543
2026-06-04T19:45:00+00:00,411.01,411.11,410.87,410.92,31570.837186
2026-06-04T19:50:00+00:00,410.92,410.98,410.83,410.97,27553.570259
2026-06-04T19:55:00+00:00,410.95,411.01,410.85,410.96,67733.098923
2026-06-04T20:00:00+00:00,410.93,411.3799,410.81,411.27,219942.06329000002
2026-06-04T20:05:00+00:00,411.27,411.27,411.15,411.25,13922.649207
2026-06-04T20:10:00+00:00,411.17,411.1997,411.0,411.0,9409.0
2026-06-04T20:15:00+00:00,411.09,411.09,411.08,411.08,609.589574
2026-06-04T20:20:00+00:00,410.9,410.9,410.9,410.9,302.845967
2026-06-04T20:25:00+00:00,410.8356,410.8356,410.8356,410.8356,375.0
2026-06-04T20:35:00+00:00,410.78,410.78,410.7,410.7,998.699066
2026-06-04T20:40:00+00:00,410.73,410.73,410.7101,410.7101,497.0
2026-06-04T20:45:00+00:00,410.78,410.8099,410.74,410.8099,1451.0
2026-06-04T20:50:00+00:00,410.71,410.79,410.6248,410.6248,1008.0
2026-06-04T20:55:00+00:00,410.7653,410.7653,410.6247,410.64,555.0
2026-06-04T21:00:00+00:00,410.7,410.77,410.5697,410.5697,1632.0
2026-06-04T21:05:00+00:00,410.61,410.61,410.25,410.25,1895.0455040000002
2026-06-04T21:15:00+00:00,410.1249,410.93,410.1249,410.93,1324.441235
2026-06-04T21:25:00+00:00,410.93,410.93,410.93,410.93,94.0
2026-06-04T21:30:00+00:00,410.93,410.93,410.9193,410.9193,252.0
2026-06-04T21:35:00+00:00,410.93,410.93,410.662,410.662,175.0
2026-06-04T21:55:00+00:00,410.77,410.9,410.77,410.9,352.0
2026-06-04T22:00:00+00:00,410.66,410.66,410.5405,410.5405,715.0
2026-06-04T22:05:00+00:00,410.92,410.92,410.5,410.5,216.0
2026-06-04T22:20:00+00:00,410.93,410.93,410.93,410.93,145.0
2026-06-04T22:25:00+00:00,410.85,411.0,410.85,411.0,813.715121
2026-06-04T22:30:00+00:00,411.0,411.0,411.0,411.0,201.000948
2026-06-04T22:35:00+00:00,411.15,411.15,411.15,411.15,81.0
2026-06-04T22:45:00+00:00,410.9,410.92,410.75,410.75,486.0
2026-06-04T22:50:00+00:00,410.55,410.55,410.5,410.5,1544.0
2026-06-04T22:55:00+00:00,410.4416,410.45,410.2,410.2,590.0
2026-06-04T23:00:00+00:00,410.38,410.38,410.38,410.38,76.0
2026-06-04T23:05:00+00:00,410.23,410.48,409.8678,410.47,2118.64937
2026-06-04T23:10:00+00:00,410.3671,410.369,410.0,410.0,643.240033
2026-06-04T23:15:00+00:00,410.48,410.48,410.13,410.13,552.0
2026-06-04T23:20:00+00:00,410.21,410.21,410.21,410.21,46.0
2026-06-04T23:25:00+00:00,410.06,410.06,409.94,409.94,288.1
2026-06-04T23:30:00+00:00,410.5,410.5,410.01,410.01,871.0
2026-06-04T23:35:00+00:00,409.84,409.84,409.7296,409.7296,1064.0
2026-06-04T23:40:00+00:00,409.7,409.7,409.58,409.58,1245.0
2026-06-04T23:45:00+00:00,409.65,409.65,409.65,409.65,1004.0
2026-06-04T23:50:00+00:00,409.5,409.5,409.48,409.48,648.0
2026-06-04T23:55:00+00:00,409.8,409.8,409.8,409.8,113.0
2026-06-05T00:00:00+00:00,409.3806,409.3806,409.3806,409.3806,126.0
2026-06-05T08:05:00+00:00,409.3,409.99,406.51,409.5,45390.132016999996
2026-06-05T08:10:00+00:00,407.74,408.15,407.33,408.15,325.0
2026-06-05T08:15:00+00:00,409.44,409.44,409.43,409.43,167.0
2026-06-05T08:25:00+00:00,409.82,409.82,409.82,409.82,518.0
2026-06-05T08:30:00+00:00,409.69,410.0,409.69,410.0,11045.0
2026-06-05T08:35:00+00:00,409.85,409.85,409.85,409.85,100.081827
2026-06-05T08:40:00+00:00,409.64,409.64,409.59,409.59,181.0
2026-06-05T08:45:00+00:00,409.5,409.5444,409.5,409.5,302.0
2026-06-05T08:50:00+00:00,409.7,409.7,409.7,409.7,1122.0
2026-06-05T08:55:00+00:00,409.66,409.68,409.59,409.67,626.13413
2026-06-05T09:00:00+00:00,409.65,409.7241,409.6,409.7241,324.0
2026-06-05T09:05:00+00:00,409.6,409.69,409.6,409.69,643.17
2026-06-05T09:10:00+00:00,409.62,409.62,409.62,409.62,309.124264
2026-06-05T09:15:00+00:00,409.4493,410.2,409.3263,410.14,2218.0971529999997
2026-06-05T09:20:00+00:00,409.92,410.0,409.92,410.0,617.0
2026-06-05T09:25:00+00:00,410.0,410.14,410.0,410.08,316.895445
2026-06-05T09:35:00+00:00,409.52,409.89,409.4,409.88,13101.902881
2026-06-05T09:40:00+00:00,409.76,409.76,409.76,409.76,278.707463
2026-06-05T09:45:00+00:00,409.89,409.96,409.86,409.96,782.0
2026-06-05T09:50:00+00:00,410.17,410.26,410.08,410.11,730.0
2026-06-05T10:00:00+00:00,409.7562,409.7562,409.7562,409.7562,193.0
2026-06-05T10:05:00+00:00,409.7,409.7,409.7,409.7,104.0
2026-06-05T10:10:00+00:00,409.69,409.69,409.69,409.69,47.0
2026-06-05T10:20:00+00:00,409.8,409.8,409.8,409.8,75.009565
2026-06-05T10:25:00+00:00,410.01,410.01,410.01,410.01,81.0
2026-06-05T10:35:00+00:00,409.9,409.9,409.9,409.9,219.0
2026-06-05T10:40:00+00:00,409.65,409.65,409.65,409.65,195.96086
2026-06-05T10:45:00+00:00,409.85,409.85,409.85,409.85,102.0
2026-06-05T10:55:00+00:00,410.01,410.0358,409.95,409.95,8100.0
2026-06-05T11:00:00+00:00,409.95,409.96,409.95,409.95,35367.034869
2026-06-05T11:05:00+00:00,409.93,409.95,409.85,409.8699,8641.458582
2026-06-05T11:10:00+00:00,409.6769,409.86,409.6769,409.86,200.0
2026-06-05T11:15:00+00:00,409.9,409.9,409.5,409.5,506.440789
2026-06-05T11:20:00+00:00,409.72,409.72,409.5,409.5,371.0
2026-06-05T11:25:00+00:00,409.522,409.61,409.17,409.54,5642.0
2026-06-05T11:30:00+00:00,409.53,409.9,409.53,409.89,2140.231372
2026-06-05T11:35:00+00:00,409.94,410.03,409.81,409.81,1188.552222
2026-06-05T11:40:00+00:00,409.88,409.89,409.64,409.64,373.01631
2026-06-05T11:45:00+00:00,409.66,409.66,409.64,409.64,338.0529
2026-06-05T11:50:00+00:00,409.7815,410.0,409.7815,409.95,1467.028046
2026-06-05T11:55:00+00:00,410.0,410.69,410.0,410.4,2797.0
2026-06-05T12:00:00+00:00,410.33,410.35,410.15,410.32,3405.0
2026-06-05T12:05:00+00:00,410.26,410.26,410.06,410.09,286.007972
2026-06-05T12:10:00+00:00,409.9999,410.0,409.9,409.9,584.023011
2026-06-05T12:15:00+00:00,410.1,410.36,410.1,410.2,1003.0639530000001
2026-06-05T12:20:00+00:00,410.22,410.52,410.22,410.52,4786.5
2026-06-05T12:25:00+00:00,410.63,410.8,410.1,410.1,4624.688526
2026-06-05T12:30:00+00:00,410.0113,410.0113,409.55,409.74,4770.491368
2026-06-05T12:35:00+00:00,409.05,409.05,408.21,408.5929,41206.379233
2026-06-05T12:40:00+00:00,408.74,408.74,407.63,407.85,17881.845821
2026-06-05T12:45:00+00:00,407.97,408.33,407.9,408.13,7315.273279999999
2026-06-05T12:50:00+00:00,408.1,408.39,407.62,407.65,10243.204091
2026-06-05T12:55:00+00:00,407.62,407.62,405.45,405.45,56782.624321
2026-06-05T13:00:00+00:00,405.4,405.66,404.3,404.3,64035.189708
2026-06-05T13:05:00+00:00,404.19,405.59,403.86,404.7515,36554.443024
2026-06-05T13:10:00+00:00,405.13,405.62,404.6,405.51,17580.714583
2026-06-05T13:15:00+00:00,405.44,405.72,405.34,405.6,14874.026248
2026-06-05T13:20:00+00:00,405.56,405.84,405.4,405.56,20713.88276
2026-06-05T13:25:00+00:00,405.5,405.75,404.75,404.77,28987.108331999996
2026-06-05T13:30:00+00:00,404.84,405.15,404.2435,404.37,21991.301611000003
2026-06-05T13:35:00+00:00,404.38,404.719,403.65,404.38,394122.890854
2026-06-05T13:40:00+00:00,404.25,404.27,402.545,403.1,186265.626128
2026-06-05T13:45:00+00:00,403.06,403.68,402.775,402.875,164146.790899
2026-06-05T13:50:00+00:00,402.87,403.0,402.31,402.35,187198.773854
2026-06-05T13:55:00+00:00,402.32,402.75,402.13,402.5,219879.779943
2026-06-05T14:00:00+00:00,402.43,402.47,400.66,400.72,271583.05371199996
2026-06-05T14:05:00+00:00,400.68,401.95,400.54,401.2701,346346.671285
2026-06-05T14:10:00+00:00,401.23,401.76,400.54,401.505,195360.89610299998
2026-06-05T14:15:00+00:00,401.54,401.72,400.54,400.715,163893.077903
2026-06-05T14:20:00+00:00,400.745,401.1299,400.56,401.04,170013.832202
2026-06-05T14:25:00+00:00,401.0,401.1,399.74,399.91,396484.598652
2026-06-05T14:30:00+00:00,399.91,400.295,399.53,400.24,217862.170138
2026-06-05T14:35:00+00:00,400.22,400.535,399.23,399.55,174109.40161300002
2026-06-05T14:40:00+00:00,399.51,399.67,399.01,399.07,287387.37514200003
2026-06-05T14:45:00+00:00,399.1,399.3,398.74,399.1,123498.612721
2026-06-05T14:50:00+00:00,399.165,400.12,399.11,399.8,73750.20515099999
2026-06-05T14:55:00+00:00,399.82,400.83,399.72,400.42,163804.25917200002
2026-06-05T15:00:00+00:00,400.4,401.096,400.2114,401.07,139741.268749
2026-06-05T15:05:00+00:00,401.09,401.33,400.44,400.92,78967.951587
2026-06-05T15:10:00+00:00,400.98,401.02,400.33,400.36,70145.360363
2026-06-05T15:15:00+00:00,400.32,400.34,399.55,399.58,74420.809087
2026-06-05T15:20:00+00:00,399.5,399.82,399.15,399.7717,104354.325854
2026-06-05T15:25:00+00:00,399.74,400.0,399.11,399.45,172198.526437
2026-06-05T15:30:00+00:00,399.53,399.74,399.2,399.44,99084.425908
2026-06-05T15:35:00+00:00,399.45,399.705,398.8301,398.95,65913.75611300001
2026-06-05T15:40:00+00:00,398.96,399.2,397.95,398.33,146869.519513
2026-06-05T15:45:00+00:00,398.3,398.45,397.87,398.17,82185.243334
2026-06-05T15:50:00+00:00,398.22,398.42,398.01,398.265,90396.753514
2026-06-05T15:55:00+00:00,398.26,398.52,398.045,398.4273,75571.914845
2026-06-05T16:00:00+00:00,398.41,398.45,397.79,397.93,74150.925017
2026-06-05T16:05:00+00:00,397.9,398.4,397.42,397.75,129446.83266
2026-06-05T16:10:00+00:00,397.7,397.78,397.265,397.6899,164355.611473
2026-06-05T16:15:00+00:00,397.63,398.15,397.51,397.73,67185.64762999999
2026-06-05T16:20:00+00:00,397.72,397.73,397.01,397.48,113573.76417099999
2026-06-05T16:25:00+00:00,397.44,397.49,396.97,397.26,147075.512234
2026-06-05T16:30:00+00:00,397.25,397.76,397.24,397.3897,73690.058032
2026-06-05T16:35:00+00:00,397.34,397.39,396.74,397.26,176142.511023
2026-06-05T16:40:00+00:00,397.29,397.6,396.95,397.57,75955.855899
2026-06-05T16:45:00+00:00,397.5699,397.595,397.05,397.24,43070.408711
2026-06-05T16:50:00+00:00,397.19,397.79,396.95,397.74,127403.99177
2026-06-05T16:55:00+00:00,397.81,398.22,397.685,398.16,71337.050813
2026-06-05T17:00:00+00:00,398.19,398.84,398.0401,398.765,100350.13911599999
2026-06-05T17:05:00+00:00,398.83,398.9812,398.32,398.76,78568.257758
2026-06-05T17:10:00+00:00,398.72,398.74,398.22,398.2475,129451.61847699998
2026-06-05T17:15:00+00:00,398.29,398.52,398.0101,398.28,63850.350361
2026-06-05T17:20:00+00:00,398.33,398.54,397.95,398.21,63394.159055
2026-06-05T17:25:00+00:00,398.21,398.47,397.9,398.23,79178.218609
2026-06-05T17:30:00+00:00,398.21,398.59,397.98,398.55,59901.829146
2026-06-05T17:35:00+00:00,398.57,398.665,398.32,398.63,54736.569198
2026-06-05T17:40:00+00:00,398.6,398.78,398.265,398.78,91752.53502400001
2026-06-05T17:45:00+00:00,398.78,398.98,398.35,398.4,92262.110418
2026-06-05T17:50:00+00:00,398.43,398.59,398.08,398.34,70831.365829
2026-06-05T17:55:00+00:00,398.33,398.65,398.2,398.64,47055.101306
2026-06-05T18:00:00+00:00,398.64,398.6573,398.4301,398.5,34558.076348999995
2026-06-05T18:05:00+00:00,398.5,398.54,397.72,397.72,105663.348654
2026-06-05T18:10:00+00:00,397.73,397.83,397.34,397.4,94746.13872
2026-06-05T18:15:00+00:00,397.4,397.58,396.7118,396.7118,114151.23577900001
2026-06-05T18:20:00+00:00,396.72,397.08,396.6,397.005,115562.08684799999
2026-06-05T18:25:00+00:00,397.08,397.46,397.04,397.155,101835.57997699999
2026-06-05T18:30:00+00:00,397.13,397.21,396.74,397.085,127194.84027700001
2026-06-05T18:35:00+00:00,397.04,397.07,396.34,396.9525,74274.28017700001
2026-06-05T18:40:00+00:00,396.95,397.03,396.4,396.53,121774.70444100001
2026-06-05T18:45:00+00:00,396.525,396.59,395.97,396.315,185373.011054
2026-06-05T18:50:00+00:00,396.3,396.64,396.1101,396.64,62746.33313499999
2026-06-05T18:55:00+00:00,396.485,396.555,396.2,396.555,77488.972297
2026-06-05T19:00:00+00:00,396.52,397.14,396.41,396.7423,91328.065581
2026-06-05T19:05:00+00:00,396.79,396.87,396.2,396.6,85404.39202
2026-06-05T19:10:00+00:00,396.56,396.62,396.15,396.5,61249.882304
2026-06-05T19:15:00+00:00,396.5086,396.5086,396.06,396.075,58595.312471000005
2026-06-05T19:20:00+00:00,396.06,396.44,395.92,396.36,87026.91938699999
2026-06-05T19:25:00+00:00,396.36,396.7,396.04,396.3975,111657.707404
2026-06-05T19:30:00+00:00,396.41,396.885,396.38,396.83,122929.524779
2026-06-05T19:35:00+00:00,396.86,396.97,396.55,396.745,121446.25399299999
2026-06-05T19:40:00+00:00,396.72,396.93,396.52,396.67,142353.0661
2026-06-05T19:45:00+00:00,396.68,396.69,395.93,396.37,149760.823178
2026-06-05T19:50:00+00:00,396.3799,396.67,396.28,396.57,229567.431315
2026-06-05T19:55:00+00:00,396.535,396.83,396.25,396.315,310442.941035
2026-06-05T20:00:00+00:00,396.3,396.6,396.1,396.25,460956.837742
2026-06-05T20:05:00+00:00,396.21,396.21,395.88,395.92,20028.28672
2026-06-05T20:10:00+00:00,395.96,396.0,395.8,396.0,18390.632988
2026-06-05T20:15:00+00:00,395.9,396.26,395.86,396.17,30217.335462
2026-06-05T20:20:00+00:00,396.09,396.22,395.93,396.01,5525.293657
2026-06-05T20:25:00+00:00,396.1,396.44,396.0,396.36,5985.4058270000005
2026-06-05T20:30:00+00:00,396.569,397.0,396.569,396.79,7790.338286
2026-06-05T20:35:00+00:00,396.8043,396.89,396.68,396.7892,3038.733489
2026-06-05T20:40:00+00:00,396.8,396.98,396.76,396.76,3562.847595
2026-06-05T20:45:00+00:00,396.76,396.93,396.66,396.93,3148.851067
2026-06-05T20:50:00+00:00,396.979,397.39,396.9,397.1,10129.657416
2026-06-05T20:55:00+00:00,397.1,397.49,397.1,397.24,16355.854823
2026-06-05T21:00:00+00:00,397.3,397.45,397.22,397.39,10947.062076999999
2026-06-05T21:05:00+00:00,397.0,397.4,397.0,397.3,3214.0
2026-06-05T21:10:00+00:00,397.2074,397.4,397.2074,397.4,36275.033153
2026-06-05T21:15:00+00:00,397.4,397.4,397.2695,397.33,1100.2854710000001
2026-06-05T21:20:00+00:00,397.4,397.642,397.3035,397.642,13407.479068
2026-06-05T21:25:00+00:00,397.56,397.737,397.56,397.57,2961.43226
2026-06-05T21:30:00+00:00,397.5,397.6372,397.5,397.52,543.153435
2026-06-05T21:35:00+00:00,397.5,397.5,397.43,397.43,881.002706
2026-06-05T21:40:00+00:00,397.5,397.65,397.5,397.65,243.115383
2026-06-05T21:45:00+00:00,397.4524,397.63,397.4301,397.63,2545.6798209999997
2026-06-05T21:50:00+00:00,397.47,397.5,397.47,397.5,249.0
2026-06-05T21:55:00+00:00,397.55,397.5779,397.43,397.4345,2181.467318
2026-06-05T22:00:00+00:00,397.5,397.5,397.4391,397.4391,291.799703
2026-06-05T22:05:00+00:00,397.5,397.5,397.5,397.5,229.572237
2026-06-05T22:10:00+00:00,397.53,397.64,397.45,397.63,1640.56534
2026-06-05T22:15:00+00:00,397.65,397.65,397.43,397.43,244.0
2026-06-05T22:20:00+00:00,397.54,397.54,397.54,397.54,2750.0
2026-06-05T22:25:00+00:00,397.64,397.75,397.64,397.75,1344.807096
2026-06-05T22:30:00+00:00,397.8,397.8,397.43,397.43,258.21343
2026-06-05T22:35:00+00:00,397.5,397.5,397.5,397.5,113.0
2026-06-05T22:40:00+00:00,397.5,397.5983,397.46,397.46,1296.0
2026-06-05T22:50:00+00:00,397.46,397.46,397.4,397.4016,1653.029925
2026-06-05T22:55:00+00:00,397.44,397.44,397.21,397.21,1503.5422800000001
2026-06-05T23:00:00+00:00,397.4,397.9206,397.22,397.22,1022.0
2026-06-05T23:05:00+00:00,397.21,397.25,397.21,397.25,329.02063
2026-06-05T23:10:00+00:00,397.49,397.49,397.21,397.22,643.0
2026-06-05T23:15:00+00:00,397.21,397.9176,397.21,397.3,651.014272
2026-06-05T23:20:00+00:00,397.21,397.45,397.21,397.22,588.005028
2026-06-05T23:25:00+00:00,397.4,397.4,397.4,397.4,282.838125
2026-06-05T23:30:00+00:00,397.22,397.4,397.0025,397.11,1635.258386
2026-06-05T23:35:00+00:00,397.01,397.236,397.0,397.01,751.1
2026-06-05T23:40:00+00:00,397.04,397.15,397.0,397.0312,531.7855480000001
2026-06-05T23:45:00+00:00,397.0,397.12,397.0,397.12,248.004
2026-06-05T23:50:00+00:00,397.0,397.04,396.9,397.0,795.884551
2026-06-05T23:55:00+00:00,396.8818,397.0,396.88,396.88,1226.4225000000001
2026-06-06T00:00:00+00:00,396.88,396.88,396.79,396.81,2411.195386
2026-06-08T08:05:00+00:00,394.9,396.69,392.01,394.17,50592.865703
2026-06-08T08:10:00+00:00,393.95,395.2,393.0,394.19,6135.665683000001
2026-06-08T08:15:00+00:00,394.13,394.23,393.94,393.94,759.207256
2026-06-08T08:20:00+00:00,394.03,394.03,393.6934,393.9588,946.495881
2026-06-08T08:25:00+00:00,393.9267,394.0,393.7215,393.8,3991.0221180000003
2026-06-08T08:30:00+00:00,393.68,393.7401,393.4,393.5,8192.955578
2026-06-08T08:35:00+00:00,393.88,393.94,393.88,393.94,2327.0
2026-06-08T08:40:00+00:00,393.6109,393.62,393.6109,393.62,567.379349
2026-06-08T08:45:00+00:00,393.76,393.83,393.76,393.83,914.028941
2026-06-08T08:50:00+00:00,394.11,394.11,393.8,393.88,1342.0
2026-06-08T08:55:00+00:00,393.5,393.5,393.49,393.49,261.287132
2026-06-08T09:00:00+00:00,393.42,393.7196,393.42,393.7196,709.838789
2026-06-08T09:05:00+00:00,393.84,393.9,393.77,393.9,4103.808935
2026-06-08T09:10:00+00:00,393.65,393.65,393.3,393.36,552.805618
2026-06-08T09:15:00+00:00,393.4805,393.68,393.4805,393.68,573.0
2026-06-08T09:20:00+00:00,393.56,393.56,393.47,393.47,504.14594
2026-06-08T09:25:00+00:00,393.6,393.82,393.59,393.59,2990.2128000000002
2026-06-08T09:30:00+00:00,393.43,393.43,392.99,392.99,1066.959768
2026-06-08T09:35:00+00:00,392.69,392.69,392.24,392.26,2046.302059
2026-06-08T09:40:00+00:00,392.19,394.29,392.19,394.02,4524.755761
2026-06-08T09:45:00+00:00,393.98,394.3,393.91,394.18,1012.518828
2026-06-08T09:50:00+00:00,394.07,394.86,394.07,394.86,3826.7083480000006
2026-06-08T09:55:00+00:00,394.458,394.458,394.1284,394.1284,1170.371073
2026-06-08T10:00:00+00:00,394.16,394.16,393.9257,393.9257,214.0
2026-06-08T10:05:00+00:00,394.0,394.0,393.7389,393.78,2064.644128
2026-06-08T10:10:00+00:00,393.9,394.24,393.79,394.24,1531.555561
2026-06-08T10:15:00+00:00,394.26,394.31,394.26,394.31,582.0
2026-06-08T10:20:00+00:00,394.01,394.01,394.0,394.0,282.047717
2026-06-08T10:25:00+00:00,393.84,393.98,393.84,393.95,452.537618
2026-06-08T10:30:00+00:00,393.82,394.2,393.82,394.2,1047.0
2026-06-08T10:35:00+00:00,394.06,395.19,394.04,395.03,8689.925992
2026-06-08T10:40:00+00:00,395.05,395.11,394.68,394.72,21266.002606000002
2026-06-08T10:45:00+00:00,394.73,395.0,394.73,395.0,3174.0
2026-06-08T10:50:00+00:00,395.0995,395.0995,394.62,394.83,3410.0
2026-06-08T10:55:00+00:00,394.62,394.66,394.6,394.66,469.156886
2026-06-08T11:00:00+00:00,394.5,394.65,394.48,394.63,1171.056845
2026-06-08T11:05:00+00:00,394.92,394.92,394.42,394.68,9515.526
2026-06-08T11:10:00+00:00,394.7,395.0,394.7,395.0,1008.0
2026-06-08T11:15:00+00:00,395.15,396.0,395.12,396.0,5755.680928999999
2026-06-08T11:20:00+00:00,396.65,397.1441,395.83,397.1441,20767.424766
2026-06-08T11:25:00+00:00,397.11,397.49,396.85,396.97,2572.98588
2026-06-08T11:30:00+00:00,397.09,397.3,397.0,397.0,2638.5284680000004
2026-06-08T11:35:00+00:00,397.02,397.58,396.9577,397.52,1720.010256
2026-06-08T11:40:00+00:00,397.39,397.39,396.92,396.92,1325.37
2026-06-08T11:45:00+00:00,396.92,397.14,396.71,396.83,7842.087181000001
2026-06-08T11:50:00+00:00,396.85,397.0,396.68,396.68,1194.228406
2026-06-08T11:55:00+00:00,396.9,397.2138,396.88,397.2,1273.841023
2026-06-08T12:00:00+00:00,397.0,397.56,397.0,397.5,2357.8473599999998
2026-06-08T12:05:00+00:00,397.37,397.8,397.33,397.47,4531.874203
2026-06-08T12:10:00+00:00,397.45,397.8,397.4,397.59,2310.014792
2026-06-08T12:15:00+00:00,397.19,397.27,396.8082,396.8082,1282.321047
2026-06-08T12:20:00+00:00,396.67,397.07,396.58,397.07,5886.401468
2026-06-08T12:25:00+00:00,396.79,397.3,396.79,397.3,1990.002541
2026-06-08T12:30:00+00:00,397.28,397.53,397.23,397.43,6961.002506
2026-06-08T12:35:00+00:00,397.5,397.81,397.3487,397.3487,5143.125029
2026-06-08T12:40:00+00:00,397.66,397.8,397.43,397.51,10448.534755
2026-06-08T12:45:00+00:00,397.45,398.41,397.35,397.95,79681.707827
2026-06-08T12:50:00+00:00,398.14,398.18,397.79,397.79,7066.101634000001
2026-06-08T12:55:00+00:00,397.69,397.77,397.22,397.4,12229.778311999999
2026-06-08T13:00:00+00:00,397.48,397.75,397.4,397.75,1703.151299
2026-06-08T13:05:00+00:00,397.77,397.89,397.2,397.4696,10191.877115000001
2026-06-08T13:10:00+00:00,397.28,397.3543,396.91,397.0929,3198.002169
2026-06-08T13:15:00+00:00,396.98,397.01,396.88,396.88,3840.0
2026-06-08T13:20:00+00:00,396.8081,396.9901,396.685,396.9901,45189.747412000004
2026-06-08T13:25:00+00:00,397.03,397.96,397.03,397.52,9617.534229
2026-06-08T13:30:00+00:00,397.57,397.68,397.3003,397.61,9350.942041999999
2026-06-08T13:35:00+00:00,397.52,398.33,397.51,397.71,288192.637984
2026-06-08T13:40:00+00:00,397.71,398.9454,397.61,398.4,295409.37634799996
2026-06-08T13:45:00+00:00,398.445,398.79,397.91,397.95,172623.817053
2026-06-08T13:50:00+00:00,398.02,398.24,397.645,397.645,86671.565672
2026-06-08T13:55:00+00:00,397.68,398.26,397.27,397.83,163110.988373
2026-06-08T14:00:00+00:00,397.79,398.1,397.05,397.13,99798.674298
2026-06-08T14:05:00+00:00,397.13,397.53,396.72,396.745,141657.949927
2026-06-08T14:10:00+00:00,396.74,397.19,396.41,396.57,117273.156763
2026-06-08T14:15:00+00:00,396.57,396.57,396.2001,396.45,111697.054447
2026-06-08T14:20:00+00:00,396.45,396.68,396.24,396.65,72911.785708
2026-06-08T14:25:00+00:00,396.63,396.95,396.25,396.38,99453.054622
2026-06-08T14:30:00+00:00,396.365,396.75,396.08,396.52,106763.306266
2026-06-08T14:35:00+00:00,396.5,396.9,396.36,396.77,70900.247199
2026-06-08T14:40:00+00:00,396.73,396.8,396.03,396.535,105835.191168
2026-06-08T14:45:00+00:00,396.51,396.82,396.17,396.78,135234.898218
2026-06-08T14:50:00+00:00,396.85,397.42,396.32,396.32,110797.05434999999
2026-06-08T14:55:00+00:00,396.43,397.17,396.27,397.11,66310.772303
2026-06-08T15:00:00+00:00,397.14,397.6,396.92,397.545,57460.976862
2026-06-08T15:05:00+00:00,397.56,398.0,397.2501,397.28,63243.404151
2026-06-08T15:10:00+00:00,397.3,397.46,396.93,397.27,103240.973381
2026-06-08T15:15:00+00:00,397.25,397.3,396.97,396.9842,60169.268285000006
2026-06-08T15:20:00+00:00,396.98,397.6108,396.75,397.56,75684.824214
2026-06-08T15:25:00+00:00,397.57,397.96,397.36,397.88,66806.153926
2026-06-08T15:30:00+00:00,397.86,397.86,397.31,397.45,46071.318828999996
2026-06-08T15:35:00+00:00,397.47,397.7,397.245,397.55,67710.595098
2026-06-08T15:40:00+00:00,397.58,398.08,397.48,398.02,54007.307104
2026-06-08T15:45:00+00:00,398.0,398.3,397.9,398.23,72447.626433
2026-06-08T15:50:00+00:00,398.22,398.41,397.86,397.915,63711.019818999994
2026-06-08T15:55:00+00:00,397.93,398.67,397.93,398.59,119881.26085199999
2026-06-08T16:00:00+00:00,398.6199,398.9,398.49,398.55,127921.738246
2026-06-08T16:05:00+00:00,398.525,398.75,398.25,398.4604,47313.104660000005
2026-06-08T16:10:00+00:00,398.4501,398.67,398.27,398.34,37886.209436
2026-06-08T16:15:00+00:00,398.38,398.54,398.2,398.45,30990.430682000002
2026-06-08T16:20:00+00:00,398.46,398.73,398.42,398.61,21903.139024
2026-06-08T16:25:00+00:00,398.7,398.71,398.36,398.495,72057.97922400001
2026-06-08T16:30:00+00:00,398.49,398.65,398.435,398.47,67975.278451
2026-06-08T16:35:00+00:00,398.51,398.87,398.48,398.62,31050.043305000003
2026-06-08T16:40:00+00:00,398.63,398.98,398.44,398.47,75174.226638
2026-06-08T16:45:00+00:00,398.49,398.75,398.45,398.75,38449.539098
2026-06-08T16:50:00+00:00,398.7699,398.9,398.59,398.83,36805.216832
2026-06-08T16:55:00+00:00,398.85,398.89,398.2,398.26,62226.97073999999
2026-06-08T17:00:00+00:00,398.23,398.5,398.2,398.44,24000.660701
2026-06-08T17:05:00+00:00,398.45,398.59,398.09,398.16,40990.31581099999
2026-06-08T17:10:00+00:00,398.19,398.57,398.17,398.27,31455.294786000002
2026-06-08T17:15:00+00:00,398.275,398.31,398.05,398.275,37994.203528000005
2026-06-08T17:20:00+00:00,398.32,398.42,398.06,398.24,61515.934904
2026-06-08T17:25:00+00:00,398.26,398.41,397.95,397.97,53630.046177
2026-06-08T17:30:00+00:00,398.01,398.43,397.8,398.33,82885.85103600001
2026-06-08T17:35:00+00:00,398.32,398.38,397.81,398.0,85486.896259
2026-06-08T17:40:00+00:00,398.04,398.04,397.65,397.91,32485.788726
2026-06-08T17:45:00+00:00,397.92,397.965,397.82,397.86,99097.68632499999
2026-06-08T17:50:00+00:00,397.87,398.1116,397.858,398.1116,33478.267976
2026-06-08T17:55:00+00:00,398.12,398.26,398.06,398.11,35824.608961
2026-06-08T18:00:00+00:00,398.09,398.29,398.02,398.28,84878.838079
2026-06-08T18:05:00+00:00,398.26,398.79,398.22,398.69,44152.631301
2026-06-08T18:10:00+00:00,398.705,398.82,398.61,398.72,29464.931112
2026-06-08T18:15:00+00:00,398.72,398.77,398.43,398.51,31075.88032
2026-06-08T18:20:00+00:00,398.51,398.73,398.51,398.62,21100.269037
2026-06-08T18:25:00+00:00,398.63,398.84,398.55,398.74,23080.391389
2026-06-08T18:30:00+00:00,398.76,398.92,398.58,398.62,31113.734425000002
2026-06-08T18:35:00+00:00,398.59,398.81,398.4301,398.46,39711.98604
2026-06-08T18:40:00+00:00,398.46,398.53,398.11,398.125,26646.083359
2026-06-08T18:45:00+00:00,398.14,398.26,398.0415,398.09,24856.933214999997
2026-06-08T18:50:00+00:00,398.095,398.11,397.88,397.9,35640.032454
2026-06-08T18:55:00+00:00,397.9,398.08,397.76,397.88,30568.098315
2026-06-08T19:00:00+00:00,397.9,398.03,397.79,397.9,58086.131538
2026-06-08T19:05:00+00:00,397.91,398.22,397.85,398.11,91043.377631
2026-06-08T19:10:00+00:00,398.09,398.09,397.7,397.7,32854.840338
2026-06-08T19:15:00+00:00,397.7,397.7,397.43,397.47,52619.075811999995
2026-06-08T19:20:00+00:00,397.48,397.58,397.3,397.34,37965.136741
2026-06-08T19:25:00+00:00,397.33,397.46,397.13,397.1307,51010.978254999995
2026-06-08T19:30:00+00:00,397.15,397.25,397.09,397.22,49218.347971999996
2026-06-08T19:35:00+00:00,397.22,397.47,397.08,397.1609,48129.47685399999
2026-06-08T19:40:00+00:00,397.17,397.32,397.02,397.11,59760.574458999996
2026-06-08T19:45:00+00:00,397.07,397.1,396.945,397.02,104309.091288
2026-06-08T19:50:00+00:00,396.99,397.27,396.99,397.23,103012.01515600001
2026-06-08T19:55:00+00:00,397.23,397.48,397.23,397.34,269131.054285
2026-06-08T20:00:00+00:00,397.34,397.4,396.86,397.15,396441.867082
2026-06-08T20:05:00+00:00,397.19,397.5,397.19,397.499,13547.215162
2026-06-08T20:10:00+00:00,397.2773,397.4327,397.23,397.25,5824.0
2026-06-08T20:15:00+00:00,397.29,397.33,397.16,397.22,1133.73988
2026-06-08T20:20:00+00:00,397.0,397.08,396.98,397.08,3850.171195
2026-06-08T20:25:00+00:00,397.11,397.22,397.11,397.19,8956.117839999999
2026-06-08T20:30:00+00:00,397.19,397.19,397.05,397.05,20140.205947
2026-06-08T20:35:00+00:00,397.12,397.25,397.07,397.25,1501.032704
2026-06-08T20:40:00+00:00,397.2505,397.2505,397.2505,397.2505,263.0
2026-06-08T20:45:00+00:00,397.15,397.15,397.07,397.07,649.048054
2026-06-08T20:50:00+00:00,397.08,397.32,397.08,397.15,7792.0
2026-06-08T20:55:00+00:00,397.25,397.39,397.1,397.39,1412.068377
2026-06-08T21:00:00+00:00,397.39,397.48,397.39,397.45,1930.0
2026-06-08T21:05:00+00:00,397.6,397.72,397.5,397.56,1190.022935
2026-06-08T21:10:00+00:00,397.916,397.916,397.69,397.7,1252.070431
2026-06-08T21:20:00+00:00,398.0,398.0,398.0,398.0,73.0
2026-06-08T21:25:00+00:00,397.675,397.7,397.35,397.35,615.4897470000001
2026-06-08T21:35:00+00:00,397.67,397.67,397.67,397.67,62.072525
2026-06-08T21:40:00+00:00,397.67,397.67,397.67,397.67,359.0
2026-06-08T21:45:00+00:00,397.67,397.75,397.67,397.75,232.0
2026-06-08T21:50:00+00:00,397.69,398.2448,397.69,398.0,25855.110012999998
2026-06-08T21:55:00+00:00,398.0,398.26,398.0,398.26,5962.162582
2026-06-08T22:00:00+00:00,398.3,399.5,398.3,398.9,21310.533883
2026-06-08T22:05:00+00:00,398.9,398.93,397.0,397.33,42694.528897
2026-06-08T22:10:00+00:00,397.21,397.21,397.1373,397.1373,697.038151
2026-06-08T22:15:00+00:00,397.28,397.28,397.28,397.28,203.0
2026-06-08T22:20:00+00:00,396.8988,396.8988,396.84,396.86,287.320341
2026-06-08T22:25:00+00:00,397.05,397.09,397.05,397.09,155.0
2026-06-08T22:30:00+00:00,397.0,397.1,396.96,397.1,322.000847
2026-06-08T22:35:00+00:00,397.1,397.1,397.01,397.01,113.0
2026-06-08T22:55:00+00:00,397.1,397.28,397.1,397.28,649.497484
2026-06-08T23:00:00+00:00,397.28,397.28,397.28,397.28,156.0
2026-06-08T23:15:00+00:00,397.2,397.2,397.2,397.2,93.0
2026-06-08T23:20:00+00:00,397.24,397.27,397.19,397.19,373.0
2026-06-08T23:25:00+00:00,397.0321,397.0321,397.0321,397.0321,74.0
2026-06-08T23:30:00+00:00,397.0,397.0,396.61,396.61,6319.017613999999
2026-06-08T23:35:00+00:00,396.6,396.6,396.32,396.34,3025.2286860000004
2026-06-08T23:40:00+00:00,396.44,396.44,396.44,396.44,259.5
2026-06-08T23:45:00+00:00,396.486,396.486,396.48,396.48,852.0
2026-06-08T23:50:00+00:00,396.29,396.44,395.95,396.03,3910.802794
2026-06-08T23:55:00+00:00,396.07,396.1958,396.01,396.1958,5244.00022
2026-06-09T00:00:00+00:00,396.3,396.3,396.0043,396.0043,332.0
2026-06-09T08:05:00+00:00,397.06,399.35,396.79,396.82,42043.27292
2026-06-09T08:10:00+00:00,396.71,397.07,396.71,397.07,3176.153967
2026-06-09T08:15:00+00:00,397.48,397.92,397.48,397.54,1061.113526
2026-06-09T08:20:00+00:00,397.68,397.79,397.63,397.63,3647.08939
2026-06-09T08:30:00+00:00,397.6,397.8,397.59,397.8,807.55
2026-06-09T08:35:00+00:00,397.95,397.95,397.8,397.8,3547.508044
2026-06-09T08:40:00+00:00,397.55,397.7051,397.55,397.65,274.86654
2026-06-09T08:45:00+00:00,397.88,397.99,397.88,397.92,616.0
2026-06-09T08:50:00+00:00,397.4,397.4,397.16,397.16,790.4998850000001
2026-06-09T08:55:00+00:00,397.26,397.26,397.26,397.26,180.0
2026-06-09T09:00:00+00:00,397.39,397.39,397.16,397.16,3321.040173
2026-06-09T09:05:00+00:00,397.0973,397.32,397.0,397.31,2175.37433
2026-06-09T09:10:00+00:00,397.35,397.35,397.2,397.2,1084.0
2026-06-09T09:15:00+00:00,397.4,397.4,397.37,397.38,572.254926
2026-06-09T09:20:00+00:00,397.33,397.47,397.24,397.42,15144.708177
2026-06-09T09:25:00+00:00,397.46,397.91,397.46,397.75,7316.736424
2026-06-09T09:30:00+00:00,397.71,397.81,397.05,397.05,13777.320421
2026-06-09T09:35:00+00:00,397.13,397.33,397.08,397.14,11940.379554
2026-06-09T09:40:00+00:00,397.1,397.43,397.1,397.43,1181.043682
2026-06-09T09:45:00+00:00,397.36,397.36,397.03,397.03,1956.29412
2026-06-09T09:50:00+00:00,397.37,397.38,397.36,397.37,2079.0
2026-06-09T09:55:00+00:00,397.43,397.63,397.42,397.63,6147.045263
2026-06-09T10:00:00+00:00,397.64,397.64,397.48,397.58,472.0
2026-06-09T10:05:00+00:00,397.61,397.61,397.6,397.6,217.0
2026-06-09T10:10:00+00:00,397.45,397.45,397.01,397.13,8365.017461
2026-06-09T10:15:00+00:00,397.63,397.87,397.63,397.77,8257.0
2026-06-09T10:20:00+00:00,397.95,397.95,397.92,397.93,302.0
2026-06-09T10:25:00+00:00,397.71,397.71,397.71,397.71,251.0
2026-06-09T10:30:00+00:00,397.75,397.86,397.75,397.81,7397.025827
2026-06-09T10:35:00+00:00,397.77,397.9006,397.77,397.9006,260.065795
2026-06-09T10:40:00+00:00,397.71,397.73,397.58,397.58,337.0
2026-06-09T10:45:00+00:00,397.46,397.47,397.46,397.47,211.0
2026-06-09T10:50:00+00:00,397.55,397.55,397.55,397.55,75.0
2026-06-09T10:55:00+00:00,397.55,397.93,397.55,397.93,458.0
2026-06-09T11:00:00+00:00,398.0051,398.13,398.0051,398.13,91.002189
2026-06-09T11:05:00+00:00,398.23,398.32,397.9541,398.0,1990.523839
2026-06-09T11:10:00+00:00,398.0,398.1467,398.0,398.1467,530.0
2026-06-09T11:15:00+00:00,398.0,398.2,398.0,398.2,735.7032
2026-06-09T11:20:00+00:00,398.23,398.2999,398.0183,398.2999,3504.049512
2026-06-09T11:25:00+00:00,398.29,398.35,398.25,398.25,2192.403801
2026-06-09T11:30:00+00:00,398.05,398.23,398.05,398.2,371.0
2026-06-09T11:35:00+00:00,398.11,398.11,398.11,398.11,260.0
2026-06-09T11:40:00+00:00,398.15,398.15,398.0389,398.0389,2026.672848
2026-06-09T11:45:00+00:00,398.13,398.38,398.13,398.34,4060.181828
2026-06-09T11:55:00+00:00,398.34,398.69,398.34,398.44,2913.150372
2026-06-09T12:00:00+00:00,398.3897,398.6,398.37,398.37,1425.0
2026-06-09T12:05:00+00:00,398.5,398.51,398.5,398.51,124.0
2026-06-09T12:10:00+00:00,398.51,398.76,398.51,398.65,3700.913619
2026-06-09T12:15:00+00:00,398.69,398.7441,398.6443,398.67,2559.690245
2026-06-09T12:20:00+00:00,398.5,398.57,398.4,398.55,3082.12
2026-06-09T12:25:00+00:00,398.47,398.47,398.17,398.2,8423.851871
2026-06-09T12:30:00+00:00,398.35,398.35,398.22,398.22,836.852071
2026-06-09T12:35:00+00:00,398.1,398.3,398.0493,398.0493,574.111123
2026-06-09T12:40:00+00:00,398.21,398.3,398.21,398.3,585.011854
2026-06-09T12:45:00+00:00,398.3,398.5,398.3,398.5,550.023624
2026-06-09T12:50:00+00:00,398.58,398.72,398.58,398.6,1422.9477219999999
2026-06-09T12:55:00+00:00,398.27,398.27,398.14,398.14,193.012679
2026-06-09T13:00:00+00:00,398.08,398.35,398.07,398.35,1558.0
2026-06-09T13:05:00+00:00,398.64,398.79,398.25,398.5,6286.280638
2026-06-09T13:10:00+00:00,398.43,398.7282,398.38,398.7282,10607.894538
2026-06-09T13:15:00+00:00,398.46,398.54,398.38,398.38,2432.0
2026-06-09T13:20:00+00:00,398.47,398.5797,398.0296,398.0296,2828.19827
2026-06-09T13:25:00+00:00,397.8926,397.8926,397.75,397.75,1885.138134
2026-06-09T13:30:00+00:00,397.8,397.92,397.4603,397.53,5248.0
2026-06-09T13:35:00+00:00,397.57,397.81,397.35,397.4101,160293.35950000002
2026-06-09T13:40:00+00:00,397.445,397.85,397.4,397.6001,116473.958149
2026-06-09T13:45:00+00:00,397.591,397.591,396.96,397.45,67315.644184
2026-06-09T13:50:00+00:00,397.41,400.48,397.3701,399.42,348120.775089
2026-06-09T13:55:00+00:00,399.47,399.48,397.78,397.78,101297.840875
2026-06-09T14:00:00+00:00,397.81,397.82,397.17,397.37,72512.213173
2026-06-09T14:05:00+00:00,397.34,397.97,397.07,397.35,142488.93795300002
2026-06-09T14:10:00+00:00,397.32,397.67,396.91,397.25,142831.568627
2026-06-09T14:15:00+00:00,397.23,397.33,396.49,396.67,166289.663227
2026-06-09T14:20:00+00:00,396.62,396.81,395.17,395.71,207443.23582499998
2026-06-09T14:25:00+00:00,395.67,396.53,395.525,396.36,97559.859228
2026-06-09T14:30:00+00:00,396.34,396.82,396.1,396.36,69067.56344299999
2026-06-09T14:35:00+00:00,396.26,396.64,395.57,396.07,80072.22883400001
2026-06-09T14:40:00+00:00,395.97,395.97,394.9,395.13,191051.274529
2026-06-09T14:45:00+00:00,395.13,395.325,393.23,393.2834,131625.63654099999
2026-06-09T14:50:00+00:00,393.31,393.7,392.641,393.2,154394.121515
2026-06-09T14:55:00+00:00,393.145,394.475,392.9,394.46,148492.363238
2026-06-09T15:00:00+00:00,394.45,394.7,394.0,394.7,84530.159652
2026-06-09T15:05:00+00:00,394.73,394.8328,393.9,394.0,79870.966762
2026-06-09T15:10:00+00:00,394.12,394.4,393.71,394.1101,49838.733529
2026-06-09T15:15:00+00:00,394.28,394.51,393.69,394.19,354125.055176
2026-06-09T15:20:00+00:00,394.19,394.34,393.85,393.875,84800.67979199998
2026-06-09T15:25:00+00:00,393.85,394.09,393.24,393.3,149006.163608
2026-06-09T15:30:00+00:00,393.33,393.61,392.526,392.67,131926.825353
2026-06-09T15:35:00+00:00,392.68,392.95,391.26,392.265,204766.09325700003
2026-06-09T15:40:00+00:00,392.27,392.27,391.21,391.8929,193023.687264
2026-06-09T15:45:00+00:00,391.82,392.775,391.79,392.775,96232.312645
2026-06-09T15:50:00+00:00,392.78,393.28,392.62,392.8879,133249.070432
2026-06-09T15:55:00+00:00,392.8599,393.19,392.465,392.74,101778.803143
2026-06-09T16:00:00+00:00,392.8,393.18,392.09,392.09,109181.21355000001
2026-06-09T16:05:00+00:00,392.085,392.9,391.97,392.17,87325.58266800002
2026-06-09T16:10:00+00:00,392.15,392.24,391.03,391.26,131430.920992
2026-06-09T16:15:00+00:00,391.255,391.58,390.81,390.87,161308.27779800002
2026-06-09T16:20:00+00:00,390.94,391.24,390.3,390.4401,146963.429327
2026-06-09T16:25:00+00:00,390.43,391.22,390.33,391.12,136551.930703
2026-06-09T16:30:00+00:00,391.1799,391.56,391.05,391.25,79797.112727
2026-06-09T16:35:00+00:00,391.172,391.36,390.94,391.12,78413.86263799999
2026-06-09T16:40:00+00:00,391.11,391.65,388.83,389.2109,302278.494669
2026-06-09T16:45:00+00:00,389.23,389.85,388.75,389.55,139857.13802399999
2026-06-09T16:50:00+00:00,389.51,390.39,389.48,389.96,137591.30092200002
2026-06-09T16:55:00+00:00,390.03,390.18,389.12,389.12,58815.650394000004
2026-06-09T17:00:00+00:00,389.115,390.26,389.115,390.2499,68410.483521
2026-06-09T17:05:00+00:00,390.29,391.33,390.155,391.27,55612.298822000004
2026-06-09T17:10:00+00:00,391.055,391.36,390.87,391.23,48496.013696
2026-06-09T17:15:00+00:00,391.235,391.37,390.74,391.12,79669.46786900001
2026-06-09T17:20:00+00:00,391.0,391.48,390.81,391.3,50725.212038
2026-06-09T17:25:00+00:00,391.3107,391.71,391.19,391.575,167186.66835899997
2026-06-09T17:30:00+00:00,391.52,391.6,391.04,391.27,82783.43967600001
2026-06-09T17:35:00+00:00,391.26,391.54,391.04,391.455,68591.369456
2026-06-09T17:40:00+00:00,391.42,391.56,391.15,391.24,47376.357657
2026-06-09T17:45:00+00:00,391.245,391.705,391.18,391.44,44272.584135
2026-06-09T17:50:00+00:00,391.43,391.6,390.66,390.73,70630.548094
2026-06-09T17:55:00+00:00,390.725,390.99,390.6451,390.82,34727.152424
2026-06-09T18:00:00+00:00,390.83,391.42,390.83,391.225,33771.817551
2026-06-09T18:05:00+00:00,391.27,391.49,390.93,391.224,41735.772331
2026-06-09T18:10:00+00:00,391.21,391.6,391.05,391.59,43782.906834
2026-06-09T18:15:00+00:00,391.595,391.62,391.21,391.45,57601.635615
2026-06-09T18:20:00+00:00,391.4501,391.88,391.25,391.825,58544.393392
2026-06-09T18:25:00+00:00,391.8251,392.25,391.64,392.22,53678.257202
2026-06-09T18:30:00+00:00,392.165,392.17,391.69,391.925,50344.380783
2026-06-09T18:35:00+00:00,391.94,392.27,391.7499,391.9062,40680.66988
2026-06-09T18:40:00+00:00,391.91,391.9499,391.73,391.79,32665.35037
2026-06-09T18:45:00+00:00,391.78,391.87,391.3,391.335,49896.45425
2026-06-09T18:50:00+00:00,391.36,391.45,391.19,391.43,372124.241093
2026-06-09T18:55:00+00:00,391.38,391.705,391.325,391.51,30769.298993
2026-06-09T19:00:00+00:00,391.54,392.03,391.49,391.9,38731.45778699999
2026-06-09T19:05:00+00:00,391.96,391.96,391.59,391.86,54676.06345
2026-06-09T19:10:00+00:00,391.85,392.04,391.43,391.45,29584.977497999997
2026-06-09T19:15:00+00:00,391.45,391.45,390.83,390.87,43418.655859
2026-06-09T19:20:00+00:00,390.885,390.885,390.52,390.57,49027.031834
2026-06-09T19:25:00+00:00,390.56,390.68,390.34,390.58,48998.06288899999
2026-06-09T19:30:00+00:00,390.565,390.79,390.44,390.712,77124.78923200001
2026-06-09T19:35:00+00:00,390.745,390.98,390.635,390.9,62583.335252000004
2026-06-09T19:40:00+00:00,390.88,390.95,390.31,390.365,70726.20112
2026-06-09T19:45:00+00:00,390.36,390.37,390.05,390.115,127772.16410000001
2026-06-09T19:50:00+00:00,390.12,390.26,390.03,390.15,127522.605585
2026-06-09T19:55:00+00:00,390.16,390.9,390.15,390.875,217952.431438
2026-06-09T20:00:00+00:00,390.89,391.0,390.62,390.87,331220.15006300004
2026-06-09T20:05:00+00:00,390.78,391.0,390.58,390.77,143562.44243300002
2026-06-09T20:10:00+00:00,391.0446,391.0446,390.7,390.7,23211.360351
2026-06-09T20:15:00+00:00,390.79,390.9,390.76,390.79,5920.0
2026-06-09T20:20:00+00:00,390.97,391.01,390.81,390.86,5025.252568
2026-06-09T20:25:00+00:00,390.87,390.93,390.81,390.81,1753.086902
2026-06-09T20:30:00+00:00,390.83,390.96,390.83,390.84,1140.821404
2026-06-09T20:35:00+00:00,390.89,390.9,390.7406,390.7809,2338.0081160000004
2026-06-09T20:40:00+00:00,390.8097,391.011,390.8097,391.011,524.075668
2026-06-09T20:45:00+00:00,391.0338,391.09,391.0,391.08,2473.275923
2026-06-09T20:50:00+00:00,391.15,391.15,391.07,391.14,108858.0
2026-06-09T20:55:00+00:00,391.04,391.04,391.0,391.0,853.940122
2026-06-09T21:00:00+00:00,390.9,390.9,390.9,390.9,143.0
2026-06-09T21:05:00+00:00,391.04,391.04,390.8,390.91,525.0
2026-06-09T21:10:00+00:00,391.0,391.0,391.0,391.0,260.0
2026-06-09T21:15:00+00:00,391.0,391.0873,391.0,391.0873,240.010235
2026-06-09T21:20:00+00:00,390.8282,390.9782,390.8282,390.9782,546.0
2026-06-09T21:25:00+00:00,390.9767,391.1,390.9767,391.1,5168.0
2026-06-09T21:30:00+00:00,391.2,391.2,391.12,391.12,847.274682
2026-06-09T21:35:00+00:00,391.12,391.17,391.12,391.12,491.0
2026-06-09T21:40:00+00:00,391.12,391.12,391.12,391.12,66.0
2026-06-09T21:45:00+00:00,391.13,391.13,391.13,391.13,138.0
2026-06-09T21:55:00+00:00,391.12,391.12,391.12,391.12,149.0
2026-06-09T22:00:00+00:00,391.12,391.1207,391.12,391.12,1047.0
2026-06-09T22:05:00+00:00,391.12,391.13,390.41,390.42,13362.700064999999
2026-06-09T22:15:00+00:00,390.5,390.7,390.49,390.7,462.0
2026-06-09T22:20:00+00:00,390.61,390.75,390.5,390.5,674.030714
2026-06-09T22:30:00+00:00,390.57,390.65,390.4,390.65,2408.1603450000002
2026-06-09T22:35:00+00:00,390.4,390.43,390.4,390.43,1646.0
2026-06-09T22:40:00+00:00,390.25,390.25,390.25,390.25,244.0
2026-06-09T22:45:00+00:00,390.45,390.6844,389.8105,389.8105,3064.705628
2026-06-09T22:50:00+00:00,389.61,389.8,388.95,388.95,5347.046933
2026-06-09T22:55:00+00:00,389.03,389.09,388.5,388.6778,1490.042304
2026-06-09T23:00:00+00:00,388.85,389.0,388.74,388.81,1426.0
2026-06-09T23:05:00+00:00,389.01,389.01,389.01,389.01,160.370372
2026-06-09T23:10:00+00:00,389.61,389.61,389.52,389.56,565.128255
2026-06-09T23:15:00+00:00,389.2093,389.2093,389.01,389.01,928.39243
2026-06-09T23:20:00+00:00,388.57,388.8,388.08,388.26,4431.951988
2026-06-09T23:25:00+00:00,388.42,388.5,387.99,387.99,2593.593295
2026-06-09T23:30:00+00:00,388.062,388.062,387.74,387.88,2272.577452
2026-06-09T23:35:00+00:00,387.7,388.01,387.6,387.92,1193.0103
2026-06-09T23:40:00+00:00,387.75,387.75,387.5,387.64,1742.418988
2026-06-09T23:45:00+00:00,387.51,387.6,387.11,387.15,2054.2837959999997
2026-06-09T23:50:00+00:00,387.0,387.15,386.64,386.64,3798.21972
2026-06-09T23:55:00+00:00,387.0,387.5606,386.52,387.3,2321.407659
2026-06-10T00:00:00+00:00,387.31,387.77,387.17,387.7,2045.252712
2026-06-10T08:05:00+00:00,385.87,387.45,382.0,382.04,105008.479327
2026-06-10T08:10:00+00:00,382.37,386.37,382.04,382.3,22305.736284000002
2026-06-10T08:15:00+00:00,382.4596,382.85,381.96,381.96,6842.647747
2026-06-10T08:20:00+00:00,382.5,383.47,382.38,383.15,1920.091285
2026-06-10T08:25:00+00:00,382.8499,382.87,382.6809,382.87,634.25
2026-06-10T08:30:00+00:00,382.89,383.02,382.7122,383.02,1443.496878
2026-06-10T08:35:00+00:00,382.98,382.98,382.5,382.59,2014.8517399999998
2026-06-10T08:40:00+00:00,383.06,383.2,382.96,382.96,923.126797
2026-06-10T08:45:00+00:00,383.12,383.43,382.87,382.87,3212.467213
2026-06-10T08:50:00+00:00,382.78,383.1,382.36,383.09,1120.0
2026-06-10T08:55:00+00:00,383.15,383.37,382.85,383.0,5675.353193
2026-06-10T09:00:00+00:00,382.86,382.87,382.61,382.62,4702.209217
2026-06-10T09:05:00+00:00,382.67,382.67,382.5,382.59,4694.283412
2026-06-10T09:10:00+00:00,382.5,382.79,382.5,382.74,2410.660359
2026-06-10T09:15:00+00:00,383.0,383.0,382.3,382.3,2533.0
2026-06-10T09:20:00+00:00,382.57,383.0257,382.5,382.95,2217.0064979999997
2026-06-10T09:25:00+00:00,382.76,382.76,382.44,382.63,1049.0
2026-06-10T09:30:00+00:00,382.78,382.78,382.66,382.66,682.0
2026-06-10T09:35:00+00:00,382.5,383.17,382.5,383.14,967.0
2026-06-10T09:40:00+00:00,383.43,383.54,383.17,383.18,2277.25
2026-06-10T09:45:00+00:00,382.6,382.6,382.6,382.6,221.676985
2026-06-10T09:50:00+00:00,382.91,383.01,382.5,382.63,1874.0021900000002
2026-06-10T09:55:00+00:00,382.53,382.53,382.18,382.18,687.0
2026-06-10T10:00:00+00:00,382.44,382.67,382.37,382.66,1232.0
2026-06-10T10:05:00+00:00,382.73,382.76,382.56,382.58,834.0
2026-06-10T10:10:00+00:00,382.57,382.57,381.48,381.6,2135.5978029999997
2026-06-10T10:15:00+00:00,381.72,382.06,381.46,382.06,6918.024606
2026-06-10T10:20:00+00:00,381.98,382.13,381.85,382.1295,1404.853249
2026-06-10T10:25:00+00:00,382.23,382.6201,382.221,382.34,8792.294322
2026-06-10T10:30:00+00:00,382.39,382.65,382.08,382.65,651.715176
2026-06-10T10:35:00+00:00,382.329,382.62,382.3,382.31,10963.68339
2026-06-10T10:40:00+00:00,382.3,382.63,382.3,382.4,666.11956
2026-06-10T10:45:00+00:00,382.45,382.8,382.26,382.8,7464.543291
2026-06-10T10:50:00+00:00,382.89,383.1,382.8,383.1,3783.329154
2026-06-10T10:55:00+00:00,383.26,383.26,382.87,383.0,1240.021786
2026-06-10T11:00:00+00:00,382.93,383.3,382.93,383.3,3447.6486670000004
2026-06-10T11:05:00+00:00,383.31,383.31,381.76,381.86,17318.403541
2026-06-10T11:10:00+00:00,381.87,382.16,381.29,381.8,18048.686216000002
2026-06-10T11:15:00+00:00,382.0,382.6,382.0,382.6,8608.106773
2026-06-10T11:20:00+00:00,382.55,382.83,382.3299,382.3299,3717.376808
2026-06-10T11:25:00+00:00,382.36,382.77,382.3593,382.4,12908.053952000002
2026-06-10T11:30:00+00:00,382.0,382.41,381.46,382.39,8583.778774
2026-06-10T11:35:00+00:00,382.42,382.42,381.99,382.15,3216.4147700000003
2026-06-10T11:40:00+00:00,382.1298,382.13,381.47,381.47,7182.277575
2026-06-10T11:45:00+00:00,381.57,381.72,381.5,381.5,5905.810606999999
2026-06-10T11:50:00+00:00,381.26,381.36,381.1,381.27,5190.741291
2026-06-10T11:55:00+00:00,381.44,382.09,381.39,381.4083,4864.100397
2026-06-10T12:00:00+00:00,381.36,381.4481,380.53,380.83,11320.132011000002
2026-06-10T12:05:00+00:00,380.75,381.0,380.599,380.61,13429.286814000001
2026-06-10T12:10:00+00:00,380.72,380.8294,380.48,380.55,8048.0136649999995
2026-06-10T12:15:00+00:00,380.39,380.39,379.55,379.7292,23498.669065000002
2026-06-10T12:20:00+00:00,379.65,380.24,379.54,379.74,33992.830554
2026-06-10T12:25:00+00:00,379.63,379.75,379.41,379.5493,17216.991134
2026-06-10T12:30:00+00:00,379.69,380.2,379.25,379.96,46356.240963000004
2026-06-10T12:35:00+00:00,380.19,383.04,379.15,382.1,130175.313809
2026-06-10T12:40:00+00:00,382.03,383.23,381.5,382.15,82267.397906
2026-06-10T12:45:00+00:00,381.9,382.3023,381.59,381.78,40812.857520000005
2026-06-10T12:50:00+00:00,381.8669,382.7,381.5,381.7,32040.412
2026-06-10T12:55:00+00:00,381.51,381.64,380.81,381.06,35015.118587000004
2026-06-10T13:00:00+00:00,381.1,381.15,380.2491,380.61,39505.31589699999
2026-06-10T13:05:00+00:00,380.5,381.497,380.5,381.25,22965.560508
2026-06-10T13:10:00+00:00,381.232,381.65,380.81,381.2,4302.327817
2026-06-10T13:15:00+00:00,381.38,381.64,380.98,381.0,16640.715526
2026-06-10T13:20:00+00:00,381.0,381.0,379.5,379.7,29956.845151
2026-06-10T13:25:00+00:00,379.61,380.5,379.31,380.4,13990.865002
2026-06-10T13:30:00+00:00,380.51,380.97,380.3703,380.84,26519.62268
2026-06-10T13:35:00+00:00,380.75,381.2264,380.24,380.24,451248.46302200004
2026-06-10T13:40:00+00:00,380.25,382.625,380.11,382.405,365047.79711999994
2026-06-10T13:45:00+00:00,382.42,383.5837,382.14,383.5837,220110.87199
2026-06-10T13:50:00+00:00,383.6013,384.2,383.1,384.2,237743.03728400002
2026-06-10T13:55:00+00:00,384.21,384.21,383.27,383.65,128006.935583
2026-06-10T14:00:00+00:00,383.68,383.9961,383.21,383.59,185335.12534600002
2026-06-10T14:05:00+00:00,383.63,383.7,382.77,382.89,267056.024587
2026-06-10T14:10:00+00:00,382.91,383.36,382.79,383.1,133293.014081
2026-06-10T14:15:00+00:00,383.13,383.7,382.795,383.15,128968.85522899998
2026-06-10T14:20:00+00:00,383.17,383.27,382.5,382.57,173990.601395
2026-06-10T14:25:00+00:00,382.5915,382.93,382.03,382.74,137393.334382
2026-06-10T14:30:00+00:00,382.71,382.85,381.72,381.89,345096.778063
2026-06-10T14:35:00+00:00,381.89,382.08,381.36,381.77,131293.294519
2026-06-10T14:40:00+00:00,381.8102,382.01,381.12,381.58,111079.491443
2026-06-10T14:45:00+00:00,381.55,381.92,380.84,380.84,96027.345529
2026-06-10T14:50:00+00:00,380.855,381.03,379.78,380.03,270987.756835
2026-06-10T14:55:00+00:00,380.0,380.24,379.74,379.76,157921.762433
2026-06-10T15:00:00+00:00,379.79,379.83,377.905,378.57,275423.883686
2026-06-10T15:05:00+00:00,378.59,379.65,378.42,378.98,268575.452106
2026-06-10T15:10:00+00:00,378.98,379.01,378.38,378.73,218826.998752
2026-06-10T15:15:00+00:00,378.78,378.84,378.1,378.45,282048.230167
2026-06-10T15:20:00+00:00,378.52,378.52,377.536,377.77,159421.92609300002
2026-06-10T15:25:00+00:00,377.74,379.415,377.7,379.094,107678.806454
2026-06-10T15:30:00+00:00,379.04,379.66,378.825,378.825,263086.356398
2026-06-10T15:35:00+00:00,378.825,379.11,378.46,378.83,192357.792923
2026-06-10T15:40:00+00:00,378.845,379.1,378.34,378.57,96181.39313499999
2026-06-10T15:45:00+00:00,378.51,379.0,378.24,378.89,183692.838731
2026-06-10T15:50:00+00:00,378.88,379.11,377.03,377.9475,400697.11854800006
2026-06-10T15:55:00+00:00,377.91,378.63,376.87,378.11,360703.63828199997
2026-06-10T16:00:00+00:00,378.11,378.92,377.63,378.85,152400.690785
2026-06-10T16:05:00+00:00,378.93,379.19,378.33,378.7,165216.62153
2026-06-10T16:10:00+00:00,378.64,379.1599,378.52,379.05,152222.82510900003
2026-06-10T16:15:00+00:00,379.0,379.33,378.52,378.995,76657.71673799999
2026-06-10T16:20:00+00:00,378.98,379.39,378.85,379.2401,76767.288285
2026-06-10T16:25:00+00:00,379.39,379.59,378.94,379.0,155332.87749800002
2026-06-10T16:30:00+00:00,379.0,379.26,378.7001,378.82,47323.479861
2026-06-10T16:35:00+00:00,378.76,379.005,378.25,378.99,53167.08723600001
2026-06-10T16:40:00+00:00,378.965,379.22,378.65,378.8591,45467.87555700001
2026-06-10T16:45:00+00:00,378.81,378.88,378.19,378.34,42041.967287
2026-06-10T16:50:00+00:00,378.33,378.37,377.81,378.14,93445.89191199999
2026-06-10T16:55:00+00:00,378.15,378.4,377.96,378.13,73313.779096
2026-06-10T17:00:00+00:00,378.1,378.34,377.875,378.27,70545.413964
2026-06-10T17:05:00+00:00,378.25,379.48,378.21,379.2001,123517.909304
2026-06-10T17:10:00+00:00,379.2,379.23,378.03,378.15,139145.452048
2026-06-10T17:15:00+00:00,378.13,378.16,377.62,377.9,94445.089608
2026-06-10T17:20:00+00:00,377.9,378.14,377.4707,377.56,89483.79962800001
2026-06-10T17:25:00+00:00,377.56,377.79,377.2,377.35,117754.189521
2026-06-10T17:30:00+00:00,377.2901,377.655,377.12,377.24,116916.632436
2026-06-10T17:35:00+00:00,377.23,377.41,376.82,377.3035,130544.063526
2026-06-10T17:40:00+00:00,377.27,377.36,376.75,376.78,47167.386243999994
2026-06-10T17:45:00+00:00,376.79,376.87,376.47,376.525,93965.318878
2026-06-10T17:50:00+00:00,376.54,377.42,376.37,377.31,83738.74311499999
2026-06-10T17:55:00+00:00,377.31,377.5,376.6,377.16,139266.69858999999
2026-06-10T18:00:00+00:00,377.16,377.5319,377.12,377.39,157597.06016400002
2026-06-10T18:05:00+00:00,377.43,378.1635,377.37,378.1,121004.25582
2026-06-10T18:10:00+00:00,378.15,378.15,377.62,377.62,63470.572489
2026-06-10T18:15:00+00:00,377.65,377.92,377.65,377.7835,33600.606183
2026-06-10T18:20:00+00:00,377.74,377.9699,377.26,377.45,32537.591324
2026-06-10T18:25:00+00:00,377.4409,377.675,377.345,377.45,40981.519726
2026-06-10T18:30:00+00:00,377.46,377.6575,377.16,377.425,114474.00959
2026-06-10T18:35:00+00:00,377.44,377.46,377.11,377.12,37692.508987
2026-06-10T18:40:00+00:00,377.1,377.225,376.875,376.94,168387.829838
2026-06-10T18:45:00+00:00,376.945,377.17,376.68,376.7158,103830.66696399999
2026-06-10T18:50:00+00:00,376.72,376.92,376.65,376.69,57967.567032
2026-06-10T18:55:00+00:00,376.7,376.7,376.05,376.48,93518.848637
2026-06-10T19:00:00+00:00,376.455,376.59,376.24,376.41,52565.877108
2026-06-10T19:05:00+00:00,376.43,376.46,375.92,375.9601,113768.654732
2026-06-10T19:10:00+00:00,375.95,376.2,375.8205,375.8205,120301.563129
2026-06-10T19:15:00+00:00,375.82,375.84,375.14,375.275,116032.394328
2026-06-10T19:20:00+00:00,375.29,375.59,375.1401,375.32,142396.422068
2026-06-10T19:25:00+00:00,375.335,375.36,374.69,374.9,183128.490891
2026-06-10T19:30:00+00:00,374.82,374.98,374.55,374.89,182810.61971499998
2026-06-10T19:35:00+00:00,374.91,375.24,374.765,374.985,147896.658593
2026-06-10T19:40:00+00:00,375.01,375.06,374.62,375.0,139512.979376
2026-06-10T19:45:00+00:00,374.99,375.51,374.98,375.48,233899.49221
2026-06-10T19:50:00+00:00,375.46,375.57,374.96,375.19,188080.485649
2026-06-10T19:55:00+00:00,375.18,375.49,374.94,375.08,322409.72059299995
2026-06-10T20:00:00+00:00,375.07,375.07,374.57,374.66,436625.81446599995
2026-06-10T20:05:00+00:00,374.58,374.65,374.0,374.2,52952.132874999996
2026-06-10T20:10:00+00:00,374.25,374.25,373.54,373.63,35162.021419
2026-06-10T20:15:00+00:00,373.59,373.84,373.48,373.7,24027.677016
2026-06-10T20:20:00+00:00,373.74,373.98,373.74,373.98,20852.546569
2026-06-10T20:25:00+00:00,373.9,374.21,373.889,374.18,11995.668629
2026-06-10T20:30:00+00:00,374.2,374.4431,374.2,374.3,6679.13849
2026-06-10T20:35:00+00:00,374.18,374.22,373.97,374.2,8405.960957
2026-06-10T20:40:00+00:00,374.07,374.25,373.97,374.11,3858.166832
2026-06-10T20:45:00+00:00,373.92,373.93,373.71,373.8,1601.222969
2026-06-10T20:50:00+00:00,373.81,373.81,373.33,373.46,6005.948437999999
2026-06-10T20:55:00+00:00,373.33,373.5,373.29,373.5,21470.22
2026-06-10T21:00:00+00:00,373.4,373.73,373.4,373.5001,2383.0
2026-06-10T21:05:00+00:00,373.69,373.974,373.6,373.85,2115.152649
2026-06-10T21:10:00+00:00,373.8,373.81,373.56,373.78,3762.057417
2026-06-10T21:15:00+00:00,373.5,373.79,373.5,373.76,2501.0
2026-06-10T21:20:00+00:00,373.78,373.82,373.68,373.81,1847.080222
2026-06-10T21:25:00+00:00,373.68,373.89,373.68,373.76,4380.003529
2026-06-10T21:30:00+00:00,373.8727,373.9,373.69,373.7,1375.0
2026-06-10T21:35:00+00:00,373.85,373.8727,373.85,373.8727,404.0
2026-06-10T21:40:00+00:00,373.7,373.95,373.7,373.95,1598.0
2026-06-10T21:45:00+00:00,373.85,373.85,373.71,373.71,670.0
2026-06-10T21:50:00+00:00,373.69,373.89,373.69,373.89,802.0
2026-06-10T21:55:00+00:00,373.72,373.9449,373.71,373.71,2518.0
2026-06-10T22:00:00+00:00,373.72,373.96,373.68,373.89,5626.578398
2026-06-10T22:05:00+00:00,373.71,373.8,372.5,372.68,5177.461552
2026-06-10T22:10:00+00:00,372.8,372.8,371.86,371.98,8991.161893
2026-06-10T22:15:00+00:00,371.9,372.22,371.65,372.22,19481.0
2026-06-10T22:20:00+00:00,372.21,372.24,371.01,371.47,15497.35
2026-06-10T22:25:00+00:00,371.44,371.44,370.5,370.55,13112.595873
2026-06-10T22:30:00+00:00,370.55,371.11,370.5,371.11,4573.31498
2026-06-10T22:35:00+00:00,371.2896,372.0,371.2896,371.86,8686.402934
2026-06-10T22:40:00+00:00,371.6,373.0,371.6,372.96,5832.535978
2026-06-10T22:45:00+00:00,373.0,373.33,372.71,372.88,4913.102962999999
2026-06-10T22:50:00+00:00,372.75,373.0,372.28,372.75,4424.005177999999
2026-06-10T22:55:00+00:00,372.73,372.75,371.86,372.0,8059.0
2026-06-10T23:00:00+00:00,371.85,371.85,371.18,371.25,7504.728179
2026-06-10T23:05:00+00:00,371.2,371.85,371.2,371.52,4027.033869
2026-06-10T23:10:00+00:00,371.5,371.5,370.75,370.75,2839.578496
2026-06-10T23:15:00+00:00,370.88,370.9,369.143,369.51,15187.916281
2026-06-10T23:20:00+00:00,369.73,370.76,369.4,370.76,8111.247
2026-06-10T23:25:00+00:00,370.94,371.4,370.79,370.96,16239.202926999998
2026-06-10T23:30:00+00:00,371.0,372.89,370.81,372.89,8555.699691000002
2026-06-10T23:35:00+00:00,372.74,372.95,372.12,372.4,7373.713982
2026-06-10T23:40:00+00:00,372.4041,372.78,372.4041,372.56,1658.3210530000001
2026-06-10T23:45:00+00:00,372.51,372.9,372.2,372.2,8302.250298
2026-06-10T23:50:00+00:00,372.2,372.24,371.51,371.6,14406.335813
2026-06-10T23:55:00+00:00,371.58,371.89,371.58,371.6434,8610.692923
2026-06-11T00:00:00+00:00,371.63,371.8,371.0809,371.46,32675.085850000003
2026-06-11T08:05:00+00:00,376.57,377.27,373.7,374.76,53203.643681999994
2026-06-11T08:10:00+00:00,374.91,377.33,374.1,377.08,30121.358535
2026-06-11T08:15:00+00:00,377.33,377.33,376.81,376.81,748.4638309999999
2026-06-11T08:20:00+00:00,376.62,376.8,376.62,376.8,1037.879293
2026-06-11T08:25:00+00:00,376.7,376.7,376.37,376.39,809.0
2026-06-11T08:30:00+00:00,376.43,376.53,376.01,376.01,2324.224335
2026-06-11T08:35:00+00:00,376.0,376.0,375.6764,375.77,1419.9155150000001
2026-06-11T08:40:00+00:00,375.84,376.16,375.78,375.88,2257.105338
2026-06-11T08:45:00+00:00,375.874,375.874,375.414,375.5,643.0
2026-06-11T08:50:00+00:00,375.32,375.48,375.27,375.3,16764.6489
2026-06-11T08:55:00+00:00,375.3,375.46,375.0,375.06,6633.8365810000005
2026-06-11T09:00:00+00:00,375.0,375.03,375.0,375.03,801.381248
2026-06-11T09:05:00+00:00,374.95,374.95,374.83,374.85,722.536018
2026-06-11T09:10:00+00:00,374.99,374.99,374.65,374.65,2692.0
2026-06-11T09:15:00+00:00,374.58,374.94,374.58,374.92,2029.0
2026-06-11T09:20:00+00:00,375.1,375.202,374.938,375.202,997.255416
2026-06-11T09:25:00+00:00,374.91,374.93,374.83,374.84,958.296458
2026-06-11T09:30:00+00:00,374.72,374.72,374.32,374.32,2533.008758
2026-06-11T09:35:00+00:00,374.23,374.55,374.2007,374.45,2192.798425
2026-06-11T09:40:00+00:00,375.0,375.0,375.0,375.0,133.0
2026-06-11T09:45:00+00:00,375.28,375.48,375.2,375.48,2487.0
2026-06-11T09:50:00+00:00,375.49,375.81,375.49,375.71,1747.0
2026-06-11T09:55:00+00:00,375.79,375.79,375.4,375.4,493.001588
2026-06-11T10:00:00+00:00,375.59,375.59,375.37,375.37,530.1634
2026-06-11T10:05:00+00:00,375.27,375.27,375.27,375.27,265.612381
2026-06-11T10:10:00+00:00,375.49,375.61,375.4,375.4,447.0
2026-06-11T10:15:00+00:00,375.22,375.46,375.22,375.46,289.0
2026-06-11T10:20:00+00:00,375.54,375.54,375.07,375.07,413.0
2026-06-11T10:25:00+00:00,375.0,375.64,375.0,375.64,1438.7308709999998
2026-06-11T10:30:00+00:00,375.6,375.6,375.54,375.54,99.0
2026-06-11T10:35:00+00:00,375.16,375.47,375.14,375.4,1419.007524
2026-06-11T10:40:00+00:00,375.37,375.422,375.37,375.41,1134.534426
2026-06-11T10:45:00+00:00,375.4,375.4,375.4,375.4,477.318839
2026-06-11T10:50:00+00:00,375.22,375.22,375.16,375.16,168.0
2026-06-11T10:55:00+00:00,375.43,375.45,375.33,375.34,333.0
2026-06-11T11:00:00+00:00,375.24,375.38,375.2374,375.35,1768.276227
2026-06-11T11:05:00+00:00,375.34,375.52,375.026,375.48,4398.065055
2026-06-11T11:10:00+00:00,375.56,375.57,375.14,375.43,21745.117609
2026-06-11T11:15:00+00:00,375.4444,375.4444,375.0,375.0,1048.0119479999998
2026-06-11T11:20:00+00:00,374.78,375.2492,374.75,375.0,1571.0
2026-06-11T11:25:00+00:00,374.9,375.09,374.9,375.09,1307.047607
2026-06-11T11:30:00+00:00,374.9795,375.18,374.9296,375.18,2520.760454
2026-06-11T11:35:00+00:00,375.37,375.65,375.18,375.23,6901.2056299999995
2026-06-11T11:40:00+00:00,375.05,375.07,374.61,374.61,3624.256802
2026-06-11T11:45:00+00:00,374.66,374.7,374.58,374.7,669.7430449999999
2026-06-11T11:50:00+00:00,374.81,374.85,374.6,374.84,1836.3612640000001
2026-06-11T11:55:00+00:00,374.84,375.0,374.8,375.0,3595.406091
2026-06-11T12:00:00+00:00,375.01,375.01,374.5,374.5,1680.0149999999999
2026-06-11T12:05:00+00:00,374.48,374.83,374.2,374.74,2710.664868
2026-06-11T12:10:00+00:00,375.0,375.0,374.3624,374.3624,9032.409987
2026-06-11T12:15:00+00:00,374.21,374.21,373.95,374.07,10996.140609999999
2026-06-11T12:20:00+00:00,374.09,374.4,373.96,374.0,2795.374568
2026-06-11T12:25:00+00:00,373.94,374.16,372.78,373.12,19653.328301999998
2026-06-11T12:30:00+00:00,373.12,373.6999,372.86,373.17,4910.360444999999
2026-06-11T12:35:00+00:00,373.45,373.84,372.34,372.85,50948.03661
2026-06-11T12:40:00+00:00,372.55,373.04,372.45,373.0,6357.399911
2026-06-11T12:45:00+00:00,373.141,374.11,373.03,373.87,28251.025
2026-06-11T12:50:00+00:00,373.74,374.54,373.57,374.23,18219.691656
2026-06-11T12:55:00+00:00,374.03,374.51,373.75,374.48,16963.347374
2026-06-11T13:00:00+00:00,374.55,374.89,374.12,374.51,13183.67
2026-06-11T13:05:00+00:00,374.67,374.89,374.4,374.75,9134.133033
2026-06-11T13:10:00+00:00,374.75,374.99,374.32,374.92,12226.0
2026-06-11T13:15:00+00:00,374.9,374.9097,373.56,373.687,17356.091033
2026-06-11T13:20:00+00:00,373.8,374.11,373.72,373.72,36157.012807
2026-06-11T13:25:00+00:00,373.81,374.21,373.78,374.0,10707.05431
2026-06-11T13:30:00+00:00,373.93,374.49,373.7,373.97,29467.5
2026-06-11T13:35:00+00:00,373.96,374.53,373.64,373.9,427471.75713300006
2026-06-11T13:40:00+00:00,373.85,374.63,373.28,373.67,195233.239537
2026-06-11T13:45:00+00:00,373.67,374.23,373.18,374.035,151411.572677
2026-06-11T13:50:00+00:00,374.025,375.52,373.76,374.68,488439.162091
2026-06-11T13:55:00+00:00,374.74,375.5,374.74,374.86,139171.151702
2026-06-11T14:00:00+00:00,374.88,375.43,374.57,374.64,169048.430473
2026-06-11T14:05:00+00:00,374.69,374.87,373.94,374.18,199997.993016
2026-06-11T14:10:00+00:00,374.16,374.17,372.58,372.75,198728.498517
2026-06-11T14:15:00+00:00,372.775,372.84,371.88,372.61,185895.968592
2026-06-11T14:20:00+00:00,372.58,373.11,372.16,372.83,81510.944511
2026-06-11T14:25:00+00:00,372.83,374.55,372.8,374.31,156459.47173699999
2026-06-11T14:30:00+00:00,374.3,374.8,373.75,373.89,94109.57975599999
2026-06-11T14:35:00+00:00,373.87,374.12,373.46,373.69,96465.932707
2026-06-11T14:40:00+00:00,373.57,374.34,373.53,374.2573,92890.183841
2026-06-11T14:45:00+00:00,374.27,374.71,374.02,374.08,58242.262271
2026-06-11T14:50:00+00:00,374.09,374.34,373.71,374.24,41835.227204
2026-06-11T14:55:00+00:00,374.22,374.44,373.791,374.095,106250.160151
2026-06-11T15:00:00+00:00,374.05,374.28,373.64,373.78,56147.339485
2026-06-11T15:05:00+00:00,373.74,374.075,373.5,373.8,110685.548188
2026-06-11T15:10:00+00:00,373.83,374.97,373.66,374.44,113716.182971
2026-06-11T15:15:00+00:00,374.495,375.12,374.39,374.48,150197.336512
2026-06-11T15:20:00+00:00,374.55,375.0,374.38,374.6,53816.436337
2026-06-11T15:25:00+00:00,374.615,375.235,374.08,374.31,73929.716833
2026-06-11T15:30:00+00:00,374.23,374.82,373.92,374.62,56689.492366
2026-06-11T15:35:00+00:00,374.58,374.63,374.19,374.37,83954.30622099999
2026-06-11T15:40:00+00:00,374.385,375.05,374.29,374.9755,88441.988698
2026-06-11T15:45:00+00:00,375.01,375.37,374.98,375.14,48894.38838
2026-06-11T15:50:00+00:00,375.135,375.47,375.1,375.3,66608.024852
2026-06-11T15:55:00+00:00,375.31,375.78,375.16,375.32,87980.17793899999
2026-06-11T16:00:00+00:00,375.27,375.3,374.87,375.21,70473.39029
2026-06-11T16:05:00+00:00,375.2,375.59,374.98,375.07,52738.855437
2026-06-11T16:10:00+00:00,375.09,375.62,374.98,375.5351,66115.72103
2026-06-11T16:15:00+00:00,375.53,376.5,375.41,376.46,87554.955598
2026-06-11T16:20:00+00:00,376.46,376.9,375.9001,375.94,87903.26855300002
2026-06-11T16:25:00+00:00,375.97,376.09,375.08,375.12,112259.247908
2026-06-11T16:30:00+00:00,375.16,375.205,374.34,374.36,71993.535218
2026-06-11T16:35:00+00:00,374.33,375.115,374.25,374.83,62092.80577200001
2026-06-11T16:40:00+00:00,374.81,374.97,374.55,374.62,28003.581971
2026-06-11T16:45:00+00:00,374.645,374.8385,374.4701,374.53,29575.212479
2026-06-11T16:50:00+00:00,374.53,374.74,374.38,374.46,27650.318862
2026-06-11T16:55:00+00:00,374.48,374.56,374.21,374.35,60304.986271
2026-06-11T17:00:00+00:00,374.35,374.56,374.32,374.37,25843.246698
2026-06-11T17:05:00+00:00,374.39,374.48,373.66,373.9362,75586.421903
2026-06-11T17:10:00+00:00,373.94,374.19,373.9,374.06,28915.263458
2026-06-11T17:15:00+00:00,374.11,374.31,373.73,374.07,32042.880045
2026-06-11T17:20:00+00:00,374.03,374.26,373.915,374.2099,52907.086528
2026-06-11T17:25:00+00:00,374.29,374.52,374.06,374.45,29645.081233999997
2026-06-11T17:30:00+00:00,374.44,376.48,374.27,376.48,219914.780094
2026-06-11T17:35:00+00:00,376.48,380.71,376.48,380.71,499089.28231499996
2026-06-11T17:40:00+00:00,380.68,381.26,379.72,380.84,182197.819825
2026-06-11T17:45:00+00:00,380.91,382.63,380.605,382.295,243681.34869699998
2026-06-11T17:50:00+00:00,382.32,382.32,381.06,381.12,174009.093278
2026-06-11T17:55:00+00:00,381.17,381.7942,380.475,381.1199,130132.454569
2026-06-11T18:00:00+00:00,381.07,381.435,380.44,380.9051,243709.03739399998
2026-06-11T18:05:00+00:00,381.0,381.245,379.44,379.75,153185.372684
2026-06-11T18:10:00+00:00,379.7,380.0,379.06,379.41,91839.492979
2026-06-11T18:15:00+00:00,379.42,380.49,379.4126,380.465,51545.184476
2026-06-11T18:20:00+00:00,380.46,381.97,380.35,381.8,130198.406797
2026-06-11T18:25:00+00:00,381.77,381.89,380.88,381.36,165735.759364
2026-06-11T18:30:00+00:00,381.34,381.395,380.86,381.07,73456.499859
2026-06-11T18:35:00+00:00,381.07,381.52,380.66,381.18,50103.279954
2026-06-11T18:40:00+00:00,381.2,381.56,381.065,381.38,46774.818591
2026-06-11T18:45:00+00:00,381.355,382.15,381.246,382.15,94693.44401800001
2026-06-11T18:50:00+00:00,382.18,382.75,382.07,382.455,74843.023897
2026-06-11T18:55:00+00:00,382.44,382.61,382.07,382.19,62404.984748
2026-06-11T19:00:00+00:00,382.2,382.29,381.77,381.86,91884.814655
2026-06-11T19:05:00+00:00,381.91,383.0151,381.91,383.0151,169167.77778399998
2026-06-11T19:10:00+00:00,382.97,383.115,382.585,383.01,128263.30460199999
2026-06-11T19:15:00+00:00,382.98,384.41,382.94,384.33,237079.08506200003
2026-06-11T19:20:00+00:00,384.35,385.1,384.12,384.94,233452.021525
2026-06-11T19:25:00+00:00,384.99,385.215,384.38,384.65,112318.477048
2026-06-11T19:30:00+00:00,384.62,385.25,384.43,384.99,96510.289785
2026-06-11T19:35:00+00:00,385.06,386.74,385.055,386.74,255521.541035
2026-06-11T19:40:00+00:00,386.73,387.21,386.14,386.1799,180375.817226
2026-06-11T19:45:00+00:00,386.17,386.92,386.155,386.31,147784.92776299999
2026-06-11T19:50:00+00:00,386.31,386.76,386.27,386.29,142596.953914
2026-06-11T19:55:00+00:00,386.34,386.82,386.2,386.81,367971.53213899996
2026-06-11T20:00:00+00:00,386.8,386.8,386.051,386.2,676978.353156
2026-06-11T20:05:00+00:00,386.36,386.75,386.13,386.13,52678.478056
2026-06-11T20:10:00+00:00,386.15,386.86,386.15,386.8,9596.856592
2026-06-11T20:15:00+00:00,386.66,387.02,386.56,386.7,21802.840636
2026-06-11T20:20:00+00:00,386.7,386.7679,386.5,386.62,8723.148925
2026-06-11T20:25:00+00:00,386.77,386.89,386.56,386.75,17621.048423
2026-06-11T20:30:00+00:00,386.78,386.83,386.55,386.64,3991.07832
2026-06-11T20:35:00+00:00,386.7,386.8951,386.51,386.59,6964.598596
2026-06-11T20:40:00+00:00,386.59,386.77,386.44,386.44,5912.499164999999
2026-06-11T20:45:00+00:00,386.34,386.5,386.27,386.27,2526.1632600000003
2026-06-11T20:50:00+00:00,386.28,386.581,386.2,386.581,4669.684563000001
2026-06-11T20:55:00+00:00,386.4369,386.5,386.33,386.5,4804.01
2026-06-11T21:00:00+00:00,386.4925,386.58,386.1203,386.58,4244.354101999999
2026-06-11T21:05:00+00:00,386.47,386.52,386.45,386.52,12796.0
2026-06-11T21:10:00+00:00,386.6884,386.6884,386.42,386.42,784.0
2026-06-11T21:15:00+00:00,386.6442,386.6442,386.34,386.34,1038.0433130000001
2026-06-11T21:20:00+00:00,386.48,386.48,386.3,386.35,861.0
2026-06-11T21:25:00+00:00,386.33,386.4,386.23,386.33,1521.0
2026-06-11T21:30:00+00:00,386.44,386.4903,386.2651,386.2651,1098.1293660000001
2026-06-11T21:35:00+00:00,386.32,386.495,386.23,386.44,1290.0
2026-06-11T21:40:00+00:00,386.32,386.4832,386.2635,386.2648,602.0
2026-06-11T21:45:00+00:00,386.48,386.48,386.35,386.38,2015.3504990000001
2026-06-11T21:50:00+00:00,386.48,386.48,386.4,386.45,485.0
2026-06-11T21:55:00+00:00,386.4799,386.4799,386.394,386.45,901.0
2026-06-11T22:00:00+00:00,386.39,386.47,386.37,386.37,1097.711824
2026-06-11T22:05:00+00:00,386.35,387.32,386.0,386.18,7016.335811999999
2026-06-11T22:10:00+00:00,386.18,386.32,386.13,386.28,467.103918
2026-06-11T22:15:00+00:00,386.0406,386.18,386.0406,386.18,519.0
2026-06-11T22:20:00+00:00,386.223,386.39,386.03,386.33,1588.0
2026-06-11T22:25:00+00:00,386.0575,386.45,386.0,386.0,6682.946028
2026-06-11T22:30:00+00:00,386.1,386.614,386.06,386.614,740.887651
2026-06-11T22:35:00+00:00,386.4899,386.74,386.37,386.55,1041.681571
2026-06-11T22:40:00+00:00,386.69,386.69,386.44,386.62,1121.0
2026-06-11T22:45:00+00:00,387.0,387.87,387.0,387.8173,3713.268405
2026-06-11T22:50:00+00:00,387.88,388.61,387.88,388.41,8028.93248
2026-06-11T22:55:00+00:00,388.0,388.58,387.89,388.51,4262.02169
2026-06-11T23:00:00+00:00,388.65,389.6,388.64,389.2,6107.023881
2026-06-11T23:05:00+00:00,389.31,389.4,388.0,388.0,4755.536887
2026-06-11T23:10:00+00:00,387.99,388.01,387.6108,387.74,3374.3096
2026-06-11T23:15:00+00:00,387.72,387.89,387.44,387.5,2656.480726
2026-06-11T23:20:00+00:00,387.78,387.78,387.37,387.37,495.180465
2026-06-11T23:25:00+00:00,387.3213,387.5536,386.6,386.6,2360.0
2026-06-11T23:30:00+00:00,387.0,387.01,386.5842,386.8,1504.0
2026-06-11T23:35:00+00:00,387.6766,387.6766,386.75,387.0,1219.047418
2026-06-11T23:40:00+00:00,387.0402,387.2846,386.92,387.2846,1238.0
2026-06-11T23:45:00+00:00,386.91,387.1999,386.91,387.19,1185.615018
2026-06-11T23:50:00+00:00,387.2,387.6,387.1,387.2,3258.002579
2026-06-11T23:55:00+00:00,387.33,387.45,386.9,386.9,4900.072208
2026-06-12T00:00:00+00:00,387.0,387.4,387.0,387.3393,1501.0
2026-06-12T08:05:00+00:00,384.79,385.62,382.8,383.9,23678.907295999998
2026-06-12T08:10:00+00:00,383.9,385.75,382.85,385.7,40222.133054
2026-06-12T08:15:00+00:00,385.72,385.81,385.65,385.78,4857.95105
2026-06-12T08:20:00+00:00,385.9,387.09,385.49,387.06,2765.677352
2026-06-12T08:25:00+00:00,387.32,387.6,386.62,386.9618,60136.2304
2026-06-12T08:30:00+00:00,387.0,387.0,386.57,386.57,3557.787784
2026-06-12T08:35:00+00:00,386.846,387.2396,386.83,387.14,1537.170012
2026-06-12T08:40:00+00:00,387.02,387.51,387.0,387.51,5296.0
2026-06-12T08:45:00+00:00,387.37,387.37,386.85,387.04,1116.152777
2026-06-12T08:50:00+00:00,387.23,387.23,386.9,387.0,1221.325971
2026-06-12T08:55:00+00:00,387.19,387.22,387.1,387.22,441.0
2026-06-12T09:00:00+00:00,387.47,387.8,387.39,387.57,755.0
2026-06-12T09:05:00+00:00,387.44,387.56,387.44,387.52,931.0
2026-06-12T09:10:00+00:00,387.4,387.57,387.4,387.54,408.012901
2026-06-12T09:15:00+00:00,387.58,387.58,387.51,387.51,741.0
2026-06-12T09:20:00+00:00,387.72,387.94,387.5,387.74,3716.037919
2026-06-12T09:25:00+00:00,387.55,387.67,387.23,387.67,656.0
2026-06-12T09:30:00+00:00,387.58,387.7,387.29,387.29,1850.0
2026-06-12T09:35:00+00:00,387.38,387.83,387.38,387.83,2771.0
2026-06-12T09:40:00+00:00,388.0,388.0,387.52,387.53,1104.432481
2026-06-12T09:45:00+00:00,387.9,388.01,387.9,388.0,7043.0
2026-06-12T09:50:00+00:00,387.8,387.98,387.75,387.94,624.446621
2026-06-12T09:55:00+00:00,387.6,387.72,387.56,387.66,5881.0
2026-06-12T10:00:00+00:00,387.76,387.79,387.65,387.7,1411.0
2026-06-12T10:05:00+00:00,387.58,387.59,387.58,387.59,615.138077
2026-06-12T10:10:00+00:00,387.36,387.8,387.36,387.8,2311.0
2026-06-12T10:15:00+00:00,387.48,387.51,387.48,387.51,204.0
2026-06-12T10:20:00+00:00,387.3,387.35,386.88,386.88,781.0
2026-06-12T10:25:00+00:00,386.97,386.97,386.5,386.5,4501.123251
2026-06-12T10:30:00+00:00,386.74,386.74,385.67,385.78,6009.159604
2026-06-12T10:35:00+00:00,386.64,387.19,386.64,386.87,4083.660816
2026-06-12T10:40:00+00:00,386.88,386.91,386.88,386.91,2029.0
2026-06-12T10:45:00+00:00,386.99,387.0,386.83,386.84,761.0
2026-06-12T10:50:00+00:00,386.78,387.03,386.77,387.03,1339.003851
2026-06-12T10:55:00+00:00,386.91,386.91,386.59,386.59,430.0
2026-06-12T11:00:00+00:00,386.53,387.23,386.48,386.56,16761.008
2026-06-12T11:05:00+00:00,386.59,386.599,386.06,386.06,1876.550985
2026-06-12T11:10:00+00:00,385.94,386.31,385.94,386.2,1061.294354
2026-06-12T11:15:00+00:00,386.28,386.28,385.99,386.1,1001.0
2026-06-12T11:20:00+00:00,386.19,386.19,385.9,385.92,443.0
2026-06-12T11:25:00+00:00,386.11,386.34,386.0,386.32,1432.057214
2026-06-12T11:30:00+00:00,386.23,386.23,385.67,385.67,5657.0
2026-06-12T11:35:00+00:00,385.7,385.7,385.3221,385.5,3690.042894
2026-06-12T11:40:00+00:00,385.62,385.71,385.51,385.71,1135.9426159999998
2026-06-12T11:45:00+00:00,385.9495,386.42,385.9495,386.2,1438.003806
2026-06-12T11:50:00+00:00,386.5,386.57,386.2681,386.2681,1402.233007
2026-06-12T11:55:00+00:00,386.29,386.8,386.29,386.8,2771.320645
2026-06-12T12:00:00+00:00,386.77,386.77,386.08,386.0969,5366.003985
2026-06-12T12:05:00+00:00,386.19,386.19,385.8,385.86,5892.003859
2026-06-12T12:10:00+00:00,386.1,386.28,386.01,386.26,2471.1263559999998
2026-06-12T12:15:00+00:00,386.37,386.74,386.37,386.74,1596.047541
2026-06-12T12:20:00+00:00,386.89,386.89,386.65,386.78,1633.004757
2026-06-12T12:25:00+00:00,386.52,386.52,385.65,385.82,4213.720658
2026-06-12T12:30:00+00:00,385.71,385.8,385.6,385.61,7164.051596
2026-06-12T12:35:00+00:00,385.61,385.61,385.2,385.39,3702.031096
2026-06-12T12:40:00+00:00,385.26,385.27,384.75,384.78,9512.813406
2026-06-12T12:45:00+00:00,384.75,385.5,384.75,385.22,16800.949548
2026-06-12T12:50:00+00:00,385.02,385.194,384.88,385.11,3262.2
2026-06-12T12:55:00+00:00,385.33,385.44,384.9671,384.9671,2641.178907
2026-06-12T13:00:00+00:00,384.7,384.73,384.55,384.55,2916.536953
2026-06-12T13:05:00+00:00,384.44,385.19,384.2,385.172,3622.0942029999997
2026-06-12T13:10:00+00:00,385.11,385.57,384.9613,385.57,1429.013113
2026-06-12T13:15:00+00:00,385.4,385.411,384.99,385.17,11909.313982
2026-06-12T13:20:00+00:00,385.3381,385.78,385.3381,385.78,2837.279778
2026-06-12T13:25:00+00:00,385.68,386.02,385.68,385.76,43775.326751
2026-06-12T13:30:00+00:00,385.8,385.8991,385.639,385.76,25485.006118999998
2026-06-12T13:35:00+00:00,385.73,385.92,385.17,385.345,139283.267203
2026-06-12T13:40:00+00:00,385.36,386.36,385.34,386.14,107069.55318199999
2026-06-12T13:45:00+00:00,386.1,386.14,383.85,384.61,379192.59718200006
2026-06-12T13:50:00+00:00,384.63,384.91,383.92,384.5801,95448.37591100001
2026-06-12T13:55:00+00:00,384.53,384.86,384.22,384.4825,57899.378035
2026-06-12T14:00:00+00:00,384.52,384.72,383.94,384.2051,53010.33195000001
2026-06-12T14:05:00+00:00,384.27,385.3,384.14,385.0,134511.897482
2026-06-12T14:10:00+00:00,384.98,385.31,384.0,385.275,117306.762139
2026-06-12T14:15:00+00:00,385.275,385.3,384.53,384.83,102268.69199400001
2026-06-12T14:20:00+00:00,384.75,385.38,384.54,384.54,49734.005537000005
2026-06-12T14:25:00+00:00,384.54,384.69,383.8601,384.29,61968.088923
2026-06-12T14:30:00+00:00,384.27,384.93,384.24,384.335,42683.57905300001
2026-06-12T14:35:00+00:00,384.35,384.49,383.7237,384.25,50632.846928
2026-06-12T14:40:00+00:00,384.21,384.8,384.1657,384.72,104505.275969
2026-06-12T14:45:00+00:00,384.75,384.83,383.7,384.03,56828.171631000005
2026-06-12T14:50:00+00:00,384.01,384.07,383.35,383.8909,45333.180087
2026-06-12T14:55:00+00:00,383.89,386.2,383.595,386.19,298427.410357
2026-06-12T15:00:00+00:00,386.15,386.23,385.56,385.885,99459.062707
2026-06-12T15:05:00+00:00,385.92,386.35,385.49,385.775,200007.99666
2026-06-12T15:10:00+00:00,385.8,386.47,385.79,386.24,142566.292939
2026-06-12T15:15:00+00:00,386.34,386.82,386.28,386.75,79236.987882
2026-06-12T15:20:00+00:00,386.79,387.24,386.68,386.89,99574.51367
2026-06-12T15:25:00+00:00,386.88,388.275,386.7177,388.092,177759.377279
2026-06-12T15:30:00+00:00,388.08,388.77,387.66,387.8156,167133.679784
2026-06-12T15:35:00+00:00,387.855,388.1,387.2,387.29,162819.58849099997
2026-06-12T15:40:00+00:00,387.27,388.0,386.9,387.2053,157350.16357099998
2026-06-12T15:45:00+00:00,387.24,387.27,386.47,386.52,101876.487117
2026-06-12T15:50:00+00:00,386.545,386.924,386.14,386.23,52936.444273
2026-06-12T15:55:00+00:00,386.26,387.0,386.2001,386.92,49543.828478
2026-06-12T16:00:00+00:00,386.91,387.17,386.539,386.601,44894.155055
2026-06-12T16:05:00+00:00,386.53,386.78,386.23,386.4,27374.245112000004
2026-06-12T16:10:00+00:00,386.39,386.81,386.26,386.73,38017.744912
2026-06-12T16:15:00+00:00,386.72,387.815,386.57,387.535,256263.44690599997
2026-06-12T16:20:00+00:00,387.5,388.539,387.48,387.74,126001.39973100001
2026-06-12T16:25:00+00:00,387.71,387.85,387.22,387.24,31158.700821
2026-06-12T16:30:00+00:00,387.22,387.41,386.99,387.1099,39170.914745
2026-06-12T16:35:00+00:00,387.115,387.23,387.0,387.1201,24203.669915999995
2026-06-12T16:40:00+00:00,387.1365,387.19,386.62,387.07,48241.972329000004
2026-06-12T16:45:00+00:00,387.11,387.38,386.71,386.74,46806.278503999994
2026-06-12T16:50:00+00:00,386.79,386.89,386.59,386.77,71760.836849
2026-06-12T16:55:00+00:00,386.765,387.12,386.62,386.93,77900.44105600001
2026-06-12T17:00:00+00:00,386.92,387.18,386.78,387.01,70864.26847
2026-06-12T17:05:00+00:00,387.01,387.43,387.01,387.4299,47408.734402
2026-06-12T17:10:00+00:00,387.41,388.0,387.29,387.43,218812.617212
2026-06-12T17:15:00+00:00,387.5,387.505,386.91,387.2625,113576.998441
2026-06-12T17:20:00+00:00,387.22,387.255,386.8,387.14,60784.104
2026-06-12T17:25:00+00:00,387.17,387.7,387.14,387.4601,51978.519841999994
2026-06-12T17:30:00+00:00,387.48,387.49,387.07,387.24,56178.188326
2026-06-12T17:35:00+00:00,387.25,387.39,386.81,387.36,44876.297349
2026-06-12T17:40:00+00:00,387.35,387.45,387.14,387.22,63441.519373999996
2026-06-12T17:45:00+00:00,387.21,387.68,387.105,387.555,49675.968569000004
2026-06-12T17:50:00+00:00,387.58,387.84,387.54,387.68,30996.908166
2026-06-12T17:55:00+00:00,387.65,387.78,387.59,387.675,32821.798455000004
2026-06-12T18:00:00+00:00,387.69,387.69,387.33,387.5,32397.458865
2026-06-12T18:05:00+00:00,387.51,387.6,387.34,387.38,40310.663438
2026-06-12T18:10:00+00:00,387.37,387.48,387.212,387.41,34194.419269000005
2026-06-12T18:15:00+00:00,387.48,388.17,387.38,388.04,43917.614334
2026-06-12T18:20:00+00:00,388.01,388.25,387.85,388.2,66019.346299
2026-06-12T18:25:00+00:00,388.19,388.74,388.16,388.17,86154.43448
2026-06-12T18:30:00+00:00,388.17,388.2152,387.76,387.925,101716.67799099999
2026-06-12T18:35:00+00:00,387.94,388.085,387.71,387.99,63273.405472
2026-06-12T18:40:00+00:00,387.9879,387.99,387.83,387.935,30640.694974
2026-06-12T18:45:00+00:00,387.94,388.265,387.89,388.18,207412.77084600003
2026-06-12T18:50:00+00:00,388.14,388.17,387.61,387.615,36791.103847
2026-06-12T18:55:00+00:00,387.62,387.6499,387.4,387.49,37193.798862
2026-06-12T19:00:00+00:00,387.49,387.53,386.7814,386.88,65786.11692999999
2026-06-12T19:05:00+00:00,386.91,387.22,386.82,387.1411,68992.519651
2026-06-12T19:10:00+00:00,387.14,387.305,386.96,387.155,35012.046086
2026-06-12T19:15:00+00:00,387.13,387.27,387.03,387.12,28669.730802
2026-06-12T19:20:00+00:00,387.1,387.1,386.76,386.89,33971.418544
2026-06-12T19:25:00+00:00,386.89,386.89,386.44,386.4785,48852.023565
2026-06-12T19:30:00+00:00,386.475,386.565,386.25,386.32,54913.233291
2026-06-12T19:35:00+00:00,386.315,386.475,385.89,385.93,68590.962595
2026-06-12T19:40:00+00:00,385.91,386.35,385.69,386.03,108348.73821599998
2026-06-12T19:45:00+00:00,385.99,386.19,385.94,385.97,61062.209177
2026-06-12T19:50:00+00:00,385.95,386.225,385.87,386.18,49135.03186
2026-06-12T19:55:00+00:00,386.17,386.28,386.065,386.145,139427.33526899997
2026-06-12T20:00:00+00:00,386.18,386.58,386.05,386.54,240875.46716299996
2026-06-12T20:05:00+00:00,386.54,386.64,386.38,386.4382,4728.789702
2026-06-12T20:10:00+00:00,386.48,386.6,386.4256,386.5596,3370.588127
2026-06-12T20:15:00+00:00,386.6,386.79,386.59,386.65,5250.583258
2026-06-12T20:20:00+00:00,386.76,386.76,386.676,386.7503,8679.842792
2026-06-12T20:25:00+00:00,386.89,387.0,386.89,386.95,1219.23786
2026-06-12T20:30:00+00:00,386.83,386.86,386.77,386.77,1584.098451
2026-06-12T20:35:00+00:00,386.73,386.73,386.73,386.73,226.0
2026-06-12T20:40:00+00:00,386.84,386.84,386.84,386.84,114.0
2026-06-12T20:45:00+00:00,386.82,386.83,386.82,386.83,123.0
2026-06-12T20:50:00+00:00,386.83,386.942,386.67,386.85,1725.02585
2026-06-12T20:55:00+00:00,387.0,387.2,387.0,387.0,2947.080114
2026-06-12T21:00:00+00:00,387.04,387.04,387.02,387.03,829.0
2026-06-12T21:05:00+00:00,387.11,387.11,387.0,387.0,5141.0
2026-06-12T21:10:00+00:00,387.0,387.19,387.0,387.19,394.108267
2026-06-12T21:15:00+00:00,387.01,387.2,387.01,387.2,567.0
2026-06-12T21:20:00+00:00,387.0,387.06,387.0,387.06,171.0
2026-06-12T21:30:00+00:00,387.12,387.13,387.12,387.13,169.0
2026-06-12T21:35:00+00:00,387.2,387.2,387.1,387.1,543.375213
2026-06-12T21:40:00+00:00,387.29,387.45,387.29,387.45,244.0
2026-06-12T21:45:00+00:00,387.2,387.2,387.0153,387.15,386.0
2026-06-12T21:50:00+00:00,387.6,387.6,387.6,387.6,107.0
2026-06-12T21:55:00+00:00,387.12,387.12,387.07,387.07,446.0
2026-06-12T22:00:00+00:00,387.31,387.31,387.31,387.31,108.0
2026-06-12T22:05:00+00:00,387.5545,387.5545,387.5545,387.5545,157.0
2026-06-12T22:10:00+00:00,387.37,387.37,387.07,387.07,752.0
2026-06-12T22:30:00+00:00,387.11,387.11,387.07,387.07,400.0
2026-06-12T22:35:00+00:00,387.07,387.0882,387.07,387.0882,487.0
2026-06-12T22:40:00+00:00,387.09,387.09,386.91,386.91,1565.762739
2026-06-12T22:45:00+00:00,386.88,387.5999,386.7822,387.5999,1099.5439999999999
2026-06-12T22:50:00+00:00,387.5813,387.5813,386.88,387.0,1062.537695
2026-06-12T23:00:00+00:00,387.0463,387.05,387.0463,387.05,137.00258300000002
2026-06-12T23:05:00+00:00,387.05,387.05,387.04,387.04,138.0
2026-06-12T23:10:00+00:00,387.01,387.455,387.01,387.455,379.0
2026-06-12T23:15:00+00:00,387.09,387.09,386.8,386.974,633.0
2026-06-12T23:20:00+00:00,386.9,387.0,386.85,386.9202,874.2
2026-06-12T23:30:00+00:00,386.9,386.9,386.9,386.9,273.0
2026-06-12T23:35:00+00:00,387.3,387.3,386.91,386.91,396.0
2026-06-12T23:40:00+00:00,387.29,387.29,387.0,387.0,325.328794
2026-06-12T23:45:00+00:00,386.86,386.9,386.86,386.9,183.02321899999998
2026-06-12T23:50:00+00:00,387.5744,387.5744,386.991,387.0,199.0
2026-06-12T23:55:00+00:00,386.92,387.5,386.92,387.5,1250.0
2026-06-13T00:00:00+00:00,387.5796,387.5796,387.29,387.3,424.040107
2026-06-15T08:05:00+00:00,396.59,397.45,394.9636,397.28,21914.583723
2026-06-15T08:10:00+00:00,397.08,397.49,395.0,396.25,81342.2
2026-06-15T08:15:00+00:00,395.9,397.31,395.9,397.29,6046.054018
2026-06-15T08:20:00+00:00,397.4,397.53,397.22,397.5,2224.212418
2026-06-15T08:25:00+00:00,397.42,397.57,397.26,397.5,3619.343573
2026-06-15T08:30:00+00:00,397.34,397.62,397.33,397.53,1773.005505
2026-06-15T08:35:00+00:00,397.5,398.5,397.5,398.5,7671.94179
2026-06-15T08:40:00+00:00,398.64,398.78,398.5,398.56,6238.0853560000005
2026-06-15T08:45:00+00:00,398.59,398.8,398.5,398.52,9870.690987999998
2026-06-15T08:50:00+00:00,398.51,398.55,398.33,398.33,846.300675
2026-06-15T08:55:00+00:00,398.14,398.28,397.9,398.28,2163.781673
2026-06-15T09:00:00+00:00,398.2,398.2,397.89,397.99,1885.069991
2026-06-15T09:05:00+00:00,398.04,398.48,398.01,398.48,3530.047592
2026-06-15T09:10:00+00:00,398.48,398.6,398.32,398.42,1240.1463760000001
2026-06-15T09:15:00+00:00,398.4397,398.4397,398.02,398.02,589.035147
2026-06-15T09:20:00+00:00,398.2,398.51,398.15,398.3,1086.3684269999999
2026-06-15T09:25:00+00:00,398.29,398.6,398.29,398.6,342.762739
2026-06-15T09:30:00+00:00,398.18,398.3,398.08,398.24,1833.130222
2026-06-15T09:35:00+00:00,398.12,398.1362,397.85,397.85,2701.5395580000004
2026-06-15T09:40:00+00:00,397.9317,398.36,397.9317,398.32,1047.0
2026-06-15T09:45:00+00:00,398.2,398.2,397.94,397.9468,2549.824322
2026-06-15T09:50:00+00:00,397.9,398.39,397.85,398.28,2982.0
2026-06-15T09:55:00+00:00,398.36,398.43,398.35,398.43,1105.063331
2026-06-15T10:00:00+00:00,398.26,398.38,398.08,398.08,776.80549
2026-06-15T10:05:00+00:00,398.08,398.1,398.05,398.1,352.255979
2026-06-15T10:10:00+00:00,398.16,398.4,398.16,398.19,1163.608913
2026-06-15T10:15:00+00:00,398.1,398.14,398.05,398.09,1588.047521
2026-06-15T10:20:00+00:00,398.13,398.279,398.13,398.279,928.832544
2026-06-15T10:25:00+00:00,398.18,398.18,398.04,398.04,947.2758670000001
2026-06-15T10:30:00+00:00,398.18,398.28,398.18,398.28,350.0
2026-06-15T10:35:00+00:00,398.15,398.33,398.15,398.3,435.0162
2026-06-15T10:40:00+00:00,398.25,398.28,398.01,398.04,9350.0
2026-06-15T10:45:00+00:00,398.0,398.15,397.99,398.1,10106.03
2026-06-15T10:50:00+00:00,398.1004,398.45,398.1004,398.14,4295.0
2026-06-15T10:55:00+00:00,398.36,398.36,398.08,398.1,1564.013742
2026-06-15T11:00:00+00:00,398.12,398.13,398.12,398.13,192.82
2026-06-15T11:05:00+00:00,398.12,398.2,398.01,398.1,16179.0
2026-06-15T11:10:00+00:00,398.13,398.28,398.08,398.22,3275.04366
2026-06-15T11:15:00+00:00,398.18,398.3,398.03,398.1,5713.562731
2026-06-15T11:20:00+00:00,398.16,398.25,398.11,398.25,6618.125671
2026-06-15T11:25:00+00:00,398.26,398.33,398.07,398.12,2177.150338
2026-06-15T11:30:00+00:00,398.1157,398.48,398.0934,398.48,6452.506801
2026-06-15T11:35:00+00:00,398.5,399.0,398.5,398.8785,9268.062549
2026-06-15T11:40:00+00:00,398.87,398.93,398.59,398.93,3828.6709849999997
2026-06-15T11:45:00+00:00,398.77,399.0,398.23,398.26,8357.734842
2026-06-15T11:50:00+00:00,398.15,398.15,397.49,397.64,15435.277283000001
2026-06-15T11:55:00+00:00,397.81,398.0,397.7513,398.0,2532.005282
2026-06-15T12:00:00+00:00,397.8088,397.99,397.8088,397.99,2201.734026
2026-06-15T12:05:00+00:00,397.85,398.2227,397.8,398.14,4627.0
2026-06-15T12:10:00+00:00,398.14,398.15,397.91,397.95,2990.0
2026-06-15T12:15:00+00:00,397.92,398.18,397.4934,397.58,5110.216387
2026-06-15T12:20:00+00:00,397.686,397.686,396.9,397.1,13088.0
2026-06-15T12:25:00+00:00,397.0,397.85,396.94,397.85,7577.0
2026-06-15T12:30:00+00:00,397.84,398.1,397.74,398.0859,5767.926702999999
2026-06-15T12:35:00+00:00,398.09,398.59,397.8471,398.59,13966.111502
2026-06-15T12:40:00+00:00,398.53,398.91,398.3642,398.7186,7144.090475
2026-06-15T12:45:00+00:00,398.7099,398.91,398.7099,398.91,1608.02
2026-06-15T12:50:00+00:00,398.7,398.97,398.7,398.88,7350.1
2026-06-15T12:55:00+00:00,398.88,399.12,398.65,398.67,60494.533637
2026-06-15T13:00:00+00:00,398.7815,399.13,398.77,399.05,3298.7788570000002
2026-06-15T13:05:00+00:00,399.0,399.061,398.57,398.7,3322.2448480000003
2026-06-15T13:10:00+00:00,398.63,398.94,398.48,398.85,5169.389171
2026-06-15T13:15:00+00:00,398.8972,399.23,398.8972,399.11,5092.007651
2026-06-15T13:20:00+00:00,399.24,399.58,399.18,399.504,17589.545417
2026-06-15T13:25:00+00:00,399.49,399.75,399.3803,399.48,13158.0
2026-06-15T13:30:00+00:00,399.51,399.78,399.4,399.52,38948.297725
2026-06-15T13:35:00+00:00,399.49,400.62,399.14,400.4,531992.325841
2026-06-15T13:40:00+00:00,400.39,400.76,400.1,400.42,312615.497897
2026-06-15T13:45:00+00:00,400.4,400.93,400.14,400.43,258350.37954400002
2026-06-15T13:50:00+00:00,400.42,400.55,400.07,400.29,230882.838728
2026-06-15T13:55:00+00:00,400.3,400.38,399.79,399.89,180726.730706
2026-06-15T14:00:00+00:00,399.9,400.265,399.61,399.68,162581.070502
2026-06-15T14:05:00+00:00,399.67,400.15,399.58,400.0,235849.57351199997
2026-06-15T14:10:00+00:00,400.01,401.0,399.92,400.69,532185.110094
2026-06-15T14:15:00+00:00,400.67,400.68,399.62,399.88,187792.099537
2026-06-15T14:20:00+00:00,399.89,400.39,399.86,400.26,206453.41492099996
2026-06-15T14:25:00+00:00,400.235,400.28,399.6,399.89,202431.42938800002
2026-06-15T14:30:00+00:00,399.895,400.5,399.86,400.45,111512.036007
2026-06-15T14:35:00+00:00,400.45,400.6,399.825,399.88,78624.29062
2026-06-15T14:40:00+00:00,399.91,400.12,399.59,399.89,91492.214266
2026-06-15T14:45:00+00:00,399.93,400.0,399.63,399.84,239472.616523
2026-06-15T14:50:00+00:00,399.825,400.36,399.73,400.3,156820.58537299998
2026-06-15T14:55:00+00:00,400.3,400.44,400.01,400.26,75763.44369900001
2026-06-15T15:00:00+00:00,400.23,400.3,399.79,399.82,98056.87873599998
2026-06-15T15:05:00+00:00,399.78,399.88,399.33,399.635,175209.039826
2026-06-15T15:10:00+00:00,399.65,400.03,399.49,399.6,106136.600995
2026-06-15T15:15:00+00:00,399.61,399.61,399.17,399.3,74582.39216599999
2026-06-15T15:20:00+00:00,399.28,399.73,399.26,399.3582,79566.48191
2026-06-15T15:25:00+00:00,399.345,399.86,399.25,399.78,83184.349862
2026-06-15T15:30:00+00:00,399.77,399.96,399.52,399.6,163331.23701500002
2026-06-15T15:35:00+00:00,399.5959,399.65,399.09,399.48,86230.286983
2026-06-15T15:40:00+00:00,399.465,399.72,399.45,399.65,83559.21703899998
2026-06-15T15:45:00+00:00,399.64,400.1,399.58,399.9,108206.928751
2026-06-15T15:50:00+00:00,399.91,400.24,399.855,399.88,114874.858008
2026-06-15T15:55:00+00:00,399.84,399.9,399.65,399.81,76187.06671800002
2026-06-15T16:00:00+00:00,399.82,400.025,399.8,399.83,184420.013429
2026-06-15T16:05:00+00:00,399.82,399.92,399.62,399.88,76121.826797
2026-06-15T16:10:00+00:00,399.9,400.05,399.45,399.455,165352.15731599997
2026-06-15T16:15:00+00:00,399.46,399.49,399.13,399.35,50825.399738
2026-06-15T16:20:00+00:00,399.35,399.44,398.66,398.84,85246.151294
2026-06-15T16:25:00+00:00,398.83,398.91,398.32,398.3351,85915.524993
2026-06-15T16:30:00+00:00,398.34,398.71,398.25,398.57,88174.242874
2026-06-15T16:35:00+00:00,398.59,398.59,398.1799,398.39,61828.364024999995
2026-06-15T16:40:00+00:00,398.36,398.44,398.11,398.195,36656.752301
2026-06-15T16:45:00+00:00,398.21,398.39,397.91,397.93,86274.014743
2026-06-15T16:50:00+00:00,397.93,398.14,397.88,397.985,67069.564944
2026-06-15T16:55:00+00:00,398.02,398.155,397.79,398.095,33326.19087
2026-06-15T17:00:00+00:00,398.08,398.26,397.95,398.19,33310.982734000005
2026-06-15T17:05:00+00:00,398.17,398.17,397.685,397.74,34226.181276
2026-06-15T17:10:00+00:00,397.7327,397.83,397.43,397.57,48522.814446000004
2026-06-15T17:15:00+00:00,397.5737,397.81,397.4014,397.74,59212.984626000005
2026-06-15T17:20:00+00:00,397.71,397.8,397.41,397.45,35491.466661
2026-06-15T17:25:00+00:00,397.41,397.5,397.26,397.425,39878.714165000005
2026-06-15T17:30:00+00:00,397.44,397.73,397.31,397.34,60332.084865
2026-06-15T17:35:00+00:00,397.33,397.37,396.97,396.97,56353.630797000005
2026-06-15T17:40:00+00:00,397.0,397.16,396.62,396.86,87227.292778
2026-06-15T17:45:00+00:00,396.85,396.89,396.52,396.66,73281.55937
2026-06-15T17:50:00+00:00,396.657,396.9,396.57,396.7,33028.980892
2026-06-15T17:55:00+00:00,396.72,396.76,396.49,396.59,35310.462426
2026-06-15T18:00:00+00:00,396.55,396.9199,396.5,396.91,44550.501766
2026-06-15T18:05:00+00:00,396.88,396.9,396.28,396.5,61088.750537
2026-06-15T18:10:00+00:00,396.5013,396.62,396.335,396.52,56511.110145
2026-06-15T18:15:00+00:00,396.52,396.8798,396.49,396.854,48457.540797
2026-06-15T18:20:00+00:00,396.86,397.03,396.7,396.91,44097.76616100001
2026-06-15T18:25:00+00:00,396.92,397.2,396.915,397.075,33160.119776
2026-06-15T18:30:00+00:00,397.07,397.18,396.878,396.9,27225.139477
2026-06-15T18:35:00+00:00,396.91,396.94,396.64,396.76,106236.42590199999
2026-06-15T18:40:00+00:00,396.7416,396.9799,396.64,396.92,36055.772794
2026-06-15T18:45:00+00:00,396.92,397.04,396.86,396.87,45348.443764
2026-06-15T18:50:00+00:00,396.91,396.94,396.8,396.88,67711.211885
2026-06-15T18:55:00+00:00,396.91,397.13,396.9,396.99,380823.82148899994
2026-06-15T19:00:00+00:00,397.0,397.06,396.92,396.98,56090.737765
2026-06-15T19:05:00+00:00,396.99,397.06,396.63,396.67,61822.13559500001
2026-06-15T19:10:00+00:00,396.63,396.78,396.57,396.66,54981.377070999995
2026-06-15T19:15:00+00:00,396.63,396.76,396.53,396.69,58091.58253500001
2026-06-15T19:20:00+00:00,396.7,396.85,396.67,396.82,62098.888506999996
2026-06-15T19:25:00+00:00,396.83,396.87,396.56,396.78,68268.18433799999
2026-06-15T19:30:00+00:00,396.7744,396.81,396.55,396.59,53526.350908
2026-06-15T19:35:00+00:00,396.6,396.8,396.59,396.69,338274.572328
2026-06-15T19:40:00+00:00,396.6762,396.6812,396.39,396.51,118291.56465900001
2026-06-15T19:45:00+00:00,396.5001,396.539,396.275,396.36,92515.128125
2026-06-15T19:50:00+00:00,396.36,396.45,396.22,396.3,135479.93869500002
2026-06-15T19:55:00+00:00,396.29,396.52,396.15,396.47,242810.61126799998
2026-06-15T20:00:00+00:00,396.47,396.59,396.32,396.57,446296.68246000004
2026-06-15T20:05:00+00:00,396.55,398.678,396.43,396.43,142607.419153
2026-06-15T20:10:00+00:00,396.4822,396.4822,396.3805,396.48,1019.077
2026-06-15T20:15:00+00:00,396.4,396.4,396.1,396.11,4987.13483
2026-06-15T20:20:00+00:00,396.13,396.3,396.0,396.3,3078.650402
2026-06-15T20:25:00+00:00,396.23,396.23,395.76,395.76,18769.0
2026-06-15T20:30:00+00:00,395.78,395.96,395.7,395.79,4762.065725
2026-06-15T20:35:00+00:00,395.8036,395.8351,395.7,395.7,3026.902819
2026-06-15T20:40:00+00:00,395.66,395.79,395.62,395.79,819.051147
2026-06-15T20:45:00+00:00,395.6565,395.6565,395.5676,395.5676,664.0
2026-06-15T20:50:00+00:00,395.52,395.65,395.5,395.59,2480.012636
2026-06-15T20:55:00+00:00,395.59,395.59,395.3,395.36,3688.572357
2026-06-15T21:00:00+00:00,395.32,395.4653,395.3,395.4284,1316.0
2026-06-15T21:05:00+00:00,395.36,395.5303,395.36,395.5303,1384.8487829999997
2026-06-15T21:10:00+00:00,395.69,395.69,395.69,395.69,146.252437
2026-06-15T21:15:00+00:00,395.68,395.69,395.68,395.69,245.0
2026-06-15T21:20:00+00:00,395.65,395.7,395.5709,395.5709,560.0
2026-06-15T21:25:00+00:00,395.6,395.9676,395.6,395.8,1362.03783
2026-06-15T21:30:00+00:00,395.68,395.79,395.68,395.7,1020.69411
2026-06-15T21:35:00+00:00,395.7,395.7799,395.6579,395.6579,2841.428827
2026-06-15T21:40:00+00:00,395.7,395.7,395.65,395.68,983.5778909999999
2026-06-15T21:45:00+00:00,395.67,395.9,395.65,395.66,619.0
2026-06-15T21:50:00+00:00,395.77,395.77,395.71,395.71,1147.0
2026-06-15T21:55:00+00:00,395.7287,395.7287,395.7287,395.7287,56.732875
2026-06-15T22:00:00+00:00,395.7288,395.7288,395.65,395.65,792.110262
2026-06-15T22:05:00+00:00,395.52,395.8,395.36,395.5702,6521.0
2026-06-15T22:10:00+00:00,396.0,396.0,395.9,395.9,344.075805
2026-06-15T22:15:00+00:00,395.69,395.71,395.69,395.71,126.505726
2026-06-15T22:20:00+00:00,395.45,395.45,395.4358,395.45,244.025802
2026-06-15T22:25:00+00:00,395.42,395.55,395.18,395.18,642.0
2026-06-15T22:30:00+00:00,395.2101,395.59,395.2,395.3486,1753.0
2026-06-15T22:35:00+00:00,395.64,395.66,395.61,395.61,785.0
2026-06-15T22:40:00+00:00,395.5,395.5,395.5,395.5,138.0
2026-06-15T22:45:00+00:00,395.769,395.85,395.769,395.85,609.4902010000001
2026-06-15T22:50:00+00:00,395.75,395.8,395.75,395.75,707.0
2026-06-15T23:00:00+00:00,395.81,395.95,395.81,395.81,1082.146408
2026-06-15T23:05:00+00:00,395.9,395.95,395.8899,395.95,363.002527
2026-06-15T23:10:00+00:00,395.9094,395.9094,395.9094,395.9094,116.0
2026-06-15T23:15:00+00:00,396.0,396.0,395.98,395.98,633.609242
2026-06-15T23:20:00+00:00,395.91,395.91,395.74,395.75,904.131598
2026-06-15T23:25:00+00:00,395.98,396.18,395.95,396.18,597.0
2026-06-15T23:30:00+00:00,396.0,396.1,395.98,396.1,619.554571
2026-06-15T23:35:00+00:00,396.1,396.1,396.1,396.1,270.0
2026-06-15T23:40:00+00:00,396.2185,396.29,396.0,396.0,1142.0
2026-06-15T23:45:00+00:00,395.9,396.36,395.9,396.36,218.381293
2026-06-15T23:50:00+00:00,396.12,396.12,396.11,396.11,492.378522
2026-06-16T08:05:00+00:00,397.7,397.89,396.1306,397.75,4857.006721000001
2026-06-16T08:10:00+00:00,397.54,397.99,395.95,397.99,27123.086206
2026-06-16T08:15:00+00:00,398.24,398.35,398.0,398.17,12047.761761
2026-06-16T08:20:00+00:00,398.24,398.4,398.23,398.35,688.5283999999999
2026-06-16T08:25:00+00:00,398.28,398.3,398.14,398.14,1171.411564
2026-06-16T08:30:00+00:00,398.31,398.58,398.31,398.44,2143.1482809999998
2026-06-16T08:35:00+00:00,398.39,398.62,398.39,398.4,1547.53858
2026-06-16T08:40:00+00:00,398.5,398.58,398.3,398.3,2205.0
2026-06-16T08:45:00+00:00,398.4,398.8,398.4,398.8,4351.0
2026-06-16T08:50:00+00:00,398.56,398.61,398.55,398.55,5288.125077000001
2026-06-16T08:55:00+00:00,398.56,398.77,398.43,398.77,11363.57514
2026-06-16T09:00:00+00:00,398.77,399.0,398.74,399.0,3326.86479
2026-06-16T09:05:00+00:00,398.98,398.9896,398.97,398.9896,653.0
2026-06-16T09:10:00+00:00,398.77,399.01,398.71,399.01,923.0
2026-06-16T09:15:00+00:00,398.95,398.95,398.81,398.81,328.18652299999997
2026-06-16T09:20:00+00:00,398.82,398.85,398.55,398.55,1663.161796
2026-06-16T09:25:00+00:00,398.33,398.41,398.33,398.41,973.0
2026-06-16T09:30:00+00:00,398.33,398.33,398.15,398.18,746.5515879999999
2026-06-16T09:35:00+00:00,398.53,398.53,398.53,398.53,52.0
2026-06-16T09:40:00+00:00,398.71,398.75,398.71,398.75,364.0
2026-06-16T09:45:00+00:00,398.8,398.8,398.54,398.54,343.0
2026-06-16T09:50:00+00:00,398.41,398.43,398.41,398.43,240.0
2026-06-16T09:55:00+00:00,398.78,398.78,398.78,398.78,209.0
2026-06-16T10:00:00+00:00,398.78,398.82,398.76,398.82,461.0
2026-06-16T10:10:00+00:00,398.79,398.79,398.77,398.77,338.0
2026-06-16T10:15:00+00:00,398.8,398.83,398.8,398.83,193.72
2026-06-16T10:20:00+00:00,398.83,398.83,398.83,398.83,108.0
2026-06-16T10:25:00+00:00,398.85,399.04,398.76,398.85,8101.064072
2026-06-16T10:30:00+00:00,398.85,398.92,398.72,398.72,2026.002506
2026-06-16T10:35:00+00:00,398.8,398.8,398.68,398.68,976.0
2026-06-16T10:40:00+00:00,398.84,398.84,398.76,398.76,367.0
2026-06-16T10:45:00+00:00,398.76,398.93,398.713,398.93,2349.0
2026-06-16T10:50:00+00:00,398.93,399.07,398.93,399.03,1107.0
2026-06-16T10:55:00+00:00,399.04,399.08,398.99,399.08,1197.024605
2026-06-16T11:00:00+00:00,399.1,399.1,399.1,399.1,74.071758
2026-06-16T11:05:00+00:00,399.09,399.09,398.77,398.77,3327.016586
2026-06-16T11:10:00+00:00,398.77,398.77,398.33,398.33,1646.485832
2026-06-16T11:15:00+00:00,398.4,398.5,398.35,398.5,1092.006439
2026-06-16T11:20:00+00:00,398.43,398.43,398.13,398.37,2804.597081
2026-06-16T11:25:00+00:00,398.3281,398.3281,398.3,398.3,446.0
2026-06-16T11:30:00+00:00,398.38,398.5,398.35,398.5,873.549507
2026-06-16T11:35:00+00:00,398.52,398.53,398.13,398.17,4745.225834
2026-06-16T11:40:00+00:00,398.25,398.27,397.91,398.22,3681.93125
2026-06-16T11:45:00+00:00,398.194,398.22,398.09,398.09,357.64336599999996
2026-06-16T11:50:00+00:00,398.4,398.41,398.15,398.15,1527.150361
2026-06-16T11:55:00+00:00,397.94,398.27,397.94,398.27,685.252252
2026-06-16T12:00:00+00:00,398.27,398.4,398.16,398.4,4552.521101
2026-06-16T12:05:00+00:00,398.3325,398.5,398.2,398.2,1197.0
2026-06-16T12:10:00+00:00,398.17,398.7,398.16,398.67,10678.027514
2026-06-16T12:15:00+00:00,398.79,398.79,398.5,398.5,526.0
2026-06-16T12:20:00+00:00,398.77,398.77,398.4,398.4,1128.0
2026-06-16T12:25:00+00:00,398.24,398.44,398.16,398.44,6143.8453819999995
2026-06-16T12:30:00+00:00,398.36,398.6,398.23,398.6,6240.0
2026-06-16T12:35:00+00:00,398.62,398.9,398.45,398.62,1830.354882
2026-06-16T12:40:00+00:00,398.6,398.8731,398.6,398.8731,1340.667
2026-06-16T12:45:00+00:00,398.9738,399.15,398.8733,399.15,5471.081455
2026-06-16T12:50:00+00:00,399.1994,399.27,399.04,399.05,4540.686071
2026-06-16T12:55:00+00:00,399.1306,399.68,399.1306,399.22,14493.942513
2026-06-16T13:00:00+00:00,399.4,399.7,399.36,399.7,2384.5798640000003
2026-06-16T13:05:00+00:00,399.41,399.4562,399.0,399.01,5050.569165
2026-06-16T13:10:00+00:00,398.8799,399.11,398.7,398.7,7870.38843
2026-06-16T13:15:00+00:00,398.47,398.8,398.47,398.64,2013.1
2026-06-16T13:20:00+00:00,398.63,398.63,398.24,398.39,1414.2435110000001
2026-06-16T13:25:00+00:00,398.2665,398.2665,397.72,398.15,5289.050491
2026-06-16T13:30:00+00:00,398.2,398.23,397.8003,397.85,7831.004826
2026-06-16T13:35:00+00:00,397.83,398.41,397.66,398.21,185453.56106500002
2026-06-16T13:40:00+00:00,398.14,398.31,397.97,398.07,46241.40477
2026-06-16T13:45:00+00:00,398.08,398.3,397.81,398.23,178201.09736100002
2026-06-16T13:50:00+00:00,398.24,398.38,397.75,398.105,63932.92931800001
2026-06-16T13:55:00+00:00,398.115,398.35,397.85,398.0615,96487.915949
2026-06-16T14:00:00+00:00,398.06,398.06,397.56,397.56,51546.929231
2026-06-16T14:05:00+00:00,397.58,398.2,397.54,398.195,75397.37662200001
2026-06-16T14:10:00+00:00,398.2,398.22,397.73,397.755,40017.436943
2026-06-16T14:15:00+00:00,397.78,397.95,397.63,397.89,47859.406117
2026-06-16T14:20:00+00:00,397.8886,397.8886,396.6625,396.74,183386.363444
2026-06-16T14:25:00+00:00,396.72,396.975,396.57,396.915,124135.899547
2026-06-16T14:30:00+00:00,396.91,396.96,396.22,396.41,94678.219726
2026-06-16T14:35:00+00:00,396.46,396.55,395.82,396.23,125714.445303
2026-06-16T14:40:00+00:00,396.23,396.98,396.23,396.94,102194.632424
2026-06-16T14:45:00+00:00,396.92,397.27,396.85,396.9,118336.187629
2026-06-16T14:50:00+00:00,396.9,397.14,396.7701,396.98,50156.719071
2026-06-16T14:55:00+00:00,396.93,397.165,396.85,396.96,41997.664432000005
2026-06-16T15:00:00+00:00,396.96,396.96,396.655,396.85,61465.81389600001
2026-06-16T15:05:00+00:00,396.89,397.16,396.71,396.84,68046.83571
2026-06-16T15:10:00+00:00,396.81,397.06,396.74,396.94,116314.679022
2026-06-16T15:15:00+00:00,396.9201,397.06,396.8199,396.9,30675.767421
2026-06-16T15:20:00+00:00,396.92,397.3,396.87,397.0,29133.431491000003
2026-06-16T15:25:00+00:00,396.98,397.21,396.61,396.65,39479.8538
2026-06-16T15:30:00+00:00,396.63,397.085,396.63,397.03,41330.427446
2026-06-16T15:35:00+00:00,397.04,397.17,396.85,397.065,38215.421972
2026-06-16T15:40:00+00:00,397.1,397.33,396.8,397.06,86200.444165
2026-06-16T15:45:00+00:00,397.04,397.15,396.83,397.12,39944.032601
2026-06-16T15:50:00+00:00,397.11,397.11,396.7,396.99,60795.177927000004
2026-06-16T15:55:00+00:00,397.0,398.18,396.95,398.16,52465.085873
2026-06-16T16:00:00+00:00,398.17,398.65,397.89,397.91,168340.780923
2026-06-16T16:05:00+00:00,397.89,398.28,397.86,398.1,73840.9553
2026-06-16T16:10:00+00:00,398.12,398.67,398.105,398.519,46425.60524800001
2026-06-16T16:15:00+00:00,398.49,398.96,398.43,398.8899,98002.27820100001
2026-06-16T16:20:00+00:00,398.92,398.95,398.64,398.91,79395.549726
2026-06-16T16:25:00+00:00,398.9099,398.9099,398.46,398.62,64087.385801
2026-06-16T16:30:00+00:00,398.6,398.84,398.54,398.755,23508.004582
2026-06-16T16:35:00+00:00,398.75,398.79,398.37,398.376,108644.398599
2026-06-16T16:40:00+00:00,398.39,398.73,398.28,398.71,69835.427015
2026-06-16T16:45:00+00:00,398.7,398.775,398.6,398.68,35678.871268999996
2026-06-16T16:50:00+00:00,398.67,398.8297,398.6,398.63,63436.206269
2026-06-16T16:55:00+00:00,398.65,398.85,398.46,398.46,27648.855223000002
2026-06-16T17:00:00+00:00,398.46,398.52,398.3,398.38,54678.578069999996
2026-06-16T17:05:00+00:00,398.36,398.36,398.12,398.23,60342.769423
2026-06-16T17:10:00+00:00,398.2375,398.3899,398.17,398.27,29504.406389
2026-06-16T17:15:00+00:00,398.26,398.2879,397.67,397.92,184119.339097
2026-06-16T17:20:00+00:00,397.88,397.925,397.42,397.5,59792.901526999995
2026-06-16T17:25:00+00:00,397.51,397.535,396.95,397.24,105794.861573
2026-06-16T17:30:00+00:00,397.28,397.86,397.22,397.8499,51231.097685
2026-06-16T17:35:00+00:00,397.8,398.1,397.78,398.05,45333.438451
2026-06-16T17:40:00+00:00,398.05,398.31,397.94,398.04,30104.692472
2026-06-16T17:45:00+00:00,398.025,398.24,397.986,398.16,29084.157311
2026-06-16T17:50:00+00:00,398.16,398.16,397.95,398.06,19128.877437
2026-06-16T17:55:00+00:00,398.09,398.33,398.02,398.26,16451.72638
2026-06-16T18:00:00+00:00,398.235,398.3585,398.1951,398.3399,22221.196243
2026-06-16T18:05:00+00:00,398.34,398.57,398.28,398.41,46801.120851
2026-06-16T18:10:00+00:00,398.4,398.435,398.25,398.39,19409.162612
2026-06-16T18:15:00+00:00,398.38,398.58,398.38,398.5,23409.184173
2026-06-16T18:20:00+00:00,398.48,398.54,398.29,398.35,19398.178597000002
2026-06-16T18:25:00+00:00,398.345,398.41,398.23,398.32,19058.270765
2026-06-16T18:30:00+00:00,398.32,398.485,398.2701,398.47,24679.637251
2026-06-16T18:35:00+00:00,398.47,398.605,398.345,398.38,32936.854418
2026-06-16T18:40:00+00:00,398.365,398.4296,398.2,398.229,29257.588619000002
2026-06-16T18:45:00+00:00,398.23,398.3,398.18,398.22,19949.355875
2026-06-16T18:50:00+00:00,398.22,398.33,398.015,398.02,20724.109699
2026-06-16T18:55:00+00:00,398.03,398.195,397.98,398.17,29989.011269
2026-06-16T19:00:00+00:00,398.1767,398.3076,398.115,398.2,68499.83426799999
2026-06-16T19:05:00+00:00,398.175,398.56,398.1498,398.53,38869.991195999995
2026-06-16T19:10:00+00:00,398.52,398.59,398.419,398.42,22669.617272000003
2026-06-16T19:15:00+00:00,398.42,398.45,398.25,398.26,25461.321241999998
2026-06-16T19:20:00+00:00,398.2675,398.2675,398.03,398.18,31374.185219000003
2026-06-16T19:25:00+00:00,398.2103,398.39,398.19,398.33,30445.586246
2026-06-16T19:30:00+00:00,398.3223,398.42,398.29,398.29,36961.890314000004
2026-06-16T19:35:00+00:00,398.3,398.33,398.22,398.26,122719.927462
2026-06-16T19:40:00+00:00,398.26,398.3,398.11,398.11,49354.09280099999
2026-06-16T19:45:00+00:00,398.1,398.26,398.06,398.2,63450.074242
2026-06-16T19:50:00+00:00,398.21,398.29,398.07,398.09,59504.805098000004
2026-06-16T19:55:00+00:00,398.11,398.23,397.7,397.75,191315.67550600003
2026-06-16T20:00:00+00:00,397.71,397.8,397.41,397.69,346829.23320300004
2026-06-16T20:05:00+00:00,397.72,397.72,397.51,397.64,47339.344771000004
2026-06-16T20:10:00+00:00,397.59,397.64,397.5529,397.59,4120.030154
2026-06-16T20:15:00+00:00,397.58,397.65,397.47,397.47,10779.31602
2026-06-16T20:20:00+00:00,397.45,397.6,397.45,397.57,680.3694350000001
2026-06-16T20:25:00+00:00,397.55,397.55,397.55,397.55,207.0
2026-06-16T20:30:00+00:00,397.7544,397.7544,397.6651,397.6651,265.0
2026-06-16T20:35:00+00:00,397.63,397.63,397.63,397.63,147.0
2026-06-16T20:40:00+00:00,397.65,397.66,397.65,397.66,339.0
2026-06-16T20:45:00+00:00,397.64,397.64,397.64,397.64,347.0
2026-06-16T20:50:00+00:00,397.51,397.51,397.4,397.4,3410.253782
2026-06-16T20:55:00+00:00,397.65,397.65,397.5,397.5,2271.0
2026-06-16T21:00:00+00:00,397.47,397.7552,397.47,397.7552,4914.0
2026-06-16T21:05:00+00:00,397.8529,397.8529,397.5,397.59,506.0
2026-06-16T21:10:00+00:00,397.9,397.9,397.48,397.48,345.515401
2026-06-16T21:20:00+00:00,397.41,397.41,397.22,397.22,320.0
2026-06-16T21:30:00+00:00,397.41,397.7989,397.41,397.7989,199.0
2026-06-16T21:35:00+00:00,397.69,397.69,397.69,397.69,50.0
2026-06-16T21:40:00+00:00,397.66,397.7,397.66,397.7,106.513955
2026-06-16T21:50:00+00:00,397.8737,397.8737,397.8737,397.8737,65.0
2026-06-16T21:55:00+00:00,397.8371,397.8371,397.8371,397.8371,41.0
2026-06-16T22:00:00+00:00,397.3107,397.5,397.3107,397.5,151.0
2026-06-16T22:05:00+00:00,397.59,397.62,397.41,397.41,1558.602742
2026-06-16T22:10:00+00:00,397.5,397.58,397.5,397.58,683.0
2026-06-16T22:15:00+00:00,397.57,397.6,397.56,397.6,429.0
2026-06-16T22:20:00+00:00,397.41,397.41,397.25,397.3612,1827.288537
2026-06-16T22:25:00+00:00,397.29,397.29,397.2027,397.2027,400.0
2026-06-16T22:30:00+00:00,397.2,397.2,397.2,397.2,244.072805
2026-06-16T22:35:00+00:00,397.32,397.423,397.32,397.42,232.0
2026-06-16T22:40:00+00:00,397.52,397.52,397.52,397.52,45.0
2026-06-16T22:45:00+00:00,397.4226,397.5885,397.4226,397.5885,426.0
2026-06-16T22:50:00+00:00,397.6,397.6,397.6,397.6,52.0
2026-06-16T23:05:00+00:00,397.65,397.82,397.65,397.82,166.125811
2026-06-16T23:10:00+00:00,397.9198,397.9198,397.9198,397.9198,74.0
2026-06-16T23:20:00+00:00,397.9103,397.9103,397.9103,397.9103,112.402131
2026-06-16T23:30:00+00:00,397.8,397.8,397.8,397.8,1005.0
2026-06-16T23:35:00+00:00,397.5531,397.5531,397.5531,397.5531,65.0
2026-06-16T23:40:00+00:00,397.64,397.64,397.621,397.63,290.0
2026-06-16T23:45:00+00:00,397.5543,397.5543,397.5543,397.5543,130.0
2026-06-16T23:50:00+00:00,397.55,397.8,397.55,397.68,5714.113491
2026-06-16T23:55:00+00:00,397.5599,397.5599,397.3241,397.3241,368.0
2026-06-17T00:00:00+00:00,397.37,397.48,397.37,397.4,429.0
2026-06-17T08:05:00+00:00,397.0,397.5,396.19,397.11,26552.944901
2026-06-17T08:10:00+00:00,396.96,397.37,396.6,397.08,3374.0
2026-06-17T08:15:00+00:00,396.76,396.76,396.56,396.69,648.0
2026-06-17T08:20:00+00:00,396.67,396.67,396.55,396.58,605.0
2026-06-17T08:25:00+00:00,396.62,396.69,396.47,396.68,1424.0
2026-06-17T08:30:00+00:00,396.7,396.79,396.59,396.69,3525.0
2026-06-17T08:35:00+00:00,396.54,396.75,396.54,396.72,334.0
2026-06-17T08:40:00+00:00,396.69,396.69,396.4,396.4,202.0
2026-06-17T08:45:00+00:00,396.4469,396.4469,396.37,396.37,625.0
2026-06-17T08:50:00+00:00,396.2,396.2,396.07,396.07,425.0
2026-06-17T08:55:00+00:00,396.3334,396.68,396.3334,396.64,747.39
2026-06-17T09:00:00+00:00,396.7766,396.8629,396.64,396.76,5086.0
2026-06-17T09:05:00+00:00,396.68,396.68,396.68,396.68,66.0
2026-06-17T09:15:00+00:00,396.43,396.43,396.43,396.43,71.0
2026-06-17T09:20:00+00:00,396.85,396.98,396.85,396.98,252.382993
2026-06-17T09:25:00+00:00,397.0,397.0,397.0,397.0,50.0
2026-06-17T09:30:00+00:00,397.2,397.48,397.2,397.45,370.0
2026-06-17T09:35:00+00:00,397.52,397.52,397.5,397.52,750.69989
2026-06-17T09:40:00+00:00,397.26,397.28,397.26,397.28,101.0
2026-06-17T09:45:00+00:00,397.28,397.3,397.18,397.18,459.716206
2026-06-17T09:50:00+00:00,397.13,397.15,396.97,396.97,400.235516
2026-06-17T10:00:00+00:00,397.2,397.2,397.2,397.2,50.0
2026-06-17T10:05:00+00:00,397.16,397.16,397.16,397.16,101.0
2026-06-17T10:15:00+00:00,397.28,397.28,397.28,397.28,212.0
2026-06-17T10:20:00+00:00,397.27,397.29,397.27,397.29,165.0
2026-06-17T10:25:00+00:00,396.99,396.99,396.99,396.99,102.0
2026-06-17T10:35:00+00:00,397.07,397.07,397.07,397.07,100.0
2026-06-17T10:45:00+00:00,397.27,397.27,397.27,397.27,46.0
2026-06-17T10:50:00+00:00,397.57,397.57,397.5,397.5,138.0
2026-06-17T10:55:00+00:00,397.64,397.64,397.64,397.64,56.0511
2026-06-17T11:00:00+00:00,397.37,397.43,397.37,397.43,120.0
2026-06-17T11:05:00+00:00,397.22,397.22,397.14,397.16,335.0
2026-06-17T11:10:00+00:00,397.21,397.26,397.1321,397.1477,308.07746099999997
2026-06-17T11:15:00+00:00,397.12,397.12,397.09,397.09,275.0
2026-06-17T11:20:00+00:00,397.21,397.21,397.21,397.21,55.0
2026-06-17T11:25:00+00:00,397.15,397.23,397.1016,397.1016,677.0
2026-06-17T11:30:00+00:00,397.0612,397.1,397.0612,397.1,214.0
2026-06-17T11:35:00+00:00,397.0593,397.0593,396.99,396.99,164.002564
2026-06-17T11:40:00+00:00,396.8,396.91,396.77,396.89,872.127211
2026-06-17T11:45:00+00:00,396.96,396.96,396.78,396.78,600.0
2026-06-17T11:50:00+00:00,396.69,396.69,396.68,396.68,2008.0
2026-06-17T11:55:00+00:00,396.83,396.8999,396.7,396.79,846.051891
2026-06-17T12:00:00+00:00,396.7,396.7,396.7,396.7,612.304563
2026-06-17T12:05:00+00:00,396.65,396.765,396.51,396.58,1042.289101
2026-06-17T12:10:00+00:00,396.61,396.7192,396.61,396.7192,359.025208
2026-06-17T12:15:00+00:00,396.41,396.42,396.41,396.42,163.066609
2026-06-17T12:20:00+00:00,396.62,396.62,396.62,396.62,101.0
2026-06-17T12:25:00+00:00,396.75,397.07,396.64,397.05,5930.0
2026-06-17T12:30:00+00:00,396.85,396.96,396.78,396.78,286.0
2026-06-17T12:35:00+00:00,396.71,397.28,396.68,397.28,16387.033482
2026-06-17T12:40:00+00:00,397.2,397.43,397.2,397.43,2787.0
2026-06-17T12:45:00+00:00,397.17,397.17,397.17,397.17,267.0
2026-06-17T12:50:00+00:00,397.41,397.63,397.4,397.62,1308.0
2026-06-17T12:55:00+00:00,397.58,397.69,397.55,397.55,2058.5421029999998
2026-06-17T13:00:00+00:00,397.4522,397.6,397.4522,397.5584,660.144603
2026-06-17T13:05:00+00:00,397.52,397.6,397.14,397.27,58529.070448000006
2026-06-17T13:10:00+00:00,397.27,397.27,396.8,397.07,51527.413004
2026-06-17T13:15:00+00:00,397.1,397.6,397.0996,397.37,11455.125468
2026-06-17T13:20:00+00:00,397.5,397.55,397.3676,397.55,757.008601
2026-06-17T13:25:00+00:00,397.48,398.0,397.48,397.84,5902.05418
2026-06-17T13:30:00+00:00,397.83,397.95,397.65,397.8982,5135.00724
2026-06-17T13:35:00+00:00,397.82,397.95,397.51,397.75,87732.436486
2026-06-17T13:40:00+00:00,397.7275,398.27,397.67,397.965,68957.286863
2026-06-17T13:45:00+00:00,397.995,398.37,397.92,398.37,61081.663783
2026-06-17T13:50:00+00:00,398.365,398.57,398.24,398.33,78046.665736
2026-06-17T13:55:00+00:00,398.34,398.63,398.125,398.1912,89322.449075
2026-06-17T14:00:00+00:00,398.22,398.38,398.09,398.09,28526.996361
2026-06-17T14:05:00+00:00,398.1,398.32,397.8,398.245,62282.47935100001
2026-06-17T14:10:00+00:00,398.26,398.74,398.2099,398.41,53587.244997
2026-06-17T14:15:00+00:00,398.436,398.58,398.17,398.38,42503.807193
2026-06-17T14:20:00+00:00,398.4,398.49,398.26,398.33,78888.46489
2026-06-17T14:25:00+00:00,398.32,400.23,398.3,399.8475,121402.229591
2026-06-17T14:30:00+00:00,399.895,400.09,399.6,400.03,189827.717709
2026-06-17T14:35:00+00:00,400.01,400.37,399.8206,400.095,90677.27884
2026-06-17T14:40:00+00:00,400.08,400.15,399.14,399.29,85009.03676099998
2026-06-17T14:45:00+00:00,399.29,399.415,398.85,399.28,88404.43680099999
2026-06-17T14:50:00+00:00,399.3,399.6,397.27,398.715,218314.52259200002
2026-06-17T14:55:00+00:00,398.78,399.34,398.55,398.86,37038.451198999996
2026-06-17T15:00:00+00:00,398.83,398.93,398.49,398.6,63867.955515
2026-06-17T15:05:00+00:00,398.63,398.92,398.54,398.805,67131.79247599999
2026-06-17T15:10:00+00:00,398.83,398.93,398.56,398.64,50381.228447999994
2026-06-17T15:15:00+00:00,398.64,398.92,398.5443,398.88,55703.523297
2026-06-17T15:20:00+00:00,398.85,399.45,398.8,399.4,174982.61186
2026-06-17T15:25:00+00:00,399.39,399.96,399.345,399.925,63470.415899
2026-06-17T15:30:00+00:00,399.94,400.0,399.495,399.55,57407.195674999995
2026-06-17T15:35:00+00:00,399.56,400.1,399.47,399.86,59990.19515500001
2026-06-17T15:40:00+00:00,399.85,399.96,399.66,399.96,31177.876430000004
2026-06-17T15:45:00+00:00,399.93,399.93,399.64,399.81,19832.522990999998
2026-06-17T15:50:00+00:00,399.86,400.0,399.81,399.8793,56885.401647
2026-06-17T15:55:00+00:00,399.85,400.0,399.73,399.88,50616.873141000004
2026-06-17T16:00:00+00:00,399.9,400.44,399.9,400.31,48688.593771
2026-06-17T16:05:00+00:00,400.35,400.54,400.255,400.29,63205.985856
2026-06-17T16:10:00+00:00,400.26,400.42,400.21,400.255,32023.731613999997
2026-06-17T16:15:00+00:00,400.2499,400.3,400.07,400.215,47356.848906
2026-06-17T16:20:00+00:00,400.23,400.505,400.11,400.5,30182.076573
2026-06-17T16:25:00+00:00,400.5,400.6095,400.33,400.48,51690.562945
2026-06-17T16:30:00+00:00,400.48,400.54,400.36,400.5,36706.489783
2026-06-17T16:35:00+00:00,400.49,400.51,400.15,400.16,43154.432088
2026-06-17T16:40:00+00:00,400.142,400.16,399.92,399.94,29170.566735
2026-06-17T16:45:00+00:00,399.95,399.96,399.55,399.765,26748.730779
2026-06-17T16:50:00+00:00,399.75,399.85,399.62,399.68,26530.454412
2026-06-17T16:55:00+00:00,399.6734,399.85,399.66,399.74,19548.260649000003
2026-06-17T17:00:00+00:00,399.75,399.94,399.7,399.91,22348.016084
2026-06-17T17:05:00+00:00,399.9,399.91,399.59,399.67,16537.593361
2026-06-17T17:10:00+00:00,399.65,399.97,399.49,399.945,58092.325518
2026-06-17T17:15:00+00:00,399.935,400.08,399.78,399.96,14283.427575000002
2026-06-17T17:20:00+00:00,399.9,400.28,399.81,400.185,33312.229447
2026-06-17T17:25:00+00:00,400.17,400.32,400.1,400.18,47919.896257
2026-06-17T17:30:00+00:00,400.2078,400.345,400.05,400.11,27453.919268999998
2026-06-17T17:35:00+00:00,400.11,402.02,400.1,401.65,236700.69778699998
2026-06-17T17:40:00+00:00,401.63,401.65,400.93,401.37,158326.453623
2026-06-17T17:45:00+00:00,401.36,402.005,401.32,401.5,86653.607636
2026-06-17T17:50:00+00:00,401.5,401.69,401.2701,401.48,34074.947893
2026-06-17T17:55:00+00:00,401.45,402.04,401.36,401.625,110687.733215
2026-06-17T18:00:00+00:00,401.64,401.9518,401.55,401.79,54778.433132
2026-06-17T18:05:00+00:00,401.75,401.755,396.0,396.035,517990.35876100004
2026-06-17T18:10:00+00:00,396.035,396.255,393.17,394.05,546370.211497
2026-06-17T18:15:00+00:00,393.95,394.28,392.41,393.065,314329.50403899996
2026-06-17T18:20:00+00:00,393.14,395.265,392.93,395.1,293313.194506
2026-06-17T18:25:00+00:00,395.155,395.255,393.71,393.74,517265.237949
2026-06-17T18:30:00+00:00,393.81,393.94,393.08,393.81,213256.286299
2026-06-17T18:35:00+00:00,393.775,395.84,391.62,391.8,635148.013081
2026-06-17T18:40:00+00:00,391.89,395.54,391.8,394.72,299654.204896
2026-06-17T18:45:00+00:00,394.86,397.06,394.18,396.8,813758.357356
2026-06-17T18:50:00+00:00,396.66,397.49,395.87,396.3,448060.795248
2026-06-17T18:55:00+00:00,396.24,396.865,395.52,395.66,340512.259595
2026-06-17T19:00:00+00:00,395.51,395.62,392.55,393.24,264564.97211
2026-06-17T19:05:00+00:00,393.23,394.08,391.91,391.91,210801.20593
2026-06-17T19:10:00+00:00,391.935,392.64,391.17,391.68,278661.223075
2026-06-17T19:15:00+00:00,391.7,392.17,390.88,391.3499,254214.89609399997
2026-06-17T19:20:00+00:00,391.31,391.33,389.08,389.38,361724.37209
2026-06-17T19:25:00+00:00,389.36,389.56,388.64,388.68,243468.67036500003
2026-06-17T19:30:00+00:00,388.63,389.46,387.77,387.88,205125.74845800002
2026-06-17T19:35:00+00:00,387.84,388.62,387.28,387.8485,279041.519561
2026-06-17T19:40:00+00:00,387.89,388.2999,387.09,387.3,176346.871985
2026-06-17T19:45:00+00:00,387.26,388.63,387.08,388.1,530556.370039
2026-06-17T19:50:00+00:00,388.095,389.24,387.96,388.82,300413.657526
2026-06-17T19:55:00+00:00,388.8,389.64,388.4,388.8,351134.610237
2026-06-17T20:00:00+00:00,388.81,389.36,388.51,388.64,471359.318893
2026-06-17T20:05:00+00:00,388.6,389.55,388.5,388.99,35497.108927999994
2026-06-17T20:10:00+00:00,388.96,390.38,388.96,390.34,21032.351284
2026-06-17T20:15:00+00:00,390.26,390.79,390.2,390.6301,69420.404003
2026-06-17T20:20:00+00:00,390.57,391.37,390.25,391.37,38004.383372
2026-06-17T20:25:00+00:00,391.5,391.66,390.65,390.8,15322.102099
2026-06-17T20:30:00+00:00,390.79,391.06,390.79,390.9,12475.557707
2026-06-17T20:35:00+00:00,390.67,391.06,390.65,390.76,30981.061351
2026-06-17T20:40:00+00:00,390.7,391.2582,390.7,391.2582,30970.012585
2026-06-17T20:45:00+00:00,391.13,391.15,390.7,390.74,66248.244832
2026-06-17T20:50:00+00:00,390.7584,391.0,390.7584,390.8,2273.046247
2026-06-17T20:55:00+00:00,390.57,390.69,390.45,390.69,2145.01034
2026-06-17T21:00:00+00:00,390.72,390.72,390.538,390.538,1070.0
2026-06-17T21:05:00+00:00,390.61,390.69,390.57,390.59,2657.871142
2026-06-17T21:10:00+00:00,390.58,390.58,390.5,390.51,306.02547500000003
2026-06-17T21:15:00+00:00,390.5,390.56,390.25,390.3,3420.54
2026-06-17T21:20:00+00:00,390.2391,390.25,390.159,390.25,1953.0
2026-06-17T21:25:00+00:00,390.18,390.59,390.18,390.29,384.0
2026-06-17T21:30:00+00:00,390.41,390.58,390.41,390.41,930.0
2026-06-17T21:40:00+00:00,390.4006,390.58,390.4,390.58,1002.0
2026-06-17T21:45:00+00:00,390.41,390.41,390.36,390.4,687.0
2026-06-17T21:50:00+00:00,390.38,390.48,390.38,390.48,1237.402535
2026-06-17T21:55:00+00:00,390.48,390.48,390.4208,390.4208,1091.176226
2026-06-17T22:00:00+00:00,390.42,390.46,390.38,390.41,759.0
2026-06-17T22:05:00+00:00,390.44,390.66,390.36,390.57,5420.46649
2026-06-17T22:10:00+00:00,390.6,391.2985,390.6,391.2985,9639.683321
2026-06-17T22:15:00+00:00,391.38,391.4549,391.19,391.19,1352.0
2026-06-17T22:20:00+00:00,391.55,391.55,391.45,391.55,460.081666
2026-06-17T22:25:00+00:00,391.59,391.7,391.59,391.6,965.598141
2026-06-17T22:30:00+00:00,391.9012,391.9012,391.59,391.59,440.0
2026-06-17T22:35:00+00:00,391.4,391.5,391.4,391.4,911.096859
2026-06-17T22:40:00+00:00,391.34,391.5,391.3,391.3,1654.0
2026-06-17T22:45:00+00:00,391.39,391.39,391.1,391.2,1081.01546
2026-06-17T22:50:00+00:00,391.2317,391.2317,390.9351,391.05,1673.0
2026-06-17T22:55:00+00:00,391.02,391.48,391.02,391.42,1829.002541
2026-06-17T23:00:00+00:00,391.59,391.7,391.59,391.65,1648.15372
2026-06-17T23:05:00+00:00,391.4,391.44,391.2392,391.2392,616.0
2026-06-17T23:10:00+00:00,391.5935,392.0,391.4,392.0,862.0102999999999
2026-06-17T23:15:00+00:00,392.25,392.71,392.19,392.71,11519.129916999998
2026-06-17T23:20:00+00:00,392.6056,392.68,392.35,392.35,2081.0
2026-06-17T23:25:00+00:00,392.6134,393.0,392.43,392.934,5319.330964
2026-06-17T23:30:00+00:00,392.78,393.0,392.5086,392.8104,2340.703429
2026-06-17T23:35:00+00:00,392.8,392.89,392.6,392.674,1177.0
2026-06-17T23:40:00+00:00,392.7738,392.7738,392.14,392.14,2835.081518
2026-06-17T23:45:00+00:00,392.1,392.5828,391.7998,392.5828,1006.512755
2026-06-17T23:50:00+00:00,392.41,392.58,392.038,392.038,561.0
2026-06-17T23:55:00+00:00,392.2211,392.4,392.01,392.35,1437.127347
2026-06-18T00:00:00+00:00,392.02,392.71,392.02,392.71,4989.0
2026-06-18T08:05:00+00:00,395.984,396.77,393.29,396.64,34937.591492
2026-06-18T08:10:00+00:00,394.73,396.18,393.68,393.83,12295.0
2026-06-18T08:15:00+00:00,393.84,393.84,393.29,393.32,886.504055
2026-06-18T08:20:00+00:00,393.38,393.77,393.38,393.5894,565.057433
2026-06-18T08:25:00+00:00,393.52,393.59,393.42,393.52,1775.0
2026-06-18T08:30:00+00:00,393.52,393.52,393.24,393.24,1798.0
2026-06-18T08:35:00+00:00,393.27,393.54,393.17,393.54,2715.79
2026-06-18T08:40:00+00:00,393.18,393.31,393.18,393.29,2059.184122
2026-06-18T08:45:00+00:00,393.18,393.18,392.98,393.0,1330.023504
2026-06-18T08:50:00+00:00,392.92,392.92,392.63,392.83,5878.017814
2026-06-18T08:55:00+00:00,392.51,392.62,392.35,392.38,1516.089965
2026-06-18T09:00:00+00:00,392.32,392.32,391.59,391.59,1274.315125
2026-06-18T09:05:00+00:00,391.6,391.877,391.45,391.877,1045.1527449999999
2026-06-18T09:10:00+00:00,391.78,391.83,391.49,391.7999,1881.0
2026-06-18T09:15:00+00:00,391.48,391.49,390.99,391.49,1450.744847
2026-06-18T09:20:00+00:00,391.82,391.82,391.72,391.72,378.0
2026-06-18T09:25:00+00:00,392.18,392.18,391.775,391.775,532.0
2026-06-18T09:30:00+00:00,391.78,391.81,391.61,391.61,581.0
2026-06-18T09:35:00+00:00,391.63,391.63,391.52,391.6003,1903.7279050000002
2026-06-18T09:40:00+00:00,391.4,391.4352,391.37,391.4352,278.0
2026-06-18T09:45:00+00:00,391.7,391.7,391.624,391.65,308.0
2026-06-18T09:50:00+00:00,391.84,391.87,391.75,391.75,1271.058539
2026-06-18T09:55:00+00:00,391.95,391.95,391.93,391.93,186.0
2026-06-18T10:00:00+00:00,391.87,391.89,391.74,391.74,1291.0
2026-06-18T10:05:00+00:00,391.73,391.73,391.6,391.62,392.0
2026-06-18T10:10:00+00:00,391.74,391.74,391.68,391.71,534.0
2026-06-18T10:15:00+00:00,391.35,391.75,391.2,391.75,1015.004568
2026-06-18T10:20:00+00:00,391.75,391.92,391.65,391.65,1031.0
2026-06-18T10:25:00+00:00,392.02,392.02,391.35,391.62,5206.0
2026-06-18T10:30:00+00:00,391.79,391.81,391.79,391.81,319.0
2026-06-18T10:35:00+00:00,391.77,391.77,391.73,391.73,192.0
2026-06-18T10:40:00+00:00,391.59,391.6,391.45,391.6,343.0
2026-06-18T10:45:00+00:00,391.5,391.57,391.5,391.57,280.0
2026-06-18T10:55:00+00:00,391.2,391.24,390.89,390.89,4657.0
2026-06-18T11:00:00+00:00,390.8,390.8,390.55,390.56,1149.950045
2026-06-18T11:05:00+00:00,390.63,390.63,390.11,390.23,5694.909016
2026-06-18T11:10:00+00:00,390.21,390.3007,389.92,390.0,5820.0763719999995
2026-06-18T11:15:00+00:00,389.7811,389.9793,389.18,389.49,3811.8366340000002
2026-06-18T11:20:00+00:00,389.86,390.04,389.52,389.52,4946.592033999999
2026-06-18T11:25:00+00:00,389.58,389.99,389.44,389.8634,6504.0
2026-06-18T11:30:00+00:00,389.8915,390.09,389.7007,389.91,2667.0
2026-06-18T11:35:00+00:00,390.03,390.05,389.8799,389.9,7385.0
2026-06-18T11:40:00+00:00,389.93,389.98,389.43,389.59,7193.908460000001
2026-06-18T11:45:00+00:00,389.55,389.58,389.44,389.5,3243.859141
2026-06-18T11:50:00+00:00,389.61,389.66,389.27,389.27,2676.0
2026-06-18T11:55:00+00:00,389.21,389.61,389.1,389.31,20029.08
2026-06-18T12:00:00+00:00,389.25,389.44,389.25,389.2769,4425.271294
2026-06-18T12:05:00+00:00,389.39,389.58,389.39,389.5105,3681.680174
2026-06-18T12:10:00+00:00,389.47,389.63,389.26,389.4905,7128.05
2026-06-18T12:15:00+00:00,389.58,390.82,389.58,390.73,5209.416
2026-06-18T12:20:00+00:00,390.65,391.06,390.61,391.05,5796.525947
2026-06-18T12:25:00+00:00,391.09,391.7435,391.09,391.36,8359.117548
2026-06-18T12:30:00+00:00,391.5,391.5,390.46,390.65,6683.0
2026-06-18T12:35:00+00:00,390.46,390.82,389.97,390.0,59045.0
2026-06-18T12:40:00+00:00,390.06,390.1793,389.38,389.39,52421.0
2026-06-18T12:45:00+00:00,389.31,390.19,389.29,389.71,6490.0
2026-06-18T12:50:00+00:00,389.45,389.84,389.43,389.53,27041.540358
2026-06-18T12:55:00+00:00,389.55,389.66,389.26,389.47,12679.154815
2026-06-18T13:00:00+00:00,389.5,389.92,389.34,389.83,9349.0
2026-06-18T13:05:00+00:00,389.8,389.99,389.611,389.85,6421.2
2026-06-18T13:10:00+00:00,389.75,390.17,389.74,390.17,4628.0
2026-06-18T13:15:00+00:00,390.24,390.9,390.24,390.9,6412.13564
2026-06-18T13:20:00+00:00,391.0,391.2,390.78,390.9803,30996.088533000002
2026-06-18T13:25:00+00:00,390.88,390.9,390.36,390.72,19227.083785000003
2026-06-18T13:30:00+00:00,390.85,391.29,390.77,391.23,26815.051737
2026-06-18T13:35:00+00:00,391.24,392.5,391.2,392.17,232919.229597
2026-06-18T13:40:00+00:00,392.1,392.3,391.76,392.11,107643.391403
2026-06-18T13:45:00+00:00,392.11,392.11,391.3,391.36,135547.887346
2026-06-18T13:50:00+00:00,391.35,391.42,390.33,390.97,91562.65068499999
2026-06-18T13:55:00+00:00,390.985,391.32,390.66,391.0,99320.47069500001
2026-06-18T14:00:00+00:00,391.09,391.1,390.12,390.65,96475.570631
2026-06-18T14:05:00+00:00,390.64,390.71,389.06,389.89,376235.712666
2026-06-18T14:10:00+00:00,389.88,389.9,389.14,389.51,167422.96038
2026-06-18T14:15:00+00:00,389.5,389.6,389.145,389.29,69731.65602
2026-06-18T14:20:00+00:00,389.26,390.11,388.86,390.02,170477.067051
2026-06-18T14:25:00+00:00,390.01,390.57,389.74,390.315,102096.00733099999
2026-06-18T14:30:00+00:00,390.38,390.555,389.57,389.575,143558.187549
2026-06-18T14:35:00+00:00,389.56,390.05,389.32,390.02,90463.48312799999
2026-06-18T14:40:00+00:00,390.05,390.275,389.9,390.19,29339.737018
2026-06-18T14:45:00+00:00,390.16,390.19,389.29,389.6,81099.86933900001
2026-06-18T14:50:00+00:00,389.58,389.71,389.18,389.58,40464.609369000005
2026-06-18T14:55:00+00:00,389.455,389.87,389.205,389.84,85264.660887
2026-06-18T15:00:00+00:00,389.83,390.49,389.75,390.275,60977.506526
2026-06-18T15:05:00+00:00,390.32,390.49,389.94,390.16,45754.680705
2026-06-18T15:10:00+00:00,390.13,390.5,389.98,390.4392,42295.866165
2026-06-18T15:15:00+00:00,390.35,390.45,389.7,389.749,50894.909346
2026-06-18T15:20:00+00:00,389.76,390.0,389.09,389.37,59242.708947
2026-06-18T15:25:00+00:00,389.39,389.525,389.12,389.18,48063.454388000006
2026-06-18T15:30:00+00:00,389.21,389.36,388.63,388.76,54162.767249000004
2026-06-18T15:35:00+00:00,388.75,388.83,387.92,388.51,363674.960791
2026-06-18T15:40:00+00:00,388.5,388.6,387.69,387.995,107816.75107299999
2026-06-18T15:45:00+00:00,387.99,388.72,387.99,388.385,54289.545724999996
2026-06-18T15:50:00+00:00,388.385,388.405,387.95,387.979,75028.31369
2026-06-18T15:55:00+00:00,387.96,388.08,387.61,387.74,48184.833534000005
2026-06-18T16:00:00+00:00,387.79,388.205,387.77,387.9,54322.700757
2026-06-18T16:05:00+00:00,387.966,388.37,387.84,387.8701,32600.399918000003
2026-06-18T16:10:00+00:00,387.9199,388.49,387.79,388.43,32193.608222000003
2026-06-18T16:15:00+00:00,388.37,388.51,387.975,387.98,80232.07032
2026-06-18T16:20:00+00:00,387.985,388.0718,387.47,387.57,136547.205157
2026-06-18T16:25:00+00:00,387.55,387.91,387.46,387.47,162618.234541
2026-06-18T16:30:00+00:00,387.475,387.84,387.475,387.74,156549.267376
2026-06-18T16:35:00+00:00,387.75,388.16,387.5,387.5,90394.745602
2026-06-18T16:40:00+00:00,387.49,387.57,386.89,387.5611,108433.550323
2026-06-18T16:45:00+00:00,387.575,387.83,387.3599,387.41,61459.606228000004
2026-06-18T16:50:00+00:00,387.44,387.47,387.07,387.09,39220.73039
2026-06-18T16:55:00+00:00,387.08,387.17,386.8,387.1,72143.265487
2026-06-18T17:00:00+00:00,387.1,387.29,386.8,387.26,26840.765437000002
2026-06-18T17:05:00+00:00,387.28,387.71,387.14,387.71,31453.296754
2026-06-18T17:10:00+00:00,387.68,387.93,387.63,387.77,26890.115791999997
2026-06-18T17:15:00+00:00,387.78,388.07,387.53,388.03,58384.036158
2026-06-18T17:20:00+00:00,388.0,388.3275,387.99,388.22,43153.05624400001
2026-06-18T17:25:00+00:00,388.24,388.3799,387.94,388.1,56078.15958
2026-06-18T17:30:00+00:00,388.08,388.11,387.79,387.86,76874.34566
2026-06-18T17:35:00+00:00,387.85,387.99,387.62,387.62,94564.846439
2026-06-18T17:40:00+00:00,387.63,387.77,387.51,387.69,48277.058746
2026-06-18T17:45:00+00:00,387.7,388.22,387.65,388.18,39173.914529
2026-06-18T17:50:00+00:00,388.2,388.2,387.965,388.115,19494.784105
2026-06-18T17:55:00+00:00,388.13,388.491,388.11,388.41,34729.11694
2026-06-18T18:00:00+00:00,388.4025,388.47,388.2,388.26,25700.269889
2026-06-18T18:05:00+00:00,388.265,388.28,387.99,388.08,27094.022903999998
2026-06-18T18:10:00+00:00,388.17,388.38,388.1284,388.3328,23845.857140999997
2026-06-18T18:15:00+00:00,388.37,388.5199,388.11,388.14,42014.481018
2026-06-18T18:20:00+00:00,388.04,388.235,387.93,388.11,45805.955048
2026-06-18T18:25:00+00:00,388.04,388.13,387.9401,388.09,21094.701293
2026-06-18T18:30:00+00:00,388.065,388.18,387.82,387.89,32962.151128
2026-06-18T18:35:00+00:00,387.88,387.88,387.51,387.575,40023.044359
2026-06-18T18:40:00+00:00,387.61,387.65,387.35,387.4,65135.140325
2026-06-18T18:45:00+00:00,387.38,387.8,387.36,387.755,35651.188525
2026-06-18T18:50:00+00:00,387.73,387.78,387.31,387.4311,62244.899487999995
2026-06-18T18:55:00+00:00,387.44,387.4872,387.19,387.35,44745.72429399999
2026-06-18T19:00:00+00:00,387.32,387.43,387.14,387.14,113546.28822100001
2026-06-18T19:05:00+00:00,387.17,387.2,386.54,386.62,94381.250723
2026-06-18T19:10:00+00:00,386.62,386.66,386.14,386.27,47453.891562
2026-06-18T19:15:00+00:00,386.235,386.32,385.8569,386.1523,98495.89893000001
2026-06-18T19:20:00+00:00,386.18,386.26,385.6,385.935,207885.704838
2026-06-18T19:25:00+00:00,385.91,386.18,385.9,385.99,92798.88808
2026-06-18T19:30:00+00:00,385.955,386.2,385.89,385.91,52645.454841000006
2026-06-18T19:35:00+00:00,385.9303,386.0999,385.64,385.775,57577.02126
2026-06-18T19:40:00+00:00,385.82,386.385,385.73,386.385,73249.60331
2026-06-18T19:45:00+00:00,386.4,386.8,386.36,386.745,140684.396384
2026-06-18T19:50:00+00:00,386.75,386.98,386.68,386.945,145847.495355
2026-06-18T19:55:00+00:00,386.94,387.07,386.8601,387.01,118449.17707199999
2026-06-18T20:00:00+00:00,387.005,387.23,386.775,387.085,310385.10419700004
2026-06-18T20:05:00+00:00,387.12,387.13,386.94,387.13,8731.241161
2026-06-18T20:10:00+00:00,387.08,387.22,386.96,387.14,21623.479161
2026-06-18T20:15:00+00:00,387.03,387.1,387.03,387.1,4205.8065830000005
2026-06-18T20:20:00+00:00,386.96,387.09,386.93,386.93,1971.436083
2026-06-18T20:25:00+00:00,387.14,387.14,386.95,387.0,2222.066
2026-06-18T20:30:00+00:00,387.08,387.2,387.07,387.13,1152.0
2026-06-18T20:35:00+00:00,386.96,386.96,386.96,386.96,75.0
2026-06-18T20:40:00+00:00,386.96,386.96,386.8,386.91,1360.493946
2026-06-18T20:45:00+00:00,386.85,386.85,386.75,386.75,1482.052743
2026-06-18T20:50:00+00:00,386.73,386.74,386.52,386.61,3835.125758
2026-06-18T20:55:00+00:00,386.438,386.64,386.1465,386.4219,2417.46408
2026-06-18T21:00:00+00:00,386.21,386.5,386.03,386.3,6786.71509
2026-06-18T21:05:00+00:00,386.5,386.7,386.5,386.7,2086.0
2026-06-18T21:10:00+00:00,386.15,386.5,386.15,386.36,969.0
2026-06-18T21:15:00+00:00,386.59,386.84,386.45,386.45,1798.0
2026-06-18T21:20:00+00:00,386.59,386.6,386.55,386.6,3316.051294
2026-06-18T21:25:00+00:00,387.5,387.5,386.45,386.45,335.022422
2026-06-18T21:30:00+00:00,386.43,386.43,386.43,386.43,78.0
2026-06-18T21:40:00+00:00,386.04,386.54,386.04,386.54,255.35038699999998
2026-06-18T21:45:00+00:00,386.0774,386.0774,386.0774,386.0774,115.0
2026-06-18T21:50:00+00:00,386.04,386.9617,386.04,386.9617,5276.0
2026-06-18T21:55:00+00:00,386.0775,386.41,386.0775,386.41,289.0
2026-06-18T22:00:00+00:00,386.5,387.0,386.4,386.59,16840.009377000002
2026-06-18T22:05:00+00:00,386.6,386.61,385.89,386.0,4795.08
2026-06-18T22:10:00+00:00,385.838,386.32,385.8244,385.8244,1341.0
2026-06-18T22:15:00+00:00,386.28,386.3,386.07,386.27,461.03729799999996
2026-06-18T22:20:00+00:00,386.09,386.26,386.09,386.09,1679.0
2026-06-18T22:25:00+00:00,385.999,385.999,385.75,385.75,923.599331
2026-06-18T22:30:00+00:00,385.9,386.168,385.75,385.75,1940.0
2026-06-18T22:35:00+00:00,385.9875,385.9875,385.81,385.81,791.002654
2026-06-18T22:40:00+00:00,385.83,385.83,385.82,385.82,195.704404
2026-06-18T22:45:00+00:00,385.95,385.95,385.8282,385.8282,255.002904
2026-06-18T22:50:00+00:00,385.95,386.0,385.95,386.0,1223.0
2026-06-18T22:55:00+00:00,386.1,386.4,386.1,386.14,699.0
2026-06-18T23:00:00+00:00,386.2,386.2975,386.08,386.2975,374.1275
2026-06-18T23:05:00+00:00,386.2,386.2,385.43,385.57,1762.0
2026-06-18T23:10:00+00:00,385.46,385.6289,385.38,385.6289,625.0
2026-06-18T23:15:00+00:00,385.4,385.4,384.91,385.0,4470.021092
2026-06-18T23:20:00+00:00,385.12,385.3,385.0,385.0,1758.0
2026-06-18T23:25:00+00:00,385.3039,385.3039,385.3039,385.3039,115.0
2026-06-18T23:30:00+00:00,385.01,385.15,384.96,385.15,559.605014
2026-06-18T23:35:00+00:00,385.39,385.39,385.25,385.25,661.0
2026-06-18T23:40:00+00:00,385.1,385.1,385.1,385.1,131.0
2026-06-18T23:45:00+00:00,385.0,385.087,384.97,385.02,1161.03585
2026-06-18T23:50:00+00:00,384.8,384.8595,384.41,384.51,4768.263906
2026-06-18T23:55:00+00:00,384.76,384.77,384.4,384.4,3478.0
2026-06-19T00:00:00+00:00,384.51,384.6914,384.3,384.488,1817.59976
2026-06-22T08:05:00+00:00,383.63,385.41,382.81,383.22,12363.641072999999
2026-06-22T08:10:00+00:00,383.29,386.0,383.18,385.12,21519.190478
2026-06-22T08:15:00+00:00,384.57,384.6,384.45,384.6,1885.0
2026-06-22T08:20:00+00:00,384.6293,384.64,384.5958,384.64,205.084685
2026-06-22T08:25:00+00:00,384.93,384.93,384.76,384.76,314.0
2026-06-22T08:30:00+00:00,384.68,384.78,384.68,384.76,589.397018
2026-06-22T08:35:00+00:00,384.51,384.61,384.44,384.58,2481.0
2026-06-22T08:40:00+00:00,384.72,384.84,384.72,384.7687,1629.0
2026-06-22T08:45:00+00:00,384.6,384.86,384.6,384.86,263.0
2026-06-22T08:50:00+00:00,384.8598,384.87,384.7648,384.7998,332.470465
2026-06-22T08:55:00+00:00,385.01,385.13,384.8967,385.03,459.0
2026-06-22T09:00:00+00:00,385.09,385.1996,385.09,385.1996,261.00507500000003
2026-06-22T09:05:00+00:00,385.2,385.75,385.2,385.75,2654.0
2026-06-22T09:10:00+00:00,385.68,386.22,385.68,386.15,1878.369006
2026-06-22T09:15:00+00:00,385.85,385.85,385.85,385.85,85.0
2026-06-22T09:20:00+00:00,385.956,386.07,385.93,386.07,459.012941
2026-06-22T09:25:00+00:00,385.94,385.94,385.93,385.93,321.0
2026-06-22T09:30:00+00:00,385.81,385.9,385.76,385.9,543.0
2026-06-22T09:35:00+00:00,385.7,385.96,385.61,385.9052,1671.0
2026-06-22T09:40:00+00:00,386.01,386.22,386.01,386.18,1722.105504
2026-06-22T09:45:00+00:00,386.3396,386.3396,386.2,386.23,582.002588
2026-06-22T09:50:00+00:00,386.0691,386.1,385.86,386.1,1290.6017000000002
2026-06-22T09:55:00+00:00,386.12,386.38,386.12,386.36,556.0
2026-06-22T10:00:00+00:00,386.3006,386.34,386.3,386.3,224.0
2026-06-22T10:05:00+00:00,386.11,386.33,386.11,386.21,1382.048599
2026-06-22T10:10:00+00:00,386.24,386.41,386.23,386.41,1441.0
2026-06-22T10:15:00+00:00,386.53,386.67,386.48,386.48,824.002893
2026-06-22T10:25:00+00:00,386.3,386.3,386.3,386.3,228.053686
2026-06-22T10:30:00+00:00,386.66,386.66,386.66,386.66,53.0
2026-06-22T10:35:00+00:00,386.32,386.3499,386.27,386.32,5311.0
2026-06-22T10:40:00+00:00,386.46,386.46,386.46,386.46,279.013841
2026-06-22T10:45:00+00:00,386.3096,386.33,386.3,386.3,1392.0
2026-06-22T10:50:00+00:00,385.8,386.0,385.8,385.9,1011.1
2026-06-22T10:55:00+00:00,386.06,386.15,386.06,386.15,160.358939
2026-06-22T11:00:00+00:00,385.87,385.87,385.87,385.87,81.0
2026-06-22T11:05:00+00:00,385.855,386.25,385.82,386.25,2160.445552
2026-06-22T11:10:00+00:00,386.44,386.82,386.42,386.42,6182.0
2026-06-22T11:20:00+00:00,386.19,386.19,386.0757,386.0757,243.0
2026-06-22T11:25:00+00:00,386.2,386.3,386.0757,386.0757,2343.0
2026-06-22T11:30:00+00:00,386.1,386.1,385.83,385.83,1537.0357060000001
2026-06-22T11:35:00+00:00,385.8,385.89,385.8,385.89,415.0
2026-06-22T11:40:00+00:00,385.89,385.89,385.64,385.7,4842.631598
2026-06-22T11:45:00+00:00,386.0,386.0,386.0,386.0,120.960811
2026-06-22T11:50:00+00:00,385.8376,385.91,385.77,385.9,1430.0
2026-06-22T11:55:00+00:00,385.84,385.85,385.71,385.85,3491.778787
2026-06-22T12:00:00+00:00,386.09,386.09,385.9401,386.02,709.0
2026-06-22T12:05:00+00:00,386.16,386.37,386.07,386.37,3987.8061290000005
2026-06-22T12:10:00+00:00,386.45,386.45,386.04,386.04,695.0
2026-06-22T12:15:00+00:00,386.2,386.2,386.0,386.081,3777.265054
2026-06-22T12:20:00+00:00,386.0453,386.11,386.0453,386.11,267.453222
2026-06-22T12:25:00+00:00,386.05,386.469,386.05,386.469,987.033413
2026-06-22T12:30:00+00:00,386.2,386.2,386.2,386.2,629.0035459999999
2026-06-22T12:35:00+00:00,386.14,386.14,385.8,385.9629,3538.857384
2026-06-22T12:40:00+00:00,385.97,385.98,385.7113,385.85,3692.050649
2026-06-22T12:45:00+00:00,385.7,385.7,385.5,385.7,3503.0
2026-06-22T12:50:00+00:00,385.8,385.8,385.41,385.4789,7749.246966
2026-06-22T12:55:00+00:00,385.54,385.54,385.25,385.25,45828.0
2026-06-22T13:00:00+00:00,385.25,385.25,384.81,384.87,16452.057094
2026-06-22T13:05:00+00:00,385.08,385.11,384.68,385.0,6478.167215
2026-06-22T13:10:00+00:00,384.97,384.97,384.46,384.69,4072.367497
2026-06-22T13:15:00+00:00,384.75,385.0,384.62,384.9,6271.845668
2026-06-22T13:20:00+00:00,384.95,385.15,384.8912,385.08,7756.3
2026-06-22T13:25:00+00:00,385.01,385.01,384.58,384.81,5845.132822
2026-06-22T13:30:00+00:00,384.63,384.63,384.06,384.22,27414.170814
2026-06-22T13:35:00+00:00,384.25,384.375,383.85,384.17,244232.141299
2026-06-22T13:40:00+00:00,384.11,384.79,384.05,384.73,94261.637867
2026-06-22T13:45:00+00:00,384.73,384.95,384.27,384.6,127053.754431
2026-06-22T13:50:00+00:00,384.595,385.62,384.3,385.4,180951.063497
2026-06-22T13:55:00+00:00,385.4,385.8895,385.36,385.7701,136465.970786
2026-06-22T14:00:00+00:00,385.8,385.95,385.3232,385.42,97255.746437
2026-06-22T14:05:00+00:00,385.45,385.46,384.86,385.28,113142.48507300002
2026-06-22T14:10:00+00:00,385.29,386.41,385.0778,386.05,128395.798731
2026-06-22T14:15:00+00:00,386.0,386.08,385.44,385.89,59321.945852
2026-06-22T14:20:00+00:00,385.91,385.99,385.02,385.06,51220.461943999995
2026-06-22T14:25:00+00:00,385.06,385.095,384.61,384.7325,58003.867142999996
2026-06-22T14:30:00+00:00,384.72,385.1001,384.675,384.685,89558.85542100001
2026-06-22T14:35:00+00:00,384.65,384.76,384.34,384.365,62023.089607
2026-06-22T14:40:00+00:00,384.33,384.72,384.24,384.65,89589.377759
2026-06-22T14:45:00+00:00,384.645,385.21,384.635,384.76,92343.21029799999
2026-06-22T14:50:00+00:00,384.82,385.95,384.795,385.53,79589.50867000001
2026-06-22T14:55:00+00:00,385.53,385.67,385.18,385.18,65190.689186
2026-06-22T15:00:00+00:00,385.2,385.41,385.09,385.2703,62407.165022
2026-06-22T15:05:00+00:00,385.2401,385.52,385.04,385.2801,49695.191214
2026-06-22T15:10:00+00:00,385.29,385.29,384.9,384.97,119789.79700800002
2026-06-22T15:15:00+00:00,384.991,385.29,384.98,385.1702,19041.713661
2026-06-22T15:20:00+00:00,385.16,385.19,384.5,384.7,107774.975907
2026-06-22T15:25:00+00:00,384.72,384.78,384.39,384.6,141227.41211200002
2026-06-22T15:30:00+00:00,384.5801,384.695,384.3501,384.44,462465.5039
2026-06-22T15:35:00+00:00,384.44,384.575,384.3,384.35,135536.756535
2026-06-22T15:40:00+00:00,384.36,384.43,383.61,383.79,114905.087832
2026-06-22T15:45:00+00:00,383.79,384.08,383.62,383.65,102139.145093
2026-06-22T15:50:00+00:00,383.67,383.67,382.64,382.67,91240.416284
2026-06-22T15:55:00+00:00,382.75,383.5,382.65,383.48,170880.732231
2026-06-22T16:00:00+00:00,383.46,384.07,383.4,383.8,88108.043597
2026-06-22T16:05:00+00:00,383.83,384.025,383.31,383.4,31362.242325
2026-06-22T16:10:00+00:00,383.38,383.51,383.21,383.265,43242.271627
2026-06-22T16:15:00+00:00,383.265,383.39,383.09,383.39,29378.645829999998
2026-06-22T16:20:00+00:00,383.3201,383.56,383.24,383.5082,29669.492907
2026-06-22T16:25:00+00:00,383.525,383.84,383.485,383.66,28440.127759
2026-06-22T16:30:00+00:00,383.69,383.83,383.56,383.83,15265.043049999998
2026-06-22T16:35:00+00:00,383.81,384.0,383.69,384.0,50571.459536
2026-06-22T16:40:00+00:00,384.01,384.14,383.88,383.9,30939.437105999998
2026-06-22T16:45:00+00:00,383.89,383.93,383.68,383.75,21178.837300000003
2026-06-22T16:50:00+00:00,383.72,384.04,383.67,384.0399,19702.610714
2026-06-22T16:55:00+00:00,384.02,384.31,383.965,384.21,36775.594341
2026-06-22T17:00:00+00:00,384.25,384.79,384.1678,384.5,74605.98248400001
2026-06-22T17:05:00+00:00,384.51,384.61,384.33,384.435,17026.653467
2026-06-22T17:10:00+00:00,384.4,384.415,384.1401,384.2525,16953.550252999998
2026-06-22T17:15:00+00:00,384.26,384.36,384.11,384.19,19155.739894
2026-06-22T17:20:00+00:00,384.15,384.44,384.15,384.44,35874.349022999995
2026-06-22T17:25:00+00:00,384.44,384.67,384.4101,384.45,27152.008775
2026-06-22T17:30:00+00:00,384.4501,384.4501,383.93,383.98,62488.874263
2026-06-22T17:35:00+00:00,383.98,384.03,383.41,383.519,184842.862185
2026-06-22T17:40:00+00:00,383.52,383.77,383.34,383.73,50766.27338599999
2026-06-22T17:45:00+00:00,383.74,383.8,383.62,383.73,28084.931987000004
2026-06-22T17:50:00+00:00,383.77,383.93,383.63,383.83,30163.54799
2026-06-22T17:55:00+00:00,383.845,383.9,383.68,383.84,15565.164338000002
2026-06-22T18:00:00+00:00,383.845,383.95,383.7801,383.845,38267.142449
2026-06-22T18:05:00+00:00,383.9001,384.08,383.8168,383.8406,39041.751322
2026-06-22T18:10:00+00:00,383.875,384.01,383.85,384.0,27442.380043
2026-06-22T18:15:00+00:00,384.0,384.17,383.91,383.94,47316.800613
2026-06-22T18:20:00+00:00,383.95,384.24,383.95,384.08,63412.378792999996
2026-06-22T18:25:00+00:00,384.08,384.45,384.07,384.36,86013.16153799999
2026-06-22T18:30:00+00:00,384.3698,384.37,384.1701,384.31,23125.723352
2026-06-22T18:35:00+00:00,384.315,384.425,384.122,384.2,38206.212303
2026-06-22T18:40:00+00:00,384.2,384.34,384.12,384.1801,93187.493485
2026-06-22T18:45:00+00:00,384.2,384.48,384.2,384.46,21111.883
2026-06-22T18:50:00+00:00,384.47,384.74,384.44,384.66,28326.749354
2026-06-22T18:55:00+00:00,384.67,384.71,384.4801,384.56,17197.054591
2026-06-22T19:00:00+00:00,384.56,384.63,384.47,384.58,17396.871191000002
2026-06-22T19:05:00+00:00,384.63,384.81,384.58,384.67,69224.77447799999
2026-06-22T19:10:00+00:00,384.68,384.75,384.585,384.695,42169.266104
2026-06-22T19:15:00+00:00,384.69,384.75,384.56,384.61,20638.011720000002
2026-06-22T19:20:00+00:00,384.61,384.67,384.5,384.58,26972.613617000003
2026-06-22T19:25:00+00:00,384.575,384.58,384.29,384.345,47631.296504
2026-06-22T19:30:00+00:00,384.37,384.42,384.25,384.28,66503.335716
2026-06-22T19:35:00+00:00,384.27,384.28,384.13,384.235,117866.823786
2026-06-22T19:40:00+00:00,384.235,384.5,384.18,384.32,266863.55309199996
2026-06-22T19:45:00+00:00,384.315,384.32,383.955,383.975,88168.36056200002
2026-06-22T19:50:00+00:00,383.97,384.12,383.97,384.06,46108.630069
2026-06-22T19:55:00+00:00,384.07,384.28,384.01,384.25,123424.246863
2026-06-22T20:00:00+00:00,384.245,384.675,384.17,384.59,267949.728162
2026-06-22T20:05:00+00:00,384.59,384.82,384.47,384.82,11060.906910000002
2026-06-22T20:10:00+00:00,384.65,384.65,384.6,384.6,498.0
2026-06-22T20:15:00+00:00,384.55,384.56,384.55,384.55,1753.0
2026-06-22T20:20:00+00:00,384.54,384.58,384.5,384.58,3046.492599
2026-06-22T20:25:00+00:00,384.55,384.55,384.54,384.54,235.0
2026-06-22T20:30:00+00:00,384.6,384.6,384.6,384.6,447.0
2026-06-22T20:35:00+00:00,384.7,384.7,384.7,384.7,91.0
2026-06-22T20:40:00+00:00,384.72,384.74,384.72,384.74,449.013113
2026-06-22T20:45:00+00:00,384.82,385.211,384.82,385.211,200052.0
2026-06-22T20:50:00+00:00,384.73,384.73,384.62,384.66,810.271043
2026-06-22T20:55:00+00:00,384.6,384.66,384.6,384.61,2041.0
2026-06-22T21:00:00+00:00,384.73,384.73,384.73,384.73,1235.0
2026-06-22T21:05:00+00:00,384.62,384.62,384.62,384.62,104.0
2026-06-22T21:10:00+00:00,384.6004,384.61,384.6,384.6,2374.005199
2026-06-22T21:15:00+00:00,384.886,384.9306,384.886,384.9306,342.0
2026-06-22T21:20:00+00:00,384.6033,384.6033,384.55,384.55,1287.0
2026-06-22T21:25:00+00:00,384.51,384.51,384.41,384.41,1403.0
2026-06-22T21:30:00+00:00,384.5799,384.5799,384.41,384.41,374.0
2026-06-22T21:40:00+00:00,384.55,384.55,384.55,384.55,302.0
2026-06-22T21:45:00+00:00,384.41,384.41,384.228,384.228,629.0
2026-06-22T21:55:00+00:00,384.1,384.1,384.1,384.1,96.0
2026-06-22T22:00:00+00:00,384.45,384.45,384.152,384.41,1197.0
2026-06-22T22:05:00+00:00,384.5,384.74,384.5,384.65,302786.0
2026-06-22T22:25:00+00:00,384.6121,384.6121,384.6121,384.6121,100.0
2026-06-22T22:30:00+00:00,384.61,384.61,384.61,384.61,200.0
2026-06-22T22:40:00+00:00,384.69,384.69,384.69,384.69,54.0
2026-06-22T22:45:00+00:00,384.43,384.43,384.43,384.43,52.0
2026-06-22T22:50:00+00:00,384.3,384.3,384.3,384.3,202.0
2026-06-22T23:00:00+00:00,384.3147,384.3147,384.3147,384.3147,62.161266
2026-06-22T23:05:00+00:00,384.7465,384.7863,384.6999,384.6999,556.025988
2026-06-22T23:10:00+00:00,384.42,384.42,384.42,384.42,345.10663
2026-06-22T23:15:00+00:00,384.6,384.6,384.521,384.6,3427.0
2026-06-22T23:20:00+00:00,384.6,384.6,384.6,384.6,21171.003374
2026-06-22T23:25:00+00:00,384.6,384.6,384.6,384.6,2112.0482
2026-06-22T23:30:00+00:00,384.6,384.7266,384.6,384.65,8259.0
2026-06-22T23:35:00+00:00,384.65,384.7551,384.65,384.7,9259.032679
2026-06-22T23:40:00+00:00,384.71,384.96,384.71,384.96,2149.0
2026-06-22T23:45:00+00:00,385.0,385.0,384.8423,384.8423,245.59262
2026-06-22T23:50:00+00:00,384.7,384.9,384.59,384.59,9099.0
2026-06-22T23:55:00+00:00,384.5,384.5,384.31,384.36,3403.568644
2026-06-23T00:00:00+00:00,384.36,384.38,384.34,384.34,313.0
2026-06-23T08:05:00+00:00,377.26,379.76,375.48,375.57,33783.146836
2026-06-23T08:10:00+00:00,375.73,380.46,375.42,377.83,38205.036141
2026-06-23T08:15:00+00:00,377.78,378.29,375.55,375.7,54749.053332
2026-06-23T08:20:00+00:00,375.7195,376.17,375.7195,376.17,873.73788
2026-06-23T08:25:00+00:00,376.02,376.2,376.0,376.0,821.3
2026-06-23T08:30:00+00:00,376.0,376.0,375.98,376.0,746.752803
2026-06-23T08:35:00+00:00,376.13,376.31,376.07,376.3,1434.734115
2026-06-23T08:40:00+00:00,376.66,376.66,376.39,376.39,1263.036549
2026-06-23T08:45:00+00:00,376.5,377.2,376.5,377.01,1368.309259
2026-06-23T08:50:00+00:00,376.53,376.53,376.5,376.5,5080.0
2026-06-23T08:55:00+00:00,376.72,377.01,376.67,377.01,1307.006322
2026-06-23T09:00:00+00:00,376.8,376.8,376.52,376.54,1437.0
2026-06-23T09:05:00+00:00,376.87,377.1,376.87,377.1,2336.267104
2026-06-23T09:10:00+00:00,377.33,377.4,377.14,377.14,1534.0
2026-06-23T09:15:00+00:00,377.23,377.4,377.23,377.39,367.0
2026-06-23T09:20:00+00:00,377.4,377.4,377.14,377.14,319.0
2026-06-23T09:25:00+00:00,377.63,377.7,377.52,377.7,521.359319
2026-06-23T09:30:00+00:00,377.77,377.77,377.37,377.42,7548.3684920000005
2026-06-23T09:35:00+00:00,377.38,377.66,377.37,377.66,499.030316
2026-06-23T09:40:00+00:00,377.83,378.06,377.73,378.06,1489.2319160000002
2026-06-23T09:45:00+00:00,377.96,377.96,377.84,377.84,1142.039507
2026-06-23T09:50:00+00:00,377.82,377.87,377.79,377.79,3104.792437
2026-06-23T09:55:00+00:00,377.76,377.8,377.76,377.78,3082.0
2026-06-23T10:00:00+00:00,377.81,378.2,377.81,378.2,429.010609
2026-06-23T10:05:00+00:00,378.46,379.1,378.46,379.1,2413.055562
2026-06-23T10:10:00+00:00,379.2178,379.2178,378.8,378.8,422.0
2026-06-23T10:15:00+00:00,378.83,378.83,378.79,378.79,1682.044531
2026-06-23T10:20:00+00:00,379.0,379.08,378.93,378.93,1333.0
2026-06-23T10:25:00+00:00,379.11,379.11,378.99,378.99,209.0
2026-06-23T10:30:00+00:00,378.81,379.0949,378.81,379.0949,402.0
2026-06-23T10:35:00+00:00,379.07,379.07,379.02,379.02,194.107472
2026-06-23T10:40:00+00:00,378.9,378.9,378.9,378.9,88.0
2026-06-23T10:45:00+00:00,378.61,378.66,378.49,378.66,440.0
2026-06-23T10:50:00+00:00,378.6,378.6,378.41,378.59,5749.0
2026-06-23T10:55:00+00:00,378.44,378.53,378.27,378.27,683.0
2026-06-23T11:00:00+00:00,378.07,378.07,378.07,378.07,65.0
2026-06-23T11:05:00+00:00,378.08,378.21,377.93,378.0,6669.334
2026-06-23T11:10:00+00:00,378.1,378.69,378.1,378.69,2232.0
2026-06-23T11:15:00+00:00,378.7102,378.93,378.66,378.93,1528.0
2026-06-23T11:20:00+00:00,378.9,378.92,378.69,378.9117,860.0
2026-06-23T11:25:00+00:00,378.59,379.2,378.59,378.81,6287.107822
2026-06-23T11:30:00+00:00,378.84,378.9981,378.59,378.59,997.0
2026-06-23T11:35:00+00:00,378.75,378.869,378.37,378.37,1392.002639
2026-06-23T11:40:00+00:00,378.38,378.72,378.04,378.72,3932.203401
2026-06-23T11:45:00+00:00,378.6,378.6,377.99,378.27,2060.5
2026-06-23T11:50:00+00:00,378.23,378.23,377.92,378.1,1088.0
2026-06-23T11:55:00+00:00,378.21,378.3,378.03,378.15,894.0132249999999
2026-06-23T12:00:00+00:00,378.1,378.58,378.1,378.5,2463.005498
2026-06-23T12:05:00+00:00,378.36,378.72,378.36,378.5,6036.0
2026-06-23T12:10:00+00:00,378.33,378.41,378.25,378.25,2927.0462500000003
2026-06-23T12:15:00+00:00,377.76,377.82,377.441,377.57,8057.01387
2026-06-23T12:20:00+00:00,377.44,377.86,377.35,377.86,26774.0
2026-06-23T12:25:00+00:00,377.85,378.1,377.46,378.1,27225.075724
2026-06-23T12:30:00+00:00,377.8,377.8,377.55,377.77,1125.517277
2026-06-23T12:35:00+00:00,377.6276,378.1,377.6276,377.7,5271.0
2026-06-23T12:40:00+00:00,378.0,378.25,378.0,378.22,3659.145456
2026-06-23T12:45:00+00:00,378.2255,378.2255,378.01,378.1081,3080.0
2026-06-23T12:50:00+00:00,377.5,385.3451,377.5,377.73,601886.479211
2026-06-23T12:55:00+00:00,377.917,378.23,377.917,378.02,1847.0
2026-06-23T13:00:00+00:00,378.07,378.12,377.61,377.61,1064.621249
2026-06-23T13:05:00+00:00,377.5108,377.5108,377.01,377.3301,5468.822193
2026-06-23T13:10:00+00:00,377.36,378.02,377.34,377.81,9113.998435
2026-06-23T13:15:00+00:00,377.8257,377.8257,377.4,377.4,1194.690713
2026-06-23T13:20:00+00:00,377.4,377.4,376.9,376.9,12146.080445
2026-06-23T13:25:00+00:00,377.01,377.79,376.8,377.75,6538.00268
2026-06-23T13:30:00+00:00,377.77,377.86,377.63,377.68,3325.751232
2026-06-23T13:35:00+00:00,377.722,378.41,377.17,378.24,188885.55238400004
2026-06-23T13:40:00+00:00,378.27,378.48,377.9,377.92,135260.343933
2026-06-23T13:45:00+00:00,377.97,378.86,377.89,378.6,232503.984819
2026-06-23T13:50:00+00:00,378.63,379.43,378.49,379.12,215594.23651800002
2026-06-23T13:55:00+00:00,379.13,379.9499,379.09,379.67,68753.97581799999
2026-06-23T14:00:00+00:00,379.66,379.84,379.1401,379.53,122173.610824
2026-06-23T14:05:00+00:00,379.48,379.97,379.3,379.7,82146.108925
2026-06-23T14:10:00+00:00,379.7,380.24,379.46,380.07,54771.579329
2026-06-23T14:15:00+00:00,380.05,380.35,379.24,379.66,48658.836419
2026-06-23T14:20:00+00:00,379.66,380.09,379.25,380.035,67795.926098
2026-06-23T14:25:00+00:00,379.98,380.15,379.34,379.41,130798.649539
2026-06-23T14:30:00+00:00,379.42,379.55,378.87,379.195,96237.607655
2026-06-23T14:35:00+00:00,379.21,379.23,378.45,378.695,138156.647197
2026-06-23T14:40:00+00:00,378.69,378.9,378.32,378.445,51798.835353999995
2026-06-23T14:45:00+00:00,378.46,378.84,378.33,378.51,117778.446885
2026-06-23T14:50:00+00:00,378.63,378.83,378.51,378.6217,99725.944439
2026-06-23T14:55:00+00:00,378.67,378.97,378.4,378.745,58110.42546
2026-06-23T15:00:00+00:00,378.75,378.97,378.52,378.97,59541.30659
2026-06-23T15:05:00+00:00,378.98,379.4194,378.85,379.325,63650.133249
2026-06-23T15:10:00+00:00,379.32,379.46,378.39,378.41,102153.80472000001
2026-06-23T15:15:00+00:00,378.41,378.82,378.38,378.8,39236.867352
2026-06-23T15:20:00+00:00,378.89,379.04,378.7146,378.77,32084.348538
2026-06-23T15:25:00+00:00,378.75,378.925,378.4201,378.5327,18842.414085
2026-06-23T15:30:00+00:00,378.54,378.8,378.44,378.7,39245.33717100001
2026-06-23T15:35:00+00:00,378.71,379.58,378.69,379.22,78801.6367
2026-06-23T15:40:00+00:00,379.2635,379.65,379.25,379.6401,27354.749798
2026-06-23T15:45:00+00:00,379.69,380.0799,379.6,379.77,103370.58678499999
2026-06-23T15:50:00+00:00,379.785,379.8699,379.31,379.44,109555.26211400001
2026-06-23T15:55:00+00:00,379.46,379.78,379.36,379.65,33568.574218
2026-06-23T16:00:00+00:00,379.625,379.8,379.51,379.76,48229.423864
2026-06-23T16:05:00+00:00,379.76,379.89,379.54,379.55,151174.263687
2026-06-23T16:10:00+00:00,379.54,379.61,379.32,379.4,22425.0634
2026-06-23T16:15:00+00:00,379.45,379.57,379.355,379.45,20260.903057000003
2026-06-23T16:20:00+00:00,379.475,379.73,379.24,379.69,233293.80342100002
2026-06-23T16:25:00+00:00,379.7,379.74,379.48,379.575,27432.152036
2026-06-23T16:30:00+00:00,379.58,379.62,379.5001,379.575,18351.70365
2026-06-23T16:35:00+00:00,379.52,380.14,379.485,379.97,46241.450749999996
2026-06-23T16:40:00+00:00,379.95,380.14,379.8601,380.08,34703.769009999996
2026-06-23T16:45:00+00:00,380.06,380.24,379.9001,380.21,42070.655049
2026-06-23T16:50:00+00:00,380.21,380.24,379.8362,379.93,520836.790418
2026-06-23T16:55:00+00:00,379.96,379.9791,379.8,379.82,15819.386473
2026-06-23T17:00:00+00:00,379.89,379.9035,379.15,379.37,45971.979213
2026-06-23T17:05:00+00:00,379.38,379.4001,379.1,379.18,36489.534845
2026-06-23T17:10:00+00:00,379.22,379.38,378.98,379.225,47336.315062999995
2026-06-23T17:15:00+00:00,379.2,379.8786,379.2,379.76,113252.97120300001
2026-06-23T17:20:00+00:00,379.76,379.76,379.47,379.59,16070.859511999999
2026-06-23T17:25:00+00:00,379.61,379.7,379.33,379.33,15575.089756
2026-06-23T17:30:00+00:00,379.23,379.27,379.03,379.07,128489.269658
2026-06-23T17:35:00+00:00,379.14,379.14,378.81,378.98,25425.699189
2026-06-23T17:40:00+00:00,379.01,379.08,378.91,378.9958,17920.776702
2026-06-23T17:45:00+00:00,379.01,379.19,378.92,379.19,25365.499457
2026-06-23T17:50:00+00:00,379.18,379.28,379.06,379.13,25678.713838
2026-06-23T17:55:00+00:00,379.16,379.16,378.835,378.855,20425.229484000003
2026-06-23T18:00:00+00:00,378.855,378.94,378.805,378.805,30732.829478
2026-06-23T18:05:00+00:00,378.82,379.07,378.66,378.69,30482.979772000002
2026-06-23T18:10:00+00:00,378.71,378.75,378.43,378.535,17511.98692
2026-06-23T18:15:00+00:00,378.55,378.62,378.42,378.47,53852.114976
2026-06-23T18:20:00+00:00,378.46,378.58,378.41,378.4765,26793.768497
2026-06-23T18:25:00+00:00,378.46,378.56,378.3,378.39,48428.54294
2026-06-23T18:30:00+00:00,378.33,378.33,378.0953,378.15,32148.390659999997
2026-06-23T18:35:00+00:00,378.145,378.29,378.02,378.19,44173.857189
2026-06-23T18:40:00+00:00,378.2,378.29,378.03,378.04,43576.379641
2026-06-23T18:45:00+00:00,378.0399,378.09,377.68,377.7,52283.086424
2026-06-23T18:50:00+00:00,377.71,377.73,377.4,377.56,55889.96483000001
2026-06-23T18:55:00+00:00,377.59,377.79,377.5,377.6673,41257.906486
2026-06-23T19:00:00+00:00,377.6574,377.88,377.5701,377.8499,39128.309108
2026-06-23T19:05:00+00:00,377.87,378.46,377.77,378.355,55905.084487
2026-06-23T19:10:00+00:00,378.34,378.59,378.15,378.25,35138.874554
2026-06-23T19:15:00+00:00,378.27,378.3509,378.1072,378.18,42483.807801
2026-06-23T19:20:00+00:00,378.2,378.21,377.81,377.83,50263.509791
2026-06-23T19:25:00+00:00,377.9,378.23,377.85,378.11,43767.453254
2026-06-23T19:30:00+00:00,378.06,378.27,378.05,378.22,61602.916810999996
2026-06-23T19:35:00+00:00,378.23,378.36,378.09,378.23,68923.72190799999
2026-06-23T19:40:00+00:00,378.215,378.43,378.17,378.29,54222.381436
2026-06-23T19:45:00+00:00,378.29,378.3,378.0974,378.0974,62676.59611199999
2026-06-23T19:50:00+00:00,378.11,378.16,377.85,378.07,83974.390508
2026-06-23T19:55:00+00:00,378.07,378.1,377.465,377.64,177232.080823
2026-06-23T20:00:00+00:00,377.65,377.69,377.3,377.3,278143.843003
2026-06-23T20:05:00+00:00,377.32,377.32,377.1,377.101,10561.953739999999
2026-06-23T20:10:00+00:00,377.3,377.42,377.2,377.4,5218.7887009999995
2026-06-23T20:15:00+00:00,377.3881,377.3881,377.22,377.24,16569.768881
2026-06-23T20:20:00+00:00,377.19,377.19,377.0,377.1,3024.301562
2026-06-23T20:25:00+00:00,377.123,377.16,377.0,377.09,1710.753099
2026-06-23T20:30:00+00:00,377.1,377.1,377.1,377.1,66.111538
2026-06-23T20:35:00+00:00,377.1943,377.24,377.1831,377.24,260.0
2026-06-23T20:40:00+00:00,377.262,377.262,377.18,377.18,586.0
2026-06-23T20:45:00+00:00,377.32,377.32,377.32,377.32,220.0
2026-06-23T20:50:00+00:00,377.29,377.31,377.2334,377.2334,643.9744000000001
2026-06-23T20:55:00+00:00,377.21,377.21,377.21,377.21,149.086924
2026-06-23T21:00:00+00:00,377.11,377.3,377.11,377.3,390.01
2026-06-23T21:05:00+00:00,377.39,377.39,377.39,377.39,237.0
2026-06-23T21:15:00+00:00,377.27,377.27,377.27,377.27,91.0
2026-06-23T21:25:00+00:00,377.37,377.3735,377.3315,377.3365,1800.0
2026-06-23T21:30:00+00:00,377.33,377.33,377.27,377.27,257.0
2026-06-23T21:45:00+00:00,377.2729,377.2729,377.2729,377.2729,138.714667
2026-06-23T21:50:00+00:00,377.33,377.33,377.31,377.31,619.020882
2026-06-23T21:55:00+00:00,377.3,377.3,377.3,377.3,99.0
2026-06-23T22:00:00+00:00,377.2721,377.56,377.2721,377.49,699.0
2026-06-23T22:05:00+00:00,377.34,377.37,377.32,377.33,669.0
2026-06-23T22:15:00+00:00,377.45,377.45,377.45,377.45,120.0
2026-06-23T22:20:00+00:00,377.6,377.6,377.6,377.6,67.0
2026-06-23T22:25:00+00:00,377.0,377.04,377.0,377.04,564.005
2026-06-23T22:30:00+00:00,376.84,377.09,376.84,376.88,674.0
2026-06-23T22:35:00+00:00,376.52,376.56,376.02,376.02,2467.0106
2026-06-23T22:40:00+00:00,376.39,376.39,376.04,376.2,504.052243
2026-06-23T22:45:00+00:00,376.36,376.6,376.2908,376.6,418.0
2026-06-23T22:50:00+00:00,376.79,376.79,376.79,376.79,205.0
2026-06-23T22:55:00+00:00,377.06,377.06,376.83,376.83,311.0
2026-06-23T23:00:00+00:00,376.7,376.7,376.7,376.7,88.0
2026-06-23T23:05:00+00:00,376.5,376.57,376.28,376.28,654.681552
2026-06-23T23:10:00+00:00,376.0,376.05,375.98,375.98,641.112361
2026-06-23T23:15:00+00:00,375.96,376.49,375.91,376.49,2338.0
2026-06-23T23:20:00+00:00,376.21,376.21,376.21,376.21,217.0
2026-06-23T23:25:00+00:00,376.21,376.21,376.21,376.21,95.0
2026-06-23T23:30:00+00:00,376.24,376.24,376.13,376.13,382.0
2026-06-23T23:35:00+00:00,375.99,375.99,375.75,375.77,1055.002659
2026-06-23T23:40:00+00:00,375.8,375.88,374.5,374.57,7273.7787929999995
2026-06-23T23:45:00+00:00,374.73,374.98,374.62,374.65,2151.0
2026-06-23T23:55:00+00:00,375.8249,376.09,375.8249,376.01,666.008184
2026-06-24T00:00:00+00:00,376.262,376.262,376.19,376.19,177.216906
2026-06-24T08:05:00+00:00,374.09,375.95,372.2,375.05,25397.827043
2026-06-24T08:10:00+00:00,375.03,375.94,373.75,374.0,20841.0
2026-06-24T08:15:00+00:00,374.05,374.05,373.8,373.8,2656.290056
2026-06-24T08:20:00+00:00,374.01,374.06,373.88,374.05,912.0
2026-06-24T08:25:00+00:00,373.87,374.15,373.87,374.15,2470.01
2026-06-24T08:30:00+00:00,374.13,374.46,374.13,374.37,717.0
2026-06-24T08:35:00+00:00,374.45,375.08,374.45,374.93,2207.79836
2026-06-24T08:40:00+00:00,374.5,374.6,374.37,374.6,526.0
2026-06-24T08:45:00+00:00,374.54,374.63,374.53,374.59,575.778356
2026-06-24T08:50:00+00:00,374.459,374.459,374.37,374.37,378.0
2026-06-24T08:55:00+00:00,374.33,374.33,374.14,374.14,126.0
2026-06-24T09:00:00+00:00,374.23,374.23,374.23,374.23,58.0
2026-06-24T09:05:00+00:00,373.85,373.85,373.85,373.85,398.0
2026-06-24T09:10:00+00:00,373.89,373.89,373.6,373.6,486.0
2026-06-24T09:15:00+00:00,373.67,373.68,373.65,373.65,261.68605
2026-06-24T09:20:00+00:00,374.04,374.21,374.04,374.21,3520.0
2026-06-24T09:25:00+00:00,373.95,373.95,373.95,373.95,122.099008
2026-06-24T09:30:00+00:00,373.78,373.78,373.5,373.5,759.0
2026-06-24T09:35:00+00:00,373.58,373.58,373.47,373.57,1194.99959
2026-06-24T09:40:00+00:00,373.54,373.54,373.45,373.45,292.026707
2026-06-24T09:45:00+00:00,373.1,373.1,373.1,373.1,77.0
2026-06-24T09:50:00+00:00,373.34,373.34,373.17,373.31,1638.347717
2026-06-24T09:55:00+00:00,373.5338,373.5338,373.5338,373.5338,160.0
2026-06-24T10:00:00+00:00,373.3,373.3,373.0,373.0,1546.0107
2026-06-24T10:05:00+00:00,372.94,372.96,372.48,372.66,4416.017267
2026-06-24T10:10:00+00:00,372.779,372.779,372.779,372.779,87.0
2026-06-24T10:15:00+00:00,372.6,372.6,372.6,372.6,81.0
2026-06-24T10:20:00+00:00,372.65,372.65,372.2,372.33,4972.0
2026-06-24T10:25:00+00:00,372.25,372.29,372.25,372.29,306.0
2026-06-24T10:30:00+00:00,372.37,372.58,372.37,372.58,1113.0
2026-06-24T10:35:00+00:00,372.79,372.8,372.74,372.79,670.004173
2026-06-24T10:45:00+00:00,372.65,373.13,372.65,373.03,2787.588691
2026-06-24T10:50:00+00:00,373.11,373.11,373.11,373.11,148.344683
2026-06-24T10:55:00+00:00,372.7,372.71,372.37,372.46,1468.1394770000002
2026-06-24T11:00:00+00:00,372.33,372.33,372.0616,372.0616,2047.0
2026-06-24T11:05:00+00:00,372.24,372.47,371.8,371.83,11598.123398999998
2026-06-24T11:10:00+00:00,371.82,371.9,371.51,371.6448,2858.831498
2026-06-24T11:15:00+00:00,371.57,371.9318,371.25,371.26,4946.01
2026-06-24T11:20:00+00:00,371.29,371.37,370.54,370.93,6751.253933
2026-06-24T11:25:00+00:00,370.99,371.2668,370.73,371.2668,7326.020788
2026-06-24T11:30:00+00:00,371.37,371.37,370.7317,371.18,2285.540359
2026-06-24T11:35:00+00:00,371.32,371.37,371.03,371.12,28335.318475
2026-06-24T11:40:00+00:00,371.06,371.8,371.06,371.8,7292.29176
2026-06-24T11:45:00+00:00,371.71,371.71,371.3,371.3,30126.483475
2026-06-24T11:50:00+00:00,371.3,371.3,370.78,371.24,9888.498395999999
2026-06-24T11:55:00+00:00,371.2,372.2,371.2,372.08,6768.134143
2026-06-24T12:00:00+00:00,371.85,371.85,371.3,371.3,12168.327701
2026-06-24T12:05:00+00:00,371.37,371.59,371.0,371.36,38069.10320600001
2026-06-24T12:10:00+00:00,371.21,371.21,370.3,370.82,10622.194996
2026-06-24T12:15:00+00:00,370.75,371.03,370.6,370.6,3005.053397
2026-06-24T12:20:00+00:00,370.7,370.9207,370.31,370.9207,6593.989467
2026-06-24T12:25:00+00:00,370.7667,370.79,370.1,370.11,6745.718991
2026-06-24T12:30:00+00:00,370.08,370.08,367.65,368.5,123871.97489000001
2026-06-24T12:35:00+00:00,368.5,368.93,367.98,368.85,24293.606197
2026-06-24T12:40:00+00:00,368.83,368.83,367.75,368.15,29896.488558
2026-06-24T12:45:00+00:00,368.05,368.39,367.85,368.34,14198.013319
2026-06-24T12:50:00+00:00,368.29,368.74,367.44,367.44,26045.630847
2026-06-24T12:55:00+00:00,367.59,367.84,367.1,367.4681,41491.852459
2026-06-24T13:00:00+00:00,367.35,367.38,365.96,365.96,70322.735664
2026-06-24T13:05:00+00:00,366.1,366.69,364.54,365.29,160182.44077400002
2026-06-24T13:10:00+00:00,365.28,365.9097,364.55,364.95,83503.576333
2026-06-24T13:15:00+00:00,364.89,365.19,364.06,364.55,88698.096636
2026-06-24T13:20:00+00:00,364.55,364.95,363.9,364.95,87108.952469
2026-06-24T13:25:00+00:00,364.91,364.91,363.86,364.6,53348.646579
2026-06-24T13:30:00+00:00,364.7,364.9497,364.38,364.81,53456.084321999995
2026-06-24T13:35:00+00:00,364.81,366.81,364.61,365.87,676670.2122810001
2026-06-24T13:40:00+00:00,365.89,367.74,365.77,367.56,318585.112923
2026-06-24T13:45:00+00:00,367.57,368.7368,367.165,368.47,309125.443355
2026-06-24T13:50:00+00:00,368.47,368.95,367.88,368.88,289609.956044
2026-06-24T13:55:00+00:00,368.8,370.19,368.74,369.7692,275934.580224
2026-06-24T14:00:00+00:00,369.74,370.9,369.19,370.48,154229.170955
2026-06-24T14:05:00+00:00,370.56,370.8,369.1,369.3237,259532.201611
2026-06-24T14:10:00+00:00,369.32,369.93,369.1,369.61,189061.575655
2026-06-24T14:15:00+00:00,369.6244,370.03,368.77,368.875,156547.405826
2026-06-24T14:20:00+00:00,368.9,368.98,368.4301,368.77,161705.326044
2026-06-24T14:25:00+00:00,368.715,369.35,368.33,369.23,193619.67902
2026-06-24T14:30:00+00:00,369.235,369.595,368.92,369.19,128070.812693
2026-06-24T14:35:00+00:00,369.225,370.2,369.2,369.89,113541.704197
2026-06-24T14:40:00+00:00,369.87,369.97,368.701,368.815,175572.493076
2026-06-24T14:45:00+00:00,368.85,369.025,368.08,368.5,94884.374605
2026-06-24T14:50:00+00:00,368.362,368.46,367.95,368.075,79574.953736
2026-06-24T14:55:00+00:00,368.075,368.26,367.52,367.565,127144.572134
2026-06-24T15:00:00+00:00,367.59,367.8,367.27,367.74,101538.213578
2026-06-24T15:05:00+00:00,367.755,367.95,367.09,367.36,152562.66580100002
2026-06-24T15:10:00+00:00,367.34,367.41,366.76,366.96,158382.536646
2026-06-24T15:15:00+00:00,366.99,367.39,366.825,367.19,186983.84942800002
2026-06-24T15:20:00+00:00,367.2062,368.0799,366.95,368.03,100166.887036
2026-06-24T15:25:00+00:00,368.03,368.38,367.72,367.84,142132.484826
2026-06-24T15:30:00+00:00,367.81,368.43,367.3601,368.43,129171.285299
2026-06-24T15:35:00+00:00,368.425,368.4699,367.6201,367.88,63960.878985
2026-06-24T15:40:00+00:00,367.86,367.9999,367.6016,367.65,75120.55656900001
2026-06-24T15:45:00+00:00,367.617,367.66,367.15,367.58,69616.10369100001
2026-06-24T15:50:00+00:00,367.59,368.41,367.39,368.21,140388.167977
2026-06-24T15:55:00+00:00,368.22,368.5625,367.29,367.46,128708.182352
2026-06-24T16:00:00+00:00,367.48,367.56,367.04,367.245,75519.320198
2026-06-24T16:05:00+00:00,367.27,367.53,366.97,367.22,113227.01941000001
2026-06-24T16:10:00+00:00,367.265,367.61,366.63,367.06,92875.44352399999
2026-06-24T16:15:00+00:00,367.09,367.43,366.97,367.24,52411.544429999994
2026-06-24T16:20:00+00:00,367.3,367.6,367.18,367.25,93231.734949
2026-06-24T16:25:00+00:00,367.33,368.23,367.27,368.04,77171.38806099999
2026-06-24T16:30:00+00:00,368.065,368.61,367.96,368.49,500023.178415
2026-06-24T16:35:00+00:00,368.49,368.81,368.23,368.41,111878.96383200001
2026-06-24T16:40:00+00:00,368.5,369.12,368.46,368.69,158075.21421499999
2026-06-24T16:45:00+00:00,368.715,368.87,367.93,368.15,119078.12511
2026-06-24T16:50:00+00:00,368.14,368.17,367.7244,367.7244,108369.602101
2026-06-24T16:55:00+00:00,367.735,368.045,367.705,367.71,69084.129272
2026-06-24T17:00:00+00:00,367.7008,367.8599,367.59,367.64,52104.745425
2026-06-24T17:05:00+00:00,367.65,368.05,367.54,367.92,80355.779075
2026-06-24T17:10:00+00:00,367.935,368.01,367.42,367.59,56215.181517000005
2026-06-24T17:15:00+00:00,367.715,367.915,367.5,367.56,51471.04396499999
2026-06-24T17:20:00+00:00,367.5601,367.67,367.0,367.04,34811.002268
2026-06-24T17:25:00+00:00,367.05,367.12,366.3701,366.42,100082.29541400001
2026-06-24T17:30:00+00:00,366.36,366.69,366.14,366.17,116429.36394
2026-06-24T17:35:00+00:00,366.2,366.2,365.55,365.765,91619.85455199999
2026-06-24T17:40:00+00:00,365.76,365.91,365.49,365.75,79881.20729199999
2026-06-24T17:45:00+00:00,365.77,365.8001,365.49,365.615,118660.584241
2026-06-24T17:50:00+00:00,365.58,365.85,365.25,365.35,71283.544933
2026-06-24T17:55:00+00:00,365.235,365.39,364.94,365.2,110866.532195
2026-06-24T18:00:00+00:00,365.21,365.4,364.54,364.57,103378.21352299998
2026-06-24T18:05:00+00:00,364.59,364.765,363.32,363.98,199996.95927000002
2026-06-24T18:10:00+00:00,363.95,365.6,363.95,365.59,119075.926623
2026-06-24T18:15:00+00:00,365.55,366.35,365.33,366.01,191097.001977
2026-06-24T18:20:00+00:00,366.04,366.3197,365.74,365.86,115660.393113
2026-06-24T18:25:00+00:00,365.84,365.91,365.19,365.85,90071.539185
2026-06-24T18:30:00+00:00,365.88,366.26,365.78,366.15,87253.526068
2026-06-24T18:35:00+00:00,366.13,366.495,365.86,366.0,165834.48175900002
2026-06-24T18:40:00+00:00,366.04,366.061,365.55,365.63,364181.61446700006
2026-06-24T18:45:00+00:00,365.68,365.73,365.36,365.52,41967.696813
2026-06-24T18:50:00+00:00,365.49,365.49,364.9899,365.1612,71005.127863
2026-06-24T18:55:00+00:00,365.18,365.42,364.93,365.345,79395.25773299999
2026-06-24T19:00:00+00:00,365.36,365.6,365.22,365.33,68358.680313
2026-06-24T19:05:00+00:00,365.35,365.66,365.02,365.486,61123.887365
2026-06-24T19:10:00+00:00,365.49,365.52,364.9,364.93,70568.64175400001
2026-06-24T19:15:00+00:00,364.93,364.96,364.63,364.895,58429.655482999995
2026-06-24T19:20:00+00:00,364.87,365.0,364.68,364.965,138133.386719
2026-06-24T19:25:00+00:00,364.99,365.21,364.93,365.14,59260.762996
2026-06-24T19:30:00+00:00,365.13,365.63,365.09,365.59,160126.577336
2026-06-24T19:35:00+00:00,365.61,366.0,365.57,365.72,118604.48978700001
2026-06-24T19:40:00+00:00,365.72,365.725,365.32,365.44,63476.173709
2026-06-24T19:45:00+00:00,365.45,365.56,365.19,365.47,110698.704287
2026-06-24T19:50:00+00:00,365.48,365.63,365.32,365.375,156693.217984
2026-06-24T19:55:00+00:00,365.36,366.21,365.25,366.16,252040.290569
2026-06-24T20:00:00+00:00,366.16,366.17,365.66,365.96,366575.951997
2026-06-24T20:05:00+00:00,365.86,366.85,365.63,366.81,19956.192153
2026-06-24T20:10:00+00:00,366.8,367.29,366.8,366.95,21122.137037
2026-06-24T20:15:00+00:00,367.07,367.07,366.58,366.6003,21777.109987
2026-06-24T20:20:00+00:00,366.7,366.7,366.4654,366.5,2191.533018
2026-06-24T20:25:00+00:00,366.65,367.0,366.5,366.98,3146.8759609999997
2026-06-24T20:30:00+00:00,366.89,367.12,366.84,367.0449,5926.5276570000005
2026-06-24T20:35:00+00:00,367.1,367.2,366.93,367.05,3446.539524
2026-06-24T20:40:00+00:00,367.17,367.17,366.7,366.7,4166.0
2026-06-24T20:45:00+00:00,366.91,367.0,366.9,366.98,1660.0
2026-06-24T20:50:00+00:00,366.98,367.1,366.86,366.86,32429.934176
2026-06-24T20:55:00+00:00,366.9,367.02,366.7943,366.9667,7121.0
2026-06-24T21:00:00+00:00,366.98,367.15,366.9,367.09,6014.0
2026-06-24T21:05:00+00:00,367.2659,367.2659,367.2659,367.2659,177.0
2026-06-24T21:10:00+00:00,367.1974,367.34,366.9815,366.9815,2750.091727
2026-06-24T21:15:00+00:00,367.18,367.1908,367.08,367.08,697.080686
2026-06-24T21:20:00+00:00,367.08,367.09,367.08,367.09,425.01
2026-06-24T21:25:00+00:00,367.1,367.5,366.77,367.02,4892.804434
2026-06-24T21:30:00+00:00,367.09,367.18,367.09,367.18,743.0
2026-06-24T21:35:00+00:00,367.187,367.187,367.01,367.01,812.0
2026-06-24T21:40:00+00:00,366.7912,367.15,366.7783,367.15,2455.653601
2026-06-24T21:45:00+00:00,367.15,367.48,367.14,367.1405,6879.24118
2026-06-24T21:50:00+00:00,367.19,367.3,367.004,367.29,3938.152968
2026-06-24T21:55:00+00:00,367.4,367.64,367.39,367.63,3418.49331
2026-06-24T22:00:00+00:00,367.64,367.85,367.61,367.61,7948.458255
2026-06-24T22:05:00+00:00,367.62,367.79,367.33,367.74,3324.823066
2026-06-24T22:10:00+00:00,367.53,367.61,367.12,367.36,2099.272185
2026-06-24T22:15:00+00:00,367.4288,367.4288,367.22,367.2262,837.013546
2026-06-24T22:20:00+00:00,367.1,367.2,367.1,367.2,749.340661
2026-06-24T22:25:00+00:00,367.2,367.3,367.1518,367.299,1398.140412
2026-06-24T22:30:00+00:00,367.17,367.34,367.11,367.34,646.269226
2026-06-24T22:35:00+00:00,367.12,367.44,367.1,367.44,843.202084
2026-06-24T22:40:00+00:00,367.63,367.63,367.3,367.3,760.0
2026-06-24T22:45:00+00:00,367.27,367.33,367.27,367.32,1342.0
2026-06-24T22:50:00+00:00,367.21,367.24,367.0,367.0,4726.065291
2026-06-24T22:55:00+00:00,366.8179,366.99,366.6,366.61,2437.8
2026-06-24T23:00:00+00:00,366.31,366.8,366.31,366.69,1197.978519
2026-06-24T23:05:00+00:00,366.71,366.84,366.7,366.78,855.290126
2026-06-24T23:10:00+00:00,366.48,366.48,366.14,366.3983,709.1430379999999
2026-06-24T23:15:00+00:00,366.5,366.55,366.4581,366.5,891.040466
2026-06-24T23:20:00+00:00,366.98,366.98,366.9,366.9,1380.0
2026-06-24T23:25:00+00:00,367.0,367.0,367.0,367.0,564.0
2026-06-24T23:30:00+00:00,367.0,367.14,366.8,366.8,449.0
2026-06-24T23:35:00+00:00,366.95,367.38,366.95,367.38,459.0
2026-06-24T23:40:00+00:00,367.68,368.71,367.68,368.52,6010.4524679999995
2026-06-24T23:45:00+00:00,368.33,368.35,368.04,368.35,1389.0
2026-06-24T23:50:00+00:00,368.5,368.62,368.0,368.0114,1910.42475
2026-06-24T23:55:00+00:00,368.19,368.2121,367.86,367.86,1691.0
2026-06-25T00:00:00+00:00,367.97,368.2,367.97,367.99,3828.203944
2026-06-25T08:05:00+00:00,365.7,366.93,364.7,366.44,24950.71483
2026-06-25T08:10:00+00:00,366.6,366.6,364.65,365.97,20423.557711999998
2026-06-25T08:15:00+00:00,365.8,365.97,365.7545,365.97,1207.9422160000001
2026-06-25T08:20:00+00:00,366.1,366.1,366.1,366.1,212.0069
2026-06-25T08:25:00+00:00,366.62,366.93,366.62,366.93,2791.0
2026-06-25T08:30:00+00:00,366.7,366.71,366.44,366.5,2358.7497949999997
2026-06-25T08:35:00+00:00,366.57,367.11,366.51,367.11,974.109087
2026-06-25T08:40:00+00:00,366.97,367.12,366.78,367.09,5366.13634
2026-06-25T08:45:00+00:00,366.99,367.06,366.92,366.92,1054.0
2026-06-25T08:50:00+00:00,366.86,366.86,366.28,366.28,504.0
2026-06-25T08:55:00+00:00,366.15,366.5,366.15,366.5,234.0
2026-06-25T09:00:00+00:00,366.18,366.18,366.03,366.05,485.0
2026-06-25T09:05:00+00:00,366.47,366.62,366.47,366.6,258.0
2026-06-25T09:10:00+00:00,366.38,366.39,366.27,366.27,447.0
2026-06-25T09:15:00+00:00,366.35,366.45,366.27,366.27,561.55281
2026-06-25T09:20:00+00:00,366.13,366.33,366.11,366.11,1029.53
2026-06-25T09:30:00+00:00,366.54,366.6,366.43,366.47,1589.04078
2026-06-25T09:35:00+00:00,366.67,366.76,366.53,366.76,5995.0
2026-06-25T09:40:00+00:00,366.27,366.27,365.9,366.14,5964.280012
2026-06-25T09:45:00+00:00,366.14,366.14,365.83,365.83,558.697338
2026-06-25T09:50:00+00:00,366.03,366.04,365.99,366.0,730.0
2026-06-25T09:55:00+00:00,366.24,366.25,366.13,366.13,450.0
2026-06-25T10:00:00+00:00,366.21,366.21,366.09,366.09,199.0
2026-06-25T10:05:00+00:00,365.93,365.93,365.73,365.74,235.57624099999998
2026-06-25T10:10:00+00:00,365.83,365.83,365.83,365.83,60.056026
2026-06-25T10:15:00+00:00,365.6,365.7,365.531,365.56,1098.0
2026-06-25T10:20:00+00:00,365.7,365.7,365.482,365.482,271.832094
2026-06-25T10:25:00+00:00,365.52,365.75,365.52,365.75,236.0
2026-06-25T10:30:00+00:00,365.8,365.8,365.8,365.8,83.592784
2026-06-25T10:35:00+00:00,366.0,366.0,365.68,365.68,655.0
2026-06-25T10:45:00+00:00,365.76,365.76,365.67,365.67,1230.0
2026-06-25T10:55:00+00:00,365.59,365.6,365.4,365.4,870.0
2026-06-25T11:00:00+00:00,365.47,365.5,365.41,365.42,600.60798
2026-06-25T11:05:00+00:00,365.54,365.634,365.32,365.47,2997.909312
2026-06-25T11:10:00+00:00,365.62,365.65,365.5213,365.65,497.0
2026-06-25T11:15:00+00:00,365.6099,365.6099,365.45,365.46,508.0
2026-06-25T11:20:00+00:00,365.3,365.44,364.85,365.4,2704.737977
2026-06-25T11:25:00+00:00,365.37,365.4,365.26,365.26,6142.0
2026-06-25T11:30:00+00:00,365.13,365.18,364.88,364.96,1925.0
2026-06-25T11:35:00+00:00,364.87,365.24,364.87,365.04,1477.103834
2026-06-25T11:40:00+00:00,364.747,365.13,364.64,365.13,2421.747704
2026-06-25T11:45:00+00:00,365.4,365.7783,365.35,365.75,4225.038337
2026-06-25T11:50:00+00:00,365.68,365.79,365.62,365.68,8322.479066
2026-06-25T11:55:00+00:00,365.71,365.71,365.44,365.44,5989.0
2026-06-25T12:00:00+00:00,365.33,365.33,365.09,365.09,2520.815776
2026-06-25T12:05:00+00:00,365.54,365.58,365.21,365.33,1596.01
2026-06-25T12:10:00+00:00,365.42,365.45,365.35,365.45,726.0
2026-06-25T12:15:00+00:00,365.45,365.45,365.19,365.32,827.95768
2026-06-25T12:20:00+00:00,365.4,365.75,365.2,365.75,4686.027343
2026-06-25T12:25:00+00:00,365.33,365.33,365.02,365.25,4246.669179
2026-06-25T12:30:00+00:00,365.26,365.8,365.0716,365.8,4190.554024
2026-06-25T12:35:00+00:00,365.51,368.08,365.51,366.68,34322.906088
2026-06-25T12:40:00+00:00,366.56,367.61,366.1,367.17,33138.863358
2026-06-25T12:45:00+00:00,366.81,367.52,366.4,367.29,25466.168445
2026-06-25T12:50:00+00:00,367.57,368.76,367.43,368.1982,129329.16789600001
2026-06-25T12:55:00+00:00,368.36,368.74,368.13,368.46,8902.0
2026-06-25T13:00:00+00:00,368.5043,368.5043,367.89,368.11,11386.17689
2026-06-25T13:05:00+00:00,368.21,370.14,368.21,369.71,47849.462606999994
2026-06-25T13:10:00+00:00,369.7,370.09,369.2342,369.85,12897.417736
2026-06-25T13:15:00+00:00,369.57,370.0744,369.51,369.87,13615.208552
2026-06-25T13:20:00+00:00,369.79,369.86,368.96,368.97,10191.330963
2026-06-25T13:25:00+00:00,369.15,369.68,368.9003,368.9003,24197.035168000002
2026-06-25T13:30:00+00:00,369.09,369.19,368.7103,368.95,12521.769282
2026-06-25T13:35:00+00:00,368.99,369.58,368.18,368.21,387443.86599
2026-06-25T13:40:00+00:00,368.25,369.42,368.08,369.104,188930.695515
2026-06-25T13:45:00+00:00,369.11,369.13,367.9318,368.035,178274.685101
2026-06-25T13:50:00+00:00,368.06,368.42,367.675,368.17,185924.589786
2026-06-25T13:55:00+00:00,368.225,368.7,367.59,367.71,151972.165882
2026-06-25T14:00:00+00:00,367.69,367.84,367.0,367.16,352319.720059
2026-06-25T14:05:00+00:00,367.17,368.67,366.8,368.265,376448.578752
2026-06-25T14:10:00+00:00,368.4,368.9,367.83,368.4782,232344.85049599997
2026-06-25T14:15:00+00:00,368.47,368.71,368.14,368.44,167363.600601
2026-06-25T14:20:00+00:00,368.5,368.86,368.17,368.57,238802.815021
2026-06-25T14:25:00+00:00,368.565,369.0,368.14,368.25,258986.140022
2026-06-25T14:30:00+00:00,368.3,369.54,368.13,369.35,218197.899858
2026-06-25T14:35:00+00:00,369.3001,369.63,368.97,369.3,70235.641965
2026-06-25T14:40:00+00:00,369.29,369.42,368.445,368.57,50004.930670999995
2026-06-25T14:45:00+00:00,368.555,368.81,368.41,368.78,668811.2306929999
2026-06-25T14:50:00+00:00,368.8,368.88,368.25,368.5,61327.002024
2026-06-25T14:55:00+00:00,368.49,368.81,368.19,368.58,59496.315095
2026-06-25T15:00:00+00:00,368.5702,368.58,368.03,368.075,83176.595213
2026-06-25T15:05:00+00:00,368.11,368.38,367.86,368.38,91985.07004899999
2026-06-25T15:10:00+00:00,368.35,368.82,368.27,368.51,94459.78427
2026-06-25T15:15:00+00:00,368.5,368.525,367.43,367.7,123659.25879400001
2026-06-25T15:20:00+00:00,367.68,368.4,367.51,368.33,80803.521903
2026-06-25T15:25:00+00:00,368.3599,370.64,368.08,370.41,229146.38543100003
2026-06-25T15:30:00+00:00,370.425,370.425,369.35,369.395,74650.295426
2026-06-25T15:35:00+00:00,369.4399,369.5799,368.98,369.01,44716.328788
2026-06-25T15:40:00+00:00,369.03,369.78,369.02,369.59,38567.756345
2026-06-25T15:45:00+00:00,369.615,369.8,369.395,369.5,61464.25377999999
2026-06-25T15:50:00+00:00,369.5,370.33,369.435,369.83,103245.07469600001
2026-06-25T15:55:00+00:00,369.89,370.795,369.7401,370.48,70775.214038
2026-06-25T16:00:00+00:00,370.485,370.89,370.383,370.77,94885.75418300001
2026-06-25T16:05:00+00:00,370.79,370.915,370.22,370.48,105655.455207
2026-06-25T16:10:00+00:00,370.47,370.64,370.101,370.19,32701.186555
2026-06-25T16:15:00+00:00,370.18,370.75,370.1001,370.37,73095.888642
2026-06-25T16:20:00+00:00,370.4,371.03,370.4,370.68,113421.72686
2026-06-25T16:25:00+00:00,370.7599,371.01,370.69,370.82,34484.978624
2026-06-25T16:30:00+00:00,370.805,370.9,370.63,370.73,51743.089761999996
2026-06-25T16:35:00+00:00,370.72,370.75,370.025,370.17,49149.157483
2026-06-25T16:40:00+00:00,370.13,370.36,369.81,369.87,46677.616141
2026-06-25T16:45:00+00:00,369.89,370.05,369.77,369.83,25537.710994
2026-06-25T16:50:00+00:00,369.81,369.855,369.16,369.855,42892.859509999995
2026-06-25T16:55:00+00:00,369.84,370.0,369.53,369.84,22177.229586
2026-06-25T17:00:00+00:00,369.83,369.84,369.45,369.57,42196.20405
2026-06-25T17:05:00+00:00,369.58,369.73,369.42,369.67,33552.149661999996
2026-06-25T17:10:00+00:00,369.67,369.91,369.6,369.76,30175.706031
2026-06-25T17:15:00+00:00,369.73,369.86,369.61,369.66,87110.01139300001
2026-06-25T17:20:00+00:00,369.67,369.97,369.62,369.71,18289.966614
2026-06-25T17:25:00+00:00,369.6301,369.97,369.52,369.91,17714.627384
2026-06-25T17:30:00+00:00,369.89,370.23,369.69,369.93,46118.531132000004
2026-06-25T17:35:00+00:00,369.96,370.15,369.85,369.88,37076.563679
2026-06-25T17:40:00+00:00,369.88,370.085,369.7901,369.9901,71656.019078
2026-06-25T17:45:00+00:00,369.995,370.24,369.99,370.11,25992.804529
2026-06-25T17:50:00+00:00,370.095,370.095,369.695,369.865,30235.649296
2026-06-25T17:55:00+00:00,369.865,370.1199,369.8301,370.02,18391.435037
2026-06-25T18:00:00+00:00,370.07,370.32,370.0,370.16,33358.164142
2026-06-25T18:05:00+00:00,370.17,370.23,369.51,369.635,30664.198955
2026-06-25T18:10:00+00:00,369.64,370.09,369.43,370.01,34897.043731000005
2026-06-25T18:15:00+00:00,370.0151,370.175,369.8,369.985,42619.553749
2026-06-25T18:20:00+00:00,369.985,370.69,369.95,370.5,32390.793803
2026-06-25T18:25:00+00:00,370.48,370.63,370.4201,370.56,57593.319519
2026-06-25T18:30:00+00:00,370.555,371.03,370.5,371.03,98979.84756799998
2026-06-25T18:35:00+00:00,371.0398,371.0398,370.11,370.14,50988.889052
2026-06-25T18:40:00+00:00,370.14,370.335,369.97,370.3,63759.421648999996
2026-06-25T18:45:00+00:00,370.33,370.34,369.89,370.04,83521.960904
2026-06-25T18:50:00+00:00,369.98,370.01,369.72,369.92,36891.532139999996
2026-06-25T18:55:00+00:00,369.935,370.3109,369.9003,370.211,31926.38029
2026-06-25T19:00:00+00:00,370.225,370.3,370.1,370.18,29142.923569
2026-06-25T19:05:00+00:00,370.23,370.28,369.9801,370.1,36153.88768400001
2026-06-25T19:10:00+00:00,370.08,370.62,370.015,370.545,67109.363388
2026-06-25T19:15:00+00:00,370.545,370.6827,370.49,370.665,73909.171656
2026-06-25T19:20:00+00:00,370.6696,370.965,370.33,370.42,138284.27774
2026-06-25T19:25:00+00:00,370.42,370.699,370.4,370.6,134708.305713
2026-06-25T19:30:00+00:00,370.6,370.75,370.26,370.35,407969.16997000005
2026-06-25T19:35:00+00:00,370.335,370.37,369.96,370.13,78435.268857
2026-06-25T19:40:00+00:00,370.14,370.27,370.01,370.175,44989.546378
2026-06-25T19:45:00+00:00,370.19,370.485,370.03,370.13,92560.08157099999
2026-06-25T19:50:00+00:00,370.14,370.1449,369.38,369.44,88464.14336399999
2026-06-25T19:55:00+00:00,369.44,369.53,369.01,369.43,160730.231623
2026-06-25T20:00:00+00:00,369.43,369.56,369.04,369.465,274127.866659
2026-06-25T20:05:00+00:00,369.46,370.19,369.41,370.02,20549.561884
2026-06-25T20:10:00+00:00,369.8411,369.86,369.71,369.71,1341.0
2026-06-25T20:15:00+00:00,369.6,369.67,369.52,369.52,1124.619982
2026-06-25T20:20:00+00:00,369.57,369.57,369.5,369.5,1239.8659320000002
2026-06-25T20:25:00+00:00,369.67,369.85,369.67,369.85,1023.013522
2026-06-25T20:30:00+00:00,369.74,369.74,369.74,369.74,297.0
2026-06-25T20:35:00+00:00,369.6,369.6,369.55,369.55,407.0
2026-06-25T20:40:00+00:00,369.46,369.52,369.3861,369.3861,3079.0
2026-06-25T20:45:00+00:00,369.37,369.49,369.34,369.49,1896.058287
2026-06-25T20:50:00+00:00,369.5,369.5,369.04,369.08,733.324406
2026-06-25T20:55:00+00:00,369.28,369.31,369.0,369.02,6559.0
2026-06-25T21:00:00+00:00,369.31,369.4,369.31,369.4,3451.030691
2026-06-25T21:05:00+00:00,369.26,369.26,369.26,369.26,50.0
2026-06-25T21:10:00+00:00,369.02,369.24,369.02,369.24,234.0
2026-06-25T21:15:00+00:00,369.44,369.44,369.44,369.44,249.0
2026-06-25T21:25:00+00:00,369.46,369.46,369.45,369.46,339.0
2026-06-25T21:30:00+00:00,369.37,369.46,369.37,369.46,642.0
2026-06-25T21:35:00+00:00,369.3,369.3,369.26,369.26,319.0
2026-06-25T21:40:00+00:00,369.3403,369.46,369.3,369.3,545.788894
2026-06-25T21:50:00+00:00,369.58,369.6079,369.46,369.6079,314.0
2026-06-25T21:55:00+00:00,369.5905,369.5905,369.46,369.46,270.0
2026-06-25T22:00:00+00:00,369.59,369.59,369.47,369.47,270.0
2026-06-25T22:05:00+00:00,369.58,369.87,369.47,369.87,1362.0
2026-06-25T22:10:00+00:00,369.56,369.57,369.45,369.45,781.035151
2026-06-25T22:15:00+00:00,369.2605,369.34,369.0045,369.0045,551.016263
2026-06-25T22:20:00+00:00,369.0,369.2,369.0,369.2,238.12893
2026-06-25T22:25:00+00:00,369.0,369.03,368.9,368.9,764.627284
2026-06-25T22:30:00+00:00,369.25,369.27,369.24,369.27,363.0
2026-06-25T22:35:00+00:00,369.2,369.72,369.2,369.56,1261.0
2026-06-25T22:40:00+00:00,370.0,370.28,370.0,370.25,808.024672
2026-06-25T22:45:00+00:00,370.36,370.36,370.0,370.0,453.0
2026-06-25T22:50:00+00:00,369.61,369.75,369.61,369.72,398.0
2026-06-25T22:55:00+00:00,369.17,369.17,368.93,368.93,625.0
2026-06-25T23:00:00+00:00,369.22,369.3001,369.22,369.3001,109.099813
2026-06-25T23:10:00+00:00,369.28,369.28,369.28,369.28,150.0
2026-06-25T23:15:00+00:00,369.12,369.21,369.12,369.2,976.02978
2026-06-25T23:30:00+00:00,369.6,369.8684,369.6,369.8684,154.034853
2026-06-25T23:35:00+00:00,369.7,369.7,369.3,369.36,1306.0
2026-06-25T23:40:00+00:00,369.26,369.4,369.0638,369.0638,1158.079258
2026-06-25T23:45:00+00:00,369.228,369.228,369.228,369.228,123.020318
2026-06-25T23:50:00+00:00,369.0,369.0,369.0,369.0,59.0
2026-06-25T23:55:00+00:00,368.6599,368.6599,368.6599,368.6599,155.0
2026-06-26T00:00:00+00:00,368.48,368.48,368.1911,368.42,1607.0
2026-06-26T08:05:00+00:00,369.95,370.0,367.45,369.6,6949.127716999999
2026-06-26T08:10:00+00:00,367.43,370.6,366.97,368.53,14095.628305
2026-06-26T08:15:00+00:00,369.15,369.8,369.15,369.8,361.75221
2026-06-26T08:20:00+00:00,370.0,370.06,370.0,370.06,111.0
2026-06-26T08:25:00+00:00,370.0,370.0,369.9,369.9,172.0
2026-06-26T08:30:00+00:00,369.97,370.28,369.97,370.28,455.005242
2026-06-26T08:35:00+00:00,370.25,370.25,370.2,370.2,560.0
2026-06-26T08:40:00+00:00,370.12,370.14,370.11,370.13,348.00388499999997
2026-06-26T08:45:00+00:00,370.1,370.17,370.1,370.17,154.0
2026-06-26T08:50:00+00:00,370.33,370.37,370.1477,370.1477,608.0
2026-06-26T08:55:00+00:00,370.16,370.16,370.16,370.16,908.0
2026-06-26T09:00:00+00:00,369.89,369.91,369.76,369.82,2498.01349
2026-06-26T09:05:00+00:00,369.84,369.84,369.84,369.84,120.0
2026-06-26T09:10:00+00:00,370.31,370.54,370.31,370.54,226.1671
2026-06-26T09:15:00+00:00,370.7,370.7,370.54,370.6,932.3987970000001
2026-06-26T09:20:00+00:00,370.58,371.26,370.29,371.26,7781.2804830000005
2026-06-26T09:25:00+00:00,371.22,371.5,371.13,371.42,1604.524849
2026-06-26T09:30:00+00:00,371.6,371.69,371.51,371.6,2926.06567
2026-06-26T09:35:00+00:00,371.4,371.5,371.35,371.5,1473.0
2026-06-26T09:40:00+00:00,371.4424,371.95,371.4424,371.95,1448.0
2026-06-26T09:45:00+00:00,371.82,371.82,371.55,371.55,600.705549
2026-06-26T09:50:00+00:00,371.39,371.39,371.39,371.39,167.296905
2026-06-26T09:55:00+00:00,371.42,372.0,371.42,371.79,698.71696
2026-06-26T10:00:00+00:00,371.62,371.62,371.45,371.58,5336.0
2026-06-26T10:05:00+00:00,371.3,371.52,371.24,371.24,711.524843
2026-06-26T10:10:00+00:00,371.55,371.7,371.55,371.7,388.0
2026-06-26T10:15:00+00:00,371.78,371.78,371.78,371.78,721.0
2026-06-26T10:20:00+00:00,371.6799,371.73,371.5,371.5,379.969475
2026-06-26T10:25:00+00:00,371.0,371.03,370.95,370.95,626.414025
2026-06-26T10:30:00+00:00,371.06,371.06,371.06,371.06,50.0
2026-06-26T10:35:00+00:00,371.62,372.0,371.62,372.0,529.0579889999999
2026-06-26T10:40:00+00:00,372.03,372.03,371.7,371.74,869.0
2026-06-26T10:45:00+00:00,371.6,371.7,371.6,371.7,825.0
2026-06-26T10:50:00+00:00,371.51,371.6,371.5,371.6,550.0
2026-06-26T10:55:00+00:00,371.64,371.97,371.64,371.97,602.0
2026-06-26T11:00:00+00:00,371.95,372.0,371.95,372.0,247.0
2026-06-26T11:05:00+00:00,372.0501,372.11,371.99,372.09,3437.0
2026-06-26T11:10:00+00:00,371.84,372.03,371.84,372.03,654.5
2026-06-26T11:15:00+00:00,371.8399,371.8399,371.65,371.65,219.0
2026-06-26T11:20:00+00:00,371.32,371.92,371.32,371.92,574.378802
2026-06-26T11:25:00+00:00,371.9,371.98,371.8,371.94,5782.4531719999995
2026-06-26T11:30:00+00:00,371.92,372.0,371.78,371.81,8964.167476999999
2026-06-26T11:35:00+00:00,372.03,372.12,372.0,372.12,2329.0047019999997
2026-06-26T11:40:00+00:00,371.94,371.94,371.66,371.66,152.643818
2026-06-26T11:45:00+00:00,371.5,371.65,371.34,371.34,918.01968
2026-06-26T11:50:00+00:00,371.33,371.49,371.27,371.27,2149.2
2026-06-26T11:55:00+00:00,371.29,371.29,370.99,371.0256,5773.0
2026-06-26T12:00:00+00:00,371.3,371.38,371.21,371.24,3106.0
2026-06-26T12:05:00+00:00,371.2219,371.24,371.1117,371.1117,524.301249
2026-06-26T12:10:00+00:00,371.22,371.4237,371.21,371.4,2402.4283880000003
2026-06-26T12:15:00+00:00,371.5,371.701,371.4204,371.64,22245.0
2026-06-26T12:20:00+00:00,371.74,371.74,371.22,371.22,723.0
2026-06-26T12:25:00+00:00,371.08,371.14,371.0401,371.14,674.30995
2026-06-26T12:30:00+00:00,371.13,371.3,371.13,371.3,284.0
2026-06-26T12:35:00+00:00,371.3,371.54,371.05,371.05,4739.558035
2026-06-26T12:40:00+00:00,371.078,371.2,371.07,371.1,2165.002694
2026-06-26T12:45:00+00:00,371.0,371.0,370.41,370.5,3858.0
2026-06-26T12:50:00+00:00,370.72,371.15,370.72,370.971,2970.660322
2026-06-26T12:55:00+00:00,371.1721,371.55,371.1721,371.29,8657.034983
2026-06-26T13:00:00+00:00,371.4,372.7,371.38,372.6,32558.382447
2026-06-26T13:05:00+00:00,372.65,373.1146,371.79,371.8,8121.25
2026-06-26T13:10:00+00:00,371.95,371.95,371.13,371.2,4343.208911
2026-06-26T13:15:00+00:00,371.37,371.72,371.15,371.72,5964.040261
2026-06-26T13:20:00+00:00,371.63,371.92,371.05,371.0576,2574.6599969999997
2026-06-26T13:25:00+00:00,371.96,372.4,371.96,372.1003,4080.02
2026-06-26T13:30:00+00:00,372.06,372.42,371.9,372.31,29799.0
2026-06-26T13:35:00+00:00,372.27,372.34,371.47,371.69,202680.784636
2026-06-26T13:40:00+00:00,371.7,371.8056,371.18,371.43,110864.22317900001
2026-06-26T13:45:00+00:00,371.46,372.8,371.4,372.79,112697.583807
2026-06-26T13:50:00+00:00,372.8,373.04,372.36,372.75,69968.29933
2026-06-26T13:55:00+00:00,372.8,373.49,372.68,372.9327,111296.735961
2026-06-26T14:00:00+00:00,373.04,374.23,373.0,373.88,77055.129995
2026-06-26T14:05:00+00:00,373.97,374.35,373.3,374.2,204278.218466
2026-06-26T14:10:00+00:00,374.21,374.343,373.6901,374.33,111723.988134
2026-06-26T14:15:00+00:00,374.33,374.89,374.115,374.63,125491.86246599999
2026-06-26T14:20:00+00:00,374.61,375.62,374.51,375.23,239862.66636600002
2026-06-26T14:25:00+00:00,375.15,375.56,375.1,375.21,199777.06975799997
2026-06-26T14:30:00+00:00,375.25,375.45,374.755,374.795,129771.241942
2026-06-26T14:35:00+00:00,374.78,374.84,374.37,374.37,119686.91849600001
2026-06-26T14:40:00+00:00,374.41,374.55,374.05,374.33,67162.620334
2026-06-26T14:45:00+00:00,374.29,374.75,374.06,374.655,153378.93456700002
2026-06-26T14:50:00+00:00,374.71,375.46,374.7,375.175,75976.737303
2026-06-26T14:55:00+00:00,375.175,375.185,374.745,375.1,43560.568353
2026-06-26T15:00:00+00:00,375.09,375.39,374.43,374.46,67650.55797400001
2026-06-26T15:05:00+00:00,374.5,374.68,374.35,374.36,69704.223248
2026-06-26T15:10:00+00:00,374.36,374.47,373.95,374.4375,62488.726950000004
2026-06-26T15:15:00+00:00,374.48,374.58,374.17,374.36,20069.305501
2026-06-26T15:20:00+00:00,374.36,374.76,374.16,374.54,48165.13351
2026-06-26T15:25:00+00:00,374.58,374.73,374.42,374.57,42488.053103
2026-06-26T15:30:00+00:00,374.55,374.79,374.45,374.77,32492.226339
2026-06-26T15:35:00+00:00,374.8,375.175,374.61,374.61,46105.919026999996
2026-06-26T15:40:00+00:00,374.59,375.67,374.58,375.49,68304.148688
2026-06-26T15:45:00+00:00,375.48,375.79,375.43,375.7,149195.067163
2026-06-26T15:50:00+00:00,375.75,375.85,375.36,375.75,35590.193061
2026-06-26T15:55:00+00:00,375.75,375.794,374.701,374.96,102944.586805
2026-06-26T16:00:00+00:00,374.99,375.54,374.93,375.35,44126.704482
2026-06-26T16:05:00+00:00,375.44,375.6,375.32,375.46,27428.26891
2026-06-26T16:10:00+00:00,375.43,375.43,375.15,375.22,18421.867946000002
2026-06-26T16:15:00+00:00,375.23,375.47,375.1,375.35,184981.61222699998
2026-06-26T16:20:00+00:00,375.42,375.64,375.28,375.35,27136.713357
2026-06-26T16:25:00+00:00,375.34,375.3725,374.7,374.93,74168.475648
2026-06-26T16:30:00+00:00,374.87,375.15,374.82,375.02,31999.324462
2026-06-26T16:35:00+00:00,375.06,375.62,375.06,375.125,61212.73954
2026-06-26T16:40:00+00:00,375.11,375.19,374.79,374.8351,164762.479658
2026-06-26T16:45:00+00:00,374.88,374.96,374.62,374.85,37804.090596999995
2026-06-26T16:50:00+00:00,374.86,375.05,374.77,374.785,24643.493086000002
2026-06-26T16:55:00+00:00,374.775,374.91,374.7,374.88,38594.465028
2026-06-26T17:00:00+00:00,374.93,374.96,374.77,374.875,20333.552201000002
2026-06-26T17:05:00+00:00,374.9,374.93,374.77,374.85,12925.625683999999
2026-06-26T17:10:00+00:00,374.89,375.15,374.84,375.02,17629.339133999998
2026-06-26T17:15:00+00:00,375.07,375.07,374.65,374.75,18499.940001
2026-06-26T17:20:00+00:00,374.7325,374.8,374.5636,374.575,28186.417014000002
2026-06-26T17:25:00+00:00,374.58,374.86,374.42,374.8174,26290.086956
2026-06-26T17:30:00+00:00,374.835,374.8375,374.47,374.55,23333.380735000002
2026-06-26T17:35:00+00:00,374.6,374.74,374.12,374.235,28991.813403
2026-06-26T17:40:00+00:00,374.27,374.32,373.9,374.0,32484.409166
2026-06-26T17:45:00+00:00,373.99,374.15,373.82,374.085,57469.748207000004
2026-06-26T17:50:00+00:00,374.0601,374.17,373.86,374.04,25429.638044
2026-06-26T17:55:00+00:00,374.03,374.09,373.89,373.975,17131.491293
2026-06-26T18:00:00+00:00,373.94,373.99,373.835,373.92,14897.19832
2026-06-26T18:05:00+00:00,373.94,374.1099,373.73,374.1,18365.667424
2026-06-26T18:10:00+00:00,374.09,374.29,373.9401,374.15,18625.429384
2026-06-26T18:15:00+00:00,374.12,374.21,374.04,374.085,13636.698356999997
2026-06-26T18:20:00+00:00,374.1,374.12,373.79,373.884,23071.762662
2026-06-26T18:25:00+00:00,373.86,373.88,373.63,373.66,33861.935215
2026-06-26T18:30:00+00:00,373.66,373.84,373.645,373.805,22091.440228
2026-06-26T18:35:00+00:00,373.85,373.97,373.8,373.8718,25298.432688
2026-06-26T18:40:00+00:00,373.88,373.88,373.75,373.8491,36282.575208
2026-06-26T18:45:00+00:00,373.854,373.889,373.7,373.75,32326.803102
2026-06-26T18:50:00+00:00,373.74,373.74,373.3,373.43,20097.028612000002
2026-06-26T18:55:00+00:00,373.4,373.56,373.36,373.52,15225.589689
2026-06-26T19:00:00+00:00,373.55,373.595,373.25,373.25,29498.297660999997
2026-06-26T19:05:00+00:00,373.28,373.36,373.04,373.11,61343.656631000005
2026-06-26T19:10:00+00:00,373.11,373.265,373.01,373.205,47040.506927
2026-06-26T19:15:00+00:00,373.22,373.51,373.15,373.46,19186.118461000002
2026-06-26T19:20:00+00:00,373.455,373.46,373.27,373.33,31614.036505
2026-06-26T19:25:00+00:00,373.33,373.33,373.02,373.12,42043.962227
2026-06-26T19:30:00+00:00,373.16,373.31,373.03,373.18,84281.734673
2026-06-26T19:35:00+00:00,373.19,373.54,373.13,373.54,47544.902315
2026-06-26T19:40:00+00:00,373.52,373.59,373.37,373.39,35054.903969000006
2026-06-26T19:45:00+00:00,373.41,373.55,373.34,373.39,81050.019882
2026-06-26T19:50:00+00:00,373.38,373.4973,373.24,373.49,70563.556518
2026-06-26T19:55:00+00:00,373.5,373.89,373.49,373.82,120122.95204599999
2026-06-26T20:00:00+00:00,373.84,373.94,373.57,373.67,202199.47298999998
2026-06-26T20:05:00+00:00,373.63,373.71,373.63,373.63,2971.629411
2026-06-26T20:10:00+00:00,373.63,373.63,373.16,373.16,7900.0
2026-06-26T20:15:00+00:00,373.19,373.39,373.021,373.39,4926.335686
2026-06-26T20:20:00+00:00,373.31,373.31,373.208,373.26,10638.761584
2026-06-26T20:25:00+00:00,373.31,373.31,373.31,373.31,107.0
2026-06-26T20:30:00+00:00,373.66,373.76,373.62,373.76,4450.0
2026-06-26T20:35:00+00:00,373.36,373.36,373.36,373.36,151.0
2026-06-26T20:40:00+00:00,373.5,373.5,373.44,373.5,663.0
2026-06-26T20:45:00+00:00,373.51,373.51,373.51,373.51,40.0
2026-06-26T20:50:00+00:00,373.7,373.76,373.7,373.76,560.0
2026-06-26T20:55:00+00:00,373.95,374.32,373.59,374.2338,57164.0
2026-06-26T21:00:00+00:00,374.6,375.31,374.6,375.19,6847.091581
2026-06-26T21:05:00+00:00,375.18,375.2394,375.0,375.0,2904.0
2026-06-26T21:10:00+00:00,375.1,375.1,375.0,375.01,2164.013084
2026-06-26T21:15:00+00:00,375.01,375.2,375.0,375.0,728.361832
2026-06-26T21:20:00+00:00,375.01,375.05,374.92,375.0,718.0
2026-06-26T21:25:00+00:00,375.03,375.05,374.7,374.7,278.0
2026-06-26T21:30:00+00:00,375.0,375.135,375.0,375.0,529.0
2026-06-26T21:35:00+00:00,374.7,375.11,374.7,375.1,1315.163731
2026-06-26T21:40:00+00:00,375.1,375.1,375.1,375.1,822.533052
2026-06-26T21:45:00+00:00,374.8207,375.0362,374.8207,375.0003,536.0
2026-06-26T21:50:00+00:00,375.0362,375.05,374.98,374.99,546.4834940000001
2026-06-26T21:55:00+00:00,374.7403,375.01,374.7403,374.99,240.0
2026-06-26T22:00:00+00:00,374.7,374.75,374.7,374.75,328.0
2026-06-26T22:05:00+00:00,374.71,374.9,374.71,374.9,894.0
2026-06-26T22:10:00+00:00,374.75,374.75,374.71,374.71,522.397262
2026-06-26T22:15:00+00:00,374.84,374.84,374.84,374.84,200.0
2026-06-26T22:20:00+00:00,374.74,374.74,374.74,374.74,90.0
2026-06-26T22:30:00+00:00,374.8,374.8676,374.8,374.8676,355.0
2026-06-26T22:40:00+00:00,374.81,374.87,374.81,374.87,136.045392
2026-06-26T22:45:00+00:00,374.87,374.87,374.87,374.87,148.133246
2026-06-26T22:50:00+00:00,374.8,374.88,374.8,374.88,1730.451061
2026-06-26T23:00:00+00:00,375.0362,375.0362,374.7832,374.7832,228.0
2026-06-26T23:05:00+00:00,375.0,375.0,375.0,375.0,108.0
2026-06-26T23:10:00+00:00,374.7455,375.0467,374.7455,375.0045,609.0
2026-06-26T23:20:00+00:00,375.05,375.05,375.05,375.05,150.0
2026-06-26T23:25:00+00:00,374.91,375.11,374.91,375.11,1785.002707
2026-06-26T23:30:00+00:00,375.1,375.1,375.07,375.09,2820.0
2026-06-26T23:35:00+00:00,375.1,375.1,375.1,375.1,125.0
2026-06-26T23:40:00+00:00,375.05,375.05,374.7977,374.7977,615.579056
2026-06-26T23:50:00+00:00,374.9,375.0,374.738,375.0,535.0
2026-06-26T23:55:00+00:00,375.0,375.0,375.0,375.0,58.0
2026-06-27T00:00:00+00:00,374.7,375.01,374.7,375.0,838.0
2026-06-29T08:05:00+00:00,373.32,373.49,370.76,372.72,59214.742656999995
2026-06-29T08:10:00+00:00,373.0,373.0214,371.45,373.0214,5028.0
2026-06-29T08:15:00+00:00,372.96,372.97,372.8,372.8,417.0
2026-06-29T08:20:00+00:00,372.83,372.87,372.83,372.87,246.0
2026-06-29T08:25:00+00:00,372.89,372.89,372.66,372.66,359.0
2026-06-29T08:30:00+00:00,372.73,372.73,372.59,372.68,776.0
2026-06-29T08:35:00+00:00,372.69,373.0,372.57,373.0,578.0
2026-06-29T08:45:00+00:00,372.71,372.71,372.07,372.07,838.217945
2026-06-29T08:50:00+00:00,372.15,372.23,372.0,372.0,368.582419
2026-06-29T08:55:00+00:00,372.06,372.06,371.9,371.9,1040.373
2026-06-29T09:00:00+00:00,371.73,371.73,371.31,371.48,1557.004007
2026-06-29T09:05:00+00:00,371.43,371.64,371.43,371.5147,514.0
2026-06-29T09:10:00+00:00,371.74,371.99,371.71,371.99,262.0
2026-06-29T09:15:00+00:00,371.93,371.93,371.5,371.5,370.0
2026-06-29T09:20:00+00:00,371.6,371.87,371.6,371.81,843.689193
2026-06-29T09:25:00+00:00,371.81,371.81,371.81,371.81,101.0
2026-06-29T09:30:00+00:00,371.37,371.38,371.29,371.29,567.0
2026-06-29T09:35:00+00:00,371.43,371.43,370.99,371.0,1670.636648
2026-06-29T09:40:00+00:00,371.09,371.09,370.88,370.88,326.004874
2026-06-29T09:45:00+00:00,370.75,371.1,370.75,371.04,360.0
2026-06-29T09:50:00+00:00,371.04,371.04,370.56,370.56,962.466979
2026-06-29T09:55:00+00:00,370.55,370.55,370.16,370.18,4767.0
2026-06-29T10:00:00+00:00,370.2,370.2,369.36,369.92,3683.243415
2026-06-29T10:05:00+00:00,369.93,370.127,369.8,369.8,2145.0
2026-06-29T10:10:00+00:00,369.95,370.02,369.94,370.02,599.0
2026-06-29T10:15:00+00:00,370.27,370.29,370.27,370.29,201.0
2026-06-29T10:20:00+00:00,370.52,370.52,370.2,370.3162,547.5
2026-06-29T10:25:00+00:00,370.48,370.48,370.45,370.45,489.0
2026-06-29T10:30:00+00:00,370.49,370.58,370.45,370.54,1159.34971
2026-06-29T10:35:00+00:00,370.25,370.25,370.18,370.18,288.0
2026-06-29T10:40:00+00:00,370.0,370.37,370.0,370.37,232.754053
2026-06-29T10:45:00+00:00,370.51,370.51,370.21,370.21,329.0
2026-06-29T10:50:00+00:00,370.22,370.22,370.1,370.19,1103.0
2026-06-29T10:55:00+00:00,370.23,370.47,370.23,370.47,877.0
2026-06-29T11:05:00+00:00,370.44,370.6035,370.34,370.352,1956.664
2026-06-29T11:10:00+00:00,370.48,370.48,370.35,370.44,674.05
2026-06-29T11:15:00+00:00,370.27,370.3899,370.1,370.1,577.0296000000001
2026-06-29T11:20:00+00:00,370.3833,370.3833,370.17,370.27,686.215
2026-06-29T11:25:00+00:00,370.15,370.15,369.77,369.77,5851.232077000001
2026-06-29T11:30:00+00:00,369.82,370.0,369.6,370.0,2301.364674
2026-06-29T11:35:00+00:00,370.07,370.35,370.07,370.16,1103.132304
2026-06-29T11:40:00+00:00,370.25,370.25,370.15,370.15,1074.05
2026-06-29T11:45:00+00:00,370.09,370.39,370.07,370.2414,2085.0
2026-06-29T11:50:00+00:00,370.36,370.39,370.32,370.32,1295.294279
2026-06-29T11:55:00+00:00,370.56,370.6031,370.44,370.6031,1214.0445
2026-06-29T12:00:00+00:00,370.7,370.895,370.68,370.68,1036.4614139999999
2026-06-29T12:05:00+00:00,370.62,371.3617,370.62,371.25,2297.6360489999997
2026-06-29T12:10:00+00:00,371.147,371.37,371.147,371.37,602.27693
2026-06-29T12:15:00+00:00,371.5,371.8,371.5,371.51,5669.0086009999995
2026-06-29T12:20:00+00:00,371.355,371.36,371.2313,371.34,1316.0
2026-06-29T12:25:00+00:00,371.0585,371.25,370.53,370.67,2888.0
2026-06-29T12:30:00+00:00,370.8,370.8,370.57,370.57,3582.046511
2026-06-29T12:35:00+00:00,370.65,371.05,370.65,371.0,6858.0
2026-06-29T12:40:00+00:00,371.08,371.36,371.08,371.11,13177.254342
2026-06-29T12:45:00+00:00,371.24,371.24,371.0,371.13,8455.2
2026-06-29T12:50:00+00:00,371.191,371.25,371.191,371.25,773.0
2026-06-29T12:55:00+00:00,371.13,371.309,371.13,371.25,6049.543427
2026-06-29T13:00:00+00:00,371.09,371.09,371.01,371.01,532.087014
2026-06-29T13:05:00+00:00,371.22,371.75,371.22,371.75,8545.7
2026-06-29T13:10:00+00:00,371.8,371.8,371.35,371.35,16387.812716
2026-06-29T13:15:00+00:00,371.38,371.68,371.22,371.42,11700.075464
2026-06-29T13:20:00+00:00,371.42,371.52,371.39,371.39,4255.058102
2026-06-29T13:25:00+00:00,371.5,371.5,371.15,371.15,549.0
2026-06-29T13:30:00+00:00,371.08,371.08,370.6,370.6,2901.077381
2026-06-29T13:35:00+00:00,370.575,371.19,370.47,371.07,112833.76850300001
2026-06-29T13:40:00+00:00,371.09,371.13,370.2,370.41,78692.394757
2026-06-29T13:45:00+00:00,370.37,370.905,370.32,370.5901,52796.523689
2026-06-29T13:50:00+00:00,370.64,370.77,370.075,370.245,103035.713775
2026-06-29T13:55:00+00:00,370.22,370.35,369.81,369.97,85070.15178100001
2026-06-29T14:00:00+00:00,369.97,370.1,369.64,370.0,107188.621665
2026-06-29T14:05:00+00:00,370.01,370.29,369.14,369.56,121488.661411
2026-06-29T14:10:00+00:00,369.5109,369.6,368.42,368.47,156077.60529900002
2026-06-29T14:15:00+00:00,368.47,368.7,367.8319,367.8319,126559.43604999999
2026-06-29T14:20:00+00:00,367.85,368.73,366.97,368.68,311373.22224100004
2026-06-29T14:25:00+00:00,368.635,368.93,368.44,368.9,56385.084076
2026-06-29T14:30:00+00:00,368.92,369.64,368.915,369.335,126146.00848899999
2026-06-29T14:35:00+00:00,369.335,369.6,369.22,369.47,26529.912443
2026-06-29T14:40:00+00:00,369.4601,369.59,368.97,369.21,58692.497126
2026-06-29T14:45:00+00:00,369.185,369.26,368.85,368.93,28375.468429999997
2026-06-29T14:50:00+00:00,368.99,369.19,368.67,368.825,52748.532662
2026-06-29T14:55:00+00:00,368.825,369.54,368.76,369.47,55946.179258000004
2026-06-29T15:00:00+00:00,369.435,369.81,369.24,369.41,47154.90696
2026-06-29T15:05:00+00:00,369.42,369.47,369.0001,369.0001,33283.450816
2026-06-29T15:10:00+00:00,369.0,369.34,368.96,369.16,77165.44732300001
2026-06-29T15:15:00+00:00,369.19,369.27,368.84,369.06,28400.541688
2026-06-29T15:20:00+00:00,369.05,369.55,369.0,369.07,43289.626204
2026-06-29T15:25:00+00:00,369.07,369.11,368.57,368.7,63873.955753999995
2026-06-29T15:30:00+00:00,368.73,369.2799,368.73,369.27,27235.067068
2026-06-29T15:35:00+00:00,369.26,369.45,369.16,369.204,40456.352486
2026-06-29T15:40:00+00:00,369.155,369.3,368.66,369.14,67146.11593300001
2026-06-29T15:45:00+00:00,369.12,369.19,369.03,369.145,20713.008967999995
2026-06-29T15:50:00+00:00,369.12,369.5602,369.08,369.5,31534.846473
2026-06-29T15:55:00+00:00,369.44,369.7651,369.3801,369.62,28134.282916999997
2026-06-29T16:00:00+00:00,369.58,369.81,369.49,369.51,38506.09461
2026-06-29T16:05:00+00:00,369.5,369.64,369.3301,369.46,66623.263884
2026-06-29T16:10:00+00:00,369.44,369.57,369.26,369.54,34221.819694000005
2026-06-29T16:15:00+00:00,369.5375,369.57,369.18,369.2101,25663.456056
2026-06-29T16:20:00+00:00,369.21,369.37,369.04,369.37,42842.594594
2026-06-29T16:25:00+00:00,369.375,369.45,369.3,369.3931,27032.185385
2026-06-29T16:30:00+00:00,369.35,369.38,369.1875,369.215,22972.589985000002
2026-06-29T16:35:00+00:00,369.23,369.28,368.74,368.8,24612.080814999998
2026-06-29T16:40:00+00:00,368.81,369.03,368.81,369.014,23867.782266000002
2026-06-29T16:45:00+00:00,368.99,369.085,368.81,368.98,34491.002612000004
2026-06-29T16:50:00+00:00,368.99,369.43,368.93,369.425,34484.746768
2026-06-29T16:55:00+00:00,369.43,369.62,369.39,369.425,58937.20983299999
2026-06-29T17:00:00+00:00,369.41,369.46,369.22,369.22,16785.765269
2026-06-29T17:05:00+00:00,369.22,369.395,369.17,369.35,19894.227786
2026-06-29T17:10:00+00:00,369.33,369.96,369.33,369.81,22240.134830999996
2026-06-29T17:15:00+00:00,369.81,369.96,369.59,369.675,37855.396824
2026-06-29T17:20:00+00:00,369.69,369.84,369.625,369.8199,22757.771554000003
2026-06-29T17:25:00+00:00,369.79,369.8,369.48,369.54,26109.758652
2026-06-29T17:30:00+00:00,369.51,369.53,369.13,369.22,47040.557549000005
2026-06-29T17:35:00+00:00,369.26,369.28,368.99,369.22,23309.050355
2026-06-29T17:40:00+00:00,369.22,369.2899,369.11,369.25,16822.300676
2026-06-29T17:45:00+00:00,369.23,369.2999,369.07,369.09,14757.730619999998
2026-06-29T17:50:00+00:00,369.09,369.1,368.9558,369.0,16269.166404
2026-06-29T17:55:00+00:00,369.01,369.14,368.86,369.01,59965.058018
2026-06-29T18:00:00+00:00,368.99,369.07,368.83,368.985,13983.217468
2026-06-29T18:05:00+00:00,368.985,369.26,368.95,369.26,24498.124179000002
2026-06-29T18:10:00+00:00,369.19,369.21,369.06,369.12,11031.712878999999
2026-06-29T18:15:00+00:00,369.12,369.27,369.12,369.24,8807.039614
2026-06-29T18:20:00+00:00,369.23,369.35,369.14,369.34,13323.187777000001
2026-06-29T18:25:00+00:00,369.3,369.35,369.23,369.27,12333.262783
2026-06-29T18:30:00+00:00,369.2601,369.27,368.93,368.99,23408.606122999998
2026-06-29T18:35:00+00:00,368.99,369.04,368.86,368.9207,105624.302232
2026-06-29T18:40:00+00:00,368.94,368.98,368.88,368.975,24201.251827000004
2026-06-29T18:45:00+00:00,368.96,369.02,368.8514,368.96,27345.509332999998
2026-06-29T18:50:00+00:00,368.98,369.01,368.5,368.515,61441.96503200001
2026-06-29T18:55:00+00:00,368.5,368.7,368.465,368.65,35102.894063
2026-06-29T19:00:00+00:00,368.65,368.6599,368.15,368.28,43411.287303000005
2026-06-29T19:05:00+00:00,368.2865,368.4,367.92,367.9201,96716.529721
2026-06-29T19:10:00+00:00,367.94,368.13,367.93,368.105,48327.810292
2026-06-29T19:15:00+00:00,368.1,368.135,367.74,367.79,70539.435084
2026-06-29T19:20:00+00:00,367.75,367.86,367.53,367.86,30244.144652
2026-06-29T19:25:00+00:00,367.85,368.19,367.84,368.105,28570.023244
2026-06-29T19:30:00+00:00,368.1,368.575,368.1,368.5747,42902.180725000006
2026-06-29T19:35:00+00:00,368.6,368.84,368.57,368.645,46495.283497
2026-06-29T19:40:00+00:00,368.64,368.77,368.57,368.62,52955.447451
2026-06-29T19:45:00+00:00,368.61,368.71,368.55,368.69,25284.845604
2026-06-29T19:50:00+00:00,368.695,368.72,368.39,368.4,70740.962132
2026-06-29T19:55:00+00:00,368.42,368.43,368.24,368.34,122683.185765
2026-06-29T20:00:00+00:00,368.34,368.66,368.22,368.545,300902.77819
2026-06-29T20:05:00+00:00,368.58,368.59,368.4017,368.52,43988.793673
2026-06-29T20:10:00+00:00,368.52,368.53,368.2613,368.3,4001.015422
2026-06-29T20:15:00+00:00,368.4202,368.4202,368.34,368.34,875.0
2026-06-29T20:20:00+00:00,368.3908,368.51,368.3908,368.46,15353.088356
2026-06-29T20:25:00+00:00,368.56,368.6183,368.56,368.56,18640.0
2026-06-29T20:30:00+00:00,368.53,368.7586,368.53,368.72,10322.677105
2026-06-29T20:40:00+00:00,368.43,368.43,368.43,368.43,115.0
2026-06-29T20:50:00+00:00,368.46,368.48,368.42,368.42,2252.0
2026-06-29T20:55:00+00:00,368.574,368.5806,368.43,368.47,698.0
2026-06-29T21:00:00+00:00,368.54,368.6045,368.43,368.43,1550.0
2026-06-29T21:05:00+00:00,368.42,368.5114,368.42,368.5114,763.0
2026-06-29T21:10:00+00:00,368.55,368.6,368.5054,368.6,2431.1230299999997
2026-06-29T21:15:00+00:00,368.65,368.7,368.6,368.69,2190.03315
2026-06-29T21:20:00+00:00,368.67,368.67,368.67,368.67,116.0
2026-06-29T21:25:00+00:00,368.65,368.98,368.596,368.98,3066.0
2026-06-29T21:30:00+00:00,368.5906,368.5906,368.5906,368.5906,276.0
2026-06-29T21:35:00+00:00,368.5,368.5,368.5,368.5,520.0
2026-06-29T21:40:00+00:00,368.69,368.97,368.69,368.97,7218.0
2026-06-29T21:45:00+00:00,368.8349,368.8349,368.834,368.834,260.873567
2026-06-29T21:50:00+00:00,368.8439,368.8439,368.7832,368.7832,211.637205
2026-06-29T21:55:00+00:00,368.65,368.65,368.65,368.65,791.059624
2026-06-29T22:00:00+00:00,368.78,368.79,368.77,368.78,977.0
2026-06-29T22:05:00+00:00,368.76,368.88,368.75,368.75,1588.1248
2026-06-29T22:10:00+00:00,368.73,369.0,368.73,369.0,546.0
2026-06-29T22:15:00+00:00,369.0,369.0,368.82,368.82,1115.0
2026-06-29T22:20:00+00:00,368.8375,368.88,368.8375,368.88,577.0
2026-06-29T22:25:00+00:00,368.88,368.96,368.6514,368.6514,754.160704
2026-06-29T22:30:00+00:00,368.65,368.65,368.62,368.62,264.0
2026-06-29T22:35:00+00:00,368.5,368.5,368.3305,368.3305,674.264143
2026-06-29T22:40:00+00:00,368.3006,368.3006,368.3,368.3,326.0
2026-06-29T22:45:00+00:00,368.2,368.28,368.12,368.12,1022.0
2026-06-29T22:50:00+00:00,368.013,368.2259,368.0,368.2259,1179.0
2026-06-29T22:55:00+00:00,368.42,368.46,368.26,368.26,503.0
2026-06-29T23:00:00+00:00,368.5,368.63,368.5,368.63,613.046626
2026-06-29T23:10:00+00:00,368.78,368.9,368.77,368.9,251.0
2026-06-29T23:15:00+00:00,368.87,368.99,368.87,368.95,1758.0
2026-06-29T23:20:00+00:00,368.91,368.99,368.91,368.99,116.0
2026-06-29T23:25:00+00:00,368.8,368.8,368.676,368.676,433.0
2026-06-29T23:30:00+00:00,368.67,368.67,368.59,368.59,608.0
2026-06-29T23:35:00+00:00,368.56,369.0188,368.56,368.89,1764.0
2026-06-29T23:40:00+00:00,368.66,368.78,368.66,368.78,537.0
2026-06-29T23:45:00+00:00,368.61,368.65,368.4999,368.4999,3481.0
2026-06-29T23:50:00+00:00,368.39,368.59,368.38,368.59,1296.029887
2026-06-29T23:55:00+00:00,368.5744,368.5744,368.4,368.4,1600.036932
2026-06-30T00:00:00+00:00,368.45,368.4827,368.45,368.4827,575.5028199999999
2026-06-30T08:05:00+00:00,369.84,370.28,364.27,369.7,52951.819563
2026-06-30T08:10:00+00:00,370.42,370.5,365.71,369.55,1212.0
2026-06-30T08:15:00+00:00,369.5,369.5,369.21,369.3,1115.0
2026-06-30T08:20:00+00:00,369.23,369.23,369.01,369.01,666.003692
2026-06-30T08:25:00+00:00,369.14,369.17,369.14,369.16,1155.081056
2026-06-30T08:30:00+00:00,369.04,369.2,369.04,369.2,201.0
2026-06-30T08:35:00+00:00,369.429,369.429,369.3,369.3,1558.0
2026-06-30T08:40:00+00:00,369.15,369.15,368.87,368.87,233.1
2026-06-30T08:45:00+00:00,368.63,368.7,368.52,368.52,1283.0
2026-06-30T08:50:00+00:00,368.75,368.75,368.75,368.75,76.0
2026-06-30T08:55:00+00:00,368.5,368.53,368.32,368.53,6477.0
2026-06-30T09:00:00+00:00,368.51,368.51,368.394,368.404,341.35083299999997
2026-06-30T09:10:00+00:00,368.9,368.9,368.77,368.77,524.0
2026-06-30T09:15:00+00:00,368.72,368.82,368.72,368.82,245.0
2026-06-30T09:25:00+00:00,368.85,369.04,368.83,369.04,288.0
2026-06-30T09:30:00+00:00,368.85,368.85,368.55,368.55,399.66927200000003
2026-06-30T09:35:00+00:00,368.65,368.65,368.41,368.41,937.025794
2026-06-30T09:40:00+00:00,368.3,368.56,368.3,368.56,145.0
2026-06-30T09:45:00+00:00,368.56,368.78,368.56,368.78,727.0
2026-06-30T09:55:00+00:00,368.8,368.97,368.8,368.97,442.027498
2026-06-30T10:00:00+00:00,369.13,369.13,369.13,369.13,55.0
2026-06-30T10:10:00+00:00,369.43,369.43,369.41,369.41,586.0
2026-06-30T10:15:00+00:00,369.25,369.29,369.25,369.29,122.527071
2026-06-30T10:25:00+00:00,369.4,369.4,369.39,369.39,1102.0
2026-06-30T10:30:00+00:00,369.46,369.46,369.46,369.46,77.983766
2026-06-30T10:35:00+00:00,369.55,369.59,369.47,369.58,1272.0
2026-06-30T10:40:00+00:00,369.62,369.62,369.62,369.62,500.0
2026-06-30T10:45:00+00:00,369.62,369.75,369.51,369.71,716.068593
2026-06-30T10:50:00+00:00,369.49,369.8,369.49,369.8,555.0
2026-06-30T11:00:00+00:00,369.82,369.92,369.82,369.9,1249.0
2026-06-30T11:05:00+00:00,369.76,369.77,369.4827,369.77,5512.465024
2026-06-30T11:10:00+00:00,369.651,369.93,369.651,369.9,1044.373
2026-06-30T11:15:00+00:00,369.92,370.15,369.92,370.15,3199.0
2026-06-30T11:20:00+00:00,370.25,370.25,369.8909,369.8909,1054.682417
2026-06-30T11:25:00+00:00,370.0,370.0,369.92,369.92,429.0
2026-06-30T11:30:00+00:00,369.84,370.12,369.84,369.95,2983.0
2026-06-30T11:35:00+00:00,370.02,370.02,369.92,369.92,429.0
2026-06-30T11:40:00+00:00,369.8401,369.8401,369.6413,369.6413,551.5
2026-06-30T11:45:00+00:00,370.2,370.25,370.2,370.25,332.0
2026-06-30T11:50:00+00:00,370.25,370.36,370.0801,370.12,2467.0
2026-06-30T11:55:00+00:00,370.09,370.09,370.09,370.09,68.0
2026-06-30T12:00:00+00:00,369.95,370.12,369.95,370.12,1216.106471
2026-06-30T12:05:00+00:00,370.2,370.2,370.03,370.11,1685.0
2026-06-30T12:10:00+00:00,369.8,369.89,369.7608,369.79,1802.0
2026-06-30T12:15:00+00:00,369.6418,369.6418,369.4917,369.4917,1332.199507
2026-06-30T12:20:00+00:00,369.45,369.46,369.45,369.46,440.0
2026-06-30T12:25:00+00:00,369.26,369.26,368.6621,368.7089,2143.01
2026-06-30T12:30:00+00:00,368.68,368.7,368.45,368.5402,2845.240053
2026-06-30T12:35:00+00:00,368.6,368.98,368.48,368.55,963.0
2026-06-30T12:40:00+00:00,368.7099,368.7099,368.23,368.55,3812.222927
2026-06-30T12:45:00+00:00,368.67,368.8,368.67,368.74,993.0524149999999
2026-06-30T12:50:00+00:00,368.542,368.542,368.44,368.44,827.042697
2026-06-30T12:55:00+00:00,368.4,368.4,368.4,368.4,121.0
2026-06-30T13:00:00+00:00,368.3,368.3,367.94,367.96,3601.2527440000003
2026-06-30T13:05:00+00:00,368.4,368.6,368.39,368.5,2949.333
2026-06-30T13:10:00+00:00,368.49,369.24,368.45,369.2,2326.0
2026-06-30T13:15:00+00:00,369.25,369.39,369.13,369.2997,9328.680919999999
2026-06-30T13:20:00+00:00,369.25,369.796,369.14,369.796,8725.1127
2026-06-30T13:25:00+00:00,369.9,370.0715,368.79,368.79,5130.067788
2026-06-30T13:30:00+00:00,369.0,369.17,368.9003,369.17,1776.010084
2026-06-30T13:35:00+00:00,369.22,369.61,368.825,369.02,155080.763783
2026-06-30T13:40:00+00:00,369.03,369.17,368.255,368.2748,78483.659307
2026-06-30T13:45:00+00:00,368.3,369.48,368.3,369.29,108897.033227
2026-06-30T13:50:00+00:00,369.29,369.57,369.07,369.26,87190.1312
2026-06-30T13:55:00+00:00,369.235,370.03,369.235,369.6799,70329.21253700001
2026-06-30T14:00:00+00:00,369.65,369.99,369.51,369.74,104126.11726099999
2026-06-30T14:05:00+00:00,369.74,369.89,369.3297,369.42,99785.436557
2026-06-30T14:10:00+00:00,369.43,371.15,369.36,371.02,156668.75510100002
2026-06-30T14:15:00+00:00,371.01,371.5,370.44,371.065,168951.426096
2026-06-30T14:20:00+00:00,371.0648,371.57,371.01,371.5028,79683.934021
2026-06-30T14:25:00+00:00,371.55,372.83,371.425,372.73,357272.833271
2026-06-30T14:30:00+00:00,372.753,372.753,371.9901,372.01,82266.439344
2026-06-30T14:35:00+00:00,372.01,372.4,371.78,371.81,46813.143991000004
2026-06-30T14:40:00+00:00,371.8184,371.93,371.13,371.545,66362.296269
2026-06-30T14:45:00+00:00,371.59,371.92,371.435,371.7,118575.649245
2026-06-30T14:50:00+00:00,371.62,371.62,370.99,371.04,44713.823115
2026-06-30T14:55:00+00:00,371.07,371.3699,370.88,371.03,35364.09852000001
2026-06-30T15:00:00+00:00,371.04,371.095,370.4366,370.46,47598.24000800001
2026-06-30T15:05:00+00:00,370.445,370.6,370.13,370.205,40157.804359
2026-06-30T15:10:00+00:00,370.2135,370.48,369.98,370.22,43850.031937
2026-06-30T15:15:00+00:00,370.25,370.415,370.01,370.38,50411.269792
2026-06-30T15:20:00+00:00,370.32,370.33,369.43,369.49,51903.978909
2026-06-30T15:25:00+00:00,369.59,369.67,369.07,369.57,66004.495714
2026-06-30T15:30:00+00:00,369.51,369.84,369.5,369.65,28326.325439
2026-06-30T15:35:00+00:00,369.7,369.89,369.56,369.7597,28090.888391
2026-06-30T15:40:00+00:00,369.78,369.91,369.54,369.88,30850.804049
2026-06-30T15:45:00+00:00,369.875,369.875,369.5,369.7599,22265.524004
2026-06-30T15:50:00+00:00,369.76,370.21,369.76,370.09,32261.212671
2026-06-30T15:55:00+00:00,370.0484,370.16,369.91,370.149,18505.890801
2026-06-30T16:00:00+00:00,370.14,370.1907,369.66,369.71,38368.45229
2026-06-30T16:05:00+00:00,369.71,369.7965,369.43,369.5,30606.439244999998
2026-06-30T16:10:00+00:00,369.53,369.68,369.38,369.485,12104.568462000001
2026-06-30T16:15:00+00:00,369.43,369.78,369.43,369.77,10709.199880999999
2026-06-30T16:20:00+00:00,369.78,369.8732,369.58,369.7799,37299.356573
2026-06-30T16:25:00+00:00,369.8,369.9,369.6604,369.7,30414.490311999998
2026-06-30T16:30:00+00:00,369.6918,369.84,369.63,369.77,24117.110824000003
2026-06-30T16:35:00+00:00,369.72,369.87,369.68,369.84,20347.709037
2026-06-30T16:40:00+00:00,369.84,369.86,369.5515,369.82,24373.164481999996
2026-06-30T16:45:00+00:00,369.81,369.97,369.62,369.87,18524.485005
2026-06-30T16:50:00+00:00,369.92,370.14,369.8801,369.925,26299.791288
2026-06-30T16:55:00+00:00,369.88,369.94,369.8,369.92,9745.897646
2026-06-30T17:00:00+00:00,369.87,369.885,369.38,369.39,17856.9894
2026-06-30T17:05:00+00:00,369.4,369.555,369.26,369.45,12465.438362
2026-06-30T17:10:00+00:00,369.45,369.4753,368.97,369.12,26513.667891
2026-06-30T17:15:00+00:00,369.09,369.19,368.9,369.1501,49382.949021
2026-06-30T17:20:00+00:00,369.16,369.59,369.14,369.49,31055.801276
2026-06-30T17:25:00+00:00,369.47,369.49,369.126,369.19,20928.885727999997
2026-06-30T17:30:00+00:00,369.18,369.4,369.01,369.33,60695.093769
2026-06-30T17:35:00+00:00,369.36,369.62,369.36,369.565,53172.756378000005
2026-06-30T17:40:00+00:00,369.5417,369.64,369.4,369.515,9329.483645999999
2026-06-30T17:45:00+00:00,369.49,369.7533,369.46,369.71,12983.903071
2026-06-30T17:50:00+00:00,369.7151,369.85,369.695,369.74,42117.31845
2026-06-30T17:55:00+00:00,369.7413,369.955,369.7413,369.87,11564.370347999999
2026-06-30T18:00:00+00:00,369.86,369.95,369.752,369.84,17842.120428000002
2026-06-30T18:05:00+00:00,369.84,369.97,369.84,369.95,34031.013528999996
2026-06-30T18:10:00+00:00,369.954,370.13,369.93,370.02,15319.960618
2026-06-30T18:15:00+00:00,370.025,370.09,369.98,370.0,11523.695287999999
2026-06-30T18:20:00+00:00,369.9823,369.995,369.805,369.9501,16473.189128
2026-06-30T18:25:00+00:00,369.96,370.03,369.8501,369.92,17555.079357000002
2026-06-30T18:30:00+00:00,369.93,369.98,369.82,369.91,21023.571519999998
2026-06-30T18:35:00+00:00,369.92,369.92,369.71,369.805,36136.409717
2026-06-30T18:40:00+00:00,369.83,369.94,369.75,369.765,12012.147908
2026-06-30T18:45:00+00:00,369.75,369.9,369.62,369.85,30315.479781
2026-06-30T18:50:00+00:00,369.84,369.93,369.68,369.91,28353.335837
2026-06-30T18:55:00+00:00,369.925,370.01,369.82,369.95,17473.15691
2026-06-30T19:00:00+00:00,369.93,369.93,369.61,369.63,22295.613931
2026-06-30T19:05:00+00:00,369.61,369.725,369.45,369.45,38882.465865000006
2026-06-30T19:10:00+00:00,369.48,369.53,369.25,369.3,24250.65868
2026-06-30T19:15:00+00:00,369.295,369.46,369.195,369.23,48941.63617
2026-06-30T19:20:00+00:00,369.2225,369.32,369.14,369.19,44172.613337999996
2026-06-30T19:25:00+00:00,369.2,369.26,369.03,369.04,30300.697687
2026-06-30T19:30:00+00:00,369.045,369.1,368.95,368.95,35649.249269
2026-06-30T19:35:00+00:00,368.95,369.16,368.9001,369.05,46412.025872
2026-06-30T19:40:00+00:00,369.046,369.06,368.9,369.03,82928.19719699999
2026-06-30T19:45:00+00:00,369.02,369.115,368.92,369.03,339504.46853099996
2026-06-30T19:50:00+00:00,369.03,369.08,368.83,368.86,129259.575851
2026-06-30T19:55:00+00:00,368.84,368.91,368.42,368.44,224115.38514
2026-06-30T20:00:00+00:00,368.475,368.69,368.29,368.37,368899.562914
2026-06-30T20:05:00+00:00,368.44,368.72,368.31,368.69,17729.031786
2026-06-30T20:10:00+00:00,368.67,368.81,368.65,368.75,5576.271187
2026-06-30T20:15:00+00:00,368.75,368.82,368.75,368.82,497.0
2026-06-30T20:20:00+00:00,368.76,368.86,368.76,368.76,4250.987614
2026-06-30T20:25:00+00:00,368.61,368.63,368.4,368.5,4565.0
2026-06-30T20:30:00+00:00,368.41,368.41,368.18,368.2,10381.693092
2026-06-30T20:35:00+00:00,368.16,368.16,368.02,368.02,392.0
2026-06-30T20:40:00+00:00,368.0,368.0,367.94,367.94,6339.218994
2026-06-30T20:45:00+00:00,368.05,368.05,368.005,368.005,158.0
2026-06-30T20:50:00+00:00,368.08,368.148,368.01,368.01,1325.0
2026-06-30T20:55:00+00:00,368.05,368.1573,367.96,367.99,1565.0
2026-06-30T21:00:00+00:00,367.99,367.99,367.7,367.76,2503.0
2026-06-30T21:05:00+00:00,367.79,367.79,367.6083,367.76,8072.021763
2026-06-30T21:10:00+00:00,367.7,367.74,367.52,367.52,9406.030900000002
2026-06-30T21:15:00+00:00,367.52,368.9,367.4701,367.48,10506.0
2026-06-30T21:20:00+00:00,367.48,367.48,367.2,367.2,1813.0
2026-06-30T21:25:00+00:00,367.9263,368.2,367.52,367.99,12731.0
2026-06-30T21:30:00+00:00,367.9864,367.9864,367.5031,367.7,371.0
2026-06-30T21:40:00+00:00,367.69,367.99,367.61,367.94,520.0
2026-06-30T21:45:00+00:00,367.74,367.93,367.74,367.93,495.0
2026-06-30T21:50:00+00:00,367.8,367.8,367.8,367.8,114.0
2026-06-30T21:55:00+00:00,367.7001,367.74,367.63,367.74,3168.019985
2026-06-30T22:00:00+00:00,367.74,367.74,367.63,367.63,407.0
2026-06-30T22:05:00+00:00,367.84,368.2,367.84,368.2,4997.208179
2026-06-30T22:10:00+00:00,368.3,368.4,368.24,368.3943,1072.069063
2026-06-30T22:15:00+00:00,368.5,368.5,368.5,368.5,611.0
2026-06-30T22:20:00+00:00,368.31,368.38,368.3,368.36,1076.02674
2026-06-30T22:25:00+00:00,368.04,368.09,368.04,368.08,362.0
2026-06-30T22:35:00+00:00,368.0734,368.3,368.0734,368.3,200.0
2026-06-30T22:40:00+00:00,368.39,368.39,368.22,368.28,537.0
2026-06-30T22:45:00+00:00,368.4,368.5,368.4,368.4,1408.0
2026-06-30T22:50:00+00:00,368.3,368.3,368.0301,368.0301,1131.0
2026-06-30T22:55:00+00:00,368.0,368.0,368.0,368.0,90.28
2026-06-30T23:00:00+00:00,368.08,368.08,368.08,368.08,135.0
2026-06-30T23:05:00+00:00,368.0,368.0,368.0,368.0,67.0
2026-06-30T23:10:00+00:00,368.41,368.57,368.41,368.49,615.967479
2026-06-30T23:25:00+00:00,367.9,367.95,367.82,367.82,326.02986799999996
2026-06-30T23:30:00+00:00,367.69,367.88,367.62,367.88,704.0
2026-06-30T23:35:00+00:00,368.0,368.01,367.74,367.96,517.028518
2026-06-30T23:40:00+00:00,367.7073,367.98,367.7073,367.98,517.068027
2026-06-30T23:45:00+00:00,367.96,367.96,367.85,367.85,330.0
2026-06-30T23:50:00+00:00,367.8,367.8,367.5,367.5,3265.06
2026-06-30T23:55:00+00:00,367.6587,367.6587,367.6,367.6,248.0
2026-07-01T00:00:00+00:00,367.66,367.66,367.5,367.5,590.0
2026-07-01T08:05:00+00:00,364.56,365.43,363.39,364.21,51253.503581
2026-07-01T08:10:00+00:00,364.09,364.64,363.42,364.31,1935.59491
2026-07-01T08:15:00+00:00,364.37,364.52,364.17,364.48,6530.340704
2026-07-01T08:20:00+00:00,364.88,365.25,364.86,365.25,3106.0
2026-07-01T08:25:00+00:00,365.4,365.49,365.07,365.148,2810.19827
2026-07-01T08:30:00+00:00,365.3,365.3,364.99,364.99,1055.054456
2026-07-01T08:35:00+00:00,364.98,364.98,364.7,364.87,637.5476120000001
2026-07-01T08:40:00+00:00,364.8,364.8,364.5,364.5,892.672
2026-07-01T08:45:00+00:00,364.4,364.61,364.38,364.61,496.640627
2026-07-01T08:50:00+00:00,364.87,364.87,364.87,364.87,139.760779
2026-07-01T08:55:00+00:00,364.86,364.86,364.86,364.86,1008.769158
2026-07-01T09:00:00+00:00,364.62,364.65,364.39,364.39,1140.351572
2026-07-01T09:10:00+00:00,364.51,364.6384,364.46,364.6384,398.0
2026-07-01T09:15:00+00:00,364.72,364.86,364.72,364.8,5727.05
2026-07-01T09:20:00+00:00,364.81,365.12,364.77,364.99,15389.31817
2026-07-01T09:25:00+00:00,364.99,364.99,364.89,364.92,723.651785
2026-07-01T09:30:00+00:00,364.89,365.02,364.89,364.92,1710.800956
2026-07-01T09:35:00+00:00,365.02,365.17,364.99,365.09,995.5012019999999
2026-07-01T09:40:00+00:00,365.09,365.25,365.08,365.25,2974.072091
2026-07-01T09:45:00+00:00,365.25,365.26,365.25,365.25,403.616706
2026-07-01T09:50:00+00:00,365.5,365.6,365.5,365.6,118.0
2026-07-01T09:55:00+00:00,365.51,365.51,365.39,365.39,1488.761782
2026-07-01T10:00:00+00:00,365.6,365.6,365.47,365.47,701.0
2026-07-01T10:05:00+00:00,365.49,365.94,365.49,365.94,899.938922
2026-07-01T10:10:00+00:00,365.8913,365.96,365.85,365.92,1825.586226
2026-07-01T10:15:00+00:00,365.5729,365.65,365.4,365.4,949.326491
2026-07-01T10:20:00+00:00,365.43,365.44,365.33,365.33,656.7625889999999
2026-07-01T10:25:00+00:00,365.3,365.49,365.3,365.49,374.113419
2026-07-01T10:30:00+00:00,365.54,365.75,365.54,365.73,755.05952
2026-07-01T10:35:00+00:00,365.77,366.1,365.77,366.06,764.0
2026-07-01T10:40:00+00:00,366.1,366.26,366.03,366.03,454.74111800000003
2026-07-01T10:45:00+00:00,365.86,365.86,365.84,365.84,398.0
2026-07-01T10:50:00+00:00,365.8,366.01,365.8,365.96,578.0
2026-07-01T10:55:00+00:00,366.21,366.2201,366.21,366.2201,1066.0
2026-07-01T11:00:00+00:00,366.63,366.75,366.63,366.75,105.0
2026-07-01T11:05:00+00:00,366.77,367.62,366.77,367.46,1459.823724
2026-07-01T11:10:00+00:00,367.58,367.88,367.56,367.88,2763.176668
2026-07-01T11:15:00+00:00,368.0,368.6,368.0,368.5,3122.091965
2026-07-01T11:20:00+00:00,368.5099,369.13,368.43,369.13,1723.1989
2026-07-01T11:25:00+00:00,368.99,369.18,368.68,369.03,3059.0
2026-07-01T11:30:00+00:00,369.22,369.5,368.93,369.3882,3666.05625
2026-07-01T11:35:00+00:00,369.35,369.5101,369.02,369.02,3967.0
2026-07-01T11:40:00+00:00,369.39,369.39,369.12,369.17,1117.095806
2026-07-01T11:45:00+00:00,369.13,369.7,369.1211,369.65,3631.26
2026-07-01T11:50:00+00:00,369.65,370.1321,369.64,370.1321,4472.542187
2026-07-01T11:55:00+00:00,370.12,370.18,369.6382,369.8401,8531.010900000001
2026-07-01T12:00:00+00:00,369.9206,369.97,369.7,369.84,2140.0754779999997
2026-07-01T12:05:00+00:00,369.74,370.0,369.22,369.22,5173.074533
2026-07-01T12:10:00+00:00,369.12,369.1635,368.9,369.0,2271.0327389999998
2026-07-01T12:15:00+00:00,369.05,369.16,368.81,368.9,1598.180513
2026-07-01T12:20:00+00:00,369.0,369.4,369.0,369.4,1482.8260380000002
2026-07-01T12:25:00+00:00,369.31,369.63,369.279,369.541,2537.0
2026-07-01T12:30:00+00:00,369.6,369.6,369.28,369.28,1454.0
2026-07-01T12:35:00+00:00,369.4,369.9,369.28,369.52,23342.607942000002
2026-07-01T12:40:00+00:00,369.61,369.61,369.1,369.11,41179.173511
2026-07-01T12:45:00+00:00,369.15,369.67,369.0,369.29,7112.913603
2026-07-01T12:50:00+00:00,369.31,369.4399,369.17,369.26,3287.0
2026-07-01T12:55:00+00:00,369.38,369.52,369.33,369.4,2976.0
2026-07-01T13:00:00+00:00,369.09,369.33,368.98,368.98,8376.0
2026-07-01T13:05:00+00:00,368.87,369.15,368.5,368.89,8039.140107
2026-07-01T13:10:00+00:00,368.55,368.55,368.18,368.49,3310.63807
2026-07-01T13:15:00+00:00,368.27,368.97,368.25,368.83,2766.030085
2026-07-01T13:20:00+00:00,368.9,369.74,368.9,369.17,5025.809924
2026-07-01T13:25:00+00:00,369.17,371.2,369.17,370.86,55611.077152
2026-07-01T13:30:00+00:00,370.86,371.2,370.28,371.15,53053.889543
2026-07-01T13:35:00+00:00,371.205,371.82,370.72,371.3608,281529.507545
2026-07-01T13:40:00+00:00,371.33,373.545,371.19,373.47,239459.73418700002
2026-07-01T13:45:00+00:00,373.4,376.1,373.38,376.02,293578.312635
2026-07-01T13:50:00+00:00,376.04,376.92,374.7918,375.27,331249.94117
2026-07-01T13:55:00+00:00,375.22,375.96,374.83,375.08,238484.49876400002
2026-07-01T14:00:00+00:00,375.09,375.5301,374.88,375.28,130074.75506
2026-07-01T14:05:00+00:00,375.34,376.3,374.61,374.87,187852.76067200003
2026-07-01T14:10:00+00:00,374.87,375.88,374.87,375.74,163438.03410199998
2026-07-01T14:15:00+00:00,375.7593,376.25,375.59,375.6399,423111.880862
2026-07-01T14:20:00+00:00,375.64,376.18,375.3198,375.82,409190.0340890001
2026-07-01T14:25:00+00:00,375.8,376.87,375.76,376.75,251582.068375
2026-07-01T14:30:00+00:00,376.75,376.94,375.9,376.34,289041.512472
2026-07-01T14:35:00+00:00,376.36,377.32,376.115,377.3197,97465.131072
2026-07-01T14:40:00+00:00,377.255,377.78,376.7701,376.87,206143.677077
2026-07-01T14:45:00+00:00,376.82,376.9,375.54,375.61,82977.712523
2026-07-01T14:50:00+00:00,375.63,375.82,375.09,375.2,74720.687461
2026-07-01T14:55:00+00:00,375.24,375.47,375.0,375.28,52608.47027400001
2026-07-01T15:00:00+00:00,375.28,375.755,375.28,375.62,48345.835918
2026-07-01T15:05:00+00:00,375.66,375.77,375.22,375.28,54656.54902899999
2026-07-01T15:10:00+00:00,375.285,375.66,374.75,374.81,126643.504022
2026-07-01T15:15:00+00:00,374.815,375.01,374.6,374.9044,85465.559667
2026-07-01T15:20:00+00:00,374.9101,375.505,374.9101,375.05,66637.886961
2026-07-01T15:25:00+00:00,375.0,375.31,374.26,374.52,104809.092538
2026-07-01T15:30:00+00:00,374.53,374.86,374.3485,374.74,52167.496782
2026-07-01T15:35:00+00:00,374.765,374.79,374.25,374.25,76593.13914300001
2026-07-01T15:40:00+00:00,374.22,374.58,374.145,374.49,46357.191778
2026-07-01T15:45:00+00:00,374.46,374.6799,374.32,374.6799,200496.64841
2026-07-01T15:50:00+00:00,374.65,374.9051,374.55,374.8,47269.058082
2026-07-01T15:55:00+00:00,374.83,375.15,374.7,374.82,57718.508499999996
2026-07-01T16:00:00+00:00,374.8,374.8,374.35,374.51,22076.632818
2026-07-01T16:05:00+00:00,374.52,375.04,374.52,374.91,29292.035522
2026-07-01T16:10:00+00:00,374.89,375.22,374.8,374.83,83631.07208099999
2026-07-01T16:15:00+00:00,374.85,374.85,374.59,374.665,22153.969888
2026-07-01T16:20:00+00:00,374.64,374.82,374.5202,374.8,35215.903279000006
2026-07-01T16:25:00+00:00,374.77,374.89,374.47,374.57,54961.719516
2026-07-01T16:30:00+00:00,374.56,374.79,374.545,374.545,323187.634929
2026-07-01T16:35:00+00:00,374.545,374.71,373.97,374.04,103409.92482300001
2026-07-01T16:40:00+00:00,374.065,374.43,374.06,374.17,15765.473611000001
2026-07-01T16:45:00+00:00,374.15,374.17,373.76,373.87,377505.02834699996
2026-07-01T16:50:00+00:00,373.89,374.05,373.75,373.81,37967.16766100001
2026-07-01T16:55:00+00:00,373.79,373.9001,373.57,373.79,528792.897283
2026-07-01T17:00:00+00:00,373.78,373.78,373.53,373.61,523827.83860099997
2026-07-01T17:05:00+00:00,373.59,373.8,373.45,373.65,30316.320258
2026-07-01T17:10:00+00:00,373.63,373.63,373.32,373.335,26142.118425000004
2026-07-01T17:15:00+00:00,373.4,373.64,373.31,373.58,30433.954885
2026-07-01T17:20:00+00:00,373.63,373.66,373.3,373.46,20114.659067
2026-07-01T17:25:00+00:00,373.495,373.6401,373.4216,373.51,26143.309062999997
2026-07-01T17:30:00+00:00,373.55,373.57,373.29,373.29,35905.629705
2026-07-01T17:35:00+00:00,373.335,373.695,373.33,373.585,44481.966256
2026-07-01T17:40:00+00:00,373.565,373.645,373.48,373.6181,15058.341041
2026-07-01T17:45:00+00:00,373.55,373.79,373.48,373.58,28315.580979000002
2026-07-01T17:50:00+00:00,373.58,373.6601,373.51,373.62,10509.755687
2026-07-01T17:55:00+00:00,373.63,373.69,373.43,373.46,15398.946868000003
2026-07-01T18:00:00+00:00,373.49,373.49,373.23,373.3351,18751.875312
2026-07-01T18:05:00+00:00,373.315,373.51,373.31,373.49,21761.172681999997
2026-07-01T18:10:00+00:00,373.5,373.5,373.28,373.28,15580.879576000001
2026-07-01T18:15:00+00:00,373.27,373.56,373.2201,373.48,27910.370003
2026-07-01T18:20:00+00:00,373.38,373.4,373.01,373.22,24826.339909
2026-07-01T18:25:00+00:00,373.18,373.18,372.92,373.025,24650.665083
2026-07-01T18:30:00+00:00,373.03,373.08,372.66,372.71,20842.473547
2026-07-01T18:35:00+00:00,372.84,373.12,372.78,373.03,27965.786346
2026-07-01T18:40:00+00:00,373.03,373.0468,372.87,372.915,16354.832596
2026-07-01T18:45:00+00:00,372.87,372.87,372.7,372.845,18331.427125000002
2026-07-01T18:50:00+00:00,372.825,372.84,372.66,372.725,30223.442952999998
2026-07-01T18:55:00+00:00,372.725,372.77,372.36,372.424,66779.292766
2026-07-01T19:00:00+00:00,372.44,372.795,372.42,372.775,27284.461139
2026-07-01T19:05:00+00:00,372.76,373.13,372.74,373.115,28157.986729
2026-07-01T19:10:00+00:00,373.1,373.305,372.97,373.25,19697.196479000002
2026-07-01T19:15:00+00:00,373.22,373.235,372.95,373.035,44595.818384000006
2026-07-01T19:20:00+00:00,373.025,373.09,372.65,372.68,31327.987698
2026-07-01T19:25:00+00:00,372.665,372.75,372.22,372.235,39649.99067
2026-07-01T19:30:00+00:00,372.27,372.51,372.235,372.44,27247.992013
2026-07-01T19:35:00+00:00,372.435,372.5,372.13,372.2151,35850.164351
2026-07-01T19:40:00+00:00,372.215,372.24,372.082,372.12,36761.88575
2026-07-01T19:45:00+00:00,372.13,372.15,371.88,371.96,34991.831281
2026-07-01T19:50:00+00:00,371.95,372.01,371.71,371.82,56424.663951999995
2026-07-01T19:55:00+00:00,371.83,371.85,370.62,370.85,144287.179111
2026-07-01T20:00:00+00:00,370.85,370.9,370.21,370.59,203102.223852
2026-07-01T20:05:00+00:00,370.6,370.66,369.77,369.81,41481.55942
2026-07-01T20:10:00+00:00,369.73,370.23,369.73,370.23,12041.711535
2026-07-01T20:15:00+00:00,370.2,370.41,370.18,370.38,3212.8682280000003
2026-07-01T20:20:00+00:00,370.3,370.38,370.2,370.38,3029.004
2026-07-01T20:25:00+00:00,370.41,370.6,370.31,370.53,9700.0
2026-07-01T20:30:00+00:00,370.5815,370.6447,370.5815,370.6,6352.0
2026-07-01T20:35:00+00:00,370.62,370.62,370.47,370.4799,3024.143035
2026-07-01T20:40:00+00:00,370.35,375.2657,370.2012,370.2012,201247.029426
2026-07-01T20:45:00+00:00,370.29,370.29,370.15,370.2,1153.102563
2026-07-01T20:50:00+00:00,370.2,370.2197,370.02,370.02,1535.0
2026-07-01T20:55:00+00:00,370.26,370.27,370.02,370.02,2517.270075
2026-07-01T21:00:00+00:00,370.01,370.02,369.83,370.02,2041.262202
2026-07-01T21:05:00+00:00,370.02,370.02,370.02,370.02,256.0
2026-07-01T21:10:00+00:00,370.1,370.1,370.1,370.1,142.003781
2026-07-01T21:20:00+00:00,370.24,370.276,370.0,370.0,711.0
2026-07-01T21:30:00+00:00,370.31,370.34,370.1,370.34,811.0
2026-07-01T21:45:00+00:00,370.3,370.3,370.06,370.09,940.0
2026-07-01T21:50:00+00:00,370.1,370.1,370.1,370.1,180.0
2026-07-01T21:55:00+00:00,370.09,370.1,370.06,370.1,592.91872
2026-07-01T22:00:00+00:00,370.16,370.32,370.16,370.31,577.0
2026-07-01T22:05:00+00:00,370.09,370.49,370.09,370.49,821.2325
2026-07-01T22:10:00+00:00,370.64,370.64,370.64,370.64,105.0
2026-07-01T22:15:00+00:00,370.25,370.25,370.18,370.18,979.0027
2026-07-01T22:20:00+00:00,370.3,370.32,370.3,370.32,394.878145
2026-07-01T22:25:00+00:00,370.4475,370.4475,370.3422,370.3422,236.0
2026-07-01T22:35:00+00:00,370.47,370.51,370.47,370.5,2473.539453
2026-07-01T22:40:00+00:00,370.49,370.6384,370.49,370.56,3299.0
2026-07-01T22:45:00+00:00,370.67,370.68,370.67,370.6758,1374.0
2026-07-01T22:50:00+00:00,370.6,371.0,370.6,371.0,1626.6979350000001
2026-07-01T22:55:00+00:00,371.01,371.01,370.8,370.8,829.0
2026-07-01T23:00:00+00:00,371.0,371.1,371.0,371.1,1698.005913
2026-07-01T23:05:00+00:00,370.93,370.93,370.93,370.93,64.0
2026-07-01T23:10:00+00:00,371.04,371.04,370.81,370.85,1389.0
2026-07-01T23:15:00+00:00,370.84,370.84,370.5,370.5,655.0
2026-07-01T23:20:00+00:00,370.49,370.49,370.49,370.49,108.0
2026-07-01T23:25:00+00:00,370.46,370.47,370.46,370.47,168.0
2026-07-01T23:35:00+00:00,370.69,370.69,370.52,370.52,198.0
2026-07-01T23:40:00+00:00,370.64,370.64,370.25,370.29,915.0
2026-07-01T23:50:00+00:00,370.15,370.2,370.15,370.2,330.0
2026-07-01T23:55:00+00:00,370.3,370.3,370.3,370.3,390.0
2026-07-02T00:00:00+00:00,370.2784,370.2784,370.2784,370.2784,156.0
2026-07-02T08:05:00+00:00,372.82,374.35,372.11,374.0,31637.838279
2026-07-02T08:10:00+00:00,373.49,374.34,372.77,373.56,18498.0
2026-07-02T08:15:00+00:00,373.6,373.77,373.4,373.43,2562.109065
2026-07-02T08:20:00+00:00,373.49,373.6,373.47,373.5601,6263.42821
2026-07-02T08:25:00+00:00,373.83,374.17,373.82,373.96,4230.0
2026-07-02T08:30:00+00:00,373.89,373.89,373.89,373.89,1778.0
2026-07-02T08:35:00+00:00,373.8,373.92,373.71,373.71,2571.0
2026-07-02T08:40:00+00:00,373.72,373.89,373.72,373.89,3322.0
2026-07-02T08:45:00+00:00,373.9,374.115,373.9,374.1099,5664.004326
2026-07-02T08:50:00+00:00,374.02,374.39,373.84,374.35,3357.60615
2026-07-02T08:55:00+00:00,373.99,373.99,373.86,373.86,440.5
2026-07-02T09:00:00+00:00,374.25,374.25,374.2,374.2,435.0
2026-07-02T09:05:00+00:00,374.0001,374.12,373.96,374.02,3257.181488
2026-07-02T09:10:00+00:00,373.7,373.7,373.7,373.7,80.0
2026-07-02T09:15:00+00:00,373.63,373.7327,373.63,373.73,251.12636799999999
2026-07-02T09:20:00+00:00,373.59,373.77,373.59,373.77,110.005349
2026-07-02T09:35:00+00:00,373.0,373.09,372.94,373.03,798.0
2026-07-02T09:40:00+00:00,373.1,373.16,373.1,373.16,1236.0
2026-07-02T09:45:00+00:00,373.15,373.72,373.15,373.41,508.0
2026-07-02T09:50:00+00:00,373.59,373.658,373.35,373.35,4564.0
2026-07-02T09:55:00+00:00,373.45,373.5,373.24,373.24,1958.2178079999999
2026-07-02T10:00:00+00:00,373.06,373.23,372.97,373.14,2085.1924609999996
2026-07-02T10:05:00+00:00,373.06,373.16,372.94,372.96,991.0
2026-07-02T10:10:00+00:00,372.91,373.05,372.91,373.01,1442.0
2026-07-02T10:15:00+00:00,373.06,373.06,372.91,372.91,118.0
2026-07-02T10:20:00+00:00,372.87,373.11,372.87,373.11,398.339966
2026-07-02T10:25:00+00:00,372.96,373.31,372.96,373.25,1529.08
2026-07-02T10:30:00+00:00,373.18,373.25,373.18,373.25,386.0
2026-07-02T10:35:00+00:00,373.03,373.12,373.03,373.04,756.0
2026-07-02T10:40:00+00:00,373.02,373.14,373.02,373.14,149.0
2026-07-02T10:45:00+00:00,372.97,372.97,372.97,372.97,265.0
2026-07-02T10:50:00+00:00,372.87,372.87,372.86,372.86,622.020033
2026-07-02T10:55:00+00:00,372.78,372.97,372.78,372.97,894.0
2026-07-02T11:05:00+00:00,373.09,373.09,372.6,372.6,2198.010761
2026-07-02T11:10:00+00:00,372.62,372.62,372.39,372.39,1938.0
2026-07-02T11:15:00+00:00,372.68,372.68,372.6518,372.6518,1264.5
2026-07-02T11:20:00+00:00,372.98,373.15,372.86,373.15,1076.037082
2026-07-02T11:25:00+00:00,372.94,373.01,372.85,372.97,851.7252080000001
2026-07-02T11:30:00+00:00,372.95,373.14,372.95,373.07,3462.003457
2026-07-02T11:35:00+00:00,373.03,373.06,373.0,373.0,9857.0
2026-07-02T11:40:00+00:00,372.8334,373.15,372.8334,373.15,4224.811668
2026-07-02T11:45:00+00:00,373.2,373.6,373.1591,373.6,8973.5
2026-07-02T11:50:00+00:00,373.58,373.65,373.37,373.37,2604.5
2026-07-02T11:55:00+00:00,373.58,373.6,373.43,373.44,409.5
2026-07-02T12:00:00+00:00,373.5,373.5,373.3,373.3,7755.0747790000005
2026-07-02T12:05:00+00:00,373.05,373.18,372.87,373.18,2928.47181
2026-07-02T12:10:00+00:00,373.31,373.84,373.31,373.5,3207.0
2026-07-02T12:15:00+00:00,373.25,373.3758,372.74,372.74,1687.40991
2026-07-02T12:20:00+00:00,372.88,372.9,372.81,372.82,1621.007415
2026-07-02T12:25:00+00:00,372.93,373.22,372.93,373.16,2711.0
2026-07-02T12:30:00+00:00,373.3,373.49,372.96,372.96,2487.5
2026-07-02T12:35:00+00:00,373.54,378.76,373.54,378.69,157599.124617
2026-07-02T12:40:00+00:00,378.7,379.8,378.47,379.59,83215.638675
2026-07-02T12:45:00+00:00,379.87,379.87,379.0752,379.17,54136.211447
2026-07-02T12:50:00+00:00,379.3,379.33,378.18,378.53,43594.455887000004
2026-07-02T12:55:00+00:00,378.43,379.0,378.02,378.14,37311.484802000006
2026-07-02T13:00:00+00:00,378.06,378.15,377.41,378.0,36588.026302
2026-07-02T13:05:00+00:00,378.0,378.95,377.76,378.81,16799.784755
2026-07-02T13:10:00+00:00,378.7886,378.7886,377.79,378.01,29934.649778000003
2026-07-02T13:15:00+00:00,377.9,378.59,377.9,378.48,18561.175626
2026-07-02T13:20:00+00:00,378.44,378.44,377.7,377.8,3924.2542999999996
2026-07-02T13:25:00+00:00,377.88,378.12,377.42,377.5,4902.14488
2026-07-02T13:30:00+00:00,377.33,377.7699,377.13,377.35,12020.760461
2026-07-02T13:35:00+00:00,377.435,379.05,377.14,378.87,270434.77654500003
2026-07-02T13:40:00+00:00,378.84,379.775,378.78,379.5,183014.929358
2026-07-02T13:45:00+00:00,379.53,379.71,378.69,379.42,139537.148637
2026-07-02T13:50:00+00:00,379.425,380.18,379.3311,379.985,216812.38279299997
2026-07-02T13:55:00+00:00,379.975,380.27,379.232,379.32,181701.105068
2026-07-02T14:00:00+00:00,379.32,379.99,379.22,379.63,88763.133933
2026-07-02T14:05:00+00:00,379.61,379.7599,378.765,379.0,157563.413675
2026-07-02T14:10:00+00:00,379.02,379.4,378.78,378.805,122098.72700199999
2026-07-02T14:15:00+00:00,378.76,379.09,378.41,378.84,123043.90136200002
2026-07-02T14:20:00+00:00,378.84,379.56,378.69,379.04,125897.711216
2026-07-02T14:25:00+00:00,379.01,379.01,378.155,378.36,129003.18534699999
2026-07-02T14:30:00+00:00,378.36,378.46,377.52,377.72,142968.223807
2026-07-02T14:35:00+00:00,377.74,378.59,377.6,378.06,96423.02156899999
2026-07-02T14:40:00+00:00,378.06,378.15,377.735,377.92,39721.251781
2026-07-02T14:45:00+00:00,377.985,378.135,377.56,377.93,92129.372833
2026-07-02T14:50:00+00:00,377.95,378.3299,377.68,378.32,42293.51781600001
2026-07-02T14:55:00+00:00,378.33,378.68,378.135,378.4,60878.992947000006
2026-07-02T15:00:00+00:00,378.42,378.95,378.42,378.88,56561.852742
2026-07-02T15:05:00+00:00,378.88,379.1,378.64,378.7201,52123.81688400001
2026-07-02T15:10:00+00:00,378.74,378.74,377.6,378.17,77232.054876
2026-07-02T15:15:00+00:00,378.23,379.08,378.13,378.7,66722.978269
2026-07-02T15:20:00+00:00,378.7,378.89,378.14,378.255,68354.398455
2026-07-02T15:25:00+00:00,378.26,379.11,378.26,378.95,57643.919133999996
2026-07-02T15:30:00+00:00,378.96,378.985,378.275,378.28,36057.966405
2026-07-02T15:35:00+00:00,378.35,379.07,378.29,379.019,63988.33694699999
2026-07-02T15:40:00+00:00,379.03,379.12,378.79,378.81,29261.312274000004
2026-07-02T15:45:00+00:00,378.79,378.9,378.54,378.54,53747.372378
2026-07-02T15:50:00+00:00,378.63,379.0,378.63,378.89,84997.400108
2026-07-02T15:55:00+00:00,378.87,378.9,378.5,378.9,45890.741114
2026-07-02T16:00:00+00:00,378.88,378.96,378.6,378.89,325492.380183
2026-07-02T16:05:00+00:00,378.9,379.04,378.525,378.685,533347.593164
2026-07-02T16:10:00+00:00,378.71,378.75,378.32,378.335,42328.449055000005
2026-07-02T16:15:00+00:00,378.38,378.67,378.27,378.39,56768.463037
2026-07-02T16:20:00+00:00,378.41,378.45,378.17,378.439,16623.083854
2026-07-02T16:25:00+00:00,378.4,378.415,377.73,377.83,37331.660809999994
2026-07-02T16:30:00+00:00,377.8401,378.025,377.7078,377.78,25047.442825
2026-07-02T16:35:00+00:00,377.785,377.785,376.47,376.55,118747.943998
2026-07-02T16:40:00+00:00,376.61,377.215,376.2862,377.2,47370.227762999995
2026-07-02T16:45:00+00:00,377.22,377.84,377.16,377.65,38573.941397
2026-07-02T16:50:00+00:00,377.64,377.98,377.56,377.9,68003.67497600001
2026-07-02T16:55:00+00:00,377.89,378.145,377.67,377.87,94711.513864
2026-07-02T17:00:00+00:00,377.87,377.99,377.73,377.9,23918.08734
2026-07-02T17:05:00+00:00,377.915,378.02,377.56,377.71,133781.934154
2026-07-02T17:10:00+00:00,377.67,378.1,377.49,377.82,54983.106465000004
2026-07-02T17:15:00+00:00,377.795,377.95,377.53,377.88,25949.592805
2026-07-02T17:20:00+00:00,377.91,378.08,377.73,377.765,21593.312218
2026-07-02T17:25:00+00:00,377.77,377.84,377.28,377.58,92301.750901
2026-07-02T17:30:00+00:00,377.58,377.7,377.28,377.37,69015.362575
2026-07-02T17:35:00+00:00,377.37,377.58,377.18,377.34,51018.515073
2026-07-02T17:40:00+00:00,377.3,377.46,376.97,377.09,37001.48833
2026-07-02T17:45:00+00:00,377.07,377.11,376.78,376.9,60761.759589999994
2026-07-02T17:50:00+00:00,376.86,377.14,376.805,377.12,37463.229888
2026-07-02T17:55:00+00:00,377.105,377.19,376.84,377.1,31784.004385
2026-07-02T18:00:00+00:00,377.1,377.195,376.8,376.9,25391.626805
2026-07-02T18:05:00+00:00,376.9,377.6,376.78,377.6,56048.138063000006
2026-07-02T18:10:00+00:00,377.585,378.335,377.54,378.31,71187.802084
2026-07-02T18:15:00+00:00,378.3233,378.41,377.98,378.02,42427.147414
2026-07-02T18:20:00+00:00,378.06,378.11,377.69,377.805,45150.948065
2026-07-02T18:25:00+00:00,377.805,377.92,377.72,377.9,38262.712714
2026-07-02T18:30:00+00:00,377.9,378.37,377.9,378.36,42921.133909000004
2026-07-02T18:35:00+00:00,378.36,378.73,378.36,378.57,32857.770575999995
2026-07-02T18:40:00+00:00,378.565,378.625,378.48,378.54,62812.658868
2026-07-02T18:45:00+00:00,378.55,378.55,378.2201,378.2201,23672.322544
2026-07-02T18:50:00+00:00,378.22,378.34,378.1,378.325,36675.357331
2026-07-02T18:55:00+00:00,378.31,378.525,378.25,378.27,24640.442388
2026-07-02T19:00:00+00:00,378.255,378.42,378.19,378.385,27224.562496000002
2026-07-02T19:05:00+00:00,378.41,378.5187,377.92,377.96,42776.568437
2026-07-02T19:10:00+00:00,378.0,378.09,377.685,377.8,88067.33649300001
2026-07-02T19:15:00+00:00,377.82,377.82,377.43,377.55,31986.335311000003
2026-07-02T19:20:00+00:00,377.55,377.58,377.34,377.39,65401.223348
2026-07-02T19:25:00+00:00,377.35,377.38,377.06,377.08,32425.443172
2026-07-02T19:30:00+00:00,377.07,377.5,377.011,377.435,48684.079426
2026-07-02T19:35:00+00:00,377.42,377.6,377.35,377.44,56559.295804
2026-07-02T19:40:00+00:00,377.47,377.49,377.24,377.38,63264.323690000005
2026-07-02T19:45:00+00:00,377.3977,377.52,377.36,377.485,45258.928458
2026-07-02T19:50:00+00:00,377.465,377.6893,377.42,377.68,49592.574786
2026-07-02T19:55:00+00:00,377.69,378.41,377.69,378.4,88322.979871
2026-07-02T20:00:00+00:00,378.42,378.47,378.03,378.11,267718.779195
2026-07-02T20:05:00+00:00,378.13,378.16,377.84,378.03,11169.192758000001
2026-07-02T20:10:00+00:00,378.07,378.33,378.07,378.1,5059.013215
2026-07-02T20:15:00+00:00,378.16,378.2167,378.11,378.2167,5006.0
2026-07-02T20:20:00+00:00,378.04,378.25,378.04,378.25,293.0
2026-07-02T20:25:00+00:00,378.44,378.52,378.13,378.5,11170.0
2026-07-02T20:30:00+00:00,378.49,378.49,378.3,378.3,347.0
2026-07-02T20:35:00+00:00,378.47,378.5387,378.44,378.44,608.005921
2026-07-02T20:40:00+00:00,378.4758,378.914,378.2,378.2,300779.0
2026-07-02T20:45:00+00:00,378.2384,378.26,378.13,378.13,2045.0
2026-07-02T20:50:00+00:00,378.1,378.1,378.1,378.1,147.0
2026-07-02T20:55:00+00:00,377.938,377.938,377.938,377.938,113.0
2026-07-02T21:00:00+00:00,378.33,378.5699,378.33,378.5699,466.0
2026-07-02T21:05:00+00:00,378.21,378.21,378.0729,378.0731,250.0
2026-07-02T21:20:00+00:00,378.49,378.54,378.49,378.54,886.01
2026-07-02T21:30:00+00:00,378.0905,378.28,378.0905,378.28,176.050105
2026-07-02T21:35:00+00:00,378.53,378.53,378.52,378.52,1056.04897
2026-07-02T21:40:00+00:00,378.15,378.28,378.1256,378.1256,853.0
2026-07-02T21:45:00+00:00,378.44,378.45,378.44,378.45,162.962451
2026-07-02T21:50:00+00:00,378.4,378.44,378.4,378.44,202.0
2026-07-02T21:55:00+00:00,378.44,378.45,378.44,378.45,308.0
2026-07-02T22:00:00+00:00,378.3,378.45,378.3,378.3,691.0
2026-07-02T22:05:00+00:00,378.44,378.69,378.44,378.69,2770.02641
2026-07-02T22:10:00+00:00,378.68,378.68,378.6,378.68,917.083012
2026-07-02T22:15:00+00:00,378.7,378.7,378.53,378.53,373.027699
2026-07-02T22:20:00+00:00,378.52,378.62,378.52,378.62,1120.0
2026-07-02T22:25:00+00:00,378.55,378.55,378.55,378.55,301.0
2026-07-02T22:35:00+00:00,378.5,378.5,378.36,378.36,385.026413
2026-07-02T22:40:00+00:00,378.57,378.62,378.51,378.51,366.627002
2026-07-02T22:45:00+00:00,378.51,378.51,378.3,378.3,963.0
2026-07-02T22:50:00+00:00,378.5221,378.5221,378.5221,378.5221,664.0
2026-07-02T22:55:00+00:00,378.46,378.51,378.3,378.3,710.0
2026-07-02T23:00:00+00:00,378.66,378.66,378.51,378.51,377.0
2026-07-02T23:05:00+00:00,378.63,378.75,378.42,378.75,227.0
2026-07-02T23:10:00+00:00,378.6,378.78,378.6,378.78,147.0
2026-07-02T23:15:00+00:00,378.6,378.6,378.6,378.6,75.0
2026-07-02T23:20:00+00:00,378.65,378.65,378.5,378.5,167.0
2026-07-02T23:25:00+00:00,378.7647,378.7647,378.7647,378.7647,111.0
2026-07-02T23:30:00+00:00,378.57,378.8,378.57,378.8,357.0
2026-07-02T23:35:00+00:00,379.0,379.3,378.7,378.7,2441.0
2026-07-02T23:40:00+00:00,378.8,378.8,378.29,378.3,1064.0
2026-07-02T23:45:00+00:00,378.34,378.46,378.34,378.46,608.092304
2026-07-02T23:50:00+00:00,378.95,378.9788,378.88,378.9788,220.04961600000001
2026-07-02T23:55:00+00:00,379.01,379.05,378.5,378.79,2580.7036949999997
2026-07-03T00:00:00+00:00,378.85,378.95,378.65,378.65,1414.0
2026-07-06T08:05:00+00:00,382.28,382.36,380.49,381.04,14395.45116
2026-07-06T08:10:00+00:00,381.67,382.39,380.56,381.93,31127.99
2026-07-06T08:15:00+00:00,381.8,381.86,381.49,381.51,585.270149
2026-07-06T08:20:00+00:00,381.38,381.38,381.25,381.25,142.0
2026-07-06T08:25:00+00:00,381.41,381.41,381.17,381.29,411.0
2026-07-06T08:30:00+00:00,381.23,381.27,381.22,381.25,923.632024
2026-07-06T08:35:00+00:00,381.25,381.27,381.15,381.2,2629.214317
2026-07-06T08:40:00+00:00,381.16,381.24,380.8001,380.81,1024.534919
2026-07-06T08:45:00+00:00,381.0,381.09,380.73,380.73,1004.0
2026-07-06T08:50:00+00:00,380.7,380.76,380.62,380.67,912.056024
2026-07-06T08:55:00+00:00,380.6501,381.0,380.6501,380.98,522.0
2026-07-06T09:00:00+00:00,381.0,381.0,380.84,380.84,1779.013205
2026-07-06T09:05:00+00:00,380.85,380.88,380.69,380.73,1187.0
2026-07-06T09:10:00+00:00,380.79,380.9,380.7,380.84,1654.267428
2026-07-06T09:15:00+00:00,380.79,380.81,380.74,380.74,732.01
2026-07-06T09:20:00+00:00,380.72,380.72,380.5,380.5,786.0
2026-07-06T09:25:00+00:00,380.56,380.65,380.52,380.55,439.628163
2026-07-06T09:30:00+00:00,380.5,380.5,380.13,380.27,1978.0
2026-07-06T09:35:00+00:00,380.15,380.18,379.66,379.75,3817.500962
2026-07-06T09:40:00+00:00,379.7,380.11,379.65,380.03,1237.294319
2026-07-06T09:45:00+00:00,380.05,380.05,379.9,379.95,1791.9075259999997
2026-07-06T09:50:00+00:00,379.9,380.0,379.85,379.92,600.047836
2026-07-06T09:55:00+00:00,380.2277,380.2277,380.05,380.05,614.0
2026-07-06T10:00:00+00:00,380.14,380.3,380.14,380.19,1186.4131830000001
2026-07-06T10:05:00+00:00,380.2,380.33,380.12,380.12,4192.088996
2026-07-06T10:10:00+00:00,380.3281,380.3281,380.15,380.25,677.464981
2026-07-06T10:15:00+00:00,380.34,380.51,380.32,380.51,2032.886432
2026-07-06T10:20:00+00:00,380.66,380.89,380.6,380.75,1034.829703
2026-07-06T10:25:00+00:00,380.76,380.88,380.76,380.88,826.9
2026-07-06T10:30:00+00:00,380.88,380.89,380.73,380.845,1090.0
2026-07-06T10:35:00+00:00,380.75,381.17,380.75,381.17,1129.1
2026-07-06T10:40:00+00:00,381.2,381.24,381.08,381.11,1628.0
2026-07-06T10:45:00+00:00,381.17,381.28,381.16,381.28,575.0
2026-07-06T10:50:00+00:00,381.24,381.24,381.1099,381.17,980.0
2026-07-06T10:55:00+00:00,381.21,381.33,381.07,381.07,995.2068120000001
2026-07-06T11:00:00+00:00,381.12,381.3,381.08,381.3,1085.245351
2026-07-06T11:05:00+00:00,381.24,381.41,381.01,381.03,4705.291
2026-07-06T11:10:00+00:00,381.15,381.1601,381.01,381.01,1369.0
2026-07-06T11:15:00+00:00,381.16,381.19,381.16,381.16,936.098569
2026-07-06T11:20:00+00:00,381.29,381.53,381.29,381.53,784.232799
2026-07-06T11:30:00+00:00,381.63,381.66,381.49,381.49,1244.367936
2026-07-06T11:35:00+00:00,381.31,381.57,381.31,381.51,4339.044548
2026-07-06T11:40:00+00:00,381.22,381.22,381.22,381.22,125.013113
2026-07-06T11:45:00+00:00,381.22,381.22,381.22,381.22,240.0
2026-07-06T11:50:00+00:00,381.01,381.01,381.01,381.01,373.0
2026-07-06T11:55:00+00:00,381.01,381.12,381.0,381.12,399.0
2026-07-06T12:00:00+00:00,381.33,381.33,381.23,381.23,1233.1056589999998
2026-07-06T12:05:00+00:00,381.39,381.47,381.39,381.47,549.0
2026-07-06T12:10:00+00:00,381.57,381.57,381.42,381.42,1135.0
2026-07-06T12:15:00+00:00,381.44,381.44,381.21,381.22,1415.572406
2026-07-06T12:20:00+00:00,381.34,381.4,381.3,381.37,2250.234624
2026-07-06T12:25:00+00:00,381.39,381.4,380.57,380.58,3699.753556
2026-07-06T12:30:00+00:00,380.63,380.75,380.42,380.42,1976.4688899999999
2026-07-06T12:35:00+00:00,380.42,380.42,380.17,380.24,3204.0
2026-07-06T12:40:00+00:00,380.24,380.24,379.88,379.91,6969.87419
2026-07-06T12:45:00+00:00,379.85,379.85,379.15,379.3,6441.002632
2026-07-06T12:50:00+00:00,379.28,379.86,379.27,379.4222,3177.172144
2026-07-06T12:55:00+00:00,379.4,379.88,379.4,379.88,4228.0
2026-07-06T13:00:00+00:00,379.94,380.12,379.83,379.9,5035.0
2026-07-06T13:05:00+00:00,379.87,380.4899,379.68,380.22,7156.0
2026-07-06T13:10:00+00:00,380.27,380.62,380.16,380.36,4402.045663000001
2026-07-06T13:15:00+00:00,380.45,380.57,380.0,380.03,5412.314026
2026-07-06T13:20:00+00:00,380.01,380.0383,379.82,379.8988,2786.0351539999997
2026-07-06T13:25:00+00:00,379.92,380.65,379.92,380.47,4321.8381850000005
2026-07-06T13:30:00+00:00,380.47,380.61,380.04,380.04,14719.987812
2026-07-06T13:35:00+00:00,380.21,380.87,379.97,380.7695,367992.363207
2026-07-06T13:40:00+00:00,380.74,380.77,380.28,380.72,63535.583429000006
2026-07-06T13:45:00+00:00,380.75,380.84,380.27,380.77,48163.620573
2026-07-06T13:50:00+00:00,380.8,380.8,380.06,380.44,95130.54781
2026-07-06T13:55:00+00:00,380.53,380.72,380.1701,380.45,57355.722357000006
2026-07-06T14:00:00+00:00,380.45,380.51,379.5,379.98,115848.553522
2026-07-06T14:05:00+00:00,379.94,380.57,379.78,379.9173,49730.318826
2026-07-06T14:10:00+00:00,379.98,380.155,379.28,379.5019,65222.995867000005
2026-07-06T14:15:00+00:00,379.54,380.3399,379.54,379.915,54752.869575000004
2026-07-06T14:20:00+00:00,379.94,379.94,379.34,379.48,64714.436226
2026-07-06T14:25:00+00:00,379.52,379.71,379.15,379.2,58424.549803
2026-07-06T14:30:00+00:00,379.21,379.7525,379.19,379.58,39665.565748
2026-07-06T14:35:00+00:00,379.62,379.9799,379.3,379.968,24911.102175
2026-07-06T14:40:00+00:00,379.94,380.03,379.52,379.64,45375.345644
2026-07-06T14:45:00+00:00,379.63,379.78,378.83,378.97,77581.22971
2026-07-06T14:50:00+00:00,378.97,379.375,378.89,379.3,26422.805680999998
2026-07-06T14:55:00+00:00,379.32,379.56,379.265,379.46,39533.595912
2026-07-06T15:00:00+00:00,379.535,379.73,379.38,379.7102,27302.833424
2026-07-06T15:05:00+00:00,379.75,380.29,379.63,380.24,47383.761426000005
2026-07-06T15:10:00+00:00,380.24,380.44,380.08,380.28,18591.261273
2026-07-06T15:15:00+00:00,380.3163,380.3163,379.74,379.82,19681.171975
2026-07-06T15:20:00+00:00,379.84,380.15,379.84,379.91,41949.263719999995
2026-07-06T15:25:00+00:00,379.89,380.33,379.76,380.2,32601.01607
2026-07-06T15:30:00+00:00,380.23,380.92,380.22,380.87,30571.271408
2026-07-06T15:35:00+00:00,380.86,380.96,380.61,380.81,47063.357361999995
2026-07-06T15:40:00+00:00,380.81,380.9,380.54,380.89,64214.423674
2026-07-06T15:45:00+00:00,380.88,380.905,380.71,380.795,28146.187475999996
2026-07-06T15:50:00+00:00,380.82,380.85,380.53,380.59,37951.823506
2026-07-06T15:55:00+00:00,380.585,380.6499,380.37,380.42,31141.089828
2026-07-06T16:00:00+00:00,380.42,380.73,380.35,380.6669,29962.470035
2026-07-06T16:05:00+00:00,380.67,380.69,380.22,380.29,16952.549887
2026-07-06T16:10:00+00:00,380.26,380.34,380.2,380.23,28317.552083
2026-07-06T16:15:00+00:00,380.25,380.3,379.95,379.96,18591.017966
2026-07-06T16:20:00+00:00,379.91,380.24,379.91,380.19,43652.772208
2026-07-06T16:25:00+00:00,380.16,380.39,380.1,380.39,35605.72403600001
2026-07-06T16:30:00+00:00,380.41,380.48,380.26,380.4,15661.690337000002
2026-07-06T16:35:00+00:00,380.38,380.66,380.38,380.5796,14221.573572999998
2026-07-06T16:40:00+00:00,380.56,380.81,380.545,380.76,15825.291641
2026-07-06T16:45:00+00:00,380.741,380.835,380.68,380.76,19003.16963
2026-07-06T16:50:00+00:00,380.7375,380.83,380.71,380.83,16234.972774999998
2026-07-06T16:55:00+00:00,380.835,381.31,380.835,381.165,36155.065282
2026-07-06T17:00:00+00:00,381.165,381.37,381.08,381.2801,23243.496559
2026-07-06T17:05:00+00:00,381.3,381.3499,381.03,381.09,51469.882237
2026-07-06T17:10:00+00:00,381.08,381.36,381.08,381.2,52144.29623
2026-07-06T17:15:00+00:00,381.17,381.32,381.04,381.13,32172.917952000003
2026-07-06T17:20:00+00:00,381.13,381.23,380.94,380.99,38707.035783
2026-07-06T17:25:00+00:00,380.96,381.585,380.86,381.47,33599.813267
2026-07-06T17:30:00+00:00,381.48,381.67,381.21,381.305,60074.117707
2026-07-06T17:35:00+00:00,381.3636,381.59,381.25,381.58,39492.131753
2026-07-06T17:40:00+00:00,381.58,381.64,381.41,381.64,33315.011700999996
2026-07-06T17:45:00+00:00,381.63,381.68,381.46,381.46,24702.155153
2026-07-06T17:50:00+00:00,381.4648,381.73,381.43,381.73,15413.663841
2026-07-06T17:55:00+00:00,381.72,381.87,381.64,381.715,30686.552710999997
2026-07-06T18:00:00+00:00,381.71,381.89,381.63,381.85,30144.932384
2026-07-06T18:05:00+00:00,381.91,381.93,381.45,381.525,34269.092898999996
2026-07-06T18:10:00+00:00,381.53,381.53,381.3204,381.4,24751.810913999998
2026-07-06T18:15:00+00:00,381.395,381.59,381.315,381.55,21998.320182000003
2026-07-06T18:20:00+00:00,381.61,381.885,381.61,381.84,15410.443913000001
2026-07-06T18:25:00+00:00,381.81,381.91,381.71,381.89,19047.148519
2026-07-06T18:30:00+00:00,381.88,382.0,381.83,381.85,28602.57603
2026-07-06T18:35:00+00:00,381.85,382.09,381.72,382.06,34618.625196
2026-07-06T18:40:00+00:00,382.06,382.43,382.06,382.22,27800.538929
2026-07-06T18:45:00+00:00,382.26,382.26,382.0,382.1093,18997.811722
2026-07-06T18:50:00+00:00,382.1,382.2099,382.08,382.13,15573.345629000001
2026-07-06T18:55:00+00:00,382.13,382.15,381.91,382.005,38187.151481
2026-07-06T19:00:00+00:00,382.005,382.13,381.96,382.0899,19306.921032
2026-07-06T19:05:00+00:00,382.09,382.205,381.89,381.9,18253.570894
2026-07-06T19:10:00+00:00,381.92,381.92,381.72,381.795,15113.867948
2026-07-06T19:15:00+00:00,381.805,381.82,381.65,381.68,23706.201568000004
2026-07-06T19:20:00+00:00,381.65,381.85,381.6299,381.85,21042.342842000002
2026-07-06T19:25:00+00:00,381.85,381.98,381.79,381.9399,54739.235359000006
2026-07-06T19:30:00+00:00,381.92,382.0394,381.88,381.995,18788.478606999997
2026-07-06T19:35:00+00:00,382.0,382.01,381.89,381.93,24984.207656
2026-07-06T19:40:00+00:00,381.925,381.93,381.72,381.75,38346.535655
2026-07-06T19:45:00+00:00,381.74,381.86,381.72,381.86,50521.70818100001
2026-07-06T19:50:00+00:00,381.89,382.1299,381.86,382.06,56808.28323
2026-07-06T19:55:00+00:00,382.07,382.2199,382.02,382.07,117222.820968
2026-07-06T20:00:00+00:00,382.0899,382.12,381.85,382.12,210005.87943499998
2026-07-06T20:05:00+00:00,382.13,382.15,382.0,382.05,2575.047928
2026-07-06T20:10:00+00:00,381.987,381.987,381.87,381.87,11145.0
2026-07-06T20:15:00+00:00,381.89,381.95,381.89,381.9,3638.332064
2026-07-06T20:20:00+00:00,381.8501,381.95,381.83,381.95,6778.220311
2026-07-06T20:25:00+00:00,381.93,382.0,381.88,381.91,1968.01309
2026-07-06T20:30:00+00:00,381.96,382.0682,381.96,381.99,5287.0
2026-07-06T20:35:00+00:00,382.04,382.17,381.98,382.1115,3952.0
2026-07-06T20:40:00+00:00,382.11,382.18,382.0891,382.0891,1079.002614
2026-07-06T20:45:00+00:00,382.11,382.13,382.03,382.03,2640.052427
2026-07-06T20:50:00+00:00,382.08,382.09,382.02,382.09,2721.02
2026-07-06T20:55:00+00:00,382.12,382.15,382.12,382.14,2615.0
2026-07-06T21:00:00+00:00,382.13,382.25,382.07,382.25,1339.0
2026-07-06T21:05:00+00:00,382.23,382.29,382.23,382.29,731.091377
2026-07-06T21:10:00+00:00,382.31,382.51,382.31,382.51,2274.005222
2026-07-06T21:15:00+00:00,382.51,382.51,382.25,382.25,1764.0
2026-07-06T21:20:00+00:00,382.29,382.3,382.21,382.21,407.0
2026-07-06T21:25:00+00:00,382.3,382.3,382.3,382.3,458.0
2026-07-06T21:30:00+00:00,382.3,382.3,382.29,382.29,256.0
2026-07-06T21:35:00+00:00,382.28,382.3,382.28,382.3,684.276521
2026-07-06T21:40:00+00:00,382.4725,382.4725,382.32,382.38,1577.0
2026-07-06T21:45:00+00:00,382.4,382.51,382.4,382.5093,1819.043586
2026-07-06T21:50:00+00:00,382.46,382.47,382.45,382.45,895.935504
2026-07-06T21:55:00+00:00,382.4809,382.49,382.42,382.44,798.012965
2026-07-06T22:00:00+00:00,382.4,382.4,382.4,382.4,304.0
2026-07-06T22:05:00+00:00,382.4,382.4,382.2,382.2,965.0
2026-07-06T22:10:00+00:00,382.15,382.38,382.15,382.38,463.0
2026-07-06T22:20:00+00:00,382.22,382.4319,382.1603,382.4319,240.0
2026-07-06T22:25:00+00:00,382.2,382.2,382.2,382.2,40.0
2026-07-06T22:30:00+00:00,382.25,382.25,382.25,382.25,70.0
2026-07-06T22:35:00+00:00,382.31,382.39,382.31,382.39,282.054384
2026-07-06T22:40:00+00:00,382.47,382.47,382.47,382.47,1503.033866
2026-07-06T22:45:00+00:00,382.29,382.29,382.29,382.29,135.0
2026-07-06T22:50:00+00:00,382.45,382.45,382.43,382.43,202.0
2026-07-06T22:55:00+00:00,382.33,382.33,382.13,382.13,471.0
2026-07-06T23:00:00+00:00,382.229,382.229,382.229,382.229,122.0
2026-07-06T23:10:00+00:00,382.23,382.23,382.17,382.17,216.089604
2026-07-06T23:15:00+00:00,382.11,382.24,382.07,382.24,746.0
2026-07-06T23:20:00+00:00,382.06,382.18,382.06,382.1799,282.02955299999996
2026-07-06T23:30:00+00:00,382.1,382.1,382.05,382.05,255.003114
2026-07-06T23:35:00+00:00,382.02,382.18,382.01,382.18,367.0
2026-07-06T23:45:00+00:00,381.92,381.92,381.92,381.92,86.046466
2026-07-06T23:50:00+00:00,381.98,381.98,381.88,381.9264,1226.0
2026-07-07T00:00:00+00:00,381.8,381.8,381.34,381.34,281.0
2026-07-07T08:05:00+00:00,378.64,379.8,377.81,378.53,8903.258522
2026-07-07T08:10:00+00:00,378.52,379.3,378.3,378.88,10338.0
2026-07-07T08:15:00+00:00,379.28,379.7,379.28,379.7,799.014593
2026-07-07T08:20:00+00:00,379.53,379.6,379.4,379.4,473.0
2026-07-07T08:25:00+00:00,379.44,379.56,379.35,379.56,799.0
2026-07-07T08:30:00+00:00,379.7,379.72,379.65,379.65,280.0
2026-07-07T08:35:00+00:00,379.75,379.75,379.33,379.33,504.0
2026-07-07T08:40:00+00:00,379.35,379.35,378.87,379.03,5436.0
2026-07-07T08:45:00+00:00,379.2,379.24,378.95,379.0,2919.0
2026-07-07T08:50:00+00:00,378.98,379.01,378.78,378.78,752.0
2026-07-07T08:55:00+00:00,378.41,378.41,378.35,378.37,301.0
2026-07-07T09:00:00+00:00,378.33,378.66,378.33,378.6,1381.0
2026-07-07T09:05:00+00:00,378.55,378.63,378.55,378.63,185.0
2026-07-07T09:10:00+00:00,378.69,378.7,378.56,378.56,304.0
2026-07-07T09:20:00+00:00,378.88,378.99,378.88,378.99,231.364054
2026-07-07T09:25:00+00:00,378.6,378.68,378.6,378.672,268.05255999999997
2026-07-07T09:30:00+00:00,378.71,378.71,378.14,378.14,3221.033
2026-07-07T09:35:00+00:00,378.24,378.77,378.24,378.77,685.0
2026-07-07T09:40:00+00:00,378.68,379.09,378.68,379.0,350.0
2026-07-07T09:45:00+00:00,379.02,379.22,379.02,379.22,240.04509000000002
2026-07-07T09:50:00+00:00,379.09,379.09,379.09,379.09,247.0
2026-07-07T09:55:00+00:00,378.82,378.82,378.82,378.82,73.0
2026-07-07T10:00:00+00:00,379.01,379.01,379.01,379.01,110.0
2026-07-07T10:05:00+00:00,379.21,379.27,379.21,379.27,220.0
2026-07-07T10:10:00+00:00,379.33,379.33,379.33,379.33,40.074806
2026-07-07T10:15:00+00:00,379.29,379.29,379.29,379.29,50.0
2026-07-07T10:20:00+00:00,379.25,379.46,379.25,379.43,850.0
2026-07-07T10:25:00+00:00,379.54,379.6,379.47,379.52,1012.0
2026-07-07T10:30:00+00:00,379.58,379.7,379.5,379.62,3227.006068
2026-07-07T10:35:00+00:00,379.61,379.61,379.52,379.55,701.3585869999999
2026-07-07T10:40:00+00:00,379.55,379.56,379.51,379.56,529.052731
2026-07-07T10:45:00+00:00,379.58,379.62,379.55,379.55,660.0
2026-07-07T10:50:00+00:00,379.5,379.52,379.33,379.33,1370.005531
2026-07-07T10:55:00+00:00,379.4,379.46,379.35,379.35,767.0
2026-07-07T11:00:00+00:00,379.56,379.56,379.4,379.4,1612.0
2026-07-07T11:05:00+00:00,379.5697,379.5697,379.34,379.37,4408.0459040000005
2026-07-07T11:10:00+00:00,379.38,379.38,379.13,379.15,3396.014318
2026-07-07T11:15:00+00:00,379.1787,379.3,379.1787,379.18,1405.7926160000002
2026-07-07T11:20:00+00:00,379.53,380.07,379.53,380.0,2263.382552
2026-07-07T11:25:00+00:00,379.95,380.25,379.88,380.25,1528.026236
2026-07-07T11:30:00+00:00,380.24,380.29,380.18,380.18,1467.0
2026-07-07T11:35:00+00:00,380.13,380.13,379.87,379.87,892.285
2026-07-07T11:40:00+00:00,380.15,380.53,380.15,380.38,1088.037632
2026-07-07T11:45:00+00:00,380.38,380.54,380.35,380.54,1969.004
2026-07-07T11:50:00+00:00,380.65,380.9,380.55,380.79,2686.938868
2026-07-07T11:55:00+00:00,380.78,381.0,380.63,380.63,1350.355726
2026-07-07T12:00:00+00:00,380.99,381.51,380.94,381.4,3418.041272
2026-07-07T12:05:00+00:00,381.51,381.83,381.27,381.68,25411.772224
2026-07-07T12:10:00+00:00,381.75,382.73,381.55,382.7,111593.23282599999
2026-07-07T12:15:00+00:00,382.6,383.0,382.13,382.93,78406.98810399999
2026-07-07T12:20:00+00:00,382.9,382.9828,382.54,382.56,4381.054821
2026-07-07T12:25:00+00:00,382.58,382.58,382.05,382.15,5659.0
2026-07-07T12:30:00+00:00,382.09,382.5769,382.0,382.3,2723.523656
2026-07-07T12:35:00+00:00,382.19,382.37,382.07,382.07,9313.0017
2026-07-07T12:40:00+00:00,382.09,382.24,381.96,382.24,17121.007169
2026-07-07T12:45:00+00:00,382.33,382.39,381.89,382.35,19406.451947999998
2026-07-07T12:50:00+00:00,382.35,382.5,382.16,382.32,17240.709959
2026-07-07T12:55:00+00:00,382.28,382.63,382.28,382.39,10809.316935
2026-07-07T13:00:00+00:00,382.3709,382.88,382.3709,382.87,2066.0822639999997
2026-07-07T13:05:00+00:00,382.96,383.4,382.1969,382.1969,31947.261483
2026-07-07T13:10:00+00:00,382.29,382.42,381.95,381.95,5779.0
2026-07-07T13:15:00+00:00,381.97,382.7,381.78,382.7,3768.096085
2026-07-07T13:20:00+00:00,382.78,382.8,382.56,382.59,10792.0
2026-07-07T13:25:00+00:00,382.75,382.8,382.48,382.48,843.0026399999999
2026-07-07T13:30:00+00:00,382.33,382.49,382.25,382.4,2651.0
2026-07-07T13:35:00+00:00,382.39,382.73,382.1,382.56,107753.287997
2026-07-07T13:40:00+00:00,382.54,383.505,382.45,382.72,86738.384766
2026-07-07T13:45:00+00:00,382.65,383.5999,382.55,383.28,65235.46393600001
2026-07-07T13:50:00+00:00,383.39,383.53,382.65,382.915,44822.551507
2026-07-07T13:55:00+00:00,382.86,383.0088,382.11,382.27,38386.321286
2026-07-07T14:00:00+00:00,382.2837,382.43,381.35,381.585,128955.44434199999
2026-07-07T14:05:00+00:00,381.585,382.05,381.11,381.24,60922.303315
2026-07-07T14:10:00+00:00,381.22,381.5375,381.0,381.39,68985.59634199999
2026-07-07T14:15:00+00:00,381.38,381.45,380.87,380.97,34786.75933
2026-07-07T14:20:00+00:00,381.0,381.655,380.93,381.63,35408.677764
2026-07-07T14:25:00+00:00,381.595,381.595,381.0,381.12,65330.409249
2026-07-07T14:30:00+00:00,381.07,381.5586,380.9,381.55,48988.989816
2026-07-07T14:35:00+00:00,381.57,381.67,380.95,380.965,46219.403141999996
2026-07-07T14:40:00+00:00,380.95,380.96,380.53,380.78,47320.140937000004
2026-07-07T14:45:00+00:00,380.81,381.03,380.21,381.0,38115.745955
2026-07-07T14:50:00+00:00,381.05,381.51,381.05,381.42,34399.759808
2026-07-07T14:55:00+00:00,381.37,381.51,381.17,381.18,27579.425586999998
2026-07-07T15:00:00+00:00,381.255,381.47,381.22,381.235,24502.125212000003
2026-07-07T15:05:00+00:00,381.24,381.25,380.825,380.94,39868.488816
2026-07-07T15:10:00+00:00,380.99,381.32,380.79,381.13,29645.593641
2026-07-07T15:15:00+00:00,381.17,381.3,380.65,380.685,31491.816964
2026-07-07T15:20:00+00:00,380.71,380.71,380.06,380.31,63055.621728000006
2026-07-07T15:25:00+00:00,380.34,380.51,380.25,380.37,17708.448647
2026-07-07T15:30:00+00:00,380.4,380.49,380.07,380.18,13034.318804999999
2026-07-07T15:35:00+00:00,380.28,380.48,380.1601,380.2645,44632.120932000005
2026-07-07T15:40:00+00:00,380.25,380.46,380.15,380.4,40087.572312000004
2026-07-07T15:45:00+00:00,380.41,380.65,380.32,380.52,59667.56764100001
2026-07-07T15:50:00+00:00,380.515,380.6,380.135,380.135,34990.532125
2026-07-07T15:55:00+00:00,380.0317,380.18,379.69,379.72,28683.734293
2026-07-07T16:00:00+00:00,379.695,379.8,379.49,379.795,27005.800147
2026-07-07T16:05:00+00:00,379.82,379.97,379.62,379.847,27525.456019999998
2026-07-07T16:10:00+00:00,379.9,380.21,379.83,379.9,22641.562506000002
2026-07-07T16:15:00+00:00,379.94,380.13,379.87,380.0,21148.893988999997
2026-07-07T16:20:00+00:00,380.015,380.35,379.985,380.305,48007.530024
2026-07-07T16:25:00+00:00,380.32,380.49,380.14,380.35,28034.010771
2026-07-07T16:30:00+00:00,380.35,380.56,380.3,380.475,13696.465680000001
2026-07-07T16:35:00+00:00,380.45,380.47,380.19,380.2201,12131.924541000002
2026-07-07T16:40:00+00:00,380.21,380.37,380.12,380.2995,18024.800409
2026-07-07T16:45:00+00:00,380.355,380.355,380.17,380.19,10114.635228
2026-07-07T16:50:00+00:00,380.2,380.31,379.98,380.31,18944.098933
2026-07-07T16:55:00+00:00,380.31,380.5,380.3001,380.335,10087.126447
2026-07-07T17:00:00+00:00,380.31,380.37,380.185,380.37,16557.374646
2026-07-07T17:05:00+00:00,380.38,380.44,380.2651,380.42,21969.211245
2026-07-07T17:10:00+00:00,380.45,380.5299,380.33,380.41,42651.069623999996
2026-07-07T17:15:00+00:00,380.4,380.41,380.09,380.15,9918.044953999999
2026-07-07T17:20:00+00:00,380.16,380.17,379.95,380.155,28848.06158
2026-07-07T17:25:00+00:00,380.16,380.39,380.075,380.351,66927.827966
2026-07-07T17:30:00+00:00,380.36,380.48,380.24,380.42,15329.642818
2026-07-07T17:35:00+00:00,380.43,380.6,380.385,380.47,67585.902487
2026-07-07T17:40:00+00:00,380.45,380.49,380.3062,380.44,23429.027092
2026-07-07T17:45:00+00:00,380.4,380.59,380.391,380.48,9922.993358999998
2026-07-07T17:50:00+00:00,380.52,380.54,380.345,380.345,7409.961728
2026-07-07T17:55:00+00:00,380.29,380.29,380.1301,380.18,5994.022074
2026-07-07T18:00:00+00:00,380.175,380.3,380.175,380.23,12822.403586999999
2026-07-07T18:05:00+00:00,380.32,380.32,379.99,380.1,17296.591236
2026-07-07T18:10:00+00:00,380.1,380.12,379.97,380.0,31695.493249
2026-07-07T18:15:00+00:00,380.005,380.1,379.945,380.07,33029.006070999996
2026-07-07T18:20:00+00:00,380.06,380.06,379.87,380.01,58141.673975000005
2026-07-07T18:25:00+00:00,379.97,380.24,379.91,380.14,11637.14605
2026-07-07T18:30:00+00:00,380.1351,380.24,379.99,379.99,10934.483385
2026-07-07T18:35:00+00:00,379.98,379.99,379.5391,379.79,28250.987155000003
2026-07-07T18:40:00+00:00,379.7759,380.055,379.77,379.96,62204.105128999996
2026-07-07T18:45:00+00:00,379.98,379.995,379.8063,379.995,8966.880608000001
2026-07-07T18:50:00+00:00,380.035,380.07,379.12,379.37,54523.588534
2026-07-07T18:55:00+00:00,379.36,379.46,378.45,378.62,158118.423056
2026-07-07T19:00:00+00:00,378.61,378.98,378.55,378.645,66059.810407
2026-07-07T19:05:00+00:00,378.66,378.69,377.85,378.19,105938.63767099999
2026-07-07T19:10:00+00:00,378.2,378.2,376.96,377.23,107743.949548
2026-07-07T19:15:00+00:00,377.225,377.2499,376.5,376.71,135622.518571
2026-07-07T19:20:00+00:00,376.71,376.72,375.52,376.16,138006.91523800002
2026-07-07T19:25:00+00:00,376.14,376.5,375.64,376.34,123300.93997299999
2026-07-07T19:30:00+00:00,376.33,376.85,376.08,376.57,106837.409163
2026-07-07T19:35:00+00:00,376.59,377.4551,376.58,377.39,58821.302656
2026-07-07T19:40:00+00:00,377.37,377.57,377.085,377.1815,143098.07967900002
2026-07-07T19:45:00+00:00,377.17,377.28,376.965,377.04,84814.08462499999
2026-07-07T19:50:00+00:00,377.04,377.45,376.93,377.33,73483.877393
2026-07-07T19:55:00+00:00,377.35,377.66,377.1701,377.64,103348.305195
2026-07-07T20:00:00+00:00,377.63,377.84,377.37,377.46,298870.118733
2026-07-07T20:05:00+00:00,377.49,377.59,377.42,377.49,3764.124714
2026-07-07T20:10:00+00:00,377.51,377.51,377.41,377.4648,10955.0
2026-07-07T20:15:00+00:00,377.5,377.59,377.35,377.35,548.9254060000001
2026-07-07T20:20:00+00:00,377.15,377.15,376.96,376.99,10553.345397
2026-07-07T20:25:00+00:00,376.83,376.88,376.81,376.87,1015.0
2026-07-07T20:30:00+00:00,376.99,377.13,376.99,377.13,865.0
2026-07-07T20:35:00+00:00,377.03,377.03,376.9,376.9,572.0
2026-07-07T20:40:00+00:00,376.8,376.8,376.59,376.59,1395.0
2026-07-07T20:45:00+00:00,376.64,376.73,376.58,376.6919,515.0
2026-07-07T20:50:00+00:00,376.73,376.73,376.67,376.68,16043.0
2026-07-07T20:55:00+00:00,376.68,376.68,376.5743,376.5743,4608.115181
2026-07-07T21:00:00+00:00,376.66,376.68,376.5,376.68,7917.982169
2026-07-07T21:05:00+00:00,377.2,377.2,377.07,377.07,299.0
2026-07-07T21:10:00+00:00,376.81,377.24,376.79,376.89,2746.143088
2026-07-07T21:15:00+00:00,376.97,376.97,376.97,376.97,155.0
2026-07-07T21:20:00+00:00,376.99,376.99,376.66,376.66,198.132454
2026-07-07T21:25:00+00:00,376.67,376.67,376.66,376.66,918.0
2026-07-07T21:30:00+00:00,376.66,376.95,376.66,376.95,135.0
2026-07-07T21:40:00+00:00,376.66,376.67,376.66,376.67,3107.0
2026-07-07T21:45:00+00:00,376.66,376.66,376.66,376.66,290.0
2026-07-07T21:50:00+00:00,376.7,376.7,376.66,376.67,1994.0
2026-07-07T21:55:00+00:00,376.66,376.66,376.66,376.66,152.012922
2026-07-07T22:00:00+00:00,376.75,377.04,376.66,377.0,16573.947889
2026-07-07T22:05:00+00:00,377.0,377.0,375.75,376.7,13040.309842
2026-07-07T22:10:00+00:00,376.7,376.7,376.4,376.4,689.016815
2026-07-07T22:15:00+00:00,376.66,376.66,376.66,376.66,244.0
2026-07-07T22:20:00+00:00,376.49,376.53,376.35,376.35,1349.0
2026-07-07T22:25:00+00:00,376.35,376.45,376.26,376.26,269.118818
2026-07-07T22:30:00+00:00,376.39,376.4494,376.38,376.4494,831.0
2026-07-07T22:35:00+00:00,376.08,376.28,376.08,376.12,1180.0
2026-07-07T22:40:00+00:00,376.25,376.33,376.25,376.33,370.0
2026-07-07T22:45:00+00:00,376.25,376.5,376.25,376.41,1836.0
2026-07-07T22:50:00+00:00,376.43,376.43,375.94,375.94,3531.0
2026-07-07T22:55:00+00:00,376.06,376.1,376.06,376.1,540.0
2026-07-07T23:00:00+00:00,376.05,376.12,375.89,376.12,1059.26996
2026-07-07T23:05:00+00:00,376.11,376.2,376.11,376.11,714.797219
2026-07-07T23:10:00+00:00,376.42,376.8879,376.42,376.8,1637.145107
2026-07-07T23:15:00+00:00,376.68,376.88,376.67,376.8,1725.0
2026-07-07T23:20:00+00:00,376.72,376.75,376.5,376.54,3737.128222
2026-07-07T23:35:00+00:00,376.6339,376.6339,376.582,376.582,366.0
2026-07-07T23:40:00+00:00,376.3,376.33,376.281,376.281,1738.0
2026-07-07T23:45:00+00:00,376.37,376.37,376.03,376.03,545.0
2026-07-07T23:50:00+00:00,375.88,376.02,375.88,376.02,1894.0
2026-07-07T23:55:00+00:00,376.1738,376.1738,376.1738,376.1738,100.0
2026-07-08T00:00:00+00:00,376.01,376.01,376.01,376.01,211.0
2026-07-08T08:05:00+00:00,378.0,379.22,377.7774,378.5,11335.733905000001
2026-07-08T08:10:00+00:00,378.09,379.08,377.82,378.05,7130.716662
2026-07-08T08:15:00+00:00,377.99,378.13,377.81,377.89,2113.0
2026-07-08T08:20:00+00:00,378.11,378.11,374.54,375.4,42598.643457
2026-07-08T08:25:00+00:00,375.24,375.91,374.7,374.88,6685.980875
2026-07-08T08:30:00+00:00,374.8,375.36,374.59,375.14,3649.0025379999997
2026-07-08T08:35:00+00:00,374.95,375.22,374.26,374.52,2422.021793
2026-07-08T08:40:00+00:00,374.16,374.25,373.48,373.73,4229.0107
2026-07-08T08:45:00+00:00,372.88,373.06,372.62,373.03,7429.460917
2026-07-08T08:50:00+00:00,373.04,373.9211,373.04,373.32,3774.016851
2026-07-08T08:55:00+00:00,372.84,373.31,372.65,372.66,8451.060000000001
2026-07-08T09:00:00+00:00,372.89,372.89,371.96,372.2,5151.962935
2026-07-08T09:05:00+00:00,371.91,372.13,371.6,372.13,4926.016776
2026-07-08T09:10:00+00:00,372.09,372.12,371.65,371.65,4148.023046
2026-07-08T09:15:00+00:00,372.03,372.1348,371.9563,372.07,1000.56164
2026-07-08T09:20:00+00:00,372.31,372.36,372.05,372.22,862.351002
2026-07-08T09:25:00+00:00,372.47,372.47,372.12,372.37,1410.041244
2026-07-08T09:30:00+00:00,372.27,372.56,372.1429,372.1429,9642.06125
2026-07-08T09:35:00+00:00,372.23,372.23,371.83,372.21,2528.0
2026-07-08T09:40:00+00:00,372.23,372.32,371.65,371.65,3741.23108
2026-07-08T09:45:00+00:00,371.7,371.96,371.2,371.391,3427.9860040000003
2026-07-08T09:50:00+00:00,371.44,371.44,371.4,371.4,348.0
2026-07-08T09:55:00+00:00,371.37,371.52,371.3,371.52,840.719508
2026-07-08T10:00:00+00:00,371.25,371.26,370.91,371.0,1777.7
2026-07-08T10:05:00+00:00,371.2,371.4,371.0,371.4,8775.78558
2026-07-08T10:10:00+00:00,371.2398,371.2398,370.8,370.83,2541.02317
2026-07-08T10:15:00+00:00,370.95,371.09,370.89,371.0,1020.0
2026-07-08T10:20:00+00:00,371.1,371.6,371.1,371.6,1546.0
2026-07-08T10:25:00+00:00,371.85,372.07,371.85,372.02,1346.006987
2026-07-08T10:30:00+00:00,371.78,371.8,371.55,371.65,2728.0
2026-07-08T10:35:00+00:00,371.69,372.2,371.69,372.16,2722.67548
2026-07-08T10:40:00+00:00,372.11,372.2,371.77,371.77,6209.171655
2026-07-08T10:45:00+00:00,372.28,372.4,372.25,372.25,3394.55
2026-07-08T10:50:00+00:00,372.28,372.33,372.18,372.2399,2631.606117
2026-07-08T10:55:00+00:00,372.23,372.23,371.9,372.1,614.0
2026-07-08T11:00:00+00:00,372.21,372.21,371.95,371.95,587.0
2026-07-08T11:05:00+00:00,371.9,372.2182,371.66,371.93,1379.551
2026-07-08T11:10:00+00:00,372.04,372.04,371.6,371.6,830.005325
2026-07-08T11:15:00+00:00,371.7744,371.7744,371.5,371.605,778.0
2026-07-08T11:20:00+00:00,371.9,371.9788,371.75,371.76,5184.0
2026-07-08T11:25:00+00:00,371.72,371.8,371.5,371.6007,26763.0
2026-07-08T11:30:00+00:00,371.6,371.8,371.6,371.65,27197.08593
2026-07-08T11:35:00+00:00,371.6,371.67,371.26,371.26,1854.38789
2026-07-08T11:40:00+00:00,371.33,371.33,370.87,370.96,2419.0811599999997
2026-07-08T11:45:00+00:00,371.09,373.01,371.08,372.87,11894.501058
2026-07-08T11:50:00+00:00,373.0,373.69,372.75,372.75,4321.298309
2026-07-08T11:55:00+00:00,372.6,372.7699,372.45,372.7699,7877.0
2026-07-08T12:00:00+00:00,372.86,372.93,372.5,372.71,1997.0
2026-07-08T12:05:00+00:00,372.85,373.07,372.76,372.88,3274.1
2026-07-08T12:10:00+00:00,373.28,373.3,373.11,373.3,3314.573426
2026-07-08T12:15:00+00:00,373.4,373.72,373.4,373.61,6694.621657
2026-07-08T12:20:00+00:00,373.55,374.06,373.44,374.02,8726.737373
2026-07-08T12:25:00+00:00,373.92,373.96,373.14,373.21,3167.0
2026-07-08T12:30:00+00:00,373.39,373.67,373.39,373.58,2882.0
2026-07-08T12:35:00+00:00,373.5,373.68,373.37,373.54,3305.995202
2026-07-08T12:40:00+00:00,373.66,373.7,373.36,373.7,1202.874746
2026-07-08T12:45:00+00:00,373.95,374.2,373.95,374.16,4044.364099
2026-07-08T12:50:00+00:00,374.28,374.6346,374.15,374.6346,15184.043938
2026-07-08T12:55:00+00:00,374.62,374.93,374.62,374.8,3178.5809799999997
2026-07-08T13:00:00+00:00,374.48,374.93,373.6,373.6,12073.514207
2026-07-08T13:05:00+00:00,373.6,374.3,373.6,374.3,1593.202857
2026-07-08T13:10:00+00:00,374.41,374.6,373.75,373.78,2445.0218
2026-07-08T13:15:00+00:00,373.79,373.98,373.58,373.7101,5138.147378000001
2026-07-08T13:20:00+00:00,373.82,373.82,373.62,373.69,2533.28783
2026-07-08T13:25:00+00:00,373.62,373.89,373.41,373.54,5890.0
2026-07-08T13:30:00+00:00,373.57,373.86,373.07,373.25,9304.0
2026-07-08T13:35:00+00:00,373.17,374.37,373.11,374.165,128589.736084
2026-07-08T13:40:00+00:00,374.05,374.37,373.71,374.28,76230.324603
2026-07-08T13:45:00+00:00,374.23,374.36,373.48,373.76,45483.815519
2026-07-08T13:50:00+00:00,373.645,374.28,373.37,373.4,35649.295431
2026-07-08T13:55:00+00:00,373.4,373.78,373.27,373.41,32523.363025
2026-07-08T14:00:00+00:00,373.4,373.7,373.355,373.54,59575.952758
2026-07-08T14:05:00+00:00,373.51,373.57,372.88,373.14,102668.400938
2026-07-08T14:10:00+00:00,373.15,373.27,372.61,372.86,91679.883283
2026-07-08T14:15:00+00:00,372.85,372.96,372.225,372.27,65038.972162
2026-07-08T14:20:00+00:00,372.21,372.6,371.7,372.0197,91623.330112
2026-07-08T14:25:00+00:00,372.02,372.68,371.86,372.48,78065.943166
2026-07-08T14:30:00+00:00,372.46,372.97,372.37,372.5,77488.539654
2026-07-08T14:35:00+00:00,372.495,372.56,371.741,372.03,67254.608992
2026-07-08T14:40:00+00:00,372.005,372.07,370.82,370.9309,115811.82638099999
2026-07-08T14:45:00+00:00,370.91,371.49,370.23,370.335,195615.298585
2026-07-08T14:50:00+00:00,370.32,370.67,370.06,370.24,197269.129906
2026-07-08T14:55:00+00:00,370.21,371.22,370.145,371.02,65005.419098
2026-07-08T15:00:00+00:00,371.04,371.16,370.6785,370.76,66480.482997
2026-07-08T15:05:00+00:00,370.79,370.8,370.2,370.42,150176.614607
2026-07-08T15:10:00+00:00,370.41,370.98,370.41,370.645,47115.27585400001
2026-07-08T15:15:00+00:00,370.69,370.83,370.05,370.08,45691.566934
2026-07-08T15:20:00+00:00,370.1,370.15,369.5,369.9,155892.007985
2026-07-08T15:25:00+00:00,369.87,370.29,369.35,369.415,62656.061260999995
2026-07-08T15:30:00+00:00,369.38,369.95,369.38,369.8112,99925.207995
2026-07-08T15:35:00+00:00,369.805,369.92,368.95,369.33,112682.61784700002
2026-07-08T15:40:00+00:00,369.29,369.9,369.2186,369.67,85187.496971
2026-07-08T15:45:00+00:00,369.6869,370.06,369.6401,370.0,112776.785273
2026-07-08T15:50:00+00:00,370.0,370.17,369.711,370.1,92567.74698
2026-07-08T15:55:00+00:00,370.1,370.49,370.055,370.14,55455.28877399999
2026-07-08T16:00:00+00:00,370.1351,370.2,369.79,370.09,62992.827519
2026-07-08T16:05:00+00:00,370.12,370.42,370.01,370.31,74588.882725
2026-07-08T16:10:00+00:00,370.34,370.6756,370.31,370.595,68044.64300899999
2026-07-08T16:15:00+00:00,370.6,370.915,370.53,370.6,87584.126258
2026-07-08T16:20:00+00:00,370.585,370.8,370.49,370.765,59649.965746
2026-07-08T16:25:00+00:00,370.78,370.87,370.52,370.56,35656.458985000005
2026-07-08T16:30:00+00:00,370.54,371.13,370.54,370.99,36272.708516
2026-07-08T16:35:00+00:00,370.98,371.3,370.83,370.855,41862.840584000005
2026-07-08T16:40:00+00:00,370.86,371.27,370.61,371.085,79846.937352
2026-07-08T16:45:00+00:00,371.09,372.24,370.9305,372.17,79971.87986799999
2026-07-08T16:50:00+00:00,372.19,372.39,371.9,372.3449,82850.22133700001
2026-07-08T16:55:00+00:00,372.37,372.75,372.26,372.71,82041.718157
2026-07-08T17:00:00+00:00,372.75,372.91,372.61,372.8101,60727.743503
2026-07-08T17:05:00+00:00,372.79,372.81,372.45,372.55,34022.559254
2026-07-08T17:10:00+00:00,372.55,373.3,372.54,373.005,44565.791941
2026-07-08T17:15:00+00:00,373.02,373.475,372.84,372.95,132205.719047
2026-07-08T17:20:00+00:00,373.0,373.22,372.8401,373.11,74190.182619
2026-07-08T17:25:00+00:00,373.1298,373.515,373.05,373.39,44391.474197999996
2026-07-08T17:30:00+00:00,373.4,373.805,373.37,373.7078,61440.88763500001
2026-07-08T17:35:00+00:00,373.7599,374.015,373.56,373.67,112448.50464199999
2026-07-08T17:40:00+00:00,373.665,373.74,373.44,373.52,74518.346656
2026-07-08T17:45:00+00:00,373.54,373.59,373.38,373.47,75159.15259599999
2026-07-08T17:50:00+00:00,373.465,373.5099,373.23,373.26,54627.323889
2026-07-08T17:55:00+00:00,373.27,373.45,373.14,373.265,51775.463438
2026-07-08T18:00:00+00:00,373.275,373.275,372.95,373.13,59722.057729
2026-07-08T18:05:00+00:00,373.08,373.9,372.89,373.38,102798.55124300001
2026-07-08T18:10:00+00:00,373.41,373.4815,373.1,373.245,28765.288614
2026-07-08T18:15:00+00:00,373.23,374.005,373.23,373.93,95753.49092600001
2026-07-08T18:20:00+00:00,373.89,373.92,373.46,373.615,23918.908743
2026-07-08T18:25:00+00:00,373.61,373.62,373.31,373.42,50072.138404
2026-07-08T18:30:00+00:00,373.42,373.65,373.24,373.46,135550.705664
2026-07-08T18:35:00+00:00,373.485,373.6,373.21,373.46,94554.576314
2026-07-08T18:40:00+00:00,373.51,374.005,373.39,373.955,119987.446228
2026-07-08T18:45:00+00:00,373.98,374.35,373.93,374.35,70075.826367
2026-07-08T18:50:00+00:00,374.36,375.455,374.3,375.39,502181.66390200006
2026-07-08T18:55:00+00:00,375.38,375.47,374.8,374.905,147425.8796
2026-07-08T19:00:00+00:00,374.9,374.9,374.61,374.79,148129.03679699998
2026-07-08T19:05:00+00:00,374.81,375.4,374.81,375.08,117122.004375
2026-07-08T19:10:00+00:00,375.08,375.38,374.97,375.2601,191751.559198
2026-07-08T19:15:00+00:00,375.275,375.35,374.95,375.11,78674.880726
2026-07-08T19:20:00+00:00,375.05,375.14,374.84,375.03,40782.619184
2026-07-08T19:25:00+00:00,375.03,375.12,374.96,375.045,58004.098931
2026-07-08T19:30:00+00:00,375.03,375.185,374.85,375.15,34409.16809
2026-07-08T19:35:00+00:00,375.17,375.43,375.015,375.0301,33877.567042
2026-07-08T19:40:00+00:00,375.02,375.23,374.99,375.04,44658.611775000005
2026-07-08T19:45:00+00:00,375.05,375.07,374.6725,374.71,75716.247175
2026-07-08T19:50:00+00:00,374.71,374.74,374.24,374.29,162808.228848
2026-07-08T19:55:00+00:00,374.27,374.72,374.25,374.71,157569.084719
2026-07-08T20:00:00+00:00,374.71,374.72,374.41,374.47,197113.079383
2026-07-08T20:05:00+00:00,374.44,374.45,374.04,374.35,14433.679068000001
2026-07-08T20:10:00+00:00,374.2717,374.51,374.2717,374.4698,5744.00586
2026-07-08T20:15:00+00:00,374.4,374.4,374.23,374.23,3655.0
2026-07-08T20:20:00+00:00,374.1,374.1,374.1,374.1,233.0
2026-07-08T20:25:00+00:00,374.0,374.12,373.96,373.96,2087.0
2026-07-08T20:30:00+00:00,374.03,374.04,373.91,374.04,1529.649715
2026-07-08T20:35:00+00:00,374.2,374.28,373.81,373.81,3650.0
2026-07-08T20:40:00+00:00,373.84,373.85,373.63,373.79,4277.04774
2026-07-08T20:45:00+00:00,373.94,374.0,373.94,374.0,1142.349659
2026-07-08T20:50:00+00:00,373.83,373.9758,373.83,373.8708,469.0
2026-07-08T20:55:00+00:00,374.0,374.27,374.0,374.1,3853.0
2026-07-08T21:00:00+00:00,373.97,374.01,373.9,373.9,1236.026753
2026-07-08T21:05:00+00:00,374.0488,374.0488,374.0488,374.0488,56.528215
2026-07-08T21:10:00+00:00,374.01,374.01,374.01,374.01,211.0
2026-07-08T21:20:00+00:00,373.96,373.99,373.9,373.95,1986.0
2026-07-08T21:25:00+00:00,373.95,373.95,373.95,373.95,210.0
2026-07-08T21:30:00+00:00,373.95,373.95,373.95,373.95,949.0
2026-07-08T21:40:00+00:00,374.0,374.0,373.89,373.89,971.0
2026-07-08T21:50:00+00:00,373.98,373.98,373.95,373.95,159.043586
2026-07-08T21:55:00+00:00,374.0,374.0,374.0,374.0,126.0
2026-07-08T22:00:00+00:00,374.0,374.1,374.0,374.1,676.0
2026-07-08T22:05:00+00:00,374.09,374.5,373.69,373.69,1936.0
2026-07-08T22:10:00+00:00,373.8,373.8,373.8,373.8,133.0
2026-07-08T22:15:00+00:00,374.09,374.19,374.0,374.0,6316.0
2026-07-08T22:20:00+00:00,374.05,374.05,374.03,374.04,202.518527
2026-07-08T22:25:00+00:00,373.76,373.77,373.76,373.77,129.0
2026-07-08T22:30:00+00:00,373.88,373.88,373.88,373.88,76.0
2026-07-08T22:35:00+00:00,373.88,374.01,373.88,374.01,959.133688
2026-07-08T22:45:00+00:00,373.98,373.98,373.98,373.98,61.0
2026-07-08T22:50:00+00:00,374.18,374.18,374.17,374.17,1095.0
2026-07-08T22:55:00+00:00,374.2,374.2,374.2,374.2,1082.0
2026-07-08T23:00:00+00:00,374.05,374.14,374.0,374.14,336.056872
2026-07-08T23:05:00+00:00,373.79,373.79,373.79,373.79,60.0
2026-07-08T23:10:00+00:00,374.0,374.0,374.0,374.0,71.0
2026-07-08T23:15:00+00:00,373.85,373.85,373.85,373.85,75.0
2026-07-08T23:25:00+00:00,373.8,373.8,373.8,373.8,100.0
2026-07-08T23:30:00+00:00,374.0,374.0,374.0,374.0,88.0
2026-07-08T23:45:00+00:00,373.9,373.9,373.8,373.8,1196.0
2026-07-08T23:50:00+00:00,373.59,373.59,373.57,373.57,182.0
2026-07-08T23:55:00+00:00,373.78,373.85,373.77,373.85,398.0
2026-07-09T00:00:00+00:00,373.81,374.05,373.81,374.05,169.04765600000002
2026-07-09T08:05:00+00:00,376.69,377.13,372.3,377.0,42850.662433
2026-07-09T08:10:00+00:00,376.89,377.1,376.89,377.09,751.177777
2026-07-09T08:15:00+00:00,376.89,376.9,376.56,376.64,5160.0
2026-07-09T08:20:00+00:00,377.0,377.27,376.91,376.96,1770.0
2026-07-09T08:25:00+00:00,377.37,377.65,377.37,377.65,2496.0
2026-07-09T08:30:00+00:00,377.55,377.55,377.42,377.49,3557.0
2026-07-09T08:35:00+00:00,377.42,377.58,377.08,377.12,2482.0
2026-07-09T08:40:00+00:00,377.37,377.45,377.37,377.45,305.784996
2026-07-09T08:45:00+00:00,377.35,377.44,377.3,377.32,2284.0151299999998
2026-07-09T08:50:00+00:00,377.31,377.31,376.92,376.95,2194.0
2026-07-09T08:55:00+00:00,377.05,377.05,377.0102,377.0102,359.00401899999997
2026-07-09T09:00:00+00:00,377.03,377.11,376.98,376.98,584.5
2026-07-09T09:05:00+00:00,376.83,376.95,376.75,376.89,1788.26539
2026-07-09T09:10:00+00:00,376.86,376.86,376.67,376.67,727.0
2026-07-09T09:15:00+00:00,376.78,376.89,376.78,376.89,189.16
2026-07-09T09:20:00+00:00,376.89,377.16,376.88,377.1,1822.724039
2026-07-09T09:25:00+00:00,377.05,377.05,376.94,376.94,227.0
2026-07-09T09:30:00+00:00,376.83,376.9,376.83,376.9,155.141449
2026-07-09T09:35:00+00:00,376.9,376.9,376.9,376.9,153.0
2026-07-09T09:40:00+00:00,376.73,376.73,376.73,376.73,50.0
2026-07-09T09:50:00+00:00,376.5,376.5,376.42,376.5,982.654452
2026-07-09T10:00:00+00:00,376.6,376.6,376.6,376.6,170.0
2026-07-09T10:05:00+00:00,376.82,377.0,376.82,377.0,2770.0
2026-07-09T10:10:00+00:00,376.91,376.91,376.6915,376.6915,200.0
2026-07-09T10:15:00+00:00,376.6184,376.6184,376.6037,376.61,1214.294551
2026-07-09T10:20:00+00:00,376.69,376.7,376.69,376.7,464.0
2026-07-09T10:25:00+00:00,376.6,376.62,376.55,376.57,16666.03945
2026-07-09T10:30:00+00:00,376.57,376.57,376.57,376.57,4003.0
2026-07-09T10:35:00+00:00,376.36,376.36,376.33,376.35,344.0
2026-07-09T10:40:00+00:00,376.56,376.56,376.56,376.56,109.0
2026-07-09T10:45:00+00:00,376.41,376.41,376.41,376.41,254.0
2026-07-09T10:55:00+00:00,376.0,376.0,375.65,375.67,548.0
2026-07-09T11:00:00+00:00,375.66,375.7127,375.66,375.7127,204.0
2026-07-09T11:05:00+00:00,375.96,376.376,375.96,376.376,1814.624046
2026-07-09T11:10:00+00:00,376.1957,376.26,376.1245,376.2,472.0
2026-07-09T11:15:00+00:00,376.4248,376.451,376.3863,376.3863,316.09727
2026-07-09T11:20:00+00:00,376.657,376.7,376.55,376.55,1578.500691
2026-07-09T11:25:00+00:00,376.482,376.482,376.32,376.32,440.0
2026-07-09T11:30:00+00:00,376.12,376.1215,376.12,376.1215,216.0
2026-07-09T11:35:00+00:00,376.13,376.3585,376.13,376.24,431.21263
2026-07-09T11:40:00+00:00,376.1,376.36,376.1,376.36,355.997
2026-07-09T11:45:00+00:00,376.55,376.915,376.55,376.6342,2243.1046549999996
2026-07-09T11:50:00+00:00,376.65,376.82,376.64,376.67,1572.0
2026-07-09T11:55:00+00:00,376.53,376.8,376.53,376.71,6211.010482
2026-07-09T12:00:00+00:00,376.86,377.0,376.85,376.87,1177.5
2026-07-09T12:05:00+00:00,376.9,376.97,376.68,376.7338,1529.09951
2026-07-09T12:10:00+00:00,376.7,377.77,376.7,377.77,10181.211446
2026-07-09T12:15:00+00:00,377.49,377.63,377.27,377.27,3748.0
2026-07-09T12:20:00+00:00,377.3,377.3,377.19,377.19,678.0
2026-07-09T12:25:00+00:00,376.74,376.81,376.6,376.81,4485.445347
2026-07-09T12:30:00+00:00,376.83,376.89,376.63,376.64,1703.0
2026-07-09T12:35:00+00:00,377.0393,377.44,377.0393,377.44,4079.08554
2026-07-09T12:40:00+00:00,377.8,378.04,377.66,377.7811,6442.015042999999
2026-07-09T12:45:00+00:00,378.08,378.14,377.45,377.45,7254.341098999999
2026-07-09T12:50:00+00:00,377.28,377.32,377.1006,377.32,1250.0
2026-07-09T12:55:00+00:00,377.3,377.41,377.2,377.2,1627.132539
2026-07-09T13:00:00+00:00,377.1907,377.1907,376.81,376.81,7723.09331
2026-07-09T13:05:00+00:00,376.89,377.29,376.89,377.11,2132.0
2026-07-09T13:10:00+00:00,377.34,377.72,377.26,377.72,2473.0
2026-07-09T13:15:00+00:00,377.6,378.02,377.6,378.0,4806.385697
2026-07-09T13:20:00+00:00,378.04,378.55,378.0,378.02,9932.920641
2026-07-09T13:25:00+00:00,377.8453,378.37,377.82,378.3468,4548.533949000001
2026-07-09T13:30:00+00:00,378.5,378.57,378.33,378.5,4465.041082
2026-07-09T13:35:00+00:00,378.505,378.78,377.9493,378.46,156619.421798
2026-07-09T13:40:00+00:00,378.46,378.665,378.15,378.425,72948.815074
2026-07-09T13:45:00+00:00,378.425,378.87,378.12,378.65,67380.94298
2026-07-09T13:50:00+00:00,378.66,378.66,378.08,378.3,38771.259057999996
2026-07-09T13:55:00+00:00,378.305,378.5998,377.85,377.88,48991.348112
2026-07-09T14:00:00+00:00,377.83,378.185,377.75,378.09,49499.316286
2026-07-09T14:05:00+00:00,378.1,379.34,378.08,378.95,77966.54246299999
2026-07-09T14:10:00+00:00,378.99,379.485,378.52,378.57,54850.518789
2026-07-09T14:15:00+00:00,378.555,378.62,377.99,378.19,565107.6089079999
2026-07-09T14:20:00+00:00,378.175,378.175,377.58,377.72,72618.289057
2026-07-09T14:25:00+00:00,377.71,378.31,377.41,378.2799,78002.521139
2026-07-09T14:30:00+00:00,378.29,378.5,378.12,378.4001,332055.9370590001
2026-07-09T14:35:00+00:00,378.38,378.46,378.065,378.3884,37805.635005
2026-07-09T14:40:00+00:00,378.405,378.59,378.11,378.215,47766.258663
2026-07-09T14:45:00+00:00,378.215,378.36,378.0001,378.337,87056.92554999999
2026-07-09T14:50:00+00:00,378.335,378.44,377.92,377.925,18584.90432
2026-07-09T14:55:00+00:00,377.915,378.33,377.79,378.33,24220.093360000003
2026-07-09T15:00:00+00:00,378.305,378.67,378.211,378.66,24402.874293
2026-07-09T15:05:00+00:00,378.66,378.73,378.43,378.53,22384.292794999998
2026-07-09T15:10:00+00:00,378.55,378.93,378.425,378.56,299225.623553
2026-07-09T15:15:00+00:00,378.575,378.6099,378.38,378.4,33750.565851
2026-07-09T15:20:00+00:00,378.41,378.64,378.41,378.63,21400.150642999997
2026-07-09T15:25:00+00:00,378.57,378.905,378.42,378.84,10312.725531
2026-07-09T15:30:00+00:00,378.79,378.9,378.565,378.655,51174.021550000005
2026-07-09T15:35:00+00:00,378.67,378.68,378.48,378.58,60711.224457000004
2026-07-09T15:40:00+00:00,378.56,378.89,378.54,378.89,32893.063058
2026-07-09T15:45:00+00:00,378.9025,379.0,378.7485,378.9,71335.29904
2026-07-09T15:50:00+00:00,378.9,379.12,378.76,378.76,39729.313521000004
2026-07-09T15:55:00+00:00,378.8,379.02,378.5493,378.6,25912.145919
2026-07-09T16:00:00+00:00,378.62,378.75,378.55,378.57,19100.259458
2026-07-09T16:05:00+00:00,378.64,378.86,378.49,378.53,44699.105327
2026-07-09T16:10:00+00:00,378.51,378.79,378.5,378.73,21314.586077
2026-07-09T16:15:00+00:00,378.78,378.975,378.67,378.89,19580.53897
2026-07-09T16:20:00+00:00,378.87,379.17,378.8201,378.86,31928.553033999997
2026-07-09T16:25:00+00:00,378.86,379.04,378.82,378.97,11745.691743
2026-07-09T16:30:00+00:00,378.955,379.15,378.79,379.15,18535.115538
2026-07-09T16:35:00+00:00,379.12,379.65,379.1,379.32,57237.317196
2026-07-09T16:40:00+00:00,379.32,379.449,379.04,379.115,47019.31909
2026-07-09T16:45:00+00:00,379.1,379.27,379.09,379.19,27971.256318000003
2026-07-09T16:50:00+00:00,379.22,379.2799,379.005,379.005,23485.137628
2026-07-09T16:55:00+00:00,378.99,379.2,378.96,379.1797,14180.032303
2026-07-09T17:00:00+00:00,379.14,379.14,378.7,378.72,16809.125651000002
2026-07-09T17:05:00+00:00,378.75,378.76,378.54,378.725,12722.797408
2026-07-09T17:10:00+00:00,378.76,378.76,378.59,378.67,11915.932529
2026-07-09T17:15:00+00:00,378.67,378.705,378.49,378.65,12449.779486
2026-07-09T17:20:00+00:00,378.66,378.7007,378.42,378.61,19275.206363
2026-07-09T17:25:00+00:00,378.57,378.75,378.48,378.72,11450.618960000002
2026-07-09T17:30:00+00:00,378.7,379.03,378.5,378.97,121670.868955
2026-07-09T17:35:00+00:00,378.99,379.2,378.76,378.815,114915.888574
2026-07-09T17:40:00+00:00,378.79,379.23,378.79,379.155,17719.138552
2026-07-09T17:45:00+00:00,379.15,379.22,379.02,379.02,12579.21616
2026-07-09T17:50:00+00:00,379.07,379.59,379.05,379.4,17234.468805
2026-07-09T17:55:00+00:00,379.39,379.52,379.32,379.375,16259.058648999999
2026-07-09T18:00:00+00:00,379.365,379.49,379.25,379.45,16278.363377
2026-07-09T18:05:00+00:00,379.42,379.42,378.93,378.98,17171.671865
2026-07-09T18:10:00+00:00,378.9805,379.03,378.85,378.955,10807.284927
2026-07-09T18:15:00+00:00,378.925,378.94,378.61,378.72,32019.684052000004
2026-07-09T18:20:00+00:00,378.745,378.745,378.55,378.605,16338.214138
2026-07-09T18:25:00+00:00,378.5955,378.5955,378.33,378.37,16686.642567
2026-07-09T18:30:00+00:00,378.37,378.44,378.24,378.33,15382.090644
2026-07-09T18:35:00+00:00,378.33,378.4,378.2,378.33,14759.462153
2026-07-09T18:40:00+00:00,378.345,378.345,378.11,378.174,18086.072738
2026-07-09T18:45:00+00:00,378.17,378.44,378.17,378.435,29048.309926
2026-07-09T18:50:00+00:00,378.4201,378.45,378.305,378.315,21273.016543
2026-07-09T18:55:00+00:00,378.35,378.35,378.19,378.285,84985.243192
2026-07-09T19:00:00+00:00,378.28,378.44,378.25,378.4,13986.399127
2026-07-09T19:05:00+00:00,378.36,378.57,378.3,378.395,21602.580350999997
2026-07-09T19:10:00+00:00,378.4,378.49,378.29,378.3094,20409.321833
2026-07-09T19:15:00+00:00,378.2998,378.375,378.245,378.355,35642.940452
2026-07-09T19:20:00+00:00,378.36,378.435,378.28,378.33,46748.924839
2026-07-09T19:25:00+00:00,378.32,378.355,378.14,378.145,35230.691662
2026-07-09T19:30:00+00:00,378.16,378.173,378.04,378.0629,25267.660047
2026-07-09T19:35:00+00:00,378.05,378.09,377.94,378.04,43059.457551
2026-07-09T19:40:00+00:00,378.02,378.21,377.97,377.99,21749.869393999998
2026-07-09T19:45:00+00:00,378.0,378.08,377.89,378.0,31625.466614999998
2026-07-09T19:50:00+00:00,377.99,378.19,377.95,378.175,40629.080641
2026-07-09T19:55:00+00:00,378.16,378.305,378.07,378.1272,88467.933606
2026-07-09T20:00:00+00:00,378.1,378.24,378.04,378.21,151628.538869
2026-07-09T20:05:00+00:00,378.18,378.3001,378.1,378.1,106320.834195
2026-07-09T20:10:00+00:00,378.11,378.16,378.11,378.16,5286.0
2026-07-09T20:15:00+00:00,378.1,378.1,378.03,378.03,1380.2871300000002
2026-07-09T20:20:00+00:00,378.09,378.17,378.01,378.16,9310.42974
2026-07-09T20:25:00+00:00,378.13,378.2,378.11,378.13,1431.0
2026-07-09T20:30:00+00:00,378.08,378.08,378.06,378.06,570.0
2026-07-09T20:35:00+00:00,378.09,378.2,378.09,378.2,3740.0
2026-07-09T20:45:00+00:00,378.3,378.35,378.3,378.35,1310.5
2026-07-09T20:55:00+00:00,378.32,378.32,378.32,378.32,126.0
2026-07-09T21:00:00+00:00,378.35,378.35,378.3,378.3,1302.0
2026-07-09T21:05:00+00:00,378.4246,378.4246,378.42,378.42,271.0
2026-07-09T21:25:00+00:00,378.8,378.8,378.8,378.8,75.0
2026-07-09T21:30:00+00:00,378.7008,378.7008,378.7008,378.7008,77.0
2026-07-09T21:35:00+00:00,378.75,378.7621,378.75,378.7621,125.0
2026-07-09T21:40:00+00:00,378.12,378.12,378.12,378.12,59.0
2026-07-09T21:50:00+00:00,378.2736,378.2736,378.2736,378.2736,154.0
2026-07-09T21:55:00+00:00,378.3,378.3,378.3,378.3,899.0
2026-07-09T22:05:00+00:00,378.45,378.45,378.45,378.45,909.259817
2026-07-09T22:15:00+00:00,378.3714,378.3714,378.3714,378.3714,89.039641
2026-07-09T22:20:00+00:00,378.24,378.24,378.24,378.24,114.0
2026-07-09T22:25:00+00:00,378.2,378.21,378.19,378.2,560.0
2026-07-09T22:35:00+00:00,378.22,378.2468,378.21,378.2468,1480.0
2026-07-09T22:50:00+00:00,378.22,378.22,378.1001,378.1001,515.0
2026-07-09T22:55:00+00:00,378.2,378.3,378.2,378.3,130.0
2026-07-09T23:00:00+00:00,378.19,378.19,378.18,378.18,184.0
2026-07-09T23:05:00+00:00,378.1,378.18,378.1,378.18,1536.0039
2026-07-09T23:20:00+00:00,378.25,378.25,378.25,378.25,276.0
2026-07-09T23:30:00+00:00,378.28,378.28,378.1,378.1,2230.0
2026-07-09T23:35:00+00:00,378.18,378.18,378.18,378.18,100.0
2026-07-09T23:40:00+00:00,378.16,378.24,378.1,378.1,165.014301
2026-07-09T23:50:00+00:00,378.1,378.14,378.09,378.14,314.0
2026-07-09T23:55:00+00:00,378.17,378.37,378.17,378.37,264.0
2026-07-10T08:05:00+00:00,377.16,378.11,376.6,376.68,15906.816389
2026-07-10T08:10:00+00:00,376.61,376.85,376.6,376.82,1896.0
2026-07-10T08:15:00+00:00,376.78,376.8,376.65,376.8,2690.107
2026-07-10T08:20:00+00:00,376.81,376.89,376.75,376.84,1420.0
2026-07-10T08:25:00+00:00,376.78,376.78,376.62,376.63,813.0
2026-07-10T08:30:00+00:00,376.61,376.61,376.46,376.51,2040.0
2026-07-10T08:35:00+00:00,376.54,376.62,376.33,376.38,1853.041601
2026-07-10T08:40:00+00:00,376.35,376.37,376.15,376.37,1135.0578620000001
2026-07-10T08:45:00+00:00,376.29,376.29,376.17,376.28,955.0
2026-07-10T08:50:00+00:00,376.1,376.1,375.69,375.7,3501.01
2026-07-10T08:55:00+00:00,375.79,375.98,375.77,375.9153,2632.0
2026-07-10T09:00:00+00:00,375.91,375.91,375.81,375.91,2477.062887
2026-07-10T09:05:00+00:00,375.94,376.06,375.68,375.96,2956.0
2026-07-10T09:10:00+00:00,376.0,376.08,376.0,376.06,1226.0
2026-07-10T09:15:00+00:00,375.94,376.18,375.88,376.18,1746.0
2026-07-10T09:20:00+00:00,376.21,376.29,376.15,376.29,1240.3166879999999
2026-07-10T09:25:00+00:00,376.27,376.28,376.17,376.28,1423.555534
2026-07-10T09:30:00+00:00,376.3,376.35,376.26,376.3,1872.016
2026-07-10T09:35:00+00:00,376.21,376.32,376.18,376.27,1484.0
2026-07-10T09:40:00+00:00,376.3,376.3,376.0,376.14,1935.27
2026-07-10T09:45:00+00:00,376.26,376.422,376.2001,376.422,1135.0
2026-07-10T09:50:00+00:00,376.37,376.5,376.35,376.45,2079.0
2026-07-10T09:55:00+00:00,376.45,376.47,376.38,376.47,1431.0
2026-07-10T10:00:00+00:00,376.48,376.6,376.48,376.54,509.0
2026-07-10T10:05:00+00:00,376.6,376.85,376.59,376.85,1432.424622
2026-07-10T10:10:00+00:00,376.78,376.78,376.68,376.68,759.52079
2026-07-10T10:15:00+00:00,376.71,376.79,376.7,376.79,1345.0
2026-07-10T10:20:00+00:00,376.7,376.8,376.69,376.71,1015.0
2026-07-10T10:25:00+00:00,376.8,377.28,376.75,377.2,3221.0
2026-07-10T10:30:00+00:00,376.93,377.0,376.91,376.99,768.0
2026-07-10T10:35:00+00:00,376.99,377.0,376.99,377.0,381.0
2026-07-10T10:40:00+00:00,376.72,376.9,376.72,376.87,890.0
2026-07-10T10:50:00+00:00,376.9,376.9,376.9,376.9,153.0
2026-07-10T10:55:00+00:00,376.78,376.9,376.78,376.9,689.532835
2026-07-10T11:00:00+00:00,376.86,376.86,376.67,376.7,805.0
2026-07-10T11:05:00+00:00,376.54,376.87,376.54,376.87,4636.108
2026-07-10T11:10:00+00:00,376.69,376.72,376.61,376.61,655.0
2026-07-10T11:15:00+00:00,376.66,376.79,376.66,376.74,1010.0
2026-07-10T11:20:00+00:00,376.71,376.77,376.71,376.77,715.0
2026-07-10T11:25:00+00:00,376.69,376.69,376.69,376.69,113.012927
2026-07-10T11:30:00+00:00,376.82,376.82,376.36,376.36,726.00268
2026-07-10T11:35:00+00:00,376.1672,376.38,376.1672,376.38,267.0
2026-07-10T11:40:00+00:00,376.01,376.01,375.86,376.0,731.3494000000001
2026-07-10T11:45:00+00:00,376.32,376.79,376.32,376.79,1091.65
2026-07-10T11:50:00+00:00,376.86,376.92,376.79,376.8973,5544.0
2026-07-10T11:55:00+00:00,376.77,376.89,376.77,376.89,368.817
2026-07-10T12:00:00+00:00,376.54,376.59,376.39,376.39,1740.8
2026-07-10T12:05:00+00:00,376.43,376.5,376.43,376.46,758.0
2026-07-10T12:10:00+00:00,376.4,376.5,376.35,376.5,2087.25
2026-07-10T12:15:00+00:00,376.52,377.88,376.45,377.29,17522.932725000002
2026-07-10T12:20:00+00:00,377.6399,377.6399,376.99,377.22,1219.066752
2026-07-10T12:25:00+00:00,377.14,377.16,377.14,377.1593,408.0
2026-07-10T12:30:00+00:00,376.8,376.8,376.5,376.6299,723.84757
2026-07-10T12:35:00+00:00,376.61,376.61,376.45,376.45,2850.007937
2026-07-10T12:40:00+00:00,376.27,376.4,376.0,376.4,6574.0
2026-07-10T12:45:00+00:00,376.24,376.24,376.11,376.11,1314.328283
2026-07-10T12:50:00+00:00,376.39,376.39,376.38,376.38,163.0
2026-07-10T12:55:00+00:00,376.39,376.62,376.21,376.21,2430.042454
2026-07-10T13:00:00+00:00,376.23,376.39,376.14,376.32,2868.37186
2026-07-10T13:05:00+00:00,376.32,376.64,376.08,376.23,2827.038475
2026-07-10T13:10:00+00:00,376.27,376.7,376.22,376.7,3219.0
2026-07-10T13:15:00+00:00,376.6,376.65,376.32,376.65,1997.0
2026-07-10T13:20:00+00:00,376.6,376.77,376.27,376.39,2317.2
2026-07-10T13:25:00+00:00,376.43,376.43,375.85,375.9,7208.0
2026-07-10T13:30:00+00:00,375.94,375.99,374.89,374.99,38854.612731
2026-07-10T13:35:00+00:00,375.0,375.9,374.97,375.2399,136505.48383500002
2026-07-10T13:40:00+00:00,375.24,375.89,375.02,375.89,82781.89317299999
2026-07-10T13:45:00+00:00,375.92,376.4,375.75,376.075,62741.041969
2026-07-10T13:50:00+00:00,376.04,376.39,375.955,376.35,100371.46553500002
2026-07-10T13:55:00+00:00,376.29,376.7,376.21,376.4599,52719.245465
2026-07-10T14:00:00+00:00,376.37,376.41,376.03,376.18,32972.798354
2026-07-10T14:05:00+00:00,376.19,376.35,375.99,376.2601,136095.799545
2026-07-10T14:10:00+00:00,376.27,376.5,376.13,376.2,83119.57132100001
2026-07-10T14:15:00+00:00,376.215,376.47,375.99,376.17,152581.312529
2026-07-10T14:20:00+00:00,376.16,376.66,375.92,376.56,159427.715688
2026-07-10T14:25:00+00:00,376.58,376.87,376.34,376.41,163801.09247899998
2026-07-10T14:30:00+00:00,376.39,376.99,376.2,376.65,163961.59159599998
2026-07-10T14:35:00+00:00,376.71,376.85,373.7,375.22,459946.374926
2026-07-10T14:40:00+00:00,375.25,375.91,375.0,375.6771,305957.28494200006
2026-07-10T14:45:00+00:00,375.75,376.28,375.72,376.05,84457.65163099999
2026-07-10T14:50:00+00:00,376.035,376.82,376.015,376.815,253307.31268
2026-07-10T14:55:00+00:00,376.78,376.79,376.17,376.25,346654.913773
2026-07-10T15:00:00+00:00,376.2699,376.32,375.37,375.495,45618.522397
2026-07-10T15:05:00+00:00,375.53,376.06,375.33,375.915,39520.64930599999
2026-07-10T15:10:00+00:00,375.94,376.18,375.8,376.025,52752.163316000006
2026-07-10T15:15:00+00:00,376.065,376.19,375.8401,375.9,35647.512519
2026-07-10T15:20:00+00:00,375.9,376.44,375.9,376.1,70319.28404299999
2026-07-10T15:25:00+00:00,376.1,376.735,376.04,376.67,39589.341939
2026-07-10T15:30:00+00:00,376.67,376.84,376.195,376.285,59942.209520000004
2026-07-10T15:35:00+00:00,376.34,376.48,376.26,376.45,18441.912195
2026-07-10T15:40:00+00:00,376.46,376.74,376.29,376.69,40673.991086
2026-07-10T15:45:00+00:00,376.67,376.75,376.48,376.7201,73208.903076
2026-07-10T15:50:00+00:00,376.71,377.12,376.65,377.05,37583.234146999996
2026-07-10T15:55:00+00:00,377.05,377.25,376.92,377.1,39666.836948000004
2026-07-10T16:00:00+00:00,377.135,377.37,377.07,377.325,43224.898711
2026-07-10T16:05:00+00:00,377.31,377.5,377.155,377.21,54961.066737
2026-07-10T16:10:00+00:00,377.17,377.245,376.995,377.185,28026.265019
2026-07-10T16:15:00+00:00,377.18,377.26,376.9,377.042,27561.620964
2026-07-10T16:20:00+00:00,377.06,377.39,377.045,377.14,36673.726988
2026-07-10T16:25:00+00:00,377.12,377.15,376.83,377.1487,25415.280276
2026-07-10T16:30:00+00:00,377.16,377.46,377.16,377.46,34245.222335
2026-07-10T16:35:00+00:00,377.46,377.55,377.3,377.3,22661.261795
2026-07-10T16:40:00+00:00,377.29,377.435,377.24,377.282,20807.348567
2026-07-10T16:45:00+00:00,377.29,377.37,376.955,376.96,26639.193814000002
2026-07-10T16:50:00+00:00,376.96,377.02,376.84,376.85,19314.067852
2026-07-10T16:55:00+00:00,376.86,376.97,376.66,376.7,21397.669234
2026-07-10T17:00:00+00:00,376.72,376.77,376.5401,376.5401,19115.166133
2026-07-10T17:05:00+00:00,376.54,376.63,376.37,376.43,52612.568409
2026-07-10T17:10:00+00:00,376.4,376.66,376.33,376.49,26736.012151
2026-07-10T17:15:00+00:00,376.495,376.64,376.435,376.52,20688.099896999996
2026-07-10T17:20:00+00:00,376.5599,376.73,376.5201,376.57,10855.438542
2026-07-10T17:25:00+00:00,376.59,376.76,376.58,376.7033,28509.499346
2026-07-10T17:30:00+00:00,376.7,376.7,376.4905,376.64,9275.289836
2026-07-10T17:35:00+00:00,376.72,376.765,376.6,376.65,9874.063091
2026-07-10T17:40:00+00:00,376.62,376.66,376.51,376.515,9153.737756
2026-07-10T17:45:00+00:00,376.53,376.655,376.44,376.53,25018.103656
2026-07-10T17:50:00+00:00,376.4712,376.57,376.425,376.49,24087.779629999997
2026-07-10T17:55:00+00:00,376.5,376.64,376.45,376.485,150110.012461
2026-07-10T18:00:00+00:00,376.51,376.51,376.21,376.22,9360.687896
2026-07-10T18:05:00+00:00,376.23,376.4,376.15,376.3901,36016.745868
2026-07-10T18:10:00+00:00,376.37,376.49,376.32,376.49,7930.015431999999
2026-07-10T18:15:00+00:00,376.45,376.645,376.44,376.62,49468.575908
2026-07-10T18:20:00+00:00,376.62,376.6399,376.38,376.47,19238.967986
2026-07-10T18:25:00+00:00,376.47,376.56,376.4,376.46,27269.511421
2026-07-10T18:30:00+00:00,376.405,376.72,376.405,376.425,19686.512885999997
2026-07-10T18:35:00+00:00,376.44,376.51,376.3,376.49,41019.957894
2026-07-10T18:40:00+00:00,376.45,376.49,376.11,376.14,31970.754117
2026-07-10T18:45:00+00:00,376.1408,376.2,376.04,376.05,24325.990744000002
2026-07-10T18:50:00+00:00,376.0,376.1899,376.0,376.1899,24724.920757999997
2026-07-10T18:55:00+00:00,376.19,376.27,376.121,376.269,10095.09012
2026-07-10T19:00:00+00:00,376.25,376.3096,376.1801,376.26,7866.7083059999995
2026-07-10T19:05:00+00:00,376.24,376.25,375.98,376.0,46613.673925
2026-07-10T19:10:00+00:00,376.01,376.43,375.99,376.3,27895.703129
2026-07-10T19:15:00+00:00,376.29,376.335,376.08,376.335,18521.705232
2026-07-10T19:20:00+00:00,376.335,376.46,376.29,376.44,19481.974533
2026-07-10T19:25:00+00:00,376.45,376.4799,376.35,376.35,19698.099111
2026-07-10T19:30:00+00:00,376.34,376.42,376.32,376.37,27504.109719
2026-07-10T19:35:00+00:00,376.34,376.5,376.24,376.325,42005.589417999996
2026-07-10T19:40:00+00:00,376.31,376.45,376.27,376.39,25735.977101
2026-07-10T19:45:00+00:00,376.38,376.53,376.35,376.4,37359.021637
2026-07-10T19:50:00+00:00,376.455,376.67,376.435,376.635,23244.971101000003
2026-07-10T19:55:00+00:00,376.65,376.74,376.56,376.73,73471.603216
2026-07-10T20:00:00+00:00,376.73,377.01,376.7,376.98,207122.915336
2026-07-10T20:05:00+00:00,377.01,377.49,376.97,377.351,8205.520951999999
2026-07-10T20:10:00+00:00,377.381,377.48,377.23,377.23,479.0
2026-07-10T20:15:00+00:00,377.26,377.36,377.23,377.36,2078.090498
2026-07-10T20:20:00+00:00,377.22,377.26,377.16,377.26,3078.89215
2026-07-10T20:25:00+00:00,377.35,377.35,377.25,377.25,625.0
2026-07-10T20:30:00+00:00,377.2,377.2,377.2,377.2,313.0
2026-07-10T20:35:00+00:00,377.25,377.26,377.21,377.26,651.0
2026-07-10T20:45:00+00:00,377.25,377.3,377.25,377.3,271.0
2026-07-10T20:50:00+00:00,377.35,377.35,377.35,377.35,199.0
2026-07-10T20:55:00+00:00,377.4991,378.0658,377.45,378.0658,8141.0
2026-07-10T21:00:00+00:00,378.0,378.0,377.8,377.8,951.513653
2026-07-10T21:05:00+00:00,377.4927,378.103,377.4927,378.103,1181.3216
2026-07-10T21:15:00+00:00,377.9,378.0,377.9,378.0,2033.010991
2026-07-10T21:20:00+00:00,378.0,378.0,378.0,378.0,548.0
2026-07-10T21:25:00+00:00,378.0512,378.0512,378.0512,378.0512,76.0
2026-07-10T21:30:00+00:00,378.08,378.08,378.0,378.0,237.0
2026-07-10T21:40:00+00:00,378.0,378.0,378.0,378.0,124.0
2026-07-10T22:05:00+00:00,377.9,377.9,377.9,377.9,165.0
2026-07-10T22:15:00+00:00,377.91,377.91,377.8,377.8,275.0
2026-07-10T22:20:00+00:00,377.9,377.9,377.9,377.9,63.0
2026-07-10T22:25:00+00:00,378.0,378.0,378.0,378.0,98.0
2026-07-10T22:30:00+00:00,377.9,377.9,377.9,377.9,131.0
2026-07-10T23:00:00+00:00,377.89,377.9,377.89,377.9,292.0
2026-07-10T23:05:00+00:00,377.55,377.55,377.55,377.55,107.0
2026-07-10T23:15:00+00:00,377.75,377.75,377.75,377.75,97.0
2026-07-10T23:25:00+00:00,378.0,378.0,377.7,377.7,121.0
2026-07-10T23:40:00+00:00,377.7,377.7897,377.7,377.7897,207.0
2026-07-10T23:55:00+00:00,377.92,377.92,377.9,377.9,437.0
2026-07-11T00:00:00+00:00,377.91,377.95,377.9,377.9,335.0
2026-07-13T08:05:00+00:00,373.75,373.88,371.23,372.98,20552.976708000002
2026-07-13T08:10:00+00:00,373.2,373.57,373.2,373.57,1254.18169
2026-07-13T08:15:00+00:00,373.65,373.86,373.59,373.86,679.0264999999999
2026-07-13T08:20:00+00:00,373.86,374.15,373.81,373.89,1033.03225
2026-07-13T08:25:00+00:00,374.03,374.16,373.97,374.16,553.0
2026-07-13T08:30:00+00:00,374.0,374.0,374.0,374.0,147.0
2026-07-13T08:35:00+00:00,373.74,373.76,373.56,373.57,2176.0
2026-07-13T08:40:00+00:00,373.76,373.8,373.7,373.8,1279.002675
2026-07-13T08:45:00+00:00,373.87,373.99,373.84,373.99,500.0
2026-07-13T08:50:00+00:00,373.86,373.87,373.59,373.77,77768.0
2026-07-13T08:55:00+00:00,374.13,374.16,374.13,374.16,327.0
2026-07-13T09:00:00+00:00,374.16,374.16,371.84,372.15,1612.013577
2026-07-13T09:05:00+00:00,373.9,373.9,373.7,373.7,172.053348
2026-07-13T09:10:00+00:00,373.78,373.84,373.78,373.79,2066.0
2026-07-13T09:15:00+00:00,373.73,373.73,373.66,373.66,262.00685
2026-07-13T09:20:00+00:00,373.66,373.66,373.58,373.59,1302.014003
2026-07-13T09:25:00+00:00,373.67,373.67,373.67,373.67,135.0
2026-07-13T09:30:00+00:00,373.91,373.91,373.91,373.91,492.0
2026-07-13T09:35:00+00:00,373.54,373.62,373.53,373.61,2119.0
2026-07-13T09:40:00+00:00,373.54,373.54,373.54,373.54,62.0
2026-07-13T09:50:00+00:00,373.76,373.76,373.76,373.76,52.314024
2026-07-13T09:55:00+00:00,373.51,373.52,373.51,373.52,530.0
2026-07-13T10:00:00+00:00,373.25,373.25,373.25,373.25,60.5
2026-07-13T10:05:00+00:00,373.21,373.21,373.21,373.21,75.0
2026-07-13T10:15:00+00:00,373.21,373.21,373.21,373.21,101.0
2026-07-13T10:20:00+00:00,373.17,373.17,373.17,373.17,100.0
2026-07-13T10:25:00+00:00,373.21,373.25,373.17,373.25,452.204284
2026-07-13T10:30:00+00:00,372.93,373.02,372.87,373.0,1645.0
2026-07-13T10:35:00+00:00,372.9,372.9,372.9,372.9,79.0
2026-07-13T10:45:00+00:00,372.85,372.85,371.33,371.91,2551.522096
2026-07-13T10:50:00+00:00,371.7,371.7,371.42,371.51,5290.0
2026-07-13T10:55:00+00:00,371.76,372.2,371.76,372.2,340.0
2026-07-13T11:00:00+00:00,372.55,372.55,372.55,372.55,100.0
2026-07-13T11:05:00+00:00,372.66,372.87,372.37,372.84,19540.147216999998
2026-07-13T11:10:00+00:00,372.87,373.09,372.86,372.9899,4795.446075
2026-07-13T11:15:00+00:00,372.98,372.99,372.76,372.89,11087.0
2026-07-13T11:20:00+00:00,372.85,372.97,372.71,372.71,279.101899
2026-07-13T11:25:00+00:00,372.5,372.5,372.39,372.39,1036.005342
2026-07-13T11:30:00+00:00,372.8,372.84,372.72,372.82,1028.025796
2026-07-13T11:35:00+00:00,372.75,373.23,372.75,373.23,2826.804285
2026-07-13T11:40:00+00:00,373.13,373.13,372.88,372.95,1669.98085
2026-07-13T11:45:00+00:00,373.04,373.1,372.89,372.89,836.85
2026-07-13T11:50:00+00:00,372.96,372.99,372.533,372.57,1134.034732
2026-07-13T11:55:00+00:00,372.63,372.63,372.06,372.06,1236.795907
2026-07-13T12:00:00+00:00,372.09,372.32,372.08,372.21,4592.0
2026-07-13T12:05:00+00:00,372.18,372.5,372.18,372.3,3230.6526400000002
2026-07-13T12:10:00+00:00,372.41,372.41,372.03,372.07,2794.0
2026-07-13T12:15:00+00:00,372.01,372.3057,371.87,372.2862,2222.017091
2026-07-13T12:20:00+00:00,372.32,372.5,372.32,372.44,512.080369
2026-07-13T12:25:00+00:00,372.4,372.57,372.1352,372.57,1370.227371
2026-07-13T12:30:00+00:00,372.7,372.7,372.47,372.5582,1708.093447
2026-07-13T12:35:00+00:00,372.41,372.71,372.41,372.71,899.0
2026-07-13T12:40:00+00:00,372.46,372.54,372.46,372.54,221.0
2026-07-13T12:45:00+00:00,372.57,372.8632,372.57,372.81,2353.0
2026-07-13T12:50:00+00:00,372.93,373.13,372.93,373.13,695.0134
2026-07-13T12:55:00+00:00,373.06,373.07,372.99,373.07,1035.0
2026-07-13T13:00:00+00:00,373.05,373.24,373.04,373.24,4057.0
2026-07-13T13:05:00+00:00,373.22,373.22,372.5,372.77,21037.0
2026-07-13T13:10:00+00:00,372.74,372.74,372.6,372.6,1349.0
2026-07-13T13:15:00+00:00,372.8,372.8,372.55,372.67,2318.0
2026-07-13T13:20:00+00:00,372.56,372.56,372.41,372.41,175.0
2026-07-13T13:25:00+00:00,372.61,372.72,372.61,372.72,794.3
2026-07-13T13:30:00+00:00,372.67,373.0,372.65,372.77,3554.003752
2026-07-13T13:35:00+00:00,372.77,372.8912,372.22,372.335,111121.948171
2026-07-13T13:40:00+00:00,372.4,372.66,371.96,371.9601,58596.452327
2026-07-13T13:45:00+00:00,371.97,372.36,371.72,372.04,44657.696382
2026-07-13T13:50:00+00:00,372.05,372.33,371.5587,371.61,181470.898522
2026-07-13T13:55:00+00:00,371.61,371.77,370.88,371.72,221889.12513300002
2026-07-13T14:00:00+00:00,371.66,371.8301,370.84,370.97,57827.025193
2026-07-13T14:05:00+00:00,370.97,371.28,370.47,370.675,92455.37508099999
2026-07-13T14:10:00+00:00,370.71,370.75,369.73,370.49,204411.21414
2026-07-13T14:15:00+00:00,370.45,370.65,370.13,370.31,66165.413712
2026-07-13T14:20:00+00:00,370.29,370.44,367.66,369.0785,367088.244446
2026-07-13T14:25:00+00:00,369.0194,369.04,367.22,368.985,221921.81786699998
2026-07-13T14:30:00+00:00,368.99,369.67,368.38,368.58,108047.855857
2026-07-13T14:35:00+00:00,368.54,368.61,367.45,368.01,205874.16887999998
2026-07-13T14:40:00+00:00,368.0,368.01,367.38,367.7899,98932.526779
2026-07-13T14:45:00+00:00,367.74,367.745,367.0,367.51,136821.912872
2026-07-13T14:50:00+00:00,367.45,367.88,367.17,367.62,101854.358121
2026-07-13T14:55:00+00:00,367.65,368.0,367.43,367.87,79814.658635
2026-07-13T15:00:00+00:00,367.875,368.43,367.83,368.43,53605.423838
2026-07-13T15:05:00+00:00,368.46,368.63,368.08,368.11,64502.013953
2026-07-13T15:10:00+00:00,368.13,368.34,368.0,368.3,48387.289102999996
2026-07-13T15:15:00+00:00,368.32,368.5499,368.28,368.37,59053.02110499999
2026-07-13T15:20:00+00:00,368.37,368.79,368.21,368.79,48428.554768
2026-07-13T15:25:00+00:00,368.72,368.87,368.4201,368.51,79961.907078
2026-07-13T15:30:00+00:00,368.42,368.69,368.19,368.5,48572.403055999996
2026-07-13T15:35:00+00:00,368.5,368.635,368.28,368.37,73764.599073
2026-07-13T15:40:00+00:00,368.37,368.52,368.23,368.4,42461.883119000006
2026-07-13T15:45:00+00:00,368.4,368.47,368.1,368.19,41496.3761
2026-07-13T15:50:00+00:00,368.21,368.37,367.96,368.25,52012.07744200001
2026-07-13T15:55:00+00:00,368.26,368.32,367.94,368.2499,49432.007044
2026-07-13T16:00:00+00:00,368.24,368.45,368.18,368.45,43730.326799999995
2026-07-13T16:05:00+00:00,368.44,368.665,368.28,368.49,123014.221568
2026-07-13T16:10:00+00:00,368.51,368.61,368.285,368.46,40726.93775899999
2026-07-13T16:15:00+00:00,368.42,368.53,368.17,368.3,36638.291020000004
2026-07-13T16:20:00+00:00,368.28,368.28,368.01,368.075,261231.497305
2026-07-13T16:25:00+00:00,368.08,368.1499,367.85,367.91,39582.850742
2026-07-13T16:30:00+00:00,367.865,367.97,367.05,367.345,70704.168469
2026-07-13T16:35:00+00:00,367.33,367.44,366.28,366.42,111769.391437
2026-07-13T16:40:00+00:00,366.46,366.76,366.1318,366.69,101012.363595
2026-07-13T16:45:00+00:00,366.67,367.07,366.56,367.05,62410.673794
2026-07-13T16:50:00+00:00,367.05,367.24,366.77,366.8659,45696.514414
2026-07-13T16:55:00+00:00,366.85,366.89,366.25,366.29,59959.077498
2026-07-13T17:00:00+00:00,366.305,366.41,365.77,366.365,84520.03576200001
2026-07-13T17:05:00+00:00,366.43,366.765,366.3,366.53,43389.338053
2026-07-13T17:10:00+00:00,366.525,366.91,366.45,366.83,67948.628847
2026-07-13T17:15:00+00:00,366.82,366.88,366.7107,366.815,38599.923632
2026-07-13T17:20:00+00:00,366.84,367.15,366.74,367.14,80888.081139
2026-07-13T17:25:00+00:00,367.09,367.16,366.78,366.8409,92026.258569
2026-07-13T17:30:00+00:00,366.88,366.94,366.68,366.88,50804.388734
2026-07-13T17:35:00+00:00,366.88,367.07,366.81,367.01,17528.865173
2026-07-13T17:40:00+00:00,366.96,366.97,366.72,366.76,25491.487968
2026-07-13T17:45:00+00:00,366.75,366.84,366.65,366.7,41680.766947000004
2026-07-13T17:50:00+00:00,366.7,366.92,366.47,366.59,38952.601483
2026-07-13T17:55:00+00:00,366.58,366.65,366.35,366.5,32121.830954
2026-07-13T18:00:00+00:00,366.53,366.55,366.25,366.3201,47935.662249999994
2026-07-13T18:05:00+00:00,366.299,366.49,366.1,366.16,34292.120773
2026-07-13T18:10:00+00:00,366.1101,366.52,366.1101,366.23,30833.06221
2026-07-13T18:15:00+00:00,366.235,366.425,366.03,366.41,35708.443164
2026-07-13T18:20:00+00:00,366.39,366.47,365.78,365.92,41388.968469
2026-07-13T18:25:00+00:00,365.9156,366.51,365.81,366.49,55932.303229
2026-07-13T18:30:00+00:00,366.49,366.675,366.48,366.525,30838.272138
2026-07-13T18:35:00+00:00,366.55,366.82,366.46,366.6893,30706.184192
2026-07-13T18:40:00+00:00,366.72,367.03,366.71,366.895,148638.23557000002
2026-07-13T18:45:00+00:00,366.9,367.0499,366.82,366.99,33305.705545
2026-07-13T18:50:00+00:00,367.02,367.16,366.85,367.13,77845.575388
2026-07-13T18:55:00+00:00,367.13,367.45,367.03,367.32,71869.094708
2026-07-13T19:00:00+00:00,367.305,367.4101,366.84,367.1,55848.367579
2026-07-13T19:05:00+00:00,367.15,367.375,366.82,367.375,60174.723809999996
2026-07-13T19:10:00+00:00,367.35,367.39,366.89,367.0,27951.12084
2026-07-13T19:15:00+00:00,366.98,366.985,366.765,366.8,37875.73521
2026-07-13T19:20:00+00:00,366.81,366.9551,366.765,366.915,18307.459723
2026-07-13T19:25:00+00:00,366.94,367.0,366.7,366.991,47965.252561999994
2026-07-13T19:30:00+00:00,367.0,367.05,366.85,366.8707,46165.819598999995
2026-07-13T19:35:00+00:00,366.86,367.08,366.81,366.93,46457.162926000005
2026-07-13T19:40:00+00:00,366.92,366.925,366.4,366.545,43483.288946
2026-07-13T19:45:00+00:00,366.55,366.93,366.53,366.91,58914.77364200001
2026-07-13T19:50:00+00:00,366.9,366.93,366.69,366.725,77773.39956199999
2026-07-13T19:55:00+00:00,366.71,367.12,366.7,367.04,157321.391404
2026-07-13T20:00:00+00:00,367.025,367.24,366.95,367.13,357748.807933
2026-07-13T20:05:00+00:00,367.13,367.39,367.11,367.39,30260.528753
2026-07-13T20:10:00+00:00,367.4,367.5,367.3474,367.38,13513.947814000001
2026-07-13T20:15:00+00:00,367.2,367.27,366.92,366.92,21049.762513
2026-07-13T20:20:00+00:00,366.9,367.02,366.71,366.95,10811.196363000001
2026-07-13T20:25:00+00:00,366.96,366.97,366.86,366.92,2426.0
2026-07-13T20:30:00+00:00,366.947,367.0,366.8601,367.0,1264.04186
2026-07-13T20:35:00+00:00,366.98,366.99,366.78,366.83,7267.0
2026-07-13T20:40:00+00:00,366.86,366.88,366.84,366.84,652.0
2026-07-13T20:45:00+00:00,366.8693,366.8693,366.8693,366.8693,90.272539
2026-07-13T20:50:00+00:00,366.95,367.0879,366.91,366.91,863.0
2026-07-13T20:55:00+00:00,366.9,367.03,366.85,367.03,4707.245473999999
2026-07-13T21:00:00+00:00,367.09,367.19,367.0871,367.1,2297.065657
2026-07-13T21:05:00+00:00,367.03,367.0778,367.03,367.0778,956.0
2026-07-13T21:10:00+00:00,367.01,367.0589,366.84,366.84,1026.0
2026-07-13T21:15:00+00:00,367.0594,367.0594,367.01,367.01,1181.026827
2026-07-13T21:20:00+00:00,367.01,367.19,367.01,367.19,241.027241
2026-07-13T21:25:00+00:00,367.0653,367.0653,367.0653,367.0653,106.0
2026-07-13T21:30:00+00:00,367.02,367.07,367.01,367.01,888.029328
2026-07-13T21:35:00+00:00,367.02,367.03,367.02,367.02,261.0
2026-07-13T21:40:00+00:00,367.0,367.01,366.97,366.97,486.47632600000003
2026-07-13T21:45:00+00:00,366.958,367.7,366.958,367.68,49029.041101999996
2026-07-13T21:50:00+00:00,367.68,367.6897,367.68,367.6897,1619.0
2026-07-13T21:55:00+00:00,367.6805,367.69,367.59,367.68,1660.111607
2026-07-13T22:00:00+00:00,367.36,367.36,367.36,367.36,74.161455
2026-07-13T22:05:00+00:00,367.31,367.59,367.3,367.37,4356.136017
2026-07-13T22:10:00+00:00,367.27,367.27,367.27,367.27,189.014514
2026-07-13T22:20:00+00:00,367.45,367.51,367.45,367.51,795.0
2026-07-13T22:25:00+00:00,367.3173,367.45,367.3173,367.45,268.595516
2026-07-13T22:30:00+00:00,367.42,367.45,367.3047,367.3047,367.78999799999997
2026-07-13T22:35:00+00:00,367.29,367.3399,367.29,367.33,544.0
2026-07-13T22:40:00+00:00,367.4316,367.4316,367.1401,367.34,1044.0
2026-07-13T22:45:00+00:00,367.32,367.32,367.32,367.32,236.0
2026-07-13T22:50:00+00:00,367.4,367.4,367.4,367.4,221.0
2026-07-13T22:55:00+00:00,367.3,367.3,367.23,367.23,200.07457399999998
2026-07-13T23:00:00+00:00,367.2117,367.2117,367.13,367.13,408.0
2026-07-13T23:05:00+00:00,367.13,367.13,367.1,367.1,233.013613
2026-07-13T23:10:00+00:00,367.18,367.18,367.0345,367.0345,304.0
2026-07-13T23:15:00+00:00,367.26,367.26,367.15,367.15,752.0
2026-07-13T23:20:00+00:00,367.0,367.0,367.0,367.0,255.0
2026-07-13T23:25:00+00:00,366.85,366.85,366.8,366.81,1094.431353
2026-07-13T23:30:00+00:00,366.95,366.98,366.8,366.8,292.0
2026-07-13T23:35:00+00:00,366.64,366.64,366.52,366.52,552.187962
2026-07-13T23:40:00+00:00,366.54,366.64,366.45,366.45,318.0
2026-07-13T23:45:00+00:00,366.59,366.74,366.59,366.74,1033.022702
2026-07-13T23:50:00+00:00,366.79,366.82,366.4,366.82,2085.0
2026-07-13T23:55:00+00:00,366.784,366.91,366.762,366.91,2379.0
2026-07-14T00:00:00+00:00,366.83,367.0,366.83,366.9,2200.12125
2026-07-14T08:05:00+00:00,369.12,370.02,368.35,368.64,44101.493657
2026-07-14T08:10:00+00:00,369.74,369.74,368.56,368.56,4006.336527
2026-07-14T08:15:00+00:00,368.62,368.64,368.48,368.51,1759.0
2026-07-14T08:20:00+00:00,368.65,368.92,368.65,368.75,739.017961
2026-07-14T08:25:00+00:00,368.7,368.88,368.7,368.73,772.421964
2026-07-14T08:30:00+00:00,368.88,369.08,368.88,369.0,1596.4790420000002
2026-07-14T08:35:00+00:00,368.87,369.08,368.84,368.84,601.829027
2026-07-14T08:40:00+00:00,368.8,368.8,368.75,368.77,714.0
2026-07-14T08:45:00+00:00,368.77,369.03,368.77,368.83,5344.7
2026-07-14T08:50:00+00:00,368.83,368.87,368.77,368.77,359.0
2026-07-14T09:00:00+00:00,368.81,368.81,368.53,368.54,2567.091036
2026-07-14T09:10:00+00:00,369.0,369.0,369.0,369.0,181.0
2026-07-14T09:15:00+00:00,368.95,369.14,368.92,368.92,1496.0
2026-07-14T09:20:00+00:00,368.77,368.82,368.72,368.72,1104.0
2026-07-14T09:25:00+00:00,368.87,368.87,368.7,368.7,658.690696
2026-07-14T09:30:00+00:00,368.69,368.69,368.43,368.43,1152.718483
2026-07-14T09:35:00+00:00,368.56,368.56,368.39,368.39,970.0
2026-07-14T09:40:00+00:00,368.42,368.42,368.4,368.4,424.0
2026-07-14T09:45:00+00:00,368.55,368.6,368.55,368.6,324.070763
2026-07-14T09:55:00+00:00,369.01,369.01,369.01,369.01,46.0
2026-07-14T10:00:00+00:00,368.98,369.0,368.98,369.0,7600.0
2026-07-14T10:05:00+00:00,368.99,368.99,368.94,368.94,277.865063
2026-07-14T10:10:00+00:00,368.64,368.66,368.62,368.66,195.0
2026-07-14T10:15:00+00:00,368.65,368.65,368.65,368.65,261.572459
2026-07-14T10:20:00+00:00,368.59,368.71,368.59,368.71,132.0
2026-07-14T10:25:00+00:00,368.72,368.72,368.72,368.72,300.0
2026-07-14T10:30:00+00:00,368.58,368.58,368.55,368.55,190.0
2026-07-14T10:35:00+00:00,368.44,368.46,368.44,368.46,381.557464
2026-07-14T10:40:00+00:00,368.55,368.5804,368.51,368.5804,595.245725
2026-07-14T10:45:00+00:00,368.71,368.84,368.71,368.78,335.667575
2026-07-14T11:00:00+00:00,368.79,369.03,368.79,369.03,819.0
2026-07-14T11:05:00+00:00,369.0432,369.06,368.8,368.91,7606.813582
2026-07-14T11:10:00+00:00,368.9,368.92,368.49,368.49,1879.11201
2026-07-14T11:15:00+00:00,368.69,369.0,368.69,369.0,1828.899569
2026-07-14T11:20:00+00:00,369.06,369.13,369.06,369.13,737.0
2026-07-14T11:25:00+00:00,369.3,369.57,369.23,369.57,3172.0
2026-07-14T11:30:00+00:00,369.6,369.6,369.3,369.36,1198.0
2026-07-14T11:35:00+00:00,369.3799,369.68,369.33,369.6,2215.023803
2026-07-14T11:40:00+00:00,369.69,369.8,369.6,369.61,807.04
2026-07-14T11:45:00+00:00,369.54,369.7,369.54,369.68,956.0
2026-07-14T11:50:00+00:00,369.5,369.54,369.5,369.54,2118.0
2026-07-14T11:55:00+00:00,369.5314,369.79,369.5314,369.76,860.0
2026-07-14T12:00:00+00:00,369.9,369.9,369.83,369.87,2712.0
2026-07-14T12:05:00+00:00,369.871,370.26,369.73,369.73,3970.0109
2026-07-14T12:10:00+00:00,369.7113,369.78,369.389,369.39,4185.509638
2026-07-14T12:15:00+00:00,369.42,369.56,369.35,369.35,2378.857544
2026-07-14T12:20:00+00:00,369.34,369.59,369.32,369.56,1258.766335
2026-07-14T12:25:00+00:00,369.41,369.6,369.29,369.6,1230.0
2026-07-14T12:30:00+00:00,369.67,369.88,369.4,369.62,9867.0
2026-07-14T12:35:00+00:00,369.88,376.41,369.88,375.7305,264168.72017900005
2026-07-14T12:40:00+00:00,375.68,376.2,374.54,374.84,55952.530053
2026-07-14T12:45:00+00:00,375.0,375.5801,374.85,375.49,21724.877773
2026-07-14T12:50:00+00:00,375.39,375.65,374.56,374.8035,28119.752443999998
2026-07-14T12:55:00+00:00,374.56,374.61,373.67,373.704,19196.677731
2026-07-14T13:00:00+00:00,373.76,374.02,373.31,373.98,52630.01795000001
2026-07-14T13:05:00+00:00,374.0,374.61,373.6,373.66,27314.485501
2026-07-14T13:10:00+00:00,373.6,374.36,373.52,374.163,27904.009
2026-07-14T13:15:00+00:00,374.27,374.33,373.59,373.69,21111.209288
2026-07-14T13:20:00+00:00,373.82,374.27,373.82,374.11,8275.052371
2026-07-14T13:25:00+00:00,373.81,374.85,373.75,374.54,38478.083058000004
2026-07-14T13:30:00+00:00,374.76,374.87,374.5,374.5,35112.510821
2026-07-14T13:35:00+00:00,374.53,374.81,373.9803,374.405,192265.28143600002
2026-07-14T13:40:00+00:00,374.32,375.1,374.18,374.9,574577.241467
2026-07-14T13:45:00+00:00,374.94,375.1668,374.6,375.0922,64379.652338
2026-07-14T13:50:00+00:00,375.05,375.08,374.41,374.5003,172034.326485
2026-07-14T13:55:00+00:00,374.67,374.84,373.87,374.03,77657.708982
2026-07-14T14:00:00+00:00,374.04,374.22,373.87,374.05,69515.885754
2026-07-14T14:05:00+00:00,374.05,374.375,373.76,373.82,103403.980343
2026-07-14T14:10:00+00:00,373.82,374.455,373.67,374.37,77204.67016899999
2026-07-14T14:15:00+00:00,374.365,374.85,374.1,374.57,113954.437479
2026-07-14T14:20:00+00:00,374.52,374.535,373.52,373.74,116363.091315
2026-07-14T14:25:00+00:00,373.77,374.85,373.73,374.215,118416.901082
2026-07-14T14:30:00+00:00,374.23,374.36,373.83,374.1,130217.55042799999
2026-07-14T14:35:00+00:00,374.04,375.42,373.7604,374.3675,147245.368569
2026-07-14T14:40:00+00:00,374.4,374.44,373.86,374.3,56239.914087
2026-07-14T14:45:00+00:00,374.27,374.555,374.2,374.35,36561.174952999994
2026-07-14T14:50:00+00:00,374.36,374.55,374.19,374.22,318864.261491
2026-07-14T14:55:00+00:00,374.18,374.64,374.1,374.59,23796.30387
2026-07-14T15:00:00+00:00,374.61,375.015,374.47,374.8,42806.564954
2026-07-14T15:05:00+00:00,374.83,375.53,374.24,375.13,210608.33333100003
2026-07-14T15:10:00+00:00,375.09,376.28,374.95,375.86,97432.97106899999
2026-07-14T15:15:00+00:00,375.86,375.95,375.22,375.32,58059.324641
2026-07-14T15:20:00+00:00,375.28,375.355,374.88,375.01,64560.612798
2026-07-14T15:25:00+00:00,374.96,375.31,374.86,374.97,51740.562961
2026-07-14T15:30:00+00:00,375.01,375.01,374.605,374.76,45655.402578
2026-07-14T15:35:00+00:00,374.78,374.99,374.38,374.44,59607.772724999995
2026-07-14T15:40:00+00:00,374.562,374.562,373.93,373.96,57548.460890999995
2026-07-14T15:45:00+00:00,373.98,374.05,373.11,373.76,48718.201153999995
2026-07-14T15:50:00+00:00,373.75,374.01,373.54,373.58,27075.447034999997
2026-07-14T15:55:00+00:00,373.62,373.62,373.04,373.08,40604.542263
2026-07-14T16:00:00+00:00,373.13,373.2699,372.91,373.0454,35515.264917
2026-07-14T16:05:00+00:00,373.12,373.12,372.71,372.81,21828.358346
2026-07-14T16:10:00+00:00,372.87,372.88,372.25,372.515,58400.62863
2026-07-14T16:15:00+00:00,372.53,372.92,372.53,372.76,38377.309268
2026-07-14T16:20:00+00:00,372.77,372.93,372.5873,372.77,52509.006121
2026-07-14T16:25:00+00:00,372.75,372.8,372.283,372.54,52138.48911699999
2026-07-14T16:30:00+00:00,372.555,372.67,372.35,372.43,31934.878080000002
2026-07-14T16:35:00+00:00,372.42,372.74,372.36,372.48,35284.151588
2026-07-14T16:40:00+00:00,372.49,372.565,372.27,372.49,21607.87049
2026-07-14T16:45:00+00:00,372.49,372.7,372.42,372.53,31980.421073
2026-07-14T16:50:00+00:00,372.6,372.62,372.26,372.43,31775.373014
2026-07-14T16:55:00+00:00,372.4348,372.58,372.36,372.485,15174.948455999998
2026-07-14T17:00:00+00:00,372.48,372.68,372.48,372.6,21221.313269
2026-07-14T17:05:00+00:00,372.63,372.875,372.46,372.52,21531.265299
2026-07-14T17:10:00+00:00,372.5199,372.5695,372.2,372.4,33156.464459999996
2026-07-14T17:15:00+00:00,372.41,372.45,372.01,372.17,42330.81848
2026-07-14T17:20:00+00:00,372.13,372.19,371.92,372.17,27419.560212000004
2026-07-14T17:25:00+00:00,372.18,372.6,372.14,372.58,16461.305515
2026-07-14T17:30:00+00:00,372.57,372.845,372.5,372.75,11487.909158
2026-07-14T17:35:00+00:00,372.82,372.925,372.655,372.7,20696.046435
2026-07-14T17:40:00+00:00,372.66,372.7699,372.58,372.66,24884.944722
2026-07-14T17:45:00+00:00,372.66,372.73,372.45,372.4601,14981.072054
2026-07-14T17:50:00+00:00,372.46,372.67,372.36,372.6019,9474.924044
2026-07-14T17:55:00+00:00,372.67,372.84,372.67,372.82,18495.648459
2026-07-14T18:00:00+00:00,372.77,372.86,372.74,372.8,10302.815959
2026-07-14T18:05:00+00:00,372.76,372.765,372.5,372.71,56061.92761900001
2026-07-14T18:10:00+00:00,372.7,372.71,372.55,372.55,23701.043757
2026-07-14T18:15:00+00:00,372.58,372.68,372.51,372.675,18011.017353000003
2026-07-14T18:20:00+00:00,372.675,372.79,372.59,372.775,33156.575443
2026-07-14T18:25:00+00:00,372.765,372.77,372.25,372.25,24030.058302999998
2026-07-14T18:30:00+00:00,372.25,372.41,372.21,372.37,19516.939264
2026-07-14T18:35:00+00:00,372.36,372.44,372.08,372.19,14950.987886
2026-07-14T18:40:00+00:00,372.179,372.1948,371.76,371.85,24586.635938000003
2026-07-14T18:45:00+00:00,371.83,371.9599,370.92,371.2,67744.834112
2026-07-14T18:50:00+00:00,371.235,371.64,371.11,371.54,40772.42781
2026-07-14T18:55:00+00:00,371.52,371.76,371.33,371.7383,11473.402611
2026-07-14T19:00:00+00:00,371.755,372.0,371.7,371.96,64638.51653500001
2026-07-14T19:05:00+00:00,371.97,372.02,371.77,371.83,49682.724802000004
2026-07-14T19:10:00+00:00,371.855,371.99,371.79,371.96,27335.821644
2026-07-14T19:15:00+00:00,371.94,372.2595,371.88,372.19,23364.116038
2026-07-14T19:20:00+00:00,372.18,372.21,372.05,372.12,28906.634629
2026-07-14T19:25:00+00:00,372.11,372.13,371.78,371.805,21057.337151
2026-07-14T19:30:00+00:00,371.8,371.86,371.68,371.7101,23974.142437000002
2026-07-14T19:35:00+00:00,371.65,371.7,371.36,371.6,47020.511551
2026-07-14T19:40:00+00:00,371.5878,371.79,371.5,371.6707,57741.827144
2026-07-14T19:45:00+00:00,371.67,371.85,371.62,371.8,17969.093106
2026-07-14T19:50:00+00:00,371.81,371.99,371.77,371.795,60160.012777
2026-07-14T19:55:00+00:00,371.81,372.23,371.74,372.1193,96856.55125599999
2026-07-14T20:00:00+00:00,372.1,372.25,372.03,372.15,271436.68948
2026-07-14T20:05:00+00:00,372.15,372.17,372.0,372.07,101069.455799
2026-07-14T20:10:00+00:00,372.07,372.09,372.07,372.08,721.026608
2026-07-14T20:15:00+00:00,372.01,372.06,371.94,371.94,1824.094076
2026-07-14T20:20:00+00:00,372.0,372.0,371.93,371.93,1198.024383
2026-07-14T20:30:00+00:00,371.97,371.97,371.97,371.97,123.0
2026-07-14T20:35:00+00:00,371.85,371.85,371.71,371.75,1766.181275
2026-07-14T20:40:00+00:00,371.76,371.76,371.69,371.69,1823.249949
2026-07-14T20:45:00+00:00,371.57,371.57,371.54,371.54,1473.0
2026-07-14T20:50:00+00:00,371.65,371.65,371.5321,371.5321,110.0
2026-07-14T20:55:00+00:00,371.55,371.91,371.55,371.91,918.018
2026-07-14T21:15:00+00:00,371.45,371.89,371.45,371.89,376.0
2026-07-14T21:20:00+00:00,371.88,371.9,371.88,371.9,400.0
2026-07-14T21:25:00+00:00,371.8,371.8,371.8,371.8,236.0
2026-07-14T21:30:00+00:00,371.7,371.7,371.64,371.7,2573.030019
2026-07-14T21:35:00+00:00,371.65,371.65,371.5975,371.6,2354.0
2026-07-14T21:40:00+00:00,371.6,371.6,371.59,371.6,675.0
2026-07-14T21:45:00+00:00,371.59,371.59,371.55,371.55,349.0
2026-07-14T21:50:00+00:00,371.9,371.9,371.9,371.9,133.0
2026-07-14T21:55:00+00:00,371.9,371.93,371.9,371.93,450.040677
2026-07-14T22:00:00+00:00,372.0255,372.15,371.93,372.15,3612.0
2026-07-14T22:05:00+00:00,371.96,371.96,371.9,371.9,143.0
2026-07-14T22:15:00+00:00,371.61,371.7527,371.5,371.5,526.153192
2026-07-14T22:30:00+00:00,371.621,371.621,371.621,371.621,46.229828
2026-07-14T22:40:00+00:00,371.8093,371.8093,371.64,371.64,192.0
2026-07-14T22:45:00+00:00,371.67,371.67,371.67,371.67,54.0
2026-07-14T22:55:00+00:00,371.45,371.66,371.45,371.66,128.0
2026-07-14T23:10:00+00:00,371.54,371.54,371.54,371.54,60.0
2026-07-14T23:15:00+00:00,371.35,371.39,371.35,371.39,2617.0
2026-07-14T23:20:00+00:00,371.41,371.41,371.32,371.32,787.0
2026-07-14T23:25:00+00:00,371.38,371.64,371.376,371.64,1712.0
2026-07-14T23:30:00+00:00,371.5,371.88,371.5,371.88,1361.0
2026-07-14T23:35:00+00:00,371.87,372.0,371.87,372.0,1959.0
2026-07-14T23:40:00+00:00,372.15,372.15,372.14,372.14,405.0
2026-07-14T23:45:00+00:00,371.98,372.09,371.9785,372.09,691.0
2026-07-14T23:50:00+00:00,372.01,372.0214,371.8872,371.889,318.0
2026-07-14T23:55:00+00:00,371.8718,371.8718,371.8718,371.8718,50.0
2026-07-15T00:00:00+00:00,371.89,371.94,371.8,371.8,1931.0
2026-07-15T08:05:00+00:00,369.55,370.35,368.9,369.34,25568.323937
2026-07-15T08:10:00+00:00,369.23,369.27,369.2,369.27,445.3169
2026-07-15T08:15:00+00:00,369.0,369.16,368.8,368.82,710.525293
2026-07-15T08:20:00+00:00,369.27,369.27,369.27,369.27,199.0
2026-07-15T08:25:00+00:00,369.29,369.29,369.2,369.21,1469.0
2026-07-15T08:30:00+00:00,369.2,369.48,369.2,369.48,132.092567
2026-07-15T08:35:00+00:00,369.5,369.65,369.46,369.65,408.988098
2026-07-15T08:40:00+00:00,369.6299,369.6299,369.6299,369.6299,80.527406
2026-07-15T08:45:00+00:00,369.59,369.59,369.41,369.41,1104.0
2026-07-15T08:50:00+00:00,369.7,369.75,369.7,369.71,1670.0
2026-07-15T08:55:00+00:00,369.7,369.8,369.7,369.8,1338.0
2026-07-15T09:00:00+00:00,369.73,370.0,369.73,370.0,1283.0
2026-07-15T09:05:00+00:00,369.96,370.05,369.95,369.95,1711.0
2026-07-15T09:10:00+00:00,370.03,370.03,369.921,369.921,613.0
2026-07-15T09:15:00+00:00,369.9499,369.9499,369.8,369.8,1591.0
2026-07-15T09:20:00+00:00,369.7,369.82,369.68,369.82,2363.0
2026-07-15T09:30:00+00:00,369.67,369.67,369.57,369.57,1276.01731
2026-07-15T09:35:00+00:00,369.58,369.62,369.56,369.62,1669.0
2026-07-15T09:40:00+00:00,369.49,369.53,369.49,369.53,1066.0
2026-07-15T09:50:00+00:00,369.5,369.65,369.5,369.65,295.005
2026-07-15T09:55:00+00:00,369.5,369.5,369.5,369.5,329.0
2026-07-15T10:05:00+00:00,369.6914,369.6914,369.6914,369.6914,90.0
2026-07-15T10:15:00+00:00,369.81,370.0,369.75,370.0,413.085
2026-07-15T10:20:00+00:00,370.0,370.06,370.0,370.05,1141.0
2026-07-15T10:25:00+00:00,370.2,370.2,369.75,369.75,3868.0
2026-07-15T10:30:00+00:00,369.66,369.66,369.66,369.66,201.0
2026-07-15T10:35:00+00:00,369.67,369.76,369.67,369.76,605.0
2026-07-15T10:40:00+00:00,369.86,370.11,369.86,370.1,1326.0
2026-07-15T10:45:00+00:00,370.0,370.0,369.77,369.85,371.050823
2026-07-15T10:50:00+00:00,369.75,369.75,369.65,369.66,1206.715121
2026-07-15T11:00:00+00:00,369.6,369.6,369.4612,369.4612,209.0
2026-07-15T11:05:00+00:00,369.64,369.78,369.6192,369.75,3183.721
2026-07-15T11:10:00+00:00,369.78,369.87,369.75,369.75,598.0
2026-07-15T11:15:00+00:00,369.88,370.0,369.86,369.86,3614.015409
2026-07-15T11:20:00+00:00,369.7,369.76,369.68,369.76,1753.12636
2026-07-15T11:25:00+00:00,369.6304,369.75,369.6304,369.733,1627.0
2026-07-15T11:30:00+00:00,369.8,369.8299,369.69,369.74,686.0
2026-07-15T11:35:00+00:00,369.69,370.01,369.69,370.0,3316.117875
2026-07-15T11:40:00+00:00,370.05,370.14,369.93,370.14,24534.616633
2026-07-15T11:45:00+00:00,370.25,370.6,370.25,370.45,2327.211863
2026-07-15T11:50:00+00:00,370.46,370.53,370.26,370.26,1995.067122
2026-07-15T11:55:00+00:00,370.42,370.5,370.3,370.3,1527.415035
2026-07-15T12:00:00+00:00,370.3,370.57,370.26,370.52,15973.0
2026-07-15T12:05:00+00:00,370.53,370.84,370.53,370.84,2340.062
2026-07-15T12:10:00+00:00,370.72,370.72,370.49,370.55,2006.821349
2026-07-15T12:15:00+00:00,370.46,370.5,370.34,370.47,3942.986844
2026-07-15T12:20:00+00:00,370.47,370.7072,370.47,370.7072,990.3186949999999
2026-07-15T12:25:00+00:00,370.65,370.7,370.46,370.59,4857.217658
2026-07-15T12:30:00+00:00,370.56,370.61,370.4,370.61,2314.553105
2026-07-15T12:35:00+00:00,371.2,372.0,371.19,371.97,32556.154961
2026-07-15T12:40:00+00:00,372.02,373.0,371.96,372.87,17508.151505
2026-07-15T12:45:00+00:00,372.74,372.84,372.32,372.84,8450.287374
2026-07-15T12:50:00+00:00,372.81,373.0,372.7258,372.92,13141.107256
2026-07-15T12:55:00+00:00,372.82,373.1,372.74,372.92,34591.187642000004
2026-07-15T13:00:00+00:00,372.78,373.5,372.7,373.38,25375.79281
2026-07-15T13:05:00+00:00,373.25,373.62,373.0,373.62,9880.0
2026-07-15T13:10:00+00:00,373.6,373.78,373.45,373.45,30970.603567
2026-07-15T13:15:00+00:00,373.34,373.34,372.7,372.7,11482.0
2026-07-15T13:20:00+00:00,372.59,373.03,372.59,373.03,4111.719453
2026-07-15T13:25:00+00:00,372.87,372.88,372.66,372.7,4502.240753
2026-07-15T13:30:00+00:00,372.52,372.52,372.0,372.04,8645.381392
2026-07-15T13:35:00+00:00,372.11,372.64,372.07,372.47,214561.492086
2026-07-15T13:40:00+00:00,372.495,372.75,372.251,372.635,246436.255596
2026-07-15T13:45:00+00:00,372.62,372.8,372.34,372.65,84826.213678
2026-07-15T13:50:00+00:00,372.65,372.7133,372.04,372.2,90470.33345800001
2026-07-15T13:55:00+00:00,372.24,372.585,372.07,372.39,38586.209956000006
2026-07-15T14:00:00+00:00,372.4,373.105,372.31,372.66,42939.759274
2026-07-15T14:05:00+00:00,372.69,373.06,372.51,372.81,52885.074822
2026-07-15T14:10:00+00:00,372.85,373.0238,372.73,372.84,60306.25452
2026-07-15T14:15:00+00:00,372.845,373.08,372.74,372.9,65153.819972
2026-07-15T14:20:00+00:00,372.945,373.09,372.58,372.81,49660.812493000005
2026-07-15T14:25:00+00:00,372.81,372.81,372.13,372.315,117521.70086099999
2026-07-15T14:30:00+00:00,372.32,372.49,372.11,372.36,152165.8829
2026-07-15T14:35:00+00:00,372.44,372.82,372.3,372.74,284937.393508
2026-07-15T14:40:00+00:00,372.76,372.88,372.615,372.74,49710.121937
2026-07-15T14:45:00+00:00,372.75,372.8,372.25,372.29,45290.94158
2026-07-15T14:50:00+00:00,372.295,372.57,371.91,372.52,57027.37134799999
2026-07-15T14:55:00+00:00,372.515,372.54,372.05,372.17,45266.83646
2026-07-15T15:00:00+00:00,372.16,372.62,372.15,372.54,36671.117235
2026-07-15T15:05:00+00:00,372.66,372.81,372.35,372.45,25394.717694
2026-07-15T15:10:00+00:00,372.465,372.465,371.97,372.04,62012.763674999995
2026-07-15T15:15:00+00:00,371.96,372.01,370.97,371.08,55147.732595999994
2026-07-15T15:20:00+00:00,371.045,371.31,370.965,371.25,84100.53110800001
2026-07-15T15:25:00+00:00,371.22,371.24,370.6,371.11,112325.305761
2026-07-15T15:30:00+00:00,371.1499,371.5899,371.06,371.51,131259.849212
2026-07-15T15:35:00+00:00,371.57,371.57,371.11,371.43,62197.16214099999
2026-07-15T15:40:00+00:00,371.4305,371.51,371.3,371.39,24667.913601
2026-07-15T15:45:00+00:00,371.5199,371.63,371.455,371.57,25695.900508000002
2026-07-15T15:50:00+00:00,371.54,371.67,371.4404,371.575,30671.152502000004
2026-07-15T15:55:00+00:00,371.565,371.6562,371.3301,371.64,45016.737026999996
2026-07-15T16:00:00+00:00,371.579,371.5899,371.28,371.33,18218.535884
2026-07-15T16:05:00+00:00,371.3,371.3995,370.94,370.995,20726.247828
2026-07-15T16:10:00+00:00,370.95,371.1199,370.8608,370.874,33812.225741999995
2026-07-15T16:15:00+00:00,370.95,370.95,370.46,370.545,60684.063359
2026-07-15T16:20:00+00:00,370.54,370.8,370.07,370.1,49487.550184
2026-07-15T16:25:00+00:00,370.16,370.5,370.08,370.36,27211.668891999998
2026-07-15T16:30:00+00:00,370.325,370.515,370.1,370.28,95024.37719
2026-07-15T16:35:00+00:00,370.23,370.4699,369.85,369.86,47756.308434
2026-07-15T16:40:00+00:00,369.87,369.92,369.52,369.82,77727.921114
2026-07-15T16:45:00+00:00,369.805,369.9399,369.5,369.66,45122.854355999996
2026-07-15T16:50:00+00:00,369.67,370.44,369.57,370.33,179638.69934599998
2026-07-15T16:55:00+00:00,370.3,370.52,370.12,370.15,32571.601267
2026-07-15T17:00:00+00:00,370.125,370.15,369.747,370.12,31627.984732999998
2026-07-15T17:05:00+00:00,370.15,370.565,370.05,370.49,42428.275805
2026-07-15T17:10:00+00:00,370.47,370.6099,370.395,370.41,52141.36648899999
2026-07-15T17:15:00+00:00,370.405,370.58,370.32,370.32,16197.50912
2026-07-15T17:20:00+00:00,370.29,370.4,370.105,370.31,26066.17454
2026-07-15T17:25:00+00:00,370.355,370.605,370.31,370.49,11766.485131000001
2026-07-15T17:30:00+00:00,370.5282,371.42,370.495,371.3899,57446.208571999996
2026-07-15T17:35:00+00:00,371.36,372.09,371.3001,372.02,116998.305718
2026-07-15T17:40:00+00:00,371.99,372.515,371.916,372.3,49747.678865
2026-07-15T17:45:00+00:00,372.22,372.77,372.22,372.68,52988.529963
2026-07-15T17:50:00+00:00,372.66,373.1,372.6205,373.0,36543.575983
2026-07-15T17:55:00+00:00,372.95,372.975,372.69,372.8,32568.481696
2026-07-15T18:00:00+00:00,372.813,372.86,372.55,372.7308,33233.789631
2026-07-15T18:05:00+00:00,372.725,373.32,372.71,373.2506,30515.106631999995
2026-07-15T18:10:00+00:00,373.25,373.42,373.09,373.18,27098.270872
2026-07-15T18:15:00+00:00,373.15,373.315,373.07,373.18,31796.318206999997
2026-07-15T18:20:00+00:00,373.3,373.468,373.17,373.465,181356.885438
2026-07-15T18:25:00+00:00,373.4377,373.62,373.3799,373.55,51168.909015
2026-07-15T18:30:00+00:00,373.55,373.97,373.4,373.86,74834.839431
2026-07-15T18:35:00+00:00,373.85,374.49,373.669,373.75,51294.310596
2026-07-15T18:40:00+00:00,373.65,373.73,373.49,373.5082,28669.860781000003
2026-07-15T18:45:00+00:00,373.5,373.52,373.2347,373.27,38810.91929
2026-07-15T18:50:00+00:00,373.2,373.31,372.92,372.975,68703.93951699999
2026-07-15T18:55:00+00:00,372.98,372.98,372.75,372.89,28801.980718
2026-07-15T19:00:00+00:00,372.87,372.98,372.29,372.42,389633.852208
2026-07-15T19:05:00+00:00,372.445,372.79,372.25,372.54,237228.30102899997
2026-07-15T19:10:00+00:00,372.54,372.54,372.35,372.52,38166.487859
2026-07-15T19:15:00+00:00,372.55,372.705,372.3531,372.57,45217.912477
2026-07-15T19:20:00+00:00,372.61,372.61,372.15,372.195,245584.138633
2026-07-15T19:25:00+00:00,372.19,372.19,371.8,372.0,42475.175377
2026-07-15T19:30:00+00:00,371.96,372.29,371.95,372.135,19927.194166999998
2026-07-15T19:35:00+00:00,372.14,372.26,371.45,371.53,84644.387682
2026-07-15T19:40:00+00:00,371.515,371.74,371.38,371.57,54856.398303
2026-07-15T19:45:00+00:00,371.57,371.84,371.57,371.67,33757.624642999996
2026-07-15T19:50:00+00:00,371.68,371.88,371.65,371.79,51069.840984
2026-07-15T19:55:00+00:00,371.8,372.02,371.69,371.94,73677.643069
2026-07-15T20:00:00+00:00,371.925,372.31,371.83,372.29,424740.941839
2026-07-15T20:05:00+00:00,372.31,372.3884,372.15,372.35,392272.782792
2026-07-15T20:10:00+00:00,372.36,372.714,372.21,372.23,607196.010044
2026-07-15T20:15:00+00:00,372.23,372.24,372.19,372.24,730.027166
2026-07-15T20:20:00+00:00,372.25,372.45,372.25,372.45,952.032343
2026-07-15T20:25:00+00:00,372.59,372.66,372.52,372.59,729.0
2026-07-15T20:30:00+00:00,372.65,372.7,372.55,372.55,2694.0
2026-07-15T20:35:00+00:00,372.65,372.65,372.59,372.59,211.0
2026-07-15T20:40:00+00:00,372.52,372.54,372.52,372.54,199.0
2026-07-15T20:45:00+00:00,372.735,372.77,372.735,372.77,190.0
2026-07-15T20:50:00+00:00,372.56,372.56,372.56,372.56,100.0
2026-07-15T21:00:00+00:00,372.6994,372.6994,372.5,372.5,604.253722
2026-07-15T21:10:00+00:00,372.5,372.69,372.5,372.69,221.0
2026-07-15T21:15:00+00:00,372.595,372.595,372.5,372.5,236.066726
2026-07-15T21:20:00+00:00,372.669,372.669,372.669,372.669,139.0
2026-07-15T21:30:00+00:00,372.56,372.56,372.56,372.56,119.0
2026-07-15T21:40:00+00:00,372.55,372.69,372.55,372.69,373.0
2026-07-15T21:45:00+00:00,372.69,372.69,372.69,372.69,101.0
2026-07-15T21:55:00+00:00,372.68,372.68,372.68,372.68,65.0
2026-07-15T22:05:00+00:00,372.68,372.8,372.68,372.76,1588.0
2026-07-15T22:10:00+00:00,372.75,372.75,372.75,372.75,104.0
2026-07-15T22:25:00+00:00,372.7,372.73,372.7,372.73,535.0
2026-07-15T22:35:00+00:00,372.6268,372.6268,372.6268,372.6268,78.0
2026-07-15T22:40:00+00:00,372.5,372.5,372.43,372.49,598.0
2026-07-15T22:45:00+00:00,372.43,372.43,372.43,372.43,106.0
2026-07-15T22:55:00+00:00,372.3,372.33,372.3,372.33,277.0
2026-07-15T23:05:00+00:00,372.6,372.6,372.6,372.6,110.0
2026-07-15T23:20:00+00:00,372.33,372.33,372.33,372.33,124.0
2026-07-15T23:25:00+00:00,372.36,372.36,372.14,372.14,541.0
2026-07-15T23:45:00+00:00,372.1256,372.1256,372.1256,372.1256,167.0
2026-07-15T23:50:00+00:00,372.17,372.2,372.17,372.2,171.0
2026-07-15T23:55:00+00:00,372.43,372.43,372.43,372.43,50.0
2026-07-16T00:00:00+00:00,372.3296,372.3296,372.3296,372.3296,76.0
2026-07-16T08:05:00+00:00,369.9,370.32,369.12,370.0,15003.715014000001
2026-07-16T08:10:00+00:00,369.65,369.65,369.6,369.63,241.0
2026-07-16T08:15:00+00:00,369.5,369.5,369.25,369.25,1173.037896
2026-07-16T08:20:00+00:00,369.34,369.49,369.24,369.49,844.0
2026-07-16T08:25:00+00:00,369.7,369.81,369.7,369.81,1959.017933
2026-07-16T08:30:00+00:00,369.92,369.92,369.8,369.8,584.011019
2026-07-16T08:35:00+00:00,369.92,370.01,369.92,369.9699,1370.026542
2026-07-16T08:40:00+00:00,370.04,370.12,370.04,370.12,713.0
2026-07-16T08:55:00+00:00,370.14,370.14,370.14,370.14,181.0
2026-07-16T09:00:00+00:00,370.13,370.24,370.13,370.14,2355.0
2026-07-16T09:10:00+00:00,370.23,370.23,370.23,370.23,135.0
2026-07-16T09:20:00+00:00,370.35,370.35,370.35,370.35,205.0
2026-07-16T09:25:00+00:00,370.08,370.08,370.01,370.01,402.0
2026-07-16T09:30:00+00:00,369.83,369.83,369.83,369.83,209.0
2026-07-16T09:35:00+00:00,369.97,369.97,369.83,369.85,3693.0
2026-07-16T09:40:00+00:00,369.97,370.03,369.97,370.03,223.0
2026-07-16T09:45:00+00:00,370.05,370.12,370.05,370.12,494.0
2026-07-16T09:50:00+00:00,369.93,369.93,369.93,369.93,112.0
2026-07-16T09:55:00+00:00,369.98,370.21,369.98,370.2,1576.0
2026-07-16T10:00:00+00:00,370.2,370.2,369.84,369.84,649.0
2026-07-16T10:05:00+00:00,369.81,369.81,369.78,369.78,128.526675
2026-07-16T10:15:00+00:00,369.85,369.85,369.76,369.76,203.0
2026-07-16T10:20:00+00:00,369.8623,369.97,369.8623,369.93,517.0
2026-07-16T10:25:00+00:00,369.96,369.96,369.96,369.96,61.0
2026-07-16T10:30:00+00:00,370.12,370.12,369.91,369.91,573.0
2026-07-16T10:35:00+00:00,370.03,370.03,369.95,369.95,1134.0
2026-07-16T10:40:00+00:00,370.0,370.0,370.0,370.0,50.0
2026-07-16T10:45:00+00:00,369.94,369.94,369.94,369.94,70.0
2026-07-16T10:50:00+00:00,369.8,369.8,369.79,369.79,174.0
2026-07-16T10:55:00+00:00,369.75,369.75,369.75,369.75,111.0
2026-07-16T11:00:00+00:00,369.56,369.56,369.56,369.56,373.0
2026-07-16T11:05:00+00:00,369.7,369.7,369.5,369.63,3374.3559999999998
2026-07-16T11:10:00+00:00,369.47,369.58,369.47,369.58,419.0
2026-07-16T11:15:00+00:00,369.52,369.67,369.39,369.5,704.1234469999999
2026-07-16T11:20:00+00:00,369.4,369.4,369.365,369.365,1282.0
2026-07-16T11:25:00+00:00,369.36,369.4,369.21,369.26,1245.792796
2026-07-16T11:30:00+00:00,369.2,369.2,368.98,369.19,1802.815889
2026-07-16T11:35:00+00:00,369.17,369.53,369.12,369.53,468.0
2026-07-16T11:40:00+00:00,369.65,369.88,368.73,369.68,168739.436
2026-07-16T11:45:00+00:00,369.74,370.2,369.7,370.2,2197.040316
2026-07-16T11:50:00+00:00,370.17,370.76,369.65,369.66,6719.403119
2026-07-16T11:55:00+00:00,369.82,370.55,369.82,370.52,1208.0
2026-07-16T12:00:00+00:00,370.68,370.68,370.33,370.33,940.0
2026-07-16T12:05:00+00:00,370.31,370.86,370.3,370.86,2621.0
2026-07-16T12:10:00+00:00,370.86,370.86,369.88,369.88,3924.25
2026-07-16T12:15:00+00:00,369.89,369.92,369.58,369.7801,3129.201536
2026-07-16T12:20:00+00:00,369.79,369.8,368.09,369.31,44633.871498
2026-07-16T12:25:00+00:00,369.42,369.51,368.8,368.8,18308.0
2026-07-16T12:30:00+00:00,368.83,369.12,368.48,369.12,1580.0
2026-07-16T12:35:00+00:00,369.1,369.62,368.93,369.02,4630.0
2026-07-16T12:40:00+00:00,368.94,368.94,368.32,368.37,4586.420566
2026-07-16T12:45:00+00:00,368.25,368.25,367.0,367.16,17023.596382
2026-07-16T12:50:00+00:00,367.15,367.6518,366.8,366.8,26686.916304
2026-07-16T12:55:00+00:00,366.73,367.1,366.43,366.61,10297.383315
2026-07-16T13:00:00+00:00,366.57,366.59,366.07,366.25,10872.726659
2026-07-16T13:05:00+00:00,366.11,366.61,364.67,364.95,55875.591199
2026-07-16T13:10:00+00:00,364.93,365.62,364.5,365.38,32136.651434
2026-07-16T13:15:00+00:00,365.34,366.32,365.34,366.2676,17392.132716
2026-07-16T13:20:00+00:00,366.25,366.58,366.18,366.37,9041.593576
2026-07-16T13:25:00+00:00,366.43,366.88,366.12,366.88,19154.479568
2026-07-16T13:30:00+00:00,366.85,367.49,366.8,367.49,7617.132253000001
2026-07-16T13:35:00+00:00,367.45,367.71,366.32,366.34,149415.065397
2026-07-16T13:40:00+00:00,366.28,366.36,365.25,365.41,147165.727496
2026-07-16T13:45:00+00:00,365.42,365.915,365.42,365.7,120326.08403200001
2026-07-16T13:50:00+00:00,365.7,366.32,365.7,366.1983,177048.157506
2026-07-16T13:55:00+00:00,366.199,366.645,366.1,366.37,132477.135192
2026-07-16T14:00:00+00:00,366.38,366.38,365.8113,366.04,104516.163696
2026-07-16T14:05:00+00:00,366.04,366.655,365.97,366.625,124840.698286
2026-07-16T14:10:00+00:00,366.57,366.61,366.08,366.2899,71754.227538
2026-07-16T14:15:00+00:00,366.23,366.38,365.73,365.9005,150291.963152
2026-07-16T14:20:00+00:00,365.925,366.65,365.78,366.52,119688.31297399999
2026-07-16T14:25:00+00:00,366.5299,366.57,366.03,366.2,87394.860112
2026-07-16T14:30:00+00:00,366.21,366.9375,366.12,366.84,171287.938576
2026-07-16T14:35:00+00:00,366.765,367.29,366.47,367.14,44060.525874
2026-07-16T14:40:00+00:00,367.12,367.2363,366.82,366.87,43017.654126999994
2026-07-16T14:45:00+00:00,366.88,367.32,366.84,367.31,28791.613256999997
2026-07-16T14:50:00+00:00,367.35,367.48,366.8,366.8,88267.856114
2026-07-16T14:55:00+00:00,366.83,366.94,366.43,366.48,139861.83835600002
2026-07-16T15:00:00+00:00,366.47,366.825,366.22,366.705,75445.309467
2026-07-16T15:05:00+00:00,366.7,366.81,366.25,366.25,114056.299246
2026-07-16T15:10:00+00:00,366.265,366.53,366.04,366.51,43153.530987
2026-07-16T15:15:00+00:00,366.48,366.49,365.95,366.27,42223.560312
2026-07-16T15:20:00+00:00,366.28,366.8199,366.28,366.81,47730.249771
2026-07-16T15:25:00+00:00,366.8,367.735,366.8,367.62,168191.92269099999
2026-07-16T15:30:00+00:00,367.63,368.43,367.57,367.93,97299.898037
2026-07-16T15:35:00+00:00,367.925,368.2699,367.6,368.21,87999.37517500001
2026-07-16T15:40:00+00:00,368.2,368.4,367.89,368.17,57981.866376000005
2026-07-16T15:45:00+00:00,368.17,368.17,367.75,367.87,154376.576059
2026-07-16T15:50:00+00:00,367.84,367.94,367.62,367.85,99281.50815400001
2026-07-16T15:55:00+00:00,367.86,368.09,367.64,367.71,400154.430302
2026-07-16T16:00:00+00:00,367.72,367.73,367.38,367.49,94738.203074
2026-07-16T16:05:00+00:00,367.5,367.59,366.77,366.83,141414.897636
2026-07-16T16:10:00+00:00,366.8499,366.95,366.63,366.7391,118527.971503
2026-07-16T16:15:00+00:00,366.62,366.68,365.92,365.94,117766.486882
2026-07-16T16:20:00+00:00,365.92,366.12,365.57,365.68,148847.833858
2026-07-16T16:25:00+00:00,365.68,365.91,365.29,365.66,127721.93962900001
2026-07-16T16:30:00+00:00,365.66,365.77,365.44,365.7,162480.477905
2026-07-16T16:35:00+00:00,365.72,366.0,365.7,365.91,643912.2971000001
2026-07-16T16:40:00+00:00,365.91,366.1899,365.9,366.1,35727.084783
2026-07-16T16:45:00+00:00,366.1,366.22,365.85,366.185,33510.944919999994
2026-07-16T16:50:00+00:00,366.17,366.2499,365.9414,366.17,51653.69125
2026-07-16T16:55:00+00:00,366.15,366.51,366.11,366.34,39054.861056999995
2026-07-16T17:00:00+00:00,366.39,366.6,366.13,366.13,50593.547972
2026-07-16T17:05:00+00:00,366.135,366.2001,365.97,366.07,31553.626270999997
2026-07-16T17:10:00+00:00,366.08,366.11,365.72,365.77,65330.654223
2026-07-16T17:15:00+00:00,365.785,365.825,365.49,365.565,68317.258523
2026-07-16T17:20:00+00:00,365.59,365.81,365.49,365.75,86968.364126
2026-07-16T17:25:00+00:00,365.75,365.84,365.55,365.615,47118.765999
2026-07-16T17:30:00+00:00,365.63,365.8,365.32,365.75,78192.91269
2026-07-16T17:35:00+00:00,365.73,365.8232,365.3,365.41,59621.82116400001
2026-07-16T17:40:00+00:00,365.44,365.57,365.16,365.26,137145.542689
2026-07-16T17:45:00+00:00,365.24,365.3375,365.01,365.15,82556.395703
2026-07-16T17:50:00+00:00,365.19,365.61,365.11,365.46,51363.675715000005
2026-07-16T17:55:00+00:00,365.48,365.7229,365.43,365.635,40433.134551999996
2026-07-16T18:00:00+00:00,365.61,365.64,365.37,365.43,33075.288239
2026-07-16T18:05:00+00:00,365.49,365.6551,365.38,365.56,44010.637715000004
2026-07-16T18:10:00+00:00,365.54,365.78,365.36,365.72,63296.338407
2026-07-16T18:15:00+00:00,365.74,365.91,365.51,365.51,67235.783274
2026-07-16T18:20:00+00:00,365.48,365.82,365.43,365.8,28740.895639999995
2026-07-16T18:25:00+00:00,365.78,365.9995,365.66,365.66,21597.277280000002
2026-07-16T18:30:00+00:00,365.66,365.72,365.53,365.63,24303.670304000003
2026-07-16T18:35:00+00:00,365.57,365.57,364.95,364.98,82092.077807
2026-07-16T18:40:00+00:00,364.98,364.98,364.69,364.89,134340.806337
2026-07-16T18:45:00+00:00,364.85,365.37,364.82,365.34,51162.737952
2026-07-16T18:50:00+00:00,365.325,365.4994,365.23,365.305,28276.992116
2026-07-16T18:55:00+00:00,365.32,365.4,365.08,365.145,18775.06492
2026-07-16T19:00:00+00:00,365.12,365.2487,364.97,365.04,36715.349166
2026-07-16T19:05:00+00:00,365.04,365.53,364.9401,365.5,37951.04539
2026-07-16T19:10:00+00:00,365.48,365.58,365.19,365.27,31907.91954
2026-07-16T19:15:00+00:00,365.265,365.29,364.93,365.09,51225.338983
2026-07-16T19:20:00+00:00,365.05,365.27,365.03,365.27,40906.912098999994
2026-07-16T19:25:00+00:00,365.29,365.39,365.06,365.13,32834.858578
2026-07-16T19:30:00+00:00,365.135,365.2,364.87,364.91,48116.592856
2026-07-16T19:35:00+00:00,364.94,364.97,364.53,364.56,125383.825117
2026-07-16T19:40:00+00:00,364.57,364.6,364.05,364.5995,188052.69280199998
2026-07-16T19:45:00+00:00,364.57,364.78,364.54,364.64,137775.988616
2026-07-16T19:50:00+00:00,364.62,364.7,364.35,364.55,94981.58563599999
2026-07-16T19:55:00+00:00,364.56,365.27,364.45,365.15,172578.357344
2026-07-16T20:00:00+00:00,365.15,365.2,364.66,365.01,418857.366612
2026-07-16T20:05:00+00:00,364.96,365.01,364.7,364.8,26387.115640999997
2026-07-16T20:10:00+00:00,364.83,364.83,364.65,364.65,2870.068339
2026-07-16T20:15:00+00:00,364.64,364.6932,364.54,364.6589,5277.600592999999
2026-07-16T20:20:00+00:00,364.61,364.61,364.38,364.49,3335.159912
2026-07-16T20:25:00+00:00,364.35,364.3798,364.29,364.29,1482.873017
2026-07-16T20:30:00+00:00,364.5686,364.5686,364.55,364.55,181.0
2026-07-16T20:35:00+00:00,364.44,364.61,364.44,364.61,3154.0
2026-07-16T20:40:00+00:00,364.65,364.65,364.65,364.65,159.0
2026-07-16T20:45:00+00:00,364.62,364.65,364.6,364.65,1653.0
2026-07-16T20:50:00+00:00,364.54,364.61,364.54,364.61,190.0
2026-07-16T20:55:00+00:00,364.6,364.6,364.51,364.51,757.56676
2026-07-16T21:00:00+00:00,364.66,364.66,364.6,364.6,1053.0
2026-07-16T21:05:00+00:00,364.75,364.97,364.75,364.97,110.0
2026-07-16T21:10:00+00:00,364.7,364.76,364.7,364.76,387.388713
2026-07-16T21:15:00+00:00,364.32,364.95,364.32,364.95,362.0
2026-07-16T21:20:00+00:00,364.78,364.95,364.78,364.95,317.0
2026-07-16T21:25:00+00:00,364.95,364.95,364.95,364.95,102.0
2026-07-16T21:30:00+00:00,364.59,364.8,364.59,364.8,2092.0
2026-07-16T21:40:00+00:00,364.93,364.93,364.93,364.93,85.0
2026-07-16T21:45:00+00:00,364.85,364.97,364.76,364.76,536.0
2026-07-16T21:50:00+00:00,364.8,364.81,364.65,364.81,1460.0
2026-07-16T21:55:00+00:00,364.8,364.85,364.7,364.85,626.888994
2026-07-16T22:00:00+00:00,364.8499,365.31,364.84,364.95,6395.817076
2026-07-16T22:05:00+00:00,364.83,365.04,364.79,364.92,1889.361595
2026-07-16T22:10:00+00:00,364.9,364.9,364.73,364.73,299.0
2026-07-16T22:15:00+00:00,364.75,364.8,364.6518,364.6518,249.05509999999998
2026-07-16T22:20:00+00:00,364.7,364.7,364.7,364.7,133.082022
2026-07-16T22:25:00+00:00,364.62,364.65,364.59,364.65,1593.060236
2026-07-16T22:30:00+00:00,364.5975,364.5975,364.5,364.5,392.0
2026-07-16T22:35:00+00:00,364.7,364.7,364.61,364.69,302.0
2026-07-16T22:40:00+00:00,364.75,364.75,364.6783,364.6783,455.0
2026-07-16T22:45:00+00:00,364.69,364.7281,364.5,364.5,391.041042
2026-07-16T22:50:00+00:00,364.38,364.51,364.38,364.5,727.0
2026-07-16T22:55:00+00:00,364.52,364.66,364.52,364.66,573.071289
2026-07-16T23:00:00+00:00,364.63,364.63,364.63,364.63,111.0
2026-07-16T23:05:00+00:00,364.64,365.0,364.64,365.0,11345.257069
2026-07-16T23:10:00+00:00,365.02,365.07,364.95,365.07,3225.745967
2026-07-16T23:15:00+00:00,364.83,365.15,364.83,365.15,6620.0
2026-07-16T23:20:00+00:00,365.03,365.1,365.03,365.1,184.0
2026-07-16T23:25:00+00:00,364.8804,364.96,364.8804,364.95,320.156153
2026-07-16T23:30:00+00:00,365.02,365.13,365.02,365.06,480.0
2026-07-16T23:35:00+00:00,364.88,364.88,364.82,364.88,1465.0
2026-07-16T23:40:00+00:00,365.05,365.05,365.0012,365.0012,229.0
2026-07-16T23:45:00+00:00,365.23,365.31,365.2,365.28,1085.0
2026-07-16T23:50:00+00:00,365.2605,365.2605,365.2605,365.2605,311.0
2026-07-16T23:55:00+00:00,365.19,365.19,364.97,365.14,888.653262
2026-07-17T00:00:00+00:00,365.14,365.69,365.14,365.69,2832.0
2026-07-17T08:05:00+00:00,366.26,367.5,364.81,366.9,30594.789914
2026-07-17T08:10:00+00:00,366.71,366.73,366.69,366.69,260.0
2026-07-17T08:15:00+00:00,366.27,366.4,366.27,366.27,512.0
2026-07-17T08:20:00+00:00,366.43,366.43,366.01,366.01,541.031165
2026-07-17T08:25:00+00:00,366.12,366.3,366.12,366.25,556.418101
2026-07-17T08:30:00+00:00,366.28,366.44,366.12,366.32,1907.0965780000001
2026-07-17T08:35:00+00:00,366.19,366.2,366.09,366.2,712.0
2026-07-17T08:40:00+00:00,366.15,366.15,365.88,365.94,715.0
2026-07-17T08:45:00+00:00,366.1,366.2,366.1,366.2,1169.0
2026-07-17T08:50:00+00:00,366.35,366.6,366.35,366.6,2004.0
2026-07-17T08:55:00+00:00,366.59,366.59,366.59,366.59,40.0
2026-07-17T09:00:00+00:00,366.57,366.75,366.5,366.5,1880.0
2026-07-17T09:05:00+00:00,366.37,366.37,366.37,366.37,100.0
2026-07-17T09:10:00+00:00,366.55,366.56,366.55,366.56,187.0
2026-07-17T09:15:00+00:00,366.61,366.61,366.61,366.61,86.0
2026-07-17T09:20:00+00:00,366.82,366.83,366.71,366.71,1185.0
2026-07-17T09:25:00+00:00,366.9,367.01,366.9,366.99,1426.008537
2026-07-17T09:30:00+00:00,366.9,366.9,366.88,366.88,260.275
2026-07-17T09:40:00+00:00,366.7,366.7,366.66,366.66,1005.0
2026-07-17T09:45:00+00:00,366.65,366.65,366.61,366.62,3005.0
2026-07-17T09:50:00+00:00,366.5,366.5,366.5,366.5,362.0
2026-07-17T09:55:00+00:00,366.53,366.88,366.53,366.88,449.993497
2026-07-17T10:00:00+00:00,366.82,366.82,366.72,366.72,560.0
2026-07-17T10:10:00+00:00,366.68,366.69,366.63,366.63,527.0
2026-07-17T10:15:00+00:00,366.61,366.78,366.61,366.78,282.0
2026-07-17T10:20:00+00:00,366.67,366.67,366.51,366.51,2268.4
2026-07-17T10:25:00+00:00,366.85,366.85,366.57,366.57,209.01875
2026-07-17T10:30:00+00:00,366.54,366.57,366.54,366.57,201.0
2026-07-17T10:35:00+00:00,366.58,366.58,366.57,366.57,160.0
2026-07-17T10:40:00+00:00,366.68,366.68,366.68,366.68,60.0
2026-07-17T10:45:00+00:00,366.56,366.63,366.56,366.63,161.0
2026-07-17T10:50:00+00:00,366.65,366.65,366.5,366.5,4013.0
2026-07-17T10:55:00+00:00,366.33,366.33,366.33,366.33,116.0
2026-07-17T11:00:00+00:00,366.38,366.38,366.15,366.15,2169.0
2026-07-17T11:05:00+00:00,366.2524,366.41,366.2524,366.3,815.921
2026-07-17T11:10:00+00:00,366.18,366.21,366.1,366.2,822.0
2026-07-17T11:15:00+00:00,366.22,366.28,366.141,366.23,2132.851413
2026-07-17T11:20:00+00:00,366.253,366.28,366.1512,366.1512,927.083356
2026-07-17T11:25:00+00:00,366.3,366.3,366.29,366.29,352.0
2026-07-17T11:30:00+00:00,366.35,366.52,366.3119,366.52,820.09
2026-07-17T11:35:00+00:00,366.6,366.61,366.28,366.28,689.009141
2026-07-17T11:40:00+00:00,366.27,366.41,366.17,366.38,1803.8980000000001
2026-07-17T11:45:00+00:00,366.36,366.4,366.36,366.4,175.029563
2026-07-17T11:50:00+00:00,366.24,366.6,366.2,366.45,1054.0
2026-07-17T11:55:00+00:00,366.48,366.75,366.48,366.71,1405.0
2026-07-17T12:00:00+00:00,366.73,366.73,366.43,366.43,1494.024614
2026-07-17T12:05:00+00:00,366.59,366.59,366.09,366.09,1283.1
2026-07-17T12:10:00+00:00,366.15,366.15,365.96,366.0,1567.0
2026-07-17T12:15:00+00:00,366.22,366.27,365.9795,365.9795,1647.0
2026-07-17T12:20:00+00:00,366.175,366.2,365.98,366.2,2115.0
2026-07-17T12:25:00+00:00,365.99,365.99,365.61,365.63,1507.7695039999999
2026-07-17T12:30:00+00:00,365.65,365.7519,365.6493,365.7519,411.133196
2026-07-17T12:35:00+00:00,365.76,365.87,365.3,365.4175,1453.4584020000002
2026-07-17T12:40:00+00:00,365.36,365.3987,365.0,365.0,6106.345117999999
2026-07-17T12:45:00+00:00,364.94,365.0,363.86,364.16,29621.884612
2026-07-17T12:50:00+00:00,364.16,364.42,363.87,364.0,16540.152556
2026-07-17T12:55:00+00:00,364.0,364.34,363.75,364.13,9344.538982
2026-07-17T13:00:00+00:00,364.16,364.46,363.78,363.81,2355.6133259999997
2026-07-17T13:05:00+00:00,363.7,364.74,363.33,364.66,14170.11097
2026-07-17T13:10:00+00:00,364.44,364.51,364.14,364.14,14126.013696
2026-07-17T13:15:00+00:00,364.06,364.2219,363.89,364.2219,4237.572201
2026-07-17T13:20:00+00:00,364.26,364.39,364.24,364.34,1271.0137260000001
2026-07-17T13:25:00+00:00,364.34,364.67,364.05,364.18,3684.002771
2026-07-17T13:30:00+00:00,364.17,364.49,363.99,364.0,11172.323379
2026-07-17T13:35:00+00:00,364.11,364.42,363.6,363.87,163009.918441
2026-07-17T13:40:00+00:00,363.8,367.29,363.78,366.36,284034.841897
2026-07-17T13:45:00+00:00,366.41,366.41,365.33,365.58,87935.09555299999
2026-07-17T13:50:00+00:00,365.575,366.15,365.2,366.03,135946.756226
2026-07-17T13:55:00+00:00,366.01,366.415,365.9,365.9335,106700.48701699999
2026-07-17T14:00:00+00:00,365.95,366.72,365.85,366.72,105392.08981800001
2026-07-17T14:05:00+00:00,366.69,367.015,366.125,366.49,130423.828388
2026-07-17T14:10:00+00:00,366.52,367.06,366.48,366.69,171933.195681
2026-07-17T14:15:00+00:00,366.69,367.07,366.47,366.5225,140726.91280800002
2026-07-17T14:20:00+00:00,366.52,367.06,366.44,366.79,121181.65020999999
2026-07-17T14:25:00+00:00,366.79,367.44,366.64,367.28,153919.560796
2026-07-17T14:30:00+00:00,367.2863,367.395,366.825,366.88,114075.759405
2026-07-17T14:35:00+00:00,366.86,366.86,366.26,366.5,45754.918106000005
2026-07-17T14:40:00+00:00,366.44,366.93,366.44,366.74,56353.043409000005
2026-07-17T14:45:00+00:00,366.7,366.8201,366.515,366.76,51457.94619
2026-07-17T14:50:00+00:00,366.76,367.0,366.5,366.52,82929.030536
2026-07-17T14:55:00+00:00,366.61,366.84,366.36,366.395,25276.854644000003
2026-07-17T15:00:00+00:00,366.4,367.065,366.27,367.065,33661.797271999996
2026-07-17T15:05:00+00:00,367.04,368.22,366.76,368.08,142485.214966
2026-07-17T15:10:00+00:00,368.09,368.265,367.25,367.72,98455.45911699999
2026-07-17T15:15:00+00:00,367.72,368.23,367.29,367.5,63690.785419
2026-07-17T15:20:00+00:00,367.51,367.72,367.38,367.4801,37426.968766
2026-07-17T15:25:00+00:00,367.48,368.08,367.41,367.76,45793.039263000006
2026-07-17T15:30:00+00:00,367.73,368.19,367.57,368.19,41989.117774
2026-07-17T15:35:00+00:00,368.185,368.46,367.77,367.96,68975.151911
2026-07-17T15:40:00+00:00,367.9201,368.46,367.855,368.29,34503.487626
2026-07-17T15:45:00+00:00,368.275,368.42,368.048,368.4,81484.31012899999
2026-07-17T15:50:00+00:00,368.3822,368.5995,368.27,368.5,40101.298995000005
2026-07-17T15:55:00+00:00,368.51,368.92,368.49,368.85,34150.083287
2026-07-17T16:00:00+00:00,368.86,368.9,368.5761,368.73,66490.335068
2026-07-17T16:05:00+00:00,368.75,368.75,367.9505,368.49,373782.90623900003
2026-07-17T16:10:00+00:00,368.58,368.74,368.3,368.64,30952.787254000003
2026-07-17T16:15:00+00:00,368.655,368.86,368.645,368.67,38787.66839499999
2026-07-17T16:20:00+00:00,368.7,368.98,368.66,368.96,43056.720613
2026-07-17T16:25:00+00:00,368.95,369.21,368.64,369.175,43425.532516
2026-07-17T16:30:00+00:00,369.11,369.16,368.58,368.72,26744.762767
2026-07-17T16:35:00+00:00,368.73,368.78,368.42,368.4997,39629.396070999996
2026-07-17T16:40:00+00:00,368.48,368.52,368.21,368.2301,18601.781342000002
2026-07-17T16:45:00+00:00,368.32,368.58,368.175,368.555,219086.401538
2026-07-17T16:50:00+00:00,368.555,368.81,368.48,368.81,17984.943698
2026-07-17T16:55:00+00:00,368.795,368.81,368.4,368.485,29337.420207
2026-07-17T17:00:00+00:00,368.4257,368.4899,368.33,368.34,20833.801761
2026-07-17T17:05:00+00:00,368.41,368.73,368.39,368.56,33412.298632
2026-07-17T17:10:00+00:00,368.52,368.67,368.49,368.62,12223.781079999999
2026-07-17T17:15:00+00:00,368.61,368.65,368.1901,368.1901,15867.578479
2026-07-17T17:20:00+00:00,368.24,368.41,368.155,368.19,23527.00696
2026-07-17T17:25:00+00:00,368.22,368.3679,368.11,368.33,17716.958975999998
2026-07-17T17:30:00+00:00,368.32,368.45,368.18,368.215,28397.873493
2026-07-17T17:35:00+00:00,368.2225,368.32,368.04,368.1199,18852.01838
2026-07-17T17:40:00+00:00,368.12,368.14,367.9,368.11,58548.800703
2026-07-17T17:45:00+00:00,368.1,368.1,367.85,367.98,52968.708891999995
2026-07-17T17:50:00+00:00,367.98,368.15,367.91,368.14,50716.217831
2026-07-17T17:55:00+00:00,368.15,368.17,367.72,367.8299,76709.056932
2026-07-17T18:00:00+00:00,367.79,367.9099,367.72,367.8795,62614.857336
2026-07-17T18:05:00+00:00,367.88,368.0,367.68,367.855,30103.266848
2026-07-17T18:10:00+00:00,367.845,368.1,367.805,368.025,14418.482163
2026-07-17T18:15:00+00:00,368.075,368.135,367.85,367.9,63459.633274
2026-07-17T18:20:00+00:00,367.9,368.145,367.78,368.03,27966.513371
2026-07-17T18:25:00+00:00,368.04,368.16,367.9,368.0527,26005.598327
2026-07-17T18:30:00+00:00,368.05,368.43,368.02,368.382,23405.6079
2026-07-17T18:35:00+00:00,368.36,368.45,368.02,368.17,21960.094725000003
2026-07-17T18:40:00+00:00,368.15,368.19,368.02,368.045,6930.447118
2026-07-17T18:45:00+00:00,368.02,368.02,367.62,367.74,23800.098102
2026-07-17T18:50:00+00:00,367.705,367.7999,367.55,367.64,19068.038286
2026-07-17T18:55:00+00:00,367.635,367.93,367.61,367.9,16415.918344
2026-07-17T19:00:00+00:00,367.93,368.07,367.88,367.97,12733.656353999999
2026-07-17T19:05:00+00:00,367.97,367.99,367.64,367.695,21382.320861
2026-07-17T19:10:00+00:00,367.7199,367.7199,367.37,367.45,66542.720436
2026-07-17T19:15:00+00:00,367.45,367.54,367.36,367.51,38006.797737
2026-07-17T19:20:00+00:00,367.5,367.58,367.39,367.53,67762.007178
2026-07-17T19:25:00+00:00,367.52,367.53,367.2,367.21,39905.498270000004
2026-07-17T19:30:00+00:00,367.2,367.469,367.2,367.45,53935.079448
2026-07-17T19:35:00+00:00,367.46,367.63,367.44,367.555,55691.49832399999
2026-07-17T19:40:00+00:00,367.54,367.765,367.49,367.575,51959.377812
2026-07-17T19:45:00+00:00,367.56,367.89,367.51,367.89,29081.061036999996
2026-07-17T19:50:00+00:00,367.88,368.035,367.84,367.96,79894.354998
2026-07-17T19:55:00+00:00,367.96,368.45,367.96,368.41,221140.26388699998
2026-07-17T20:00:00+00:00,368.4,368.53,368.35,368.401,364776.183727
2026-07-17T20:05:00+00:00,368.41,368.41,368.15,368.35,13090.209767
2026-07-17T20:10:00+00:00,368.32,368.32,368.14,368.14,6062.0
2026-07-17T20:15:00+00:00,368.2,368.22,368.14,368.16,2772.092495
2026-07-17T20:20:00+00:00,368.12,368.12,366.5984,367.972,501885.01984900003
2026-07-17T20:25:00+00:00,367.94,367.9587,367.94,367.94,1617.0
2026-07-17T20:30:00+00:00,367.94,368.01,367.84,368.01,1543.0
2026-07-17T20:35:00+00:00,367.99,368.0,367.91,367.9145,2326.008155
2026-07-17T20:40:00+00:00,367.93,368.0,367.92,368.0,3084.435218
2026-07-17T20:45:00+00:00,368.06,368.06,368.0177,368.0177,234.0
2026-07-17T20:50:00+00:00,368.4,368.48,368.4,368.48,1021.0
2026-07-17T20:55:00+00:00,368.6,368.67,368.4324,368.67,1044.0
2026-07-17T21:00:00+00:00,368.59,368.6652,368.5,368.5,772.753594
2026-07-17T21:05:00+00:00,368.01,368.01,368.01,368.01,501.0
2026-07-17T21:40:00+00:00,368.5,368.55,368.5,368.55,437.135691
2026-07-17T21:45:00+00:00,368.41,368.5,368.4,368.4524,388.0
2026-07-17T21:50:00+00:00,368.13,368.13,368.13,368.13,77.496671
2026-07-17T21:55:00+00:00,368.54,368.54,368.4934,368.4934,462.027455
2026-07-17T22:00:00+00:00,368.55,368.55,368.3728,368.3728,110.1549
2026-07-17T22:05:00+00:00,368.41,368.41,368.41,368.41,50.0
2026-07-17T22:10:00+00:00,368.53,368.54,368.5,368.54,988.0
2026-07-17T22:15:00+00:00,368.51,368.51,368.51,368.51,70.0
2026-07-17T22:20:00+00:00,368.51,368.51,368.51,368.51,167.0
2026-07-17T22:40:00+00:00,368.55,368.55,368.55,368.55,512.0
2026-07-17T22:55:00+00:00,368.47,368.47,368.47,368.47,134.0
2026-07-17T23:00:00+00:00,368.43,368.43,368.3096,368.3096,270.0
2026-07-17T23:15:00+00:00,368.53,368.53,368.53,368.53,131.0
2026-07-17T23:20:00+00:00,368.45,368.45,368.45,368.45,440.092421
2026-07-17T23:25:00+00:00,368.4503,368.4503,368.4503,368.4503,83.0
2026-07-17T23:30:00+00:00,368.46,368.53,368.46,368.53,216.0
2026-07-17T23:35:00+00:00,368.42,368.42,368.41,368.41,411.0
2026-07-17T23:40:00+00:00,368.5197,368.5197,368.5099,368.5099,306.71362999999997
2026-07-17T23:45:00+00:00,368.4735,368.4735,368.4,368.4,535.0
2026-07-17T23:55:00+00:00,368.41,368.41,368.4,368.4,1472.0
2026-07-18T00:00:00+00:00,367.8,368.4,367.8,368.4,537.0
2026-07-20T08:05:00+00:00,368.62,369.23,367.19,367.36,12171.92697
2026-07-20T08:10:00+00:00,369.19,369.21,368.77,368.78,1120.6317
2026-07-20T08:15:00+00:00,368.8,369.0,368.8,369.0,212.0
2026-07-20T08:20:00+00:00,369.25,369.49,369.25,369.29,836.0
2026-07-20T08:25:00+00:00,369.26,369.73,369.2,369.73,1184.31348
2026-07-20T08:35:00+00:00,368.96,368.96,368.83,368.93,517.0
2026-07-20T08:40:00+00:00,369.09,369.24,369.09,369.19,3572.057
2026-07-20T08:45:00+00:00,369.2,369.2,368.95,368.95,1132.0
2026-07-20T08:50:00+00:00,368.93,369.11,368.93,369.11,320.0
2026-07-20T08:55:00+00:00,368.9,368.9,368.7,368.75,9634.057
2026-07-20T09:00:00+00:00,368.86,368.86,368.73,368.75,4347.086823
2026-07-20T09:10:00+00:00,368.6,368.6,368.42,368.4489,1193.057
2026-07-20T09:20:00+00:00,368.9,368.9,368.9,368.9,101.0
2026-07-20T09:25:00+00:00,368.85,368.85,368.85,368.85,2716.0
2026-07-20T09:30:00+00:00,368.71,368.71,368.49,368.51,868.0
2026-07-20T09:35:00+00:00,368.47,368.52,368.39,368.5,2369.0
2026-07-20T09:40:00+00:00,368.73,368.8,368.71,368.8,494.0
2026-07-20T09:45:00+00:00,368.8,368.9,368.8,368.85,215.05700000000002
2026-07-20T09:50:00+00:00,368.73,369.08,368.73,369.08,616.0
2026-07-20T09:55:00+00:00,368.87,368.94,368.87,368.94,194.15466
2026-07-20T10:05:00+00:00,368.85,368.85,368.85,368.85,102.0
2026-07-20T10:10:00+00:00,368.92,368.92,368.92,368.92,1000.0
2026-07-20T10:20:00+00:00,368.8,368.81,368.75,368.78,3483.01
2026-07-20T10:25:00+00:00,368.97,368.97,368.97,368.97,106.0
2026-07-20T10:30:00+00:00,368.94,368.96,368.94,368.96,439.0
2026-07-20T10:35:00+00:00,369.21,369.21,369.16,369.16,754.114
2026-07-20T10:40:00+00:00,368.99,368.99,368.99,368.99,54.0
2026-07-20T10:45:00+00:00,369.05,369.05,369.05,369.05,174.002708
2026-07-20T10:50:00+00:00,369.0,369.0,368.97,368.97,478.0
2026-07-20T10:55:00+00:00,369.02,369.32,369.01,369.32,2115.200068
2026-07-20T11:00:00+00:00,369.19,369.19,369.12,369.12,1453.057
2026-07-20T11:05:00+00:00,369.19,369.44,369.13,369.29,14838.068619
2026-07-20T11:10:00+00:00,369.2423,369.25,369.15,369.25,812.0484
2026-07-20T11:15:00+00:00,369.05,369.05,368.92,368.9201,762.0757
2026-07-20T11:20:00+00:00,369.13,369.13,368.99,369.03,40724.1015
2026-07-20T11:25:00+00:00,368.98,369.0,368.98,369.0,236.341988
2026-07-20T11:30:00+00:00,368.8501,369.07,368.8501,368.9916,761.0446979999999
2026-07-20T11:35:00+00:00,369.47,370.72,369.47,370.45,50474.339929
2026-07-20T11:40:00+00:00,370.42,370.42,369.77,369.77,2192.6440000000002
2026-07-20T11:45:00+00:00,369.95,370.04,369.68,369.8,2816.0600449999997
2026-07-20T11:50:00+00:00,369.741,369.81,369.43,369.43,1541.038
2026-07-20T11:55:00+00:00,369.44,369.65,369.36,369.54,2112.0
2026-07-20T12:00:00+00:00,369.4601,369.57,369.45,369.466,1836.057
2026-07-20T12:05:00+00:00,369.23,369.23,368.12,368.395,5630.122011
2026-07-20T12:10:00+00:00,368.54,368.56,368.37,368.53,2380.66355
2026-07-20T12:15:00+00:00,368.46,368.48,368.1,368.11,6448.221769
2026-07-20T12:20:00+00:00,368.15,368.26,367.81,368.25,13205.597
2026-07-20T12:25:00+00:00,368.0,368.02,367.72,367.74,6179.303163
2026-07-20T12:30:00+00:00,367.74,368.1,367.74,368.1,11192.280760000001
2026-07-20T12:35:00+00:00,368.22,368.29,368.08,368.13,944.171
2026-07-20T12:40:00+00:00,368.27,368.27,368.1,368.1,8992.538204
2026-07-20T12:45:00+00:00,367.92,367.92,367.68,367.68,1118.171
2026-07-20T12:50:00+00:00,367.83,368.32,367.83,368.25,4612.87333
2026-07-20T12:55:00+00:00,367.9401,367.9401,367.85,367.85,5847.1386
2026-07-20T13:00:00+00:00,367.9,367.9,367.69,367.7,1270.114
2026-07-20T13:05:00+00:00,367.9,368.15,367.9,368.15,722.614
2026-07-20T13:10:00+00:00,367.99,368.0052,367.75,367.75,788.7483500000001
2026-07-20T13:15:00+00:00,367.7,367.93,367.7,367.93,6032.228181
2026-07-20T13:20:00+00:00,367.7,367.98,367.7,367.85,4928.0573
2026-07-20T13:25:00+00:00,367.93,368.09,367.85,368.08,2014.02335
2026-07-20T13:30:00+00:00,368.0,368.06,367.7,367.74,4831.254465
2026-07-20T13:35:00+00:00,367.79,368.4,367.68,368.26,106481.020044
2026-07-20T13:40:00+00:00,368.2,368.32,367.77,368.29,86715.56843300001
2026-07-20T13:45:00+00:00,368.27,368.59,368.14,368.18,53098.468586
2026-07-20T13:50:00+00:00,368.23,368.23,367.86,367.98,53705.075194000005
2026-07-20T13:55:00+00:00,368.1,368.1983,367.64,367.91,51145.176376
2026-07-20T14:00:00+00:00,367.89,368.07,367.5,367.5,27492.592821
2026-07-20T14:05:00+00:00,367.5,367.69,367.14,367.34,58420.68216200001
2026-07-20T14:10:00+00:00,367.37,367.53,367.02,367.08,49800.715627
2026-07-20T14:15:00+00:00,367.07,367.17,366.83,366.875,48632.996686
2026-07-20T14:20:00+00:00,366.872,367.25,366.85,367.175,32440.808917
2026-07-20T14:25:00+00:00,367.1408,367.25,366.8,367.24,47609.797333999995
2026-07-20T14:30:00+00:00,367.23,367.58,367.19,367.58,92808.932622
2026-07-20T14:35:00+00:00,367.6,367.84,367.54,367.84,72135.89328399999
2026-07-20T14:40:00+00:00,367.85,367.95,367.6201,367.88,52573.336703999994
2026-07-20T14:45:00+00:00,367.87,367.98,367.6212,367.65,90550.594679
2026-07-20T14:50:00+00:00,367.64,368.25,367.59,368.15,110709.526704
2026-07-20T14:55:00+00:00,368.14,368.19,367.75,367.75,54754.34356699999
2026-07-20T15:00:00+00:00,367.74,367.74,367.44,367.5492,51606.27522
2026-07-20T15:05:00+00:00,367.57,368.0,367.38,367.845,71558.045925
2026-07-20T15:10:00+00:00,367.84,368.7601,367.61,368.7601,52649.294326999996
2026-07-20T15:15:00+00:00,368.765,368.7893,368.11,368.27,84883.456983
2026-07-20T15:20:00+00:00,368.29,368.38,368.04,368.12,44330.08283500001
2026-07-20T15:25:00+00:00,368.14,368.3895,368.03,368.375,71341.996195
2026-07-20T15:30:00+00:00,368.38,368.51,368.35,368.51,87972.392853
2026-07-20T15:35:00+00:00,368.48,368.53,368.19,368.21,20515.456377000002
2026-07-20T15:40:00+00:00,368.18,368.32,367.93,368.0186,21632.979053
2026-07-20T15:45:00+00:00,368.0692,368.1601,367.94,368.1501,13764.457941
2026-07-20T15:50:00+00:00,368.19,368.39,368.12,368.32,11959.465558
2026-07-20T15:55:00+00:00,368.37,368.49,368.32,368.3201,13994.738934000003
2026-07-20T16:00:00+00:00,368.32,368.37,368.095,368.095,35730.887694000005
2026-07-20T16:05:00+00:00,368.05,368.45,368.03,368.4,53487.01358199999
2026-07-20T16:10:00+00:00,368.4299,368.7021,368.37,368.6,91970.355447
2026-07-20T16:15:00+00:00,368.6,368.68,368.205,368.24,19655.658174
2026-07-20T16:20:00+00:00,368.252,368.3399,368.09,368.1,14223.558575000001
2026-07-20T16:25:00+00:00,368.13,368.17,368.07,368.1,13692.972273
2026-07-20T16:30:00+00:00,368.1278,368.2,367.9709,368.142,17795.308543
2026-07-20T16:35:00+00:00,368.15,368.17,367.88,367.88,17482.719929
2026-07-20T16:40:00+00:00,367.9,368.14,367.8801,368.13,24981.664028
2026-07-20T16:45:00+00:00,368.11,368.17,367.1,367.88,141617.15316100002
2026-07-20T16:50:00+00:00,367.89,367.97,367.67,367.82,40867.133068
2026-07-20T16:55:00+00:00,367.795,367.82,367.56,367.77,42582.508887
2026-07-20T17:00:00+00:00,367.74,367.94,367.72,367.91,15457.019946999999
2026-07-20T17:05:00+00:00,367.93,368.1,367.91,367.99,60211.980122
2026-07-20T17:10:00+00:00,367.9945,368.075,367.9,368.035,45242.34789700001
2026-07-20T17:15:00+00:00,368.02,368.04,367.83,367.91,49980.961034
2026-07-20T17:20:00+00:00,367.89,368.02,367.8,367.915,34778.789816
2026-07-20T17:25:00+00:00,367.94,368.16,367.855,368.0,25203.635522999997
2026-07-20T17:30:00+00:00,368.035,368.14,367.96,368.08,32170.470168
2026-07-20T17:35:00+00:00,368.12,368.16,367.96,368.08,18776.781834
2026-07-20T17:40:00+00:00,368.09,368.13,367.89,367.9,33015.160953
2026-07-20T17:45:00+00:00,367.89,367.94,367.7,367.725,15762.226615
2026-07-20T17:50:00+00:00,367.71,367.71,367.5,367.53,23757.889593
2026-07-20T17:55:00+00:00,367.53,367.56,367.35,367.45,50622.720585
2026-07-20T18:00:00+00:00,367.46,367.5,367.35,367.4601,11505.679003000001
2026-07-20T18:05:00+00:00,367.54,367.82,367.54,367.69,15154.367481000001
2026-07-20T18:10:00+00:00,367.66,367.88,367.66,367.88,19657.783933
2026-07-20T18:15:00+00:00,367.89,367.99,367.76,367.815,17027.459737
2026-07-20T18:20:00+00:00,367.82,368.07,367.68,367.72,43142.507386
2026-07-20T18:25:00+00:00,367.745,367.8099,367.32,367.48,62552.918121999995
2026-07-20T18:30:00+00:00,367.47,367.67,367.43,367.605,11621.450593
2026-07-20T18:35:00+00:00,367.56,367.63,367.4,367.42,12084.391802
2026-07-20T18:40:00+00:00,367.4493,367.59,367.4493,367.53,7900.140712
2026-07-20T18:45:00+00:00,367.56,367.65,367.51,367.57,12184.702771000002
2026-07-20T18:50:00+00:00,367.58,367.7762,367.5,367.71,9497.477173
2026-07-20T18:55:00+00:00,367.71,367.78,367.6101,367.6701,9412.594601
2026-07-20T19:00:00+00:00,367.67,367.6999,367.53,367.665,142886.898362
2026-07-20T19:05:00+00:00,367.6317,367.7,367.485,367.5,16304.72382
2026-07-20T19:10:00+00:00,367.5,367.6,367.4,367.59,13642.205524999998
2026-07-20T19:15:00+00:00,367.595,367.65,367.37,367.4036,24913.646488
2026-07-20T19:20:00+00:00,367.38,367.74,367.36,367.73,66894.445549
2026-07-20T19:25:00+00:00,367.7336,367.93,367.72,367.73,32552.284666
2026-07-20T19:30:00+00:00,367.71,368.2,367.64,368.185,82745.708721
2026-07-20T19:35:00+00:00,368.17,368.64,368.1,368.2509,64871.598246999994
2026-07-20T19:40:00+00:00,368.25,368.27,367.875,368.0,17292.195060000002
2026-07-20T19:45:00+00:00,367.98,368.0,367.48,367.545,43094.315211
2026-07-20T19:50:00+00:00,367.546,367.88,367.5,367.81,53118.491222000004
2026-07-20T19:55:00+00:00,367.79,367.94,367.74,367.89,64921.55120599999
2026-07-20T20:00:00+00:00,367.88,367.89,367.48,367.59,132457.12822100002
2026-07-20T20:05:00+00:00,367.6,367.74,367.6,367.69,2595.210282
2026-07-20T20:10:00+00:00,367.79,367.79,367.6,367.6,2703.163396
2026-07-20T20:15:00+00:00,367.56,367.66,367.56,367.66,412.0
2026-07-20T20:30:00+00:00,367.77,367.78,367.77,367.78,762.0007820000001
2026-07-20T20:35:00+00:00,367.77,367.87,367.77,367.83,2225.0
2026-07-20T20:45:00+00:00,367.82,367.83,367.79,367.79,630.0
2026-07-20T20:50:00+00:00,367.75,367.75,367.75,367.75,697.0
2026-07-20T20:55:00+00:00,367.78,367.83,367.68,367.83,1125.0
2026-07-20T21:00:00+00:00,367.66,367.71,367.64,367.67,2500.0
2026-07-20T21:05:00+00:00,367.82,367.88,367.6818,367.6818,1256.0
2026-07-20T21:15:00+00:00,368.1,368.1,368.1,368.1,40.0
2026-07-20T21:40:00+00:00,367.84,367.9,367.84,367.9,304.0
2026-07-20T21:45:00+00:00,367.8,367.86,367.8,367.86,2001.0
2026-07-20T21:55:00+00:00,367.85,367.86,367.85,367.86,979.0
2026-07-20T22:05:00+00:00,367.9,367.9,367.8,367.8,477.0
2026-07-20T22:10:00+00:00,367.58,367.6,367.51,367.51,1114.0
2026-07-20T22:25:00+00:00,367.5,367.7,367.5,367.7,217.006559
2026-07-20T22:30:00+00:00,367.8,367.8,367.8,367.8,158.0
2026-07-20T22:35:00+00:00,367.9,367.9,367.81,367.81,339.0
2026-07-20T22:40:00+00:00,367.6,367.7,367.6,367.7,2125.0
2026-07-20T22:45:00+00:00,367.33,367.33,367.33,367.33,67.0
2026-07-20T22:50:00+00:00,367.24,367.24,367.18,367.18,543.6618
2026-07-20T22:55:00+00:00,367.14,367.14,367.14,367.14,111.0
2026-07-20T23:00:00+00:00,367.0,367.06,367.0,367.06,1040.0
2026-07-20T23:05:00+00:00,367.11,367.11,367.08,367.08,636.086281
2026-07-20T23:15:00+00:00,367.36,367.4,367.09,367.3399,2100.0
2026-07-20T23:25:00+00:00,367.58,367.58,367.58,367.58,70.005957
2026-07-20T23:30:00+00:00,367.35,367.35,367.35,367.35,100.0
2026-07-20T23:35:00+00:00,367.48,367.48,367.48,367.48,530.0
2026-07-20T23:45:00+00:00,367.58,367.61,367.561,367.61,1295.0
2026-07-20T23:50:00+00:00,367.62,367.62,367.58,367.58,1621.0
2026-07-20T23:55:00+00:00,367.47,367.47,367.47,367.47,133.0
2026-07-21T00:00:00+00:00,367.74,367.856,367.74,367.856,933.0
2026-07-21T08:05:00+00:00,372.83,374.64,371.04,373.16,41066.421002
2026-07-21T08:10:00+00:00,373.22,373.32,373.04,373.13,1047.7
2026-07-21T08:15:00+00:00,373.09,373.09,373.09,373.09,213.0
2026-07-21T08:20:00+00:00,373.23,373.24,373.16,373.24,385.0
2026-07-21T08:25:00+00:00,373.0,373.0,372.74,372.83,13161.604301
2026-07-21T08:30:00+00:00,372.87,372.89,372.78,372.8,3298.0
2026-07-21T08:35:00+00:00,372.8,372.93,372.8,372.82,6659.244945
2026-07-21T08:40:00+00:00,372.69,372.72,372.68,372.72,648.0
2026-07-21T08:45:00+00:00,372.77,372.85,372.77,372.79,1552.009924
2026-07-21T08:50:00+00:00,372.57,372.59,372.46,372.46,2847.827875
2026-07-21T08:55:00+00:00,372.54,372.6419,372.54,372.6419,2073.012671
2026-07-21T09:00:00+00:00,372.68,372.74,372.68,372.74,1300.0
2026-07-21T09:05:00+00:00,373.0004,373.0004,373.0004,373.0004,169.0
2026-07-21T09:10:00+00:00,372.96,373.04,372.96,373.04,2138.0
2026-07-21T09:20:00+00:00,373.01,373.01,373.01,373.01,59.0
2026-07-21T09:25:00+00:00,373.18,373.3,373.1,373.1,75519.0
2026-07-21T09:30:00+00:00,373.25,373.25,372.81,372.86,8242.0
2026-07-21T09:35:00+00:00,372.97,372.97,372.73,372.91,3881.0
2026-07-21T09:40:00+00:00,372.74,372.74,372.67,372.67,106.0
2026-07-21T09:45:00+00:00,372.65,372.75,372.64,372.75,5523.0
2026-07-21T09:50:00+00:00,372.68,373.14,372.68,373.14,668.257069
2026-07-21T09:55:00+00:00,372.98,373.28,372.97,373.28,877.0
2026-07-21T10:00:00+00:00,373.22,373.22,373.22,373.22,131.384524
2026-07-21T10:05:00+00:00,373.02,373.1,373.0,373.1,401.0
2026-07-21T10:10:00+00:00,372.84,372.84,372.68,372.68,252.91144400000002
2026-07-21T10:15:00+00:00,372.62,373.21,372.61,373.12,431.4
2026-07-21T10:20:00+00:00,373.0,373.14,373.0,373.14,261.0
2026-07-21T10:25:00+00:00,373.16,373.22,373.16,373.22,725.0
2026-07-21T10:30:00+00:00,373.22,373.37,373.14,373.14,3435.0
2026-07-21T10:35:00+00:00,373.15,373.15,373.15,373.15,90.0
2026-07-21T10:40:00+00:00,373.26,373.4162,373.26,373.4162,3117.9850109999998
2026-07-21T10:45:00+00:00,373.25,373.25,373.14,373.14,142.0
2026-07-21T10:50:00+00:00,373.13,373.25,372.8,372.8,2010.0
2026-07-21T10:55:00+00:00,372.85,373.0,372.85,373.0,124.266574
2026-07-21T11:00:00+00:00,372.84,372.85,372.84,372.85,492.023065
2026-07-21T11:05:00+00:00,372.72,372.787,372.24,372.24,15260.872847999999
2026-07-21T11:10:00+00:00,372.36,372.36,372.11,372.12,7428.025
2026-07-21T11:15:00+00:00,372.08,372.288,372.08,372.288,2426.0
2026-07-21T11:20:00+00:00,372.45,372.46,372.3,372.3,1239.0
2026-07-21T11:25:00+00:00,372.13,372.35,372.12,372.35,1616.5468
2026-07-21T11:30:00+00:00,372.35,372.5,372.35,372.3852,2491.274825
2026-07-21T11:35:00+00:00,372.36,372.36,372.36,372.36,102.0
2026-07-21T11:40:00+00:00,372.38,372.623,372.38,372.54,3340.271
2026-07-21T11:45:00+00:00,372.2224,372.2224,372.1,372.11,1483.957323
2026-07-21T11:50:00+00:00,372.12,372.21,372.0,372.12,3256.0
2026-07-21T11:55:00+00:00,372.32,372.32,372.1,372.21,1161.0
2026-07-21T12:00:00+00:00,372.1501,372.24,372.02,372.08,1417.0
2026-07-21T12:05:00+00:00,372.18,372.3889,372.18,372.3889,1192.0
2026-07-21T12:10:00+00:00,372.35,372.5,372.3,372.3,2001.5027559999999
2026-07-21T12:15:00+00:00,372.26,372.4,372.21,372.4,909.0
2026-07-21T12:20:00+00:00,372.18,372.44,372.12,372.42,2168.1684
2026-07-21T12:25:00+00:00,372.34,372.93,372.34,372.88,2530.0
2026-07-21T12:30:00+00:00,372.77,372.78,372.493,372.493,1734.0
2026-07-21T12:35:00+00:00,372.7,372.7,372.5,372.5,1172.0
2026-07-21T12:40:00+00:00,372.18,372.27,371.94,372.0,1757.0108
2026-07-21T12:45:00+00:00,372.07,372.07,371.71,371.77,7030.199232
2026-07-21T12:50:00+00:00,372.03,372.75,372.03,372.57,4558.426443
2026-07-21T12:55:00+00:00,372.42,372.45,372.06,372.15,10270.158483000001
2026-07-21T13:00:00+00:00,371.82,372.04,371.82,371.94,1816.0
2026-07-21T13:05:00+00:00,372.02,372.54,372.02,372.22,5532.0
2026-07-21T13:10:00+00:00,372.3685,372.5316,372.3685,372.4305,10193.29259
2026-07-21T13:15:00+00:00,372.33,372.42,372.22,372.42,7198.016372
2026-07-21T13:20:00+00:00,372.6024,372.6024,372.062,372.09,19754.767852
2026-07-21T13:25:00+00:00,372.0429,372.17,371.7403,371.7432,1124.134409
2026-07-21T13:30:00+00:00,371.77,371.9,371.62,371.62,2132.102951
2026-07-21T13:35:00+00:00,371.7,372.27,371.36,372.1496,141470.580483
2026-07-21T13:40:00+00:00,372.08,372.3,371.68,371.851,38293.987973999996
2026-07-21T13:45:00+00:00,371.86,371.91,371.07,371.28,60646.230051000006
2026-07-21T13:50:00+00:00,371.25,371.64,371.08,371.62,34061.562082000004
2026-07-21T13:55:00+00:00,371.61,371.81,371.2553,371.8,44517.803176
2026-07-21T14:00:00+00:00,371.79,371.915,371.57,371.9,49588.167908
2026-07-21T14:05:00+00:00,371.89,372.21,371.7,372.1825,59730.633459
2026-07-21T14:10:00+00:00,372.17,372.45,372.01,372.05,102610.676001
2026-07-21T14:15:00+00:00,372.065,373.05,372.04,373.03,90996.42729
2026-07-21T14:20:00+00:00,373.035,373.24,372.59,372.88,120122.77221700002
2026-07-21T14:25:00+00:00,372.88,373.0,372.63,372.96,81980.982628
2026-07-21T14:30:00+00:00,372.98,373.38,372.91,373.35,78586.42865
2026-07-21T14:35:00+00:00,373.39,373.79,373.14,373.14,91860.774292
2026-07-21T14:40:00+00:00,373.13,373.16,372.72,372.925,42983.437596
2026-07-21T14:45:00+00:00,372.915,373.24,372.78,373.2,38200.153412
2026-07-21T14:50:00+00:00,373.2,373.49,373.09,373.375,46111.30741
2026-07-21T14:55:00+00:00,373.4,373.485,373.16,373.35,36949.159773
2026-07-21T15:00:00+00:00,373.38,373.4799,373.16,373.275,45614.665178
2026-07-21T15:05:00+00:00,373.26,373.51,373.22,373.29,38470.431985999996
2026-07-21T15:10:00+00:00,373.26,373.47,373.03,373.35,37900.141543000005
2026-07-21T15:15:00+00:00,373.36,373.76,373.36,373.74,58977.59896799999
2026-07-21T15:20:00+00:00,373.769,374.22,373.76,374.1,85160.920529
2026-07-21T15:25:00+00:00,374.085,374.27,373.955,374.22,62271.966721
2026-07-21T15:30:00+00:00,374.21,374.23,373.94,374.05,57869.50165600001
2026-07-21T15:35:00+00:00,374.03,374.58,374.0,374.48,218658.320763
2026-07-21T15:40:00+00:00,374.47,374.63,374.24,374.39,68293.524999
2026-07-21T15:45:00+00:00,374.4,374.42,373.91,373.95,63133.602208000004
2026-07-21T15:50:00+00:00,373.94,373.99,373.59,373.68,58458.617513
2026-07-21T15:55:00+00:00,373.75,374.17,373.74,374.025,41447.975694
2026-07-21T16:00:00+00:00,374.008,374.008,373.765,373.82,11174.409586
2026-07-21T16:05:00+00:00,373.79,374.17,373.755,374.17,60557.361306000006
2026-07-21T16:10:00+00:00,374.13,374.19,374.02,374.05,26886.906009
2026-07-21T16:15:00+00:00,374.07,374.29,374.02,374.165,45490.694312
2026-07-21T16:20:00+00:00,374.22,374.22,374.04,374.11,47374.994444
2026-07-21T16:25:00+00:00,374.14,374.175,374.0,374.155,25647.676465
2026-07-21T16:30:00+00:00,374.17,374.17,373.8005,373.965,105516.829758
2026-07-21T16:35:00+00:00,373.96,374.03,373.85,373.97,35325.24054
2026-07-21T16:40:00+00:00,373.97,373.97,373.53,373.85,125446.623917
2026-07-21T16:45:00+00:00,373.82,373.9,373.57,373.6201,27034.763770999998
2026-07-21T16:50:00+00:00,373.61,373.68,373.43,373.64,25703.01333
2026-07-21T16:55:00+00:00,373.63,373.745,373.59,373.69,24432.000006000002
2026-07-21T17:00:00+00:00,373.69,373.71,373.52,373.56,26679.768803
2026-07-21T17:05:00+00:00,373.555,373.63,373.37,373.42,22490.051061
2026-07-21T17:10:00+00:00,373.44,373.65,373.41,373.55,17576.880594
2026-07-21T17:15:00+00:00,373.55,373.65,373.43,373.47,14392.765323
2026-07-21T17:20:00+00:00,373.495,373.5179,373.33,373.33,15648.582282
2026-07-21T17:25:00+00:00,373.3704,373.57,373.3704,373.55,24429.57129
2026-07-21T17:30:00+00:00,373.55,373.65,373.49,373.605,31966.545947
2026-07-21T17:35:00+00:00,373.59,373.605,373.37,373.425,44387.056626
2026-07-21T17:40:00+00:00,373.4,373.42,373.3,373.36,19241.524702000002
2026-07-21T17:45:00+00:00,373.36,373.36,373.12,373.265,15795.024771999999
2026-07-21T17:50:00+00:00,373.24,373.26,373.12,373.16,20838.229721
2026-07-21T17:55:00+00:00,373.15,373.225,373.12,373.205,8369.448531
2026-07-21T18:00:00+00:00,373.21,373.295,373.12,373.295,12698.608628
2026-07-21T18:05:00+00:00,373.3,373.38,373.2388,373.24,22856.627827
2026-07-21T18:10:00+00:00,373.29,373.6,373.22,373.58,11253.825094
2026-07-21T18:15:00+00:00,373.5835,373.635,373.55,373.5743,26623.799984999998
2026-07-21T18:20:00+00:00,373.57,373.7797,373.53,373.75,34406.025772
2026-07-21T18:25:00+00:00,373.73,374.44,373.64,374.44,61316.559196999995
2026-07-21T18:30:00+00:00,374.46,375.01,374.46,374.6999,85106.462899
2026-07-21T18:35:00+00:00,374.66,374.8495,374.46,374.73,31920.729755000004
2026-07-21T18:40:00+00:00,374.745,374.84,374.47,374.61,17525.087787
2026-07-21T18:45:00+00:00,374.59,374.699,374.51,374.535,21902.112749
2026-07-21T18:50:00+00:00,374.54,374.58,374.39,374.405,26902.669236
2026-07-21T18:55:00+00:00,374.44,374.475,374.285,374.43,20854.582034000003
2026-07-21T19:00:00+00:00,374.44,374.64,374.44,374.56,20325.522043
2026-07-21T19:05:00+00:00,374.58,374.84,374.56,374.7601,46787.196966999996
2026-07-21T19:10:00+00:00,374.74,374.835,374.44,374.44,24875.773182
2026-07-21T19:15:00+00:00,374.469,374.5299,374.34,374.41,35141.859598
2026-07-21T19:20:00+00:00,374.47,374.7391,374.45,374.69,198455.59256999998
2026-07-21T19:25:00+00:00,374.7,374.77,374.585,374.7,37016.276425
2026-07-21T19:30:00+00:00,374.69,374.85,374.67,374.73,139252.682424
2026-07-21T19:35:00+00:00,374.75,374.83,374.63,374.665,49277.089646
2026-07-21T19:40:00+00:00,374.66,374.67,374.52,374.59,79181.27589
2026-07-21T19:45:00+00:00,374.58,374.76,374.56,374.66,867887.0349559999
2026-07-21T19:50:00+00:00,374.65,374.83,374.605,374.76,83055.63108800001
2026-07-21T19:55:00+00:00,374.76,374.83,374.68,374.74,112709.33493800001
2026-07-21T20:00:00+00:00,374.74,374.85,374.67,374.78,356193.470942
2026-07-21T20:05:00+00:00,374.81,374.9,374.66,374.79,8633.82531
2026-07-21T20:10:00+00:00,374.75,374.86,374.69,374.8,8458.847214
2026-07-21T20:15:00+00:00,374.75,374.75,374.71,374.72,7293.833878
2026-07-21T20:20:00+00:00,374.7,374.7761,374.62,374.7761,2232.314749
2026-07-21T20:25:00+00:00,374.65,374.65,374.63,374.64,11161.579694
2026-07-21T20:30:00+00:00,374.63,374.63,374.52,374.52,1009.0
2026-07-21T20:35:00+00:00,374.65,374.72,374.65,374.72,1042.0
2026-07-21T20:40:00+00:00,374.6,374.64,374.52,374.64,871.0
2026-07-21T20:45:00+00:00,374.48,374.52,374.35,374.42,5431.0
2026-07-21T20:50:00+00:00,374.37,374.37,374.2,374.2,1350.800995
2026-07-21T20:55:00+00:00,374.2723,374.2723,374.18,374.18,363.975881
2026-07-21T21:00:00+00:00,374.02,374.22,374.01,374.22,3436.056452
2026-07-21T21:05:00+00:00,374.18,374.24,374.0,374.23,3709.0
2026-07-21T21:10:00+00:00,374.24,374.3,374.24,374.3,404.076892
2026-07-21T21:15:00+00:00,374.37,374.4,374.37,374.4,245.0
2026-07-21T21:20:00+00:00,374.41,374.42,374.41,374.42,748.0
2026-07-21T21:25:00+00:00,374.75,374.75,374.75,374.75,113.0
2026-07-21T21:35:00+00:00,374.42,374.44,374.29,374.29,784.0
2026-07-21T21:40:00+00:00,374.43,374.5,374.4,374.4,1681.026928
2026-07-21T21:45:00+00:00,374.29,374.8,374.25,374.8,2444.0
2026-07-21T21:50:00+00:00,374.6033,374.6033,374.6033,374.6033,349.0
2026-07-21T21:55:00+00:00,374.717,374.717,374.49,374.54,450.002672
2026-07-21T22:00:00+00:00,374.54,374.6691,374.4,374.6691,1217.0
2026-07-21T22:05:00+00:00,374.32,374.32,374.1766,374.1766,1206.0
2026-07-21T22:10:00+00:00,374.21,374.21,374.07,374.2,728.0
2026-07-21T22:15:00+00:00,374.0,374.0,374.0,374.0,196.0
2026-07-21T22:20:00+00:00,374.35,374.35,374.34,374.34,5145.0
2026-07-21T22:25:00+00:00,374.57,374.57,374.57,374.57,102.0
2026-07-21T22:30:00+00:00,374.3,374.3,374.3,374.3,118.0
2026-07-21T22:35:00+00:00,374.73,374.73,374.6,374.65,327.0
2026-07-21T22:40:00+00:00,374.68,374.68,374.6,374.6,184.0
2026-07-21T22:45:00+00:00,374.61,374.61,374.61,374.61,123.0
2026-07-21T22:50:00+00:00,374.6275,374.6275,374.4,374.4,3889.03962
2026-07-21T22:55:00+00:00,374.42,374.42,374.17,374.17,762.0
2026-07-21T23:00:00+00:00,374.4,374.4,374.4,374.4,114.0
2026-07-21T23:05:00+00:00,374.37,374.37,374.3,374.3,376.0
2026-07-21T23:10:00+00:00,374.42,374.47,374.42,374.47,142.0
2026-07-21T23:15:00+00:00,374.51,374.52,374.51,374.52,731.0
2026-07-21T23:20:00+00:00,374.49,374.5,374.49,374.5,222.0
2026-07-21T23:25:00+00:00,374.52,374.52,374.4279,374.505,330.0
2026-07-21T23:30:00+00:00,374.55,374.55,374.5268,374.5268,680.0
2026-07-21T23:35:00+00:00,374.4,374.4,374.4,374.4,365.138099
2026-07-21T23:40:00+00:00,374.35,374.35,374.35,374.35,1002.0
2026-07-21T23:45:00+00:00,374.3659,374.3659,374.2892,374.2892,225.04218
2026-07-21T23:50:00+00:00,374.4,374.54,374.35,374.35,1115.0
2026-07-22T00:00:00+00:00,374.52,374.52,374.34,374.34,220.0
2026-07-22T08:05:00+00:00,377.28,379.4,377.01,377.21,37046.896991
2026-07-22T08:10:00+00:00,377.6,377.6,377.53,377.53,434.0
2026-07-22T08:15:00+00:00,377.4,377.59,377.39,377.49,640.0
2026-07-22T08:20:00+00:00,377.53,377.53,377.44,377.53,390.0
2026-07-22T08:25:00+00:00,377.55,377.71,377.55,377.64,1845.705043
2026-07-22T08:30:00+00:00,377.68,377.74,377.5,377.74,1365.034412
2026-07-22T08:35:00+00:00,377.84,377.84,377.84,377.84,52.08
2026-07-22T08:40:00+00:00,377.81,377.81,377.81,377.81,60.0
2026-07-22T08:45:00+00:00,377.6,377.6,377.58,377.58,1580.0
2026-07-22T08:50:00+00:00,377.61,377.65,377.44,377.44,4743.0
2026-07-22T08:55:00+00:00,377.59,377.59,377.54,377.54,3547.0
2026-07-22T09:00:00+00:00,377.9,377.98,377.79,377.79,8987.920583
2026-07-22T09:05:00+00:00,378.0,378.03,377.97,377.97,280.0
2026-07-22T09:10:00+00:00,378.12,378.2,378.12,378.2,178.0
2026-07-22T09:20:00+00:00,378.11,378.15,378.0,378.15,5089.0
2026-07-22T09:25:00+00:00,378.15,378.18,378.05,378.05,634.0
2026-07-22T09:30:00+00:00,378.1,378.1,377.84,377.88,1617.0
2026-07-22T09:35:00+00:00,378.02,378.1,377.7,377.7,1534.0038
2026-07-22T09:40:00+00:00,377.43,377.43,377.43,377.43,1962.949354
2026-07-22T09:45:00+00:00,377.75,377.75,377.6,377.6,444.0
2026-07-22T09:50:00+00:00,377.66,377.69,377.66,377.69,316.0
2026-07-22T09:55:00+00:00,377.6,377.6,377.33,377.33,2465.001753
2026-07-22T10:05:00+00:00,377.55,377.79,377.55,377.79,503.444905
2026-07-22T10:15:00+00:00,377.77,377.77,377.77,377.77,79.0
2026-07-22T10:20:00+00:00,377.74,377.89,377.74,377.89,1995.0300029999999
2026-07-22T10:25:00+00:00,378.0,378.04,377.87,378.04,1855.027197
2026-07-22T10:30:00+00:00,378.11,378.11,377.9,377.9,158.005289
2026-07-22T10:35:00+00:00,377.91,377.92,377.82,377.92,699.092265
2026-07-22T10:40:00+00:00,377.8,377.85,377.71,377.72,5334.0
2026-07-22T10:45:00+00:00,377.68,377.68,377.64,377.64,198.0
2026-07-22T10:50:00+00:00,377.75,377.84,377.75,377.84,2879.0771
2026-07-22T10:55:00+00:00,377.9,377.96,377.9,377.96,2503.0
2026-07-22T11:00:00+00:00,377.84,377.84,377.78,377.78,279.0
2026-07-22T11:05:00+00:00,377.71,377.79,377.61,377.78,7393.851
2026-07-22T11:10:00+00:00,377.7,377.82,377.6603,377.82,5126.08177
2026-07-22T11:15:00+00:00,377.893,378.06,377.86,377.91,6957.0
2026-07-22T11:20:00+00:00,377.96,378.24,377.96,378.24,455.2
2026-07-22T11:25:00+00:00,378.06,378.24,378.06,378.13,5785.562913
2026-07-22T11:30:00+00:00,378.06,378.06,377.85,377.9045,690.002088
2026-07-22T11:35:00+00:00,378.03,378.03,377.96,377.96,13172.84158
2026-07-22T11:40:00+00:00,377.82,377.83,377.77,377.83,977.012
2026-07-22T11:45:00+00:00,377.9,377.9,377.4459,377.57,7076.728758
2026-07-22T11:50:00+00:00,377.6726,378.0,377.5,378.0,3510.0
2026-07-22T11:55:00+00:00,378.0645,378.0645,377.802,378.0,986.0
2026-07-22T12:00:00+00:00,377.98,378.25,377.98,378.25,4188.226214
2026-07-22T12:05:00+00:00,378.28,378.61,378.28,378.46,7306.019218
2026-07-22T12:10:00+00:00,378.4,378.46,378.28,378.44,2564.27357
2026-07-22T12:15:00+00:00,378.4,378.64,378.3496,378.5938,3225.553582
2026-07-22T12:20:00+00:00,378.65,378.65,378.46,378.48,9403.211464
2026-07-22T12:25:00+00:00,378.8,378.89,378.68,378.88,9350.0558
2026-07-22T12:30:00+00:00,378.85,379.12,378.8,379.12,5146.112449
2026-07-22T12:35:00+00:00,379.22,379.23,378.76,378.9,2344.134
2026-07-22T12:40:00+00:00,378.68,378.7,378.44,378.68,2811.1139999999996
2026-07-22T12:45:00+00:00,378.68,378.76,378.54,378.7,1069.307554
2026-07-22T12:50:00+00:00,378.68,378.68,377.84,377.84,3827.3139
2026-07-22T12:55:00+00:00,377.93,377.97,377.75,377.75,1851.007518
2026-07-22T13:00:00+00:00,377.69,377.85,376.71,377.4584,23241.084751000002
2026-07-22T13:05:00+00:00,377.63,377.93,377.45,377.87,4162.0
2026-07-22T13:10:00+00:00,377.73,378.05,377.73,378.05,1487.0
2026-07-22T13:15:00+00:00,378.08,378.55,378.08,378.55,2504.0
2026-07-22T13:20:00+00:00,378.48,379.0,378.45,379.0,5593.057
2026-07-22T13:25:00+00:00,379.0,379.25,378.83,379.23,8194.657
2026-07-22T13:30:00+00:00,379.13,379.36,379.04,379.07,6124.0
2026-07-22T13:35:00+00:00,379.068,380.45,379.05,379.99,327720.11521699996
2026-07-22T13:40:00+00:00,380.0,380.33,379.66,380.28,71293.188301
2026-07-22T13:45:00+00:00,380.225,380.37,379.94,380.04,58318.960132
2026-07-22T13:50:00+00:00,380.095,380.76,380.07,380.43,132390.923844
2026-07-22T13:55:00+00:00,380.43,380.59,380.2,380.37,98498.09470000002
2026-07-22T14:00:00+00:00,380.36,381.27,380.27,381.15,118627.819969
2026-07-22T14:05:00+00:00,381.15,381.96,381.04,381.36,181722.19994199998
2026-07-22T14:10:00+00:00,381.365,381.58,381.05,381.35,141097.952281
2026-07-22T14:15:00+00:00,381.365,381.6,381.26,381.36,140664.35911
2026-07-22T14:20:00+00:00,381.375,381.375,380.66,380.67,160496.985204
2026-07-22T14:25:00+00:00,380.68,381.04,380.63,380.75,157660.228573
2026-07-22T14:30:00+00:00,380.77,380.82,380.25,380.44,219905.53068700002
2026-07-22T14:35:00+00:00,380.45,380.99,380.44,380.825,62872.51463099999
2026-07-22T14:40:00+00:00,380.815,380.95,380.6405,380.915,35563.106278
2026-07-22T14:45:00+00:00,380.915,381.02,380.5401,380.87,76764.57897
2026-07-22T14:50:00+00:00,380.89,381.02,380.38,380.59,60245.081239
2026-07-22T14:55:00+00:00,380.61,380.67,380.42,380.57,71341.051311
2026-07-22T15:00:00+00:00,380.55,380.77,380.2,380.65,47865.281932
2026-07-22T15:05:00+00:00,380.63,381.23,380.63,381.17,56047.898035000006
2026-07-22T15:10:00+00:00,381.17,381.35,381.13,381.22,45354.891215
2026-07-22T15:15:00+00:00,381.18,381.52,381.15,381.44,31726.624750999996
2026-07-22T15:20:00+00:00,381.42,381.46,381.04,381.2,63033.96133699999
2026-07-22T15:25:00+00:00,381.21,381.78,381.16,381.65,48886.820664000006
2026-07-22T15:30:00+00:00,381.66,381.695,381.36,381.4,34108.395277999996
2026-07-22T15:35:00+00:00,381.405,381.56,381.31,381.38,32355.053428
2026-07-22T15:40:00+00:00,381.42,381.585,381.26,381.4,39236.295358999996
2026-07-22T15:45:00+00:00,381.42,381.76,381.4,381.7,115845.210015
2026-07-22T15:50:00+00:00,381.7,382.15,381.5903,382.09,64091.607311
2026-07-22T15:55:00+00:00,382.09,382.22,381.92,381.935,46698.305807
2026-07-22T16:00:00+00:00,381.88,381.9,381.55,381.65,27523.750846000003
2026-07-22T16:05:00+00:00,381.639,381.639,381.36,381.39,44296.649609
2026-07-22T16:10:00+00:00,381.4388,381.63,381.365,381.38,31677.450960000002
2026-07-22T16:15:00+00:00,381.4,381.4,381.06,381.16,81101.189145
2026-07-22T16:20:00+00:00,381.155,381.23,380.8301,381.2,48766.541197
2026-07-22T16:25:00+00:00,381.19,381.2699,380.945,380.96,45588.904227
2026-07-22T16:30:00+00:00,380.97,380.99,380.56,380.69,115811.961442
2026-07-22T16:35:00+00:00,380.69,380.815,380.4,380.4532,61406.656715
2026-07-22T16:40:00+00:00,380.469,380.675,380.25,380.63,141656.871765
2026-07-22T16:45:00+00:00,380.63,380.89,380.4956,380.4956,39406.922886
2026-07-22T16:50:00+00:00,380.5,380.62,380.37,380.48,68383.978741
2026-07-22T16:55:00+00:00,380.5,380.5,380.26,380.44,37249.364672
2026-07-22T17:00:00+00:00,380.43,380.6499,380.36,380.44,31845.994464
2026-07-22T17:05:00+00:00,380.475,380.5389,380.24,380.48,30655.385143
2026-07-22T17:10:00+00:00,380.44,380.48,380.08,380.21,33814.031025
2026-07-22T17:15:00+00:00,380.22,380.38,380.17,380.3534,50684.125786
2026-07-22T17:20:00+00:00,380.3,380.38,380.07,380.1,58383.70467399999
2026-07-22T17:25:00+00:00,380.09,380.35,380.065,380.1665,33107.425429
2026-07-22T17:30:00+00:00,380.185,380.475,380.14,380.45,51108.780764999996
2026-07-22T17:35:00+00:00,380.37,380.51,380.24,380.28,35574.251893
2026-07-22T17:40:00+00:00,380.33,380.3536,379.72,379.72,87247.491508
2026-07-22T17:45:00+00:00,379.75,379.9,379.66,379.88,41740.320342
2026-07-22T17:50:00+00:00,379.87,380.12,379.86,380.09,28074.328373000004
2026-07-22T17:55:00+00:00,380.09,380.14,380.02,380.09,32394.597293
2026-07-22T18:00:00+00:00,380.06,380.1335,379.97,380.05,44116.068253
2026-07-22T18:05:00+00:00,380.03,380.06,379.53,379.575,159063.122358
2026-07-22T18:10:00+00:00,379.59,379.925,379.58,379.77,23929.482224
2026-07-22T18:15:00+00:00,379.75,379.845,379.6,379.64,16479.207503999998
2026-07-22T18:20:00+00:00,379.61,379.72,379.525,379.71,30540.816687000002
2026-07-22T18:25:00+00:00,379.66,379.76,379.38,379.48,55429.112693
2026-07-22T18:30:00+00:00,379.49,379.5,379.3,379.315,107126.27476899998
2026-07-22T18:35:00+00:00,379.33,379.38,379.03,379.13,94351.670674
2026-07-22T18:40:00+00:00,379.13,379.43,379.11,379.41,140317.425796
2026-07-22T18:45:00+00:00,379.42,379.45,379.245,379.43,25060.155099
2026-07-22T18:50:00+00:00,379.42,379.64,379.385,379.555,34486.539688000004
2026-07-22T18:55:00+00:00,379.565,379.67,379.55,379.57,18496.063559
2026-07-22T19:00:00+00:00,379.57,379.6,379.4,379.4,37803.819795999996
2026-07-22T19:05:00+00:00,379.415,379.43,379.15,379.33,61549.65043
2026-07-22T19:10:00+00:00,379.37,379.55,379.32,379.39,50018.880578
2026-07-22T19:15:00+00:00,379.37,379.4,379.23,379.26,18288.223874
2026-07-22T19:20:00+00:00,379.23,379.39,379.18,379.2609,30282.043462
2026-07-22T19:25:00+00:00,379.27,379.34,379.05,379.27,35958.764723
2026-07-22T19:30:00+00:00,379.28,379.33,379.08,379.33,52424.143263000005
2026-07-22T19:35:00+00:00,379.26,379.47,379.13,379.39,60740.262047000004
2026-07-22T19:40:00+00:00,379.38,379.46,379.25,379.3,42986.608705
2026-07-22T19:45:00+00:00,379.3,379.42,379.22,379.265,41477.813215
2026-07-22T19:50:00+00:00,379.27,379.39,379.18,379.38,97247.149733
2026-07-22T19:55:00+00:00,379.38,379.41,378.83,378.96,196926.04187800002
2026-07-22T20:00:00+00:00,378.95,379.17,378.91,379.094,224976.085853
2026-07-22T20:05:00+00:00,379.1,379.33,378.99,379.08,46964.262096
2026-07-22T20:10:00+00:00,379.01,379.25,378.98,379.23,4544.0
2026-07-22T20:15:00+00:00,379.09,379.36,379.08,379.35,4705.941279
2026-07-22T20:20:00+00:00,379.36,379.41,379.25,379.41,5223.913066
2026-07-22T20:25:00+00:00,379.4,379.47,379.38,379.47,2440.241265
2026-07-22T20:30:00+00:00,379.59,379.59,379.57,379.57,503.005268
2026-07-22T20:35:00+00:00,379.51,379.526,379.3911,379.4345,1475.114812
2026-07-22T20:45:00+00:00,379.09,379.09,379.04,379.07,5605.0
2026-07-22T20:50:00+00:00,379.06,379.06,378.77,378.78,1930.700047
2026-07-22T20:55:00+00:00,378.97,378.97,378.97,378.97,213.002638
2026-07-22T21:00:00+00:00,378.85,378.9,378.85,378.9,163.039366
2026-07-22T21:05:00+00:00,379.09,379.3,378.6343,378.6343,420.0
2026-07-22T21:10:00+00:00,378.6268,378.6268,378.5,378.5,720.100756
2026-07-22T21:15:00+00:00,379.0,379.0,379.0,379.0,153.079051
2026-07-22T21:20:00+00:00,379.416,379.416,378.52,379.23,3159.0
2026-07-22T21:25:00+00:00,378.1,378.99,378.1,378.99,1560.0
2026-07-22T21:35:00+00:00,379.12,379.12,379.12,379.12,104.0
2026-07-22T21:45:00+00:00,378.7079,378.7079,378.7079,378.7079,51.0
2026-07-22T21:55:00+00:00,378.61,378.78,378.61,378.78,335.0
2026-07-22T22:00:00+00:00,378.57,378.8,378.57,378.8,318.0
2026-07-22T22:05:00+00:00,378.32,378.99,374.0,377.75,38980.130456
2026-07-22T22:10:00+00:00,377.9,378.12,377.8469,378.12,1504.0
2026-07-22T22:15:00+00:00,378.0,378.1,378.0,378.0,2743.8206459999997
2026-07-22T22:20:00+00:00,378.18,378.18,378.01,378.08,1621.0
2026-07-22T22:25:00+00:00,378.03,378.3396,378.01,378.01,500.0
2026-07-22T22:30:00+00:00,378.58,378.65,378.45,378.65,974.027654
2026-07-22T22:35:00+00:00,378.79,378.8,378.3172,378.3172,4132.04242
2026-07-22T22:40:00+00:00,378.17,378.6,378.17,378.5,6648.030933
2026-07-22T22:45:00+00:00,378.16,378.2,377.88,378.2,2397.01
2026-07-22T22:50:00+00:00,377.99,378.35,377.99,378.35,1790.019697
2026-07-22T22:55:00+00:00,378.1,378.35,378.1,378.35,417.0
2026-07-22T23:00:00+00:00,378.12,378.31,378.0,378.0,633.0
2026-07-22T23:05:00+00:00,378.0,378.0,377.68,377.68,242.0
2026-07-22T23:10:00+00:00,377.59,377.68,377.59,377.68,180.0
2026-07-22T23:15:00+00:00,377.7,378.24,377.5403,378.12,6475.0
2026-07-22T23:20:00+00:00,378.06,378.13,378.03,378.04,1613.057
2026-07-22T23:25:00+00:00,378.025,378.13,377.85,377.8501,1529.0
2026-07-22T23:30:00+00:00,377.87,378.04,377.87,377.88,2387.0
2026-07-22T23:35:00+00:00,377.84,378.0794,377.82,378.0794,326.365624
2026-07-22T23:40:00+00:00,378.1753,378.1753,378.1753,378.1753,400.025795
2026-07-22T23:50:00+00:00,378.28,378.85,378.28,378.82,957.0
2026-07-22T23:55:00+00:00,378.77,379.0,378.77,379.0,1362.0
2026-07-23T00:00:00+00:00,379.0,379.1,378.9,379.1,819.0
2026-07-23T08:05:00+00:00,376.6,378.8,375.15,375.5,36621.663656000004
2026-07-23T08:10:00+00:00,375.32,375.5,375.3,375.5,4907.0345
2026-07-23T08:15:00+00:00,375.64,375.64,375.58,375.58,194.0
2026-07-23T08:20:00+00:00,375.22,375.22,375.16,375.16,291.0317
2026-07-23T08:25:00+00:00,375.05,375.05,375.05,375.05,378.0
2026-07-23T08:30:00+00:00,375.27,375.33,375.1,375.25,1892.4427030000002
2026-07-23T08:35:00+00:00,375.26,375.26,375.26,375.26,141.0
2026-07-23T08:40:00+00:00,375.29,375.42,375.29,375.42,2171.0
2026-07-23T08:45:00+00:00,375.3,375.36,375.1,375.36,1077.0
2026-07-23T08:50:00+00:00,375.03,375.03,374.91,375.0,1132.546256
2026-07-23T08:55:00+00:00,375.13,375.13,375.08,375.08,300.0
2026-07-23T09:00:00+00:00,375.48,375.54,375.4,375.4,5470.0
2026-07-23T09:05:00+00:00,375.4,375.82,375.4,375.82,509.0
2026-07-23T09:10:00+00:00,375.91,375.96,375.8,375.8,2743.0
2026-07-23T09:15:00+00:00,375.88,375.88,375.7,375.7,2833.138925
2026-07-23T09:20:00+00:00,375.66,375.66,375.66,375.66,433.0
2026-07-23T09:25:00+00:00,375.76,375.77,375.46,375.46,3602.782728
2026-07-23T09:30:00+00:00,375.46,375.46,375.22,375.24,1486.0
2026-07-23T09:35:00+00:00,375.23,375.28,375.16,375.28,1761.078996
2026-07-23T09:40:00+00:00,375.3,375.3,375.3,375.3,91.0
2026-07-23T09:45:00+00:00,375.25,375.43,375.25,375.43,606.0
2026-07-23T09:50:00+00:00,375.5,375.51,375.39,375.39,3203.0
2026-07-23T10:00:00+00:00,375.36,375.36,375.08,375.08,624.014
2026-07-23T10:05:00+00:00,375.17,375.28,375.0,375.28,2819.693055
2026-07-23T10:10:00+00:00,375.15,375.15,375.0,375.0,767.0
2026-07-23T10:20:00+00:00,375.26,375.31,375.26,375.31,502.0
2026-07-23T10:25:00+00:00,375.0,375.0,374.84,374.87,957.029184
2026-07-23T10:30:00+00:00,375.08,375.08,375.0,375.0,272.0
2026-07-23T10:35:00+00:00,375.36,375.36,374.94,374.94,631.0
2026-07-23T10:40:00+00:00,374.89,375.21,374.89,375.21,679.055504
2026-07-23T10:50:00+00:00,375.0,375.29,374.89,375.29,2368.002428
2026-07-23T10:55:00+00:00,375.54,375.55,375.32,375.55,1910.15165
2026-07-23T11:00:00+00:00,375.5,375.5,375.39,375.49,482.0
2026-07-23T11:05:00+00:00,375.49,375.5,375.25,375.4,860.0
2026-07-23T11:10:00+00:00,375.15,375.29,375.02,375.0423,3122.0
2026-07-23T11:15:00+00:00,375.02,375.16,374.9,374.94,7182.946924
2026-07-23T11:20:00+00:00,374.9,374.91,374.749,374.89,10272.0551
2026-07-23T11:25:00+00:00,374.74,374.8,374.33,374.55,4239.0
2026-07-23T11:30:00+00:00,374.64,374.74,374.4,374.56,6216.781927
2026-07-23T11:35:00+00:00,374.56,374.59,374.2636,374.34,1410.837151
2026-07-23T11:40:00+00:00,374.24,374.41,374.2,374.25,3951.579086
2026-07-23T11:45:00+00:00,374.0,374.06,373.69,374.04,4869.1421820000005
2026-07-23T11:50:00+00:00,374.24,374.4399,374.18,374.4399,4963.014391
2026-07-23T11:55:00+00:00,374.35,375.0,374.35,374.7,8555.701729
2026-07-23T12:00:00+00:00,374.63,374.85,374.54,374.83,4872.043587
2026-07-23T12:05:00+00:00,374.75,374.75,374.43,374.43,613.026702
2026-07-23T12:10:00+00:00,374.53,374.6599,374.4,374.52,6852.785972
2026-07-23T12:15:00+00:00,374.48,374.6,374.32,374.32,957.0
2026-07-23T12:20:00+00:00,374.53,374.53,373.75,374.0,7585.475536
2026-07-23T12:25:00+00:00,373.92,374.0,373.38,373.52,1625.357
2026-07-23T12:30:00+00:00,373.54,373.93,373.54,373.8,7035.936833
2026-07-23T12:35:00+00:00,373.8,373.8,373.15,373.54,16878.07269
2026-07-23T12:40:00+00:00,373.7899,373.7899,372.86,373.53,20804.151491
2026-07-23T12:45:00+00:00,373.6,373.6,373.0,373.25,10865.553985
2026-07-23T12:50:00+00:00,373.2,373.2,372.67,372.95,107821.402589
2026-07-23T12:55:00+00:00,373.04,373.19,372.62,372.62,16663.58983
2026-07-23T13:00:00+00:00,372.75,373.0,372.51,372.54,7504.113539
2026-07-23T13:05:00+00:00,372.5,372.66,371.93,371.93,11010.96269
2026-07-23T13:10:00+00:00,372.0,372.0,371.07,371.33,32618.265679000004
2026-07-23T13:15:00+00:00,371.16,371.22,370.62,370.65,24768.129992
2026-07-23T13:20:00+00:00,370.65,371.46,370.65,371.46,11869.246717
2026-07-23T13:25:00+00:00,371.42,371.89,371.4,371.68,12898.837247
2026-07-23T13:30:00+00:00,371.81,372.27,371.7,372.27,3821.026875
2026-07-23T13:35:00+00:00,372.36,373.0852,372.22,372.76,256065.14487000002
2026-07-23T13:40:00+00:00,372.72,372.84,372.0,372.0901,122698.858068
2026-07-23T13:45:00+00:00,372.125,372.64,372.01,372.16,88480.75895999999
2026-07-23T13:50:00+00:00,372.13,372.17,371.53,371.66,101296.71001399998
2026-07-23T13:55:00+00:00,371.74,372.32,371.6848,372.0903,48868.892221999995
2026-07-23T14:00:00+00:00,372.09,372.22,370.85,370.865,62472.311121000006
2026-07-23T14:05:00+00:00,370.89,371.55,370.84,370.91,186578.844751
2026-07-23T14:10:00+00:00,370.88,371.1,370.53,371.06,245010.563918
2026-07-23T14:15:00+00:00,371.08,371.5796,370.72,371.31,156229.677319
2026-07-23T14:20:00+00:00,371.29,371.4601,370.755,370.92,288888.157364
2026-07-23T14:25:00+00:00,370.89,371.65,370.785,371.65,158868.624489
2026-07-23T14:30:00+00:00,371.61,372.08,371.56,372.03,131390.909961
2026-07-23T14:35:00+00:00,372.08,372.1999,371.6601,371.8886,58898.898613000005
2026-07-23T14:40:00+00:00,371.89,372.44,371.61,372.32,162956.68651700002
2026-07-23T14:45:00+00:00,372.32,372.375,372.05,372.13,97798.38899200001
2026-07-23T14:50:00+00:00,372.12,372.55,372.09,372.3,28682.813037999997
2026-07-23T14:55:00+00:00,372.315,372.435,372.09,372.155,35918.166847
2026-07-23T15:00:00+00:00,372.15,372.425,372.15,372.25,26721.487176999995
2026-07-23T15:05:00+00:00,372.18,372.35,372.03,372.12,38565.028909
2026-07-23T15:10:00+00:00,372.15,372.21,371.64,371.64,85848.11421599999
2026-07-23T15:15:00+00:00,371.675,371.855,371.45,371.63,68903.494209
2026-07-23T15:20:00+00:00,371.62,372.115,371.55,371.68,37824.685019
2026-07-23T15:25:00+00:00,371.78,371.835,371.09,371.505,82153.748695
2026-07-23T15:30:00+00:00,371.535,371.54,371.17,371.17,50657.835453
2026-07-23T15:35:00+00:00,371.2,371.2,370.8,371.0701,33151.762198000004
2026-07-23T15:40:00+00:00,371.115,371.66,371.105,371.49,1485487.191304
2026-07-23T15:45:00+00:00,371.445,371.795,371.33,371.36,28834.553226999997
2026-07-23T15:50:00+00:00,371.3561,371.6153,371.275,371.47,25781.482985
2026-07-23T15:55:00+00:00,371.43,371.6099,371.235,371.55,23976.14121
2026-07-23T16:00:00+00:00,371.55,371.58,371.22,371.39,27672.292907000003
2026-07-23T16:05:00+00:00,371.42,371.6,371.35,371.35,157551.846567
2026-07-23T16:10:00+00:00,371.355,371.51,371.27,371.385,37251.788407
2026-07-23T16:15:00+00:00,371.39,371.57,371.33,371.53,51988.319216
2026-07-23T16:20:00+00:00,371.52,371.57,371.13,371.19,23128.877088
2026-07-23T16:25:00+00:00,371.19,371.64,371.19,371.34,59402.662738
2026-07-23T16:30:00+00:00,371.37,371.64,371.34,371.51,52817.525529000006
2026-07-23T16:35:00+00:00,371.5,371.555,371.31,371.3242,127513.65062999997
2026-07-23T16:40:00+00:00,371.32,371.5799,371.24,371.54,15632.057247
2026-07-23T16:45:00+00:00,371.55,371.59,371.42,371.51,372680.68749599997
2026-07-23T16:50:00+00:00,371.49,371.605,371.42,371.44,27493.543380000003
2026-07-23T16:55:00+00:00,371.43,371.475,371.32,371.43,16501.343918
2026-07-23T17:00:00+00:00,371.475,371.68,371.4547,371.64,140198.87154599998
2026-07-23T17:05:00+00:00,371.65,371.92,371.57,371.65,51030.796966999995
2026-07-23T17:10:00+00:00,371.682,371.825,371.24,371.34,32680.298319999998
2026-07-23T17:15:00+00:00,371.3475,371.44,371.24,371.28,14757.672906
2026-07-23T17:20:00+00:00,371.26,371.49,371.14,371.19,245093.792836
2026-07-23T17:25:00+00:00,371.2,371.56,371.2,371.385,27154.911711999997
2026-07-23T17:30:00+00:00,371.39,371.49,371.2,371.26,21685.365788000003
2026-07-23T17:35:00+00:00,371.23,371.43,371.215,371.28,15508.167808
2026-07-23T17:40:00+00:00,371.27,371.3,370.95,370.98,42510.971563
2026-07-23T17:45:00+00:00,371.06,371.0699,370.76,370.85,38996.526987
2026-07-23T17:50:00+00:00,370.84,370.98,370.81,370.9301,67029.495486
2026-07-23T17:55:00+00:00,370.96,370.9799,370.79,370.89,24362.095
2026-07-23T18:00:00+00:00,370.88,370.915,370.76,370.77,30615.067286
2026-07-23T18:05:00+00:00,370.79,370.89,370.65,370.74,23194.846109
2026-07-23T18:10:00+00:00,370.73,370.97,370.64,370.89,24688.981214000003
2026-07-23T18:15:00+00:00,370.88,370.98,370.69,370.75,99895.033862
2026-07-23T18:20:00+00:00,370.73,371.0,370.66,370.89,57293.308056999995
2026-07-23T18:25:00+00:00,370.89,370.9097,370.63,370.78,34522.664287
2026-07-23T18:30:00+00:00,370.76,371.1,370.69,371.035,30897.249964000002
2026-07-23T18:35:00+00:00,371.07,371.3355,371.05,371.065,90944.902144
2026-07-23T18:40:00+00:00,371.0904,371.22,371.01,371.09,29324.676778
2026-07-23T18:45:00+00:00,371.1,371.205,371.06,371.185,24255.594803
2026-07-23T18:50:00+00:00,371.235,371.39,371.22,371.2803,22958.040979
2026-07-23T18:55:00+00:00,371.28,371.28,371.12,371.16,54150.711387
2026-07-23T19:00:00+00:00,371.195,371.23,371.05,371.16,19232.164758
2026-07-23T19:05:00+00:00,371.21,371.41,371.09,371.09,50557.775413
2026-07-23T19:10:00+00:00,371.09,371.19,370.93,370.93,80955.559643
2026-07-23T19:15:00+00:00,370.93,371.01,370.88,370.91,96196.393431
2026-07-23T19:20:00+00:00,370.91,371.16,370.9,371.075,36948.421727
2026-07-23T19:25:00+00:00,371.07,371.38,371.06,371.3362,32755.676657
2026-07-23T19:30:00+00:00,371.33,371.45,371.23,371.34,37840.735091
2026-07-23T19:35:00+00:00,371.37,371.6,371.14,371.275,57920.456605
2026-07-23T19:40:00+00:00,371.26,371.385,371.23,371.335,57959.045713
2026-07-23T19:45:00+00:00,371.335,371.355,371.12,371.12,104611.370217
2026-07-23T19:50:00+00:00,371.13,371.22,371.04,371.14,74400.086575
2026-07-23T19:55:00+00:00,371.17,371.57,371.14,371.56,240649.122506
2026-07-23T20:00:00+00:00,371.56,371.66,371.48,371.54,311632.40042
2026-07-23T20:05:00+00:00,371.52,371.62,371.48,371.5,22152.626826999996
2026-07-23T20:10:00+00:00,371.38,371.45,371.34,371.42,8722.0
2026-07-23T20:20:00+00:00,371.5,371.5,371.35,371.38,3868.37205
2026-07-23T20:25:00+00:00,371.38,371.46,371.37,371.46,1490.0
2026-07-23T20:30:00+00:00,371.41,371.56,371.41,371.56,2337.0
2026-07-23T20:35:00+00:00,371.55,371.56,371.51,371.55,1618.053375
2026-07-23T20:40:00+00:00,371.5784,371.5784,371.53,371.53,10963.0
2026-07-23T20:45:00+00:00,371.47,371.47,371.43,371.43,1219.0
2026-07-23T21:05:00+00:00,371.52,371.52,371.52,371.52,147.0
2026-07-23T21:15:00+00:00,371.8,371.8,371.8,371.8,187.0
2026-07-23T21:20:00+00:00,372.0,372.0,371.5,371.5,301.0
2026-07-23T21:30:00+00:00,371.6,371.6,371.6,371.6,128.011206
2026-07-23T21:40:00+00:00,371.6918,371.6918,371.6918,371.6918,68.914679
2026-07-23T21:45:00+00:00,371.69,371.7189,371.69,371.7189,1145.723356
2026-07-23T21:50:00+00:00,371.9197,371.9197,371.75,371.9,1749.8215699999998
2026-07-23T21:55:00+00:00,371.7887,371.7887,371.18,371.18,550.0
2026-07-23T22:00:00+00:00,371.5,371.5,371.5,371.5,503.0
2026-07-23T22:05:00+00:00,371.5,371.5,371.39,371.39,289.0
2026-07-23T22:10:00+00:00,371.5,371.5,371.5,371.5,1502.0
2026-07-23T22:15:00+00:00,371.2515,371.2515,371.2515,371.2515,123.0
2026-07-23T22:20:00+00:00,371.5,371.5,371.4814,371.5,791.0
2026-07-23T22:25:00+00:00,371.49,371.5,371.49,371.5,662.0
2026-07-23T22:40:00+00:00,371.46,371.52,371.46,371.52,330.0
2026-07-23T22:50:00+00:00,371.47,371.47,371.47,371.47,990.0
2026-07-23T22:55:00+00:00,371.52,371.52,371.52,371.52,298.0
2026-07-23T23:00:00+00:00,371.56,371.56,371.4,371.4,323.01
2026-07-23T23:05:00+00:00,371.4,371.5,371.3,371.5,354.255599
2026-07-23T23:10:00+00:00,371.3,371.3,371.3,371.3,90.0
2026-07-23T23:20:00+00:00,371.48,371.49,371.37,371.37,963.053817
2026-07-23T23:25:00+00:00,371.3555,371.5,371.3555,371.45,720.0
2026-07-23T23:30:00+00:00,371.49,371.52,371.48,371.52,296.0
2026-07-23T23:35:00+00:00,371.57,371.67,371.4901,371.67,1659.810858
2026-07-23T23:40:00+00:00,371.51,371.51,371.3949,371.3949,935.0
2026-07-23T23:45:00+00:00,371.39,371.39,371.39,371.39,86.0
2026-07-23T23:50:00+00:00,371.35,371.37,371.34,371.34,1907.0
2026-07-23T23:55:00+00:00,371.4,371.4,371.4,371.4,55.0
2026-07-24T00:00:00+00:00,371.27,371.32,371.27,371.32,333.0
2026-07-24T08:05:00+00:00,370.4,371.82,368.98,371.29,82754.259853
2026-07-24T08:10:00+00:00,369.33,371.6,369.33,371.19,1869.342075
2026-07-24T08:15:00+00:00,371.28,371.33,371.18,371.18,1092.948892
2026-07-24T08:20:00+00:00,371.25,371.26,371.22,371.22,939.026933
2026-07-24T08:30:00+00:00,371.42,371.69,371.37,371.69,1086.057
2026-07-24T08:35:00+00:00,371.74,371.74,371.6,371.67,2321.0
2026-07-24T08:40:00+00:00,371.55,371.79,371.55,371.75,550.117992
2026-07-24T08:45:00+00:00,371.9,372.0,371.85,372.0,1438.4736010000001
2026-07-24T08:50:00+00:00,372.0,372.0,371.8,371.92,6377.359759999999
2026-07-24T08:55:00+00:00,372.0,372.17,372.0,372.16,4725.0
2026-07-24T09:00:00+00:00,372.16,372.32,372.15,372.31,2800.057764
2026-07-24T09:05:00+00:00,372.31,372.4,372.15,372.15,3049.0
2026-07-24T09:10:00+00:00,372.16,372.25,372.1,372.25,535.0
2026-07-24T09:15:00+00:00,372.1,372.1,371.94,371.96,2520.5525239999997
2026-07-24T09:20:00+00:00,371.97,372.11,371.87,371.97,5779.0
2026-07-24T09:25:00+00:00,371.96,371.9783,371.88,371.92,1167.002688
2026-07-24T09:35:00+00:00,371.76,371.88,371.76,371.88,2620.0071900000003
2026-07-24T09:40:00+00:00,371.93,371.98,371.93,371.96,1303.0
2026-07-24T09:45:00+00:00,371.96,372.12,371.96,372.07,4841.0
2026-07-24T09:50:00+00:00,372.11,372.11,372.09,372.11,595.0
2026-07-24T09:55:00+00:00,372.0,372.26,372.0,372.26,2757.11544
2026-07-24T10:00:00+00:00,372.38,372.39,372.38,372.39,142.299251
2026-07-24T10:05:00+00:00,372.54,372.63,372.36,372.63,2312.849196
2026-07-24T10:10:00+00:00,372.42,372.5,372.36,372.5,9506.020805
2026-07-24T10:15:00+00:00,372.43,372.43,372.31,372.35,3707.079351
2026-07-24T10:20:00+00:00,372.4,372.56,372.4,372.5,606.449291
2026-07-24T10:25:00+00:00,372.53,372.53,372.53,372.53,136.0
2026-07-24T10:30:00+00:00,372.62,372.82,372.62,372.82,422.58022
2026-07-24T10:35:00+00:00,372.73,372.86,372.68,372.68,851.0
2026-07-24T10:45:00+00:00,372.4,372.4,372.36,372.36,666.472041
2026-07-24T10:55:00+00:00,372.38,372.41,372.12,372.25,97690.0
2026-07-24T11:00:00+00:00,372.17,372.28,372.17,372.25,9432.0
2026-07-24T11:05:00+00:00,372.39,372.7,372.3508,372.7,2094.773885
2026-07-24T11:10:00+00:00,372.63,372.7,372.63,372.7,514.079264
2026-07-24T11:15:00+00:00,372.5,372.5,372.4406,372.5,661.0
2026-07-24T11:20:00+00:00,372.55,372.55,372.47,372.48,714.0
2026-07-24T11:25:00+00:00,372.5,372.5,372.4765,372.4765,207.235387
2026-07-24T11:35:00+00:00,372.2821,372.46,372.2821,372.46,719.0
2026-07-24T11:40:00+00:00,372.42,372.42,372.2,372.2,11939.0
2026-07-24T11:45:00+00:00,372.11,372.11,372.11,372.11,127.0
2026-07-24T11:50:00+00:00,372.08,372.09,371.89,371.9,657.0
2026-07-24T11:55:00+00:00,371.8,371.84,371.76,371.76,318.0
2026-07-24T12:00:00+00:00,371.76,372.4,371.66,372.4,8187.896925
2026-07-24T12:05:00+00:00,372.16,372.2107,371.88,371.91,2546.4483609999997
2026-07-24T12:10:00+00:00,371.76,372.3192,371.76,372.3192,2755.0
2026-07-24T12:15:00+00:00,372.21,372.21,372.07,372.07,715.091417
2026-07-24T12:20:00+00:00,372.11,372.12,372.11,372.12,188.0
2026-07-24T12:25:00+00:00,372.13,372.26,372.02,372.26,3432.0
2026-07-24T12:30:00+00:00,372.37,372.48,372.15,372.42,637.0
2026-07-24T12:35:00+00:00,372.37,372.37,372.13,372.36,1930.0
2026-07-24T12:40:00+00:00,372.2,372.22,372.11,372.11,1432.009
2026-07-24T12:45:00+00:00,372.04,372.1,371.72,371.93,4300.0
2026-07-24T12:50:00+00:00,372.07,372.07,371.7,371.8401,19560.0
2026-07-24T12:55:00+00:00,371.9,371.97,371.9,371.97,187.61769900000002
2026-07-24T13:00:00+00:00,371.92,372.04,371.7,372.01,6066.0
2026-07-24T13:05:00+00:00,372.04,372.24,371.66,371.76,10025.0
2026-07-24T13:10:00+00:00,371.77,371.77,371.15,371.21,10659.0
2026-07-24T13:15:00+00:00,371.22,371.47,371.06,371.3128,23298.014243
2026-07-24T13:20:00+00:00,371.34,371.34,371.08,371.1,4651.0
2026-07-24T13:25:00+00:00,371.22,371.48,371.2,371.2,2425.060815
2026-07-24T13:30:00+00:00,371.31,371.37,371.14,371.14,1457.0
2026-07-24T13:35:00+00:00,371.26,371.54,371.03,371.47,91706.13823299999
2026-07-24T13:40:00+00:00,371.54,372.16,371.5,372.125,69460.304559
2026-07-24T13:45:00+00:00,372.11,372.15,371.67,371.711,31324.528707
2026-07-24T13:50:00+00:00,371.72,372.53,371.34,372.275,50578.254218999995
2026-07-24T13:55:00+00:00,372.29,372.57,372.09,372.4499,53143.124469999995
2026-07-24T14:00:00+00:00,372.415,373.28,372.18,373.12,88831.22246699999
2026-07-24T14:05:00+00:00,373.15,373.38,372.72,372.73,110857.42535
2026-07-24T14:10:00+00:00,372.75,372.88,372.24,372.7088,79654.633247
2026-07-24T14:15:00+00:00,372.75,372.81,372.38,372.38,37528.874341
2026-07-24T14:20:00+00:00,372.38,372.495,372.1101,372.28,61777.22285400001
2026-07-24T14:25:00+00:00,372.32,372.915,372.16,372.83,48084.809496
2026-07-24T14:30:00+00:00,372.94,373.33,372.91,373.05,79350.904429
2026-07-24T14:35:00+00:00,372.9701,373.21,372.93,372.96,36042.267348
2026-07-24T14:40:00+00:00,372.93,373.075,372.45,372.54,20545.797983
2026-07-24T14:45:00+00:00,372.56,372.68,372.4,372.5093,50536.350857
2026-07-24T14:50:00+00:00,372.4612,372.81,372.35,372.7538,19706.507308
2026-07-24T14:55:00+00:00,372.78,372.885,372.58,372.61,13954.632330999999
2026-07-24T15:00:00+00:00,372.64,373.07,372.61,372.79,64071.399119999995
2026-07-24T15:05:00+00:00,372.84,373.14,372.64,372.92,45706.63516499999
2026-07-24T15:10:00+00:00,372.86,372.91,372.65,372.82,11135.952137999999
2026-07-24T15:15:00+00:00,372.78,374.02,372.78,373.91,84979.406694
2026-07-24T15:20:00+00:00,373.83,374.46,373.59,374.05,90642.020598
2026-07-24T15:25:00+00:00,374.02,374.49,373.6,373.77,85625.045893
2026-07-24T15:30:00+00:00,373.81,374.01,373.64,373.89,36152.647294
2026-07-24T15:35:00+00:00,373.87,374.0,373.77,373.78,36124.062749
2026-07-24T15:40:00+00:00,373.78,374.24,373.74,374.13,37767.527066
2026-07-24T15:45:00+00:00,374.1289,374.29,373.51,373.59,61053.700085000004
2026-07-24T15:50:00+00:00,373.6,373.72,373.48,373.68,20428.349251
2026-07-24T15:55:00+00:00,373.69,373.94,373.66,373.845,28063.537411
2026-07-24T16:00:00+00:00,373.86,374.13,373.86,374.06,48281.344995
2026-07-24T16:05:00+00:00,374.07,374.085,373.87,374.02,42884.091825
2026-07-24T16:10:00+00:00,374.02,374.075,373.87,373.97,43573.029667999996
2026-07-24T16:15:00+00:00,373.97,374.06,373.81,373.86,43049.940038
2026-07-24T16:20:00+00:00,373.865,373.95,373.765,373.85,47253.947339000006
2026-07-24T16:25:00+00:00,373.85,374.11,373.76,374.02,58475.758833
2026-07-24T16:30:00+00:00,374.0673,374.16,373.72,373.7594,59029.582247000006
2026-07-24T16:35:00+00:00,373.77,373.77,373.44,373.6103,44146.724356
2026-07-24T16:40:00+00:00,373.6199,373.6199,373.2,373.23,12186.648095999999
2026-07-24T16:45:00+00:00,373.25,373.29,373.1044,373.18,77951.673883
2026-07-24T16:50:00+00:00,373.2,373.2,372.87,372.92,52558.638874
2026-07-24T16:55:00+00:00,372.93,373.015,372.85,372.99,40426.766697
2026-07-24T17:00:00+00:00,372.99,373.19,372.96,373.14,11184.021345
2026-07-24T17:05:00+00:00,373.145,373.2391,373.105,373.19,12273.838398
2026-07-24T17:10:00+00:00,373.19,373.19,372.86,373.005,69049.11594999999
2026-07-24T17:15:00+00:00,373.0191,373.0499,372.755,372.845,14086.848881999998
2026-07-24T17:20:00+00:00,372.85,373.1,372.79,373.1,28272.980903
2026-07-24T17:25:00+00:00,373.08,373.27,372.94,373.27,26421.181079
2026-07-24T17:30:00+00:00,373.25,373.36,373.13,373.27,50210.61654399999
2026-07-24T17:35:00+00:00,373.235,373.37,373.16,373.27,21558.563885
2026-07-24T17:40:00+00:00,373.28,373.29,373.18,373.21,22145.631892999998
2026-07-24T17:45:00+00:00,373.22,373.29,373.05,373.08,12396.423436000001
2026-07-24T17:50:00+00:00,373.08,373.14,372.93,373.01,15659.168472
2026-07-24T17:55:00+00:00,373.04,373.13,372.78,372.79,19355.436020999998
2026-07-24T18:00:00+00:00,372.82,372.95,372.8,372.8,16206.922962
2026-07-24T18:05:00+00:00,372.79,372.87,372.61,372.7,23616.206095999998
2026-07-24T18:10:00+00:00,372.76,372.9,372.74,372.77,17076.526819
2026-07-24T18:15:00+00:00,372.81,372.81,372.62,372.62,11162.451213
2026-07-24T18:20:00+00:00,372.65,372.755,372.5,372.51,22280.135017
2026-07-24T18:25:00+00:00,372.515,372.53,372.18,372.27,34162.287383999996
2026-07-24T18:30:00+00:00,372.295,372.325,372.01,372.04,50206.488341000004
2026-07-24T18:35:00+00:00,372.055,372.1,371.78,371.8865,37941.771624
2026-07-24T18:40:00+00:00,371.92,372.205,371.85,372.095,63065.070617000005
2026-07-24T18:45:00+00:00,372.08,372.08,371.69,371.77,21150.105789
2026-07-24T18:50:00+00:00,371.79,372.04,371.745,371.9,20649.084879000002
2026-07-24T18:55:00+00:00,371.91,372.11,371.85,371.97,19634.294393999997
2026-07-24T19:00:00+00:00,371.9506,372.05,371.9305,371.9947,13360.815353999998
2026-07-24T19:05:00+00:00,371.98,372.12,371.795,371.99,32230.759613000002
2026-07-24T19:10:00+00:00,371.9601,372.02,371.82,371.84,19444.069881000003
2026-07-24T19:15:00+00:00,371.83,372.019,371.77,371.79,22649.416148
2026-07-24T19:20:00+00:00,371.79,371.8,371.54,371.63,30196.528711000003
2026-07-24T19:25:00+00:00,371.64,371.67,371.51,371.53,24385.086521999998
2026-07-24T19:30:00+00:00,371.53,371.725,371.4803,371.69,41800.236619
2026-07-24T19:35:00+00:00,371.695,371.97,371.68,371.92,20206.041959000002
2026-07-24T19:40:00+00:00,371.92,372.12,371.9,372.025,76547.160356
2026-07-24T19:45:00+00:00,372.015,372.28,372.015,372.17,52922.814889
2026-07-24T19:50:00+00:00,372.17,372.22,371.97,371.9999,59453.115136
2026-07-24T19:55:00+00:00,372.01,372.04,371.86,372.02,48612.012951
2026-07-24T20:00:00+00:00,372.02,372.02,371.77,371.9,132278.283031
2026-07-24T20:05:00+00:00,371.9,371.96,371.86,371.9,4583.985344
2026-07-24T20:10:00+00:00,371.9292,371.9292,371.79,371.79,5044.02735
2026-07-24T20:15:00+00:00,371.78,371.85,371.78,371.8,406.650236
2026-07-24T20:20:00+00:00,371.84,371.84,371.79,371.79,240.0
2026-07-24T20:30:00+00:00,371.95,371.99,371.95,371.99,4135.015353
2026-07-24T20:35:00+00:00,371.73,371.73,371.73,371.73,369.0
2026-07-24T20:50:00+00:00,371.96,371.96,371.95,371.96,327.002688
2026-07-24T20:55:00+00:00,371.95,371.95,371.95,371.95,273.0
2026-07-24T21:10:00+00:00,371.98,372.85,371.98,372.1803,4978.60269
2026-07-24T21:15:00+00:00,372.1,372.1,372.0001,372.0001,213.0
2026-07-24T21:25:00+00:00,372.0101,372.106,372.0101,372.106,285.930608
2026-07-24T21:30:00+00:00,372.49,372.49,372.49,372.49,383.0
2026-07-24T21:35:00+00:00,372.19,372.22,372.05,372.05,443.0
2026-07-24T21:40:00+00:00,372.27,372.29,372.27,372.29,270.0
2026-07-24T21:45:00+00:00,372.37,372.37,372.28,372.28,194.380563
2026-07-24T22:00:00+00:00,372.28,372.28,372.28,372.28,138.0
2026-07-24T22:05:00+00:00,372.3,372.3,372.3,372.3,191.0
2026-07-24T22:10:00+00:00,372.3,372.48,372.3,372.3,340.225017
2026-07-24T22:15:00+00:00,372.31,372.31,372.31,372.31,72.007715
2026-07-24T22:20:00+00:00,372.4117,372.4117,372.04,372.39,447.652987
2026-07-24T22:25:00+00:00,372.1,372.41,371.98,371.98,2524.288482
2026-07-24T22:30:00+00:00,372.03,372.3518,372.0,372.0,1059.0
2026-07-24T22:40:00+00:00,372.03,372.42,371.99,372.42,2085.0
2026-07-24T22:45:00+00:00,372.3731,372.3731,372.3731,372.3731,92.0
2026-07-24T22:50:00+00:00,372.0201,372.3518,372.0201,372.3518,90.0
2026-07-24T22:55:00+00:00,372.34,372.38,372.34,372.38,212.0
2026-07-24T23:00:00+00:00,371.98,371.98,371.98,371.98,49.0
2026-07-24T23:05:00+00:00,372.02,372.35,372.02,372.35,147.0
2026-07-24T23:15:00+00:00,372.33,372.33,372.33,372.33,73.0
2026-07-24T23:20:00+00:00,372.28,372.28,372.28,372.28,42.0
2026-07-24T23:25:00+00:00,372.3962,372.3962,372.3962,372.3962,144.0
2026-07-24T23:40:00+00:00,372.4,372.4782,372.4,372.4,1296.0
2026-07-24T23:50:00+00:00,372.45,372.49,372.45,372.45,3385.248184
2026-07-24T23:55:00+00:00,372.48,372.48,372.48,372.48,62.0
2026-07-25T00:00:00+00:00,372.48,372.49,372.48,372.49,173.0
2026-07-27T08:05:00+00:00,375.4,376.55,374.74,375.13,24375.423102
2026-07-27T08:10:00+00:00,375.02,375.02,375.02,375.02,130.0
2026-07-27T08:15:00+00:00,375.24,375.39,375.23,375.3252,929.005328
2026-07-27T08:20:00+00:00,375.34,375.34,375.34,375.34,101.0
2026-07-27T08:25:00+00:00,375.05,375.05,375.05,375.05,349.0
2026-07-27T08:30:00+00:00,375.33,375.39,375.33,375.39,331.136917
2026-07-27T08:35:00+00:00,375.22,375.23,375.0,375.0,2851.325156
2026-07-27T08:45:00+00:00,375.4,375.42,375.26,375.38,7039.0
2026-07-27T08:50:00+00:00,375.56,375.56,375.45,375.45,657.0
2026-07-27T08:55:00+00:00,375.5,375.5,375.5,375.5,100.0
2026-07-27T09:00:00+00:00,375.58,375.74,375.58,375.74,175.0
2026-07-27T09:05:00+00:00,375.65,375.86,375.65,375.83,995.0
2026-07-27T09:10:00+00:00,375.78,375.99,375.75,375.79,1100.149017
2026-07-27T09:15:00+00:00,375.68,375.68,375.67,375.67,230.0
2026-07-27T09:20:00+00:00,375.52,375.63,375.52,375.63,234.0
2026-07-27T09:25:00+00:00,375.56,375.56,375.48,375.48,132.05700000000002
2026-07-27T09:30:00+00:00,375.57,375.68,375.38,375.38,2472.0
2026-07-27T09:35:00+00:00,375.33,375.54,375.26,375.54,1387.0
2026-07-27T09:40:00+00:00,375.43,375.59,375.43,375.59,236.0
2026-07-27T09:45:00+00:00,375.48,375.48,375.48,375.48,171.0
2026-07-27T09:50:00+00:00,375.72,375.94,375.72,375.89,2679.013127
2026-07-27T09:55:00+00:00,376.0,376.06,375.83,375.93,6454.0
2026-07-27T10:00:00+00:00,375.99,376.15,375.87,375.87,1721.0
2026-07-27T10:05:00+00:00,375.76,375.76,375.645,375.71,712.7183620000001
2026-07-27T10:10:00+00:00,375.6,375.61,375.56,375.56,528.057
2026-07-27T10:15:00+00:00,375.28,375.28,374.99,375.17,1399.0
2026-07-27T10:20:00+00:00,375.26,375.3053,375.19,375.3053,255.0
2026-07-27T10:25:00+00:00,375.5,375.5,375.5,375.5,150.0
2026-07-27T10:30:00+00:00,375.53,375.54,375.53,375.53,5026.399487
2026-07-27T10:35:00+00:00,375.57,375.79,375.57,375.79,5177.0
2026-07-27T10:40:00+00:00,375.87,376.065,375.79,376.065,3999.12128
2026-07-27T10:45:00+00:00,376.06,376.29,376.06,376.22,4072.038618
2026-07-27T10:50:00+00:00,376.21,376.31,376.21,376.31,206.0
2026-07-27T10:55:00+00:00,376.34,376.34,376.1,376.1,899.0
2026-07-27T11:00:00+00:00,376.19,376.19,376.1,376.15,2224.0
2026-07-27T11:05:00+00:00,376.1,376.21,375.9,375.9,1753.298
2026-07-27T11:10:00+00:00,376.03,376.4,376.03,376.4,2426.0
2026-07-27T11:15:00+00:00,376.4,376.49,376.3,376.3,2543.0
2026-07-27T11:20:00+00:00,376.3992,376.3992,376.2281,376.2281,1318.54
2026-07-27T11:25:00+00:00,376.19,376.2,376.19,376.2,172.0
2026-07-27T11:30:00+00:00,376.24,376.24,376.0,376.0,19354.026935
2026-07-27T11:35:00+00:00,376.09,376.09,375.8,375.8,13513.034842
2026-07-27T11:40:00+00:00,376.0,376.1,375.8,375.8,1041.013918
2026-07-27T11:45:00+00:00,375.8039,375.89,375.72,375.75,1177.00434
2026-07-27T11:50:00+00:00,375.8,375.8,375.73,375.75,776.448029
2026-07-27T11:55:00+00:00,375.84,375.84,375.6,375.6,379.0
2026-07-27T12:00:00+00:00,375.59,375.64,375.58,375.6,1479.0
2026-07-27T12:05:00+00:00,375.68,375.92,375.68,375.8,672.0162
2026-07-27T12:10:00+00:00,375.77,375.8,375.61,375.61,5684.0109919999995
2026-07-27T12:15:00+00:00,375.4,375.4354,374.95,374.95,8790.389043
2026-07-27T12:20:00+00:00,374.8924,375.12,374.54,374.93,3104.728012
2026-07-27T12:25:00+00:00,374.6,374.8,374.45,374.58,4584.013079
2026-07-27T12:30:00+00:00,374.59,375.06,374.59,374.99,6044.603886
2026-07-27T12:35:00+00:00,374.9744,374.9744,374.65,374.7131,1412.030029
2026-07-27T12:40:00+00:00,374.86,374.86,374.85,374.85,392.170879
2026-07-27T12:45:00+00:00,374.99,374.99,374.73,374.8,777.0
2026-07-27T12:50:00+00:00,375.0,375.04,374.6,374.6,1094.7143820000001
2026-07-27T12:55:00+00:00,374.51,374.51,374.51,374.51,120.0
2026-07-27T13:00:00+00:00,374.56,374.68,374.4,374.65,667.058527
2026-07-27T13:05:00+00:00,374.79,375.0128,374.63,374.67,950.041097
2026-07-27T13:10:00+00:00,374.71,374.83,374.5,374.64,3301.2555869999997
2026-07-27T13:15:00+00:00,374.46,374.94,374.46,374.83,1502.0
2026-07-27T13:20:00+00:00,374.92,374.92,374.55,374.55,718.0
2026-07-27T13:25:00+00:00,374.54,374.69,374.43,374.65,1023.0
2026-07-27T13:30:00+00:00,374.62,374.69,374.0,374.01,5217.160913
2026-07-27T13:35:00+00:00,373.89,374.4697,373.87,374.24,101991.75662399999
2026-07-27T13:40:00+00:00,374.25,374.94,374.25,374.77,43388.376048000006
2026-07-27T13:45:00+00:00,374.78,375.11,374.65,374.85,48848.128312999994
2026-07-27T13:50:00+00:00,374.9,375.14,374.75,374.94,54487.293532
2026-07-27T13:55:00+00:00,374.95,375.1,374.085,374.68,60733.805755
2026-07-27T14:00:00+00:00,374.57,374.57,373.39,373.73,103207.268197
2026-07-27T14:05:00+00:00,373.71,374.1759,373.46,373.81,80133.523357
2026-07-27T14:10:00+00:00,373.86,374.08,373.69,374.04,40024.223481
2026-07-27T14:15:00+00:00,374.05,374.06,373.589,374.0,41583.409388
2026-07-27T14:20:00+00:00,374.02,374.16,373.86,373.975,35648.261137999994
2026-07-27T14:25:00+00:00,373.96,373.9999,373.63,373.7,28631.064943
2026-07-27T14:30:00+00:00,373.72,373.75,373.12,373.24,55474.962455
2026-07-27T14:35:00+00:00,373.24,373.3103,373.01,373.21,36820.772202
2026-07-27T14:40:00+00:00,373.18,373.42,373.0,373.23,30562.102852
2026-07-27T14:45:00+00:00,373.194,373.2948,372.91,373.22,22787.831221
2026-07-27T14:50:00+00:00,373.29,373.67,373.29,373.51,76281.757407
2026-07-27T14:55:00+00:00,373.56,373.81,373.46,373.6801,20406.522558
2026-07-27T15:00:00+00:00,373.69,374.06,373.56,373.98,52011.224351000004
2026-07-27T15:05:00+00:00,373.97,373.99,373.61,373.9099,29516.533253
2026-07-27T15:10:00+00:00,373.855,373.855,373.61,373.62,16544.289241
2026-07-27T15:15:00+00:00,373.64,373.955,373.58,373.91,55227.68975
2026-07-27T15:20:00+00:00,373.94,374.1991,373.8793,374.08,40584.014235
2026-07-27T15:25:00+00:00,374.075,374.18,373.8101,373.8568,19898.378912
2026-07-27T15:30:00+00:00,373.855,373.99,373.785,373.97,16419.052197999998
2026-07-27T15:35:00+00:00,373.87,374.0555,373.62,373.7,56430.858560999994
2026-07-27T15:40:00+00:00,373.67,373.8057,373.61,373.7,20825.828856
2026-07-27T15:45:00+00:00,373.7,373.95,373.68,373.92,16787.620753
2026-07-27T15:50:00+00:00,373.94,373.9899,373.795,373.93,39803.882948
2026-07-27T15:55:00+00:00,373.945,374.24,373.92,374.04,39821.682182000004
2026-07-27T16:00:00+00:00,374.04,374.2,374.03,374.14,10880.202683000001
2026-07-27T16:05:00+00:00,374.16,374.27,374.09,374.26,11958.683896999999
2026-07-27T16:10:00+00:00,374.22,374.7,374.13,374.68,37247.631538
2026-07-27T16:15:00+00:00,374.65,374.65,374.35,374.415,10196.467933
2026-07-27T16:20:00+00:00,374.34,374.4399,374.26,374.345,16184.543681
2026-07-27T16:25:00+00:00,374.345,374.54,374.345,374.39,11702.870793
2026-07-27T16:30:00+00:00,374.36,375.11,374.36,374.77,45924.390308999995
2026-07-27T16:35:00+00:00,374.77,375.48,374.755,375.36,47852.87736800001
2026-07-27T16:40:00+00:00,375.3,375.53,375.2,375.21,25119.476909
2026-07-27T16:45:00+00:00,375.23,375.27,374.94,374.99,25253.941254
2026-07-27T16:50:00+00:00,375.04,375.04,374.65,374.65,8460.990603999999
2026-07-27T16:55:00+00:00,374.62,374.6351,374.36,374.42,16625.951726
2026-07-27T17:00:00+00:00,374.4,374.5,374.32,374.5,9285.837006999998
2026-07-27T17:05:00+00:00,374.46,374.47,373.86,373.92,27527.008021999998
2026-07-27T17:10:00+00:00,373.93,373.99,373.7,373.8,44687.756556
2026-07-27T17:15:00+00:00,373.83,373.88,373.42,373.72,49221.312928
2026-07-27T17:20:00+00:00,373.7,373.875,373.6,373.73,53904.703449
2026-07-27T17:25:00+00:00,373.73,373.905,373.67,373.72,24288.946612
2026-07-27T17:30:00+00:00,373.74,373.97,373.7094,373.81,9623.513315
2026-07-27T17:35:00+00:00,373.8401,373.895,373.7,373.7,7122.587071
2026-07-27T17:40:00+00:00,373.73,373.79,373.55,373.63,8715.062931999999
2026-07-27T17:45:00+00:00,373.66,373.79,373.63,373.7,10812.420624
2026-07-27T17:50:00+00:00,373.74,373.88,373.69,373.85,16271.624559
2026-07-27T17:55:00+00:00,373.85,374.055,373.83,373.925,49661.759352
2026-07-27T18:00:00+00:00,373.9601,374.016,373.9353,373.99,6054.135417
2026-07-27T18:05:00+00:00,374.0,374.205,373.93,374.0599,11292.038885
2026-07-27T18:10:00+00:00,374.0463,374.23,374.04,374.17,32448.371141999996
2026-07-27T18:15:00+00:00,374.17,374.18,373.93,373.96,62416.598762
2026-07-27T18:20:00+00:00,373.99,373.99,373.75,373.83,23431.018072000003
2026-07-27T18:25:00+00:00,373.79,373.95,373.75,373.93,11205.543609999999
2026-07-27T18:30:00+00:00,373.94,373.99,373.875,373.98,25217.493271
2026-07-27T18:35:00+00:00,373.965,374.0,373.785,373.785,15543.411197000001
2026-07-27T18:40:00+00:00,373.78,373.8,373.64,373.65,14786.375875
2026-07-27T18:45:00+00:00,373.67,374.22,373.65,373.95,76086.31018100001
2026-07-27T18:50:00+00:00,373.99,373.99,373.8501,373.865,8100.006471
2026-07-27T18:55:00+00:00,373.85,374.185,373.81,374.15,19126.633988
2026-07-27T19:00:00+00:00,374.14,374.25,374.0502,374.13,17924.901208
2026-07-27T19:05:00+00:00,374.14,374.2,374.04,374.065,19130.735557
2026-07-27T19:10:00+00:00,374.04,374.33,373.97,374.33,23773.193338
2026-07-27T19:15:00+00:00,374.335,374.47,374.2801,374.331,16884.608075
2026-07-27T19:20:00+00:00,374.3601,374.71,374.26,374.71,32181.631189
2026-07-27T19:25:00+00:00,374.76,375.08,374.73,374.8,82699.912839
2026-07-27T19:30:00+00:00,374.81,374.8401,374.6,374.79,46780.223148
2026-07-27T19:35:00+00:00,374.82,374.88,374.655,374.775,21806.416063
2026-07-27T19:40:00+00:00,374.77,374.91,374.77,374.8958,30152.389285
2026-07-27T19:45:00+00:00,374.9,374.98,374.8,374.95,31532.164883999998
2026-07-27T19:50:00+00:00,374.94,375.16,374.88,375.15,40997.875454
2026-07-27T19:55:00+00:00,375.13,375.18,374.85,375.02,123202.188163
2026-07-27T20:00:00+00:00,375.0,375.01,374.48,374.56,338095.434825
2026-07-27T20:05:00+00:00,374.63,374.63,374.5,374.5,3486.589035
2026-07-27T20:10:00+00:00,374.53,374.53,374.44,374.47,1284.0
2026-07-27T20:15:00+00:00,374.5,374.53,374.4,374.53,2400.015194
2026-07-27T20:20:00+00:00,374.36,374.36,374.36,374.36,561.0
2026-07-27T20:25:00+00:00,374.32,374.32,374.201,374.201,1158.0
2026-07-27T20:30:00+00:00,374.31,374.31,374.1,374.144,4378.0
2026-07-27T20:35:00+00:00,374.16,374.25,374.09,374.09,2376.0
2026-07-27T20:40:00+00:00,374.02,374.02,374.02,374.02,400.0
2026-07-27T20:50:00+00:00,374.0,374.152,373.95,374.152,1273.0
2026-07-27T20:55:00+00:00,374.0852,374.0852,373.95,373.95,2160.0
2026-07-27T21:00:00+00:00,374.0395,374.0797,374.0395,374.0797,228.0
2026-07-27T21:05:00+00:00,373.7934,374.04,373.7934,374.0184,577.0
2026-07-27T21:10:00+00:00,374.03,374.03,374.0184,374.0184,200.0
2026-07-27T21:15:00+00:00,374.04,374.15,374.04,374.15,874.0
2026-07-27T21:20:00+00:00,374.15,374.44,374.15,374.23,2084.053413
2026-07-27T21:25:00+00:00,373.9413,374.5,373.9413,374.5,397.0
2026-07-27T21:30:00+00:00,373.92,373.92,373.92,373.92,154.0
2026-07-27T21:40:00+00:00,374.38,374.38,374.2986,374.2986,612.030559
2026-07-27T21:45:00+00:00,374.2,374.2,374.16,374.16,815.0
2026-07-27T21:50:00+00:00,374.31,374.31,374.31,374.31,305.0
2026-07-27T21:55:00+00:00,374.3,374.3,374.29,374.29,114.0
2026-07-27T22:05:00+00:00,374.24,374.5,374.24,374.3,11512.874271
2026-07-27T22:15:00+00:00,374.06,374.381,374.06,374.381,1859.0
2026-07-27T22:25:00+00:00,373.82,373.83,373.62,373.64,1851.026042
2026-07-27T22:30:00+00:00,373.53,373.53,373.53,373.53,123.0
2026-07-27T22:35:00+00:00,373.62,373.62,373.62,373.62,51.0
2026-07-27T22:40:00+00:00,373.884,373.884,373.884,373.884,201.0
2026-07-27T22:45:00+00:00,373.4,373.4,373.4,373.4,101.0
2026-07-27T22:50:00+00:00,373.73,373.73,373.68,373.72,2154.0
2026-07-27T22:55:00+00:00,373.8,373.8,373.8,373.8,157.0
2026-07-27T23:00:00+00:00,373.8259,373.8259,373.8259,373.8259,500.03413
2026-07-27T23:15:00+00:00,373.8,373.8,373.8,373.8,192.0
2026-07-27T23:25:00+00:00,373.62,373.62,373.62,373.62,75.0
2026-07-27T23:40:00+00:00,373.57,373.57,373.57,373.57,137.0
2026-07-27T23:45:00+00:00,373.59,373.59,373.55,373.55,1569.0
2026-07-27T23:50:00+00:00,373.63,373.63,373.35,373.36,5463.0
2026-07-27T23:55:00+00:00,373.36,373.6399,373.36,373.52,1278.0
2026-07-28T00:00:00+00:00,373.4,373.64,373.2898,373.64,1348.0
2026-07-28T08:05:00+00:00,371.35,371.7,370.22,371.68,10469.207092
2026-07-28T08:10:00+00:00,371.14,372.0,371.14,371.98,804.014568
2026-07-28T08:15:00+00:00,370.99,371.14,370.97,370.97,457.38919799999996
2026-07-28T08:25:00+00:00,371.41,371.42,371.41,371.42,545.0
2026-07-28T08:35:00+00:00,371.41,371.41,371.09,371.12,851.0
2026-07-28T08:40:00+00:00,371.18,371.19,371.11,371.17,714.313476
2026-07-28T08:45:00+00:00,370.93,371.03,370.87,370.99,1120.002694
2026-07-28T08:55:00+00:00,371.01,371.01,370.84,370.88,3840.0
2026-07-28T09:05:00+00:00,371.03,371.03,370.92,370.92,551.0
2026-07-28T09:10:00+00:00,370.82,370.82,370.81,370.81,183.054845
2026-07-28T09:15:00+00:00,370.8,370.8,370.7,370.7,370.0
2026-07-28T09:25:00+00:00,370.9,370.9,370.86,370.86,174.078032
2026-07-28T09:30:00+00:00,370.81,370.81,370.75,370.75,300.0
2026-07-28T09:35:00+00:00,370.57,370.57,370.31,370.4,1098.25
2026-07-28T09:40:00+00:00,370.2,370.2,369.74,369.86,3587.9491350000003
2026-07-28T09:45:00+00:00,369.93,370.03,369.93,370.01,399.0
2026-07-28T09:50:00+00:00,370.03,370.03,369.8,369.8,2956.0
2026-07-28T09:55:00+00:00,369.83,369.84,369.502,369.64,985.0064110000001
2026-07-28T10:00:00+00:00,369.39,369.4,368.7,369.0,8729.818025
2026-07-28T10:05:00+00:00,369.04,369.2,368.98,369.2,1375.0
2026-07-28T10:10:00+00:00,369.14,369.32,368.97,368.97,1374.0
2026-07-28T10:15:00+00:00,368.93,369.16,368.8,369.16,4320.813112
2026-07-28T10:20:00+00:00,369.08,369.26,368.95,368.95,5638.0
2026-07-28T10:25:00+00:00,368.84,368.86,368.56,368.73,5443.0109
2026-07-28T10:30:00+00:00,368.68,368.7,368.5,368.6,3003.1
2026-07-28T10:35:00+00:00,368.84,369.1,368.84,369.03,2150.076577
2026-07-28T10:40:00+00:00,368.97,369.02,368.94,369.0,1566.00271
2026-07-28T10:45:00+00:00,368.84,368.98,368.84,368.98,996.268684
2026-07-28T10:50:00+00:00,369.01,369.35,369.01,369.14,2388.4
2026-07-28T10:55:00+00:00,369.18,369.43,369.16,369.43,1947.1435000000001
2026-07-28T11:00:00+00:00,369.5,369.53,369.5,369.51,909.014
2026-07-28T11:05:00+00:00,369.42,369.57,369.26,369.31,7303.902
2026-07-28T11:10:00+00:00,369.3,369.53,369.2214,369.49,3093.9746539999996
2026-07-28T11:15:00+00:00,369.45,369.45,369.15,369.18,1275.30709
2026-07-28T11:20:00+00:00,369.27,369.82,369.27,369.71,1180.109972
2026-07-28T11:25:00+00:00,369.7,369.71,369.64,369.71,276.0
2026-07-28T11:30:00+00:00,369.45,369.45,369.39,369.39,290.241799
2026-07-28T11:40:00+00:00,369.46,369.71,369.46,369.68,1361.034162
2026-07-28T11:45:00+00:00,369.57,369.58,369.41,369.42,2350.0
2026-07-28T11:50:00+00:00,369.42,369.5,369.261,369.33,8530.405531
2026-07-28T11:55:00+00:00,369.27,369.3,369.15,369.2,4864.970952
2026-07-28T12:00:00+00:00,369.24,369.45,369.2,369.41,8785.066973
2026-07-28T12:05:00+00:00,369.46,369.46,369.11,369.36,2553.0825
2026-07-28T12:10:00+00:00,369.44,369.56,369.3801,369.3997,2936.0495
2026-07-28T12:15:00+00:00,369.38,369.5,369.1,369.5,5214.994592
2026-07-28T12:20:00+00:00,369.5,369.76,369.3706,369.76,1627.69
2026-07-28T12:25:00+00:00,369.8255,370.0652,369.7,370.0652,1236.0
2026-07-28T12:30:00+00:00,370.03,370.0782,369.9,370.0782,511.368946
2026-07-28T12:35:00+00:00,370.06,370.1,369.2,369.5,11794.0
2026-07-28T12:40:00+00:00,369.5,369.6992,369.45,369.5838,853.2373029999999
2026-07-28T12:45:00+00:00,369.71,370.04,369.685,370.04,909.0
2026-07-28T12:50:00+00:00,370.15,370.33,370.1397,370.14,1802.028694
2026-07-28T12:55:00+00:00,370.07,370.09,370.0,370.0,2382.01332
2026-07-28T13:00:00+00:00,369.88,369.92,369.5732,369.5732,817.0
2026-07-28T13:05:00+00:00,369.75,370.08,369.75,370.0,2364.0
2026-07-28T13:10:00+00:00,369.93,370.03,369.86,370.0,1523.150839
2026-07-28T13:15:00+00:00,369.97,370.031,369.92,369.99,1457.0
2026-07-28T13:20:00+00:00,369.8,369.85,369.75,369.7678,1950.0
2026-07-28T13:25:00+00:00,370.0,370.19,370.0,370.1,6338.070634
2026-07-28T13:30:00+00:00,370.2,370.2,369.57,369.57,2047.270505
2026-07-28T13:35:00+00:00,369.605,369.9734,369.46,369.79,114178.27759999999
2026-07-28T13:40:00+00:00,369.82,369.949,368.89,368.947,137516.61293399998
2026-07-28T13:45:00+00:00,368.93,369.215,368.5,369.21,129218.985459
2026-07-28T13:50:00+00:00,369.25,369.39,368.96,369.2,47092.243071
2026-07-28T13:55:00+00:00,369.225,369.59,369.17,369.41,75059.14616
2026-07-28T14:00:00+00:00,369.41,369.43,368.92,368.97,104488.150405
2026-07-28T14:05:00+00:00,368.96,369.41,368.92,369.345,120848.20526799999
2026-07-28T14:10:00+00:00,369.32,369.79,369.31,369.66,90491.48690799999
2026-07-28T14:15:00+00:00,369.685,369.99,369.21,369.26,128882.330264
2026-07-28T14:20:00+00:00,369.27,369.37,368.74,368.74,110240.680799
2026-07-28T14:25:00+00:00,368.755,368.82,367.98,368.4801,130744.176209
2026-07-28T14:30:00+00:00,368.49,368.99,368.43,368.94,77266.255678
2026-07-28T14:35:00+00:00,368.92,369.23,368.79,368.8032,30141.662771
2026-07-28T14:40:00+00:00,368.8,369.11,368.74,368.81,41943.83521500001
2026-07-28T14:45:00+00:00,368.79,369.1332,368.68,369.04,30635.407759999995
2026-07-28T14:50:00+00:00,369.04,369.565,368.915,369.55,42046.602601
2026-07-28T14:55:00+00:00,369.54,369.64,369.35,369.4817,43143.241441
2026-07-28T15:00:00+00:00,369.45,369.5199,369.15,369.15,25660.03626
2026-07-28T15:05:00+00:00,369.18,369.63,369.12,369.2051,30204.615060000004
2026-07-28T15:10:00+00:00,369.195,369.46,368.97,369.46,26901.892938
2026-07-28T15:15:00+00:00,369.5,370.25,369.5,370.03,77087.18901599999
2026-07-28T15:20:00+00:00,369.96,370.23,369.8675,370.18,34057.246834
2026-07-28T15:25:00+00:00,370.19,370.72,370.19,370.235,66985.131576
2026-07-28T15:30:00+00:00,370.25,370.59,370.14,370.17,35459.438913
2026-07-28T15:35:00+00:00,370.19,370.26,369.91,370.01,61758.494074999995
2026-07-28T15:40:00+00:00,370.05,370.47,369.96,370.31,181820.63733
2026-07-28T15:45:00+00:00,370.32,370.7996,370.29,370.765,29594.500382
2026-07-28T15:50:00+00:00,370.73,371.0599,370.7,370.92,46096.702209999996
2026-07-28T15:55:00+00:00,370.91,371.22,370.79,371.16,36857.443113
2026-07-28T16:00:00+00:00,371.13,371.23,371.04,371.17,36939.614581
2026-07-28T16:05:00+00:00,371.175,371.19,370.78,370.785,81122.262349
2026-07-28T16:10:00+00:00,370.785,371.02,370.75,370.86,59564.380093
2026-07-28T16:15:00+00:00,370.87,371.1,370.78,371.01,36676.15066000001
2026-07-28T16:20:00+00:00,371.02,371.09,370.9,371.08,14406.090424999999
2026-07-28T16:25:00+00:00,371.07,371.12,370.88,370.95,42138.300229
2026-07-28T16:30:00+00:00,371.02,371.02,370.77,370.77,17194.934839
2026-07-28T16:35:00+00:00,370.8,370.92,370.67,370.8488,19864.361498
2026-07-28T16:40:00+00:00,370.85,370.9,370.73,370.78,11645.975351
2026-07-28T16:45:00+00:00,370.79,370.87,370.6,370.645,20513.227321
2026-07-28T16:50:00+00:00,370.67,370.69,370.37,370.4,20701.021241
2026-07-28T16:55:00+00:00,370.4,370.43,370.3102,370.43,44503.186656000005
2026-07-28T17:00:00+00:00,370.42,370.43,370.28,370.37,14046.542576000002
2026-07-28T17:05:00+00:00,370.38,370.58,370.345,370.58,44454.179942
2026-07-28T17:10:00+00:00,370.5999,370.67,370.41,370.435,18886.952882999998
2026-07-28T17:15:00+00:00,370.41,370.45,370.18,370.3,36916.926097
2026-07-28T17:20:00+00:00,370.2758,370.32,370.17,370.19,12826.197424
2026-07-28T17:25:00+00:00,370.16,370.72,370.13,370.231,32987.122369
2026-07-28T17:30:00+00:00,370.22,370.53,370.21,370.35,21947.795893000002
2026-07-28T17:35:00+00:00,370.36,370.37,370.0801,370.1929,26167.304275000002
2026-07-28T17:40:00+00:00,370.12,370.145,369.81,369.81,27091.927186
2026-07-28T17:45:00+00:00,369.79,369.83,369.45,369.54,17580.098694
2026-07-28T17:50:00+00:00,369.53,369.61,369.29,369.61,22033.0398
2026-07-28T17:55:00+00:00,369.54,369.54,369.29,369.345,11598.591054
2026-07-28T18:00:00+00:00,369.35,369.48,369.32,369.47,15113.494201999998
2026-07-28T18:05:00+00:00,369.48,369.63,369.4,369.62,18566.187399
2026-07-28T18:10:00+00:00,369.63,369.71,369.59,369.63,23369.217908
2026-07-28T18:15:00+00:00,369.635,369.65,369.46,369.52,50225.365320000004
2026-07-28T18:20:00+00:00,369.48,369.66,369.475,369.53,36268.559295
2026-07-28T18:25:00+00:00,369.54,369.56,369.35,369.3699,35108.583463
2026-07-28T18:30:00+00:00,369.34,369.44,369.2725,369.4,47271.491092000004
2026-07-28T18:35:00+00:00,369.39,369.42,369.13,369.16,33747.822336000005
2026-07-28T18:40:00+00:00,369.16,369.1699,369.035,369.1098,36888.8345
2026-07-28T18:45:00+00:00,369.105,369.2,369.05,369.1,18895.524029
2026-07-28T18:50:00+00:00,369.08,369.3,369.07,369.08,86946.27208299999
2026-07-28T18:55:00+00:00,369.11,369.1504,368.96,369.0,36651.836607000005
2026-07-28T19:00:00+00:00,368.99,369.02,368.88,368.99,46814.585159
2026-07-28T19:05:00+00:00,369.02,369.17,368.95,369.1599,53888.21182
2026-07-28T19:10:00+00:00,369.14,369.29,369.07,369.2,89778.88316299999
2026-07-28T19:15:00+00:00,369.21,369.24,369.11,369.15,54200.546763000006
2026-07-28T19:20:00+00:00,369.155,369.25,369.12,369.12,18163.316259
2026-07-28T19:25:00+00:00,369.12,369.159,369.03,369.05,13547.953876999998
2026-07-28T19:30:00+00:00,369.05,369.1,368.9503,369.08,22670.987234
2026-07-28T19:35:00+00:00,369.1,369.47,369.02,369.445,46144.942104999995
2026-07-28T19:40:00+00:00,369.44,369.45,369.17,369.23,61430.56381400001
2026-07-28T19:45:00+00:00,369.22,369.36,369.21,369.36,41341.240271999995
2026-07-28T19:50:00+00:00,369.36,369.44,369.33,369.36,45256.940894
2026-07-28T19:55:00+00:00,369.36,369.5199,369.25,369.47,115003.324678
2026-07-28T20:00:00+00:00,369.46,369.55,369.35,369.36,210162.103404
2026-07-28T20:05:00+00:00,369.37,369.4,369.11,369.11,220312.10368200002
2026-07-28T20:15:00+00:00,369.17,369.19,369.15,369.18,1031.802529
2026-07-28T20:20:00+00:00,369.22,369.22,369.22,369.22,216.0
2026-07-28T20:25:00+00:00,369.38,369.38,369.38,369.38,269.004953
2026-07-28T20:30:00+00:00,369.35,369.52,369.35,369.5077,676.0
2026-07-28T20:35:00+00:00,369.54,369.56,369.54,369.54,946.0
2026-07-28T20:40:00+00:00,369.54,369.64,369.47,369.58,1866.0
2026-07-28T20:45:00+00:00,369.74,369.74,369.59,369.69,1785.0
2026-07-28T20:50:00+00:00,369.55,369.55,369.52,369.52,259.0
2026-07-28T21:00:00+00:00,369.6808,369.6808,369.6808,369.6808,113.0
2026-07-28T21:05:00+00:00,369.84,369.84,369.84,369.84,55.0
2026-07-28T21:10:00+00:00,369.57,369.57,369.57,369.57,111.0
2026-07-28T21:15:00+00:00,369.78,369.8,369.78,369.8,207.076951
2026-07-28T21:20:00+00:00,369.8188,369.8188,369.8188,369.8188,150.0
2026-07-28T21:30:00+00:00,369.7721,369.7721,369.62,369.62,101.0
2026-07-28T21:35:00+00:00,369.8,369.8,369.61,369.61,235.0
2026-07-28T21:45:00+00:00,369.61,369.61,369.61,369.61,106.055049
2026-07-28T21:50:00+00:00,369.57,369.57,369.47,369.5,1663.435877
2026-07-28T21:55:00+00:00,369.5,369.5,369.4901,369.5,623.0
2026-07-28T22:00:00+00:00,369.49,369.5,369.31,369.5,6676.533346
2026-07-28T22:05:00+00:00,369.4,369.54,369.4,369.4,4403.006754
2026-07-28T22:15:00+00:00,369.4422,369.45,369.196,369.196,1675.0
2026-07-28T22:20:00+00:00,369.3575,369.3575,369.01,369.01,768.0
2026-07-28T22:25:00+00:00,369.01,369.01,368.73,368.73,848.0
2026-07-28T22:30:00+00:00,368.61,369.04,368.51,369.04,688.0
2026-07-28T22:35:00+00:00,368.6266,368.6266,368.3,368.49,902.004043
2026-07-28T22:40:00+00:00,368.38,368.5,368.28,368.4,1051.0
2026-07-28T22:45:00+00:00,368.5,368.53,368.3987,368.53,4303.0
2026-07-28T22:50:00+00:00,368.5,368.5,368.5,368.5,155.0
2026-07-28T22:55:00+00:00,368.54,368.54,368.5,368.5,1142.2
2026-07-28T23:00:00+00:00,368.52,368.66,368.4715,368.64,706.0
2026-07-28T23:05:00+00:00,368.43,368.57,368.4,368.4,263.0
2026-07-28T23:10:00+00:00,368.67,368.73,368.67,368.73,434.028238
2026-07-28T23:15:00+00:00,368.55,368.55,368.55,368.55,156.0
2026-07-28T23:20:00+00:00,368.58,368.58,368.58,368.58,276.0
2026-07-28T23:25:00+00:00,368.5,368.5,368.4701,368.4701,170.0
2026-07-28T23:30:00+00:00,368.58,368.58,368.58,368.58,154.102735
2026-07-28T23:35:00+00:00,368.7,368.7,368.7,368.7,102.0
2026-07-28T23:40:00+00:00,368.56,368.57,368.51,368.51,152.0
2026-07-28T23:45:00+00:00,368.6,369.12,368.6,369.12,429.0
2026-07-28T23:50:00+00:00,368.81,368.81,368.8,368.8,931.0
2026-07-28T23:55:00+00:00,368.9,369.07,368.9,369.05,675.0
2026-07-29T00:00:00+00:00,368.9716,368.9716,368.9509,368.9509,129.0
2026-07-29T08:05:00+00:00,370.08,371.18,368.92,370.75,16099.967923
2026-07-29T08:10:00+00:00,370.73,371.23,370.66,370.66,8434.0
2026-07-29T08:15:00+00:00,370.76,370.76,370.55,370.55,979.5699999999999
2026-07-29T08:20:00+00:00,370.58,370.77,370.58,370.77,960.0
2026-07-29T08:25:00+00:00,370.57,370.57,370.36,370.36,199.0
2026-07-29T08:30:00+00:00,370.25,370.32,370.21,370.32,611.0
2026-07-29T08:35:00+00:00,370.35,370.42,370.3,370.42,1429.0
2026-07-29T08:40:00+00:00,370.26,370.41,370.25,370.4,1024.0
2026-07-29T08:45:00+00:00,370.48,370.48,370.48,370.48,40.0
2026-07-29T08:55:00+00:00,370.52,370.58,370.52,370.58,996.0
2026-07-29T09:00:00+00:00,370.61,370.61,370.4,370.45,1258.5356900000002
2026-07-29T09:05:00+00:00,370.45,370.46,370.45,370.46,2223.0
2026-07-29T09:10:00+00:00,370.35,370.35,370.27,370.31,1046.0
2026-07-29T09:15:00+00:00,370.33,370.33,370.25,370.27,1533.0
2026-07-29T09:20:00+00:00,370.35,370.4,370.35,370.38,2330.0
2026-07-29T09:25:00+00:00,370.24,370.27,370.09,370.09,1883.0
2026-07-29T09:30:00+00:00,370.09,370.09,370.09,370.09,71.59
2026-07-29T09:35:00+00:00,370.05,370.1,369.84,370.0961,5125.136724
2026-07-29T09:40:00+00:00,370.1,370.1,370.0,370.0,274.0
2026-07-29T09:45:00+00:00,369.98,370.13,369.98,370.13,450.0
2026-07-29T09:55:00+00:00,370.24,370.24,370.24,370.24,158.0
2026-07-29T10:00:00+00:00,370.1,370.1,369.9,369.9,1637.0094
2026-07-29T10:05:00+00:00,370.0247,370.05,369.95,369.95,628.0
2026-07-29T10:10:00+00:00,369.98,369.99,369.91,369.94,6838.02
2026-07-29T10:15:00+00:00,369.9,369.9,369.78,369.78,1322.280655
2026-07-29T10:20:00+00:00,369.75,369.77,369.75,369.77,500.0
2026-07-29T10:30:00+00:00,369.7643,369.94,369.7643,369.94,786.0
2026-07-29T10:35:00+00:00,370.0,370.0,370.0,370.0,541.0
2026-07-29T10:40:00+00:00,369.9801,369.9801,369.7,369.7,1567.0
2026-07-29T10:45:00+00:00,369.55,369.55,369.37,369.37,2924.0
2026-07-29T10:50:00+00:00,369.43,369.5,369.42,369.46,1104.0
2026-07-29T10:55:00+00:00,369.43,369.43,369.35,369.3653,1858.888929
2026-07-29T11:00:00+00:00,369.45,369.45,369.395,369.395,160.021888
2026-07-29T11:05:00+00:00,369.5,369.6,369.451,369.5347,1249.246
2026-07-29T11:10:00+00:00,369.5,369.5,369.29,369.36,4981.191463
2026-07-29T11:15:00+00:00,369.47,369.63,369.47,369.63,1025.949601
2026-07-29T11:20:00+00:00,369.63,369.96,369.62,369.95,329.0
2026-07-29T11:25:00+00:00,369.85,369.85,369.85,369.85,87.0
2026-07-29T11:30:00+00:00,369.9,370.0,369.9,369.94,668.0
2026-07-29T11:35:00+00:00,369.88,369.9,369.88,369.9,106.0
2026-07-29T11:40:00+00:00,369.81,369.8645,369.74,369.8,1137.036752
2026-07-29T11:45:00+00:00,369.78,369.78,369.78,369.78,141.0
2026-07-29T11:50:00+00:00,369.74,370.11,369.74,370.11,1395.0
2026-07-29T11:55:00+00:00,370.0,370.0,370.0,370.0,115.0
2026-07-29T12:00:00+00:00,369.84,369.89,369.8,369.89,729.264144
2026-07-29T12:05:00+00:00,369.82,369.86,369.8,369.8,703.30719
2026-07-29T12:10:00+00:00,369.7,369.7,369.59,369.59,809.0
2026-07-29T12:15:00+00:00,369.51,369.51,369.35,369.4,3065.113511
2026-07-29T12:20:00+00:00,369.2,369.25,368.8,368.8,9668.705431
2026-07-29T12:25:00+00:00,368.75,368.811,368.23,368.5,19530.076877
2026-07-29T12:30:00+00:00,368.47,368.5097,368.15,368.15,7734.1473989999995
2026-07-29T12:35:00+00:00,368.12,368.45,367.8,368.42,9230.776082
2026-07-29T12:40:00+00:00,368.58,368.95,368.53,368.9,1346.0
2026-07-29T12:45:00+00:00,368.87,368.87,368.51,368.82,1794.8449719999999
2026-07-29T12:50:00+00:00,368.78,369.0,368.78,368.8675,1154.151086
2026-07-29T12:55:00+00:00,368.81,368.99,368.8,368.89,886.0
2026-07-29T13:00:00+00:00,368.94,369.02,368.91,368.91,1912.004037
2026-07-29T13:05:00+00:00,369.23,369.32,368.75,368.75,1613.0
2026-07-29T13:10:00+00:00,368.58,368.6061,368.38,368.46,2773.0
2026-07-29T13:15:00+00:00,368.5357,368.64,368.36,368.36,1322.0
2026-07-29T13:20:00+00:00,368.3,368.61,368.23,368.61,1189.037709
2026-07-29T13:25:00+00:00,368.45,369.01,368.45,368.78,2115.9851040000003
2026-07-29T13:30:00+00:00,368.84,368.9508,368.2,368.2,15203.08156
2026-07-29T13:35:00+00:00,368.29,368.56,367.8105,368.505,188203.064152
2026-07-29T13:40:00+00:00,368.38,368.5901,368.21,368.3701,57125.518831
2026-07-29T13:45:00+00:00,368.38,368.4,368.08,368.21,100916.29146400001
2026-07-29T13:50:00+00:00,368.15,368.38,367.93,368.24,37875.45613300001
2026-07-29T13:55:00+00:00,368.27,368.27,367.51,367.75,75078.57946
2026-07-29T14:00:00+00:00,367.7101,367.7101,367.12,367.565,339456.389407
2026-07-29T14:05:00+00:00,367.57,367.67,367.03,367.48,84100.386876
2026-07-29T14:10:00+00:00,367.46,367.53,366.81,366.88,90391.069088
2026-07-29T14:15:00+00:00,366.87,367.01,366.526,366.83,47443.056106
2026-07-29T14:20:00+00:00,366.81,367.8087,366.81,367.6405,276399.338962
2026-07-29T14:25:00+00:00,367.67,367.86,367.55,367.84,50253.766916
2026-07-29T14:30:00+00:00,367.835,367.835,367.25,367.415,110836.595966
2026-07-29T14:35:00+00:00,367.39,367.78,367.29,367.63,20153.55221
2026-07-29T14:40:00+00:00,367.645,367.68,367.225,367.3101,40732.569401
2026-07-29T14:45:00+00:00,367.285,367.52,366.85,367.02,34240.620438
2026-07-29T14:50:00+00:00,367.01,367.14,366.7112,367.0301,85177.099476
2026-07-29T14:55:00+00:00,367.01,367.43,366.98,367.38,20600.880615000002
2026-07-29T15:00:00+00:00,367.34,367.44,367.13,367.365,24139.321608000002
2026-07-29T15:05:00+00:00,367.36,367.74,367.22,367.69,47588.155545
2026-07-29T15:10:00+00:00,367.7,367.8,367.53,367.8,29980.419861
2026-07-29T15:15:00+00:00,367.75,367.765,367.44,367.56,18860.922311000002
2026-07-29T15:20:00+00:00,367.56,367.685,367.4,367.42,16366.469313999998
2026-07-29T15:25:00+00:00,367.38,367.88,367.29,367.85,69860.291776
2026-07-29T15:30:00+00:00,367.83,367.96,367.67,367.9,24297.138920999998
2026-07-29T15:35:00+00:00,367.9,368.2,367.84,367.9,123221.5661
2026-07-29T15:40:00+00:00,367.91,368.08,367.685,367.74,100107.79338199999
2026-07-29T15:45:00+00:00,367.745,367.88,367.61,367.85,12866.937436999999
2026-07-29T15:50:00+00:00,367.89,368.11,367.8,368.11,17417.787043
2026-07-29T15:55:00+00:00,368.13,368.2,367.945,367.99,17636.059691
2026-07-29T16:00:00+00:00,368.03,368.03,367.72,367.87,18881.21865
2026-07-29T16:05:00+00:00,367.87,367.99,367.67,367.825,22539.121721000003
2026-07-29T16:10:00+00:00,367.83,368.4,367.76,368.315,48236.24855799999
2026-07-29T16:15:00+00:00,368.2903,368.385,367.81,367.81,42477.460881
2026-07-29T16:20:00+00:00,367.8,367.97,367.68,367.97,128363.62708800001
2026-07-29T16:25:00+00:00,367.975,368.52,367.95,368.37,32593.044388000002
2026-07-29T16:30:00+00:00,368.4,368.55,368.35,368.48,68350.834517
2026-07-29T16:35:00+00:00,368.46,368.71,368.36,368.55,19550.365561
2026-07-29T16:40:00+00:00,368.555,368.64,368.3601,368.52,131996.19802799998
2026-07-29T16:45:00+00:00,368.5,368.58,368.41,368.535,331555.566019
2026-07-29T16:50:00+00:00,368.52,368.625,368.35,368.61,97420.46626700001
2026-07-29T16:55:00+00:00,368.605,369.32,368.6,369.32,269028.23877299996
2026-07-29T17:00:00+00:00,369.3,369.99,369.27,369.505,125996.45945399998
2026-07-29T17:05:00+00:00,369.51,370.46,369.48,370.3999,175364.929721
2026-07-29T17:10:00+00:00,370.4,370.7799,370.23,370.5201,146389.82210299998
2026-07-29T17:15:00+00:00,370.55,371.62,370.44,370.86,153949.098626
2026-07-29T17:20:00+00:00,370.85,371.39,370.74,371.17,283941.503744
2026-07-29T17:25:00+00:00,371.145,371.62,371.09,371.31,227170.02820899998
2026-07-29T17:30:00+00:00,371.32,371.4,370.36,370.53,161971.60113999998
2026-07-29T17:35:00+00:00,370.56,370.82,370.4425,370.535,101394.938914
2026-07-29T17:40:00+00:00,370.53,370.8,370.3,370.8,81455.10639900001
2026-07-29T17:45:00+00:00,370.785,371.33,370.75,371.19,106666.542157
2026-07-29T17:50:00+00:00,371.19,371.4,371.11,371.32,87691.652807
2026-07-29T17:55:00+00:00,371.31,371.34,371.07,371.08,70900.872646
2026-07-29T18:00:00+00:00,371.04,371.16,370.78,371.15,65852.693371
2026-07-29T18:05:00+00:00,371.0001,374.8399,371.0001,373.08,487782.726065
2026-07-29T18:10:00+00:00,373.11,374.52,373.05,373.85,168618.883815
2026-07-29T18:15:00+00:00,373.91,374.88,373.54,374.4,132518.210674
2026-07-29T18:20:00+00:00,374.45,374.689,373.48,373.5,98621.52497999999
2026-07-29T18:25:00+00:00,373.58,373.68,373.07,373.07,72659.263116
2026-07-29T18:30:00+00:00,373.09,373.21,372.81,373.19,56338.706062
2026-07-29T18:35:00+00:00,373.2,373.63,371.75,372.43,209412.91074999998
2026-07-29T18:40:00+00:00,372.45,373.71,371.88,373.5,76380.73170700001
2026-07-29T18:45:00+00:00,373.47,374.96,373.44,374.61,133223.027677
2026-07-29T18:50:00+00:00,374.68,376.17,374.52,376.02,217193.05044599998
2026-07-29T18:55:00+00:00,376.1,377.0,375.42,376.55,187742.793846
2026-07-29T19:00:00+00:00,376.57,376.9899,376.21,376.76,125039.06059400001
2026-07-29T19:05:00+00:00,376.73,377.62,376.25,376.365,300483.194688
2026-07-29T19:10:00+00:00,376.4,376.59,375.5249,375.8,175737.57386
2026-07-29T19:15:00+00:00,375.82,376.35,375.22,376.11,209018.574365
2026-07-29T19:20:00+00:00,376.065,376.5,375.89,375.97,132355.937657
2026-07-29T19:25:00+00:00,375.99,376.06,374.7,374.89,227661.953265
2026-07-29T19:30:00+00:00,374.86,374.95,374.33,374.63,147328.650009
2026-07-29T19:35:00+00:00,374.65,375.04,373.06,373.68,260054.09830299998
2026-07-29T19:40:00+00:00,373.62,373.91,373.0,373.265,200903.204394
2026-07-29T19:45:00+00:00,373.19,373.64,372.87,373.23,278114.124938
2026-07-29T19:50:00+00:00,373.25,373.5,372.905,373.43,251718.527481
2026-07-29T19:55:00+00:00,373.39,373.39,372.46,372.535,546142.913144
2026-07-29T20:00:00+00:00,372.51,372.53,370.56,371.0,1124117.055027
2026-07-29T20:05:00+00:00,371.08,371.75,370.84,371.74,37064.949848
2026-07-29T20:10:00+00:00,371.79,372.1,371.48,371.81,21834.741979
2026-07-29T20:15:00+00:00,371.58,372.02,371.4302,371.82,27717.58486
2026-07-29T20:20:00+00:00,371.5,371.6,371.45,371.45,3616.626899
2026-07-29T20:25:00+00:00,371.43,371.43,371.0,371.38,8288.204705
2026-07-29T20:30:00+00:00,371.49,372.09,371.4,372.05,30853.5
2026-07-29T20:35:00+00:00,371.9661,372.39,371.9,372.39,9093.139502
2026-07-29T20:40:00+00:00,372.3159,372.63,372.3,372.63,3943.16115
2026-07-29T20:45:00+00:00,372.7295,373.2,372.7295,373.0063,5137.0
2026-07-29T20:50:00+00:00,372.942,373.3009,372.942,373.05,2063.165237
2026-07-29T20:55:00+00:00,372.81,372.9833,372.7888,372.7888,1169.0053619999999
2026-07-29T21:00:00+00:00,373.04,373.15,372.93,373.14,1320.522935
2026-07-29T21:05:00+00:00,373.2155,373.3,373.0011,373.1575,3268.0
2026-07-29T21:10:00+00:00,373.0,373.17,373.0,373.17,375.008039
2026-07-29T21:15:00+00:00,373.11,373.11,372.58,372.91,13268.053619
2026-07-29T21:20:00+00:00,373.12,373.12,373.01,373.01,1242.025025
2026-07-29T21:25:00+00:00,373.0,373.0,372.4,372.4,9422.805428
2026-07-29T21:30:00+00:00,371.5,373.0718,371.5,372.896,361.0
2026-07-29T21:35:00+00:00,372.9,372.9,372.5,372.5,220.0
2026-07-29T21:40:00+00:00,372.94,372.94,372.94,372.94,211.01
2026-07-29T21:45:00+00:00,372.584,372.86,372.4906,372.86,1586.0
2026-07-29T21:50:00+00:00,372.45,372.99,372.45,372.99,444.053607
2026-07-29T21:55:00+00:00,372.65,372.65,372.65,372.65,119.00385
2026-07-29T22:00:00+00:00,372.7042,372.81,372.7042,372.79,448.405844
2026-07-29T22:05:00+00:00,372.99,373.8439,372.99,373.8439,2984.6873610000002
2026-07-29T22:10:00+00:00,373.68,373.68,372.74,372.74,7407.017077
2026-07-29T22:15:00+00:00,373.32,373.94,373.2992,373.5872,1030.0
2026-07-29T22:20:00+00:00,373.81,373.81,373.67,373.67,2235.0
2026-07-29T22:25:00+00:00,373.8,373.8,373.5181,373.5396,1984.020262
2026-07-29T22:30:00+00:00,373.49,373.69,373.49,373.69,628.0107310000001
2026-07-29T22:35:00+00:00,373.68,373.68,373.68,373.68,266.0
2026-07-29T22:40:00+00:00,373.95,374.0,373.95,373.95,1197.239265
2026-07-29T22:45:00+00:00,373.79,373.9588,373.79,373.9588,376.0
2026-07-29T22:50:00+00:00,374.278,374.6785,374.278,374.5,953.0
2026-07-29T22:55:00+00:00,374.6536,374.7256,374.5,374.5,993.0108
2026-07-29T23:00:00+00:00,374.7,375.28,374.7,374.9905,4457.0
2026-07-29T23:05:00+00:00,375.36,375.5,375.115,375.5,612.763183
2026-07-29T23:10:00+00:00,375.6,375.88,375.41,375.87,2641.025433
2026-07-29T23:15:00+00:00,375.56,375.56,375.05,375.05,2370.0
2026-07-29T23:20:00+00:00,375.24,375.41,375.24,375.41,187.600506
2026-07-29T23:25:00+00:00,375.35,375.35,375.2759,375.2759,263.0
2026-07-29T23:30:00+00:00,375.28,375.5,375.28,375.5,1046.0
2026-07-29T23:35:00+00:00,375.5,375.5,375.3,375.3456,1583.0
2026-07-29T23:40:00+00:00,375.4,375.4721,375.4,375.4721,512.875799
2026-07-29T23:45:00+00:00,375.3,375.3061,375.0294,375.0294,3551.0
2026-07-29T23:50:00+00:00,375.0,375.35,375.0,375.3,6524.375
2026-07-29T23:55:00+00:00,375.15,375.15,374.85,374.96,1048.0010889999999
2026-07-30T00:00:00+00:00,375.0,375.0,374.4817,374.51,660.0
2026-07-30T08:05:00+00:00,370.58,372.33,369.61,370.43,37051.624352
2026-07-30T08:10:00+00:00,370.965,371.74,370.931,371.55,1219.5294149999997
2026-07-30T08:15:00+00:00,371.85,371.85,371.63,371.63,324.082712
2026-07-30T08:20:00+00:00,371.73,372.05,371.73,372.05,1335.0
2026-07-30T08:25:00+00:00,372.3,372.3,372.3,372.3,176.391995
2026-07-30T08:30:00+00:00,372.71,373.0,372.71,372.79,380.11
2026-07-30T08:35:00+00:00,372.86,373.43,372.86,373.21,623.0108
2026-07-30T08:40:00+00:00,373.13,373.33,372.84,372.85,2482.527549
2026-07-30T08:45:00+00:00,372.68,372.76,372.68,372.75,1720.0
2026-07-30T08:50:00+00:00,373.0,373.11,372.73,372.75,1813.005
2026-07-30T08:55:00+00:00,372.67,372.73,372.55,372.56,1671.0
2026-07-30T09:05:00+00:00,372.52,372.52,372.52,372.52,134.0
2026-07-30T09:10:00+00:00,373.04,373.11,373.04,373.11,1102.01876
2026-07-30T09:15:00+00:00,372.84,373.2,372.78,373.1,1822.44
2026-07-30T09:20:00+00:00,372.95,372.97,372.95,372.97,210.350321
2026-07-30T09:30:00+00:00,373.35,373.5,373.07,373.09,22568.0
2026-07-30T09:35:00+00:00,372.88,373.0,372.75,372.75,8264.0
2026-07-30T09:40:00+00:00,373.01,373.01,372.86,372.9,4002.0
2026-07-30T09:45:00+00:00,372.91,372.91,372.91,372.91,100.027104
2026-07-30T09:50:00+00:00,373.04,373.04,373.0281,373.0281,217.005361
2026-07-30T09:55:00+00:00,373.26,373.44,373.21,373.21,731.009108
2026-07-30T10:00:00+00:00,373.04,373.04,372.76,372.76,305.0
2026-07-30T10:10:00+00:00,372.88,373.22,372.88,373.22,473.02
2026-07-30T10:15:00+00:00,373.56,373.56,373.4,373.4,188.0
2026-07-30T10:20:00+00:00,373.15,373.88,373.15,373.88,439.111188
2026-07-30T10:25:00+00:00,373.72,373.92,373.72,373.92,530.0
2026-07-30T10:30:00+00:00,373.92,373.95,373.8,373.85,1261.46039
2026-07-30T10:35:00+00:00,373.89,374.03,373.89,373.96,1212.0
2026-07-30T10:40:00+00:00,373.91,374.22,373.91,373.96,2859.502712
2026-07-30T10:45:00+00:00,374.0,374.39,374.0,374.39,744.2
2026-07-30T10:50:00+00:00,374.34,374.48,374.34,374.37,626.0
2026-07-30T10:55:00+00:00,374.1,374.1,374.05,374.05,109.0
2026-07-30T11:00:00+00:00,374.09,374.12,374.03,374.12,1776.03208
2026-07-30T11:05:00+00:00,374.02,374.2,374.02,374.09,808.575
2026-07-30T11:10:00+00:00,374.08,374.48,374.08,374.37,931.0
2026-07-30T11:15:00+00:00,374.4887,374.5,374.1,374.1299,2343.0
2026-07-30T11:20:00+00:00,374.12,374.3619,374.12,374.34,470.0
2026-07-30T11:30:00+00:00,374.33,374.33,373.9,373.9,377.0
2026-07-30T11:35:00+00:00,374.01,374.01,373.9,373.95,864.0
2026-07-30T11:40:00+00:00,373.9647,374.08,373.9506,373.9506,2277.7479000000003
2026-07-30T11:45:00+00:00,373.98,374.06,373.95,374.06,656.0799999999999
2026-07-30T11:50:00+00:00,373.867,374.0,373.867,374.0,1057.0
2026-07-30T11:55:00+00:00,373.99,374.08,373.99,374.08,1125.0
2026-07-30T12:00:00+00:00,374.13,374.13,373.95,373.95,985.112328
2026-07-30T12:05:00+00:00,373.96,374.07,373.6753,374.07,11035.0
2026-07-30T12:10:00+00:00,374.173,374.367,374.173,374.34,2958.9
2026-07-30T12:15:00+00:00,374.23,374.2533,374.23,374.2533,293.002666
2026-07-30T12:20:00+00:00,373.9769,373.9769,373.64,373.64,2358.0
2026-07-30T12:25:00+00:00,373.58,373.85,373.5,373.85,2490.6639999999998
2026-07-30T12:30:00+00:00,373.9908,374.26,373.97,374.0,7739.890565
2026-07-30T12:35:00+00:00,374.5,374.72,373.45,373.61,24654.243201999998
2026-07-30T12:40:00+00:00,373.75,373.9725,373.75,373.9725,8079.483668
2026-07-30T12:45:00+00:00,374.034,374.36,373.7,373.91,5517.0
2026-07-30T12:50:00+00:00,374.0,374.0,373.66,373.76,649.0
2026-07-30T12:55:00+00:00,373.74,373.8,373.0501,373.32,6409.0
2026-07-30T13:00:00+00:00,373.22,373.5025,373.14,373.38,2522.190268
2026-07-30T13:05:00+00:00,372.96,373.629,372.89,373.0,7217.0634
2026-07-30T13:10:00+00:00,373.16,373.86,373.0,373.86,2173.0
2026-07-30T13:15:00+00:00,373.56,373.7305,373.3239,373.73,1057.0
2026-07-30T13:20:00+00:00,373.8139,373.88,373.6525,373.68,1050.133761
2026-07-30T13:25:00+00:00,373.91,374.52,373.91,374.37,14177.68
2026-07-30T13:30:00+00:00,374.38,374.39,373.72,374.06,3474.1
2026-07-30T13:35:00+00:00,374.16,374.38,373.8,373.8426,110341.55066099999
2026-07-30T13:40:00+00:00,373.82,375.95,373.755,375.18,206029.100702
2026-07-30T13:45:00+00:00,375.22,375.7,374.73,375.0,120737.581045
2026-07-30T13:50:00+00:00,375.0201,376.145,374.6906,375.55,125163.99378100001
2026-07-30T13:55:00+00:00,375.56,376.3,375.45,376.29,96946.095482
2026-07-30T14:00:00+00:00,376.255,377.195,376.17,377.14,214978.567017
2026-07-30T14:05:00+00:00,377.155,377.86,376.62,376.705,299094.897451
2026-07-30T14:10:00+00:00,376.8,376.9,375.49,375.96,604836.96957
2026-07-30T14:15:00+00:00,375.9651,376.27,375.71,375.85,73146.670102
2026-07-30T14:20:00+00:00,375.85,376.04,375.15,375.15,176232.17770200004
2026-07-30T14:25:00+00:00,375.155,375.89,374.86,375.05,107119.090526
2026-07-30T14:30:00+00:00,375.05,375.6776,374.84,375.6776,56896.017869
2026-07-30T14:35:00+00:00,375.7,376.26,375.545,376.03,70489.81199999999
2026-07-30T14:40:00+00:00,376.075,376.55,376.01,376.53,75177.542454
2026-07-30T14:45:00+00:00,376.575,377.04,376.42,376.965,161838.92666
2026-07-30T14:50:00+00:00,377.04,377.2292,376.18,376.415,42074.414262
2026-07-30T14:55:00+00:00,376.42,376.42,375.88,375.975,46268.928724
2026-07-30T15:00:00+00:00,375.955,376.07,375.67,376.01,36632.177626
2026-07-30T15:05:00+00:00,375.97,375.99,375.63,375.75,56588.822701
2026-07-30T15:10:00+00:00,375.74,375.82,375.06,375.13,94822.996807
2026-07-30T15:15:00+00:00,375.11,375.13,374.46,374.67,73360.52692999999
2026-07-30T15:20:00+00:00,374.665,375.65,374.62,375.585,64847.393728
2026-07-30T15:25:00+00:00,375.64,375.7151,375.27,375.43,49648.310787
2026-07-30T15:30:00+00:00,375.425,375.68,375.25,375.66,54234.153659999996
2026-07-30T15:35:00+00:00,375.635,376.01,375.3,375.965,41199.918814
2026-07-30T15:40:00+00:00,375.96,376.07,375.815,375.94,21424.978954000002
2026-07-30T15:45:00+00:00,375.9,376.62,375.9,376.5,17991.710989
2026-07-30T15:50:00+00:00,376.49,376.615,376.33,376.55,17408.674861
2026-07-30T15:55:00+00:00,376.5151,376.72,376.42,376.61,19114.827411000002
2026-07-30T16:00:00+00:00,376.65,376.8999,376.63,376.706,32052.446086
2026-07-30T16:05:00+00:00,376.73,377.43,376.73,377.33,50653.275189
2026-07-30T16:10:00+00:00,377.325,377.375,377.0,377.06,39000.233264
2026-07-30T16:15:00+00:00,377.0,377.44,376.87,377.315,53469.735148
2026-07-30T16:20:00+00:00,377.32,377.49,377.3,377.34,52200.554204
2026-07-30T16:25:00+00:00,377.32,377.79,377.28,377.73,41987.526316
2026-07-30T16:30:00+00:00,377.76,377.76,377.46,377.49,21667.015321000003
2026-07-30T16:35:00+00:00,377.49,377.5198,377.2,377.24,29220.895855000002
2026-07-30T16:40:00+00:00,377.22,377.38,376.9605,377.0063,25562.841544000003
2026-07-30T16:45:00+00:00,377.02,377.12,376.76,376.785,24905.32068
2026-07-30T16:50:00+00:00,376.8,376.9,376.68,376.895,15603.870887
2026-07-30T16:55:00+00:00,376.89,376.95,376.63,376.69,28918.78263
2026-07-30T17:00:00+00:00,376.735,377.0,376.72,377.0,25958.961415
2026-07-30T17:05:00+00:00,377.0,377.05,376.62,376.74,45998.415333
2026-07-30T17:10:00+00:00,376.725,376.8125,376.63,376.73,18018.041345999998
2026-07-30T17:15:00+00:00,376.73,376.82,376.485,376.5,38526.274901
2026-07-30T17:20:00+00:00,376.485,376.66,376.39,376.64,25558.839253000002
2026-07-30T17:25:00+00:00,376.645,376.79,376.48,376.77,28321.095425
2026-07-30T17:30:00+00:00,376.76,376.76,375.86,376.11,51773.860094
2026-07-30T17:35:00+00:00,376.16,376.23,376.04,376.1,51581.432480999996
2026-07-30T17:40:00+00:00,376.12,376.78,376.02,376.305,34747.110007
2026-07-30T17:45:00+00:00,376.28,376.635,376.28,376.58,91794.55710500001
2026-07-30T17:50:00+00:00,376.56,376.79,376.42,376.42,37703.671721
2026-07-30T17:55:00+00:00,376.44,376.47,376.305,376.35,29336.26917
2026-07-30T18:00:00+00:00,376.34,376.375,376.16,376.29,17023.942368
2026-07-30T18:05:00+00:00,376.28,376.56,376.28,376.53,18146.037489000002
2026-07-30T18:10:00+00:00,376.53,376.64,376.46,376.6,21773.262384
2026-07-30T18:15:00+00:00,376.59,376.6599,376.49,376.61,19655.854933000002
2026-07-30T18:20:00+00:00,376.64,376.64,376.36,376.39,20700.653831
2026-07-30T18:25:00+00:00,376.41,376.54,376.17,376.24,77075.005717
2026-07-30T18:30:00+00:00,376.25,376.37,376.11,376.37,24874.211578000002
2026-07-30T18:35:00+00:00,376.395,376.72,376.31,376.65,17532.35045
2026-07-30T18:40:00+00:00,376.63,376.64,376.47,376.475,17156.864430999998
2026-07-30T18:45:00+00:00,376.484,376.555,376.41,376.49,17597.523506
2026-07-30T18:50:00+00:00,376.49,376.505,376.08,376.1,22589.893861
2026-07-30T18:55:00+00:00,376.14,376.17,375.925,375.945,27652.357332999996
2026-07-30T19:00:00+00:00,375.94,376.05,375.915,376.015,27367.123325
2026-07-30T19:05:00+00:00,376.0,376.34,375.92,376.34,31586.050293
2026-07-30T19:10:00+00:00,376.37,376.54,376.29,376.54,33233.111949
2026-07-30T19:15:00+00:00,376.54,376.56,376.345,376.44,41942.839443
2026-07-30T19:20:00+00:00,376.4816,377.27,376.31,377.02,56297.937382000004
2026-07-30T19:25:00+00:00,377.01,377.11,376.91,377.08,34616.40642
2026-07-30T19:30:00+00:00,377.06,377.4101,377.02,377.23,44763.946183
2026-07-30T19:35:00+00:00,377.22,377.38,377.19,377.38,50016.30417999999
2026-07-30T19:40:00+00:00,377.385,377.46,377.17,377.24,44893.043712000006
2026-07-30T19:45:00+00:00,377.24,377.34,377.1,377.13,77934.52872999999
2026-07-30T19:50:00+00:00,377.13,377.2,377.03,377.14,63442.71769199999
2026-07-30T19:55:00+00:00,377.15,377.185,376.885,376.89,156317.74735800002
2026-07-30T20:00:00+00:00,376.89,377.23,376.86,377.18,346539.67102
2026-07-30T20:05:00+00:00,377.1,377.5,377.02,377.48,6531.075272
2026-07-30T20:10:00+00:00,377.622,377.622,377.35,377.45,3288.246305
2026-07-30T20:15:00+00:00,377.4327,377.4327,377.25,377.3,2053.056342
2026-07-30T20:20:00+00:00,377.35,377.39,377.28,377.33,960.190163
2026-07-30T20:25:00+00:00,377.23,377.31,377.22,377.31,948.0
2026-07-30T20:30:00+00:00,377.3415,377.3415,377.2,377.2,338.265159
2026-07-30T20:35:00+00:00,376.89,376.89,376.77,376.81,1603.0
2026-07-30T20:40:00+00:00,376.67,376.67,376.65,376.65,972.0
2026-07-30T20:45:00+00:00,376.6,376.67,376.3,376.32,2735.0
2026-07-30T20:50:00+00:00,376.444,376.444,376.24,376.24,914.029219
2026-07-30T20:55:00+00:00,376.1582,376.1582,376.1582,376.1582,280.017974
2026-07-30T21:00:00+00:00,376.09,376.4589,376.09,376.4589,333.0
2026-07-30T21:05:00+00:00,376.48,376.48,376.4386,376.44,1295.356307
2026-07-30T21:10:00+00:00,376.4428,376.4428,376.44,376.4428,999.003801
2026-07-30T21:15:00+00:00,376.48,376.48,376.44,376.48,3414.01729
2026-07-30T21:20:00+00:00,376.48,376.4892,376.48,376.4892,1397.040071
2026-07-30T21:25:00+00:00,376.425,376.4902,376.4,376.4902,531.0017339999999
2026-07-30T21:30:00+00:00,376.5,376.5,376.25,376.25,892.0
2026-07-30T21:35:00+00:00,376.33,376.33,376.24,376.24,1026.0
2026-07-30T21:40:00+00:00,376.6583,376.6583,376.6583,376.6583,275.0
2026-07-30T21:50:00+00:00,376.44,376.47,376.251,376.3375,535.0
2026-07-30T21:55:00+00:00,376.26,376.58,376.25,376.58,1690.0170050000002
2026-07-30T22:00:00+00:00,376.47,376.58,376.31,376.58,870.0278820000001
2026-07-30T22:05:00+00:00,376.4109,376.58,376.4,376.4,628.0
2026-07-30T22:10:00+00:00,376.6538,376.6538,376.6538,376.6538,204.116881
2026-07-30T22:15:00+00:00,376.7,376.7,376.7,376.7,194.0
2026-07-30T22:20:00+00:00,376.88,377.0,376.88,377.0,304.0
2026-07-30T22:25:00+00:00,376.67,376.94,376.67,376.9311,610.0
2026-07-30T22:30:00+00:00,376.78,376.78,376.78,376.78,631.0
2026-07-30T22:35:00+00:00,376.59,376.87,376.59,376.87,136.048559
2026-07-30T22:40:00+00:00,376.89,377.0,376.89,377.0,351.685071
2026-07-30T22:45:00+00:00,376.96,376.96,376.96,376.96,387.008644
2026-07-30T22:50:00+00:00,376.99,377.0,376.99,377.0,425.050689
2026-07-30T22:55:00+00:00,376.9265,377.16,376.9265,377.16,203.0
2026-07-30T23:00:00+00:00,376.99,377.0,376.97,376.99,608.0
2026-07-30T23:05:00+00:00,377.0,377.0,377.0,377.0,424.0
2026-07-30T23:10:00+00:00,377.11,377.19,377.0,377.0,980.0
2026-07-30T23:15:00+00:00,376.8,376.8,376.75,376.75,2503.0
2026-07-30T23:25:00+00:00,376.64,376.8,376.64,376.66,630.0
2026-07-30T23:30:00+00:00,376.66,376.89,376.52,376.52,1084.176584
2026-07-30T23:35:00+00:00,376.5,376.5,376.47,376.5,590.738658
2026-07-30T23:45:00+00:00,376.734,376.79,376.66,376.66,2026.0
2026-07-30T23:50:00+00:00,376.72,377.0,376.72,377.0,948.0
2026-07-30T23:55:00+00:00,376.82,376.9927,376.82,376.88,1223.002517
2026-07-31T00:00:00+00:00,376.71,376.87,376.7,376.87,651.0
2026-07-31T08:05:00+00:00,373.88,374.98,372.78,372.78,23276.356158
2026-07-31T08:10:00+00:00,372.7,372.92,372.7,372.88,1129.172355
2026-07-31T08:15:00+00:00,372.75,372.759,372.57,372.6755,2195.0
2026-07-31T08:20:00+00:00,372.66,372.73,372.6,372.71,1368.0
2026-07-31T08:25:00+00:00,372.98,372.98,372.42,372.42,4456.496544
2026-07-31T08:30:00+00:00,372.5,372.5,372.3,372.3943,896.0
2026-07-31T08:35:00+00:00,372.32,372.35,372.0,372.0,2029.0108
2026-07-31T08:40:00+00:00,372.44,372.44,372.39,372.42,1179.0
2026-07-31T08:45:00+00:00,372.0,372.51,372.0,372.38,5749.0
2026-07-31T08:50:00+00:00,372.36,372.71,372.36,372.71,388.0
2026-07-31T08:55:00+00:00,372.53,372.57,372.32,372.32,3149.4251130000002
2026-07-31T09:00:00+00:00,372.61,372.82,372.5648,372.5648,3073.9377080000004
2026-07-31T09:05:00+00:00,372.726,372.75,372.51,372.51,1177.139146
2026-07-31T09:10:00+00:00,372.5,372.51,372.27,372.33,877.8318360000001
2026-07-31T09:15:00+00:00,372.2,372.2,372.0,372.18,3730.813127
2026-07-31T09:20:00+00:00,372.1,372.1,371.97,371.97,968.1950810000001
2026-07-31T09:25:00+00:00,372.01,372.03,371.71,371.75,2094.8821049999997
2026-07-31T09:30:00+00:00,371.74,371.79,371.6339,371.7,2627.638368
2026-07-31T09:35:00+00:00,371.92,371.92,371.72,371.72,1050.780463
2026-07-31T09:40:00+00:00,371.63,371.6301,371.6,371.6,1533.919228
2026-07-31T09:45:00+00:00,371.63,371.78,371.63,371.7257,678.74611
2026-07-31T09:50:00+00:00,371.75,371.75,371.75,371.75,99.0
2026-07-31T09:55:00+00:00,372.14,372.14,372.06,372.06,759.479025
2026-07-31T10:00:00+00:00,371.9,371.91,371.89,371.91,642.0
2026-07-31T10:05:00+00:00,371.87,372.1,371.85,372.08,1903.0
2026-07-31T10:10:00+00:00,372.15,372.19,372.1,372.19,1347.0
2026-07-31T10:15:00+00:00,372.19,372.19,372.02,372.02,2810.005588
2026-07-31T10:20:00+00:00,372.02,372.02,371.83,371.83,2912.0
2026-07-31T10:25:00+00:00,371.85,371.95,371.74,371.74,2077.0
2026-07-31T10:30:00+00:00,371.91,371.92,371.91,371.92,667.0
2026-07-31T10:35:00+00:00,371.98,372.05,371.98,372.02,1057.0
2026-07-31T10:45:00+00:00,371.9,371.99,371.9,371.9,2571.21557
2026-07-31T10:50:00+00:00,372.05,372.1475,372.05,372.08,1308.002645
2026-07-31T10:55:00+00:00,372.04,372.07,371.97,371.98,2944.0
2026-07-31T11:00:00+00:00,371.95,371.95,371.91,371.91,262.0
2026-07-31T11:05:00+00:00,371.95,371.99,371.73,371.99,5003.696453
2026-07-31T11:10:00+00:00,371.92,372.18,371.91,372.16,1228.0
2026-07-31T11:15:00+00:00,372.14,372.32,372.14,372.15,6274.0
2026-07-31T11:20:00+00:00,372.1339,372.24,371.9,372.2,3579.0
2026-07-31T11:25:00+00:00,372.0999,372.41,372.0999,372.41,1417.651609
2026-07-31T11:30:00+00:00,372.4538,372.4538,372.3,372.3,3500.0
2026-07-31T11:35:00+00:00,372.26,372.27,371.88,371.88,2828.0
2026-07-31T11:40:00+00:00,371.95,371.97,371.85,371.85,3297.444
2026-07-31T11:45:00+00:00,371.77,371.77,371.5,371.6207,73697.55535
2026-07-31T11:50:00+00:00,371.62,371.85,371.6,371.85,910.015358
2026-07-31T11:55:00+00:00,371.7884,371.81,371.7,371.8,1545.8050250000001
2026-07-31T12:00:00+00:00,371.93,371.98,371.88,371.91,1012.4
2026-07-31T12:05:00+00:00,371.78,372.15,371.78,372.0,609.0
2026-07-31T12:10:00+00:00,372.21,372.3,372.2,372.2,4938.002685
2026-07-31T12:15:00+00:00,372.22,372.37,372.0506,372.36,3820.0
2026-07-31T12:20:00+00:00,372.26,372.26,372.06,372.09,331.029979
2026-07-31T12:25:00+00:00,371.96,371.96,371.495,371.6,1533.625792
2026-07-31T12:30:00+00:00,371.628,371.7486,371.4,371.47,4374.088616
2026-07-31T12:35:00+00:00,371.25,371.5,371.1,371.453,10794.114113
2026-07-31T12:40:00+00:00,371.4047,371.58,370.97,371.0867,9394.348091
2026-07-31T12:45:00+00:00,371.0483,371.1,370.8892,370.8892,14803.451918
2026-07-31T12:50:00+00:00,371.0,371.029,370.8,370.86,4337.639974
2026-07-31T12:55:00+00:00,370.79,371.17,370.76,371.11,8162.73419
2026-07-31T13:00:00+00:00,371.04,371.08,370.7,370.71,10632.189739000001
2026-07-31T13:05:00+00:00,370.7,370.85,370.3,370.61,12426.597468
2026-07-31T13:10:00+00:00,370.54,370.54,370.24,370.3,7940.5
2026-07-31T13:15:00+00:00,370.33,370.41,370.14,370.14,13805.040269
2026-07-31T13:20:00+00:00,370.2369,370.39,370.21,370.355,5015.006744
2026-07-31T13:25:00+00:00,370.32,371.24,370.3,371.12,23142.294992
2026-07-31T13:30:00+00:00,371.07,371.07,370.68,370.84,106797.123075
2026-07-31T13:35:00+00:00,370.84,370.905,370.14,370.1511,186865.920887
2026-07-31T13:40:00+00:00,370.16,370.34,369.39,369.46,181947.73155599998
2026-07-31T13:45:00+00:00,369.51,369.68,368.95,369.22,204817.636985
2026-07-31T13:50:00+00:00,369.19,369.49,368.9,369.04,106740.564258
2026-07-31T13:55:00+00:00,368.985,369.55,368.94,369.55,74538.329396
2026-07-31T14:00:00+00:00,369.545,369.86,369.27,369.2779,130401.55206100001
2026-07-31T14:05:00+00:00,369.25,369.88,369.25,369.56,96918.25900700002
2026-07-31T14:10:00+00:00,369.59,369.64,368.815,369.38,123569.81281100001
2026-07-31T14:15:00+00:00,369.36,369.87,369.24,369.85,107975.78251699999
2026-07-31T14:20:00+00:00,369.82,370.14,369.65,369.93,245779.96068
2026-07-31T14:25:00+00:00,369.95,370.45,369.85,370.1,169904.605245
2026-07-31T14:30:00+00:00,370.1,370.5791,370.1,370.45,121532.232047
2026-07-31T14:35:00+00:00,370.44,370.6598,370.26,370.61,32078.816071
2026-07-31T14:40:00+00:00,370.62,370.8,370.5101,370.67,51607.994509
2026-07-31T14:45:00+00:00,370.67,370.87,370.59,370.7,36849.219072
2026-07-31T14:50:00+00:00,370.72,371.125,370.68,370.96,70126.893613
2026-07-31T14:55:00+00:00,370.985,371.42,370.85,371.2,54907.863547
2026-07-31T15:00:00+00:00,371.19,371.59,371.06,371.45,72010.9272
2026-07-31T15:05:00+00:00,371.45,371.5777,371.02,371.04,66493.095552
2026-07-31T15:10:00+00:00,371.06,371.41,371.0001,371.13,40959.950407000004
2026-07-31T15:15:00+00:00,371.125,371.2887,370.8505,371.26,53091.332092000004
2026-07-31T15:20:00+00:00,371.215,371.74,370.81,371.07,53138.63012
2026-07-31T15:25:00+00:00,371.065,371.13,370.81,370.855,29105.275994
2026-07-31T15:30:00+00:00,370.89,371.0,370.6,370.68,45932.199608999996
2026-07-31T15:35:00+00:00,370.67,370.76,370.29,370.5,27693.296630999997
2026-07-31T15:40:00+00:00,370.47,370.88,370.34,370.805,48484.412751
2026-07-31T15:45:00+00:00,370.84,370.94,370.66,370.765,23895.461691000004
2026-07-31T15:50:00+00:00,370.77,370.84,370.6,370.64,22874.894173
2026-07-31T15:55:00+00:00,370.65,371.13,370.595,371.0801,21520.883757
2026-07-31T16:00:00+00:00,371.1,371.22,371.02,371.11,76981.834242
2026-07-31T16:05:00+00:00,371.0901,371.16,370.92,370.96,90505.884339
2026-07-31T16:10:00+00:00,370.94,371.01,370.7053,370.95,12978.965189999999
2026-07-31T16:15:00+00:00,370.95,371.239,370.94,371.19,21353.670796
2026-07-31T16:20:00+00:00,371.19,371.19,370.91,371.06,13217.484915
2026-07-31T16:25:00+00:00,371.12,371.3,371.07,371.2,12794.070693
2026-07-31T16:30:00+00:00,371.16,371.37,371.015,371.275,22415.677392
2026-07-31T16:35:00+00:00,371.29,371.49,371.2608,371.46,19442.794732000002
2026-07-31T16:40:00+00:00,371.46,371.51,371.25,371.25,34092.25111
2026-07-31T16:45:00+00:00,371.245,371.29,370.75,370.8439,57257.160622999996
2026-07-31T16:50:00+00:00,370.845,371.03,370.82,370.97,20260.712936
2026-07-31T16:55:00+00:00,371.03,371.08,370.9,370.94,17814.988458
2026-07-31T17:00:00+00:00,370.93,370.965,370.83,370.92,17048.852172
2026-07-31T17:05:00+00:00,370.91,371.14,370.84,370.865,26699.458667
2026-07-31T17:10:00+00:00,370.86,371.03,370.77,370.8,54260.391197000004
2026-07-31T17:15:00+00:00,370.8,371.21,370.74,371.13,93695.80443699998
2026-07-31T17:20:00+00:00,371.13,371.27,371.04,371.24,201751.54376899998
2026-07-31T17:25:00+00:00,371.22,371.39,371.07,371.32,51674.318944000006
2026-07-31T17:30:00+00:00,371.31,371.83,371.06,371.59,55624.708512
2026-07-31T17:35:00+00:00,371.63,371.78,371.345,371.37,25836.517476
2026-07-31T17:40:00+00:00,371.35,371.64,371.3,371.51,31502.504908
2026-07-31T17:45:00+00:00,371.545,371.72,371.52,371.67,13774.173701
2026-07-31T17:50:00+00:00,371.69,371.9,371.53,371.74,40160.986505
2026-07-31T17:55:00+00:00,371.735,371.92,371.72,371.8,27047.352341
2026-07-31T18:00:00+00:00,371.78,371.88,371.74,371.88,15558.896614000001
2026-07-31T18:05:00+00:00,371.89,371.99,371.71,371.73,13927.174767
2026-07-31T18:10:00+00:00,371.71,371.73,371.5,371.66,25915.04877
2026-07-31T18:15:00+00:00,371.6451,371.6451,371.27,371.36,27665.046009000005
2026-07-31T18:20:00+00:00,371.34,371.58,371.34,371.501,19325.321262999998
2026-07-31T18:25:00+00:00,371.51,371.65,371.4667,371.61,19971.017336
2026-07-31T18:30:00+00:00,371.65,371.67,371.53,371.6,41006.010497
2026-07-31T18:35:00+00:00,371.6,371.62,371.43,371.43,25755.251275000002
2026-07-31T18:40:00+00:00,371.42,371.65,371.31,371.585,22374.123225
2026-07-31T18:45:00+00:00,371.585,371.65,371.45,371.45,17740.280498
2026-07-31T18:50:00+00:00,371.47,371.5,371.33,371.495,28676.070633
2026-07-31T18:55:00+00:00,371.49,371.65,371.48,371.52,23839.424778
2026-07-31T19:00:00+00:00,371.51,371.59,371.44,371.56,20720.125410999997
2026-07-31T19:05:00+00:00,371.56,371.74,371.39,371.41,26336.641711
2026-07-31T19:10:00+00:00,371.41,371.46,371.32,371.45,20587.672643
2026-07-31T19:15:00+00:00,371.44,371.47,371.2,371.305,21050.884164000003
2026-07-31T19:20:00+00:00,371.2905,371.41,371.24,371.41,23440.504617
2026-07-31T19:25:00+00:00,371.409,371.51,371.3201,371.42,15850.67522
2026-07-31T19:30:00+00:00,371.41,371.5595,371.4,371.53,18921.344852000002
2026-07-31T19:35:00+00:00,371.55,371.65,371.41,371.535,58589.514483
2026-07-31T19:40:00+00:00,371.53,371.65,371.48,371.48,54797.759637999996
2026-07-31T19:45:00+00:00,371.485,371.92,371.48,371.88,98797.026515
2026-07-31T19:50:00+00:00,371.895,372.01,371.8,371.925,90874.093263
2026-07-31T19:55:00+00:00,371.92,371.925,371.54,371.57,242364.767879
2026-07-31T20:00:00+00:00,371.57,371.72,371.04,371.54,831661.633371
2026-07-31T20:05:00+00:00,371.54,371.6,371.3,371.32,4369.084699
2026-07-31T20:10:00+00:00,371.32,371.32,371.0115,371.21,9674.0
2026-07-31T20:15:00+00:00,371.2,371.3,371.2,371.2,8536.105697
2026-07-31T20:20:00+00:00,371.18,371.3,371.18,371.29,731.0
2026-07-31T20:25:00+00:00,371.3022,371.34,371.21,371.25,15875.0
2026-07-31T20:30:00+00:00,371.16,371.21,371.16,371.21,1289.0
2026-07-31T20:35:00+00:00,371.4,371.51,371.34,371.51,3675.269185
2026-07-31T20:40:00+00:00,371.6,371.72,371.58,371.61,10969.038968
2026-07-31T20:45:00+00:00,371.71,371.71,371.6,371.6,1772.010767
2026-07-31T20:50:00+00:00,371.67,371.67,371.67,371.67,107.0
2026-07-31T20:55:00+00:00,371.52,371.52,371.24,371.25,1312.0
2026-07-31T21:00:00+00:00,371.22,371.26,370.78,370.83,3987.002693
2026-07-31T21:05:00+00:00,370.81,371.02,370.81,371.02,11406.30933
2026-07-31T21:10:00+00:00,371.06,371.06,371.06,371.06,538.106609
2026-07-31T21:20:00+00:00,371.0,371.2,370.99,371.2,653.0
2026-07-31T21:25:00+00:00,370.98,371.2,370.98,370.99,1435.0
2026-07-31T21:30:00+00:00,370.85,370.85,370.85,370.85,54.0
2026-07-31T21:40:00+00:00,370.67,370.67,370.67,370.67,67.0
2026-07-31T21:45:00+00:00,370.94,370.95,370.736,370.85,1362.013132
2026-07-31T21:50:00+00:00,370.8,370.8,370.4468,370.45,12048.282871
2026-07-31T21:55:00+00:00,370.5,370.9339,370.5,370.5652,15969.315168
2026-07-31T22:00:00+00:00,370.87,370.95,370.8,370.93,759.077228
2026-07-31T22:05:00+00:00,370.61,370.75,370.6,370.75,359.0
2026-07-31T22:10:00+00:00,370.58,370.58,370.58,370.58,150.0
2026-07-31T22:15:00+00:00,370.64,370.74,370.64,370.712,495.0
2026-07-31T22:25:00+00:00,370.73,370.75,370.73,370.73,2071.358303
2026-07-31T22:30:00+00:00,370.6,370.6,370.6,370.6,150.0
2026-07-31T22:35:00+00:00,370.61,370.61,370.61,370.61,53.0
2026-07-31T22:40:00+00:00,370.74,370.75,370.74,370.74,281.284585
2026-07-31T22:55:00+00:00,370.72,370.75,370.72,370.75,816.0
2026-07-31T23:00:00+00:00,370.77,371.09,370.77,371.09,292.007
2026-07-31T23:05:00+00:00,370.81,370.81,370.8,370.8001,441.0
2026-07-31T23:10:00+00:00,370.81,370.84,370.8,370.84,336.0
2026-07-31T23:20:00+00:00,370.62,370.69,370.61,370.69,245.0
2026-07-31T23:40:00+00:00,371.0,371.0,370.9535,370.9535,669.0
2026-07-31T23:45:00+00:00,371.0,371.0,371.0,371.0,1046.0
2026-07-31T23:50:00+00:00,371.08,371.08,371.08,371.08,1001.0
2026-07-31T23:55:00+00:00,370.8618,371.0466,370.81,370.81,431.0
2026-08-01T00:00:00+00:00,371.09,371.1,371.09,371.0999,441.0
2026-08-03T08:05:00+00:00,371.88,373.46,371.78,372.33,16632.344682
2026-08-03T08:10:00+00:00,372.5,372.53,372.5,372.53,178.00759299999999
2026-08-03T08:15:00+00:00,372.43,372.47,372.4,372.47,494.410443
2026-08-03T08:20:00+00:00,372.6,372.6,372.18,372.18,627.0
2026-08-03T08:25:00+00:00,372.25,372.26,372.25,372.26,177.0
2026-08-03T08:30:00+00:00,372.3147,372.3147,371.94,371.94,639.160995
2026-08-03T08:35:00+00:00,371.95,371.95,371.95,371.95,531.0
2026-08-03T08:40:00+00:00,372.0,372.29,372.0,372.29,515.0
2026-08-03T08:45:00+00:00,372.3,372.33,372.29,372.29,301.0
2026-08-03T08:50:00+00:00,372.22,372.29,372.22,372.29,665.005907
2026-08-03T08:55:00+00:00,372.3761,372.3761,372.27,372.27,184.0
2026-08-03T09:00:00+00:00,372.39,372.43,372.39,372.43,250.0
2026-08-03T09:05:00+00:00,372.37,372.37,372.27,372.27,1546.0
2026-08-03T09:10:00+00:00,372.12,372.19,372.12,372.19,161.013426
2026-08-03T09:15:00+00:00,372.41,372.58,372.41,372.54,4385.0
2026-08-03T09:20:00+00:00,372.54,372.54,372.29,372.29,8124.52894
2026-08-03T09:25:00+00:00,372.26,372.26,371.7325,371.7325,505.0
2026-08-03T09:30:00+00:00,371.82,371.83,371.74,371.74,1344.0
2026-08-03T09:35:00+00:00,371.74,371.77,371.25,371.28,5498.3525580000005
2026-08-03T09:40:00+00:00,371.61,371.71,371.53,371.59,1183.0
2026-08-03T09:45:00+00:00,371.78,371.88,371.66,371.82,3656.36307
2026-08-03T09:50:00+00:00,371.94,372.05,371.88,372.05,2249.0975120000003
2026-08-03T09:55:00+00:00,372.12,372.16,372.09,372.09,905.0
2026-08-03T10:00:00+00:00,372.04,372.04,371.9501,371.96,504.0
2026-08-03T10:10:00+00:00,371.96,371.96,371.9,371.9,2082.0
2026-08-03T10:15:00+00:00,372.0,372.04,372.0,372.04,239.0
2026-08-03T10:20:00+00:00,372.0653,372.0653,371.96,371.96,768.41737
2026-08-03T10:25:00+00:00,371.92,371.92,371.83,371.83,363.00344
2026-08-03T10:30:00+00:00,371.75,371.8,371.75,371.8,404.0
2026-08-03T10:35:00+00:00,371.56,371.56,371.56,371.56,128.264154
2026-08-03T10:45:00+00:00,371.39,371.39,371.39,371.39,59.0
2026-08-03T10:50:00+00:00,371.39,371.51,371.39,371.4,476.679086
2026-08-03T10:55:00+00:00,371.27,371.32,371.15,371.32,872.0
2026-08-03T11:05:00+00:00,371.39,371.61,371.29,371.5413,7065.193925
2026-08-03T11:10:00+00:00,371.72,371.74,371.7,371.7,1205.0
2026-08-03T11:15:00+00:00,371.5,371.5276,371.39,371.45,3325.359484
2026-08-03T11:20:00+00:00,371.32,371.32,371.3,371.3,212.0
2026-08-03T11:25:00+00:00,371.32,371.32,371.21,371.2552,643.66851
2026-08-03T11:30:00+00:00,371.28,371.51,371.28,371.44,23296.0
2026-08-03T11:35:00+00:00,371.35,371.54,371.35,371.48,2783.0
2026-08-03T11:40:00+00:00,371.54,371.7,371.54,371.67,22295.703
2026-08-03T11:45:00+00:00,371.66,371.95,371.65,371.855,6437.0
2026-08-03T11:50:00+00:00,371.75,372.5,371.75,372.5,6005.661613
2026-08-03T11:55:00+00:00,372.42,372.62,372.3753,372.5,9295.053684
2026-08-03T12:00:00+00:00,372.4555,372.6,372.4555,372.6,801.107498
2026-08-03T12:05:00+00:00,372.81,372.81,372.375,372.48,43029.014775
2026-08-03T12:10:00+00:00,372.46,372.5,372.2269,372.2269,3509.0
2026-08-03T12:15:00+00:00,372.34,372.34,371.93,372.1325,2992.058631
2026-08-03T12:20:00+00:00,372.0,372.0,371.67,371.67,1265.0
2026-08-03T12:25:00+00:00,371.5,371.79,371.43,371.7,4012.262
2026-08-03T12:30:00+00:00,371.84,371.84,371.56,371.61,1499.170186
2026-08-03T12:35:00+00:00,371.53,371.7,371.35,371.67,16685.769115
2026-08-03T12:40:00+00:00,371.55,371.55,371.13,371.23,4513.925899
2026-08-03T12:45:00+00:00,371.11,371.11,370.79,370.986,6071.300615
2026-08-03T12:50:00+00:00,371.04,371.1601,370.8908,370.9548,4240.5331289999995
2026-08-03T12:55:00+00:00,370.9225,371.16,370.88,371.1,6696.0
2026-08-03T13:00:00+00:00,371.13,371.3825,371.1057,371.33,7112.0
2026-08-03T13:05:00+00:00,371.47,371.81,370.69,370.84,13652.44625
2026-08-03T13:10:00+00:00,370.83,371.13,370.83,371.0,1290.0
2026-08-03T13:15:00+00:00,370.95,370.9525,370.46,370.58,3223.0261259999997
2026-08-03T13:20:00+00:00,370.47,370.594,370.21,370.3,4786.3562090000005
2026-08-03T13:25:00+00:00,370.27,370.27,369.94,370.1,8064.566161
2026-08-03T13:30:00+00:00,370.12,370.12,369.89,370.02,4835.311103
2026-08-03T13:35:00+00:00,370.1,370.17,369.58,369.71,180283.011378
2026-08-03T13:40:00+00:00,369.75,370.02,368.6428,369.3,142607.324781
2026-08-03T13:45:00+00:00,369.27,370.0,369.1801,369.82,122146.549308
2026-08-03T13:50:00+00:00,369.845,370.125,369.48,369.62,108600.04764799999
2026-08-03T13:55:00+00:00,369.56,369.87,369.45,369.66,142288.07832799997
2026-08-03T14:00:00+00:00,369.655,370.0,369.5,369.83,131417.848422
2026-08-03T14:05:00+00:00,369.81,370.1899,369.445,369.59,183375.031373
2026-08-03T14:10:00+00:00,369.565,369.84,369.365,369.38,81292.908861
2026-08-03T14:15:00+00:00,369.38,370.05,369.33,369.92,78621.947163
2026-08-03T14:20:00+00:00,369.92,370.07,369.72,369.75,70446.768525
2026-08-03T14:25:00+00:00,369.75,370.15,369.655,370.0,65125.656151999996
2026-08-03T14:30:00+00:00,370.0151,370.18,369.84,369.85,52079.12534700001
2026-08-03T14:35:00+00:00,369.84,370.15,369.81,370.11,48128.872452
2026-08-03T14:40:00+00:00,370.11,370.35,369.91,369.91,61618.825452000005
2026-08-03T14:45:00+00:00,369.93,370.43,369.855,370.25,66223.478296
2026-08-03T14:50:00+00:00,370.26,370.29,370.06,370.2,64694.62528200001
2026-08-03T14:55:00+00:00,370.205,370.315,370.02,370.2,323492.16336700006
2026-08-03T15:00:00+00:00,370.21,370.53,370.21,370.23,47128.040972999996
2026-08-03T15:05:00+00:00,370.24,370.28,369.85,369.86,62344.671117000005
2026-08-03T15:10:00+00:00,369.88,370.315,369.71,370.09,60848.823621
2026-08-03T15:15:00+00:00,370.081,370.165,369.87,369.97,28897.683348
2026-08-03T15:20:00+00:00,370.01,370.36,369.96,370.29,40176.392103
2026-08-03T15:25:00+00:00,370.34,370.46,370.21,370.37,122028.788374
2026-08-03T15:30:00+00:00,370.36,370.42,369.74,369.95,133584.205245
2026-08-03T15:35:00+00:00,369.905,370.095,369.77,369.9701,39525.862149
2026-08-03T15:40:00+00:00,369.975,370.305,369.955,370.2851,78673.61245700001
2026-08-03T15:45:00+00:00,370.305,370.48,370.24,370.31,26387.772
2026-08-03T15:50:00+00:00,370.3,370.67,370.29,370.375,43023.747664
2026-08-03T15:55:00+00:00,370.34,370.58,370.34,370.42,33011.296817
2026-08-03T16:00:00+00:00,370.39,370.39,370.19,370.25,18374.229119
2026-08-03T16:05:00+00:00,370.26,370.35,370.18,370.259,15769.666715
2026-08-03T16:10:00+00:00,370.27,370.27,370.095,370.15,13972.513254999998
2026-08-03T16:15:00+00:00,370.17,370.27,370.17,370.265,21534.473492999998
2026-08-03T16:20:00+00:00,370.245,370.37,370.16,370.2,15408.061883
2026-08-03T16:25:00+00:00,370.21,370.39,370.1227,370.39,37346.176087
2026-08-03T16:30:00+00:00,370.385,370.44,370.25,370.305,30123.116321
2026-08-03T16:35:00+00:00,370.31,370.4,370.2,370.3999,18765.428735
2026-08-03T16:40:00+00:00,370.38,370.475,370.26,370.2651,22324.50032
2026-08-03T16:45:00+00:00,370.29,370.51,370.29,370.46,13180.628183
2026-08-03T16:50:00+00:00,370.4301,370.46,370.34,370.36,24856.169839000002
2026-08-03T16:55:00+00:00,370.32,370.4,370.18,370.24,49783.164832999995
2026-08-03T17:00:00+00:00,370.23,370.36,370.2,370.28,16704.083379
2026-08-03T17:05:00+00:00,370.29,370.35,369.97,370.03,34248.202224
2026-08-03T17:10:00+00:00,370.0201,370.12,370.01,370.1,13581.957405000001
2026-08-03T17:15:00+00:00,370.09,370.09,370.01,370.05,20559.600877
2026-08-03T17:20:00+00:00,370.055,370.35,370.04,370.23,20238.647479
2026-08-03T17:25:00+00:00,370.23,370.23,370.05,370.1164,15666.863956000001
2026-08-03T17:30:00+00:00,370.1351,370.25,370.01,370.08,18786.154032
2026-08-03T17:35:00+00:00,370.06,370.12,370.04,370.1199,16267.893621
2026-08-03T17:40:00+00:00,370.09,370.28,370.08,370.2,12560.038155000002
2026-08-03T17:45:00+00:00,370.195,370.26,370.14,370.21,8873.310617000001
2026-08-03T17:50:00+00:00,370.2,370.23,370.0394,370.04,15508.279132
2026-08-03T17:55:00+00:00,370.04,370.06,369.72,369.7201,32914.24718
2026-08-03T18:00:00+00:00,369.74,369.78,369.7,369.72,22274.330038
2026-08-03T18:05:00+00:00,369.73,369.855,369.6504,369.7901,35413.860114
2026-08-03T18:10:00+00:00,369.82,370.25,369.82,370.25,24336.035215
2026-08-03T18:15:00+00:00,370.245,370.4293,370.105,370.115,25755.043167
2026-08-03T18:20:00+00:00,370.1267,370.46,370.12,370.34,25992.613162
2026-08-03T18:25:00+00:00,370.35,370.425,370.28,370.31,62527.41920799999
2026-08-03T18:30:00+00:00,370.3,370.43,370.24,370.36,11387.485746999999
2026-08-03T18:35:00+00:00,370.345,370.42,370.26,370.28,11588.58551
2026-08-03T18:40:00+00:00,370.3,370.4499,370.3,370.38,63108.195691999994
2026-08-03T18:45:00+00:00,370.38,370.725,370.375,370.725,27693.886786
2026-08-03T18:50:00+00:00,370.7,370.83,370.65,370.829,34867.514211
2026-08-03T18:55:00+00:00,370.83,370.95,370.78,370.93,26664.834317000004
2026-08-03T19:00:00+00:00,370.9509,371.05,370.88,370.935,54380.440788
2026-08-03T19:05:00+00:00,370.96,371.3799,370.94,371.355,65703.429667
2026-08-03T19:10:00+00:00,371.36,371.47,371.12,371.14,71564.71788
2026-08-03T19:15:00+00:00,371.15,371.38,371.08,371.175,73860.9678
2026-08-03T19:20:00+00:00,371.1701,371.47,371.17,371.34,44363.459606000004
2026-08-03T19:25:00+00:00,371.335,371.81,371.335,371.8,57133.63450999999
2026-08-03T19:30:00+00:00,371.8,371.93,371.71,371.775,59633.209577999995
2026-08-03T19:35:00+00:00,371.81,372.035,371.7,371.79,45652.529606
2026-08-03T19:40:00+00:00,371.77,371.94,371.77,371.88,39717.967144
2026-08-03T19:45:00+00:00,371.88,371.93,371.7515,371.86,86203.16503599999
2026-08-03T19:50:00+00:00,371.86,372.0,371.7206,371.93,54107.18324499999
2026-08-03T19:55:00+00:00,371.93,372.01,371.82,371.87,96006.534108
2026-08-03T20:00:00+00:00,371.86,371.87,371.63,371.69,204575.570158
2026-08-03T20:05:00+00:00,371.71,371.71,371.48,371.58,3967.972412
2026-08-03T20:10:00+00:00,371.67,371.67,371.56,371.66,2369.0
2026-08-03T20:20:00+00:00,371.71,371.74,371.67,371.67,1943.844627
2026-08-03T20:25:00+00:00,371.7199,371.83,371.6047,371.83,4168.201785
2026-08-03T20:30:00+00:00,371.96,371.96,371.95,371.95,156.560013
2026-08-03T20:35:00+00:00,372.0,372.2179,372.0,372.12,918.0
2026-08-03T20:40:00+00:00,372.17,372.18,372.11,372.13,922.481634
2026-08-03T20:45:00+00:00,372.11,372.11,372.0522,372.09,3925.3235019999997
2026-08-03T20:50:00+00:00,372.0,372.0,372.0,372.0,101.0
2026-08-03T20:55:00+00:00,372.0507,372.0893,372.0507,372.0893,1110.163727
2026-08-03T21:00:00+00:00,372.01,372.13,372.01,372.13,197.080169
2026-08-03T21:10:00+00:00,371.6514,371.6514,371.6514,371.6514,114.24145
2026-08-03T21:15:00+00:00,371.99,371.99,371.99,371.99,89.0
2026-08-03T21:20:00+00:00,372.0,372.0,371.62,371.62,846.0
2026-08-03T21:25:00+00:00,371.94,371.94,371.94,371.94,475.0
2026-08-03T21:30:00+00:00,371.88,371.88,371.88,371.88,67.0
2026-08-03T21:45:00+00:00,371.71,371.71,371.71,371.71,14040.0
2026-08-03T21:50:00+00:00,371.56,371.56,371.56,371.56,97.0
2026-08-03T22:05:00+00:00,371.8304,371.8304,371.76,371.76,225.0
2026-08-03T22:10:00+00:00,371.74,371.74,371.5,371.65,1095.0
2026-08-03T22:15:00+00:00,371.6,371.6,371.55,371.55,308.0
2026-08-03T22:20:00+00:00,371.41,371.69,371.41,371.65,1508.0
2026-08-03T22:25:00+00:00,371.64,371.65,371.64,371.65,3329.0
2026-08-03T22:30:00+00:00,371.62,371.68,371.57,371.68,216.134549
2026-08-03T22:35:00+00:00,371.69,371.69,371.69,371.69,79.0
2026-08-03T22:45:00+00:00,371.62,371.64,371.62,371.64,247.0
2026-08-03T23:00:00+00:00,371.5449,371.5449,371.5449,371.5449,203.0
2026-08-03T23:05:00+00:00,371.7,371.75,371.7,371.75,268.003765
2026-08-03T23:20:00+00:00,371.62,371.62,371.55,371.55,1070.0
2026-08-03T23:25:00+00:00,371.55,371.55,371.5,371.5,160.0
2026-08-03T23:30:00+00:00,371.44,371.44,371.44,371.44,109.0
2026-08-03T23:40:00+00:00,371.6,371.87,371.6,371.87,620.0
2026-08-03T23:45:00+00:00,371.69,371.8,371.69,371.74,634.0
2026-08-03T23:55:00+00:00,371.6,371.7,371.6,371.7,337.0
2026-08-04T00:00:00+00:00,371.86,371.86,371.86,371.86,511.0
2026-08-04T08:05:00+00:00,372.36,373.5,371.66,373.37,13749.637806
2026-08-04T08:10:00+00:00,373.4,373.4,373.36,373.36,171.0
2026-08-04T08:15:00+00:00,373.22,373.42,373.22,373.29,212.0
2026-08-04T08:20:00+00:00,373.07,373.07,373.07,373.07,162.0
2026-08-04T08:25:00+00:00,373.0,373.0,372.68,372.7,764.1877939999999
2026-08-04T08:30:00+00:00,372.52,372.56,372.52,372.56,557.095619
2026-08-04T08:35:00+00:00,372.55,372.63,372.52,372.63,1104.0
2026-08-04T08:40:00+00:00,372.4,372.4,372.4,372.4,403.0
2026-08-04T08:45:00+00:00,372.33,372.33,372.33,372.33,90.0
2026-08-04T08:50:00+00:00,372.22,372.22,372.22,372.22,138.16
2026-08-04T08:55:00+00:00,372.0,372.16,372.0,372.15,1691.0
2026-08-04T09:00:00+00:00,371.9,372.01,371.9,371.96,827.0
2026-08-04T09:05:00+00:00,371.9,371.9,371.9,371.9,74.0
2026-08-04T09:10:00+00:00,371.65,371.68,371.6,371.6,574.5
2026-08-04T09:15:00+00:00,371.44,371.44,371.34,371.41,896.0
2026-08-04T09:20:00+00:00,371.5,371.6,371.5,371.58,529.0
2026-08-04T09:25:00+00:00,371.58,371.67,371.44,371.44,2765.040761
2026-08-04T09:30:00+00:00,371.55,371.55,371.51,371.51,288.0
2026-08-04T09:35:00+00:00,371.52,371.57,371.46,371.46,1860.0
2026-08-04T09:40:00+00:00,371.29,371.29,371.23,371.25,829.0
2026-08-04T09:45:00+00:00,371.3352,371.52,371.3352,371.49,566.429781
2026-08-04T09:50:00+00:00,371.42,371.54,371.42,371.54,372.166572
2026-08-04T09:55:00+00:00,371.47,371.47,371.35,371.35,709.570408
2026-08-04T10:10:00+00:00,371.3,371.3,371.3,371.3,441.0
2026-08-04T10:15:00+00:00,371.25,371.35,371.25,371.35,454.023686
2026-08-04T10:20:00+00:00,371.33,371.33,371.16,371.16,209.5
2026-08-04T10:45:00+00:00,371.36,371.8,371.35,371.68,1090.0
2026-08-04T10:50:00+00:00,372.08,372.34,372.08,372.21,1051.0
2026-08-04T10:55:00+00:00,372.25,372.26,371.81,371.86,2769.0
2026-08-04T11:00:00+00:00,371.94,371.97,371.86,371.86,2295.0
2026-08-04T11:05:00+00:00,371.8699,371.9,371.7001,371.7001,12249.829
2026-08-04T11:10:00+00:00,371.88,371.89,371.75,371.89,950.0
2026-08-04T11:15:00+00:00,371.8439,372.2524,371.8439,372.2524,813.134993
2026-08-04T11:20:00+00:00,372.15,372.16,372.1,372.1,480.0
2026-08-04T11:25:00+00:00,372.11,372.11,372.11,372.11,445.0
2026-08-04T11:30:00+00:00,372.32,372.45,372.32,372.45,715.038086
2026-08-04T11:35:00+00:00,372.53,372.75,372.53,372.7,3768.0
2026-08-04T11:40:00+00:00,372.7045,373.0,372.57,372.57,9344.321
2026-08-04T11:45:00+00:00,372.66,373.31,372.52,373.31,5394.54601
2026-08-04T11:50:00+00:00,373.23,374.2,373.19,373.88,14367.67059
2026-08-04T11:55:00+00:00,373.87,374.62,373.83,373.88,23833.0108
2026-08-04T12:00:00+00:00,373.539,373.8,373.24,373.8,941.456767
2026-08-04T12:05:00+00:00,373.8687,373.8687,373.09,373.17,35917.459812999994
2026-08-04T12:10:00+00:00,373.2,373.24,372.6119,372.77,15757.00185
2026-08-04T12:15:00+00:00,372.7112,372.8,372.5,372.59,67493.03
2026-08-04T12:20:00+00:00,372.65,372.91,372.53,372.91,1535.726179
2026-08-04T12:25:00+00:00,372.94,373.22,372.87,373.01,3695.785182
2026-08-04T12:30:00+00:00,373.04,373.23,373.0,373.0,2226.0
2026-08-04T12:35:00+00:00,373.16,373.9126,373.16,373.86,4911.733636
2026-08-04T12:40:00+00:00,373.88,374.52,373.88,374.48,8055.0
2026-08-04T12:45:00+00:00,374.6,374.6,374.08,374.08,6402.475
2026-08-04T12:50:00+00:00,374.16,374.16,373.9,373.9,2580.0
2026-08-04T12:55:00+00:00,373.91,373.9148,373.64,373.7,16200.233296999999
2026-08-04T13:00:00+00:00,373.77,373.839,373.33,373.37,2445.110473
2026-08-04T13:05:00+00:00,373.39,373.39,372.7,372.7599,16495.236366999998
2026-08-04T13:10:00+00:00,372.8,372.88,372.51,372.8,4673.031186
2026-08-04T13:15:00+00:00,372.83,372.94,372.67,372.74,1298.0
2026-08-04T13:20:00+00:00,372.83,372.83,372.66,372.66,2106.156734
2026-08-04T13:25:00+00:00,373.29,375.23,373.29,374.3859,37929.522934
2026-08-04T13:30:00+00:00,374.4,374.43,374.062,374.1,38892.015522999995
2026-08-04T13:35:00+00:00,374.14,374.72,373.92,374.62,182680.83329800004
2026-08-04T13:40:00+00:00,374.57,375.08,374.52,374.94,86402.557443
2026-08-04T13:45:00+00:00,374.99,375.315,374.58,374.58,121543.64154800001
2026-08-04T13:50:00+00:00,374.565,375.53,374.42,375.4,92611.42178
2026-08-04T13:55:00+00:00,375.44,375.57,374.8605,374.875,61295.352816
2026-08-04T14:00:00+00:00,374.86,374.9,374.55,374.66,38378.729002
2026-08-04T14:05:00+00:00,374.71,375.25,374.56,375.02,172039.59455
2026-08-04T14:10:00+00:00,375.01,375.25,374.76,375.14,107573.715368
2026-08-04T14:15:00+00:00,375.18,375.31,375.03,375.17,72599.70063499999
2026-08-04T14:20:00+00:00,375.18,375.35,374.44,374.52,84322.21826400001
2026-08-04T14:25:00+00:00,374.55,374.69,374.31,374.42,58969.989444
2026-08-04T14:30:00+00:00,374.42,374.88,374.375,374.64,63313.494199
2026-08-04T14:35:00+00:00,374.57,374.85,373.979,373.979,140353.309787
2026-08-04T14:40:00+00:00,374.05,374.66,373.71,374.12,113427.007371
2026-08-04T14:45:00+00:00,374.125,374.32,373.96,374.22,24401.776438
2026-08-04T14:50:00+00:00,374.13,374.33,374.06,374.28,45907.162362
2026-08-04T14:55:00+00:00,374.275,374.688,374.27,374.61,57001.024783999994
2026-08-04T15:00:00+00:00,374.65,374.7,374.42,374.55,34590.973328
2026-08-04T15:05:00+00:00,374.5801,374.64,374.355,374.42,23955.397447000003
2026-08-04T15:10:00+00:00,374.3879,374.75,374.245,374.74,62313.629392
2026-08-04T15:15:00+00:00,374.74,374.8,374.56,374.655,196157.437627
2026-08-04T15:20:00+00:00,374.6878,374.6878,373.9,373.9401,63370.001487999994
2026-08-04T15:25:00+00:00,373.98,374.05,373.77,373.87,25860.260263
2026-08-04T15:30:00+00:00,373.935,374.11,373.8496,374.11,39575.74112400001
2026-08-04T15:35:00+00:00,374.075,374.26,373.96,374.035,56712.550229
2026-08-04T15:40:00+00:00,374.018,374.91,373.94,374.58,85750.163224
2026-08-04T15:45:00+00:00,374.61,374.92,374.6,374.635,45375.684567000004
2026-08-04T15:50:00+00:00,374.71,374.77,374.54,374.58,48991.282484
2026-08-04T15:55:00+00:00,374.61,374.99,374.59,374.946,37048.905157
2026-08-04T16:00:00+00:00,374.94,375.08,374.81,374.93,38199.799495
2026-08-04T16:05:00+00:00,374.95,375.05,374.8,374.8899,58170.179441
2026-08-04T16:10:00+00:00,374.86,374.9179,374.68,374.9179,35543.972943
2026-08-04T16:15:00+00:00,374.9,374.95,374.66,374.74,52859.461637
2026-08-04T16:20:00+00:00,374.735,374.8,374.57,374.607,22367.496381
2026-08-04T16:25:00+00:00,374.61,375.04,374.61,374.955,55771.58405
2026-08-04T16:30:00+00:00,374.945,375.18,374.84,374.97,39642.85445100001
2026-08-04T16:35:00+00:00,374.96,375.04,374.9,375.0,27257.556849
2026-08-04T16:40:00+00:00,374.9801,375.01,374.73,374.81,27582.457487
2026-08-04T16:45:00+00:00,374.81,375.14,374.78,375.11,44226.017318000006
2026-08-04T16:50:00+00:00,375.13,375.5,375.09,375.44,51250.519954
2026-08-04T16:55:00+00:00,375.44,375.52,375.29,375.29,21480.61752
2026-08-04T17:00:00+00:00,375.28,375.52,375.22,375.5,25788.711058
2026-08-04T17:05:00+00:00,375.49,376.35,375.435,376.26,88343.314394
2026-08-04T17:10:00+00:00,376.31,376.69,376.08,376.09,776778.9185749999
2026-08-04T17:15:00+00:00,376.0298,376.24,375.92,376.11,31514.321396
2026-08-04T17:20:00+00:00,376.125,376.205,375.84,375.88,20683.255880999997
2026-08-04T17:25:00+00:00,375.91,376.17,375.855,376.09,42621.33967
2026-08-04T17:30:00+00:00,376.08,376.14,375.63,375.64,51638.946963999995
2026-08-04T17:35:00+00:00,375.62,375.63,375.3532,375.54,37604.344974
2026-08-04T17:40:00+00:00,375.55,375.73,375.55,375.635,26043.621180000002
2026-08-04T17:45:00+00:00,375.64,375.75,375.55,375.695,15996.580182000002
2026-08-04T17:50:00+00:00,375.6901,375.8,375.55,375.555,25178.599738999997
2026-08-04T17:55:00+00:00,375.5699,375.6,375.17,375.225,32268.715297000002
2026-08-04T18:00:00+00:00,375.18,375.3,374.85,374.89,42681.178014000005
2026-08-04T18:05:00+00:00,374.84,375.05,374.745,374.89,24289.517206999997
2026-08-04T18:10:00+00:00,374.95,375.09,374.94,375.0,14482.071971000001
2026-08-04T18:15:00+00:00,375.04,375.07,374.8637,375.06,17574.938097000002
2026-08-04T18:20:00+00:00,375.08,375.08,374.83,374.85,19509.412655
2026-08-04T18:25:00+00:00,374.865,375.1,374.85,374.95,27036.777826999998
2026-08-04T18:30:00+00:00,374.87,375.0,374.64,374.66,38841.874164
2026-08-04T18:35:00+00:00,374.655,374.75,374.48,374.48,69260.957616
2026-08-04T18:40:00+00:00,374.5,374.56,374.11,374.14,32221.344786
2026-08-04T18:45:00+00:00,374.145,374.25,373.9,373.92,68257.268031
2026-08-04T18:50:00+00:00,373.93,374.28,373.8136,374.25,37084.118633000006
2026-08-04T18:55:00+00:00,374.24,374.33,374.15,374.235,22557.950195
2026-08-04T19:00:00+00:00,374.22,374.38,374.19,374.2399,25620.443608
2026-08-04T19:05:00+00:00,374.24,374.4399,374.13,374.305,25263.501381000002
2026-08-04T19:10:00+00:00,374.3,374.65,374.29,374.64,18934.707423
2026-08-04T19:15:00+00:00,374.64,374.6681,374.42,374.42,30267.855478
2026-08-04T19:20:00+00:00,374.46,374.7,374.385,374.65,48972.066856
2026-08-04T19:25:00+00:00,374.64,374.675,374.28,374.29,26071.182831000002
2026-08-04T19:30:00+00:00,374.29,374.3599,374.17,374.27,49938.755059999996
2026-08-04T19:35:00+00:00,374.255,374.32,374.16,374.3,41917.39634
2026-08-04T19:40:00+00:00,374.32,374.37,374.23,374.35,34697.121503999995
2026-08-04T19:45:00+00:00,374.36,374.485,374.33,374.39,32804.020783
2026-08-04T19:50:00+00:00,374.41,374.49,374.1815,374.28,55847.045241
2026-08-04T19:55:00+00:00,374.28,374.29,373.95,373.985,187733.535612
2026-08-04T20:00:00+00:00,373.99,374.19,373.9,374.12,206124.56791999997
2026-08-04T20:05:00+00:00,374.16,374.18,374.1,374.15,3250.268384
2026-08-04T20:10:00+00:00,374.1795,374.26,374.08,374.2,8356.013362
2026-08-04T20:15:00+00:00,374.25,374.25,374.15,374.15,3244.938344
2026-08-04T20:20:00+00:00,374.08,374.14,373.95,373.95,1458.012994
2026-08-04T20:25:00+00:00,373.88,373.88,373.8,373.8,631.0
2026-08-04T20:30:00+00:00,373.88,373.88,373.841,373.841,133.079783
2026-08-04T20:35:00+00:00,373.87,373.96,373.812,373.914,1271.009979
2026-08-04T20:40:00+00:00,373.9741,374.02,373.9366,374.02,1869.0
2026-08-04T20:45:00+00:00,374.02,374.08,374.02,374.08,1057.0
2026-08-04T20:50:00+00:00,373.99,374.0,373.88,374.0,434.0
2026-08-04T20:55:00+00:00,374.01,374.01,373.88,373.88,403.0
2026-08-04T21:00:00+00:00,374.0,374.0,374.0,374.0,265.0
2026-08-04T21:05:00+00:00,374.0,374.0,374.0,374.0,155.0
2026-08-04T21:25:00+00:00,374.28,374.28,373.9789,374.15,668.5942279999999
2026-08-04T21:30:00+00:00,374.14,374.45,374.04,374.05,3488.0
2026-08-04T21:40:00+00:00,374.33,374.3698,374.33,374.3698,581.0
2026-08-04T21:45:00+00:00,374.3791,374.3791,374.2,374.2,827.0
2026-08-04T21:50:00+00:00,374.28,374.28,374.16,374.16,380.0
2026-08-04T22:00:00+00:00,374.15,374.38,374.0,374.0,1295.639856
2026-08-04T22:05:00+00:00,374.02,374.02,374.0,374.01,341.0
2026-08-04T22:15:00+00:00,374.0113,374.21,374.0,374.21,491.0
2026-08-04T22:20:00+00:00,373.98,373.98,373.84,373.84,643.628534
2026-08-04T22:25:00+00:00,373.9752,374.02,373.9752,374.02,379.0
2026-08-04T22:35:00+00:00,374.3899,374.39,374.23,374.38,569.0
2026-08-04T22:40:00+00:00,374.39,374.5,374.39,374.5,685.0745919999999
2026-08-04T22:45:00+00:00,374.71,374.72,374.4932,374.64,1358.265402
2026-08-04T22:50:00+00:00,374.41,374.76,374.41,374.45,717.0169
2026-08-04T22:55:00+00:00,374.66,374.66,374.66,374.66,50.0
2026-08-04T23:00:00+00:00,374.409,374.409,373.95,373.95,398.27
2026-08-04T23:05:00+00:00,373.85,373.85,373.31,373.31,3061.93905
2026-08-04T23:10:00+00:00,373.38,373.38,373.37,373.37,98.0
2026-08-04T23:15:00+00:00,373.5,373.7873,373.48,373.48,1372.261998
2026-08-04T23:20:00+00:00,373.99,373.99,373.75,373.75,676.0
2026-08-04T23:25:00+00:00,373.616,373.616,373.24,373.26,1034.0
2026-08-04T23:30:00+00:00,373.21,373.27,372.95,373.06,1213.761021
2026-08-04T23:35:00+00:00,373.26,373.28,373.25,373.28,1019.0
2026-08-04T23:40:00+00:00,373.2,373.2,373.2,373.2,101.0
2026-08-04T23:45:00+00:00,373.35,373.36,373.35,373.36,205.0
2026-08-04T23:50:00+00:00,373.35,373.35,373.29,373.35,626.0
2026-08-04T23:55:00+00:00,373.45,373.51,373.45,373.51,787.0
2026-08-05T00:00:00+00:00,373.4345,373.62,373.4345,373.62,268.0
2026-08-05T08:05:00+00:00,382.4,383.37,378.75,382.6,136906.825078
2026-08-05T08:10:00+00:00,382.03,382.585,381.13,382.4608,5048.010427
2026-08-05T08:15:00+00:00,382.47,382.47,382.15,382.15,2035.531537
2026-08-05T08:20:00+00:00,382.2,382.34,382.06,382.26,1239.353727
2026-08-05T08:25:00+00:00,382.12,382.12,381.88,381.88,397.0
2026-08-05T08:30:00+00:00,381.85,382.0,381.82,382.0,3161.0
2026-08-05T08:35:00+00:00,382.02,382.14,381.93,382.14,1046.657029
2026-08-05T08:40:00+00:00,382.08,382.08,382.0,382.0,226.0
2026-08-05T08:45:00+00:00,381.96,382.25,381.8,382.04,2434.094755
2026-08-05T08:50:00+00:00,381.92,381.96,381.57,381.57,4690.0
2026-08-05T08:55:00+00:00,381.72,381.805,381.67,381.72,5444.5
2026-08-05T09:00:00+00:00,381.78,381.78,381.6,381.63,1697.483262
2026-08-05T09:05:00+00:00,381.75,382.0861,381.73,382.0847,2164.4206599999998
2026-08-05T09:10:00+00:00,382.06,382.16,382.0,382.08,9096.0
2026-08-05T09:15:00+00:00,382.04,382.05,381.8,381.86,11409.395829
2026-08-05T09:20:00+00:00,381.8,381.8,381.6,381.6,2369.25
2026-08-05T09:25:00+00:00,381.64,381.69,381.31,381.341,4761.411314999999
2026-08-05T09:30:00+00:00,381.37,381.45,381.22,381.45,2194.171103
2026-08-05T09:35:00+00:00,381.28,381.2967,381.16,381.2967,2032.912516
2026-08-05T09:40:00+00:00,381.32,381.44,381.13,381.44,2600.017822
2026-08-05T09:45:00+00:00,381.34,381.37,381.3275,381.37,5273.0
2026-08-05T09:50:00+00:00,381.42,381.47,381.25,381.25,1265.0
2026-08-05T09:55:00+00:00,381.32,381.32,381.3,381.3,556.0
2026-08-05T10:00:00+00:00,381.1647,381.5,381.0,381.5,3054.566064
2026-08-05T10:05:00+00:00,380.88,380.89,380.8275,380.87,4903.25
2026-08-05T10:10:00+00:00,380.95,380.96,380.93,380.96,683.0
2026-08-05T10:15:00+00:00,380.93,380.93,380.79,380.79,412.0
2026-08-05T10:20:00+00:00,380.7,381.04,380.7,381.04,3567.034938
2026-08-05T10:25:00+00:00,381.2,381.24,381.19,381.24,1150.0
2026-08-05T10:30:00+00:00,381.26,381.31,381.26,381.28,423.190616
2026-08-05T10:35:00+00:00,381.31,381.36,381.22,381.35,1495.0
2026-08-05T10:40:00+00:00,381.0853,381.2,381.0853,381.2,738.0
2026-08-05T10:45:00+00:00,381.22,381.24,381.22,381.24,222.0
2026-08-05T10:50:00+00:00,381.27,381.27,381.27,381.27,178.0
2026-08-05T10:55:00+00:00,381.14,381.14,381.07,381.07,294.0
2026-08-05T11:00:00+00:00,381.5,381.75,381.5,381.75,950.017977
2026-08-05T11:05:00+00:00,381.68,381.98,381.63,381.9,9705.475387
2026-08-05T11:10:00+00:00,381.8899,382.15,381.8899,382.13,8244.393782
2026-08-05T11:15:00+00:00,382.24,382.67,382.24,382.5939,14119.963353000001
2026-08-05T11:20:00+00:00,382.661,382.73,382.6,382.6,8361.457817
2026-08-05T11:25:00+00:00,382.62,382.79,382.49,382.53,8199.076278
2026-08-05T11:30:00+00:00,382.57,383.49,382.48,383.15,30234.167911
2026-08-05T11:35:00+00:00,383.12,383.51,383.12,383.44,11307.328824
2026-08-05T11:40:00+00:00,383.6,384.08,383.53,383.88,22119.703141
2026-08-05T11:45:00+00:00,383.92,384.25,383.78,384.05,27698.867704
2026-08-05T11:50:00+00:00,383.88,384.05,383.69,384.03,10032.0
2026-08-05T11:55:00+00:00,383.96,384.29,383.96,384.21,2682.0
2026-08-05T12:00:00+00:00,384.23,384.57,384.23,384.373,3914.520546
2026-08-05T12:05:00+00:00,384.33,384.79,384.2953,384.69,9400.924941000001
2026-08-05T12:10:00+00:00,384.84,385.12,384.79,385.0,21918.718004000002
2026-08-05T12:15:00+00:00,385.1,385.25,385.0625,385.11,10232.433676999999
2026-08-05T12:20:00+00:00,385.15,386.04,385.15,385.74,40665.62626
2026-08-05T12:25:00+00:00,385.74,386.45,385.74,386.25,19979.077222
2026-08-05T12:30:00+00:00,386.25,386.27,385.77,385.79,24618.560648
2026-08-05T12:35:00+00:00,385.82,386.11,385.1,385.25,24524.648513
2026-08-05T12:40:00+00:00,385.1274,385.61,385.1274,385.28,30540.125657000004
2026-08-05T12:45:00+00:00,385.049,385.049,384.6,384.7,32732.745638
2026-08-05T12:50:00+00:00,384.72,384.83,384.42,384.66,40052.372401
2026-08-05T12:55:00+00:00,384.61,384.665,384.0425,384.0425,35698.75365
2026-08-05T13:00:00+00:00,384.13,384.2001,383.74,383.75,12194.772250999999
2026-08-05T13:05:00+00:00,383.97,384.83,383.97,384.75,26800.094622999997
2026-08-05T13:10:00+00:00,384.59,384.92,384.48,384.72,15024.506677
2026-08-05T13:15:00+00:00,384.7,384.8499,384.04,384.12,37824.068010999996
2026-08-05T13:20:00+00:00,384.14,384.33,384.0,384.28,6180.7961829999995
2026-08-05T13:25:00+00:00,384.45,385.0623,384.39,384.76,77821.00774100001
2026-08-05T13:30:00+00:00,384.79,385.05,384.66,384.99,13332.99
2026-08-05T13:35:00+00:00,384.96,385.61,384.74,385.44,467174.257664
2026-08-05T13:40:00+00:00,385.43,385.72,384.52,385.31,305020.01956
2026-08-05T13:45:00+00:00,385.32,385.62,385.03,385.03,164575.323219
2026-08-05T13:50:00+00:00,385.09,385.2099,384.45,384.665,124838.07015
2026-08-05T13:55:00+00:00,384.68,385.4,384.32,385.35,220447.65745900004
2026-08-05T14:00:00+00:00,385.34,385.9,385.29,385.835,164371.500519
2026-08-05T14:05:00+00:00,385.81,386.3,385.54,386.25,328434.50000600005
2026-08-05T14:10:00+00:00,386.24,387.91,386.24,387.86,425137.812245
2026-08-05T14:15:00+00:00,387.87,388.49,387.64,388.025,514261.27656
2026-08-05T14:20:00+00:00,388.01,388.87,387.77,388.67,604592.121389
2026-08-05T14:25:00+00:00,388.67,388.87,388.13,388.24,440039.20805499994
2026-08-05T14:30:00+00:00,388.25,389.05,388.21,388.72,568888.9490680001
2026-08-05T14:35:00+00:00,388.72,389.175,387.97,388.095,619981.638774
2026-08-05T14:40:00+00:00,388.105,388.42,387.9004,388.205,184834.431842
2026-08-05T14:45:00+00:00,388.23,389.39,388.05,389.2499,282814.461491
2026-08-05T14:50:00+00:00,389.22,389.645,389.07,389.63,185224.740512
2026-08-05T14:55:00+00:00,389.63,389.65,388.34,388.75,344593.67983
2026-08-05T15:00:00+00:00,388.77,389.49,388.615,389.36,209500.60705299999
2026-08-05T15:05:00+00:00,389.34,390.77,389.22,390.385,243076.976216
2026-08-05T15:10:00+00:00,390.38,390.74,390.02,390.47,173144.61794000003
2026-08-05T15:15:00+00:00,390.42,390.915,390.39,390.62,225085.396525
2026-08-05T15:20:00+00:00,390.6,390.645,389.8708,390.55,263101.84082
2026-08-05T15:25:00+00:00,390.55,390.97,390.43,390.78,134144.243898
2026-08-05T15:30:00+00:00,390.77,391.24,390.53,390.55,135151.09712
2026-08-05T15:35:00+00:00,390.54,390.71,390.28,390.33,134791.561666
2026-08-05T15:40:00+00:00,390.33,390.78,390.25,390.565,126242.96181800001
2026-08-05T15:45:00+00:00,390.55,390.565,390.1,390.4,85117.97061399999
2026-08-05T15:50:00+00:00,390.3999,390.4,389.8,389.88,204119.358379
2026-08-05T15:55:00+00:00,389.87,389.9,389.04,389.23,301453.982917
2026-08-05T16:00:00+00:00,389.24,389.26,388.28,388.3299,270706.54530500004
2026-08-05T16:05:00+00:00,388.35,388.46,387.63,387.665,245092.030019
2026-08-05T16:10:00+00:00,387.665,388.55,387.565,388.5351,103049.16346
2026-08-05T16:15:00+00:00,388.53,388.59,388.2,388.4,64445.167964
2026-08-05T16:20:00+00:00,388.45,388.66,388.27,388.365,65840.87551200001
2026-08-05T16:25:00+00:00,388.38,388.99,388.3676,388.84,69690.06250599999
2026-08-05T16:30:00+00:00,388.85,389.12,388.83,389.07,83710.229077
2026-08-05T16:35:00+00:00,389.07,389.24,388.86,389.0599,70618.392886
2026-08-05T16:40:00+00:00,389.02,389.45,388.98,389.31,53607.593634
2026-08-05T16:45:00+00:00,389.32,389.57,389.24,389.37,35288.656767
2026-08-05T16:50:00+00:00,389.35,389.42,388.9,389.16,70579.453851
2026-08-05T16:55:00+00:00,389.145,389.61,389.13,389.335,84746.215682
2026-08-05T17:00:00+00:00,389.35,389.35,388.78,389.105,68359.432964
2026-08-05T17:05:00+00:00,389.13,389.22,388.85,389.22,76311.748702
2026-08-05T17:10:00+00:00,389.205,389.31,389.025,389.05,116169.07012599999
2026-08-05T17:15:00+00:00,389.05,389.28,389.025,389.135,40535.644993999995
2026-08-05T17:20:00+00:00,389.11,389.11,388.77,388.81,86959.567869
2026-08-05T17:25:00+00:00,388.81,388.965,388.63,388.965,73499.96049200001
2026-08-05T17:30:00+00:00,388.95,389.58,388.73,389.365,152246.664598
2026-08-05T17:35:00+00:00,389.365,389.7,389.0512,389.7,55593.830902
2026-08-05T17:40:00+00:00,389.69,389.94,389.51,389.885,91925.376719
2026-08-05T17:45:00+00:00,389.89,389.96,389.68,389.735,78101.59081400001
2026-08-05T17:50:00+00:00,389.72,389.94,389.64,389.76,42613.640018000006
2026-08-05T17:55:00+00:00,389.75,389.92,389.73,389.8451,59076.861641999996
2026-08-05T18:00:00+00:00,389.84,390.1,389.84,389.91,77035.66666
2026-08-05T18:05:00+00:00,389.91,390.26,389.82,390.16,53851.25812400001
2026-08-05T18:10:00+00:00,390.15,390.54,390.15,390.39,46298.75844599999
2026-08-05T18:15:00+00:00,390.41,390.56,390.16,390.165,41781.318101
2026-08-05T18:20:00+00:00,390.18,390.56,390.155,390.515,59191.095453
2026-08-05T18:25:00+00:00,390.5,391.51,390.48,391.11,230839.611238
2026-08-05T18:30:00+00:00,391.11,391.28,390.94,391.05,102317.957432
2026-08-05T18:35:00+00:00,391.04,391.11,390.285,390.32,81105.156752
2026-08-05T18:40:00+00:00,390.34,390.639,390.34,390.555,48799.219608
2026-08-05T18:45:00+00:00,390.555,390.84,390.53,390.74,90496.28911499999
2026-08-05T18:50:00+00:00,390.76,390.95,390.61,390.7,62089.86541
2026-08-05T18:55:00+00:00,390.71,391.02,390.67,390.97,97466.43890099999
2026-08-05T19:00:00+00:00,390.97,391.1,390.8401,390.89,67099.7971
2026-08-05T19:05:00+00:00,390.88,390.9899,390.73,390.9899,63073.836178
2026-08-05T19:10:00+00:00,390.9801,390.9801,390.55,390.59,60881.556333
2026-08-05T19:15:00+00:00,390.57,390.69,390.41,390.63,72889.937606
2026-08-05T19:20:00+00:00,390.61,390.61,389.925,390.02,77431.21232299999
2026-08-05T19:25:00+00:00,390.04,390.39,389.91,390.36,81879.352776
2026-08-05T19:30:00+00:00,390.35,390.42,390.11,390.13,73309.56545600001
2026-08-05T19:35:00+00:00,390.13,390.24,389.81,389.83,84082.453019
2026-08-05T19:40:00+00:00,389.825,389.96,389.675,389.89,111421.45271700002
2026-08-05T19:45:00+00:00,389.89,390.21,389.89,390.2,94525.765247
2026-08-05T19:50:00+00:00,390.18,390.21,389.68,389.725,155224.495504
2026-08-05T19:55:00+00:00,389.74,389.84,389.62,389.78,179914.35879
2026-08-05T20:00:00+00:00,389.79,389.82,389.48,389.57,508716.81215400004
2026-08-05T20:05:00+00:00,389.61,389.7759,389.5,389.69,199959.355869
2026-08-05T20:10:00+00:00,389.69,389.69,389.6,389.61,3550.417137
2026-08-05T20:15:00+00:00,389.65,389.77,389.63,389.77,8656.754835
2026-08-05T20:20:00+00:00,389.7656,389.81,389.49,389.49,2026.7478059999999
2026-08-05T20:25:00+00:00,389.39,389.57,389.39,389.51,30600.0
2026-08-05T20:30:00+00:00,389.56,389.56,389.42,389.5,11987.961896
2026-08-05T20:35:00+00:00,389.56,389.75,389.46,389.75,4774.015886
2026-08-05T20:40:00+00:00,389.74,389.7562,389.52,389.52,2171.123548
2026-08-05T20:45:00+00:00,389.5735,389.5735,389.55,389.55,277.0
2026-08-05T20:50:00+00:00,389.4096,389.63,389.3122,389.35,2163.135214
2026-08-05T20:55:00+00:00,389.3,389.45,389.3,389.45,2193.344302
2026-08-05T21:00:00+00:00,389.39,389.63,389.39,389.4902,1404.0
2026-08-05T21:05:00+00:00,389.63,389.63,389.5,389.5,2974.888873
2026-08-05T21:10:00+00:00,389.61,389.69,389.4449,389.69,1757.56955
2026-08-05T21:15:00+00:00,389.49,389.7907,389.45,389.75,4475.238515
2026-08-05T21:20:00+00:00,389.74,389.81,389.74,389.81,1097.199771
2026-08-05T21:25:00+00:00,389.7697,389.81,389.6094,389.61,2037.032041
2026-08-05T21:30:00+00:00,389.61,389.64,389.4501,389.63,3952.9
2026-08-05T21:35:00+00:00,389.6299,389.64,389.6004,389.64,3478.384981
2026-08-05T21:40:00+00:00,389.85,389.85,389.73,389.8233,1542.142955
2026-08-05T21:45:00+00:00,389.8,389.85,389.79,389.7985,628.04763
2026-08-05T21:50:00+00:00,389.85,389.85,389.71,389.71,1273.507296
2026-08-05T21:55:00+00:00,389.71,389.8,389.71,389.78,744.012442
2026-08-05T22:00:00+00:00,389.71,389.8,389.45,389.4915,1868.045593
2026-08-05T22:05:00+00:00,389.6,390.11,389.6,389.6202,3412.4363139999996
2026-08-05T22:10:00+00:00,389.6782,389.8218,389.44,389.65,27588.0
2026-08-05T22:15:00+00:00,389.8074,389.8074,389.4911,389.8041,341.060008
2026-08-05T22:20:00+00:00,389.55,389.65,389.49,389.55,2389.769882
2026-08-05T22:25:00+00:00,389.7,389.72,389.4,389.71,503.019098
2026-08-05T22:30:00+00:00,389.65,389.65,389.65,389.65,334.0
2026-08-05T22:35:00+00:00,389.64,389.8,389.64,389.65,978.32486
2026-08-05T22:40:00+00:00,389.65,389.94,389.65,389.795,431.0
2026-08-05T22:45:00+00:00,389.9007,389.94,389.6,389.813,2157.375665
2026-08-05T22:50:00+00:00,389.54,389.7683,389.51,389.7683,1019.332429
2026-08-05T22:55:00+00:00,389.7898,389.89,389.77,389.89,1527.643726
2026-08-05T23:00:00+00:00,389.6094,389.89,389.52,389.78,2689.0
2026-08-05T23:05:00+00:00,389.89,389.99,389.82,389.82,1485.2683069999998
2026-08-05T23:10:00+00:00,389.9199,390.22,389.9199,390.12,2374.3794580000003
2026-08-05T23:15:00+00:00,390.14,390.6387,390.08,390.3044,7112.068535
2026-08-05T23:20:00+00:00,390.6855,390.79,390.6,390.6,1922.074208
2026-08-05T23:25:00+00:00,390.74,390.99,390.4,390.9,1382.2774220000001
2026-08-05T23:30:00+00:00,390.99,391.13,390.8,391.1,6483.0
2026-08-05T23:35:00+00:00,391.13,391.13,390.88,391.0,4150.871499
2026-08-05T23:40:00+00:00,391.19,392.49,391.19,392.49,10175.136877
2026-08-05T23:45:00+00:00,392.4,392.67,392.21,392.63,3661.055542
2026-08-05T23:50:00+00:00,392.28,392.45,391.7029,392.06,5418.014304
2026-08-05T23:55:00+00:00,392.0482,392.3,392.0,392.25,1284.007382
2026-08-06T00:00:00+00:00,392.2,392.56,392.0,392.42,4204.411571
2026-08-06T08:05:00+00:00,390.7,391.51,389.64,390.74,88942.153867
2026-08-06T08:10:00+00:00,390.23,391.0,390.23,391.0,1763.279395
2026-08-06T08:15:00+00:00,391.19,391.49,391.19,391.49,3767.509821
2026-08-06T08:20:00+00:00,391.52,391.59,391.481,391.481,2327.0766089999997
2026-08-06T08:25:00+00:00,391.45,391.51,391.12,391.29,1647.337833
2026-08-06T08:30:00+00:00,391.16,391.41,391.09,391.41,627.0
2026-08-06T08:35:00+00:00,391.74,391.9,391.74,391.85,779.0343849999999
2026-08-06T08:40:00+00:00,391.91,392.02,391.67,391.67,1986.2396890000002
2026-08-06T08:45:00+00:00,391.91,391.91,391.65,391.85,3926.799423
2026-08-06T08:50:00+00:00,392.01,392.01,391.9,391.9,179.5
2026-08-06T08:55:00+00:00,392.08,392.12,391.88,392.08,1741.012755
2026-08-06T09:00:00+00:00,392.1,392.4,392.0,392.35,5206.0
2026-08-06T09:05:00+00:00,392.38,392.8,392.38,392.5,2821.272567
2026-08-06T09:10:00+00:00,392.49,392.49,392.28,392.28,788.0050630000001
2026-08-06T09:15:00+00:00,392.42,392.45,392.32,392.32,365.0
2026-08-06T09:20:00+00:00,392.83,392.83,392.73,392.79,1818.3
2026-08-06T09:25:00+00:00,392.69,393.0,392.69,392.93,966.88975
2026-08-06T09:30:00+00:00,392.84,392.84,392.52,392.73,1282.84589
2026-08-06T09:35:00+00:00,392.86,392.88,392.37,392.37,4688.2163
2026-08-06T09:40:00+00:00,392.31,392.31,392.21,392.27,938.235
2026-08-06T09:45:00+00:00,392.19,392.19,391.93,391.93,958.510207
2026-08-06T09:50:00+00:00,392.0,392.1,392.0,392.03,5585.064575
2026-08-06T09:55:00+00:00,392.0,392.0,391.95,391.95,559.0
2026-08-06T10:00:00+00:00,391.89,391.9,391.86,391.86,1304.0
2026-08-06T10:05:00+00:00,391.85,391.89,391.77,391.81,1254.834559
2026-08-06T10:10:00+00:00,391.66,391.68,391.6,391.68,698.134065
2026-08-06T10:15:00+00:00,391.62,391.64,391.57,391.64,853.7576859999999
2026-08-06T10:20:00+00:00,391.41,391.53,391.36,391.49,1484.0
2026-08-06T10:25:00+00:00,391.42,391.46,391.42,391.46,236.0
2026-08-06T10:30:00+00:00,391.594,391.594,391.51,391.54,1598.180664
2026-08-06T10:35:00+00:00,391.39,391.48,391.39,391.45,414.065134
2026-08-06T10:45:00+00:00,391.44,391.44,391.08,391.15,1645.0531
2026-08-06T10:50:00+00:00,391.2,391.47,391.19,391.47,2250.793999
2026-08-06T10:55:00+00:00,391.68,391.68,391.68,391.68,97.29635
2026-08-06T11:00:00+00:00,391.73,391.73,391.6,391.6,1163.002622
2026-08-06T11:05:00+00:00,391.72,391.92,391.45,391.45,10484.378862
2026-08-06T11:10:00+00:00,391.48,391.61,391.37,391.4,4854.339038
2026-08-06T11:15:00+00:00,391.5,391.58,391.35,391.53,2421.25806
2026-08-06T11:20:00+00:00,391.49,391.77,391.14,391.14,6171.041164
2026-08-06T11:25:00+00:00,391.22,391.22,390.7,390.8308,5310.895832
2026-08-06T11:30:00+00:00,390.88,391.1,390.87,390.95,5397.0
2026-08-06T11:35:00+00:00,391.09,391.32,391.05,391.21,3039.486625
2026-08-06T11:40:00+00:00,391.17,391.3547,390.83,390.86,2894.9
2026-08-06T11:45:00+00:00,390.8884,390.8884,390.682,390.77,3530.304261
2026-08-06T11:50:00+00:00,390.75,390.75,390.3,390.3,3141.684036
2026-08-06T11:55:00+00:00,390.34,390.54,390.2039,390.32,2884.1873809999997
2026-08-06T12:00:00+00:00,390.48,390.99,390.48,390.99,1522.205242
2026-08-06T12:05:00+00:00,391.04,391.21,390.9,391.21,6448.128267
2026-08-06T12:10:00+00:00,390.99,391.0,390.36,390.36,3772.178226
2026-08-06T12:15:00+00:00,390.53,390.56,390.25,390.35,9221.742582
2026-08-06T12:20:00+00:00,390.2645,390.35,390.06,390.2201,7290.390436000001
2026-08-06T12:25:00+00:00,390.41,390.9831,390.41,390.84,5731.075614
2026-08-06T12:30:00+00:00,390.84,390.843,390.45,390.81,11840.22
2026-08-06T12:35:00+00:00,390.8,391.56,390.54,391.39,45747.184654
2026-08-06T12:40:00+00:00,391.5,391.66,391.34,391.58,4185.143341
2026-08-06T12:45:00+00:00,391.66,391.66,391.24,391.3,4081.31981
2026-08-06T12:50:00+00:00,391.28,391.3,390.14,390.32,22899.025999999998
2026-08-06T12:55:00+00:00,390.14,390.27,389.86,389.86,28745.661321000003
2026-08-06T13:00:00+00:00,390.0,390.03,389.7,389.8,12031.012945
2026-08-06T13:05:00+00:00,389.8,390.25,389.8,390.0161,10463.244391
2026-08-06T13:10:00+00:00,389.92,389.92,388.0,388.07,30743.396267
2026-08-06T13:15:00+00:00,388.08,388.773,387.9,388.65,26697.204792999997
2026-08-06T13:20:00+00:00,388.66,389.25,388.53,389.25,95199.326319
2026-08-06T13:25:00+00:00,389.26,389.6,388.9971,389.1597,50495.34164
2026-08-06T13:30:00+00:00,389.11,389.57,388.88,389.46,16167.402009999998
2026-08-06T13:35:00+00:00,389.5,390.04,389.43,389.87,399469.06843200006
2026-08-06T13:40:00+00:00,389.83,391.2,389.81,390.615,210964.375554
2026-08-06T13:45:00+00:00,390.61,392.0199,390.56,391.665,334746.88765399996
2026-08-06T13:50:00+00:00,391.6,391.63,390.92,391.0,128400.733955
2026-08-06T13:55:00+00:00,391.05,391.42,390.89,391.2499,86154.30249900001
2026-08-06T14:00:00+00:00,391.25,391.55,391.19,391.31,107130.26658600001
2026-08-06T14:05:00+00:00,391.35,391.71,391.15,391.36,140178.669276
2026-08-06T14:10:00+00:00,391.34,391.75,391.03,391.15,121407.964363
2026-08-06T14:15:00+00:00,391.19,392.1,391.16,391.49,440748.74204
2026-08-06T14:20:00+00:00,391.5,391.52,390.75,391.25,98740.533748
2026-08-06T14:25:00+00:00,391.25,391.375,390.84,390.89,90217.93134899999
2026-08-06T14:30:00+00:00,390.9,391.51,390.7,391.21,242575.90626299998
2026-08-06T14:35:00+00:00,391.21,392.0,391.21,391.81,104727.264963
2026-08-06T14:40:00+00:00,391.81,392.12,391.625,391.65,79075.209922
2026-08-06T14:45:00+00:00,391.63,392.06,391.61,391.95,93633.909619
2026-08-06T14:50:00+00:00,391.945,392.09,391.17,391.21,114042.207707
2026-08-06T14:55:00+00:00,391.17,391.69,390.965,391.6858,110932.534139
2026-08-06T15:00:00+00:00,391.69,391.87,391.345,391.86,103534.78625500001
2026-08-06T15:05:00+00:00,391.88,391.9899,391.475,391.65,167669.450772
2026-08-06T15:10:00+00:00,391.63,391.73,391.11,391.3,108683.840161
2026-08-06T15:15:00+00:00,391.28,391.44,390.8,391.005,105331.125925
2026-08-06T15:20:00+00:00,390.99,391.01,390.3,390.32,122830.575956
2026-08-06T15:25:00+00:00,390.34,390.48,389.81,390.185,104646.093969
2026-08-06T15:30:00+00:00,390.16,390.6,390.03,390.19,89846.452821
2026-08-06T15:35:00+00:00,390.215,390.28,389.7,389.71,130808.06254300001
2026-08-06T15:40:00+00:00,389.69,390.05,389.46,389.99,177994.164988
2026-08-06T15:45:00+00:00,389.98,390.06,389.58,389.87,66850.90595700001
2026-08-06T15:50:00+00:00,389.88,389.88,389.54,389.55,48369.796413
2026-08-06T15:55:00+00:00,389.5,389.73,388.33,388.35,111063.944389
2026-08-06T16:00:00+00:00,388.3,388.59,387.7501,388.205,317382.20720299997
2026-08-06T16:05:00+00:00,388.22,388.64,388.08,388.5801,236050.05892100002
2026-08-06T16:10:00+00:00,388.63,389.11,388.53,388.995,135626.068393
2026-08-06T16:15:00+00:00,388.96,389.03,387.98,388.15,118824.82774499999
2026-08-06T16:20:00+00:00,388.15,388.1673,387.3761,387.6,132178.555352
2026-08-06T16:25:00+00:00,387.6,387.71,387.28,387.375,114723.036072
2026-08-06T16:30:00+00:00,387.4,387.93,387.27,387.9,728833.8532889999
2026-08-06T16:35:00+00:00,387.92,388.21,387.92,388.09,72925.931295
2026-08-06T16:40:00+00:00,388.1,388.425,388.07,388.375,83848.699425
2026-08-06T16:45:00+00:00,388.37,388.37,388.065,388.2082,45961.560916
2026-08-06T16:50:00+00:00,388.24,388.49,388.065,388.47,39378.46895
2026-08-06T16:55:00+00:00,388.48,388.645,388.39,388.575,61992.705209
2026-08-06T17:00:00+00:00,388.56,389.03,388.56,388.93,82841.051136
2026-08-06T17:05:00+00:00,388.94,389.14,388.74,388.945,107671.17633100001
2026-08-06T17:10:00+00:00,388.945,389.115,388.86,389.07,52076.46894200001
2026-08-06T17:15:00+00:00,389.05,389.2299,388.8645,388.88,99524.533512
2026-08-06T17:20:00+00:00,388.9,388.935,388.7,388.905,90451.177396
2026-08-06T17:25:00+00:00,388.93,389.02,388.67,388.7605,59279.974426
2026-08-06T17:30:00+00:00,388.8,389.0635,388.75,388.965,52560.469165
2026-08-06T17:35:00+00:00,388.92,388.99,388.7,388.87,35624.829647
2026-08-06T17:40:00+00:00,388.8501,389.14,388.6819,388.99,39328.880324
2026-08-06T17:45:00+00:00,389.0,389.1,388.93,388.9738,20143.684934
2026-08-06T17:50:00+00:00,388.985,389.05,388.855,388.98,14669.69511
2026-08-06T17:55:00+00:00,389.025,389.56,389.02,389.47,53446.458998999995
2026-08-06T18:00:00+00:00,389.46,389.56,389.32,389.51,56533.177292
2026-08-06T18:05:00+00:00,389.52,389.5384,389.23,389.385,41141.131944
2026-08-06T18:10:00+00:00,389.385,389.67,389.385,389.61,38853.014104999995
2026-08-06T18:15:00+00:00,389.61,389.67,389.45,389.52,41221.918307
2026-08-06T18:20:00+00:00,389.51,389.71,389.42,389.59,52594.48443
2026-08-06T18:25:00+00:00,389.575,389.76,389.5106,389.57,66518.261205
2026-08-06T18:30:00+00:00,389.58,389.63,389.425,389.4707,47194.772004000006
2026-08-06T18:35:00+00:00,389.48,389.57,389.1601,389.22,40903.70922199999
2026-08-06T18:40:00+00:00,389.2,389.27,389.08,389.16,28389.5002
2026-08-06T18:45:00+00:00,389.14,389.18,388.91,389.0,29493.951992000002
2026-08-06T18:50:00+00:00,389.01,389.31,388.99,389.29,57435.52515400001
2026-08-06T18:55:00+00:00,389.28,389.38,388.9905,389.005,32158.192035
2026-08-06T19:00:00+00:00,389.01,389.155,388.91,389.14,23570.441716999998
2026-08-06T19:05:00+00:00,389.17,389.66,389.11,389.615,50027.157085
2026-08-06T19:10:00+00:00,389.61,389.66,389.49,389.66,40600.606981
2026-08-06T19:15:00+00:00,389.66,389.85,389.47,389.475,65211.72192
2026-08-06T19:20:00+00:00,389.48,389.59,389.3,389.3,50664.845545
2026-08-06T19:25:00+00:00,389.31,389.47,388.8,388.81,75250.972341
2026-08-06T19:30:00+00:00,388.815,388.9799,388.37,388.56,192514.56062799998
2026-08-06T19:35:00+00:00,388.55,388.68,388.395,388.65,110975.26082099999
2026-08-06T19:40:00+00:00,388.655,388.765,388.48,388.49,116129.90577699999
2026-08-06T19:45:00+00:00,388.49,388.53,388.13,388.3,165991.901361
2026-08-06T19:50:00+00:00,388.29,388.73,388.29,388.58,87819.03727999999
2026-08-06T19:55:00+00:00,388.58,389.83,388.57,389.47,222071.84299499998
2026-08-06T20:00:00+00:00,389.47,389.72,389.19,389.65,260887.11018800002
2026-08-06T20:05:00+00:00,389.73,389.78,389.43,389.47,13293.565211
2026-08-06T20:10:00+00:00,389.5,389.5,389.4178,389.4178,4126.0
2026-08-06T20:15:00+00:00,389.42,389.4322,389.23,389.27,7998.243703
2026-08-06T20:20:00+00:00,389.27,389.383,389.2,389.3,23498.368909
2026-08-06T20:25:00+00:00,389.15,389.26,389.15,389.23,1795.0
2026-08-06T20:30:00+00:00,389.07,389.0701,388.98,388.98,489.0
2026-08-06T20:35:00+00:00,389.008,389.05,388.93,388.93,1294.758105
2026-08-06T20:40:00+00:00,389.0326,389.1245,388.862,388.862,6158.0
2026-08-06T20:45:00+00:00,388.64,388.65,388.41,388.47,4043.0
2026-08-06T20:50:00+00:00,388.38,388.65,388.38,388.65,612.0
2026-08-06T20:55:00+00:00,388.9,388.9,388.9,388.9,97.0
2026-08-06T21:00:00+00:00,388.901,389.03,388.8232,389.03,898.0
2026-08-06T21:05:00+00:00,388.88,389.0,388.8,388.8,167.012304
2026-08-06T21:10:00+00:00,388.92,388.92,388.92,388.92,68.0
2026-08-06T21:15:00+00:00,389.18,389.18,389.1528,389.1528,966.0
2026-08-06T21:25:00+00:00,388.91,389.0,388.8,389.0,258.158549
2026-08-06T21:30:00+00:00,389.14,389.14,389.07,389.07,282.0
2026-08-06T21:35:00+00:00,389.06,389.06,388.8988,388.8988,263.0
2026-08-06T21:40:00+00:00,388.8,389.11,388.8,389.11,617.026875
2026-08-06T21:55:00+00:00,389.0,389.0,389.0,389.0,50.0
2026-08-06T22:00:00+00:00,388.96,389.0237,388.96,389.0237,360127.0
2026-08-06T22:05:00+00:00,388.88,389.04,388.34,388.34,4091.0
2026-08-06T22:15:00+00:00,388.63,388.8,388.55,388.8,748.006072
2026-08-06T22:20:00+00:00,388.76,388.93,388.6359,388.93,1420.0
2026-08-06T22:25:00+00:00,388.9206,389.05,388.89,389.0,4327.081347
2026-08-06T22:30:00+00:00,388.86,389.12,388.86,389.11,454.0
2026-08-06T22:35:00+00:00,389.13,389.13,389.05,389.05,244.973551
2026-08-06T22:45:00+00:00,388.89,388.89,388.89,388.89,234.0
2026-08-06T22:50:00+00:00,388.76,388.76,388.76,388.76,62.0
2026-08-06T22:55:00+00:00,389.0,389.08,389.0,389.08,3245.172727
2026-08-06T23:00:00+00:00,389.04,389.04,388.8641,389.04,680.0
2026-08-06T23:05:00+00:00,388.86,388.86,388.86,388.86,116.0
2026-08-06T23:10:00+00:00,389.08,389.22,389.08,389.22,2675.0
2026-08-06T23:15:00+00:00,389.15,389.352,389.15,389.352,293.0
2026-08-06T23:20:00+00:00,389.29,389.34,389.29,389.34,145.0
2026-08-06T23:25:00+00:00,389.35,389.3501,389.35,389.3501,434.0
2026-08-06T23:30:00+00:00,389.35,389.365,389.15,389.15,619.027821
2026-08-06T23:35:00+00:00,389.39,389.57,389.39,389.54,696.23055
2026-08-06T23:40:00+00:00,389.5568,389.5982,389.5568,389.5761,235.0
2026-08-06T23:45:00+00:00,389.53,389.54,389.3451,389.3451,1649.0
2026-08-06T23:50:00+00:00,389.54,389.54,389.54,389.54,83.0
2026-08-06T23:55:00+00:00,389.66,389.99,389.66,389.99,1513.0
2026-08-07T00:00:00+00:00,389.96,390.0,389.96,389.9989,1527.816823
2026-08-07T08:05:00+00:00,392.76,394.26,390.86,393.7045,92029.159003
2026-08-07T08:10:00+00:00,393.87,394.0,393.77,394.0,5303.034097
2026-08-07T08:15:00+00:00,393.95,394.45,393.92,394.45,5816.088383
2026-08-07T08:20:00+00:00,394.5,394.52,394.1933,394.2595,2463.750462
2026-08-07T08:25:00+00:00,394.25,394.34,393.8804,394.0,11591.0
2026-08-07T08:30:00+00:00,393.969,394.06,393.89,393.96,2872.25
2026-08-07T08:35:00+00:00,393.96,395.77,393.96,395.77,9514.007804
2026-08-07T08:40:00+00:00,395.7902,395.7902,394.52,395.0,4938.194433
2026-08-07T08:45:00+00:00,394.98,395.33,394.98,395.33,2552.6
2026-08-07T08:50:00+00:00,395.28,395.48,395.15,395.2,7302.703829
2026-08-07T08:55:00+00:00,395.0,395.02,394.75,394.88,1835.053784
2026-08-07T09:00:00+00:00,395.1,395.11,394.7999,395.06,7466.5
2026-08-07T09:05:00+00:00,395.02,395.08,394.99,395.04,935.809819
2026-08-07T09:10:00+00:00,395.0,395.07,394.97,395.07,688.0
2026-08-07T09:15:00+00:00,395.05,395.09,394.94,395.0,1928.8052280000002
2026-08-07T09:20:00+00:00,394.95,395.21,394.89,395.12,3448.25
2026-08-07T09:25:00+00:00,395.179,395.3643,395.13,395.3,2883.0
2026-08-07T09:30:00+00:00,395.35,395.4,395.05,395.05,3839.243703
2026-08-07T09:35:00+00:00,395.15,395.15,394.63,394.79,7369.665551
2026-08-07T09:40:00+00:00,394.79,395.27,394.78,395.27,1461.422981
2026-08-07T09:45:00+00:00,395.4533,396.06,395.36,396.06,7265.79226
2026-08-07T09:50:00+00:00,396.19,396.32,395.87,395.93,3249.08974
2026-08-07T09:55:00+00:00,395.9462,396.22,395.9462,396.06,2855.08974
2026-08-07T10:00:00+00:00,396.14,396.2,395.81,395.92,2290.116926
2026-08-07T10:05:00+00:00,396.09,396.17,395.8157,396.16,2151.025281
2026-08-07T10:10:00+00:00,395.9,395.9,395.6,395.6,39811.142017
2026-08-07T10:15:00+00:00,395.67,395.69,395.36,395.36,1766.010215
2026-08-07T10:20:00+00:00,395.33,395.65,395.3,395.65,11955.0
2026-08-07T10:25:00+00:00,395.6,395.72,395.52,395.61,11717.0
2026-08-07T10:30:00+00:00,395.72,395.77,395.6,395.77,1261.0
2026-08-07T10:35:00+00:00,395.72,395.96,395.72,395.91,1341.0
2026-08-07T10:40:00+00:00,395.81,396.12,395.81,396.12,14528.02827
2026-08-07T10:45:00+00:00,395.91,396.18,395.9,396.06,9821.217399000001
2026-08-07T10:50:00+00:00,396.01,396.4,396.01,396.2,17863.182482
2026-08-07T10:55:00+00:00,396.21,396.38,396.12,396.12,8053.1
2026-08-07T11:00:00+00:00,396.0,396.11,395.96,396.0,3150.87165
2026-08-07T11:05:00+00:00,396.04,396.75,396.0,396.6545,15817.208200000001
2026-08-07T11:10:00+00:00,396.71,396.87,394.0,396.8513,145571.67275700002
2026-08-07T11:15:00+00:00,396.78,396.7866,396.36,396.36,15607.514199000001
2026-08-07T11:20:00+00:00,396.2,396.3675,396.04,396.3675,17402.762758
2026-08-07T11:25:00+00:00,396.355,396.7,396.3313,396.69,6834.076337
2026-08-07T11:30:00+00:00,396.7225,396.93,396.69,396.7,3632.0967840000003
2026-08-07T11:35:00+00:00,396.79,396.99,396.7353,396.8,18452.27
2026-08-07T11:40:00+00:00,396.57,396.59,396.37,396.52,6814.767
2026-08-07T11:45:00+00:00,396.59,396.76,396.53,396.53,9446.488002
2026-08-07T11:50:00+00:00,396.63,396.73,396.5,396.605,11406.276082
2026-08-07T11:55:00+00:00,396.55,396.87,396.33,396.84,10491.367454
2026-08-07T12:00:00+00:00,396.79,396.93,396.47,396.47,4803.551534
2026-08-07T12:05:00+00:00,396.39,396.73,396.28,396.31,7428.107355
2026-08-07T12:10:00+00:00,396.18,396.21,395.8293,396.07,6689.2723750000005
2026-08-07T12:15:00+00:00,396.13,396.54,395.45,395.7,536453.880655
2026-08-07T12:20:00+00:00,395.76,395.91,395.44,395.6,130503.528253
2026-08-07T12:25:00+00:00,395.79,395.87,395.4,395.4,7059.717549
2026-08-07T12:30:00+00:00,395.35,395.78,394.0198,394.97,14692.956884
2026-08-07T12:35:00+00:00,395.5,400.22,395.5,399.98,299875.30213799997
2026-08-07T12:40:00+00:00,399.79,400.45,399.24,400.39,110146.15426000001
2026-08-07T12:45:00+00:00,400.3,400.85,400.01,400.42,61537.214531
2026-08-07T12:50:00+00:00,400.57,400.98,400.5,400.59,50582.772047
2026-08-07T12:55:00+00:00,400.5,400.8974,400.24,400.34,29520.98038
2026-08-07T13:00:00+00:00,400.27,400.33,399.4703,399.99,26532.332004
2026-08-07T13:05:00+00:00,400.0,400.12,398.67,398.7,37034.188023
2026-08-07T13:10:00+00:00,398.7002,399.19,398.61,398.98,16042.995363999999
2026-08-07T13:15:00+00:00,398.97,398.97,398.67,398.81,20504.314405
2026-08-07T13:20:00+00:00,398.77,398.93,398.04,398.75,25165.137000000002
2026-08-07T13:25:00+00:00,398.81,399.32,398.8,399.05,18751.996941999998
2026-08-07T13:30:00+00:00,399.06,399.75,398.94,399.63,24215.324108
2026-08-07T13:35:00+00:00,399.595,399.95,399.1005,399.33,522303.72155399993
2026-08-07T13:40:00+00:00,399.33,400.46,398.92,400.36,433736.906602
2026-08-07T13:45:00+00:00,400.34,400.66,399.77,399.77,272389.06672999996
2026-08-07T13:50:00+00:00,399.77,399.95,399.2113,399.33,435832.14255800005
2026-08-07T13:55:00+00:00,399.33,399.8,399.21,399.45,186396.452354
2026-08-07T14:00:00+00:00,399.44,399.64,398.29,398.79,194187.72897
2026-08-07T14:05:00+00:00,398.805,398.88,397.5,397.5,430468.671689
2026-08-07T14:10:00+00:00,397.51,397.98,397.25,397.95,502900.80199999997
2026-08-07T14:15:00+00:00,397.92,398.33,396.95,397.61,304871.438034
2026-08-07T14:20:00+00:00,397.62,398.8,397.26,398.705,399612.247473
2026-08-07T14:25:00+00:00,398.695,399.27,398.475,399.2,582626.188499
2026-08-07T14:30:00+00:00,399.24,399.335,398.87,398.96,391141.866984
2026-08-07T14:35:00+00:00,398.98,399.1,398.5,398.82,122860.63615100001
2026-08-07T14:40:00+00:00,398.85,398.98,398.39,398.44,94429.99015600001
2026-08-07T14:45:00+00:00,398.43,399.07,398.355,398.54,137860.559307
2026-08-07T14:50:00+00:00,398.56,398.75,398.14,398.36,95760.22369
2026-08-07T14:55:00+00:00,398.41,398.94,398.41,398.6,63824.103580999996
2026-08-07T15:00:00+00:00,398.6395,398.7,398.11,398.25,123580.42076
2026-08-07T15:05:00+00:00,398.3,398.92,398.13,398.54,250230.633831
2026-08-07T15:10:00+00:00,398.5,399.35,398.49,398.86,82888.896628
2026-08-07T15:15:00+00:00,398.87,399.58,398.71,399.49,209338.286269
2026-08-07T15:20:00+00:00,399.5,399.66,399.2397,399.469,105619.453764
2026-08-07T15:25:00+00:00,399.44,399.76,399.4201,399.6242,58382.57216
2026-08-07T15:30:00+00:00,399.635,399.73,399.07,399.07,199678.22748200002
2026-08-07T15:35:00+00:00,399.12,399.27,398.72,398.94,78793.876648
2026-08-07T15:40:00+00:00,398.98,399.3499,398.89,399.19,38836.814106000005
2026-08-07T15:45:00+00:00,399.19,399.3,398.88,398.97,56509.692168999994
2026-08-07T15:50:00+00:00,398.98,399.1744,398.86,398.94,191859.2423
2026-08-07T15:55:00+00:00,398.96,399.03,398.06,398.36,70091.156296
2026-08-07T16:00:00+00:00,398.34,398.57,398.17,398.21,45243.38498999999
2026-08-07T16:05:00+00:00,398.22,398.43,397.96,398.415,81690.15514
2026-08-07T16:10:00+00:00,398.45,398.99,398.43,398.79,87417.242504
2026-08-07T16:15:00+00:00,398.76,398.85,398.475,398.8,106494.00674800001
2026-08-07T16:20:00+00:00,398.8076,398.865,398.34,398.34,54469.370572
2026-08-07T16:25:00+00:00,398.33,399.02,397.94,397.94,74843.377924
2026-08-07T16:30:00+00:00,397.96,397.96,397.63,397.915,102185.392873
2026-08-07T16:35:00+00:00,397.9,398.065,397.45,398.04,132161.106018
2026-08-07T16:40:00+00:00,398.06,398.32,397.8,398.125,90471.71062000001
2026-08-07T16:45:00+00:00,398.125,398.22,397.82,397.97,69587.631499
2026-08-07T16:50:00+00:00,397.97,398.32,397.7,397.975,99704.83830799999
2026-08-07T16:55:00+00:00,397.95,398.04,397.435,397.51,92795.270105
2026-08-07T17:00:00+00:00,397.55,397.59,397.09,397.21,187970.75707599998
2026-08-07T17:05:00+00:00,397.13,397.7,397.0201,397.68,54389.059380000006
2026-08-07T17:10:00+00:00,397.6501,397.98,397.65,397.69,25429.642453999997
2026-08-07T17:15:00+00:00,397.74,397.925,397.69,397.72,44766.032771
2026-08-07T17:20:00+00:00,397.73,397.81,397.57,397.72,41531.090479000006
2026-08-07T17:25:00+00:00,397.73,398.08,397.57,398.0,79838.19651
2026-08-07T17:30:00+00:00,397.99,398.305,397.85,398.115,111391.69333200001
2026-08-07T17:35:00+00:00,398.1,398.13,397.58,397.83,58600.444833999994
2026-08-07T17:40:00+00:00,397.825,397.841,397.22,397.6601,61484.195351999995
2026-08-07T17:45:00+00:00,397.69,397.98,397.68,397.78,71776.000711
2026-08-07T17:50:00+00:00,397.79,397.915,397.69,397.85,31028.650563
2026-08-07T17:55:00+00:00,397.87,398.25,397.865,398.2319,30618.543669000002
2026-08-07T18:00:00+00:00,398.25,398.4,398.12,398.165,45104.512816999995
2026-08-07T18:05:00+00:00,398.15,398.24,398.04,398.12,59297.66242099999
2026-08-07T18:10:00+00:00,398.12,398.39,398.1,398.29,45763.850806
2026-08-07T18:15:00+00:00,398.285,398.33,397.64,397.645,43414.035072
2026-08-07T18:20:00+00:00,397.68,397.94,397.67,397.71,46637.787605000005
2026-08-07T18:25:00+00:00,397.715,397.75,397.41,397.51,40253.423222
2026-08-07T18:30:00+00:00,397.53,397.7,397.4,397.6,65590.647228
2026-08-07T18:35:00+00:00,397.62,397.885,397.53,397.83,47484.807333
2026-08-07T18:40:00+00:00,397.84,398.02,397.8,397.86,38546.922956
2026-08-07T18:45:00+00:00,397.83,397.88,397.48,397.585,32943.185528
2026-08-07T18:50:00+00:00,397.59,397.87,397.575,397.7801,39233.971018000004
2026-08-07T18:55:00+00:00,397.81,397.87,397.55,397.6699,43258.091336000005
2026-08-07T19:00:00+00:00,397.675,397.705,397.46,397.69,46516.95662
2026-08-07T19:05:00+00:00,397.67,398.54,397.67,398.12,92530.94987699999
2026-08-07T19:10:00+00:00,398.105,398.6,398.1,398.5574,86663.292445
2026-08-07T19:15:00+00:00,398.56,398.66,398.43,398.4633,65036.705005
2026-08-07T19:20:00+00:00,398.47,399.02,398.4,398.8,104809.41403799999
2026-08-07T19:25:00+00:00,398.79,399.06,398.79,398.9,77719.947387
2026-08-07T19:30:00+00:00,398.9,398.95,398.77,398.9,90209.393058
2026-08-07T19:35:00+00:00,398.88,398.93,398.58,398.621,88644.08191899999
2026-08-07T19:40:00+00:00,398.635,398.78,398.52,398.68,118924.97521599999
2026-08-07T19:45:00+00:00,398.68,398.9,398.55,398.87,107806.508741
2026-08-07T19:50:00+00:00,398.859,399.0,398.77,398.81,144795.885679
2026-08-07T19:55:00+00:00,398.81,399.0,398.3007,398.395,330117.91923
2026-08-07T20:00:00+00:00,398.4,398.65,398.07,398.48,580642.57406
2026-08-07T20:05:00+00:00,398.48,398.59,398.37,398.4508,3188.134583
2026-08-07T20:10:00+00:00,398.5,398.55,398.31,398.31,14118.363764
2026-08-07T20:15:00+00:00,398.21,398.33,397.89,398.33,13476.725142
2026-08-07T20:20:00+00:00,398.3595,398.44,398.0501,398.0501,6472.138328999999
2026-08-07T20:25:00+00:00,398.1,398.16,398.08,398.08,834.5
2026-08-07T20:30:00+00:00,398.0,398.0949,397.9,397.9,12558.042276
2026-08-07T20:35:00+00:00,397.91,397.91,397.8,397.8679,2833.0
2026-08-07T20:40:00+00:00,398.0,398.2,398.0,398.2,3179.0
2026-08-07T20:45:00+00:00,398.2,398.25,398.17,398.23,1812.0
2026-08-07T20:50:00+00:00,398.23,398.36,398.0372,398.04,1367.6912029999999
2026-08-07T20:55:00+00:00,398.15,398.28,398.15,398.18,1677.0
2026-08-07T21:00:00+00:00,398.22,398.28,398.22,398.28,2646.163406
2026-08-07T21:05:00+00:00,398.37,398.38,398.37,398.38,1331.029954
2026-08-07T21:10:00+00:00,398.4849,398.7372,398.4849,398.7299,2938.516976
2026-08-07T21:15:00+00:00,398.65,398.6575,398.65,398.6575,162.0
2026-08-07T21:20:00+00:00,398.71,398.75,398.71,398.75,1753.25548
2026-08-07T21:25:00+00:00,398.7068,398.75,398.7068,398.75,451.0
2026-08-07T21:30:00+00:00,398.73,398.77,398.71,398.77,1941.0
2026-08-07T21:35:00+00:00,398.9705,399.0,398.9705,398.9974,426.0
2026-08-07T21:40:00+00:00,399.1,399.3308,399.1,399.3253,845.0
2026-08-07T21:45:00+00:00,399.39,399.39,399.39,399.39,247.031331
2026-08-07T21:50:00+00:00,399.21,399.39,399.21,399.21,1104.495
2026-08-07T21:55:00+00:00,399.0,399.3242,398.94,399.3242,916.295933
2026-08-07T22:00:00+00:00,399.2082,399.2082,398.981,399.0,684.0079000000001
2026-08-07T22:05:00+00:00,399.09,399.1155,399.0899,399.1155,609.0
2026-08-07T22:15:00+00:00,399.26,399.31,399.2186,399.26,682.0
2026-08-07T22:20:00+00:00,399.27,399.39,399.27,399.39,387.013414
2026-08-07T22:25:00+00:00,399.39,399.7,399.39,399.7,1714.820381
2026-08-07T22:30:00+00:00,399.56,399.56,399.5218,399.53,532.813152
2026-08-07T22:35:00+00:00,399.7,399.7,399.64,399.67,1368.9204010000003
2026-08-07T22:40:00+00:00,399.5,399.57,399.2,399.55,1667.596842
2026-08-07T22:45:00+00:00,399.39,399.7,399.39,399.7,2740.0
2026-08-07T22:50:00+00:00,399.68,399.68,399.1475,399.48,3296.0
2026-08-07T22:55:00+00:00,399.49,399.68,399.25,399.5,819.062962
2026-08-07T23:00:00+00:00,399.4,399.6,399.37,399.6,1545.876574
2026-08-07T23:05:00+00:00,399.6,399.6,399.5806,399.5806,584.0
2026-08-07T23:10:00+00:00,399.49,399.49,399.49,399.49,101.0
2026-08-07T23:15:00+00:00,399.35,399.35,399.35,399.35,69.0
2026-08-07T23:20:00+00:00,399.39,399.6,399.39,399.6,636.127034
2026-08-07T23:25:00+00:00,399.56,399.72,399.01,399.01,512.0
2026-08-07T23:35:00+00:00,399.8,399.8001,399.22,399.22,486.12839399999996
2026-08-07T23:40:00+00:00,399.4,399.43,399.12,399.38,758.0
2026-08-07T23:50:00+00:00,399.69,399.8,399.55,399.55,476.002501
2026-08-07T23:55:00+00:00,399.5,399.81,399.5,399.81,967.612059
2026-08-08T00:00:00+00:00,399.89,399.89,399.73,399.83,2440.0
2026-08-10T08:05:00+00:00,399.67,400.0,396.76,399.44,126100.57399199999
2026-08-10T08:10:00+00:00,399.54,399.8,399.2,399.2,2780.005005
2026-08-10T08:15:00+00:00,399.3,399.35,399.27,399.27,1641.397666
2026-08-10T08:20:00+00:00,399.44,399.44,399.44,399.44,185.0
2026-08-10T08:25:00+00:00,399.37,399.39,399.29,399.29,341.863884
2026-08-10T08:30:00+00:00,399.29,399.6,399.23,399.54,874.278157
2026-08-10T08:35:00+00:00,399.55,399.56,399.0,399.0,1954.126
2026-08-10T08:40:00+00:00,399.1,399.1,398.99,398.99,607.2479020000001
2026-08-10T08:45:00+00:00,398.91,398.91,398.67,398.67,1174.0
2026-08-10T08:50:00+00:00,398.67,398.8139,398.67,398.73,799.334531
2026-08-10T08:55:00+00:00,398.58,398.83,398.58,398.83,433.0
2026-08-10T09:00:00+00:00,398.6334,398.9,398.5,398.654,2832.47911
2026-08-10T09:05:00+00:00,398.65,398.85,398.65,398.83,1867.084823
2026-08-10T09:10:00+00:00,398.84,398.84,398.65,398.7,5133.268406
2026-08-10T09:15:00+00:00,398.83,398.97,398.83,398.97,4513.0
2026-08-10T09:20:00+00:00,398.85,398.89,398.7,398.7,1468.0
2026-08-10T09:25:00+00:00,398.8,398.83,398.8,398.83,215.310076
2026-08-10T09:30:00+00:00,398.78,398.78,398.78,398.78,137.002532
2026-08-10T09:35:00+00:00,398.69,398.69,398.38,398.51,1973.010797
2026-08-10T09:40:00+00:00,398.49,398.49,398.09,398.21,1223.255104
2026-08-10T09:45:00+00:00,398.3919,398.43,398.345,398.43,693.142047
2026-08-10T09:50:00+00:00,398.47,398.54,398.39,398.39,383.020081
2026-08-10T09:55:00+00:00,398.21,398.27,398.15,398.27,1552.025541
2026-08-10T10:00:00+00:00,398.28,398.28,398.27,398.27,2011.0
2026-08-10T10:05:00+00:00,398.13,398.2,398.08,398.08,1238.0
2026-08-10T10:10:00+00:00,398.16,398.24,398.09,398.09,612.514199
2026-08-10T10:15:00+00:00,398.11,398.11,398.04,398.08,814.13289
2026-08-10T10:20:00+00:00,398.2237,398.2237,398.1,398.14,472.0
2026-08-10T10:25:00+00:00,398.26,398.4,398.26,398.3831,593.0
2026-08-10T10:30:00+00:00,398.38,398.4,398.3339,398.35,627.683418
2026-08-10T10:35:00+00:00,398.39,398.39,398.35,398.35,386.301127
2026-08-10T10:40:00+00:00,398.2,398.2,397.99,398.0553,1821.0501
2026-08-10T10:45:00+00:00,398.04,398.04,398.04,398.04,150.345464
2026-08-10T10:50:00+00:00,397.94,397.96,397.9,397.96,1475.510127
2026-08-10T10:55:00+00:00,398.06,398.08,397.96,397.96,1169.082072
2026-08-10T11:00:00+00:00,398.0,398.0,397.64,397.64,1817.256165
2026-08-10T11:05:00+00:00,397.76,397.79,397.62,397.62,3474.7011190000003
2026-08-10T11:10:00+00:00,397.677,397.6893,397.51,397.51,2650.300022
2026-08-10T11:15:00+00:00,397.55,397.599,397.08,397.21,4608.005815
2026-08-10T11:20:00+00:00,397.2984,397.2984,397.16,397.16,1681.0575549999999
2026-08-10T11:25:00+00:00,397.1653,397.5,397.1653,397.5,626.640453
2026-08-10T11:30:00+00:00,397.466,397.75,397.466,397.6633,1178.0
2026-08-10T11:35:00+00:00,397.6547,398.059,397.6547,397.95,2426.402212
2026-08-10T11:40:00+00:00,397.79,398.0,397.69,398.0,2153.482492
2026-08-10T11:45:00+00:00,398.07,398.07,397.81,397.81,1080.256163
2026-08-10T11:50:00+00:00,397.9043,397.9043,397.49,397.49,1262.0
2026-08-10T11:55:00+00:00,397.48,397.75,397.48,397.7433,6209.0
2026-08-10T12:00:00+00:00,397.68,397.6945,397.65,397.6945,2139.0
2026-08-10T12:05:00+00:00,397.6,397.63,397.41,397.5,3166.0
2026-08-10T12:10:00+00:00,397.58,397.71,397.5,397.6961,1836.29206
2026-08-10T12:15:00+00:00,397.7,397.7285,397.35,397.35,1361.626918
2026-08-10T12:20:00+00:00,397.14,397.2833,397.1,397.1,803.013992
2026-08-10T12:25:00+00:00,397.25,397.25,396.91,396.92,2541.690122
2026-08-10T12:30:00+00:00,397.0,397.0,396.72,396.97,2213.227712
2026-08-10T12:35:00+00:00,397.02,397.3213,396.92,397.01,18017.3
2026-08-10T12:40:00+00:00,396.9,397.3825,396.86,397.25,6721.488091
2026-08-10T12:45:00+00:00,397.23,397.4,397.15,397.2713,2149.0
2026-08-10T12:50:00+00:00,397.12,397.41,397.12,397.39,2270.792386
2026-08-10T12:55:00+00:00,397.3513,397.43,397.22,397.43,6503.0
2026-08-10T13:00:00+00:00,397.36,397.6913,397.36,397.5,2373.0
2026-08-10T13:05:00+00:00,397.4375,397.4375,396.95,397.0,4793.022817
2026-08-10T13:10:00+00:00,397.22,397.34,397.08,397.34,4226.2
2026-08-10T13:15:00+00:00,397.75,397.9,397.69,397.9,5581.26735
2026-08-10T13:20:00+00:00,397.8,397.92,397.59,397.65,1650.240704
2026-08-10T13:25:00+00:00,397.65,397.77,397.15,397.2201,15371.62973
2026-08-10T13:30:00+00:00,397.29,397.73,397.28,397.67,26991.50944
2026-08-10T13:35:00+00:00,397.714,398.02,397.38,397.835,237648.273361
2026-08-10T13:40:00+00:00,397.815,398.12,397.77,397.94,80906.418921
2026-08-10T13:45:00+00:00,397.97,397.97,397.2,397.3,79969.421138
2026-08-10T13:50:00+00:00,397.28,397.39,396.74,396.9812,115864.77524100001
2026-08-10T13:55:00+00:00,397.01,397.04,396.3601,396.59,183003.465241
2026-08-10T14:00:00+00:00,396.57,396.71,395.93,396.07,136520.315821
2026-08-10T14:05:00+00:00,396.08,396.77,396.0501,396.55,121123.515522
2026-08-10T14:10:00+00:00,396.5501,396.82,396.38,396.625,150863.662907
2026-08-10T14:15:00+00:00,396.625,397.25,396.625,397.145,101310.410367
2026-08-10T14:20:00+00:00,397.16,397.77,396.99,397.58,99213.695636
2026-08-10T14:25:00+00:00,397.52,398.16,397.38,397.97,108945.045921
2026-08-10T14:30:00+00:00,397.97,398.81,397.95,398.59,149134.853055
2026-08-10T14:35:00+00:00,398.59,399.16,398.57,398.76,193735.05458700002
2026-08-10T14:40:00+00:00,398.7688,398.89,398.5138,398.71,98950.91748899998
2026-08-10T14:45:00+00:00,398.73,399.04,398.68,398.99,107432.36962700001
2026-08-10T14:50:00+00:00,398.98,399.09,398.675,398.8,89076.18762400001
2026-08-10T14:55:00+00:00,398.78,398.7862,398.36,398.39,332446.751682
2026-08-10T15:00:00+00:00,398.38,398.66,398.355,398.622,102135.648403
2026-08-10T15:05:00+00:00,398.66,399.0,398.38,398.85,119391.010171
2026-08-10T15:10:00+00:00,398.835,399.24,398.42,398.58,135875.200675
2026-08-10T15:15:00+00:00,398.585,398.81,398.4706,398.81,72524.91736800001
2026-08-10T15:20:00+00:00,398.76,399.23,398.66,399.0,92230.40183199999
2026-08-10T15:25:00+00:00,399.01,399.25,398.95,398.995,159202.947028
2026-08-10T15:30:00+00:00,399.01,399.19,398.79,398.94,109038.09771799999
2026-08-10T15:35:00+00:00,398.99,399.19,398.81,398.86,50766.81933399999
2026-08-10T15:40:00+00:00,398.86,399.19,398.855,399.07,58691.552895999994
2026-08-10T15:45:00+00:00,399.07,399.18,398.9801,399.07,90769.752768
2026-08-10T15:50:00+00:00,399.07,399.37,398.92,399.24,70817.218012
2026-08-10T15:55:00+00:00,399.27,399.73,399.24,399.6942,119595.217043
2026-08-10T16:00:00+00:00,399.68,399.92,399.625,399.81,77988.793048
2026-08-10T16:05:00+00:00,399.86,400.32,399.76,399.78,164108.951943
2026-08-10T16:10:00+00:00,399.79,400.29,399.69,400.28,81706.099947
2026-08-10T16:15:00+00:00,400.29,400.41,400.06,400.0909,136428.310648
2026-08-10T16:20:00+00:00,400.105,400.29,400.075,400.0905,135005.272275
2026-08-10T16:25:00+00:00,400.11,400.38,400.09,400.28,410418.06976000004
2026-08-10T16:30:00+00:00,400.3,400.4,400.11,400.21,95442.08175299999
2026-08-10T16:35:00+00:00,400.23,400.24,398.9,399.55,420266.62090800004
2026-08-10T16:40:00+00:00,399.6099,399.8499,399.47,399.525,67530.40099000001
2026-08-10T16:45:00+00:00,399.55,399.63,399.12,399.2,51970.554215
2026-08-10T16:50:00+00:00,399.188,399.49,399.18,399.34,86130.27406
2026-08-10T16:55:00+00:00,399.3599,399.4199,399.24,399.375,135822.023584
2026-08-10T17:00:00+00:00,399.37,399.68,399.22,399.68,43693.533155
2026-08-10T17:05:00+00:00,399.7,399.75,399.44,399.46,42686.173815999995
2026-08-10T17:10:00+00:00,399.44,399.71,399.2,399.54,59520.06686399999
2026-08-10T17:15:00+00:00,399.59,399.81,399.54,399.7158,67878.135417
2026-08-10T17:20:00+00:00,399.695,399.79,399.63,399.71,38602.621801999994
2026-08-10T17:25:00+00:00,399.72,400.0,399.71,399.96,43196.845407
2026-08-10T17:30:00+00:00,399.95,400.06,399.83,400.06,51470.088166
2026-08-10T17:35:00+00:00,400.06,400.2,399.92,400.15,45129.40399
2026-08-10T17:40:00+00:00,400.15,400.47,400.14,400.32,157383.932937
2026-08-10T17:45:00+00:00,400.335,400.34,399.92,400.0,60180.78599800001
2026-08-10T17:50:00+00:00,399.99,400.07,399.76,400.025,126094.231389
2026-08-10T17:55:00+00:00,400.01,400.09,399.8611,399.87,39022.158002
2026-08-10T18:00:00+00:00,399.885,400.01,399.75,400.005,122312.985426
2026-08-10T18:05:00+00:00,400.01,400.37,399.94,400.33,98131.93338
2026-08-10T18:10:00+00:00,400.33,400.47,400.26,400.33,143095.41774399998
2026-08-10T18:15:00+00:00,400.33,400.39,400.23,400.26,49278.484023
2026-08-10T18:20:00+00:00,400.26,400.37,400.1301,400.265,66339.559979
2026-08-10T18:25:00+00:00,400.24,400.41,400.18,400.38,54810.130794000004
2026-08-10T18:30:00+00:00,400.395,400.6199,400.39,400.51,68580.951179
2026-08-10T18:35:00+00:00,400.5099,401.85,400.4501,401.755,228726.400839
2026-08-10T18:40:00+00:00,401.72,401.95,401.559,401.925,115488.142937
2026-08-10T18:45:00+00:00,401.9299,402.11,401.76,401.77,135269.095782
2026-08-10T18:50:00+00:00,401.775,401.78,401.2013,401.525,229337.21740700002
2026-08-10T18:55:00+00:00,401.52,401.73,401.35,401.53,100133.137087
2026-08-10T19:00:00+00:00,401.53,401.74,401.47,401.68,66853.68972
2026-08-10T19:05:00+00:00,401.72,401.93,401.6708,401.82,103916.348878
2026-08-10T19:10:00+00:00,401.8,402.08,401.79,401.98,132363.990995
2026-08-10T19:15:00+00:00,402.01,402.095,401.8503,402.03,135653.53934
2026-08-10T19:20:00+00:00,402.01,402.12,401.91,402.07,169145.592635
2026-08-10T19:25:00+00:00,402.06,402.58,402.04,402.44,307615.170257
2026-08-10T19:30:00+00:00,402.43,402.89,402.35,402.8199,368678.146202
2026-08-10T19:35:00+00:00,402.83,403.11,402.385,402.47,204989.90638700002
2026-08-10T19:40:00+00:00,402.47,402.63,402.22,402.545,136088.189508
2026-08-10T19:45:00+00:00,402.59,402.8,402.46,402.5799,147745.478257
2026-08-10T19:50:00+00:00,402.57,403.2,402.47,403.1499,264279.817379
2026-08-10T19:55:00+00:00,403.12,403.24,402.85,402.99,227879.16950999998
2026-08-10T20:00:00+00:00,402.97,403.0,402.42,402.53,401569.044345
2026-08-10T20:05:00+00:00,402.6,402.7,402.54,402.56,6534.536745
2026-08-10T20:10:00+00:00,402.63,402.63,402.36,402.433,8808.0
2026-08-10T20:15:00+00:00,402.39,402.76,402.39,402.4,26273.070854999998
2026-08-10T20:20:00+00:00,402.68,402.7776,402.6,402.7,4964.376916
2026-08-10T20:25:00+00:00,402.63,402.67,402.4178,402.543,3473.293804
2026-08-10T20:30:00+00:00,402.5,402.86,402.49,402.86,1185.7657809999998
2026-08-10T20:35:00+00:00,402.88,402.88,402.82,402.82,1150.0
2026-08-10T20:40:00+00:00,402.8,402.82,402.67,402.7,20738.0
2026-08-10T20:45:00+00:00,402.7103,402.7531,402.7,402.7,711.25
2026-08-10T20:50:00+00:00,402.66,402.72,402.5,402.5,5449.3687549999995
2026-08-10T20:55:00+00:00,402.6,402.76,402.53,402.76,615.492708
2026-08-10T21:00:00+00:00,402.54,402.76,402.54,402.7229,1421.324997
2026-08-10T21:05:00+00:00,402.7253,402.7253,402.706,402.71,522.007449
2026-08-10T21:10:00+00:00,402.6958,402.75,402.65,402.73,1223.3858420000001
2026-08-10T21:20:00+00:00,402.93,402.99,402.9,402.99,1122.3238219999998
2026-08-10T21:25:00+00:00,402.95,403.08,402.95,403.08,5735.06191
2026-08-10T21:30:00+00:00,403.08,403.08,403.01,403.0586,1106.998118
2026-08-10T21:35:00+00:00,403.0734,403.5,403.0734,403.5,3120.0
2026-08-10T21:40:00+00:00,403.5,403.5,403.32,403.32,217.14339999999999
2026-08-10T21:45:00+00:00,403.32,403.35,403.16,403.16,1902.169035
2026-08-10T21:50:00+00:00,403.01,403.15,403.01,403.06,522.0
2026-08-10T21:55:00+00:00,403.1,403.25,403.1,403.19,573.240546
2026-08-10T22:00:00+00:00,403.0,403.0,402.95,402.95,457.072175
2026-08-10T22:05:00+00:00,402.9,402.9,402.64,402.7,1188.0
2026-08-10T22:10:00+00:00,402.769,402.9,402.65,402.9,997.0921390000001
2026-08-10T22:15:00+00:00,402.8,403.0,402.8,402.95,936.002481
2026-08-10T22:20:00+00:00,402.85,402.96,402.85,402.9489,210.246756
2026-08-10T22:25:00+00:00,402.96,403.0,402.85,403.0,10485.0
2026-08-10T22:30:00+00:00,402.86,402.95,402.8,402.9348,4655.005175
2026-08-10T22:35:00+00:00,402.7893,402.9954,402.7893,402.9646,2355.0
2026-08-10T22:40:00+00:00,402.89,403.12,402.89,403.12,1371.807179
2026-08-10T22:45:00+00:00,403.0,403.1942,403.0,403.1258,1670.584615
2026-08-10T22:50:00+00:00,403.184,403.49,403.184,403.4,2427.133379
2026-08-10T22:55:00+00:00,403.362,403.58,403.362,403.5401,888.0
2026-08-10T23:00:00+00:00,403.55,403.6423,403.5,403.5,4101.0
2026-08-10T23:05:00+00:00,403.65,403.6762,403.41,403.5485,1145.035937
2026-08-10T23:10:00+00:00,403.4,403.8243,403.19,403.37,2616.094863
2026-08-10T23:15:00+00:00,403.172,403.49,403.172,403.49,1827.0
2026-08-10T23:20:00+00:00,403.4455,403.4455,403.12,403.1201,679.007413
2026-08-10T23:25:00+00:00,403.1,403.37,403.1,403.35,3139.0
2026-08-10T23:30:00+00:00,403.1876,403.1876,403.15,403.15,332.0
2026-08-10T23:35:00+00:00,403.1856,403.29,403.1856,403.2,6557.0
2026-08-10T23:40:00+00:00,403.28,403.47,403.2234,403.4121,3469.8482139999996
2026-08-10T23:45:00+00:00,403.42,403.42,403.4,403.42,2023.0
2026-08-10T23:50:00+00:00,403.46,403.46,403.38,403.4131,669.0
2026-08-10T23:55:00+00:00,403.3414,403.5,403.3414,403.4862,1042.0
2026-08-11T00:00:00+00:00,403.5,403.8,403.5,403.8,33259.426747
2026-08-11T08:05:00+00:00,399.91,405.3788,399.67,400.27,112989.593621
2026-08-11T08:10:00+00:00,400.15,403.6,400.15,400.47,5974.094032
2026-08-11T08:15:00+00:00,400.35,400.5,400.3,400.3,1432.7281
2026-08-11T08:20:00+00:00,400.33,400.33,399.93,400.09,4619.5
2026-08-11T08:25:00+00:00,400.03,400.32,399.87,400.32,2810.026717
2026-08-11T08:30:00+00:00,400.35,400.71,400.35,400.71,6319.075323
2026-08-11T08:35:00+00:00,400.83,401.0,400.8,400.92,6992.3663209999995
2026-08-11T08:40:00+00:00,401.0,401.2,400.9962,401.2,3843.077666
2026-08-11T08:45:00+00:00,401.29,401.38,401.24,401.24,634.443444
2026-08-11T08:50:00+00:00,401.31,401.34,401.11,401.194,2845.456795
2026-08-11T08:55:00+00:00,401.21,401.34,401.11,401.11,1569.0
2026-08-11T09:00:00+00:00,400.96,400.96,400.96,400.96,82.0
2026-08-11T09:05:00+00:00,400.7,400.7,400.672,400.672,400.0
2026-08-11T09:10:00+00:00,400.91,400.97,400.88,400.96,512.0
2026-08-11T09:15:00+00:00,400.95,401.13,400.95,401.13,988.0
2026-08-11T09:20:00+00:00,401.11,401.16,401.02,401.16,850.0
2026-08-11T09:25:00+00:00,401.17,401.17,401.0,401.11,731.0
2026-08-11T09:30:00+00:00,401.1,401.26,400.98,401.0,9728.0
2026-08-11T09:35:00+00:00,400.93,401.22,400.91,401.2,1804.558735
2026-08-11T09:40:00+00:00,401.18,401.36,401.15,401.231,3308.012883
2026-08-11T09:45:00+00:00,401.24,401.24,401.0,401.0,6542.0
2026-08-11T09:50:00+00:00,401.09,401.24,401.09,401.24,118.0
2026-08-11T09:55:00+00:00,401.05,401.05,401.03,401.04,237.00541
2026-08-11T10:00:00+00:00,401.0955,401.16,401.04,401.0667,2440.009921
2026-08-11T10:05:00+00:00,401.1,401.14,401.1,401.14,369.0
2026-08-11T10:10:00+00:00,401.17,401.17,401.17,401.17,167.0
2026-08-11T10:20:00+00:00,401.13,401.18,401.13,401.16,459.0
2026-08-11T10:25:00+00:00,401.45,401.46,401.45,401.46,238.00249
2026-08-11T10:30:00+00:00,401.72,401.8,401.67,401.72,1353.0
2026-08-11T10:35:00+00:00,401.7199,401.79,401.69,401.71,1094.0
2026-08-11T10:40:00+00:00,401.68,401.69,401.59,401.63,1451.4489589999998
2026-08-11T10:45:00+00:00,401.56,401.57,401.47,401.55,619.090506
2026-08-11T10:50:00+00:00,401.69,401.75,401.69,401.69,819.301583
2026-08-11T10:55:00+00:00,401.85,401.85,401.76,401.76,935.0
2026-08-11T11:00:00+00:00,401.72,401.82,401.69,401.78,2475.047292
2026-08-11T11:05:00+00:00,401.98,402.76,401.98,402.75,39153.237475
2026-08-11T11:10:00+00:00,402.7947,402.8719,402.65,402.68,6998.0
2026-08-11T11:15:00+00:00,402.71,402.81,402.4844,402.66,7662.397124
2026-08-11T11:20:00+00:00,402.81,402.81,402.55,402.59,3473.2420270000002
2026-08-11T11:25:00+00:00,402.63,402.65,402.272,402.29,2925.0
2026-08-11T11:30:00+00:00,402.25,402.46,402.25,402.38,2130.039045
2026-08-11T11:35:00+00:00,402.3367,402.4775,402.3,402.3,1039.0
2026-08-11T11:40:00+00:00,402.31,402.33,402.07,402.1,3573.083
2026-08-11T11:45:00+00:00,402.1,402.3,402.0562,402.3,1882.22
2026-08-11T11:50:00+00:00,402.5261,402.5261,402.33,402.46,1677.048229
2026-08-11T11:55:00+00:00,402.4,403.0,402.24,402.55,111052.85723200001
2026-08-11T12:00:00+00:00,402.39,402.534,402.39,402.534,3786.0
2026-08-11T12:05:00+00:00,402.45,402.45,402.19,402.3499,1605.520004
2026-08-11T12:10:00+00:00,402.3,403.21,402.3,403.1,49264.210121
2026-08-11T12:15:00+00:00,403.25,403.42,402.92,403.2948,115152.15805
2026-08-11T12:20:00+00:00,403.35,403.44,403.05,403.18,41638.123996
2026-08-11T12:25:00+00:00,403.2308,403.65,402.5,402.66,58537.062329
2026-08-11T12:30:00+00:00,402.69,403.0,402.59,402.89,11720.045361
2026-08-11T12:35:00+00:00,402.72,403.2,402.62,402.7,16141.420019000001
2026-08-11T12:40:00+00:00,402.71,402.96,402.67,402.71,7500.918279
2026-08-11T12:45:00+00:00,402.75,403.5,402.71,403.5,29911.2015
2026-08-11T12:50:00+00:00,403.48,403.63,403.2,403.2,12465.575584
2026-08-11T12:55:00+00:00,403.37,403.3878,402.9,403.0,9765.057043
2026-08-11T13:00:00+00:00,403.0,403.08,402.9,402.9,4122.207444
2026-08-11T13:05:00+00:00,403.0101,403.49,402.89,402.89,6854.769321
2026-08-11T13:10:00+00:00,402.88,403.49,402.88,403.49,4289.393936
2026-08-11T13:15:00+00:00,403.6307,403.65,403.03,403.06,7364.155
2026-08-11T13:20:00+00:00,403.01,403.17,402.7,403.12,17227.003324
2026-08-11T13:25:00+00:00,403.16,403.7,403.16,403.38,10275.458192
2026-08-11T13:30:00+00:00,403.41,403.62,403.25,403.48,20647.848067
2026-08-11T13:35:00+00:00,403.44,403.59,402.65,402.89,238230.767471
2026-08-11T13:40:00+00:00,402.87,403.6,402.52,403.57,241909.606048
2026-08-11T13:45:00+00:00,403.6,403.775,403.45,403.6,148677.04060100002
2026-08-11T13:50:00+00:00,403.61,404.03,402.9019,403.1,186330.642421
2026-08-11T13:55:00+00:00,403.09,403.28,402.12,402.38,147235.929413
2026-08-11T14:00:00+00:00,402.36,403.07,402.355,402.56,111621.284526
2026-08-11T14:05:00+00:00,402.545,402.65,401.835,402.22,175575.137667
2026-08-11T14:10:00+00:00,402.235,402.4,401.99,402.1799,98593.356491
2026-08-11T14:15:00+00:00,402.18,402.4,402.0,402.395,85112.607942
2026-08-11T14:20:00+00:00,402.395,402.69,402.065,402.3,113569.280449
2026-08-11T14:25:00+00:00,402.33,402.65,401.95,402.2,102856.85412599999
2026-08-11T14:30:00+00:00,402.17,402.48,401.9501,402.128,50610.094237000005
2026-08-11T14:35:00+00:00,402.12,402.75,402.12,402.72,37541.892010999996
2026-08-11T14:40:00+00:00,402.71,402.97,402.63,402.85,101212.12726
2026-08-11T14:45:00+00:00,402.885,403.18,402.76,403.03,71341.612806
2026-08-11T14:50:00+00:00,403.01,403.22,402.93,403.03,98322.099781
2026-08-11T14:55:00+00:00,403.025,403.2,402.89,403.18,60300.741704
2026-08-11T15:00:00+00:00,403.18,403.44,402.98,403.075,59476.726489
2026-08-11T15:05:00+00:00,403.08,403.4888,402.96,403.2999,85200.387684
2026-08-11T15:10:00+00:00,403.32,403.35,402.69,402.85,113352.48146699999
2026-08-11T15:15:00+00:00,402.76,403.25,402.66,402.887,89944.524248
2026-08-11T15:20:00+00:00,402.835,402.855,401.92,402.34,54273.505047
2026-08-11T15:25:00+00:00,402.36,402.67,402.0701,402.13,79756.995669
2026-08-11T15:30:00+00:00,402.13,402.5,401.97,402.365,63303.408146
2026-08-11T15:35:00+00:00,402.405,402.42,401.44,401.52,71760.927147
2026-08-11T15:40:00+00:00,401.58,401.68,400.97,400.97,227543.10228599998
2026-08-11T15:45:00+00:00,400.95,401.39,400.73,401.39,61605.120514999995
2026-08-11T15:50:00+00:00,401.38,401.62,401.28,401.435,146208.246617
2026-08-11T15:55:00+00:00,401.405,401.82,401.375,401.8,109035.519807
2026-08-11T16:00:00+00:00,401.81,402.12,401.74,402.1199,59224.599086
2026-08-11T16:05:00+00:00,402.12,402.2,401.81,401.81,48490.522293
2026-08-11T16:10:00+00:00,401.82,401.9,401.655,401.75,33940.928063
2026-08-11T16:15:00+00:00,401.78,401.885,401.655,401.7,35214.204645
2026-08-11T16:20:00+00:00,401.72,401.86,401.61,401.6263,19448.118228
2026-08-11T16:25:00+00:00,401.63,402.01,401.61,401.89,45459.757360999996
2026-08-11T16:30:00+00:00,401.9,402.0695,401.81,402.05,37136.308125999996
2026-08-11T16:35:00+00:00,402.0101,402.0231,401.73,401.97,26162.847331
2026-08-11T16:40:00+00:00,402.0,402.22,401.98,402.13,29083.543640999997
2026-08-11T16:45:00+00:00,402.15,402.31,402.055,402.24,45599.529932
2026-08-11T16:50:00+00:00,402.24,402.29,401.98,402.05,32644.085929000004
2026-08-11T16:55:00+00:00,402.05,402.065,401.88,401.96,30821.961802
2026-08-11T17:00:00+00:00,401.9548,402.22,401.9548,402.09,24476.561956999998
2026-08-11T17:05:00+00:00,402.1,402.25,401.99,402.12,56755.266323
2026-08-11T17:10:00+00:00,402.07,402.26,401.92,402.155,45880.396885
2026-08-11T17:15:00+00:00,402.14,402.21,401.88,401.89,65651.95263700001
2026-08-11T17:20:00+00:00,401.86,402.11,401.78,402.06,237936.117947
2026-08-11T17:25:00+00:00,402.05,402.16,401.77,401.86,20609.370275
2026-08-11T17:30:00+00:00,401.86,402.07,401.67,401.9,34256.280698
2026-08-11T17:35:00+00:00,401.92,401.93,401.39,401.44,37838.114561
2026-08-11T17:40:00+00:00,401.44,401.5,401.26,401.441,23697.248300000003
2026-08-11T17:45:00+00:00,401.46,401.58,401.4,401.41,23356.354369
2026-08-11T17:50:00+00:00,401.4001,401.5,401.275,401.42,25362.69398
2026-08-11T17:55:00+00:00,401.42,401.445,401.09,401.09,31782.103721
2026-08-11T18:00:00+00:00,401.1,401.13,400.7,400.74,67153.747345
2026-08-11T18:05:00+00:00,400.73,400.76,400.22,400.37,216674.94606400002
2026-08-11T18:10:00+00:00,400.36,400.52,399.98,400.0375,114349.851053
2026-08-11T18:15:00+00:00,400.06,400.28,399.89,400.27,36939.436
2026-08-11T18:20:00+00:00,400.23,400.56,400.22,400.48,70003.512502
2026-08-11T18:25:00+00:00,400.47,400.47,400.09,400.295,52061.19684800001
2026-08-11T18:30:00+00:00,400.31,400.395,399.96,400.02,33966.67619
2026-08-11T18:35:00+00:00,400.055,400.64,399.9801,400.59,46186.454369
2026-08-11T18:40:00+00:00,400.615,400.9599,400.6,400.9001,27776.576202
2026-08-11T18:45:00+00:00,400.885,401.0,400.71,400.9499,25981.346244
2026-08-11T18:50:00+00:00,400.9405,401.09,400.91,400.985,26166.203783
2026-08-11T18:55:00+00:00,400.99,401.07,400.97,401.04,23044.912516
2026-08-11T19:00:00+00:00,401.02,401.0494,400.86,400.99,32124.645305000002
2026-08-11T19:05:00+00:00,401.0,401.025,400.55,400.55,44989.09615
2026-08-11T19:10:00+00:00,400.54,400.54,400.2,400.31,76735.060363
2026-08-11T19:15:00+00:00,400.31,400.55,400.22,400.245,28257.52364
2026-08-11T19:20:00+00:00,400.245,400.3253,400.02,400.16,38166.401134
2026-08-11T19:25:00+00:00,400.145,400.71,400.11,400.7,110459.24335199999
2026-08-11T19:30:00+00:00,400.67,400.89,400.51,400.849,77521.731065
2026-08-11T19:35:00+00:00,400.86,401.2,400.85,400.94,60060.748163
2026-08-11T19:40:00+00:00,400.94,400.96,400.68,400.87,51801.083588
2026-08-11T19:45:00+00:00,400.87,400.8872,400.46,400.61,63429.358358000005
2026-08-11T19:50:00+00:00,400.63,400.9,400.51,400.86,91899.43488
2026-08-11T19:55:00+00:00,400.81,400.91,400.46,400.81,152519.25696600002
2026-08-11T20:00:00+00:00,400.8,401.2,400.79,400.96,275283.889088
2026-08-11T20:05:00+00:00,400.93,401.04,400.75,400.75,19966.650082999997
2026-08-11T20:10:00+00:00,400.88,400.95,400.79,400.95,1530.256109
2026-08-11T20:15:00+00:00,400.94,400.96,400.9235,400.93,3144.0
2026-08-11T20:20:00+00:00,400.9,400.9,400.729,400.73,1614.818477
2026-08-11T20:25:00+00:00,400.65,400.84,400.65,400.74,5123.010153
2026-08-11T20:30:00+00:00,400.84,400.88,400.78,400.82,6562.5
2026-08-11T20:35:00+00:00,400.85,400.95,400.85,400.85,626.502888
2026-08-11T20:40:00+00:00,400.85,400.89,400.74,400.81,5336.350698
2026-08-11T20:45:00+00:00,400.77,400.81,400.6,400.6,3573.0
2026-08-11T20:50:00+00:00,400.62,400.7505,400.5312,400.67,1122.0
2026-08-11T20:55:00+00:00,400.55,400.7,400.52,400.52,1233.0
2026-08-11T21:00:00+00:00,400.7,400.7,400.56,400.56,289.0
2026-08-11T21:05:00+00:00,400.88,400.9,400.88,400.88,723.0
2026-08-11T21:10:00+00:00,400.7885,400.7885,400.76,400.76,399.0
2026-08-11T21:15:00+00:00,400.9306,400.94,400.8,400.828,818.758315
2026-08-11T21:20:00+00:00,400.92,400.92,400.9,400.9,468.124707
2026-08-11T21:25:00+00:00,400.87,400.9,400.7793,400.78,1990.0
2026-08-11T21:30:00+00:00,400.93,400.94,400.76,400.76,1083.035539
2026-08-11T21:45:00+00:00,400.82,400.91,400.82,400.9,677.0672079999999
2026-08-11T21:50:00+00:00,400.9,400.96,400.9,400.95,2247.031067
2026-08-11T21:55:00+00:00,400.95,400.96,400.95,400.9599,6212.894585
2026-08-11T22:00:00+00:00,400.96,401.95,400.96,401.941,5779.217938
2026-08-11T22:05:00+00:00,401.17,401.17,400.95,401.12,3587.0
2026-08-11T22:10:00+00:00,401.0,401.35,401.0,401.35,1674.06804
2026-08-11T22:15:00+00:00,401.12,401.12,401.12,401.12,105.0
2026-08-11T22:25:00+00:00,401.48,401.48,401.48,401.48,966.0
2026-08-11T22:30:00+00:00,401.31,401.42,401.12,401.42,2639.06682
2026-08-11T22:35:00+00:00,401.53,401.6,401.53,401.6,552.0
2026-08-11T22:40:00+00:00,401.49,401.55,401.44,401.45,1769.984962
2026-08-11T22:45:00+00:00,401.41,401.41,401.2487,401.2487,278.062294
2026-08-11T22:50:00+00:00,401.46,401.63,401.13,401.13,767.898677
2026-08-11T22:55:00+00:00,401.36,401.36,400.81,401.2,835.039102
2026-08-11T23:00:00+00:00,401.0,401.0,400.76,400.86,526.0037159999999
2026-08-11T23:05:00+00:00,400.56,400.84,400.248,400.248,2057.918033
2026-08-11T23:10:00+00:00,400.5,400.77,400.2797,400.45,1662.0
2026-08-11T23:15:00+00:00,400.55,400.712,400.55,400.55,341.0
2026-08-11T23:20:00+00:00,400.65,401.0,400.65,401.0,279.0
2026-08-11T23:25:00+00:00,401.23,401.23,400.95,401.2,413.0
2026-08-11T23:30:00+00:00,400.9,400.97,400.73,400.95,258.017415
2026-08-11T23:35:00+00:00,400.95,400.95,400.68,400.68,418.0
2026-08-11T23:40:00+00:00,400.55,400.5994,400.55,400.5994,628.0
2026-08-11T23:50:00+00:00,400.94,400.95,400.6,400.85,746.95354
2026-08-11T23:55:00+00:00,400.83,400.92,400.61,400.73,1146.0
2026-08-12T00:00:00+00:00,401.0,401.0,400.7742,400.96,321.0
2026-08-12T08:05:00+00:00,404.69,404.82,402.17,404.4,47202.583436
2026-08-12T08:10:00+00:00,404.47,404.55,404.44,404.44,702.023
2026-08-12T08:15:00+00:00,404.3,404.41,404.3,404.33,784.0
2026-08-12T08:20:00+00:00,404.25,404.32,404.25,404.32,467.0
2026-08-12T08:25:00+00:00,404.37,404.5,404.37,404.5,287.325358
2026-08-12T08:30:00+00:00,404.38,404.38,404.17,404.2,919.246705
2026-08-12T08:35:00+00:00,404.35,404.35,404.35,404.35,126.0
2026-08-12T08:40:00+00:00,404.1,404.1,404.1,404.1,160.0
2026-08-12T08:45:00+00:00,404.14,404.15,404.07,404.07,336.0
2026-08-12T08:50:00+00:00,404.14,404.14,403.92,403.96,1237.354885
2026-08-12T08:55:00+00:00,403.99,404.0,403.97,403.97,1212.4
2026-08-12T09:00:00+00:00,403.86,403.86,403.86,403.86,149.308682
2026-08-12T09:05:00+00:00,403.84,404.32,403.84,404.32,262.163453
2026-08-12T09:10:00+00:00,404.3405,404.4,404.29,404.39,2803.306606
2026-08-12T09:15:00+00:00,404.34,404.869,404.34,404.869,3279.3823060000004
2026-08-12T09:20:00+00:00,404.84,405.22,404.8,405.05,7985.554438
2026-08-12T09:25:00+00:00,405.07,405.86,404.9,405.54,19897.0
2026-08-12T09:30:00+00:00,405.69,405.69,404.93,404.93,4508.161575
2026-08-12T09:35:00+00:00,404.87,405.0,404.79,404.88,1323.349226
2026-08-12T09:40:00+00:00,404.91,405.1,404.85,405.1,1825.0
2026-08-12T09:45:00+00:00,405.13,405.13,404.85,404.85,646.1
2026-08-12T09:50:00+00:00,404.88,404.9382,404.7,404.75,1602.151357
2026-08-12T09:55:00+00:00,405.01,405.1,404.62,404.65,6549.011562
2026-08-12T10:00:00+00:00,404.7,405.04,404.7,404.98,8782.024507
2026-08-12T10:05:00+00:00,405.0,405.07,405.0,405.07,289.456046
2026-08-12T10:10:00+00:00,405.09,405.38,405.05,405.27,3276.05699
2026-08-12T10:15:00+00:00,405.29,405.35,405.2,405.28,2735.070317
2026-08-12T10:20:00+00:00,405.2,405.33,405.2,405.33,725.493226
2026-08-12T10:25:00+00:00,405.39,405.42,405.39,405.41,367.0
2026-08-12T10:30:00+00:00,405.3,405.5,405.3,405.5,777.002515
2026-08-12T10:35:00+00:00,405.39,405.39,405.11,405.15,1975.1
2026-08-12T10:40:00+00:00,405.1,405.1,404.8,404.8,2696.613692
2026-08-12T10:45:00+00:00,404.77,404.84,404.77,404.8052,327.5875
2026-08-12T10:50:00+00:00,404.87,404.96,404.2,404.41,13201.973089
2026-08-12T10:55:00+00:00,404.47,404.72,404.4,404.64,2474.0
2026-08-12T11:00:00+00:00,404.5,404.7789,404.5,404.7789,1006.0
2026-08-12T11:05:00+00:00,404.74,404.95,404.6,404.6,3461.69
2026-08-12T11:10:00+00:00,404.5,404.56,404.43,404.56,3512.0
2026-08-12T11:15:00+00:00,404.5896,404.5896,404.35,404.36,2350.247219
2026-08-12T11:20:00+00:00,404.27,404.5,404.27,404.4875,4181.004965
2026-08-12T11:25:00+00:00,404.51,404.6699,404.48,404.5845,5947.077032
2026-08-12T11:30:00+00:00,404.5125,405.07,404.5,404.95,7751.772349
2026-08-12T11:35:00+00:00,404.9253,404.96,404.9,404.9361,2339.6246840000003
2026-08-12T11:40:00+00:00,404.8,404.8631,404.57,404.67,1670.807579
2026-08-12T11:45:00+00:00,404.67,404.8,404.67,404.77,2602.297329
2026-08-12T11:50:00+00:00,404.81,404.93,404.7429,404.86,1432.0
2026-08-12T11:55:00+00:00,404.8153,404.87,404.7437,404.855,2283.916829
2026-08-12T12:00:00+00:00,404.875,404.98,404.7056,404.8,7099.015
2026-08-12T12:05:00+00:00,404.704,404.704,404.33,404.4,5132.318618
2026-08-12T12:10:00+00:00,404.29,404.41,404.21,404.3,15460.149666000001
2026-08-12T12:15:00+00:00,404.22,404.35,404.22,404.3253,2464.03158
2026-08-12T12:20:00+00:00,404.41,404.41,404.21,404.3,13277.3109
2026-08-12T12:25:00+00:00,404.34,404.49,404.2,404.25,13415.0
2026-08-12T12:30:00+00:00,404.1,406.0,404.1,406.0,24116.535965
2026-08-12T12:35:00+00:00,406.02,406.79,401.5,405.86,89344.979227
2026-08-12T12:40:00+00:00,405.82,406.34,405.006,406.31,61140.743977000006
2026-08-12T12:45:00+00:00,406.29,407.1,405.87,406.2,50313.720264999996
2026-08-12T12:50:00+00:00,406.0,406.0,405.12,405.49,22932.580611
2026-08-12T12:55:00+00:00,405.58,406.1761,405.54,406.13,10422.311412
2026-08-12T13:00:00+00:00,406.16,407.06,406.0839,407.06,15028.974109
2026-08-12T13:05:00+00:00,407.0,407.42,406.05,406.5012,28476.649179
2026-08-12T13:10:00+00:00,406.6,406.6461,406.16,406.27,9068.78815
2026-08-12T13:15:00+00:00,406.23,406.32,405.5,405.6,30579.484742
2026-08-12T13:20:00+00:00,405.6,406.14,405.53,405.74,14886.269495
2026-08-12T13:25:00+00:00,405.74,406.01,405.19,405.2,23425.062772999998
2026-08-12T13:30:00+00:00,405.15,405.36,404.94,405.25,15880.878914
2026-08-12T13:35:00+00:00,405.31,405.57,404.77,404.94,257014.836981
2026-08-12T13:40:00+00:00,404.8704,405.4588,404.5286,404.67,172315.11129700002
2026-08-12T13:45:00+00:00,404.66,405.48,404.4,405.16,223268.339673
2026-08-12T13:50:00+00:00,405.1436,406.21,405.07,406.115,152157.20639099999
2026-08-12T13:55:00+00:00,406.21,406.76,406.01,406.63,248490.31920199998
2026-08-12T14:00:00+00:00,406.6,406.63,406.07,406.155,101348.724663
2026-08-12T14:05:00+00:00,406.15,406.235,405.54,406.0748,141020.771909
2026-08-12T14:10:00+00:00,406.065,406.41,406.04,406.38,155685.177151
2026-08-12T14:15:00+00:00,406.33,406.83,406.32,406.535,178473.339919
2026-08-12T14:20:00+00:00,406.52,407.08,406.35,406.9799,174078.88572900003
2026-08-12T14:25:00+00:00,406.98,407.28,406.74,406.97,185290.655181
2026-08-12T14:30:00+00:00,406.99,407.06,406.4,406.485,160423.69412499998
2026-08-12T14:35:00+00:00,406.5,406.9222,405.28,405.45,233595.787948
2026-08-12T14:40:00+00:00,405.46,405.705,405.07,405.27,145543.142516
2026-08-12T14:45:00+00:00,405.21,405.92,405.19,405.9,140716.191417
2026-08-12T14:50:00+00:00,405.865,407.36,405.5,405.72,842476.144265
2026-08-12T14:55:00+00:00,405.635,405.92,405.1425,405.735,422266.240461
2026-08-12T15:00:00+00:00,405.76,405.85,405.36,405.68,225274.11362299998
2026-08-12T15:05:00+00:00,405.695,405.8,405.07,405.145,227146.73575800002
2026-08-12T15:10:00+00:00,405.136,405.73,405.0,405.54,126073.05277800001
2026-08-12T15:15:00+00:00,405.58,406.33,405.5301,406.01,178422.339589
2026-08-12T15:20:00+00:00,406.01,406.045,405.6,405.76,96920.12964
2026-08-12T15:25:00+00:00,405.805,406.14,405.78,405.97,38094.549564
2026-08-12T15:30:00+00:00,405.96,405.96,405.4,405.56,32205.278473000002
2026-08-12T15:35:00+00:00,405.59,405.91,405.28,405.33,57373.343961
2026-08-12T15:40:00+00:00,405.335,405.51,405.09,405.49,39545.018767
2026-08-12T15:45:00+00:00,405.5099,405.59,405.1701,405.25,68520.186319
2026-08-12T15:50:00+00:00,405.26,405.29,404.92,405.06,155097.56164899998
2026-08-12T15:55:00+00:00,405.07,405.15,404.61,405.14,244026.236345
2026-08-12T16:00:00+00:00,405.13,405.67,405.12,405.565,57884.945164000004
2026-08-12T16:05:00+00:00,405.56,405.98,405.3,405.4701,102099.230751
2026-08-12T16:10:00+00:00,405.485,405.64,405.27,405.375,65110.496402000004
2026-08-12T16:15:00+00:00,405.395,405.79,405.18,405.74,71893.210983
2026-08-12T16:20:00+00:00,405.74,405.98,405.64,405.89,69242.604799
2026-08-12T16:25:00+00:00,405.925,405.98,405.74,405.95,55645.19327
2026-08-12T16:30:00+00:00,405.95,405.97,405.615,405.69,77280.90686799999
2026-08-12T16:35:00+00:00,405.69,405.74,404.76,404.76,38325.276668
2026-08-12T16:40:00+00:00,404.735,405.02,404.64,404.84,118851.559861
2026-08-12T16:45:00+00:00,404.85,405.0,404.43,404.562,118519.012122
2026-08-12T16:50:00+00:00,404.55,404.61,403.76,403.78,119960.192881
2026-08-12T16:55:00+00:00,403.79,404.095,403.72,404.04,125144.874045
2026-08-12T17:00:00+00:00,403.98,404.01,403.24,403.71,128460.631831
2026-08-12T17:05:00+00:00,403.74,404.05,403.54,403.83,70241.207492
2026-08-12T17:10:00+00:00,403.83,404.24,403.785,404.155,178996.208414
2026-08-12T17:15:00+00:00,404.14,404.16,403.83,403.88,53186.824155
2026-08-12T17:20:00+00:00,403.89,403.9474,403.71,403.82,66966.548295
2026-08-12T17:25:00+00:00,403.84,404.425,403.8,404.23,55835.819272
2026-08-12T17:30:00+00:00,404.24,404.38,404.025,404.16,70845.850886
2026-08-12T17:35:00+00:00,404.17,404.56,404.14,404.54,42157.046424
2026-08-12T17:40:00+00:00,404.53,404.65,404.02,404.11,380027.754126
2026-08-12T17:45:00+00:00,404.088,404.088,403.72,403.76,33242.833745
2026-08-12T17:50:00+00:00,403.75,403.9435,403.67,403.8806,28786.401719999998
2026-08-12T17:55:00+00:00,403.8699,404.08,403.55,403.589,18993.533038
2026-08-12T18:00:00+00:00,403.6,403.73,403.49,403.515,29353.212494000003
2026-08-12T18:05:00+00:00,403.5,403.51,403.22,403.49,86608.71339199999
2026-08-12T18:10:00+00:00,403.48,403.9512,403.44,403.95,21809.698474
2026-08-12T18:15:00+00:00,403.965,404.16,403.965,404.11,26346.350592000003
2026-08-12T18:20:00+00:00,404.11,404.32,404.0197,404.32,29026.212859
2026-08-12T18:25:00+00:00,404.33,404.54,404.2453,404.54,26356.389121
2026-08-12T18:30:00+00:00,404.54,404.61,404.2845,404.38,32343.177158000002
2026-08-12T18:35:00+00:00,404.37,404.8,404.335,404.735,19940.231615999997
2026-08-12T18:40:00+00:00,404.74,404.78,404.57,404.63,14634.540900999998
2026-08-12T18:45:00+00:00,404.62,404.8594,404.58,404.84,17275.874022
2026-08-12T18:50:00+00:00,404.86,405.24,404.85,405.15,159945.780798
2026-08-12T18:55:00+00:00,405.16,405.16,404.79,404.825,66407.77837
2026-08-12T19:00:00+00:00,404.82,404.87,404.755,404.78,37330.276944
2026-08-12T19:05:00+00:00,404.79,405.155,404.75,405.15,47145.035479
2026-08-12T19:10:00+00:00,405.12,405.28,404.97,405.045,61569.472534
2026-08-12T19:15:00+00:00,405.045,405.16,405.02,405.09,28980.014451000003
2026-08-12T19:20:00+00:00,405.085,405.25,405.085,405.205,43184.492979999995
2026-08-12T19:25:00+00:00,405.18,405.225,405.085,405.13,41866.728233
2026-08-12T19:30:00+00:00,405.11,405.1941,405.04,405.15,62105.579764
2026-08-12T19:35:00+00:00,405.16,405.16,404.8,404.84,62934.556715
2026-08-12T19:40:00+00:00,404.84,404.9,404.62,404.66,59451.554668
2026-08-12T19:45:00+00:00,404.67,404.8,404.63,404.79,42076.033714
2026-08-12T19:50:00+00:00,404.78,404.82,404.3,404.45,205704.13250100001
2026-08-12T19:55:00+00:00,404.46,404.82,404.43,404.62,156830.65214599998
2026-08-12T20:00:00+00:00,404.64,404.92,404.585,404.91,275471.88583600003
2026-08-12T20:05:00+00:00,404.92,404.92,404.62,404.73,14965.101833
2026-08-12T20:10:00+00:00,404.66,404.7,404.55,404.55,1141.272603
2026-08-12T20:15:00+00:00,404.5,404.5,404.42,404.42,9149.261308000001
2026-08-12T20:20:00+00:00,404.45,404.5414,404.28,404.28,2587.314466
2026-08-12T20:25:00+00:00,404.28,404.35,404.22,404.35,1477.049605
2026-08-12T20:30:00+00:00,404.3078,404.36,404.3078,404.36,2698.9670109999997
2026-08-12T20:35:00+00:00,404.32,404.32,404.32,404.32,1976.0
2026-08-12T20:40:00+00:00,404.33,404.33,404.31,404.31,4535.0
2026-08-12T20:45:00+00:00,404.39,404.39,404.39,404.39,104.0
2026-08-12T20:50:00+00:00,404.2512,404.2532,404.18,404.18,1723.0
2026-08-12T20:55:00+00:00,404.26,404.35,404.2,404.21,972.032953
2026-08-12T21:00:00+00:00,404.35,404.4,404.35,404.38,384.250582
2026-08-12T21:05:00+00:00,404.38,404.38,404.2125,404.38,861.0
2026-08-12T21:10:00+00:00,404.39,404.39,404.26,404.26,476.0
2026-08-12T21:15:00+00:00,404.295,404.49,404.295,404.4499,2668.011372
2026-08-12T21:20:00+00:00,404.2326,404.704,404.2326,404.704,1255.038858
2026-08-12T21:25:00+00:00,404.3091,404.61,404.3091,404.61,217.410593
2026-08-12T21:30:00+00:00,404.65,404.75,404.18,404.18,3169.0660230000003
2026-08-12T21:35:00+00:00,404.57,404.6323,404.15,404.5,531.0
2026-08-12T21:40:00+00:00,404.5,404.57,404.4999,404.57,457.0
2026-08-12T21:45:00+00:00,404.5619,404.5619,404.56,404.56,212.0
2026-08-12T21:50:00+00:00,404.38,404.38,404.38,404.38,91.011554
2026-08-12T21:55:00+00:00,404.3236,404.3236,404.3236,404.3236,993.249368
2026-08-12T22:00:00+00:00,404.4607,404.5,404.01,404.01,2671.0
2026-08-12T22:05:00+00:00,404.37,404.4,404.37,404.4,246.0
2026-08-12T22:10:00+00:00,404.01,404.01,403.88,403.88,1742.0
2026-08-12T22:15:00+00:00,403.83,403.88,403.75,403.75,837.25
2026-08-12T22:20:00+00:00,403.67,403.8427,403.67,403.8427,1111.002305
2026-08-12T22:25:00+00:00,403.797,403.797,403.77,403.77,511.0
2026-08-12T22:30:00+00:00,403.67,403.67,403.4,403.41,2171.0
2026-08-12T22:35:00+00:00,403.54,403.54,403.36,403.36,300.0
2026-08-12T22:40:00+00:00,403.3276,403.45,403.3276,403.45,1740.0
2026-08-12T22:45:00+00:00,403.45,403.45,403.3665,403.3665,383.586526
2026-08-12T22:50:00+00:00,403.59,403.59,403.59,403.59,46.0
2026-08-12T22:55:00+00:00,403.6,403.6,403.5,403.5,120.245314
2026-08-12T23:00:00+00:00,403.68,403.68,403.68,403.68,449.0
2026-08-12T23:05:00+00:00,403.7814,403.91,403.7814,403.91,219.024507
2026-08-12T23:10:00+00:00,403.86,403.86,403.56,403.85,679.02476
2026-08-12T23:20:00+00:00,404.04,404.3129,404.04,404.3129,3272.0
2026-08-12T23:25:00+00:00,404.16,404.16,404.16,404.16,150.0
2026-08-12T23:30:00+00:00,404.17,404.17,404.17,404.17,256.0
2026-08-12T23:35:00+00:00,404.34,404.34,404.34,404.34,242.0
2026-08-12T23:40:00+00:00,404.27,404.28,404.13,404.13,870.0
2026-08-12T23:45:00+00:00,404.2,404.3132,404.2,404.29,536.0
2026-08-12T23:50:00+00:00,404.41,404.41,404.2,404.2,268.0
2026-08-12T23:55:00+00:00,404.2001,404.45,404.2001,404.45,431.051945
2026-08-13T00:00:00+00:00,404.61,404.75,404.2883,404.66,1113.873178
2026-08-13T08:05:00+00:00,400.85,404.22,400.32,400.4,101469.56639400001
2026-08-13T08:10:00+00:00,400.48,403.03,400.43,400.45,5846.030000000001
2026-08-13T08:15:00+00:00,400.24,400.38,400.21,400.36,3302.0
2026-08-13T08:20:00+00:00,400.38,400.45,400.31,400.35,883.0
2026-08-13T08:25:00+00:00,400.3,400.62,400.3,400.62,5942.6829370000005
2026-08-13T08:30:00+00:00,400.74,401.04,400.71,400.98,6632.0
2026-08-13T08:35:00+00:00,401.03,401.27,401.0,401.17,4901.252697
2026-08-13T08:40:00+00:00,401.23,401.23,401.12,401.12,718.074658
2026-08-13T08:45:00+00:00,401.1501,401.2726,401.11,401.11,3987.02288
2026-08-13T08:50:00+00:00,401.09,401.56,401.09,401.56,12291.045943000001
2026-08-13T08:55:00+00:00,401.6261,401.6261,401.2675,401.3361,7218.029971
2026-08-13T09:00:00+00:00,401.3,401.3633,401.25,401.3633,512.0
2026-08-13T09:05:00+00:00,401.3,401.3,401.09,401.09,7261.0
2026-08-13T09:10:00+00:00,401.09,401.4153,401.02,401.4153,2420.5257589999997
2026-08-13T09:15:00+00:00,401.43,401.48,401.39,401.39,1250.0027810000001
2026-08-13T09:20:00+00:00,401.6,401.7,401.5,401.7,1059.0
2026-08-13T09:25:00+00:00,401.81,401.86,401.57,401.57,934.876796
2026-08-13T09:30:00+00:00,401.79,401.79,401.71,401.71,485.0
2026-08-13T09:35:00+00:00,401.75,401.84,401.68,401.84,3320.0
2026-08-13T09:40:00+00:00,401.88,401.88,401.75,401.75,233.0
2026-08-13T09:45:00+00:00,401.76,401.76,401.65,401.65,1409.0113000000001
2026-08-13T09:50:00+00:00,401.68,401.69,401.5,401.5,9900.622296
2026-08-13T09:55:00+00:00,401.66,401.76,401.59,401.76,5716.0
2026-08-13T10:00:00+00:00,401.76,402.11,401.76,402.06,835.600482
2026-08-13T10:15:00+00:00,402.04,402.11,401.87,401.91,2943.1258989999997
2026-08-13T10:20:00+00:00,401.88,402.05,401.88,402.05,265.0
2026-08-13T10:25:00+00:00,402.21,402.26,402.1353,402.26,314.0
2026-08-13T10:30:00+00:00,402.26,402.4,402.26,402.27,835.386825
2026-08-13T10:35:00+00:00,402.37,402.4,402.26,402.26,939.102623
2026-08-13T10:40:00+00:00,402.28,402.49,402.28,402.49,2853.89479
2026-08-13T10:45:00+00:00,402.45,402.52,402.45,402.52,464.0
2026-08-13T10:50:00+00:00,402.6,402.6,402.4562,402.5,448.0
2026-08-13T10:55:00+00:00,402.74,402.95,402.73,402.804,949.2676
2026-08-13T11:00:00+00:00,402.79,402.84,402.72,402.84,836.0
2026-08-13T11:05:00+00:00,402.76,402.9108,402.54,402.54,1730.366307
2026-08-13T11:10:00+00:00,402.58,402.7,402.58,402.6881,1248.747052
2026-08-13T11:15:00+00:00,402.65,402.85,402.65,402.85,1546.050796
2026-08-13T11:20:00+00:00,403.0,403.13,402.92,402.99,570.0
2026-08-13T11:25:00+00:00,402.96,402.96,402.81,402.81,285.702723
2026-08-13T11:30:00+00:00,402.8,402.8,402.51,402.51,2795.121218
2026-08-13T11:35:00+00:00,402.39,402.4813,402.3,402.32,3585.027113
2026-08-13T11:40:00+00:00,402.48,402.52,402.45,402.4747,501.31553599999995
2026-08-13T11:45:00+00:00,402.42,402.42,401.96,401.9736,6050.0
2026-08-13T11:50:00+00:00,402.1347,402.1347,401.915,401.992,1641.0
2026-08-13T11:55:00+00:00,402.02,402.08,401.9,401.9,1140.0
2026-08-13T12:00:00+00:00,402.01,402.24,401.98,402.24,3609.05
2026-08-13T12:05:00+00:00,402.35,402.4,402.17,402.29,8273.687479
2026-08-13T12:10:00+00:00,402.28,402.77,402.28,402.7,2644.1558
2026-08-13T12:15:00+00:00,402.587,402.587,402.44,402.49,3497.0
2026-08-13T12:20:00+00:00,402.47,402.47,402.13,402.17,1611.270199
2026-08-13T12:25:00+00:00,402.37,402.39,402.07,402.08,2008.026323
2026-08-13T12:30:00+00:00,402.11,402.2333,402.0,402.2333,3345.0
2026-08-13T12:35:00+00:00,402.96,403.51,401.75,402.75,28206.941236000002
2026-08-13T12:40:00+00:00,402.72,402.76,402.21,402.56,8135.124242
2026-08-13T12:45:00+00:00,402.54,402.9331,402.24,402.82,7640.071467
2026-08-13T12:50:00+00:00,402.84,403.2,402.84,403.05,8961.436064
2026-08-13T12:55:00+00:00,403.09,403.21,402.86,403.0209,2866.64858
2026-08-13T13:00:00+00:00,403.1,403.67,402.9,403.67,12839.119999
2026-08-13T13:05:00+00:00,403.69,403.71,402.76,403.02,6509.138956
2026-08-13T13:10:00+00:00,403.02,403.28,402.8987,402.97,7227.037146000001
2026-08-13T13:15:00+00:00,402.98,403.01,402.77,402.95,5365.0
2026-08-13T13:20:00+00:00,402.9875,402.99,402.7,402.7,2883.0
2026-08-13T13:25:00+00:00,402.84,403.03,402.5153,402.54,91791.171026
2026-08-13T13:30:00+00:00,402.37,402.6,402.1,402.14,10375.028503
2026-08-13T13:35:00+00:00,402.17,402.58,401.41,401.5,280626.15758999996
2026-08-13T13:40:00+00:00,401.52,401.88,401.21,401.88,96249.161731
2026-08-13T13:45:00+00:00,401.87,402.02,401.34,401.625,98868.128264
2026-08-13T13:50:00+00:00,401.57,401.88,401.26,401.4,111703.254855
2026-08-13T13:55:00+00:00,401.4,401.4899,400.8,401.28,147950.075376
2026-08-13T14:00:00+00:00,401.31,401.535,400.9,400.94,211212.704146
2026-08-13T14:05:00+00:00,400.98,401.51,400.735,400.98,163433.026749
2026-08-13T14:10:00+00:00,401.02,401.5,400.5,400.65,233722.78823699997
2026-08-13T14:15:00+00:00,400.65,400.86,400.39,400.75,176578.28086600002
2026-08-13T14:20:00+00:00,400.79,401.43,400.61,401.19,169746.825517
2026-08-13T14:25:00+00:00,401.19,401.42,400.77,401.08,158033.187994
2026-08-13T14:30:00+00:00,401.14,401.26,400.45,400.495,158208.739617
2026-08-13T14:35:00+00:00,400.48,401.28,399.16,401.15,333990.795574
2026-08-13T14:40:00+00:00,401.17,401.44,400.93,401.3901,243224.59544699997
2026-08-13T14:45:00+00:00,401.3563,401.78,401.32,401.74,70367.490724
2026-08-13T14:50:00+00:00,401.715,402.275,401.7,402.1,112385.089366
2026-08-13T14:55:00+00:00,402.115,402.31,401.89,402.0499,58162.82011200001
2026-08-13T15:00:00+00:00,402.06,402.27,401.97,402.005,27898.35004
2026-08-13T15:05:00+00:00,402.01,402.17,401.46,401.47,82631.06294500001
2026-08-13T15:10:00+00:00,401.465,401.48,400.65,400.88,67836.59885
2026-08-13T15:15:00+00:00,400.87,400.935,400.62,400.695,235491.04414399998
2026-08-13T15:20:00+00:00,400.68,400.75,400.16,400.53,65308.210211
2026-08-13T15:25:00+00:00,400.5251,400.94,400.4,400.89,156620.296385
2026-08-13T15:30:00+00:00,400.88,401.1,400.2,400.2938,99154.68290100001
2026-08-13T15:35:00+00:00,400.3337,400.3337,399.56,399.84,110262.470992
2026-08-13T15:40:00+00:00,399.87,400.86,399.84,400.6501,103468.83124799999
2026-08-13T15:45:00+00:00,400.64,400.87,400.565,400.615,20293.608955000003
2026-08-13T15:50:00+00:00,400.61,400.81,400.6,400.6561,24130.212312000003
2026-08-13T15:55:00+00:00,400.65,400.705,400.32,400.34,45647.922279
2026-08-13T16:00:00+00:00,400.35,400.5299,400.12,400.29,47676.003466
2026-08-13T16:05:00+00:00,400.2851,400.48,400.04,400.145,46334.80111
2026-08-13T16:10:00+00:00,400.06,400.1,399.65,399.67,109309.768727
2026-08-13T16:15:00+00:00,399.66,399.85,399.2506,399.37,183579.268095
2026-08-13T16:20:00+00:00,399.37,399.37,398.95,399.01,212266.43088
2026-08-13T16:25:00+00:00,399.03,399.63,398.98,399.63,92115.843026
2026-08-13T16:30:00+00:00,399.62,400.05,399.49,400.01,342800.640539
2026-08-13T16:35:00+00:00,400.011,400.38,400.011,400.38,35136.539047
2026-08-13T16:40:00+00:00,400.39,400.41,400.1,400.17,13208.648809000002
2026-08-13T16:45:00+00:00,400.165,400.44,400.12,400.315,20238.56813
2026-08-13T16:50:00+00:00,400.35,400.47,400.31,400.34,23524.085015999997
2026-08-13T16:55:00+00:00,400.36,400.38,400.17,400.27,124554.975401
2026-08-13T17:00:00+00:00,400.29,400.56,400.265,400.4,32696.90509
2026-08-13T17:05:00+00:00,400.43,400.6315,400.26,400.37,21404.156654
2026-08-13T17:10:00+00:00,400.37,400.965,400.37,400.9,30812.951698
2026-08-13T17:15:00+00:00,400.92,401.02,400.8664,400.8664,12822.213759
2026-08-13T17:20:00+00:00,400.87,400.9,400.39,400.485,65974.252447
2026-08-13T17:25:00+00:00,400.5,400.645,400.44,400.54,85601.963792
2026-08-13T17:30:00+00:00,400.59,400.605,400.03,400.09,35817.862555
2026-08-13T17:35:00+00:00,400.13,400.19,399.79,399.905,31773.561669
2026-08-13T17:40:00+00:00,399.87,400.03,399.8,399.9092,21793.112385
2026-08-13T17:45:00+00:00,399.93,400.0,399.44,399.5461,46089.965612
2026-08-13T17:50:00+00:00,399.57,399.8,399.55,399.75,37333.259310999994
2026-08-13T17:55:00+00:00,399.74,399.83,399.54,399.63,25130.72491
2026-08-13T18:00:00+00:00,399.58,399.6347,399.41,399.44,18844.184483999998
2026-08-13T18:05:00+00:00,399.44,399.79,399.43,399.63,67368.558402
2026-08-13T18:10:00+00:00,399.62,399.77,399.52,399.73,63228.632658999995
2026-08-13T18:15:00+00:00,399.71,400.02,399.595,399.9551,77256.137817
2026-08-13T18:20:00+00:00,399.97,400.1,399.85,400.055,40242.236469999996
2026-08-13T18:25:00+00:00,400.05,400.06,399.43,399.5,41481.338416
2026-08-13T18:30:00+00:00,399.52,399.63,399.32,399.56,42100.991917
2026-08-13T18:35:00+00:00,399.57,399.73,399.46,399.6301,34174.23149
2026-08-13T18:40:00+00:00,399.635,399.79,399.56,399.725,37736.33513399999
2026-08-13T18:45:00+00:00,399.74,399.81,399.54,399.63,56449.943681000004
2026-08-13T18:50:00+00:00,399.6,399.62,399.45,399.515,26668.62849
2026-08-13T18:55:00+00:00,399.52,399.56,399.29,399.49,19656.757436
2026-08-13T19:00:00+00:00,399.5,399.57,399.48,399.525,133590.468662
2026-08-13T19:05:00+00:00,399.53,399.691,399.45,399.63,28382.859349
2026-08-13T19:10:00+00:00,399.63,399.65,399.16,399.2,23592.973182
2026-08-13T19:15:00+00:00,399.2,399.21,398.54,398.6,80833.22987899999
2026-08-13T19:20:00+00:00,398.59,398.76,398.28,398.695,65912.766339
2026-08-13T19:25:00+00:00,398.71,398.825,398.58,398.7663,51146.517293
2026-08-13T19:30:00+00:00,398.77,399.06,398.75,399.05,256540.40853500002
2026-08-13T19:35:00+00:00,399.05,399.1,398.9,399.0,139717.442102
2026-08-13T19:40:00+00:00,399.005,399.29,398.99,399.2,38083.817754
2026-08-13T19:45:00+00:00,399.18,399.22,398.98,399.04,94539.59783199998
2026-08-13T19:50:00+00:00,399.04,399.04,398.7,398.87,63566.936162
2026-08-13T19:55:00+00:00,398.85,399.0,398.8,398.955,200810.45173399997
2026-08-13T20:00:00+00:00,398.955,399.0,398.71,398.96,231979.788118
2026-08-13T20:05:00+00:00,398.96,398.96,398.67,398.71,2729.1190799999995
2026-08-13T20:10:00+00:00,398.6691,398.97,398.6691,398.91,18491.00499
2026-08-13T20:15:00+00:00,398.95,399.0,398.91,398.96,29048.142948
2026-08-13T20:20:00+00:00,398.95,399.01,398.95,398.9518,1027.937349
2026-08-13T20:25:00+00:00,398.95,398.95,398.9,398.9,5947.0
2026-08-13T20:30:00+00:00,398.89,399.2,398.89,399.08,15348.837735
2026-08-13T20:35:00+00:00,399.09,399.16,398.76,398.8,13665.503616
2026-08-13T20:40:00+00:00,398.84,398.94,398.79,398.93,2047.0
2026-08-13T20:45:00+00:00,398.8466,398.99,398.8466,398.85,6174.293415
2026-08-13T20:50:00+00:00,398.95,399.0,398.95,398.9845,546.040263
2026-08-13T20:55:00+00:00,398.96,398.96,398.9,398.9,26607.0
2026-08-13T21:00:00+00:00,398.85,399.112,398.84,399.112,860.0526209999999
2026-08-13T21:05:00+00:00,399.0,399.0,399.0,399.0,954.0
2026-08-13T21:10:00+00:00,399.362,399.362,399.25,399.25,156.015716
2026-08-13T21:15:00+00:00,399.3846,399.69,399.23,399.4,3152.0
2026-08-13T21:20:00+00:00,399.1052,399.56,399.1052,399.1394,563.0
2026-08-13T21:25:00+00:00,399.4986,399.53,399.0,399.53,1181.0
2026-08-13T21:30:00+00:00,399.45,399.59,399.12,399.5196,564.023187
2026-08-13T21:35:00+00:00,399.0914,399.0914,399.0914,399.0914,172.0
2026-08-13T21:40:00+00:00,399.25,399.5,399.25,399.5,167.0
2026-08-13T21:45:00+00:00,399.25,399.31,399.25,399.31,1077.0
2026-08-13T21:50:00+00:00,399.28,399.42,399.23,399.42,299.0
2026-08-13T21:55:00+00:00,399.42,399.467,399.376,399.467,437.0
2026-08-13T22:00:00+00:00,399.5,399.5,399.1028,399.1028,508.0
2026-08-13T22:05:00+00:00,399.09,399.09,399.09,399.09,56.012201
2026-08-13T22:20:00+00:00,399.34,399.34,399.25,399.25,2238.0
2026-08-13T22:25:00+00:00,399.47,399.5,399.45,399.49,723.0
2026-08-13T22:30:00+00:00,399.49,399.5365,399.4844,399.4844,1145.0
2026-08-13T22:35:00+00:00,399.55,399.5964,399.45,399.5964,844.0
2026-08-13T22:40:00+00:00,399.5,400.0,399.5,399.97,1875.1939499999999
2026-08-13T22:45:00+00:00,400.0,400.01,399.7679,399.79,1441.0
2026-08-13T22:55:00+00:00,399.37,399.37,399.37,399.37,232.0
2026-08-13T23:00:00+00:00,399.3,399.5,399.1258,399.1944,693.47614
2026-08-13T23:05:00+00:00,399.2,399.21,399.0,399.0,2283.0
2026-08-13T23:10:00+00:00,399.15,399.5,399.15,399.5,955.0
2026-08-13T23:15:00+00:00,399.59,399.59,399.4,399.46,806.0025
2026-08-13T23:20:00+00:00,399.96,399.96,399.582,399.582,247.003801
2026-08-13T23:25:00+00:00,399.6822,399.74,399.5314,399.74,568.0
2026-08-13T23:30:00+00:00,399.824,400.04,399.824,400.04,2144.0
2026-08-13T23:35:00+00:00,400.12,400.13,399.96,399.96,3620.907277
2026-08-13T23:40:00+00:00,400.0,400.0,399.9,399.9,953.0
2026-08-13T23:45:00+00:00,400.0,400.0,399.55,399.55,484.0
2026-08-13T23:50:00+00:00,399.87,400.04,399.87,400.0,1029.0
2026-08-13T23:55:00+00:00,399.83,399.9199,399.6,399.6,736.0
2026-08-14T00:00:00+00:00,399.54,399.8,399.54,399.76,1643.1457
2026-08-14T08:05:00+00:00,398.21,398.859,395.61,398.48,41548.251777
2026-08-14T08:10:00+00:00,398.32,398.52,398.31,398.5,1029.0
2026-08-14T08:15:00+00:00,398.489,398.7,398.45,398.69,793.0
2026-08-14T08:20:00+00:00,398.71,398.71,398.71,398.71,93.0
2026-08-14T08:25:00+00:00,398.4869,398.51,398.35,398.4519,1255.0
2026-08-14T08:30:00+00:00,398.38,398.54,398.38,398.54,346.0
2026-08-14T08:35:00+00:00,398.54,398.54,398.47,398.47,1210.0
2026-08-14T08:40:00+00:00,398.47,398.89,398.47,398.82,992.049983
2026-08-14T08:45:00+00:00,398.9,398.9,398.44,398.44,1049.1989509999999
2026-08-14T08:50:00+00:00,398.37,398.67,398.33,398.5,9551.0
2026-08-14T08:55:00+00:00,398.44,398.74,398.44,398.74,783.9117000000001
2026-08-14T09:00:00+00:00,398.73,398.97,398.73,398.89,2241.330953
2026-08-14T09:05:00+00:00,398.85,398.94,398.81,398.82,1089.932359
2026-08-14T09:10:00+00:00,398.77,398.8,398.77,398.8,955.0
2026-08-14T09:15:00+00:00,398.89,399.0,398.89,399.0,855.005474
2026-08-14T09:20:00+00:00,399.11,399.2,398.94,399.0,4403.00251
2026-08-14T09:25:00+00:00,399.2,399.2,399.0153,399.17,4235.1028129999995
2026-08-14T09:30:00+00:00,399.28,399.415,399.12,399.14,3255.0
2026-08-14T09:35:00+00:00,399.17,399.1975,399.01,399.03,7866.0
2026-08-14T09:40:00+00:00,399.32,399.32,399.21,399.23,744.4
2026-08-14T09:45:00+00:00,399.21,399.21,399.21,399.21,429.0
2026-08-14T09:50:00+00:00,399.26,399.32,399.26,399.29,284.0
2026-08-14T09:55:00+00:00,399.3567,399.3567,399.3567,399.3567,100.0
2026-08-14T10:00:00+00:00,399.4,399.6,399.4,399.6,961.892955
2026-08-14T10:05:00+00:00,399.6,399.63,399.58,399.63,406.047541
2026-08-14T10:10:00+00:00,399.6,399.62,399.6,399.6,1611.0
2026-08-14T10:15:00+00:00,399.59,399.59,399.439,399.56,656.1804970000001
2026-08-14T10:20:00+00:00,399.38,399.38,399.2,399.26,1174.0
2026-08-14T10:25:00+00:00,399.35,399.35,399.35,399.35,54.0
2026-08-14T10:30:00+00:00,399.06,399.1,399.06,399.1,296.164672
2026-08-14T10:35:00+00:00,398.98,398.98,398.98,398.98,130.0
2026-08-14T10:40:00+00:00,399.02,399.02,398.9,398.93,2329.293411
2026-08-14T10:45:00+00:00,398.96,399.16,398.95,399.16,12075.512345
2026-08-14T10:50:00+00:00,399.2,399.2,399.15,399.19,1227.002504
2026-08-14T10:55:00+00:00,399.11,399.36,399.11,399.15,1657.0
2026-08-14T11:00:00+00:00,399.01,399.01,398.94,398.941,585.59928
2026-08-14T11:05:00+00:00,398.93,399.059,398.86,399.0319,1029.281781
2026-08-14T11:10:00+00:00,398.93,399.1382,398.93,399.1382,526.26
2026-08-14T11:15:00+00:00,399.1333,399.1333,399.1,399.13,301.0
2026-08-14T11:20:00+00:00,399.13,399.48,399.13,399.41,1407.0
2026-08-14T11:25:00+00:00,399.48,399.6,399.3325,399.35,1006.782634
2026-08-14T11:30:00+00:00,399.65,399.65,399.59,399.59,426.59646699999996
2026-08-14T11:35:00+00:00,399.73,400.0267,399.73,400.0267,2790.71841
2026-08-14T11:40:00+00:00,400.04,400.11,399.97,400.1,2112.2226610000002
2026-08-14T11:45:00+00:00,400.11,400.2504,400.08,400.25,5247.236274
2026-08-14T11:50:00+00:00,400.21,400.21,400.0542,400.14,937.7939230000001
2026-08-14T11:55:00+00:00,400.1074,400.6799,400.1074,400.6799,1190.003424
2026-08-14T12:00:00+00:00,400.5145,400.54,400.44,400.54,2163.038241
2026-08-14T12:05:00+00:00,400.82,401.37,400.79,401.21,2912.092544
2026-08-14T12:10:00+00:00,401.2,401.4,401.01,401.01,7298.0
2026-08-14T12:15:00+00:00,400.92,401.0,400.46,401.0,4491.493516
2026-08-14T12:20:00+00:00,401.03,401.0367,400.75,401.0,2727.165476
2026-08-14T12:25:00+00:00,401.0,401.76,401.0,401.75,9767.483946
2026-08-14T12:30:00+00:00,401.68,401.89,401.58,401.89,4023.3180530000004
2026-08-14T12:35:00+00:00,401.9,402.44,401.53,401.845,79853.662
2026-08-14T12:40:00+00:00,401.8,401.85,401.37,401.53,25033.239856999997
2026-08-14T12:45:00+00:00,401.52,401.52,401.07,401.16,16140.841825
2026-08-14T12:50:00+00:00,401.09,401.4287,400.98,401.4287,4470.216584
2026-08-14T12:55:00+00:00,401.27,401.53,401.17,401.48,7701.760559
2026-08-14T13:00:00+00:00,401.38,401.41,401.1,401.15,16322.533801
2026-08-14T13:05:00+00:00,401.09,401.57,400.9,401.53,6009.826733
2026-08-14T13:10:00+00:00,401.54,401.7401,401.46,401.69,7836.243579
2026-08-14T13:15:00+00:00,401.73,401.8164,401.36,401.36,2966.455646
2026-08-14T13:20:00+00:00,401.3925,401.75,401.3925,401.75,4130.471018
2026-08-14T13:25:00+00:00,401.85,402.24,401.71,402.18,13314.583962
2026-08-14T13:30:00+00:00,402.25,402.3001,402.03,402.14,18981.25
2026-08-14T13:35:00+00:00,402.18,402.85,402.07,402.78,147182.867229
2026-08-14T13:40:00+00:00,402.8,403.33,402.77,403.145,723124.9650300001
2026-08-14T13:45:00+00:00,403.2,403.25,402.73,403.0688,159584.832128
2026-08-14T13:50:00+00:00,403.03,403.14,402.3778,402.38,137723.23460199998
2026-08-14T13:55:00+00:00,402.38,402.55,402.0362,402.195,106257.47078999999
2026-08-14T14:00:00+00:00,402.2,402.33,402.035,402.21,52344.509192000005
2026-08-14T14:05:00+00:00,402.18,402.96,402.18,402.85,104057.00409
2026-08-14T14:10:00+00:00,402.84,402.9,402.59,402.61,139670.641544
2026-08-14T14:15:00+00:00,402.63,403.0,402.42,402.75,315708.65725299995
2026-08-14T14:20:00+00:00,402.785,402.89,402.29,402.38,238298.055239
2026-08-14T14:25:00+00:00,402.4,402.92,402.24,402.91,111646.288237
2026-08-14T14:30:00+00:00,402.895,403.105,402.74,402.76,96470.31394800001
2026-08-14T14:35:00+00:00,402.81,402.86,402.17,402.24,63151.80404100001
2026-08-14T14:40:00+00:00,402.25,402.46,402.16,402.33,40412.472713999996
2026-08-14T14:45:00+00:00,402.34,402.365,401.9354,402.15,39434.729574
2026-08-14T14:50:00+00:00,402.11,402.11,401.67,401.82,29762.762210999994
2026-08-14T14:55:00+00:00,401.7576,402.025,401.7,401.88,34511.471764
2026-08-14T15:00:00+00:00,401.9,402.01,401.7,401.84,55600.89778299999
2026-08-14T15:05:00+00:00,401.86,402.71,401.86,402.41,44471.162894
2026-08-14T15:10:00+00:00,402.39,402.57,402.24,402.32,29469.695527
2026-08-14T15:15:00+00:00,402.32,403.01,402.295,402.84,74326.158548
2026-08-14T15:20:00+00:00,402.84,403.01,402.2632,402.2632,56190.605343
2026-08-14T15:25:00+00:00,402.295,402.365,402.03,402.05,32039.111580999997
2026-08-14T15:30:00+00:00,402.045,402.18,401.64,402.175,97243.427918
2026-08-14T15:35:00+00:00,402.2,402.58,402.1,402.49,82325.941852
2026-08-14T15:40:00+00:00,402.45,402.68,402.38,402.475,25900.675262999997
2026-08-14T15:45:00+00:00,402.48,402.68,402.39,402.63,39035.565097
2026-08-14T15:50:00+00:00,402.66,403.15,402.63,402.88,153392.704993
2026-08-14T15:55:00+00:00,402.9,402.965,402.69,402.73,58462.96084200001
2026-08-14T16:00:00+00:00,402.75,402.98,402.74,402.835,24807.358226
2026-08-14T16:05:00+00:00,402.86,403.29,402.78,402.78,224337.227122
2026-08-14T16:10:00+00:00,402.77,402.979,402.61,402.66,17497.561368000002
2026-08-14T16:15:00+00:00,402.67,402.71,402.575,402.645,16773.092496999998
2026-08-14T16:20:00+00:00,402.67,402.86,402.67,402.83,37103.269277
2026-08-14T16:25:00+00:00,402.825,402.94,402.645,402.69,33172.523855
2026-08-14T16:30:00+00:00,402.67,402.67,402.4,402.47,13872.917256
2026-08-14T16:35:00+00:00,402.47,402.47,401.8,402.155,65454.764512
2026-08-14T16:40:00+00:00,402.135,402.6,402.1,402.56,26485.134
2026-08-14T16:45:00+00:00,402.5475,402.57,402.29,402.31,21517.653583
2026-08-14T16:50:00+00:00,402.34,402.41,402.265,402.39,11964.471799
2026-08-14T16:55:00+00:00,402.4,402.42,402.2751,402.38,8597.091730999999
2026-08-14T17:00:00+00:00,402.31,402.365,402.21,402.27,15988.021065
2026-08-14T17:05:00+00:00,402.3,402.32,402.02,402.04,26398.605861
2026-08-14T17:10:00+00:00,402.06,402.11,401.87,401.96,16156.371483
2026-08-14T17:15:00+00:00,401.94,401.9709,401.8,401.96,17740.109022999997
2026-08-14T17:20:00+00:00,401.97,402.204,401.9,401.9,103837.505805
2026-08-14T17:25:00+00:00,401.865,401.98,401.74,401.875,24896.97705
2026-08-14T17:30:00+00:00,401.875,401.94,401.67,401.7,99596.64852300001
2026-08-14T17:35:00+00:00,401.69,401.97,401.69,401.97,30046.421855999997
2026-08-14T17:40:00+00:00,401.93,401.93,401.69,401.715,22039.556152
2026-08-14T17:45:00+00:00,401.7,401.79,401.47,401.53,18146.656310000002
2026-08-14T17:50:00+00:00,401.51,401.52,401.42,401.47,17977.461794000003
2026-08-14T17:55:00+00:00,401.46,401.64,401.41,401.555,28382.482727999995
2026-08-14T18:00:00+00:00,401.5401,401.6,401.47,401.6,11286.448604000001
2026-08-14T18:05:00+00:00,401.63,401.83,401.43,401.8181,17740.39141
2026-08-14T18:10:00+00:00,401.8598,401.91,401.69,401.735,14402.796219
2026-08-14T18:15:00+00:00,401.7,401.805,401.455,401.48,39575.687409000006
2026-08-14T18:20:00+00:00,401.525,401.65,401.46,401.61,22720.539955
2026-08-14T18:25:00+00:00,401.58,401.75,401.58,401.69,12858.416059
2026-08-14T18:30:00+00:00,401.7,401.7499,401.54,401.69,11094.263459
2026-08-14T18:35:00+00:00,401.67,401.6997,401.48,401.5793,15833.195591
2026-08-14T18:40:00+00:00,401.575,401.97,401.5701,401.94,36185.953549
2026-08-14T18:45:00+00:00,401.982,401.982,401.4,401.45,83456.129562
2026-08-14T18:50:00+00:00,401.435,401.47,400.935,401.2051,84559.49466000001
2026-08-14T18:55:00+00:00,401.21,401.355,401.1,401.11,22564.559203
2026-08-14T19:00:00+00:00,401.135,401.24,401.1,401.16,72448.268523
2026-08-14T19:05:00+00:00,401.14,401.19,401.06,401.0899,53159.89753
2026-08-14T19:10:00+00:00,401.09,401.48,401.04,401.4401,44034.82268
2026-08-14T19:15:00+00:00,401.455,401.51,401.37,401.39,21650.256413
2026-08-14T19:20:00+00:00,401.38,401.4499,401.22,401.32,41216.777171999995
2026-08-14T19:25:00+00:00,401.305,401.48,401.305,401.4301,21272.390638
2026-08-14T19:30:00+00:00,401.45,401.58,401.435,401.53,25951.314027
2026-08-14T19:35:00+00:00,401.52,401.59,401.46,401.515,33806.733991
2026-08-14T19:40:00+00:00,401.51,401.62,401.41,401.425,43340.94549699999
2026-08-14T19:45:00+00:00,401.4372,401.55,401.37,401.38,42000.430818
2026-08-14T19:50:00+00:00,401.39,401.43,401.3201,401.36,48630.58049200001
2026-08-14T19:55:00+00:00,401.39,401.79,401.39,401.615,165831.833878
2026-08-14T20:00:00+00:00,401.61,401.6151,401.19,401.43,350439.58011
2026-08-14T20:05:00+00:00,401.48,401.48,401.22,401.29,5979.329844000001
2026-08-14T20:10:00+00:00,401.24,401.27,401.03,401.07,11331.149536
2026-08-14T20:15:00+00:00,401.08,401.1,401.0,401.0986,4891.579400999999
2026-08-14T20:20:00+00:00,401.17,401.2322,401.15,401.15,4984.602052000001
2026-08-14T20:25:00+00:00,401.16,401.26,401.14,401.14,2082.0
2026-08-14T20:30:00+00:00,401.24,401.2611,401.24,401.25,643.0
2026-08-14T20:35:00+00:00,402.7333,402.7333,401.2,401.2,502173.0
2026-08-14T20:40:00+00:00,401.44,401.44,401.4,401.4,306.010198
2026-08-14T20:45:00+00:00,401.39,401.39,401.31,401.31,154.228201
2026-08-14T20:50:00+00:00,401.3255,401.3876,401.3255,401.3876,228.0
2026-08-14T20:55:00+00:00,401.35,401.4,401.35,401.4,1097.0
2026-08-14T21:00:00+00:00,401.46,401.59,401.46,401.463,15351.027469
2026-08-14T21:05:00+00:00,401.48,401.6,401.48,401.6,1039.52068
2026-08-14T21:10:00+00:00,401.5,401.79,401.5,401.79,1019.012444
2026-08-14T21:15:00+00:00,401.7638,401.79,401.7,401.79,3149.712968
2026-08-14T21:20:00+00:00,401.9,401.9629,401.7825,401.7825,326.97263
2026-08-14T21:30:00+00:00,401.8,401.8,401.8,401.8,1089.0
2026-08-14T21:35:00+00:00,401.7,401.7,401.7,401.7,102.0
2026-08-14T21:50:00+00:00,401.7655,401.8,401.7535,401.79,1202.188419
2026-08-14T22:00:00+00:00,401.8,401.8,401.7535,401.8,1037.0
2026-08-14T22:10:00+00:00,401.78,401.78,401.78,401.78,51.0
2026-08-14T22:15:00+00:00,401.79,401.79,401.79,401.79,90.0
2026-08-14T22:25:00+00:00,401.98,401.98,401.98,401.98,100.0
2026-08-14T22:30:00+00:00,401.98,401.98,401.98,401.98,52.0
2026-08-14T22:35:00+00:00,401.94,401.94,401.94,401.94,149.0
2026-08-14T22:40:00+00:00,401.9528,401.9528,401.9528,401.9528,76.0
2026-08-14T22:45:00+00:00,401.8,401.8,401.8,401.8,48.0
2026-08-14T22:50:00+00:00,401.95,401.95,401.95,401.95,61.087207
2026-08-14T23:05:00+00:00,401.95,401.95,401.95,401.95,101.0
2026-08-14T23:15:00+00:00,401.97,401.97,401.97,401.97,45.959938
2026-08-14T23:20:00+00:00,401.8577,401.8997,401.8577,401.8997,1214.070175
2026-08-14T23:30:00+00:00,401.8841,401.8841,401.8841,401.8841,126.0
2026-08-14T23:35:00+00:00,401.8324,401.8324,401.8324,401.8324,200.856685
2026-08-14T23:40:00+00:00,401.82,401.85,401.71,401.7958,1026.0
2026-08-14T23:50:00+00:00,401.72,401.75,401.68,401.75,641.58139
2026-08-14T23:55:00+00:00,401.56,401.56,401.56,401.56,273.0
2026-08-15T00:00:00+00:00,401.7958,401.8089,401.7028,401.8089,488.0
2026-08-17T08:05:00+00:00,403.52,404.58,402.46,403.6413,60410.327281000005
2026-08-17T08:10:00+00:00,403.54,403.63,403.41,403.52,4229.153939
2026-08-17T08:15:00+00:00,403.5,403.88,403.47,403.88,2000.708806
2026-08-17T08:20:00+00:00,403.82,403.9,403.67,403.67,739.217338
2026-08-17T08:25:00+00:00,403.7,403.85,403.7,403.81,1186.091123
2026-08-17T08:30:00+00:00,403.77,403.77,403.74,403.74,732.0
2026-08-17T08:35:00+00:00,403.68,403.7,403.56,403.56,1248.5
2026-08-17T08:40:00+00:00,403.56,403.75,403.56,403.68,1798.0
2026-08-17T08:45:00+00:00,403.43,403.44,403.29,403.31,4668.73535
2026-08-17T08:50:00+00:00,403.21,403.25,403.21,403.25,744.0094
2026-08-17T08:55:00+00:00,403.1187,403.14,402.93,403.02,4401.0
2026-08-17T09:00:00+00:00,402.98,403.18,402.98,403.15,1652.0
2026-08-17T09:05:00+00:00,403.08,403.1,403.05,403.1,627.0
2026-08-17T09:10:00+00:00,403.15,403.52,403.15,403.52,601.000002
2026-08-17T09:15:00+00:00,403.59,403.61,403.53,403.57,2146.0
2026-08-17T09:20:00+00:00,403.37,403.47,403.37,403.47,364.073863
2026-08-17T09:25:00+00:00,403.43,403.43,403.37,403.43,367.014971
2026-08-17T09:30:00+00:00,403.31,403.31,403.31,403.31,56.0
2026-08-17T09:35:00+00:00,403.11,403.25,403.03,403.25,2852.0
2026-08-17T09:40:00+00:00,403.25,403.27,403.01,403.02,5596.002479
2026-08-17T09:45:00+00:00,403.08,403.22,403.04,403.04,3677.0
2026-08-17T09:50:00+00:00,403.08,403.08,402.98,403.03,3365.0
2026-08-17T09:55:00+00:00,403.19,403.22,403.0,403.03,2429.026788
2026-08-17T10:00:00+00:00,403.05,403.15,403.03,403.15,1006.0
2026-08-17T10:05:00+00:00,403.17,403.18,402.96,403.07,9474.037405
2026-08-17T10:10:00+00:00,403.12,403.22,403.12,403.18,1129.0295999999998
2026-08-17T10:15:00+00:00,403.11,403.27,403.11,403.27,275.0
2026-08-17T10:20:00+00:00,403.36,403.59,403.16,403.21,5759.0
2026-08-17T10:25:00+00:00,403.28,403.28,403.2,403.21,1245.00248
2026-08-17T10:30:00+00:00,403.28,404.0,402.67,403.97,13043.1215
2026-08-17T10:35:00+00:00,403.44,403.67,403.44,403.48,557.179374
2026-08-17T10:40:00+00:00,403.31,403.36,403.27,403.27,1320.0
2026-08-17T10:45:00+00:00,403.3,403.32,403.3,403.32,303.28752
2026-08-17T10:50:00+00:00,403.44,403.48,403.37,403.37,1353.733626
2026-08-17T10:55:00+00:00,403.34,403.48,403.34,403.45,3504.0
2026-08-17T11:00:00+00:00,403.38,403.56,403.38,403.51,5982.0
2026-08-17T11:05:00+00:00,403.5217,403.81,403.49,403.7,3419.652
2026-08-17T11:10:00+00:00,403.69,403.95,403.66,403.95,998.0
2026-08-17T11:15:00+00:00,403.81,403.81,403.67,403.67,716.1226879999999
2026-08-17T11:20:00+00:00,403.54,403.58,403.31,403.4714,3913.1084
2026-08-17T11:25:00+00:00,403.55,403.94,403.55,403.82,2091.0
2026-08-17T11:30:00+00:00,403.89,403.95,403.83,403.92,1646.2332430000001
2026-08-17T11:35:00+00:00,403.95,403.98,403.8,403.94,1713.0349
2026-08-17T11:40:00+00:00,403.93,403.96,403.81,403.87,1352.880264
2026-08-17T11:45:00+00:00,403.78,403.85,403.58,403.59,7079.303221
2026-08-17T11:50:00+00:00,403.57,403.67,403.3,403.3,5078.545961
2026-08-17T11:55:00+00:00,403.2602,403.52,403.16,403.33,5743.020915
2026-08-17T12:00:00+00:00,403.25,403.31,403.25,403.2917,2284.0
2026-08-17T12:05:00+00:00,403.22,403.264,402.98,403.03,3744.6383459999997
2026-08-17T12:10:00+00:00,403.02,403.1,402.85,402.89,1152.0
2026-08-17T12:15:00+00:00,402.9,403.1,402.8,403.1,688.156104
2026-08-17T12:20:00+00:00,403.15,403.15,402.9587,403.02,1570.0
2026-08-17T12:25:00+00:00,403.38,403.44,402.81,402.81,1942.0
2026-08-17T12:30:00+00:00,402.83,402.83,401.93,402.3,6676.1971570000005
2026-08-17T12:35:00+00:00,402.2967,402.6,402.23,402.46,3399.9823189999997
2026-08-17T12:40:00+00:00,402.55,402.58,401.85,401.88,6404.0
2026-08-17T12:45:00+00:00,401.88,402.0,401.65,401.66,5154.0
2026-08-17T12:50:00+00:00,401.68,401.79,401.5,401.58,4799.146033999999
2026-08-17T12:55:00+00:00,401.56,402.12,401.56,402.1123,4077.686608
2026-08-17T13:00:00+00:00,402.14,402.39,402.11,402.13,6237.100014
2026-08-17T13:05:00+00:00,402.22,402.49,402.0,402.0987,3004.161358
2026-08-17T13:10:00+00:00,401.99,402.25,401.99,402.22,1407.024893
2026-08-17T13:15:00+00:00,402.26,402.5876,402.26,402.33,4799.258347
2026-08-17T13:20:00+00:00,402.3115,402.33,401.97,402.09,5226.271986
2026-08-17T13:25:00+00:00,402.37,402.4401,402.25,402.3,3654.0
2026-08-17T13:30:00+00:00,402.44,402.5,402.29,402.31,5134.026921
2026-08-17T13:35:00+00:00,402.335,402.72,402.27,402.563,127466.51981299999
2026-08-17T13:40:00+00:00,402.55,402.88,402.3201,402.56,69765.190283
2026-08-17T13:45:00+00:00,402.56,402.5801,402.21,402.29,84748.211643
2026-08-17T13:50:00+00:00,402.3,403.2,402.18,403.15,210810.05820899998
2026-08-17T13:55:00+00:00,403.14,404.29,403.1,403.745,245170.960091
2026-08-17T14:00:00+00:00,403.77,405.1,403.7301,404.47,445703.912977
2026-08-17T14:05:00+00:00,404.44,404.57,404.01,404.33,186219.69256099997
2026-08-17T14:10:00+00:00,404.38,404.38,404.07,404.1199,133905.24839
2026-08-17T14:15:00+00:00,404.11,404.76,403.96,404.74,215252.294671
2026-08-17T14:20:00+00:00,404.74,405.51,404.68,405.28,351735.952089
2026-08-17T14:25:00+00:00,405.32,406.16,405.21,405.84,244845.284711
2026-08-17T14:30:00+00:00,405.85,406.035,405.06,405.2899,134399.30151699999
2026-08-17T14:35:00+00:00,405.29,405.85,405.29,405.64,113031.739233
2026-08-17T14:40:00+00:00,405.655,405.76,405.11,405.25,151371.88907300003
2026-08-17T14:45:00+00:00,405.24,405.6,405.19,405.19,106519.824344
2026-08-17T14:50:00+00:00,405.2578,405.4255,404.9,405.21,101935.543652
2026-08-17T14:55:00+00:00,405.22,405.53,405.063,405.09,68288.82278700001
2026-08-17T15:00:00+00:00,405.1229,405.29,404.95,405.21,207662.001756
2026-08-17T15:05:00+00:00,405.22,405.4,405.02,405.32,122631.67218600001
2026-08-17T15:10:00+00:00,405.37,405.41,405.12,405.16,65766.821609
2026-08-17T15:15:00+00:00,405.13,405.68,405.09,405.56,88998.236488
2026-08-17T15:20:00+00:00,405.55,405.77,405.39,405.65,75511.016596
2026-08-17T15:25:00+00:00,405.71,405.82,405.6,405.75,103555.558798
2026-08-17T15:30:00+00:00,405.77,406.02,405.52,405.99,108582.5673
2026-08-17T15:35:00+00:00,405.95,406.05,405.61,405.71,94141.487845
2026-08-17T15:40:00+00:00,405.7,405.8,405.46,405.64,517854.199396
2026-08-17T15:45:00+00:00,405.635,405.79,405.36,405.39,136178.548395
2026-08-17T15:50:00+00:00,405.4,405.84,405.25,405.775,69724.104999
2026-08-17T15:55:00+00:00,405.775,406.04,405.72,406.03,57861.656718
2026-08-17T16:00:00+00:00,406.01,406.16,405.99,406.12,88746.653943
2026-08-17T16:05:00+00:00,406.14,406.18,405.83,405.94,56143.21214899999
2026-08-17T16:10:00+00:00,405.93,406.2,405.8,406.14,34488.562766999996
2026-08-17T16:15:00+00:00,406.11,406.23,405.97,405.983,40410.616603999995
2026-08-17T16:20:00+00:00,405.985,406.14,405.91,405.97,77930.335517
2026-08-17T16:25:00+00:00,405.93,406.16,405.87,405.92,85422.074443
2026-08-17T16:30:00+00:00,405.9,405.93,405.71,405.91,155364.633592
2026-08-17T16:35:00+00:00,405.92,405.9599,405.7,405.82,39482.176591
2026-08-17T16:40:00+00:00,405.8313,406.09,405.78,406.0699,36500.930064
2026-08-17T16:45:00+00:00,406.045,406.08,405.84,405.865,48988.704105
2026-08-17T16:50:00+00:00,405.86,405.9,405.67,405.83,24818.560550000002
2026-08-17T16:55:00+00:00,405.81,405.96,405.6701,405.75,47297.847912
2026-08-17T17:00:00+00:00,405.77,405.93,405.75,405.835,24633.861456
2026-08-17T17:05:00+00:00,405.85,406.01,405.81,405.88,27347.802597
2026-08-17T17:10:00+00:00,405.9,405.9,405.56,405.6501,41010.725919000004
2026-08-17T17:15:00+00:00,405.65,405.74,405.61,405.73,52316.615831999996
2026-08-17T17:20:00+00:00,405.7,405.73,405.348,405.3601,42386.807199999996
2026-08-17T17:25:00+00:00,405.38,405.44,405.06,405.12,47709.869921
2026-08-17T17:30:00+00:00,405.11,405.1899,404.85,405.165,61801.08329
2026-08-17T17:35:00+00:00,405.17,405.32,404.88,405.16,34395.219732
2026-08-17T17:40:00+00:00,405.155,405.22,404.68,404.69,37430.048267000006
2026-08-17T17:45:00+00:00,404.69,405.16,404.61,405.15,30943.191468999998
2026-08-17T17:50:00+00:00,405.19,405.41,405.18,405.34,28429.932595000002
2026-08-17T17:55:00+00:00,405.39,405.4411,405.16,405.16,28782.118395
2026-08-17T18:00:00+00:00,405.2,405.24,404.81,404.86,78821.945238
2026-08-17T18:05:00+00:00,404.8601,404.92,404.55,404.625,54487.326181
2026-08-17T18:10:00+00:00,404.635,404.81,404.54,404.71,49985.75876899999
2026-08-17T18:15:00+00:00,404.64,404.86,404.55,404.86,41950.710576
2026-08-17T18:20:00+00:00,404.87,405.08,404.83,404.96,22211.642071000002
2026-08-17T18:25:00+00:00,404.94,405.0,404.38,404.41,33841.298255
2026-08-17T18:30:00+00:00,404.4,404.49,404.04,404.1638,94602.513157
2026-08-17T18:35:00+00:00,404.18,404.18,403.4,403.59,113112.65364399999
2026-08-17T18:40:00+00:00,403.58,403.795,403.51,403.785,35849.653156
2026-08-17T18:45:00+00:00,403.78,404.03,403.72,403.72,41308.793935
2026-08-17T18:50:00+00:00,403.78,404.17,403.63,404.13,33722.473895
2026-08-17T18:55:00+00:00,404.15,404.34,404.05,404.2106,284780.525283
2026-08-17T19:00:00+00:00,404.2199,404.25,404.12,404.2,84994.807694
2026-08-17T19:05:00+00:00,404.23,404.28,403.79,403.92,70900.56176099999
2026-08-17T19:10:00+00:00,403.89,403.92,403.63,403.91,123564.753087
2026-08-17T19:15:00+00:00,403.97,404.415,403.93,404.41,139985.905615
2026-08-17T19:20:00+00:00,404.41,405.12,404.41,404.99,325331.99797200004
2026-08-17T19:25:00+00:00,404.99,405.17,404.96,405.065,127469.86256499999
2026-08-17T19:30:00+00:00,405.06,405.21,404.83,404.92,324273.503375
2026-08-17T19:35:00+00:00,404.915,405.125,404.87,405.06,116141.272135
2026-08-17T19:40:00+00:00,405.1,405.15,404.98,405.12,47745.586372
2026-08-17T19:45:00+00:00,405.13,405.5,405.01,405.38,128698.187213
2026-08-17T19:50:00+00:00,405.385,405.54,405.3,405.4601,169637.82176700002
2026-08-17T19:55:00+00:00,405.46,405.46,405.08,405.27,126262.72893
2026-08-17T20:00:00+00:00,405.2662,405.53,405.2,405.47,291966.96096
2026-08-17T20:05:00+00:00,405.49,405.53,405.26,405.31,24846.349528
2026-08-17T20:10:00+00:00,405.3824,405.3824,405.14,405.19,6822.0
2026-08-17T20:15:00+00:00,405.26,405.3,405.12,405.21,18989.036253
2026-08-17T20:20:00+00:00,405.22,405.24,405.21,405.21,2455.12475
2026-08-17T20:25:00+00:00,405.26,405.26,405.2,405.2331,2104.0
2026-08-17T20:30:00+00:00,405.14,405.14,404.97,405.03,11931.0
2026-08-17T20:35:00+00:00,405.03,405.05,404.93,404.951,2790.510212
2026-08-17T20:40:00+00:00,404.9218,405.04,404.9218,404.94,882.029462
2026-08-17T20:45:00+00:00,405.0,405.02,405.0,405.02,558.0
2026-08-17T20:50:00+00:00,405.0158,405.1695,404.9394,405.11,2954.494216
2026-08-17T20:55:00+00:00,404.99,405.05,404.98,405.02,1366.3971629999999
2026-08-17T21:00:00+00:00,405.05,405.05,405.05,405.05,142.0
2026-08-17T21:10:00+00:00,405.05,405.0943,405.05,405.0943,154.0
2026-08-17T21:15:00+00:00,405.0942,405.0942,405.07,405.07,224.0
2026-08-17T21:20:00+00:00,405.0942,405.11,405.0942,405.11,416.0
2026-08-17T21:25:00+00:00,405.06,405.202,404.98,405.2,1337.601999
2026-08-17T21:30:00+00:00,405.2268,405.25,405.16,405.16,707.0
2026-08-17T21:35:00+00:00,405.19,405.19,405.19,405.19,551.152408
2026-08-17T21:40:00+00:00,405.25,405.25,405.15,405.15,283.0
2026-08-17T21:45:00+00:00,405.19,405.2254,405.01,405.04,1278.637709
2026-08-17T21:50:00+00:00,405.2172,405.2172,405.2172,405.2172,70.0
2026-08-17T22:00:00+00:00,405.2268,405.25,405.11,405.25,358.015546
2026-08-17T22:05:00+00:00,405.25,405.45,405.25,405.318,1355.0
2026-08-17T22:10:00+00:00,405.0,405.13,405.0,405.13,333.0
2026-08-17T22:15:00+00:00,405.13,405.13,405.13,405.13,101.0
2026-08-17T22:25:00+00:00,405.13,405.13,405.0,405.0,429.225026
2026-08-17T22:30:00+00:00,404.95,404.95,404.73,404.73,1001.0883690000001
2026-08-17T22:35:00+00:00,404.68,404.758,404.67,404.67,408.0
2026-08-17T22:40:00+00:00,404.7799,404.8669,404.75,404.75,842.333
2026-08-17T22:45:00+00:00,404.85,404.98,404.85,404.98,1042.124
2026-08-17T22:50:00+00:00,404.9707,405.0,404.92,405.0,500.48
2026-08-17T22:55:00+00:00,405.04,405.06,404.75,404.75,2390.06137
2026-08-17T23:00:00+00:00,404.711,404.78,404.54,404.7,1086.582
2026-08-17T23:05:00+00:00,404.63,404.85,404.63,404.85,3609.24
2026-08-17T23:10:00+00:00,404.82,404.86,404.8,404.8,802.358
2026-08-17T23:15:00+00:00,404.85,404.89,404.85,404.89,261.0
2026-08-17T23:20:00+00:00,405.0896,405.3,405.07,405.07,889.0
2026-08-17T23:25:00+00:00,405.2379,405.2482,405.2299,405.2482,346.052485
2026-08-17T23:30:00+00:00,405.2,405.55,405.2,405.38,2414.613932
2026-08-17T23:35:00+00:00,405.53,405.59,405.5,405.5369,1566.4985929999998
2026-08-17T23:40:00+00:00,405.4457,405.6078,405.4457,405.6078,207.576
2026-08-17T23:45:00+00:00,405.45,405.66,405.35,405.66,3796.017256
2026-08-17T23:50:00+00:00,405.62,405.6599,405.62,405.6599,666.0
2026-08-17T23:55:00+00:00,405.77,405.77,405.57,405.76,2220.0
2026-08-18T00:00:00+00:00,405.6717,405.91,405.6717,405.91,548.044579
2026-08-18T08:05:00+00:00,403.3,403.91,402.37,403.0114,47405.868249
2026-08-18T08:10:00+00:00,403.01,403.5,402.66,402.7,2499.657509
2026-08-18T08:15:00+00:00,402.6,403.0,402.43,402.89,8131.016809
2026-08-18T08:20:00+00:00,402.78,402.959,402.78,402.82,4651.12
2026-08-18T08:25:00+00:00,402.79,402.8,402.28,402.49,16225.36336
2026-08-18T08:30:00+00:00,402.38,402.56,402.38,402.55,1581.727819
2026-08-18T08:35:00+00:00,402.67,402.94,402.66,402.83,6068.0
2026-08-18T08:40:00+00:00,402.99,403.19,402.98,403.15,6217.0
2026-08-18T08:45:00+00:00,403.33,403.34,403.2713,403.2713,1003.0
2026-08-18T08:50:00+00:00,403.19,403.19,402.9575,402.9575,354.0
2026-08-18T08:55:00+00:00,402.77,402.94,402.77,402.94,747.0
2026-08-18T09:00:00+00:00,402.93,402.94,402.86,402.91,677.0
2026-08-18T09:05:00+00:00,402.88,402.91,402.85,402.9,1446.8110969999998
2026-08-18T09:10:00+00:00,402.73,402.81,402.73,402.81,589.0
2026-08-18T09:15:00+00:00,402.77,402.85,402.77,402.85,372.0
2026-08-18T09:20:00+00:00,402.87,402.87,402.74,402.74,261.047946
2026-08-18T09:25:00+00:00,402.72,402.77,402.48,402.61,2017.0
2026-08-18T09:30:00+00:00,402.52,402.66,402.52,402.56,855.0
2026-08-18T09:35:00+00:00,402.6,402.92,402.6,402.92,2005.01
2026-08-18T09:40:00+00:00,402.97,403.14,402.76,402.76,3236.148861
2026-08-18T09:45:00+00:00,402.57,402.5812,402.57,402.5812,121.0
2026-08-18T09:50:00+00:00,402.44,402.6,402.44,402.6,199.63
2026-08-18T09:55:00+00:00,402.98,403.0,402.9,402.99,934.012804
2026-08-18T10:00:00+00:00,402.94,403.07,402.84,402.98,7290.0
2026-08-18T10:05:00+00:00,403.0,403.1,402.98,403.05,1684.1603149999999
2026-08-18T10:10:00+00:00,403.05,403.05,402.89,402.89,585.0
2026-08-18T10:15:00+00:00,402.94,403.06,402.9,403.06,917.0
2026-08-18T10:25:00+00:00,403.02,403.08,402.82,402.82,1680.0
2026-08-18T10:30:00+00:00,402.61,402.77,402.61,402.74,171.0
2026-08-18T10:35:00+00:00,402.83,403.0,402.83,402.99,1541.148413
2026-08-18T10:40:00+00:00,403.248,403.248,403.248,403.248,306.0
2026-08-18T10:45:00+00:00,403.32,403.32,403.3,403.3,340.0
2026-08-18T10:50:00+00:00,403.45,403.5,403.43,403.43,2563.0
2026-08-18T10:55:00+00:00,403.4,403.4,403.3,403.3,845.0
2026-08-18T11:05:00+00:00,403.35,403.4,403.0,403.0,3805.356637
2026-08-18T11:10:00+00:00,403.0,403.0447,402.9,403.019,7368.019352
2026-08-18T11:15:00+00:00,402.84,402.84,402.82,402.82,545.010476
2026-08-18T11:20:00+00:00,402.86,402.9,402.8508,402.87,1767.0
2026-08-18T11:25:00+00:00,402.9862,402.9862,402.66,402.66,559.022788
2026-08-18T11:30:00+00:00,402.674,402.81,402.6,402.65,936.0
2026-08-18T11:35:00+00:00,402.67,402.67,402.5567,402.5567,730.024842
2026-08-18T11:40:00+00:00,402.65,402.77,402.64,402.76,221.475
2026-08-18T11:45:00+00:00,402.67,402.909,402.65,402.7,2107.0
2026-08-18T11:50:00+00:00,402.7547,403.0,402.7547,402.89,7400.0155460000005
2026-08-18T11:55:00+00:00,402.9,402.9,402.75,402.75,333.24107200000003
2026-08-18T12:00:00+00:00,402.8267,403.2,402.8267,403.18,1906.95705
2026-08-18T12:05:00+00:00,403.1,403.2275,402.81,403.2275,2787.977532
2026-08-18T12:10:00+00:00,403.2994,403.2994,402.7,402.7,1896.068254
2026-08-18T12:15:00+00:00,402.7,402.82,402.7,402.781,441.061736
2026-08-18T12:20:00+00:00,402.85,402.85,402.85,402.85,794.0
2026-08-18T12:25:00+00:00,403.02,403.6,403.02,403.15,7152.0
2026-08-18T12:30:00+00:00,403.16,403.16,402.8153,402.8153,1639.0
2026-08-18T12:35:00+00:00,403.29,403.3,402.95,403.29,1626.05
2026-08-18T12:40:00+00:00,403.27,403.27,402.92,403.0,3259.026
2026-08-18T12:45:00+00:00,402.88,402.88,402.78,402.8,3886.82438
2026-08-18T12:50:00+00:00,402.98,403.18,402.98,403.18,3270.2
2026-08-18T12:55:00+00:00,403.21,403.25,402.94,402.94,1526.252976
2026-08-18T13:00:00+00:00,402.85,403.06,402.75,403.06,4029.148861
2026-08-18T13:05:00+00:00,403.01,403.2497,402.67,403.2497,5595.118738
2026-08-18T13:10:00+00:00,403.2413,403.2475,402.54,402.58,4501.978019
2026-08-18T13:15:00+00:00,402.51,403.1431,402.48,403.14,3469.017925
2026-08-18T13:20:00+00:00,403.1699,403.1699,402.51,402.78,6797.942161999999
2026-08-18T13:25:00+00:00,402.75,402.91,402.47,402.6,8174.318177
2026-08-18T13:30:00+00:00,402.5,402.77,402.45,402.49,20602.220671
2026-08-18T13:35:00+00:00,402.55,403.5,401.3701,403.37,395317.54666
2026-08-18T13:40:00+00:00,403.35,403.9,403.18,403.86,151286.90564100002
2026-08-18T13:45:00+00:00,403.865,404.32,403.56,403.69,142204.72003
2026-08-18T13:50:00+00:00,403.74,403.79,402.84,403.2,100728.148428
2026-08-18T13:55:00+00:00,403.12,403.39,402.64,402.75,75024.766231
2026-08-18T14:00:00+00:00,402.78,403.155,402.67,403.155,78622.077035
2026-08-18T14:05:00+00:00,403.1301,404.2,403.05,403.975,133217.19630399998
2026-08-18T14:10:00+00:00,403.97,404.02,403.38,403.4609,188142.105069
2026-08-18T14:15:00+00:00,403.4,403.5,402.77,402.98,56977.818775
2026-08-18T14:20:00+00:00,402.92,404.0115,402.92,403.71,60821.203557
2026-08-18T14:25:00+00:00,403.72,403.81,403.19,403.37,69583.614314
2026-08-18T14:30:00+00:00,403.38,403.46,402.9,403.07,56427.450074
2026-08-18T14:35:00+00:00,403.05,403.24,402.24,402.6132,147610.238614
2026-08-18T14:40:00+00:00,402.6,402.62,401.88,401.96,403840.082189
2026-08-18T14:45:00+00:00,401.98,402.14,401.48,401.67,306609.496961
2026-08-18T14:50:00+00:00,401.65,402.455,401.52,402.32,199679.407908
2026-08-18T14:55:00+00:00,402.31,402.5239,400.95,401.59,224725.595913
2026-08-18T15:00:00+00:00,401.55,401.96,400.19,400.44,170102.379565
2026-08-18T15:05:00+00:00,400.47,401.3791,400.35,401.28,415110.29217299994
2026-08-18T15:10:00+00:00,401.285,401.46,400.3,400.37,120386.192747
2026-08-18T15:15:00+00:00,400.375,400.59,399.61,399.8,270401.223333
2026-08-18T15:20:00+00:00,399.83,400.3,399.35,399.38,229707.67972999997
2026-08-18T15:25:00+00:00,399.35,399.57,399.07,399.31,365994.321014
2026-08-18T15:30:00+00:00,399.34,399.91,399.2,399.39,209655.149132
2026-08-18T15:35:00+00:00,399.36,400.0,399.33,399.79,377034.050718
2026-08-18T15:40:00+00:00,399.795,400.04,399.5,399.985,177694.230136
2026-08-18T15:45:00+00:00,399.9,400.01,399.54,399.7,96752.08018100001
2026-08-18T15:50:00+00:00,399.72,400.3,399.72,400.23,102976.101399
2026-08-18T15:55:00+00:00,400.23,400.44,399.94,400.27,70351.425505
2026-08-18T16:00:00+00:00,400.28,400.4,400.15,400.29,58893.550274
2026-08-18T16:05:00+00:00,400.3,400.69,400.3,400.58,74934.57533600001
2026-08-18T16:10:00+00:00,400.565,400.9034,400.44,400.9,66031.410879
2026-08-18T16:15:00+00:00,400.9,400.91,400.51,400.55,44583.821173000004
2026-08-18T16:20:00+00:00,400.54,400.6,400.229,400.46,99003.69313500001
2026-08-18T16:25:00+00:00,400.51,400.72,400.44,400.605,63424.694668
2026-08-18T16:30:00+00:00,400.58,400.6897,400.17,400.22,52244.382765
2026-08-18T16:35:00+00:00,400.23,400.46,400.145,400.35,83409.863041
2026-08-18T16:40:00+00:00,400.42,400.5,400.14,400.3451,33173.787878999996
2026-08-18T16:45:00+00:00,400.335,400.62,400.31,400.52,36329.668495
2026-08-18T16:50:00+00:00,400.55,400.56,400.1101,400.155,54459.230935
2026-08-18T16:55:00+00:00,400.16,400.67,400.1,400.6201,62263.060968
2026-08-18T17:00:00+00:00,400.62,400.62,400.13,400.22,58461.564222
2026-08-18T17:05:00+00:00,400.19,400.3451,400.16,400.25,32891.459838
2026-08-18T17:10:00+00:00,400.24,400.41,400.24,400.355,26878.607728000003
2026-08-18T17:15:00+00:00,400.37,400.485,400.265,400.46,103296.31329
2026-08-18T17:20:00+00:00,400.47,400.58,400.13,400.23,96506.93136799999
2026-08-18T17:25:00+00:00,400.2371,400.535,400.223,400.53,44576.503383
2026-08-18T17:30:00+00:00,400.55,400.6,400.21,400.335,35260.729279
2026-08-18T17:35:00+00:00,400.31,400.41,399.96,400.23,87548.205707
2026-08-18T17:40:00+00:00,400.22,400.3194,399.91,400.09,75101.57234500001
2026-08-18T17:45:00+00:00,400.08,400.3,399.74,399.74,53266.336971
2026-08-18T17:50:00+00:00,399.719,399.88,399.555,399.62,36278.890841
2026-08-18T17:55:00+00:00,399.6457,399.81,399.6457,399.71,42721.637944
2026-08-18T18:00:00+00:00,399.71,399.75,399.53,399.62,65118.27286700001
2026-08-18T18:05:00+00:00,399.65,399.65,399.16,399.23,87389.033741
2026-08-18T18:10:00+00:00,399.25,399.465,399.2,399.44,54220.814645
2026-08-18T18:15:00+00:00,399.46,399.71,399.22,399.66,44106.436627
2026-08-18T18:20:00+00:00,399.69,399.83,399.6,399.78,42494.379295
2026-08-18T18:25:00+00:00,399.8,399.8435,399.48,399.58,15789.911896
2026-08-18T18:30:00+00:00,399.5592,399.95,399.53,399.9,15483.195243
2026-08-18T18:35:00+00:00,399.895,399.94,399.7,399.82,180300.060403
2026-08-18T18:40:00+00:00,399.8,399.925,399.715,399.84,50531.610414999996
2026-08-18T18:45:00+00:00,399.8,399.8,399.25,399.32,40617.553753
2026-08-18T18:50:00+00:00,399.33,399.45,399.2,399.2803,31872.469089
2026-08-18T18:55:00+00:00,399.31,399.41,399.31,399.36,18928.390095000002
2026-08-18T19:00:00+00:00,399.3635,399.495,399.325,399.335,38553.391853
2026-08-18T19:05:00+00:00,399.3512,399.71,399.32,399.45,84729.28344099999
2026-08-18T19:10:00+00:00,399.49,399.6,399.4,399.47,19056.605354
2026-08-18T19:15:00+00:00,399.43,399.69,399.39,399.61,26941.480829
2026-08-18T19:20:00+00:00,399.59,399.76,399.32,399.3891,59280.722916
2026-08-18T19:25:00+00:00,399.39,399.55,399.23,399.26,31211.285706000002
2026-08-18T19:30:00+00:00,399.255,399.475,399.2,399.41,122512.44858699999
2026-08-18T19:35:00+00:00,399.38,399.58,399.28,399.335,54629.968723
2026-08-18T19:40:00+00:00,399.35,399.45,399.3,399.4,28289.114581
2026-08-18T19:45:00+00:00,399.42,399.67,398.92,398.92,143287.39666
2026-08-18T19:50:00+00:00,398.92,399.23,398.34,398.52,183749.54762099998
2026-08-18T19:55:00+00:00,398.525,398.62,398.18,398.485,248780.332382
2026-08-18T20:00:00+00:00,398.47,398.62,397.87,398.53,425904.94255100004
2026-08-18T20:05:00+00:00,398.55,399.42,398.37,398.37,13951.032939
2026-08-18T20:10:00+00:00,398.4,398.43,398.24,398.2656,13368.032635
2026-08-18T20:15:00+00:00,398.31,398.34,398.1,398.17,19625.608874999998
2026-08-18T20:20:00+00:00,398.2,398.28,398.07,398.19,7116.450549
2026-08-18T20:25:00+00:00,398.11,398.11,397.5,397.94,7512.118133
2026-08-18T20:30:00+00:00,397.9,397.9,397.76,397.87,2558.635553
2026-08-18T20:35:00+00:00,397.84,397.93,397.82,397.93,1160.0
2026-08-18T20:40:00+00:00,398.02,398.02,397.85,397.8954,2339.38567
2026-08-18T20:45:00+00:00,397.9,397.97,397.33,397.35,2511.6329100000003
2026-08-18T20:50:00+00:00,397.32,397.3737,397.14,397.27,4298.855578
2026-08-18T20:55:00+00:00,397.37,397.41,397.2,397.36,3613.001781
2026-08-18T21:00:00+00:00,397.6,397.6,397.45,397.5,3395.015086
2026-08-18T21:05:00+00:00,397.85,398.43,397.85,398.07,868.0
2026-08-18T21:10:00+00:00,398.43,398.43,398.29,398.29,217.0
2026-08-18T21:15:00+00:00,397.912,398.3878,397.912,398.15,1219.062371
2026-08-18T21:20:00+00:00,398.17,398.42,398.15,398.3585,847.0
2026-08-18T21:25:00+00:00,398.3613,398.4021,398.18,398.37,883.012125
2026-08-18T21:30:00+00:00,398.16,398.16,398.16,398.16,144.0
2026-08-18T21:35:00+00:00,398.27,398.27,398.1,398.1,1221.040913
2026-08-18T21:40:00+00:00,398.27,398.27,398.27,398.27,653.0
2026-08-18T21:45:00+00:00,398.22,398.27,398.2186,398.27,738.99225
2026-08-18T21:50:00+00:00,398.1263,398.16,398.1,398.1,2253.0397869999997
2026-08-18T21:55:00+00:00,398.1511,398.1511,398.1511,398.1511,129.0
2026-08-18T22:00:00+00:00,398.24,398.3228,398.129,398.129,328.0
2026-08-18T22:05:00+00:00,398.12,398.19,398.0,398.1,2460.9218579999997
2026-08-18T22:10:00+00:00,398.0,398.66,398.0,398.12,6404.588737
2026-08-18T22:15:00+00:00,398.15,398.52,398.07,398.07,5854.758594
2026-08-18T22:20:00+00:00,398.07,398.22,398.0,398.0,7018.0501
2026-08-18T22:25:00+00:00,397.9111,398.73,397.5,397.5,12018.337734
2026-08-18T22:30:00+00:00,397.67,397.8,397.51,397.51,1772.0
2026-08-18T22:35:00+00:00,397.67,397.67,397.56,397.6,791.031506
2026-08-18T22:40:00+00:00,397.58,397.7388,397.49,397.5,971.1269930000001
2026-08-18T22:45:00+00:00,397.51,397.51,397.4248,397.4248,126.0
2026-08-18T22:55:00+00:00,397.48,397.48,397.44,397.45,721.4300000000001
2026-08-18T23:00:00+00:00,397.59,397.6,397.43,397.43,1645.0
2026-08-18T23:05:00+00:00,397.4,397.71,397.4,397.71,376.0
2026-08-18T23:10:00+00:00,397.7,397.84,397.7,397.84,338.0
2026-08-18T23:15:00+00:00,397.5528,397.59,397.35,397.35,801.0
2026-08-18T23:20:00+00:00,397.32,397.4,397.29,397.35,2619.0
2026-08-18T23:25:00+00:00,397.31,397.45,397.2,397.2,2635.049843
2026-08-18T23:30:00+00:00,397.35,397.3599,397.15,397.17,1146.0
2026-08-18T23:35:00+00:00,397.14,397.24,396.7638,397.0,2949.421566
2026-08-18T23:40:00+00:00,397.1501,397.1501,396.92,396.92,534.0
2026-08-18T23:45:00+00:00,396.8901,397.11,396.8901,396.97,1705.0
2026-08-18T23:50:00+00:00,397.181,397.21,397.08,397.15,494.011704
2026-08-18T23:55:00+00:00,397.2,397.4,397.12,397.28,2133.0
2026-08-19T00:00:00+00:00,397.15,397.47,397.15,397.47,1294.0
2026-08-19T08:05:00+00:00,399.52,400.05,397.5773,399.41,45664.663002
2026-08-19T08:10:00+00:00,399.58,399.91,399.58,399.77,7028.0
2026-08-19T08:15:00+00:00,400.0,400.1,399.91,399.91,6525.0
2026-08-19T08:20:00+00:00,400.13,400.13,399.87,399.87,2454.419785
2026-08-19T08:25:00+00:00,399.78,399.78,399.67,399.71,1224.882704
2026-08-19T08:30:00+00:00,399.9,399.96,399.72,399.91,2616.43869
2026-08-19T08:35:00+00:00,399.95,399.95,399.58,399.58,2449.151132
2026-08-19T08:40:00+00:00,399.6232,400.02,399.61,399.8,3293.5595200000002
2026-08-19T08:45:00+00:00,399.9,400.15,399.85,400.15,9475.148105
2026-08-19T08:50:00+00:00,400.15,400.15,399.99,399.99,2086.370994
2026-08-19T08:55:00+00:00,400.0,400.0,399.7,399.7,6466.0
2026-08-19T09:00:00+00:00,399.7,399.7,399.58,399.58,2926.590906
2026-08-19T09:05:00+00:00,399.63,399.77,399.63,399.77,456.0
2026-08-19T09:10:00+00:00,399.86,399.87,399.51,399.58,3596.991715
2026-08-19T09:20:00+00:00,399.41,399.41,399.35,399.37,1049.008198
2026-08-19T09:25:00+00:00,399.33,399.62,399.3,399.62,8520.0031
2026-08-19T09:30:00+00:00,399.53,399.53,399.38,399.38,534.0
2026-08-19T09:35:00+00:00,399.58,399.64,399.47,399.53,8236.123146
2026-08-19T09:40:00+00:00,399.56,399.56,399.56,399.56,100.0
2026-08-19T09:45:00+00:00,399.62,399.84,399.62,399.84,1288.0255
2026-08-19T09:50:00+00:00,399.73,399.73,399.73,399.73,100.0
2026-08-19T09:55:00+00:00,399.84,399.84,399.73,399.81,1850.0
2026-08-19T10:00:00+00:00,399.94,400.0,399.94,400.0,299.051
2026-08-19T10:05:00+00:00,400.1,400.1,399.87,399.876,1309.0037
2026-08-19T10:10:00+00:00,399.84,400.03,399.84,400.0,3844.028027
2026-08-19T10:15:00+00:00,399.95,400.25,399.95,400.2,780.332628
2026-08-19T10:20:00+00:00,400.3,400.5865,400.3,400.5865,2030.7280920000003
2026-08-19T10:25:00+00:00,400.5231,400.68,400.5231,400.68,1986.112713
2026-08-19T10:30:00+00:00,400.58,400.58,400.48,400.58,395.040106
2026-08-19T10:35:00+00:00,400.67,400.7,400.5,400.5,388.0
2026-08-19T10:40:00+00:00,400.55,400.59,400.51,400.575,596.0
2026-08-19T10:45:00+00:00,400.59,400.65,400.55,400.6,5112.0
2026-08-19T10:50:00+00:00,400.61,400.7,400.61,400.7,1019.030492
2026-08-19T10:55:00+00:00,400.6,400.6,400.56,400.58,1278.0
2026-08-19T11:00:00+00:00,400.48,400.48,400.48,400.48,131.0
2026-08-19T11:05:00+00:00,400.527,400.89,400.5212,400.88,2323.656414
2026-08-19T11:10:00+00:00,400.89,401.19,400.89,400.89,8318.636848999999
2026-08-19T11:15:00+00:00,400.89,401.2,400.87,401.11,11402.082452
2026-08-19T11:20:00+00:00,401.08,401.1995,400.8,400.8,4937.21346
2026-08-19T11:25:00+00:00,400.93,400.93,400.7,400.87,1969.0
2026-08-19T11:30:00+00:00,400.96,401.1,400.94,401.028,1363.07
2026-08-19T11:35:00+00:00,400.93,400.94,400.7,400.75,2900.62556
2026-08-19T11:40:00+00:00,400.65,400.7,400.65,400.67,1152.893683
2026-08-19T11:45:00+00:00,400.6361,400.6361,400.19,400.2821,6177.0
2026-08-19T11:50:00+00:00,400.24,400.5425,400.24,400.5425,4652.0
2026-08-19T11:55:00+00:00,400.36,400.45,400.24,400.45,2764.0544
2026-08-19T12:00:00+00:00,400.41,400.5,400.36,400.37,450.00342
2026-08-19T12:05:00+00:00,400.28,400.28,400.1731,400.25,762.0
2026-08-19T12:10:00+00:00,400.397,400.61,400.397,400.61,797.3449430000001
2026-08-19T12:15:00+00:00,400.59,400.66,400.59,400.66,414.0
2026-08-19T12:20:00+00:00,400.64,400.71,400.51,400.62,9794.426872
2026-08-19T12:25:00+00:00,400.69,401.11,400.59,400.88,6868.150869
2026-08-19T12:30:00+00:00,400.9,400.9,400.67,400.78,11281.0
2026-08-19T12:35:00+00:00,400.75,402.24,400.75,402.12,111109.55912100001
2026-08-19T12:40:00+00:00,402.09,405.08,402.01,404.99,175991.424922
2026-08-19T12:45:00+00:00,404.76,405.52,404.19,405.16,169894.381439
2026-08-19T12:50:00+00:00,405.24,405.57,404.5,405.1497,139603.87226099998
2026-08-19T12:55:00+00:00,405.06,406.14,404.58,406.14,98455.81634399999
2026-08-19T13:00:00+00:00,406.12,407.42,405.98,407.12,106380.835733
2026-08-19T13:05:00+00:00,407.17,407.3814,406.0,406.0,55525.360474
2026-08-19T13:10:00+00:00,406.1,407.3,405.6,407.29,53367.607986999996
2026-08-19T13:15:00+00:00,407.33,409.132,407.33,408.7199,103067.052688
2026-08-19T13:20:00+00:00,408.73,409.4,408.72,409.05,59511.202544
2026-08-19T13:25:00+00:00,409.0331,409.27,408.56,409.0,50234.881771
2026-08-19T13:30:00+00:00,408.96,409.18,408.64,408.88,37272.024062
2026-08-19T13:35:00+00:00,408.81,409.67,408.5245,409.27,587706.4115190001
2026-08-19T13:40:00+00:00,409.2936,409.2936,407.47,408.7,746490.884105
2026-08-19T13:45:00+00:00,408.715,409.53,408.2,409.17,279879.352607
2026-08-19T13:50:00+00:00,409.16,409.2899,408.17,408.2,333643.92285699997
2026-08-19T13:55:00+00:00,408.2101,408.775,407.7,408.49,390629.75872399996
2026-08-19T14:00:00+00:00,408.55,409.39,408.33,409.03,178939.647403
2026-08-19T14:05:00+00:00,409.03,409.29,408.66,409.14,193321.301316
2026-08-19T14:10:00+00:00,409.145,410.23,409.13,410.2,533025.845078
2026-08-19T14:15:00+00:00,410.19,410.555,409.95,410.3884,498512.60147
2026-08-19T14:20:00+00:00,410.39,410.8,410.16,410.16,392678.480514
2026-08-19T14:25:00+00:00,410.19,410.97,410.0442,410.83,332766.50544100004
2026-08-19T14:30:00+00:00,410.79,411.665,410.7,411.48,569217.372006
2026-08-19T14:35:00+00:00,411.485,411.96,411.3106,411.62,236415.527317
2026-08-19T14:40:00+00:00,411.67,412.0,411.55,411.79,209294.547403
2026-08-19T14:45:00+00:00,411.79,412.63,411.63,411.85,258002.46217200003
2026-08-19T14:50:00+00:00,411.82,411.8225,410.73,410.83,229041.01047100002
2026-08-19T14:55:00+00:00,410.835,411.53,410.75,411.45,93844.62560500001
2026-08-19T15:00:00+00:00,411.48,411.81,411.42,411.695,131152.313738
2026-08-19T15:05:00+00:00,411.73,411.73,411.0301,411.39,132744.20100200002
2026-08-19T15:10:00+00:00,411.41,411.61,411.12,411.12,113560.092427
2026-08-19T15:15:00+00:00,411.12,411.63,410.9,411.45,110183.317655
2026-08-19T15:20:00+00:00,411.44,411.6,411.3,411.52,73450.201368
2026-08-19T15:25:00+00:00,411.48,411.66,411.03,411.03,88938.741535
2026-08-19T15:30:00+00:00,411.0,411.34,410.79,411.27,82117.807099
2026-08-19T15:35:00+00:00,411.26,411.5,411.0,411.355,76726.80136199998
2026-08-19T15:40:00+00:00,411.38,411.6899,411.36,411.59,72276.897306
2026-08-19T15:45:00+00:00,411.57,412.04,411.3675,411.88,128520.658972
2026-08-19T15:50:00+00:00,411.87,412.24,411.82,411.9,138389.563037
2026-08-19T15:55:00+00:00,411.9,412.12,411.72,411.96,96461.84153700001
2026-08-19T16:00:00+00:00,411.9548,412.19,411.92,412.185,53944.12709
2026-08-19T16:05:00+00:00,412.2,412.53,412.13,412.17,102401.584443
2026-08-19T16:10:00+00:00,412.1699,412.51,411.97,412.46,166421.173224
2026-08-19T16:15:00+00:00,412.4501,412.67,412.43,412.56,449750.00409999996
2026-08-19T16:20:00+00:00,412.56,412.7,412.3201,412.3205,177637.227685
2026-08-19T16:25:00+00:00,412.33,412.47,412.17,412.3,123969.15995500001
2026-08-19T16:30:00+00:00,412.31,412.36,411.91,411.96,76729.69489500001
2026-08-19T16:35:00+00:00,411.945,412.37,411.92,412.355,65864.95179600001
2026-08-19T16:40:00+00:00,412.37,412.429,412.075,412.35,102055.48265399999
2026-08-19T16:45:00+00:00,412.36,412.45,412.22,412.332,228923.677183
2026-08-19T16:50:00+00:00,412.35,412.5,412.2,412.29,163080.17597
2026-08-19T16:55:00+00:00,412.29,412.56,412.24,412.2868,95853.16767299999
2026-08-19T17:00:00+00:00,412.28,412.36,412.175,412.175,211556.22368300002
2026-08-19T17:05:00+00:00,412.19,412.671,412.17,412.47,113515.01960699998
2026-08-19T17:10:00+00:00,412.48,412.53,411.97,412.17,208161.75817
2026-08-19T17:15:00+00:00,412.15,412.215,411.75,412.09,180489.59498999998
2026-08-19T17:20:00+00:00,412.12,412.12,411.59,411.79,98220.69682400001
2026-08-19T17:25:00+00:00,411.84,411.93,411.63,411.8195,148128.671362
2026-08-19T17:30:00+00:00,411.79,411.8002,411.49,411.67,124765.041688
2026-08-19T17:35:00+00:00,411.7,411.764,411.33,411.67,268924.111013
2026-08-19T17:40:00+00:00,411.7,411.89,411.585,411.74,179513.183045
2026-08-19T17:45:00+00:00,411.74,412.03,411.6,411.73,65941.443084
2026-08-19T17:50:00+00:00,411.71,411.8,411.65,411.71,28731.579525000005
2026-08-19T17:55:00+00:00,411.7,411.76,411.45,411.52,72707.624385
2026-08-19T18:00:00+00:00,411.52,411.55,411.31,411.55,64740.429693
2026-08-19T18:05:00+00:00,411.57,412.3863,411.41,412.3589,201069.704654
2026-08-19T18:10:00+00:00,412.4,412.4096,411.5,411.73,291262.122867
2026-08-19T18:15:00+00:00,411.73,411.85,411.5,411.6,51610.876552
2026-08-19T18:20:00+00:00,411.6301,411.6301,411.134,411.37,59073.533504
2026-08-19T18:25:00+00:00,411.39,411.39,411.01,411.045,55334.311063999994
2026-08-19T18:30:00+00:00,411.05,411.09,410.23,410.49,209812.697225
2026-08-19T18:35:00+00:00,410.5,411.06,410.16,411.0,273633.52598
2026-08-19T18:40:00+00:00,411.02,411.36,410.83,411.31,129208.084203
2026-08-19T18:45:00+00:00,411.32,411.99,411.27,411.88,152527.733562
2026-08-19T18:50:00+00:00,411.88,412.015,411.79,411.99,51694.173001999996
2026-08-19T18:55:00+00:00,411.995,412.47,411.8925,412.22,118375.81767700001
2026-08-19T19:00:00+00:00,412.26,412.41,412.23,412.33,60911.120298
2026-08-19T19:05:00+00:00,412.34,412.625,412.26,412.5,204862.50148099998
2026-08-19T19:10:00+00:00,412.51,413.28,412.3416,413.23,198648.56607499998
2026-08-19T19:15:00+00:00,413.23,413.3,412.96,413.065,109057.620219
2026-08-19T19:20:00+00:00,413.055,413.36,413.05,413.19,108729.908693
2026-08-19T19:25:00+00:00,413.16,413.27,413.015,413.27,61302.619420999996
2026-08-19T19:30:00+00:00,413.25,413.47,413.08,413.425,94956.15731499999
2026-08-19T19:35:00+00:00,413.4499,413.76,413.32,413.64,132833.78255099998
2026-08-19T19:40:00+00:00,413.64,413.695,413.11,413.305,115310.39649099999
2026-08-19T19:45:00+00:00,413.3001,413.49,412.96,413.44,186966.167147
2026-08-19T19:50:00+00:00,413.42,413.83,413.28,413.81,289763.902839
2026-08-19T19:55:00+00:00,413.79,413.89,413.54,413.84,350203.57990599994
2026-08-19T20:00:00+00:00,413.82,414.0,413.55,413.88,572933.00223
2026-08-19T20:05:00+00:00,413.84,415.46,413.61,413.71,54357.212761999996
2026-08-19T20:10:00+00:00,413.72,413.77,413.5,413.7077,13476.057985
2026-08-19T20:15:00+00:00,413.75,413.87,413.24,413.39,62022.408886000005
2026-08-19T20:20:00+00:00,413.4,413.803,413.39,413.803,14070.698177999999
2026-08-19T20:25:00+00:00,413.78,414.51,413.75,414.42,20144.37046
2026-08-19T20:30:00+00:00,414.43,414.85,414.41,414.49,24223.125504
2026-08-19T20:35:00+00:00,414.48,414.97,414.47,414.73,9856.080027
2026-08-19T20:40:00+00:00,414.68,414.79,414.53,414.54,14179.469424
2026-08-19T20:45:00+00:00,414.58,414.6,414.49,414.49,1276.070428
2026-08-19T20:50:00+00:00,414.64,414.8118,414.61,414.61,2284.342849
2026-08-19T20:55:00+00:00,414.74,414.99,414.7289,414.8832,4039.779127
2026-08-19T21:00:00+00:00,414.88,414.98,414.79,414.79,6773.152954
2026-08-19T21:05:00+00:00,414.65,414.9,414.0,414.56,7658.889807
2026-08-19T21:10:00+00:00,414.7,415.43,414.64,415.14,13877.133533
2026-08-19T21:15:00+00:00,415.06,415.2268,414.81,415.1266,4184.802836
2026-08-19T21:20:00+00:00,415.0,415.3,414.78,415.3,9638.0
2026-08-19T21:25:00+00:00,415.3703,415.99,415.3,415.57,10010.658888
2026-08-19T21:30:00+00:00,415.54,415.8433,415.23,415.57,10782.029126
2026-08-19T21:35:00+00:00,415.51,415.65,415.4,415.55,2460.266495
2026-08-19T21:40:00+00:00,415.61,416.1481,415.61,416.01,7783.065033
2026-08-19T21:45:00+00:00,416.1,416.1,416.0,416.07,2562.0
2026-08-19T21:50:00+00:00,416.0141,416.17,416.01,416.1,3470.2159110000002
2026-08-19T21:55:00+00:00,416.13,416.17,416.01,416.1,2873.004805
2026-08-19T22:00:00+00:00,416.12,416.21,415.0,415.0,11485.180324
2026-08-19T22:05:00+00:00,415.05,415.4,414.36,414.68,6816.004
2026-08-19T22:10:00+00:00,414.68,414.83,414.53,414.53,3448.0
2026-08-19T22:15:00+00:00,414.59,414.79,414.441,414.79,9801.147861
2026-08-19T22:20:00+00:00,414.6,414.6,414.43,414.468,2096.0
2026-08-19T22:25:00+00:00,414.5,414.59,414.38,414.59,907.0
2026-08-19T22:30:00+00:00,414.6,414.69,414.36,414.55,2782.683857
2026-08-19T22:35:00+00:00,414.55,414.57,414.23,414.23,2907.0
2026-08-19T22:40:00+00:00,414.3398,414.46,414.3398,414.37,1712.0037630000002
2026-08-19T22:45:00+00:00,414.34,414.49,414.29,414.47,1427.120311
2026-08-19T22:50:00+00:00,414.36,414.58,414.35,414.53,2032.0
2026-08-19T22:55:00+00:00,414.61,414.62,414.48,414.5,5854.0
2026-08-19T23:00:00+00:00,414.5,414.59,414.24,414.25,10239.487963
2026-08-19T23:05:00+00:00,414.56,414.66,414.47,414.51,1756.0
2026-08-19T23:10:00+00:00,414.72,414.88,414.63,414.71,3258.048214
2026-08-19T23:15:00+00:00,414.47,414.63,414.47,414.4877,1210.071921
2026-08-19T23:20:00+00:00,414.4,414.59,414.3,414.59,994.0
2026-08-19T23:25:00+00:00,414.49,414.55,414.2,414.38,1553.148999
2026-08-19T23:30:00+00:00,414.34,414.4335,414.08,414.2999,587.141923
2026-08-19T23:35:00+00:00,414.3,414.33,414.0,414.0,972.038853
2026-08-19T23:40:00+00:00,414.1,414.19,414.0,414.0,1825.0
2026-08-19T23:45:00+00:00,413.96,414.05,413.93,414.007,2964.0
2026-08-19T23:50:00+00:00,414.0166,414.16,414.0,414.01,2322.22185
2026-08-19T23:55:00+00:00,413.9687,414.0789,413.82,414.01,3715.187343
2026-08-20T00:00:00+00:00,413.7307,414.0,413.6619,413.789,2249.0
2026-08-20T08:05:00+00:00,411.89,412.5,410.58,411.96,65123.534046
2026-08-20T08:10:00+00:00,411.6,412.07,411.55,412.06,5992.0056540000005
2026-08-20T08:15:00+00:00,412.1,412.18,411.87,411.93,1856.002427
2026-08-20T08:20:00+00:00,412.22,412.51,412.21,412.29,3873.937145
2026-08-20T08:25:00+00:00,412.22,412.4,412.22,412.25,2374.021
2026-08-20T08:30:00+00:00,412.22,412.22,411.77,411.77,2857.3641939999998
2026-08-20T08:35:00+00:00,411.75,412.07,411.45,412.07,5134.40383
2026-08-20T08:40:00+00:00,412.16,412.26,412.15,412.17,1813.011985
2026-08-20T08:45:00+00:00,411.99,411.99,411.78,411.78,3177.0
2026-08-20T08:50:00+00:00,411.8,411.84,411.62,411.62,2930.0
2026-08-20T08:55:00+00:00,411.58,411.94,411.55,411.94,1292.06
2026-08-20T09:00:00+00:00,411.91,411.92,411.53,411.66,2778.075327
2026-08-20T09:05:00+00:00,411.62,411.85,411.62,411.76,4395.732375
2026-08-20T09:10:00+00:00,411.86,412.07,411.65,411.9,3118.0
2026-08-20T09:15:00+00:00,412.05,412.05,411.82,411.9899,2943.021927
2026-08-20T09:20:00+00:00,411.95,412.1,411.77,411.77,1369.3175230000002
2026-08-20T09:25:00+00:00,411.65,411.95,411.65,411.86,1428.854958
2026-08-20T09:30:00+00:00,411.77,411.77,411.66,411.72,616.9185560000001
2026-08-20T09:35:00+00:00,411.56,411.68,411.5,411.5,3135.02
2026-08-20T09:40:00+00:00,411.46,411.63,411.21,411.37,3924.923991
2026-08-20T09:45:00+00:00,411.47,411.78,411.4,411.64,2343.0
2026-08-20T09:50:00+00:00,411.61,411.69,411.27,411.33,8957.006364
2026-08-20T09:55:00+00:00,411.39,411.39,410.99,411.19,7864.045374
2026-08-20T10:00:00+00:00,411.13,411.28,411.0001,411.28,3571.721477
2026-08-20T10:05:00+00:00,410.9,411.47,410.9,411.45,5552.072822
2026-08-20T10:10:00+00:00,411.34,411.76,411.34,411.76,3940.0
2026-08-20T10:15:00+00:00,411.6847,411.85,411.65,411.73,1829.0
2026-08-20T10:20:00+00:00,411.76,411.86,411.76,411.8,3098.80084
2026-08-20T10:25:00+00:00,411.7568,411.7568,411.38,411.5443,2838.669626
2026-08-20T10:30:00+00:00,411.77,412.1,411.77,412.1,1895.041456
2026-08-20T10:35:00+00:00,412.09,412.17,411.99,411.99,2902.01
2026-08-20T10:40:00+00:00,411.99,412.08,411.81,411.81,1699.0
2026-08-20T10:45:00+00:00,411.72,411.83,411.69,411.69,1797.05
2026-08-20T10:50:00+00:00,411.6,411.75,411.6,411.75,815.0
2026-08-20T10:55:00+00:00,411.76,411.77,411.51,411.6,3457.13
2026-08-20T11:00:00+00:00,411.71,411.78,411.71,411.78,500.0
2026-08-20T11:05:00+00:00,411.79,411.82,411.5,411.6566,10081.534425
2026-08-20T11:10:00+00:00,411.55,411.55,411.34,411.44,2477.0
2026-08-20T11:15:00+00:00,411.45,411.53,411.0575,411.11,3581.37
2026-08-20T11:20:00+00:00,411.22,411.35,410.94,410.97,4058.049
2026-08-20T11:25:00+00:00,411.0,411.362,410.96,411.362,18985.03984
2026-08-20T11:30:00+00:00,411.42,411.67,411.25,411.25,2700.859621
2026-08-20T11:35:00+00:00,411.25,411.26,411.0,411.14,17199.09
2026-08-20T11:40:00+00:00,411.3907,411.4114,410.82,410.9,3473.1803520000003
2026-08-20T11:45:00+00:00,410.94,410.9401,410.35,410.35,8107.483972
2026-08-20T11:50:00+00:00,410.29,410.31,409.55,409.9,26838.971202
2026-08-20T11:55:00+00:00,410.0,410.0,409.61,409.67,10537.458846
2026-08-20T12:00:00+00:00,409.75,409.99,409.51,409.55,13213.00244
2026-08-20T12:05:00+00:00,409.54,409.55,408.7031,408.78,28411.645145000002
2026-08-20T12:10:00+00:00,408.71,408.88,408.1257,408.7235,58774.681949
2026-08-20T12:15:00+00:00,408.71,409.56,408.71,409.3,39487.210165
2026-08-20T12:20:00+00:00,409.4791,409.67,409.25,409.67,23136.808438
2026-08-20T12:25:00+00:00,409.71,409.71,409.25,409.45,29607.077892
2026-08-20T12:30:00+00:00,409.4,409.4,408.75,409.0,17285.0
2026-08-20T12:35:00+00:00,408.89,409.0,408.2,408.2,23997.130172
2026-08-20T12:40:00+00:00,408.36,409.18,408.26,409.17,28156.65905
2026-08-20T12:45:00+00:00,409.21,409.6,408.99,409.6,12205.298572
2026-08-20T12:50:00+00:00,409.6,410.03,409.52,409.99,10969.00244
2026-08-20T12:55:00+00:00,410.04,410.3986,409.94,410.1276,11167.182502
2026-08-20T13:00:00+00:00,410.12,410.59,410.11,410.4,13047.947948
2026-08-20T13:05:00+00:00,410.4,411.2,410.28,410.64,20206.010000000002
2026-08-20T13:10:00+00:00,410.75,410.8996,410.23,410.3,47369.0
2026-08-20T13:15:00+00:00,410.31,410.41,410.1,410.1886,17801.081645000002
2026-08-20T13:20:00+00:00,410.16,410.4518,410.05,410.37,5507.890416
2026-08-20T13:25:00+00:00,410.31,410.48,410.08,410.3,9478.157533999998
2026-08-20T13:30:00+00:00,410.27,410.27,409.9025,410.04,15155.952471
2026-08-20T13:35:00+00:00,410.08,410.55,409.82,410.43,277431.932807
2026-08-20T13:40:00+00:00,410.45,411.455,410.32,411.17,368063.479236
2026-08-20T13:45:00+00:00,411.2,411.56,410.62,411.46,180602.18618000002
2026-08-20T13:50:00+00:00,411.47,411.7,410.85,411.03,146396.420077
2026-08-20T13:55:00+00:00,411.03,411.403,410.89,411.335,91750.950594
2026-08-20T14:00:00+00:00,411.34,411.41,410.69,410.93,317681.284485
2026-08-20T14:05:00+00:00,410.94,411.8,410.935,411.13,122572.37264899998
2026-08-20T14:10:00+00:00,411.11,411.43,410.35,411.27,569322.095016
2026-08-20T14:15:00+00:00,411.25,411.635,411.1,411.22,182210.630194
2026-08-20T14:20:00+00:00,411.235,411.64,410.96,410.98,216052.73426
2026-08-20T14:25:00+00:00,410.98,412.06,410.94,411.78,222494.75854100002
2026-08-20T14:30:00+00:00,411.74,411.97,411.37,411.85,176984.173286
2026-08-20T14:35:00+00:00,411.835,412.385,411.835,412.1,131823.16992400002
2026-08-20T14:40:00+00:00,412.14,412.72,412.02,412.27,154040.99490000002
2026-08-20T14:45:00+00:00,412.28,412.75,412.06,412.58,125464.63318199999
2026-08-20T14:50:00+00:00,412.58,413.45,412.51,413.3932,150786.59488599998
2026-08-20T14:55:00+00:00,413.37,413.61,413.06,413.6,275321.321614
2026-08-20T15:00:00+00:00,413.56,414.16,413.51,414.11,165005.51661400002
2026-08-20T15:05:00+00:00,414.14,416.05,414.05,415.96,673077.883674
2026-08-20T15:10:00+00:00,415.91,416.04,414.64,414.93,1158093.8296609998
2026-08-20T15:15:00+00:00,414.89,416.28,414.6,415.92,350497.195157
2026-08-20T15:20:00+00:00,415.92,416.45,415.44,416.31,456827.666539
2026-08-20T15:25:00+00:00,416.3,416.45,414.795,415.124,425991.038513
2026-08-20T15:30:00+00:00,415.1,415.8,414.98,415.64,222771.27178500002
2026-08-20T15:35:00+00:00,415.68,415.79,414.71,414.82,229177.674719
2026-08-20T15:40:00+00:00,414.82,415.08,414.23,414.37,238625.38384900003
2026-08-20T15:45:00+00:00,414.39,414.48,413.42,413.74,210796.113695
2026-08-20T15:50:00+00:00,413.74,414.65,413.68,414.57,233455.22165400002
2026-08-20T15:55:00+00:00,414.55,414.69,414.14,414.43,168393.21919899998
2026-08-20T16:00:00+00:00,414.46,414.91,414.27,414.67,201483.41612699997
2026-08-20T16:05:00+00:00,414.7,414.98,414.455,414.51,67668.686262
2026-08-20T16:10:00+00:00,414.5,414.715,414.425,414.51,48933.96922300001
2026-08-20T16:15:00+00:00,414.53,414.56,413.61,413.69,121684.87004499999
2026-08-20T16:20:00+00:00,413.68,413.83,413.41,413.76,165312.585982
2026-08-20T16:25:00+00:00,413.77,413.82,413.49,413.74,88156.136365
2026-08-20T16:30:00+00:00,413.715,413.715,413.13,413.4728,92810.739728
2026-08-20T16:35:00+00:00,413.49,413.54,412.87,413.49,113121.373031
2026-08-20T16:40:00+00:00,413.5,413.83,413.34,413.35,68186.084128
2026-08-20T16:45:00+00:00,413.335,413.59,413.33,413.48,97590.212424
2026-08-20T16:50:00+00:00,413.47,413.78,413.32,413.75,89608.38736899999
2026-08-20T16:55:00+00:00,413.75,413.89,413.42,413.5,191443.29185
2026-08-20T17:00:00+00:00,413.495,413.6309,413.34,413.53,68337.193168
2026-08-20T17:05:00+00:00,413.55,413.935,413.54,413.71,24886.019915999997
2026-08-20T17:10:00+00:00,413.725,413.73,413.37,413.54,28742.571619000002
2026-08-20T17:15:00+00:00,413.55,413.6269,413.365,413.51,30115.036912
2026-08-20T17:20:00+00:00,413.48,413.6778,413.38,413.43,26652.030355
2026-08-20T17:25:00+00:00,413.46,413.94,413.42,413.67,90004.18995199999
2026-08-20T17:30:00+00:00,413.66,414.135,413.47,413.835,89363.91471999999
2026-08-20T17:35:00+00:00,413.85,414.33,413.635,414.31,47008.88147
2026-08-20T17:40:00+00:00,414.3,414.355,414.12,414.19,316975.540503
2026-08-20T17:45:00+00:00,414.17,414.36,414.16,414.3251,47737.721221
2026-08-20T17:50:00+00:00,414.32,414.5299,414.2474,414.43,80494.127259
2026-08-20T17:55:00+00:00,414.43,414.5099,414.25,414.36,88375.162965
2026-08-20T18:00:00+00:00,414.37,414.54,414.3229,414.43,41208.088951
2026-08-20T18:05:00+00:00,414.484,414.705,414.335,414.65,33245.614516
2026-08-20T18:10:00+00:00,414.675,414.705,414.01,414.155,60715.384813000004
2026-08-20T18:15:00+00:00,414.1,414.1097,413.5,413.63,80811.212914
2026-08-20T18:20:00+00:00,413.63,414.18,413.4,414.1348,172591.16147300001
2026-08-20T18:25:00+00:00,414.11,414.3,414.04,414.17,51817.497816999996
2026-08-20T18:30:00+00:00,414.19,414.5064,414.19,414.424,31800.306267
2026-08-20T18:35:00+00:00,414.385,414.62,414.37,414.44,39965.073935
2026-08-20T18:40:00+00:00,414.4,414.825,414.39,414.63,62092.735176
2026-08-20T18:45:00+00:00,414.625,414.69,414.48,414.53,81178.08221600001
2026-08-20T18:50:00+00:00,414.535,414.64,414.33,414.64,68842.200391
2026-08-20T18:55:00+00:00,414.64,414.99,414.61,414.91,87464.91751799999
2026-08-20T19:00:00+00:00,414.94,414.97,414.63,414.6801,66660.023894
2026-08-20T19:05:00+00:00,414.685,414.72,414.32,414.6575,52995.758204000005
2026-08-20T19:10:00+00:00,414.65,415.0573,414.63,415.035,75584.787408
2026-08-20T19:15:00+00:00,415.055,415.26,414.9,415.2086,50813.439105000005
2026-08-20T19:20:00+00:00,415.205,415.37,415.02,415.04,77756.025913
2026-08-20T19:25:00+00:00,415.04,415.26,414.87,415.14,80497.810696
2026-08-20T19:30:00+00:00,415.13,415.2,414.7374,414.76,88178.587631
2026-08-20T19:35:00+00:00,414.73,414.9194,414.675,414.87,74423.26506
2026-08-20T19:40:00+00:00,414.8501,415.37,414.77,415.345,80940.24271600001
2026-08-20T19:45:00+00:00,415.325,415.34,415.045,415.045,184422.269734
2026-08-20T19:50:00+00:00,415.04,415.42,414.9258,415.3,153571.48374499998
2026-08-20T19:55:00+00:00,415.27,415.59,415.2268,415.48,169806.095977
2026-08-20T20:00:00+00:00,415.485,415.53,415.09,415.26,392399.159485
2026-08-20T20:05:00+00:00,415.26,415.32,415.1,415.21,36678.953607
2026-08-20T20:10:00+00:00,415.1,415.1,414.72,414.8415,1757.0549190000002
2026-08-20T20:15:00+00:00,414.88,414.9285,414.74,414.74,8206.045345999999
2026-08-20T20:20:00+00:00,414.71,414.72,414.55,414.6,4717.244139
2026-08-20T20:25:00+00:00,414.62,414.65,414.6,414.61,7571.024991
2026-08-20T20:30:00+00:00,414.61,414.64,414.53,414.6093,29087.0
2026-08-20T20:35:00+00:00,414.55,414.586,414.24,414.3453,13081.0
2026-08-20T20:40:00+00:00,414.31,414.345,414.3,414.3,3511.132624
2026-08-20T20:45:00+00:00,414.35,414.39,414.3,414.35,10280.016162
2026-08-20T20:50:00+00:00,414.37,414.5,414.33,414.5,15149.165587
2026-08-20T20:55:00+00:00,414.4,414.71,414.35,414.4883,4915.0
2026-08-20T21:00:00+00:00,414.4,414.55,414.4,414.5,3773.0
2026-08-20T21:05:00+00:00,414.5,414.59,414.5,414.59,6079.1206139999995
2026-08-20T21:10:00+00:00,414.34,414.65,414.34,414.55,2685.0
2026-08-20T21:15:00+00:00,414.75,414.8,414.69,414.8,619.054928
2026-08-20T21:20:00+00:00,414.72,414.8,414.56,414.66,4846.24108
2026-08-20T21:25:00+00:00,414.66,414.7801,414.5276,414.5276,722.830921
2026-08-20T21:30:00+00:00,414.57,414.58,414.57,414.58,552.150686
2026-08-20T21:35:00+00:00,414.7363,414.7363,414.59,414.59,360.457566
2026-08-20T21:40:00+00:00,414.61,414.7318,414.6,414.7318,269.0
2026-08-20T21:45:00+00:00,414.6,414.7675,414.6,414.7675,189.261351
2026-08-20T21:50:00+00:00,414.59,414.6366,414.58,414.58,868.22694
2026-08-20T21:55:00+00:00,414.58,414.58,414.5,414.5,402.799082
2026-08-20T22:00:00+00:00,414.59,414.59,414.34,414.5773,1833.0
2026-08-20T22:05:00+00:00,414.49,414.5,414.24,414.466,2542.094355
2026-08-20T22:10:00+00:00,414.49,414.6334,414.49,414.5,1271.00369
2026-08-20T22:15:00+00:00,414.25,414.31,414.25,414.27,498.0
2026-08-20T22:20:00+00:00,414.51,414.52,414.4,414.52,1313.0
2026-08-20T22:25:00+00:00,414.6,414.61,414.4,414.4752,1887.0
2026-08-20T22:30:00+00:00,414.4988,414.5477,414.3534,414.5477,470.0
2026-08-20T22:35:00+00:00,414.54,414.55,414.5236,414.55,886.188986
2026-08-20T22:40:00+00:00,414.55,414.8,414.55,414.8,1239.0
2026-08-20T22:45:00+00:00,414.7,414.7,414.7,414.7,1010.0
2026-08-20T22:50:00+00:00,414.8,414.8,414.5,414.5,265.298622
2026-08-20T22:55:00+00:00,414.82,414.82,414.82,414.82,138.0
2026-08-20T23:00:00+00:00,414.82,414.84,414.67,414.7226,822.606769
2026-08-20T23:05:00+00:00,414.92,415.4,414.859,415.31,10031.0
2026-08-20T23:10:00+00:00,415.48,415.48,414.96,415.1251,4503.800396000001
2026-08-20T23:15:00+00:00,415.24,415.59,415.24,415.59,2230.0
2026-08-20T23:20:00+00:00,415.53,415.53,415.35,415.35,4796.0
2026-08-20T23:25:00+00:00,415.4971,415.5158,415.34,415.3937,2713.0
2026-08-20T23:30:00+00:00,415.3846,415.4,414.8416,414.8416,1317.002407
2026-08-20T23:35:00+00:00,415.22,415.22,414.7,414.79,257.072722
2026-08-20T23:40:00+00:00,414.68,414.79,414.48,414.79,1240.0
2026-08-20T23:50:00+00:00,414.946,415.03,414.8,415.03,1102.0
2026-08-20T23:55:00+00:00,415.17,415.17,414.9,414.95,1824.0453320000001
2026-08-21T00:00:00+00:00,415.04,415.2,415.04,415.2,676.0
2026-08-21T08:05:00+00:00,418.75,418.99,415.5,418.47,153932.513096
2026-08-21T08:10:00+00:00,418.34,418.47,415.79,418.47,4574.966662
2026-08-21T08:15:00+00:00,418.47,418.94,418.46,418.72,10103.0
2026-08-21T08:20:00+00:00,418.72,419.37,418.6,419.37,17917.917312
2026-08-21T08:25:00+00:00,419.4,419.98,419.33,419.98,26149.324657999998
2026-08-21T08:30:00+00:00,419.88,420.28,419.88,420.0,12327.816724
2026-08-21T08:35:00+00:00,420.05,420.19,419.8464,420.15,4320.3809519999995
2026-08-21T08:40:00+00:00,420.28,420.33,419.9028,419.96,10341.849315
2026-08-21T08:45:00+00:00,420.02,420.37,420.02,420.31,3258.263289
2026-08-21T08:50:00+00:00,420.27,420.45,420.07,420.23,23897.125471
2026-08-21T08:55:00+00:00,420.24,420.34,420.16,420.21,5744.036491
2026-08-21T09:00:00+00:00,420.21,420.53,420.16,420.49,4032.961225
2026-08-21T09:05:00+00:00,420.46,420.63,420.29,420.63,9191.09156
2026-08-21T09:10:00+00:00,420.57,421.53,420.5,421.42,21829.239505999998
2026-08-21T09:15:00+00:00,421.5,422.0,421.5,421.87,15286.038272999998
2026-08-21T09:20:00+00:00,421.8,422.0,421.25,421.27,9183.194104
2026-08-21T09:25:00+00:00,421.21,421.22,420.53,420.65,8873.02698
2026-08-21T09:30:00+00:00,420.65,420.81,420.18,420.28,9500.875714
2026-08-21T09:35:00+00:00,420.29,420.52,420.23,420.29,10825.7628
2026-08-21T09:40:00+00:00,420.28,420.56,420.16,420.49,3412.842706
2026-08-21T09:45:00+00:00,420.52,420.65,420.36,420.36,3204.742592
2026-08-21T09:50:00+00:00,420.34,420.37,420.1632,420.2,3379.568624
2026-08-21T09:55:00+00:00,420.24,420.3,420.1011,420.27,3889.5033670000003
2026-08-21T10:00:00+00:00,420.6,420.6,420.2,420.28,2666.0143829999997
2026-08-21T10:05:00+00:00,420.36,420.64,420.33,420.63,3435.4629410000002
2026-08-21T10:10:00+00:00,420.5,420.5,420.21,420.23,4002.707646
2026-08-21T10:15:00+00:00,420.2,420.2,419.82,420.0,7238.038192
2026-08-21T10:20:00+00:00,420.05,420.6,420.0,420.45,4145.92761
2026-08-21T10:25:00+00:00,420.51,420.67,420.5,420.67,612.4915080000001
2026-08-21T10:30:00+00:00,420.58,420.7053,420.58,420.68,1886.136356
2026-08-21T10:35:00+00:00,420.91,421.0,420.69,421.0,12276.024186999999
2026-08-21T10:40:00+00:00,421.07,421.36,421.0,421.3,5821.649207
2026-08-21T10:45:00+00:00,421.38,421.38,421.0957,421.29,5280.25499
2026-08-21T10:50:00+00:00,421.24,421.26,421.02,421.06,2370.848942
2026-08-21T10:55:00+00:00,421.1,421.21,420.82,421.1,6808.3212699999995
2026-08-21T11:00:00+00:00,421.0,421.0,420.72,420.85,8706.232802999999
2026-08-21T11:05:00+00:00,420.76,421.37,420.7,421.26,16655.00924
2026-08-21T11:10:00+00:00,421.336,421.44,421.13,421.13,5142.005222
2026-08-21T11:15:00+00:00,421.23,421.2623,420.8539,420.99,9604.579197
2026-08-21T11:20:00+00:00,421.0112,421.72,421.0112,421.56,4708.765417999999
2026-08-21T11:25:00+00:00,421.7,422.0,421.56,421.696,15990.963246000001
2026-08-21T11:30:00+00:00,421.63,421.89,421.5282,421.79,5694.992935
2026-08-21T11:35:00+00:00,421.77,421.77,421.15,421.45,18367.024483
2026-08-21T11:40:00+00:00,421.5,422.36,421.49,421.6011,18723.895144000002
2026-08-21T11:45:00+00:00,421.6,421.72,421.35,421.68,6908.002372
2026-08-21T11:50:00+00:00,421.7053,421.8885,421.6245,421.83,8048.011432
2026-08-21T11:55:00+00:00,421.85,421.9096,421.58,421.7389,7353.0
2026-08-21T12:00:00+00:00,421.75,421.79,421.58,421.66,3703.117332
2026-08-21T12:05:00+00:00,421.71,422.0,421.33,421.42,8420.65008
2026-08-21T12:10:00+00:00,421.549,421.84,421.2,421.21,10096.173353
2026-08-21T12:15:00+00:00,421.27,421.27,420.89,421.2023,21919.021374
2026-08-21T12:20:00+00:00,421.36,421.44,420.66,420.75,17792.760975999998
2026-08-21T12:25:00+00:00,420.7377,420.85,420.2,420.74,10959.363503
2026-08-21T12:30:00+00:00,420.42,420.64,420.38,420.55,7112.018028
2026-08-21T12:35:00+00:00,420.4,420.4,419.73,419.88,50192.389641
2026-08-21T12:40:00+00:00,419.85,419.85,418.63,418.65,32435.051375000003
2026-08-21T12:45:00+00:00,418.6192,419.62,418.55,419.49,9252.081176
2026-08-21T12:50:00+00:00,419.5109,420.0189,419.5109,420.0189,9829.119062
2026-08-21T12:55:00+00:00,419.9886,420.1,419.8,420.1,8295.10101
2026-08-21T13:00:00+00:00,420.0801,420.13,419.6,419.88,5307.688975
2026-08-21T13:05:00+00:00,419.8427,420.5,419.7,420.21,5282.079428
2026-08-21T13:10:00+00:00,420.2,420.45,420.02,420.17,12985.792957
2026-08-21T13:15:00+00:00,420.17,420.67,420.11,420.52,11787.026447
2026-08-21T13:20:00+00:00,420.69,420.7891,420.0823,420.1,5434.704074
2026-08-21T13:25:00+00:00,420.01,420.6415,420.0,420.3401,5060.073324
2026-08-21T13:30:00+00:00,420.41,420.5019,420.21,420.41,7898.193289
2026-08-21T13:35:00+00:00,420.53,420.71,419.46,419.5,538273.639878
2026-08-21T13:40:00+00:00,419.49,421.09,419.42,420.775,197362.247718
2026-08-21T13:45:00+00:00,420.74,421.06,420.49,420.85,133345.85859
2026-08-21T13:50:00+00:00,420.78,421.24,420.47,420.96,143303.49093600002
2026-08-21T13:55:00+00:00,420.96,421.09,419.75,420.1599,217444.09603999997
2026-08-21T14:00:00+00:00,420.155,420.58,420.06,420.125,113314.38567799999
2026-08-21T14:05:00+00:00,420.125,420.875,420.02,420.855,147824.56672
2026-08-21T14:10:00+00:00,420.8725,421.08,420.37,420.78,177499.94928
2026-08-21T14:15:00+00:00,420.75,421.02,420.57,420.99,295226.15681600006
2026-08-21T14:20:00+00:00,421.0,421.12,420.6892,421.045,270477.534934
2026-08-21T14:25:00+00:00,421.0495,421.7899,420.99,421.7,453991.44758900005
2026-08-21T14:30:00+00:00,421.74,422.2399,421.72,422.2399,275226.201145
2026-08-21T14:35:00+00:00,422.215,422.27,420.98,421.03,167250.126635
2026-08-21T14:40:00+00:00,421.0,421.28,420.2,420.295,250746.689001
2026-08-21T14:45:00+00:00,420.305,421.0,420.15,420.345,194147.722374
2026-08-21T14:50:00+00:00,420.42,421.2,420.1999,421.17,209567.230282
2026-08-21T14:55:00+00:00,421.175,421.48,420.89,420.95,132361.686721
2026-08-21T15:00:00+00:00,420.982,421.25,420.47,421.18,99268.728672
2026-08-21T15:05:00+00:00,421.16,421.42,420.76,421.3,94943.554804
2026-08-21T15:10:00+00:00,421.34,421.76,421.18,421.3681,190761.950504
2026-08-21T15:15:00+00:00,421.39,421.7,421.345,421.4401,122614.55870699999
2026-08-21T15:20:00+00:00,421.445,421.815,421.445,421.64,78859.492633
2026-08-21T15:25:00+00:00,421.7,422.15,421.5001,422.12,106016.50601800001
2026-08-21T15:30:00+00:00,422.13,422.62,421.93,422.25,181774.61764399998
2026-08-21T15:35:00+00:00,422.245,422.49,421.89,422.4587,919807.070829
2026-08-21T15:40:00+00:00,422.49,422.67,422.3662,422.535,99725.30866000001
2026-08-21T15:45:00+00:00,422.5535,422.9,422.44,422.82,124450.135884
2026-08-21T15:50:00+00:00,422.815,422.96,422.57,422.64,138323.07674199998
2026-08-21T15:55:00+00:00,422.68,423.31,422.615,423.2,232263.234746
2026-08-21T16:00:00+00:00,423.21,423.36,422.94,423.28,170240.038576
2026-08-21T16:05:00+00:00,423.29,423.57,423.15,423.5,142292.69117
2026-08-21T16:10:00+00:00,423.5,423.52,422.7669,422.8201,185696.68752099999
2026-08-21T16:15:00+00:00,422.88,423.38,422.88,423.2799,60989.947357
2026-08-21T16:20:00+00:00,423.25,423.41,423.21,423.22,127509.13123900001
2026-08-21T16:25:00+00:00,423.23,423.8,422.95,423.1397,141947.199995
2026-08-21T16:30:00+00:00,423.11,423.25,422.84,423.185,158226.56215100002
2026-08-21T16:35:00+00:00,423.2,423.37,423.0,423.325,102408.41767799998
2026-08-21T16:40:00+00:00,423.3,423.82,423.26,423.655,100965.55245
2026-08-21T16:45:00+00:00,423.67,423.96,423.52,423.914,100885.988379
2026-08-21T16:50:00+00:00,423.91,424.21,423.8749,424.13,164117.303524
2026-08-21T16:55:00+00:00,424.17,424.44,424.1,424.4355,108506.813402
2026-08-21T17:00:00+00:00,424.43,424.62,424.31,424.57,182335.563108
2026-08-21T17:05:00+00:00,424.57,424.75,424.38,424.45,152961.513919
2026-08-21T17:10:00+00:00,424.465,424.89,424.34,424.79,147091.641554
2026-08-21T17:15:00+00:00,424.78,424.84,423.9214,424.12,124806.89058400001
2026-08-21T17:20:00+00:00,424.11,424.31,423.94,424.06,96464.24303399998
2026-08-21T17:25:00+00:00,424.035,424.21,423.34,423.61,263714.898693
2026-08-21T17:30:00+00:00,423.61,424.19,423.36,423.985,168859.474755
2026-08-21T17:35:00+00:00,423.97,423.99,423.72,423.84,40661.773595
2026-08-21T17:40:00+00:00,423.86,424.19,423.86,424.035,644353.396781
2026-08-21T17:45:00+00:00,424.03,424.21,423.63,423.68,72811.349885
2026-08-21T17:50:00+00:00,423.64,423.75,423.48,423.67,42645.932995
2026-08-21T17:55:00+00:00,423.66,423.975,423.5901,423.73,43816.872387
2026-08-21T18:00:00+00:00,423.72,423.9255,423.6814,423.82,84102.989316
2026-08-21T18:05:00+00:00,423.84,424.34,423.77,424.321,99147.330239
2026-08-21T18:10:00+00:00,424.35,424.47,424.17,424.3207,48034.751783
2026-08-21T18:15:00+00:00,424.3,424.3499,424.05,424.15,47819.547314
2026-08-21T18:20:00+00:00,424.155,424.38,424.155,424.37,38948.588839
2026-08-21T18:25:00+00:00,424.37,424.47,424.27,424.37,36839.434328999996
2026-08-21T18:30:00+00:00,424.38,424.47,424.17,424.26,60802.679086
2026-08-21T18:35:00+00:00,424.215,424.26,423.77,423.99,65544.17610899999
2026-08-21T18:40:00+00:00,423.975,424.05,423.73,423.74,108059.56881699999
2026-08-21T18:45:00+00:00,423.75,423.92,423.75,423.85,84248.489411
2026-08-21T18:50:00+00:00,423.85,424.32,423.84,424.19,100503.927809
2026-08-21T18:55:00+00:00,424.21,424.24,424.05,424.22,68332.910719
2026-08-21T19:00:00+00:00,424.21,424.22,424.07,424.175,76524.344325
2026-08-21T19:05:00+00:00,424.19,424.29,423.91,423.98,108513.344551
2026-08-21T19:10:00+00:00,423.96,423.98,423.61,423.8737,89712.72384699999
2026-08-21T19:15:00+00:00,423.88,424.1,423.82,424.0,81304.837937
2026-08-21T19:20:00+00:00,424.02,424.03,423.78,424.01,88760.003276
2026-08-21T19:25:00+00:00,424.0,424.08,423.95,424.01,105386.26440400002
2026-08-21T19:30:00+00:00,423.98,424.056,423.58,423.59,105371.674353
2026-08-21T19:35:00+00:00,423.6,423.74,423.46,423.46,112396.371471
2026-08-21T19:40:00+00:00,423.49,423.61,423.36,423.56,138638.55178
2026-08-21T19:45:00+00:00,423.57,423.74,423.55,423.6,138260.589639
2026-08-21T19:50:00+00:00,423.58,424.06,423.524,424.03,217666.48315400002
2026-08-21T19:55:00+00:00,424.01,424.12,423.85,424.035,397131.95982999995
2026-08-21T20:00:00+00:00,424.03,424.035,423.23,423.41,788223.573095
2026-08-21T20:05:00+00:00,423.36,423.4726,423.29,423.45,30396.172043
2026-08-21T20:10:00+00:00,423.49,423.5,423.32,423.32,15737.0
2026-08-21T20:15:00+00:00,423.4,423.5,423.36,423.4776,12831.122062
2026-08-21T20:20:00+00:00,423.437,423.44,422.9822,423.0,14162.956159000001
2026-08-21T20:25:00+00:00,423.03,423.054,422.89,422.89,13929.187279
2026-08-21T20:30:00+00:00,422.91,422.94,422.85,422.94,5141.209941
2026-08-21T20:35:00+00:00,422.91,422.93,422.85,422.9276,9918.364904
2026-08-21T20:40:00+00:00,422.81,422.9008,422.58,422.61,21671.996902
2026-08-21T20:45:00+00:00,422.74,422.76,422.6,422.65,11223.150921
2026-08-21T20:50:00+00:00,422.66,422.72,422.2,422.36,10274.004706
2026-08-21T20:55:00+00:00,422.45,422.51,422.26,422.31,15528.0
2026-08-21T21:00:00+00:00,422.31,422.4706,422.17,422.27,10423.248973
2026-08-21T21:05:00+00:00,422.1697,422.53,422.1697,422.5,4594.32998
2026-08-21T21:10:00+00:00,422.292,422.5,422.2779,422.5,2186.321727
2026-08-21T21:15:00+00:00,422.575,422.69,422.15,422.25,15502.927135999998
2026-08-21T21:20:00+00:00,422.25,422.25,422.2,422.2,2770.385341
2026-08-21T21:25:00+00:00,422.16,422.5,422.0133,422.1,8437.709479
2026-08-21T21:30:00+00:00,422.3999,422.3999,422.25,422.25,1390.401662
2026-08-21T21:35:00+00:00,422.21,422.25,422.0106,422.25,4162.181639
2026-08-21T21:40:00+00:00,422.2001,422.24,422.0,422.2011,3101.774192
2026-08-21T21:45:00+00:00,422.24,423.36,422.0921,422.0921,11034.657653
2026-08-21T21:50:00+00:00,422.0155,422.1,422.01,422.1,1741.4367929999999
2026-08-21T21:55:00+00:00,422.08,422.1,422.0,422.01,5673.912693
2026-08-21T22:00:00+00:00,422.22,422.64,422.22,422.28,1849.176019
2026-08-21T22:05:00+00:00,422.5685,422.5966,422.303,422.5966,296.09925499999997
2026-08-21T22:10:00+00:00,422.6663,422.7,422.4465,422.6401,571.722985
2026-08-21T22:15:00+00:00,422.58,422.7,422.57,422.7,1840.4746049999999
2026-08-21T22:20:00+00:00,422.9566,422.9687,422.72,422.77,4703.639848
2026-08-21T22:25:00+00:00,422.98,422.98,422.72,422.72,2913.177683
2026-08-21T22:30:00+00:00,422.75,422.9305,422.75,422.93,506.16261099999997
2026-08-21T22:35:00+00:00,422.82,422.85,422.82,422.82,1141.532565
2026-08-21T22:40:00+00:00,422.8134,422.92,422.796,422.92,740.2295720000001
2026-08-21T22:45:00+00:00,422.9,422.9444,422.9,422.92,1750.085023
2026-08-21T22:50:00+00:00,422.7541,422.9,422.591,422.9,2483.26011
2026-08-21T22:55:00+00:00,422.5523,422.838,422.5,422.58,492.965639
2026-08-21T23:00:00+00:00,422.71,422.88,422.5298,422.5298,908.03746
2026-08-21T23:05:00+00:00,422.8778,422.8778,422.7,422.7,3143.0
2026-08-21T23:10:00+00:00,422.7371,422.8737,422.7371,422.7426,708.0
2026-08-21T23:15:00+00:00,422.7426,422.85,422.7426,422.85,1059.995528
2026-08-21T23:20:00+00:00,422.97,423.12,422.9096,423.12,1665.860379
2026-08-21T23:25:00+00:00,423.1,423.15,422.85,422.85,303.90477999999996
2026-08-21T23:30:00+00:00,423.05,423.05,423.0,423.0,1216.0
2026-08-21T23:35:00+00:00,423.15,423.15,423.11,423.15,614.0
2026-08-21T23:40:00+00:00,423.1,423.13,423.0,423.112,712.0
2026-08-21T23:45:00+00:00,423.1138,423.13,423.0,423.08,849.0
2026-08-21T23:50:00+00:00,422.9292,423.07,422.9292,423.01,438.0
2026-08-21T23:55:00+00:00,423.02,423.1,423.0,423.0999,1087.0
2026-08-22T00:00:00+00:00,423.0962,423.13,422.96,423.0938,4968.4536
2026-08-24T08:05:00+00:00,425.18,427.32,424.637,425.6,110008.096474
2026-08-24T08:10:00+00:00,425.68,426.17,425.27,425.28,4982.138247
2026-08-24T08:15:00+00:00,425.46,425.46,425.15,425.26,2290.040435
2026-08-24T08:20:00+00:00,425.22,425.2495,424.83,425.1246,1611.0
2026-08-24T08:25:00+00:00,425.17,425.42,425.17,425.3285,6809.537929
2026-08-24T08:30:00+00:00,425.28,425.45,424.62,424.63,10535.164357
2026-08-24T08:35:00+00:00,424.55,424.95,424.5312,424.95,9782.95821
2026-08-24T08:40:00+00:00,425.05,425.18,424.97,425.18,12225.2503
2026-08-24T08:45:00+00:00,425.3151,426.1,425.3151,426.1,4241.637722
2026-08-24T08:50:00+00:00,425.9,426.1,425.8,425.8,6223.034456999999
2026-08-24T08:55:00+00:00,425.9,425.92,425.73,425.73,1614.409196
2026-08-24T09:00:00+00:00,425.71,425.71,425.18,425.24,5285.951437
2026-08-24T09:05:00+00:00,425.33,425.72,425.3,425.71,4316.023499999999
2026-08-24T09:10:00+00:00,425.85,425.92,425.68,425.68,2131.001691
2026-08-24T09:15:00+00:00,425.67,425.8,425.57,425.67,970.1105829999999
2026-08-24T09:20:00+00:00,425.58,425.63,425.12,425.26,7594.05
2026-08-24T09:25:00+00:00,425.19,425.41,425.19,425.23,2784.011755
2026-08-24T09:30:00+00:00,425.2,425.32,425.18,425.28,2802.518473
2026-08-24T09:35:00+00:00,425.37,425.57,425.2,425.23,4740.0033490000005
2026-08-24T09:40:00+00:00,425.14,425.23,425.0,425.23,3434.0
2026-08-24T09:45:00+00:00,425.3,425.44,425.24,425.42,3142.0
2026-08-24T09:50:00+00:00,425.66,426.0,425.66,425.93,3214.04
2026-08-24T09:55:00+00:00,425.99,426.0,425.68,425.83,2151.016995
2026-08-24T10:00:00+00:00,425.93,426.05,425.93,426.0,1990.187601
2026-08-24T10:05:00+00:00,426.1,426.35,426.1,426.35,2467.0
2026-08-24T10:10:00+00:00,426.36,426.39,426.15,426.18,5981.0117310000005
2026-08-24T10:15:00+00:00,426.23,426.43,426.16,426.29,16770.159045
2026-08-24T10:20:00+00:00,426.28,426.28,426.16,426.16,646.142255
2026-08-24T10:25:00+00:00,426.12,426.12,425.82,425.97,3665.3310089999995
2026-08-24T10:30:00+00:00,425.81,426.0,425.74,425.8305,1366.122255
2026-08-24T10:35:00+00:00,425.85,425.92,425.79,425.92,3175.064159
2026-08-24T10:40:00+00:00,426.02,426.35,425.85,426.25,3333.0
2026-08-24T10:45:00+00:00,426.23,426.26,425.85,425.85,3076.0025539999997
2026-08-24T10:50:00+00:00,425.97,426.06,425.69,426.06,8241.644522999999
2026-08-24T10:55:00+00:00,426.11,426.11,426.0,426.0,1444.5084729999999
2026-08-24T11:00:00+00:00,426.05,426.05,425.69,425.84,4028.002347
2026-08-24T11:05:00+00:00,425.81,426.15,425.55,426.0893,20412.757288
2026-08-24T11:10:00+00:00,426.0564,426.0564,425.51,425.74,4790.158796
2026-08-24T11:15:00+00:00,425.59,425.93,425.45,425.68,5228.496169
2026-08-24T11:20:00+00:00,425.8129,426.0,425.73,425.98,4146.0146970000005
2026-08-24T11:25:00+00:00,426.0,426.03,425.6294,425.72,7291.003343
2026-08-24T11:30:00+00:00,425.65,426.15,425.65,426.15,9997.885798000001
2026-08-24T11:35:00+00:00,426.19,426.79,425.92,426.49,56799.839243999995
2026-08-24T11:40:00+00:00,426.81,428.3499,426.42,427.5,140365.288711
2026-08-24T11:45:00+00:00,427.5,428.1,426.56,427.23,64128.133941
2026-08-24T11:50:00+00:00,427.32,427.54,426.42,426.42,30915.616302000002
2026-08-24T11:55:00+00:00,426.48,427.37,426.4,427.28,6717.1845570000005
2026-08-24T12:00:00+00:00,427.3017,427.37,427.04,427.15,8268.173397
2026-08-24T12:05:00+00:00,427.15,427.17,426.56,426.76,5827.8790389999995
2026-08-24T12:10:00+00:00,426.77,427.08,426.5,426.84,17662.628264
2026-08-24T12:15:00+00:00,426.963,427.41,426.963,427.17,10858.200754000001
2026-08-24T12:20:00+00:00,427.09,427.2,426.71,426.8,7456.374051999999
2026-08-24T12:25:00+00:00,426.67,427.42,426.66,427.2799,34558.351183000006
2026-08-24T12:30:00+00:00,427.21,427.7,427.0,427.57,25772.147029
2026-08-24T12:35:00+00:00,427.53,427.53,426.11,426.98,33671.009307
2026-08-24T12:40:00+00:00,427.0,427.75,427.0,427.62,8752.610131
2026-08-24T12:45:00+00:00,427.77,428.12,426.93,427.11,19469.559033999998
2026-08-24T12:50:00+00:00,427.13,427.57,426.88,427.52,10551.696247
2026-08-24T12:55:00+00:00,427.56,428.01,427.52,428.01,10079.310312000001
2026-08-24T13:00:00+00:00,427.97,428.05,427.5,427.5988,15555.563757
2026-08-24T13:05:00+00:00,427.6,428.39,427.52,428.01,16283.135129000002
2026-08-24T13:10:00+00:00,428.07,428.63,428.0,428.4984,21300.444248
2026-08-24T13:15:00+00:00,428.64,429.0,428.6111,429.0,29309.913493
2026-08-24T13:20:00+00:00,429.02,429.04,428.5,428.56,24298.40093
2026-08-24T13:25:00+00:00,428.55,428.56,428.14,428.53,29867.107861
2026-08-24T13:30:00+00:00,428.43,428.81,428.19,428.62,111294.737415
2026-08-24T13:35:00+00:00,428.55,429.3,428.35,429.26,704016.733856
2026-08-24T13:40:00+00:00,429.267,429.42,428.06,428.08,595549.959217
2026-08-24T13:45:00+00:00,428.09,428.86,427.29,427.29,349193.651166
2026-08-24T13:50:00+00:00,427.27,429.08,427.04,428.66,346196.953829
2026-08-24T13:55:00+00:00,428.66,428.87,427.21,428.0,3631466.2082780004
2026-08-24T14:00:00+00:00,428.04,428.2299,427.365,427.85,637266.808226
2026-08-24T14:05:00+00:00,427.83,428.13,427.431,427.66,274954.241089
2026-08-24T14:10:00+00:00,427.69,428.4,427.61,428.4,156466.265512
2026-08-24T14:15:00+00:00,428.4,428.5637,427.63,427.9633,253296.456094
2026-08-24T14:20:00+00:00,427.955,428.035,426.6701,427.91,285339.61087100004
2026-08-24T14:25:00+00:00,427.93,428.3599,427.86,428.02,173139.788681
2026-08-24T14:30:00+00:00,427.975,428.8,427.96,428.5,165657.681672
2026-08-24T14:35:00+00:00,428.54,429.02,428.41,428.9695,97383.568559
2026-08-24T14:40:00+00:00,428.9695,429.14,428.76,428.81,132871.920656
2026-08-24T14:45:00+00:00,428.865,429.07,428.31,428.49,294944.365789
2026-08-24T14:50:00+00:00,428.515,428.6499,427.865,427.905,158391.25997500002
2026-08-24T14:55:00+00:00,427.99,428.22,427.13,428.22,360595.20642900007
2026-08-24T15:00:00+00:00,428.2186,428.8601,428.07,428.43,168004.61882499998
2026-08-24T15:05:00+00:00,428.42,428.96,427.9,428.86,378474.20218100003
2026-08-24T15:10:00+00:00,428.88,428.95,428.63,428.67,303068.092681
2026-08-24T15:15:00+00:00,428.6999,428.79,428.445,428.625,85369.72746
2026-08-24T15:20:00+00:00,428.63,428.69,428.335,428.61,172302.224392
2026-08-24T15:25:00+00:00,428.64,428.67,428.17,428.3201,118871.60509
2026-08-24T15:30:00+00:00,428.34,429.24,428.29,428.87,194512.835139
2026-08-24T15:35:00+00:00,428.89,429.04,428.345,428.545,150929.72514
2026-08-24T15:40:00+00:00,428.56,428.76,428.08,428.18,76981.806896
2026-08-24T15:45:00+00:00,428.22,428.22,427.3101,427.46,112038.08520300001
2026-08-24T15:50:00+00:00,427.41,427.68,426.0304,426.1983,246440.584955
2026-08-24T15:55:00+00:00,426.17,426.97,426.16,426.77,110139.17421299999
2026-08-24T16:00:00+00:00,426.75,426.75,425.54,426.39,249865.365896
2026-08-24T16:05:00+00:00,426.41,427.545,426.13,427.265,180184.020044
2026-08-24T16:10:00+00:00,427.25,427.51,426.85,426.86,65311.223267
2026-08-24T16:15:00+00:00,426.87,427.2,426.815,427.17,48244.244951999994
2026-08-24T16:20:00+00:00,427.16,427.47,427.05,427.2963,53936.545553
2026-08-24T16:25:00+00:00,427.22,427.31,427.0,427.03,44467.314468000004
2026-08-24T16:30:00+00:00,427.05,427.32,427.0,427.295,275293.61138
2026-08-24T16:35:00+00:00,427.31,427.5,427.3,427.41,34101.202977
2026-08-24T16:40:00+00:00,427.43,427.59,427.32,427.375,39764.543667
2026-08-24T16:45:00+00:00,427.35,427.5,427.09,427.33,128449.949046
2026-08-24T16:50:00+00:00,427.36,427.36,426.96,427.14,67886.911171
2026-08-24T16:55:00+00:00,427.15,427.16,426.55,426.66,94698.18343599999
2026-08-24T17:00:00+00:00,426.67,426.67,425.66,425.97,157131.748931
2026-08-24T17:05:00+00:00,426.01,426.23,425.65,426.06,139708.406539
2026-08-24T17:10:00+00:00,426.105,426.97,425.9,426.71,135525.009673
2026-08-24T17:15:00+00:00,426.69,426.9,426.438,426.62,147695.95595
2026-08-24T17:20:00+00:00,426.67,426.92,426.31,426.35,154119.29644
2026-08-24T17:25:00+00:00,426.34,426.34,424.64,425.27,473953.560494
2026-08-24T17:30:00+00:00,425.28,426.06,424.94,425.4,149956.40098900002
2026-08-24T17:35:00+00:00,425.435,425.7,425.186,425.34,102187.36558
2026-08-24T17:40:00+00:00,425.31,425.865,425.26,425.695,139986.466279
2026-08-24T17:45:00+00:00,425.7,425.8,425.2701,425.43,73627.83318399999
2026-08-24T17:50:00+00:00,425.43,425.49,424.96,424.97,91308.05078399999
2026-08-24T17:55:00+00:00,424.97,425.48,424.84,425.06,107026.950699
2026-08-24T18:00:00+00:00,425.035,425.34,424.935,425.26,65741.442241
2026-08-24T18:05:00+00:00,425.26,425.67,425.14,425.58,80775.13125500001
2026-08-24T18:10:00+00:00,425.56,425.61,424.22,424.86,186119.902051
2026-08-24T18:15:00+00:00,424.88,425.125,424.66,424.87,126513.87577
2026-08-24T18:20:00+00:00,424.9,425.07,424.4,424.49,98916.253218
2026-08-24T18:25:00+00:00,424.49,425.3,424.38,425.23,147801.904802
2026-08-24T18:30:00+00:00,425.24,425.79,425.24,425.6532,92533.91825399999
2026-08-24T18:35:00+00:00,425.7,425.76,424.845,424.895,77151.622511
2026-08-24T18:40:00+00:00,424.89,424.99,424.2,424.715,122747.56129600001
2026-08-24T18:45:00+00:00,424.74,425.215,424.73,425.16,81359.776776
2026-08-24T18:50:00+00:00,425.15,425.19,424.815,425.0,69040.04195
2026-08-24T18:55:00+00:00,424.99,425.19,424.97,425.03,42207.847201
2026-08-24T19:00:00+00:00,425.04,425.37,425.04,425.2862,55308.699786000005
2026-08-24T19:05:00+00:00,425.25,425.6699,425.25,425.51,78351.92413099999
2026-08-24T19:10:00+00:00,425.51,425.665,425.28,425.465,63482.729261
2026-08-24T19:15:00+00:00,425.48,425.5105,425.23,425.25,108628.37095099999
2026-08-24T19:20:00+00:00,425.285,425.89,425.235,425.89,81322.553199
2026-08-24T19:25:00+00:00,425.87,426.06,425.72,425.81,108245.97685899999
2026-08-24T19:30:00+00:00,425.86,425.88,425.6,425.76,36402.158958
2026-08-24T19:35:00+00:00,425.719,425.84,425.63,425.689,65403.865260000006
2026-08-24T19:40:00+00:00,425.7,426.19,425.67,426.03,132727.542355
2026-08-24T19:45:00+00:00,426.055,426.61,426.03,426.53,148366.522947
2026-08-24T19:50:00+00:00,426.53,427.0,426.51,426.98,225713.869174
2026-08-24T19:55:00+00:00,426.98,427.09,426.64,426.79,353500.70788199996
2026-08-24T20:00:00+00:00,426.78,426.9,426.52,426.71,423444.519439
2026-08-24T20:05:00+00:00,426.69,426.83,426.63,426.78,5884.949181
2026-08-24T20:10:00+00:00,426.88,426.88,426.77,426.8,6505.0
2026-08-24T20:15:00+00:00,426.85,427.7306,426.5912,426.6,302563.137263
2026-08-24T20:20:00+00:00,426.55,426.8729,426.55,426.68,3878.523471
2026-08-24T20:25:00+00:00,426.61,426.7279,426.57,426.62,13884.083328
2026-08-24T20:30:00+00:00,426.59,426.6,426.3614,426.37,10052.179898
2026-08-24T20:35:00+00:00,426.45,426.45,426.31,426.32,2433.0
2026-08-24T20:40:00+00:00,426.36,426.4,426.22,426.26,11019.281232000001
2026-08-24T20:45:00+00:00,426.35,426.35,426.19,426.33,4079.01
2026-08-24T20:50:00+00:00,426.31,426.5,426.19,426.5,6798.036236
2026-08-24T20:55:00+00:00,426.4951,426.59,426.3405,426.58,1766.449721
2026-08-24T21:00:00+00:00,426.59,426.762,426.4845,426.71,2579.267
2026-08-24T21:05:00+00:00,426.4,427.0,426.4,427.0,416.002341
2026-08-24T21:10:00+00:00,426.4,426.8,426.4,426.8,712.002341
2026-08-24T21:15:00+00:00,426.8,426.85,426.6,426.6,2550.0
2026-08-24T21:25:00+00:00,426.69,426.8861,426.6899,426.8861,982.00703
2026-08-24T21:30:00+00:00,426.77,426.99,426.77,426.99,1418.805123
2026-08-24T21:35:00+00:00,426.99,426.99,426.9551,426.9551,183.0
2026-08-24T21:40:00+00:00,426.71,427.0,426.71,426.92,1407.23466
2026-08-24T21:45:00+00:00,426.96,426.96,426.77,426.78,361.01
2026-08-24T21:50:00+00:00,426.8,426.9793,426.8,426.9793,2631.1171
2026-08-24T21:55:00+00:00,426.99,426.99,426.81,426.99,491.02672
2026-08-24T22:00:00+00:00,426.8,426.9684,426.8,426.85,2523.8642809999997
2026-08-24T22:05:00+00:00,426.8,427.1518,426.8,426.8661,1291.38524
2026-08-24T22:10:00+00:00,427.16,427.4896,427.16,427.4896,1561.0376999999999
2026-08-24T22:15:00+00:00,427.45,427.5,427.35,427.44,376.0
2026-08-24T22:20:00+00:00,427.39,427.54,427.24,427.29,22568.01
2026-08-24T22:25:00+00:00,427.3305,427.35,427.2,427.32,286.61947399999997
2026-08-24T22:30:00+00:00,427.217,427.217,427.1,427.16,419.70995800000003
2026-08-24T22:35:00+00:00,427.2,427.45,427.2,427.25,15610.967022
2026-08-24T22:40:00+00:00,427.3,427.5,427.3,427.5,1900.0
2026-08-24T22:45:00+00:00,427.5,427.5,427.45,427.5,1412.459452
2026-08-24T22:50:00+00:00,427.45,427.63,427.41,427.5939,4313.625919
2026-08-24T22:55:00+00:00,427.63,427.86,427.61,427.8,885.025488
2026-08-24T23:00:00+00:00,427.84,428.16,427.79,428.0512,6246.33918
2026-08-24T23:05:00+00:00,428.07,428.25,428.0107,428.2,4451.020343
2026-08-24T23:10:00+00:00,428.04,428.2,427.99,428.2,1290.0
2026-08-24T23:15:00+00:00,428.23,428.49,428.23,428.49,2896.97444
2026-08-24T23:20:00+00:00,428.3,428.87,428.3,428.75,5310.23427
2026-08-24T23:25:00+00:00,428.7124,428.7882,428.55,428.7,3123.385756
2026-08-24T23:30:00+00:00,428.66,428.66,428.2,428.2,3872.924
2026-08-24T23:35:00+00:00,428.2,428.45,428.2,428.45,1247.579606
2026-08-24T23:40:00+00:00,428.5243,428.88,428.5,428.86,2242.810404
2026-08-24T23:45:00+00:00,428.9189,428.92,428.8,428.92,1426.1295380000001
2026-08-24T23:50:00+00:00,428.9,428.98,428.8,428.98,2510.298
2026-08-24T23:55:00+00:00,428.98,429.4661,428.98,429.23,8010.292547
2026-08-25T00:00:00+00:00,429.18,429.3,429.03,429.1,2061.210915
2026-08-25T08:05:00+00:00,425.32,426.72,424.1,424.5,61859.645797
2026-08-25T08:10:00+00:00,424.4,425.9,423.77,424.07,10045.359319
2026-08-25T08:15:00+00:00,424.11,424.21,424.05,424.11,6953.895836
2026-08-25T08:20:00+00:00,424.3,424.64,424.3,424.56,2066.47
2026-08-25T08:25:00+00:00,424.33,426.0,424.33,426.0,9831.709029
2026-08-25T08:30:00+00:00,425.74,425.89,424.85,424.85,4260.409237
2026-08-25T08:35:00+00:00,424.89,425.03,424.89,424.91,11026.349
2026-08-25T08:40:00+00:00,424.89,424.93,424.6,424.6,2480.0
2026-08-25T08:45:00+00:00,424.2199,424.7,424.2199,424.6675,569.362
2026-08-25T08:50:00+00:00,424.82,424.86,424.43,424.43,2127.1
2026-08-25T08:55:00+00:00,424.4,424.4,424.16,424.26,5822.004712
2026-08-25T09:00:00+00:00,424.39,424.6,424.39,424.6,2214.0
2026-08-25T09:05:00+00:00,424.31,424.38,424.18,424.18,918.0177550000001
2026-08-25T09:10:00+00:00,424.24,424.81,424.19,424.81,1267.799773
2026-08-25T09:15:00+00:00,424.74,424.8054,424.65,424.67,3582.352731
2026-08-25T09:20:00+00:00,424.67,424.9471,424.67,424.8769,1884.4331249999998
2026-08-25T09:25:00+00:00,424.7,424.7,424.69,424.69,1235.0
2026-08-25T09:30:00+00:00,424.5,424.5,424.36,424.37,948.0083999999999
2026-08-25T09:35:00+00:00,424.28,425.42,424.21,425.3769,4593.25493
2026-08-25T09:40:00+00:00,425.1,425.1513,425.06,425.06,1775.01647
2026-08-25T09:45:00+00:00,424.6106,425.38,424.6106,425.31,4464.0
2026-08-25T09:50:00+00:00,425.3469,425.49,425.16,425.45,6742.107193
2026-08-25T09:55:00+00:00,425.6,425.7885,425.5834,425.69,1859.0
2026-08-25T10:00:00+00:00,425.21,425.66,425.18,425.27,1999.012201
2026-08-25T10:05:00+00:00,425.11,425.21,424.88,424.99,2092.1
2026-08-25T10:10:00+00:00,425.09,425.18,425.09,425.18,337.0
2026-08-25T10:15:00+00:00,425.0031,425.09,425.0031,425.09,269.011717
2026-08-25T10:20:00+00:00,425.12,425.37,425.11,425.25,7061.1536080000005
2026-08-25T10:25:00+00:00,425.27,425.28,425.07,425.07,1732.606691
2026-08-25T10:30:00+00:00,425.17,425.29,425.0,425.0,644.443436
2026-08-25T10:35:00+00:00,425.0,425.0,425.0,425.0,41.0
2026-08-25T10:40:00+00:00,425.16,425.38,425.08,425.35,901.0
2026-08-25T10:45:00+00:00,425.35,425.6,425.32,425.32,1624.004205
2026-08-25T10:50:00+00:00,425.29,425.61,425.28,425.43,1418.382503
2026-08-25T10:55:00+00:00,425.39,425.7,425.33,425.7,726.041508
2026-08-25T11:00:00+00:00,425.69,425.72,425.49,425.49,929.046972
2026-08-25T11:05:00+00:00,425.43,425.6499,425.41,425.62,6966.238373
2026-08-25T11:10:00+00:00,425.51,425.87,425.3,425.3,4933.55
2026-08-25T11:15:00+00:00,425.5,425.76,425.5,425.76,2795.062959
2026-08-25T11:20:00+00:00,425.77,425.98,425.71,425.97,4652.029911
2026-08-25T11:25:00+00:00,425.88,425.88,425.65,425.7257,676.0753930000001
2026-08-25T11:30:00+00:00,425.63,425.69,425.59,425.6,537.743705
2026-08-25T11:35:00+00:00,425.67,425.9,425.67,425.89,5300.002348
2026-08-25T11:40:00+00:00,425.76,425.98,425.76,425.8904,1239.613018
2026-08-25T11:45:00+00:00,425.9802,426.08,425.75,425.78,9016.43542
2026-08-25T11:50:00+00:00,425.99,426.16,425.99,425.99,2220.280918
2026-08-25T11:55:00+00:00,426.02,426.1,425.77,425.98,2542.5852569999997
2026-08-25T12:00:00+00:00,426.0,426.0,425.87,425.87,8489.0
2026-08-25T12:05:00+00:00,425.74,425.74,425.1388,425.29,3113.167698
2026-08-25T12:10:00+00:00,425.29,425.38,425.15,425.27,11732.116
2026-08-25T12:15:00+00:00,425.28,425.57,425.28,425.41,2857.142096
2026-08-25T12:20:00+00:00,425.47,425.47,424.98,425.0,3516.117294
2026-08-25T12:25:00+00:00,425.11,425.1854,424.9,424.93,2208.302585
2026-08-25T12:30:00+00:00,424.95,425.25,424.95,425.25,7996.699748
2026-08-25T12:35:00+00:00,425.2,425.22,424.89,425.0,2331.2810550000004
2026-08-25T12:40:00+00:00,424.96,425.06,424.7995,424.8,8912.549906
2026-08-25T12:45:00+00:00,424.75,425.57,424.71,425.47,2618.079508
2026-08-25T12:50:00+00:00,425.401,425.81,425.4,425.57,9586.25
2026-08-25T12:55:00+00:00,425.605,425.91,425.55,425.71,5601.632311
2026-08-25T13:00:00+00:00,425.58,425.67,425.4693,425.6,2965.5
2026-08-25T13:05:00+00:00,425.6,425.6,424.7,425.07,11931.273485999998
2026-08-25T13:10:00+00:00,425.09,425.18,424.5,424.75,39983.0
2026-08-25T13:15:00+00:00,424.69,424.88,423.98,424.1,27408.630834
2026-08-25T13:20:00+00:00,423.921,424.4,423.8,424.35,74193.921915
2026-08-25T13:25:00+00:00,424.21,424.21,423.07,423.17,37283.920979999995
2026-08-25T13:30:00+00:00,423.21,423.54,422.7,422.77,33083.37117
2026-08-25T13:35:00+00:00,422.775,424.05,422.71,423.9,258773.32366499997
2026-08-25T13:40:00+00:00,423.9,423.905,422.7804,423.37,181491.701286
2026-08-25T13:45:00+00:00,423.36,423.87,422.9,423.05,236887.802759
2026-08-25T13:50:00+00:00,423.08,423.2695,422.33,422.5,183334.766449
2026-08-25T13:55:00+00:00,422.48,422.98,422.385,422.5499,266781.95434
2026-08-25T14:00:00+00:00,422.53,423.455,422.35,423.37,150397.114855
2026-08-25T14:05:00+00:00,423.36,423.83,423.14,423.59,230616.88180200002
2026-08-25T14:10:00+00:00,423.6,424.15,423.53,423.99,115073.44187899999
2026-08-25T14:15:00+00:00,423.99,424.33,423.86,423.97,107893.824686
2026-08-25T14:20:00+00:00,423.98,424.12,423.63,423.63,171705.081276
2026-08-25T14:25:00+00:00,423.64,424.25,423.56,424.2499,108938.200533
2026-08-25T14:30:00+00:00,424.23,424.49,424.03,424.06,110039.17167899999
2026-08-25T14:35:00+00:00,424.06,424.78,423.0,424.59,301593.892115
2026-08-25T14:40:00+00:00,424.62,425.35,424.59,425.29,1064040.607374
2026-08-25T14:45:00+00:00,425.27,425.41,424.7625,425.32,229441.333162
2026-08-25T14:50:00+00:00,425.3,425.59,425.13,425.26,75338.213763
2026-08-25T14:55:00+00:00,425.3,425.4,424.9,425.14,63603.051513000006
2026-08-25T15:00:00+00:00,425.15,425.32,424.94,425.16,88062.77786900001
2026-08-25T15:05:00+00:00,425.17,425.3489,424.75,424.85,82029.664663
2026-08-25T15:10:00+00:00,424.85,425.019,424.69,424.89,102078.88334999999
2026-08-25T15:15:00+00:00,424.88,425.1476,424.77,424.98,79863.266916
2026-08-25T15:20:00+00:00,424.97,425.5399,424.6,425.48,207978.19382599997
2026-08-25T15:25:00+00:00,425.47,426.03,425.46,425.648,199708.84380799998
2026-08-25T15:30:00+00:00,425.64,425.88,425.29,425.63,129295.70777800001
2026-08-25T15:35:00+00:00,425.57,426.59,425.57,426.35,220303.50195200002
2026-08-25T15:40:00+00:00,426.33,427.24,426.32,427.04,276164.385152
2026-08-25T15:45:00+00:00,427.035,427.3799,426.88,427.07,104919.781242
2026-08-25T15:50:00+00:00,427.08,427.17,426.55,426.615,175549.472959
2026-08-25T15:55:00+00:00,426.63,426.695,426.36,426.5399,180787.51117800002
2026-08-25T16:00:00+00:00,426.55,426.84,426.36,426.74,98873.37200099998
2026-08-25T16:05:00+00:00,426.78,426.825,426.29,426.33,568087.084468
2026-08-25T16:10:00+00:00,426.33,426.414,426.0,426.0,85508.313977
2026-08-25T16:15:00+00:00,426.0,426.12,425.81,426.01,111467.621644
2026-08-25T16:20:00+00:00,426.0,426.26,425.75,425.85,374090.260912
2026-08-25T16:25:00+00:00,425.84,425.87,425.34,425.5595,207764.058771
2026-08-25T16:30:00+00:00,425.58,425.77,425.47,425.595,437246.718703
2026-08-25T16:35:00+00:00,425.59,425.74,425.37,425.41,179575.666825
2026-08-25T16:40:00+00:00,425.4,426.04,425.29,425.9201,112693.08541099998
2026-08-25T16:45:00+00:00,425.92,425.99,425.79,425.9,162634.479135
2026-08-25T16:50:00+00:00,425.87,426.0795,425.69,425.995,117301.739642
2026-08-25T16:55:00+00:00,426.0299,426.1,425.88,425.88,73324.962934
2026-08-25T17:00:00+00:00,425.88,426.01,425.57,425.84,66344.628481
2026-08-25T17:05:00+00:00,425.88,425.88,425.375,425.55,71698.216461
2026-08-25T17:10:00+00:00,425.54,425.56,425.05,425.175,42894.173343
2026-08-25T17:15:00+00:00,425.17,425.5,424.98,425.34,56634.082110999996
2026-08-25T17:20:00+00:00,425.33,425.7984,425.0,425.785,94666.081742
2026-08-25T17:25:00+00:00,425.77,425.98,425.32,425.4399,81152.050506
2026-08-25T17:30:00+00:00,425.42,425.61,425.17,425.23,40502.090673
2026-08-25T17:35:00+00:00,425.28,425.49,425.2,425.36,39332.403710000006
2026-08-25T17:40:00+00:00,425.365,425.83,425.365,425.768,80366.551899
2026-08-25T17:45:00+00:00,425.77,425.92,425.6785,425.8,96256.280397
2026-08-25T17:50:00+00:00,425.81,426.145,425.8,426.085,35374.443579000006
2026-08-25T17:55:00+00:00,426.1,426.115,425.7775,426.01,183126.48499300002
2026-08-25T18:00:00+00:00,425.99,426.315,425.98,426.31,39398.462024
2026-08-25T18:05:00+00:00,426.325,426.325,425.965,425.975,47189.44689
2026-08-25T18:10:00+00:00,425.98,426.24,425.92,426.148,20550.746344
2026-08-25T18:15:00+00:00,426.15,426.49,426.095,426.22,45477.868944
2026-08-25T18:20:00+00:00,426.21,426.39,426.128,426.36,27094.142937999997
2026-08-25T18:25:00+00:00,426.351,426.44,426.29,426.36,21591.356275
2026-08-25T18:30:00+00:00,426.4,426.51,426.36,426.48,28097.733285999995
2026-08-25T18:35:00+00:00,426.48,426.48,426.1,426.2299,51816.825783
2026-08-25T18:40:00+00:00,426.24,426.3,426.079,426.26,40678.410533999995
2026-08-25T18:45:00+00:00,426.26,426.49,426.245,426.3801,29460.004204
2026-08-25T18:50:00+00:00,426.405,426.66,426.39,426.59,30675.217269
2026-08-25T18:55:00+00:00,426.57,426.59,426.4492,426.55,18335.509008
2026-08-25T19:00:00+00:00,426.54,426.92,426.5101,426.8602,81377.4013
2026-08-25T19:05:00+00:00,426.86,427.161,426.765,426.83,111391.544955
2026-08-25T19:10:00+00:00,426.81,427.39,426.79,427.285,158536.514431
2026-08-25T19:15:00+00:00,427.28,427.64,427.24,427.56,161622.908988
2026-08-25T19:20:00+00:00,427.58,428.101,427.54,428.0,139174.049226
2026-08-25T19:25:00+00:00,428.0,428.03,427.65,427.75,84614.657807
2026-08-25T19:30:00+00:00,427.73,427.73,427.35,427.48,101483.493177
2026-08-25T19:35:00+00:00,427.51,427.5755,427.28,427.3,102681.89795099999
2026-08-25T19:40:00+00:00,427.3125,427.42,427.22,427.35,78621.173565
2026-08-25T19:45:00+00:00,427.3502,427.87,427.34,427.61,88867.854628
2026-08-25T19:50:00+00:00,427.61,427.85,427.42,427.825,103257.160394
2026-08-25T19:55:00+00:00,427.82,428.09,427.59,427.8801,242501.384541
2026-08-25T20:00:00+00:00,427.885,428.1399,427.52,428.1,289144.619083
2026-08-25T20:05:00+00:00,428.07,428.16,427.81,427.9324,5088.370774
2026-08-25T20:10:00+00:00,427.9248,428.12,427.67,428.12,25201.914875000002
2026-08-25T20:15:00+00:00,428.22,428.22,428.0,428.0,12675.952593
2026-08-25T20:20:00+00:00,428.07,428.07,427.89,427.94,9353.546372
2026-08-25T20:25:00+00:00,427.95,428.1,427.95,428.1,3275.512781
2026-08-25T20:30:00+00:00,427.9,427.9,427.5487,427.64,1830.0
2026-08-25T20:35:00+00:00,427.6,427.76,427.5,427.56,3004.0
2026-08-25T20:40:00+00:00,427.56,427.64,427.5,427.55,1019.452309
2026-08-25T20:45:00+00:00,427.6,427.6,427.4418,427.5,596.0
2026-08-25T20:50:00+00:00,427.6,427.6,427.55,427.55,111.0
2026-08-25T20:55:00+00:00,427.6,427.6221,427.35,427.35,4726.868895
2026-08-25T21:00:00+00:00,427.32,427.39,427.3,427.3,1664.0
2026-08-25T21:05:00+00:00,427.28,427.79,427.19,427.47,1701.0
2026-08-25T21:10:00+00:00,427.65,427.73,427.09,427.1,1772.104505
2026-08-25T21:15:00+00:00,427.6642,427.6642,427.6642,427.6642,153.0
2026-08-25T21:20:00+00:00,427.39,427.39,427.39,427.39,62.0
2026-08-25T21:25:00+00:00,427.4,427.66,427.4,427.5462,1387.679785
2026-08-25T21:30:00+00:00,427.5851,427.5851,427.41,427.41,437.0
2026-08-25T21:35:00+00:00,427.35,427.35,427.35,427.35,144.0
2026-08-25T21:40:00+00:00,427.61,427.73,427.41,427.726,1619.348719
2026-08-25T21:45:00+00:00,427.48,427.48,427.48,427.48,161.013336
2026-08-25T21:50:00+00:00,427.43,427.43,427.43,427.43,166.0
2026-08-25T21:55:00+00:00,427.69,427.69,427.69,427.69,333.027753
2026-08-25T22:00:00+00:00,427.45,427.6,427.34,427.36,6989.0
2026-08-25T22:05:00+00:00,427.35,427.54,427.25,427.25,1267.0
2026-08-25T22:10:00+00:00,427.67,427.67,427.67,427.67,515.0
2026-08-25T22:15:00+00:00,427.74,427.75,427.74,427.75,559.0
2026-08-25T22:20:00+00:00,427.91,428.0,427.91,428.0,515.0
2026-08-25T22:25:00+00:00,428.0165,428.0165,427.99,427.99,718.0
2026-08-25T22:30:00+00:00,427.9,428.06,427.9,427.96,2318.258795
2026-08-25T22:35:00+00:00,428.07,428.2393,428.07,428.2393,1262.0
2026-08-25T22:40:00+00:00,428.25,428.38,428.1,428.2,1412.2439570000001
2026-08-25T22:45:00+00:00,428.35,428.38,428.35,428.38,3172.030039
2026-08-25T22:50:00+00:00,428.31,428.51,428.2666,428.49,1916.0
2026-08-25T22:55:00+00:00,428.59,428.6796,428.51,428.6796,1064.0
2026-08-25T23:00:00+00:00,428.69,428.69,428.63,428.6899,2868.388454
2026-08-25T23:05:00+00:00,428.69,428.69,428.36,428.48,2206.232072
2026-08-25T23:10:00+00:00,428.5,428.5,428.25,428.25,1073.660101
2026-08-25T23:15:00+00:00,428.25,428.26,428.06,428.06,2960.0
2026-08-25T23:20:00+00:00,428.07,428.21,428.0634,428.18,477.313308
2026-08-25T23:25:00+00:00,428.18,428.18,427.73,427.73,1616.8210920000001
2026-08-25T23:30:00+00:00,427.5,427.6713,427.29,427.51,2739.0
2026-08-25T23:35:00+00:00,427.5,427.532,427.26,427.26,597.8762449999999
2026-08-25T23:40:00+00:00,427.5544,427.5544,427.5544,427.5544,168.0
2026-08-25T23:45:00+00:00,427.36,427.47,427.0127,427.0127,1077.0
2026-08-25T23:50:00+00:00,427.115,427.27,427.0,427.0,1820.2921190000002
2026-08-25T23:55:00+00:00,426.8612,427.069,426.8612,426.99,4221.2005580000005
2026-08-26T00:00:00+00:00,426.9,427.2,426.8,427.0,3687.0
2026-08-26T08:05:00+00:00,424.69,426.27,424.28,424.6,51948.021957000004
2026-08-26T08:10:00+00:00,424.55,424.56,424.29,424.56,6199.272018
2026-08-26T08:15:00+00:00,424.41,424.48,424.21,424.22,2040.259497
2026-08-26T08:20:00+00:00,424.17,424.35,424.0,424.21,7518.76084
2026-08-26T08:25:00+00:00,424.15,424.15,423.98,424.0657,5559.199755
2026-08-26T08:30:00+00:00,424.29,424.56,424.29,424.56,1211.012837
2026-08-26T08:35:00+00:00,424.38,424.62,424.38,424.53,633.0
2026-08-26T08:40:00+00:00,424.5665,424.5665,424.5665,424.5665,60.034854
2026-08-26T08:45:00+00:00,424.58,424.58,424.58,424.58,222.0
2026-08-26T08:50:00+00:00,424.59,424.59,424.49,424.49,698.62886
2026-08-26T08:55:00+00:00,424.5,424.5,424.43,424.43,753.166507
2026-08-26T09:00:00+00:00,424.37,424.45,424.32,424.38,1645.0
2026-08-26T09:05:00+00:00,424.45,424.72,424.39,424.56,3127.0
2026-08-26T09:10:00+00:00,424.25,424.25,424.17,424.17,763.0707199999999
2026-08-26T09:15:00+00:00,424.11,424.11,424.1,424.1,242.0
2026-08-26T09:20:00+00:00,424.0,424.0,423.9,423.92,465.236
2026-08-26T09:25:00+00:00,423.81,423.81,423.5752,423.5752,19461.976199
2026-08-26T09:30:00+00:00,423.6,423.68,423.4,423.47,1459.6172769999998
2026-08-26T09:35:00+00:00,423.53,423.93,423.51,423.93,2700.060704
2026-08-26T09:40:00+00:00,423.68,423.84,423.68,423.7,1170.422738
2026-08-26T09:45:00+00:00,423.67,423.96,423.67,423.96,884.352087
2026-08-26T09:50:00+00:00,423.9637,424.238,423.9452,424.11,2411.110362
2026-08-26T09:55:00+00:00,424.0,424.1437,423.99,424.0857,1996.3671840000002
2026-08-26T10:00:00+00:00,424.05,424.09,424.04,424.09,1067.0
2026-08-26T10:05:00+00:00,424.01,424.13,423.76,424.13,2990.218752
2026-08-26T10:10:00+00:00,423.9,423.9,423.9,423.9,325.0
2026-08-26T10:15:00+00:00,423.7664,423.7664,423.66,423.7,289.843981
2026-08-26T10:20:00+00:00,423.796,423.796,423.5,423.51,1304.0
2026-08-26T10:25:00+00:00,423.48,423.728,423.3729,423.5757,884.0479809999999
2026-08-26T10:30:00+00:00,423.59,423.59,423.13,423.28,3876.533435
2026-08-26T10:35:00+00:00,423.3163,423.71,423.28,423.64,1967.534055
2026-08-26T10:40:00+00:00,423.72,424.15,423.63,424.15,1963.790042
2026-08-26T10:45:00+00:00,424.09,424.09,423.7857,423.89,1566.8049890000002
2026-08-26T10:50:00+00:00,423.91,424.0753,423.91,424.06,6555.735612
2026-08-26T10:55:00+00:00,424.06,424.06,423.98,423.98,5239.353
2026-08-26T11:00:00+00:00,423.94,423.94,423.94,423.94,74.0
2026-08-26T11:05:00+00:00,423.82,424.12,423.67,423.88,7293.599
2026-08-26T11:10:00+00:00,423.8,423.82,423.4223,423.4223,3827.6583509999996
2026-08-26T11:15:00+00:00,423.52,423.61,423.44,423.5,2868.203035
2026-08-26T11:20:00+00:00,423.62,424.0481,423.62,423.98,1709.220221
2026-08-26T11:25:00+00:00,423.99,423.99,423.45,423.5,1533.0
2026-08-26T11:30:00+00:00,423.45,423.89,423.45,423.7707,1055.0
2026-08-26T11:35:00+00:00,423.87,423.9565,423.59,423.59,1561.15
2026-08-26T11:40:00+00:00,423.63,423.7085,423.4969,423.5,1529.143
2026-08-26T11:45:00+00:00,423.5226,423.65,423.51,423.65,1096.0
2026-08-26T11:50:00+00:00,423.63,423.63,423.4,423.6,2284.0
2026-08-26T11:55:00+00:00,423.53,423.76,423.53,423.65,1487.1618950000002
2026-08-26T12:00:00+00:00,423.7179,424.2199,423.6808,424.1109,14202.477134
2026-08-26T12:05:00+00:00,424.11,424.62,424.11,424.35,21737.0
2026-08-26T12:10:00+00:00,424.45,424.63,424.41,424.5144,4067.161479
2026-08-26T12:15:00+00:00,424.45,424.45,424.25,424.3,20531.002356
2026-08-26T12:20:00+00:00,424.3,424.65,424.14,424.6,1947.04
2026-08-26T12:25:00+00:00,424.6,424.6,424.2288,424.2796,1355.0
2026-08-26T12:30:00+00:00,424.28,424.7,424.27,424.69,4068.2920000000004
2026-08-26T12:35:00+00:00,424.8,424.95,423.0,423.91,57959.542285999996
2026-08-26T12:40:00+00:00,424.19,424.26,423.56,423.86,11988.396889
2026-08-26T12:45:00+00:00,423.8,424.16,423.3495,424.03,19965.721692
2026-08-26T12:50:00+00:00,424.04,424.07,423.6,424.07,4923.0
2026-08-26T12:55:00+00:00,424.08,424.23,422.96,423.3645,15480.331143
2026-08-26T13:00:00+00:00,423.3126,423.54,423.21,423.26,11795.02
2026-08-26T13:05:00+00:00,423.07,423.87,422.72,423.06,15885.0
2026-08-26T13:10:00+00:00,423.0,423.44,422.7,422.7,12925.430057000001
2026-08-26T13:15:00+00:00,422.82,423.02,422.66,422.83,13936.028049
2026-08-26T13:20:00+00:00,422.9,423.1045,421.77,423.0,32162.319949
2026-08-26T13:25:00+00:00,422.94,423.15,422.3,422.75,26400.019462
2026-08-26T13:30:00+00:00,422.79,422.98,422.41,422.88,15061.255348
2026-08-26T13:35:00+00:00,423.0,423.64,422.83,423.39,268811.28914999997
2026-08-26T13:40:00+00:00,423.44,423.5,423.0504,423.13,113450.936401
2026-08-26T13:45:00+00:00,423.1426,424.06,422.96,423.735,225295.98048000003
2026-08-26T13:50:00+00:00,423.7,424.3,423.61,424.29,321689.103061
2026-08-26T13:55:00+00:00,424.28,424.58,424.0,424.095,233436.87528
2026-08-26T14:00:00+00:00,424.12,424.82,424.11,424.78,155985.39327
2026-08-26T14:05:00+00:00,424.8,424.95,423.96,424.135,139550.633726
2026-08-26T14:10:00+00:00,424.15,424.29,423.8,423.98,116679.515841
2026-08-26T14:15:00+00:00,423.96,424.35,423.65,423.72,105231.733797
2026-08-26T14:20:00+00:00,423.74,424.1,423.64,423.96,133355.38473599998
2026-08-26T14:25:00+00:00,423.99,424.3,423.615,423.81,96097.408769
2026-08-26T14:30:00+00:00,423.82,423.83,423.32,423.39,97586.50536499999
2026-08-26T14:35:00+00:00,423.36,423.68,423.24,423.59,155118.07147199998
2026-08-26T14:40:00+00:00,423.549,423.59,423.09,423.45,112960.726321
2026-08-26T14:45:00+00:00,423.465,423.98,423.465,423.9,37665.402599999994
2026-08-26T14:50:00+00:00,423.92,423.96,422.97,423.07,131140.002278
2026-08-26T14:55:00+00:00,423.0,423.17,422.49,422.6399,114444.93707799999
2026-08-26T15:00:00+00:00,422.64,423.04,422.16,422.18,116394.439531
2026-08-26T15:05:00+00:00,422.15,422.38,421.27,421.73,199582.66566399997
2026-08-26T15:10:00+00:00,421.73,421.73,420.76,421.6812,233777.403614
2026-08-26T15:15:00+00:00,421.665,421.86,420.81,420.87,290857.127133
2026-08-26T15:20:00+00:00,420.875,421.34,420.31,421.02,203187.190778
2026-08-26T15:25:00+00:00,420.98,421.34,420.83,421.12,575598.760954
2026-08-26T15:30:00+00:00,421.12,421.74,421.0,421.43,143411.772615
2026-08-26T15:35:00+00:00,421.4,421.7,421.39,421.7,136372.18030100001
2026-08-26T15:40:00+00:00,421.7133,421.9998,421.63,421.9998,83201.565353
2026-08-26T15:45:00+00:00,421.995,422.31,421.89,422.3,99376.28763700002
2026-08-26T15:50:00+00:00,422.31,422.6968,422.27,422.62,76316.36867499999
2026-08-26T15:55:00+00:00,422.63,422.64,421.735,421.92,81692.716034
2026-08-26T16:00:00+00:00,421.89,422.2,421.51,421.53,86728.941046
2026-08-26T16:05:00+00:00,421.5,421.79,421.0,421.63,109728.199285
2026-08-26T16:10:00+00:00,421.635,422.08,421.6,421.9,189585.821906
2026-08-26T16:15:00+00:00,421.875,421.92,421.62,421.92,97215.79317799999
2026-08-26T16:20:00+00:00,421.9,421.94,421.61,421.82,61552.728361
2026-08-26T16:25:00+00:00,421.81,421.875,421.37,421.51,40600.641798
2026-08-26T16:30:00+00:00,421.56,421.635,421.38,421.4472,42096.460126
2026-08-26T16:35:00+00:00,421.455,421.56,421.26,421.38,70612.482097
2026-08-26T16:40:00+00:00,421.34,421.47,420.7,420.73,163159.324899
2026-08-26T16:45:00+00:00,420.74,421.11,420.59,420.791,44827.568884
2026-08-26T16:50:00+00:00,420.83,421.4,420.82,421.4,19645.803588
2026-08-26T16:55:00+00:00,421.4276,421.61,420.88,420.95,28508.33592
2026-08-26T17:00:00+00:00,420.9,421.1578,420.85,421.1,77733.94283
2026-08-26T17:05:00+00:00,421.14,421.34,421.09,421.28,40919.245347000004
2026-08-26T17:10:00+00:00,421.27,421.54,421.01,421.34,38289.710359000004
2026-08-26T17:15:00+00:00,421.3482,421.45,421.27,421.42,46600.113666
2026-08-26T17:20:00+00:00,421.42,421.51,421.2712,421.51,24273.931063999997
2026-08-26T17:25:00+00:00,421.515,421.78,421.47,421.5686,32999.925669000004
2026-08-26T17:30:00+00:00,421.555,421.75,421.3437,421.65,128030.82689600001
2026-08-26T17:35:00+00:00,421.67,422.075,421.59,421.9813,73999.217007
2026-08-26T17:40:00+00:00,421.99,422.0,421.48,421.6,51948.005018
2026-08-26T17:45:00+00:00,421.6,421.8,421.5,421.6,32281.733102999995
2026-08-26T17:50:00+00:00,421.62,421.765,421.5241,421.71,28103.772112000002
2026-08-26T17:55:00+00:00,421.72,421.79,421.64,421.66,33655.688185
2026-08-26T18:00:00+00:00,421.64,421.69,421.34,421.66,33954.772633
2026-08-26T18:05:00+00:00,421.66,422.18,421.6,422.15,27885.134487
2026-08-26T18:10:00+00:00,422.15,422.32,421.95,422.09,52251.661341
2026-08-26T18:15:00+00:00,422.065,422.22,421.87,421.9,42395.439621000005
2026-08-26T18:20:00+00:00,421.92,421.94,421.45,421.47,145074.332602
2026-08-26T18:25:00+00:00,421.485,421.49,421.23,421.34,64726.094434000006
2026-08-26T18:30:00+00:00,421.37,421.45,421.26,421.4299,54108.992752000006
2026-08-26T18:35:00+00:00,421.41,421.49,421.271,421.29,47590.717529
2026-08-26T18:40:00+00:00,421.25,421.55,421.1739,421.33,38304.481229
2026-08-26T18:45:00+00:00,421.34,421.68,421.34,421.605,119761.303853
2026-08-26T18:50:00+00:00,421.6,421.71,421.51,421.61,26135.472921
2026-08-26T18:55:00+00:00,421.58,421.69,421.545,421.545,31982.379373999996
2026-08-26T19:00:00+00:00,421.55,421.55,421.28,421.33,60259.031816
2026-08-26T19:05:00+00:00,421.35,421.44,421.08,421.16,46197.820211
2026-08-26T19:10:00+00:00,421.17,421.3,421.075,421.26,39266.464443000004
2026-08-26T19:15:00+00:00,421.26,421.49,421.25,421.36,50093.299611999995
2026-08-26T19:20:00+00:00,421.36,421.4896,421.13,421.155,66970.86725200001
2026-08-26T19:25:00+00:00,421.14,421.39,421.099,421.37,31114.004694
2026-08-26T19:30:00+00:00,421.37,421.78,421.37,421.72,85679.58143600001
2026-08-26T19:35:00+00:00,421.73,421.99,421.6,421.65,79414.80218900001
2026-08-26T19:40:00+00:00,421.64,421.75,421.5655,421.58,55837.075061
2026-08-26T19:45:00+00:00,421.57,421.6,421.35,421.48,120961.64099100001
2026-08-26T19:50:00+00:00,421.5,421.57,421.399,421.4362,81794.16579
2026-08-26T19:55:00+00:00,421.42,421.45,421.18,421.295,163160.920186
2026-08-26T20:00:00+00:00,421.3,421.43,421.16,421.33,238558.957756
2026-08-26T20:05:00+00:00,421.32,421.35,421.2107,421.35,21404.954567000004
2026-08-26T20:10:00+00:00,421.32,421.55,421.32,421.4684,9669.032491999998
2026-08-26T20:15:00+00:00,421.4,421.4,421.13,421.13,1735.2943719999998
2026-08-26T20:20:00+00:00,421.1599,421.1599,420.88,420.96,6056.946062
2026-08-26T20:25:00+00:00,420.92,420.92,420.39,420.8793,2717.566445
2026-08-26T20:30:00+00:00,420.91,421.11,420.91,421.01,7433.198926
2026-08-26T20:35:00+00:00,421.04,421.098,420.97,420.97,4464.95
2026-08-26T20:40:00+00:00,421.12,424.3333,421.12,421.19,167710.702606
2026-08-26T20:45:00+00:00,421.17,421.17,421.17,421.17,268.0
2026-08-26T20:50:00+00:00,421.13,421.2023,421.07,421.1,1516.023737
2026-08-26T20:55:00+00:00,421.1044,421.36,421.1044,421.1817,2311.218738
2026-08-26T21:00:00+00:00,421.23,421.24,421.22,421.22,925.0
2026-08-26T21:05:00+00:00,421.4744,421.49,421.36,421.469,852.0
2026-08-26T21:10:00+00:00,421.49,421.5,421.3401,421.5,1422.466813
2026-08-26T21:15:00+00:00,421.38,422.0,421.2937,421.337,4749.112148
2026-08-26T21:20:00+00:00,421.32,421.75,421.32,421.3643,1524.538001
2026-08-26T21:25:00+00:00,421.5,421.7475,421.5,421.7475,797.119
2026-08-26T21:30:00+00:00,421.43,421.75,421.43,421.7149,3311.2141110000002
2026-08-26T21:35:00+00:00,421.4479,421.75,421.4479,421.75,1108.0
2026-08-26T21:40:00+00:00,421.74,421.74,421.43,421.43,473.0
2026-08-26T21:45:00+00:00,421.6,421.6,421.6,421.6,235.023859
2026-08-26T21:50:00+00:00,421.5,421.5,421.43,421.43,1291.641271
2026-08-26T21:55:00+00:00,421.39,421.407,421.39,421.407,282.244
2026-08-26T22:00:00+00:00,421.47,421.4916,421.45,421.47,903.2473
2026-08-26T22:05:00+00:00,421.47,422.4292,421.47,422.02,4013.311276
2026-08-26T22:10:00+00:00,422.02,422.22,422.02,422.04,5063.147604
2026-08-26T22:15:00+00:00,422.08,422.2,421.9104,421.9104,20413.693
2026-08-26T22:20:00+00:00,422.02,422.8,422.02,422.8,2748.1973049999997
2026-08-26T22:25:00+00:00,422.87,422.95,422.605,422.61,1470.277077
2026-08-26T22:30:00+00:00,422.5,422.75,422.32,422.75,849.0624220000001
2026-08-26T22:35:00+00:00,422.85,422.85,422.44,422.6029,719.175641
2026-08-26T22:40:00+00:00,422.69,422.79,422.3974,422.65,3670.0
2026-08-26T22:45:00+00:00,422.72,422.76,422.4711,422.76,1121.1190000000001
2026-08-26T22:50:00+00:00,422.792,422.792,422.28,422.29,16003.028991
2026-08-26T22:55:00+00:00,422.52,422.52,422.3055,422.3337,2052.0
2026-08-26T23:00:00+00:00,422.3,422.51,422.3,422.37,3297.10134
2026-08-26T23:05:00+00:00,422.6,422.771,422.4,422.771,323.77848
2026-08-26T23:10:00+00:00,422.53,422.9194,422.48,422.48,3400.223243
2026-08-26T23:15:00+00:00,422.56,423.15,422.56,423.15,5681.295822
2026-08-26T23:20:00+00:00,423.05,423.52,423.05,423.52,2145.987243
2026-08-26T23:25:00+00:00,423.68,423.7,423.59,423.6,2934.038
2026-08-26T23:30:00+00:00,423.62,423.86,423.3717,423.3717,4438.279243999999
2026-08-26T23:35:00+00:00,423.3937,423.59,423.3937,423.59,161.917786
2026-08-26T23:40:00+00:00,423.67,423.86,423.4101,423.86,6374.163621
2026-08-26T23:45:00+00:00,423.9,423.9,423.69,423.84,1587.117609
2026-08-26T23:50:00+00:00,423.7077,423.93,423.6775,423.86,1497.0
2026-08-26T23:55:00+00:00,423.7225,423.91,423.65,423.7992,946.0
2026-08-27T00:00:00+00:00,423.8,423.9,423.72,423.9,1487.537521
2026-08-27T08:05:00+00:00,422.38,424.24,421.3,422.25,97333.66249399999
2026-08-27T08:10:00+00:00,422.34,422.38,422.0,422.0,8759.034486
2026-08-27T08:15:00+00:00,422.02,422.18,422.02,422.08,1031.0
2026-08-27T08:20:00+00:00,422.25,422.26,422.15,422.15,643.0
2026-08-27T08:25:00+00:00,422.08,422.08,421.8,421.84,2039.112985
2026-08-27T08:30:00+00:00,422.09,422.09,421.85,421.85,443.0
2026-08-27T08:35:00+00:00,421.82,421.86,421.67,421.68,2188.733046
2026-08-27T08:40:00+00:00,421.63,421.65,421.51,421.65,1928.0
2026-08-27T08:45:00+00:00,421.59,421.59,421.3,421.3,2020.080602
2026-08-27T08:50:00+00:00,421.4,421.52,421.4,421.52,2103.0
2026-08-27T08:55:00+00:00,421.7674,421.7674,421.7339,421.7339,399.0
2026-08-27T09:00:00+00:00,421.71,421.9,421.71,421.7874,682.334417
2026-08-27T09:05:00+00:00,421.41,421.41,421.2,421.2,1267.311262
2026-08-27T09:10:00+00:00,421.26,421.37,421.26,421.28,1345.0
2026-08-27T09:20:00+00:00,421.34,421.34,421.27,421.27,307.0
2026-08-27T09:25:00+00:00,421.44,421.44,421.4,421.4,260.0
2026-08-27T09:30:00+00:00,421.47,421.6,421.33,421.6,1669.728
2026-08-27T09:35:00+00:00,421.62,421.63,421.33,421.33,648.323436
2026-08-27T09:40:00+00:00,421.2,421.2,419.8,420.4,22255.849265
2026-08-27T09:45:00+00:00,420.25,420.3,420.06,420.06,2969.628749
2026-08-27T09:50:00+00:00,420.1346,420.27,420.0,420.0,2218.8954139999996
2026-08-27T09:55:00+00:00,420.22,420.26,420.16,420.18,556.238022
2026-08-27T10:00:00+00:00,420.14,420.14,419.87,419.9,4914.98552
2026-08-27T10:05:00+00:00,419.85,419.85,418.88,419.21,16639.743085000002
2026-08-27T10:10:00+00:00,419.21,419.52,419.07,419.52,4203.57018
2026-08-27T10:15:00+00:00,419.67,420.05,419.67,419.96,2507.17227
2026-08-27T10:20:00+00:00,420.13,420.21,419.67,419.9502,2606.356334
2026-08-27T10:25:00+00:00,419.95,420.05,419.94,420.0078,8755.0
2026-08-27T10:30:00+00:00,419.92,419.92,419.92,419.92,93.0
2026-08-27T10:35:00+00:00,419.86,419.9,419.78,419.79,1617.516069
2026-08-27T10:40:00+00:00,419.73,419.75,419.57,419.75,1571.0
2026-08-27T10:45:00+00:00,419.75,420.3,419.75,420.3,1673.0
2026-08-27T10:50:00+00:00,420.46,420.56,420.4,420.56,2283.0
2026-08-27T10:55:00+00:00,420.51,420.61,420.4,420.61,2428.0
2026-08-27T11:00:00+00:00,420.7,420.75,420.5,420.75,5823.0
2026-08-27T11:05:00+00:00,420.85,420.9247,420.54,420.75,4267.114152
2026-08-27T11:10:00+00:00,420.7028,420.86,420.7028,420.8586,863.128876
2026-08-27T11:15:00+00:00,420.86,421.0,420.85,421.0,1334.069931
2026-08-27T11:20:00+00:00,420.9905,421.01,420.96,421.01,535.0
2026-08-27T11:25:00+00:00,421.14,421.28,421.12,421.2,2856.1363069999998
2026-08-27T11:30:00+00:00,421.41,421.41,421.23,421.24,1803.82783
2026-08-27T11:35:00+00:00,421.26,421.58,421.26,421.5,4231.044465
2026-08-27T11:40:00+00:00,421.31,421.37,421.17,421.23,4735.098307
2026-08-27T11:45:00+00:00,421.4645,421.68,421.45,421.6245,2518.0
2026-08-27T11:50:00+00:00,421.5,421.55,421.31,421.35,1834.023425
2026-08-27T11:55:00+00:00,421.25,421.68,421.25,421.68,410.155107
2026-08-27T12:00:00+00:00,421.5997,421.7278,421.53,421.65,3434.0
2026-08-27T12:05:00+00:00,421.6,421.8,421.6,421.7,864.380602
2026-08-27T12:10:00+00:00,421.36,421.36,421.22,421.26,720.0
2026-08-27T12:15:00+00:00,421.28,421.3,421.12,421.12,26645.955485
2026-08-27T12:20:00+00:00,421.1,421.1,421.08,421.1,1301.0
2026-08-27T12:25:00+00:00,421.68,421.79,421.4471,421.5052,1909.77351
2026-08-27T12:30:00+00:00,421.31,421.36,421.13,421.13,1059.0
2026-08-27T12:35:00+00:00,421.25,421.35,421.201,421.201,914.0
2026-08-27T12:40:00+00:00,421.2,421.3164,420.76,420.8,2758.8687449999998
2026-08-27T12:45:00+00:00,420.66,420.8,420.62,420.65,2723.0130879999997
2026-08-27T12:50:00+00:00,420.51,420.55,420.2,420.2,4028.9825630000005
2026-08-27T12:55:00+00:00,420.2,420.2807,419.98,420.28,7056.8052800000005
2026-08-27T13:00:00+00:00,420.3,420.5,420.24,420.5,1967.0
2026-08-27T13:05:00+00:00,420.1054,420.79,419.83,420.7,4596.276
2026-08-27T13:10:00+00:00,420.81,420.8697,420.5,420.5537,6040.556352
2026-08-27T13:15:00+00:00,420.6,420.8039,420.6,420.6,2405.087926
2026-08-27T13:20:00+00:00,420.2,420.52,420.2,420.4,2195.6774299999997
2026-08-27T13:25:00+00:00,420.51,420.66,420.5,420.5308,2103.864
2026-08-27T13:30:00+00:00,420.61,421.1,420.6,420.82,16312.119999999999
2026-08-27T13:35:00+00:00,420.815,421.13,419.46,419.51,215075.063001
2026-08-27T13:40:00+00:00,419.52,420.05,419.39,419.53,85299.663168
2026-08-27T13:45:00+00:00,419.46,420.33,419.21,419.79,106550.20859699999
2026-08-27T13:50:00+00:00,419.75,419.9,418.43,419.6,155397.04560500002
2026-08-27T13:55:00+00:00,419.65,420.14,418.97,419.15,358546.49114
2026-08-27T14:00:00+00:00,419.18,419.475,419.05,419.19,153529.96056799998
2026-08-27T14:05:00+00:00,419.18,419.53,418.8417,419.5,185168.616238
2026-08-27T14:10:00+00:00,419.54,419.83,419.1,419.37,142111.508331
2026-08-27T14:15:00+00:00,419.385,419.66,419.13,419.31,64341.525599
2026-08-27T14:20:00+00:00,419.31,420.09,419.3,419.81,144511.419333
2026-08-27T14:25:00+00:00,419.83,420.2499,419.44,419.7199,189859.97855499998
2026-08-27T14:30:00+00:00,419.7,420.01,419.32,419.98,114382.22219199999
2026-08-27T14:35:00+00:00,419.9846,420.43,419.9846,420.42,53521.174253000005
2026-08-27T14:40:00+00:00,420.41,420.91,420.4,420.727,113736.87403100001
2026-08-27T14:45:00+00:00,420.75,421.49,420.475,421.22,250032.82980399998
2026-08-27T14:50:00+00:00,421.23,421.57,420.97,421.0539,200763.396246
2026-08-27T14:55:00+00:00,421.07,421.15,420.8492,420.89,84057.135068
2026-08-27T15:00:00+00:00,420.88,421.07,420.575,420.89,77232.088391
2026-08-27T15:05:00+00:00,420.895,421.28,420.895,421.11,68907.01558
2026-08-27T15:10:00+00:00,421.11,421.26,420.85,420.9305,79615.27157900001
2026-08-27T15:15:00+00:00,420.92,421.24,420.91,420.98,62474.56049
2026-08-27T15:20:00+00:00,420.98,421.49,420.98,421.47,75286.325243
2026-08-27T15:25:00+00:00,421.43,421.44,420.73,420.79,76038.049266
2026-08-27T15:30:00+00:00,420.79,421.27,420.67,421.03,63332.091604
2026-08-27T15:35:00+00:00,421.03,421.56,420.96,421.4,73412.24233499999
2026-08-27T15:40:00+00:00,421.4,421.63,421.32,421.63,96157.36348100001
2026-08-27T15:45:00+00:00,421.625,422.19,421.61,421.755,95918.95008300002
2026-08-27T15:50:00+00:00,421.77,422.1195,421.68,422.08,166861.432978
2026-08-27T15:55:00+00:00,422.08,422.62,422.0,422.56,73876.424834
2026-08-27T16:00:00+00:00,422.55,422.73,422.46,422.665,89184.35448899999
2026-08-27T16:05:00+00:00,422.65,422.87,422.5161,422.78,68211.787315
2026-08-27T16:10:00+00:00,422.7216,422.75,422.21,422.34,71684.85346700001
2026-08-27T16:15:00+00:00,422.35,422.38,422.08,422.11,60372.270038999995
2026-08-27T16:20:00+00:00,422.095,422.175,421.92,421.97,37999.889623
2026-08-27T16:25:00+00:00,421.97,422.44,421.97,422.27,106511.437899
2026-08-27T16:30:00+00:00,422.28,422.4646,422.24,422.39,50802.833812
2026-08-27T16:35:00+00:00,422.39,422.55,422.25,422.55,127043.905123
2026-08-27T16:40:00+00:00,422.495,422.88,422.44,422.8067,150700.371334
2026-08-27T16:45:00+00:00,422.765,422.78,422.625,422.76,33525.516240000004
2026-08-27T16:50:00+00:00,422.78,423.0678,422.67,422.71,200791.72088699997
2026-08-27T16:55:00+00:00,422.71,423.24,422.63,423.19,55954.750369
2026-08-27T17:00:00+00:00,423.2224,423.2224,422.875,423.11,50013.855064
2026-08-27T17:05:00+00:00,423.13,423.25,422.88,423.05,65142.61441
2026-08-27T17:10:00+00:00,423.03,423.03,422.67,422.695,46802.690093
2026-08-27T17:15:00+00:00,422.7,422.78,422.5,422.65,28610.506945
2026-08-27T17:20:00+00:00,422.655,422.66,422.49,422.53,34937.048802
2026-08-27T17:25:00+00:00,422.59,422.8,422.56,422.79,28736.181865999995
2026-08-27T17:30:00+00:00,422.8,422.84,422.57,422.675,30266.271919000003
2026-08-27T17:35:00+00:00,422.66,422.765,422.57,422.635,22197.165243999996
2026-08-27T17:40:00+00:00,422.61,422.75,422.49,422.75,19459.660584
2026-08-27T17:45:00+00:00,422.76,423.0335,422.62,422.77,36653.209647
2026-08-27T17:50:00+00:00,422.77,422.805,422.33,422.645,112118.192528
2026-08-27T17:55:00+00:00,422.63,422.67,422.36,422.47,33300.165356
2026-08-27T18:00:00+00:00,422.48,422.57,422.21,422.3,18734.927133
2026-08-27T18:05:00+00:00,422.32,422.395,421.93,422.01,34712.760789
2026-08-27T18:10:00+00:00,421.9965,422.45,421.9965,422.15,34603.188138000005
2026-08-27T18:15:00+00:00,422.2,422.31,422.08,422.23,26104.662523
2026-08-27T18:20:00+00:00,422.225,422.4,422.1717,422.4,25858.281698000003
2026-08-27T18:25:00+00:00,422.393,422.44,421.9831,422.03,41911.270632
2026-08-27T18:30:00+00:00,422.0255,422.0255,421.79,421.85,56082.169958
2026-08-27T18:35:00+00:00,421.83,422.05,421.8,421.915,32476.379747
2026-08-27T18:40:00+00:00,421.9,422.19,421.9,422.05,23713.207266999998
2026-08-27T18:45:00+00:00,422.11,422.14,422.05,422.09,15541.259050999999
2026-08-27T18:50:00+00:00,422.095,422.331,422.09,422.245,23240.823133
2026-08-27T18:55:00+00:00,422.23,422.747,422.15,422.55,36571.769727000006
2026-08-27T19:00:00+00:00,422.52,422.685,422.49,422.63,27991.529130000003
2026-08-27T19:05:00+00:00,422.64,423.2213,422.64,422.93,36226.350073
2026-08-27T19:10:00+00:00,422.94,423.35,422.85,423.27,73038.303382
2026-08-27T19:15:00+00:00,423.26,423.28,423.055,423.13,33445.263797
2026-08-27T19:20:00+00:00,423.14,423.18,422.59,422.7403,111857.582123
2026-08-27T19:25:00+00:00,422.79,422.79,422.32,422.3901,24847.978832
2026-08-27T19:30:00+00:00,422.385,422.49,422.11,422.26,30261.927692000005
2026-08-27T19:35:00+00:00,422.27,422.47,422.18,422.36,80420.50660000001
2026-08-27T19:40:00+00:00,422.4,422.5,422.35,422.445,34678.767217
2026-08-27T19:45:00+00:00,422.445,422.65,422.43,422.63,44404.729419999996
2026-08-27T19:50:00+00:00,422.649,422.9,422.525,422.67,92968.562173
2026-08-27T19:55:00+00:00,422.67,422.68,422.33,422.465,93878.49458299999
2026-08-27T20:00:00+00:00,422.465,422.65,422.21,422.6,295895.787777
2026-08-27T20:05:00+00:00,422.6,422.6,422.15,422.2015,19470.011677
2026-08-27T20:10:00+00:00,422.2,422.45,422.0,422.07,40357.0
2026-08-27T20:15:00+00:00,422.1,422.23,422.06,422.19,6028.243052
2026-08-27T20:20:00+00:00,422.19,422.25,422.11,422.25,3438.832245
2026-08-27T20:25:00+00:00,422.131,422.202,422.13,422.13,374.56100000000004
2026-08-27T20:30:00+00:00,422.0093,422.06,422.0,422.0208,1325.976119
2026-08-27T20:35:00+00:00,422.08,422.08,422.0,422.0615,5146.70659
2026-08-27T20:40:00+00:00,421.95,422.0681,421.95,422.0681,1227.0
2026-08-27T20:45:00+00:00,422.04,422.04,422.04,422.04,196.0
2026-08-27T20:50:00+00:00,422.1,422.1,421.94,421.98,717.9482439999999
2026-08-27T20:55:00+00:00,421.97,421.9872,421.86,421.9872,1151.119
2026-08-27T21:00:00+00:00,421.85,421.8806,421.75,421.82,980.119
2026-08-27T21:05:00+00:00,422.3631,422.44,422.3631,422.44,211.156849
2026-08-27T21:10:00+00:00,421.919,421.919,421.919,421.919,98.0
2026-08-27T21:20:00+00:00,421.91,421.91,421.81,421.81,257.483418
2026-08-27T21:25:00+00:00,421.8,422.02,421.8,422.02,936.025391
2026-08-27T21:30:00+00:00,422.1369,422.25,421.8,421.81,11404.0
2026-08-27T21:35:00+00:00,421.99,422.36,421.99,422.2853,1004.005208
2026-08-27T21:40:00+00:00,421.8,422.0,421.8,421.97,1866.0
2026-08-27T21:45:00+00:00,421.97,422.02,421.97,422.02,707.0
2026-08-27T21:50:00+00:00,422.2999,422.2999,422.2999,422.2999,432.023868
2026-08-27T21:55:00+00:00,422.33,422.33,422.33,422.33,63.0
2026-08-27T22:00:00+00:00,421.9948,421.9948,421.9948,421.9948,133.207797
2026-08-27T22:05:00+00:00,421.99,422.36,421.99,422.1,588.554
2026-08-27T22:10:00+00:00,421.8,422.1,421.8,422.1,3945.0
2026-08-27T22:20:00+00:00,421.9708,422.21,421.9708,422.0523,405.0
2026-08-27T22:25:00+00:00,422.26,422.48,422.2,422.4,1700.0
2026-08-27T22:30:00+00:00,422.45,422.4536,422.39,422.4536,201.0
2026-08-27T22:35:00+00:00,422.5,422.52,422.49,422.49,442.0
2026-08-27T22:40:00+00:00,422.4726,422.49,422.2973,422.3057,1786.0
2026-08-27T22:45:00+00:00,422.323,422.43,422.323,422.37,476.06620499999997
2026-08-27T22:50:00+00:00,422.4101,422.4212,422.4101,422.4212,370.0
2026-08-27T22:55:00+00:00,422.36,422.45,422.33,422.33,1166.0
2026-08-27T23:00:00+00:00,422.6,422.65,422.6,422.65,578.0
2026-08-27T23:05:00+00:00,422.77,422.8,422.6,422.6393,902.511
2026-08-27T23:10:00+00:00,422.32,422.38,422.32,422.38,803.0
2026-08-27T23:15:00+00:00,422.1,422.1,422.07,422.07,211.0
2026-08-27T23:20:00+00:00,421.91,421.94,421.91,421.94,158.312363
2026-08-27T23:25:00+00:00,421.8,421.85,421.8,421.85,759.256
2026-08-27T23:30:00+00:00,421.85,421.88,421.48,421.85,504.0
2026-08-27T23:35:00+00:00,421.7,421.74,421.5385,421.74,1738.356
2026-08-27T23:40:00+00:00,421.5,421.55,421.5,421.55,292.119
2026-08-27T23:45:00+00:00,421.57,421.6001,421.57,421.6001,216.237
2026-08-27T23:50:00+00:00,421.59,421.74,421.3,421.3,2198.681945
2026-08-27T23:55:00+00:00,421.44,421.44,421.34,421.4,590.364
2026-08-28T00:00:00+00:00,421.39,421.39,421.1652,421.1652,1264.809514
2026-08-28T08:05:00+00:00,423.04,423.19,419.34,422.92,54394.847718000005
2026-08-28T08:10:00+00:00,422.9949,422.9971,422.7789,422.84,1563.839736
2026-08-28T08:15:00+00:00,422.98,422.98,422.85,422.89,1362.335236
2026-08-28T08:20:00+00:00,422.99,422.99,422.69,422.69,1911.0
2026-08-28T08:25:00+00:00,422.69,422.74,422.69,422.74,530.0
2026-08-28T08:30:00+00:00,422.84,422.84,422.8,422.8,1386.9003699999998
2026-08-28T08:35:00+00:00,422.7662,422.87,422.5911,422.66,6499.0
2026-08-28T08:40:00+00:00,422.7792,422.87,422.52,422.52,2986.0
2026-08-28T08:45:00+00:00,422.47,422.47,422.09,422.09,8370.0
2026-08-28T08:50:00+00:00,422.1,422.14,421.96,422.07,7013.570046
2026-08-28T08:55:00+00:00,422.0,422.4089,422.0,422.35,3882.0
2026-08-28T09:00:00+00:00,422.26,422.2868,421.98,422.12,2294.25
2026-08-28T09:05:00+00:00,422.1755,422.2,422.05,422.12,3357.0
2026-08-28T09:10:00+00:00,422.11,422.22,422.0,422.0,958.0
2026-08-28T09:15:00+00:00,422.0,422.07,421.96,421.97,549.0
2026-08-28T09:20:00+00:00,421.93,422.03,421.88,421.88,599.0
2026-08-28T09:25:00+00:00,422.14,422.25,422.04,422.04,769.007002
2026-08-28T09:30:00+00:00,422.1,422.17,422.1,422.14,264.0
2026-08-28T09:35:00+00:00,422.04,422.19,421.99,422.07,8155.429399000001
2026-08-28T09:40:00+00:00,422.0,422.1404,421.97,422.01,1489.0
2026-08-28T09:45:00+00:00,422.22,422.22,422.15,422.15,328.0
2026-08-28T09:50:00+00:00,422.2,422.33,422.2,422.28,1311.0
2026-08-28T09:55:00+00:00,422.28,422.42,422.28,422.39,346.0
2026-08-28T10:00:00+00:00,422.37,422.43,422.28,422.3,1833.0047100000002
2026-08-28T10:05:00+00:00,422.29,422.29,422.29,422.29,82.0
2026-08-28T10:10:00+00:00,422.45,422.45,422.42,422.42,270.0
2026-08-28T10:15:00+00:00,422.49,422.57,422.49,422.54,508.09614799999997
2026-08-28T10:20:00+00:00,422.755,422.755,422.5,422.5,1169.422997
2026-08-28T10:25:00+00:00,422.2055,422.2055,422.12,422.13,807.048401
2026-08-28T10:30:00+00:00,422.15,422.15,422.0,422.0,1319.0
2026-08-28T10:35:00+00:00,422.54,422.54,422.408,422.408,93.0
2026-08-28T10:40:00+00:00,422.3,422.37,422.3,422.37,149.0
2026-08-28T10:45:00+00:00,422.1787,422.1787,422.06,422.06,412.0
2026-08-28T10:50:00+00:00,422.12,422.12,421.83,421.83,1208.0
2026-08-28T10:55:00+00:00,421.59,421.62,421.5325,421.62,1431.250396
2026-08-28T11:00:00+00:00,421.6301,421.74,421.6301,421.74,766.0
2026-08-28T11:05:00+00:00,421.807,421.807,421.64,421.75,16620.728442
2026-08-28T11:10:00+00:00,421.65,421.67,421.4,421.45,19386.75
2026-08-28T11:15:00+00:00,421.45,421.6086,421.44,421.5655,14665.152839
2026-08-28T11:20:00+00:00,421.75,421.95,421.75,421.95,5580.007156
2026-08-28T11:25:00+00:00,421.85,421.85,421.6439,421.7877,658.0
2026-08-28T11:30:00+00:00,421.8015,421.8499,421.63,421.65,641.0
2026-08-28T11:35:00+00:00,421.74,421.7977,421.71,421.71,742.0
2026-08-28T11:40:00+00:00,421.67,421.67,421.21,421.24,10249.76
2026-08-28T11:45:00+00:00,421.1034,421.32,421.07,421.26,3121.37318
2026-08-28T11:50:00+00:00,421.3196,421.37,421.2503,421.35,1312.35
2026-08-28T11:55:00+00:00,421.3576,421.37,421.28,421.28,487.0
2026-08-28T12:00:00+00:00,421.27,421.3,421.061,421.29,3346.770517
2026-08-28T12:05:00+00:00,421.24,421.24,421.0,421.1,1803.010681
2026-08-28T12:10:00+00:00,421.4139,421.4139,421.4139,421.4139,330.0
2026-08-28T12:15:00+00:00,421.16,421.42,421.16,421.3,8073.0
2026-08-28T12:20:00+00:00,421.29,421.29,421.1456,421.2,19247.0
2026-08-28T12:25:00+00:00,421.5,421.89,421.5,421.82,50820.0
2026-08-28T12:30:00+00:00,421.9,422.1597,421.87,421.87,2861.0
2026-08-28T12:35:00+00:00,421.87,421.87,421.08,421.08,3831.256863
2026-08-28T12:40:00+00:00,421.17,421.18,420.79,420.81,3783.024
2026-08-28T12:45:00+00:00,420.89,421.0,420.87,420.98,3048.04979
2026-08-28T12:50:00+00:00,421.11,421.22,420.92,421.1839,1359.357122
2026-08-28T12:55:00+00:00,421.46,421.46,421.16,421.341,2026.18
2026-08-28T13:00:00+00:00,421.63,422.06,421.63,422.04,7254.417812
2026-08-28T13:05:00+00:00,422.05,422.06,421.6,421.75,2514.315004
2026-08-28T13:10:00+00:00,421.76,422.23,421.76,421.7976,4193.26344
2026-08-28T13:15:00+00:00,421.7,421.85,421.6797,421.82,13450.148743
2026-08-28T13:20:00+00:00,421.72,421.72,421.29,421.7,30848.201074
2026-08-28T13:25:00+00:00,421.51,421.81,421.5,421.81,17470.700531
2026-08-28T13:30:00+00:00,421.9,422.23,421.81,422.18,15570.314203
2026-08-28T13:35:00+00:00,422.24,422.31,421.72,422.2863,151721.700028
2026-08-28T13:40:00+00:00,422.28,422.4699,421.88,422.38,60734.907803
2026-08-28T13:45:00+00:00,422.38,422.539,421.98,422.23,46682.887942
2026-08-28T13:50:00+00:00,422.26,422.93,422.26,422.68,94302.303889
2026-08-28T13:55:00+00:00,422.76,422.935,422.49,422.775,77117.108986
2026-08-28T14:00:00+00:00,422.76,424.33,422.05,422.21,318637.776219
2026-08-28T14:05:00+00:00,422.0,424.79,419.35,419.7341,925973.8812899999
2026-08-28T14:10:00+00:00,419.76,420.19,417.04,419.43,1242294.343172
2026-08-28T14:15:00+00:00,419.4069,419.4069,416.4,416.825,1093309.926547
2026-08-28T14:20:00+00:00,416.87,418.78,416.74,417.52,553194.833161
2026-08-28T14:25:00+00:00,417.53,418.94,417.02,417.91,313757.20856
2026-08-28T14:30:00+00:00,417.91,418.08,415.24,417.315,1139225.121978
2026-08-28T14:35:00+00:00,417.325,419.04,417.325,419.02,560047.285752
2026-08-28T14:40:00+00:00,418.99,419.63,418.5,418.53,349302.87217700004
2026-08-28T14:45:00+00:00,418.5432,418.86,417.81,418.2,287349.594426
2026-08-28T14:50:00+00:00,418.16,418.33,417.34,417.46,228998.271332
2026-08-28T14:55:00+00:00,417.445,419.07,417.2,419.035,240219.362386
2026-08-28T15:00:00+00:00,419.1,419.98,418.97,419.52,545414.423659
2026-08-28T15:05:00+00:00,419.52,420.05,419.03,419.785,812705.6970120001
2026-08-28T15:10:00+00:00,419.76,419.92,419.04,419.14,370468.578139
2026-08-28T15:15:00+00:00,419.11,419.19,417.66,417.87,209043.275659
2026-08-28T15:20:00+00:00,417.9,418.36,417.39,417.5,115315.46634900001
2026-08-28T15:25:00+00:00,417.56,418.5,417.19,418.47,149922.412147
2026-08-28T15:30:00+00:00,418.49,418.755,417.75,418.55,642109.233423
2026-08-28T15:35:00+00:00,418.555,418.58,417.44,417.73,313476.47095499997
2026-08-28T15:40:00+00:00,417.78,418.26,416.78,416.83,273507.150503
2026-08-28T15:45:00+00:00,416.83,416.895,415.61,416.0,404113.15446399996
2026-08-28T15:50:00+00:00,416.11,416.71,415.38,415.705,172025.08324
2026-08-28T15:55:00+00:00,415.73,416.66,415.61,416.13,221099.65364899999
2026-08-28T16:00:00+00:00,416.08,416.21,414.561,414.66,351873.03685599996
2026-08-28T16:05:00+00:00,414.64,415.055,414.26,414.2701,234665.867276
2026-08-28T16:10:00+00:00,414.23,414.25,413.13,413.16,562776.2830749999
2026-08-28T16:15:00+00:00,413.13,413.81,412.11,412.23,400616.71442299994
2026-08-28T16:20:00+00:00,412.19,412.72,410.683,410.683,457649.030837
2026-08-28T16:25:00+00:00,410.7014,410.92,409.11,409.53,1019646.2399299999
2026-08-28T16:30:00+00:00,409.52,410.81,409.19,410.685,552868.033078
2026-08-28T16:35:00+00:00,410.67,411.34,409.91,410.09,478890.810753
2026-08-28T16:40:00+00:00,410.105,411.45,410.0968,411.1385,319104.53992300003
2026-08-28T16:45:00+00:00,411.13,411.26,409.42,409.65,198874.24130199998
2026-08-28T16:50:00+00:00,409.7,410.8363,409.7,410.8358,188916.34719200002
2026-08-28T16:55:00+00:00,410.84,411.11,410.58,410.68,295320.201619
2026-08-28T17:00:00+00:00,410.69,410.86,410.15,410.59,254812.05333100003
2026-08-28T17:05:00+00:00,410.62,410.8,410.04,410.3,484965.892617
2026-08-28T17:10:00+00:00,410.32,410.95,410.26,410.65,212124.49244099998
2026-08-28T17:15:00+00:00,410.65,410.77,409.8805,410.77,264756.523234
2026-08-28T17:20:00+00:00,410.87,410.89,410.25,410.78,121670.064001
2026-08-28T17:25:00+00:00,410.81,411.2996,410.7001,411.1445,82305.309817
2026-08-28T17:30:00+00:00,411.19,411.25,410.32,410.49,97296.021644
2026-08-28T17:35:00+00:00,410.57,410.84,410.07,410.6127,232304.576116
2026-08-28T17:40:00+00:00,410.61,410.85,409.89,409.94,100209.592111
2026-08-28T17:45:00+00:00,409.9677,410.25,408.8701,409.59,168024.387307
2026-08-28T17:50:00+00:00,409.55,410.31,409.49,410.16,89850.134595
2026-08-28T17:55:00+00:00,410.175,410.305,409.97,410.04,203764.024092
2026-08-28T18:00:00+00:00,410.01,410.01,409.5,409.76,92630.742554
2026-08-28T18:05:00+00:00,409.7763,409.96,408.93,409.0,158264.750949
2026-08-28T18:10:00+00:00,409.02,409.59,408.87,409.09,123251.528503
2026-08-28T18:15:00+00:00,409.09,409.407,408.9,409.08,133190.676607
2026-08-28T18:20:00+00:00,409.05,409.19,408.32,408.85,187424.268325
2026-08-28T18:25:00+00:00,408.8312,409.27,408.0801,408.38,161266.52814799998
2026-08-28T18:30:00+00:00,408.42,409.2563,408.28,408.61,122979.586739
2026-08-28T18:35:00+00:00,408.57,408.85,408.24,408.7,159699.28956
2026-08-28T18:40:00+00:00,408.69,408.71,408.14,408.31,120258.841258
2026-08-28T18:45:00+00:00,408.315,408.54,407.62,408.18,216351.196794
2026-08-28T18:50:00+00:00,408.1899,408.53,407.88,408.35,116803.062225
2026-08-28T18:55:00+00:00,408.365,408.69,408.22,408.45,105474.520408
2026-08-28T19:00:00+00:00,408.46,408.8399,408.29,408.7,86451.80446700001
2026-08-28T19:05:00+00:00,408.645,409.17,408.31,408.73,164568.791698
2026-08-28T19:10:00+00:00,408.75,409.19,408.67,409.12,80545.73999799999
2026-08-28T19:15:00+00:00,409.11,409.14,408.42,408.64,122954.50154600001
2026-08-28T19:20:00+00:00,408.6705,409.03,408.48,408.96,56698.530248
2026-08-28T19:25:00+00:00,408.96,409.155,408.695,408.845,82537.164494
2026-08-28T19:30:00+00:00,408.89,409.2899,408.89,409.1601,108352.87730699999
2026-08-28T19:35:00+00:00,409.135,409.4,409.055,409.21,81175.670625
2026-08-28T19:40:00+00:00,409.215,409.59,409.12,409.52,108827.698177
2026-08-28T19:45:00+00:00,409.52,409.58,409.36,409.4013,158331.635775
2026-08-28T19:50:00+00:00,409.405,409.405,408.485,408.7149,299379.61794599995
2026-08-28T19:55:00+00:00,408.7,408.9677,408.28,408.72,430363.79653299996
2026-08-28T20:00:00+00:00,408.72,409.12,408.64,408.81,557137.974892
2026-08-28T20:05:00+00:00,408.89,409.16,408.54,409.02,55702.708614999996
2026-08-28T20:10:00+00:00,409.0,409.07,408.95,408.97,94327.46165499999
2026-08-28T20:15:00+00:00,409.02,409.09,408.67,408.83,37603.087483
2026-08-28T20:20:00+00:00,408.8,409.0,408.8,408.88,2864.111546
2026-08-28T20:25:00+00:00,408.8,408.8,408.42,408.4446,6830.087282
2026-08-28T20:30:00+00:00,408.46,408.75,408.37,408.75,4767.384048
2026-08-28T20:35:00+00:00,408.75,408.75,408.58,408.6615,7104.025
2026-08-28T20:40:00+00:00,408.63,408.7438,408.58,408.58,2939.007428
2026-08-28T20:45:00+00:00,408.6684,408.6684,408.6684,408.6684,126.0
2026-08-28T20:50:00+00:00,408.75,408.93,408.75,408.93,483.149682
2026-08-28T20:55:00+00:00,408.93,408.93,408.4,408.4,2986.239388
2026-08-28T21:00:00+00:00,408.5704,408.6,408.32,408.59,4498.01
2026-08-28T21:05:00+00:00,408.59,408.9269,408.56,408.6,1712.064054
2026-08-28T21:10:00+00:00,408.6,408.9497,408.5001,408.9497,3431.0
2026-08-28T21:15:00+00:00,408.6,408.66,408.5,408.5,869.0
2026-08-28T21:20:00+00:00,408.8,408.8,408.5248,408.6,2169.0
2026-08-28T21:25:00+00:00,408.612,408.65,408.612,408.64,1521.02
2026-08-28T21:30:00+00:00,408.6338,408.74,408.6072,408.66,4160.0
2026-08-28T21:35:00+00:00,408.7399,419.7,408.5329,408.64,17193.0
2026-08-28T21:40:00+00:00,408.65,408.74,408.6006,408.74,465.082
2026-08-28T21:45:00+00:00,408.8,408.99,408.8,408.9683,1281.0272
2026-08-28T21:50:00+00:00,408.99,409.1771,408.99,409.0,3707.952
2026-08-28T21:55:00+00:00,409.0845,409.2,409.0845,409.1845,1354.279045
2026-08-28T22:00:00+00:00,409.1921,409.1957,409.0,409.1775,4275.215895
2026-08-28T22:05:00+00:00,409.1836,409.1836,409.02,409.0748,467.545
2026-08-28T22:10:00+00:00,409.08,409.1511,409.0,409.1511,802.247955
2026-08-28T22:15:00+00:00,409.0,409.1777,409.0,409.0,739.859967
2026-08-28T22:20:00+00:00,409.012,409.07,409.012,409.07,128.0
2026-08-28T22:25:00+00:00,409.07,409.1,409.07,409.1,145.049168
2026-08-28T22:30:00+00:00,409.17,409.5,409.17,409.5,1745.006829
2026-08-28T22:35:00+00:00,409.43,409.48,409.2703,409.411,1616.048671
2026-08-28T22:40:00+00:00,409.403,409.403,409.22,409.37,2075.828
2026-08-28T22:45:00+00:00,409.2304,409.3408,409.12,409.3408,679.1
2026-08-28T22:50:00+00:00,409.21,409.31,409.1259,409.31,728.064644
2026-08-28T22:55:00+00:00,409.1,409.1,409.1,409.1,290.0
2026-08-28T23:05:00+00:00,409.25,409.25,409.25,409.25,255.306023
2026-08-28T23:10:00+00:00,409.1501,409.25,409.12,409.12,3138.693756
2026-08-28T23:15:00+00:00,409.31,409.31,409.15,409.15,609.1220000000001
2026-08-28T23:20:00+00:00,409.15,409.2,409.15,409.15,586.122
2026-08-28T23:25:00+00:00,409.15,409.15,409.12,409.12,759.469527
2026-08-28T23:30:00+00:00,409.1465,409.15,409.13,409.15,498.244
2026-08-28T23:35:00+00:00,409.1202,409.1993,409.1202,409.1993,1012.956105
2026-08-28T23:40:00+00:00,409.3393,409.3393,409.23,409.23,248.098
2026-08-28T23:45:00+00:00,409.21,409.2499,409.21,409.2499,284.468052
2026-08-28T23:50:00+00:00,409.21,409.2299,409.21,409.2299,636.218217
2026-08-28T23:55:00+00:00,409.25,409.25,409.25,409.25,345.0
2026-08-29T00:00:00+00:00,409.12,409.23,409.0,409.23,3569.103295
2026-08-31T08:05:00+00:00,407.64,408.1,404.66,408.04,47868.616218
2026-08-31T08:10:00+00:00,407.95,407.95,406.48,407.53,3168.708496
2026-08-31T08:15:00+00:00,407.408,407.408,406.89,407.0,2855.845379
2026-08-31T08:20:00+00:00,407.07,407.15,406.8,407.15,2157.082364
2026-08-31T08:25:00+00:00,407.0,407.14,406.95,406.98,7756.8871
2026-08-31T08:30:00+00:00,407.15,407.25,407.04,407.25,1443.0
2026-08-31T08:35:00+00:00,407.11,407.11,406.7859,406.7859,6230.943695
2026-08-31T08:40:00+00:00,406.78,406.87,406.77,406.87,1232.8434579999998
2026-08-31T08:45:00+00:00,406.7,406.7,406.7,406.7,283.0
2026-08-31T08:50:00+00:00,406.74,406.79,406.74,406.79,852.0
2026-08-31T08:55:00+00:00,406.65,406.7498,406.6,406.6142,4134.82
2026-08-31T09:00:00+00:00,406.6217,406.79,406.6217,406.75,2410.3937260000002
2026-08-31T09:05:00+00:00,407.0,407.0325,407.0,407.0325,222.82905
2026-08-31T09:10:00+00:00,407.19,407.19,407.0,407.0,1553.718333
2026-08-31T09:15:00+00:00,406.86,407.41,406.86,407.41,1835.950758
2026-08-31T09:20:00+00:00,407.42,407.5,407.32,407.32,1030.520618
2026-08-31T09:25:00+00:00,407.25,407.26,407.23,407.23,762.04
2026-08-31T09:30:00+00:00,407.0,407.09,407.0,407.09,692.0
2026-08-31T09:35:00+00:00,407.36,407.55,407.3,407.49,265.23388
2026-08-31T09:40:00+00:00,407.57,407.57,407.41,407.4356,299.26709
2026-08-31T09:45:00+00:00,407.32,407.44,407.28,407.44,768.059
2026-08-31T09:50:00+00:00,407.45,407.5,407.41,407.4323,2768.170931
2026-08-31T09:55:00+00:00,407.23,407.55,407.21,407.55,3016.393615
2026-08-31T10:00:00+00:00,407.5,407.68,407.45,407.68,5640.123
2026-08-31T10:05:00+00:00,407.72,407.7714,407.72,407.7714,2211.123
2026-08-31T10:10:00+00:00,407.97,408.35,407.97,408.06,9645.881812
2026-08-31T10:15:00+00:00,407.92,408.22,407.84,408.22,3827.0
2026-08-31T10:20:00+00:00,408.24,408.25,407.76,407.93,3289.735
2026-08-31T10:25:00+00:00,408.01,408.01,407.85,407.85,738.0
2026-08-31T10:30:00+00:00,407.78,407.78,407.78,407.78,434.0
2026-08-31T10:35:00+00:00,407.95,408.0,407.95,408.0,477.019041
2026-08-31T10:40:00+00:00,408.0,408.18,407.97,408.1,2247.0
2026-08-31T10:45:00+00:00,408.12,408.23,407.98,408.23,4510.0
2026-08-31T10:50:00+00:00,408.1,408.24,408.1,408.22,4212.0
2026-08-31T10:55:00+00:00,408.32,408.6,408.32,408.4,2291.2158950000003
2026-08-31T11:00:00+00:00,408.5,408.61,408.47,408.51,2387.0394
2026-08-31T11:05:00+00:00,408.46,408.68,408.37,408.58,17975.691981
2026-08-31T11:10:00+00:00,408.54,408.67,408.4,408.62,7292.574741
2026-08-31T11:15:00+00:00,408.66,408.75,408.47,408.47,5723.327848
2026-08-31T11:20:00+00:00,408.36,408.75,408.36,408.75,1351.66
2026-08-31T11:25:00+00:00,408.75,408.8,408.75,408.779,4253.379131
2026-08-31T11:30:00+00:00,408.88,409.37,408.88,409.25,9700.425179
2026-08-31T11:35:00+00:00,409.14,409.14,408.92,408.92,5958.025216
2026-08-31T11:40:00+00:00,408.8,408.959,408.62,408.67,12347.917000000001
2026-08-31T11:45:00+00:00,408.8,408.8,408.47,408.56,1294.083249
2026-08-31T11:50:00+00:00,408.4,408.4,408.35,408.4,999.0728240000001
2026-08-31T11:55:00+00:00,408.4007,408.4007,408.2856,408.3,742.003451
2026-08-31T12:00:00+00:00,408.469,408.63,408.469,408.63,6811.0
2026-08-31T12:05:00+00:00,408.62,408.85,408.595,408.6518,2629.0
2026-08-31T12:10:00+00:00,408.85,409.0,408.12,408.7188,9090.189723
2026-08-31T12:15:00+00:00,408.52,408.96,408.52,408.65,3533.0
2026-08-31T12:20:00+00:00,408.74,408.86,408.56,408.7976,6388.0
2026-08-31T12:25:00+00:00,408.57,408.74,408.1,408.29,4159.0
2026-08-31T12:30:00+00:00,408.3,408.3,407.85,408.0,6543.326994999999
2026-08-31T12:35:00+00:00,407.78,408.0,407.68,407.77,14346.11
2026-08-31T12:40:00+00:00,407.7,407.81,407.38,407.38,12613.039664
2026-08-31T12:45:00+00:00,407.35,407.41,407.1171,407.28,7505.0
2026-08-31T12:50:00+00:00,407.15,407.21,406.81,406.9097,10001.475408999999
2026-08-31T12:55:00+00:00,406.97,407.3,406.95,406.9577,5909.024832
2026-08-31T13:00:00+00:00,406.9206,407.09,406.7603,406.84,8575.136599
2026-08-31T13:05:00+00:00,406.76,407.2,406.75,407.0,8301.614
2026-08-31T13:10:00+00:00,406.99,407.69,406.99,407.65,22948.0
2026-08-31T13:15:00+00:00,407.64,407.79,407.48,407.68,9466.633
2026-08-31T13:20:00+00:00,407.8,407.93,407.48,407.61,6818.089928
2026-08-31T13:25:00+00:00,407.48,407.57,407.12,407.2397,13854.098154
2026-08-31T13:30:00+00:00,407.45,407.89,407.38,407.8,9611.26605
2026-08-31T13:35:00+00:00,407.76,407.91,406.95,406.99,291874.6021489999
2026-08-31T13:40:00+00:00,407.03,407.46,406.75,406.85,190185.73671
2026-08-31T13:45:00+00:00,406.84,406.96,406.4,406.57,222291.11766
2026-08-31T13:50:00+00:00,406.59,406.59,405.76,405.81,272671.23802399996
2026-08-31T13:55:00+00:00,405.7905,406.15,405.28,405.7,233591.34716200002
2026-08-31T14:00:00+00:00,405.74,405.78,404.9,405.1709,189167.635053
2026-08-31T14:05:00+00:00,405.18,405.65,405.03,405.405,131365.766314
2026-08-31T14:10:00+00:00,405.38,406.03,405.29,405.965,219797.250841
2026-08-31T14:15:00+00:00,405.9581,406.01,405.425,406.01,119042.26581399998
2026-08-31T14:20:00+00:00,406.01,406.34,405.73,405.94,169236.550606
2026-08-31T14:25:00+00:00,405.92,405.92,404.97,405.21,154475.936625
2026-08-31T14:30:00+00:00,405.1799,405.59,405.07,405.28,152623.912881
2026-08-31T14:35:00+00:00,405.28,406.08,405.22,405.75,156370.824121
2026-08-31T14:40:00+00:00,405.78,406.85,405.76,406.58,88931.98168699999
2026-08-31T14:45:00+00:00,406.57,406.79,406.36,406.5,148295.013928
2026-08-31T14:50:00+00:00,406.5,406.79,406.095,406.13,91354.781658
2026-08-31T14:55:00+00:00,406.11,406.57,405.88,406.535,160628.58800400002
2026-08-31T15:00:00+00:00,406.53,406.82,406.36,406.4,65682.593185
2026-08-31T15:05:00+00:00,406.41,406.87,406.12,406.12,68702.19117
2026-08-31T15:10:00+00:00,406.13,406.67,406.1,406.66,60003.212434
2026-08-31T15:15:00+00:00,406.65,406.97,406.47,406.74,114389.453772
2026-08-31T15:20:00+00:00,406.75,406.97,406.19,406.47,49449.560669
2026-08-31T15:25:00+00:00,406.48,406.78,406.21,406.58,126383.97977199999
2026-08-31T15:30:00+00:00,406.6,406.7,406.36,406.56,48996.770388000004
2026-08-31T15:35:00+00:00,406.53,406.68,406.12,406.3,105547.73888100001
2026-08-31T15:40:00+00:00,406.3,406.53,406.0,406.24,226975.024352
2026-08-31T15:45:00+00:00,406.26,406.39,405.96,406.06,31182.127997
2026-08-31T15:50:00+00:00,406.05,406.5799,406.05,406.42,42570.946708999996
2026-08-31T15:55:00+00:00,406.4,406.5,405.99,406.09,66090.10226099999
2026-08-31T16:00:00+00:00,406.085,406.19,405.78,405.92,104612.807283
2026-08-31T16:05:00+00:00,405.96,406.51,405.67,406.325,93625.941058
2026-08-31T16:10:00+00:00,406.31,406.83,406.285,406.66,82299.297725
2026-08-31T16:15:00+00:00,406.66,406.94,406.52,406.71,89859.597981
2026-08-31T16:20:00+00:00,406.755,406.9,406.67,406.72,52828.64238899999
2026-08-31T16:25:00+00:00,406.73,406.87,406.58,406.8,25237.043923999998
2026-08-31T16:30:00+00:00,406.83,407.06,406.75,407.05,43185.359904
2026-08-31T16:35:00+00:00,407.06,407.21,406.7701,406.87,87628.16904899999
2026-08-31T16:40:00+00:00,406.86,406.86,406.409,406.48,69572.23924699999
2026-08-31T16:45:00+00:00,406.46,406.9745,406.42,406.82,74837.933376
2026-08-31T16:50:00+00:00,406.84,406.93,406.51,406.66,59292.88221799999
2026-08-31T16:55:00+00:00,406.645,406.965,406.64,406.665,22565.871311
2026-08-31T17:00:00+00:00,406.69,406.69,406.49,406.59,37974.222725
2026-08-31T17:05:00+00:00,406.6,406.71,406.395,406.52,37120.536867
2026-08-31T17:10:00+00:00,406.53,406.56,406.33,406.46,37787.158448
2026-08-31T17:15:00+00:00,406.43,406.7674,406.42,406.65,33320.117282
2026-08-31T17:20:00+00:00,406.56,406.86,406.54,406.83,32903.290213
2026-08-31T17:25:00+00:00,406.83,406.92,406.55,406.55,42143.178568
2026-08-31T17:30:00+00:00,406.57,406.76,406.18,406.36,77689.060847
2026-08-31T17:35:00+00:00,406.33,406.73,406.28,406.54,43977.253386000004
2026-08-31T17:40:00+00:00,406.57,406.8,406.57,406.63,29205.282961999997
2026-08-31T17:45:00+00:00,406.62,406.93,406.57,406.885,33119.986875
2026-08-31T17:50:00+00:00,406.87,407.2,406.8,407.07,38121.574479999996
2026-08-31T17:55:00+00:00,407.0751,407.2095,406.94,406.9844,41605.781398
2026-08-31T18:00:00+00:00,406.9807,407.01,406.8,406.89,39995.542448
2026-08-31T18:05:00+00:00,406.9,406.9,406.33,406.49,60419.399073
2026-08-31T18:10:00+00:00,406.48,406.54,406.38,406.41,66025.76221399999
2026-08-31T18:15:00+00:00,406.405,406.61,406.31,406.61,22788.070040000002
2026-08-31T18:20:00+00:00,406.62,406.69,406.43,406.4499,18536.482217
2026-08-31T18:25:00+00:00,406.45,406.5599,406.445,406.52,21117.014385000002
2026-08-31T18:30:00+00:00,406.515,406.52,406.235,406.25,128673.181102
2026-08-31T18:35:00+00:00,406.23,406.23,405.931,406.06,31683.084242000004
2026-08-31T18:40:00+00:00,406.06,406.165,405.985,406.13,64962.520005
2026-08-31T18:45:00+00:00,406.14,406.3,406.05,406.22,23375.358987
2026-08-31T18:50:00+00:00,406.2,406.54,406.2,406.54,47726.649927
2026-08-31T18:55:00+00:00,406.54,406.69,406.4901,406.58,32560.011352
2026-08-31T19:00:00+00:00,406.58,406.63,406.325,406.3699,31796.639401
2026-08-31T19:05:00+00:00,406.3623,406.5799,406.2101,406.35,47781.655703000004
2026-08-31T19:10:00+00:00,406.35,406.72,406.35,406.72,40535.700885
2026-08-31T19:15:00+00:00,406.75,406.77,406.52,406.63,49973.878325
2026-08-31T19:20:00+00:00,406.62,406.67,406.59,406.61,47349.834513
2026-08-31T19:25:00+00:00,406.6299,407.17,406.55,407.13,85662.76299399999
2026-08-31T19:30:00+00:00,407.16,407.44,407.03,407.25,110829.772103
2026-08-31T19:35:00+00:00,407.26,407.3,407.15,407.26,60740.864579999994
2026-08-31T19:40:00+00:00,407.26,407.71,407.21,407.485,643818.078636
2026-08-31T19:45:00+00:00,407.49,407.535,407.1,407.4819,153259.015586
2026-08-31T19:50:00+00:00,407.47,408.01,407.32,408.0,171665.00854100002
2026-08-31T19:55:00+00:00,408.0,408.38,407.84,408.16,360818.31391200004
2026-08-31T20:00:00+00:00,408.15,408.8,407.92,408.44,574533.479475
2026-08-31T20:05:00+00:00,408.42,408.6895,408.37,408.4,32171.453454999995
2026-08-31T20:10:00+00:00,408.39,408.4,408.26,408.2806,8696.089045
2026-08-31T20:15:00+00:00,408.34,408.36,408.06,408.1124,5951.710951
2026-08-31T20:20:00+00:00,408.1476,408.1476,408.02,408.02,4713.0
2026-08-31T20:25:00+00:00,408.0,408.0,407.86,407.86,9628.28152
2026-08-31T20:30:00+00:00,407.92,407.92,407.83,407.83,1128.0
2026-08-31T20:35:00+00:00,407.95,407.97,407.95,407.96,1203.0
2026-08-31T20:40:00+00:00,407.99,408.0,407.99,408.0,1081.0
2026-08-31T20:45:00+00:00,407.94,408.0,407.9,408.0,1220.0142190000001
2026-08-31T20:50:00+00:00,407.94,407.94,407.78,407.78,2935.035766
2026-08-31T20:55:00+00:00,407.8,407.9,407.8,407.9,298157.0
2026-08-31T21:00:00+00:00,407.88,408.04,407.88,407.95,1765.502791
2026-08-31T21:05:00+00:00,407.92,408.04,407.92,407.9963,3183.113369
2026-08-31T21:10:00+00:00,407.95,408.13,407.95,407.9689,2207.14216
2026-08-31T21:15:00+00:00,408.05,408.05,408.05,408.05,943.0
2026-08-31T21:20:00+00:00,408.0399,408.0399,407.97,407.97,266.0
2026-08-31T21:25:00+00:00,407.95,407.99,407.95,407.99,2229.298
2026-08-31T21:30:00+00:00,407.98,407.98,407.95,407.96,850.613
2026-08-31T21:35:00+00:00,407.9566,407.9566,407.9566,407.9566,247.495788
2026-08-31T21:45:00+00:00,407.95,407.9997,407.95,407.9997,270.468875
2026-08-31T21:50:00+00:00,407.9964,408.0,407.9964,408.0,1133.613
2026-08-31T21:55:00+00:00,407.99,407.99,407.99,407.99,43.0
2026-08-31T22:00:00+00:00,407.9983,407.9999,407.9983,407.9999,314.447
2026-08-31T22:05:00+00:00,407.99,408.4,407.99,408.4,7451.830475
2026-08-31T22:10:00+00:00,408.37,408.56,408.16,408.56,5517.390627000001
2026-08-31T22:15:00+00:00,408.58,408.58,408.38,408.39,974.992384
2026-08-31T22:20:00+00:00,408.2,408.22,408.0612,408.0612,1149.657
2026-08-31T22:25:00+00:00,408.05,408.05,407.91,407.97,957.203968
2026-08-31T22:30:00+00:00,407.97,408.14,407.79,407.97,1437.287
2026-08-31T22:35:00+00:00,408.17,408.2,408.17,408.18,599.063825
2026-08-31T22:40:00+00:00,408.0,408.0,408.0,408.0,678.00245
2026-08-31T22:45:00+00:00,408.0,408.0,407.85,407.85,420.081
2026-08-31T22:50:00+00:00,407.94,408.02,407.85,407.85,609.062284
2026-08-31T22:55:00+00:00,407.83,407.83,407.72,407.72,337.916
2026-08-31T23:00:00+00:00,407.72,407.8,407.64,407.64,837.0
2026-08-31T23:05:00+00:00,407.85,407.85,407.85,407.85,65.051208
2026-08-31T23:10:00+00:00,407.674,407.81,407.674,407.69,1043.244721
2026-08-31T23:15:00+00:00,407.75,407.75,407.64,407.64,292.0
2026-08-31T23:20:00+00:00,407.56,407.56,407.56,407.56,122.0
2026-08-31T23:25:00+00:00,407.342,407.342,407.342,407.342,93.0
2026-08-31T23:30:00+00:00,407.4241,407.43,407.34,407.34,2958.703
2026-08-31T23:35:00+00:00,407.51,407.81,407.51,407.81,225.612
2026-08-31T23:45:00+00:00,407.33,407.63,407.33,407.63,200.05197800000002
2026-08-31T23:50:00+00:00,407.75,407.81,407.6227,407.6227,204.0
2026-08-31T23:55:00+00:00,407.98,407.99,407.904,407.904,559.716
2026-09-01T00:00:00+00:00,408.24,408.24,408.22,408.23,534.88
2026-09-01T08:05:00+00:00,405.47,407.72,404.41,404.66,63628.182853000006
2026-09-01T08:10:00+00:00,404.59,405.2,403.0,403.1052,9620.547791
2026-09-01T08:15:00+00:00,402.95,404.13,402.6106,404.04,18561.560447
2026-09-01T08:20:00+00:00,403.9082,403.9082,403.06,403.17,4412.217962999999
2026-09-01T08:25:00+00:00,403.09,403.31,402.12,402.17,6159.850049
2026-09-01T08:30:00+00:00,402.31,402.32,401.86,402.02,8875.502167
2026-09-01T08:35:00+00:00,401.9,401.9,401.09,401.19,11795.883913
2026-09-01T08:40:00+00:00,401.23,401.38,400.8219,401.2,11348.974493000002
2026-09-01T08:45:00+00:00,401.42,401.7654,400.81,401.28,9869.004665
2026-09-01T08:50:00+00:00,401.41,401.5,400.77,401.3801,8401.571421
2026-09-01T08:55:00+00:00,401.34,401.34,401.01,401.2543,4203.532798
2026-09-01T09:00:00+00:00,401.31,401.3689,400.7942,400.92,2672.868588
2026-09-01T09:05:00+00:00,400.87,401.18,400.52,401.17,5584.580122
2026-09-01T09:10:00+00:00,401.16,401.2,400.7,400.7,5408.68
2026-09-01T09:15:00+00:00,400.75,401.26,400.75,401.2,2213.5136700000003
2026-09-01T09:20:00+00:00,401.2,401.39,401.18,401.3,2764.496885
2026-09-01T09:25:00+00:00,401.32,401.36,401.1848,401.24,1424.8597739999998
2026-09-01T09:30:00+00:00,401.01,401.08,400.89,401.08,2284.7810280000003
2026-09-01T09:35:00+00:00,400.8,400.82,400.5,400.65,10754.270058999999
2026-09-01T09:40:00+00:00,400.82,400.82,400.4,400.59,10979.043054
2026-09-01T09:45:00+00:00,400.62,400.9,400.443,400.9,3682.005902
2026-09-01T09:50:00+00:00,400.9,401.11,400.76,400.76,3809.501386
2026-09-01T09:55:00+00:00,400.805,400.92,400.74,400.74,6788.238573999999
2026-09-01T10:00:00+00:00,400.82,401.1,400.27,400.27,2142.0367109999997
2026-09-01T10:05:00+00:00,400.25,400.83,400.25,400.69,1642.0
2026-09-01T10:10:00+00:00,400.7,401.1,400.62,401.04,2518.618862
2026-09-01T10:15:00+00:00,401.189,401.78,401.16,401.52,4641.08
2026-09-01T10:20:00+00:00,401.58,401.99,401.5799,401.76,7740.01
2026-09-01T10:25:00+00:00,401.79,402.11,401.69,402.05,5157.026535
2026-09-01T10:30:00+00:00,402.07,402.1,401.9446,402.02,2577.308642
2026-09-01T10:35:00+00:00,402.16,402.1687,401.85,401.96,5472.556663
2026-09-01T10:40:00+00:00,401.93,402.15,401.93,402.05,948.983516
2026-09-01T10:45:00+00:00,402.05,402.16,401.9,401.95,1833.028
2026-09-01T10:50:00+00:00,401.75,401.75,401.39,401.5,2593.121
2026-09-01T10:55:00+00:00,401.4,401.4,401.19,401.3,7879.234957999999
2026-09-01T11:00:00+00:00,401.32,401.66,401.32,401.61,2231.047173
2026-09-01T11:05:00+00:00,401.54,401.7,401.35,401.7,6418.937494
2026-09-01T11:10:00+00:00,401.58,401.87,401.41,401.87,3952.507
2026-09-01T11:15:00+00:00,401.9,401.9084,401.46,401.46,4069.4295589999997
2026-09-01T11:20:00+00:00,401.43,401.4589,401.27,401.39,2055.41
2026-09-01T11:25:00+00:00,401.33,401.5791,401.33,401.47,4491.6969
2026-09-01T11:30:00+00:00,401.4422,401.8842,401.4422,401.8842,1733.264165
2026-09-01T11:35:00+00:00,401.75,401.91,401.55,401.83,9527.258566
2026-09-01T11:40:00+00:00,401.7709,402.08,401.7295,402.08,3770.1752100000003
2026-09-01T11:45:00+00:00,402.06,402.15,401.99,402.14,17314.534043
2026-09-01T11:50:00+00:00,402.17,402.35,402.1456,402.3199,5906.686
2026-09-01T11:55:00+00:00,402.26,402.2649,401.68,401.68,4852.164357
2026-09-01T12:00:00+00:00,401.51,401.52,401.0,401.2,18474.887387000002
2026-09-01T12:05:00+00:00,401.19,401.19,400.77,400.93,11740.791693
2026-09-01T12:10:00+00:00,400.9291,400.98,400.8,400.8,3919.552267
2026-09-01T12:15:00+00:00,400.78,400.92,400.5,400.74,7620.513279
2026-09-01T12:20:00+00:00,400.9,401.2,400.78,400.9,6075.833804
2026-09-01T12:25:00+00:00,400.9,400.914,400.45,400.48,13063.714961
2026-09-01T12:30:00+00:00,400.6,401.3495,400.6,400.6,8717.44616
2026-09-01T12:35:00+00:00,400.6,400.67,399.8,399.8,27940.102424
2026-09-01T12:40:00+00:00,399.8,399.94,399.1401,399.66,25274.781778
2026-09-01T12:45:00+00:00,399.69,400.31,399.54,400.31,6656.005
2026-09-01T12:50:00+00:00,400.35,400.72,400.23,400.23,9154.989056
2026-09-01T12:55:00+00:00,400.31,400.34,400.07,400.161,15250.247697
2026-09-01T13:00:00+00:00,400.1251,400.13,399.57,399.61,13159.496016999998
2026-09-01T13:05:00+00:00,399.5,399.5,397.75,398.0,164591.19524099998
2026-09-01T13:10:00+00:00,397.9969,398.32,397.05,397.21,51108.436460000004
2026-09-01T13:15:00+00:00,397.25,397.62,396.8,397.1,61452.733929
2026-09-01T13:20:00+00:00,397.0993,397.48,396.8299,397.48,80391.033382
2026-09-01T13:25:00+00:00,397.5,397.7897,397.25,397.5492,37474.163934
2026-09-01T13:30:00+00:00,397.64,398.4297,397.6,398.31,51664.345899
2026-09-01T13:35:00+00:00,398.285,399.4199,398.08,399.23,549557.7926119999
2026-09-01T13:40:00+00:00,399.28,399.7199,398.3,399.25,277878.52790600003
2026-09-01T13:45:00+00:00,399.24,400.07,399.05,400.0332,208814.45795199997
2026-09-01T13:50:00+00:00,400.01,400.08,399.33,399.995,348992.200951
2026-09-01T13:55:00+00:00,399.99,400.29,399.5784,399.66,195172.95258200003
2026-09-01T14:00:00+00:00,399.69,400.58,399.6805,400.45,346149.55076699995
2026-09-01T14:05:00+00:00,400.49,400.9,399.27,399.28,280381.92264500004
2026-09-01T14:10:00+00:00,399.26,400.72,399.25,400.4,186818.84687399998
2026-09-01T14:15:00+00:00,400.39,400.79,400.04,400.79,174984.052603
2026-09-01T14:20:00+00:00,400.78,401.165,400.64,400.86,220123.159535
2026-09-01T14:25:00+00:00,400.875,401.25,400.8563,401.06,289790.195511
2026-09-01T14:30:00+00:00,401.05,401.13,400.34,400.36,226832.587671
2026-09-01T14:35:00+00:00,400.35,401.0,400.35,400.99,150251.814794
2026-09-01T14:40:00+00:00,400.98,401.095,400.36,400.4027,134861.609719
2026-09-01T14:45:00+00:00,400.42,400.5933,400.2701,400.53,73313.292158
2026-09-01T14:50:00+00:00,400.5151,400.82,399.91,400.02,116801.149516
2026-09-01T14:55:00+00:00,400.04,400.6,399.7103,399.855,139502.675383
2026-09-01T15:00:00+00:00,399.86,399.91,399.57,399.9,103930.380947
2026-09-01T15:05:00+00:00,399.92,400.12,399.41,399.6,102641.15354
2026-09-01T15:10:00+00:00,399.59,399.91,399.52,399.88,91562.071318
2026-09-01T15:15:00+00:00,399.87,400.13,399.58,399.65,63705.09196399999
2026-09-01T15:20:00+00:00,399.63,400.2199,399.53,400.16,109848.971142
2026-09-01T15:25:00+00:00,400.16,400.37,400.02,400.09,110693.51644400001
2026-09-01T15:30:00+00:00,400.07,400.4,399.76,400.4,67207.942932
2026-09-01T15:35:00+00:00,400.4,400.48,400.14,400.15,62595.422471
2026-09-01T15:40:00+00:00,400.14,400.48,400.01,400.24,77386.616197
2026-09-01T15:45:00+00:00,400.25,400.86,400.25,400.85,56987.457163
2026-09-01T15:50:00+00:00,400.86,400.91,400.63,400.88,67665.529664
2026-09-01T15:55:00+00:00,400.8599,401.06,400.73,401.05,70579.08398
2026-09-01T16:00:00+00:00,401.03,401.11,400.82,401.02,65420.857731
2026-09-01T16:05:00+00:00,401.05,401.19,400.9,400.9799,97302.168319
2026-09-01T16:10:00+00:00,400.96,401.08,400.605,400.605,64731.514117000006
2026-09-01T16:15:00+00:00,400.61,400.635,400.09,400.09,114631.57476399999
2026-09-01T16:20:00+00:00,400.08,400.3899,399.76,399.76,87144.87849199999
2026-09-01T16:25:00+00:00,399.77,399.77,399.4601,399.694,73102.742334
2026-09-01T16:30:00+00:00,399.7,399.76,399.16,399.19,124467.326259
2026-09-01T16:35:00+00:00,399.19,399.25,398.68,398.82,78155.188707
2026-09-01T16:40:00+00:00,398.81,399.469,398.69,399.45,134805.189012
2026-09-01T16:45:00+00:00,399.44,399.67,399.18,399.399,66888.150036
2026-09-01T16:50:00+00:00,399.43,399.78,399.43,399.61,48515.575618999996
2026-09-01T16:55:00+00:00,399.64,399.74,399.29,399.435,56390.02642
2026-09-01T17:00:00+00:00,399.4246,399.52,399.05,399.09,63950.837026999994
2026-09-01T17:05:00+00:00,399.08,399.125,398.67,398.671,81318.901021
2026-09-01T17:10:00+00:00,398.67,398.76,398.44,398.58,69334.436923
2026-09-01T17:15:00+00:00,398.59,398.735,398.42,398.6285,97410.524269
2026-09-01T17:20:00+00:00,398.61,398.83,398.37,398.67,64719.600722999996
2026-09-01T17:25:00+00:00,398.61,398.77,398.46,398.6805,51694.398324
2026-09-01T17:30:00+00:00,398.67,398.955,398.2,398.955,147971.416649
2026-09-01T17:35:00+00:00,398.96,399.14,398.71,398.7499,70488.852185
2026-09-01T17:40:00+00:00,398.77,399.01,398.57,398.57,87693.51633799999
2026-09-01T17:45:00+00:00,398.605,398.7,398.306,398.43,80323.36230000001
2026-09-01T17:50:00+00:00,398.42,398.45,398.12,398.337,92035.026728
2026-09-01T17:55:00+00:00,398.32,398.46,398.15,398.31,82659.34560100001
2026-09-01T18:00:00+00:00,398.38,398.41,398.2,398.305,46938.52784499999
2026-09-01T18:05:00+00:00,398.315,398.4599,397.9,397.945,240638.906729
2026-09-01T18:10:00+00:00,397.97,398.08,397.72,397.7401,101208.517038
2026-09-01T18:15:00+00:00,397.73,397.83,397.54,397.71,66362.111878
2026-09-01T18:20:00+00:00,397.709,398.14,397.61,398.095,86899.438783
2026-09-01T18:25:00+00:00,398.08,398.19,398.0144,398.16,44152.161630999995
2026-09-01T18:30:00+00:00,398.16,398.16,397.7672,397.7672,46496.668564
2026-09-01T18:35:00+00:00,397.75,397.75,397.38,397.495,256569.23210400002
2026-09-01T18:40:00+00:00,397.5,397.505,397.04,397.095,119502.64189500001
2026-09-01T18:45:00+00:00,397.11,397.21,396.98,397.08,93893.35022200001
2026-09-01T18:50:00+00:00,397.1301,397.28,396.97,397.27,146232.496475
2026-09-01T18:55:00+00:00,397.29,397.54,397.05,397.06,114774.451757
2026-09-01T19:00:00+00:00,397.07,397.44,396.97,397.3,133467.39807
2026-09-01T19:05:00+00:00,397.28,397.36,397.04,397.3,105585.323577
2026-09-01T19:10:00+00:00,397.29,397.49,397.09,397.25,63884.421776999996
2026-09-01T19:15:00+00:00,397.265,397.8,397.22,397.8,159167.56727499998
2026-09-01T19:20:00+00:00,397.795,397.81,397.52,397.59,111338.437029
2026-09-01T19:25:00+00:00,397.58,397.63,397.44,397.49,50101.23381800001
2026-09-01T19:30:00+00:00,397.52,397.63,397.52,397.55,49917.860851000005
2026-09-01T19:35:00+00:00,397.55,397.56,396.97,397.15,125284.407049
2026-09-01T19:40:00+00:00,397.15,397.19,396.45,396.51,244831.110684
2026-09-01T19:45:00+00:00,396.5,396.945,396.45,396.82,264834.592581
2026-09-01T19:50:00+00:00,396.815,397.11,396.54,396.89,286642.146678
2026-09-01T19:55:00+00:00,396.87,397.18,396.8,396.95,188196.308107
2026-09-01T20:00:00+00:00,396.97,397.11,396.58,396.82,615419.8164560001
2026-09-01T20:05:00+00:00,396.78,397.08,396.6,396.92,122600.933573
2026-09-01T20:10:00+00:00,397.01,397.2,396.94,397.1,46368.25292
2026-09-01T20:15:00+00:00,397.0576,397.07,396.75,396.75,18100.771245
2026-09-01T20:20:00+00:00,396.8,396.94,396.69,396.94,24172.834260000003
2026-09-01T20:25:00+00:00,396.94,396.97,396.85,396.94,10554.906694
2026-09-01T20:30:00+00:00,397.0,397.021,396.74,396.741,22852.852295999997
2026-09-01T20:35:00+00:00,396.85,396.8982,396.75,396.761,7828.208834000001
2026-09-01T20:40:00+00:00,396.76,396.88,396.74,396.88,10434.035279
2026-09-01T20:45:00+00:00,396.9,397.15,396.88,396.88,4745.3646
2026-09-01T20:50:00+00:00,396.97,397.03,396.85,397.03,390860.027956
2026-09-01T20:55:00+00:00,396.98,397.0,396.9,396.9,514.032518
2026-09-01T21:00:00+00:00,397.02,397.03,397.0007,397.03,985.0
2026-09-01T21:05:00+00:00,397.06,397.31,396.8991,397.22,6713.0
2026-09-01T21:10:00+00:00,397.22,397.5077,397.1,397.16,13471.025171
2026-09-01T21:15:00+00:00,397.03,397.61,397.01,397.35,4027.061277
2026-09-01T21:20:00+00:00,397.11,397.38,397.0,397.2,3765.0
2026-09-01T21:25:00+00:00,397.33,397.39,397.2,397.33,5896.508216
2026-09-01T21:30:00+00:00,397.4,397.61,397.139,397.36,3070.125751
2026-09-01T21:35:00+00:00,397.36,397.36,397.2,397.2,569.145139
2026-09-01T21:40:00+00:00,397.25,397.32,397.25,397.3,622.028
2026-09-01T21:45:00+00:00,397.35,397.37,397.22,397.3,2459.6279999999997
2026-09-01T21:50:00+00:00,397.3,397.43,397.3,397.42,6727.13591
2026-09-01T22:00:00+00:00,397.58,397.58,396.74,396.74,2682.253241
2026-09-01T22:05:00+00:00,397.32,397.4,397.3,397.3,803.0
2026-09-01T22:10:00+00:00,396.9245,397.12,396.8418,397.12,2204.109426
2026-09-01T22:15:00+00:00,397.05,397.1,396.99,397.1,1169.509
2026-09-01T22:20:00+00:00,396.98,396.98,396.94,396.969,442.02
2026-09-01T22:25:00+00:00,396.9,396.9,396.9,396.9,256.0
2026-09-01T22:30:00+00:00,396.8118,396.9,396.8118,396.9,539.012572
2026-09-01T22:35:00+00:00,396.8412,396.91,396.8412,396.91,856.6122879999999
2026-09-01T22:40:00+00:00,396.99,397.02,396.88,396.95,1638.629
2026-09-01T22:45:00+00:00,396.89,396.9644,396.77,396.9644,1168.0
2026-09-01T22:50:00+00:00,396.8,396.91,396.8,396.9,4781.222993
2026-09-01T22:55:00+00:00,396.84,397.0882,396.84,397.02,2247.025194
2026-09-01T23:00:00+00:00,397.1,397.1286,396.98,397.06,3301.6878979999997
2026-09-01T23:05:00+00:00,396.98,397.05,396.9,396.9,642.009
2026-09-01T23:10:00+00:00,397.0767,397.16,397.03,397.16,505.14230499999996
2026-09-01T23:15:00+00:00,397.1,397.2,397.1,397.1855,3528.0
2026-09-01T23:20:00+00:00,397.19,397.22,397.0517,397.0517,440.0
2026-09-01T23:25:00+00:00,396.9672,396.9672,396.8,396.82,980.06
2026-09-01T23:30:00+00:00,396.8,397.2099,396.7,397.2099,31590.094797
2026-09-01T23:35:00+00:00,397.1718,397.1718,397.15,397.15,583.0
2026-09-01T23:40:00+00:00,397.2427,397.59,397.24,397.59,2012.0
2026-09-01T23:45:00+00:00,397.6,397.6,397.3301,397.3301,895.051655
2026-09-01T23:50:00+00:00,397.4,397.4,397.26,397.26,1060.01246
2026-09-01T23:55:00+00:00,397.25,397.3,397.11,397.11,929.018223
2026-09-02T00:00:00+00:00,397.0,397.0,396.5,396.5,2561.068603
2026-09-02T08:05:00+00:00,396.5,397.22,394.4909,396.86,50178.986733
2026-09-02T08:10:00+00:00,396.59,397.03,395.95,396.99,16997.062850000002
2026-09-02T08:15:00+00:00,397.21,397.29,396.69,396.69,4013.0
2026-09-02T08:20:00+00:00,396.86,396.91,396.71,396.71,3589.09
2026-09-02T08:25:00+00:00,396.7,396.74,396.6,396.73,1542.0728159999999
2026-09-02T08:30:00+00:00,396.68,396.68,396.41,396.41,7004.0251339999995
2026-09-02T08:35:00+00:00,396.47,396.7,396.4,396.4,5271.859191
2026-09-02T08:40:00+00:00,396.29,396.41,396.27,396.41,291.0
2026-09-02T08:45:00+00:00,396.65,396.69,396.33,396.33,1075.3
2026-09-02T08:50:00+00:00,396.4,396.4,396.3546,396.3546,146.0
2026-09-02T08:55:00+00:00,396.23,396.23,395.58,395.58,4353.3
2026-09-02T09:00:00+00:00,395.8228,395.94,395.53,395.65,2227.952135
2026-09-02T09:05:00+00:00,395.52,395.82,395.5,395.7439,5609.0
2026-09-02T09:10:00+00:00,396.18,396.35,396.03,396.14,8516.297692
2026-09-02T09:15:00+00:00,395.98,396.0,395.67,395.67,11699.0
2026-09-02T09:20:00+00:00,395.61,395.72,395.57,395.72,5268.2976
2026-09-02T09:25:00+00:00,395.5673,395.5673,395.17,395.2,5465.330596
2026-09-02T09:30:00+00:00,395.12,395.21,394.8,395.21,14294.361595999999
2026-09-02T09:35:00+00:00,395.12,395.3,395.02,395.3,8475.515954999999
2026-09-02T09:40:00+00:00,395.3,395.34,395.09,395.15,2407.0
2026-09-02T09:45:00+00:00,395.28,395.4,395.18,395.18,8234.011912
2026-09-02T09:50:00+00:00,395.2788,395.3,395.2788,395.3,444.015783
2026-09-02T09:55:00+00:00,395.32,395.32,395.18,395.18,328.0
2026-09-02T10:00:00+00:00,395.23,395.28,395.12,395.19,5987.0
2026-09-02T10:05:00+00:00,395.13,395.24,395.02,395.0892,3138.012652
2026-09-02T10:10:00+00:00,394.73,394.92,394.54,394.59,23184.451497
2026-09-02T10:15:00+00:00,394.68,395.08,394.66,394.94,23770.519071
2026-09-02T10:20:00+00:00,395.08,395.2,395.05,395.1,6808.0
2026-09-02T10:25:00+00:00,395.32,395.49,395.23,395.37,2689.149304
2026-09-02T10:30:00+00:00,395.34,395.48,395.24,395.34,6318.0
2026-09-02T10:35:00+00:00,395.23,395.4,395.1,395.11,11056.991
2026-09-02T10:40:00+00:00,395.1,395.2,395.01,395.15,6370.01
2026-09-02T10:45:00+00:00,395.15,395.2553,395.06,395.19,5629.824495999999
2026-09-02T10:50:00+00:00,395.21,395.29,395.2,395.27,11540.076641
2026-09-02T10:55:00+00:00,395.2989,395.2989,394.83,395.12,23952.077036
2026-09-02T11:00:00+00:00,395.08,395.2,394.93,395.2,9180.1
2026-09-02T11:05:00+00:00,395.26,395.57,395.07,395.52,12439.384
2026-09-02T11:10:00+00:00,395.55,395.55,395.13,395.39,41911.802752
2026-09-02T11:15:00+00:00,395.51,396.6,395.4841,396.41,9372.022739
2026-09-02T11:20:00+00:00,396.42,396.44,395.8372,396.14,6975.0
2026-09-02T11:25:00+00:00,396.17,396.17,395.9,396.1251,1812.872323
2026-09-02T11:30:00+00:00,396.0,396.5,395.9647,396.44,5252.0
2026-09-02T11:35:00+00:00,396.48,397.1271,396.48,397.1271,6358.252252
2026-09-02T11:40:00+00:00,397.1094,397.35,397.03,397.35,7576.0124
2026-09-02T11:45:00+00:00,397.32,397.37,396.5671,396.65,15878.597105
2026-09-02T11:50:00+00:00,396.64,396.83,396.5765,396.75,5795.244361
2026-09-02T11:55:00+00:00,396.68,397.2231,396.5,397.2231,4825.25
2026-09-02T12:00:00+00:00,397.19,397.32,397.0412,397.2791,17146.011329
2026-09-02T12:05:00+00:00,397.3,397.53,397.0232,397.53,42990.08546
2026-09-02T12:10:00+00:00,397.6513,397.6513,397.23,397.5,11380.512709999999
2026-09-02T12:15:00+00:00,397.41,397.46,397.11,397.4,11029.025772
2026-09-02T12:20:00+00:00,397.5,397.55,397.1768,397.35,6063.467747000001
2026-09-02T12:25:00+00:00,397.22,398.41,397.172,397.95,87313.161129
2026-09-02T12:30:00+00:00,397.88,398.18,397.5,397.83,54067.411728
2026-09-02T12:35:00+00:00,397.79,397.79,397.12,397.15,5685.3199700000005
2026-09-02T12:40:00+00:00,397.2,397.22,396.85,397.16,21132.063683
2026-09-02T12:45:00+00:00,397.5153,397.5579,397.3822,397.53,6119.246879
2026-09-02T12:50:00+00:00,397.46,397.85,397.2747,397.85,8243.584264000001
2026-09-02T12:55:00+00:00,397.83,397.83,397.41,397.5853,5517.746264
2026-09-02T13:00:00+00:00,397.4779,397.48,397.19,397.3,9014.919425
2026-09-02T13:05:00+00:00,397.23,398.13,397.23,397.8978,12734.689669
2026-09-02T13:10:00+00:00,397.97,398.34,397.96,398.23,9935.0
2026-09-02T13:15:00+00:00,398.21,398.42,397.8,397.98,8487.838355
2026-09-02T13:20:00+00:00,398.02,398.3593,397.68,398.21,3875.0
2026-09-02T13:25:00+00:00,398.3665,398.7907,398.2,398.7907,37671.875664
2026-09-02T13:30:00+00:00,398.76,399.67,398.74,399.65,30617.76809
2026-09-02T13:35:00+00:00,399.71,400.53,399.58,400.3,380818.970456
2026-09-02T13:40:00+00:00,400.325,400.6636,400.03,400.49,149364.14304099997
2026-09-02T13:45:00+00:00,400.53,401.63,400.3,401.5,176467.359103
2026-09-02T13:50:00+00:00,401.49,401.6173,400.57,400.6,249004.133674
2026-09-02T13:55:00+00:00,400.58,401.46,400.53,401.375,161467.233911
2026-09-02T14:00:00+00:00,401.36,402.25,400.955,402.22,345524.078836
2026-09-02T14:05:00+00:00,402.2,402.25,401.57,402.125,607892.710625
2026-09-02T14:10:00+00:00,402.14,403.26,402.09,402.74,545037.012691
2026-09-02T14:15:00+00:00,402.71,403.32,402.34,402.42,379844.304349
2026-09-02T14:20:00+00:00,402.44,402.91,402.16,402.87,690978.375047
2026-09-02T14:25:00+00:00,402.875,403.33,402.35,402.43,643918.6004130001
2026-09-02T14:30:00+00:00,402.43,402.72,402.23,402.48,211905.862294
2026-09-02T14:35:00+00:00,402.43,402.48,402.0,402.33,218522.382516
2026-09-02T14:40:00+00:00,402.35,402.41,401.96,402.015,101315.801365
2026-09-02T14:45:00+00:00,401.9997,402.31,401.86,402.265,120982.89804300001
2026-09-02T14:50:00+00:00,402.25,402.36,401.64,401.84,105861.03683000001
2026-09-02T14:55:00+00:00,401.8,401.94,401.38,401.45,74887.648883
2026-09-02T15:00:00+00:00,401.43,401.61,401.22,401.4899,72626.64721600001
2026-09-02T15:05:00+00:00,401.47,401.859,401.22,401.565,143242.563974
2026-09-02T15:10:00+00:00,401.55,401.82,401.19,401.45,109591.015541
2026-09-02T15:15:00+00:00,401.45,401.6,401.0708,401.1,93484.649327
2026-09-02T15:20:00+00:00,401.08,401.08,400.73,400.815,97239.96582000001
2026-09-02T15:25:00+00:00,400.835,400.99,400.43,400.84,228409.13737399998
2026-09-02T15:30:00+00:00,400.87,401.11,400.6,401.0999,118076.374706
2026-09-02T15:35:00+00:00,401.085,401.31,400.96,401.01,170799.474657
2026-09-02T15:40:00+00:00,400.99,401.09,400.61,400.885,77352.58125900001
2026-09-02T15:45:00+00:00,400.89,401.045,400.49,400.505,67587.27625
2026-09-02T15:50:00+00:00,400.48,400.8,400.36,400.65,44177.251045
2026-09-02T15:55:00+00:00,400.65,400.81,400.6,400.72,55764.961561000004
2026-09-02T16:00:00+00:00,400.71,401.2,400.675,401.13,115423.780572
2026-09-02T16:05:00+00:00,401.12,401.32,401.0,401.13,99472.980988
2026-09-02T16:10:00+00:00,401.12,401.14,400.74,400.9,56897.780892
2026-09-02T16:15:00+00:00,400.8901,401.14,400.88,401.06,38247.077248
2026-09-02T16:20:00+00:00,401.02,401.07,400.6376,400.815,53404.909466
2026-09-02T16:25:00+00:00,400.81,400.91,400.69,400.78,64767.208682
2026-09-02T16:30:00+00:00,400.78,400.86,400.63,400.73,25761.742176
2026-09-02T16:35:00+00:00,400.72,400.9,400.59,400.6,76236.757022
2026-09-02T16:40:00+00:00,400.6,400.76,400.51,400.72,96882.476054
2026-09-02T16:45:00+00:00,400.71,400.71,400.34,400.43,82300.163995
2026-09-02T16:50:00+00:00,400.385,400.555,400.36,400.4817,69132.953725
2026-09-02T16:55:00+00:00,400.47,400.92,400.38,400.83,71301.46828300001
2026-09-02T17:00:00+00:00,400.84,400.8999,400.66,400.68,86157.25691899999
2026-09-02T17:05:00+00:00,400.73,400.93,400.69,400.93,47324.488235
2026-09-02T17:10:00+00:00,400.93,400.96,400.78,400.8201,46537.167846000004
2026-09-02T17:15:00+00:00,400.87,400.93,400.62,400.76,70091.332649
2026-09-02T17:20:00+00:00,400.7813,400.8,400.35,400.43,70632.922714
2026-09-02T17:25:00+00:00,400.43,400.625,400.35,400.61,44662.995773
2026-09-02T17:30:00+00:00,400.605,400.8251,400.56,400.8251,40305.772021
2026-09-02T17:35:00+00:00,400.82,400.99,400.67,400.67,36887.234202
2026-09-02T17:40:00+00:00,400.64,400.81,400.52,400.52,25087.433913999997
2026-09-02T17:45:00+00:00,400.55,401.57,400.55,401.4,275173.934396
2026-09-02T17:50:00+00:00,401.48,401.82,401.37,401.43,57922.162742
2026-09-02T17:55:00+00:00,401.395,401.54,401.36,401.43,44885.361833
2026-09-02T18:00:00+00:00,401.39,401.76,401.36,401.495,222022.31128199998
2026-09-02T18:05:00+00:00,401.51,401.54,401.08,401.349,70552.428172
2026-09-02T18:10:00+00:00,401.32,401.38,401.18,401.205,62067.913447000006
2026-09-02T18:15:00+00:00,401.2,401.23,400.87,400.92,55488.821054
2026-09-02T18:20:00+00:00,400.82,401.76,400.82,401.57,131042.198685
2026-09-02T18:25:00+00:00,401.57,401.74,401.08,401.14,115106.058791
2026-09-02T18:30:00+00:00,401.2,401.2,401.06,401.17,30396.894680999998
2026-09-02T18:35:00+00:00,401.138,401.62,401.138,401.48,49682.112842
2026-09-02T18:40:00+00:00,401.47,401.61,401.37,401.455,39034.634793
2026-09-02T18:45:00+00:00,401.44,401.49,401.1,401.16,31489.581311
2026-09-02T18:50:00+00:00,401.155,401.32,401.115,401.24,29365.319113999998
2026-09-02T18:55:00+00:00,401.2599,401.42,401.22,401.31,34064.938652
2026-09-02T19:00:00+00:00,401.305,401.39,401.12,401.195,35519.797607
2026-09-02T19:05:00+00:00,401.255,401.3699,401.05,401.3475,303231.783373
2026-09-02T19:10:00+00:00,401.345,401.565,401.32,401.54,142965.61426499998
2026-09-02T19:15:00+00:00,401.56,401.84,401.47,401.75,114456.296904
2026-09-02T19:20:00+00:00,401.735,401.84,401.61,401.77,108310.550133
2026-09-02T19:25:00+00:00,401.75,401.9,401.66,401.79,96048.41034900001
2026-09-02T19:30:00+00:00,401.7999,402.08,401.78,401.905,89882.205434
2026-09-02T19:35:00+00:00,401.93,402.19,401.9,402.16,107673.615481
2026-09-02T19:40:00+00:00,402.15,402.17,401.91,402.17,825074.4372149999
2026-09-02T19:45:00+00:00,402.1699,402.57,402.11,402.51,136656.88104
2026-09-02T19:50:00+00:00,402.5102,402.6,402.22,402.4,226271.88505900002
2026-09-02T19:55:00+00:00,402.41,402.68,402.27,402.46,211424.883368
2026-09-02T20:00:00+00:00,402.43,402.88,402.31,402.78,589578.4704090001
2026-09-02T20:05:00+00:00,402.77,402.92,402.54,402.68,66283.718284
2026-09-02T20:10:00+00:00,402.6941,402.72,402.42,402.5362,28864.976
2026-09-02T20:15:00+00:00,402.47,402.54,402.36,402.36,22708.060886
2026-09-02T20:20:00+00:00,402.28,402.3,402.11,402.17,12076.114644
2026-09-02T20:25:00+00:00,402.19,402.26,402.141,402.26,8403.081843
2026-09-02T20:30:00+00:00,402.25,402.416,402.2143,402.3848,6585.929916
2026-09-02T20:35:00+00:00,402.32,402.45,402.25,402.4,7273.634000000001
2026-09-02T20:40:00+00:00,402.4692,402.4692,402.4176,402.43,1172.490528
2026-09-02T20:45:00+00:00,402.44,402.5965,402.44,402.45,19604.109535
2026-09-02T20:50:00+00:00,402.43,402.56,402.43,402.5,1089.0
2026-09-02T20:55:00+00:00,402.59,402.71,402.54,402.54,1475.0
2026-09-02T21:00:00+00:00,402.5008,402.51,402.4,402.4993,8159.476534
2026-09-02T21:05:00+00:00,402.5,402.5281,402.5,402.5281,375.25
2026-09-02T21:10:00+00:00,402.57,402.57,402.4815,402.4815,1567.072667
2026-09-02T21:15:00+00:00,402.5,402.55,402.45,402.4812,625.013319
2026-09-02T21:20:00+00:00,402.48,402.48,402.44,402.48,2321.9610000000002
2026-09-02T21:25:00+00:00,402.59,402.7,402.5699,402.571,2557.0
2026-09-02T21:30:00+00:00,402.5713,402.7,402.36,402.4,3334.249968
2026-09-02T21:40:00+00:00,402.61,402.6545,402.5052,402.55,858.0
2026-09-02T21:45:00+00:00,402.6,402.6661,402.6,402.6661,642.0
2026-09-02T21:50:00+00:00,402.6685,402.67,402.6,402.67,903.0
2026-09-02T21:55:00+00:00,402.6304,402.6304,402.5752,402.5752,177.27688999999998
2026-09-02T22:00:00+00:00,402.58,402.58,402.34,402.3481,4640.027175
2026-09-02T22:05:00+00:00,402.55,402.68,402.35,402.54,5912.0
2026-09-02T22:10:00+00:00,402.57,402.61,402.5219,402.61,386.0
2026-09-02T22:15:00+00:00,402.62,402.62,402.5713,402.5713,275.016391
2026-09-02T22:20:00+00:00,402.54,402.54,402.35,402.35,1171.0
2026-09-02T22:25:00+00:00,402.31,402.33,402.31,402.33,2438.0
2026-09-02T22:30:00+00:00,402.53,402.53,402.53,402.53,102.0
2026-09-02T22:35:00+00:00,402.43,402.43,402.35,402.35,482.0
2026-09-02T22:40:00+00:00,402.34,402.34,402.32,402.32,164.0
2026-09-02T22:45:00+00:00,402.25,402.25,402.1,402.1,5007.0
2026-09-02T22:50:00+00:00,402.06,402.1497,401.95,402.0,1937.04
2026-09-02T22:55:00+00:00,401.95,402.05,401.95,402.04,355.02
2026-09-02T23:00:00+00:00,402.05,402.05,401.96,401.96,487.02479400000004
2026-09-02T23:05:00+00:00,402.05,402.1,402.05,402.1,1574.0
2026-09-02T23:10:00+00:00,402.25,402.25,402.25,402.25,111.0
2026-09-02T23:15:00+00:00,402.2,402.2,401.95,401.95,879.0048750000001
2026-09-02T23:20:00+00:00,401.9691,401.97,401.8,401.86,5821.0
2026-09-02T23:25:00+00:00,401.79,401.86,401.7098,401.713,838.0
2026-09-02T23:30:00+00:00,401.75,401.85,401.75,401.78,331.003981
2026-09-02T23:35:00+00:00,401.79,401.82,401.724,401.724,1581.4173409999999
2026-09-02T23:40:00+00:00,401.7,401.7,401.7,401.7,167.0
2026-09-02T23:45:00+00:00,401.8,402.0825,401.8,402.0,10509.0
2026-09-02T23:50:00+00:00,402.0263,402.35,402.0263,402.08,863.014543
2026-09-02T23:55:00+00:00,402.28,402.31,402.11,402.1682,793.0
2026-09-03T00:00:00+00:00,402.0374,402.0374,402.02,402.03,955.01
2026-09-03T08:05:00+00:00,406.0,407.12,405.19,406.835,111810.82255400001
2026-09-03T08:10:00+00:00,406.99,407.4,405.48,406.67,18108.269227
2026-09-03T08:15:00+00:00,406.7,406.7,406.31,406.32,4459.616121999999
2026-09-03T08:20:00+00:00,406.31,406.935,406.31,406.935,3606.631719
2026-09-03T08:25:00+00:00,406.9,407.0329,406.75,406.87,4342.47109
2026-09-03T08:30:00+00:00,406.83,406.99,406.72,406.97,3832.0
2026-09-03T08:35:00+00:00,406.93,406.93,406.81,406.8403,7966.63418
2026-09-03T08:40:00+00:00,407.09,407.09,406.59,406.59,8001.0
2026-09-03T08:45:00+00:00,406.51,406.51,406.5,406.5,669.0
2026-09-03T08:50:00+00:00,406.76,407.07,406.76,406.99,1505.0
2026-09-03T08:55:00+00:00,406.9,406.91,406.64,406.7,1490.992635
2026-09-03T09:00:00+00:00,406.69,406.7504,406.57,406.68,11279.0
2026-09-03T09:05:00+00:00,406.8,406.8,406.59,406.7263,2099.019952
2026-09-03T09:10:00+00:00,406.8,407.25,406.8,407.1287,4392.10548
2026-09-03T09:15:00+00:00,407.0,407.0,406.9454,406.9753,1385.581341
2026-09-03T09:20:00+00:00,406.97,406.97,406.78,406.78,1604.798794
2026-09-03T09:25:00+00:00,406.6117,406.64,406.44,406.45,2341.906044
2026-09-03T09:30:00+00:00,406.44,406.68,406.41,406.68,1922.99236
2026-09-03T09:35:00+00:00,406.83,406.91,406.56,406.8,3448.998745
2026-09-03T09:40:00+00:00,406.84,406.92,406.24,406.24,5204.905417
2026-09-03T09:45:00+00:00,406.5,406.5,406.27,406.27,2049.0
2026-09-03T09:50:00+00:00,406.01,406.15,405.83,406.01,15329.538971
2026-09-03T09:55:00+00:00,406.1,406.2082,405.88,405.92,1177.0
2026-09-03T10:00:00+00:00,405.91,405.97,405.89,405.97,726.4904369999999
2026-09-03T10:05:00+00:00,405.92,405.95,405.8,405.85,1351.236944
2026-09-03T10:10:00+00:00,405.9999,406.1,405.77,405.77,3032.25
2026-09-03T10:15:00+00:00,405.75,405.75,405.6,405.6,1025.986312
2026-09-03T10:20:00+00:00,405.68,405.7,405.5075,405.5075,1506.0
2026-09-03T10:25:00+00:00,405.41,405.41,405.14,405.14,3466.925112
2026-09-03T10:30:00+00:00,405.3751,405.6,405.3751,405.55,1604.877786
2026-09-03T10:35:00+00:00,405.36,405.43,405.34,405.43,684.787266
2026-09-03T10:40:00+00:00,405.53,405.69,405.53,405.69,1087.84915
2026-09-03T10:45:00+00:00,405.7,405.8,405.7,405.77,1815.394832
2026-09-03T10:50:00+00:00,405.78,405.82,405.75,405.75,3003.0164
2026-09-03T10:55:00+00:00,405.71,405.71,405.71,405.71,40.0
2026-09-03T11:00:00+00:00,405.9046,405.9046,405.9046,405.9046,120.0
2026-09-03T11:05:00+00:00,405.96,406.07,405.71,405.81,11826.671046
2026-09-03T11:10:00+00:00,405.85,406.21,405.7712,406.2,12035.398428
2026-09-03T11:15:00+00:00,406.2,406.37,406.12,406.25,5094.0
2026-09-03T11:20:00+00:00,406.5,406.85,406.455,406.52,8703.794268
2026-09-03T11:25:00+00:00,406.266,406.3095,406.2225,406.2225,842.603553
2026-09-03T11:30:00+00:00,406.2,406.444,406.2,406.32,1419.900461
2026-09-03T11:35:00+00:00,406.56,406.57,405.8,406.5,11228.61698
2026-09-03T11:40:00+00:00,406.55,406.7445,406.55,406.66,1543.606
2026-09-03T11:45:00+00:00,406.8,406.99,406.7,406.88,11985.561440000001
2026-09-03T11:50:00+00:00,406.9,407.09,406.5,406.92,13357.011192
2026-09-03T11:55:00+00:00,407.0,407.19,406.88,407.0118,7150.034856
2026-09-03T12:00:00+00:00,407.0,407.56,407.0,407.3614,7231.0
2026-09-03T12:05:00+00:00,407.42,407.83,407.2015,407.8,7196.0
2026-09-03T12:10:00+00:00,407.8019,407.84,407.496,407.792,31174.05165
2026-09-03T12:15:00+00:00,407.86,407.96,407.36,407.41,25292.694884
2026-09-03T12:20:00+00:00,407.446,407.446,407.16,407.3,10354.897641999998
2026-09-03T12:25:00+00:00,407.1,407.8429,406.88,407.76,10213.00758
2026-09-03T12:30:00+00:00,407.8,407.87,407.64,407.7289,4254.6008790000005
2026-09-03T12:35:00+00:00,407.7,409.85,406.5,409.39,131609.651328
2026-09-03T12:40:00+00:00,409.51,410.58,408.92,410.3,54159.471250999995
2026-09-03T12:45:00+00:00,410.29,410.39,409.4,409.67,13612.964488
2026-09-03T12:50:00+00:00,409.6689,410.74,409.5,410.58,34999.240868
2026-09-03T12:55:00+00:00,410.75,411.83,410.73,411.76,49806.446695000006
2026-09-03T13:00:00+00:00,411.66,412.1,411.6308,411.96,37450.786466
2026-09-03T13:05:00+00:00,411.72,412.18,411.5,411.63,32852.515837
2026-09-03T13:10:00+00:00,411.69,411.99,411.33,411.48,16613.806067
2026-09-03T13:15:00+00:00,411.51,411.65,411.19,411.38,26249.021881
2026-09-03T13:20:00+00:00,411.2,411.33,410.7,410.72,15549.262486
2026-09-03T13:25:00+00:00,410.6979,411.1,410.63,410.93,14979.554409
2026-09-03T13:30:00+00:00,411.06,411.06,410.48,410.72,23975.677863
2026-09-03T13:35:00+00:00,410.71,410.9646,410.21,410.56,529469.9984960001
2026-09-03T13:40:00+00:00,410.56,410.74,410.08,410.3,205908.83249
2026-09-03T13:45:00+00:00,410.31,410.32,409.61,409.86,221930.829744
2026-09-03T13:50:00+00:00,409.81,409.84,408.54,408.7,201751.33168399998
2026-09-03T13:55:00+00:00,408.71,409.34,408.69,409.22,127194.57378400001
2026-09-03T14:00:00+00:00,409.22,409.84,409.13,409.75,124168.59333599999
2026-09-03T14:05:00+00:00,409.81,409.81,408.7,409.36,294265.584086
2026-09-03T14:10:00+00:00,409.35,410.12,409.135,409.32,193894.161192
2026-09-03T14:15:00+00:00,409.31,409.835,409.06,409.78,143964.485684
2026-09-03T14:20:00+00:00,409.775,410.515,409.7707,410.4666,197607.968016
2026-09-03T14:25:00+00:00,410.5,410.83,410.05,410.38,286124.523443
2026-09-03T14:30:00+00:00,410.4,410.64,409.92,410.59,170188.285873
2026-09-03T14:35:00+00:00,410.52,410.755,409.84,409.855,104828.612702
2026-09-03T14:40:00+00:00,409.92,410.22,409.66,409.77,100206.12375500001
2026-09-03T14:45:00+00:00,409.8,410.3,409.47,410.07,70757.595351
2026-09-03T14:50:00+00:00,410.115,410.76,410.115,410.23,57772.866504
2026-09-03T14:55:00+00:00,410.27,410.7176,410.27,410.485,56331.023733
2026-09-03T15:00:00+00:00,410.5,411.235,409.78,411.23,141408.014398
2026-09-03T15:05:00+00:00,411.26,412.56,411.1,412.39,286456.615838
2026-09-03T15:10:00+00:00,412.385,412.8991,412.2883,412.335,230581.669912
2026-09-03T15:15:00+00:00,412.325,412.97,412.1,412.92,113473.52780400001
2026-09-03T15:20:00+00:00,412.905,413.53,412.72,413.49,137890.05049899998
2026-09-03T15:25:00+00:00,413.4865,413.54,412.88,412.9601,180377.27695700002
2026-09-03T15:30:00+00:00,412.96,413.31,412.96,413.2,112402.78851399999
2026-09-03T15:35:00+00:00,413.23,413.46,412.565,412.8695,168410.514428
2026-09-03T15:40:00+00:00,412.87,413.005,412.12,412.2502,78335.864917
2026-09-03T15:45:00+00:00,412.295,412.4299,412.1,412.1,75076.413054
2026-09-03T15:50:00+00:00,412.12,412.15,411.4,411.5,279195.74429799995
2026-09-03T15:55:00+00:00,411.47,411.82,411.4099,411.68,100742.901498
2026-09-03T16:00:00+00:00,411.665,411.95,411.25,411.93,160212.39598800003
2026-09-03T16:05:00+00:00,411.94,411.9694,411.67,411.685,607652.2263010001
2026-09-03T16:10:00+00:00,411.6924,411.94,411.4201,411.85,40530.805211
2026-09-03T16:15:00+00:00,411.86,412.14,411.85,411.99,96453.79265599999
2026-09-03T16:20:00+00:00,412.005,412.1,411.795,412.01,59994.824588
2026-09-03T16:25:00+00:00,412.05,412.05,411.74,411.91,57778.481173
2026-09-03T16:30:00+00:00,411.95,412.04,411.77,411.96,27211.920719
2026-09-03T16:35:00+00:00,411.98,412.18,411.6207,411.735,46523.67690600001
2026-09-03T16:40:00+00:00,411.72,411.81,411.65,411.76,28659.088795
2026-09-03T16:45:00+00:00,411.745,411.745,411.35,411.43,57332.559503
2026-09-03T16:50:00+00:00,411.44,411.7199,411.38,411.535,69638.818348
2026-09-03T16:55:00+00:00,411.5,411.64,411.22,411.385,39751.025757999996
2026-09-03T17:00:00+00:00,411.35,411.5,411.24,411.26,40922.837793
2026-09-03T17:05:00+00:00,411.3,411.43,411.02,411.34,46889.443245
2026-09-03T17:10:00+00:00,411.36,411.55,411.2435,411.29,63623.078959000006
2026-09-03T17:15:00+00:00,411.3,411.495,411.2401,411.41,29079.870714
2026-09-03T17:20:00+00:00,411.47,411.5,411.2,411.42,35388.121324
2026-09-03T17:25:00+00:00,411.42,411.76,411.4,411.7,36433.306843
2026-09-03T17:30:00+00:00,411.69,411.96,411.62,411.9,99444.45237400001
2026-09-03T17:35:00+00:00,411.9,411.9973,411.73,411.795,62338.574022999994
2026-09-03T17:40:00+00:00,411.81,412.0,411.78,411.91,75548.312445
2026-09-03T17:45:00+00:00,411.9399,411.95,411.7966,411.8199,19170.100635000003
2026-09-03T17:50:00+00:00,411.8,412.07,411.7121,411.75,28871.934707
2026-09-03T17:55:00+00:00,411.71,411.75,411.48,411.65,354362.409186
2026-09-03T18:00:00+00:00,411.66,411.71,411.28,411.33,136140.203627
2026-09-03T18:05:00+00:00,411.32,411.61,411.32,411.555,95634.86808
2026-09-03T18:10:00+00:00,411.555,411.56,411.13,411.52,76282.77665100001
2026-09-03T18:15:00+00:00,411.53,411.61,411.07,411.07,87223.78238100001
2026-09-03T18:20:00+00:00,411.11,411.315,411.09,411.285,31465.871212000002
2026-09-03T18:25:00+00:00,411.29,411.45,410.9,411.035,67890.00301399999
2026-09-03T18:30:00+00:00,411.04,411.12,410.695,410.72,141104.12052300002
2026-09-03T18:35:00+00:00,410.72,410.75,410.315,410.64,109713.63029000002
2026-09-03T18:40:00+00:00,410.65,410.97,410.6,410.9299,39231.339038
2026-09-03T18:45:00+00:00,410.94,410.96,410.765,410.84,43435.467814
2026-09-03T18:50:00+00:00,410.82,410.95,410.46,410.56,248468.79474600003
2026-09-03T18:55:00+00:00,410.575,410.63,410.26,410.26,376324.88234799996
2026-09-03T19:00:00+00:00,410.25,410.34,410.13,410.2,94211.85786500001
2026-09-03T19:05:00+00:00,410.225,410.37,410.11,410.19,163782.521639
2026-09-03T19:10:00+00:00,410.19,410.35,410.11,410.35,151023.601609
2026-09-03T19:15:00+00:00,410.37,410.39,410.01,410.165,162152.843162
2026-09-03T19:20:00+00:00,410.16,410.36,410.105,410.305,305295.259875
2026-09-03T19:25:00+00:00,410.31,410.33,410.14,410.15,62046.138056
2026-09-03T19:30:00+00:00,410.14,410.2899,410.01,410.28,42345.915546000004
2026-09-03T19:35:00+00:00,410.285,410.43,410.14,410.14,74993.284678
2026-09-03T19:40:00+00:00,410.14,410.33,410.12,410.24,117408.549201
2026-09-03T19:45:00+00:00,410.23,410.5751,410.23,410.4401,79640.68121899999
2026-09-03T19:50:00+00:00,410.455,410.76,410.455,410.63,127014.053404
2026-09-03T19:55:00+00:00,410.62,410.62,410.34,410.48,192238.24394699998
2026-09-03T20:00:00+00:00,410.48,410.55,410.02,410.27,466430.404502
2026-09-03T20:05:00+00:00,410.28,410.28,409.89,409.9787,15136.376892
2026-09-03T20:10:00+00:00,409.93,410.0,409.89,410.0,26285.0
2026-09-03T20:15:00+00:00,410.02,410.05,409.91,409.933,7163.10408
2026-09-03T20:20:00+00:00,409.93,409.93,409.741,409.86,6169.424451
2026-09-03T20:25:00+00:00,409.8267,409.829,409.8,409.8255,994.0
2026-09-03T20:30:00+00:00,409.84,409.97,409.84,409.96,12358.127819
2026-09-03T20:35:00+00:00,409.95,409.95,409.901,409.94,530.0
2026-09-03T20:40:00+00:00,409.89,409.96,409.8706,409.909,2022.458013
2026-09-03T20:45:00+00:00,409.87,409.9865,409.87,409.9865,738.243932
2026-09-03T20:50:00+00:00,409.96,410.1808,409.95,410.0,5944.721
2026-09-03T20:55:00+00:00,410.061,410.1157,409.9494,410.11,4454.121919
2026-09-03T21:00:00+00:00,410.01,410.1,410.01,410.02,1175.0
2026-09-03T21:05:00+00:00,410.05,410.21,410.05,410.15,8814.01
2026-09-03T21:10:00+00:00,410.2283,410.2283,410.18,410.18,509.136003
2026-09-03T21:15:00+00:00,410.24,410.28,410.15,410.28,4170.0
2026-09-03T21:20:00+00:00,410.3939,410.3939,410.3939,410.3939,134.0
2026-09-03T21:25:00+00:00,410.22,410.3822,410.22,410.22,263.0
2026-09-03T21:30:00+00:00,410.22,410.32,410.2091,410.31,2425.0
2026-09-03T21:35:00+00:00,410.25,410.2999,410.2268,410.2268,483.05364199999997
2026-09-03T21:40:00+00:00,410.26,410.29,410.2203,410.28,1642.4910340000001
2026-09-03T21:45:00+00:00,410.29,410.2967,410.2262,410.2262,470.053672
2026-09-03T21:50:00+00:00,410.2272,410.3,410.2272,410.24,698.2859619999999
2026-09-03T21:55:00+00:00,410.24,410.31,410.24,410.25,4064.719355
2026-09-03T22:00:00+00:00,410.31,410.31,410.22,410.22,2425.293999
2026-09-03T22:05:00+00:00,410.27,410.41,410.15,410.41,9060.029645999999
2026-09-03T22:10:00+00:00,410.39,410.39,410.2199,410.289,1417.527
2026-09-03T22:15:00+00:00,410.2,410.43,410.2,410.43,509.064336
2026-09-03T22:20:00+00:00,410.437,410.5,410.437,410.45,696.0
2026-09-03T22:25:00+00:00,410.369,410.369,410.2399,410.2399,973.6771699999999
2026-09-03T22:30:00+00:00,410.2014,410.2776,410.1999,410.2,796.7819999999999
2026-09-03T22:35:00+00:00,410.23,410.28,410.14,410.21,2531.294
2026-09-03T22:40:00+00:00,410.2,410.2,410.03,410.03,526.385831
2026-09-03T22:45:00+00:00,410.2,410.21,410.0,410.1,1481.00369
2026-09-03T22:50:00+00:00,410.12,410.12,410.0,410.0,678.0
2026-09-03T22:55:00+00:00,410.08,410.12,410.0,410.0,392.0
2026-09-03T23:00:00+00:00,410.21,410.21,410.21,410.21,139.200072
2026-09-03T23:05:00+00:00,410.35,410.35,410.35,410.35,197.0
2026-09-03T23:10:00+00:00,410.2,410.2,410.2,410.2,118.097531
2026-09-03T23:15:00+00:00,410.16,410.16,410.16,410.16,101.06799
2026-09-03T23:20:00+00:00,410.1,410.1,409.92,409.92,2423.901
