ts,open,high,low,close,volume
2024-09-20T08:05:00+00:00,483.01,483.13,482.69,482.69,21690.0
2024-09-20T08:10:00+00:00,482.84,483.1,482.76,483.0,20390.0
2024-09-20T08:15:00+00:00,482.93,482.97,482.54,482.64,13811.0
2024-09-20T08:20:00+00:00,483.01,483.13,482.54,482.76,65657.0
2024-09-20T08:25:00+00:00,482.74,482.74,482.27,482.33,7557.0
2024-09-20T08:30:00+00:00,482.3,482.3,482.0,482.0,13482.0
2024-09-20T08:35:00+00:00,481.94,482.11,481.84,481.92,4205.0
2024-09-20T08:40:00+00:00,482.74,482.74,481.84,482.15,30207.0
2024-09-20T08:45:00+00:00,482.11,482.27,482.11,482.15,4730.0
2024-09-20T08:50:00+00:00,482.2,482.34,482.2,482.29,2664.0
2024-09-20T08:55:00+00:00,482.19,482.3,482.19,482.3,2240.0
2024-09-20T09:00:00+00:00,482.11,482.34,482.1,482.22,10600.0
2024-09-20T09:05:00+00:00,482.18,482.4,482.11,482.4,2355.0
2024-09-20T09:10:00+00:00,482.37,482.43,482.37,482.41,2263.0
2024-09-20T09:15:00+00:00,482.38,482.46,482.38,482.46,1355.0
2024-09-20T09:20:00+00:00,482.18,482.6,482.11,482.56,11710.0
2024-09-20T09:25:00+00:00,482.6,482.6,482.31,482.36,5985.0
2024-09-20T09:30:00+00:00,482.38,482.38,482.28,482.36,6889.0
2024-09-20T09:35:00+00:00,482.15,482.15,482.01,482.09,1295.0
2024-09-20T09:40:00+00:00,482.6,482.6,481.98,481.98,16776.0
2024-09-20T09:45:00+00:00,481.99,482.0,481.99,481.99,4604.0
2024-09-20T09:50:00+00:00,481.93,482.13,481.88,482.13,2010.0
2024-09-20T09:55:00+00:00,482.05,482.16,482.02,482.04,2524.0
2024-09-20T10:00:00+00:00,481.99,482.16,481.83,481.85,11026.0
2024-09-20T10:05:00+00:00,481.92,482.02,481.81,481.81,978.0
2024-09-20T10:10:00+00:00,481.75,481.83,481.69,481.83,2862.0
2024-09-20T10:15:00+00:00,481.84,482.04,481.84,482.0,7825.0
2024-09-20T10:20:00+00:00,481.92,482.04,481.69,482.0,12228.0
2024-09-20T10:25:00+00:00,482.05,482.1,482.0,482.1,848.0
2024-09-20T10:30:00+00:00,482.05,482.08,482.02,482.05,1528.0
2024-09-20T10:35:00+00:00,481.85,481.92,481.79,481.85,7806.0
2024-09-20T10:40:00+00:00,482.05,482.1,481.79,482.0,10547.0
2024-09-20T10:45:00+00:00,481.91,481.93,481.79,481.79,2169.0
2024-09-20T10:50:00+00:00,481.76,481.76,481.51,481.52,4281.0
2024-09-20T10:55:00+00:00,481.45,481.55,481.27,481.33,18896.0
2024-09-20T11:00:00+00:00,481.91,481.93,481.21,481.45,45240.0
2024-09-20T11:05:00+00:00,481.47,481.72,481.47,481.6,51043.0
2024-09-20T11:10:00+00:00,481.63,481.63,481.35,481.45,9735.0
2024-09-20T11:15:00+00:00,481.4,481.5,481.22,481.4,17944.0
2024-09-20T11:20:00+00:00,481.47,481.72,481.22,481.641,93889.0
2024-09-20T11:25:00+00:00,481.67,481.72,481.57,481.58,3794.0
2024-09-20T11:30:00+00:00,481.58,481.65,481.48,481.55,7836.0
2024-09-20T11:35:00+00:00,481.5,481.65,481.45,481.5,21813.0
2024-09-20T11:40:00+00:00,481.67,481.72,481.41,481.53,43801.0
2024-09-20T11:45:00+00:00,481.57,481.84,481.57,481.7,16105.0
2024-09-20T11:50:00+00:00,481.77,481.85,481.68,481.82,3831.0
2024-09-20T11:55:00+00:00,481.9,481.94,481.7,481.7,3925.0
2024-09-20T12:00:00+00:00,481.57,482.09,481.57,482.09,28523.0
2024-09-20T12:05:00+00:00,481.62,483.06,481.2401,482.4795,85814.0
2024-09-20T12:10:00+00:00,482.48,482.64,482.29,482.64,20773.0
2024-09-20T12:15:00+00:00,482.63,482.74,482.6,482.72,61762.0
2024-09-20T12:20:00+00:00,481.62,483.06,481.2401,482.65,225412.0
2024-09-20T12:25:00+00:00,482.65,482.89,482.55,482.8,31243.0
2024-09-20T12:30:00+00:00,482.79,482.95,482.71,482.95,19960.0
2024-09-20T12:35:00+00:00,482.8116,483.19,482.81,483.1,24989.0
2024-09-20T12:40:00+00:00,482.65,483.19,482.55,483.15,99916.0
2024-09-20T12:45:00+00:00,483.15,483.3801,483.15,483.37,26370.0
2024-09-20T12:50:00+00:00,483.24,483.42,483.23,483.41,20472.0
2024-09-20T12:55:00+00:00,483.37,483.43,483.06,483.06,18414.0
2024-09-20T13:00:00+00:00,483.15,483.43,483.06,483.16,77501.0
2024-09-20T13:05:00+00:00,483.17,483.23,482.61,482.62,32959.0
2024-09-20T13:10:00+00:00,482.62,482.64,482.0,482.18,67198.0
2024-09-20T13:15:00+00:00,482.17,482.5,482.0,482.5,37645.0
2024-09-20T13:20:00+00:00,483.17,483.23,482.0,482.3,148671.0
2024-09-20T13:25:00+00:00,482.27,482.41,482.2318,482.3,13555.0
2024-09-20T13:30:00+00:00,482.29,482.6,482.25,482.58,134660.0
2024-09-20T13:35:00+00:00,482.49,483.44,482.4196,483.03,906434.0
2024-09-20T13:40:00+00:00,482.27,483.63,482.2318,482.94,1525162.0
2024-09-20T13:45:00+00:00,482.91,483.23,482.45,482.73,375893.0
2024-09-20T13:50:00+00:00,482.72,483.22,482.39,482.5,479678.0
2024-09-20T13:55:00+00:00,482.49,483.41,482.3,482.52,244137.0
2024-09-20T14:00:00+00:00,482.91,483.41,481.43,481.6602,1476929.0
2024-09-20T14:05:00+00:00,481.68,482.2,481.27,482.08,420205.0
2024-09-20T14:10:00+00:00,482.05,482.269,481.69,481.85,512945.0
2024-09-20T14:15:00+00:00,481.93,482.0399,481.0,481.39,362868.0
2024-09-20T14:20:00+00:00,481.68,482.269,481.0,481.43,1821310.0
2024-09-20T14:25:00+00:00,481.41,481.85,481.07,481.815,516026.0
2024-09-20T14:30:00+00:00,481.8,482.13,481.56,481.675,383262.0
2024-09-20T14:35:00+00:00,481.675,481.72,480.87,481.498,493019.0
2024-09-20T14:40:00+00:00,481.41,482.13,480.87,481.87,1689636.0
2024-09-20T14:45:00+00:00,481.86,481.8625,481.1425,481.51,225131.0
2024-09-20T14:50:00+00:00,481.49,481.51,480.84,480.96,310167.0
2024-09-20T14:55:00+00:00,480.96,481.23,480.08,480.24,389873.0
2024-09-20T15:00:00+00:00,481.86,481.8625,480.05,480.25,4328786.0
2024-09-20T15:05:00+00:00,480.24,480.26,479.76,479.88,331888.0
2024-09-20T15:10:00+00:00,479.89,480.0528,479.69,479.79,233177.0
2024-09-20T15:15:00+00:00,479.795,479.9549,478.94,479.12,398924.0
2024-09-20T15:20:00+00:00,480.24,480.26,478.3,479.16,1668349.0
2024-09-20T15:25:00+00:00,479.16,479.76,479.16,479.57,388691.0
2024-09-20T15:30:00+00:00,479.575,479.85,479.42,479.43,180156.0
2024-09-20T15:35:00+00:00,479.42,480.49,479.3,480.36,335533.0
2024-09-20T15:40:00+00:00,479.16,480.645,479.16,480.5,1251943.0
2024-09-20T15:45:00+00:00,480.5,481.26,480.22,481.04,377675.0
2024-09-20T15:50:00+00:00,481.09,481.3,480.69,481.07,263848.0
2024-09-20T15:55:00+00:00,481.02,481.1402,480.47,480.7,260194.0
2024-09-20T16:00:00+00:00,480.5,481.35,480.22,481.04,1199603.0
2024-09-20T16:05:00+00:00,481.05,481.46,480.9,481.3799,222405.0
2024-09-20T16:10:00+00:00,481.37,481.75,481.1937,481.6,208653.0
2024-09-20T16:15:00+00:00,481.58,481.67,481.2701,481.424,152033.0
2024-09-20T16:20:00+00:00,481.05,481.75,480.9,481.51,750913.0
2024-09-20T16:25:00+00:00,481.55,482.0,481.39,481.9801,179180.0
2024-09-20T16:30:00+00:00,481.98,482.14,481.86,482.08,158416.0
2024-09-20T16:35:00+00:00,482.04,482.19,481.73,481.84,226179.0
2024-09-20T16:40:00+00:00,481.55,482.25,481.39,482.1,722884.0
2024-09-20T16:45:00+00:00,482.13,482.23,482.03,482.05,278421.0
2024-09-20T16:50:00+00:00,482.06,482.32,481.97,482.3157,138954.0
2024-09-20T16:55:00+00:00,482.33,482.54,482.2,482.21,300162.0
2024-09-20T17:00:00+00:00,482.13,482.54,481.97,482.14,857392.0
2024-09-20T17:05:00+00:00,482.13,482.41,481.63,481.7998,216661.0
2024-09-20T17:10:00+00:00,481.7701,482.2387,481.675,481.76,1438191.0
2024-09-20T17:15:00+00:00,481.78,482.18,481.65,482.1,252308.0
2024-09-20T17:20:00+00:00,482.13,482.41,481.63,482.0851,2020113.0
2024-09-20T17:25:00+00:00,482.11,482.14,481.54,481.56,153081.0
2024-09-20T17:30:00+00:00,481.69,482.0,481.46,481.78,130527.0
2024-09-20T17:35:00+00:00,481.77,482.3085,481.75,482.23,158567.0
2024-09-20T17:40:00+00:00,482.11,482.39,481.46,482.18,560356.0
2024-09-20T17:45:00+00:00,482.17,482.27,481.8,481.8,215247.0
2024-09-20T17:50:00+00:00,481.8301,482.01,481.69,481.865,141332.0
2024-09-20T17:55:00+00:00,481.875,481.92,481.59,481.6425,101293.0
2024-09-20T18:00:00+00:00,482.17,482.27,481.41,481.56,646374.0
2024-09-20T18:05:00+00:00,481.56,481.665,480.62,480.86,376253.0
2024-09-20T18:10:00+00:00,480.85,481.03,480.42,480.59,463681.0
2024-09-20T18:15:00+00:00,480.58,481.03,480.2,480.75,404698.0
2024-09-20T18:20:00+00:00,481.56,481.665,480.2,480.81,1378056.0
2024-09-20T18:25:00+00:00,480.78,480.89,480.43,480.6,125390.0
2024-09-20T18:30:00+00:00,480.58,480.74,480.45,480.61,99758.0
2024-09-20T18:35:00+00:00,480.57,480.64,480.22,480.24,166103.0
2024-09-20T18:40:00+00:00,480.78,480.89,480.13,480.55,574942.0
2024-09-20T18:45:00+00:00,480.55,480.72,480.32,480.48,191283.0
2024-09-20T18:50:00+00:00,480.48,480.83,480.4,480.68,246929.0
2024-09-20T18:55:00+00:00,480.7,481.35,480.64,481.29,289326.0
2024-09-20T19:00:00+00:00,480.55,481.77,480.32,481.63,1101224.0
2024-09-20T19:05:00+00:00,481.63,481.87,481.46,481.83,225246.0
2024-09-20T19:10:00+00:00,481.835,481.835,481.26,481.6,248428.0
2024-09-20T19:15:00+00:00,481.59,481.95,481.59,481.9,331151.0
2024-09-20T19:20:00+00:00,481.63,482.38,481.26,482.06,1555773.0
2024-09-20T19:25:00+00:00,482.07,482.95,481.99,482.2501,392703.0
2024-09-20T19:30:00+00:00,482.25,482.72,482.18,482.6196,302946.0
2024-09-20T19:35:00+00:00,482.6,482.84,482.32,482.81,289161.0
2024-09-20T19:40:00+00:00,482.07,483.69,481.99,483.39,1458194.0
2024-09-20T19:45:00+00:00,483.39,483.57,483.184,483.36,370229.0
2024-09-20T19:50:00+00:00,483.31,483.48,482.69,482.73,392647.0
2024-09-20T19:55:00+00:00,482.74,482.96,482.2,482.77,738306.0
2024-09-20T20:00:00+00:00,483.39,483.57,482.18,482.42,3252417.0
2024-09-20T20:05:00+00:00,482.46,482.55,482.29,482.34,163854.0
2024-09-20T20:10:00+00:00,482.37,482.44,482.02,482.05,113775.0
2024-09-20T20:15:00+00:00,482.08,482.09,481.8,481.89,485895.0
2024-09-20T20:20:00+00:00,482.46,482.55,481.8,481.952,985590.0
2024-09-20T20:25:00+00:00,481.95,481.99,481.82,481.97,63979.0
2024-09-20T20:30:00+00:00,481.96,482.0,481.75,481.82,23048.0
2024-09-20T20:35:00+00:00,481.82,481.82,481.61,481.7,70122.0
2024-09-20T20:40:00+00:00,481.95,482.44,481.61,482.0,219781.0
2024-09-20T20:45:00+00:00,482.01,482.23,481.96,481.99,9579.0
2024-09-20T20:50:00+00:00,481.96,482.27,481.9315,482.1,7963.0
2024-09-20T20:55:00+00:00,482.0885,482.0885,481.98,482.07,7678.0
2024-09-20T21:00:00+00:00,482.01,482.42,481.9315,482.02,788705.0
2024-09-20T21:05:00+00:00,482.01,482.44,481.98,482.0,76868.0
2024-09-20T21:10:00+00:00,482.0,482.02,481.95,481.96,9607.0
2024-09-20T21:15:00+00:00,481.98,482.11,481.96,482.11,4640.0
2024-09-20T21:20:00+00:00,482.01,482.44,481.95,482.05,92390.0
2024-09-20T21:25:00+00:00,482.03,482.05,481.97,481.97,5339.0
2024-09-20T21:30:00+00:00,481.9586,481.97,481.91,481.93,13168.0
2024-09-20T21:35:00+00:00,481.94,481.94,481.88,481.91,5768.0
2024-09-20T21:40:00+00:00,482.03,482.05,481.78,481.79,26520.0
2024-09-20T21:45:00+00:00,481.79,481.79,481.79,481.79,991.0
2024-09-20T21:50:00+00:00,481.77,481.77,481.6699,481.68,7377.0
2024-09-20T21:55:00+00:00,481.66,481.75,481.66,481.75,1465.0
2024-09-20T22:00:00+00:00,481.79,481.79,481.66,481.75,10253.0
2024-09-20T22:05:00+00:00,481.72,481.72,481.72,481.72,155.0
2024-09-20T22:10:00+00:00,481.8,481.8,481.8,481.8,224.0
2024-09-20T22:15:00+00:00,481.81,481.81,481.81,481.81,486.0
2024-09-20T22:20:00+00:00,481.72,481.81,481.72,481.81,865.0
2024-09-20T22:25:00+00:00,481.77,481.8,481.75,481.77,4409.0
2024-09-20T22:30:00+00:00,481.88,481.97,481.88,481.96,4214.0
2024-09-20T22:35:00+00:00,481.95,482.05,481.92,482.05,2891.0
2024-09-20T22:40:00+00:00,481.77,482.06,481.75,482.05,12557.0
2024-09-20T22:45:00+00:00,482.036,482.036,482.036,482.036,299.0
2024-09-20T22:50:00+00:00,482.08,482.14,482.08,482.14,614.0
2024-09-20T23:00:00+00:00,482.036,482.2,482.036,482.16,1910.0
2024-09-20T23:05:00+00:00,482.2,482.2,482.2,482.2,860.0
2024-09-20T23:15:00+00:00,482.25,482.25,482.2,482.2,714.0
2024-09-20T23:20:00+00:00,482.2,482.25,482.1,482.13,3123.0
2024-09-20T23:25:00+00:00,482.15,482.16,482.15,482.15,1113.0
2024-09-20T23:30:00+00:00,482.06,482.06,482.04,482.04,1062.0
2024-09-20T23:35:00+00:00,482.1,482.14,482.1,482.14,3139.0
2024-09-20T23:40:00+00:00,482.15,482.1672,482.04,482.08,5898.0
2024-09-20T23:45:00+00:00,482.1,482.17,482.1,482.17,836.0
2024-09-20T23:50:00+00:00,482.0681,482.0681,482.0681,482.0681,187.0
2024-09-20T23:55:00+00:00,482.07,482.07,482.07,482.07,1783.0
2024-09-21T00:00:00+00:00,482.1,482.25,482.0681,482.19,4471.0
2024-09-23T08:05:00+00:00,482.48,482.87,482.39,482.48,46224.0
2024-09-23T08:10:00+00:00,482.46,482.56,482.24,482.28,12407.0
2024-09-23T08:15:00+00:00,482.29,482.41,481.88,482.03,14691.0
2024-09-23T08:20:00+00:00,482.48,482.87,481.88,482.2,75772.0
2024-09-23T08:25:00+00:00,482.2,482.38,482.17,482.36,11083.0
2024-09-23T08:30:00+00:00,482.4,482.76,482.4,482.51,14769.0
2024-09-23T08:35:00+00:00,482.6,482.6,482.09,482.09,2493.0
2024-09-23T08:40:00+00:00,482.2,482.76,481.98,481.98,34005.0
2024-09-23T08:45:00+00:00,481.81,481.93,481.65,481.93,5116.0
2024-09-23T08:50:00+00:00,481.85,481.88,481.61,481.88,1159.0
2024-09-23T08:55:00+00:00,482.0,482.23,482.0,482.23,1199.0
2024-09-23T09:00:00+00:00,481.81,482.35,481.61,482.21,10514.0
2024-09-23T09:05:00+00:00,482.26,482.4,482.25,482.25,4237.0
2024-09-23T09:10:00+00:00,482.13,482.55,482.12,482.5,5700.0
2024-09-23T09:15:00+00:00,482.56,482.56,482.24,482.24,3239.0
2024-09-23T09:20:00+00:00,482.26,482.56,482.0,482.05,19263.0
2024-09-23T09:25:00+00:00,481.88,482.51,481.84,482.51,18974.0
2024-09-23T09:30:00+00:00,482.39,482.55,482.39,482.55,2797.0
2024-09-23T09:35:00+00:00,482.47,482.47,482.47,482.47,398.0
2024-09-23T09:40:00+00:00,481.88,482.55,481.84,482.53,22519.0
2024-09-23T09:45:00+00:00,482.56,482.75,482.48,482.75,4165.0
2024-09-23T09:50:00+00:00,482.8,483.15,482.8,483.15,33135.0
2024-09-23T09:55:00+00:00,483.14,483.14,483.03,483.09,10545.0
2024-09-23T10:00:00+00:00,482.56,483.15,482.48,483.02,52037.0
2024-09-23T10:05:00+00:00,483.18,483.25,483.09,483.09,5240.0
2024-09-23T10:10:00+00:00,483.09,483.13,482.91,482.96,7230.0
2024-09-23T10:15:00+00:00,482.87,483.01,482.85,482.85,2121.0
2024-09-23T10:20:00+00:00,483.18,483.25,482.85,483.0,17584.0
2024-09-23T10:25:00+00:00,483.09,483.09,482.93,482.93,1048.0
2024-09-23T10:30:00+00:00,483.11,483.11,483.03,483.03,800.0
2024-09-23T10:35:00+00:00,483.01,483.08,483.01,483.08,931.0
2024-09-23T10:40:00+00:00,483.09,483.23,482.93,483.16,3419.0
2024-09-23T10:45:00+00:00,483.31,483.31,483.07,483.07,1575.0
2024-09-23T10:50:00+00:00,483.1,483.11,483.1,483.1,1119.0
2024-09-23T10:55:00+00:00,483.13,483.13,482.89,482.89,6125.0
2024-09-23T11:00:00+00:00,483.31,483.31,482.82,482.82,9526.0
2024-09-23T11:05:00+00:00,482.9,482.93,482.5,482.53,15117.0
2024-09-23T11:10:00+00:00,482.4,482.56,482.35,482.51,8373.0
2024-09-23T11:15:00+00:00,482.55,482.72,482.55,482.56,5203.0
2024-09-23T11:20:00+00:00,482.9,482.93,482.35,482.67,32307.0
2024-09-23T11:25:00+00:00,482.7,482.88,482.7,482.74,19598.0
2024-09-23T11:30:00+00:00,482.6,482.6,482.2,482.5,11947.0
2024-09-23T11:35:00+00:00,482.57,482.61,482.45,482.5,15997.0
2024-09-23T11:40:00+00:00,482.7,482.88,482.2,482.75,54842.0
2024-09-23T11:45:00+00:00,482.67,482.9,482.67,482.9,2722.0
2024-09-23T11:50:00+00:00,482.85,482.97,482.84,482.89,2541.0
2024-09-23T11:55:00+00:00,482.96,482.99,482.84,482.89,3561.0
2024-09-23T12:00:00+00:00,482.67,483.11,482.67,483.0,17835.0
2024-09-23T12:05:00+00:00,482.96,484.82,480.15,482.85,55708.0
2024-09-23T12:10:00+00:00,482.94,483.18,482.94,483.13,5342.0
2024-09-23T12:15:00+00:00,483.15,483.15,482.77,482.86,7291.0
2024-09-23T12:20:00+00:00,482.96,484.82,480.15,482.6,81753.0
2024-09-23T12:25:00+00:00,482.57,483.02,482.57,483.02,8715.0
2024-09-23T12:30:00+00:00,483.0,483.1,482.98,483.1,17317.0
2024-09-23T12:35:00+00:00,483.12,483.12,483.03,483.08,8202.0
2024-09-23T12:40:00+00:00,482.57,483.27,482.57,483.08,41749.0
2024-09-23T12:45:00+00:00,483.0802,483.37,483.0802,483.1525,19080.0
2024-09-23T12:50:00+00:00,483.11,483.14,482.88,482.88,13722.0
2024-09-23T12:55:00+00:00,482.88,483.09,482.82,483.01,16850.0
2024-09-23T13:00:00+00:00,483.0802,483.37,482.78,483.1699,61432.0
2024-09-23T13:05:00+00:00,483.2,483.45,483.2,483.31,17408.0
2024-09-23T13:10:00+00:00,483.3,483.42,483.08,483.08,20299.0
2024-09-23T13:15:00+00:00,483.09,483.11,482.7,482.75,12110.0
2024-09-23T13:20:00+00:00,483.2,483.45,482.62,482.62,70667.0
2024-09-23T13:25:00+00:00,482.67,482.81,482.65,482.68,32229.0
2024-09-23T13:30:00+00:00,482.68,483.02,482.48,482.93,34509.0
2024-09-23T13:35:00+00:00,482.95,483.14,481.93,482.38,883334.0
2024-09-23T13:40:00+00:00,482.67,483.14,481.87,482.36,1439880.0
2024-09-23T13:45:00+00:00,482.38,482.68,481.96,482.61,364562.0
2024-09-23T13:50:00+00:00,482.58,483.56,482.14,483.54,579176.0
2024-09-23T13:55:00+00:00,483.54,483.67,482.58,483.0475,473858.0
2024-09-23T14:00:00+00:00,482.38,483.67,481.96,482.72,1722907.0
2024-09-23T14:05:00+00:00,482.73,483.39,482.21,483.05,398897.0
2024-09-23T14:10:00+00:00,483.03,483.6,482.8,483.17,392369.0
2024-09-23T14:15:00+00:00,483.18,483.5,482.44,482.5089,483974.0
2024-09-23T14:20:00+00:00,482.73,483.6,482.21,483.11,1646326.0
2024-09-23T14:25:00+00:00,483.09,483.99,482.87,483.65,628493.0
2024-09-23T14:30:00+00:00,483.65,483.715,483.02,483.545,429277.0
2024-09-23T14:35:00+00:00,483.54,483.65,482.92,483.2,388308.0
2024-09-23T14:40:00+00:00,483.09,483.99,482.51,482.59,1865434.0
2024-09-23T14:45:00+00:00,482.57,483.68,482.56,483.66,429614.0
2024-09-23T14:50:00+00:00,483.65,483.87,483.42,483.65,307982.0
2024-09-23T14:55:00+00:00,483.645,484.14,483.39,483.74,338564.0
2024-09-23T15:00:00+00:00,482.57,484.14,482.56,483.44,1286148.0
2024-09-23T15:05:00+00:00,483.44,483.44,482.58,482.816,228615.0
2024-09-23T15:10:00+00:00,482.81,482.93,482.28,482.885,399922.0
2024-09-23T15:15:00+00:00,482.9,483.13,482.77,482.9,152995.0
2024-09-23T15:20:00+00:00,483.44,483.44,482.28,482.5098,955941.0
2024-09-23T15:25:00+00:00,482.5081,483.12,482.46,483.0875,188877.0
2024-09-23T15:30:00+00:00,483.07,483.44,482.84,483.36,188534.0
2024-09-23T15:35:00+00:00,483.35,483.62,483.3,483.53,119643.0
2024-09-23T15:40:00+00:00,482.5081,483.8,482.46,483.8,668873.0
2024-09-23T15:45:00+00:00,483.82,483.87,483.49,483.64,128532.0
2024-09-23T15:50:00+00:00,483.7,483.97,483.6133,483.6471,239951.0
2024-09-23T15:55:00+00:00,483.62,484.09,483.62,483.985,146823.0
2024-09-23T16:00:00+00:00,483.82,484.09,483.38,483.66,728254.0
2024-09-23T16:05:00+00:00,483.64,483.67,483.34,483.57,139554.0
2024-09-23T16:10:00+00:00,483.59,483.66,483.2,483.2162,145412.0
2024-09-23T16:15:00+00:00,483.2,483.259,482.39,482.72,241707.0
2024-09-23T16:20:00+00:00,483.64,483.67,482.08,482.6001,916160.0
2024-09-23T16:25:00+00:00,482.6,482.93,482.44,482.88,120212.0
2024-09-23T16:30:00+00:00,482.84,482.98,482.68,482.7,190900.0
2024-09-23T16:35:00+00:00,482.71,482.9,482.2601,482.89,110688.0
2024-09-23T16:40:00+00:00,482.6,482.98,482.19,482.375,552691.0
2024-09-23T16:45:00+00:00,482.35,482.76,482.35,482.485,113010.0
2024-09-23T16:50:00+00:00,482.42,482.6,482.08,482.59,159970.0
2024-09-23T16:55:00+00:00,482.59,482.71,482.01,482.4,153181.0
2024-09-23T17:00:00+00:00,482.35,482.76,482.01,482.26,556570.0
2024-09-23T17:05:00+00:00,482.2337,482.2664,481.6,482.05,325652.0
2024-09-23T17:10:00+00:00,482.0,482.1674,481.81,482.16,166639.0
2024-09-23T17:15:00+00:00,482.11,482.37,481.96,482.06,163226.0
2024-09-23T17:20:00+00:00,482.2337,482.44,481.6,482.38,802031.0
2024-09-23T17:25:00+00:00,482.38,482.5438,482.01,482.11,127390.0
2024-09-23T17:30:00+00:00,482.0813,482.255,481.95,482.16,91068.0
2024-09-23T17:35:00+00:00,482.18,482.64,482.04,482.61,127511.0
2024-09-23T17:40:00+00:00,482.38,482.69,481.91,482.29,558931.0
2024-09-23T17:45:00+00:00,482.29,482.615,482.26,482.33,92240.0
2024-09-23T17:50:00+00:00,482.3,482.75,482.3,482.52,111535.0
2024-09-23T17:55:00+00:00,482.56,482.91,482.54,482.88,208875.0
2024-09-23T18:00:00+00:00,482.29,483.0,482.26,482.922,568240.0
2024-09-23T18:05:00+00:00,482.92,483.07,482.69,482.75,207767.0
2024-09-23T18:10:00+00:00,482.72,483.03,482.53,482.9901,106287.0
2024-09-23T18:15:00+00:00,483.03,483.15,482.84,482.89,126261.0
2024-09-23T18:20:00+00:00,482.92,483.15,482.53,482.885,585593.0
2024-09-23T18:25:00+00:00,482.885,483.18,482.83,483.0327,189631.0
2024-09-23T18:30:00+00:00,483.04,483.115,482.54,482.77,248196.0
2024-09-23T18:35:00+00:00,482.78,483.02,482.72,482.8997,122726.0
2024-09-23T18:40:00+00:00,482.885,483.18,482.54,482.8,670984.0
2024-09-23T18:45:00+00:00,482.81,483.0095,482.775,482.85,79536.0
2024-09-23T18:50:00+00:00,482.88,482.97,482.69,482.93,107292.0
2024-09-23T18:55:00+00:00,482.96,483.08,482.84,482.89,84725.0
2024-09-23T19:00:00+00:00,482.81,483.21,482.69,483.14,402043.0
2024-09-23T19:05:00+00:00,483.1131,483.24,482.98,483.182,713620.0
2024-09-23T19:10:00+00:00,483.17,483.24,482.76,482.809,166415.0
2024-09-23T19:15:00+00:00,482.7999,482.86,482.55,482.64,186660.0
2024-09-23T19:20:00+00:00,483.1131,483.24,482.55,482.99,1196150.0
2024-09-23T19:25:00+00:00,483.0,483.1198,482.8701,482.96,103774.0
2024-09-23T19:30:00+00:00,482.96,483.19,482.9,482.99,181951.0
2024-09-23T19:35:00+00:00,483.0,483.13,482.76,483.07,186062.0
2024-09-23T19:40:00+00:00,483.0,483.19,482.76,482.97,779633.0
2024-09-23T19:45:00+00:00,482.97,483.1599,482.5,482.62,239098.0
2024-09-23T19:50:00+00:00,482.57,483.21,482.47,483.21,257924.0
2024-09-23T19:55:00+00:00,483.19,483.24,482.75,482.99,386989.0
2024-09-23T20:00:00+00:00,482.97,483.32,482.47,483.02,1542222.0
2024-09-23T20:05:00+00:00,483.02,483.23,482.94,483.05,657786.0
2024-09-23T20:10:00+00:00,483.01,483.03,482.73,482.77,54529.0
2024-09-23T20:15:00+00:00,482.75,482.93,482.67,482.93,551749.0
2024-09-23T20:20:00+00:00,483.02,483.23,482.67,482.72,1856848.0
2024-09-23T20:25:00+00:00,482.7,482.7201,482.55,482.7,19418.0
2024-09-23T20:30:00+00:00,482.69,482.69,482.58,482.64,10000.0
2024-09-23T20:35:00+00:00,482.64,482.66,482.61,482.66,3314.0
2024-09-23T20:40:00+00:00,482.7,482.7201,482.55,482.55,62806.0
2024-09-23T20:45:00+00:00,482.57,483.04,482.57,482.6,58173.0
2024-09-23T20:50:00+00:00,482.59,482.63,482.5,482.63,17477.0
2024-09-23T20:55:00+00:00,482.6205,482.65,482.6,482.65,2110.0
2024-09-23T21:00:00+00:00,482.57,483.04,482.5,482.67,79274.0
2024-09-23T21:05:00+00:00,482.6992,482.7,482.6499,482.68,3410.0
2024-09-23T21:10:00+00:00,482.67,482.68,482.67,482.68,918.0
2024-09-23T21:15:00+00:00,482.67,482.68,482.66,482.67,1195.0
2024-09-23T21:20:00+00:00,482.6992,482.7,482.6499,482.7,6408.0
2024-09-23T21:25:00+00:00,482.69,482.72,482.69,482.72,488.0
2024-09-23T21:30:00+00:00,482.71,482.8,482.6706,482.6706,2081.0
2024-09-23T21:40:00+00:00,482.69,482.8,482.6706,482.6706,2569.0
2024-09-23T21:45:00+00:00,482.7,482.71,482.67,482.71,717.0
2024-09-23T21:50:00+00:00,482.6565,482.6565,482.6565,482.6565,437.0
2024-09-23T21:55:00+00:00,482.65,482.65,482.65,482.65,665.0
2024-09-23T22:00:00+00:00,482.7,482.71,482.65,482.65,1819.0
2024-09-23T22:05:00+00:00,482.64,482.64,482.6,482.62,3251.0
2024-09-23T22:10:00+00:00,482.55,482.55,482.3,482.3,5806.0
2024-09-23T22:15:00+00:00,482.4,482.4,482.33,482.381,2387.0
2024-09-23T22:20:00+00:00,482.64,482.64,482.3,482.4499,11860.0
2024-09-23T22:25:00+00:00,482.42,482.42,482.42,482.42,183.0
2024-09-23T22:30:00+00:00,482.5,482.5,482.42,482.45,1123.0
2024-09-23T22:35:00+00:00,482.5,482.5,482.481,482.481,333.0
2024-09-23T22:40:00+00:00,482.42,482.5,482.35,482.35,3891.0
2024-09-23T22:45:00+00:00,482.33,482.34,482.33,482.3315,485.0
2024-09-23T22:50:00+00:00,482.4085,482.4085,482.38,482.3925,327.0
2024-09-23T22:55:00+00:00,482.35,482.3999,482.33,482.361,1756.0
2024-09-23T23:00:00+00:00,482.33,482.42,482.33,482.38,3550.0
2024-09-23T23:05:00+00:00,482.38,482.38,482.35,482.37,2173.0
2024-09-23T23:10:00+00:00,482.41,482.44,482.41,482.44,371.0
2024-09-23T23:15:00+00:00,482.44,482.44,482.38,482.38,611.0
2024-09-23T23:20:00+00:00,482.38,482.44,482.35,482.41,3308.0
2024-09-23T23:25:00+00:00,482.4,482.4,482.4,482.4,162.0
2024-09-23T23:30:00+00:00,482.34,482.44,482.25,482.44,3218.0
2024-09-23T23:35:00+00:00,482.45,482.5599,482.45,482.5599,3086.0
2024-09-23T23:40:00+00:00,482.4,482.7,482.25,482.6706,9101.0
2024-09-23T23:45:00+00:00,482.5,482.6,482.5,482.6,1495.0
2024-09-23T23:50:00+00:00,482.65,482.88,482.65,482.84,7105.0
2024-09-23T23:55:00+00:00,482.84,482.87,482.8,482.83,5382.0
2024-09-24T00:00:00+00:00,482.5,482.88,482.5,482.82,16550.0
2024-09-24T08:05:00+00:00,483.72,484.65,483.72,484.65,16793.0
2024-09-24T08:10:00+00:00,484.78,484.89,484.64,484.64,5500.0
2024-09-24T08:15:00+00:00,484.85,485.09,484.85,485.09,6232.0
2024-09-24T08:20:00+00:00,483.72,485.36,483.72,485.32,34037.0
2024-09-24T08:25:00+00:00,485.31,485.5,485.27,485.41,5422.0
2024-09-24T08:30:00+00:00,485.4,485.41,485.29,485.41,10788.0
2024-09-24T08:35:00+00:00,485.36,485.37,485.15,485.15,1992.0
2024-09-24T08:40:00+00:00,485.31,485.5,485.03,485.03,20154.0
2024-09-24T08:45:00+00:00,485.02,485.05,484.87,484.87,3733.0
2024-09-24T08:50:00+00:00,484.86,485.06,484.86,485.06,3419.0
2024-09-24T08:55:00+00:00,485.11,485.27,485.06,485.13,2037.0
2024-09-24T09:00:00+00:00,485.02,485.27,484.86,485.19,10566.0
2024-09-24T09:05:00+00:00,485.15,485.19,485.04,485.1,1833.0
2024-09-24T09:10:00+00:00,485.01,485.05,484.96,485.05,678.0
2024-09-24T09:15:00+00:00,485.04,485.04,484.85,484.85,2051.0
2024-09-24T09:20:00+00:00,485.15,485.19,484.78,484.78,7135.0
2024-09-24T09:25:00+00:00,484.7,484.71,484.46,484.62,2469.0
2024-09-24T09:30:00+00:00,484.62,484.7,484.52,484.7,3163.0
2024-09-24T09:35:00+00:00,484.65,484.74,484.65,484.74,633.0
2024-09-24T09:40:00+00:00,484.7,484.75,484.46,484.64,6624.0
2024-09-24T09:45:00+00:00,484.44,484.46,484.38,484.46,2221.0
2024-09-24T09:50:00+00:00,484.54,484.55,484.37,484.53,2322.0
2024-09-24T10:00:00+00:00,484.44,484.55,484.2,484.37,8376.0
2024-09-24T10:05:00+00:00,484.27,484.27,484.25,484.27,559.0
2024-09-24T10:10:00+00:00,484.29,484.48,484.29,484.48,2839.0
2024-09-24T10:15:00+00:00,484.55,484.59,484.55,484.59,2438.0
2024-09-24T10:20:00+00:00,484.27,484.67,484.25,484.67,7399.0
2024-09-24T10:25:00+00:00,484.73,484.73,484.73,484.73,581.0
2024-09-24T10:30:00+00:00,484.63,484.63,484.63,484.63,301.0
2024-09-24T10:35:00+00:00,484.65,484.65,484.54,484.65,995.0
2024-09-24T10:40:00+00:00,484.73,484.84,484.54,484.84,2785.0
2024-09-24T10:45:00+00:00,484.8,484.91,484.8,484.91,979.0
2024-09-24T10:50:00+00:00,484.9,484.9,484.31,484.43,3412.0
2024-09-24T10:55:00+00:00,484.42,484.43,484.25,484.37,3266.0
2024-09-24T11:00:00+00:00,484.8,484.91,484.0,484.02,12846.0
2024-09-24T11:05:00+00:00,484.03,484.12,482.96,483.01,27172.0
2024-09-24T11:10:00+00:00,482.93,483.18,482.63,482.65,27867.0
2024-09-24T11:15:00+00:00,482.61,482.93,482.5,482.7,11939.0
2024-09-24T11:20:00+00:00,484.03,484.12,482.5,482.9,72243.0
2024-09-24T11:25:00+00:00,482.9,483.22,482.9,483.22,4065.0
2024-09-24T11:30:00+00:00,483.2,483.4,483.11,483.4,4243.0
2024-09-24T11:35:00+00:00,483.4,483.91,483.4,483.8,15826.0
2024-09-24T11:40:00+00:00,482.9,484.12,482.9,484.051,30245.0
2024-09-24T11:45:00+00:00,484.09,484.23,484.0,484.03,30121.0
2024-09-24T11:50:00+00:00,484.01,484.1,483.92,484.04,8512.0
2024-09-24T11:55:00+00:00,484.0,484.0,483.86,483.86,4814.0
2024-09-24T12:00:00+00:00,484.09,484.23,483.68,483.76,50801.0
2024-09-24T12:05:00+00:00,483.9901,485.4504,482.34,483.91,51875.0
2024-09-24T12:10:00+00:00,483.87,484.14,483.81,483.96,8814.0
2024-09-24T12:15:00+00:00,483.881,483.99,483.6,483.96,8168.0
2024-09-24T12:20:00+00:00,483.9901,485.4504,482.34,484.07,74600.0
2024-09-24T12:25:00+00:00,484.15,484.18,483.98,484.0,20149.0
2024-09-24T12:30:00+00:00,484.04,484.04,483.76,483.86,6253.0
2024-09-24T12:35:00+00:00,483.8,483.86,483.5,483.5,7178.0
2024-09-24T12:40:00+00:00,484.15,484.18,483.33,483.5,50471.0
2024-09-24T12:45:00+00:00,483.49,483.71,483.4711,483.69,5103.0
2024-09-24T12:50:00+00:00,483.66,483.9,483.66,483.89,10028.0
2024-09-24T12:55:00+00:00,483.9,484.0593,483.85,483.85,11374.0
2024-09-24T13:00:00+00:00,483.49,484.0593,483.4711,483.96,41675.0
2024-09-24T13:05:00+00:00,484.0,484.18,483.97,484.17,9131.0
2024-09-24T13:10:00+00:00,484.17,484.38,484.08,484.38,20624.0
2024-09-24T13:15:00+00:00,484.4,484.51,484.28,484.35,15399.0
2024-09-24T13:20:00+00:00,484.0,484.51,483.97,484.36,64083.0
2024-09-24T13:25:00+00:00,484.45,484.61,484.45,484.57,24284.0
2024-09-24T13:30:00+00:00,484.46,484.64,484.39,484.48,22054.0
2024-09-24T13:35:00+00:00,484.46,484.89,483.69,484.08,773733.0
2024-09-24T13:40:00+00:00,484.45,484.89,483.64,484.08,1164329.0
2024-09-24T13:45:00+00:00,484.085,484.11,483.52,483.78,287589.0
2024-09-24T13:50:00+00:00,483.75,484.2,483.55,483.7,282667.0
2024-09-24T13:55:00+00:00,483.69,484.12,483.21,483.62,319865.0
2024-09-24T14:00:00+00:00,484.085,484.2,483.21,483.35,1094163.0
2024-09-24T14:05:00+00:00,483.35,483.3971,480.91,481.37,1231786.0
2024-09-24T14:10:00+00:00,481.4101,481.9,480.97,481.5775,578421.0
2024-09-24T14:15:00+00:00,481.55,482.42,481.52,481.81,384838.0
2024-09-24T14:20:00+00:00,483.35,483.3971,480.91,481.5399,2425134.0
2024-09-24T14:25:00+00:00,481.49,481.862,480.43,481.32,486451.0
2024-09-24T14:30:00+00:00,481.34,481.5491,480.85,480.97,232059.0
2024-09-24T14:35:00+00:00,480.985,481.56,480.85,481.19,375400.0
2024-09-24T14:40:00+00:00,481.49,481.862,480.43,480.61,1467612.0
2024-09-24T14:45:00+00:00,480.6,481.11,480.17,481.007,486871.0
2024-09-24T14:50:00+00:00,481.03,481.9,481.01,481.73,421276.0
2024-09-24T14:55:00+00:00,481.75,482.67,481.75,482.44,442094.0
2024-09-24T15:00:00+00:00,480.6,483.07,480.17,483.0315,1767978.0
2024-09-24T15:05:00+00:00,483.03,483.33,482.91,483.307,342149.0
2024-09-24T15:10:00+00:00,483.31,483.3799,483.02,483.31,375009.0
2024-09-24T15:15:00+00:00,483.3,483.85,483.25,483.74,472631.0
2024-09-24T15:20:00+00:00,483.03,483.98,482.91,483.775,1448970.0
2024-09-24T15:25:00+00:00,483.79,484.03,483.57,483.92,305657.0
2024-09-24T15:30:00+00:00,483.93,484.21,483.77,483.97,274898.0
2024-09-24T15:35:00+00:00,483.98,484.48,483.97,484.18,416072.0
2024-09-24T15:40:00+00:00,483.79,484.48,483.57,484.27,1222473.0
2024-09-24T15:45:00+00:00,484.2801,484.725,484.23,484.69,284086.0
2024-09-24T15:50:00+00:00,484.67,485.17,484.64,485.1599,529107.0
2024-09-24T15:55:00+00:00,485.15,486.17,485.085,486.1,924247.0
2024-09-24T16:00:00+00:00,484.2801,486.33,484.23,485.67,2305556.0
2024-09-24T16:05:00+00:00,485.67,486.24,485.67,486.215,299553.0
2024-09-24T16:10:00+00:00,486.23,486.3,485.79,485.87,505062.0
2024-09-24T16:15:00+00:00,485.86,486.19,485.65,486.09,358006.0
2024-09-24T16:20:00+00:00,485.67,486.3,485.65,485.9,1400396.0
2024-09-24T16:25:00+00:00,485.9,486.13,485.5,485.665,181076.0
2024-09-24T16:30:00+00:00,485.7,485.81,485.31,485.71,227700.0
2024-09-24T16:35:00+00:00,485.72,485.98,485.55,485.925,238285.0
2024-09-24T16:40:00+00:00,485.9,486.13,485.31,485.87,794538.0
2024-09-24T16:45:00+00:00,485.88,485.985,485.6,485.985,129201.0
2024-09-24T16:50:00+00:00,485.99,486.26,485.72,485.85,214081.0
2024-09-24T16:55:00+00:00,485.875,485.98,485.52,485.6099,186275.0
2024-09-24T17:00:00+00:00,485.88,486.26,485.05,485.1,832317.0
2024-09-24T17:05:00+00:00,485.08,485.4,484.84,485.18,198120.0
2024-09-24T17:10:00+00:00,485.15,485.59,485.14,485.33,200204.0
2024-09-24T17:15:00+00:00,485.3275,485.59,485.181,485.53,136621.0
2024-09-24T17:20:00+00:00,485.08,485.8,484.84,485.7101,664420.0
2024-09-24T17:25:00+00:00,485.7063,485.7063,485.27,485.47,119103.0
2024-09-24T17:30:00+00:00,485.46,485.62,485.31,485.35,89498.0
2024-09-24T17:35:00+00:00,485.329,485.72,485.3,485.71,130836.0
2024-09-24T17:40:00+00:00,485.7063,485.83,485.27,485.61,433135.0
2024-09-24T17:45:00+00:00,485.6,485.84,485.39,485.715,134705.0
2024-09-24T17:50:00+00:00,485.71,485.72,485.27,485.275,107842.0
2024-09-24T17:55:00+00:00,485.27,485.59,485.23,485.535,127023.0
2024-09-24T18:00:00+00:00,485.6,485.84,485.13,485.17,500255.0
2024-09-24T18:05:00+00:00,485.19,485.42,485.01,485.22,154370.0
2024-09-24T18:10:00+00:00,485.1817,485.42,485.121,485.17,131472.0
2024-09-24T18:15:00+00:00,485.16,485.19,484.61,484.9497,210040.0
2024-09-24T18:20:00+00:00,485.19,485.42,484.61,485.04,618338.0
2024-09-24T18:25:00+00:00,485.02,485.09,484.8541,484.9099,66703.0
2024-09-24T18:30:00+00:00,484.9075,484.96,484.48,484.72,118089.0
2024-09-24T18:35:00+00:00,484.73,484.73,483.85,484.6373,350215.0
2024-09-24T18:40:00+00:00,485.02,485.09,483.85,484.9341,650794.0
2024-09-24T18:45:00+00:00,484.9675,485.015,484.63,484.775,133613.0
2024-09-24T18:50:00+00:00,484.79,484.79,484.5,484.5101,134906.0
2024-09-24T18:55:00+00:00,484.51,484.9605,484.46,484.9605,171480.0
2024-09-24T19:00:00+00:00,484.9675,485.02,484.46,484.77,622228.0
2024-09-24T19:05:00+00:00,484.75,484.87,484.65,484.87,115708.0
2024-09-24T19:10:00+00:00,484.85,485.09,484.8101,484.93,170913.0
2024-09-24T19:15:00+00:00,484.9301,485.03,484.67,484.84,127099.0
2024-09-24T19:20:00+00:00,484.75,485.09,484.63,484.86,1153381.0
2024-09-24T19:25:00+00:00,484.8799,485.01,484.75,484.91,208740.0
2024-09-24T19:30:00+00:00,484.92,485.01,484.81,484.8701,112353.0
2024-09-24T19:35:00+00:00,484.89,484.9275,484.67,484.81,141648.0
2024-09-24T19:40:00+00:00,484.8799,485.12,484.67,485.09,605256.0
2024-09-24T19:45:00+00:00,485.1,485.37,485.02,485.09,235828.0
2024-09-24T19:50:00+00:00,485.07,485.35,485.06,485.23,206421.0
2024-09-24T19:55:00+00:00,485.235,485.44,484.71,484.8151,434180.0
2024-09-24T20:00:00+00:00,485.1,485.48,484.62,485.35,2547368.0
2024-09-24T20:05:00+00:00,485.41,485.53,485.22,485.37,109444.0
2024-09-24T20:10:00+00:00,485.33,485.41,485.17,485.2,57584.0
2024-09-24T20:15:00+00:00,485.22,485.57,485.1905,485.55,725879.0
2024-09-24T20:20:00+00:00,485.41,485.72,485.17,485.681,917415.0
2024-09-24T20:25:00+00:00,485.67,485.74,485.62,485.73,15047.0
2024-09-24T20:30:00+00:00,485.75,485.75,485.66,485.74,8947.0
2024-09-24T20:35:00+00:00,485.76,485.76,485.71,485.74,2180.0
2024-09-24T20:40:00+00:00,485.67,485.77,485.62,485.75,48164.0
2024-09-24T20:45:00+00:00,485.75,485.77,485.72,485.74,19200.0
2024-09-24T20:50:00+00:00,485.74,485.76,485.71,485.76,3526.0
2024-09-24T20:55:00+00:00,485.77,485.82,485.76,485.77,9403.0
2024-09-24T21:00:00+00:00,485.75,485.82,485.71,485.73,40394.0
2024-09-24T21:05:00+00:00,485.75,485.76,485.72,485.72,1113.0
2024-09-24T21:10:00+00:00,485.7,485.7,485.56,485.62,8752.0
2024-09-24T21:15:00+00:00,485.6,485.62,485.6,485.6,2146.0
2024-09-24T21:20:00+00:00,485.75,485.76,485.56,485.66,28179.0
2024-09-24T21:25:00+00:00,485.65,485.67,485.65,485.67,3143.0
2024-09-24T21:30:00+00:00,485.6799,485.73,485.67,485.73,14140.0
2024-09-24T21:35:00+00:00,485.6124,485.6124,485.6124,485.6124,658.0
2024-09-24T21:40:00+00:00,485.65,485.776,485.6124,485.7744,18446.0
2024-09-24T21:45:00+00:00,485.71,485.78,485.71,485.78,934.0
2024-09-24T21:50:00+00:00,485.7,485.7,485.6479,485.6479,1027.0
2024-09-24T21:55:00+00:00,485.7,485.7,485.7,485.7,2689.0
2024-09-24T22:00:00+00:00,485.71,485.78,485.6479,485.7785,4752.0
2024-09-24T22:05:00+00:00,485.64,485.73,485.6,485.6,1664.0
2024-09-24T22:10:00+00:00,485.5803,485.61,485.5803,485.6,11697.0
2024-09-24T22:15:00+00:00,485.71,485.74,485.71,485.71,1906.0
2024-09-24T22:20:00+00:00,485.64,485.74,485.5803,485.7,16305.0
2024-09-24T22:25:00+00:00,485.67,485.67,485.61,485.61,300.0
2024-09-24T22:30:00+00:00,485.61,485.61,485.52,485.52,614.0
2024-09-24T22:35:00+00:00,485.5101,485.5101,485.5001,485.5014,1015.0
2024-09-24T22:40:00+00:00,485.67,485.67,485.5001,485.5398,3164.0
2024-09-24T22:45:00+00:00,485.48,485.63,485.48,485.63,1301.0
2024-09-24T22:50:00+00:00,485.66,485.7,485.62,485.69,8493.0
2024-09-24T22:55:00+00:00,485.69,485.74,485.69,485.6902,1977.0
2024-09-24T23:00:00+00:00,485.48,485.74,485.48,485.6902,11771.0
2024-09-24T23:05:00+00:00,485.73,485.73,485.73,485.73,283.0
2024-09-24T23:10:00+00:00,485.75,485.84,485.73,485.84,6693.0
2024-09-24T23:15:00+00:00,485.79,485.82,485.78,485.82,976.0
2024-09-24T23:20:00+00:00,485.73,485.85,485.73,485.8,9544.0
2024-09-24T23:25:00+00:00,485.8,485.84,485.73,485.73,2338.0
2024-09-24T23:30:00+00:00,485.749,485.75,485.7401,485.7401,3363.0
2024-09-24T23:35:00+00:00,485.75,485.75,485.66,485.68,4518.0
2024-09-24T23:40:00+00:00,485.8,485.84,485.62,485.6796,12278.0
2024-09-24T23:45:00+00:00,485.71,485.75,485.68,485.69,1464.0
2024-09-24T23:50:00+00:00,485.65,485.65,485.58,485.64,7503.0
2024-09-24T23:55:00+00:00,485.63,485.65,485.5775,485.619,12448.0
2024-09-25T00:00:00+00:00,485.71,485.75,485.5775,485.63,30041.0
2024-09-25T08:05:00+00:00,484.16,484.2,483.82,483.96,6745.0
2024-09-25T08:10:00+00:00,483.9,483.9,483.6,483.6,6600.0
2024-09-25T08:15:00+00:00,483.82,484.04,483.82,483.9,3440.0
2024-09-25T08:20:00+00:00,484.16,484.2,483.6,483.94,18962.0
2024-09-25T08:25:00+00:00,483.9,483.9,483.8,483.82,1285.0
2024-09-25T08:30:00+00:00,483.73,483.78,483.73,483.78,461.0
2024-09-25T08:35:00+00:00,483.72,483.73,483.64,483.71,1943.0
2024-09-25T08:40:00+00:00,483.9,483.9,483.64,483.81,5031.0
2024-09-25T08:45:00+00:00,483.61,483.61,483.45,483.52,2336.0
2024-09-25T08:50:00+00:00,483.55,483.77,483.52,483.75,2545.0
2024-09-25T08:55:00+00:00,483.62,483.76,483.59,483.64,2421.0
2024-09-25T09:00:00+00:00,483.61,483.77,483.41,483.62,12537.0
2024-09-25T09:05:00+00:00,483.61,483.67,483.57,483.67,1426.0
2024-09-25T09:10:00+00:00,483.61,483.75,483.6,483.75,1939.0
2024-09-25T09:15:00+00:00,483.75,483.77,483.67,483.77,1467.0
2024-09-25T09:20:00+00:00,483.61,483.77,483.44,483.46,10629.0
2024-09-25T09:25:00+00:00,483.41,483.5,483.26,483.3,4036.0
2024-09-25T09:30:00+00:00,483.4,483.56,483.4,483.4,2684.0
2024-09-25T09:35:00+00:00,483.41,483.82,483.41,483.82,2377.0
2024-09-25T09:40:00+00:00,483.41,483.93,483.26,483.83,10987.0
2024-09-25T09:45:00+00:00,483.8,483.98,483.8,483.87,1127.0
2024-09-25T09:55:00+00:00,483.82,483.82,483.75,483.75,519.0
2024-09-25T10:00:00+00:00,483.8,483.98,483.75,483.92,2572.0
2024-09-25T10:05:00+00:00,483.97,484.41,483.97,484.41,4951.0
2024-09-25T10:10:00+00:00,484.23,484.43,484.23,484.37,1922.0
2024-09-25T10:15:00+00:00,484.39,484.51,484.39,484.51,1630.0
2024-09-25T10:20:00+00:00,483.97,484.56,483.97,484.5,13100.0
2024-09-25T10:25:00+00:00,484.43,484.43,484.31,484.42,3403.0
2024-09-25T10:30:00+00:00,484.41,484.41,484.35,484.4,2844.0
2024-09-25T10:35:00+00:00,484.36,484.45,484.36,484.42,1803.0
2024-09-25T10:40:00+00:00,484.43,484.45,484.29,484.29,8605.0
2024-09-25T10:45:00+00:00,484.26,484.28,484.16,484.16,1353.0
2024-09-25T10:50:00+00:00,484.11,484.11,483.95,484.06,8603.0
2024-09-25T10:55:00+00:00,484.15,484.26,484.09,484.22,9189.0
2024-09-25T11:00:00+00:00,484.26,484.45,483.95,484.45,20598.0
2024-09-25T11:05:00+00:00,484.49,484.62,484.421,484.57,21720.0
2024-09-25T11:10:00+00:00,484.52,484.64,484.5,484.62,9125.0
2024-09-25T11:15:00+00:00,484.64,484.64,484.46,484.46,4899.0
2024-09-25T11:20:00+00:00,484.49,484.66,484.421,484.509,63729.0
2024-09-25T11:25:00+00:00,484.47,484.51,484.45,484.45,4249.0
2024-09-25T11:30:00+00:00,484.5,484.5,484.35,484.36,4241.0
2024-09-25T11:35:00+00:00,484.46,484.49,484.41,484.49,1766.0
2024-09-25T11:40:00+00:00,484.47,484.51,484.34,484.34,13862.0
2024-09-25T11:45:00+00:00,484.34,484.41,484.29,484.39,3076.0
2024-09-25T11:50:00+00:00,484.47,484.47,484.3,484.3,2880.0
2024-09-25T11:55:00+00:00,484.38,484.61,484.37,484.58,2695.0
2024-09-25T12:00:00+00:00,484.34,484.7,484.29,484.67,11651.0
2024-09-25T12:05:00+00:00,484.67,484.74,483.0,484.66,30625.0
2024-09-25T12:10:00+00:00,484.58,484.58,484.5,484.5,6395.0
2024-09-25T12:15:00+00:00,484.47,484.52,484.34,484.47,12811.0
2024-09-25T12:20:00+00:00,484.67,484.74,483.0,484.7,55280.0
2024-09-25T12:25:00+00:00,484.69,484.79,484.69,484.75,7179.0
2024-09-25T12:30:00+00:00,484.77,484.86,484.75,484.75,9027.0
2024-09-25T12:35:00+00:00,484.77,484.96,484.77,484.91,12809.0
2024-09-25T12:40:00+00:00,484.69,484.96,484.69,484.91,41128.0
2024-09-25T12:45:00+00:00,484.94,485.07,484.89,484.8988,6821.0
2024-09-25T12:50:00+00:00,484.83,484.87,484.67,484.68,7558.0
2024-09-25T12:55:00+00:00,484.78,484.91,484.72,484.91,7738.0
2024-09-25T13:00:00+00:00,484.94,485.07,484.67,484.93,27515.0
2024-09-25T13:05:00+00:00,484.9002,484.94,484.75,484.78,10194.0
2024-09-25T13:10:00+00:00,484.76,484.96,484.71,484.96,5648.0
2024-09-25T13:15:00+00:00,484.93,484.96,484.82,484.9,3958.0
2024-09-25T13:20:00+00:00,484.9002,484.96,484.71,484.84,24175.0
2024-09-25T13:25:00+00:00,484.86,484.86,484.74,484.77,4813.0
2024-09-25T13:30:00+00:00,484.75,484.92,484.7,484.81,36556.0
2024-09-25T13:35:00+00:00,484.74,485.99,484.68,485.818,822602.0
2024-09-25T13:40:00+00:00,484.86,486.29,484.68,485.8399,1319520.0
2024-09-25T13:45:00+00:00,485.83,485.87,484.81,485.6,414210.0
2024-09-25T13:50:00+00:00,485.58,486.21,485.53,485.93,299726.0
2024-09-25T13:55:00+00:00,485.91,486.29,485.5661,486.2,285057.0
2024-09-25T14:00:00+00:00,485.83,486.93,484.81,486.9199,1380574.0
2024-09-25T14:05:00+00:00,486.89,487.18,486.68,486.85,543178.0
2024-09-25T14:10:00+00:00,486.87,487.36,486.74,487.19,438470.0
2024-09-25T14:15:00+00:00,487.19,487.59,487.06,487.548,356293.0
2024-09-25T14:20:00+00:00,486.89,487.79,486.68,487.68,1585215.0
2024-09-25T14:25:00+00:00,487.68,487.71,487.09,487.33,868663.0
2024-09-25T14:30:00+00:00,487.35,487.365,486.65,486.7,381107.0
2024-09-25T14:35:00+00:00,486.71,487.06,486.36,487.0,358275.0
2024-09-25T14:40:00+00:00,487.68,487.71,486.36,487.1,1765711.0
2024-09-25T14:45:00+00:00,487.1,487.2378,486.6,486.825,226912.0
2024-09-25T14:50:00+00:00,486.8599,486.96,486.23,486.37,251964.0
2024-09-25T14:55:00+00:00,486.33,486.9602,486.22,486.62,208374.0
2024-09-25T15:00:00+00:00,487.1,487.2378,486.22,486.7742,818767.0
2024-09-25T15:05:00+00:00,486.8,487.0191,486.54,486.78,125529.0
2024-09-25T15:10:00+00:00,486.76,487.17,486.58,487.075,210518.0
2024-09-25T15:15:00+00:00,487.03,487.06,486.41,486.57,205979.0
2024-09-25T15:20:00+00:00,486.8,487.17,486.13,486.8268,812662.0
2024-09-25T15:25:00+00:00,486.82,486.82,486.37,486.39,117909.0
2024-09-25T15:30:00+00:00,486.3503,486.53,486.12,486.13,174342.0
2024-09-25T15:35:00+00:00,486.11,486.4,485.9451,486.27,470122.0
2024-09-25T15:40:00+00:00,486.82,487.06,485.9451,486.825,1195547.0
2024-09-25T15:45:00+00:00,486.895,487.07,486.27,486.47,241978.0
2024-09-25T15:50:00+00:00,486.48,486.54,486.07,486.27,129827.0
2024-09-25T15:55:00+00:00,486.26,486.29,485.64,485.885,260650.0
2024-09-25T16:00:00+00:00,486.895,487.07,485.6,486.2575,982746.0
2024-09-25T16:05:00+00:00,486.23,486.24,485.89,486.0,103293.0
2024-09-25T16:10:00+00:00,485.99,486.0,485.38,485.915,398009.0
2024-09-25T16:15:00+00:00,485.92,486.13,485.73,485.973,150252.0
2024-09-25T16:20:00+00:00,486.23,486.24,485.38,485.96,794502.0
2024-09-25T16:25:00+00:00,486.015,486.34,486.015,486.295,356364.0
2024-09-25T16:30:00+00:00,486.3192,486.47,486.1991,486.31,171243.0
2024-09-25T16:35:00+00:00,486.3011,486.36,485.86,486.24,175359.0
2024-09-25T16:40:00+00:00,486.015,486.47,485.86,486.23,861339.0
2024-09-25T16:45:00+00:00,486.22,486.345,485.91,485.958,134719.0
2024-09-25T16:50:00+00:00,485.941,486.08,485.55,485.64,199036.0
2024-09-25T16:55:00+00:00,485.61,486.1,485.58,485.96,139137.0
2024-09-25T17:00:00+00:00,486.22,486.345,485.44,485.58,627177.0
2024-09-25T17:05:00+00:00,485.56,485.6,484.56,485.35,474439.0
2024-09-25T17:10:00+00:00,485.33,485.82,485.19,485.5058,195879.0
2024-09-25T17:15:00+00:00,485.46,485.4688,485.07,485.25,125020.0
2024-09-25T17:20:00+00:00,485.56,485.82,484.56,485.4601,947740.0
2024-09-25T17:25:00+00:00,485.46,485.64,485.35,485.48,113713.0
2024-09-25T17:30:00+00:00,485.43,485.8193,485.43,485.6506,87217.0
2024-09-25T17:35:00+00:00,485.65,485.83,485.25,485.31,202369.0
2024-09-25T17:40:00+00:00,485.46,485.83,484.76,485.5,662762.0
2024-09-25T17:45:00+00:00,485.49,485.52,485.08,485.08,212439.0
2024-09-25T17:50:00+00:00,485.06,485.18,484.63,484.9496,294820.0
2024-09-25T17:55:00+00:00,484.95,485.79,484.87,485.76,193856.0
2024-09-25T18:00:00+00:00,485.49,486.14,484.63,486.09,1010408.0
2024-09-25T18:05:00+00:00,486.08,486.24,485.78,485.85,175947.0
2024-09-25T18:10:00+00:00,485.82,486.045,485.44,485.6,158025.0
2024-09-25T18:15:00+00:00,485.59,485.66,485.11,485.1999,315245.0
2024-09-25T18:20:00+00:00,486.08,486.24,484.78,485.47,860031.0
2024-09-25T18:25:00+00:00,485.49,485.6,485.3256,485.5501,118984.0
2024-09-25T18:30:00+00:00,485.57,486.04,485.558,486.0399,175706.0
2024-09-25T18:35:00+00:00,486.03,486.0499,485.67,485.85,150014.0
2024-09-25T18:40:00+00:00,485.49,486.0499,485.3256,485.82,590173.0
2024-09-25T18:45:00+00:00,485.83,486.0,485.74,485.86,162902.0
2024-09-25T18:50:00+00:00,485.88,486.11,485.85,485.99,175974.0
2024-09-25T18:55:00+00:00,485.995,486.06,485.77,485.99,194992.0
2024-09-25T19:00:00+00:00,485.83,486.11,485.21,485.83,892771.0
2024-09-25T19:05:00+00:00,485.83,486.04,485.72,485.995,1356452.0
2024-09-25T19:10:00+00:00,486.0,486.03,485.67,485.72,537697.0
2024-09-25T19:15:00+00:00,485.75,485.84,485.47,485.59,118405.0
2024-09-25T19:20:00+00:00,485.83,486.04,485.44,485.56,2146549.0
2024-09-25T19:25:00+00:00,485.55,485.6725,485.4905,485.62,116456.0
2024-09-25T19:30:00+00:00,485.61,485.7,485.56,485.65,206896.0
2024-09-25T19:35:00+00:00,485.62,485.69,485.44,485.56,180238.0
2024-09-25T19:40:00+00:00,485.55,485.75,485.44,485.54,905435.0
2024-09-25T19:45:00+00:00,485.53,485.64,485.46,485.538,190633.0
2024-09-25T19:50:00+00:00,485.54,485.85,485.49,485.78,382454.0
2024-09-25T19:55:00+00:00,485.78,486.02,485.56,485.91,1153026.0
2024-09-25T20:00:00+00:00,485.53,486.07,485.46,485.93,2899025.0
2024-09-25T20:05:00+00:00,485.97,486.74,485.79,486.58,404000.0
2024-09-25T20:10:00+00:00,486.6,486.8,485.82,486.74,237679.0
2024-09-25T20:15:00+00:00,486.74,487.05,486.73,487.05,1117355.0
2024-09-25T20:20:00+00:00,485.97,487.05,485.79,486.99,2045046.0
2024-09-25T20:25:00+00:00,486.99,486.99,486.6,486.75,53428.0
2024-09-25T20:30:00+00:00,486.74,486.89,486.72,486.89,28235.0
2024-09-25T20:35:00+00:00,486.91,486.94,486.87,486.88,20477.0
2024-09-25T20:40:00+00:00,486.99,487.01,486.6,487.01,139234.0
2024-09-25T20:45:00+00:00,487.05,487.07,486.98,487.03,61358.0
2024-09-25T20:50:00+00:00,487.03,487.13,486.95,487.08,49616.0
2024-09-25T20:55:00+00:00,487.1,487.14,487.05,487.12,18146.0
2024-09-25T21:00:00+00:00,487.05,487.16,486.95,487.1,148176.0
2024-09-25T21:05:00+00:00,487.1,487.13,486.95,487.0,15034.0
2024-09-25T21:10:00+00:00,487.0,487.12,487.0,487.02,149642.0
2024-09-25T21:15:00+00:00,487.06,487.1,487.02,487.08,12298.0
2024-09-25T21:20:00+00:00,487.1,487.13,486.95,487.06,191222.0
2024-09-25T21:25:00+00:00,487.05,487.17,487.05,487.12,28105.0
2024-09-25T21:30:00+00:00,487.12,487.12,487.1,487.1,4283.0
2024-09-25T21:35:00+00:00,487.1,487.12,487.1,487.12,3277.0
2024-09-25T21:40:00+00:00,487.05,487.17,487.05,487.08,38504.0
2024-09-25T21:45:00+00:00,487.08,487.1,487.01,487.1,3096.0
2024-09-25T21:50:00+00:00,487.11,487.15,487.11,487.15,439.0
2024-09-25T22:00:00+00:00,487.08,487.15,486.96,487.0501,8752.0
2024-09-25T22:05:00+00:00,487.2,487.22,486.89,486.92,30644.0
2024-09-25T22:10:00+00:00,487.04,487.04,487.04,487.04,384.0
2024-09-25T22:15:00+00:00,486.92,486.95,486.92,486.95,962.0
2024-09-25T22:20:00+00:00,487.2,487.22,486.89,486.92,32675.0
2024-09-25T22:25:00+00:00,486.93,486.95,486.91,486.92,14069.0
2024-09-25T22:30:00+00:00,486.96,487.0,486.96,486.99,2528.0
2024-09-25T22:35:00+00:00,487.0,487.2,487.0,487.2,1429.0
2024-09-25T22:40:00+00:00,486.93,487.27,486.91,487.25,19679.0
2024-09-25T22:45:00+00:00,487.31,487.4,487.27,487.34,6005.0
2024-09-25T22:50:00+00:00,487.34,487.3696,487.22,487.27,8034.0
2024-09-25T22:55:00+00:00,487.28,487.28,487.22,487.24,3090.0
2024-09-25T23:00:00+00:00,487.31,487.4,487.2,487.26,17884.0
2024-09-25T23:05:00+00:00,487.24,487.25,487.14,487.14,6068.0
2024-09-25T23:10:00+00:00,487.14,487.17,487.11,487.15,16407.0
2024-09-25T23:20:00+00:00,487.24,487.26,487.11,487.17,25171.0
2024-09-25T23:25:00+00:00,487.11,487.22,487.11,487.2,4109.0
2024-09-25T23:30:00+00:00,487.31,487.34,487.31,487.31,4180.0
2024-09-25T23:35:00+00:00,487.29,487.4,487.29,487.4,6451.0
2024-09-25T23:40:00+00:00,487.11,487.429,487.11,487.38,19599.0
2024-09-25T23:45:00+00:00,487.419,487.51,487.4,487.46,1753.0
2024-09-25T23:50:00+00:00,487.5,488.07,487.5,488.0,22287.0
2024-09-25T23:55:00+00:00,488.02,488.06,487.91,487.94,5821.0
2024-09-26T00:00:00+00:00,487.419,488.07,487.4,487.95,42857.0
2024-09-26T08:05:00+00:00,491.72,493.07,491.3,492.65,50328.0
2024-09-26T08:10:00+00:00,492.62,492.77,492.61,492.65,11415.0
2024-09-26T08:15:00+00:00,492.5,493.06,492.5,492.94,10850.0
2024-09-26T08:20:00+00:00,491.72,493.07,491.3,492.83,87287.0
2024-09-26T08:25:00+00:00,492.75,492.82,492.75,492.8,6354.0
2024-09-26T08:30:00+00:00,492.67,492.8,492.67,492.8,7152.0
2024-09-26T08:35:00+00:00,492.78,492.89,492.76,492.8,5936.0
2024-09-26T08:40:00+00:00,492.75,492.96,492.66,492.66,22240.0
2024-09-26T08:45:00+00:00,492.53,492.53,492.29,492.29,2693.0
2024-09-26T08:50:00+00:00,492.6,492.6,492.6,492.6,462.0
2024-09-26T08:55:00+00:00,492.36,492.52,492.36,492.36,2418.0
2024-09-26T09:00:00+00:00,492.53,492.6,492.29,492.45,5860.0
2024-09-26T09:05:00+00:00,492.51,492.51,492.29,492.49,4770.0
2024-09-26T09:10:00+00:00,492.44,492.51,492.35,492.51,1824.0
2024-09-26T09:15:00+00:00,492.36,492.5,492.21,492.49,3101.0
2024-09-26T09:20:00+00:00,492.51,492.51,492.21,492.34,10256.0
2024-09-26T09:25:00+00:00,492.52,492.53,492.43,492.43,8406.0
2024-09-26T09:30:00+00:00,492.39,492.54,492.39,492.54,2581.0
2024-09-26T09:35:00+00:00,492.52,492.55,492.46,492.52,1242.0
2024-09-26T09:40:00+00:00,492.52,492.73,492.39,492.73,13993.0
2024-09-26T09:45:00+00:00,492.79,492.79,492.58,492.58,2475.0
2024-09-26T09:50:00+00:00,492.63,492.73,492.63,492.63,2382.0
2024-09-26T09:55:00+00:00,492.61,492.64,492.52,492.52,7174.0
2024-09-26T10:00:00+00:00,492.79,492.79,492.45,492.57,14381.0
2024-09-26T10:05:00+00:00,492.59,492.59,492.5,492.57,3314.0
2024-09-26T10:10:00+00:00,492.56,492.56,492.41,492.44,7202.0
2024-09-26T10:15:00+00:00,492.45,492.53,492.41,492.53,2647.0
2024-09-26T10:20:00+00:00,492.59,492.67,492.41,492.65,20287.0
2024-09-26T10:25:00+00:00,492.64,492.65,492.58,492.61,3656.0
2024-09-26T10:30:00+00:00,492.66,492.8,492.65,492.78,3747.0
2024-09-26T10:35:00+00:00,492.8,492.88,492.8,492.8,2420.0
2024-09-26T10:40:00+00:00,492.64,492.88,492.58,492.73,17746.0
2024-09-26T10:45:00+00:00,492.84,493.1,492.84,493.1,13075.0
2024-09-26T10:50:00+00:00,493.09,493.09,492.99,493.09,3897.0
2024-09-26T10:55:00+00:00,493.01,493.02,492.97,492.99,3775.0
2024-09-26T11:00:00+00:00,492.84,493.23,492.84,493.23,32827.0
2024-09-26T11:05:00+00:00,493.22,493.22,492.76,492.9,30754.0
2024-09-26T11:10:00+00:00,492.95,493.15,492.94,493.044,15262.0
2024-09-26T11:15:00+00:00,493.02,493.08,492.87,492.87,17097.0
2024-09-26T11:20:00+00:00,493.22,493.22,492.76,492.95,71330.0
2024-09-26T11:25:00+00:00,492.99,493.05,492.82,493.05,16132.0
2024-09-26T11:30:00+00:00,493.07,493.23,493.05,493.23,7619.0
2024-09-26T11:35:00+00:00,493.19,493.39,493.17,493.18,14518.0
2024-09-26T11:40:00+00:00,492.99,493.39,492.82,493.21,43558.0
2024-09-26T11:45:00+00:00,493.24,493.36,493.06,493.11,13727.0
2024-09-26T11:50:00+00:00,493.08,493.14,492.99,493.14,22204.0
2024-09-26T11:55:00+00:00,493.13,493.18,492.98,492.98,9597.0
2024-09-26T12:00:00+00:00,493.24,493.36,492.97,493.02,55510.0
2024-09-26T12:05:00+00:00,492.85,493.37,490.0,492.75,115539.0
2024-09-26T12:10:00+00:00,492.72,492.75,492.46,492.52,40943.0
2024-09-26T12:15:00+00:00,492.45,492.7981,492.44,492.78,11366.0
2024-09-26T12:20:00+00:00,492.85,493.37,490.0,492.89,203098.0
2024-09-26T12:25:00+00:00,492.88,493.21,492.832,493.17,42084.0
2024-09-26T12:30:00+00:00,493.19,493.41,493.08,493.11,100412.0
2024-09-26T12:35:00+00:00,493.27,493.47,492.8,493.27,58219.0
2024-09-26T12:40:00+00:00,492.88,493.47,492.8,492.98,234657.0
2024-09-26T12:45:00+00:00,492.97,493.44,492.95,493.37,22043.0
2024-09-26T12:50:00+00:00,493.4199,493.4199,493.18,493.34,16777.0
2024-09-26T12:55:00+00:00,493.36,493.75,493.36,493.71,25146.0
2024-09-26T13:00:00+00:00,492.97,493.81,492.95,493.73,115080.0
2024-09-26T13:05:00+00:00,493.76,493.88,493.64,493.83,58271.0
2024-09-26T13:10:00+00:00,493.89,494.14,493.89,494.14,103522.0
2024-09-26T13:15:00+00:00,494.13,494.21,494.05,494.13,31246.0
2024-09-26T13:20:00+00:00,493.76,494.21,493.64,494.13,235961.0
2024-09-26T13:25:00+00:00,494.05,494.05,493.8,493.89,48799.0
2024-09-26T13:30:00+00:00,493.85,494.0,493.39,493.45,140322.0
2024-09-26T13:35:00+00:00,493.37,493.7,491.99,492.07,1854549.0
2024-09-26T13:40:00+00:00,494.05,494.05,491.44,491.964,2938335.0
2024-09-26T13:45:00+00:00,491.94,491.97,491.34,491.75,521913.0
2024-09-26T13:50:00+00:00,491.74,492.08,491.0,491.47,761443.0
2024-09-26T13:55:00+00:00,491.46,491.74,491.05,491.27,352053.0
2024-09-26T14:00:00+00:00,491.94,492.08,491.0,491.55,1975608.0
2024-09-26T14:05:00+00:00,491.55,491.74,491.06,491.2134,349018.0
2024-09-26T14:10:00+00:00,491.19,491.2,490.44,490.975,371415.0
2024-09-26T14:15:00+00:00,490.98,491.35,490.82,490.84,311649.0
2024-09-26T14:20:00+00:00,491.55,491.74,490.44,490.865,1309712.0
2024-09-26T14:25:00+00:00,490.9,490.93,490.25,490.44,264740.0
2024-09-26T14:30:00+00:00,490.43,490.44,489.42,489.59,366047.0
2024-09-26T14:35:00+00:00,489.66,489.77,488.68,489.17,611494.0
2024-09-26T14:40:00+00:00,490.9,490.93,488.68,490.01,1750706.0
2024-09-26T14:45:00+00:00,489.98,490.04,489.0,489.08,371239.0
2024-09-26T14:50:00+00:00,489.08,489.77,488.11,488.65,465139.0
2024-09-26T14:55:00+00:00,488.6529,488.92,487.4,487.56,795965.0
2024-09-26T15:00:00+00:00,489.98,490.04,486.25,486.4427,2389375.0
2024-09-26T15:05:00+00:00,486.42,487.4,485.8,487.34,955710.0
2024-09-26T15:10:00+00:00,487.32,488.33,487.32,488.03,615290.0
2024-09-26T15:15:00+00:00,488.03,488.0641,487.08,487.51,413650.0
2024-09-26T15:20:00+00:00,486.42,488.33,485.8,486.9715,2199785.0
2024-09-26T15:25:00+00:00,486.9501,487.5,486.67,486.97,267731.0
2024-09-26T15:30:00+00:00,487.03,487.455,486.69,487.44,373854.0
2024-09-26T15:35:00+00:00,487.38,487.45,486.76,486.855,212126.0
2024-09-26T15:40:00+00:00,486.9501,487.5,486.67,487.4,1046116.0
2024-09-26T15:45:00+00:00,487.38,487.91,487.25,487.88,325167.0
2024-09-26T15:50:00+00:00,487.87,488.31,487.71,487.8,212658.0
2024-09-26T15:55:00+00:00,487.78,488.49,487.78,488.485,279856.0
2024-09-26T16:00:00+00:00,487.38,489.0405,487.25,489.0,1172823.0
2024-09-26T16:05:00+00:00,489.0,489.0,487.73,487.91,323053.0
2024-09-26T16:10:00+00:00,487.92,488.5,487.71,488.12,273185.0
2024-09-26T16:15:00+00:00,488.12,488.2857,487.57,487.83,189512.0
2024-09-26T16:20:00+00:00,489.0,489.0,487.57,487.73,928896.0
2024-09-26T16:25:00+00:00,487.71,487.88,487.13,487.49,311846.0
2024-09-26T16:30:00+00:00,487.47,487.91,487.34,487.4,182906.0
2024-09-26T16:35:00+00:00,487.46,487.65,487.1843,487.1843,175638.0
2024-09-26T16:40:00+00:00,487.71,487.91,487.13,487.55,801895.0
2024-09-26T16:45:00+00:00,487.5695,487.57,486.78,487.5,175673.0
2024-09-26T16:50:00+00:00,487.52,487.74,487.34,487.36,136071.0
2024-09-26T16:55:00+00:00,487.33,487.6256,487.24,487.3301,90831.0
2024-09-26T17:00:00+00:00,487.5695,487.74,486.78,487.33,478845.0
2024-09-26T17:05:00+00:00,487.31,487.53,486.97,487.49,182329.0
2024-09-26T17:10:00+00:00,487.5,487.57,486.91,487.02,148168.0
2024-09-26T17:15:00+00:00,487.01,487.51,486.94,487.09,204148.0
2024-09-26T17:20:00+00:00,487.31,487.57,485.84,486.07,955400.0
2024-09-26T17:25:00+00:00,486.07,486.65,485.99,486.35,188159.0
2024-09-26T17:30:00+00:00,486.37,487.35,486.33,487.272,262468.0
2024-09-26T17:35:00+00:00,487.26,487.8,487.23,487.57,275320.0
2024-09-26T17:40:00+00:00,486.07,487.8,485.99,487.55,842192.0
2024-09-26T17:45:00+00:00,487.56,488.04,487.56,487.94,179750.0
2024-09-26T17:50:00+00:00,487.96,488.11,487.8,488.085,126358.0
2024-09-26T17:55:00+00:00,488.06,488.18,487.841,488.13,148774.0
2024-09-26T18:00:00+00:00,487.56,488.26,487.56,487.86,1192420.0
2024-09-26T18:05:00+00:00,487.87,488.2,487.87,488.1299,337649.0
2024-09-26T18:10:00+00:00,488.1263,488.38,488.01,488.3248,203459.0
2024-09-26T18:15:00+00:00,488.33,488.99,488.24,488.97,330874.0
2024-09-26T18:20:00+00:00,487.87,489.58,487.87,489.01,1577899.0
2024-09-26T18:25:00+00:00,489.03,489.3887,488.88,489.35,192757.0
2024-09-26T18:30:00+00:00,489.36,489.6,489.2,489.57,150776.0
2024-09-26T18:35:00+00:00,489.57,489.6075,489.04,489.1299,229012.0
2024-09-26T18:40:00+00:00,489.03,489.6075,488.88,489.379,758705.0
2024-09-26T18:45:00+00:00,489.36,489.41,489.01,489.04,147234.0
2024-09-26T18:50:00+00:00,489.02,489.22,488.945,489.02,129889.0
2024-09-26T18:55:00+00:00,489.01,489.465,489.01,489.435,184503.0
2024-09-26T19:00:00+00:00,489.36,489.66,488.945,489.3925,683639.0
2024-09-26T19:05:00+00:00,489.39,489.4,488.99,489.29,249435.0
2024-09-26T19:10:00+00:00,489.3,489.51,489.17,489.38,162647.0
2024-09-26T19:15:00+00:00,489.41,489.8901,489.37,489.75,233657.0
2024-09-26T19:20:00+00:00,489.39,489.8901,488.99,489.77,993379.0
2024-09-26T19:25:00+00:00,489.76,489.95,489.68,489.85,181317.0
2024-09-26T19:30:00+00:00,489.85,489.97,489.37,489.58,299874.0
2024-09-26T19:35:00+00:00,489.5937,489.85,489.4,489.78,420163.0
2024-09-26T19:40:00+00:00,489.76,489.97,489.37,489.59,1544598.0
2024-09-26T19:45:00+00:00,489.59,489.77,489.52,489.5524,189320.0
2024-09-26T19:50:00+00:00,489.58,489.77,489.49,489.77,231496.0
2024-09-26T19:55:00+00:00,489.78,489.79,489.1001,489.37,474719.0
2024-09-26T20:00:00+00:00,489.59,489.79,489.04,489.44,2595323.0
2024-09-26T20:05:00+00:00,489.45,489.65,489.32,489.43,136768.0
2024-09-26T20:10:00+00:00,489.47,489.879,489.4,489.81,84911.0
2024-09-26T20:15:00+00:00,489.8215,489.8215,489.57,489.58,934788.0
2024-09-26T20:20:00+00:00,489.45,489.879,489.32,489.55,1185623.0
2024-09-26T20:25:00+00:00,489.53,489.6,489.5,489.59,288509.0
2024-09-26T20:30:00+00:00,489.56,489.58,489.52,489.56,5807.0
2024-09-26T20:35:00+00:00,489.58,489.7,489.55,489.7,17287.0
2024-09-26T20:40:00+00:00,489.53,489.73,489.5,489.68,332257.0
2024-09-26T20:45:00+00:00,489.69,489.69,489.45,489.51,15745.0
2024-09-26T20:50:00+00:00,489.5,489.51,489.4,489.45,9115.0
2024-09-26T20:55:00+00:00,489.46,489.46,489.4001,489.43,14115.0
2024-09-26T21:00:00+00:00,489.69,489.69,489.4,489.51,41109.0
2024-09-26T21:05:00+00:00,489.53,489.53,489.4,489.49,1787.0
2024-09-26T21:10:00+00:00,489.41,489.53,489.41,489.53,3221.0
2024-09-26T21:15:00+00:00,489.53,489.6,489.53,489.55,9584.0
2024-09-26T21:20:00+00:00,489.53,489.6,489.4,489.52,115589.0
2024-09-26T21:25:00+00:00,489.51,489.51,489.42,489.42,4666.0
2024-09-26T21:30:00+00:00,489.46,489.6,489.46,489.46,6136.0
2024-09-26T21:35:00+00:00,489.46,489.46,489.41,489.42,1813.0
2024-09-26T21:40:00+00:00,489.51,489.6,489.4,489.4,16232.0
2024-09-26T21:45:00+00:00,489.32,489.39,489.32,489.38,2352.0
2024-09-26T21:50:00+00:00,489.35,489.352,489.35,489.35,1239.0
2024-09-26T21:55:00+00:00,489.35,489.39,489.33,489.35,7021.0
2024-09-26T22:00:00+00:00,489.32,489.39,489.3,489.3,18049.0
2024-09-26T22:05:00+00:00,489.29,489.67,489.29,489.6,30132.0
2024-09-26T22:10:00+00:00,489.58,489.97,489.58,489.84,25253.0
2024-09-26T22:15:00+00:00,489.87,490.1,489.87,490.1,13996.0
2024-09-26T22:20:00+00:00,489.29,490.36,489.29,490.32,88253.0
2024-09-26T22:25:00+00:00,490.321,490.321,490.13,490.2,2819.0
2024-09-26T22:30:00+00:00,490.15,490.18,490.13,490.1695,4427.0
2024-09-26T22:35:00+00:00,490.1,490.1,489.95,489.98,3870.0
2024-09-26T22:40:00+00:00,490.321,490.321,489.95,490.0,17153.0
2024-09-26T22:45:00+00:00,490.03,490.09,490.03,490.09,975.0
2024-09-26T22:50:00+00:00,490.05,490.17,490.04,490.112,8046.0
2024-09-26T22:55:00+00:00,490.11,490.11,490.0,490.05,1391.0
2024-09-26T23:00:00+00:00,490.03,490.17,489.89,489.98,12166.0
2024-09-26T23:05:00+00:00,489.95,489.95,489.68,489.68,7220.0
2024-09-26T23:10:00+00:00,489.79,489.96,489.79,489.96,1777.0
2024-09-26T23:15:00+00:00,489.96,489.98,489.93,489.93,3905.0
2024-09-26T23:20:00+00:00,489.95,489.98,489.68,489.87,14220.0
2024-09-26T23:25:00+00:00,489.9,489.9,489.83,489.83,2620.0
2024-09-26T23:30:00+00:00,489.7882,489.7882,489.673,489.727,2811.0
2024-09-26T23:35:00+00:00,489.7193,489.72,489.6725,489.6801,1162.0
2024-09-26T23:40:00+00:00,489.9,489.9,489.65,489.7,18375.0
2024-09-26T23:45:00+00:00,489.67,489.67,489.48,489.6,3719.0
2024-09-26T23:50:00+00:00,489.5,489.5,489.15,489.25,7330.0
2024-09-26T23:55:00+00:00,489.311,489.37,489.2,489.28,5500.0
2024-09-27T00:00:00+00:00,489.67,489.67,489.15,489.44,25280.0
2024-09-27T08:05:00+00:00,487.38,487.95,487.38,487.88,15320.0
2024-09-27T08:10:00+00:00,487.68,488.1,487.62,488.03,20645.0
2024-09-27T08:15:00+00:00,488.04,488.26,488.03,488.18,10396.0
2024-09-27T08:20:00+00:00,487.38,488.26,487.38,488.21,60485.0
2024-09-27T08:25:00+00:00,488.34,488.84,488.34,488.81,10713.0
2024-09-27T08:30:00+00:00,488.61,488.87,488.61,488.83,4049.0
2024-09-27T08:35:00+00:00,488.87,489.18,488.86,489.1,9337.0
2024-09-27T08:40:00+00:00,488.34,489.18,488.34,488.87,28348.0
2024-09-27T08:45:00+00:00,488.85,488.9,488.31,488.34,7649.0
2024-09-27T08:50:00+00:00,488.34,488.46,488.26,488.27,5144.0
2024-09-27T08:55:00+00:00,488.4,488.5,488.4,488.47,2881.0
2024-09-27T09:00:00+00:00,488.85,488.9,488.26,488.38,17821.0
2024-09-27T09:05:00+00:00,488.62,488.75,488.62,488.75,2163.0
2024-09-27T09:10:00+00:00,488.58,488.72,488.36,488.72,4249.0
2024-09-27T09:15:00+00:00,488.85,488.92,488.8,488.82,4236.0
2024-09-27T09:20:00+00:00,488.62,489.22,488.36,489.16,20225.0
2024-09-27T09:25:00+00:00,489.1,489.1,488.75,488.76,4429.0
2024-09-27T09:30:00+00:00,488.75,488.79,488.56,488.79,3111.0
2024-09-27T09:35:00+00:00,488.54,488.54,488.22,488.44,4343.0
2024-09-27T09:40:00+00:00,489.1,489.1,488.22,488.45,13036.0
2024-09-27T09:45:00+00:00,488.41,488.66,488.41,488.66,997.0
2024-09-27T09:50:00+00:00,488.64,488.89,488.64,488.89,1982.0
2024-09-27T09:55:00+00:00,488.81,488.95,488.75,488.81,2892.0
2024-09-27T10:00:00+00:00,488.41,489.04,488.41,488.81,8718.0
2024-09-27T10:05:00+00:00,489.0,489.0,488.76,488.8,1309.0
2024-09-27T10:10:00+00:00,488.89,489.12,488.89,489.12,2307.0
2024-09-27T10:15:00+00:00,489.14,489.14,488.88,488.97,4005.0
2024-09-27T10:20:00+00:00,489.0,489.14,488.71,488.71,8097.0
2024-09-27T10:25:00+00:00,488.84,488.84,488.82,488.82,999.0
2024-09-27T10:30:00+00:00,488.75,488.75,488.59,488.59,3657.0
2024-09-27T10:35:00+00:00,488.65,488.65,488.48,488.48,1961.0
2024-09-27T10:40:00+00:00,488.84,488.84,488.48,488.54,7391.0
2024-09-27T10:45:00+00:00,488.34,488.45,488.23,488.41,6910.0
2024-09-27T10:50:00+00:00,488.54,488.6,488.52,488.53,1156.0
2024-09-27T10:55:00+00:00,488.62,488.71,488.51,488.51,2903.0
2024-09-27T11:00:00+00:00,488.34,488.71,488.23,488.53,12125.0
2024-09-27T11:05:00+00:00,488.53,488.85,488.47,488.75,13403.0
2024-09-27T11:10:00+00:00,488.83,488.83,488.74,488.82,3040.0
2024-09-27T11:15:00+00:00,488.85,488.91,488.61,488.7,7557.0
2024-09-27T11:20:00+00:00,488.53,489.04,488.47,488.974,27576.0
2024-09-27T11:25:00+00:00,488.88,489.05,488.86,488.86,2998.0
2024-09-27T11:30:00+00:00,488.95,489.02,488.92,489.01,6037.0
2024-09-27T11:35:00+00:00,489.01,489.17,489.01,489.17,10950.0
2024-09-27T11:40:00+00:00,488.88,489.18,488.86,489.16,22950.0
2024-09-27T11:45:00+00:00,489.09,489.27,489.09,489.27,2866.0
2024-09-27T11:50:00+00:00,489.4,489.5,489.33,489.49,7626.0
2024-09-27T11:55:00+00:00,489.44,489.52,489.36,489.51,21249.0
2024-09-27T12:00:00+00:00,489.09,489.75,489.09,489.73,39047.0
2024-09-27T12:05:00+00:00,489.73,490.0,487.3,490.0,50340.0
2024-09-27T12:10:00+00:00,490.37,490.37,489.103,490.07,20972.0
2024-09-27T12:15:00+00:00,490.05,490.1,489.9,490.06,9273.0
2024-09-27T12:20:00+00:00,489.73,490.37,487.3,490.16,89864.0
2024-09-27T12:25:00+00:00,490.12,490.16,490.0,490.04,10306.0
2024-09-27T12:30:00+00:00,490.08,490.3033,490.03,490.23,11800.0
2024-09-27T12:35:00+00:00,490.27,490.78,489.98,490.34,70065.0
2024-09-27T12:40:00+00:00,490.12,490.85,489.98,490.83,117674.0
2024-09-27T12:45:00+00:00,490.77,490.82,490.5,490.54,16740.0
2024-09-27T12:50:00+00:00,490.68,490.96,490.68,490.8,44042.0
2024-09-27T12:55:00+00:00,490.78,490.8,490.03,490.03,57953.0
2024-09-27T13:00:00+00:00,490.77,490.96,490.03,490.5,146918.0
2024-09-27T13:05:00+00:00,490.5,490.62,490.34,490.57,9546.0
2024-09-27T13:10:00+00:00,490.56,490.78,490.55,490.7799,3203.0
2024-09-27T13:15:00+00:00,490.7211,490.84,490.64,490.71,15273.0
2024-09-27T13:20:00+00:00,490.5,490.85,490.34,490.52,51213.0
2024-09-27T13:25:00+00:00,490.62,490.709,490.54,490.59,4372.0
2024-09-27T13:30:00+00:00,490.49,490.61,490.35,490.6,39996.0
2024-09-27T13:35:00+00:00,490.5,490.64,489.585,490.06,623530.0
2024-09-27T13:40:00+00:00,490.62,490.709,488.9,489.271,1239600.0
2024-09-27T13:45:00+00:00,489.28,489.73,489.07,489.19,275992.0
2024-09-27T13:50:00+00:00,489.25,490.07,489.25,490.01,337714.0
2024-09-27T13:55:00+00:00,490.03,490.03,489.44,489.58,221720.0
2024-09-27T14:00:00+00:00,489.28,490.07,488.91,489.2258,1093887.0
2024-09-27T14:05:00+00:00,489.28,490.38,488.9861,489.54,403040.0
2024-09-27T14:10:00+00:00,489.5,489.709,488.97,489.37,244283.0
2024-09-27T14:15:00+00:00,489.36,489.46,488.37,489.1892,314421.0
2024-09-27T14:20:00+00:00,489.28,490.38,488.23,488.3,1323965.0
2024-09-27T14:25:00+00:00,488.29,489.21,488.25,488.9,229826.0
2024-09-27T14:30:00+00:00,488.88,489.5,488.85,488.91,234554.0
2024-09-27T14:35:00+00:00,488.91,488.98,488.095,488.095,376929.0
2024-09-27T14:40:00+00:00,488.29,489.5,487.92,489.01,1145947.0
2024-09-27T14:45:00+00:00,489.0,489.32,488.81,488.935,306690.0
2024-09-27T14:50:00+00:00,488.92,489.35,488.495,488.7183,189700.0
2024-09-27T14:55:00+00:00,488.64,489.02,488.4,489.0101,142615.0
2024-09-27T15:00:00+00:00,489.0,489.35,488.4,488.74,733186.0
2024-09-27T15:05:00+00:00,488.715,488.83,488.35,488.4556,289822.0
2024-09-27T15:10:00+00:00,488.47,488.595,487.965,488.13,316450.0
2024-09-27T15:15:00+00:00,488.15,488.26,487.64,487.9301,329421.0
2024-09-27T15:20:00+00:00,488.715,488.83,487.33,487.4991,1194971.0
2024-09-27T15:25:00+00:00,487.4706,487.91,487.3,487.43,304992.0
2024-09-27T15:30:00+00:00,487.4367,488.07,487.34,487.87,711719.0
2024-09-27T15:35:00+00:00,487.89,487.89,487.2,487.42,222442.0
2024-09-27T15:40:00+00:00,487.4706,488.07,487.2,487.69,1413349.0
2024-09-27T15:45:00+00:00,487.69,488.2392,487.4,488.12,333945.0
2024-09-27T15:50:00+00:00,488.13,488.16,487.4119,487.46,154232.0
2024-09-27T15:55:00+00:00,487.44,487.44,486.98,487.37,302590.0
2024-09-27T16:00:00+00:00,487.69,488.2392,486.98,487.08,956912.0
2024-09-27T16:05:00+00:00,487.06,487.45,486.9,487.37,144958.0
2024-09-27T16:10:00+00:00,487.3899,487.57,486.9,486.9501,184627.0
2024-09-27T16:15:00+00:00,486.93,487.09,486.48,486.65,395805.0
2024-09-27T16:20:00+00:00,487.06,487.57,486.48,486.91,964026.0
2024-09-27T16:25:00+00:00,486.88,487.08,486.75,487.0111,271643.0
2024-09-27T16:30:00+00:00,487.01,487.66,486.93,487.48,243409.0
2024-09-27T16:35:00+00:00,487.47,487.73,487.33,487.525,143057.0
2024-09-27T16:40:00+00:00,486.88,487.86,486.75,487.52,802584.0
2024-09-27T16:45:00+00:00,487.5,487.65,487.39,487.5995,98749.0
2024-09-27T16:50:00+00:00,487.56,487.65,487.44,487.57,97011.0
2024-09-27T16:55:00+00:00,487.55,487.6901,487.4,487.4842,100597.0
2024-09-27T17:00:00+00:00,487.5,487.8381,487.39,487.71,398179.0
2024-09-27T17:05:00+00:00,487.7101,488.28,487.7101,488.1913,223662.0
2024-09-27T17:10:00+00:00,488.15,488.22,487.35,487.485,329920.0
2024-09-27T17:15:00+00:00,487.4995,487.7,487.37,487.55,200548.0
2024-09-27T17:20:00+00:00,487.7101,488.28,487.12,487.175,887072.0
2024-09-27T17:25:00+00:00,487.1501,487.46,487.0801,487.415,149603.0
2024-09-27T17:30:00+00:00,487.42,487.42,487.015,487.015,183094.0
2024-09-27T17:35:00+00:00,487.02,487.2625,486.95,487.18,184463.0
2024-09-27T17:40:00+00:00,487.1501,487.46,486.67,486.7,663287.0
2024-09-27T17:45:00+00:00,486.7198,487.28,486.68,487.2599,197164.0
2024-09-27T17:50:00+00:00,487.2574,487.36,487.09,487.2,118808.0
2024-09-27T17:55:00+00:00,487.17,487.81,487.168,487.76,176569.0
2024-09-27T18:00:00+00:00,486.7198,488.17,486.68,488.12,834725.0
2024-09-27T18:05:00+00:00,488.13,488.44,487.7,487.7201,226490.0
2024-09-27T18:10:00+00:00,487.71,487.8,487.41,487.555,173945.0
2024-09-27T18:15:00+00:00,487.56,487.63,487.4,487.41,110654.0
2024-09-27T18:20:00+00:00,488.13,488.44,487.07,487.2,665866.0
2024-09-27T18:25:00+00:00,487.235,487.5,487.235,487.32,141374.0
2024-09-27T18:30:00+00:00,487.34,487.39,486.19,486.24,349209.0
2024-09-27T18:35:00+00:00,486.26,486.51,485.56,486.2,494924.0
2024-09-27T18:40:00+00:00,487.235,487.5,485.56,486.14,1239915.0
2024-09-27T18:45:00+00:00,486.1399,486.65,486.0,486.53,155506.0
2024-09-27T18:50:00+00:00,486.52,487.1,486.5,486.98,199715.0
2024-09-27T18:55:00+00:00,486.8801,487.2,486.83,487.07,144736.0
2024-09-27T19:00:00+00:00,486.1399,487.715,486.0,487.4,740941.0
2024-09-27T19:05:00+00:00,487.4,487.4,487.04,487.3401,173664.0
2024-09-27T19:10:00+00:00,487.33,487.52,487.119,487.23,125886.0
2024-09-27T19:15:00+00:00,487.23,487.355,486.975,487.16,157747.0
2024-09-27T19:20:00+00:00,487.4,487.52,486.975,487.21,682681.0
2024-09-27T19:25:00+00:00,487.2499,487.37,486.89,487.0133,207866.0
2024-09-27T19:30:00+00:00,487.015,487.23,486.66,487.16,339690.0
2024-09-27T19:35:00+00:00,487.14,487.21,486.86,487.02,173003.0
2024-09-27T19:40:00+00:00,487.2499,487.37,486.66,486.94,876455.0
2024-09-27T19:45:00+00:00,486.96,486.96,486.6901,486.77,343276.0
2024-09-27T19:50:00+00:00,486.78,486.89,486.54,486.56,380143.0
2024-09-27T19:55:00+00:00,486.57,487.27,486.52,487.13,655620.0
2024-09-27T20:00:00+00:00,486.96,487.3499,486.52,486.78,2746611.0
2024-09-27T20:05:00+00:00,486.79,486.86,486.25,486.43,254850.0
2024-09-27T20:10:00+00:00,486.46,486.61,486.4,486.44,183516.0
2024-09-27T20:15:00+00:00,486.44,486.49,486.27,486.34,154723.0
2024-09-27T20:20:00+00:00,486.79,486.86,486.14,486.14,695112.0
2024-09-27T20:25:00+00:00,486.14,486.142,486.01,486.142,34349.0
2024-09-27T20:30:00+00:00,486.25,486.5309,486.25,486.34,30431.0
2024-09-27T20:35:00+00:00,486.34,486.398,486.34,486.36,5796.0
2024-09-27T20:40:00+00:00,486.14,486.5309,486.01,486.27,73213.0
2024-09-27T20:45:00+00:00,486.27,486.75,485.99,486.2,204061.0
2024-09-27T20:50:00+00:00,486.22,486.75,486.22,486.23,52371.0
2024-09-27T20:55:00+00:00,486.21,486.3,486.05,486.05,4152.0
2024-09-27T21:00:00+00:00,486.27,486.75,485.99,486.07,263709.0
2024-09-27T21:05:00+00:00,486.031,486.15,486.0098,486.06,2093.0
2024-09-27T21:10:00+00:00,486.02,486.06,486.02,486.05,2646.0
2024-09-27T21:15:00+00:00,486.05,486.1,486.04,486.1,3283.0
2024-09-27T21:20:00+00:00,486.031,486.15,486.0,486.12,18979.0
2024-09-27T21:25:00+00:00,486.1,486.12,486.07,486.07,1174.0
2024-09-27T21:30:00+00:00,486.07,486.15,486.07,486.15,4416.0
2024-09-27T21:35:00+00:00,486.08,486.2,486.08,486.2,3071.0
2024-09-27T21:40:00+00:00,486.1,486.25,486.07,486.25,9187.0
2024-09-27T21:45:00+00:00,486.29,486.3,486.24,486.25,2881.0
2024-09-27T21:50:00+00:00,486.25,486.2975,486.25,486.26,3945.0
2024-09-27T21:55:00+00:00,486.2699,486.33,486.25,486.33,4809.0
2024-09-27T22:00:00+00:00,486.29,486.33,486.0,486.2699,18926.0
2024-09-27T22:05:00+00:00,486.26,486.27,486.2499,486.2499,732.0
2024-09-27T22:10:00+00:00,486.16,486.16,486.16,486.16,962.0
2024-09-27T22:20:00+00:00,486.26,486.27,486.1,486.1,2215.0
2024-09-27T22:25:00+00:00,486.07,486.09,486.05,486.05,910.0
2024-09-27T22:30:00+00:00,486.01,486.03,486.01,486.0145,1339.0
2024-09-27T22:35:00+00:00,486.0,486.0,485.9,485.9,804.0
2024-09-27T22:40:00+00:00,486.07,486.09,485.9,485.9993,3184.0
2024-09-27T22:55:00+00:00,485.905,485.905,485.905,485.905,270.0
2024-09-27T23:00:00+00:00,485.905,486.0,485.905,485.94,2100.0
2024-09-27T23:05:00+00:00,485.94,485.9766,485.94,485.9766,230.0
2024-09-27T23:10:00+00:00,485.99,485.99,485.99,485.99,525.0
2024-09-27T23:20:00+00:00,485.94,485.99,485.94,485.99,1281.0
2024-09-27T23:25:00+00:00,485.97,485.97,485.97,485.97,338.0
2024-09-27T23:30:00+00:00,485.93,486.29,485.93,486.29,5249.0
2024-09-27T23:35:00+00:00,486.01,486.01,486.01,486.01,223.0
2024-09-27T23:40:00+00:00,485.97,486.29,485.8816,485.8816,6324.0
2024-09-27T23:45:00+00:00,485.94,485.98,485.94,485.98,1333.0
2024-09-27T23:50:00+00:00,485.91,485.98,485.91,485.95,6419.0
2024-09-27T23:55:00+00:00,485.95,485.99,485.9085,485.99,17891.0
2024-09-28T00:00:00+00:00,485.94,486.0473,485.9,485.9,32078.0
2024-09-30T08:05:00+00:00,486.86,486.89,486.39,486.55,16099.0
2024-09-30T08:10:00+00:00,486.43,486.57,486.08,486.12,9323.0
2024-09-30T08:15:00+00:00,486.31,486.31,486.18,486.27,1923.0
2024-09-30T08:20:00+00:00,486.86,486.89,485.76,485.76,34092.0
2024-09-30T08:25:00+00:00,485.8,486.09,485.8,486.07,5674.0
2024-09-30T08:30:00+00:00,486.23,486.45,486.23,486.36,4549.0
2024-09-30T08:35:00+00:00,486.35,486.35,485.7,485.79,2912.0
2024-09-30T08:40:00+00:00,485.8,486.45,485.7,486.11,18108.0
2024-09-30T08:45:00+00:00,486.11,486.3,486.11,486.2,1512.0
2024-09-30T08:50:00+00:00,486.08,486.09,485.98,486.0,1222.0
2024-09-30T08:55:00+00:00,485.9,485.9,485.81,485.81,5666.0
2024-09-30T09:00:00+00:00,486.11,486.3,485.81,486.08,9375.0
2024-09-30T09:05:00+00:00,486.03,486.05,485.82,485.82,1365.0
2024-09-30T09:10:00+00:00,486.0,486.02,486.0,486.02,2865.0
2024-09-30T09:15:00+00:00,485.95,486.07,485.87,485.87,1525.0
2024-09-30T09:20:00+00:00,486.03,486.07,485.56,485.77,11566.0
2024-09-30T09:25:00+00:00,485.69,486.25,485.67,486.25,5170.0
2024-09-30T09:30:00+00:00,486.31,486.43,486.17,486.35,8681.0
2024-09-30T09:35:00+00:00,486.27,486.48,486.27,486.46,3920.0
2024-09-30T09:40:00+00:00,485.69,486.48,485.67,486.13,21153.0
2024-09-30T09:45:00+00:00,486.06,486.16,486.06,486.14,963.0
2024-09-30T09:50:00+00:00,486.21,486.4,486.14,486.33,4754.0
2024-09-30T09:55:00+00:00,486.41,486.41,486.28,486.28,364.0
2024-09-30T10:00:00+00:00,486.06,486.41,486.06,486.28,6081.0
2024-09-30T10:05:00+00:00,486.34,486.51,486.34,486.5,2512.0
2024-09-30T10:10:00+00:00,486.43,486.46,486.43,486.46,1463.0
2024-09-30T10:15:00+00:00,486.45,486.47,486.4,486.4,1955.0
2024-09-30T10:20:00+00:00,486.34,486.56,486.34,486.44,11669.0
2024-09-30T10:25:00+00:00,486.45,486.53,486.45,486.53,644.0
2024-09-30T10:30:00+00:00,486.6,486.7,486.49,486.49,3428.0
2024-09-30T10:35:00+00:00,486.42,486.42,486.05,486.05,2889.0
2024-09-30T10:40:00+00:00,486.45,486.7,485.95,486.14,9614.0
2024-09-30T10:45:00+00:00,486.1,486.1,486.07,486.07,859.0
2024-09-30T10:50:00+00:00,486.07,486.12,486.04,486.04,570.0
2024-09-30T10:55:00+00:00,486.11,486.19,486.11,486.19,211.0
2024-09-30T11:00:00+00:00,486.1,486.28,486.04,486.28,6060.0
2024-09-30T11:05:00+00:00,486.15,486.23,485.96,486.04,14818.0
2024-09-30T11:10:00+00:00,486.04,486.04,485.59,485.65,8845.0
2024-09-30T11:15:00+00:00,485.54,485.54,485.06,485.06,12618.0
2024-09-30T11:20:00+00:00,486.15,486.23,485.06,485.44,42827.0
2024-09-30T11:25:00+00:00,485.47,485.491,485.37,485.4,12813.0
2024-09-30T11:30:00+00:00,485.36,485.47,485.29,485.29,13671.0
2024-09-30T11:35:00+00:00,485.22,485.43,485.22,485.43,7255.0
2024-09-30T11:40:00+00:00,485.47,485.491,484.88,484.99,48083.0
2024-09-30T11:45:00+00:00,484.92,484.97,484.8,484.81,11274.0
2024-09-30T11:50:00+00:00,484.84,484.9,484.6,484.62,9629.0
2024-09-30T11:55:00+00:00,484.5,484.56,484.38,484.54,16839.0
2024-09-30T12:00:00+00:00,484.92,484.97,484.38,484.62,42414.0
2024-09-30T12:05:00+00:00,485.15,487.32,484.4,484.8901,45445.0
2024-09-30T12:10:00+00:00,484.9,485.48,484.9,485.46,23629.0
2024-09-30T12:15:00+00:00,485.4425,485.46,485.1,485.18,12953.0
2024-09-30T12:20:00+00:00,485.15,487.32,484.4,485.18,86162.0
2024-09-30T12:25:00+00:00,485.19,485.21,485.02,485.2,8210.0
2024-09-30T12:30:00+00:00,485.21,485.44,485.21,485.38,16739.0
2024-09-30T12:35:00+00:00,485.36,485.47,485.27,485.29,47892.0
2024-09-30T12:40:00+00:00,485.19,485.6,485.02,485.28,108556.0
2024-09-30T12:45:00+00:00,485.33,485.34,485.05,485.08,155316.0
2024-09-30T12:50:00+00:00,485.1,485.41,485.07,485.33,80291.0
2024-09-30T12:55:00+00:00,485.39,485.7,485.39,485.6902,30667.0
2024-09-30T13:00:00+00:00,485.33,485.7,485.05,485.6098,278346.0
2024-09-30T13:05:00+00:00,485.6,485.75,485.44,485.66,12132.0
2024-09-30T13:10:00+00:00,485.64,485.82,485.58,485.736,12448.0
2024-09-30T13:15:00+00:00,485.84,486.0,485.8,486.0,17658.0
2024-09-30T13:20:00+00:00,485.6,486.04,485.44,485.71,68836.0
2024-09-30T13:25:00+00:00,485.7096,485.72,485.64,485.65,11676.0
2024-09-30T13:30:00+00:00,485.61,485.9,485.53,485.77,57107.0
2024-09-30T13:35:00+00:00,485.78,487.12,485.53,486.94,919895.0
2024-09-30T13:40:00+00:00,485.7096,487.77,485.53,487.3301,1601132.0
2024-09-30T13:45:00+00:00,487.3501,487.47,486.95,487.43,433128.0
2024-09-30T13:50:00+00:00,487.465,487.765,487.08,487.51,255319.0
2024-09-30T13:55:00+00:00,487.55,487.79,487.1,487.154,262815.0
2024-09-30T14:00:00+00:00,487.3501,487.79,486.29,486.4099,1225777.0
2024-09-30T14:05:00+00:00,486.43,486.8,486.042,486.0574,275041.0
2024-09-30T14:10:00+00:00,486.03,486.42,485.43,485.98,298246.0
2024-09-30T14:15:00+00:00,485.98,486.35,485.5406,485.56,221496.0
2024-09-30T14:20:00+00:00,486.43,486.8,485.06,485.31,1072458.0
2024-09-30T14:25:00+00:00,485.29,485.59,484.8625,484.87,252441.0
2024-09-30T14:30:00+00:00,484.91,485.9691,484.59,485.92,395618.0
2024-09-30T14:35:00+00:00,485.95,486.47,485.62,486.2662,328666.0
2024-09-30T14:40:00+00:00,485.29,486.53,484.59,486.14,1220729.0
2024-09-30T14:45:00+00:00,486.11,486.24,485.53,485.6651,283775.0
2024-09-30T14:50:00+00:00,485.68,485.98,485.4,485.84,211148.0
2024-09-30T14:55:00+00:00,485.83,486.01,485.63,485.77,154773.0
2024-09-30T15:00:00+00:00,486.11,486.24,485.4,485.808,811991.0
2024-09-30T15:05:00+00:00,485.77,486.42,485.66,486.3707,289650.0
2024-09-30T15:10:00+00:00,486.39,486.62,485.7,485.73,175800.0
2024-09-30T15:15:00+00:00,485.78,486.385,485.6,486.377,130184.0
2024-09-30T15:20:00+00:00,485.77,486.65,485.6,486.37,819422.0
2024-09-30T15:25:00+00:00,486.397,486.7,486.369,486.46,87842.0
2024-09-30T15:30:00+00:00,486.45,486.917,486.45,486.9,181817.0
2024-09-30T15:35:00+00:00,486.94,487.12,486.25,486.3659,217617.0
2024-09-30T15:40:00+00:00,486.397,487.12,485.88,485.99,664241.0
2024-09-30T15:45:00+00:00,485.97,486.39,485.5203,486.24,488859.0
2024-09-30T15:50:00+00:00,486.247,486.85,486.14,486.83,233016.0
2024-09-30T15:55:00+00:00,486.829,486.94,486.48,486.5701,951785.0
2024-09-30T16:00:00+00:00,485.97,486.94,485.5203,486.46,1792848.0
2024-09-30T16:05:00+00:00,486.47,486.879,486.4,486.86,160919.0
2024-09-30T16:10:00+00:00,486.858,487.37,486.788,487.082,209954.0
2024-09-30T16:15:00+00:00,487.09,487.46,486.72,487.24,188676.0
2024-09-30T16:20:00+00:00,486.47,487.5,486.22,487.2497,740287.0
2024-09-30T16:25:00+00:00,487.2399,487.58,487.07,487.12,184462.0
2024-09-30T16:30:00+00:00,487.13,487.32,487.021,487.15,100981.0
2024-09-30T16:35:00+00:00,487.14,487.25,486.81,486.87,135363.0
2024-09-30T16:40:00+00:00,487.2399,487.58,486.765,486.77,553547.0
2024-09-30T16:45:00+00:00,486.77,486.81,486.5825,486.62,150176.0
2024-09-30T16:50:00+00:00,486.62,486.89,486.51,486.858,131538.0
2024-09-30T16:55:00+00:00,486.8418,487.12,486.73,486.735,85465.0
2024-09-30T17:00:00+00:00,486.77,487.12,486.51,486.5899,438641.0
2024-09-30T17:05:00+00:00,486.585,486.6975,486.27,486.2901,127606.0
2024-09-30T17:10:00+00:00,486.32,486.52,486.03,486.0499,440446.0
2024-09-30T17:15:00+00:00,486.04,486.26,485.56,485.705,271006.0
2024-09-30T17:20:00+00:00,486.585,486.6975,485.56,486.0299,988781.0
2024-09-30T17:25:00+00:00,486.02,486.35,485.98,486.1698,78988.0
2024-09-30T17:30:00+00:00,486.22,486.36,485.72,485.72,136163.0
2024-09-30T17:35:00+00:00,485.7,486.009,485.66,485.8,115775.0
2024-09-30T17:40:00+00:00,486.02,486.36,485.63,485.66,429364.0
2024-09-30T17:45:00+00:00,485.64,485.82,485.6,485.735,89143.0
2024-09-30T17:50:00+00:00,485.75,486.0,485.59,485.99,154309.0
2024-09-30T17:55:00+00:00,485.98,486.1987,485.8501,486.17,103429.0
2024-09-30T18:00:00+00:00,485.64,486.61,485.59,486.4401,705434.0
2024-09-30T18:05:00+00:00,486.43,486.585,486.15,486.3487,127523.0
2024-09-30T18:10:00+00:00,486.34,486.35,485.74,486.17,193755.0
2024-09-30T18:15:00+00:00,486.15,486.15,485.25,485.39,319491.0
2024-09-30T18:20:00+00:00,486.43,486.585,484.16,484.16,1439738.0
2024-09-30T18:25:00+00:00,484.15,484.31,482.92,483.28,1018227.0
2024-09-30T18:30:00+00:00,483.31,483.97,482.95,483.785,610479.0
2024-09-30T18:35:00+00:00,483.77,484.45,483.3,484.21,570450.0
2024-09-30T18:40:00+00:00,484.15,485.19,482.92,485.13,2642872.0
2024-09-30T18:45:00+00:00,485.1,485.49,484.98,485.27,328622.0
2024-09-30T18:50:00+00:00,485.285,485.66,485.22,485.295,351262.0
2024-09-30T18:55:00+00:00,485.31,485.72,484.97,485.5701,620567.0
2024-09-30T19:00:00+00:00,485.1,485.72,484.97,485.0511,1484426.0
2024-09-30T19:05:00+00:00,485.04,485.18,484.39,485.005,502061.0
2024-09-30T19:10:00+00:00,484.99,485.27,484.76,484.98,362468.0
2024-09-30T19:15:00+00:00,484.97,485.02,484.39,484.84,187110.0
2024-09-30T19:20:00+00:00,485.04,485.37,484.39,485.25,1920833.0
2024-09-30T19:25:00+00:00,485.26,485.28,484.83,485.05,273495.0
2024-09-30T19:30:00+00:00,485.05,485.225,484.895,485.1992,171797.0
2024-09-30T19:35:00+00:00,485.18,485.41,485.01,485.0301,181457.0
2024-09-30T19:40:00+00:00,485.26,485.67,484.83,485.59,838487.0
2024-09-30T19:45:00+00:00,485.605,485.93,485.38,485.88,246767.0
2024-09-30T19:50:00+00:00,485.88,486.76,485.88,486.44,653403.0
2024-09-30T19:55:00+00:00,486.48,487.67,486.42,487.63,976993.0
2024-09-30T20:00:00+00:00,485.605,488.41,485.38,488.05,5528396.0
2024-09-30T20:05:00+00:00,488.08,488.2,487.36,487.5099,301005.0
2024-09-30T20:10:00+00:00,487.5,488.07,487.43,487.5,140980.0
2024-09-30T20:15:00+00:00,487.51,487.7,487.51,487.54,1122818.0
2024-09-30T20:20:00+00:00,488.08,488.2,487.36,487.58,1651030.0
2024-09-30T20:25:00+00:00,487.64,487.88,487.6201,487.85,43388.0
2024-09-30T20:30:00+00:00,487.85,488.03,487.7703,487.98,29540.0
2024-09-30T20:35:00+00:00,487.98,488.0,487.73,487.74,17299.0
2024-09-30T20:40:00+00:00,487.64,488.03,487.6201,487.77,146885.0
2024-09-30T20:45:00+00:00,487.75,487.75,487.61,487.61,12344.0
2024-09-30T20:50:00+00:00,487.6,487.6,487.48,487.48,26179.0
2024-09-30T20:55:00+00:00,487.52,487.52,487.43,487.47,6801.0
2024-09-30T21:00:00+00:00,487.75,488.07,487.12,487.18,100865.0
2024-09-30T21:05:00+00:00,487.17,487.2,487.144,487.144,4686.0
2024-09-30T21:10:00+00:00,487.18,487.2,487.16,487.1999,7485.0
2024-09-30T21:15:00+00:00,487.1994,487.2,487.1994,487.2,3934.0
2024-09-30T21:20:00+00:00,487.17,487.2,487.144,487.2,21142.0
2024-09-30T21:25:00+00:00,487.2,487.2,487.1023,487.2,6905.0
2024-09-30T21:35:00+00:00,487.13,487.23,487.09,487.23,2716.0
2024-09-30T21:40:00+00:00,487.2,487.23,487.07,487.09,26127.0
2024-09-30T21:45:00+00:00,487.15,487.2735,487.15,487.27,1347.0
2024-09-30T21:50:00+00:00,487.15,487.3,487.14,487.25,3520.0
2024-09-30T21:55:00+00:00,487.29,487.45,487.29,487.45,5214.0
2024-09-30T22:00:00+00:00,487.15,487.45,487.14,487.4,10676.0
2024-09-30T22:05:00+00:00,487.25,487.33,487.24,487.3202,4291.0
2024-09-30T22:10:00+00:00,487.24,487.24,486.89,486.9,5392.0
2024-09-30T22:15:00+00:00,486.96,487.0,486.83,486.83,2645.0
2024-09-30T22:20:00+00:00,487.25,487.33,486.71,486.85,14575.0
2024-09-30T22:25:00+00:00,486.93,486.93,486.86,486.86,1148.0
2024-09-30T22:30:00+00:00,487.04,487.2396,487.04,487.15,987.0
2024-09-30T22:35:00+00:00,487.03,487.23,487.01,487.23,2467.0
2024-09-30T22:40:00+00:00,486.93,487.3,486.86,487.3,6581.0
2024-09-30T22:45:00+00:00,487.25,487.25,487.1301,487.173,1063.0
2024-09-30T22:50:00+00:00,487.2,487.25,487.18,487.22,2709.0
2024-09-30T22:55:00+00:00,487.3,487.3,487.25,487.25,767.0
2024-09-30T23:00:00+00:00,487.25,487.3,487.13,487.13,8366.0
2024-09-30T23:05:00+00:00,487.15,487.15,486.98,486.98,2614.0
2024-09-30T23:10:00+00:00,486.94,487.16,486.89,487.16,1940.0
2024-09-30T23:15:00+00:00,487.13,487.2501,487.13,487.2501,3410.0
2024-09-30T23:20:00+00:00,487.15,487.29,486.89,487.25,9619.0
2024-09-30T23:25:00+00:00,487.103,487.103,487.103,487.103,344.0
2024-09-30T23:30:00+00:00,487.17,487.17,486.97,487.03,2995.0
2024-09-30T23:35:00+00:00,487.02,487.02,486.96,486.96,510.0
2024-09-30T23:40:00+00:00,487.103,487.17,486.96,487.05,5069.0
2024-09-30T23:45:00+00:00,487.05,487.18,487.05,487.18,925.0
2024-09-30T23:50:00+00:00,487.1,487.1,487.0,487.0,2167.0
2024-09-30T23:55:00+00:00,487.05,487.23,487.05,487.23,3069.0
2024-10-01T00:00:00+00:00,487.05,487.5298,487.0,487.48,14657.0
2024-10-01T08:05:00+00:00,487.75,488.78,487.75,488.19,5254.0
2024-10-01T08:10:00+00:00,488.17,488.23,488.17,488.2,1432.0
2024-10-01T08:15:00+00:00,488.0,488.02,487.79,487.79,1290.0
2024-10-01T08:20:00+00:00,487.75,488.78,487.75,487.93,10253.0
2024-10-01T08:25:00+00:00,487.86,488.03,487.86,488.03,2094.0
2024-10-01T08:30:00+00:00,487.85,487.93,487.85,487.93,319.0
2024-10-01T08:35:00+00:00,487.89,488.07,487.89,488.07,968.0
2024-10-01T08:40:00+00:00,487.86,488.2,487.85,488.1,4600.0
2024-10-01T08:45:00+00:00,488.14,488.35,488.0,488.0,1434.0
2024-10-01T08:50:00+00:00,488.15,488.18,488.15,488.15,781.0
2024-10-01T08:55:00+00:00,487.95,487.95,487.86,487.86,797.0
2024-10-01T09:00:00+00:00,488.14,488.35,487.86,488.1,3866.0
2024-10-01T09:05:00+00:00,488.04,488.07,488.03,488.06,1270.0
2024-10-01T09:10:00+00:00,488.11,488.17,488.05,488.17,2700.0
2024-10-01T09:15:00+00:00,487.95,487.95,487.93,487.93,202.0
2024-10-01T09:20:00+00:00,488.04,488.17,487.93,487.93,4172.0
2024-10-01T09:25:00+00:00,487.87,487.88,487.78,487.78,824.0
2024-10-01T09:30:00+00:00,488.04,488.28,488.04,488.28,2008.0
2024-10-01T09:35:00+00:00,488.24,488.31,488.24,488.31,1095.0
2024-10-01T09:40:00+00:00,487.87,488.31,487.78,488.31,7996.0
2024-10-01T09:45:00+00:00,488.26,488.26,488.22,488.22,2108.0
2024-10-01T09:50:00+00:00,488.16,488.2,488.15,488.2,394.0
2024-10-01T09:55:00+00:00,488.29,488.29,488.29,488.29,324.0
2024-10-01T10:00:00+00:00,488.26,488.33,488.15,488.33,3162.0
2024-10-01T10:05:00+00:00,488.3,488.3,488.23,488.23,538.0
2024-10-01T10:10:00+00:00,488.28,488.33,488.28,488.33,1210.0
2024-10-01T10:15:00+00:00,488.45,488.54,488.45,488.47,2117.0
2024-10-01T10:20:00+00:00,488.3,488.57,488.23,488.44,5374.0
2024-10-01T10:25:00+00:00,488.58,488.73,488.58,488.67,2762.0
2024-10-01T10:30:00+00:00,488.6,488.73,488.6,488.73,1164.0
2024-10-01T10:35:00+00:00,488.79,488.79,488.7,488.7,1994.0
2024-10-01T10:40:00+00:00,488.58,488.79,488.58,488.78,8388.0
2024-10-01T10:45:00+00:00,488.82,488.87,488.77,488.79,4737.0
2024-10-01T10:50:00+00:00,488.81,488.84,488.8,488.84,2155.0
2024-10-01T10:55:00+00:00,488.91,488.98,488.8,488.98,12554.0
2024-10-01T11:00:00+00:00,488.82,489.24,488.77,489.17,22444.0
2024-10-01T11:05:00+00:00,489.15,489.35,489.11,489.29,10563.0
2024-10-01T11:10:00+00:00,489.32,489.36,489.0,489.05,18457.0
2024-10-01T11:15:00+00:00,489.11,489.17,489.0,489.0,6526.0
2024-10-01T11:20:00+00:00,489.15,489.36,488.741,488.771,43580.0
2024-10-01T11:25:00+00:00,488.78,488.78,488.4,488.4,24297.0
2024-10-01T11:30:00+00:00,488.38,488.53,488.38,488.41,4172.0
2024-10-01T11:35:00+00:00,488.41,488.5,488.12,488.19,6606.0
2024-10-01T11:40:00+00:00,488.78,488.78,487.8,487.8,44418.0
2024-10-01T11:45:00+00:00,487.8,488.06,487.8,487.95,7733.0
2024-10-01T11:50:00+00:00,488.0,488.11,487.92,488.07,2509.0
2024-10-01T11:55:00+00:00,487.95,488.23,487.95,488.18,5629.0
2024-10-01T12:00:00+00:00,487.8,488.23,487.8,488.1,19894.0
2024-10-01T12:05:00+00:00,489.12,489.35,487.0,488.32,54203.0
2024-10-01T12:10:00+00:00,488.2442,488.34,488.13,488.28,3670.0
2024-10-01T12:15:00+00:00,488.26,488.26,488.13,488.14,5965.0
2024-10-01T12:20:00+00:00,489.12,489.35,487.0,488.09,71872.0
2024-10-01T12:25:00+00:00,488.115,488.29,488.1,488.29,1642.0
2024-10-01T12:30:00+00:00,488.32,488.47,488.05,488.05,17523.0
2024-10-01T12:35:00+00:00,488.097,488.097,487.75,487.7575,9789.0
2024-10-01T12:40:00+00:00,488.115,488.47,487.75,487.8211,35241.0
2024-10-01T12:45:00+00:00,487.82,488.0975,487.82,487.96,3389.0
2024-10-01T12:50:00+00:00,487.98,488.0,487.91,488.0,7855.0
2024-10-01T12:55:00+00:00,487.99,488.1,487.95,488.0804,4802.0
2024-10-01T13:00:00+00:00,487.82,488.17,487.82,488.1613,21337.0
2024-10-01T13:05:00+00:00,488.199,488.32,488.08,488.21,6518.0
2024-10-01T13:10:00+00:00,488.24,488.3,488.2,488.23,18340.0
2024-10-01T13:15:00+00:00,488.18,488.3,488.01,488.06,22318.0
2024-10-01T13:20:00+00:00,488.199,488.32,487.66,487.7,69249.0
2024-10-01T13:25:00+00:00,487.67,487.72,487.42,487.69,40147.0
2024-10-01T13:30:00+00:00,487.72,487.75,487.46,487.63,34898.0
2024-10-01T13:35:00+00:00,487.7,488.0,485.55,485.87,1039667.0
2024-10-01T13:40:00+00:00,487.67,488.0,483.76,484.18,2202114.0
2024-10-01T13:45:00+00:00,484.19,484.36,483.39,484.16,1036039.0
2024-10-01T13:50:00+00:00,484.16,484.16,482.4637,482.76,807515.0
2024-10-01T13:55:00+00:00,482.76,482.84,481.61,481.74,967047.0
2024-10-01T14:00:00+00:00,484.19,484.36,481.25,482.74,4178451.0
2024-10-01T14:05:00+00:00,482.74,483.59,481.86,482.89,1124715.0
2024-10-01T14:10:00+00:00,482.85,482.87,480.8,480.85,787059.0
2024-10-01T14:15:00+00:00,480.8135,481.12,479.9203,480.41,1042889.0
2024-10-01T14:20:00+00:00,482.74,483.59,479.59,479.85,3703861.0
2024-10-01T14:25:00+00:00,479.86,481.38,479.82,480.6536,965604.0
2024-10-01T14:30:00+00:00,480.72,480.91,478.94,479.53,642067.0
2024-10-01T14:35:00+00:00,479.51,479.8,478.57,479.37,982036.0
2024-10-01T14:40:00+00:00,479.86,481.38,478.57,480.12,3214621.0
2024-10-01T14:45:00+00:00,480.1,480.89,479.965,480.47,620246.0
2024-10-01T14:50:00+00:00,480.44,480.71,480.12,480.29,290625.0
2024-10-01T14:55:00+00:00,480.31,480.42,479.6101,479.67,414701.0
2024-10-01T15:00:00+00:00,480.1,480.89,479.6101,479.94,1802153.0
2024-10-01T15:05:00+00:00,479.98,480.04,479.39,479.44,449553.0
2024-10-01T15:10:00+00:00,479.42,479.48,477.92,477.96,715137.0
2024-10-01T15:15:00+00:00,477.93,478.15,477.78,477.87,334782.0
2024-10-01T15:20:00+00:00,479.98,480.04,477.4,477.73,1980804.0
2024-10-01T15:25:00+00:00,477.71,478.3,477.49,477.68,644216.0
2024-10-01T15:30:00+00:00,477.71,479.253,477.7,479.215,395017.0
2024-10-01T15:35:00+00:00,479.2,479.9799,478.9,479.77,583241.0
2024-10-01T15:40:00+00:00,477.71,480.32,477.49,480.32,2006489.0
2024-10-01T15:45:00+00:00,480.32,481.12,480.14,480.65,447185.0
2024-10-01T15:50:00+00:00,480.66,480.7,479.92,480.32,303087.0
2024-10-01T15:55:00+00:00,480.35,480.74,480.35,480.4,169385.0
2024-10-01T16:00:00+00:00,480.32,481.12,479.84,479.87,1134187.0
2024-10-01T16:05:00+00:00,479.83,480.95,479.57,480.82,325721.0
2024-10-01T16:10:00+00:00,480.81,481.17,480.75,480.98,196769.0
2024-10-01T16:15:00+00:00,480.994,481.62,480.34,480.609,431722.0
2024-10-01T16:20:00+00:00,479.83,481.62,479.57,480.64,1148426.0
2024-10-01T16:25:00+00:00,480.65,481.0263,480.38,480.6,97446.0
2024-10-01T16:30:00+00:00,480.6097,480.75,480.02,480.615,188701.0
2024-10-01T16:35:00+00:00,480.56,480.79,479.05,480.3101,558611.0
2024-10-01T16:40:00+00:00,480.65,481.0263,479.05,479.47,1220781.0
2024-10-01T16:45:00+00:00,479.47,479.99,478.98,479.04,344839.0
2024-10-01T16:50:00+00:00,479.08,479.085,478.22,478.81,530199.0
2024-10-01T16:55:00+00:00,478.8,480.61,478.77,480.148,506650.0
2024-10-01T17:00:00+00:00,479.47,480.65,478.22,480.1499,1751912.0
2024-10-01T17:05:00+00:00,480.11,480.15,479.142,479.16,244725.0
2024-10-01T17:10:00+00:00,479.2,479.26,478.68,479.01,369794.0
2024-10-01T17:15:00+00:00,479.02,479.33,478.52,478.6799,296660.0
2024-10-01T17:20:00+00:00,480.11,480.15,478.05,478.2104,1287856.0
2024-10-01T17:25:00+00:00,478.23,478.72,478.17,478.37,250650.0
2024-10-01T17:30:00+00:00,478.38,478.55,478.06,478.21,266236.0
2024-10-01T17:35:00+00:00,478.21,479.82,478.01,479.6511,922611.0
2024-10-01T17:40:00+00:00,478.23,479.82,478.01,479.09,1820287.0
2024-10-01T17:45:00+00:00,479.1,480.26,478.98,480.1059,597442.0
2024-10-01T17:50:00+00:00,480.085,480.49,479.74,479.81,294834.0
2024-10-01T17:55:00+00:00,479.83,480.57,479.68,480.55,315123.0
2024-10-01T18:00:00+00:00,479.1,481.7,478.98,481.69,1717980.0
2024-10-01T18:05:00+00:00,481.63,482.37,481.62,482.15,614028.0
2024-10-01T18:10:00+00:00,482.18,482.56,481.89,482.28,693943.0
2024-10-01T18:15:00+00:00,482.31,482.62,482.09,482.5799,246085.0
2024-10-01T18:20:00+00:00,481.63,483.06,481.62,482.662,1955978.0
2024-10-01T18:25:00+00:00,482.68,482.96,482.42,482.66,377326.0
2024-10-01T18:30:00+00:00,482.69,483.14,482.55,483.06,299391.0
2024-10-01T18:35:00+00:00,483.02,483.57,482.98,483.15,667293.0
2024-10-01T18:40:00+00:00,482.68,483.57,482.42,482.9888,1731901.0
2024-10-01T18:45:00+00:00,482.99,483.22,482.66,482.958,368247.0
2024-10-01T18:50:00+00:00,482.955,483.17,482.62,482.82,253218.0
2024-10-01T18:55:00+00:00,482.83,483.19,482.28,482.52,489483.0
2024-10-01T19:00:00+00:00,482.99,483.22,482.28,482.93,1522411.0
2024-10-01T19:05:00+00:00,482.8825,483.05,482.68,482.94,229367.0
2024-10-01T19:10:00+00:00,482.92,483.19,482.66,483.0,208976.0
2024-10-01T19:15:00+00:00,483.0,483.09,482.34,482.5,246330.0
2024-10-01T19:20:00+00:00,482.8825,483.19,482.1,482.52,926754.0
2024-10-01T19:25:00+00:00,482.5,482.98,482.41,482.58,276202.0
2024-10-01T19:30:00+00:00,482.5916,482.89,482.41,482.595,239026.0
2024-10-01T19:35:00+00:00,482.55,482.55,481.55,481.5518,435616.0
2024-10-01T19:40:00+00:00,482.5,482.98,480.97,481.32,1515787.0
2024-10-01T19:45:00+00:00,481.33,481.88,481.33,481.43,330555.0
2024-10-01T19:50:00+00:00,481.42,481.5,480.971,481.08,427547.0
2024-10-01T19:55:00+00:00,481.09,481.59,480.59,480.89,592491.0
2024-10-01T20:00:00+00:00,481.33,481.88,480.59,481.17,2556139.0
2024-10-01T20:05:00+00:00,481.19,482.08,481.17,481.88,323564.0
2024-10-01T20:10:00+00:00,481.89,481.97,481.21,481.5,119539.0
2024-10-01T20:15:00+00:00,481.49,481.63,481.34,481.36,576485.0
2024-10-01T20:20:00+00:00,481.19,482.08,481.12,481.17,1184605.0
2024-10-01T20:25:00+00:00,481.19,481.2,480.85,480.94,34066.0
2024-10-01T20:30:00+00:00,480.93,481.07,480.88,481.04,102645.0
2024-10-01T20:35:00+00:00,481.0,481.09,480.93,480.97,18178.0
2024-10-01T20:40:00+00:00,481.19,481.2,480.85,480.9,181366.0
2024-10-01T20:45:00+00:00,480.94,480.96,480.69,480.76,143529.0
2024-10-01T20:50:00+00:00,480.67,481.27,480.6215,480.64,170995.0
2024-10-01T20:55:00+00:00,480.68,480.71,480.59,480.7,19945.0
2024-10-01T21:00:00+00:00,480.94,481.27,480.59,480.8099,361195.0
2024-10-01T21:05:00+00:00,480.8,480.84,480.8,480.84,11304.0
2024-10-01T21:10:00+00:00,480.85,480.99,480.82,480.96,19321.0
2024-10-01T21:15:00+00:00,480.93,480.96,480.87,480.87,6177.0
2024-10-01T21:20:00+00:00,480.8,480.99,480.8,480.95,52904.0
2024-10-01T21:25:00+00:00,480.95,480.95,480.77,480.9,33166.0
2024-10-01T21:30:00+00:00,480.9,481.0,480.9,480.9,8924.0
2024-10-01T21:35:00+00:00,480.8558,480.8558,480.8558,480.8558,182.0
2024-10-01T21:40:00+00:00,480.95,481.0,480.77,480.85,43922.0
2024-10-01T21:45:00+00:00,480.77,480.77,480.77,480.77,984.0
2024-10-01T21:50:00+00:00,480.73,480.73,480.65,480.65,4357.0
2024-10-01T21:55:00+00:00,480.7,480.7,480.65,480.65,2687.0
2024-10-01T22:00:00+00:00,480.77,480.89,480.65,480.79,15450.0
2024-10-01T22:05:00+00:00,480.92,481.27,480.15,480.19,71415.0
2024-10-01T22:10:00+00:00,480.12,480.24,479.9,480.1,15926.0
2024-10-01T22:15:00+00:00,480.12,480.25,479.65,479.89,9109.0
2024-10-01T22:20:00+00:00,480.92,481.27,479.65,480.13,102459.0
2024-10-01T22:25:00+00:00,480.16,480.24,479.94,479.94,13932.0
2024-10-01T22:30:00+00:00,479.99,480.11,479.8,479.8,12881.0
2024-10-01T22:35:00+00:00,479.8,480.09,479.67,480.07,3392.0
2024-10-01T22:40:00+00:00,480.16,480.35,479.67,480.35,49822.0
2024-10-01T22:45:00+00:00,480.24,480.24,479.42,479.42,4920.0
2024-10-01T22:50:00+00:00,479.61,479.86,479.61,479.64,4690.0
2024-10-01T22:55:00+00:00,479.65,479.8,479.52,479.67,9314.0
2024-10-01T23:00:00+00:00,480.24,480.24,479.42,479.73,27851.0
2024-10-01T23:05:00+00:00,479.84,479.85,479.808,479.85,2498.0
2024-10-01T23:10:00+00:00,479.82,480.0,479.68,479.84,3029.0
2024-10-01T23:15:00+00:00,479.83,480.06,479.83,480.04,3229.0
2024-10-01T23:20:00+00:00,479.84,480.2,479.68,480.02,12753.0
2024-10-01T23:25:00+00:00,479.8455,479.8455,479.62,479.63,3827.0
2024-10-01T23:30:00+00:00,479.63,479.63,479.2,479.46,13387.0
2024-10-01T23:35:00+00:00,479.46,479.65,479.46,479.65,1999.0
2024-10-01T23:40:00+00:00,479.8455,479.88,479.2,479.88,21850.0
2024-10-01T23:45:00+00:00,479.9115,479.93,479.83,479.83,2200.0
2024-10-01T23:50:00+00:00,479.841,480.3999,479.84,480.37,13677.0
2024-10-01T23:55:00+00:00,480.4,480.4,480.0,480.0,10530.0
2024-10-02T00:00:00+00:00,479.9115,480.4,479.83,480.01,42069.0
2024-10-02T08:05:00+00:00,480.42,480.52,480.2,480.52,9467.0
2024-10-02T08:10:00+00:00,480.75,480.79,480.68,480.68,4062.0
2024-10-02T08:15:00+00:00,480.9,480.9,480.63,480.7,3738.0
2024-10-02T08:20:00+00:00,480.42,480.9,480.2,480.45,20642.0
2024-10-02T08:25:00+00:00,480.48,480.79,480.4,480.75,2215.0
2024-10-02T08:30:00+00:00,480.72,480.73,480.55,480.64,7164.0
2024-10-02T08:35:00+00:00,480.66,480.84,480.64,480.84,1890.0
2024-10-02T08:40:00+00:00,480.48,480.9,480.4,480.9,22419.0
2024-10-02T08:45:00+00:00,480.74,480.75,480.5,480.5,2085.0
2024-10-02T08:50:00+00:00,480.51,480.53,480.32,480.32,611.0
2024-10-02T08:55:00+00:00,480.68,480.68,480.63,480.63,13922.0
2024-10-02T09:00:00+00:00,480.74,480.75,480.32,480.37,17003.0
2024-10-02T09:05:00+00:00,480.46,480.46,480.0,480.03,4445.0
2024-10-02T09:10:00+00:00,479.97,479.97,479.69,479.77,10637.0
2024-10-02T09:15:00+00:00,479.68,480.05,479.68,480.05,7351.0
2024-10-02T09:20:00+00:00,480.46,480.46,479.61,479.81,27110.0
2024-10-02T09:25:00+00:00,479.9,479.9,479.6,479.73,2750.0
2024-10-02T09:30:00+00:00,479.68,479.96,479.54,479.96,6112.0
2024-10-02T09:35:00+00:00,479.99,480.15,479.99,480.05,3118.0
2024-10-02T09:40:00+00:00,479.9,480.15,479.54,479.85,12102.0
2024-10-02T09:45:00+00:00,480.02,480.02,479.93,479.93,649.0
2024-10-02T09:50:00+00:00,479.71,479.71,479.69,479.69,623.0
2024-10-02T09:55:00+00:00,479.55,479.56,479.31,479.56,6366.0
2024-10-02T10:00:00+00:00,480.02,480.02,479.31,479.51,9693.0
2024-10-02T10:05:00+00:00,479.57,479.57,479.19,479.19,1489.0
2024-10-02T10:10:00+00:00,479.08,479.23,479.0,479.23,2972.0
2024-10-02T10:15:00+00:00,479.08,479.08,478.82,478.9,2464.0
2024-10-02T10:20:00+00:00,479.57,479.75,478.82,479.75,9945.0
2024-10-02T10:25:00+00:00,479.73,479.73,479.62,479.72,2137.0
2024-10-02T10:30:00+00:00,479.68,479.92,479.64,479.92,1963.0
2024-10-02T10:35:00+00:00,479.99,480.5,479.99,480.46,8773.0
2024-10-02T10:40:00+00:00,479.73,480.72,479.62,480.45,19586.0
2024-10-02T10:45:00+00:00,480.31,480.45,480.29,480.45,3914.0
2024-10-02T10:50:00+00:00,480.37,480.64,480.35,480.56,4641.0
2024-10-02T10:55:00+00:00,480.55,481.05,480.55,480.78,12342.0
2024-10-02T11:00:00+00:00,480.31,481.05,480.29,480.8,22253.0
2024-10-02T11:05:00+00:00,480.69,480.86,480.43,480.47,13122.0
2024-10-02T11:10:00+00:00,480.57,480.58,479.95,480.0,10703.0
2024-10-02T11:15:00+00:00,479.97,480.62,479.97,480.61,5838.0
2024-10-02T11:20:00+00:00,480.69,480.86,479.95,480.3,30823.0
2024-10-02T11:25:00+00:00,480.1,480.55,480.0,480.55,2983.0
2024-10-02T11:30:00+00:00,480.63,480.95,480.63,480.88,22673.0
2024-10-02T11:35:00+00:00,480.85,480.87,480.56,480.83,10886.0
2024-10-02T11:40:00+00:00,480.1,481.1,480.0,481.0,53642.0
2024-10-02T11:45:00+00:00,481.1,481.15,480.93,480.93,2583.0
2024-10-02T11:50:00+00:00,480.9,481.05,480.8,481.05,2783.0
2024-10-02T11:55:00+00:00,480.81,480.81,480.23,480.23,5047.0
2024-10-02T12:00:00+00:00,481.1,481.15,480.09,480.14,29183.0
2024-10-02T12:05:00+00:00,480.14,481.27,479.0,480.25,82021.0
2024-10-02T12:10:00+00:00,480.24,480.24,479.94,480.05,10044.0
2024-10-02T12:15:00+00:00,480.0,480.5,480.0,480.29,11597.0
2024-10-02T12:20:00+00:00,480.14,481.27,479.0,480.6,143983.0
2024-10-02T12:25:00+00:00,480.6975,481.1,480.53,480.62,19847.0
2024-10-02T12:30:00+00:00,480.55,480.67,480.1,480.12,15914.0
2024-10-02T12:35:00+00:00,480.17,480.5899,480.12,480.5899,8671.0
2024-10-02T12:40:00+00:00,480.6975,481.5,480.1,481.5,80305.0
2024-10-02T12:45:00+00:00,481.53,481.99,481.53,481.64,51960.0
2024-10-02T12:50:00+00:00,481.73,481.9,481.353,481.48,15750.0
2024-10-02T12:55:00+00:00,481.52,481.85,481.38,481.85,6919.0
2024-10-02T13:00:00+00:00,481.53,481.99,481.24,481.33,81513.0
2024-10-02T13:05:00+00:00,481.31,481.38,480.48,480.72,81473.0
2024-10-02T13:10:00+00:00,480.66,481.07,480.45,480.45,26937.0
2024-10-02T13:15:00+00:00,480.53,480.68,480.31,480.68,34754.0
2024-10-02T13:20:00+00:00,481.31,481.38,480.21,480.29,157681.0
2024-10-02T13:25:00+00:00,480.23,480.33,480.05,480.219,17152.0
2024-10-02T13:30:00+00:00,480.17,480.42,479.9,480.34,59395.0
2024-10-02T13:35:00+00:00,480.36,480.92,479.61,480.45,1162611.0
2024-10-02T13:40:00+00:00,480.23,480.92,478.65,479.265,1938282.0
2024-10-02T13:45:00+00:00,479.27,479.41,477.77,477.8,589065.0
2024-10-02T13:50:00+00:00,477.792,479.96,477.72,479.6,594019.0
2024-10-02T13:55:00+00:00,479.69,479.95,479.11,479.45,500227.0
2024-10-02T14:00:00+00:00,479.27,480.04,477.72,479.68,2010398.0
2024-10-02T14:05:00+00:00,479.75,481.14,479.4605,480.61,688147.0
2024-10-02T14:10:00+00:00,480.57,480.8442,479.98,480.4424,272125.0
2024-10-02T14:15:00+00:00,480.455,481.1299,480.37,480.5835,318071.0
2024-10-02T14:20:00+00:00,479.75,481.82,479.4605,481.69,1639756.0
2024-10-02T14:25:00+00:00,481.704,482.06,480.54,480.58,497319.0
2024-10-02T14:30:00+00:00,480.58,481.9,480.48,481.88,221787.0
2024-10-02T14:35:00+00:00,481.86,482.39,481.41,481.68,528669.0
2024-10-02T14:40:00+00:00,481.704,482.39,480.48,481.96,1552295.0
2024-10-02T14:45:00+00:00,481.9,482.4586,481.88,481.92,239650.0
2024-10-02T14:50:00+00:00,481.9,483.05,481.69,482.9962,333363.0
2024-10-02T14:55:00+00:00,483.035,483.1,481.45,481.5137,488070.0
2024-10-02T15:00:00+00:00,481.9,483.1,481.3,481.66,1274820.0
2024-10-02T15:05:00+00:00,481.67,482.79,481.54,482.6675,250713.0
2024-10-02T15:10:00+00:00,482.64,482.9,482.03,482.44,311263.0
2024-10-02T15:15:00+00:00,482.5,482.96,482.405,482.91,263166.0
2024-10-02T15:20:00+00:00,481.67,483.88,481.54,483.77,1269721.0
2024-10-02T15:25:00+00:00,483.7825,483.84,482.89,483.09,314281.0
2024-10-02T15:30:00+00:00,483.07,483.15,482.6401,483.07,223380.0
2024-10-02T15:35:00+00:00,483.15,483.4178,482.885,483.3,192974.0
2024-10-02T15:40:00+00:00,483.7825,483.84,482.6401,483.29,907179.0
2024-10-02T15:45:00+00:00,483.29,483.32,482.8997,483.3,203142.0
2024-10-02T15:50:00+00:00,483.31,483.35,482.9822,483.31,211256.0
2024-10-02T15:55:00+00:00,483.31,483.44,482.7,482.85,246083.0
2024-10-02T16:00:00+00:00,483.29,483.44,482.47,483.17,815302.0
2024-10-02T16:05:00+00:00,483.19,483.64,483.1,483.5,238781.0
2024-10-02T16:10:00+00:00,483.5,483.725,483.25,483.35,307797.0
2024-10-02T16:15:00+00:00,483.38,483.77,483.36,483.513,149382.0
2024-10-02T16:20:00+00:00,483.19,483.77,482.85,482.87,849554.0
2024-10-02T16:25:00+00:00,482.8701,483.47,482.61,483.44,146777.0
2024-10-02T16:30:00+00:00,483.43,483.72,483.345,483.38,153217.0
2024-10-02T16:35:00+00:00,483.39,483.39,482.79,482.7942,189802.0
2024-10-02T16:40:00+00:00,482.8701,483.72,482.61,482.9,574874.0
2024-10-02T16:45:00+00:00,482.94,482.94,482.63,482.7,80490.0
2024-10-02T16:50:00+00:00,482.6778,482.74,482.16,482.255,174664.0
2024-10-02T16:55:00+00:00,482.26,482.47,482.08,482.275,122798.0
2024-10-02T17:00:00+00:00,482.94,482.94,481.23,481.279,642298.0
2024-10-02T17:05:00+00:00,481.29,481.9283,481.17,481.7999,213441.0
2024-10-02T17:10:00+00:00,481.77,481.86,481.42,481.5,131976.0
2024-10-02T17:15:00+00:00,481.5,481.759,481.125,481.64,593432.0
2024-10-02T17:20:00+00:00,481.29,481.9283,481.125,481.72,1117331.0
2024-10-02T17:25:00+00:00,481.64,481.86,481.38,481.46,128897.0
2024-10-02T17:30:00+00:00,481.45,482.29,481.35,482.18,213757.0
2024-10-02T17:35:00+00:00,482.15,482.23,481.18,481.18,199558.0
2024-10-02T17:40:00+00:00,481.64,482.29,481.01,482.03,756971.0
2024-10-02T17:45:00+00:00,482.04,482.15,481.6045,481.7,94041.0
2024-10-02T17:50:00+00:00,481.68,482.41,481.63,482.37,167829.0
2024-10-02T17:55:00+00:00,482.37,482.8,482.342,482.665,170660.0
2024-10-02T18:00:00+00:00,482.04,482.9,481.6045,482.83,577905.0
2024-10-02T18:05:00+00:00,482.81,483.13,482.75,482.91,315032.0
2024-10-02T18:10:00+00:00,482.92,483.07,482.81,483.0301,224823.0
2024-10-02T18:15:00+00:00,483.02,483.1,482.76,482.85,151662.0
2024-10-02T18:20:00+00:00,482.81,483.13,482.75,482.96,805827.0
2024-10-02T18:25:00+00:00,482.98,483.01,482.57,482.65,99356.0
2024-10-02T18:30:00+00:00,482.6,482.86,481.4301,482.27,259893.0
2024-10-02T18:35:00+00:00,482.22,482.44,481.83,482.33,129699.0
2024-10-02T18:40:00+00:00,482.98,483.01,481.4301,482.2699,557694.0
2024-10-02T18:45:00+00:00,482.2118,482.52,482.21,482.51,71216.0
2024-10-02T18:50:00+00:00,482.53,482.53,482.275,482.46,69259.0
2024-10-02T18:55:00+00:00,482.49,482.59,482.12,482.31,61799.0
2024-10-02T19:00:00+00:00,482.2118,482.59,482.12,482.3443,275539.0
2024-10-02T19:05:00+00:00,482.33,482.49,482.1645,482.45,89491.0
2024-10-02T19:10:00+00:00,482.41,482.64,482.24,482.6,190566.0
2024-10-02T19:15:00+00:00,482.61,482.73,482.4201,482.59,197792.0
2024-10-02T19:20:00+00:00,482.33,482.73,482.1645,482.6201,589544.0
2024-10-02T19:25:00+00:00,482.64,482.86,482.61,482.7699,147956.0
2024-10-02T19:30:00+00:00,482.75,482.91,482.65,482.85,155698.0
2024-10-02T19:35:00+00:00,482.89,482.89,482.51,482.7,171670.0
2024-10-02T19:40:00+00:00,482.64,482.95,482.51,482.59,667293.0
2024-10-02T19:45:00+00:00,482.6,482.9175,482.28,482.81,385939.0
2024-10-02T19:50:00+00:00,482.8,483.13,482.8,482.98,271599.0
2024-10-02T19:55:00+00:00,482.99,483.03,482.39,482.46,344359.0
2024-10-02T20:00:00+00:00,482.6,483.13,481.835,481.94,1874612.0
2024-10-02T20:05:00+00:00,481.98,482.43,481.85,482.38,295356.0
2024-10-02T20:10:00+00:00,482.39,482.6495,482.34,482.61,107297.0
2024-10-02T20:15:00+00:00,482.53,482.77,482.52,482.68,960791.0
2024-10-02T20:20:00+00:00,481.98,482.82,481.85,482.82,1385961.0
2024-10-02T20:25:00+00:00,482.81,482.9,482.75,482.88,25699.0
2024-10-02T20:30:00+00:00,482.88,482.9,482.81,482.86,19671.0
2024-10-02T20:35:00+00:00,482.88,482.92,482.86,482.9,8693.0
2024-10-02T20:40:00+00:00,482.81,483.1,482.75,483.1,94973.0
2024-10-02T20:45:00+00:00,483.12,483.46,483.12,483.26,81671.0
2024-10-02T20:50:00+00:00,483.26,483.37,483.22,483.32,21765.0
2024-10-02T20:55:00+00:00,483.31,483.41,483.3,483.389,32152.0
2024-10-02T21:00:00+00:00,483.12,483.46,483.12,483.16,161798.0
2024-10-02T21:05:00+00:00,483.12,483.174,483.08,483.14,5746.0
2024-10-02T21:10:00+00:00,483.15,483.24,483.14,483.24,18783.0
2024-10-02T21:15:00+00:00,483.1465,483.28,483.1,483.27,7093.0
2024-10-02T21:20:00+00:00,483.12,483.29,483.08,483.29,34664.0
2024-10-02T21:25:00+00:00,483.29,483.29,483.2045,483.29,1230.0
2024-10-02T21:30:00+00:00,483.289,483.289,483.25,483.25,1771.0
2024-10-02T21:35:00+00:00,483.25,483.25,483.16,483.16,1415.0
2024-10-02T21:40:00+00:00,483.29,483.29,483.13,483.13,5642.0
2024-10-02T21:45:00+00:00,483.13,483.17,483.13,483.17,3258.0
2024-10-02T21:50:00+00:00,483.11,483.11,483.089,483.089,2716.0
2024-10-02T21:55:00+00:00,483.071,483.071,483.06,483.06,1087.0
2024-10-02T22:00:00+00:00,483.13,483.17,483.0002,483.0006,7929.0
2024-10-02T22:05:00+00:00,483.06,483.14,482.8,483.14,25703.0
2024-10-02T22:10:00+00:00,483.11,483.32,483.1,483.32,8661.0
2024-10-02T22:15:00+00:00,483.3,483.3,483.12,483.23,7035.0
2024-10-02T22:20:00+00:00,483.06,483.32,482.8,483.02,47073.0
2024-10-02T22:25:00+00:00,482.97,482.97,482.89,482.92,4163.0
2024-10-02T22:30:00+00:00,482.96,483.11,482.96,483.11,2375.0
2024-10-02T22:35:00+00:00,482.91,482.91,482.91,482.91,200.0
2024-10-02T22:40:00+00:00,482.97,483.11,482.89,483.0,8295.0
2024-10-02T22:45:00+00:00,482.92,482.92,482.8309,482.84,2408.0
2024-10-02T22:50:00+00:00,482.86,482.9,482.86,482.9,486.0
2024-10-02T22:55:00+00:00,482.92,482.92,482.88,482.89,947.0
2024-10-02T23:00:00+00:00,482.92,482.92,482.82,482.82,5334.0
2024-10-02T23:05:00+00:00,482.83,482.87,482.57,482.7595,8631.0
2024-10-02T23:10:00+00:00,482.86,482.86,482.77,482.82,2423.0
2024-10-02T23:15:00+00:00,482.9885,482.9885,482.85,482.907,1270.0
2024-10-02T23:20:00+00:00,482.83,482.9885,482.57,482.8,13410.0
2024-10-02T23:25:00+00:00,482.79,482.79,482.55,482.65,27801.0
2024-10-02T23:30:00+00:00,482.69,482.79,482.69,482.79,6053.0
2024-10-02T23:35:00+00:00,482.74,482.84,482.7299,482.79,2003.0
2024-10-02T23:40:00+00:00,482.79,482.9,482.55,482.8205,37191.0
2024-10-02T23:45:00+00:00,482.8925,482.95,482.86,482.93,5838.0
2024-10-02T23:50:00+00:00,482.99,483.08,482.97,483.001,4008.0
2024-10-02T23:55:00+00:00,483.0,483.05,482.99,483.05,2541.0
2024-10-03T00:00:00+00:00,482.8925,483.13,482.86,483.1,17460.0
2024-10-03T08:05:00+00:00,479.2,479.73,479.03,479.54,17145.0
2024-10-03T08:10:00+00:00,479.5,479.62,479.21,479.38,7383.0
2024-10-03T08:15:00+00:00,479.41,479.43,479.16,479.43,6748.0
2024-10-03T08:20:00+00:00,479.2,479.73,479.03,479.7,33774.0
2024-10-03T08:25:00+00:00,479.62,479.77,479.5,479.77,1126.0
2024-10-03T08:30:00+00:00,479.72,479.83,479.48,479.67,3133.0
2024-10-03T08:35:00+00:00,479.45,479.59,479.4,479.5,2787.0
2024-10-03T08:40:00+00:00,479.62,479.91,479.28,479.91,10399.0
2024-10-03T08:45:00+00:00,479.75,480.0,479.72,479.88,1395.0
2024-10-03T08:50:00+00:00,480.05,480.12,479.74,479.74,2127.0
2024-10-03T08:55:00+00:00,479.77,479.79,479.77,479.79,605.0
2024-10-03T09:00:00+00:00,479.75,480.12,479.72,479.73,4361.0
2024-10-03T09:05:00+00:00,479.69,479.8,479.43,479.43,5538.0
2024-10-03T09:10:00+00:00,479.52,479.52,479.51,479.51,1521.0
2024-10-03T09:15:00+00:00,479.85,479.85,479.85,479.85,1340.0
2024-10-03T09:20:00+00:00,479.69,479.91,479.43,479.8,13312.0
2024-10-03T09:25:00+00:00,479.87,479.95,479.87,479.88,2122.0
2024-10-03T09:30:00+00:00,479.97,480.0,479.84,479.85,4606.0
2024-10-03T09:35:00+00:00,479.9,479.9,479.9,479.9,660.0
2024-10-03T09:40:00+00:00,479.87,480.1,479.84,479.97,11127.0
2024-10-03T09:45:00+00:00,480.07,480.07,479.9,479.9,1240.0
2024-10-03T09:50:00+00:00,479.97,479.97,479.79,479.79,553.0
2024-10-03T09:55:00+00:00,479.75,479.75,479.62,479.62,933.0
2024-10-03T10:00:00+00:00,480.07,480.07,479.62,479.89,3906.0
2024-10-03T10:05:00+00:00,479.97,480.04,479.97,480.04,619.0
2024-10-03T10:10:00+00:00,480.05,480.05,479.73,479.96,3863.0
2024-10-03T10:15:00+00:00,479.88,479.88,479.65,479.65,639.0
2024-10-03T10:20:00+00:00,479.97,480.05,479.6,479.72,7036.0
2024-10-03T10:25:00+00:00,479.84,480.02,479.84,480.02,1186.0
2024-10-03T10:30:00+00:00,480.1,480.1,479.93,480.04,2719.0
2024-10-03T10:35:00+00:00,480.05,480.15,480.0,480.13,6633.0
2024-10-03T10:40:00+00:00,479.84,480.15,479.84,479.98,12528.0
2024-10-03T10:45:00+00:00,480.05,480.05,479.84,479.84,2324.0
2024-10-03T10:50:00+00:00,479.95,480.03,479.95,480.03,2096.0
2024-10-03T10:55:00+00:00,480.2,480.39,480.2,480.39,3351.0
2024-10-03T11:00:00+00:00,480.05,480.55,479.84,480.55,9217.0
2024-10-03T11:05:00+00:00,480.58,480.99,480.56,480.96,11739.0
2024-10-03T11:10:00+00:00,480.96,480.96,480.57,480.65,3601.0
2024-10-03T11:15:00+00:00,480.68,480.69,480.55,480.55,2936.0
2024-10-03T11:20:00+00:00,480.58,480.99,480.29,480.29,23776.0
2024-10-03T11:25:00+00:00,480.25,480.48,480.2,480.48,13473.0
2024-10-03T11:30:00+00:00,480.55,480.77,480.4,480.76,2315.0
2024-10-03T11:35:00+00:00,480.58,480.73,480.44,480.59,6767.0
2024-10-03T11:40:00+00:00,480.25,480.84,480.2,480.84,25610.0
2024-10-03T11:45:00+00:00,480.78,480.95,480.7,480.95,5497.0
2024-10-03T11:50:00+00:00,480.98,481.13,480.85,480.85,17944.0
2024-10-03T11:55:00+00:00,480.86,481.04,480.86,481.01,18430.0
2024-10-03T12:00:00+00:00,480.78,481.29,480.7,481.26,48872.0
2024-10-03T12:05:00+00:00,480.82,481.41,478.49,481.06,65948.0
2024-10-03T12:10:00+00:00,481.01,481.17,480.84,481.041,16008.0
2024-10-03T12:15:00+00:00,481.06,481.28,481.05,481.18,18335.0
2024-10-03T12:20:00+00:00,480.82,481.43,478.49,481.34,130716.0
2024-10-03T12:25:00+00:00,481.37,481.39,480.9,481.0,18540.0
2024-10-03T12:30:00+00:00,480.98,481.25,480.96,481.2,19110.0
2024-10-03T12:35:00+00:00,481.2,481.7,480.53,480.9508,30750.0
2024-10-03T12:40:00+00:00,481.37,481.7,480.4525,480.4525,134282.0
2024-10-03T12:45:00+00:00,480.44,480.86,480.3,480.65,16653.0
2024-10-03T12:50:00+00:00,480.8,481.0,480.65,480.65,7599.0
2024-10-03T12:55:00+00:00,480.67,480.67,480.34,480.48,14691.0
2024-10-03T13:00:00+00:00,480.44,481.0,479.91,480.0,83715.0
2024-10-03T13:05:00+00:00,479.96,480.06,479.651,480.06,42184.0
2024-10-03T13:10:00+00:00,480.05,480.26,479.91,480.15,12480.0
2024-10-03T13:15:00+00:00,480.12,480.13,479.78,479.84,27221.0
2024-10-03T13:20:00+00:00,479.96,480.26,479.61,479.81,114572.0
2024-10-03T13:25:00+00:00,479.79,480.03,479.56,480.03,20257.0
2024-10-03T13:30:00+00:00,479.96,479.96,479.49,479.77,63324.0
2024-10-03T13:35:00+00:00,479.74,481.36,479.37,481.3,625991.0
2024-10-03T13:40:00+00:00,479.79,481.44,479.37,481.0,1137324.0
2024-10-03T13:45:00+00:00,481.02,482.0,480.62,481.705,305208.0
2024-10-03T13:50:00+00:00,481.73,481.98,481.26,481.67,297194.0
2024-10-03T13:55:00+00:00,481.67,482.2,481.4,482.12,268968.0
2024-10-03T14:00:00+00:00,481.02,482.99,480.62,482.46,1228483.0
2024-10-03T14:05:00+00:00,482.41,484.06,482.4,484.02,891409.0
2024-10-03T14:10:00+00:00,484.02,484.545,483.96,484.42,576384.0
2024-10-03T14:15:00+00:00,484.44,484.54,481.41,482.445,800787.0
2024-10-03T14:20:00+00:00,482.41,484.545,481.41,482.52,2852909.0
2024-10-03T14:25:00+00:00,482.53,482.6,480.35,481.14,803990.0
2024-10-03T14:30:00+00:00,481.16,481.44,480.88,481.0,332984.0
2024-10-03T14:35:00+00:00,480.97,482.52,480.25,482.22,523684.0
2024-10-03T14:40:00+00:00,482.53,482.6,480.25,481.47,1944384.0
2024-10-03T14:45:00+00:00,481.475,481.86,479.8087,480.65,383916.0
2024-10-03T14:50:00+00:00,480.7,482.03,480.3723,481.29,376139.0
2024-10-03T14:55:00+00:00,481.27,482.6,481.22,482.28,289965.0
2024-10-03T15:00:00+00:00,481.475,482.6,479.8087,480.44,1428432.0
2024-10-03T15:05:00+00:00,480.44,480.96,480.13,480.38,437720.0
2024-10-03T15:10:00+00:00,480.3401,481.42,480.19,481.18,294159.0
2024-10-03T15:15:00+00:00,481.09,481.24,480.59,481.18,166966.0
2024-10-03T15:20:00+00:00,480.44,481.69,480.13,481.1224,1234693.0
2024-10-03T15:25:00+00:00,481.08,482.14,481.01,481.9,267644.0
2024-10-03T15:30:00+00:00,481.95,481.95,481.06,481.695,193721.0
2024-10-03T15:35:00+00:00,481.665,482.56,481.65,482.34,233145.0
2024-10-03T15:40:00+00:00,481.08,482.56,481.01,482.2061,978476.0
2024-10-03T15:45:00+00:00,482.22,483.07,482.22,482.77,267329.0
2024-10-03T15:50:00+00:00,482.77,482.935,482.5,482.57,135714.0
2024-10-03T15:55:00+00:00,482.58,483.2525,482.58,482.97,182331.0
2024-10-03T16:00:00+00:00,482.22,483.2525,482.22,482.7913,779223.0
2024-10-03T16:05:00+00:00,482.79,482.91,482.43,482.43,117498.0
2024-10-03T16:10:00+00:00,482.43,482.91,482.33,482.7087,135383.0
2024-10-03T16:15:00+00:00,482.7,482.92,482.5775,482.78,77476.0
2024-10-03T16:20:00+00:00,482.79,482.92,482.33,482.6201,405211.0
2024-10-03T16:25:00+00:00,482.64,483.06,482.4819,482.96,128354.0
2024-10-03T16:30:00+00:00,482.93,483.09,482.57,482.6,133866.0
2024-10-03T16:35:00+00:00,482.63,482.63,481.69,482.125,351355.0
2024-10-03T16:40:00+00:00,482.64,483.09,481.69,481.99,760933.0
2024-10-03T16:45:00+00:00,481.96,481.9791,480.87,481.2499,274186.0
2024-10-03T16:50:00+00:00,481.22,481.26,480.095,480.39,432696.0
2024-10-03T16:55:00+00:00,480.32,480.47,479.54,479.79,605175.0
2024-10-03T17:00:00+00:00,481.96,481.9791,479.54,479.97,1744531.0
2024-10-03T17:05:00+00:00,479.97,479.97,478.99,479.4,407820.0
2024-10-03T17:10:00+00:00,479.41,480.06,479.24,479.8896,278586.0
2024-10-03T17:15:00+00:00,479.86,480.25,479.64,479.76,193153.0
2024-10-03T17:20:00+00:00,479.97,480.25,478.99,479.88,1029527.0
2024-10-03T17:25:00+00:00,479.84,481.01,479.83,480.67,459658.0
2024-10-03T17:30:00+00:00,480.6501,481.6,480.43,480.5566,298626.0
2024-10-03T17:35:00+00:00,480.52,481.2499,480.42,481.1631,183830.0
2024-10-03T17:40:00+00:00,479.84,481.6,479.83,480.595,1063117.0
2024-10-03T17:45:00+00:00,480.57,480.81,479.94,480.71,207676.0
2024-10-03T17:50:00+00:00,480.72,481.0,480.46,480.46,140044.0
2024-10-03T17:55:00+00:00,480.45,480.9,480.34,480.8299,81912.0
2024-10-03T18:00:00+00:00,480.57,481.02,479.94,480.98,509342.0
2024-10-03T18:05:00+00:00,480.985,481.1,480.64,480.93,122120.0
2024-10-03T18:10:00+00:00,480.9,481.3,480.87,480.91,222565.0
2024-10-03T18:15:00+00:00,480.9,481.06,480.66,480.8093,71123.0
2024-10-03T18:20:00+00:00,480.985,481.3,480.56,481.07,487848.0
2024-10-03T18:25:00+00:00,481.0637,481.12,480.09,480.74,413786.0
2024-10-03T18:30:00+00:00,480.74,480.935,480.51,480.7099,115848.0
2024-10-03T18:35:00+00:00,480.7199,480.7199,480.31,480.665,77487.0
2024-10-03T18:40:00+00:00,481.0637,481.12,480.09,480.82,755374.0
2024-10-03T18:45:00+00:00,480.86,481.02,480.77,480.81,104998.0
2024-10-03T18:50:00+00:00,480.8,481.024,480.71,480.7884,161215.0
2024-10-03T18:55:00+00:00,480.79,481.06,480.58,480.7101,90015.0
2024-10-03T19:00:00+00:00,480.86,481.06,480.485,480.54,519219.0
2024-10-03T19:05:00+00:00,480.52,480.6475,480.21,480.5806,112333.0
2024-10-03T19:10:00+00:00,480.6,480.61,479.96,480.23,204558.0
2024-10-03T19:15:00+00:00,480.2201,480.31,479.82,480.195,116964.0
2024-10-03T19:20:00+00:00,480.52,480.6475,479.82,480.23,542008.0
2024-10-03T19:25:00+00:00,480.21,480.6,480.13,480.45,170440.0
2024-10-03T19:30:00+00:00,480.39,480.48,479.885,480.0404,227507.0
2024-10-03T19:35:00+00:00,480.04,480.579,479.955,480.53,182209.0
2024-10-03T19:40:00+00:00,480.21,480.71,479.885,480.695,886375.0
2024-10-03T19:45:00+00:00,480.7,480.73,480.17,480.31,323469.0
2024-10-03T19:50:00+00:00,480.3,480.97,480.27,480.9,243478.0
2024-10-03T19:55:00+00:00,480.88,481.4,480.59,481.1703,670926.0
2024-10-03T20:00:00+00:00,480.7,482.03,480.17,481.63,2507119.0
2024-10-03T20:05:00+00:00,481.61,481.87,481.59,481.87,428978.0
2024-10-03T20:10:00+00:00,481.89,482.29,481.0,481.57,176906.0
2024-10-03T20:15:00+00:00,481.58,481.89,481.58,481.768,260964.0
2024-10-03T20:20:00+00:00,481.61,482.29,481.0,481.79,882026.0
2024-10-03T20:25:00+00:00,481.8,481.8,481.6,481.61,33597.0
2024-10-03T20:30:00+00:00,481.62,481.62,481.4,481.46,36478.0
2024-10-03T20:35:00+00:00,481.47,481.48,481.22,481.31,24573.0
2024-10-03T20:40:00+00:00,481.8,481.8,481.2,481.22,104861.0
2024-10-03T20:45:00+00:00,481.2,481.24,481.06,481.13,16862.0
2024-10-03T20:50:00+00:00,481.18,481.26,481.07,481.18,25722.0
2024-10-03T20:55:00+00:00,481.14,481.25,481.13,481.25,23397.0
2024-10-03T21:00:00+00:00,481.2,481.26,480.84,480.96,80683.0
2024-10-03T21:05:00+00:00,481.0,481.04,480.98,481.0,3316.0
2024-10-03T21:10:00+00:00,481.0,481.0,480.99,481.0,2025.0
2024-10-03T21:15:00+00:00,481.59,481.59,480.9895,480.99,4056.0
2024-10-03T21:20:00+00:00,481.0,481.59,480.98,481.02,13341.0
2024-10-03T21:25:00+00:00,481.0,481.04,481.0,481.04,1126.0
2024-10-03T21:30:00+00:00,481.01,481.05,481.0034,481.05,2149.0
2024-10-03T21:35:00+00:00,481.0596,481.06,481.0212,481.0212,351.0
2024-10-03T21:40:00+00:00,481.0,481.14,481.0,481.14,5403.0
2024-10-03T21:45:00+00:00,481.06,481.14,481.01,481.1197,3102.0
2024-10-03T21:50:00+00:00,481.15,481.2,481.14,481.17,2256.0
2024-10-03T21:55:00+00:00,481.1,481.1,481.01,481.02,1483.0
2024-10-03T22:00:00+00:00,481.06,481.2,481.01,481.16,10382.0
2024-10-03T22:05:00+00:00,481.04,481.04,480.62,480.77,13426.0
2024-10-03T22:10:00+00:00,480.75,480.8,480.6,480.8,11277.0
2024-10-03T22:15:00+00:00,480.78,480.78,480.6505,480.6505,4222.0
2024-10-03T22:20:00+00:00,481.04,481.04,480.53,480.71,36608.0
2024-10-03T22:25:00+00:00,480.75,480.8,480.75,480.8,3245.0
2024-10-03T22:30:00+00:00,480.79,480.86,480.79,480.859,816.0
2024-10-03T22:35:00+00:00,480.9,481.149,480.85,481.12,3243.0
2024-10-03T22:40:00+00:00,480.75,481.3,480.75,481.139,15164.0
2024-10-03T22:45:00+00:00,481.26,481.27,481.12,481.27,1364.0
2024-10-03T22:50:00+00:00,481.29,481.55,481.29,481.55,8584.0
2024-10-03T22:55:00+00:00,481.56,481.79,481.56,481.75,7405.0
2024-10-03T23:00:00+00:00,481.26,481.79,481.12,481.47,27841.0
2024-10-03T23:05:00+00:00,481.56,481.56,481.4909,481.55,642.0
2024-10-03T23:10:00+00:00,481.54,481.59,481.37,481.37,3249.0
2024-10-03T23:15:00+00:00,481.37,481.59,481.35,481.59,4677.0
2024-10-03T23:20:00+00:00,481.56,481.61,481.35,481.44,15656.0
2024-10-03T23:25:00+00:00,481.42,481.42,481.13,481.15,10560.0
2024-10-03T23:30:00+00:00,481.22,481.38,481.22,481.38,6749.0
2024-10-03T23:35:00+00:00,481.41,481.55,481.23,481.3,13490.0
2024-10-03T23:40:00+00:00,481.42,481.55,481.13,481.36,32906.0
2024-10-03T23:45:00+00:00,481.36,481.4115,481.29,481.3,5873.0
2024-10-03T23:50:00+00:00,481.32,481.57,481.32,481.45,4273.0
2024-10-03T23:55:00+00:00,481.42,481.55,481.35,481.55,2109.0
2024-10-04T00:00:00+00:00,481.36,481.57,481.29,481.46,19851.0
2024-10-04T08:05:00+00:00,482.87,483.1,482.83,482.85,11745.0
2024-10-04T08:10:00+00:00,482.76,482.76,482.2,482.2,4852.0
2024-10-04T08:15:00+00:00,482.18,482.2,482.07,482.07,1111.0
2024-10-04T08:20:00+00:00,482.87,483.1,482.07,482.4,22007.0
2024-10-04T08:25:00+00:00,482.39,482.78,482.39,482.6,1948.0
2024-10-04T08:30:00+00:00,482.6,482.6,482.56,482.58,914.0
2024-10-04T08:35:00+00:00,482.63,482.63,482.45,482.45,1492.0
2024-10-04T08:40:00+00:00,482.39,482.78,482.39,482.66,5706.0
2024-10-04T08:45:00+00:00,482.65,482.83,482.65,482.8,1765.0
2024-10-04T08:50:00+00:00,482.59,482.59,482.3,482.42,3948.0
2024-10-04T08:55:00+00:00,482.66,482.73,482.55,482.55,844.0
2024-10-04T09:00:00+00:00,482.65,482.83,482.16,482.19,12116.0
2024-10-04T09:05:00+00:00,482.15,482.27,482.09,482.14,4028.0
2024-10-04T09:10:00+00:00,482.32,482.6,482.32,482.6,1897.0
2024-10-04T09:15:00+00:00,482.55,482.55,482.31,482.36,907.0
2024-10-04T09:20:00+00:00,482.15,482.6,482.09,482.33,7973.0
2024-10-04T09:25:00+00:00,482.3,482.3,482.29,482.29,300.0
2024-10-04T09:30:00+00:00,482.18,482.18,482.06,482.17,2371.0
2024-10-04T09:35:00+00:00,482.4,482.65,482.4,482.65,3087.0
2024-10-04T09:40:00+00:00,482.3,482.65,482.06,482.47,6233.0
2024-10-04T09:45:00+00:00,482.48,482.69,482.48,482.69,1575.0
2024-10-04T09:50:00+00:00,482.59,482.63,482.54,482.54,657.0
2024-10-04T09:55:00+00:00,482.69,482.87,482.69,482.8,855.0
2024-10-04T10:00:00+00:00,482.48,483.06,482.48,483.06,6457.0
2024-10-04T10:05:00+00:00,483.15,483.45,483.09,483.36,6385.0
2024-10-04T10:10:00+00:00,483.23,483.38,483.23,483.38,1838.0
2024-10-04T10:15:00+00:00,483.51,483.65,483.51,483.64,2362.0
2024-10-04T10:20:00+00:00,483.15,483.83,483.09,483.7,19305.0
2024-10-04T10:25:00+00:00,483.53,483.63,483.37,483.43,3073.0
2024-10-04T10:30:00+00:00,483.54,483.6,483.53,483.6,5779.0
2024-10-04T10:35:00+00:00,483.68,483.68,483.63,483.63,3545.0
2024-10-04T10:40:00+00:00,483.53,483.87,483.37,483.87,32346.0
2024-10-04T10:45:00+00:00,483.79,483.85,483.7,483.72,2507.0
2024-10-04T10:50:00+00:00,483.65,483.65,483.36,483.36,2426.0
2024-10-04T10:55:00+00:00,483.4,483.4,483.4,483.4,176.0
2024-10-04T11:00:00+00:00,483.79,483.85,483.31,483.31,6720.0
2024-10-04T11:05:00+00:00,483.28,483.71,483.14,483.59,14125.0
2024-10-04T11:10:00+00:00,483.55,483.57,483.35,483.49,3216.0
2024-10-04T11:15:00+00:00,483.48,483.54,483.39,483.45,4165.0
2024-10-04T11:20:00+00:00,483.28,483.84,483.14,483.78,29063.0
2024-10-04T11:25:00+00:00,483.82,483.83,483.72,483.81,2212.0
2024-10-04T11:30:00+00:00,483.85,483.88,483.79,483.86,7460.0
2024-10-04T11:35:00+00:00,483.97,484.1,483.81,483.89,5595.0
2024-10-04T11:40:00+00:00,483.82,484.1,483.69,483.69,21847.0
2024-10-04T11:45:00+00:00,483.74,483.85,483.6,483.61,8674.0
2024-10-04T11:50:00+00:00,483.67,483.75,483.515,483.69,8905.0
2024-10-04T11:55:00+00:00,483.68,483.79,483.56,483.56,14281.0
2024-10-04T12:00:00+00:00,483.74,483.85,483.39,483.65,52448.0
2024-10-04T12:05:00+00:00,483.2,484.12,481.229,483.61,67460.0
2024-10-04T12:10:00+00:00,483.63,483.64,483.34,483.5,17052.0
2024-10-04T12:15:00+00:00,483.48,483.63,483.41,483.61,7036.0
2024-10-04T12:20:00+00:00,483.2,484.12,481.229,483.72,102753.0
2024-10-04T12:25:00+00:00,483.7,483.84,483.43,483.7,16193.0
2024-10-04T12:30:00+00:00,483.66,483.89,483.48,483.89,23101.0
2024-10-04T12:35:00+00:00,483.87,485.91,483.83,485.09,321123.0
2024-10-04T12:40:00+00:00,483.7,486.6,483.43,486.3,553314.0
2024-10-04T12:45:00+00:00,486.35,486.8,486.1,486.47,145425.0
2024-10-04T12:50:00+00:00,486.65,487.24,486.61,487.13,111467.0
2024-10-04T12:55:00+00:00,487.14,487.7,487.09,487.47,99589.0
2024-10-04T13:00:00+00:00,486.35,487.95,486.1,487.94,514400.0
2024-10-04T13:05:00+00:00,487.97,488.25,487.83,487.85,101232.0
2024-10-04T13:10:00+00:00,487.9,487.94,487.78,487.82,23062.0
2024-10-04T13:15:00+00:00,487.88,487.99,487.71,487.88,80486.0
2024-10-04T13:20:00+00:00,487.97,488.35,487.71,487.92,278392.0
2024-10-04T13:25:00+00:00,487.8707,487.9,487.39,487.4,50402.0
2024-10-04T13:30:00+00:00,487.46,487.81,487.35,487.5,71758.0
2024-10-04T13:35:00+00:00,487.45,487.64,486.45,487.15,1334861.0
2024-10-04T13:40:00+00:00,487.8707,487.9,486.45,487.32,2245624.0
2024-10-04T13:45:00+00:00,487.31,487.5,486.59,486.76,442383.0
2024-10-04T13:50:00+00:00,486.78,487.44,486.52,487.1,364959.0
2024-10-04T13:55:00+00:00,487.06,487.2,485.41,485.5209,573255.0
2024-10-04T14:00:00+00:00,487.31,487.5,483.79,484.09,2518255.0
2024-10-04T14:05:00+00:00,484.09,484.9,483.685,484.64,831196.0
2024-10-04T14:10:00+00:00,484.625,484.8,482.8,482.987,867602.0
2024-10-04T14:15:00+00:00,482.96,483.77,482.385,483.69,570797.0
2024-10-04T14:20:00+00:00,484.09,484.96,482.385,484.5,2706895.0
2024-10-04T14:25:00+00:00,484.5,484.5262,483.1,483.47,423806.0
2024-10-04T14:30:00+00:00,483.42,483.83,482.53,482.96,328579.0
2024-10-04T14:35:00+00:00,483.0,483.67,482.52,483.315,747764.0
2024-10-04T14:40:00+00:00,484.5,484.5262,482.52,483.2206,1767409.0
2024-10-04T14:45:00+00:00,483.255,484.34,483.16,484.34,430122.0
2024-10-04T14:50:00+00:00,484.27,484.52,483.61,484.2699,251994.0
2024-10-04T14:55:00+00:00,484.2464,485.0,484.1866,484.7,285789.0
2024-10-04T15:00:00+00:00,483.255,485.16,483.16,485.09,1196277.0
2024-10-04T15:05:00+00:00,485.05,485.75,485.03,485.435,371776.0
2024-10-04T15:10:00+00:00,485.42,485.85,485.22,485.27,433052.0
2024-10-04T15:15:00+00:00,485.3,485.51,484.34,484.34,332433.0
2024-10-04T15:20:00+00:00,485.05,485.85,484.13,484.6631,1333726.0
2024-10-04T15:25:00+00:00,484.69,484.69,483.52,483.95,270935.0
2024-10-04T15:30:00+00:00,483.97,483.97,483.14,483.51,278513.0
2024-10-04T15:35:00+00:00,483.47,483.47,482.88,483.42,279225.0
2024-10-04T15:40:00+00:00,484.69,484.69,482.88,483.37,1444730.0
2024-10-04T15:45:00+00:00,483.41,484.23,483.4099,483.7776,232849.0
2024-10-04T15:50:00+00:00,483.76,483.83,483.0,483.2,155477.0
2024-10-04T15:55:00+00:00,483.25,484.64,483.21,484.5699,249396.0
2024-10-04T16:00:00+00:00,483.41,485.39,483.0,485.38,1014200.0
2024-10-04T16:05:00+00:00,485.39,485.56,485.12,485.25,321032.0
2024-10-04T16:10:00+00:00,485.28,485.375,484.18,484.28,230306.0
2024-10-04T16:15:00+00:00,484.2201,484.73,484.21,484.36,141738.0
2024-10-04T16:20:00+00:00,485.39,485.56,484.16,484.69,799987.0
2024-10-04T16:25:00+00:00,484.66,484.77,484.26,484.31,94711.0
2024-10-04T16:30:00+00:00,484.29,484.66,484.0,484.51,115046.0
2024-10-04T16:35:00+00:00,484.46,484.79,484.3,484.64,85881.0
2024-10-04T16:40:00+00:00,484.66,486.0,484.0,485.85,567544.0
2024-10-04T16:45:00+00:00,485.87,486.3,485.46,486.18,266354.0
2024-10-04T16:50:00+00:00,486.17,486.34,485.99,486.11,303785.0
2024-10-04T16:55:00+00:00,486.1,486.19,485.39,485.61,188368.0
2024-10-04T17:00:00+00:00,485.87,486.34,485.39,485.67,885528.0
2024-10-04T17:05:00+00:00,485.67,485.68,485.31,485.64,103844.0
2024-10-04T17:10:00+00:00,485.53,485.648,485.3,485.3,79893.0
2024-10-04T17:15:00+00:00,485.39,485.78,485.28,485.75,100375.0
2024-10-04T17:20:00+00:00,485.67,485.9914,485.28,485.93,374558.0
2024-10-04T17:25:00+00:00,485.95,486.07,485.62,485.71,95927.0
2024-10-04T17:30:00+00:00,485.71,485.8798,485.42,485.47,166403.0
2024-10-04T17:35:00+00:00,485.47,485.94,485.32,485.37,195283.0
2024-10-04T17:40:00+00:00,485.95,486.07,484.02,484.9217,932379.0
2024-10-04T17:45:00+00:00,484.92,486.08,484.86,486.0,209593.0
2024-10-04T17:50:00+00:00,486.0,486.03,485.57,485.6,172473.0
2024-10-04T17:55:00+00:00,485.58,485.665,484.98,485.14,160032.0
2024-10-04T18:00:00+00:00,484.92,486.08,484.67,484.78,790628.0
2024-10-04T18:05:00+00:00,484.82,485.08,484.67,484.83,142941.0
2024-10-04T18:10:00+00:00,484.83,485.06,484.69,484.97,102456.0
2024-10-04T18:15:00+00:00,484.95,484.97,484.35,484.72,181221.0
2024-10-04T18:20:00+00:00,484.82,485.08,484.29,484.88,566734.0
2024-10-04T18:25:00+00:00,484.87,485.42,484.86,485.28,221534.0
2024-10-04T18:30:00+00:00,485.29,485.55,485.13,485.49,158159.0
2024-10-04T18:35:00+00:00,485.49,485.6,485.2801,485.56,134243.0
2024-10-04T18:40:00+00:00,484.87,485.61,484.86,485.43,591473.0
2024-10-04T18:45:00+00:00,485.42,485.64,485.29,485.345,147356.0
2024-10-04T18:50:00+00:00,485.34,485.52,485.29,485.52,63824.0
2024-10-04T18:55:00+00:00,485.52,486.0,485.52,485.59,386993.0
2024-10-04T19:00:00+00:00,485.42,486.1,485.29,486.09,798630.0
2024-10-04T19:05:00+00:00,486.08,486.08,485.71,485.87,199041.0
2024-10-04T19:10:00+00:00,485.86,486.12,485.86,486.05,125783.0
2024-10-04T19:15:00+00:00,486.03,486.17,485.85,485.93,206769.0
2024-10-04T19:20:00+00:00,486.08,486.22,485.71,486.13,702379.0
2024-10-04T19:25:00+00:00,486.18,486.69,486.07,486.6,350315.0
2024-10-04T19:30:00+00:00,486.6,486.85,486.4037,486.6711,205936.0
2024-10-04T19:35:00+00:00,486.67,487.27,486.54,487.17,419999.0
2024-10-04T19:40:00+00:00,486.18,487.27,486.07,486.9425,1238551.0
2024-10-04T19:45:00+00:00,486.94,487.25,486.85,487.23,305398.0
2024-10-04T19:50:00+00:00,487.23,487.23,486.7,487.04,497832.0
2024-10-04T19:55:00+00:00,487.04,487.49,486.775,487.41,579826.0
2024-10-04T20:00:00+00:00,486.94,487.88,486.7,487.49,3105052.0
2024-10-04T20:05:00+00:00,487.51,487.6,487.23,487.37,170833.0
2024-10-04T20:10:00+00:00,487.36,487.5,487.3,487.4,456019.0
2024-10-04T20:15:00+00:00,487.41,487.47,487.28,487.33,1316807.0
2024-10-04T20:20:00+00:00,487.51,487.6,487.13,487.14,1995715.0
2024-10-04T20:25:00+00:00,487.14,487.18,487.04,487.15,232159.0
2024-10-04T20:30:00+00:00,487.15,487.16,487.03,487.08,15183.0
2024-10-04T20:35:00+00:00,487.049,487.05,486.98,487.01,19892.0
2024-10-04T20:40:00+00:00,487.14,487.18,486.98,486.9996,275959.0
2024-10-04T20:45:00+00:00,486.96,486.96,486.81,486.85,28318.0
2024-10-04T20:50:00+00:00,486.85,486.89,486.77,486.79,159046.0
2024-10-04T20:55:00+00:00,486.84,487.03,486.84,486.96,11692.0
2024-10-04T21:00:00+00:00,486.96,487.32,486.77,486.84,292228.0
2024-10-04T21:05:00+00:00,486.85,487.32,486.8,486.8,152333.0
2024-10-04T21:10:00+00:00,486.82,486.975,486.82,486.9555,5951.0
2024-10-04T21:15:00+00:00,486.9,486.92,486.8994,486.9015,2980.0
2024-10-04T21:20:00+00:00,486.85,487.32,486.8,486.9798,166975.0
2024-10-04T21:25:00+00:00,486.95,487.05,486.95,487.01,5849.0
2024-10-04T21:30:00+00:00,487.05,487.05,487.03,487.03,490.0
2024-10-04T21:35:00+00:00,487.0,487.05,486.97,487.05,1073.0
2024-10-04T21:40:00+00:00,486.95,487.05,486.95,487.05,8354.0
2024-10-04T21:45:00+00:00,487.06,487.08,487.06,487.08,5272.0
2024-10-04T21:50:00+00:00,487.0845,487.15,487.0818,487.12,2456.0
2024-10-04T21:55:00+00:00,487.07,487.1,487.07,487.1,534.0
2024-10-04T22:00:00+00:00,487.06,487.17,487.06,487.1,9707.0
2024-10-04T22:05:00+00:00,487.1,487.1,487.09,487.0901,925.0
2024-10-04T22:10:00+00:00,487.12,487.12,487.12,487.12,153.0
2024-10-04T22:15:00+00:00,487.15,487.15,487.15,487.15,218.0
2024-10-04T22:20:00+00:00,487.1,487.15,486.95,487.0,16371.0
2024-10-04T22:25:00+00:00,486.9,486.95,486.8519,486.93,3961.0
2024-10-04T22:30:00+00:00,486.91,486.92,486.91,486.92,2313.0
2024-10-04T22:35:00+00:00,486.92,486.93,486.92,486.93,1371.0
2024-10-04T22:40:00+00:00,486.9,486.95,486.8519,486.9298,8347.0
2024-10-04T22:45:00+00:00,486.93,486.97,486.93,486.97,790.0
2024-10-04T22:50:00+00:00,486.95,486.97,486.93,486.96,3486.0
2024-10-04T22:55:00+00:00,486.96,486.96,486.9501,486.9599,4440.0
2024-10-04T23:00:00+00:00,486.93,486.98,486.92,486.94,11772.0
2024-10-04T23:10:00+00:00,487.04,487.04,486.964,486.964,827.0
2024-10-04T23:15:00+00:00,487.0,487.0,486.98,486.99,660.0
2024-10-04T23:20:00+00:00,487.04,487.04,486.9399,486.9399,2380.0
2024-10-04T23:25:00+00:00,486.92,487.0,486.92,486.96,5265.0
2024-10-04T23:30:00+00:00,486.96,486.96,486.96,486.96,264.0
2024-10-04T23:35:00+00:00,486.9615,486.9615,486.96,486.96,1108.0
2024-10-04T23:40:00+00:00,486.92,487.0,486.92,486.96,7249.0
2024-10-04T23:45:00+00:00,486.96,486.96,486.95,486.9501,2745.0
2024-10-04T23:50:00+00:00,487.0,487.0,487.0,487.0,918.0
2024-10-04T23:55:00+00:00,487.0041,487.03,486.98,486.98,1382.0
2024-10-05T00:00:00+00:00,486.96,487.03,486.9001,486.9001,9013.0
2024-10-07T08:05:00+00:00,486.28,486.28,485.49,485.79,10613.0
2024-10-07T08:10:00+00:00,485.88,485.93,485.75,485.9,3783.0
2024-10-07T08:15:00+00:00,485.9,485.96,485.77,485.77,1221.0
2024-10-07T08:20:00+00:00,486.28,486.28,485.42,485.42,19777.0
2024-10-07T08:25:00+00:00,485.58,485.7,485.58,485.62,4449.0
2024-10-07T08:30:00+00:00,485.76,485.87,485.62,485.63,3456.0
2024-10-07T08:35:00+00:00,485.8,486.03,485.8,486.03,3399.0
2024-10-07T08:40:00+00:00,485.58,486.03,485.55,485.55,13236.0
2024-10-07T08:45:00+00:00,485.51,485.52,485.4,485.4,485.0
2024-10-07T08:50:00+00:00,485.45,485.45,485.17,485.2,6157.0
2024-10-07T08:55:00+00:00,485.26,485.34,485.26,485.34,391.0
2024-10-07T09:00:00+00:00,485.51,485.52,484.8,484.8,9489.0
2024-10-07T09:05:00+00:00,484.8,484.8,484.27,484.28,10765.0
2024-10-07T09:10:00+00:00,484.21,484.27,483.93,483.93,9605.0
2024-10-07T09:15:00+00:00,483.87,484.02,483.74,483.98,5710.0
2024-10-07T09:20:00+00:00,484.8,484.8,483.74,484.09,34265.0
2024-10-07T09:25:00+00:00,484.03,484.1,483.9,483.9,7196.0
2024-10-07T09:30:00+00:00,483.84,483.84,483.56,483.67,2954.0
2024-10-07T09:35:00+00:00,483.69,484.01,483.69,484.01,7706.0
2024-10-07T09:40:00+00:00,484.03,484.15,483.56,484.15,19959.0
2024-10-07T09:45:00+00:00,484.16,484.16,484.05,484.12,3903.0
2024-10-07T09:50:00+00:00,484.03,484.08,483.88,483.91,7055.0
2024-10-07T09:55:00+00:00,484.13,484.16,484.13,484.16,3165.0
2024-10-07T10:00:00+00:00,484.16,484.34,483.88,484.3,18844.0
2024-10-07T10:05:00+00:00,484.3,484.48,484.3,484.48,527.0
2024-10-07T10:10:00+00:00,484.32,484.35,484.12,484.15,2359.0
2024-10-07T10:15:00+00:00,484.02,484.07,483.9,484.07,3821.0
2024-10-07T10:20:00+00:00,484.3,484.48,483.9,484.35,8811.0
2024-10-07T10:25:00+00:00,484.4,484.45,484.32,484.35,2501.0
2024-10-07T10:30:00+00:00,484.26,484.4,484.26,484.28,2691.0
2024-10-07T10:35:00+00:00,484.33,484.44,484.33,484.44,2670.0
2024-10-07T10:40:00+00:00,484.4,484.55,484.26,484.35,9712.0
2024-10-07T10:45:00+00:00,484.46,484.48,484.44,484.48,959.0
2024-10-07T10:50:00+00:00,484.33,484.43,484.25,484.43,1718.0
2024-10-07T10:55:00+00:00,484.41,484.58,484.41,484.58,974.0
2024-10-07T11:00:00+00:00,484.46,484.58,484.25,484.46,4529.0
2024-10-07T11:05:00+00:00,484.56,484.56,484.13,484.424,13252.0
2024-10-07T11:10:00+00:00,484.37,484.57,484.09,484.54,20813.0
2024-10-07T11:15:00+00:00,484.46,484.53,484.449,484.5,3844.0
2024-10-07T11:20:00+00:00,484.56,484.57,484.09,484.24,47527.0
2024-10-07T11:25:00+00:00,484.25,484.49,484.25,484.48,14136.0
2024-10-07T11:30:00+00:00,484.53,484.63,484.44,484.46,8982.0
2024-10-07T11:35:00+00:00,484.3,484.31,484.25,484.25,3628.0
2024-10-07T11:40:00+00:00,484.25,484.63,484.18,484.41,32110.0
2024-10-07T11:45:00+00:00,484.5,484.52,484.42,484.47,3504.0
2024-10-07T11:50:00+00:00,484.48,484.6,484.4,484.58,19413.0
2024-10-07T11:55:00+00:00,484.631,484.85,484.58,484.85,9039.0
2024-10-07T12:00:00+00:00,484.5,484.9,484.4,484.75,38969.0
2024-10-07T12:05:00+00:00,484.46,487.66,483.6604,484.76,74188.0
2024-10-07T12:10:00+00:00,484.74,487.685,484.58,484.9335,12808.0
2024-10-07T12:15:00+00:00,484.98,485.13,484.9101,485.1,22168.0
2024-10-07T12:20:00+00:00,484.46,487.685,483.6604,485.19,119355.0
2024-10-07T12:25:00+00:00,485.12,485.25,485.1,485.22,6680.0
2024-10-07T12:30:00+00:00,485.22,485.3,485.08,485.08,19670.0
2024-10-07T12:35:00+00:00,485.1,485.1,484.991,485.1,37559.0
2024-10-07T12:40:00+00:00,485.12,485.39,484.991,485.39,74232.0
2024-10-07T12:45:00+00:00,485.4,485.48,485.36,485.46,8678.0
2024-10-07T12:50:00+00:00,485.52,485.52,485.36,485.4,10397.0
2024-10-07T12:55:00+00:00,485.4,485.4,485.1861,485.24,9224.0
2024-10-07T13:00:00+00:00,485.4,485.52,485.0,485.0896,33982.0
2024-10-07T13:05:00+00:00,485.15,485.16,484.85,485.06,15836.0
2024-10-07T13:10:00+00:00,485.04,485.5409,485.0,485.51,34994.0
2024-10-07T13:15:00+00:00,485.52,485.55,485.25,485.3601,23112.0
2024-10-07T13:20:00+00:00,485.15,485.55,484.85,485.29,78674.0
2024-10-07T13:25:00+00:00,485.24,485.46,485.24,485.41,11769.0
2024-10-07T13:30:00+00:00,485.4,485.62,485.18,485.45,44968.0
2024-10-07T13:35:00+00:00,485.39,485.95,484.8809,485.78,858942.0
2024-10-07T13:40:00+00:00,485.24,486.04,484.8809,485.6799,1292172.0
2024-10-07T13:45:00+00:00,485.6,485.9,484.69,484.9299,342937.0
2024-10-07T13:50:00+00:00,484.94,485.695,484.54,485.33,316426.0
2024-10-07T13:55:00+00:00,485.27,485.3,484.25,484.63,328626.0
2024-10-07T14:00:00+00:00,485.6,485.9,484.25,484.76,1219848.0
2024-10-07T14:05:00+00:00,484.76,485.51,484.6001,485.3699,287454.0
2024-10-07T14:10:00+00:00,485.39,485.72,484.8,485.15,274630.0
2024-10-07T14:15:00+00:00,485.14,485.77,484.83,485.705,174621.0
2024-10-07T14:20:00+00:00,484.76,486.325,484.6001,486.155,1057756.0
2024-10-07T14:25:00+00:00,486.16,486.31,485.76,486.07,175912.0
2024-10-07T14:30:00+00:00,486.04,486.42,485.83,486.37,182604.0
2024-10-07T14:35:00+00:00,486.39,486.57,485.96,486.2177,281932.0
2024-10-07T14:40:00+00:00,486.16,486.57,485.76,486.01,911597.0
2024-10-07T14:45:00+00:00,486.05,486.27,485.53,485.61,217741.0
2024-10-07T14:50:00+00:00,485.61,485.8162,485.33,485.67,205146.0
2024-10-07T14:55:00+00:00,485.68,486.07,485.52,485.87,237501.0
2024-10-07T15:00:00+00:00,486.05,486.47,485.33,486.05,864379.0
2024-10-07T15:05:00+00:00,486.01,486.01,485.131,485.4,259863.0
2024-10-07T15:10:00+00:00,485.43,485.54,484.97,485.46,210050.0
2024-10-07T15:15:00+00:00,485.45,485.98,485.2,485.89,191752.0
2024-10-07T15:20:00+00:00,486.01,486.02,484.97,485.9377,795240.0
2024-10-07T15:25:00+00:00,485.9001,485.9996,485.62,485.8201,78722.0
2024-10-07T15:30:00+00:00,485.82,486.05,485.65,485.97,125007.0
2024-10-07T15:35:00+00:00,485.98,486.27,485.86,486.2363,167536.0
2024-10-07T15:40:00+00:00,485.9001,486.28,485.6,485.6723,693652.0
2024-10-07T15:45:00+00:00,485.7,486.17,485.59,485.6407,140434.0
2024-10-07T15:50:00+00:00,485.6652,485.79,485.52,485.6501,75338.0
2024-10-07T15:55:00+00:00,485.6,486.03,485.505,485.9747,115189.0
2024-10-07T16:00:00+00:00,485.7,486.17,485.505,485.72,417646.0
2024-10-07T16:05:00+00:00,485.73,485.7399,485.27,485.445,151704.0
2024-10-07T16:10:00+00:00,485.46,485.6259,485.17,485.3,346016.0
2024-10-07T16:15:00+00:00,485.2801,485.48,484.71,485.46,309127.0
2024-10-07T16:20:00+00:00,485.73,486.01,484.71,485.895,984993.0
2024-10-07T16:25:00+00:00,485.906,486.1,485.7801,485.99,141460.0
2024-10-07T16:30:00+00:00,485.98,486.0,485.6911,485.77,121020.0
2024-10-07T16:35:00+00:00,485.79,485.85,485.2501,485.37,133043.0
2024-10-07T16:40:00+00:00,485.906,486.1,485.2501,485.45,460827.0
2024-10-07T16:45:00+00:00,485.42,485.46,485.19,485.2399,92268.0
2024-10-07T16:50:00+00:00,485.22,485.425,484.94,485.35,145038.0
2024-10-07T16:55:00+00:00,485.32,485.33,485.0418,485.18,105830.0
2024-10-07T17:00:00+00:00,485.42,485.46,484.94,485.3599,408649.0
2024-10-07T17:05:00+00:00,485.37,485.78,485.32,485.74,90236.0
2024-10-07T17:10:00+00:00,485.77,485.91,485.46,485.91,89701.0
2024-10-07T17:15:00+00:00,485.9295,486.0,485.72,485.7386,111164.0
2024-10-07T17:20:00+00:00,485.37,486.0,485.32,485.76,361052.0
2024-10-07T17:25:00+00:00,485.76,485.85,485.18,485.4398,104774.0
2024-10-07T17:30:00+00:00,485.445,485.5937,485.11,485.14,119659.0
2024-10-07T17:35:00+00:00,485.14,485.33,484.85,485.17,187655.0
2024-10-07T17:40:00+00:00,485.76,485.85,484.85,485.2459,506911.0
2024-10-07T17:45:00+00:00,485.25,485.38,485.16,485.31,120057.0
2024-10-07T17:50:00+00:00,485.29,485.39,485.12,485.18,114643.0
2024-10-07T17:55:00+00:00,485.15,485.5182,484.94,485.41,148445.0
2024-10-07T18:00:00+00:00,485.25,485.6899,484.94,485.6899,467456.0
2024-10-07T18:05:00+00:00,485.65,485.7692,484.55,484.67,1218335.0
2024-10-07T18:10:00+00:00,484.65,484.83,484.419,484.67,356211.0
2024-10-07T18:15:00+00:00,484.7,485.09,484.65,485.03,194094.0
2024-10-07T18:20:00+00:00,485.65,485.7692,484.419,484.9,1855418.0
2024-10-07T18:25:00+00:00,484.93,485.129,484.8001,484.89,75960.0
2024-10-07T18:30:00+00:00,484.89,485.01,484.62,484.65,107095.0
2024-10-07T18:35:00+00:00,484.65,484.65,482.9,483.71,961722.0
2024-10-07T18:40:00+00:00,484.93,485.129,482.9,483.58,1663588.0
2024-10-07T18:45:00+00:00,483.57,484.1,483.23,483.245,276006.0
2024-10-07T18:50:00+00:00,483.27,483.2899,481.7,482.05,853466.0
2024-10-07T18:55:00+00:00,482.04,482.4299,481.76,481.92,390772.0
2024-10-07T19:00:00+00:00,483.57,484.1,481.19,481.36,1914908.0
2024-10-07T19:05:00+00:00,481.36,481.875,481.16,481.74,586704.0
2024-10-07T19:10:00+00:00,481.7,482.615,481.64,482.3941,373338.0
2024-10-07T19:15:00+00:00,482.42,482.48,481.88,482.064,236066.0
2024-10-07T19:20:00+00:00,481.36,482.615,481.16,482.11,1368452.0
2024-10-07T19:25:00+00:00,482.08,482.59,482.0701,482.31,233854.0
2024-10-07T19:30:00+00:00,482.3106,482.42,481.85,482.01,191219.0
2024-10-07T19:35:00+00:00,482.02,482.17,481.21,481.54,437409.0
2024-10-07T19:40:00+00:00,482.08,482.59,480.98,481.622,1195457.0
2024-10-07T19:45:00+00:00,481.62,481.62,480.87,481.34,289508.0
2024-10-07T19:50:00+00:00,481.35,481.6,481.0825,481.54,516738.0
2024-10-07T19:55:00+00:00,481.51,482.79,481.49,482.38,694336.0
2024-10-07T20:00:00+00:00,481.62,482.79,480.87,482.06,3283162.0
2024-10-07T20:05:00+00:00,482.08,482.48,482.08,482.32,311129.0
2024-10-07T20:10:00+00:00,482.34,482.52,482.29,482.42,583689.0
2024-10-07T20:15:00+00:00,482.42,482.51,482.36,482.42,268985.0
2024-10-07T20:20:00+00:00,482.08,482.58,482.08,482.53,1180588.0
2024-10-07T20:25:00+00:00,482.54,482.55,482.48,482.52,13142.0
2024-10-07T20:30:00+00:00,482.5,482.51,482.1,482.461,130450.0
2024-10-07T20:35:00+00:00,482.48,482.49,482.41,482.49,6830.0
2024-10-07T20:40:00+00:00,482.54,482.75,482.1,482.72,240772.0
2024-10-07T20:45:00+00:00,482.73,482.86,482.66,482.67,124122.0
2024-10-07T20:50:00+00:00,482.79,482.86,482.6,482.661,7418.0
2024-10-07T20:55:00+00:00,482.66,482.67,482.62,482.63,6261.0
2024-10-07T21:00:00+00:00,482.73,482.86,482.46,482.51,144282.0
2024-10-07T21:05:00+00:00,482.46,482.49,482.34,482.34,4927.0
2024-10-07T21:10:00+00:00,482.35,482.3999,482.27,482.3,7497.0
2024-10-07T21:15:00+00:00,482.31,482.384,482.29,482.34,6287.0
2024-10-07T21:20:00+00:00,482.46,482.49,482.27,482.4,19596.0
2024-10-07T21:25:00+00:00,482.37,482.4915,482.36,482.45,3119.0
2024-10-07T21:30:00+00:00,482.44,482.45,482.42,482.42,1051.0
2024-10-07T21:35:00+00:00,482.42,482.42,482.39,482.39,571.0
2024-10-07T21:40:00+00:00,482.37,482.4915,482.36,482.4101,5839.0
2024-10-07T21:45:00+00:00,482.41,482.41,482.41,482.41,393.0
2024-10-07T21:50:00+00:00,482.42,482.42,482.3715,482.3715,563.0
2024-10-07T21:55:00+00:00,482.36,482.51,482.36,482.51,4776.0
2024-10-07T22:00:00+00:00,482.41,482.62,482.36,482.62,7748.0
2024-10-07T22:05:00+00:00,482.7,482.79,482.45,482.5301,15072.0
2024-10-07T22:10:00+00:00,482.51,482.51,482.39,482.48,2860.0
2024-10-07T22:15:00+00:00,482.4404,482.48,482.4404,482.48,565.0
2024-10-07T22:20:00+00:00,482.7,482.79,482.39,482.48,18944.0
2024-10-07T22:25:00+00:00,482.36,482.36,482.2499,482.25,3603.0
2024-10-07T22:30:00+00:00,482.25,482.3,482.12,482.3,3654.0
2024-10-07T22:35:00+00:00,482.2617,482.2835,479.81,480.6,88732.0
2024-10-07T22:40:00+00:00,482.36,482.36,479.81,481.51,128151.0
2024-10-07T22:45:00+00:00,481.5,481.77,481.5,481.5,13763.0
2024-10-07T22:50:00+00:00,481.42,481.51,481.21,481.51,19475.0
2024-10-07T22:55:00+00:00,481.4599,481.46,481.1,481.1,5653.0
2024-10-07T23:00:00+00:00,481.5,481.77,480.62,481.34,60603.0
2024-10-07T23:05:00+00:00,481.25,481.5,481.03,481.31,5175.0
2024-10-07T23:10:00+00:00,481.48,482.06,481.45,481.99,16352.0
2024-10-07T23:15:00+00:00,482.0,482.0,481.6,481.6,3091.0
2024-10-07T23:20:00+00:00,481.25,482.06,481.03,481.9,28810.0
2024-10-07T23:25:00+00:00,481.89,481.91,481.8,481.8,635.0
2024-10-07T23:30:00+00:00,481.8,481.8,481.64,481.64,1527.0
2024-10-07T23:35:00+00:00,481.61,481.61,481.4599,481.4599,4117.0
2024-10-07T23:40:00+00:00,481.89,481.91,481.4,481.58,9540.0
2024-10-07T23:45:00+00:00,481.54,481.74,481.507,481.71,3999.0
2024-10-07T23:50:00+00:00,481.8,481.8,481.71,481.74,4366.0
2024-10-07T23:55:00+00:00,481.8,482.1,481.74,482.05,6537.0
2024-10-08T00:00:00+00:00,481.54,482.1,481.507,481.8034,27025.0
2024-10-08T08:05:00+00:00,482.29,482.55,482.2,482.41,18029.0
2024-10-08T08:10:00+00:00,482.21,482.21,481.95,482.14,10492.0
2024-10-08T08:15:00+00:00,482.29,482.43,482.02,482.07,3978.0
2024-10-08T08:20:00+00:00,482.29,482.55,481.95,482.51,39164.0
2024-10-08T08:25:00+00:00,482.54,482.54,482.02,482.03,4961.0
2024-10-08T08:30:00+00:00,482.12,482.28,482.07,482.07,4275.0
2024-10-08T08:35:00+00:00,481.88,482.19,481.88,482.19,5256.0
2024-10-08T08:40:00+00:00,482.54,482.54,481.88,482.34,16507.0
2024-10-08T08:45:00+00:00,482.27,482.29,482.27,482.27,2722.0
2024-10-08T08:50:00+00:00,482.28,482.55,482.28,482.55,1142.0
2024-10-08T08:55:00+00:00,482.53,482.64,482.53,482.64,7127.0
2024-10-08T09:00:00+00:00,482.27,482.78,482.27,482.6,12878.0
2024-10-08T09:05:00+00:00,482.7,483.26,482.7,483.25,9023.0
2024-10-08T09:10:00+00:00,483.25,483.3,483.21,483.27,2272.0
2024-10-08T09:15:00+00:00,483.06,483.19,483.03,483.19,4665.0
2024-10-08T09:20:00+00:00,482.7,483.91,482.7,483.64,26459.0
2024-10-08T09:25:00+00:00,483.7,483.89,483.7,483.89,4412.0
2024-10-08T09:30:00+00:00,484.0,484.08,483.85,483.9,2931.0
2024-10-08T09:35:00+00:00,484.05,484.07,483.71,483.71,3384.0
2024-10-08T09:40:00+00:00,483.7,484.08,483.7,483.81,12498.0
2024-10-08T09:45:00+00:00,483.67,484.03,483.67,484.03,7292.0
2024-10-08T09:50:00+00:00,484.06,484.06,483.9,483.9,6546.0
2024-10-08T09:55:00+00:00,484.12,484.3,484.09,484.17,13419.0
2024-10-08T10:00:00+00:00,483.67,484.3,483.67,483.93,29560.0
2024-10-08T10:05:00+00:00,483.91,484.04,483.91,483.98,2939.0
2024-10-08T10:10:00+00:00,484.11,484.19,484.05,484.11,10280.0
2024-10-08T10:15:00+00:00,484.2,484.4,484.19,484.22,5070.0
2024-10-08T10:20:00+00:00,483.91,484.4,483.91,484.25,21574.0
2024-10-08T10:25:00+00:00,484.39,484.39,484.12,484.17,1893.0
2024-10-08T10:30:00+00:00,484.27,484.27,484.27,484.27,129.0
2024-10-08T10:35:00+00:00,484.35,484.35,483.59,483.73,22605.0
2024-10-08T10:40:00+00:00,484.39,484.39,483.59,483.77,41628.0
2024-10-08T10:45:00+00:00,483.57,483.63,483.5,483.56,8539.0
2024-10-08T10:50:00+00:00,483.73,484.02,483.64,484.02,9460.0
2024-10-08T10:55:00+00:00,484.0,484.13,484.0,484.13,3719.0
2024-10-08T11:00:00+00:00,483.57,484.31,483.5,484.31,32662.0
2024-10-08T11:05:00+00:00,484.26,484.4,484.05,484.35,20231.0
2024-10-08T11:10:00+00:00,484.41,484.43,484.33,484.34,3297.0
2024-10-08T11:15:00+00:00,484.3,484.36,484.06,484.06,8516.0
2024-10-08T11:20:00+00:00,484.26,484.43,484.05,484.28,47374.0
2024-10-08T11:25:00+00:00,484.3,484.35,483.84,483.84,8840.0
2024-10-08T11:30:00+00:00,483.92,484.12,483.82,484.03,8867.0
2024-10-08T11:35:00+00:00,484.16,484.44,484.16,484.42,4913.0
2024-10-08T11:40:00+00:00,484.3,484.52,483.82,484.241,30379.0
2024-10-08T11:45:00+00:00,484.22,484.32,484.15,484.32,7244.0
2024-10-08T11:50:00+00:00,484.3,484.45,484.17,484.45,11423.0
2024-10-08T11:55:00+00:00,484.45,484.49,484.35,484.39,6429.0
2024-10-08T12:00:00+00:00,484.22,484.49,484.15,484.3,30051.0
2024-10-08T12:05:00+00:00,484.31,484.6,480.97,484.4325,38001.0
2024-10-08T12:10:00+00:00,484.36,484.36,484.13,484.13,7673.0
2024-10-08T12:15:00+00:00,481.739,484.08,481.739,484.03,17914.0
2024-10-08T12:20:00+00:00,484.31,484.6,480.97,483.892,72649.0
2024-10-08T12:25:00+00:00,483.89,483.89,483.71,483.877,8090.0
2024-10-08T12:30:00+00:00,483.91,483.97,483.77,483.88,8265.0
2024-10-08T12:35:00+00:00,483.8,483.89,483.7,483.81,14610.0
2024-10-08T12:40:00+00:00,483.89,483.97,483.67,483.89,43626.0
2024-10-08T12:45:00+00:00,483.8294,483.8294,483.5307,483.58,27455.0
2024-10-08T12:50:00+00:00,483.76,483.86,483.74,483.75,4497.0
2024-10-08T12:55:00+00:00,483.6,483.81,483.6,483.78,11190.0
2024-10-08T13:00:00+00:00,483.8294,483.86,483.5307,483.65,52117.0
2024-10-08T13:05:00+00:00,483.71,483.74,483.66,483.74,3948.0
2024-10-08T13:10:00+00:00,483.74,483.87,483.57,483.87,17245.0
2024-10-08T13:15:00+00:00,483.9,484.08,483.88,484.08,21915.0
2024-10-08T13:20:00+00:00,483.71,484.3,483.57,484.26,68377.0
2024-10-08T13:25:00+00:00,484.27,484.29,484.2,484.2,14438.0
2024-10-08T13:30:00+00:00,484.18,484.66,484.07,484.52,264209.0
2024-10-08T13:35:00+00:00,484.66,484.68,483.91,483.98,628135.0
2024-10-08T13:40:00+00:00,484.27,484.91,483.845,484.2,1442778.0
2024-10-08T13:45:00+00:00,484.195,484.75,484.01,484.6,349065.0
2024-10-08T13:50:00+00:00,484.58,484.7,483.9,484.61,353288.0
2024-10-08T13:55:00+00:00,484.67,485.61,484.22,485.4599,478344.0
2024-10-08T14:00:00+00:00,484.195,485.88,483.9,485.86,1810880.0
2024-10-08T14:05:00+00:00,485.88,486.96,485.88,486.59,938447.0
2024-10-08T14:10:00+00:00,486.59,486.79,486.22,486.66,457317.0
2024-10-08T14:15:00+00:00,486.66,486.85,486.3,486.45,375062.0
2024-10-08T14:20:00+00:00,485.88,486.96,485.88,486.39,1997075.0
2024-10-08T14:25:00+00:00,486.39,486.56,485.8,486.01,283508.0
2024-10-08T14:30:00+00:00,486.01,486.62,485.89,486.5325,250825.0
2024-10-08T14:35:00+00:00,486.54,487.13,486.42,487.065,382211.0
2024-10-08T14:40:00+00:00,486.39,487.29,485.8,486.92,1253220.0
2024-10-08T14:45:00+00:00,486.93,488.21,486.77,487.92,997826.0
2024-10-08T14:50:00+00:00,487.92,488.65,487.73,488.16,886534.0
2024-10-08T14:55:00+00:00,488.1889,488.26,487.72,487.84,366221.0
2024-10-08T15:00:00+00:00,486.93,488.65,486.77,487.83,2579845.0
2024-10-08T15:05:00+00:00,487.87,488.34,487.8579,488.1612,410564.0
2024-10-08T15:10:00+00:00,488.17,488.1777,487.82,487.83,202381.0
2024-10-08T15:15:00+00:00,487.84,487.89,487.4,487.52,643533.0
2024-10-08T15:20:00+00:00,487.87,488.34,487.16,487.39,1512302.0
2024-10-08T15:25:00+00:00,487.38,487.94,487.27,487.39,364970.0
2024-10-08T15:30:00+00:00,487.42,487.75,487.1825,487.65,129683.0
2024-10-08T15:35:00+00:00,487.7,487.81,487.4,487.52,189744.0
2024-10-08T15:40:00+00:00,487.38,487.94,487.1825,487.61,868157.0
2024-10-08T15:45:00+00:00,487.64,487.84,487.64,487.65,71056.0
2024-10-08T15:50:00+00:00,487.68,487.89,487.6,487.65,94816.0
2024-10-08T15:55:00+00:00,487.68,488.18,487.6699,488.17,174162.0
2024-10-08T16:00:00+00:00,487.64,488.29,487.6,488.25,503140.0
2024-10-08T16:05:00+00:00,488.24,488.245,487.35,487.475,242600.0
2024-10-08T16:10:00+00:00,487.48,487.57,486.9,487.24,298089.0
2024-10-08T16:15:00+00:00,487.26,487.55,487.24,487.44,235942.0
2024-10-08T16:20:00+00:00,488.24,488.245,486.9,487.6599,883150.0
2024-10-08T16:25:00+00:00,487.64,487.71,487.44,487.4406,72322.0
2024-10-08T16:30:00+00:00,487.46,487.865,487.46,487.775,116017.0
2024-10-08T16:35:00+00:00,487.73,487.8401,487.63,487.71,61187.0
2024-10-08T16:40:00+00:00,487.64,488.04,487.44,487.7,362393.0
2024-10-08T16:45:00+00:00,487.72,487.83,487.65,487.72,57133.0
2024-10-08T16:50:00+00:00,487.76,487.91,487.245,487.44,185414.0
2024-10-08T16:55:00+00:00,487.44,487.75,487.29,487.7,93319.0
2024-10-08T17:00:00+00:00,487.72,487.91,487.245,487.66,388399.0
2024-10-08T17:05:00+00:00,487.6599,487.77,487.09,487.15,157011.0
2024-10-08T17:10:00+00:00,487.16,487.18,486.08,486.37,770174.0
2024-10-08T17:15:00+00:00,486.2593,487.12,486.13,487.09,388921.0
2024-10-08T17:20:00+00:00,487.6599,487.77,486.08,486.6601,1473114.0
2024-10-08T17:25:00+00:00,486.68,486.95,486.6,486.86,279306.0
2024-10-08T17:30:00+00:00,486.86,487.0,486.72,486.84,75885.0
2024-10-08T17:35:00+00:00,486.88,487.11,486.6701,487.05,96869.0
2024-10-08T17:40:00+00:00,486.68,487.31,486.6,487.1042,616553.0
2024-10-08T17:45:00+00:00,487.13,487.27,487.08,487.14,54457.0
2024-10-08T17:50:00+00:00,487.14,487.19,486.85,487.14,384952.0
2024-10-08T17:55:00+00:00,487.14,487.44,487.07,487.3425,113314.0
2024-10-08T18:00:00+00:00,487.13,487.7,486.85,487.67,740030.0
2024-10-08T18:05:00+00:00,487.65,487.86,487.61,487.79,201374.0
2024-10-08T18:10:00+00:00,487.78,487.91,487.61,487.71,114231.0
2024-10-08T18:15:00+00:00,487.72,487.93,487.67,487.83,111111.0
2024-10-08T18:20:00+00:00,487.65,487.93,487.61,487.73,539973.0
2024-10-08T18:25:00+00:00,487.72,487.86,487.5101,487.69,58724.0
2024-10-08T18:30:00+00:00,487.68,487.83,487.57,487.79,90654.0
2024-10-08T18:35:00+00:00,487.8,487.81,487.46,487.71,108367.0
2024-10-08T18:40:00+00:00,487.72,488.52,487.46,488.31,492693.0
2024-10-08T18:45:00+00:00,488.3,488.32,488.01,488.13,203822.0
2024-10-08T18:50:00+00:00,488.1,488.2747,488.03,488.225,805106.0
2024-10-08T18:55:00+00:00,488.24,488.57,488.22,488.43,213527.0
2024-10-08T19:00:00+00:00,488.3,488.85,488.01,488.66,1482193.0
2024-10-08T19:05:00+00:00,488.63,488.6599,488.23,488.47,204511.0
2024-10-08T19:10:00+00:00,488.47,488.63,488.4046,488.52,122813.0
2024-10-08T19:15:00+00:00,488.55,488.668,488.51,488.6,120872.0
2024-10-08T19:20:00+00:00,488.63,489.08,488.23,489.055,786206.0
2024-10-08T19:25:00+00:00,489.06,489.1,488.88,489.04,260442.0
2024-10-08T19:30:00+00:00,489.04,489.185,488.9,489.03,225649.0
2024-10-08T19:35:00+00:00,489.02,489.59,488.89,489.42,586938.0
2024-10-08T19:40:00+00:00,489.06,489.84,488.88,489.67,1448982.0
2024-10-08T19:45:00+00:00,489.68,489.71,489.37,489.41,378121.0
2024-10-08T19:50:00+00:00,489.41,489.64,489.33,489.53,441601.0
2024-10-08T19:55:00+00:00,489.52,489.99,489.38,489.88,695917.0
2024-10-08T20:00:00+00:00,489.68,489.99,489.12,489.33,3349893.0
2024-10-08T20:05:00+00:00,489.29,489.33,488.78,488.78,446000.0
2024-10-08T20:10:00+00:00,489.3,489.3,488.76,489.07,123701.0
2024-10-08T20:15:00+00:00,489.07,489.17,489.0,489.13,755805.0
2024-10-08T20:20:00+00:00,489.29,489.33,488.76,488.979,1351756.0
2024-10-08T20:25:00+00:00,488.941,488.99,488.9,488.96,9213.0
2024-10-08T20:30:00+00:00,488.99,489.08,488.96,489.04,4940.0
2024-10-08T20:35:00+00:00,489.03,489.3,488.9206,489.01,154098.0
2024-10-08T20:40:00+00:00,488.941,489.3,488.9,489.14,201110.0
2024-10-08T20:45:00+00:00,489.06,489.15,489.06,489.08,14747.0
2024-10-08T20:50:00+00:00,488.96,489.15,488.94,489.05,10167.0
2024-10-08T20:55:00+00:00,489.06,489.09,489.04,489.08,149874.0
2024-10-08T21:00:00+00:00,489.06,489.15,488.85,489.0,185306.0
2024-10-08T21:05:00+00:00,488.901,488.98,488.9,488.98,12433.0
2024-10-08T21:10:00+00:00,488.95,488.99,488.95,488.99,1929.0
2024-10-08T21:15:00+00:00,488.98,488.98,488.97,488.97,1567.0
2024-10-08T21:20:00+00:00,488.901,489.0,488.9,489.0,19972.0
2024-10-08T21:25:00+00:00,488.98,489.0232,488.97,489.0,2073.0
2024-10-08T21:30:00+00:00,489.03,489.06,489.0,489.0012,3748.0
2024-10-08T21:35:00+00:00,489.0,489.0,488.95,489.0,2911.0
2024-10-08T21:40:00+00:00,488.98,489.06,488.9024,488.91,9493.0
2024-10-08T21:45:00+00:00,489.0551,489.0551,488.91,488.91,869.0
2024-10-08T21:50:00+00:00,488.88,488.88,488.88,488.88,300.0
2024-10-08T21:55:00+00:00,488.9103,489.0092,488.9103,489.0,7430.0
2024-10-08T22:00:00+00:00,489.0551,489.0551,488.88,489.01,11216.0
2024-10-08T22:05:00+00:00,489.06,489.06,488.9,488.98,6670.0
2024-10-08T22:10:00+00:00,489.03,489.0399,488.92,488.97,4448.0
2024-10-08T22:15:00+00:00,488.93,489.05,488.93,488.98,6404.0
2024-10-08T22:20:00+00:00,489.06,489.06,488.9,488.98,20402.0
2024-10-08T22:25:00+00:00,488.9399,488.98,488.9399,488.98,1993.0
2024-10-08T22:30:00+00:00,488.99,488.99,488.88,488.88,2583.0
2024-10-08T22:35:00+00:00,488.88,488.88,488.75,488.78,2394.0
2024-10-08T22:40:00+00:00,488.9399,488.99,488.7,488.75,10609.0
2024-10-08T22:45:00+00:00,488.79,488.79,488.75,488.75,1191.0
2024-10-08T22:50:00+00:00,488.75,488.81,488.75,488.81,1088.0
2024-10-08T22:55:00+00:00,488.77,488.82,488.77,488.8,1257.0
2024-10-08T23:00:00+00:00,488.79,489.12,488.75,489.06,12934.0
2024-10-08T23:05:00+00:00,489.14,489.2,489.08,489.08,1721.0
2024-10-08T23:10:00+00:00,488.99,488.99,488.9316,488.95,1208.0
2024-10-08T23:15:00+00:00,488.95,488.95,488.82,488.82,740.0
2024-10-08T23:20:00+00:00,489.14,489.2,488.7616,488.7616,5550.0
2024-10-08T23:25:00+00:00,488.85,488.91,488.85,488.87,1158.0
2024-10-08T23:30:00+00:00,488.83,488.83,488.7702,488.81,5013.0
2024-10-08T23:35:00+00:00,488.8,488.817,488.7,488.817,3415.0
2024-10-08T23:40:00+00:00,488.85,488.91,488.7,488.82,11854.0
2024-10-08T23:45:00+00:00,488.83,488.86,488.8,488.86,5433.0
2024-10-08T23:50:00+00:00,488.7785,488.7785,488.71,488.71,2217.0
2024-10-08T23:55:00+00:00,488.76,488.76,488.71,488.75,2089.0
2024-10-09T00:00:00+00:00,488.83,488.86,488.68,488.74,17315.0
2024-10-09T08:05:00+00:00,487.99,488.07,487.63,488.05,24924.0
2024-10-09T08:10:00+00:00,488.05,488.07,487.82,487.85,5828.0
2024-10-09T08:15:00+00:00,487.82,488.02,487.8,487.9,8062.0
2024-10-09T08:20:00+00:00,487.99,488.07,487.4,487.46,54395.0
2024-10-09T08:25:00+00:00,487.4,487.51,487.3,487.43,7910.0
2024-10-09T08:30:00+00:00,487.45,487.45,487.26,487.42,2896.0
2024-10-09T08:35:00+00:00,487.37,487.62,487.27,487.62,3397.0
2024-10-09T08:40:00+00:00,487.4,487.9,487.26,487.9,16657.0
2024-10-09T08:45:00+00:00,487.9,487.9,487.8,487.88,2668.0
2024-10-09T08:50:00+00:00,488.03,488.14,487.99,488.01,6206.0
2024-10-09T08:55:00+00:00,488.01,488.01,487.78,487.86,3405.0
2024-10-09T09:00:00+00:00,487.9,488.14,487.78,488.0,16358.0
2024-10-09T09:05:00+00:00,488.17,488.21,488.12,488.15,5143.0
2024-10-09T09:10:00+00:00,488.19,488.21,488.16,488.18,1489.0
2024-10-09T09:15:00+00:00,488.24,488.24,488.16,488.16,2046.0
2024-10-09T09:20:00+00:00,488.17,488.47,488.12,488.46,13193.0
2024-10-09T09:25:00+00:00,488.55,488.55,488.42,488.45,2794.0
2024-10-09T09:30:00+00:00,488.38,488.39,488.32,488.34,1428.0
2024-10-09T09:35:00+00:00,488.33,488.46,488.33,488.46,3208.0
2024-10-09T09:40:00+00:00,488.55,488.55,488.32,488.33,9932.0
2024-10-09T09:45:00+00:00,488.4,488.52,488.38,488.52,1337.0
2024-10-09T09:50:00+00:00,488.52,488.56,488.52,488.55,2602.0
2024-10-09T09:55:00+00:00,488.57,488.63,488.57,488.59,910.0
2024-10-09T10:00:00+00:00,488.4,488.63,488.38,488.55,5192.0
2024-10-09T10:05:00+00:00,488.48,488.5,488.47,488.47,560.0
2024-10-09T10:10:00+00:00,488.58,488.7,488.58,488.67,2469.0
2024-10-09T10:15:00+00:00,488.7,488.88,488.7,488.88,6106.0
2024-10-09T10:20:00+00:00,488.48,489.13,488.47,489.0,14018.0
2024-10-09T10:25:00+00:00,488.99,488.99,488.94,488.99,1525.0
2024-10-09T10:30:00+00:00,488.95,488.95,488.95,488.95,446.0
2024-10-09T10:35:00+00:00,488.99,488.99,488.83,488.87,4362.0
2024-10-09T10:40:00+00:00,488.99,488.99,488.83,488.9,9448.0
2024-10-09T10:45:00+00:00,489.0,489.0,488.99,489.0,1513.0
2024-10-09T10:50:00+00:00,489.06,489.06,489.06,489.06,1259.0
2024-10-09T10:55:00+00:00,489.09,489.18,489.02,489.02,5458.0
2024-10-09T11:00:00+00:00,489.0,489.18,488.89,488.9,13930.0
2024-10-09T11:05:00+00:00,488.94,489.18,488.93,488.93,12786.0
2024-10-09T11:10:00+00:00,488.92,489.01,488.74,488.79,8441.0
2024-10-09T11:15:00+00:00,488.85,488.97,488.85,488.97,9034.0
2024-10-09T11:20:00+00:00,488.94,489.18,488.74,488.97,36044.0
2024-10-09T11:25:00+00:00,488.93,488.99,488.93,488.93,2408.0
2024-10-09T11:30:00+00:00,488.93,488.96,488.76,488.81,11548.0
2024-10-09T11:35:00+00:00,488.84,488.86,488.65,488.71,6532.0
2024-10-09T11:40:00+00:00,488.93,488.99,488.54,488.6,25611.0
2024-10-09T11:45:00+00:00,488.68,488.81,488.68,488.7,2753.0
2024-10-09T11:50:00+00:00,488.8,488.95,488.68,488.74,3491.0
2024-10-09T11:55:00+00:00,488.75,488.75,488.7,488.72,998.0
2024-10-09T12:00:00+00:00,488.68,488.95,488.35,488.35,23409.0
2024-10-09T12:05:00+00:00,489.15,489.198,487.0,488.55,67723.0
2024-10-09T12:10:00+00:00,488.6,488.934,488.6,488.64,5730.0
2024-10-09T12:15:00+00:00,488.68,488.69,488.5209,488.56,3951.0
2024-10-09T12:20:00+00:00,489.15,489.198,487.0,488.68,82886.0
2024-10-09T12:25:00+00:00,488.64,488.64,488.39,488.52,22844.0
2024-10-09T12:30:00+00:00,488.5,488.78,488.46,488.78,9194.0
2024-10-09T12:35:00+00:00,488.72,488.75,488.65,488.71,8594.0
2024-10-09T12:40:00+00:00,488.64,488.85,488.39,488.85,49901.0
2024-10-09T12:45:00+00:00,488.8509,488.8509,488.51,488.56,10667.0
2024-10-09T12:50:00+00:00,488.53,488.53,488.24,488.4,25790.0
2024-10-09T12:55:00+00:00,488.4396,488.68,488.34,488.672,5475.0
2024-10-09T13:00:00+00:00,488.8509,488.8509,488.24,488.72,45436.0
2024-10-09T13:05:00+00:00,488.72,489.0,488.72,489.0,8802.0
2024-10-09T13:10:00+00:00,489.051,489.24,489.0,489.2,22730.0
2024-10-09T13:15:00+00:00,489.2,489.281,489.02,489.06,8895.0
2024-10-09T13:20:00+00:00,488.72,489.39,488.72,489.35,52275.0
2024-10-09T13:25:00+00:00,489.37,489.38,489.29,489.38,18758.0
2024-10-09T13:30:00+00:00,489.35,489.381,488.9,489.01,26746.0
2024-10-09T13:35:00+00:00,489.0,489.17,488.3,488.42,443492.0
2024-10-09T13:40:00+00:00,489.37,489.381,488.04,488.69,905662.0
2024-10-09T13:45:00+00:00,488.69,489.38,487.95,488.25,566970.0
2024-10-09T13:50:00+00:00,488.25,488.89,487.97,488.575,341720.0
2024-10-09T13:55:00+00:00,488.561,488.76,488.2,488.61,275279.0
2024-10-09T14:00:00+00:00,488.69,489.38,487.95,488.595,1498887.0
2024-10-09T14:05:00+00:00,488.59,489.165,488.51,488.88,477964.0
2024-10-09T14:10:00+00:00,488.88,489.5,488.66,489.0599,641881.0
2024-10-09T14:15:00+00:00,489.18,489.57,489.11,489.4094,238560.0
2024-10-09T14:20:00+00:00,488.59,489.9012,488.51,489.9,1737671.0
2024-10-09T14:25:00+00:00,489.9,490.25,489.5829,490.18,410260.0
2024-10-09T14:30:00+00:00,490.19,490.7,490.07,490.42,381584.0
2024-10-09T14:35:00+00:00,490.44,490.6663,490.15,490.65,269290.0
2024-10-09T14:40:00+00:00,489.9,490.73,489.5829,490.5487,1289845.0
2024-10-09T14:45:00+00:00,490.51,490.59,490.01,490.22,161269.0
2024-10-09T14:50:00+00:00,490.24,490.34,489.8,490.0,197044.0
2024-10-09T14:55:00+00:00,489.98,490.3199,489.77,489.91,188997.0
2024-10-09T15:00:00+00:00,490.51,490.92,489.77,490.888,756229.0
2024-10-09T15:05:00+00:00,490.91,491.47,490.91,491.15,432021.0
2024-10-09T15:10:00+00:00,491.21,491.41,491.185,491.32,211172.0
2024-10-09T15:15:00+00:00,491.33,491.6294,491.15,491.37,246539.0
2024-10-09T15:20:00+00:00,490.91,491.65,490.91,491.54,1141692.0
2024-10-09T15:25:00+00:00,491.56,491.8,491.28,491.57,224362.0
2024-10-09T15:30:00+00:00,491.5899,491.66,491.35,491.4694,216069.0
2024-10-09T15:35:00+00:00,491.46,491.9,491.43,491.81,243758.0
2024-10-09T15:40:00+00:00,491.56,492.2,491.28,491.86,1124640.0
2024-10-09T15:45:00+00:00,491.879,492.2999,491.84,492.08,288049.0
2024-10-09T15:50:00+00:00,492.07,492.43,492.0299,492.28,298854.0
2024-10-09T15:55:00+00:00,492.33,492.82,492.33,492.81,399445.0
2024-10-09T16:00:00+00:00,491.879,492.9,491.84,492.8589,1373389.0
2024-10-09T16:05:00+00:00,492.84,492.865,491.9564,492.02,456212.0
2024-10-09T16:10:00+00:00,492.03,492.31,491.72,492.23,246889.0
2024-10-09T16:15:00+00:00,492.25,492.31,491.71,491.72,191028.0
2024-10-09T16:20:00+00:00,492.84,492.865,491.15,491.19,1378520.0
2024-10-09T16:25:00+00:00,491.14,491.92,491.02,491.74,210732.0
2024-10-09T16:30:00+00:00,491.75,492.1,491.641,492.1,120738.0
2024-10-09T16:35:00+00:00,492.085,492.18,491.92,491.95,597533.0
2024-10-09T16:40:00+00:00,491.14,492.18,491.02,492.0024,1069499.0
2024-10-09T16:45:00+00:00,492.13,492.3199,492.02,492.19,152806.0
2024-10-09T16:50:00+00:00,492.19,492.34,491.88,492.11,171366.0
2024-10-09T16:55:00+00:00,492.11,492.14,491.32,491.55,880164.0
2024-10-09T17:00:00+00:00,492.13,492.34,491.32,491.6599,1629729.0
2024-10-09T17:05:00+00:00,491.66,491.69,491.44,491.55,131065.0
2024-10-09T17:10:00+00:00,491.58,491.8005,491.54,491.72,87709.0
2024-10-09T17:15:00+00:00,491.73,491.98,491.64,491.92,105324.0
2024-10-09T17:20:00+00:00,491.66,492.3799,491.44,491.99,643200.0
2024-10-09T17:25:00+00:00,491.98,492.2,491.9151,492.12,77891.0
2024-10-09T17:30:00+00:00,492.1,492.26,492.03,492.24,82748.0
2024-10-09T17:35:00+00:00,492.2,492.45,492.0,492.16,290484.0
2024-10-09T17:40:00+00:00,491.98,492.45,491.9151,492.162,541483.0
2024-10-09T17:45:00+00:00,492.17,492.34,492.03,492.15,101742.0
2024-10-09T17:50:00+00:00,492.12,492.36,492.07,492.205,77411.0
2024-10-09T17:55:00+00:00,492.18,492.185,490.73,491.52,393636.0
2024-10-09T18:00:00+00:00,492.17,492.36,490.73,491.73,781128.0
2024-10-09T18:05:00+00:00,491.73,492.03,491.55,491.99,152751.0
2024-10-09T18:10:00+00:00,492.015,492.17,491.86,491.92,105041.0
2024-10-09T18:15:00+00:00,491.9,492.05,491.66,492.03,121302.0
2024-10-09T18:20:00+00:00,491.73,492.17,491.55,491.85,467506.0
2024-10-09T18:25:00+00:00,491.84,492.11,491.54,492.08,142616.0
2024-10-09T18:30:00+00:00,492.105,493.22,492.1,493.109,411522.0
2024-10-09T18:35:00+00:00,493.085,493.125,492.37,492.46,887329.0
2024-10-09T18:40:00+00:00,491.84,493.22,491.54,492.485,1542802.0
2024-10-09T18:45:00+00:00,492.48,492.7099,492.41,492.63,133243.0
2024-10-09T18:50:00+00:00,492.66,492.84,492.54,492.69,114249.0
2024-10-09T18:55:00+00:00,492.7,492.81,492.5,492.54,146871.0
2024-10-09T19:00:00+00:00,492.48,492.84,492.41,492.57,499024.0
2024-10-09T19:05:00+00:00,492.56,492.6263,492.32,492.62,108742.0
2024-10-09T19:10:00+00:00,492.62,492.77,491.91,492.349,450418.0
2024-10-09T19:15:00+00:00,492.37,492.502,492.1401,492.39,100284.0
2024-10-09T19:20:00+00:00,492.56,492.77,491.91,492.68,772870.0
2024-10-09T19:25:00+00:00,492.681,492.97,492.62,492.74,311793.0
2024-10-09T19:30:00+00:00,492.73,492.8,492.5,492.58,208324.0
2024-10-09T19:35:00+00:00,492.55,493.5,492.55,493.28,421472.0
2024-10-09T19:40:00+00:00,492.681,493.5,492.5,493.04,1115993.0
2024-10-09T19:45:00+00:00,493.03,493.11,492.795,492.82,263142.0
2024-10-09T19:50:00+00:00,492.81,493.09,492.76,493.0,345143.0
2024-10-09T19:55:00+00:00,492.98,493.73,492.98,493.5,612903.0
2024-10-09T20:00:00+00:00,493.03,493.73,492.76,493.17,2354653.0
2024-10-09T20:05:00+00:00,493.17,493.19,492.59,492.69,309539.0
2024-10-09T20:10:00+00:00,492.68,492.77,492.63,492.64,76064.0
2024-10-09T20:15:00+00:00,492.65,492.7,492.54,492.59,237963.0
2024-10-09T20:20:00+00:00,493.17,493.19,492.2,492.21,788746.0
2024-10-09T20:25:00+00:00,492.21,492.4,492.2,492.37,25050.0
2024-10-09T20:30:00+00:00,492.38,492.53,492.38,492.48,15947.0
2024-10-09T20:35:00+00:00,492.4805,492.4805,492.33,492.369,13540.0
2024-10-09T20:40:00+00:00,492.21,492.64,492.2,492.59,75170.0
2024-10-09T20:45:00+00:00,492.55,492.6,492.52,492.59,15625.0
2024-10-09T20:50:00+00:00,492.59,492.65,492.45,492.65,26852.0
2024-10-09T20:55:00+00:00,492.65,492.81,492.65,492.81,8806.0
2024-10-09T21:00:00+00:00,492.55,493.15,492.45,492.88,104010.0
2024-10-09T21:05:00+00:00,492.94,492.94,492.75,492.764,4306.0
2024-10-09T21:10:00+00:00,492.76,492.85,492.7,492.79,5360.0
2024-10-09T21:15:00+00:00,492.78,492.78,492.7005,492.7005,3805.0
2024-10-09T21:20:00+00:00,492.94,492.94,492.7,492.8985,22266.0
2024-10-09T21:25:00+00:00,492.89,492.92,492.89,492.92,2590.0
2024-10-09T21:30:00+00:00,492.81,492.81,492.81,492.81,107.0
2024-10-09T21:35:00+00:00,492.79,492.79,492.79,492.79,237.0
2024-10-09T21:40:00+00:00,492.89,492.92,492.79,492.82,3094.0
2024-10-09T21:50:00+00:00,492.8,492.838,492.75,492.838,1162.0
2024-10-09T21:55:00+00:00,492.802,492.802,492.75,492.75,2132.0
2024-10-09T22:00:00+00:00,492.8,492.838,492.75,492.77,3714.0
2024-10-09T22:05:00+00:00,492.8,492.93,492.61,492.61,9857.0
2024-10-09T22:10:00+00:00,492.69,492.7191,492.646,492.66,4197.0
2024-10-09T22:15:00+00:00,492.7,492.706,492.7,492.7,2788.0
2024-10-09T22:20:00+00:00,492.8,492.93,492.61,492.7,18658.0
2024-10-09T22:25:00+00:00,492.75,492.91,492.75,492.91,1509.0
2024-10-09T22:30:00+00:00,492.84,492.88,492.84,492.88,1813.0
2024-10-09T22:35:00+00:00,492.84,492.87,492.84,492.86,1558.0
2024-10-09T22:40:00+00:00,492.75,492.91,492.75,492.9,7196.0
2024-10-09T22:45:00+00:00,492.87,492.96,492.87,492.95,2772.0
2024-10-09T22:50:00+00:00,492.9,492.94,492.9,492.94,488.0
2024-10-09T22:55:00+00:00,492.9,492.9488,492.9,492.9488,2273.0
2024-10-09T23:00:00+00:00,492.87,492.96,492.87,492.95,5998.0
2024-10-09T23:05:00+00:00,492.95,493.05,492.9,493.05,8223.0
2024-10-09T23:10:00+00:00,493.02,493.02,492.94,492.99,3828.0
2024-10-09T23:15:00+00:00,493.04,493.15,493.03,493.13,24598.0
2024-10-09T23:20:00+00:00,492.95,493.2,492.9,493.2,41324.0
2024-10-09T23:25:00+00:00,493.0503,493.0503,492.81,492.85,4237.0
2024-10-09T23:30:00+00:00,492.85,492.86,492.83,492.83,2223.0
2024-10-09T23:35:00+00:00,492.79,492.85,492.78,492.84,1396.0
2024-10-09T23:40:00+00:00,493.0503,493.0503,492.75,492.7675,9827.0
2024-10-09T23:45:00+00:00,492.73,493.11,492.73,493.09,3206.0
2024-10-09T23:50:00+00:00,493.15,493.18,492.98,492.98,3239.0
2024-10-09T23:55:00+00:00,492.97,493.0,492.9,493.0,2729.0
2024-10-10T00:00:00+00:00,492.73,493.18,492.73,492.95,14248.0
2024-10-10T08:05:00+00:00,492.35,492.57,492.35,492.57,6016.0
2024-10-10T08:10:00+00:00,492.51,492.61,492.3,492.3,4518.0
2024-10-10T08:15:00+00:00,492.25,492.25,492.08,492.08,3507.0
2024-10-10T08:20:00+00:00,492.35,492.61,492.08,492.18,15110.0
2024-10-10T08:25:00+00:00,492.18,492.18,492.14,492.17,2563.0
2024-10-10T08:30:00+00:00,492.27,492.46,492.27,492.46,2838.0
2024-10-10T08:35:00+00:00,492.51,492.52,492.46,492.52,2338.0
2024-10-10T08:40:00+00:00,492.18,492.54,492.14,492.37,11748.0
2024-10-10T08:45:00+00:00,492.42,492.43,492.22,492.23,2449.0
2024-10-10T08:50:00+00:00,492.3,492.3,492.3,492.3,300.0
2024-10-10T08:55:00+00:00,492.21,492.27,492.21,492.25,1863.0
2024-10-10T09:00:00+00:00,492.42,492.43,492.21,492.32,5025.0
2024-10-10T09:05:00+00:00,492.29,492.29,492.16,492.17,3952.0
2024-10-10T09:10:00+00:00,492.17,492.17,492.14,492.14,819.0
2024-10-10T09:15:00+00:00,492.1,492.17,492.07,492.1,5768.0
2024-10-10T09:20:00+00:00,492.29,492.29,492.07,492.25,12556.0
2024-10-10T09:25:00+00:00,492.3,492.3,492.19,492.19,999.0
2024-10-10T09:30:00+00:00,492.28,492.33,492.25,492.25,1470.0
2024-10-10T09:35:00+00:00,492.39,492.68,492.39,492.68,798.0
2024-10-10T09:40:00+00:00,492.3,492.68,492.19,492.6,5129.0
2024-10-10T09:45:00+00:00,492.64,492.64,492.42,492.42,2150.0
2024-10-10T09:50:00+00:00,492.37,492.4,492.35,492.35,1478.0
2024-10-10T09:55:00+00:00,492.35,492.51,492.35,492.51,1022.0
2024-10-10T10:00:00+00:00,492.64,492.64,492.35,492.59,6524.0
2024-10-10T10:05:00+00:00,492.63,492.67,492.6,492.65,1697.0
2024-10-10T10:10:00+00:00,492.65,492.68,492.58,492.58,1928.0
2024-10-10T10:15:00+00:00,492.6,492.6,492.55,492.55,2706.0
2024-10-10T10:20:00+00:00,492.63,492.68,492.4,492.4,8271.0
2024-10-10T10:25:00+00:00,492.36,492.38,492.36,492.38,1273.0
2024-10-10T10:30:00+00:00,492.37,492.37,492.37,492.37,572.0
2024-10-10T10:35:00+00:00,492.35,492.51,492.35,492.51,424.0
2024-10-10T10:40:00+00:00,492.36,492.58,492.35,492.55,3675.0
2024-10-10T10:45:00+00:00,492.55,492.56,492.45,492.45,5650.0
2024-10-10T10:50:00+00:00,492.21,492.32,492.03,492.03,4879.0
2024-10-10T10:55:00+00:00,492.1,492.21,492.1,492.21,786.0
2024-10-10T11:00:00+00:00,492.55,492.56,492.03,492.08,12487.0
2024-10-10T11:05:00+00:00,492.12,492.16,492.05,492.09,8462.0
2024-10-10T11:10:00+00:00,492.11,492.16,492.08,492.16,3897.0
2024-10-10T11:15:00+00:00,492.139,492.139,491.94,491.97,16393.0
2024-10-10T11:20:00+00:00,492.12,492.37,491.94,492.3,33010.0
2024-10-10T11:25:00+00:00,492.33,492.37,492.31,492.31,3960.0
2024-10-10T11:30:00+00:00,492.36,492.36,492.3,492.3,3595.0
2024-10-10T11:35:00+00:00,492.37,492.484,492.37,492.484,6962.0
2024-10-10T11:40:00+00:00,492.33,492.6,492.3,492.51,32654.0
2024-10-10T11:45:00+00:00,492.5,492.589,492.49,492.589,2074.0
2024-10-10T11:50:00+00:00,492.55,492.63,492.49,492.49,23781.0
2024-10-10T11:55:00+00:00,492.55,492.72,492.55,492.72,3801.0
2024-10-10T12:00:00+00:00,492.5,492.8,492.49,492.79,35420.0
2024-10-10T12:05:00+00:00,492.13,493.57,491.94,492.9271,46557.0
2024-10-10T12:10:00+00:00,492.92,493.16,492.92,493.08,16435.0
2024-10-10T12:15:00+00:00,493.09,493.1,492.96,492.97,30286.0
2024-10-10T12:20:00+00:00,492.13,493.57,491.94,492.92,122681.0
2024-10-10T12:25:00+00:00,492.9,492.91,492.65,492.79,22224.0
2024-10-10T12:30:00+00:00,492.7995,493.02,492.61,492.61,13474.0
2024-10-10T12:35:00+00:00,493.05,493.44,490.75,491.75,230581.0
2024-10-10T12:40:00+00:00,492.9,493.44,490.75,490.93,418329.0
2024-10-10T12:45:00+00:00,490.9,493.0,490.01,490.7,139056.0
2024-10-10T12:50:00+00:00,490.65,491.28,490.65,491.1,76069.0
2024-10-10T12:55:00+00:00,491.12,491.19,490.65,490.95,45791.0
2024-10-10T13:00:00+00:00,490.9,493.0,490.01,490.92,278438.0
2024-10-10T13:05:00+00:00,490.91,491.49,490.78,491.42,45789.0
2024-10-10T13:10:00+00:00,491.3675,491.44,490.87,490.99,33235.0
2024-10-10T13:15:00+00:00,490.83,491.06,490.8,490.86,17778.0
2024-10-10T13:20:00+00:00,490.91,491.49,490.78,490.88,114976.0
2024-10-10T13:25:00+00:00,490.85,490.94,490.57,490.94,22009.0
2024-10-10T13:30:00+00:00,490.98,491.08,490.81,490.94,29756.0
2024-10-10T13:35:00+00:00,490.85,491.6,490.435,491.28,719591.0
2024-10-10T13:40:00+00:00,490.85,491.6,490.435,491.17,1149881.0
2024-10-10T13:45:00+00:00,491.14,491.49,490.7307,491.38,270372.0
2024-10-10T13:50:00+00:00,491.38,491.5,489.66,489.765,831048.0
2024-10-10T13:55:00+00:00,489.77,490.68,489.53,490.4475,685797.0
2024-10-10T14:00:00+00:00,491.14,491.53,489.53,490.88,2214755.0
2024-10-10T14:05:00+00:00,490.91,491.63,490.81,491.309,312973.0
2024-10-10T14:10:00+00:00,491.33,491.9,490.86,491.59,284741.0
2024-10-10T14:15:00+00:00,491.58,492.28,491.51,491.97,349571.0
2024-10-10T14:20:00+00:00,490.91,492.28,490.81,491.8783,1157976.0
2024-10-10T14:25:00+00:00,491.87,491.92,491.28,491.64,651884.0
2024-10-10T14:30:00+00:00,491.62,492.15,491.33,491.957,198330.0
2024-10-10T14:35:00+00:00,491.98,492.23,491.24,491.43,204175.0
2024-10-10T14:40:00+00:00,491.87,492.23,490.99,491.57,1354797.0
2024-10-10T14:45:00+00:00,491.55,492.29,491.21,491.98,575817.0
2024-10-10T14:50:00+00:00,491.985,492.38,491.73,492.02,265213.0
2024-10-10T14:55:00+00:00,492.01,492.23,491.22,491.42,394395.0
2024-10-10T15:00:00+00:00,491.55,492.38,491.19,491.4701,1426388.0
2024-10-10T15:05:00+00:00,491.51,491.64,491.03,491.575,171890.0
2024-10-10T15:10:00+00:00,491.56,492.2103,491.41,492.0399,194917.0
2024-10-10T15:15:00+00:00,492.04,492.46,491.935,492.4,368139.0
2024-10-10T15:20:00+00:00,491.51,492.64,491.03,492.38,948500.0
2024-10-10T15:25:00+00:00,492.4,492.51,492.19,492.47,159202.0
2024-10-10T15:30:00+00:00,492.49,492.85,492.445,492.679,184266.0
2024-10-10T15:35:00+00:00,492.67,492.87,492.32,492.87,172437.0
2024-10-10T15:40:00+00:00,492.4,493.08,492.19,493.0645,707717.0
2024-10-10T15:45:00+00:00,493.05,493.05,492.46,493.03,434339.0
2024-10-10T15:50:00+00:00,493.01,493.04,492.91,492.96,98558.0
2024-10-10T15:55:00+00:00,492.99,493.11,492.83,493.11,185186.0
2024-10-10T16:00:00+00:00,493.05,493.74,492.46,493.7,1069973.0
2024-10-10T16:05:00+00:00,493.685,494.0,493.5655,493.81,367814.0
2024-10-10T16:10:00+00:00,493.79,494.04,493.69,493.7801,182372.0
2024-10-10T16:15:00+00:00,493.8,494.2975,493.79,494.0,1391911.0
2024-10-10T16:20:00+00:00,493.685,494.47,493.5655,494.26,2188993.0
2024-10-10T16:25:00+00:00,494.25,494.3,493.98,494.02,380737.0
2024-10-10T16:30:00+00:00,494.02,494.075,493.31,493.54,287929.0
2024-10-10T16:35:00+00:00,493.58,493.58,492.68,493.42,391855.0
2024-10-10T16:40:00+00:00,494.25,494.3,492.68,493.43,1538369.0
2024-10-10T16:45:00+00:00,493.44,493.635,492.6,492.88,527056.0
2024-10-10T16:50:00+00:00,492.89,493.047,492.32,492.63,496494.0
2024-10-10T16:55:00+00:00,492.61,492.87,492.34,492.83,188765.0
2024-10-10T17:00:00+00:00,493.44,493.635,492.32,492.84,1353311.0
2024-10-10T17:05:00+00:00,492.85,493.26,492.76,493.03,205459.0
2024-10-10T17:10:00+00:00,493.01,493.05,492.01,492.31,280432.0
2024-10-10T17:15:00+00:00,492.2762,492.66,492.19,492.48,118247.0
2024-10-10T17:20:00+00:00,492.85,493.26,492.01,492.8529,955487.0
2024-10-10T17:25:00+00:00,492.85,493.55,492.85,493.43,176474.0
2024-10-10T17:30:00+00:00,493.42,493.52,493.1718,493.31,123848.0
2024-10-10T17:35:00+00:00,493.31,493.549,493.3,493.44,57606.0
2024-10-10T17:40:00+00:00,492.85,493.64,492.85,493.28,555485.0
2024-10-10T17:45:00+00:00,493.29,493.45,493.05,493.3,131422.0
2024-10-10T17:50:00+00:00,493.27,493.31,492.42,492.57,176130.0
2024-10-10T17:55:00+00:00,492.53,492.53,491.39,492.415,354571.0
2024-10-10T18:00:00+00:00,493.29,493.45,491.39,492.9876,902645.0
2024-10-10T18:05:00+00:00,492.97,492.98,492.28,492.31,110028.0
2024-10-10T18:10:00+00:00,492.29,492.58,492.12,492.36,87550.0
2024-10-10T18:15:00+00:00,492.37,492.54,492.18,492.36,71667.0
2024-10-10T18:20:00+00:00,492.97,492.98,492.05,492.34,374273.0
2024-10-10T18:25:00+00:00,492.34,492.48,492.13,492.2344,96947.0
2024-10-10T18:30:00+00:00,492.22,492.31,491.9,492.04,199995.0
2024-10-10T18:35:00+00:00,492.035,492.28,491.83,492.2602,132407.0
2024-10-10T18:40:00+00:00,492.34,492.48,491.83,491.97,535646.0
2024-10-10T18:45:00+00:00,491.97,492.2301,491.23,491.92,296002.0
2024-10-10T18:50:00+00:00,491.91,492.3,491.89,492.19,116750.0
2024-10-10T18:55:00+00:00,492.16,492.28,491.9363,492.26,181527.0
2024-10-10T19:00:00+00:00,491.97,492.485,491.23,492.37,733742.0
2024-10-10T19:05:00+00:00,492.32,492.37,491.77,491.924,184660.0
2024-10-10T19:10:00+00:00,491.95,492.025,491.65,491.81,156523.0
2024-10-10T19:15:00+00:00,491.87,492.07,491.74,491.9468,115800.0
2024-10-10T19:20:00+00:00,492.32,492.37,491.65,492.23,580250.0
2024-10-10T19:25:00+00:00,492.21,492.34,492.02,492.0799,310659.0
2024-10-10T19:30:00+00:00,492.09,492.33,492.03,492.285,231106.0
2024-10-10T19:35:00+00:00,492.28,492.31,491.94,492.08,224168.0
2024-10-10T19:40:00+00:00,492.21,492.34,491.86,492.075,968695.0
2024-10-10T19:45:00+00:00,492.0688,492.22,491.87,492.185,194048.0
2024-10-10T19:50:00+00:00,492.185,492.49,492.12,492.43,444683.0
2024-10-10T19:55:00+00:00,492.42,492.98,492.33,492.74,706553.0
2024-10-10T20:00:00+00:00,492.0688,492.98,491.87,492.6,2343388.0
2024-10-10T20:05:00+00:00,492.59,492.7,492.44,492.601,435339.0
2024-10-10T20:10:00+00:00,492.6,492.6,492.39,492.4,178714.0
2024-10-10T20:15:00+00:00,492.48,492.48,492.35,492.46,347059.0
2024-10-10T20:20:00+00:00,492.59,492.7,492.35,492.6,983965.0
2024-10-10T20:25:00+00:00,492.6,492.64,492.52,492.63,21187.0
2024-10-10T20:30:00+00:00,492.61,492.85,492.6,492.76,14390.0
2024-10-10T20:35:00+00:00,492.78,492.78,492.59,492.77,56409.0
2024-10-10T20:40:00+00:00,492.6,492.85,492.52,492.85,97764.0
2024-10-10T20:45:00+00:00,492.81,492.9,492.81,492.83,3017.0
2024-10-10T20:50:00+00:00,492.8,492.87,492.8,492.85,12076.0
2024-10-10T20:55:00+00:00,492.79,492.8194,492.7485,492.7485,2315.0
2024-10-10T21:00:00+00:00,492.81,492.9,492.7485,492.78,19011.0
2024-10-10T21:05:00+00:00,492.81,492.82,492.7501,492.8,1548.0
2024-10-10T21:10:00+00:00,492.8,492.809,492.77,492.77,1957.0
2024-10-10T21:15:00+00:00,492.79,492.8,492.73,492.73,1968.0
2024-10-10T21:20:00+00:00,492.81,492.82,492.71,492.8,10134.0
2024-10-10T21:25:00+00:00,492.81,492.8385,492.81,492.8385,951.0
2024-10-10T21:30:00+00:00,492.81,492.81,492.81,492.81,802.0
2024-10-10T21:35:00+00:00,492.8198,492.8198,492.81,492.81,1781.0
2024-10-10T21:40:00+00:00,492.81,492.8385,492.81,492.81,3740.0
2024-10-10T21:45:00+00:00,492.8,492.8,492.8,492.8,153.0
2024-10-10T21:50:00+00:00,492.8,492.8,492.71,492.71,1144.0
2024-10-10T22:00:00+00:00,492.8,492.8,492.71,492.71,1297.0
2024-10-10T22:05:00+00:00,492.76,492.76,492.64,492.7,2112.0
2024-10-10T22:10:00+00:00,492.68,492.68,492.68,492.68,1207.0
2024-10-10T22:20:00+00:00,492.76,492.76,492.59,492.6696,4457.0
2024-10-10T22:25:00+00:00,492.64,492.72,492.64,492.69,1867.0
2024-10-10T22:30:00+00:00,492.78,492.83,492.78,492.81,1264.0
2024-10-10T22:35:00+00:00,492.73,492.7595,492.68,492.68,630.0
2024-10-10T22:40:00+00:00,492.64,492.83,492.64,492.66,4544.0
2024-10-10T22:45:00+00:00,492.78,492.83,492.78,492.83,10228.0
2024-10-10T22:50:00+00:00,492.82,492.88,492.8,492.88,6350.0
2024-10-10T23:00:00+00:00,492.78,492.88,492.73,492.73,17943.0
2024-10-10T23:05:00+00:00,492.8,493.15,492.8,493.12,4259.0
2024-10-10T23:10:00+00:00,493.05,493.27,493.05,493.2,6025.0
2024-10-10T23:15:00+00:00,493.22,493.22,493.15,493.2,2234.0
2024-10-10T23:20:00+00:00,492.8,493.32,492.8,493.31,18036.0
2024-10-10T23:25:00+00:00,493.36,493.42,493.26,493.26,4385.0
2024-10-10T23:30:00+00:00,493.3,493.4,493.2994,493.4,4225.0
2024-10-10T23:35:00+00:00,493.35,493.35,493.3,493.35,2363.0
2024-10-10T23:40:00+00:00,493.36,493.42,493.25,493.25,11227.0
2024-10-10T23:45:00+00:00,493.36,493.36,493.24,493.25,1205.0
2024-10-10T23:50:00+00:00,493.25,493.29,493.18,493.29,1953.0
2024-10-10T23:55:00+00:00,493.21,493.32,493.21,493.24,3969.0
2024-10-11T00:00:00+00:00,493.36,493.36,493.15,493.19,18729.0
2024-10-11T08:05:00+00:00,492.43,492.48,492.1,492.13,8647.0
2024-10-11T08:10:00+00:00,492.16,492.16,491.655,491.655,3443.0
2024-10-11T08:15:00+00:00,491.82,491.82,491.4,491.55,6550.0
2024-10-11T08:20:00+00:00,492.43,492.48,491.4,491.5,24265.0
2024-10-11T08:25:00+00:00,491.58,491.72,491.44,491.72,1343.0
2024-10-11T08:30:00+00:00,491.58,491.69,491.58,491.69,1077.0
2024-10-11T08:35:00+00:00,491.75,491.94,491.75,491.94,1089.0
2024-10-11T08:40:00+00:00,491.58,491.95,491.44,491.95,5221.0
2024-10-11T08:45:00+00:00,491.8,491.8,491.67,491.67,1684.0
2024-10-11T08:50:00+00:00,491.6,491.61,491.48,491.48,17166.0
2024-10-11T08:55:00+00:00,491.18,491.42,491.18,491.42,2520.0
2024-10-11T09:00:00+00:00,491.8,491.8,491.17,491.17,21553.0
2024-10-11T09:05:00+00:00,491.23,491.59,491.21,491.47,4732.0
2024-10-11T09:10:00+00:00,491.49,491.77,491.49,491.72,4679.0
2024-10-11T09:15:00+00:00,491.66,491.74,491.61,491.61,3697.0
2024-10-11T09:20:00+00:00,491.23,491.77,491.21,491.35,17863.0
2024-10-11T09:25:00+00:00,491.4,491.43,491.4,491.43,767.0
2024-10-11T09:30:00+00:00,491.43,491.58,491.41,491.51,3189.0
2024-10-11T09:35:00+00:00,491.53,491.59,491.42,491.59,4675.0
2024-10-11T09:40:00+00:00,491.4,491.72,491.4,491.64,13386.0
2024-10-11T09:45:00+00:00,491.76,491.76,491.76,491.76,301.0
2024-10-11T09:50:00+00:00,491.47,491.49,491.47,491.49,2765.0
2024-10-11T09:55:00+00:00,491.55,491.55,491.35,491.43,1081.0
2024-10-11T10:00:00+00:00,491.76,491.76,491.24,491.45,9876.0
2024-10-11T10:05:00+00:00,491.45,491.45,491.22,491.24,2283.0
2024-10-11T10:10:00+00:00,491.52,491.52,491.42,491.42,480.0
2024-10-11T10:15:00+00:00,491.45,491.58,491.41,491.58,1998.0
2024-10-11T10:20:00+00:00,491.45,491.78,491.22,491.78,6567.0
2024-10-11T10:25:00+00:00,491.69,491.7,491.68,491.7,2553.0
2024-10-11T10:30:00+00:00,491.8,491.84,491.79,491.79,1057.0
2024-10-11T10:35:00+00:00,491.7,491.7,491.67,491.67,334.0
2024-10-11T10:40:00+00:00,491.69,491.84,491.53,491.66,25176.0
2024-10-11T10:45:00+00:00,491.7,491.7,491.68,491.68,573.0
2024-10-11T10:50:00+00:00,491.61,491.82,491.61,491.66,3114.0
2024-10-11T10:55:00+00:00,491.6,491.68,491.5,491.62,5618.0
2024-10-11T11:00:00+00:00,491.7,491.82,491.5,491.73,10111.0
2024-10-11T11:05:00+00:00,491.77,491.8,491.67,491.8,7834.0
2024-10-11T11:10:00+00:00,491.76,491.9,491.7,491.7,9867.0
2024-10-11T11:15:00+00:00,491.68,491.76,491.64,491.64,3895.0
2024-10-11T11:20:00+00:00,491.77,491.9,491.41,491.434,25974.0
2024-10-11T11:25:00+00:00,491.46,491.52,491.41,491.46,6955.0
2024-10-11T11:30:00+00:00,491.41,491.52,491.37,491.45,3759.0
2024-10-11T11:35:00+00:00,491.45,491.52,491.38,491.38,5104.0
2024-10-11T11:40:00+00:00,491.46,491.56,491.36,491.51,30702.0
2024-10-11T11:45:00+00:00,491.46,491.55,491.39,491.55,6276.0
2024-10-11T11:50:00+00:00,491.58,491.61,491.56,491.59,7848.0
2024-10-11T11:55:00+00:00,491.55,491.56,491.41,491.44,5765.0
2024-10-11T12:00:00+00:00,491.46,491.61,491.39,491.42,31639.0
2024-10-11T12:05:00+00:00,491.5085,493.47,491.3196,491.44,32933.0
2024-10-11T12:10:00+00:00,491.44,492.221,491.44,491.98,22722.0
2024-10-11T12:15:00+00:00,491.9715,492.2,491.95,492.05,23176.0
2024-10-11T12:20:00+00:00,491.5085,493.47,491.3196,491.97,100845.0
2024-10-11T12:25:00+00:00,491.93,492.0,491.92,491.99,19863.0
2024-10-11T12:30:00+00:00,492.01,492.01,491.71,491.71,9669.0
2024-10-11T12:35:00+00:00,492.0,492.83,491.5,492.37,60355.0
2024-10-11T12:40:00+00:00,491.93,492.83,491.5,491.58,120494.0
2024-10-11T12:45:00+00:00,491.54,491.9,491.33,491.81,43993.0
2024-10-11T12:50:00+00:00,491.79,491.94,491.46,491.65,14516.0
2024-10-11T12:55:00+00:00,491.56,491.56,491.25,491.38,32198.0
2024-10-11T13:00:00+00:00,491.54,491.94,491.15,491.4101,103610.0
2024-10-11T13:05:00+00:00,491.58,491.68,491.52,491.5471,15763.0
2024-10-11T13:10:00+00:00,491.62,491.62,491.44,491.54,11259.0
2024-10-11T13:15:00+00:00,491.44,491.47,491.32,491.45,13354.0
2024-10-11T13:20:00+00:00,491.58,491.68,491.25,491.33,56761.0
2024-10-11T13:25:00+00:00,491.34,491.42,491.33,491.33,4475.0
2024-10-11T13:30:00+00:00,491.31,491.33,490.76,490.77,86365.0
2024-10-11T13:35:00+00:00,490.74,490.92,490.255,490.79,622517.0
2024-10-11T13:40:00+00:00,491.34,491.42,490.175,490.29,1101085.0
2024-10-11T13:45:00+00:00,490.2501,491.045,490.17,490.77,377676.0
2024-10-11T13:50:00+00:00,490.77,491.3,490.71,491.2191,272841.0
2024-10-11T13:55:00+00:00,491.2199,491.48,490.94,491.136,249694.0
2024-10-11T14:00:00+00:00,490.2501,491.48,490.17,491.19,1181111.0
2024-10-11T14:05:00+00:00,491.14,491.7,490.63,491.2688,420948.0
2024-10-11T14:10:00+00:00,491.29,492.51,491.13,492.51,508432.0
2024-10-11T14:15:00+00:00,492.47,493.13,492.4,493.065,484203.0
2024-10-11T14:20:00+00:00,491.14,493.4093,490.63,493.33,1880536.0
2024-10-11T14:25:00+00:00,493.34,493.47,492.9,493.28,303206.0
2024-10-11T14:30:00+00:00,493.28,494.1,493.1,493.52,519731.0
2024-10-11T14:35:00+00:00,493.505,493.8793,493.34,493.81,238194.0
2024-10-11T14:40:00+00:00,493.34,494.1,492.9,493.83,1398670.0
2024-10-11T14:45:00+00:00,493.88,493.98,493.09,493.13,422440.0
2024-10-11T14:50:00+00:00,493.14,493.2399,492.31,492.67,334951.0
2024-10-11T14:55:00+00:00,492.65,492.7175,491.93,492.5,398822.0
2024-10-11T15:00:00+00:00,493.88,493.98,491.93,492.83,1648636.0
2024-10-11T15:05:00+00:00,492.84,493.38,492.74,493.31,255173.0
2024-10-11T15:10:00+00:00,493.3,493.69,493.17,493.34,239331.0
2024-10-11T15:15:00+00:00,493.35,493.5399,493.04,493.08,182063.0
2024-10-11T15:20:00+00:00,492.84,493.69,492.39,492.41,990732.0
2024-10-11T15:25:00+00:00,492.38,492.83,492.29,492.53,231703.0
2024-10-11T15:30:00+00:00,492.535,493.04,492.53,492.84,233375.0
2024-10-11T15:35:00+00:00,492.8788,493.34,492.755,493.215,194000.0
2024-10-11T15:40:00+00:00,492.38,493.34,492.29,492.99,879794.0
2024-10-11T15:45:00+00:00,493.0175,493.32,492.97,493.15,107577.0
2024-10-11T15:50:00+00:00,493.155,493.2063,492.79,493.0036,151305.0
2024-10-11T15:55:00+00:00,493.04,493.49,492.99,493.44,263612.0
2024-10-11T16:00:00+00:00,493.0175,493.84,492.79,493.78,817445.0
2024-10-11T16:05:00+00:00,493.78,493.78,493.4901,493.64,191085.0
2024-10-11T16:10:00+00:00,493.64,493.83,493.61,493.68,231735.0
2024-10-11T16:15:00+00:00,493.6801,493.81,493.16,493.34,223131.0
2024-10-11T16:20:00+00:00,493.78,493.83,493.16,493.24,769486.0
2024-10-11T16:25:00+00:00,493.23,493.26,493.0399,493.16,119012.0
2024-10-11T16:30:00+00:00,493.1337,493.18,492.81,493.14,130672.0
2024-10-11T16:35:00+00:00,493.06,493.19,492.87,492.98,154883.0
2024-10-11T16:40:00+00:00,493.23,493.26,492.66,492.81,525917.0
2024-10-11T16:45:00+00:00,492.83,492.84,492.58,492.615,111680.0
2024-10-11T16:50:00+00:00,492.6399,492.67,492.31,492.55,131492.0
2024-10-11T16:55:00+00:00,492.575,492.85,492.31,492.42,172147.0
2024-10-11T17:00:00+00:00,492.83,493.13,492.27,493.125,593316.0
2024-10-11T17:05:00+00:00,493.14,493.265,492.94,493.02,139987.0
2024-10-11T17:10:00+00:00,492.98,493.06,492.69,493.01,103873.0
2024-10-11T17:15:00+00:00,493.03,493.13,492.71,492.81,84973.0
2024-10-11T17:20:00+00:00,493.14,493.265,492.57,492.71,449666.0
2024-10-11T17:25:00+00:00,492.75,493.09,492.75,493.0899,135185.0
2024-10-11T17:30:00+00:00,493.05,493.18,493.02,493.13,97889.0
2024-10-11T17:35:00+00:00,493.12,493.3,492.9468,492.9743,87278.0
2024-10-11T17:40:00+00:00,492.75,493.3,492.75,493.0886,380713.0
2024-10-11T17:45:00+00:00,493.1,493.16,492.94,493.14,66849.0
2024-10-11T17:50:00+00:00,493.13,493.22,493.05,493.18,118126.0
2024-10-11T17:55:00+00:00,493.19,493.39,493.15,493.28,107879.0
2024-10-11T18:00:00+00:00,493.1,493.39,492.94,493.045,404478.0
2024-10-11T18:05:00+00:00,493.03,493.21,492.8836,493.21,69946.0
2024-10-11T18:10:00+00:00,493.2,493.4791,493.19,493.46,136260.0
2024-10-11T18:15:00+00:00,493.46,493.67,493.44,493.59,124884.0
2024-10-11T18:20:00+00:00,493.03,493.95,492.8836,493.78,495745.0
2024-10-11T18:25:00+00:00,493.79,493.8699,493.66,493.71,133028.0
2024-10-11T18:30:00+00:00,493.68,493.71,493.49,493.5299,95528.0
2024-10-11T18:35:00+00:00,493.53,493.67,493.53,493.57,90439.0
2024-10-11T18:40:00+00:00,493.79,493.8699,492.77,493.2,518623.0
2024-10-11T18:45:00+00:00,493.18,493.39,493.06,493.305,115051.0
2024-10-11T18:50:00+00:00,493.33,493.624,493.33,493.52,102076.0
2024-10-11T18:55:00+00:00,493.535,493.575,493.43,493.48,133398.0
2024-10-11T19:00:00+00:00,493.18,493.77,493.06,493.75,461705.0
2024-10-11T19:05:00+00:00,493.75,493.85,493.655,493.72,157908.0
2024-10-11T19:10:00+00:00,493.725,494.35,493.69,494.035,229818.0
2024-10-11T19:15:00+00:00,494.03,494.25,493.93,494.22,176982.0
2024-10-11T19:20:00+00:00,493.75,494.39,493.655,494.17,763545.0
2024-10-11T19:25:00+00:00,494.18,494.2,493.98,494.11,132273.0
2024-10-11T19:30:00+00:00,494.1,494.24,494.035,494.1,146424.0
2024-10-11T19:35:00+00:00,494.06,494.25,493.87,494.1699,168387.0
2024-10-11T19:40:00+00:00,494.18,494.25,493.81,493.8801,730435.0
2024-10-11T19:45:00+00:00,493.88,493.95,493.8,493.835,189529.0
2024-10-11T19:50:00+00:00,493.83,494.0599,493.63,493.87,305248.0
2024-10-11T19:55:00+00:00,493.89,494.13,493.82,493.89,324047.0
2024-10-11T20:00:00+00:00,493.88,494.13,493.27,493.34,1620068.0
2024-10-11T20:05:00+00:00,493.36,493.5937,492.96,493.0,139268.0
2024-10-11T20:10:00+00:00,493.009,493.009,492.82,492.89,191797.0
2024-10-11T20:15:00+00:00,492.92,492.93,492.73,492.74,635929.0
2024-10-11T20:20:00+00:00,493.36,493.5937,492.57,492.62,1047047.0
2024-10-11T20:25:00+00:00,492.68,492.78,492.67,492.78,26635.0
2024-10-11T20:30:00+00:00,492.78,492.78,492.67,492.67,34946.0
2024-10-11T20:35:00+00:00,492.66,492.66,492.34,492.5,95336.0
2024-10-11T20:40:00+00:00,492.68,492.78,492.34,492.59,194112.0
2024-10-11T20:45:00+00:00,492.57,492.64,492.56,492.62,11300.0
2024-10-11T20:50:00+00:00,492.63,492.66,492.53,492.56,17253.0
2024-10-11T20:55:00+00:00,492.541,492.541,492.461,492.54,4173.0
2024-10-11T21:00:00+00:00,492.57,492.66,492.461,492.5,65396.0
2024-10-11T21:05:00+00:00,492.54,492.68,492.54,492.641,5309.0
2024-10-11T21:10:00+00:00,492.6705,492.85,492.6705,492.85,14744.0
2024-10-11T21:15:00+00:00,492.83,492.8796,492.8,492.8,3986.0
2024-10-11T21:20:00+00:00,492.54,492.8796,492.54,492.76,26512.0
2024-10-11T21:25:00+00:00,492.69,492.92,492.69,492.81,9549.0
2024-10-11T21:30:00+00:00,492.84,492.84,492.84,492.84,3207.0
2024-10-11T21:35:00+00:00,492.75,492.94,492.75,492.94,10263.0
2024-10-11T21:40:00+00:00,492.69,493.03,492.69,492.8,34350.0
2024-10-11T21:45:00+00:00,492.68,492.68,492.62,492.62,3684.0
2024-10-11T21:50:00+00:00,492.62,492.7,492.62,492.7,1864.0
2024-10-11T21:55:00+00:00,492.73,492.88,492.73,492.8,13049.0
2024-10-11T22:00:00+00:00,492.68,492.88,492.62,492.76,21173.0
2024-10-11T22:05:00+00:00,492.56,492.56,492.55,492.55,2284.0
2024-10-11T22:10:00+00:00,492.5,492.67,492.48,492.53,2125.0
2024-10-11T22:15:00+00:00,492.5,492.5,492.5,492.5,568.0
2024-10-11T22:20:00+00:00,492.56,492.67,492.48,492.5,4977.0
2024-10-11T22:25:00+00:00,492.57,492.57,492.57,492.57,292.0
2024-10-11T22:35:00+00:00,492.56,492.56,492.56,492.56,102.0
2024-10-11T22:40:00+00:00,492.57,492.69,492.56,492.69,11262.0
2024-10-11T22:45:00+00:00,492.6819,492.6819,492.68,492.68,386.0
2024-10-11T22:55:00+00:00,492.6801,492.6801,492.68,492.68,661.0
2024-10-11T23:00:00+00:00,492.6819,492.6819,492.68,492.68,1906.0
2024-10-11T23:05:00+00:00,492.6858,492.73,492.6858,492.73,826.0
2024-10-11T23:10:00+00:00,492.71,492.71,492.71,492.71,362.0
2024-10-11T23:15:00+00:00,492.7,492.7,492.7,492.7,714.0
2024-10-11T23:20:00+00:00,492.6858,492.73,492.6858,492.7,1902.0
2024-10-11T23:30:00+00:00,492.63,492.63,492.63,492.63,329.0
2024-10-11T23:35:00+00:00,492.62,492.63,492.6,492.6,1866.0
2024-10-11T23:40:00+00:00,492.63,492.63,492.54,492.54,2601.0
2024-10-11T23:45:00+00:00,492.54,492.54,492.5,492.5,1765.0
2024-10-11T23:50:00+00:00,492.524,492.524,492.524,492.524,203.0
2024-10-11T23:55:00+00:00,492.55,492.6,492.55,492.6,1250.0
2024-10-12T00:00:00+00:00,492.54,492.6,492.5,492.5,6489.0
2024-10-14T08:05:00+00:00,493.64,493.77,493.56,493.59,7023.0
2024-10-14T08:10:00+00:00,493.64,493.85,493.58,493.73,10318.0
2024-10-14T08:15:00+00:00,493.73,493.9,493.69,493.81,6817.0
2024-10-14T08:20:00+00:00,493.64,494.0,493.56,494.0,30805.0
2024-10-14T08:25:00+00:00,494.07,494.18,494.05,494.17,5825.0
2024-10-14T08:30:00+00:00,494.2,494.2,494.03,494.04,10502.0
2024-10-14T08:35:00+00:00,494.02,494.06,493.91,494.02,8575.0
2024-10-14T08:40:00+00:00,494.07,494.2,493.89,493.93,27919.0
2024-10-14T08:45:00+00:00,494.0,494.03,493.98,493.98,2557.0
2024-10-14T08:50:00+00:00,494.0,494.0,493.95,493.98,2852.0
2024-10-14T08:55:00+00:00,493.95,493.95,493.8,493.8,1722.0
2024-10-14T09:00:00+00:00,494.0,494.03,493.71,493.81,12677.0
2024-10-14T09:05:00+00:00,493.76,494.08,493.76,494.08,1190.0
2024-10-14T09:10:00+00:00,494.2,494.21,494.16,494.2,8886.0
2024-10-14T09:15:00+00:00,494.22,494.22,494.1,494.1,750.0
2024-10-14T09:20:00+00:00,493.76,494.22,493.76,494.09,11060.0
2024-10-14T09:25:00+00:00,494.06,494.06,494.02,494.02,530.0
2024-10-14T09:30:00+00:00,494.1,494.19,494.1,494.15,1670.0
2024-10-14T09:35:00+00:00,494.08,494.25,494.08,494.17,2331.0
2024-10-14T09:40:00+00:00,494.06,494.3,494.02,494.14,10543.0
2024-10-14T09:45:00+00:00,494.16,494.24,494.16,494.2,8064.0
2024-10-14T09:50:00+00:00,494.2,494.31,494.2,494.3,656.0
2024-10-14T09:55:00+00:00,494.27,494.33,494.24,494.33,796.0
2024-10-14T10:00:00+00:00,494.16,494.33,494.16,494.25,9818.0
2024-10-14T10:05:00+00:00,494.31,494.57,494.31,494.52,2834.0
2024-10-14T10:10:00+00:00,494.54,494.69,494.54,494.67,1531.0
2024-10-14T10:15:00+00:00,494.68,494.71,494.65,494.65,2458.0
2024-10-14T10:20:00+00:00,494.31,495.08,494.31,494.94,14294.0
2024-10-14T10:25:00+00:00,494.97,495.14,494.97,495.14,2951.0
2024-10-14T10:30:00+00:00,495.11,495.11,494.85,494.85,6342.0
2024-10-14T10:35:00+00:00,494.88,495.15,494.85,495.07,5829.0
2024-10-14T10:40:00+00:00,494.97,495.15,494.85,494.99,16091.0
2024-10-14T10:45:00+00:00,494.97,494.99,494.96,494.99,2018.0
2024-10-14T10:50:00+00:00,494.92,494.92,494.85,494.85,2266.0
2024-10-14T10:55:00+00:00,494.86,494.91,494.76,494.91,2018.0
2024-10-14T11:00:00+00:00,494.97,494.99,494.76,494.83,9876.0
2024-10-14T11:05:00+00:00,494.79,494.79,494.54,494.59,15130.0
2024-10-14T11:10:00+00:00,494.59,494.67,494.59,494.59,1357.0
2024-10-14T11:15:00+00:00,494.57,494.59,494.5,494.59,31956.0
2024-10-14T11:20:00+00:00,494.79,494.79,494.5,494.6,71082.0
2024-10-14T11:25:00+00:00,494.62,494.62,494.53,494.6,2118.0
2024-10-14T11:30:00+00:00,494.62,494.634,494.52,494.526,2416.0
2024-10-14T11:35:00+00:00,494.55,494.6,494.53,494.57,1384.0
2024-10-14T11:40:00+00:00,494.62,494.79,494.52,494.79,12303.0
2024-10-14T11:45:00+00:00,494.79,494.88,494.78,494.88,9893.0
2024-10-14T11:50:00+00:00,494.91,494.97,494.88,494.88,6337.0
2024-10-14T11:55:00+00:00,494.79,494.79,494.66,494.74,2664.0
2024-10-14T12:00:00+00:00,494.79,494.97,494.66,494.76,30994.0
2024-10-14T12:05:00+00:00,494.57,494.95,492.32,494.75,48235.0
2024-10-14T12:10:00+00:00,494.7796,494.89,494.73,494.79,9138.0
2024-10-14T12:15:00+00:00,494.81,494.99,494.81,494.99,8102.0
2024-10-14T12:20:00+00:00,494.57,494.9996,492.32,494.95,76477.0
2024-10-14T12:25:00+00:00,494.93,495.01,494.93,495.01,9771.0
2024-10-14T12:30:00+00:00,494.9,494.97,494.89,494.93,16872.0
2024-10-14T12:35:00+00:00,494.96,494.96,494.87,494.94,21252.0
2024-10-14T12:40:00+00:00,494.93,495.01,494.87,494.93,61077.0
2024-10-14T12:45:00+00:00,494.95,495.13,494.95,495.11,33362.0
2024-10-14T12:50:00+00:00,495.11,495.36,495.109,495.3,20769.0
2024-10-14T12:55:00+00:00,495.31,495.43,495.31,495.37,23826.0
2024-10-14T13:00:00+00:00,494.95,495.57,494.95,495.57,120870.0
2024-10-14T13:05:00+00:00,495.58,495.81,495.58,495.75,22617.0
2024-10-14T13:10:00+00:00,495.78,496.03,495.76,495.97,21700.0
2024-10-14T13:15:00+00:00,495.97,496.11,495.8805,496.11,37132.0
2024-10-14T13:20:00+00:00,495.58,496.14,495.58,496.04,99807.0
2024-10-14T13:25:00+00:00,496.05,496.07,495.9,496.0,33642.0
2024-10-14T13:30:00+00:00,495.96,495.96,495.7404,495.83,25612.0
2024-10-14T13:35:00+00:00,495.77,496.6,495.54,496.53,1089740.0
2024-10-14T13:40:00+00:00,496.05,496.97,495.54,496.56,1876403.0
2024-10-14T13:45:00+00:00,496.56,497.11,496.47,497.01,295465.0
2024-10-14T13:50:00+00:00,497.01,497.93,497.0,497.87,514606.0
2024-10-14T13:55:00+00:00,497.88,498.13,497.71,497.82,436851.0
2024-10-14T14:00:00+00:00,496.56,498.62,496.47,498.62,1660031.0
2024-10-14T14:05:00+00:00,498.63,498.83,498.2,498.26,563574.0
2024-10-14T14:10:00+00:00,498.26,498.33,497.87,497.87,464792.0
2024-10-14T14:15:00+00:00,497.87,498.0,497.45,497.62,400428.0
2024-10-14T14:20:00+00:00,498.63,498.83,496.775,497.1,1802637.0
2024-10-14T14:25:00+00:00,497.07,497.64,497.01,497.62,280656.0
2024-10-14T14:30:00+00:00,497.6,498.03,497.58,497.97,239364.0
2024-10-14T14:35:00+00:00,497.965,498.09,497.7,497.97,684614.0
2024-10-14T14:40:00+00:00,497.07,498.12,497.01,497.84,1418964.0
2024-10-14T14:45:00+00:00,497.82,497.99,497.44,497.63,196366.0
2024-10-14T14:50:00+00:00,497.65,497.82,497.19,497.22,642627.0
2024-10-14T14:55:00+00:00,497.24,497.29,496.39,497.03,632160.0
2024-10-14T15:00:00+00:00,497.82,497.99,495.84,496.1099,2053341.0
2024-10-14T15:05:00+00:00,496.14,496.2,495.28,495.8,702899.0
2024-10-14T15:10:00+00:00,495.77,496.1497,495.67,496.07,424450.0
2024-10-14T15:15:00+00:00,496.05,496.55,495.94,496.5295,343921.0
2024-10-14T15:20:00+00:00,496.14,496.5599,495.28,496.3126,1853178.0
2024-10-14T15:25:00+00:00,496.29,496.69,495.94,496.17,250243.0
2024-10-14T15:30:00+00:00,496.17,496.1817,495.4,495.759,347479.0
2024-10-14T15:35:00+00:00,495.76,496.0762,495.26,496.07,165724.0
2024-10-14T15:40:00+00:00,496.29,496.69,495.26,496.0101,905449.0
2024-10-14T15:45:00+00:00,495.99,495.99,495.59,495.68,205408.0
2024-10-14T15:50:00+00:00,495.73,496.37,495.73,496.31,160833.0
2024-10-14T15:55:00+00:00,496.3055,496.63,496.27,496.55,142874.0
2024-10-14T16:00:00+00:00,495.99,496.65,495.59,496.64,595272.0
2024-10-14T16:05:00+00:00,496.63,497.02,496.51,497.02,231356.0
2024-10-14T16:10:00+00:00,496.96,497.01,496.72,496.92,120552.0
2024-10-14T16:15:00+00:00,496.9,496.9675,496.75,496.8522,68063.0
2024-10-14T16:20:00+00:00,496.63,497.02,496.48,496.9921,581024.0
2024-10-14T16:25:00+00:00,496.9798,497.18,496.91,497.15,133276.0
2024-10-14T16:30:00+00:00,497.15,497.1623,496.93,497.1,227082.0
2024-10-14T16:35:00+00:00,497.1,497.22,496.97,496.975,120185.0
2024-10-14T16:40:00+00:00,496.9798,497.2875,496.91,497.23,560626.0
2024-10-14T16:45:00+00:00,497.24,497.3455,497.07,497.27,112892.0
2024-10-14T16:50:00+00:00,497.27,497.37,497.2199,497.29,108121.0
2024-10-14T16:55:00+00:00,497.29,497.41,497.1201,497.335,191903.0
2024-10-14T17:00:00+00:00,497.24,497.41,496.94,497.065,1537352.0
2024-10-14T17:05:00+00:00,497.07,497.51,497.06,497.44,550942.0
2024-10-14T17:10:00+00:00,497.45,497.53,497.0514,497.15,183104.0
2024-10-14T17:15:00+00:00,497.16,497.18,496.84,497.07,383013.0
2024-10-14T17:20:00+00:00,497.07,497.53,496.84,496.945,1183616.0
2024-10-14T17:25:00+00:00,496.95,497.16,496.87,497.15,89531.0
2024-10-14T17:30:00+00:00,497.1325,497.3,497.04,497.16,313884.0
2024-10-14T17:35:00+00:00,497.161,497.1942,496.865,496.9201,187388.0
2024-10-14T17:40:00+00:00,496.95,497.33,496.865,497.33,731481.0
2024-10-14T17:45:00+00:00,497.34,497.34,497.135,497.28,73423.0
2024-10-14T17:50:00+00:00,497.275,497.2982,497.13,497.2982,69305.0
2024-10-14T17:55:00+00:00,497.29,497.31,497.17,497.2749,66158.0
2024-10-14T18:00:00+00:00,497.34,497.34,497.13,497.17,297698.0
2024-10-14T18:05:00+00:00,497.175,497.25,496.9,497.238,768211.0
2024-10-14T18:10:00+00:00,497.25,497.6599,497.19,497.375,136978.0
2024-10-14T18:15:00+00:00,497.38,497.45,497.17,497.42,110273.0
2024-10-14T18:20:00+00:00,497.175,497.6599,496.9,497.52,1106779.0
2024-10-14T18:25:00+00:00,497.54,497.57,497.2,497.22,121689.0
2024-10-14T18:30:00+00:00,497.22,497.42,497.22,497.34,179307.0
2024-10-14T18:35:00+00:00,497.36,497.4699,497.2601,497.31,75673.0
2024-10-14T18:40:00+00:00,497.54,497.728,497.2,497.69,511098.0
2024-10-14T18:45:00+00:00,497.685,497.95,497.68,497.75,597157.0
2024-10-14T18:50:00+00:00,497.74,497.88,497.71,497.7777,116203.0
2024-10-14T18:55:00+00:00,497.75,497.79,497.58,497.7199,82940.0
2024-10-14T19:00:00+00:00,497.685,497.95,497.58,497.605,908672.0
2024-10-14T19:05:00+00:00,497.6,497.68,497.38,497.55,210893.0
2024-10-14T19:10:00+00:00,497.57,497.73,497.46,497.64,131860.0
2024-10-14T19:15:00+00:00,497.63,497.73,497.43,497.66,430208.0
2024-10-14T19:20:00+00:00,497.6,497.81,497.38,497.795,912787.0
2024-10-14T19:25:00+00:00,497.78,497.87,497.735,497.83,194289.0
2024-10-14T19:30:00+00:00,497.82,497.9151,497.705,497.905,264073.0
2024-10-14T19:35:00+00:00,497.89,497.9195,497.74,497.8545,181413.0
2024-10-14T19:40:00+00:00,497.78,498.23,497.705,497.95,1000936.0
2024-10-14T19:45:00+00:00,497.96,498.32,497.96,498.215,368673.0
2024-10-14T19:50:00+00:00,498.2098,498.59,498.03,498.49,377836.0
2024-10-14T19:55:00+00:00,498.49,498.51,497.66,497.79,531564.0
2024-10-14T20:00:00+00:00,497.96,498.59,497.28,497.5,2219121.0
2024-10-14T20:05:00+00:00,497.5,497.63,497.05,497.07,183158.0
2024-10-14T20:10:00+00:00,497.0796,497.38,497.05,497.37,16008.0
2024-10-14T20:15:00+00:00,497.36,497.42,497.27,497.27,138549.0
2024-10-14T20:20:00+00:00,497.5,497.63,497.05,497.32,354465.0
2024-10-14T20:25:00+00:00,497.33,497.33,497.24,497.24,7513.0
2024-10-14T20:30:00+00:00,497.26,497.3,497.21,497.26,14786.0
2024-10-14T20:35:00+00:00,497.23,497.3,497.23,497.27,1685.0
2024-10-14T20:40:00+00:00,497.33,497.33,497.14,497.31,33618.0
2024-10-14T20:45:00+00:00,497.3,497.69,497.22,497.5,44116.0
2024-10-14T20:50:00+00:00,497.43,497.69,497.43,497.69,13008.0
2024-10-14T20:55:00+00:00,497.68,497.81,497.65,497.79,11989.0
2024-10-14T21:00:00+00:00,497.3,497.91,497.22,497.8,81670.0
2024-10-14T21:05:00+00:00,497.84,497.84,497.5,497.5,116945.0
2024-10-14T21:10:00+00:00,497.689,497.6996,497.59,497.6,5071.0
2024-10-14T21:15:00+00:00,497.6,497.61,497.58,497.61,1857.0
2024-10-14T21:20:00+00:00,497.84,497.84,497.5,497.67,126709.0
2024-10-14T21:25:00+00:00,497.68,497.7,497.6,497.6,1397.0
2024-10-14T21:30:00+00:00,497.62,497.63,497.59,497.59,3193.0
2024-10-14T21:35:00+00:00,497.6,497.6,497.6,497.6,404.0
2024-10-14T21:40:00+00:00,497.68,497.72,497.58,497.72,7184.0
2024-10-14T21:45:00+00:00,497.65,497.69,497.65,497.68,2732.0
2024-10-14T21:50:00+00:00,497.63,497.63,497.58,497.58,12746.0
2024-10-14T21:55:00+00:00,497.6,497.63,497.6,497.63,1759.0
2024-10-14T22:00:00+00:00,497.65,497.69,497.5125,497.5125,17790.0
2024-10-14T22:05:00+00:00,497.69,497.89,497.64,497.87,21246.0
2024-10-14T22:10:00+00:00,497.93,497.95,497.6,497.62,5935.0
2024-10-14T22:15:00+00:00,497.6,497.62,497.531,497.531,2937.0
2024-10-14T22:20:00+00:00,497.69,497.95,497.531,497.66,30747.0
2024-10-14T22:25:00+00:00,497.58,497.59,497.54,497.58,1669.0
2024-10-14T22:30:00+00:00,497.58,497.74,497.58,497.71,1781.0
2024-10-14T22:35:00+00:00,497.68,497.71,497.67,497.67,2055.0
2024-10-14T22:40:00+00:00,497.58,497.74,497.35,497.42,9472.0
2024-10-14T22:45:00+00:00,497.41,497.41,497.35,497.4,1945.0
2024-10-14T22:50:00+00:00,497.39,497.56,497.39,497.56,1275.0
2024-10-14T22:55:00+00:00,497.52,497.52,497.52,497.52,157.0
2024-10-14T23:00:00+00:00,497.41,497.56,497.35,497.54,4205.0
2024-10-14T23:05:00+00:00,497.6,497.63,497.6,497.63,1175.0
2024-10-14T23:10:00+00:00,497.5,497.5,497.48,497.48,874.0
2024-10-14T23:15:00+00:00,497.49,497.5,497.47,497.47,1633.0
2024-10-14T23:20:00+00:00,497.6,497.63,497.47,497.5,3931.0
2024-10-14T23:25:00+00:00,497.57,497.6,497.55,497.6,1815.0
2024-10-14T23:30:00+00:00,497.64,497.65,497.64,497.65,423.0
2024-10-14T23:35:00+00:00,497.7,497.8,497.69,497.75,4979.0
2024-10-14T23:40:00+00:00,497.57,497.8,497.55,497.65,7318.0
2024-10-14T23:45:00+00:00,497.65,497.74,497.65,497.73,1964.0
2024-10-14T23:50:00+00:00,497.75,497.75,497.67,497.71,1146.0
2024-10-14T23:55:00+00:00,497.76,497.79,497.71,497.79,1429.0
2024-10-15T00:00:00+00:00,497.65,497.79,497.64,497.73,10639.0
2024-10-15T08:05:00+00:00,497.08,497.15,496.92,497.03,5034.0
2024-10-15T08:10:00+00:00,497.0,497.11,496.8,497.1,4900.0
2024-10-15T08:15:00+00:00,497.11,497.17,497.07,497.07,2112.0
2024-10-15T08:20:00+00:00,497.08,497.17,496.71,496.73,14997.0
2024-10-15T08:25:00+00:00,496.72,496.72,496.52,496.52,4552.0
2024-10-15T08:30:00+00:00,496.48,496.48,496.29,496.29,3764.0
2024-10-15T08:35:00+00:00,496.25,496.44,496.2,496.43,4876.0
2024-10-15T08:40:00+00:00,496.72,496.72,496.18,496.32,16572.0
2024-10-15T08:45:00+00:00,496.34,496.5,496.25,496.5,8225.0
2024-10-15T08:50:00+00:00,496.5,496.65,496.49,496.59,3432.0
2024-10-15T08:55:00+00:00,496.69,496.73,496.53,496.53,4446.0
2024-10-15T09:00:00+00:00,496.34,496.73,496.25,496.53,19195.0
2024-10-15T09:05:00+00:00,496.64,496.74,496.48,496.53,2144.0
2024-10-15T09:10:00+00:00,496.45,496.45,496.4,496.41,1206.0
2024-10-15T09:15:00+00:00,496.42,496.49,496.41,496.47,1056.0
2024-10-15T09:20:00+00:00,496.64,496.74,496.4,496.68,7098.0
2024-10-15T09:25:00+00:00,496.7,496.7,496.7,496.7,2345.0
2024-10-15T09:30:00+00:00,496.67,496.79,496.64,496.69,1650.0
2024-10-15T09:35:00+00:00,496.8,496.8,496.8,496.8,529.0
2024-10-15T09:40:00+00:00,496.7,496.8,496.61,496.61,5007.0
2024-10-15T09:45:00+00:00,496.55,496.64,496.55,496.64,801.0
2024-10-15T09:50:00+00:00,496.47,496.52,496.47,496.52,783.0
2024-10-15T09:55:00+00:00,496.74,496.74,496.74,496.74,461.0
2024-10-15T10:00:00+00:00,496.55,496.74,496.47,496.58,3668.0
2024-10-15T10:05:00+00:00,496.79,497.13,496.79,497.12,6210.0
2024-10-15T10:10:00+00:00,497.08,497.08,496.95,496.97,5589.0
2024-10-15T10:15:00+00:00,496.89,497.0,496.76,496.78,4022.0
2024-10-15T10:20:00+00:00,496.79,497.13,496.53,496.58,23461.0
2024-10-15T10:25:00+00:00,496.7,496.8,496.61,496.72,2545.0
2024-10-15T10:30:00+00:00,496.74,496.91,496.74,496.84,2132.0
2024-10-15T10:35:00+00:00,496.9,497.29,496.9,497.29,19186.0
2024-10-15T10:40:00+00:00,496.7,497.3,496.61,497.3,26227.0
2024-10-15T10:45:00+00:00,497.22,497.43,497.22,497.43,4449.0
2024-10-15T10:50:00+00:00,497.44,497.49,497.4,497.49,2035.0
2024-10-15T10:55:00+00:00,497.5,497.59,497.36,497.38,3097.0
2024-10-15T11:00:00+00:00,497.22,497.59,497.22,497.4,13619.0
2024-10-15T11:05:00+00:00,497.28,497.57,497.22,497.52,20439.0
2024-10-15T11:10:00+00:00,497.47,497.57,497.36,497.56,6512.0
2024-10-15T11:15:00+00:00,497.53,497.53,497.06,497.06,6531.0
2024-10-15T11:20:00+00:00,497.28,497.57,497.06,497.22,45046.0
2024-10-15T11:25:00+00:00,497.22,497.3,497.1,497.3,6186.0
2024-10-15T11:30:00+00:00,497.284,497.37,497.15,497.15,9750.0
2024-10-15T11:35:00+00:00,497.2,497.23,497.17,497.2,1967.0
2024-10-15T11:40:00+00:00,497.22,497.37,496.96,496.99,35299.0
2024-10-15T11:45:00+00:00,496.99,497.2,496.99,497.16,4755.0
2024-10-15T11:50:00+00:00,497.14,497.34,497.1,497.11,10115.0
2024-10-15T11:55:00+00:00,497.15,497.36,497.15,497.36,4925.0
2024-10-15T12:00:00+00:00,496.99,497.4,496.99,497.4,24859.0
2024-10-15T12:05:00+00:00,497.35,497.79,496.684,497.37,23938.0
2024-10-15T12:10:00+00:00,497.41,497.64,497.39,497.62,9284.0
2024-10-15T12:15:00+00:00,497.6,497.61,497.35,497.45,12495.0
2024-10-15T12:20:00+00:00,497.35,497.79,496.684,497.72,51652.0
2024-10-15T12:25:00+00:00,497.73,497.74,497.47,497.47,2851.0
2024-10-15T12:30:00+00:00,497.47,497.53,497.38,497.46,6899.0
2024-10-15T12:35:00+00:00,497.5,497.5,497.36,497.48,7316.0
2024-10-15T12:40:00+00:00,497.73,497.74,497.27,497.3135,30337.0
2024-10-15T12:45:00+00:00,497.36,497.37,497.23,497.28,3107.0
2024-10-15T12:50:00+00:00,497.21,497.39,497.16,497.38,8860.0
2024-10-15T12:55:00+00:00,497.46,497.59,497.42,497.56,6502.0
2024-10-15T13:00:00+00:00,497.36,497.75,497.16,497.65,32608.0
2024-10-15T13:05:00+00:00,497.71,497.83,497.67,497.83,11238.0
2024-10-15T13:10:00+00:00,497.8197,498.08,497.8197,497.99,16819.0
2024-10-15T13:15:00+00:00,498.04,498.21,498.03,498.07,15509.0
2024-10-15T13:20:00+00:00,497.71,498.21,497.67,498.081,52182.0
2024-10-15T13:25:00+00:00,498.1,498.23,498.09,498.22,5117.0
2024-10-15T13:30:00+00:00,498.19,498.19,497.74,497.8,28489.0
2024-10-15T13:35:00+00:00,497.83,498.12,497.191,497.97,633696.0
2024-10-15T13:40:00+00:00,498.1,498.5,497.191,497.58,1160017.0
2024-10-15T13:45:00+00:00,497.56,497.98,497.5,497.79,419656.0
2024-10-15T13:50:00+00:00,497.794,497.95,497.47,497.57,302926.0
2024-10-15T13:55:00+00:00,497.56,497.99,497.26,497.9884,254142.0
2024-10-15T14:00:00+00:00,497.56,498.44,497.26,497.74,1371198.0
2024-10-15T14:05:00+00:00,497.77,498.18,497.682,498.1,238080.0
2024-10-15T14:10:00+00:00,498.0899,498.18,497.55,497.575,156052.0
2024-10-15T14:15:00+00:00,497.55,497.56,496.42,496.58,505934.0
2024-10-15T14:20:00+00:00,497.77,498.18,496.16,496.52,1410459.0
2024-10-15T14:25:00+00:00,496.51,496.53,495.85,496.2401,461755.0
2024-10-15T14:30:00+00:00,496.2708,496.47,494.88,495.0,501176.0
2024-10-15T14:35:00+00:00,494.94,494.95,492.62,493.2,1532297.0
2024-10-15T14:40:00+00:00,496.51,496.53,491.25,491.58,3954630.0
2024-10-15T14:45:00+00:00,491.55,492.34,490.56,491.94,1172612.0
2024-10-15T14:50:00+00:00,491.94,492.6,491.6,492.38,710224.0
2024-10-15T14:55:00+00:00,492.38,493.35,492.19,493.0999,680041.0
2024-10-15T15:00:00+00:00,491.55,493.4399,490.56,492.23,3089598.0
2024-10-15T15:05:00+00:00,492.23,493.07,491.85,492.22,503800.0
2024-10-15T15:10:00+00:00,492.27,492.46,491.5413,491.6599,287167.0
2024-10-15T15:15:00+00:00,491.6638,492.7695,491.46,492.76,357490.0
2024-10-15T15:20:00+00:00,492.23,493.38,491.46,492.749,1582865.0
2024-10-15T15:25:00+00:00,492.78,492.95,492.29,492.39,211174.0
2024-10-15T15:30:00+00:00,492.38,492.58,492.05,492.18,331296.0
2024-10-15T15:35:00+00:00,492.16,493.02,491.92,493.02,438290.0
2024-10-15T15:40:00+00:00,492.78,493.03,491.92,492.2499,1184007.0
2024-10-15T15:45:00+00:00,492.23,492.5001,491.76,492.0699,304879.0
2024-10-15T15:50:00+00:00,492.02,492.12,491.54,491.76,371311.0
2024-10-15T15:55:00+00:00,491.75,492.26,491.02,491.02,524323.0
2024-10-15T16:00:00+00:00,492.23,492.5001,490.95,491.065,1553904.0
2024-10-15T16:05:00+00:00,491.09,491.45,490.751,490.945,223107.0
2024-10-15T16:10:00+00:00,490.95,492.0,490.88,491.97,294297.0
2024-10-15T16:15:00+00:00,491.95,492.15,491.71,492.0599,194464.0
2024-10-15T16:20:00+00:00,491.09,492.49,490.751,492.49,1234812.0
2024-10-15T16:25:00+00:00,492.46,492.49,491.62,491.82,201394.0
2024-10-15T16:30:00+00:00,491.835,492.1157,491.67,491.85,254335.0
2024-10-15T16:35:00+00:00,491.86,492.48,491.8035,492.36,241582.0
2024-10-15T16:40:00+00:00,492.46,492.58,491.62,492.32,897696.0
2024-10-15T16:45:00+00:00,492.34,492.44,491.69,491.92,276099.0
2024-10-15T16:50:00+00:00,491.92,492.09,491.65,491.86,147376.0
2024-10-15T16:55:00+00:00,491.87,491.89,491.44,491.52,222383.0
2024-10-15T17:00:00+00:00,492.34,492.44,491.38,491.65,1084471.0
2024-10-15T17:05:00+00:00,491.63,491.9,491.56,491.68,143730.0
2024-10-15T17:10:00+00:00,491.67,491.96,491.39,491.415,142500.0
2024-10-15T17:15:00+00:00,491.39,491.52,491.01,491.4401,223892.0
2024-10-15T17:20:00+00:00,491.63,491.96,490.9545,491.3382,768355.0
2024-10-15T17:25:00+00:00,491.35,491.53,491.06,491.07,156369.0
2024-10-15T17:30:00+00:00,491.05,491.33,490.65,491.02,273582.0
2024-10-15T17:35:00+00:00,491.02,491.31,490.7609,490.9202,149176.0
2024-10-15T17:40:00+00:00,491.35,491.55,490.65,491.43,752274.0
2024-10-15T17:45:00+00:00,491.45,491.88,491.4057,491.7351,311448.0
2024-10-15T17:50:00+00:00,491.72,491.93,491.428,491.53,161098.0
2024-10-15T17:55:00+00:00,491.52,491.78,491.34,491.5669,145324.0
2024-10-15T18:00:00+00:00,491.45,491.93,491.09,491.2211,734717.0
2024-10-15T18:05:00+00:00,491.24,491.92,491.05,491.69,201756.0
2024-10-15T18:10:00+00:00,491.69,491.78,491.29,491.39,81123.0
2024-10-15T18:15:00+00:00,491.36,491.39,491.0,491.08,122300.0
2024-10-15T18:20:00+00:00,491.24,491.92,490.96,491.02,639201.0
2024-10-15T18:25:00+00:00,490.96,491.88,490.94,491.74,248014.0
2024-10-15T18:30:00+00:00,491.75,491.79,491.21,491.32,162525.0
2024-10-15T18:35:00+00:00,491.3,491.63,491.2079,491.22,129237.0
2024-10-15T18:40:00+00:00,490.96,491.88,490.94,491.28,671620.0
2024-10-15T18:45:00+00:00,491.305,491.4,490.95,491.32,166736.0
2024-10-15T18:50:00+00:00,491.32,491.36,490.76,490.89,220321.0
2024-10-15T18:55:00+00:00,490.86,491.09,490.81,490.95,167583.0
2024-10-15T19:00:00+00:00,491.305,491.4,490.38,490.51,877100.0
2024-10-15T19:05:00+00:00,490.58,490.65,489.73,489.77,654660.0
2024-10-15T19:10:00+00:00,489.8,489.93,488.98,489.63,988600.0
2024-10-15T19:15:00+00:00,489.66,489.98,489.26,489.32,274703.0
2024-10-15T19:20:00+00:00,490.58,490.65,488.98,489.45,2144463.0
2024-10-15T19:25:00+00:00,489.47,490.26,489.4,489.92,462586.0
2024-10-15T19:30:00+00:00,489.92,490.09,489.57,489.655,294375.0
2024-10-15T19:35:00+00:00,489.66,489.86,489.02,489.085,472238.0
2024-10-15T19:40:00+00:00,489.47,490.26,488.68,489.33,1777180.0
2024-10-15T19:45:00+00:00,489.33,490.14,489.33,489.77,503216.0
2024-10-15T19:50:00+00:00,489.7925,490.21,489.56,490.1001,520618.0
2024-10-15T19:55:00+00:00,490.1,490.85,489.94,490.58,835082.0
2024-10-15T20:00:00+00:00,489.33,490.92,489.33,490.78,5048635.0
2024-10-15T20:05:00+00:00,490.83,491.04,490.54,490.601,377653.0
2024-10-15T20:10:00+00:00,490.6,490.85,490.48,490.54,87369.0
2024-10-15T20:15:00+00:00,490.57,490.6,490.36,490.37,47501.0
2024-10-15T20:20:00+00:00,490.83,491.04,490.26,490.29,1273173.0
2024-10-15T20:25:00+00:00,490.3,490.62,490.26,490.6,22953.0
2024-10-15T20:30:00+00:00,490.65,490.778,490.65,490.652,45644.0
2024-10-15T20:35:00+00:00,490.65,490.69,490.4814,490.54,8744.0
2024-10-15T20:40:00+00:00,490.3,490.778,490.26,490.73,91553.0
2024-10-15T20:45:00+00:00,490.75,490.75,490.5,490.5,5700.0
2024-10-15T20:50:00+00:00,490.51,490.67,490.49,490.65,15766.0
2024-10-15T20:55:00+00:00,490.61,490.64,490.57,490.58,11857.0
2024-10-15T21:00:00+00:00,490.75,490.75,490.48,490.57,52595.0
2024-10-15T21:05:00+00:00,490.511,490.53,490.3599,490.37,18733.0
2024-10-15T21:10:00+00:00,490.37,490.48,490.37,490.45,4628.0
2024-10-15T21:15:00+00:00,490.4,490.42,490.4,490.42,885.0
2024-10-15T21:20:00+00:00,490.511,490.53,490.3599,490.44,25054.0
2024-10-15T21:25:00+00:00,490.45,490.45,490.43,490.43,817.0
2024-10-15T21:30:00+00:00,490.45,490.5,490.45,490.5,2174.0
2024-10-15T21:35:00+00:00,490.47,490.47,490.47,490.47,806.0
2024-10-15T21:40:00+00:00,490.45,490.5,490.41,490.41,8428.0
2024-10-15T21:45:00+00:00,490.56,490.56,490.401,490.471,1496.0
2024-10-15T21:50:00+00:00,490.49,490.56,490.46,490.46,1034.0
2024-10-15T21:55:00+00:00,490.47,490.5187,490.46,490.5187,1204.0
2024-10-15T22:00:00+00:00,490.56,490.73,490.401,490.64,10933.0
2024-10-15T22:05:00+00:00,490.51,490.6,490.0,490.16,24056.0
2024-10-15T22:10:00+00:00,490.21,490.2292,490.18,490.18,2416.0
2024-10-15T22:15:00+00:00,490.233,490.32,490.233,490.28,3487.0
2024-10-15T22:20:00+00:00,490.51,490.6,490.0,490.3,30610.0
2024-10-15T22:25:00+00:00,490.41,490.5,490.41,490.5,1822.0
2024-10-15T22:30:00+00:00,490.5,490.6055,490.5,490.51,6300.0
2024-10-15T22:35:00+00:00,490.57,490.62,490.57,490.6,6153.0
2024-10-15T22:40:00+00:00,490.41,490.71,490.41,490.7,24243.0
2024-10-15T22:45:00+00:00,490.76,490.76,490.54,490.58,1686.0
2024-10-15T22:50:00+00:00,490.5107,490.6,490.5107,490.5825,4570.0
2024-10-15T22:55:00+00:00,490.62,490.9874,490.62,490.9874,4185.0
2024-10-15T23:00:00+00:00,490.76,490.99,490.5107,490.95,14423.0
2024-10-15T23:05:00+00:00,490.98,491.25,490.98,491.25,9900.0
2024-10-15T23:10:00+00:00,491.1,491.15,491.02,491.07,3382.0
2024-10-15T23:15:00+00:00,491.09,491.21,491.09,491.1,795.0
2024-10-15T23:20:00+00:00,490.98,491.25,490.98,491.14,16916.0
2024-10-15T23:25:00+00:00,491.03,491.16,491.03,491.16,2073.0
2024-10-15T23:30:00+00:00,491.1107,491.17,491.1,491.15,7206.0
2024-10-15T23:35:00+00:00,491.17,491.18,491.12,491.12,2549.0
2024-10-15T23:40:00+00:00,491.03,491.21,491.03,491.13,14013.0
2024-10-15T23:45:00+00:00,491.12,491.21,491.08,491.21,5059.0
2024-10-15T23:50:00+00:00,491.25,491.31,491.25,491.25,8373.0
2024-10-15T23:55:00+00:00,491.18,491.18,491.031,491.07,2415.0
2024-10-16T00:00:00+00:00,491.12,491.31,490.9701,491.03,22652.0
2024-10-16T08:05:00+00:00,491.97,492.08,491.76,491.78,9487.0
2024-10-16T08:10:00+00:00,491.7,491.7,491.4,491.53,4090.0
2024-10-16T08:15:00+00:00,491.5,491.7,491.3,491.34,2034.0
2024-10-16T08:20:00+00:00,491.97,492.08,491.04,491.16,19699.0
2024-10-16T08:25:00+00:00,491.21,491.21,490.85,490.88,4988.0
2024-10-16T08:30:00+00:00,490.87,491.28,490.7,491.28,6227.0
2024-10-16T08:35:00+00:00,491.19,491.27,491.08,491.22,2994.0
2024-10-16T08:40:00+00:00,491.21,491.28,490.7,491.27,16090.0
2024-10-16T08:45:00+00:00,491.04,491.25,491.04,491.25,4644.0
2024-10-16T08:50:00+00:00,491.21,491.4,491.18,491.4,3665.0
2024-10-16T08:55:00+00:00,491.16,491.37,491.16,491.32,3471.0
2024-10-16T09:00:00+00:00,491.04,491.4,491.04,491.38,12972.0
2024-10-16T09:05:00+00:00,491.33,491.47,491.33,491.34,4218.0
2024-10-16T09:10:00+00:00,491.42,491.48,491.42,491.48,2181.0
2024-10-16T09:15:00+00:00,491.68,491.68,491.65,491.68,906.0
2024-10-16T09:20:00+00:00,491.33,491.77,491.33,491.61,11028.0
2024-10-16T09:25:00+00:00,491.52,491.53,491.29,491.29,1878.0
2024-10-16T09:30:00+00:00,491.25,491.25,491.12,491.24,1224.0
2024-10-16T09:35:00+00:00,491.2,491.45,491.2,491.28,976.0
2024-10-16T09:40:00+00:00,491.52,491.53,491.12,491.35,4818.0
2024-10-16T09:45:00+00:00,491.35,491.35,491.28,491.28,353.0
2024-10-16T09:50:00+00:00,491.19,491.22,491.19,491.22,1472.0
2024-10-16T09:55:00+00:00,491.31,491.39,491.26,491.27,17475.0
2024-10-16T10:00:00+00:00,491.35,491.39,491.19,491.34,20614.0
2024-10-16T10:05:00+00:00,491.41,491.42,491.34,491.36,1331.0
2024-10-16T10:10:00+00:00,491.39,491.4,491.17,491.17,1538.0
2024-10-16T10:15:00+00:00,491.18,491.25,491.13,491.25,12055.0
2024-10-16T10:20:00+00:00,491.41,491.42,491.05,491.24,21040.0
2024-10-16T10:25:00+00:00,491.24,491.35,491.2,491.35,1110.0
2024-10-16T10:30:00+00:00,491.34,491.35,491.32,491.35,670.0
2024-10-16T10:35:00+00:00,491.3,491.3,491.28,491.28,1224.0
2024-10-16T10:40:00+00:00,491.24,491.49,491.2,491.46,5227.0
2024-10-16T10:45:00+00:00,491.4,491.4,491.35,491.35,250.0
2024-10-16T10:50:00+00:00,491.24,491.35,491.24,491.35,659.0
2024-10-16T10:55:00+00:00,491.35,491.35,491.33,491.33,337.0
2024-10-16T11:00:00+00:00,491.4,491.41,491.24,491.4,1617.0
2024-10-16T11:05:00+00:00,491.37,491.43,491.32,491.32,2307.0
2024-10-16T11:10:00+00:00,491.34,491.5,491.22,491.5,4513.0
2024-10-16T11:15:00+00:00,491.5,491.64,491.5,491.64,10140.0
2024-10-16T11:20:00+00:00,491.37,491.75,491.22,491.74,31862.0
2024-10-16T11:25:00+00:00,491.76,491.77,491.65,491.71,3534.0
2024-10-16T11:30:00+00:00,491.73,491.85,491.68,491.82,4302.0
2024-10-16T11:35:00+00:00,491.76,491.86,491.72,491.79,2928.0
2024-10-16T11:40:00+00:00,491.76,491.87,491.65,491.82,13287.0
2024-10-16T11:45:00+00:00,491.55,491.63,491.5,491.6,4607.0
2024-10-16T11:50:00+00:00,491.52,491.72,491.52,491.58,7455.0
2024-10-16T11:55:00+00:00,491.579,491.6,491.5,491.51,3010.0
2024-10-16T12:00:00+00:00,491.55,491.75,491.5,491.64,22376.0
2024-10-16T12:05:00+00:00,491.73,492.13,490.482,491.51,119270.0
2024-10-16T12:10:00+00:00,491.5,491.56,491.363,491.55,10007.0
2024-10-16T12:15:00+00:00,491.55,491.55,491.36,491.36,21753.0
2024-10-16T12:20:00+00:00,491.73,492.13,490.482,491.3,157431.0
2024-10-16T12:25:00+00:00,491.3,491.3,491.13,491.29,11623.0
2024-10-16T12:30:00+00:00,491.28,491.39,491.25,491.28,15908.0
2024-10-16T12:35:00+00:00,491.35,491.36,491.1125,491.26,8284.0
2024-10-16T12:40:00+00:00,491.3,491.39,491.0,491.12,54485.0
2024-10-16T12:45:00+00:00,491.11,491.12,490.95,490.95,12004.0
2024-10-16T12:50:00+00:00,491.0,491.2,490.88,491.2,165259.0
2024-10-16T12:55:00+00:00,491.21,491.39,491.2,491.3301,71932.0
2024-10-16T13:00:00+00:00,491.11,491.39,490.88,491.13,285363.0
2024-10-16T13:05:00+00:00,491.09,491.45,491.09,491.45,16206.0
2024-10-16T13:10:00+00:00,491.4605,491.52,491.42,491.44,14832.0
2024-10-16T13:15:00+00:00,491.4,491.72,491.34,491.67,18839.0
2024-10-16T13:20:00+00:00,491.09,491.74,491.09,491.45,66786.0
2024-10-16T13:25:00+00:00,491.44,491.44,491.16,491.39,26014.0
2024-10-16T13:30:00+00:00,491.38,491.48,491.02,491.1,36204.0
2024-10-16T13:35:00+00:00,491.18,491.23,489.8549,489.93,774732.0
2024-10-16T13:40:00+00:00,491.44,491.48,489.1208,489.135,1703555.0
2024-10-16T13:45:00+00:00,489.1404,490.03,488.44,488.54,445888.0
2024-10-16T13:50:00+00:00,488.53,488.86,488.12,488.6,582793.0
2024-10-16T13:55:00+00:00,488.62,488.64,487.88,488.51,705224.0
2024-10-16T14:00:00+00:00,489.1404,490.03,487.79,487.9999,2172804.0
2024-10-16T14:05:00+00:00,487.97,488.89,487.57,488.822,535913.0
2024-10-16T14:10:00+00:00,488.8376,489.51,488.5,489.4912,519227.0
2024-10-16T14:15:00+00:00,489.5,490.04,489.32,489.89,363447.0
2024-10-16T14:20:00+00:00,487.97,490.04,487.57,489.499,1865526.0
2024-10-16T14:25:00+00:00,489.5421,490.62,489.53,490.53,301496.0
2024-10-16T14:30:00+00:00,490.52,491.02,490.42,490.6,941887.0
2024-10-16T14:35:00+00:00,490.6,490.87,490.14,490.47,335582.0
2024-10-16T14:40:00+00:00,489.5421,491.02,489.27,489.3401,1883942.0
2024-10-16T14:45:00+00:00,489.345,489.61,488.52,488.85,456331.0
2024-10-16T14:50:00+00:00,488.825,489.39,488.7801,489.29,236830.0
2024-10-16T14:55:00+00:00,489.3,489.96,489.265,489.49,260093.0
2024-10-16T15:00:00+00:00,489.345,489.96,488.52,489.155,1183710.0
2024-10-16T15:05:00+00:00,489.195,489.57,489.0,489.27,133425.0
2024-10-16T15:10:00+00:00,489.28,489.53,488.98,489.43,153801.0
2024-10-16T15:15:00+00:00,489.4475,490.23,489.4475,489.93,277337.0
2024-10-16T15:20:00+00:00,489.195,490.27,488.98,490.0,687964.0
2024-10-16T15:25:00+00:00,490.02,490.4099,489.54,489.73,187472.0
2024-10-16T15:30:00+00:00,489.72,490.16,489.6853,490.14,93840.0
2024-10-16T15:35:00+00:00,490.13,490.16,489.81,489.99,122328.0
2024-10-16T15:40:00+00:00,490.02,490.47,489.54,490.1,605730.0
2024-10-16T15:45:00+00:00,490.1,490.5,489.99,489.99,239630.0
2024-10-16T15:50:00+00:00,489.96,489.96,489.35,489.4639,235662.0
2024-10-16T15:55:00+00:00,489.49,489.59,489.13,489.25,146691.0
2024-10-16T16:00:00+00:00,490.1,490.5,489.1016,489.22,728444.0
2024-10-16T16:05:00+00:00,489.2,489.62,489.12,489.42,144655.0
2024-10-16T16:10:00+00:00,489.42,489.738,489.22,489.6099,187325.0
2024-10-16T16:15:00+00:00,489.61,489.815,489.2501,489.4477,89338.0
2024-10-16T16:20:00+00:00,489.2,489.815,489.12,489.3899,560253.0
2024-10-16T16:25:00+00:00,489.38,489.8,489.32,489.72,96609.0
2024-10-16T16:30:00+00:00,489.72,490.02,489.7,489.895,256516.0
2024-10-16T16:35:00+00:00,489.9,490.32,489.78,489.8199,147158.0
2024-10-16T16:40:00+00:00,489.38,490.32,489.32,489.87,565611.0
2024-10-16T16:45:00+00:00,489.9,490.175,489.88,489.99,135207.0
2024-10-16T16:50:00+00:00,489.99,490.09,489.74,489.76,210957.0
2024-10-16T16:55:00+00:00,489.755,490.2659,489.755,490.25,116417.0
2024-10-16T17:00:00+00:00,489.9,490.7,489.74,490.645,787094.0
2024-10-16T17:05:00+00:00,490.65,490.93,490.4,490.625,149018.0
2024-10-16T17:10:00+00:00,490.56,490.7,490.25,490.41,200843.0
2024-10-16T17:15:00+00:00,490.4,490.575,490.26,490.3401,79620.0
2024-10-16T17:20:00+00:00,490.65,490.93,489.95,490.0699,556901.0
2024-10-16T17:25:00+00:00,490.05,490.205,489.89,489.965,80952.0
2024-10-16T17:30:00+00:00,489.95,490.4,489.95,490.1,116124.0
2024-10-16T17:35:00+00:00,490.0912,490.41,490.06,490.41,80472.0
2024-10-16T17:40:00+00:00,490.05,490.51,489.89,490.1,356096.0
2024-10-16T17:45:00+00:00,490.08,490.54,490.03,490.5,137887.0
2024-10-16T17:50:00+00:00,490.5,490.74,490.46,490.67,390251.0
2024-10-16T17:55:00+00:00,490.66,490.79,490.45,490.48,232343.0
2024-10-16T18:00:00+00:00,490.08,490.79,490.03,490.68,952528.0
2024-10-16T18:05:00+00:00,490.68,490.69,490.53,490.545,109496.0
2024-10-16T18:10:00+00:00,490.54,490.68,490.25,490.5099,142467.0
2024-10-16T18:15:00+00:00,490.53,490.8,490.5,490.68,98850.0
2024-10-16T18:20:00+00:00,490.68,490.87,490.25,490.785,514389.0
2024-10-16T18:25:00+00:00,490.78,491.68,490.74,491.648,378638.0
2024-10-16T18:30:00+00:00,491.65,491.69,491.13,491.49,177693.0
2024-10-16T18:35:00+00:00,491.46,491.69,491.14,491.21,271668.0
2024-10-16T18:40:00+00:00,490.78,491.69,490.74,491.18,982376.0
2024-10-16T18:45:00+00:00,491.18,491.36,491.1,491.3499,101079.0
2024-10-16T18:50:00+00:00,491.3401,491.42,491.2081,491.36,166364.0
2024-10-16T18:55:00+00:00,491.37,491.49,491.17,491.24,100749.0
2024-10-16T19:00:00+00:00,491.18,491.49,491.1,491.26,581002.0
2024-10-16T19:05:00+00:00,491.26,491.27,491.045,491.22,153586.0
2024-10-16T19:10:00+00:00,491.215,491.31,491.115,491.2775,186547.0
2024-10-16T19:15:00+00:00,491.29,491.48,491.13,491.23,127614.0
2024-10-16T19:20:00+00:00,491.26,491.48,491.045,491.19,606568.0
2024-10-16T19:25:00+00:00,491.2,491.2499,490.8,490.87,202221.0
2024-10-16T19:30:00+00:00,490.88,491.09,490.83,490.9707,126907.0
2024-10-16T19:35:00+00:00,490.98,491.14,490.705,491.1389,251482.0
2024-10-16T19:40:00+00:00,491.2,491.2499,490.705,490.84,797725.0
2024-10-16T19:45:00+00:00,490.83,490.9755,490.81,490.85,183906.0
2024-10-16T19:50:00+00:00,490.84,490.9699,490.69,490.9699,149644.0
2024-10-16T19:55:00+00:00,490.96,491.03,490.57,490.92,358700.0
2024-10-16T20:00:00+00:00,490.83,491.12,490.57,490.93,2033488.0
2024-10-16T20:05:00+00:00,490.92,491.16,490.68,490.79,371392.0
2024-10-16T20:10:00+00:00,490.8,490.97,490.53,490.61,101944.0
2024-10-16T20:15:00+00:00,490.6196,490.71,490.57,490.63,445446.0
2024-10-16T20:20:00+00:00,490.92,491.16,490.31,490.3396,944262.0
2024-10-16T20:25:00+00:00,490.39,490.49,490.27,490.47,20701.0
2024-10-16T20:30:00+00:00,490.51,490.6,490.49,490.6,30235.0
2024-10-16T20:35:00+00:00,490.664,490.751,490.664,490.75,35216.0
2024-10-16T20:40:00+00:00,490.39,490.78,490.27,490.73,103388.0
2024-10-16T20:45:00+00:00,490.73,490.88,490.73,490.73,81342.0
2024-10-16T20:50:00+00:00,490.74,490.74,490.55,490.65,6545.0
2024-10-16T20:55:00+00:00,490.62,490.68,490.35,490.379,23676.0
2024-10-16T21:00:00+00:00,490.73,490.88,490.35,490.51,115545.0
2024-10-16T21:05:00+00:00,490.51,490.51,490.51,490.51,171.0
2024-10-16T21:10:00+00:00,490.479,490.51,490.479,490.51,989.0
2024-10-16T21:15:00+00:00,490.53,490.569,490.51,490.569,523.0
2024-10-16T21:20:00+00:00,490.51,490.569,490.479,490.54,1837.0
2024-10-16T21:25:00+00:00,490.55,490.55,490.55,490.55,411.0
2024-10-16T21:30:00+00:00,490.58,490.6,490.58,490.6,1369.0
2024-10-16T21:40:00+00:00,490.55,490.6,490.55,490.6,1780.0
2024-10-16T21:45:00+00:00,490.5999,490.5999,490.52,490.52,717.0
2024-10-16T21:50:00+00:00,490.55,490.55,490.55,490.55,228.0
2024-10-16T21:55:00+00:00,490.55,490.55,490.52,490.52,504.0
2024-10-16T22:00:00+00:00,490.5999,490.5999,490.51,490.51,2319.0
2024-10-16T22:05:00+00:00,490.55,490.61,490.42,490.42,5032.0
2024-10-16T22:10:00+00:00,490.47,490.48,490.35,490.35,4076.0
2024-10-16T22:15:00+00:00,490.3,490.35,490.2725,490.2725,1064.0
2024-10-16T22:20:00+00:00,490.55,490.61,490.2725,490.35,11249.0
2024-10-16T22:25:00+00:00,490.4,490.46,490.39,490.39,3765.0
2024-10-16T22:30:00+00:00,490.42,490.42,490.38,490.4,904.0
2024-10-16T22:35:00+00:00,490.5091,490.52,490.5091,490.52,934.0
2024-10-16T22:40:00+00:00,490.4,490.56,490.34,490.46,7672.0
2024-10-16T22:50:00+00:00,490.48,490.53,490.41,490.41,2283.0
2024-10-16T22:55:00+00:00,490.48,490.48,490.46,490.48,1437.0
2024-10-16T23:00:00+00:00,490.48,490.56,490.41,490.56,12747.0
2024-10-16T23:05:00+00:00,490.55,490.55,490.41,490.41,9635.0
2024-10-16T23:10:00+00:00,490.42,490.42,490.23,490.28,11385.0
2024-10-16T23:15:00+00:00,490.31,490.41,490.31,490.4,4403.0
2024-10-16T23:20:00+00:00,490.55,490.55,490.23,490.33,27721.0
2024-10-16T23:25:00+00:00,490.37,490.38,490.35,490.35,1588.0
2024-10-16T23:30:00+00:00,490.351,490.351,490.33,490.35,2005.0
2024-10-16T23:35:00+00:00,490.37,490.37,490.19,490.19,4559.0
2024-10-16T23:40:00+00:00,490.37,490.38,490.12,490.1601,20537.0
2024-10-16T23:45:00+00:00,490.2099,490.25,490.15,490.25,10842.0
2024-10-16T23:50:00+00:00,490.25,490.32,490.19,490.2,3411.0
2024-10-16T23:55:00+00:00,490.2,490.2,490.2,490.2,421.0
2024-10-17T00:00:00+00:00,490.2099,490.32,490.15,490.15,22324.0
2024-10-17T08:05:00+00:00,492.12,493.95,492.12,493.74,27437.0
2024-10-17T08:10:00+00:00,493.73,493.73,493.24,493.4,2777.0
2024-10-17T08:15:00+00:00,493.5,493.67,493.5,493.56,4484.0
2024-10-17T08:20:00+00:00,492.12,493.95,492.12,493.66,37376.0
2024-10-17T08:25:00+00:00,493.66,493.8,493.65,493.77,4055.0
2024-10-17T08:30:00+00:00,493.75,494.01,493.75,494.01,8006.0
2024-10-17T08:35:00+00:00,494.02,494.32,494.0,494.19,6472.0
2024-10-17T08:40:00+00:00,493.66,494.32,493.65,494.18,20604.0
2024-10-17T08:45:00+00:00,494.09,494.16,494.02,494.16,1564.0
2024-10-17T08:50:00+00:00,494.12,494.31,494.12,494.31,5834.0
2024-10-17T08:55:00+00:00,494.34,494.55,494.31,494.55,2915.0
2024-10-17T09:00:00+00:00,494.09,494.56,494.02,494.43,19808.0
2024-10-17T09:05:00+00:00,494.56,494.67,494.47,494.61,6166.0
2024-10-17T09:10:00+00:00,494.56,494.82,494.56,494.61,4951.0
2024-10-17T09:15:00+00:00,494.54,494.68,494.54,494.68,1460.0
2024-10-17T09:20:00+00:00,494.56,494.82,494.3,494.3,17842.0
2024-10-17T09:25:00+00:00,494.37,494.44,494.29,494.33,3525.0
2024-10-17T09:30:00+00:00,494.43,494.43,494.28,494.33,2379.0
2024-10-17T09:35:00+00:00,494.14,494.14,494.0,494.0,6747.0
2024-10-17T09:40:00+00:00,494.37,494.44,493.98,494.26,21274.0
2024-10-17T09:45:00+00:00,494.36,494.37,494.28,494.37,1332.0
2024-10-17T09:50:00+00:00,494.46,494.56,494.42,494.42,3000.0
2024-10-17T09:55:00+00:00,494.47,494.63,494.47,494.62,6659.0
2024-10-17T10:00:00+00:00,494.36,494.63,494.28,494.44,14521.0
2024-10-17T10:05:00+00:00,494.43,494.67,494.43,494.67,670.0
2024-10-17T10:10:00+00:00,494.59,494.7,494.59,494.7,4829.0
2024-10-17T10:15:00+00:00,494.65,495.0,494.65,494.95,10630.0
2024-10-17T10:20:00+00:00,494.43,495.04,494.43,494.99,18590.0
2024-10-17T10:25:00+00:00,495.03,495.07,494.99,495.02,4860.0
2024-10-17T10:30:00+00:00,495.04,495.04,494.9,494.93,1824.0
2024-10-17T10:35:00+00:00,495.0,495.04,494.9,494.92,15328.0
2024-10-17T10:40:00+00:00,495.03,495.07,494.9,494.95,22968.0
2024-10-17T10:45:00+00:00,494.98,495.1,494.95,495.05,11422.0
2024-10-17T10:50:00+00:00,495.04,495.2,495.02,495.2,11308.0
2024-10-17T10:55:00+00:00,495.11,495.45,495.11,495.45,17736.0
2024-10-17T11:00:00+00:00,494.98,495.53,494.95,495.44,47582.0
2024-10-17T11:05:00+00:00,495.37,495.37,494.86,494.88,35120.0
2024-10-17T11:10:00+00:00,494.92,495.1,494.92,494.921,8176.0
2024-10-17T11:15:00+00:00,495.0,495.16,494.95,495.12,106901.0
2024-10-17T11:20:00+00:00,495.37,495.37,494.86,495.01,163061.0
2024-10-17T11:25:00+00:00,495.0,495.06,495.0,495.01,6207.0
2024-10-17T11:30:00+00:00,494.95,495.07,494.9,495.0,5310.0
2024-10-17T11:35:00+00:00,494.95,495.05,494.95,495.04,13842.0
2024-10-17T11:40:00+00:00,495.0,495.22,494.86,495.2,88014.0
2024-10-17T11:45:00+00:00,495.16,495.16,494.95,494.96,4240.0
2024-10-17T11:50:00+00:00,494.9,494.98,494.86,494.92,4630.0
2024-10-17T11:55:00+00:00,494.85,495.0,494.8,495.0,12365.0
2024-10-17T12:00:00+00:00,495.16,495.16,494.8,495.11,28445.0
2024-10-17T12:05:00+00:00,495.1,495.39,489.7,495.25,185046.0
2024-10-17T12:10:00+00:00,495.17,495.3,495.081,495.16,13761.0
2024-10-17T12:15:00+00:00,495.19,495.39,495.14,495.32,10840.0
2024-10-17T12:20:00+00:00,495.1,495.52,489.7,495.4,220951.0
2024-10-17T12:25:00+00:00,495.38,495.38,495.25,495.3,10564.0
2024-10-17T12:30:00+00:00,495.27,495.27,494.97,495.09,27709.0
2024-10-17T12:35:00+00:00,495.24,496.11,495.09,495.27,72981.0
2024-10-17T12:40:00+00:00,495.38,496.11,494.97,495.69,122717.0
2024-10-17T12:45:00+00:00,495.71,495.7465,495.14,495.22,35499.0
2024-10-17T12:50:00+00:00,495.16,495.5,495.06,495.45,21448.0
2024-10-17T12:55:00+00:00,495.44,495.72,495.44,495.72,12333.0
2024-10-17T13:00:00+00:00,495.71,496.11,495.06,496.11,254897.0
2024-10-17T13:05:00+00:00,496.12,496.44,496.112,496.36,62235.0
2024-10-17T13:10:00+00:00,496.32,496.93,496.32,496.79,46264.0
2024-10-17T13:15:00+00:00,496.74,496.76,496.55,496.57,30807.0
2024-10-17T13:20:00+00:00,496.12,496.93,496.112,496.7015,178313.0
2024-10-17T13:25:00+00:00,496.71,496.73,496.53,496.58,41297.0
2024-10-17T13:30:00+00:00,496.54,496.62,496.4,496.44,81333.0
2024-10-17T13:35:00+00:00,496.44,496.49,493.99,494.18,1654554.0
2024-10-17T13:40:00+00:00,496.71,496.73,492.34,493.12,3459252.0
2024-10-17T13:45:00+00:00,493.11,493.92,492.9,493.43,525618.0
2024-10-17T13:50:00+00:00,493.45,494.26,493.39,494.12,475860.0
2024-10-17T13:55:00+00:00,494.11,494.811,494.0,494.38,362979.0
2024-10-17T14:00:00+00:00,493.11,494.811,492.86,493.07,1824716.0
2024-10-17T14:05:00+00:00,493.13,493.52,491.65,492.19,660635.0
2024-10-17T14:10:00+00:00,492.24,492.61,491.7,491.7337,427082.0
2024-10-17T14:15:00+00:00,491.81,492.75,491.5401,492.6863,382903.0
2024-10-17T14:20:00+00:00,493.13,493.52,491.5401,492.93,1751174.0
2024-10-17T14:25:00+00:00,492.96,493.83,492.769,493.68,407166.0
2024-10-17T14:30:00+00:00,493.69,493.83,492.3,493.3699,411850.0
2024-10-17T14:35:00+00:00,493.4163,493.6201,493.03,493.29,197627.0
2024-10-17T14:40:00+00:00,492.96,493.83,492.3,492.7999,1284707.0
2024-10-17T14:45:00+00:00,492.8241,493.45,491.97,492.52,297534.0
2024-10-17T14:50:00+00:00,492.485,492.75,492.2035,492.43,277739.0
2024-10-17T14:55:00+00:00,492.46,492.52,491.79,492.422,295663.0
2024-10-17T15:00:00+00:00,492.8241,493.45,491.79,492.32,1200427.0
2024-10-17T15:05:00+00:00,492.34,492.5,491.66,491.66,277026.0
2024-10-17T15:10:00+00:00,491.65,493.002,491.57,492.89,407969.0
2024-10-17T15:15:00+00:00,492.89,493.33,492.71,493.3199,268194.0
2024-10-17T15:20:00+00:00,492.34,493.4899,491.57,492.81,1195120.0
2024-10-17T15:25:00+00:00,492.8,493.21,492.64,493.19,139252.0
2024-10-17T15:30:00+00:00,493.17,493.65,493.15,493.59,228049.0
2024-10-17T15:35:00+00:00,493.57,493.88,493.4004,493.8446,233764.0
2024-10-17T15:40:00+00:00,492.8,494.19,492.64,494.0375,910202.0
2024-10-17T15:45:00+00:00,494.05,494.1699,493.87,493.8901,118625.0
2024-10-17T15:50:00+00:00,493.94,494.05,493.73,493.94,114069.0
2024-10-17T15:55:00+00:00,493.89,494.16,493.8809,494.02,90426.0
2024-10-17T16:00:00+00:00,494.05,494.93,493.73,494.88,628025.0
2024-10-17T16:05:00+00:00,494.87,495.35,494.66,494.8089,441817.0
2024-10-17T16:10:00+00:00,494.78,495.07,494.599,494.69,179538.0
2024-10-17T16:15:00+00:00,494.66,494.7898,494.33,494.55,160706.0
2024-10-17T16:20:00+00:00,494.87,495.35,494.32,494.59,889661.0
2024-10-17T16:25:00+00:00,494.5873,494.69,494.3201,494.57,128367.0
2024-10-17T16:30:00+00:00,494.56,494.5884,494.05,494.285,228016.0
2024-10-17T16:35:00+00:00,494.28,494.28,493.45,493.691,264891.0
2024-10-17T16:40:00+00:00,494.5873,494.69,493.45,494.0,754534.0
2024-10-17T16:45:00+00:00,494.025,494.44,493.99,494.405,114070.0
2024-10-17T16:50:00+00:00,494.38,494.41,494.03,494.22,106356.0
2024-10-17T16:55:00+00:00,494.25,494.33,494.0,494.21,291285.0
2024-10-17T17:00:00+00:00,494.025,494.44,493.58,493.89,756115.0
2024-10-17T17:05:00+00:00,493.89,494.52,493.7101,494.4,269994.0
2024-10-17T17:10:00+00:00,494.42,494.62,494.1007,494.3,115030.0
2024-10-17T17:15:00+00:00,494.29,494.36,494.03,494.345,78386.0
2024-10-17T17:20:00+00:00,493.89,494.62,493.7101,494.09,533369.0
2024-10-17T17:25:00+00:00,494.07,494.26,493.9238,494.04,95840.0
2024-10-17T17:30:00+00:00,494.06,494.2,493.92,494.05,193937.0
2024-10-17T17:35:00+00:00,494.05,494.26,493.99,494.09,100113.0
2024-10-17T17:40:00+00:00,494.07,494.27,493.92,494.17,448290.0
2024-10-17T17:45:00+00:00,494.175,494.54,494.15,494.53,122975.0
2024-10-17T17:50:00+00:00,494.54,494.62,494.39,494.59,127709.0
2024-10-17T17:55:00+00:00,494.5788,494.7,494.22,494.32,143374.0
2024-10-17T18:00:00+00:00,494.175,494.7,494.0,494.1699,506997.0
2024-10-17T18:05:00+00:00,494.13,494.29,493.27,493.38,226075.0
2024-10-17T18:10:00+00:00,493.36,493.3992,492.46,492.5566,400587.0
2024-10-17T18:15:00+00:00,492.5,492.94,492.21,492.85,239017.0
2024-10-17T18:20:00+00:00,494.13,494.29,492.09,492.142,1201244.0
2024-10-17T18:25:00+00:00,492.14,492.23,491.68,491.94,261968.0
2024-10-17T18:30:00+00:00,491.95,492.41,491.8999,492.14,314103.0
2024-10-17T18:35:00+00:00,492.14,492.2775,491.89,491.96,173524.0
2024-10-17T18:40:00+00:00,492.14,492.41,491.47,492.24,1047323.0
2024-10-17T18:45:00+00:00,492.2299,492.25,491.79,492.0707,132641.0
2024-10-17T18:50:00+00:00,492.1,492.6449,492.05,492.47,235331.0
2024-10-17T18:55:00+00:00,492.475,492.85,492.44,492.76,158820.0
2024-10-17T19:00:00+00:00,492.2299,493.06,491.79,493.025,856346.0
2024-10-17T19:05:00+00:00,493.04,493.25,492.3,492.3601,543625.0
2024-10-17T19:10:00+00:00,492.34,492.77,492.275,492.75,414508.0
2024-10-17T19:15:00+00:00,492.76,492.94,492.67,492.81,107766.0
2024-10-17T19:20:00+00:00,493.04,493.25,492.275,492.618,1212167.0
2024-10-17T19:25:00+00:00,492.6,492.62,492.19,492.355,158053.0
2024-10-17T19:30:00+00:00,492.36,492.36,491.8,491.83,203621.0
2024-10-17T19:35:00+00:00,491.83,492.02,491.55,491.92,263557.0
2024-10-17T19:40:00+00:00,492.6,492.62,491.1901,491.39,948487.0
2024-10-17T19:45:00+00:00,491.41,491.99,491.41,491.88,235448.0
2024-10-17T19:50:00+00:00,491.87,491.9199,491.58,491.64,169642.0
2024-10-17T19:55:00+00:00,491.67,491.91,491.27,491.8,642702.0
2024-10-17T20:00:00+00:00,491.41,491.99,491.27,491.35,2299144.0
2024-10-17T20:05:00+00:00,491.37,492.11,491.23,491.85,583685.0
2024-10-17T20:10:00+00:00,491.85,492.45,491.25,492.28,315632.0
2024-10-17T20:15:00+00:00,492.24,492.55,491.99,492.01,370677.0
2024-10-17T20:20:00+00:00,491.37,492.55,491.23,492.36,1311185.0
2024-10-17T20:25:00+00:00,492.378,492.378,492.18,492.18,13171.0
2024-10-17T20:30:00+00:00,492.16,492.16,491.91,491.91,29084.0
2024-10-17T20:35:00+00:00,491.9,491.98,491.85,491.89,32754.0
2024-10-17T20:40:00+00:00,492.378,492.378,491.85,491.91,89805.0
2024-10-17T20:45:00+00:00,491.89,491.9292,491.85,491.88,5620.0
2024-10-17T20:50:00+00:00,491.86,491.97,491.84,491.94,5560.0
2024-10-17T20:55:00+00:00,491.91,491.97,491.85,491.92,7595.0
2024-10-17T21:00:00+00:00,491.89,491.97,491.84,491.88,23624.0
2024-10-17T21:05:00+00:00,491.89,491.89,491.77,491.78,6493.0
2024-10-17T21:10:00+00:00,491.81,491.9,491.7701,491.85,5095.0
2024-10-17T21:15:00+00:00,491.83,491.89,491.8,491.89,4940.0
2024-10-17T21:20:00+00:00,491.89,491.9,491.77,491.89,20461.0
2024-10-17T21:25:00+00:00,491.87,491.95,491.87,491.95,4490.0
2024-10-17T21:30:00+00:00,491.99,491.99,491.97,491.97,707.0
2024-10-17T21:35:00+00:00,491.91,491.99,491.9,491.9,3504.0
2024-10-17T21:40:00+00:00,491.87,492.008,491.87,492.0,10183.0
2024-10-17T21:45:00+00:00,492.0,492.0,491.99,491.99,1616.0
2024-10-17T21:50:00+00:00,491.93,491.95,491.93,491.95,858.0
2024-10-17T21:55:00+00:00,491.9,491.9,491.88,491.9,776.0
2024-10-17T22:00:00+00:00,492.0,492.0,491.88,491.94,3472.0
2024-10-17T22:05:00+00:00,491.99,492.14,491.76,491.82,14091.0
2024-10-17T22:10:00+00:00,491.8,491.89,491.74,491.84,4959.0
2024-10-17T22:15:00+00:00,491.87,492.0,491.83,492.0,2877.0
2024-10-17T22:20:00+00:00,491.99,492.14,491.74,492.0,23140.0
2024-10-17T22:25:00+00:00,492.08,492.22,492.08,492.18,22130.0
2024-10-17T22:30:00+00:00,492.24,492.26,492.23,492.25,7282.0
2024-10-17T22:35:00+00:00,492.27,492.49,492.27,492.43,6873.0
2024-10-17T22:40:00+00:00,492.08,492.5,492.08,492.4702,40294.0
2024-10-17T22:45:00+00:00,492.5096,492.5096,492.43,492.44,1128.0
2024-10-17T22:50:00+00:00,492.46,492.519,492.45,492.47,3325.0
2024-10-17T22:55:00+00:00,492.5004,492.55,492.5004,492.52,3541.0
2024-10-17T23:00:00+00:00,492.5096,492.55,492.362,492.41,9376.0
2024-10-17T23:05:00+00:00,492.363,492.43,492.36,492.41,2580.0
2024-10-17T23:10:00+00:00,492.31,492.32,492.3,492.3,645.0
2024-10-17T23:15:00+00:00,492.42,492.43,492.37,492.37,1344.0
2024-10-17T23:20:00+00:00,492.363,492.43,492.3,492.3499,5126.0
2024-10-17T23:25:00+00:00,492.42,492.42,492.35,492.35,2698.0
2024-10-17T23:30:00+00:00,492.33,492.33,492.32,492.32,584.0
2024-10-17T23:35:00+00:00,492.4196,492.47,492.41,492.47,1673.0
2024-10-17T23:40:00+00:00,492.42,492.56,492.32,492.56,9254.0
2024-10-17T23:45:00+00:00,492.5412,492.56,492.39,492.39,1128.0
2024-10-17T23:50:00+00:00,492.38,492.42,492.35,492.42,2075.0
2024-10-17T23:55:00+00:00,492.43,492.46,492.3999,492.42,1258.0
2024-10-18T00:00:00+00:00,492.5412,492.56,492.35,492.45,9755.0
2024-10-18T08:05:00+00:00,493.81,493.93,493.51,493.91,12638.0
2024-10-18T08:10:00+00:00,493.9,493.95,493.85,493.9,9723.0
2024-10-18T08:15:00+00:00,493.9,493.98,493.8,493.96,8196.0
2024-10-18T08:20:00+00:00,493.81,494.06,493.51,494.06,34867.0
2024-10-18T08:25:00+00:00,493.97,493.99,493.76,493.79,5215.0
2024-10-18T08:30:00+00:00,493.79,493.82,493.68,493.82,2074.0
2024-10-18T08:35:00+00:00,493.73,493.85,493.71,493.71,2304.0
2024-10-18T08:40:00+00:00,493.97,493.99,493.41,493.41,15016.0
2024-10-18T08:45:00+00:00,493.46,493.56,493.46,493.56,1575.0
2024-10-18T08:50:00+00:00,493.69,493.77,493.66,493.76,2835.0
2024-10-18T08:55:00+00:00,493.75,493.78,493.62,493.62,3068.0
2024-10-18T09:00:00+00:00,493.46,493.78,493.46,493.62,7478.0
2024-10-18T09:05:00+00:00,493.72,493.78,493.67,493.78,2212.0
2024-10-18T09:10:00+00:00,493.7,493.8,493.7,493.8,1764.0
2024-10-18T09:15:00+00:00,493.89,494.0,493.88,493.98,2490.0
2024-10-18T09:20:00+00:00,493.72,494.01,493.66,493.7,9301.0
2024-10-18T09:25:00+00:00,493.66,493.75,493.65,493.75,4511.0
2024-10-18T09:30:00+00:00,493.7,493.77,493.66,493.7,6218.0
2024-10-18T09:35:00+00:00,493.64,493.71,493.35,493.39,7199.0
2024-10-18T09:40:00+00:00,493.66,493.77,493.35,493.5,20179.0
2024-10-18T09:45:00+00:00,493.56,493.56,493.38,493.4,1924.0
2024-10-18T09:50:00+00:00,493.41,493.56,493.41,493.55,1974.0
2024-10-18T09:55:00+00:00,493.58,493.58,493.2,493.26,4631.0
2024-10-18T10:00:00+00:00,493.56,493.58,493.14,493.25,12854.0
2024-10-18T10:05:00+00:00,493.32,493.33,493.06,493.17,3153.0
2024-10-18T10:10:00+00:00,493.15,493.29,493.14,493.14,31462.0
2024-10-18T10:15:00+00:00,493.2,493.3,493.01,493.3,13234.0
2024-10-18T10:20:00+00:00,493.32,493.33,493.01,493.26,51974.0
2024-10-18T10:25:00+00:00,493.21,493.45,493.16,493.45,11512.0
2024-10-18T10:30:00+00:00,493.49,493.57,493.49,493.57,591.0
2024-10-18T10:35:00+00:00,493.57,493.6,493.52,493.56,3128.0
2024-10-18T10:40:00+00:00,493.21,493.61,493.16,493.61,16999.0
2024-10-18T10:45:00+00:00,493.63,493.71,493.6,493.62,3792.0
2024-10-18T10:50:00+00:00,493.67,493.74,493.59,493.74,5170.0
2024-10-18T10:55:00+00:00,493.76,493.76,493.57,493.63,2693.0
2024-10-18T11:00:00+00:00,493.63,493.76,493.57,493.72,13738.0
2024-10-18T11:05:00+00:00,493.68,493.76,493.59,493.65,25423.0
2024-10-18T11:10:00+00:00,493.64,493.64,493.43,493.43,8708.0
2024-10-18T11:15:00+00:00,493.51,493.9,493.501,493.9,9504.0
2024-10-18T11:20:00+00:00,493.68,494.06,493.43,494.02,61082.0
2024-10-18T11:25:00+00:00,494.02,494.04,493.9,494.04,2282.0
2024-10-18T11:30:00+00:00,494.11,494.28,494.11,494.2,5845.0
2024-10-18T11:35:00+00:00,494.14,494.3,494.14,494.25,7352.0
2024-10-18T11:40:00+00:00,494.02,494.35,493.9,494.27,28931.0
2024-10-18T11:45:00+00:00,494.33,494.34,494.216,494.22,11179.0
2024-10-18T11:50:00+00:00,494.2,494.33,494.15,494.29,9471.0
2024-10-18T11:55:00+00:00,494.3,494.4,494.2,494.24,6110.0
2024-10-18T12:00:00+00:00,494.33,494.4,494.15,494.165,30440.0
2024-10-18T12:05:00+00:00,494.2,494.4,490.882,494.1103,50244.0
2024-10-18T12:10:00+00:00,494.08,494.131,493.9,494.09,9474.0
2024-10-18T12:15:00+00:00,494.12,494.156,493.94,494.156,7642.0
2024-10-18T12:20:00+00:00,494.2,494.4,490.882,494.07,73667.0
2024-10-18T12:25:00+00:00,494.09,494.16,494.07,494.07,4177.0
2024-10-18T12:30:00+00:00,494.1,494.2,494.0602,494.2,5784.0
2024-10-18T12:35:00+00:00,494.2,494.46,494.2,494.44,20235.0
2024-10-18T12:40:00+00:00,494.09,494.47,494.0602,494.41,43818.0
2024-10-18T12:45:00+00:00,494.38,494.47,494.25,494.43,7484.0
2024-10-18T12:50:00+00:00,494.48,494.53,494.43,494.46,11683.0
2024-10-18T12:55:00+00:00,494.4896,494.4896,494.29,494.3584,12468.0
2024-10-18T13:00:00+00:00,494.38,494.53,494.25,494.39,44615.0
2024-10-18T13:05:00+00:00,494.4,494.58,494.4,494.53,18290.0
2024-10-18T13:10:00+00:00,494.51,494.67,494.47,494.64,13999.0
2024-10-18T13:15:00+00:00,494.67,494.82,494.64,494.81,9619.0
2024-10-18T13:20:00+00:00,494.4,495.05,494.4,494.9,72001.0
2024-10-18T13:25:00+00:00,494.9,494.99,494.841,494.85,31655.0
2024-10-18T13:30:00+00:00,494.77,494.9,493.94,494.12,305131.0
2024-10-18T13:35:00+00:00,494.06,494.12,493.3,493.35,887016.0
2024-10-18T13:40:00+00:00,494.9,494.99,493.3,493.7799,1636086.0
2024-10-18T13:45:00+00:00,493.74,494.965,493.56,494.838,481117.0
2024-10-18T13:50:00+00:00,494.84,495.16,493.73,493.826,574802.0
2024-10-18T13:55:00+00:00,493.81,494.6,493.71,494.28,297256.0
2024-10-18T14:00:00+00:00,493.74,495.16,493.56,494.3293,1618937.0
2024-10-18T14:05:00+00:00,494.4196,494.85,494.23,494.62,253295.0
2024-10-18T14:10:00+00:00,494.62,495.35,494.3799,495.22,382705.0
2024-10-18T14:15:00+00:00,495.22,495.44,494.58,494.63,430686.0
2024-10-18T14:20:00+00:00,494.4196,495.44,494.14,494.61,1262281.0
2024-10-18T14:25:00+00:00,494.63,494.78,494.38,494.75,126961.0
2024-10-18T14:30:00+00:00,494.75,494.97,494.33,494.89,134631.0
2024-10-18T14:35:00+00:00,494.89,495.05,494.48,494.72,137719.0
2024-10-18T14:40:00+00:00,494.63,495.05,494.2,494.6042,548079.0
2024-10-18T14:45:00+00:00,494.63,494.86,494.61,494.8389,146602.0
2024-10-18T14:50:00+00:00,494.83,494.97,494.7301,494.86,428869.0
2024-10-18T14:55:00+00:00,494.85,494.85,493.99,494.04,811782.0
2024-10-18T15:00:00+00:00,494.63,494.97,493.77,493.872,1849650.0
2024-10-18T15:05:00+00:00,493.88,494.64,493.85,494.55,216630.0
2024-10-18T15:10:00+00:00,494.57,494.77,494.19,494.72,253342.0
2024-10-18T15:15:00+00:00,494.73,494.81,494.48,494.74,1274809.0
2024-10-18T15:20:00+00:00,493.88,494.89,493.85,494.88,1872531.0
2024-10-18T15:25:00+00:00,494.87,495.05,494.72,495.02,150151.0
2024-10-18T15:30:00+00:00,495.025,495.27,494.76,495.19,179182.0
2024-10-18T15:35:00+00:00,495.2,495.57,494.94,494.94,372037.0
2024-10-18T15:40:00+00:00,494.87,495.57,494.64,494.81,1408619.0
2024-10-18T15:45:00+00:00,494.8,494.89,494.3,494.5,256074.0
2024-10-18T15:50:00+00:00,494.505,494.63,494.27,494.33,193009.0
2024-10-18T15:55:00+00:00,494.32,494.54,494.26,494.4801,145768.0
2024-10-18T16:00:00+00:00,494.8,494.89,493.96,494.1875,823579.0
2024-10-18T16:05:00+00:00,494.18,494.25,493.83,494.0,210117.0
2024-10-18T16:10:00+00:00,493.98,494.18,493.9487,494.12,87035.0
2024-10-18T16:15:00+00:00,494.12,494.1399,493.64,493.65,125097.0
2024-10-18T16:20:00+00:00,494.18,494.25,493.55,494.03,603464.0
2024-10-18T16:25:00+00:00,494.03,494.17,493.84,494.03,461767.0
2024-10-18T16:30:00+00:00,494.03,494.09,493.93,494.0,569310.0
2024-10-18T16:35:00+00:00,494.0,494.39,493.99,494.38,152219.0
2024-10-18T16:40:00+00:00,494.03,494.58,493.84,494.33,1333994.0
2024-10-18T16:45:00+00:00,494.32,494.66,494.32,494.645,88480.0
2024-10-18T16:50:00+00:00,494.64,494.79,494.52,494.6601,116457.0
2024-10-18T16:55:00+00:00,494.68,495.07,494.68,495.03,174245.0
2024-10-18T17:00:00+00:00,494.32,495.4,494.32,494.83,812415.0
2024-10-18T17:05:00+00:00,494.82,495.02,494.64,494.895,323015.0
2024-10-18T17:10:00+00:00,494.91,495.445,494.91,495.21,296291.0
2024-10-18T17:15:00+00:00,495.21,495.38,495.17,495.18,126054.0
2024-10-18T17:20:00+00:00,494.82,495.445,494.64,495.22,892282.0
2024-10-18T17:25:00+00:00,495.235,495.27,494.87,495.04,101755.0
2024-10-18T17:30:00+00:00,495.05,495.1,494.59,494.69,284104.0
2024-10-18T17:35:00+00:00,494.72,494.89,494.51,494.89,146543.0
2024-10-18T17:40:00+00:00,495.235,495.27,494.51,494.91,634568.0
2024-10-18T17:45:00+00:00,494.92,494.96,494.73,494.82,84759.0
2024-10-18T17:50:00+00:00,494.82,495.03,494.81,494.8701,101781.0
2024-10-18T17:55:00+00:00,494.89,494.93,494.5517,494.57,134276.0
2024-10-18T18:00:00+00:00,494.92,495.03,494.42,494.57,430029.0
2024-10-18T18:05:00+00:00,494.55,494.5863,493.72,494.49,342913.0
2024-10-18T18:10:00+00:00,494.48,494.62,494.38,494.58,134323.0
2024-10-18T18:15:00+00:00,494.62,494.93,494.59,494.9,99219.0
2024-10-18T18:20:00+00:00,494.55,495.06,493.72,495.0,697760.0
2024-10-18T18:25:00+00:00,494.99,495.01,494.7801,494.859,83411.0
2024-10-18T18:30:00+00:00,494.855,495.08,494.85,494.95,99234.0
2024-10-18T18:35:00+00:00,494.98,495.0559,494.6713,494.84,166487.0
2024-10-18T18:40:00+00:00,494.99,495.08,494.66,494.8,422481.0
2024-10-18T18:45:00+00:00,494.79,494.92,494.655,494.83,107537.0
2024-10-18T18:50:00+00:00,494.79,494.87,494.7,494.7001,197482.0
2024-10-18T18:55:00+00:00,494.71,494.8,494.48,494.56,147664.0
2024-10-18T19:00:00+00:00,494.79,494.92,494.48,494.72,560702.0
2024-10-18T19:05:00+00:00,494.71,494.71,494.17,494.44,185489.0
2024-10-18T19:10:00+00:00,494.45,494.62,494.26,494.53,166403.0
2024-10-18T19:15:00+00:00,494.5387,494.7,494.41,494.64,151216.0
2024-10-18T19:20:00+00:00,494.71,494.71,494.17,494.55,720790.0
2024-10-18T19:25:00+00:00,494.53,494.59,494.38,494.44,278589.0
2024-10-18T19:30:00+00:00,494.445,494.81,494.425,494.7,297215.0
2024-10-18T19:35:00+00:00,494.68,494.69,494.45,494.48,664001.0
2024-10-18T19:40:00+00:00,494.53,494.81,494.35,494.415,1395860.0
2024-10-18T19:45:00+00:00,494.415,494.47,494.12,494.265,573410.0
2024-10-18T19:50:00+00:00,494.27,494.42,494.11,494.1106,659104.0
2024-10-18T19:55:00+00:00,494.12,494.47,493.88,494.42,931151.0
2024-10-18T20:00:00+00:00,494.415,494.68,493.88,494.51,3504147.0
2024-10-18T20:05:00+00:00,494.52,494.77,494.31,494.73,230151.0
2024-10-18T20:10:00+00:00,494.74,494.98,494.47,494.76,53559.0
2024-10-18T20:15:00+00:00,494.7,494.78,494.7,494.78,210359.0
2024-10-18T20:20:00+00:00,494.52,494.98,494.31,494.72,505535.0
2024-10-18T20:25:00+00:00,494.69,494.7594,494.64,494.7,5134.0
2024-10-18T20:30:00+00:00,494.69,494.75,494.6,494.64,6973.0
2024-10-18T20:35:00+00:00,494.63,494.7,494.621,494.63,9080.0
2024-10-18T20:40:00+00:00,494.69,494.7594,494.6,494.67,26657.0
2024-10-18T20:45:00+00:00,494.67,494.73,494.67,494.7,1207.0
2024-10-18T20:50:00+00:00,494.68,494.68,494.59,494.6,4381.0
2024-10-18T20:55:00+00:00,494.59,494.59,494.5,494.53,22286.0
2024-10-18T21:00:00+00:00,494.67,494.73,494.5,494.52,33415.0
2024-10-18T21:05:00+00:00,494.5,494.51,494.5,494.51,2547.0
2024-10-18T21:10:00+00:00,494.51,494.53,494.5,494.5,4948.0
2024-10-18T21:15:00+00:00,494.52,494.52,494.5,494.5,652.0
2024-10-18T21:20:00+00:00,494.5,494.55,494.5,494.55,12769.0
2024-10-18T21:25:00+00:00,494.59,494.65,494.59,494.65,1679.0
2024-10-18T21:30:00+00:00,494.6,494.65,494.6,494.65,3475.0
2024-10-18T21:35:00+00:00,494.65,494.75,494.65,494.75,2750.0
2024-10-18T21:40:00+00:00,494.59,494.75,494.55,494.55,9422.0
2024-10-18T21:45:00+00:00,494.55,494.7,494.55,494.7,2938.0
2024-10-18T21:50:00+00:00,494.7,494.7,494.7,494.7,808.0
2024-10-18T22:00:00+00:00,494.55,494.7,494.55,494.62,4391.0
2024-10-18T22:10:00+00:00,494.5619,494.6,494.5619,494.57,512.0
2024-10-18T22:20:00+00:00,494.5619,494.6,494.5619,494.57,512.0
2024-10-18T22:30:00+00:00,494.62,494.62,494.62,494.62,493.0
2024-10-18T22:35:00+00:00,494.61,494.61,494.61,494.61,133.0
2024-10-18T22:40:00+00:00,494.62,494.62,494.56,494.56,1638.0
2024-10-18T22:50:00+00:00,494.5801,494.62,494.5801,494.62,312.0
2024-10-18T22:55:00+00:00,494.58,494.62,494.58,494.62,1158.0
2024-10-18T23:00:00+00:00,494.5801,494.69,494.58,494.69,2822.0
2024-10-18T23:10:00+00:00,494.6,494.69,494.6,494.69,407.0
2024-10-18T23:20:00+00:00,494.6,494.69,494.6,494.69,407.0
2024-10-18T23:35:00+00:00,494.6,494.6,494.6,494.6,562.0
2024-10-18T23:40:00+00:00,494.6,494.65,494.6,494.65,662.0
2024-10-18T23:45:00+00:00,494.609,494.62,494.609,494.62,700.0
2024-10-18T23:50:00+00:00,494.6,494.6,494.6,494.6,108.0
2024-10-18T23:55:00+00:00,494.62,494.64,494.5601,494.5601,1564.0
2024-10-19T00:00:00+00:00,494.609,494.64,494.56,494.58,4133.0
2024-10-21T08:05:00+00:00,494.02,494.02,493.56,493.94,11202.0
2024-10-21T08:10:00+00:00,493.91,494.0,493.88,493.91,6740.0
2024-10-21T08:15:00+00:00,493.84,493.84,493.6,493.6,3830.0
2024-10-21T08:20:00+00:00,494.02,494.02,493.56,493.61,24716.0
2024-10-21T08:25:00+00:00,493.61,493.72,493.61,493.64,2989.0
2024-10-21T08:30:00+00:00,493.61,493.66,493.61,493.66,616.0
2024-10-21T08:35:00+00:00,493.7,493.7,493.62,493.62,762.0
2024-10-21T08:40:00+00:00,493.61,493.8,493.61,493.75,5259.0
2024-10-21T08:50:00+00:00,493.73,493.79,493.67,493.79,1286.0
2024-10-21T08:55:00+00:00,493.84,494.01,493.84,494.01,1175.0
2024-10-21T09:00:00+00:00,493.73,494.04,493.67,494.04,3286.0
2024-10-21T09:05:00+00:00,493.96,493.96,493.96,493.96,206.0
2024-10-21T09:10:00+00:00,493.84,493.86,493.62,493.62,4636.0
2024-10-21T09:15:00+00:00,493.68,493.7,493.63,493.63,1027.0
2024-10-21T09:20:00+00:00,493.96,493.96,493.58,493.58,6147.0
2024-10-21T09:25:00+00:00,493.48,493.48,493.25,493.25,3845.0
2024-10-21T09:30:00+00:00,493.19,493.28,492.89,493.05,7383.0
2024-10-21T09:35:00+00:00,492.97,493.07,492.55,492.8,3925.0
2024-10-21T09:40:00+00:00,493.48,493.48,492.55,493.06,16968.0
2024-10-21T09:45:00+00:00,493.12,493.22,493.12,493.22,722.0
2024-10-21T09:50:00+00:00,493.28,493.37,493.23,493.23,2303.0
2024-10-21T09:55:00+00:00,493.25,493.32,493.24,493.24,1642.0
2024-10-21T10:00:00+00:00,493.12,493.37,493.12,493.16,5605.0
2024-10-21T10:05:00+00:00,493.13,493.18,493.13,493.13,654.0
2024-10-21T10:10:00+00:00,493.0,493.0,492.97,492.97,596.0
2024-10-21T10:15:00+00:00,493.14,493.14,493.14,493.14,402.0
2024-10-21T10:20:00+00:00,493.13,493.33,492.97,493.14,2335.0
2024-10-21T10:25:00+00:00,493.21,493.21,493.07,493.07,1346.0
2024-10-21T10:30:00+00:00,493.15,493.15,493.06,493.06,820.0
2024-10-21T10:35:00+00:00,493.11,493.24,493.11,493.23,3529.0
2024-10-21T10:40:00+00:00,493.21,493.27,492.93,492.97,9444.0
2024-10-21T10:45:00+00:00,492.89,493.0,492.59,492.59,9573.0
2024-10-21T10:50:00+00:00,492.52,492.53,492.05,492.33,32764.0
2024-10-21T10:55:00+00:00,492.18,492.21,491.94,492.2,8397.0
2024-10-21T11:00:00+00:00,492.89,493.0,491.9,491.9,55307.0
2024-10-21T11:05:00+00:00,491.95,492.19,491.75,492.15,28176.0
2024-10-21T11:10:00+00:00,492.14,492.15,491.92,492.05,71878.0
2024-10-21T11:15:00+00:00,492.1,492.1,491.82,491.85,24524.0
2024-10-21T11:20:00+00:00,491.95,492.19,491.35,491.58,139068.0
2024-10-21T11:25:00+00:00,491.56,491.58,491.41,491.43,23430.0
2024-10-21T11:30:00+00:00,491.41,491.54,491.34,491.37,12814.0
2024-10-21T11:35:00+00:00,491.29,491.74,491.29,491.6,5869.0
2024-10-21T11:40:00+00:00,491.56,491.74,491.29,491.41,47911.0
2024-10-21T11:45:00+00:00,491.54,491.75,491.54,491.66,5086.0
2024-10-21T11:50:00+00:00,491.56,491.63,491.42,491.63,4916.0
2024-10-21T11:55:00+00:00,491.54,491.66,491.44,491.66,5764.0
2024-10-21T12:00:00+00:00,491.54,491.75,491.42,491.62,21106.0
2024-10-21T12:05:00+00:00,492.0,494.47,491.37,491.64,42037.0
2024-10-21T12:10:00+00:00,491.66,491.88,491.66,491.84,8117.0
2024-10-21T12:15:00+00:00,491.83,492.02,491.75,491.98,18090.0
2024-10-21T12:20:00+00:00,492.0,494.47,491.37,492.14,110796.0
2024-10-21T12:25:00+00:00,492.12,492.39,492.02,492.18,34935.0
2024-10-21T12:30:00+00:00,492.27,492.424,492.27,492.4,5700.0
2024-10-21T12:35:00+00:00,492.36,492.59,492.32,492.5497,20386.0
2024-10-21T12:40:00+00:00,492.12,492.61,492.02,492.22,73056.0
2024-10-21T12:45:00+00:00,492.2404,492.4,492.24,492.36,11625.0
2024-10-21T12:50:00+00:00,492.42,492.72,492.42,492.72,17627.0
2024-10-21T12:55:00+00:00,492.69,492.7702,492.55,492.7,7323.0
2024-10-21T13:00:00+00:00,492.2404,492.7702,492.24,492.61,48073.0
2024-10-21T13:05:00+00:00,492.58,492.74,492.5,492.74,8054.0
2024-10-21T13:10:00+00:00,492.75,492.79,492.61,492.79,25989.0
2024-10-21T13:15:00+00:00,492.79,492.92,492.79,492.92,26410.0
2024-10-21T13:20:00+00:00,492.58,493.09,492.5,493.08,71345.0
2024-10-21T13:25:00+00:00,493.04,493.1,493.0,493.08,8500.0
2024-10-21T13:30:00+00:00,493.05,493.26,492.97,493.25,31176.0
2024-10-21T13:35:00+00:00,493.25,494.09,493.12,493.635,674163.0
2024-10-21T13:40:00+00:00,493.04,494.675,492.97,494.205,1260112.0
2024-10-21T13:45:00+00:00,494.16,494.511,493.82,494.41,239320.0
2024-10-21T13:50:00+00:00,494.4,494.77,494.19,494.7499,514515.0
2024-10-21T13:55:00+00:00,494.73,495.0,494.32,494.88,322194.0
2024-10-21T14:00:00+00:00,494.16,495.0,493.82,494.77,1359996.0
2024-10-21T14:05:00+00:00,494.83,495.259,494.66,494.93,312973.0
2024-10-21T14:10:00+00:00,494.94,495.83,494.8203,495.58,565035.0
2024-10-21T14:15:00+00:00,495.6,495.7,495.12,495.63,366100.0
2024-10-21T14:20:00+00:00,494.83,496.23,494.66,496.1301,1619199.0
2024-10-21T14:25:00+00:00,496.16,496.18,495.43,495.48,305083.0
2024-10-21T14:30:00+00:00,495.45,495.5,495.0047,495.15,324125.0
2024-10-21T14:35:00+00:00,495.14,495.26,494.41,494.86,350502.0
2024-10-21T14:40:00+00:00,496.16,496.18,493.71,493.74,1579297.0
2024-10-21T14:45:00+00:00,493.73,493.94,492.97,493.41,792156.0
2024-10-21T14:50:00+00:00,493.42,493.42,492.17,493.19,1106023.0
2024-10-21T14:55:00+00:00,493.2,493.6,492.89,493.2,280616.0
2024-10-21T15:00:00+00:00,493.73,493.94,492.17,493.33,2446534.0
2024-10-21T15:05:00+00:00,493.26,493.46,492.47,492.61,333059.0
2024-10-21T15:10:00+00:00,492.6,492.67,491.52,491.56,757418.0
2024-10-21T15:15:00+00:00,491.56,492.5,491.46,492.334,499087.0
2024-10-21T15:20:00+00:00,493.26,493.46,491.46,492.0099,1903360.0
2024-10-21T15:25:00+00:00,491.99,492.08,491.75,491.83,207501.0
2024-10-21T15:30:00+00:00,491.82,491.92,491.31,491.6514,209367.0
2024-10-21T15:35:00+00:00,491.57,492.2499,491.49,492.23,316544.0
2024-10-21T15:40:00+00:00,491.99,492.65,491.31,492.6,1380243.0
2024-10-21T15:45:00+00:00,492.6,492.98,492.35,492.79,483151.0
2024-10-21T15:50:00+00:00,492.7987,493.44,492.78,493.345,436527.0
2024-10-21T15:55:00+00:00,493.36,493.77,493.24,493.27,785810.0
2024-10-21T16:00:00+00:00,492.6,494.1112,492.35,493.904,2102935.0
2024-10-21T16:05:00+00:00,493.87,494.126,493.73,494.02,286381.0
2024-10-21T16:10:00+00:00,494.03,494.05,493.615,493.87,278280.0
2024-10-21T16:15:00+00:00,493.85,493.94,493.38,493.746,211775.0
2024-10-21T16:20:00+00:00,493.87,494.126,493.38,493.8399,900016.0
2024-10-21T16:25:00+00:00,493.84,493.91,493.58,493.86,168848.0
2024-10-21T16:30:00+00:00,493.86,493.89,493.3727,493.57,161350.0
2024-10-21T16:35:00+00:00,493.58,493.84,493.5,493.79,127110.0
2024-10-21T16:40:00+00:00,493.84,493.91,493.19,493.3529,596894.0
2024-10-21T16:45:00+00:00,493.37,493.575,493.37,493.54,111925.0
2024-10-21T16:50:00+00:00,493.51,493.7901,493.45,493.65,122379.0
2024-10-21T16:55:00+00:00,493.66,494.18,493.66,494.09,184067.0
2024-10-21T17:00:00+00:00,493.37,494.39,493.37,494.25,596909.0
2024-10-21T17:05:00+00:00,494.24,494.48,494.16,494.27,266318.0
2024-10-21T17:10:00+00:00,494.27,494.42,494.14,494.34,106656.0
2024-10-21T17:15:00+00:00,494.365,494.64,494.32,494.605,170883.0
2024-10-21T17:20:00+00:00,494.24,494.77,494.01,494.2,794707.0
2024-10-21T17:25:00+00:00,494.2,494.36,493.92,494.29,167591.0
2024-10-21T17:30:00+00:00,494.297,494.39,494.24,494.29,371938.0
2024-10-21T17:35:00+00:00,494.3,494.51,494.29,494.49,170177.0
2024-10-21T17:40:00+00:00,494.2,494.62,493.92,494.6145,818772.0
2024-10-21T17:45:00+00:00,494.6,494.62,494.3501,494.445,137857.0
2024-10-21T17:50:00+00:00,494.46,494.72,494.41,494.65,169737.0
2024-10-21T17:55:00+00:00,494.645,494.8,494.6,494.77,197904.0
2024-10-21T18:00:00+00:00,494.6,494.9091,494.3501,494.79,683077.0
2024-10-21T18:05:00+00:00,494.8,494.9,494.62,494.75,229503.0
2024-10-21T18:10:00+00:00,494.74,494.75,494.3,494.39,320115.0
2024-10-21T18:15:00+00:00,494.4,494.72,494.31,494.58,141064.0
2024-10-21T18:20:00+00:00,494.8,494.9,494.3,494.62,929101.0
2024-10-21T18:25:00+00:00,494.65,494.69,493.8801,494.28,278362.0
2024-10-21T18:30:00+00:00,494.27,494.51,494.21,494.2127,118132.0
2024-10-21T18:35:00+00:00,494.21,494.4,494.041,494.32,188799.0
2024-10-21T18:40:00+00:00,494.65,494.69,493.8801,494.205,680885.0
2024-10-21T18:45:00+00:00,494.21,494.22,493.84,493.89,204220.0
2024-10-21T18:50:00+00:00,493.88,494.21,493.83,494.1664,449386.0
2024-10-21T18:55:00+00:00,494.12,494.22,493.97,494.03,274136.0
2024-10-21T19:00:00+00:00,494.21,494.22,493.82,493.95,1084916.0
2024-10-21T19:05:00+00:00,493.96,494.06,493.68,493.79,288820.0
2024-10-21T19:10:00+00:00,493.795,494.1699,493.785,494.1102,342665.0
2024-10-21T19:15:00+00:00,494.1505,494.64,494.1505,494.53,226018.0
2024-10-21T19:20:00+00:00,493.96,494.83,493.68,494.78,1133227.0
2024-10-21T19:25:00+00:00,494.79,494.79,494.4,494.52,192991.0
2024-10-21T19:30:00+00:00,494.48,494.69,494.33,494.45,217518.0
2024-10-21T19:35:00+00:00,494.44,494.46,493.97,494.13,226824.0
2024-10-21T19:40:00+00:00,494.79,494.79,493.97,494.14,796128.0
2024-10-21T19:45:00+00:00,494.13,494.34,494.05,494.29,199353.0
2024-10-21T19:50:00+00:00,494.27,494.76,494.25,494.73,330592.0
2024-10-21T19:55:00+00:00,494.75,495.288,494.47,495.15,593720.0
2024-10-21T20:00:00+00:00,494.13,495.53,494.05,495.48,3250475.0
2024-10-21T20:05:00+00:00,495.48,495.62,495.25,495.6,410098.0
2024-10-21T20:10:00+00:00,495.6,495.66,495.42,495.57,396894.0
2024-10-21T20:15:00+00:00,495.58,495.75,495.58,495.6,835977.0
2024-10-21T20:20:00+00:00,495.48,495.771,494.4706,495.73,1771708.0
2024-10-21T20:25:00+00:00,495.71,495.9,495.71,495.87,167901.0
2024-10-21T20:30:00+00:00,495.92,495.99,495.92,495.95,48042.0
2024-10-21T20:35:00+00:00,495.93,495.93,495.78,495.89,22544.0
2024-10-21T20:40:00+00:00,495.71,496.07,495.71,496.05,353306.0
2024-10-21T20:45:00+00:00,496.05,496.08,496.04,496.04,615077.0
2024-10-21T20:50:00+00:00,496.04,496.11,496.02,496.11,111357.0
2024-10-21T20:55:00+00:00,495.98,495.98,495.86,495.87,66381.0
2024-10-21T21:00:00+00:00,496.05,496.11,495.86,495.93,874708.0
2024-10-21T21:05:00+00:00,496.02,496.02,495.96,495.961,1982.0
2024-10-21T21:10:00+00:00,495.96,496.0,495.96,495.9701,6302.0
2024-10-21T21:15:00+00:00,495.99,495.99,495.9301,495.97,2822.0
2024-10-21T21:20:00+00:00,496.02,496.02,495.42,495.98,63058.0
2024-10-21T21:25:00+00:00,495.95,496.01,495.95,496.01,5473.0
2024-10-21T21:30:00+00:00,495.9234,495.96,495.91,495.92,1584.0
2024-10-21T21:35:00+00:00,495.96,495.96,495.92,495.9599,1146.0
2024-10-21T21:40:00+00:00,495.95,496.01,495.91,495.96,9460.0
2024-10-21T21:45:00+00:00,495.94,495.9555,495.92,495.92,948.0
2024-10-21T21:50:00+00:00,495.92,495.92,495.9,495.9,1016.0
2024-10-21T21:55:00+00:00,495.9,495.93,495.88,495.93,2765.0
2024-10-21T22:00:00+00:00,495.94,495.9555,495.88,495.94,4934.0
2024-10-21T22:05:00+00:00,495.93,495.93,495.7,495.71,8733.0
2024-10-21T22:10:00+00:00,495.75,495.97,495.75,495.97,2964.0
2024-10-21T22:15:00+00:00,495.96,495.96,495.89,495.89,885.0
2024-10-21T22:20:00+00:00,495.93,495.97,495.7,495.78,12918.0
2024-10-21T22:25:00+00:00,495.74,495.76,495.74,495.75,1730.0
2024-10-21T22:30:00+00:00,495.94,495.94,495.83,495.83,457.0
2024-10-21T22:35:00+00:00,495.79,495.79,495.79,495.79,204.0
2024-10-21T22:40:00+00:00,495.74,495.94,495.62,495.62,7104.0
2024-10-21T22:45:00+00:00,495.56,495.62,495.4207,495.52,18132.0
2024-10-21T22:50:00+00:00,495.52,495.5896,495.46,495.5,3910.0
2024-10-21T22:55:00+00:00,495.53,495.53,495.5,495.53,522.0
2024-10-21T23:00:00+00:00,495.56,495.62,495.38,495.4,32226.0
2024-10-21T23:05:00+00:00,495.4,495.55,495.4,495.55,1055.0
2024-10-21T23:10:00+00:00,495.59,495.59,495.5091,495.52,2331.0
2024-10-21T23:15:00+00:00,495.42,495.44,495.42,495.42,5974.0
2024-10-21T23:20:00+00:00,495.4,495.59,495.4,495.43,13399.0
2024-10-21T23:25:00+00:00,495.44,495.48,495.42,495.45,2975.0
2024-10-21T23:30:00+00:00,495.43,495.45,495.38,495.42,1986.0
2024-10-21T23:35:00+00:00,495.38,495.4,495.38,495.4,507.0
2024-10-21T23:40:00+00:00,495.44,495.48,495.3,495.32,12051.0
2024-10-21T23:45:00+00:00,495.32,495.36,495.28,495.32,8443.0
2024-10-21T23:50:00+00:00,495.35,495.35,495.2399,495.26,6889.0
2024-10-21T23:55:00+00:00,495.29,495.42,495.28,495.42,5703.0
2024-10-22T00:00:00+00:00,495.32,495.45,495.2399,495.4,31913.0
2024-10-22T08:05:00+00:00,494.5,494.5,493.89,493.89,14219.0
2024-10-22T08:10:00+00:00,494.1,494.31,493.98,494.31,5520.0
2024-10-22T08:15:00+00:00,494.21,494.36,494.06,494.36,4001.0
2024-10-22T08:20:00+00:00,494.5,494.5,493.89,494.35,25508.0
2024-10-22T08:25:00+00:00,494.27,494.34,494.27,494.34,613.0
2024-10-22T08:30:00+00:00,494.3,494.32,494.1,494.1,2897.0
2024-10-22T08:35:00+00:00,494.17,494.17,493.5,493.68,4496.0
2024-10-22T08:40:00+00:00,494.27,494.34,493.5,493.73,8874.0
2024-10-22T08:45:00+00:00,493.71,493.86,493.71,493.84,3203.0
2024-10-22T08:50:00+00:00,494.03,494.03,493.98,493.98,1534.0
2024-10-22T08:55:00+00:00,493.91,493.91,493.72,493.77,1444.0
2024-10-22T09:00:00+00:00,493.71,494.03,493.48,493.5,8768.0
2024-10-22T09:05:00+00:00,493.33,493.33,493.15,493.33,5492.0
2024-10-22T09:10:00+00:00,493.39,493.39,493.31,493.37,1583.0
2024-10-22T09:15:00+00:00,493.34,493.34,493.07,493.09,3944.0
2024-10-22T09:20:00+00:00,493.33,493.39,492.8,492.8,16790.0
2024-10-22T09:25:00+00:00,492.76,492.82,492.47,492.54,32702.0
2024-10-22T09:30:00+00:00,492.47,492.56,492.31,492.37,11939.0
2024-10-22T09:35:00+00:00,492.59,492.6,492.48,492.52,4567.0
2024-10-22T09:40:00+00:00,492.76,492.83,492.31,492.79,53442.0
2024-10-22T09:45:00+00:00,492.81,492.81,492.49,492.49,6773.0
2024-10-22T09:50:00+00:00,492.48,492.57,492.1,492.1,8090.0
2024-10-22T09:55:00+00:00,492.27,492.47,492.16,492.27,1601.0
2024-10-22T10:00:00+00:00,492.81,492.81,492.1,492.37,28113.0
2024-10-22T10:05:00+00:00,492.31,492.37,492.13,492.13,4506.0
2024-10-22T10:10:00+00:00,492.09,492.51,492.09,492.51,7519.0
2024-10-22T10:15:00+00:00,492.68,492.9,492.66,492.9,2723.0
2024-10-22T10:20:00+00:00,492.31,492.9,492.09,492.82,18447.0
2024-10-22T10:25:00+00:00,492.8,492.95,492.78,492.85,4538.0
2024-10-22T10:30:00+00:00,492.88,492.88,492.49,492.49,3867.0
2024-10-22T10:35:00+00:00,492.65,492.81,492.5,492.78,1755.0
2024-10-22T10:40:00+00:00,492.8,492.95,492.35,492.43,11347.0
2024-10-22T10:45:00+00:00,492.41,492.55,492.41,492.46,2362.0
2024-10-22T10:50:00+00:00,492.52,492.7,492.51,492.56,2172.0
2024-10-22T10:55:00+00:00,492.6,492.64,492.37,492.37,4524.0
2024-10-22T11:00:00+00:00,492.41,492.7,492.29,492.55,24955.0
2024-10-22T11:05:00+00:00,492.55,492.95,492.55,492.9,115080.0
2024-10-22T11:10:00+00:00,492.9,492.98,492.68,492.86,57084.0
2024-10-22T11:15:00+00:00,492.84,492.94,492.74,492.84,40558.0
2024-10-22T11:20:00+00:00,492.55,493.05,492.55,493.01,227587.0
2024-10-22T11:25:00+00:00,493.05,493.31,493.02,493.29,18353.0
2024-10-22T11:30:00+00:00,493.25,493.47,493.25,493.39,19291.0
2024-10-22T11:35:00+00:00,493.35,493.47,493.22,493.22,19480.0
2024-10-22T11:40:00+00:00,493.05,493.47,493.02,493.31,81566.0
2024-10-22T11:45:00+00:00,493.35,493.35,492.94,492.97,40381.0
2024-10-22T11:50:00+00:00,493.01,493.01,492.76,492.8,33844.0
2024-10-22T11:55:00+00:00,492.8,493.01,492.7,492.98,21227.0
2024-10-22T12:00:00+00:00,493.35,493.35,492.7,492.93,107237.0
2024-10-22T12:05:00+00:00,492.82,494.6,492.2404,493.17,94018.0
2024-10-22T12:10:00+00:00,493.18,493.68,493.18,493.57,29340.0
2024-10-22T12:15:00+00:00,493.58,493.62,493.39,493.48,49430.0
2024-10-22T12:20:00+00:00,492.82,494.6,492.2404,493.48,197811.0
2024-10-22T12:25:00+00:00,493.5,493.619,493.5,493.52,16122.0
2024-10-22T12:30:00+00:00,493.52,493.56,493.1,493.16,33325.0
2024-10-22T12:35:00+00:00,493.25,493.36,492.66,492.79,56395.0
2024-10-22T12:40:00+00:00,493.5,493.619,492.32,492.38,150902.0
2024-10-22T12:45:00+00:00,492.34,492.54,491.89,492.1,84238.0
2024-10-22T12:50:00+00:00,492.07,492.2,491.74,491.96,76529.0
2024-10-22T12:55:00+00:00,491.97,492.17,491.8896,492.12,8849.0
2024-10-22T13:00:00+00:00,492.34,492.65,491.74,492.56,209253.0
2024-10-22T13:05:00+00:00,492.55,492.55,492.05,492.05,23149.0
2024-10-22T13:10:00+00:00,492.08,492.21,491.81,491.82,18045.0
2024-10-22T13:15:00+00:00,491.83,492.47,491.83,492.47,31784.0
2024-10-22T13:20:00+00:00,492.55,492.55,491.81,492.52,95702.0
2024-10-22T13:25:00+00:00,492.5,492.73,492.49,492.61,21388.0
2024-10-22T13:30:00+00:00,492.56,492.72,492.37,492.7,44834.0
2024-10-22T13:35:00+00:00,492.73,493.1801,491.97,492.7099,1469610.0
2024-10-22T13:40:00+00:00,492.5,493.5691,491.97,493.2915,2019243.0
2024-10-22T13:45:00+00:00,493.3309,494.08,493.12,493.74,422162.0
2024-10-22T13:50:00+00:00,493.79,494.57,493.7,493.965,443318.0
2024-10-22T13:55:00+00:00,493.96,494.21,493.39,494.1437,623582.0
2024-10-22T14:00:00+00:00,493.3309,494.57,493.12,494.11,1864804.0
2024-10-22T14:05:00+00:00,494.186,494.3,493.63,494.07,211126.0
2024-10-22T14:10:00+00:00,494.0941,495.5,494.0,494.86,680957.0
2024-10-22T14:15:00+00:00,494.82,495.34,494.54,495.33,339245.0
2024-10-22T14:20:00+00:00,494.186,495.5,493.63,495.02,1610284.0
2024-10-22T14:25:00+00:00,495.03,495.11,494.2499,494.67,400392.0
2024-10-22T14:30:00+00:00,494.73,495.04,494.5949,494.7501,185203.0
2024-10-22T14:35:00+00:00,494.79,495.2999,494.79,494.97,175749.0
2024-10-22T14:40:00+00:00,495.03,495.31,494.2499,494.64,964096.0
2024-10-22T14:45:00+00:00,494.63,494.95,494.27,494.27,195627.0
2024-10-22T14:50:00+00:00,494.2875,494.5,493.84,494.21,489774.0
2024-10-22T14:55:00+00:00,494.21,494.97,494.17,494.89,297609.0
2024-10-22T15:00:00+00:00,494.63,495.1,493.84,494.87,1281124.0
2024-10-22T15:05:00+00:00,494.87,495.31,494.8,494.9,272188.0
2024-10-22T15:10:00+00:00,494.91,495.1,494.656,494.72,247283.0
2024-10-22T15:15:00+00:00,494.6913,494.7599,494.39,494.4,158653.0
2024-10-22T15:20:00+00:00,494.87,495.31,494.27,494.4001,1119675.0
2024-10-22T15:25:00+00:00,494.45,494.54,494.2,494.3945,149268.0
2024-10-22T15:30:00+00:00,494.43,494.59,494.0,494.535,188168.0
2024-10-22T15:35:00+00:00,494.51,494.76,494.45,494.68,123248.0
2024-10-22T15:40:00+00:00,494.45,494.76,494.0,494.535,543980.0
2024-10-22T15:45:00+00:00,494.555,494.81,494.52,494.59,87623.0
2024-10-22T15:50:00+00:00,494.59,494.64,494.43,494.5126,145398.0
2024-10-22T15:55:00+00:00,494.54,494.56,494.2623,494.5099,108117.0
2024-10-22T16:00:00+00:00,494.555,494.83,494.2623,494.4075,474427.0
2024-10-22T16:05:00+00:00,494.3902,494.42,494.13,494.17,159082.0
2024-10-22T16:10:00+00:00,494.16,494.27,493.91,493.97,230660.0
2024-10-22T16:15:00+00:00,493.9308,494.3099,493.89,494.13,186389.0
2024-10-22T16:20:00+00:00,494.3902,494.42,493.89,494.1,780630.0
2024-10-22T16:25:00+00:00,494.1,494.17,493.85,493.8799,392342.0
2024-10-22T16:30:00+00:00,493.84,493.88,493.39,493.55,269681.0
2024-10-22T16:35:00+00:00,493.54,494.11,493.48,494.0106,178520.0
2024-10-22T16:40:00+00:00,494.1,494.17,493.39,493.61,986581.0
2024-10-22T16:45:00+00:00,493.62,493.73,493.27,493.4839,213099.0
2024-10-22T16:50:00+00:00,493.47,494.16,493.47,494.14,219361.0
2024-10-22T16:55:00+00:00,494.14,494.91,494.08,494.8,389575.0
2024-10-22T17:00:00+00:00,493.62,495.11,493.27,494.99,1304412.0
2024-10-22T17:05:00+00:00,494.99,495.09,494.84,494.91,231388.0
2024-10-22T17:10:00+00:00,494.9,495.05,494.75,494.93,143877.0
2024-10-22T17:15:00+00:00,494.9392,494.97,494.57,494.85,376825.0
2024-10-22T17:20:00+00:00,494.99,495.09,494.57,494.96,864745.0
2024-10-22T17:25:00+00:00,494.96,495.17,494.95,495.0099,134185.0
2024-10-22T17:30:00+00:00,495.01,495.21,494.9807,495.1,123487.0
2024-10-22T17:35:00+00:00,495.12,495.44,495.0601,495.41,220020.0
2024-10-22T17:40:00+00:00,494.96,496.03,494.95,495.87,839249.0
2024-10-22T17:45:00+00:00,495.94,496.47,495.79,495.9,639590.0
2024-10-22T17:50:00+00:00,495.88,496.27,495.79,496.21,244932.0
2024-10-22T17:55:00+00:00,496.22,496.66,496.22,496.5699,485814.0
2024-10-22T18:00:00+00:00,495.94,496.855,495.79,496.81,1730595.0
2024-10-22T18:05:00+00:00,496.81,497.445,496.68,497.43,598819.0
2024-10-22T18:10:00+00:00,497.42,497.425,496.61,496.71,656931.0
2024-10-22T18:15:00+00:00,496.64,496.74,496.13,496.14,417159.0
2024-10-22T18:20:00+00:00,496.81,497.445,496.12,496.24,2014034.0
2024-10-22T18:25:00+00:00,496.25,496.44,496.06,496.35,253131.0
2024-10-22T18:30:00+00:00,496.34,496.41,496.15,496.28,150615.0
2024-10-22T18:35:00+00:00,496.27,496.32,496.0045,496.13,237665.0
2024-10-22T18:40:00+00:00,496.25,496.44,496.0045,496.06,740825.0
2024-10-22T18:45:00+00:00,496.1108,496.21,495.83,495.99,119758.0
2024-10-22T18:50:00+00:00,495.97,496.18,495.97,496.03,153883.0
2024-10-22T18:55:00+00:00,496.02,496.042,495.67,495.7075,181547.0
2024-10-22T19:00:00+00:00,496.1108,496.21,495.36,495.555,719371.0
2024-10-22T19:05:00+00:00,495.44,495.71,495.4113,495.65,205179.0
2024-10-22T19:10:00+00:00,495.65,495.96,495.64,495.96,187534.0
2024-10-22T19:15:00+00:00,495.96,496.16,495.94,496.1199,219242.0
2024-10-22T19:20:00+00:00,495.44,496.29,495.4113,496.17,745410.0
2024-10-22T19:25:00+00:00,496.1835,496.1835,495.93,496.005,164710.0
2024-10-22T19:30:00+00:00,496.0,496.16,495.9912,496.16,110980.0
2024-10-22T19:35:00+00:00,496.1425,496.4,496.12,496.21,311168.0
2024-10-22T19:40:00+00:00,496.1835,496.49,495.93,496.07,792961.0
2024-10-22T19:45:00+00:00,496.0799,496.25,495.96,496.2299,259710.0
2024-10-22T19:50:00+00:00,496.2199,496.7194,496.21,496.41,353631.0
2024-10-22T19:55:00+00:00,496.4,496.74,496.17,496.696,399739.0
2024-10-22T20:00:00+00:00,496.0799,496.74,495.93,496.03,2236611.0
2024-10-22T20:05:00+00:00,496.0,496.03,495.23,495.75,222950.0
2024-10-22T20:10:00+00:00,495.75,495.75,495.41,495.63,158097.0
2024-10-22T20:15:00+00:00,495.6,495.65,495.4893,495.5,580320.0
2024-10-22T20:20:00+00:00,496.0,496.03,495.23,495.48,975830.0
2024-10-22T20:25:00+00:00,495.46,495.49,495.39,495.45,6297.0
2024-10-22T20:30:00+00:00,495.44,495.6,495.33,495.6,44942.0
2024-10-22T20:35:00+00:00,495.59,495.7,495.57,495.62,43204.0
2024-10-22T20:40:00+00:00,495.46,495.8,495.33,495.76,118544.0
2024-10-22T20:45:00+00:00,495.71,495.73,495.51,495.59,34586.0
2024-10-22T20:50:00+00:00,495.5,495.68,495.49,495.66,8408.0
2024-10-22T20:55:00+00:00,495.56,495.7,495.52,495.64,23172.0
2024-10-22T21:00:00+00:00,495.71,495.73,495.49,495.5,83153.0
2024-10-22T21:05:00+00:00,495.49,495.56,495.4519,495.56,6350.0
2024-10-22T21:10:00+00:00,495.5,495.54,495.48,495.54,3470.0
2024-10-22T21:15:00+00:00,495.63,495.63,495.51,495.51,2242.0
2024-10-22T21:20:00+00:00,495.49,495.63,495.4519,495.54,13087.0
2024-10-22T21:25:00+00:00,495.52,495.55,495.52,495.55,1860.0
2024-10-22T21:30:00+00:00,495.55,495.55,495.55,495.55,1701.0
2024-10-22T21:35:00+00:00,495.55,495.55,495.5,495.5,2370.0
2024-10-22T21:40:00+00:00,495.52,495.55,495.5,495.51,8537.0
2024-10-22T21:45:00+00:00,495.5,495.5495,495.5,495.5495,1894.0
2024-10-22T21:50:00+00:00,495.51,495.51,495.48,495.48,1353.0
2024-10-22T21:55:00+00:00,495.48,495.5,495.41,495.41,1192.0
2024-10-22T22:00:00+00:00,495.5,495.5495,495.41,495.5,5427.0
2024-10-22T22:05:00+00:00,495.45,495.45,495.1,495.14,6556.0
2024-10-22T22:10:00+00:00,495.21,495.33,495.21,495.33,874.0
2024-10-22T22:15:00+00:00,495.35,495.37,495.3,495.3,3203.0
2024-10-22T22:20:00+00:00,495.45,495.45,494.91,495.0,28978.0
2024-10-22T22:25:00+00:00,494.95,495.0,494.87,494.99,4327.0
2024-10-22T22:30:00+00:00,495.0683,495.2,495.0683,495.2,2290.0
2024-10-22T22:35:00+00:00,495.13,495.19,495.13,495.19,338.0
2024-10-22T22:40:00+00:00,494.95,495.23,494.87,495.19,15645.0
2024-10-22T22:45:00+00:00,495.17,495.17,495.17,495.17,224.0
2024-10-22T22:50:00+00:00,495.16,495.19,495.16,495.19,378.0
2024-10-22T22:55:00+00:00,495.13,495.15,495.1,495.1,2393.0
2024-10-22T23:00:00+00:00,495.17,495.19,495.1,495.12,4944.0
2024-10-22T23:05:00+00:00,495.2,495.22,495.16,495.16,7737.0
2024-10-22T23:10:00+00:00,495.24,495.24,495.23,495.24,478.0
2024-10-22T23:15:00+00:00,495.3,495.35,495.06,495.06,1899.0
2024-10-22T23:20:00+00:00,495.2,495.35,495.06,495.13,10377.0
2024-10-22T23:25:00+00:00,495.25,495.25,495.25,495.25,697.0
2024-10-22T23:30:00+00:00,495.25,495.35,495.25,495.35,1658.0
2024-10-22T23:35:00+00:00,495.33,495.5,495.33,495.44,4966.0
2024-10-22T23:40:00+00:00,495.25,495.5,495.25,495.41,8964.0
2024-10-22T23:45:00+00:00,495.48,495.61,495.47,495.6,5481.0
2024-10-22T23:50:00+00:00,495.6,495.76,495.6,495.67,1842.0
2024-10-22T23:55:00+00:00,495.66,495.7181,495.66,495.67,3083.0
2024-10-23T00:00:00+00:00,495.48,495.81,495.47,495.75,17596.0
2024-10-23T08:05:00+00:00,495.24,495.31,495.24,495.25,4255.0
2024-10-23T08:10:00+00:00,495.5,495.59,495.43,495.59,8441.0
2024-10-23T08:15:00+00:00,495.51,495.59,495.42,495.42,10997.0
2024-10-23T08:20:00+00:00,495.24,495.61,495.24,495.46,26352.0
2024-10-23T08:25:00+00:00,495.32,495.35,495.32,495.35,1130.0
2024-10-23T08:30:00+00:00,495.38,495.39,495.38,495.39,415.0
2024-10-23T08:35:00+00:00,495.34,495.34,495.26,495.27,1023.0
2024-10-23T08:40:00+00:00,495.32,495.39,495.24,495.28,8819.0
2024-10-23T08:45:00+00:00,495.18,495.18,494.96,494.96,1817.0
2024-10-23T08:50:00+00:00,495.02,495.02,494.85,494.89,1844.0
2024-10-23T08:55:00+00:00,494.81,494.87,494.76,494.76,2250.0
2024-10-23T09:00:00+00:00,495.18,495.18,494.76,494.88,7203.0
2024-10-23T09:05:00+00:00,494.87,494.97,494.87,494.94,2017.0
2024-10-23T09:10:00+00:00,495.02,495.12,495.02,495.12,1086.0
2024-10-23T09:15:00+00:00,495.1,495.1,494.92,494.92,934.0
2024-10-23T09:20:00+00:00,494.87,495.22,494.5,495.09,16781.0
2024-10-23T09:25:00+00:00,495.02,495.17,494.9,494.97,3335.0
2024-10-23T09:30:00+00:00,495.14,495.14,495.09,495.1,2020.0
2024-10-23T09:35:00+00:00,495.08,495.08,494.9,494.94,904.0
2024-10-23T09:40:00+00:00,495.02,495.17,494.9,494.94,6259.0
2024-10-23T09:45:00+00:00,494.83,494.83,494.76,494.76,800.0
2024-10-23T09:50:00+00:00,494.7,494.73,494.7,494.73,490.0
2024-10-23T09:55:00+00:00,494.87,494.93,494.85,494.93,1554.0
2024-10-23T10:00:00+00:00,494.83,495.02,494.7,494.77,5562.0
2024-10-23T10:05:00+00:00,494.78,494.78,494.36,494.43,2879.0
2024-10-23T10:10:00+00:00,494.45,494.6,494.38,494.6,551.0
2024-10-23T10:15:00+00:00,494.41,494.66,494.41,494.53,2047.0
2024-10-23T10:20:00+00:00,494.78,494.78,494.36,494.44,8580.0
2024-10-23T10:25:00+00:00,494.45,494.49,494.39,494.44,1155.0
2024-10-23T10:30:00+00:00,494.4,494.44,494.31,494.31,3424.0
2024-10-23T10:35:00+00:00,494.21,494.46,494.21,494.39,1950.0
2024-10-23T10:40:00+00:00,494.45,494.49,494.21,494.25,11134.0
2024-10-23T10:45:00+00:00,494.26,494.35,494.18,494.23,7945.0
2024-10-23T10:50:00+00:00,494.21,494.24,494.08,494.08,4981.0
2024-10-23T10:55:00+00:00,494.03,494.17,493.91,493.96,10053.0
2024-10-23T11:00:00+00:00,494.26,494.35,493.91,494.13,41832.0
2024-10-23T11:05:00+00:00,494.13,494.43,494.02,494.4,16566.0
2024-10-23T11:10:00+00:00,494.38,494.51,494.3,494.5,12803.0
2024-10-23T11:15:00+00:00,494.55,494.7,494.47,494.48,9159.0
2024-10-23T11:20:00+00:00,494.13,494.75,494.02,494.74,42103.0
2024-10-23T11:25:00+00:00,494.69,494.69,494.51,494.51,4384.0
2024-10-23T11:30:00+00:00,494.5,494.5,494.22,494.429,7880.0
2024-10-23T11:35:00+00:00,494.384,494.44,494.18,494.43,11799.0
2024-10-23T11:40:00+00:00,494.69,494.69,494.18,494.48,33947.0
2024-10-23T11:45:00+00:00,494.5,494.55,494.32,494.43,11883.0
2024-10-23T11:50:00+00:00,494.4,494.62,494.399,494.61,10941.0
2024-10-23T11:55:00+00:00,494.62,494.62,494.5,494.58,4056.0
2024-10-23T12:00:00+00:00,494.5,494.62,494.32,494.46,29113.0
2024-10-23T12:05:00+00:00,494.27,496.05,493.9804,494.33,51309.0
2024-10-23T12:10:00+00:00,494.37,494.52,494.22,494.49,17406.0
2024-10-23T12:15:00+00:00,494.381,494.44,494.33,494.44,4065.0
2024-10-23T12:20:00+00:00,494.27,496.05,493.9804,494.98,130638.0
2024-10-23T12:25:00+00:00,494.95,494.95,494.68,494.75,5556.0
2024-10-23T12:30:00+00:00,494.78,494.8,494.66,494.71,3822.0
2024-10-23T12:35:00+00:00,494.62,495.589,494.27,494.27,24630.0
2024-10-23T12:40:00+00:00,494.95,495.589,493.98,494.11,67215.0
2024-10-23T12:45:00+00:00,494.02,494.09,493.8,494.05,32054.0
2024-10-23T12:50:00+00:00,494.1,494.19,494.06,494.08,8315.0
2024-10-23T12:55:00+00:00,494.08,494.12,493.9,494.02,17541.0
2024-10-23T13:00:00+00:00,494.02,494.19,493.8,494.07,65345.0
2024-10-23T13:05:00+00:00,493.99,494.13,493.87,494.08,7723.0
2024-10-23T13:10:00+00:00,494.02,494.02,493.8,493.81,19176.0
2024-10-23T13:15:00+00:00,493.85,493.89,493.59,493.76,21133.0
2024-10-23T13:20:00+00:00,493.99,494.13,493.59,493.9,60073.0
2024-10-23T13:25:00+00:00,493.85,493.85,493.32,493.37,47597.0
2024-10-23T13:30:00+00:00,493.41,493.59,493.41,493.56,34080.0
2024-10-23T13:35:00+00:00,493.59,494.25,492.95,493.19,1097955.0
2024-10-23T13:40:00+00:00,493.85,494.25,492.95,493.8,1693025.0
2024-10-23T13:45:00+00:00,493.74,493.99,493.35,493.38,332263.0
2024-10-23T13:50:00+00:00,493.41,493.82,493.12,493.63,250920.0
2024-10-23T13:55:00+00:00,493.69,493.76,493.01,493.54,267484.0
2024-10-23T14:00:00+00:00,493.74,493.99,493.01,493.56,1072420.0
2024-10-23T14:05:00+00:00,493.53,493.65,492.07,492.38,425129.0
2024-10-23T14:10:00+00:00,492.36,492.625,491.45,492.13,837824.0
2024-10-23T14:15:00+00:00,492.1,492.8099,492.0499,492.78,499523.0
2024-10-23T14:20:00+00:00,493.53,493.65,491.45,492.09,2124874.0
2024-10-23T14:25:00+00:00,492.0841,492.8199,491.9,492.19,283534.0
2024-10-23T14:30:00+00:00,492.1875,493.2293,491.94,493.19,449291.0
2024-10-23T14:35:00+00:00,493.17,493.72,492.9975,493.71,439337.0
2024-10-23T14:40:00+00:00,492.0841,493.73,491.9,493.52,1574989.0
2024-10-23T14:45:00+00:00,493.53,493.68,493.35,493.62,196605.0
2024-10-23T14:50:00+00:00,493.62,494.1169,493.58,493.75,413894.0
2024-10-23T14:55:00+00:00,493.75,493.85,492.77,492.91,309163.0
2024-10-23T15:00:00+00:00,493.53,494.1169,492.55,492.57,1300940.0
2024-10-23T15:05:00+00:00,492.59,493.1699,492.4,493.1699,478371.0
2024-10-23T15:10:00+00:00,493.12,493.18,492.45,492.5025,205412.0
2024-10-23T15:15:00+00:00,492.55,492.57,490.89,491.26,723366.0
2024-10-23T15:20:00+00:00,492.59,493.18,490.89,491.055,1901269.0
2024-10-23T15:25:00+00:00,491.06,491.74,491.03,491.25,483958.0
2024-10-23T15:30:00+00:00,491.25,491.28,490.49,490.58,502039.0
2024-10-23T15:35:00+00:00,490.55,490.73,490.44,490.56,426961.0
2024-10-23T15:40:00+00:00,491.06,491.74,490.44,491.07,1903614.0
2024-10-23T15:45:00+00:00,491.0895,491.3,490.86,491.2709,286957.0
2024-10-23T15:50:00+00:00,491.26,491.61,491.26,491.3,224309.0
2024-10-23T15:55:00+00:00,491.33,491.7,490.8601,491.06,285375.0
2024-10-23T16:00:00+00:00,491.0895,491.81,490.86,491.73,1044797.0
2024-10-23T16:05:00+00:00,491.72,491.72,490.16,490.36,597592.0
2024-10-23T16:10:00+00:00,490.37,490.68,489.99,490.5275,356648.0
2024-10-23T16:15:00+00:00,490.4839,490.61,490.32,490.4,201102.0
2024-10-23T16:20:00+00:00,491.72,491.72,489.99,490.16,1316929.0
2024-10-23T16:25:00+00:00,490.148,490.25,489.542,489.67,295620.0
2024-10-23T16:30:00+00:00,489.6475,489.91,489.2926,489.38,306443.0
2024-10-23T16:35:00+00:00,489.3599,489.43,488.735,489.37,493126.0
2024-10-23T16:40:00+00:00,490.148,490.25,488.735,489.36,1358306.0
2024-10-23T16:45:00+00:00,489.37,489.79,489.31,489.55,180310.0
2024-10-23T16:50:00+00:00,489.56,489.88,489.55,489.87,113198.0
2024-10-23T16:55:00+00:00,489.88,489.93,488.87,489.01,778666.0
2024-10-23T17:00:00+00:00,489.37,489.93,488.87,489.13,1259925.0
2024-10-23T17:05:00+00:00,489.12,489.12,488.19,488.35,670683.0
2024-10-23T17:10:00+00:00,488.35,488.6775,488.08,488.27,319954.0
2024-10-23T17:15:00+00:00,488.258,488.4,487.2,487.23,840319.0
2024-10-23T17:20:00+00:00,489.12,489.12,487.082,487.31,2459543.0
2024-10-23T17:25:00+00:00,487.3,487.5699,487.03,487.14,402351.0
2024-10-23T17:30:00+00:00,487.1575,487.78,487.14,487.7133,338065.0
2024-10-23T17:35:00+00:00,487.69,487.69,487.13,487.31,271638.0
2024-10-23T17:40:00+00:00,487.3,487.78,486.85,486.87,1313724.0
2024-10-23T17:45:00+00:00,486.86,487.06,486.71,486.86,309384.0
2024-10-23T17:50:00+00:00,486.84,487.28,486.79,486.98,221948.0
2024-10-23T17:55:00+00:00,486.99,487.09,486.23,486.375,586177.0
2024-10-23T18:00:00+00:00,486.86,487.28,486.09,486.2,1967635.0
2024-10-23T18:05:00+00:00,486.17,486.24,485.67,485.67,532768.0
2024-10-23T18:10:00+00:00,485.66,486.02,485.39,485.93,430871.0
2024-10-23T18:15:00+00:00,485.95,485.97,485.4325,485.5,421693.0
2024-10-23T18:20:00+00:00,486.17,486.24,485.05,485.26,1917928.0
2024-10-23T18:25:00+00:00,485.24,486.025,485.24,485.8697,470307.0
2024-10-23T18:30:00+00:00,485.86,486.4,485.81,486.07,434083.0
2024-10-23T18:35:00+00:00,486.06,486.76,485.91,486.73,471598.0
2024-10-23T18:40:00+00:00,485.24,487.19,485.24,487.03,1820570.0
2024-10-23T18:45:00+00:00,487.01,487.4058,486.83,487.22,458310.0
2024-10-23T18:50:00+00:00,487.22,487.64,487.19,487.55,319894.0
2024-10-23T18:55:00+00:00,487.56,487.69,487.15,487.2034,314728.0
2024-10-23T19:00:00+00:00,487.01,487.69,486.81,487.41,1514456.0
2024-10-23T19:05:00+00:00,487.4,487.47,487.1765,487.37,382127.0
2024-10-23T19:10:00+00:00,487.36,487.37,486.9,487.19,256237.0
2024-10-23T19:15:00+00:00,487.21,487.35,486.605,486.9399,344726.0
2024-10-23T19:20:00+00:00,487.4,487.52,486.605,487.4101,1754572.0
2024-10-23T19:25:00+00:00,487.41,487.6099,487.19,487.58,359752.0
2024-10-23T19:30:00+00:00,487.57,487.93,487.3601,487.585,404823.0
2024-10-23T19:35:00+00:00,487.59,487.66,487.19,487.56,577201.0
2024-10-23T19:40:00+00:00,487.41,488.22,487.19,488.215,1711587.0
2024-10-23T19:45:00+00:00,488.21,488.43,487.935,488.38,389671.0
2024-10-23T19:50:00+00:00,488.3799,488.4199,487.82,488.1101,425747.0
2024-10-23T19:55:00+00:00,488.11,488.62,487.87,487.9,743636.0
2024-10-23T20:00:00+00:00,488.21,488.62,487.75,488.37,3379978.0
2024-10-23T20:05:00+00:00,488.37,489.45,488.08,489.2,837246.0
2024-10-23T20:10:00+00:00,489.23,490.0,488.36,489.08,403305.0
2024-10-23T20:15:00+00:00,489.1,489.38,488.92,489.26,131264.0
2024-10-23T20:20:00+00:00,488.37,490.0,488.08,489.97,1806880.0
2024-10-23T20:25:00+00:00,489.99,490.11,489.77,490.1,90255.0
2024-10-23T20:30:00+00:00,490.11,490.24,490.05,490.18,93152.0
2024-10-23T20:35:00+00:00,490.22,490.25,489.91,489.94,66306.0
2024-10-23T20:40:00+00:00,489.99,490.25,489.77,490.0696,280207.0
2024-10-23T20:45:00+00:00,490.09,490.09,489.82,489.88,255600.0
2024-10-23T20:50:00+00:00,489.95,490.0,489.8,489.91,31493.0
2024-10-23T20:55:00+00:00,489.92,490.04,489.83,489.99,27292.0
2024-10-23T21:00:00+00:00,490.09,490.09,489.67,489.77,367252.0
2024-10-23T21:05:00+00:00,489.79,489.8897,489.72,489.86,6597.0
2024-10-23T21:10:00+00:00,489.84,489.84,489.73,489.79,9288.0
2024-10-23T21:15:00+00:00,489.8,489.8,489.65,489.7,19245.0
2024-10-23T21:20:00+00:00,489.79,489.8897,489.65,489.77,53683.0
2024-10-23T21:25:00+00:00,489.779,489.87,489.76,489.86,3171.0
2024-10-23T21:30:00+00:00,489.8601,489.97,489.86,489.97,4043.0
2024-10-23T21:35:00+00:00,489.89,489.89,489.87,489.8803,2092.0
2024-10-23T21:40:00+00:00,489.779,490.09,489.76,490.07,16520.0
2024-10-23T21:45:00+00:00,490.07,490.23,490.05,490.19,17011.0
2024-10-23T21:50:00+00:00,490.14,490.33,490.14,490.33,5847.0
2024-10-23T21:55:00+00:00,490.28,490.3371,490.22,490.22,3912.0
2024-10-23T22:00:00+00:00,490.07,490.39,490.05,490.38,33275.0
2024-10-23T22:05:00+00:00,490.3,490.3,490.02,490.12,22170.0
2024-10-23T22:10:00+00:00,490.12,490.12,489.97,490.04,36355.0
2024-10-23T22:15:00+00:00,490.11,490.12,489.9932,490.12,4357.0
2024-10-23T22:20:00+00:00,490.3,490.3,489.85,489.91,78949.0
2024-10-23T22:25:00+00:00,489.94,490.03,489.86,490.03,18505.0
2024-10-23T22:30:00+00:00,490.1,490.1042,490.05,490.1042,1817.0
2024-10-23T22:35:00+00:00,490.03,490.03,489.76,490.0182,9031.0
2024-10-23T22:40:00+00:00,489.94,490.1042,489.76,489.9,40223.0
2024-10-23T22:45:00+00:00,489.9,489.98,489.89,489.96,1433.0
2024-10-23T22:50:00+00:00,489.95,489.98,489.9,489.98,4274.0
2024-10-23T22:55:00+00:00,489.89,489.93,489.86,489.87,4026.0
2024-10-23T23:00:00+00:00,489.9,490.04,489.82,490.04,12553.0
2024-10-23T23:05:00+00:00,490.03,490.03,489.89,489.91,3277.0
2024-10-23T23:10:00+00:00,489.93,490.0,489.93,490.0,2010.0
2024-10-23T23:15:00+00:00,489.99,490.03,489.99,490.01,3351.0
2024-10-23T23:20:00+00:00,490.03,490.03,489.89,489.9,12316.0
2024-10-23T23:25:00+00:00,489.86,489.87,489.82,489.8298,11081.0
2024-10-23T23:30:00+00:00,489.81,489.87,489.62,489.87,11409.0
2024-10-23T23:35:00+00:00,489.88,490.0017,489.88,490.0,1812.0
2024-10-23T23:40:00+00:00,489.86,490.1886,489.62,490.16,29405.0
2024-10-23T23:45:00+00:00,490.17,490.17,490.1,490.14,3325.0
2024-10-23T23:50:00+00:00,490.1,490.12,490.0648,490.0648,11865.0
2024-10-23T23:55:00+00:00,490.12,490.15,490.1,490.1,6000.0
2024-10-24T00:00:00+00:00,490.17,490.19,490.0648,490.1,31951.0
2024-10-24T08:05:00+00:00,491.72,492.44,491.72,492.44,16497.0
2024-10-24T08:10:00+00:00,492.39,492.49,492.22,492.49,10325.0
2024-10-24T08:15:00+00:00,492.5,492.62,492.48,492.57,8697.0
2024-10-24T08:20:00+00:00,491.72,492.69,491.72,492.65,45711.0
2024-10-24T08:25:00+00:00,492.67,492.83,492.67,492.72,5020.0
2024-10-24T08:30:00+00:00,492.56,492.58,492.49,492.51,7182.0
2024-10-24T08:35:00+00:00,492.55,492.62,492.54,492.62,6095.0
2024-10-24T08:40:00+00:00,492.67,492.83,492.43,492.5,19934.0
2024-10-24T08:45:00+00:00,492.47,492.47,492.3,492.3,3463.0
2024-10-24T08:50:00+00:00,492.31,492.31,491.96,492.0,6382.0
2024-10-24T08:55:00+00:00,491.97,491.98,491.7,491.7,5018.0
2024-10-24T09:00:00+00:00,492.47,492.47,491.66,492.08,19119.0
2024-10-24T09:05:00+00:00,492.17,492.17,492.0,492.03,2871.0
2024-10-24T09:10:00+00:00,492.05,492.21,492.05,492.17,2013.0
2024-10-24T09:15:00+00:00,492.01,492.23,491.9,492.2,4243.0
2024-10-24T09:20:00+00:00,492.17,492.39,491.9,492.3,14537.0
2024-10-24T09:25:00+00:00,492.24,492.28,491.98,492.28,4442.0
2024-10-24T09:30:00+00:00,492.31,492.31,492.01,492.03,1668.0
2024-10-24T09:35:00+00:00,492.09,492.18,492.07,492.18,614.0
2024-10-24T09:40:00+00:00,492.24,492.31,491.98,492.15,8181.0
2024-10-24T09:45:00+00:00,492.26,492.26,492.26,492.26,1516.0
2024-10-24T09:50:00+00:00,492.16,492.18,492.0,492.03,1862.0
2024-10-24T09:55:00+00:00,492.01,492.22,492.01,492.02,2012.0
2024-10-24T10:00:00+00:00,492.26,492.26,492.0,492.2,6414.0
2024-10-24T10:05:00+00:00,492.22,492.23,492.13,492.14,2085.0
2024-10-24T10:10:00+00:00,492.11,492.3,492.11,492.22,3527.0
2024-10-24T10:15:00+00:00,492.27,492.29,492.23,492.23,756.0
2024-10-24T10:20:00+00:00,492.22,492.49,492.11,492.49,7947.0
2024-10-24T10:25:00+00:00,492.5,492.67,492.42,492.42,4526.0
2024-10-24T10:30:00+00:00,492.47,492.57,492.47,492.5,1225.0
2024-10-24T10:35:00+00:00,492.5,492.5,492.47,492.48,1685.0
2024-10-24T10:40:00+00:00,492.5,492.67,492.38,492.59,8743.0
2024-10-24T10:45:00+00:00,492.6,492.65,492.57,492.57,962.0
2024-10-24T10:50:00+00:00,492.57,492.63,492.38,492.38,2677.0
2024-10-24T10:55:00+00:00,492.46,492.46,492.35,492.35,3841.0
2024-10-24T11:00:00+00:00,492.6,492.65,492.3,492.3,8420.0
2024-10-24T11:05:00+00:00,492.3,492.35,492.15,492.25,25613.0
2024-10-24T11:10:00+00:00,492.26,492.65,492.26,492.65,17213.0
2024-10-24T11:15:00+00:00,492.66,492.939,492.5,492.51,11078.0
2024-10-24T11:20:00+00:00,492.3,492.939,492.15,492.55,68723.0
2024-10-24T11:25:00+00:00,492.551,492.78,492.54,492.7,11307.0
2024-10-24T11:30:00+00:00,492.745,492.81,492.67,492.72,10081.0
2024-10-24T11:35:00+00:00,492.8,492.84,492.77,492.78,3095.0
2024-10-24T11:40:00+00:00,492.551,492.84,492.54,492.7,34830.0
2024-10-24T11:45:00+00:00,492.74,492.83,492.7,492.83,11225.0
2024-10-24T11:50:00+00:00,492.83,493.06,492.83,493.02,15802.0
2024-10-24T11:55:00+00:00,493.014,493.15,493.01,493.12,9384.0
2024-10-24T12:00:00+00:00,492.74,493.24,492.7,493.17,43982.0
2024-10-24T12:05:00+00:00,492.52,493.2,490.8,493.12,83623.0
2024-10-24T12:10:00+00:00,493.1186,493.1186,492.79,492.88,19036.0
2024-10-24T12:15:00+00:00,492.89,492.93,492.83,492.88,5656.0
2024-10-24T12:20:00+00:00,492.52,493.2,490.8,492.96,137043.0
2024-10-24T12:25:00+00:00,492.96,493.0301,492.95,492.96,10222.0
2024-10-24T12:30:00+00:00,492.95,492.98,492.79,492.88,15892.0
2024-10-24T12:35:00+00:00,492.83,493.41,492.59,492.93,27294.0
2024-10-24T12:40:00+00:00,492.96,493.41,492.59,493.0618,78249.0
2024-10-24T12:45:00+00:00,493.03,493.19,492.84,493.0,27397.0
2024-10-24T12:50:00+00:00,493.02,493.02,492.71,492.72,10096.0
2024-10-24T12:55:00+00:00,492.76,492.86,492.59,492.81,21057.0
2024-10-24T13:00:00+00:00,493.03,493.19,492.2999,492.38,82042.0
2024-10-24T13:05:00+00:00,492.38,492.73,492.38,492.55,15301.0
2024-10-24T13:10:00+00:00,492.57,492.78,492.55,492.57,8042.0
2024-10-24T13:15:00+00:00,492.58,492.9094,492.56,492.88,28930.0
2024-10-24T13:20:00+00:00,492.38,492.9094,492.38,492.7,74924.0
2024-10-24T13:25:00+00:00,492.6504,492.73,492.52,492.61,22407.0
2024-10-24T13:30:00+00:00,492.56,492.56,491.87,492.09,80492.0
2024-10-24T13:35:00+00:00,492.11,492.19,490.65,491.03,1106732.0
2024-10-24T13:40:00+00:00,492.6504,492.73,490.65,491.53,1703649.0
2024-10-24T13:45:00+00:00,491.58,491.81,490.95,491.3596,316460.0
2024-10-24T13:50:00+00:00,491.35,491.64,490.29,490.4591,520994.0
2024-10-24T13:55:00+00:00,490.44,491.21,490.425,491.19,316207.0
2024-10-24T14:00:00+00:00,491.58,491.81,490.29,491.2663,1387575.0
2024-10-24T14:05:00+00:00,491.27,492.228,491.03,491.5956,578205.0
2024-10-24T14:10:00+00:00,491.6,491.7759,490.9,491.12,311046.0
2024-10-24T14:15:00+00:00,491.1,491.935,491.09,491.6,269938.0
2024-10-24T14:20:00+00:00,491.27,492.228,490.9,491.47,1528460.0
2024-10-24T14:25:00+00:00,491.4775,491.7403,491.14,491.74,178495.0
2024-10-24T14:30:00+00:00,491.72,491.81,490.59,490.73,326944.0
2024-10-24T14:35:00+00:00,490.76,491.92,490.74,491.89,267550.0
2024-10-24T14:40:00+00:00,491.4775,492.12,490.59,491.89,1078650.0
2024-10-24T14:45:00+00:00,491.915,492.06,491.76,491.8971,169463.0
2024-10-24T14:50:00+00:00,491.91,491.91,491.13,491.29,265144.0
2024-10-24T14:55:00+00:00,491.31,491.39,490.681,490.85,245255.0
2024-10-24T15:00:00+00:00,491.915,492.06,490.52,490.744,870740.0
2024-10-24T15:05:00+00:00,490.7494,491.26,490.7,491.05,172203.0
2024-10-24T15:10:00+00:00,491.08,491.2701,490.49,491.2701,172620.0
2024-10-24T15:15:00+00:00,491.276,491.8,491.195,491.74,234350.0
2024-10-24T15:20:00+00:00,490.7494,491.9666,490.49,491.88,733768.0
2024-10-24T15:25:00+00:00,491.88,491.97,491.21,491.32,208838.0
2024-10-24T15:30:00+00:00,491.34,491.6199,491.14,491.37,130733.0
2024-10-24T15:35:00+00:00,491.31,491.57,491.2101,491.56,173568.0
2024-10-24T15:40:00+00:00,491.88,491.97,490.85,490.91,695744.0
2024-10-24T15:45:00+00:00,490.9,491.13,490.81,490.92,94954.0
2024-10-24T15:50:00+00:00,490.905,490.9984,489.67,489.68,311009.0
2024-10-24T15:55:00+00:00,489.65,490.59,489.53,490.59,293476.0
2024-10-24T16:00:00+00:00,490.9,491.1689,489.53,491.0475,878036.0
2024-10-24T16:05:00+00:00,491.04,491.3,490.7,490.75,126274.0
2024-10-24T16:10:00+00:00,490.71,490.7899,489.75,490.17,262010.0
2024-10-24T16:15:00+00:00,490.2101,490.285,489.44,489.7,184111.0
2024-10-24T16:20:00+00:00,491.04,491.3,489.44,489.961,711913.0
2024-10-24T16:25:00+00:00,489.9701,490.61,489.73,490.52,211690.0
2024-10-24T16:30:00+00:00,490.52,491.05,490.43,491.0099,163233.0
2024-10-24T16:35:00+00:00,491.0,491.7,491.0,491.5701,280275.0
2024-10-24T16:40:00+00:00,489.9701,491.7,489.73,491.42,819652.0
2024-10-24T16:45:00+00:00,491.439,491.55,491.3,491.4399,150431.0
2024-10-24T16:50:00+00:00,491.38,491.9,491.36,491.9,140407.0
2024-10-24T16:55:00+00:00,491.8709,491.93,491.41,491.61,153025.0
2024-10-24T17:00:00+00:00,491.439,491.93,491.3,491.73,741973.0
2024-10-24T17:05:00+00:00,491.72,492.38,491.555,492.2,212320.0
2024-10-24T17:10:00+00:00,492.2,492.39,491.905,492.1672,223438.0
2024-10-24T17:15:00+00:00,492.18,492.4666,492.04,492.1,182708.0
2024-10-24T17:20:00+00:00,491.72,492.4666,491.555,492.005,812573.0
2024-10-24T17:25:00+00:00,491.998,492.0099,491.59,491.61,120214.0
2024-10-24T17:30:00+00:00,491.59,491.77,491.44,491.77,81751.0
2024-10-24T17:35:00+00:00,491.8,491.88,491.5901,491.71,65774.0
2024-10-24T17:40:00+00:00,491.998,492.0891,491.44,492.03,350099.0
2024-10-24T17:45:00+00:00,492.05,492.3301,491.85,492.3301,152618.0
2024-10-24T17:50:00+00:00,492.31,492.37,491.59,491.7311,183553.0
2024-10-24T17:55:00+00:00,491.75,491.93,491.6299,491.73,74540.0
2024-10-24T18:00:00+00:00,492.05,492.37,491.39,491.44,507995.0
2024-10-24T18:05:00+00:00,491.4801,491.7,491.05,491.65,122899.0
2024-10-24T18:10:00+00:00,491.6899,491.9,491.645,491.73,84707.0
2024-10-24T18:15:00+00:00,491.77,492.19,491.65,492.116,89830.0
2024-10-24T18:20:00+00:00,491.4801,492.22,491.05,492.16,624975.0
2024-10-24T18:25:00+00:00,492.14,492.36,492.02,492.14,101942.0
2024-10-24T18:30:00+00:00,492.13,492.21,491.66,491.93,229509.0
2024-10-24T18:35:00+00:00,491.94,491.99,491.78,491.82,150499.0
2024-10-24T18:40:00+00:00,492.14,492.36,491.54,491.578,554586.0
2024-10-24T18:45:00+00:00,491.5617,491.84,491.38,491.7638,106753.0
2024-10-24T18:50:00+00:00,491.75,491.95,491.63,491.9299,85548.0
2024-10-24T18:55:00+00:00,491.92,492.05,491.78,491.8902,140088.0
2024-10-24T19:00:00+00:00,491.5617,492.05,491.38,492.02,452974.0
2024-10-24T19:05:00+00:00,491.9576,491.96,491.45,491.4675,290817.0
2024-10-24T19:10:00+00:00,491.47,492.04,491.43,491.98,154033.0
2024-10-24T19:15:00+00:00,492.03,492.5735,492.0,492.41,220676.0
2024-10-24T19:20:00+00:00,491.9576,492.5735,491.43,492.4405,848658.0
2024-10-24T19:25:00+00:00,492.45,492.59,492.3,492.4797,135821.0
2024-10-24T19:30:00+00:00,492.48,492.6,492.44,492.54,146571.0
2024-10-24T19:35:00+00:00,492.48,493.0,492.4301,492.82,581246.0
2024-10-24T19:40:00+00:00,492.45,493.0,492.3,492.5,1055628.0
2024-10-24T19:45:00+00:00,492.49,492.56,492.155,492.42,233216.0
2024-10-24T19:50:00+00:00,492.41,492.8,492.345,492.64,315503.0
2024-10-24T19:55:00+00:00,492.64,492.77,492.34,492.72,465310.0
2024-10-24T20:00:00+00:00,492.49,492.8,492.155,492.33,2467186.0
2024-10-24T20:05:00+00:00,492.34,492.67,492.2,492.5899,758943.0
2024-10-24T20:10:00+00:00,492.58,492.94,492.55,492.9,100006.0
2024-10-24T20:15:00+00:00,492.93,493.1,492.32,492.89,640364.0
2024-10-24T20:20:00+00:00,492.34,493.1,492.2,492.65,1512083.0
2024-10-24T20:25:00+00:00,492.65,492.68,492.59,492.59,18246.0
2024-10-24T20:30:00+00:00,492.6,492.69,492.6,492.63,6524.0
2024-10-24T20:35:00+00:00,492.65,492.67,492.55,492.57,5084.0
2024-10-24T20:40:00+00:00,492.65,492.69,492.37,492.37,60452.0
2024-10-24T20:45:00+00:00,492.43,492.44,492.18,492.18,26153.0
2024-10-24T20:50:00+00:00,492.12,492.27,492.0901,492.27,17885.0
2024-10-24T20:55:00+00:00,492.32,492.43,492.32,492.39,4391.0
2024-10-24T21:00:00+00:00,492.43,492.5,492.0901,492.47,53406.0
2024-10-24T21:05:00+00:00,492.48,492.49,492.41,492.41,2574.0
2024-10-24T21:10:00+00:00,492.36,492.36,492.32,492.32,3033.0
2024-10-24T21:15:00+00:00,492.33,492.36,492.28,492.28,2817.0
2024-10-24T21:20:00+00:00,492.48,492.49,492.18,492.2,13003.0
2024-10-24T21:25:00+00:00,492.28,492.29,492.18,492.18,3636.0
2024-10-24T21:30:00+00:00,492.18,492.2,492.12,492.12,6751.0
2024-10-24T21:35:00+00:00,492.13,492.13,492.13,492.13,531.0
2024-10-24T21:40:00+00:00,492.28,492.29,492.12,492.23,11122.0
2024-10-24T21:45:00+00:00,492.2,492.23,492.2,492.23,1467.0
2024-10-24T21:50:00+00:00,492.23,492.28,492.2,492.2,4031.0
2024-10-24T21:55:00+00:00,492.2,492.2,492.12,492.12,1511.0
2024-10-24T22:00:00+00:00,492.2,492.3,492.12,492.23,10162.0
2024-10-24T22:05:00+00:00,492.3,492.69,492.3,492.33,23460.0
2024-10-24T22:10:00+00:00,492.23,492.25,492.22,492.25,5141.0
2024-10-24T22:15:00+00:00,492.29,492.38,492.29,492.38,1028.0
2024-10-24T22:20:00+00:00,492.3,492.69,492.22,492.43,32162.0
2024-10-24T22:25:00+00:00,492.39,492.39,492.34,492.34,389.0
2024-10-24T22:30:00+00:00,492.39,492.48,492.39,492.45,7281.0
2024-10-24T22:40:00+00:00,492.39,492.48,492.34,492.45,7670.0
2024-10-24T22:45:00+00:00,492.2,492.2,492.2,492.2,152.0
2024-10-24T22:50:00+00:00,492.25,492.25,492.21,492.21,232.0
2024-10-24T22:55:00+00:00,492.26,492.26,492.26,492.26,561.0
2024-10-24T23:00:00+00:00,492.2,492.26,492.2,492.22,3054.0
2024-10-24T23:05:00+00:00,492.26,492.26,492.2,492.2,2431.0
2024-10-24T23:10:00+00:00,492.17,492.18,492.01,492.03,5320.0
2024-10-24T23:15:00+00:00,492.0,492.06,492.0,492.01,4279.0
2024-10-24T23:20:00+00:00,492.26,492.26,492.0,492.09,22711.0
2024-10-24T23:25:00+00:00,492.07,492.21,492.07,492.21,2132.0
2024-10-24T23:30:00+00:00,492.15,492.18,492.1,492.1001,1424.0
2024-10-24T23:35:00+00:00,492.1,492.1,491.92,492.02,6316.0
2024-10-24T23:40:00+00:00,492.07,492.21,491.92,492.06,14421.0
2024-10-24T23:45:00+00:00,492.1,492.1,492.05,492.05,851.0
2024-10-24T23:50:00+00:00,492.04,492.12,491.9894,492.09,7112.0
2024-10-24T23:55:00+00:00,492.1197,492.3,492.11,492.2798,3879.0
2024-10-25T00:00:00+00:00,492.1,492.32,491.9894,492.32,19383.0
2024-10-25T08:05:00+00:00,493.89,494.0,493.43,493.43,15321.0
2024-10-25T08:10:00+00:00,493.24,493.36,493.24,493.29,3831.0
2024-10-25T08:15:00+00:00,493.27,493.38,493.25,493.29,7834.0
2024-10-25T08:20:00+00:00,493.89,494.0,492.98,493.2,32151.0
2024-10-25T08:25:00+00:00,493.29,493.29,493.26,493.26,5334.0
2024-10-25T08:30:00+00:00,493.37,493.37,493.15,493.21,2194.0
2024-10-25T08:35:00+00:00,493.21,493.4,493.16,493.39,4316.0
2024-10-25T08:40:00+00:00,493.29,493.42,493.15,493.34,15235.0
2024-10-25T08:45:00+00:00,493.3,493.51,493.3,493.51,923.0
2024-10-25T08:50:00+00:00,493.46,493.49,493.46,493.49,868.0
2024-10-25T08:55:00+00:00,493.36,493.36,493.22,493.28,2732.0
2024-10-25T09:00:00+00:00,493.3,493.51,493.22,493.39,5214.0
2024-10-25T09:05:00+00:00,493.44,493.6,493.44,493.59,1477.0
2024-10-25T09:10:00+00:00,493.67,493.68,493.59,493.68,2890.0
2024-10-25T09:15:00+00:00,493.65,493.8,493.65,493.8,2623.0
2024-10-25T09:20:00+00:00,493.44,493.94,493.44,493.88,8356.0
2024-10-25T09:25:00+00:00,493.91,494.0,493.86,494.0,2428.0
2024-10-25T09:30:00+00:00,494.05,494.11,493.98,493.98,4970.0
2024-10-25T09:35:00+00:00,493.93,493.97,493.82,493.84,8995.0
2024-10-25T09:40:00+00:00,493.91,494.11,493.77,493.77,18573.0
2024-10-25T09:45:00+00:00,493.87,493.87,493.78,493.8,1629.0
2024-10-25T09:50:00+00:00,493.75,493.76,493.7,493.7,3954.0
2024-10-25T09:55:00+00:00,493.88,493.88,493.78,493.78,2315.0
2024-10-25T10:00:00+00:00,493.87,493.88,493.7,493.86,10247.0
2024-10-25T10:05:00+00:00,493.85,493.96,493.83,493.96,2971.0
2024-10-25T10:10:00+00:00,494.0,494.04,493.95,493.96,2347.0
2024-10-25T10:15:00+00:00,493.94,493.95,493.94,493.95,1513.0
2024-10-25T10:20:00+00:00,493.85,494.04,493.79,493.8,8502.0
2024-10-25T10:25:00+00:00,493.85,493.89,493.8,493.83,1539.0
2024-10-25T10:30:00+00:00,493.89,493.95,493.84,493.89,1694.0
2024-10-25T10:35:00+00:00,493.98,493.98,493.98,493.98,646.0
2024-10-25T10:40:00+00:00,493.85,494.0,493.8,493.94,9399.0
2024-10-25T10:45:00+00:00,493.91,493.94,493.91,493.92,2443.0
2024-10-25T10:50:00+00:00,493.9,493.92,493.9,493.92,527.0
2024-10-25T10:55:00+00:00,493.94,494.04,493.88,493.88,6067.0
2024-10-25T11:00:00+00:00,493.91,494.04,493.64,493.64,11279.0
2024-10-25T11:05:00+00:00,493.69,493.7,493.32,493.39,5197.0
2024-10-25T11:10:00+00:00,493.364,493.4,493.3,493.35,13741.0
2024-10-25T11:15:00+00:00,493.35,493.48,493.26,493.47,11157.0
2024-10-25T11:20:00+00:00,493.69,493.7,493.26,493.45,45817.0
2024-10-25T11:25:00+00:00,493.43,493.51,493.4,493.5,5966.0
2024-10-25T11:30:00+00:00,493.51,493.64,493.51,493.64,2472.0
2024-10-25T11:35:00+00:00,493.64,493.73,493.64,493.73,3130.0
2024-10-25T11:40:00+00:00,493.43,493.81,493.4,493.81,15253.0
2024-10-25T11:45:00+00:00,493.8,493.94,493.8,493.94,2536.0
2024-10-25T11:50:00+00:00,493.95,494.35,493.95,494.2,18267.0
2024-10-25T11:55:00+00:00,494.16,494.2,493.99,494.19,6770.0
2024-10-25T12:00:00+00:00,493.8,494.35,493.8,494.08,32687.0
2024-10-25T12:05:00+00:00,493.4,494.33,492.18,494.28,36653.0
2024-10-25T12:10:00+00:00,494.28,494.75,494.25,494.71,23253.0
2024-10-25T12:15:00+00:00,494.74,494.74,494.5301,494.61,19904.0
2024-10-25T12:20:00+00:00,493.4,494.75,492.18,494.4,85816.0
2024-10-25T12:25:00+00:00,494.42,494.48,494.33,494.43,11697.0
2024-10-25T12:30:00+00:00,494.45,494.4699,494.31,494.39,18058.0
2024-10-25T12:35:00+00:00,494.36,494.43,494.25,494.33,13831.0
2024-10-25T12:40:00+00:00,494.42,494.64,494.25,494.6,57314.0
2024-10-25T12:45:00+00:00,494.65,494.83,494.6201,494.78,22017.0
2024-10-25T12:50:00+00:00,494.84,494.98,494.75,494.95,32566.0
2024-10-25T12:55:00+00:00,494.97,495.11,494.95,494.98,37988.0
2024-10-25T13:00:00+00:00,494.65,495.23,494.6201,495.171,127586.0
2024-10-25T13:05:00+00:00,495.21,495.32,495.18,495.28,24215.0
2024-10-25T13:10:00+00:00,495.28,495.28,495.18,495.26,12713.0
2024-10-25T13:15:00+00:00,495.2,495.48,495.1613,495.4699,26916.0
2024-10-25T13:20:00+00:00,495.21,495.66,495.1613,495.53,97111.0
2024-10-25T13:25:00+00:00,495.51,495.58,495.28,495.4604,18570.0
2024-10-25T13:30:00+00:00,495.47,495.47,495.15,495.1899,55112.0
2024-10-25T13:35:00+00:00,495.14,496.45,495.12,496.18,1338465.0
2024-10-25T13:40:00+00:00,495.51,497.09,495.12,496.71,2267635.0
2024-10-25T13:45:00+00:00,496.72,497.45,496.42,497.39,719822.0
2024-10-25T13:50:00+00:00,497.4,498.27,497.4,498.09,1064959.0
2024-10-25T13:55:00+00:00,498.08,498.47,498.03,498.445,681322.0
2024-10-25T14:00:00+00:00,496.72,499.1,496.42,498.95,3209547.0
2024-10-25T14:05:00+00:00,498.93,499.95,498.93,499.6,1038791.0
2024-10-25T14:10:00+00:00,499.6,499.64,499.05,499.36,621578.0
2024-10-25T14:15:00+00:00,499.37,499.72,498.78,499.18,745670.0
2024-10-25T14:20:00+00:00,498.93,499.95,498.711,499.26,3154461.0
2024-10-25T14:25:00+00:00,499.26,500.28,499.22,499.99,823966.0
2024-10-25T14:30:00+00:00,500.02,500.12,499.46,499.95,593596.0
2024-10-25T14:35:00+00:00,499.96,500.155,499.78,499.85,480868.0
2024-10-25T14:40:00+00:00,499.26,500.28,499.22,499.5801,2319996.0
2024-10-25T14:45:00+00:00,499.59,499.9499,498.9047,499.19,404173.0
2024-10-25T14:50:00+00:00,499.19,499.47,498.24,498.71,721313.0
2024-10-25T14:55:00+00:00,498.74,499.2299,498.71,499.04,719171.0
2024-10-25T15:00:00+00:00,499.59,499.9499,498.24,499.09,2056255.0
2024-10-25T15:05:00+00:00,499.08,499.47,499.01,499.22,204946.0
2024-10-25T15:10:00+00:00,499.21,499.57,498.87,499.06,186708.0
2024-10-25T15:15:00+00:00,499.07,499.33,498.79,499.24,1193035.0
2024-10-25T15:20:00+00:00,499.08,499.57,498.79,499.41,1769947.0
2024-10-25T15:25:00+00:00,499.39,499.54,499.11,499.3051,652715.0
2024-10-25T15:30:00+00:00,499.3152,499.47,498.4,498.59,433308.0
2024-10-25T15:35:00+00:00,498.57,499.01,498.525,498.75,392448.0
2024-10-25T15:40:00+00:00,499.39,499.54,498.13,498.26,1877939.0
2024-10-25T15:45:00+00:00,498.25,498.58,498.09,498.5275,469057.0
2024-10-25T15:50:00+00:00,498.53,499.1,498.39,498.66,422273.0
2024-10-25T15:55:00+00:00,498.6501,498.72,497.88,497.99,406482.0
2024-10-25T16:00:00+00:00,498.25,499.1,497.8501,498.2825,1662095.0
2024-10-25T16:05:00+00:00,498.26,498.508,497.991,498.3719,490617.0
2024-10-25T16:10:00+00:00,498.385,498.7,498.24,498.66,303088.0
2024-10-25T16:15:00+00:00,498.66,498.9,498.5001,498.65,211600.0
2024-10-25T16:20:00+00:00,498.26,498.9,497.991,498.66,1161810.0
2024-10-25T16:25:00+00:00,498.61,499.13,498.52,499.09,228887.0
2024-10-25T16:30:00+00:00,499.06,499.23,498.89,499.23,144540.0
2024-10-25T16:35:00+00:00,499.221,499.3,498.8144,498.99,288935.0
2024-10-25T16:40:00+00:00,498.61,499.3,498.52,498.98,967120.0
2024-10-25T16:45:00+00:00,498.94,499.22,498.71,499.16,128528.0
2024-10-25T16:50:00+00:00,499.18,499.2,498.725,498.7301,121676.0
2024-10-25T16:55:00+00:00,498.78,499.1,498.75,499.02,335092.0
2024-10-25T17:00:00+00:00,498.94,499.22,498.66,498.695,658615.0
2024-10-25T17:05:00+00:00,498.73,498.75,498.4401,498.6899,145217.0
2024-10-25T17:10:00+00:00,498.7,498.7399,498.5301,498.69,343492.0
2024-10-25T17:15:00+00:00,498.71,498.71,498.0,498.1799,295114.0
2024-10-25T17:20:00+00:00,498.73,498.75,497.62,497.693,1243051.0
2024-10-25T17:25:00+00:00,497.68,497.72,496.652,497.47,780676.0
2024-10-25T17:30:00+00:00,497.46,497.46,496.95,496.95,264140.0
2024-10-25T17:35:00+00:00,496.94,497.21,496.36,496.42,321030.0
2024-10-25T17:40:00+00:00,497.68,497.72,496.14,496.48,1713093.0
2024-10-25T17:45:00+00:00,496.47,496.5381,495.01,495.06,761288.0
2024-10-25T17:50:00+00:00,495.06,496.71,495.03,496.6575,702794.0
2024-10-25T17:55:00+00:00,496.65,496.99,496.51,496.62,290348.0
2024-10-25T18:00:00+00:00,496.47,496.99,495.01,495.64,2131767.0
2024-10-25T18:05:00+00:00,495.63,496.04,494.76,495.78,885982.0
2024-10-25T18:10:00+00:00,495.745,495.745,494.57,494.77,491168.0
2024-10-25T18:15:00+00:00,494.73,495.42,494.43,495.26,494701.0
2024-10-25T18:20:00+00:00,495.63,496.04,494.43,495.63,2115414.0
2024-10-25T18:25:00+00:00,495.64,495.92,495.18,495.38,326559.0
2024-10-25T18:30:00+00:00,495.33,496.49,495.27,496.2401,373005.0
2024-10-25T18:35:00+00:00,496.29,496.29,495.71,496.1299,243772.0
2024-10-25T18:40:00+00:00,495.64,496.52,495.18,496.38,1102001.0
2024-10-25T18:45:00+00:00,496.4,496.41,495.99,496.175,190157.0
2024-10-25T18:50:00+00:00,496.15,496.83,496.1454,496.73,191275.0
2024-10-25T18:55:00+00:00,496.71,496.74,496.14,496.41,178583.0
2024-10-25T19:00:00+00:00,496.4,496.83,495.99,496.4791,673290.0
2024-10-25T19:05:00+00:00,496.41,496.425,496.02,496.15,884322.0
2024-10-25T19:10:00+00:00,496.15,496.24,495.89,496.0642,123304.0
2024-10-25T19:15:00+00:00,496.04,496.2,495.27,495.56,204066.0
2024-10-25T19:20:00+00:00,496.41,496.425,495.27,495.61,1487224.0
2024-10-25T19:25:00+00:00,495.56,495.77,495.26,495.35,238306.0
2024-10-25T19:30:00+00:00,495.35,495.8,495.33,495.735,154328.0
2024-10-25T19:35:00+00:00,495.74,496.06,495.53,495.77,279896.0
2024-10-25T19:40:00+00:00,495.56,496.06,495.26,495.82,922233.0
2024-10-25T19:45:00+00:00,495.81,495.89,495.62,495.75,197739.0
2024-10-25T19:50:00+00:00,495.77,495.9799,495.6701,495.875,201303.0
2024-10-25T19:55:00+00:00,495.89,496.0,495.36,495.54,653685.0
2024-10-25T20:00:00+00:00,495.81,496.0,494.94,495.28,2492101.0
2024-10-25T20:05:00+00:00,495.3,495.45,495.02,495.02,333831.0
2024-10-25T20:10:00+00:00,495.02,495.2,494.93,495.08,267555.0
2024-10-25T20:15:00+00:00,495.07,495.07,494.77,494.79,1107088.0
2024-10-25T20:20:00+00:00,495.3,495.45,494.73,494.88,1749621.0
2024-10-25T20:25:00+00:00,494.89,494.97,494.85,494.9004,26646.0
2024-10-25T20:30:00+00:00,494.95,494.98,494.86,494.88,18166.0
2024-10-25T20:35:00+00:00,494.87,494.9,494.83,494.84,9874.0
2024-10-25T20:40:00+00:00,494.89,494.98,494.79,494.84,94790.0
2024-10-25T20:45:00+00:00,494.87,494.89,494.8,494.8,48360.0
2024-10-25T20:50:00+00:00,494.79,494.86,494.75,494.771,56643.0
2024-10-25T20:55:00+00:00,494.78,494.78,494.74,494.76,9216.0
2024-10-25T21:00:00+00:00,494.87,494.89,494.71,494.77,128382.0
2024-10-25T21:05:00+00:00,494.86,494.89,494.8,494.84,5748.0
2024-10-25T21:10:00+00:00,494.85,494.89,494.81,494.88,8402.0
2024-10-25T21:15:00+00:00,494.88,494.89,494.81,494.81,9414.0
2024-10-25T21:20:00+00:00,494.86,495.32,494.8,494.85,116657.0
2024-10-25T21:25:00+00:00,494.85,494.86,494.84,494.85,3961.0
2024-10-25T21:30:00+00:00,494.85,494.93,494.8,494.93,5224.0
2024-10-25T21:35:00+00:00,494.85,494.85,494.75,494.8,5928.0
2024-10-25T21:40:00+00:00,494.85,494.93,494.75,494.8,15113.0
2024-10-25T21:45:00+00:00,494.832,494.9,494.832,494.88,4296.0
2024-10-25T21:50:00+00:00,494.833,494.92,494.833,494.92,3219.0
2024-10-25T21:55:00+00:00,494.92,494.98,494.92,494.97,1774.0
2024-10-25T22:00:00+00:00,494.832,494.98,494.832,494.9,10804.0
2024-10-25T22:05:00+00:00,494.88,494.88,494.88,494.88,303.0
2024-10-25T22:10:00+00:00,494.85,494.85,494.77,494.77,2075.0
2024-10-25T22:15:00+00:00,494.8,494.8,494.7,494.7,3591.0
2024-10-25T22:20:00+00:00,494.88,494.9,494.7,494.79,7084.0
2024-10-25T22:25:00+00:00,494.75,494.75,494.7001,494.7001,3337.0
2024-10-25T22:30:00+00:00,494.7101,494.76,494.7101,494.75,2251.0
2024-10-25T22:35:00+00:00,494.73,494.78,494.73,494.78,366.0
2024-10-25T22:40:00+00:00,494.75,494.9,494.7001,494.9,10428.0
2024-10-25T22:45:00+00:00,494.88,494.88,494.87,494.87,201.0
2024-10-25T22:50:00+00:00,494.9,494.9,494.85,494.88,1772.0
2024-10-25T22:55:00+00:00,494.88,494.89,494.85,494.86,2724.0
2024-10-25T23:00:00+00:00,494.88,494.96,494.73,494.95,15339.0
2024-10-25T23:05:00+00:00,494.81,494.81,494.75,494.77,3919.0
2024-10-25T23:10:00+00:00,494.74,494.79,494.73,494.73,4828.0
2024-10-25T23:15:00+00:00,494.73,494.757,494.69,494.757,595.0
2024-10-25T23:20:00+00:00,494.81,494.81,494.5,494.55,16508.0
2024-10-25T23:25:00+00:00,494.53,494.61,494.52,494.61,5489.0
2024-10-25T23:30:00+00:00,494.61,494.61,494.2246,494.3,13541.0
2024-10-25T23:35:00+00:00,494.39,494.39,494.3,494.31,7178.0
2024-10-25T23:40:00+00:00,494.53,494.61,494.2246,494.32,36218.0
2024-10-25T23:45:00+00:00,494.33,494.34,494.0,494.0,11527.0
2024-10-25T23:50:00+00:00,494.0,494.1,493.78,493.9,4558.0
2024-10-25T23:55:00+00:00,493.99,494.02,493.99,493.99,2165.0
2024-10-26T00:00:00+00:00,494.33,494.5,493.78,494.45,40159.0
2024-10-28T08:05:00+00:00,498.0,498.8,498.0,498.33,20507.0
2024-10-28T08:10:00+00:00,498.19,498.39,498.08,498.09,8422.0
2024-10-28T08:15:00+00:00,498.1,498.47,498.1,498.47,17776.0
2024-10-28T08:20:00+00:00,498.0,498.82,498.0,498.82,50780.0
2024-10-28T08:25:00+00:00,498.75,498.81,498.59,498.59,7577.0
2024-10-28T08:30:00+00:00,498.66,499.0,498.66,499.0,2135.0
2024-10-28T08:35:00+00:00,498.93,499.09,498.93,498.97,1597.0
2024-10-28T08:40:00+00:00,498.75,499.44,498.59,499.31,22637.0
2024-10-28T08:45:00+00:00,499.32,499.39,499.15,499.34,5539.0
2024-10-28T08:50:00+00:00,499.35,499.38,499.29,499.37,1683.0
2024-10-28T08:55:00+00:00,499.35,499.45,499.31,499.32,1467.0
2024-10-28T09:00:00+00:00,499.32,499.45,499.15,499.35,10462.0
2024-10-28T09:05:00+00:00,499.23,499.43,499.23,499.31,5349.0
2024-10-28T09:10:00+00:00,499.12,499.15,499.0,499.09,2263.0
2024-10-28T09:15:00+00:00,499.29,499.3,499.05,499.05,3020.0
2024-10-28T09:20:00+00:00,499.23,499.43,499.0,499.1,12170.0
2024-10-28T09:25:00+00:00,499.12,499.12,498.89,498.9,5821.0
2024-10-28T09:30:00+00:00,499.02,499.1,499.01,499.1,710.0
2024-10-28T09:35:00+00:00,499.08,499.11,499.08,499.11,942.0
2024-10-28T09:40:00+00:00,499.12,499.21,498.89,499.21,7644.0
2024-10-28T09:45:00+00:00,499.26,499.28,499.22,499.26,2085.0
2024-10-28T09:50:00+00:00,499.28,499.31,499.2,499.22,1396.0
2024-10-28T09:55:00+00:00,499.4,499.4,499.28,499.28,1482.0
2024-10-28T10:00:00+00:00,499.26,499.5,499.2,499.5,9480.0
2024-10-28T10:05:00+00:00,499.59,499.69,499.57,499.62,19026.0
2024-10-28T10:10:00+00:00,499.45,499.45,499.24,499.24,1223.0
2024-10-28T10:15:00+00:00,499.24,499.27,499.1,499.1,1068.0
2024-10-28T10:20:00+00:00,499.59,499.69,499.1,499.24,28064.0
2024-10-28T10:25:00+00:00,499.4,499.4,499.17,499.17,6548.0
2024-10-28T10:30:00+00:00,499.26,499.26,499.08,499.08,7801.0
2024-10-28T10:35:00+00:00,499.15,499.3,499.1,499.1,25560.0
2024-10-28T10:40:00+00:00,499.4,499.4,499.07,499.07,43243.0
2024-10-28T10:45:00+00:00,499.07,499.2,499.07,499.15,2697.0
2024-10-28T10:50:00+00:00,499.16,499.17,499.01,499.02,801.0
2024-10-28T10:55:00+00:00,499.18,499.26,498.96,498.98,5072.0
2024-10-28T11:00:00+00:00,499.07,499.26,498.68,498.73,14025.0
2024-10-28T11:05:00+00:00,498.62,498.63,498.18,498.28,26783.0
2024-10-28T11:10:00+00:00,498.4,498.65,498.38,498.65,21719.0
2024-10-28T11:15:00+00:00,498.589,498.7,498.53,498.66,7758.0
2024-10-28T11:20:00+00:00,498.62,498.77,498.18,498.61,65151.0
2024-10-28T11:25:00+00:00,498.69,498.69,498.49,498.57,15200.0
2024-10-28T11:30:00+00:00,498.6,498.6,498.42,498.42,3970.0
2024-10-28T11:35:00+00:00,498.31,498.359,498.15,498.29,12149.0
2024-10-28T11:40:00+00:00,498.69,498.69,498.15,498.41,45904.0
2024-10-28T11:45:00+00:00,498.5,498.54,498.43,498.43,14198.0
2024-10-28T11:50:00+00:00,498.5,498.64,498.48,498.63,6036.0
2024-10-28T11:55:00+00:00,498.44,498.44,498.44,498.44,127.0
2024-10-28T12:00:00+00:00,498.5,498.64,498.33,498.33,34341.0
2024-10-28T12:05:00+00:00,498.22,499.374,497.6,497.64,83444.0
2024-10-28T12:10:00+00:00,497.66,497.84,495.691,497.78,30951.0
2024-10-28T12:15:00+00:00,497.67,498.03,497.67,497.95,27225.0
2024-10-28T12:20:00+00:00,498.22,499.374,495.691,498.28,157667.0
2024-10-28T12:25:00+00:00,498.31,498.31,498.22,498.24,10715.0
2024-10-28T12:30:00+00:00,498.27,498.27,497.8501,498.05,28488.0
2024-10-28T12:35:00+00:00,497.95,498.6,497.95,498.581,13077.0
2024-10-28T12:40:00+00:00,498.31,498.83,497.8501,498.82,90420.0
2024-10-28T12:45:00+00:00,498.87,499.13,498.8401,499.11,21439.0
2024-10-28T12:50:00+00:00,499.11,499.12,498.99,499.05,16189.0
2024-10-28T12:55:00+00:00,499.02,499.16,498.76,498.76,25342.0
2024-10-28T13:00:00+00:00,498.87,499.2899,498.76,499.25,80839.0
2024-10-28T13:05:00+00:00,499.3,499.4,499.3,499.35,19391.0
2024-10-28T13:10:00+00:00,499.35,499.35,498.9602,499.03,26987.0
2024-10-28T13:15:00+00:00,499.0999,499.16,498.79,499.01,23509.0
2024-10-28T13:20:00+00:00,499.3,499.4,498.79,499.0,88154.0
2024-10-28T13:25:00+00:00,499.0,499.0399,498.6304,498.67,18022.0
2024-10-28T13:30:00+00:00,498.61,498.61,498.31,498.5,30169.0
2024-10-28T13:35:00+00:00,498.46,498.52,497.04,497.55,910357.0
2024-10-28T13:40:00+00:00,499.0,499.0399,497.04,497.6347,1318198.0
2024-10-28T13:45:00+00:00,497.63,498.38,496.81,497.12,264160.0
2024-10-28T13:50:00+00:00,497.12,497.43,496.64,497.0201,395452.0
2024-10-28T13:55:00+00:00,497.05,497.05,496.15,496.3605,482000.0
2024-10-28T14:00:00+00:00,497.63,498.38,496.15,496.73,1416429.0
2024-10-28T14:05:00+00:00,496.75,497.34,496.75,497.21,284912.0
2024-10-28T14:10:00+00:00,497.235,497.72,496.74,497.58,221472.0
2024-10-28T14:15:00+00:00,497.56,497.57,496.85,497.48,240864.0
2024-10-28T14:20:00+00:00,496.75,497.72,496.74,497.47,1014027.0
2024-10-28T14:25:00+00:00,497.47,497.75,497.29,497.43,379412.0
2024-10-28T14:30:00+00:00,497.42,497.99,497.29,497.81,224021.0
2024-10-28T14:35:00+00:00,497.82,498.07,497.06,497.18,308264.0
2024-10-28T14:40:00+00:00,497.47,498.07,497.01,497.72,1113638.0
2024-10-28T14:45:00+00:00,497.71,498.23,497.69,497.93,234426.0
2024-10-28T14:50:00+00:00,497.97,498.195,497.57,497.87,229210.0
2024-10-28T14:55:00+00:00,497.93,497.975,497.44,497.77,124549.0
2024-10-28T15:00:00+00:00,497.71,498.23,497.15,497.22,745346.0
2024-10-28T15:05:00+00:00,497.3,497.32,496.21,496.93,363566.0
2024-10-28T15:10:00+00:00,496.89,497.075,496.4853,496.68,248098.0
2024-10-28T15:15:00+00:00,496.705,497.13,496.64,497.0,175679.0
2024-10-28T15:20:00+00:00,497.3,497.32,496.21,496.86,929593.0
2024-10-28T15:25:00+00:00,496.82,497.05,496.59,496.6827,186704.0
2024-10-28T15:30:00+00:00,496.68,496.88,496.66,496.865,106661.0
2024-10-28T15:35:00+00:00,496.86,496.9099,496.21,496.4799,208986.0
2024-10-28T15:40:00+00:00,496.82,497.05,496.16,496.49,676405.0
2024-10-28T15:45:00+00:00,496.48,496.52,495.94,496.19,185364.0
2024-10-28T15:50:00+00:00,496.21,496.68,496.155,496.49,179189.0
2024-10-28T15:55:00+00:00,496.5082,496.84,496.2001,496.2114,153658.0
2024-10-28T16:00:00+00:00,496.48,496.84,495.94,496.2075,665214.0
2024-10-28T16:05:00+00:00,496.19,496.51,495.825,496.32,347207.0
2024-10-28T16:10:00+00:00,496.3,496.46,496.13,496.3517,173159.0
2024-10-28T16:15:00+00:00,496.35,496.64,496.29,496.425,218064.0
2024-10-28T16:20:00+00:00,496.19,496.79,495.825,496.79,899859.0
2024-10-28T16:25:00+00:00,496.78,497.12,496.75,496.92,204806.0
2024-10-28T16:30:00+00:00,496.92,496.92,496.6528,496.81,91027.0
2024-10-28T16:35:00+00:00,496.8,496.8,496.32,496.3408,101429.0
2024-10-28T16:40:00+00:00,496.78,497.12,495.88,495.9244,588219.0
2024-10-28T16:45:00+00:00,495.925,496.84,495.9,496.83,309309.0
2024-10-28T16:50:00+00:00,496.82,496.82,496.23,496.5,117357.0
2024-10-28T16:55:00+00:00,496.54,496.62,496.24,496.34,111653.0
2024-10-28T17:00:00+00:00,495.925,496.84,495.9,496.19,643120.0
2024-10-28T17:05:00+00:00,496.17,496.454,495.92,496.26,174521.0
2024-10-28T17:10:00+00:00,496.26,496.63,496.18,496.5495,148926.0
2024-10-28T17:15:00+00:00,496.51,496.51,495.6,495.73,381115.0
2024-10-28T17:20:00+00:00,496.17,496.63,495.6,496.45,926557.0
2024-10-28T17:25:00+00:00,496.47,496.71,496.43,496.46,147560.0
2024-10-28T17:30:00+00:00,496.48,496.5999,496.31,496.33,94044.0
2024-10-28T17:35:00+00:00,496.35,496.725,496.27,496.69,112658.0
2024-10-28T17:40:00+00:00,496.47,496.73,496.27,496.57,455478.0
2024-10-28T17:45:00+00:00,496.5911,496.73,496.46,496.54,69953.0
2024-10-28T17:50:00+00:00,496.5899,496.69,496.375,496.43,79833.0
2024-10-28T17:55:00+00:00,496.4592,496.87,496.395,496.7588,112177.0
2024-10-28T18:00:00+00:00,496.5911,496.88,496.375,496.75,388931.0
2024-10-28T18:05:00+00:00,496.69,496.695,496.33,496.6,105791.0
2024-10-28T18:10:00+00:00,496.585,496.88,496.52,496.79,96071.0
2024-10-28T18:15:00+00:00,496.785,496.785,496.38,496.38,107417.0
2024-10-28T18:20:00+00:00,496.69,496.88,496.18,496.43,434458.0
2024-10-28T18:25:00+00:00,496.42,496.42,496.1,496.21,81142.0
2024-10-28T18:30:00+00:00,496.23,496.6225,496.1866,496.2299,118742.0
2024-10-28T18:35:00+00:00,496.23,496.35,496.07,496.1799,166020.0
2024-10-28T18:40:00+00:00,496.42,496.6225,495.92,496.279,577691.0
2024-10-28T18:45:00+00:00,496.27,496.35,495.82,495.91,294181.0
2024-10-28T18:50:00+00:00,495.915,495.9699,495.57,495.9699,325723.0
2024-10-28T18:55:00+00:00,495.96,496.5761,495.94,496.481,307513.0
2024-10-28T19:00:00+00:00,496.27,496.5761,495.57,495.95,1147490.0
2024-10-28T19:05:00+00:00,495.98,496.3667,495.63,496.09,138032.0
2024-10-28T19:10:00+00:00,496.02,496.08,495.77,495.8,304794.0
2024-10-28T19:15:00+00:00,495.83,496.03,495.78,495.9696,276894.0
2024-10-28T19:20:00+00:00,495.98,496.3667,495.61,495.61,902653.0
2024-10-28T19:25:00+00:00,495.64,496.01,495.59,496.01,224319.0
2024-10-28T19:30:00+00:00,495.99,496.18,495.9,496.125,231196.0
2024-10-28T19:35:00+00:00,496.1414,496.35,495.97,496.22,189390.0
2024-10-28T19:40:00+00:00,495.64,496.36,495.59,496.0397,815969.0
2024-10-28T19:45:00+00:00,496.04,496.18,495.88,495.93,192715.0
2024-10-28T19:50:00+00:00,495.965,496.11,495.87,495.96,310605.0
2024-10-28T19:55:00+00:00,495.97,495.99,495.47,495.84,413305.0
2024-10-28T20:00:00+00:00,496.04,496.18,495.1,495.4,2693872.0
2024-10-28T20:05:00+00:00,495.46,495.75,495.25,495.67,131939.0
2024-10-28T20:10:00+00:00,495.7,495.7,495.4,495.43,34052.0
2024-10-28T20:15:00+00:00,495.41,495.52,495.41,495.42,421515.0
2024-10-28T20:20:00+00:00,495.46,495.75,495.25,495.48,601024.0
2024-10-28T20:25:00+00:00,495.5101,495.67,495.5101,495.67,27416.0
2024-10-28T20:30:00+00:00,495.69,495.75,495.69,495.74,21817.0
2024-10-28T20:35:00+00:00,495.75,495.97,495.74,495.97,26290.0
2024-10-28T20:40:00+00:00,495.5101,495.97,495.5101,495.73,123157.0
2024-10-28T20:45:00+00:00,495.78,495.8,495.75,495.78,30304.0
2024-10-28T20:50:00+00:00,495.8,495.82,495.73,495.73,26840.0
2024-10-28T20:55:00+00:00,495.72,495.72,495.66,495.68,49075.0
2024-10-28T21:00:00+00:00,495.78,495.82,495.62,495.62,116783.0
2024-10-28T21:05:00+00:00,495.63,495.65,495.6,495.64,4763.0
2024-10-28T21:10:00+00:00,495.63,495.66,495.61,495.66,2711.0
2024-10-28T21:15:00+00:00,495.64,495.71,495.64,495.64,11338.0
2024-10-28T21:20:00+00:00,495.63,495.71,495.6,495.64,21175.0
2024-10-28T21:25:00+00:00,495.64,495.64,495.6003,495.6003,5845.0
2024-10-28T21:30:00+00:00,495.61,495.7,495.61,495.7,1097.0
2024-10-28T21:35:00+00:00,495.78,495.85,495.78,495.85,1846.0
2024-10-28T21:40:00+00:00,495.64,495.85,495.6003,495.85,8788.0
2024-10-28T21:45:00+00:00,495.75,495.86,495.75,495.86,1777.0
2024-10-28T21:50:00+00:00,495.84,495.89,495.8,495.84,2262.0
2024-10-28T21:55:00+00:00,495.84,495.9,495.84,495.88,2433.0
2024-10-28T22:00:00+00:00,495.75,495.9,495.75,495.82,8163.0
2024-10-28T22:05:00+00:00,495.78,495.94,495.68,495.7,10553.0
2024-10-28T22:10:00+00:00,495.7,495.7,495.43,495.43,4819.0
2024-10-28T22:15:00+00:00,495.4302,495.49,495.3075,495.411,11243.0
2024-10-28T22:20:00+00:00,495.78,495.94,495.2,495.35,32528.0
2024-10-28T22:25:00+00:00,495.39,495.45,495.39,495.4,6095.0
2024-10-28T22:30:00+00:00,495.39,495.39,495.2885,495.2885,954.0
2024-10-28T22:35:00+00:00,495.27,495.4,495.27,495.4,6696.0
2024-10-28T22:40:00+00:00,495.39,495.45,495.27,495.45,27653.0
2024-10-28T22:45:00+00:00,495.38,495.45,495.3799,495.4,1138.0
2024-10-28T22:50:00+00:00,495.37,495.37,495.25,495.25,2510.0
2024-10-28T22:55:00+00:00,495.25,495.37,495.25,495.34,739.0
2024-10-28T23:00:00+00:00,495.38,495.45,495.25,495.34,6105.0
2024-10-28T23:05:00+00:00,495.4,495.4,495.39,495.39,1170.0
2024-10-28T23:10:00+00:00,495.4,495.59,495.4,495.58,2521.0
2024-10-28T23:15:00+00:00,495.52,495.52,495.46,495.5,1304.0
2024-10-28T23:20:00+00:00,495.4,495.61,495.39,495.5401,6443.0
2024-10-28T23:25:00+00:00,495.5,495.5,495.49,495.49,524.0
2024-10-28T23:30:00+00:00,495.5301,495.58,495.45,495.45,2830.0
2024-10-28T23:35:00+00:00,495.49,495.57,495.44,495.5,1451.0
2024-10-28T23:40:00+00:00,495.5,495.58,495.44,495.51,5425.0
2024-10-28T23:45:00+00:00,495.6,495.63,495.59,495.59,2563.0
2024-10-28T23:50:00+00:00,495.61,495.61,495.3,495.3,1054.0
2024-10-28T23:55:00+00:00,495.32,495.43,495.32,495.38,977.0
2024-10-29T00:00:00+00:00,495.6,495.63,495.3,495.6,11676.0
2024-10-29T08:05:00+00:00,496.18,496.18,495.77,495.77,9480.0
2024-10-29T08:10:00+00:00,495.73,495.75,495.45,495.6,9900.0
2024-10-29T08:15:00+00:00,495.55,495.94,495.55,495.87,1451.0
2024-10-29T08:20:00+00:00,496.18,496.18,495.25,495.25,24699.0
2024-10-29T08:25:00+00:00,495.22,495.47,495.21,495.47,18044.0
2024-10-29T08:30:00+00:00,495.44,496.12,495.44,496.12,4782.0
2024-10-29T08:35:00+00:00,496.18,496.33,495.93,496.14,18490.0
2024-10-29T08:40:00+00:00,495.22,496.45,495.21,496.45,49092.0
2024-10-29T08:45:00+00:00,496.49,496.49,496.37,496.42,1046.0
2024-10-29T08:50:00+00:00,496.5,496.58,496.41,496.57,2801.0
2024-10-29T08:55:00+00:00,496.46,496.58,496.36,496.4,1673.0
2024-10-29T09:00:00+00:00,496.49,496.58,495.82,496.21,9529.0
2024-10-29T09:05:00+00:00,496.03,496.03,495.78,495.85,3767.0
2024-10-29T09:10:00+00:00,495.84,495.96,495.84,495.95,322.0
2024-10-29T09:15:00+00:00,495.89,495.89,495.53,495.53,1439.0
2024-10-29T09:20:00+00:00,496.03,496.03,495.36,495.61,9383.0
2024-10-29T09:25:00+00:00,495.36,495.86,495.36,495.73,1604.0
2024-10-29T09:30:00+00:00,495.95,495.95,495.66,495.79,531.0
2024-10-29T09:35:00+00:00,495.76,495.8,495.7,495.8,3659.0
2024-10-29T09:40:00+00:00,495.36,495.95,495.36,495.68,6522.0
2024-10-29T09:45:00+00:00,495.71,496.01,495.71,496.01,722.0
2024-10-29T09:50:00+00:00,496.02,496.02,495.72,495.73,1078.0
2024-10-29T09:55:00+00:00,495.81,495.87,495.66,495.71,2808.0
2024-10-29T10:00:00+00:00,495.71,496.02,495.66,495.91,8020.0
2024-10-29T10:05:00+00:00,495.86,495.86,495.68,495.68,848.0
2024-10-29T10:10:00+00:00,495.45,495.49,495.39,495.47,4394.0
2024-10-29T10:15:00+00:00,495.6,495.71,495.6,495.71,678.0
2024-10-29T10:20:00+00:00,495.86,495.86,495.39,495.71,5920.0
2024-10-29T10:25:00+00:00,495.5,495.56,495.45,495.45,3395.0
2024-10-29T10:30:00+00:00,495.41,495.61,495.35,495.61,10953.0
2024-10-29T10:35:00+00:00,495.67,495.88,495.67,495.69,20572.0
2024-10-29T10:40:00+00:00,495.5,495.88,495.35,495.67,35823.0
2024-10-29T10:45:00+00:00,495.72,495.74,495.67,495.67,359.0
2024-10-29T10:50:00+00:00,495.95,495.99,495.94,495.96,2814.0
2024-10-29T10:55:00+00:00,495.97,495.97,495.97,495.97,716.0
2024-10-29T11:00:00+00:00,495.72,495.99,495.67,495.9,7117.0
2024-10-29T11:05:00+00:00,495.82,495.85,495.46,495.69,17451.0
2024-10-29T11:10:00+00:00,495.57,495.61,495.21,495.26,8857.0
2024-10-29T11:15:00+00:00,495.21,495.4,495.21,495.35,7867.0
2024-10-29T11:20:00+00:00,495.82,495.85,495.21,495.28,37155.0
2024-10-29T11:25:00+00:00,495.31,495.41,495.3,495.4,4917.0
2024-10-29T11:30:00+00:00,495.38,495.38,495.2,495.3,5167.0
2024-10-29T11:35:00+00:00,495.45,495.45,495.3,495.33,2566.0
2024-10-29T11:40:00+00:00,495.31,495.45,495.2,495.27,26528.0
2024-10-29T11:45:00+00:00,495.35,495.84,495.35,495.83,15505.0
2024-10-29T11:50:00+00:00,495.74,495.8,495.59,495.59,3311.0
2024-10-29T11:55:00+00:00,495.73,495.73,495.48,495.6,2067.0
2024-10-29T12:00:00+00:00,495.35,495.84,495.35,495.39,27429.0
2024-10-29T12:05:00+00:00,495.39,496.65,494.5,495.4,38829.0
2024-10-29T12:10:00+00:00,495.4,495.4,495.09,495.16,11245.0
2024-10-29T12:15:00+00:00,495.13,495.771,494.64,495.09,27200.0
2024-10-29T12:20:00+00:00,495.39,496.65,494.5,495.311,93096.0
2024-10-29T12:25:00+00:00,495.266,495.266,495.02,495.1,3317.0
2024-10-29T12:30:00+00:00,495.07,495.41,495.01,495.33,2735.0
2024-10-29T12:35:00+00:00,495.32,495.3401,495.17,495.241,2954.0
2024-10-29T12:40:00+00:00,495.266,495.49,495.01,495.41,18795.0
2024-10-29T12:45:00+00:00,495.33,495.37,495.22,495.37,4157.0
2024-10-29T12:50:00+00:00,495.32,495.341,495.2203,495.2203,10544.0
2024-10-29T12:55:00+00:00,495.29,495.58,495.221,495.36,21538.0
2024-10-29T13:00:00+00:00,495.33,495.58,495.2,495.22,38949.0
2024-10-29T13:05:00+00:00,495.16,495.35,495.16,495.35,4508.0
2024-10-29T13:10:00+00:00,495.29,495.71,495.29,495.65,14279.0
2024-10-29T13:15:00+00:00,495.5,495.53,495.26,495.31,3574.0
2024-10-29T13:20:00+00:00,495.16,495.71,495.16,495.3,40622.0
2024-10-29T13:25:00+00:00,495.31,495.39,495.2701,495.2701,8593.0
2024-10-29T13:30:00+00:00,495.32,495.75,495.24,495.7,33688.0
2024-10-29T13:35:00+00:00,495.72,496.08,493.9301,494.0833,657159.0
2024-10-29T13:40:00+00:00,495.31,496.08,493.85,494.2703,995547.0
2024-10-29T13:45:00+00:00,494.28,495.33,493.93,495.2,377900.0
2024-10-29T13:50:00+00:00,495.2,495.83,494.66,494.69,436422.0
2024-10-29T13:55:00+00:00,494.73,495.4499,494.7101,495.4,238356.0
2024-10-29T14:00:00+00:00,494.28,496.01,493.93,495.855,1399058.0
2024-10-29T14:05:00+00:00,495.855,496.46,495.45,496.25,532631.0
2024-10-29T14:10:00+00:00,496.235,496.3699,495.83,495.954,240514.0
2024-10-29T14:15:00+00:00,495.9,496.59,495.76,496.14,235985.0
2024-10-29T14:20:00+00:00,495.855,496.59,495.45,496.34,1313997.0
2024-10-29T14:25:00+00:00,496.3,497.615,496.02,497.58,361685.0
2024-10-29T14:30:00+00:00,497.58,497.9199,496.14,496.51,713455.0
2024-10-29T14:35:00+00:00,496.49,497.4375,496.49,497.36,269750.0
2024-10-29T14:40:00+00:00,496.3,497.9199,496.02,497.385,1536756.0
2024-10-29T14:45:00+00:00,497.39,497.67,497.04,497.41,200545.0
2024-10-29T14:50:00+00:00,497.45,497.569,497.1401,497.48,169460.0
2024-10-29T14:55:00+00:00,497.49,497.78,497.29,497.61,183018.0
2024-10-29T15:00:00+00:00,497.39,497.93,497.04,497.79,794951.0
2024-10-29T15:05:00+00:00,497.85,498.01,497.46,497.86,522500.0
2024-10-29T15:10:00+00:00,497.87,497.925,497.17,497.35,334904.0
2024-10-29T15:15:00+00:00,497.39,497.85,497.21,497.74,213194.0
2024-10-29T15:20:00+00:00,497.85,498.05,497.17,497.79,1341449.0
2024-10-29T15:25:00+00:00,497.8,498.0,497.49,497.84,214071.0
2024-10-29T15:30:00+00:00,497.84,498.025,497.72,497.79,133461.0
2024-10-29T15:35:00+00:00,497.79,498.02,497.6,497.64,171949.0
2024-10-29T15:40:00+00:00,497.8,498.025,497.4,497.94,718682.0
2024-10-29T15:45:00+00:00,497.95,498.32,497.865,498.01,290325.0
2024-10-29T15:50:00+00:00,498.04,498.22,497.93,498.11,110946.0
2024-10-29T15:55:00+00:00,498.13,498.4,497.5906,497.88,251954.0
2024-10-29T16:00:00+00:00,497.95,498.42,497.5906,498.39,983551.0
2024-10-29T16:05:00+00:00,498.38,498.9,498.21,498.36,461892.0
2024-10-29T16:10:00+00:00,498.355,498.44,498.13,498.3401,207084.0
2024-10-29T16:15:00+00:00,498.35,498.46,498.21,498.3989,209327.0
2024-10-29T16:20:00+00:00,498.38,498.9,498.13,498.5135,1175557.0
2024-10-29T16:25:00+00:00,498.51,498.8199,498.33,498.645,127118.0
2024-10-29T16:30:00+00:00,498.64,498.6775,498.12,498.23,317539.0
2024-10-29T16:35:00+00:00,498.23,498.34,497.7438,497.86,147977.0
2024-10-29T16:40:00+00:00,498.51,498.8199,497.53,498.21,858221.0
2024-10-29T16:45:00+00:00,498.2,498.73,498.1,498.59,162344.0
2024-10-29T16:50:00+00:00,498.59,498.99,498.41,498.76,153550.0
2024-10-29T16:55:00+00:00,498.775,499.26,498.61,498.96,707152.0
2024-10-29T17:00:00+00:00,498.2,499.26,498.1,499.0,1193363.0
2024-10-29T17:05:00+00:00,499.03,499.83,499.015,499.5201,393943.0
2024-10-29T17:10:00+00:00,499.55,499.79,499.37,499.66,218473.0
2024-10-29T17:15:00+00:00,499.665,499.8359,499.54,499.82,223507.0
2024-10-29T17:20:00+00:00,499.03,499.95,499.015,499.83,1134041.0
2024-10-29T17:25:00+00:00,499.84,499.88,499.34,499.75,234727.0
2024-10-29T17:30:00+00:00,499.72,499.81,499.2208,499.415,166250.0
2024-10-29T17:35:00+00:00,499.43,499.79,499.2432,499.71,191467.0
2024-10-29T17:40:00+00:00,499.84,499.88,499.2208,499.7001,709691.0
2024-10-29T17:45:00+00:00,499.72,499.74,499.21,499.29,179434.0
2024-10-29T17:50:00+00:00,499.27,499.7,499.23,499.6399,243296.0
2024-10-29T17:55:00+00:00,499.6,499.8657,499.54,499.84,190519.0
2024-10-29T18:00:00+00:00,499.72,499.8657,499.21,499.5899,730909.0
2024-10-29T18:05:00+00:00,499.59,499.78,499.46,499.53,123335.0
2024-10-29T18:10:00+00:00,499.52,499.68,499.38,499.5933,122552.0
2024-10-29T18:15:00+00:00,499.61,499.6375,499.46,499.49,104340.0
2024-10-29T18:20:00+00:00,499.59,499.78,499.3,499.78,517963.0
2024-10-29T18:25:00+00:00,499.78,500.1,499.74,499.96,312483.0
2024-10-29T18:30:00+00:00,499.9699,500.1784,499.71,500.16,210537.0
2024-10-29T18:35:00+00:00,500.15,500.33,500.08,500.1995,297985.0
2024-10-29T18:40:00+00:00,499.78,500.48,499.71,500.39,1057175.0
2024-10-29T18:45:00+00:00,500.385,500.6,500.22,500.32,223616.0
2024-10-29T18:50:00+00:00,500.3,500.4,500.12,500.25,192092.0
2024-10-29T18:55:00+00:00,500.265,500.32,500.08,500.2,335846.0
2024-10-29T19:00:00+00:00,500.385,500.6,500.03,500.11,917835.0
2024-10-29T19:05:00+00:00,500.1,500.27,500.07,500.19,113196.0
2024-10-29T19:10:00+00:00,500.2,500.63,500.16,500.6,231775.0
2024-10-29T19:15:00+00:00,500.5901,500.68,500.45,500.675,620422.0
2024-10-29T19:20:00+00:00,500.1,500.87,500.07,500.85,1325289.0
2024-10-29T19:25:00+00:00,500.86,501.26,500.8,501.13,429872.0
2024-10-29T19:30:00+00:00,501.13,501.35,500.91,501.24,289334.0
2024-10-29T19:35:00+00:00,501.23,501.3299,501.087,501.3,299361.0
2024-10-29T19:40:00+00:00,500.86,501.35,500.8,500.9098,1415832.0
2024-10-29T19:45:00+00:00,500.89,501.14,500.74,501.06,329868.0
2024-10-29T19:50:00+00:00,501.06,501.31,501.02,501.18,762049.0
2024-10-29T19:55:00+00:00,501.17,501.185,500.44,500.52,1281963.0
2024-10-29T20:00:00+00:00,500.89,501.31,499.79,500.14,3828836.0
2024-10-29T20:05:00+00:00,500.12,501.7,500.0,500.59,567770.0
2024-10-29T20:10:00+00:00,500.66,501.3,499.5861,501.22,181660.0
2024-10-29T20:15:00+00:00,501.069,501.6301,501.05,501.5,1209889.0
2024-10-29T20:20:00+00:00,500.12,501.7,499.5861,500.35,2102445.0
2024-10-29T20:25:00+00:00,500.3499,500.82,500.21,500.47,70851.0
2024-10-29T20:30:00+00:00,500.4,500.71,500.269,500.67,19898.0
2024-10-29T20:35:00+00:00,500.66,500.7,500.41,500.64,42322.0
2024-10-29T20:40:00+00:00,500.3499,500.82,500.21,500.43,152307.0
2024-10-29T20:45:00+00:00,500.44,500.55,500.4,500.42,15931.0
2024-10-29T20:50:00+00:00,500.46,500.49,500.3,500.36,12993.0
2024-10-29T20:55:00+00:00,500.34,500.7,500.34,500.67,14502.0
2024-10-29T21:00:00+00:00,500.44,500.7,500.3,500.45,56157.0
2024-10-29T21:05:00+00:00,500.4994,500.52,500.3,500.51,28009.0
2024-10-29T21:10:00+00:00,500.5,501.12,500.5,501.12,28681.0
2024-10-29T21:15:00+00:00,501.05,501.65,501.0,501.15,63681.0
2024-10-29T21:20:00+00:00,500.4994,501.65,500.3,501.0,152464.0
2024-10-29T21:25:00+00:00,501.01,501.2,501.0,501.15,4901.0
2024-10-29T21:30:00+00:00,501.18,501.31,501.01,501.3,19929.0
2024-10-29T21:35:00+00:00,501.14,501.47,501.14,501.46,16056.0
2024-10-29T21:40:00+00:00,501.01,501.55,501.0,501.36,53084.0
2024-10-29T21:45:00+00:00,501.35,501.45,501.3,501.45,6301.0
2024-10-29T21:50:00+00:00,501.36,501.45,501.36,501.4196,3650.0
2024-10-29T21:55:00+00:00,501.44,501.44,501.19,501.22,2430.0
2024-10-29T22:00:00+00:00,501.35,501.45,501.1,501.1,17964.0
2024-10-29T22:05:00+00:00,501.06,501.12,500.789,500.86,40598.0
2024-10-29T22:10:00+00:00,500.93,501.22,500.93,501.22,7203.0
2024-10-29T22:15:00+00:00,501.19,501.24,501.06,501.06,13774.0
2024-10-29T22:20:00+00:00,501.06,501.24,500.789,501.11,63506.0
2024-10-29T22:25:00+00:00,501.09,501.22,501.09,501.22,1385.0
2024-10-29T22:30:00+00:00,501.18,501.2,501.14,501.14,2700.0
2024-10-29T22:35:00+00:00,501.13,501.3,501.12,501.3,3320.0
2024-10-29T22:40:00+00:00,501.09,501.48,501.09,501.4,9613.0
2024-10-29T22:45:00+00:00,501.499,501.52,501.36,501.36,2607.0
2024-10-29T22:50:00+00:00,501.39,501.54,501.37,501.53,13920.0
2024-10-29T22:55:00+00:00,501.5,501.74,501.5,501.53,13316.0
2024-10-29T23:00:00+00:00,501.499,501.74,501.36,501.57,31729.0
2024-10-29T23:05:00+00:00,501.53,501.53,501.2,501.2,15226.0
2024-10-29T23:10:00+00:00,501.2,501.24,501.0,501.06,34343.0
2024-10-29T23:15:00+00:00,501.07,501.21,500.99,501.21,2145.0
2024-10-29T23:20:00+00:00,501.53,501.53,500.99,501.22,53508.0
2024-10-29T23:25:00+00:00,501.33,501.43,501.26,501.43,3118.0
2024-10-29T23:30:00+00:00,501.43,501.51,501.35,501.47,10477.0
2024-10-29T23:35:00+00:00,501.47,501.47,501.31,501.31,4053.0
2024-10-29T23:40:00+00:00,501.33,501.51,501.26,501.34,25077.0
2024-10-29T23:45:00+00:00,501.28,501.35,501.23,501.35,4575.0
2024-10-29T23:50:00+00:00,501.38,501.42,501.33,501.35,2789.0
2024-10-29T23:55:00+00:00,501.33,501.48,501.28,501.48,5873.0
2024-10-30T00:00:00+00:00,501.28,501.61,501.23,501.47,42223.0
2024-10-30T08:05:00+00:00,501.44,501.81,501.44,501.81,8027.0
2024-10-30T08:10:00+00:00,501.84,501.9,501.19,501.19,17928.0
2024-10-30T08:15:00+00:00,501.14,501.44,500.99,501.31,6336.0
2024-10-30T08:20:00+00:00,501.44,501.9,500.99,501.32,39475.0
2024-10-30T08:25:00+00:00,501.3,501.66,501.3,501.66,10078.0
2024-10-30T08:30:00+00:00,501.62,501.62,501.42,501.42,2471.0
2024-10-30T08:35:00+00:00,501.5,501.56,501.26,501.32,3481.0
2024-10-30T08:40:00+00:00,501.3,501.66,501.22,501.3,17974.0
2024-10-30T08:45:00+00:00,501.08,501.11,500.79,500.89,6618.0
2024-10-30T08:50:00+00:00,500.8,500.87,500.7,500.87,1051.0
2024-10-30T08:55:00+00:00,500.94,501.18,500.94,500.98,3278.0
2024-10-30T09:00:00+00:00,501.08,501.18,500.7,500.86,12813.0
2024-10-30T09:05:00+00:00,500.7,501.07,500.55,500.55,4678.0
2024-10-30T09:10:00+00:00,500.72,500.99,500.62,500.91,5397.0
2024-10-30T09:15:00+00:00,501.04,501.19,501.04,501.07,2490.0
2024-10-30T09:20:00+00:00,500.7,501.24,500.55,501.24,12766.0
2024-10-30T09:25:00+00:00,501.06,501.36,501.06,501.36,2615.0
2024-10-30T09:30:00+00:00,501.31,501.48,501.31,501.44,2357.0
2024-10-30T09:35:00+00:00,501.45,501.47,501.39,501.46,1199.0
2024-10-30T09:40:00+00:00,501.06,501.48,501.06,501.33,10986.0
2024-10-30T09:45:00+00:00,501.26,501.26,501.22,501.22,1167.0
2024-10-30T09:50:00+00:00,501.19,501.2,501.19,501.2,483.0
2024-10-30T09:55:00+00:00,501.21,501.22,501.16,501.16,1325.0
2024-10-30T10:00:00+00:00,501.26,501.26,501.06,501.06,7510.0
2024-10-30T10:05:00+00:00,501.08,501.19,501.08,501.17,21619.0
2024-10-30T10:10:00+00:00,501.0,501.0,500.8,500.8,31743.0
2024-10-30T10:15:00+00:00,500.84,501.01,500.81,501.01,1649.0
2024-10-30T10:20:00+00:00,501.08,501.19,500.8,500.98,56016.0
2024-10-30T10:25:00+00:00,501.01,501.08,501.01,501.04,4746.0
2024-10-30T10:30:00+00:00,501.0,501.23,501.0,501.23,1927.0
2024-10-30T10:35:00+00:00,501.21,501.21,500.89,500.97,20741.0
2024-10-30T10:40:00+00:00,501.01,501.23,500.89,501.03,40107.0
2024-10-30T10:45:00+00:00,501.1,501.13,501.02,501.13,1186.0
2024-10-30T10:50:00+00:00,500.96,501.01,500.85,500.85,12573.0
2024-10-30T10:55:00+00:00,501.03,501.1,501.03,501.09,839.0
2024-10-30T11:00:00+00:00,501.1,501.22,500.85,501.22,19982.0
2024-10-30T11:05:00+00:00,501.26,501.26,500.95,501.09,28021.0
2024-10-30T11:10:00+00:00,501.074,501.26,501.04,501.2,4360.0
2024-10-30T11:15:00+00:00,501.26,501.43,501.23,501.43,5608.0
2024-10-30T11:20:00+00:00,501.26,501.57,500.95,501.56,53446.0
2024-10-30T11:25:00+00:00,501.56,501.63,501.48,501.5,20636.0
2024-10-30T11:30:00+00:00,501.52,501.52,501.23,501.35,14350.0
2024-10-30T11:35:00+00:00,501.38,501.41,501.26,501.3,3285.0
2024-10-30T11:40:00+00:00,501.56,501.63,501.23,501.39,85981.0
2024-10-30T11:45:00+00:00,501.4,501.41,501.31,501.31,1874.0
2024-10-30T11:50:00+00:00,501.3,501.3,500.89,500.89,12903.0
2024-10-30T11:55:00+00:00,500.88,500.88,500.68,500.77,13647.0
2024-10-30T12:00:00+00:00,501.4,501.41,500.67,500.67,38425.0
2024-10-30T12:05:00+00:00,501.19,501.78,499.785,500.55,75427.0
2024-10-30T12:10:00+00:00,500.5699,500.58,500.38,500.47,13552.0
2024-10-30T12:15:00+00:00,500.48,500.77,500.43,500.6201,17950.0
2024-10-30T12:20:00+00:00,501.19,501.78,499.785,500.55,121110.0
2024-10-30T12:25:00+00:00,500.54,500.63,500.38,500.59,18648.0
2024-10-30T12:30:00+00:00,500.5,500.7,500.35,500.6,13502.0
2024-10-30T12:35:00+00:00,500.38,500.512,500.28,500.4,23336.0
2024-10-30T12:40:00+00:00,500.54,500.83,500.28,500.67,72424.0
2024-10-30T12:45:00+00:00,500.7,500.8,500.51,500.52,8813.0
2024-10-30T12:50:00+00:00,500.47,500.52,500.34,500.43,12243.0
2024-10-30T12:55:00+00:00,500.39,500.48,499.77,499.85,59496.0
2024-10-30T13:00:00+00:00,500.7,500.8,499.7401,500.02,113265.0
2024-10-30T13:05:00+00:00,500.02,500.05,499.17,499.17,46706.0
2024-10-30T13:10:00+00:00,499.2,499.38,498.92,499.22,55679.0
2024-10-30T13:15:00+00:00,499.37,499.7,499.37,499.63,32201.0
2024-10-30T13:20:00+00:00,500.02,500.05,498.92,499.34,146997.0
2024-10-30T13:25:00+00:00,499.4,499.44,499.15,499.22,15170.0
2024-10-30T13:30:00+00:00,499.17,499.64,499.08,499.37,45711.0
2024-10-30T13:35:00+00:00,499.39,499.6,498.35,498.3638,1019767.0
2024-10-30T13:40:00+00:00,499.4,499.64,498.13,498.16,1695994.0
2024-10-30T13:45:00+00:00,498.1901,498.24,496.6,496.9,718883.0
2024-10-30T13:50:00+00:00,496.91,497.7,496.64,497.36,788634.0
2024-10-30T13:55:00+00:00,497.4,498.22,497.34,498.2014,455062.0
2024-10-30T14:00:00+00:00,498.1901,498.85,496.6,498.77,2431662.0
2024-10-30T14:05:00+00:00,498.72,499.55,498.41,499.5,571687.0
2024-10-30T14:10:00+00:00,499.49,499.8,499.15,499.61,323644.0
2024-10-30T14:15:00+00:00,499.63,499.79,499.32,499.33,380861.0
2024-10-30T14:20:00+00:00,498.72,499.88,498.41,499.82,1444719.0
2024-10-30T14:25:00+00:00,499.86,500.28,499.58,499.8496,259805.0
2024-10-30T14:30:00+00:00,499.82,500.35,499.68,500.105,256733.0
2024-10-30T14:35:00+00:00,500.1,500.15,499.87,500.01,238198.0
2024-10-30T14:40:00+00:00,499.86,500.35,499.56,499.9501,1051586.0
2024-10-30T14:45:00+00:00,499.98,500.16,499.62,499.9,218464.0
2024-10-30T14:50:00+00:00,499.89,500.08,499.3825,499.54,266361.0
2024-10-30T14:55:00+00:00,499.57,499.5798,498.66,498.69,367880.0
2024-10-30T15:00:00+00:00,499.98,500.16,498.66,499.1975,1096964.0
2024-10-30T15:05:00+00:00,499.15,499.31,498.935,499.2,123162.0
2024-10-30T15:10:00+00:00,499.2,499.2393,498.78,498.95,181113.0
2024-10-30T15:15:00+00:00,498.955,498.955,498.26,498.31,223321.0
2024-10-30T15:20:00+00:00,499.15,499.31,498.15,498.68,757897.0
2024-10-30T15:25:00+00:00,498.69,499.2,498.63,499.18,221212.0
2024-10-30T15:30:00+00:00,499.16,499.96,499.09,499.94,255685.0
2024-10-30T15:35:00+00:00,499.94,499.96,499.19,499.19,218988.0
2024-10-30T15:40:00+00:00,498.69,499.96,498.63,499.4,956394.0
2024-10-30T15:45:00+00:00,499.42,499.8,499.29,499.7201,207210.0
2024-10-30T15:50:00+00:00,499.76,499.85,499.47,499.71,152595.0
2024-10-30T15:55:00+00:00,499.6375,499.99,499.56,499.72,214683.0
2024-10-30T16:00:00+00:00,499.42,499.99,499.29,499.66,692812.0
2024-10-30T16:05:00+00:00,499.63,499.79,499.5,499.655,103602.0
2024-10-30T16:10:00+00:00,499.675,499.92,499.37,499.41,195805.0
2024-10-30T16:15:00+00:00,499.38,499.529,499.16,499.23,141877.0
2024-10-30T16:20:00+00:00,499.63,499.92,498.95,498.98,590854.0
2024-10-30T16:25:00+00:00,498.97,499.21,498.87,499.06,86472.0
2024-10-30T16:30:00+00:00,499.03,499.2891,498.97,499.15,70149.0
2024-10-30T16:35:00+00:00,499.14,499.36,498.88,499.33,107165.0
2024-10-30T16:40:00+00:00,498.97,499.39,498.87,499.33,371716.0
2024-10-30T16:45:00+00:00,499.36,499.46,499.02,499.245,53277.0
2024-10-30T16:50:00+00:00,499.245,499.6,499.19,499.49,53989.0
2024-10-30T16:55:00+00:00,499.52,499.6,499.235,499.29,82364.0
2024-10-30T17:00:00+00:00,499.36,499.6,498.96,499.04,301919.0
2024-10-30T17:05:00+00:00,499.03,499.24,498.8411,499.09,195337.0
2024-10-30T17:10:00+00:00,499.11,499.1913,498.84,498.84,204834.0
2024-10-30T17:15:00+00:00,498.85,498.97,498.66,498.85,171599.0
2024-10-30T17:20:00+00:00,499.03,499.24,498.66,498.8399,786329.0
2024-10-30T17:25:00+00:00,498.84,499.1099,498.76,498.831,103326.0
2024-10-30T17:30:00+00:00,498.8674,498.94,498.34,498.38,181053.0
2024-10-30T17:35:00+00:00,498.42,498.63,497.9001,497.95,309908.0
2024-10-30T17:40:00+00:00,498.84,499.1099,497.23,497.2305,1144414.0
2024-10-30T17:45:00+00:00,497.22,497.84,496.98,497.69,562353.0
2024-10-30T17:50:00+00:00,497.7,498.1,497.61,498.08,442273.0
2024-10-30T17:55:00+00:00,498.0999,498.37,497.5551,497.81,207256.0
2024-10-30T18:00:00+00:00,497.22,498.37,496.98,497.39,1386130.0
2024-10-30T18:05:00+00:00,497.38,497.83,497.38,497.79,152594.0
2024-10-30T18:10:00+00:00,497.7999,498.35,497.68,498.25,362953.0
2024-10-30T18:15:00+00:00,498.29,498.42,498.06,498.06,283831.0
2024-10-30T18:20:00+00:00,497.38,498.42,497.38,497.78,955325.0
2024-10-30T18:25:00+00:00,497.785,498.32,497.76,498.2,194086.0
2024-10-30T18:30:00+00:00,498.2,498.2,497.83,497.87,128576.0
2024-10-30T18:35:00+00:00,497.82,498.202,497.78,498.0801,254550.0
2024-10-30T18:40:00+00:00,497.785,498.38,497.76,498.12,747159.0
2024-10-30T18:45:00+00:00,498.14,498.46,498.11,498.26,208931.0
2024-10-30T18:50:00+00:00,498.26,498.42,498.24,498.325,220040.0
2024-10-30T18:55:00+00:00,498.33,498.46,498.15,498.18,167486.0
2024-10-30T19:00:00+00:00,498.14,498.46,497.97,498.03,815928.0
2024-10-30T19:05:00+00:00,498.03,498.035,497.13,497.42,341816.0
2024-10-30T19:10:00+00:00,497.43,497.73,496.86,497.62,445837.0
2024-10-30T19:15:00+00:00,497.61,497.93,497.5,497.85,433508.0
2024-10-30T19:20:00+00:00,498.03,498.035,496.86,497.47,1488166.0
2024-10-30T19:25:00+00:00,497.48,497.64,497.22,497.33,258522.0
2024-10-30T19:30:00+00:00,497.32,497.51,497.11,497.24,256456.0
2024-10-30T19:35:00+00:00,497.235,497.37,497.01,497.05,339065.0
2024-10-30T19:40:00+00:00,497.48,497.64,496.61,497.25,3382997.0
2024-10-30T19:45:00+00:00,497.22,497.555,496.98,497.0268,390491.0
2024-10-30T19:50:00+00:00,497.02,497.3,496.95,497.14,287204.0
2024-10-30T19:55:00+00:00,497.15,497.28,496.43,496.49,722203.0
2024-10-30T20:00:00+00:00,497.22,497.555,495.89,496.4,3210053.0
2024-10-30T20:05:00+00:00,496.33,497.7,494.86,497.26,408083.0
2024-10-30T20:10:00+00:00,497.35,497.35,495.21,496.42,233997.0
2024-10-30T20:15:00+00:00,496.46,496.59,494.86,495.4,688042.0
2024-10-30T20:20:00+00:00,496.33,497.7,494.86,495.4,1621850.0
2024-10-30T20:25:00+00:00,495.32,495.45,495.07,495.3001,70031.0
2024-10-30T20:30:00+00:00,495.44,496.58,495.44,496.57,104888.0
2024-10-30T20:35:00+00:00,496.58,496.79,496.27,496.37,63992.0
2024-10-30T20:40:00+00:00,495.32,496.79,495.07,496.07,265376.0
2024-10-30T20:45:00+00:00,496.07,496.1,495.79,496.05,33116.0
2024-10-30T20:50:00+00:00,496.2,496.24,496.04,496.059,16777.0
2024-10-30T20:55:00+00:00,496.0,496.0,495.5,495.5,106276.0
2024-10-30T21:00:00+00:00,496.07,496.24,495.43,495.71,184373.0
2024-10-30T21:05:00+00:00,495.63,495.91,495.63,495.71,6390.0
2024-10-30T21:10:00+00:00,495.8,495.811,495.55,495.6613,5082.0
2024-10-30T21:15:00+00:00,495.67,495.8992,495.6,495.85,7996.0
2024-10-30T21:20:00+00:00,495.63,495.92,495.55,495.9,30321.0
2024-10-30T21:25:00+00:00,495.9,495.9,495.71,495.74,4915.0
2024-10-30T21:30:00+00:00,495.74,495.81,495.54,495.56,8510.0
2024-10-30T21:35:00+00:00,495.5416,495.5416,494.88,495.13,22050.0
2024-10-30T21:40:00+00:00,495.9,495.9,494.75,495.25,58937.0
2024-10-30T21:45:00+00:00,495.16,495.16,494.86,494.86,17553.0
2024-10-30T21:50:00+00:00,494.9,494.9,494.56,494.57,37715.0
2024-10-30T21:55:00+00:00,494.57,494.8,494.57,494.8,20689.0
2024-10-30T22:00:00+00:00,495.16,495.16,494.48,494.56,107231.0
2024-10-30T22:05:00+00:00,494.56,495.31,493.97,494.3299,343034.0
2024-10-30T22:10:00+00:00,494.35,494.8,493.96,494.2,70359.0
2024-10-30T22:15:00+00:00,494.13,494.17,493.906,494.07,21925.0
2024-10-30T22:20:00+00:00,494.56,495.31,493.906,494.0296,446533.0
2024-10-30T22:25:00+00:00,494.01,494.09,493.76,493.78,40299.0
2024-10-30T22:30:00+00:00,493.8,494.2399,493.75,494.19,48638.0
2024-10-30T22:35:00+00:00,494.25,494.25,494.14,494.16,12152.0
2024-10-30T22:40:00+00:00,494.01,494.33,493.75,494.12,107907.0
2024-10-30T22:45:00+00:00,494.1,494.52,494.03,494.38,23126.0
2024-10-30T22:50:00+00:00,494.35,494.35,493.86,494.2,13470.0
2024-10-30T22:55:00+00:00,494.11,494.11,493.92,494.04,4260.0
2024-10-30T23:00:00+00:00,494.1,494.52,493.811,493.93,59186.0
2024-10-30T23:05:00+00:00,493.9,494.06,493.8,494.04,5771.0
2024-10-30T23:10:00+00:00,494.0,494.16,493.99,493.9989,3002.0
2024-10-30T23:15:00+00:00,494.0,494.1,493.9,494.1,2307.0
2024-10-30T23:20:00+00:00,493.9,494.16,493.8,494.09,12039.0
2024-10-30T23:25:00+00:00,493.99,494.0383,493.87,493.96,4838.0
2024-10-30T23:30:00+00:00,493.95,493.9999,493.91,493.91,2006.0
2024-10-30T23:35:00+00:00,493.94,493.94,493.81,493.81,2622.0
2024-10-30T23:40:00+00:00,493.99,494.1,493.81,494.09,30956.0
2024-10-30T23:45:00+00:00,493.95,493.95,493.8,493.91,4221.0
2024-10-30T23:50:00+00:00,493.9,493.95,493.71,493.78,4274.0
2024-10-30T23:55:00+00:00,493.7499,493.83,493.66,493.72,24378.0
2024-10-31T00:00:00+00:00,493.95,493.95,493.65,493.7,47329.0
2024-10-31T08:05:00+00:00,492.28,492.28,490.62,491.21,35156.0
2024-10-31T08:10:00+00:00,491.13,491.28,490.86,490.88,13569.0
2024-10-31T08:15:00+00:00,490.85,491.04,490.76,491.0,6124.0
2024-10-31T08:20:00+00:00,492.28,492.28,490.62,491.27,66925.0
2024-10-31T08:25:00+00:00,491.25,491.26,491.0,491.0,5835.0
2024-10-31T08:30:00+00:00,490.96,491.17,490.96,490.96,2676.0
2024-10-31T08:35:00+00:00,490.84,490.84,490.48,490.6,5104.0
2024-10-31T08:40:00+00:00,491.25,491.26,490.48,490.73,17825.0
2024-10-31T08:45:00+00:00,490.64,490.87,490.64,490.87,1155.0
2024-10-31T08:50:00+00:00,490.83,491.32,490.83,491.32,4313.0
2024-10-31T08:55:00+00:00,491.39,491.39,491.24,491.24,1591.0
2024-10-31T09:00:00+00:00,490.64,491.52,490.64,491.13,8918.0
2024-10-31T09:05:00+00:00,491.14,491.16,491.06,491.06,863.0
2024-10-31T09:10:00+00:00,491.1,491.1,490.94,490.94,1484.0
2024-10-31T09:15:00+00:00,491.23,491.23,491.23,491.23,112.0
2024-10-31T09:20:00+00:00,491.14,491.23,490.94,491.09,4402.0
2024-10-31T09:25:00+00:00,491.03,491.09,490.96,491.09,811.0
2024-10-31T09:30:00+00:00,491.02,491.2,491.02,491.2,1308.0
2024-10-31T09:35:00+00:00,491.16,491.16,491.16,491.16,266.0
2024-10-31T09:40:00+00:00,491.03,491.23,490.96,491.23,3494.0
2024-10-31T09:45:00+00:00,491.43,491.48,491.41,491.48,2644.0
2024-10-31T09:50:00+00:00,491.39,491.47,491.28,491.28,1527.0
2024-10-31T09:55:00+00:00,491.11,491.24,491.11,491.24,805.0
2024-10-31T10:00:00+00:00,491.43,491.48,491.11,491.24,5392.0
2024-10-31T10:05:00+00:00,491.34,491.34,491.2,491.2,628.0
2024-10-31T10:10:00+00:00,491.21,491.21,490.7,490.74,2833.0
2024-10-31T10:15:00+00:00,490.77,490.77,490.59,490.63,3243.0
2024-10-31T10:20:00+00:00,491.34,491.34,490.59,490.71,8071.0
2024-10-31T10:25:00+00:00,490.72,490.98,490.72,490.98,4757.0
2024-10-31T10:30:00+00:00,491.0,491.2,491.0,491.08,27854.0
2024-10-31T10:35:00+00:00,491.15,491.15,491.1,491.11,873.0
2024-10-31T10:40:00+00:00,490.72,491.2,490.72,491.1,34988.0
2024-10-31T10:45:00+00:00,491.1,491.23,491.0,491.23,3377.0
2024-10-31T10:50:00+00:00,491.26,491.39,491.2,491.36,20824.0
2024-10-31T10:55:00+00:00,491.3,491.68,491.3,491.64,6009.0
2024-10-31T11:00:00+00:00,491.1,491.77,491.0,491.74,38159.0
2024-10-31T11:05:00+00:00,491.71,492.2,491.71,492.2,19670.0
2024-10-31T11:10:00+00:00,492.18,492.2,491.99,492.0,32672.0
2024-10-31T11:15:00+00:00,492.02,492.36,491.95,492.36,55780.0
2024-10-31T11:20:00+00:00,491.71,492.45,491.71,492.41,132444.0
2024-10-31T11:25:00+00:00,492.36,492.51,492.3,492.389,33227.0
2024-10-31T11:30:00+00:00,492.38,492.54,492.19,492.19,28745.0
2024-10-31T11:35:00+00:00,492.16,492.2,491.96,492.0,62580.0
2024-10-31T11:40:00+00:00,492.36,492.54,491.8,491.82,153668.0
2024-10-31T11:45:00+00:00,491.83,492.2,491.82,492.15,12696.0
2024-10-31T11:50:00+00:00,492.17,492.31,492.17,492.3,14253.0
2024-10-31T11:55:00+00:00,492.37,492.8,492.35,492.77,15156.0
2024-10-31T12:00:00+00:00,491.83,493.05,491.82,492.991,84419.0
2024-10-31T12:05:00+00:00,492.09,496.093,490.4896,492.93,71448.0
2024-10-31T12:10:00+00:00,492.97,493.07,492.77,492.78,20417.0
2024-10-31T12:15:00+00:00,492.8,493.08,492.66,493.07,16675.0
2024-10-31T12:20:00+00:00,492.09,496.093,490.4896,492.9,125223.0
2024-10-31T12:25:00+00:00,493.0,493.39,492.97,493.37,18652.0
2024-10-31T12:30:00+00:00,493.37,496.16,493.32,493.49,83268.0
2024-10-31T12:35:00+00:00,493.0,493.52,492.6927,493.2001,14347.0
2024-10-31T12:40:00+00:00,493.0,496.16,492.6927,492.76,149472.0
2024-10-31T12:45:00+00:00,492.94,493.32,492.81,493.26,26833.0
2024-10-31T12:50:00+00:00,493.33,493.49,492.87,492.87,36838.0
2024-10-31T12:55:00+00:00,492.93,493.2,492.84,492.86,10985.0
2024-10-31T13:00:00+00:00,492.94,493.49,492.71,492.8,91972.0
2024-10-31T13:05:00+00:00,492.75,492.91,492.56,492.78,20082.0
2024-10-31T13:10:00+00:00,492.95,492.98,492.65,492.66,6023.0
2024-10-31T13:15:00+00:00,492.66,492.87,492.53,492.87,35592.0
2024-10-31T13:20:00+00:00,492.75,493.05,492.53,492.88,79504.0
2024-10-31T13:25:00+00:00,492.71,492.97,492.71,492.94,30693.0
2024-10-31T13:30:00+00:00,492.89,492.89,492.29,492.36,79641.0
2024-10-31T13:35:00+00:00,492.38,492.43,489.65,490.4,1507085.0
2024-10-31T13:40:00+00:00,492.71,492.97,489.65,490.07,2571412.0
2024-10-31T13:45:00+00:00,490.08,490.71,489.86,489.89,449468.0
2024-10-31T13:50:00+00:00,489.87,489.87,487.79,487.84,903556.0
2024-10-31T13:55:00+00:00,487.86,488.0579,487.28,487.84,876339.0
2024-10-31T14:00:00+00:00,490.08,490.71,487.21,487.61,2948831.0
2024-10-31T14:05:00+00:00,487.6,487.6,486.8909,487.35,509997.0
2024-10-31T14:10:00+00:00,487.27,487.99,487.26,487.3492,510912.0
2024-10-31T14:15:00+00:00,487.3613,487.54,486.46,486.84,483460.0
2024-10-31T14:20:00+00:00,487.6,488.43,486.46,488.13,2351533.0
2024-10-31T14:25:00+00:00,488.1,488.39,487.81,488.22,763845.0
2024-10-31T14:30:00+00:00,488.2,488.2,486.835,486.97,391845.0
2024-10-31T14:35:00+00:00,486.95,487.36,486.55,486.72,341286.0
2024-10-31T14:40:00+00:00,488.1,488.39,486.43,486.76,1833022.0
2024-10-31T14:45:00+00:00,486.77,487.06,486.33,486.56,685310.0
2024-10-31T14:50:00+00:00,486.53,486.8001,485.56,485.705,555858.0
2024-10-31T14:55:00+00:00,485.69,485.95,485.32,485.67,550129.0
2024-10-31T15:00:00+00:00,486.77,487.06,485.32,485.73,2234414.0
2024-10-31T15:05:00+00:00,485.7,485.7,485.04,485.17,470712.0
2024-10-31T15:10:00+00:00,485.15,486.34,484.87,485.97,677424.0
2024-10-31T15:15:00+00:00,486.0,486.0,484.99,485.015,297286.0
2024-10-31T15:20:00+00:00,485.7,486.34,484.87,485.62,1848770.0
2024-10-31T15:25:00+00:00,485.58,486.37,485.42,486.0399,322224.0
2024-10-31T15:30:00+00:00,485.96,486.2899,485.69,485.94,238784.0
2024-10-31T15:35:00+00:00,485.91,486.15,485.23,485.28,239491.0
2024-10-31T15:40:00+00:00,485.58,486.37,485.04,485.1,1070200.0
2024-10-31T15:45:00+00:00,485.08,485.39,484.73,485.22,366820.0
2024-10-31T15:50:00+00:00,485.17,485.3,484.48,484.57,351258.0
2024-10-31T15:55:00+00:00,484.56,484.71,484.17,484.36,369283.0
2024-10-31T16:00:00+00:00,485.08,485.39,484.17,485.27,1507191.0
2024-10-31T16:05:00+00:00,485.26,485.34,484.79,485.24,341800.0
2024-10-31T16:10:00+00:00,485.203,485.63,485.1671,485.42,418610.0
2024-10-31T16:15:00+00:00,485.42,485.8,484.97,485.63,387964.0
2024-10-31T16:20:00+00:00,485.26,485.93,484.79,485.83,1446173.0
2024-10-31T16:25:00+00:00,485.82,486.1,485.545,485.7,449867.0
2024-10-31T16:30:00+00:00,485.695,485.7594,485.08,485.71,495540.0
2024-10-31T16:35:00+00:00,485.71,485.7497,485.25,485.36,214370.0
2024-10-31T16:40:00+00:00,485.82,486.1,485.08,485.51,1355721.0
2024-10-31T16:45:00+00:00,485.519,485.96,485.33,485.96,223909.0
2024-10-31T16:50:00+00:00,485.94,485.99,485.55,485.64,201707.0
2024-10-31T16:55:00+00:00,485.63,485.96,485.63,485.96,119746.0
2024-10-31T17:00:00+00:00,485.519,486.12,485.33,485.68,866911.0
2024-10-31T17:05:00+00:00,485.67,486.24,485.54,486.1,317350.0
2024-10-31T17:10:00+00:00,486.0901,486.27,485.87,486.2245,190467.0
2024-10-31T17:15:00+00:00,486.23,486.36,485.72,485.86,297194.0
2024-10-31T17:20:00+00:00,485.67,486.36,485.54,485.9,994348.0
2024-10-31T17:25:00+00:00,485.92,486.06,485.8,485.87,172008.0
2024-10-31T17:30:00+00:00,485.87,485.99,485.2,485.27,293510.0
2024-10-31T17:35:00+00:00,485.25,485.39,484.86,485.02,427456.0
2024-10-31T17:40:00+00:00,485.92,486.06,484.7,484.74,1121423.0
2024-10-31T17:45:00+00:00,484.72,485.05,484.6,484.68,307916.0
2024-10-31T17:50:00+00:00,484.685,484.84,484.22,484.8,377680.0
2024-10-31T17:55:00+00:00,484.78,485.17,484.52,484.63,365442.0
2024-10-31T18:00:00+00:00,484.72,485.17,484.22,484.46,1275169.0
2024-10-31T18:05:00+00:00,484.47,484.55,484.04,484.17,344133.0
2024-10-31T18:10:00+00:00,484.17,484.88,484.1699,484.24,457749.0
2024-10-31T18:15:00+00:00,484.25,484.78,484.17,484.435,347551.0
2024-10-31T18:20:00+00:00,484.47,484.88,484.04,484.11,1353487.0
2024-10-31T18:25:00+00:00,484.13,484.485,483.95,484.41,516699.0
2024-10-31T18:30:00+00:00,484.42,484.57,484.07,484.54,267905.0
2024-10-31T18:35:00+00:00,484.54,484.78,483.85,484.29,820432.0
2024-10-31T18:40:00+00:00,484.13,484.78,483.82,484.2499,1998745.0
2024-10-31T18:45:00+00:00,484.235,484.53,484.0,484.4425,486001.0
2024-10-31T18:50:00+00:00,484.445,484.67,483.99,484.0,279035.0
2024-10-31T18:55:00+00:00,484.04,484.46,484.04,484.34,263691.0
2024-10-31T19:00:00+00:00,484.235,484.9,483.99,484.76,1211179.0
2024-10-31T19:05:00+00:00,484.745,485.13,484.57,484.96,337508.0
2024-10-31T19:10:00+00:00,484.96,485.5399,484.93,485.51,239686.0
2024-10-31T19:15:00+00:00,485.49,485.63,485.09,485.58,328762.0
2024-10-31T19:20:00+00:00,484.745,485.8047,484.57,485.79,1180268.0
2024-10-31T19:25:00+00:00,485.79,486.03,485.65,485.765,311594.0
2024-10-31T19:30:00+00:00,485.77,485.86,485.45,485.53,277147.0
2024-10-31T19:35:00+00:00,485.53,485.74,485.09,485.12,334998.0
2024-10-31T19:40:00+00:00,485.79,486.03,485.0,485.48,1248556.0
2024-10-31T19:45:00+00:00,485.48,485.83,485.135,485.64,381163.0
2024-10-31T19:50:00+00:00,485.65,486.75,485.5701,486.55,559817.0
2024-10-31T19:55:00+00:00,486.56,486.78,484.48,484.52,965701.0
2024-10-31T20:00:00+00:00,485.48,486.78,483.75,483.9,5679203.0
2024-10-31T20:05:00+00:00,483.89,485.87,483.81,485.23,625058.0
2024-10-31T20:10:00+00:00,485.18,485.4,483.85,484.97,372581.0
2024-10-31T20:15:00+00:00,484.91,485.01,484.58,484.89,388456.0
2024-10-31T20:20:00+00:00,483.89,485.87,483.81,485.07,1486240.0
2024-10-31T20:25:00+00:00,485.07,485.27,484.89,485.27,18715.0
2024-10-31T20:30:00+00:00,485.37,485.9,485.33,485.4151,41103.0
2024-10-31T20:35:00+00:00,485.27,486.0,484.02,484.52,178981.0
2024-10-31T20:40:00+00:00,485.07,486.0,484.02,484.5,333538.0
2024-10-31T20:45:00+00:00,484.46,484.65,484.31,484.45,131720.0
2024-10-31T20:50:00+00:00,484.43,484.74,484.3701,484.74,13972.0
2024-10-31T20:55:00+00:00,484.76,484.85,484.17,484.24,41571.0
2024-10-31T21:00:00+00:00,484.46,484.85,484.06,484.55,230598.0
2024-10-31T21:05:00+00:00,484.57,485.72,484.54,485.22,45214.0
2024-10-31T21:10:00+00:00,485.3,485.35,485.16,485.26,35407.0
2024-10-31T21:15:00+00:00,485.25,485.55,485.25,485.53,32855.0
2024-10-31T21:20:00+00:00,484.57,485.72,484.54,485.5,131976.0
2024-10-31T21:25:00+00:00,485.5,485.59,484.55,484.83,36235.0
2024-10-31T21:30:00+00:00,484.59,485.0,484.14,484.4,27771.0
2024-10-31T21:35:00+00:00,484.47,485.1,484.47,485.1,5178.0
2024-10-31T21:40:00+00:00,485.5,485.59,484.14,485.31,75090.0
2024-10-31T21:45:00+00:00,485.0101,485.0101,484.44,484.75,8709.0
2024-10-31T21:50:00+00:00,484.8578,485.035,484.72,485.035,12930.0
2024-10-31T21:55:00+00:00,485.0,485.0,484.8,484.85,35000.0
2024-10-31T22:00:00+00:00,485.0101,485.17,484.44,485.17,59952.0
2024-10-31T22:05:00+00:00,485.18,485.71,485.18,485.37,19591.0
2024-10-31T22:10:00+00:00,485.42,485.5,485.05,485.17,20080.0
2024-10-31T22:15:00+00:00,485.33,485.499,485.33,485.38,2128.0
2024-10-31T22:20:00+00:00,485.18,485.71,485.05,485.5,47826.0
2024-10-31T22:25:00+00:00,485.46,485.46,485.4001,485.44,2025.0
2024-10-31T22:30:00+00:00,485.51,485.51,485.44,485.5,3268.0
2024-10-31T22:35:00+00:00,485.64,485.99,485.6,485.99,6923.0
2024-10-31T22:40:00+00:00,485.46,486.15,485.4001,486.1,38873.0
2024-10-31T22:45:00+00:00,486.1882,486.23,485.87,485.87,7900.0
2024-10-31T22:50:00+00:00,485.92,486.05,485.9117,485.9117,6046.0
2024-10-31T22:55:00+00:00,485.83,485.83,485.49,485.55,28405.0
2024-10-31T23:00:00+00:00,486.1882,486.23,485.49,485.6,45657.0
2024-10-31T23:05:00+00:00,485.67,485.67,485.37,485.55,6642.0
2024-10-31T23:10:00+00:00,485.48,485.48,485.21,485.31,8610.0
2024-10-31T23:15:00+00:00,485.3,485.35,485.22,485.35,3193.0
2024-10-31T23:20:00+00:00,485.67,485.67,485.21,485.4,20152.0
2024-10-31T23:25:00+00:00,485.4,485.69,485.4,485.69,5966.0
2024-10-31T23:30:00+00:00,485.7,485.7,485.6,485.699,3739.0
2024-10-31T23:35:00+00:00,485.6397,485.6397,485.49,485.52,1102.0
2024-10-31T23:40:00+00:00,485.4,485.7,485.4,485.4,12676.0
2024-10-31T23:45:00+00:00,485.4601,485.65,485.4601,485.64,2040.0
2024-10-31T23:50:00+00:00,485.45,485.48,485.34,485.42,6768.0
2024-10-31T23:55:00+00:00,485.32,485.44,485.31,485.31,4204.0
2024-11-01T00:00:00+00:00,485.4601,485.65,485.3001,485.32,32377.0
2024-11-01T08:05:00+00:00,486.05,486.5,486.0,486.5,10538.0
2024-11-01T08:10:00+00:00,486.4,486.44,486.29,486.4,8954.0
2024-11-01T08:15:00+00:00,486.4,486.43,486.32,486.38,1321.0
2024-11-01T08:20:00+00:00,486.05,486.5,486.0,486.21,25158.0
2024-11-01T08:25:00+00:00,486.27,486.35,486.26,486.26,1655.0
2024-11-01T08:30:00+00:00,486.09,486.39,486.09,486.39,1562.0
2024-11-01T08:35:00+00:00,486.23,486.31,486.12,486.31,4372.0
2024-11-01T08:40:00+00:00,486.27,486.39,486.09,486.35,8674.0
2024-11-01T08:45:00+00:00,486.39,486.39,486.06,486.06,4269.0
2024-11-01T08:50:00+00:00,486.29,486.29,486.1,486.1,2624.0
2024-11-01T08:55:00+00:00,486.11,486.2,486.02,486.13,2517.0
2024-11-01T09:00:00+00:00,486.39,486.39,485.81,486.11,11994.0
2024-11-01T09:05:00+00:00,486.13,486.17,486.04,486.13,2776.0
2024-11-01T09:10:00+00:00,486.11,486.24,486.02,486.24,7516.0
2024-11-01T09:15:00+00:00,486.33,486.33,486.33,486.33,208.0
2024-11-01T09:20:00+00:00,486.13,486.45,486.02,486.26,13907.0
2024-11-01T09:25:00+00:00,486.38,486.49,486.36,486.44,13118.0
2024-11-01T09:30:00+00:00,486.43,486.53,486.39,486.53,2771.0
2024-11-01T09:35:00+00:00,486.44,486.44,486.13,486.14,3135.0
2024-11-01T09:40:00+00:00,486.38,486.53,486.02,486.04,21061.0
2024-11-01T09:45:00+00:00,486.06,486.07,486.02,486.05,1557.0
2024-11-01T09:50:00+00:00,486.0,486.0,486.0,486.0,116.0
2024-11-01T09:55:00+00:00,485.96,486.04,485.96,486.04,1077.0
2024-11-01T10:00:00+00:00,486.06,486.13,485.96,486.13,6475.0
2024-11-01T10:05:00+00:00,486.0,486.26,486.0,486.26,1126.0
2024-11-01T10:10:00+00:00,486.35,486.35,486.3,486.33,1891.0
2024-11-01T10:15:00+00:00,486.3,486.38,486.3,486.3,991.0
2024-11-01T10:20:00+00:00,486.0,486.4,486.0,486.35,15840.0
2024-11-01T10:25:00+00:00,486.38,486.38,486.28,486.28,2475.0
2024-11-01T10:30:00+00:00,486.35,486.48,486.35,486.35,2398.0
2024-11-01T10:35:00+00:00,486.47,486.51,486.42,486.43,14154.0
2024-11-01T10:40:00+00:00,486.38,486.51,486.28,486.3,30219.0
2024-11-01T10:45:00+00:00,486.34,486.34,486.25,486.31,2329.0
2024-11-01T10:50:00+00:00,486.32,486.44,486.31,486.44,914.0
2024-11-01T10:55:00+00:00,486.44,486.7,486.43,486.69,12998.0
2024-11-01T11:00:00+00:00,486.34,486.7,486.25,486.56,24009.0
2024-11-01T11:05:00+00:00,486.52,486.649,486.34,486.38,12885.0
2024-11-01T11:10:00+00:00,486.42,486.42,486.11,486.2,24381.0
2024-11-01T11:15:00+00:00,486.2,486.4,486.13,486.4,16411.0
2024-11-01T11:20:00+00:00,486.52,486.649,486.11,486.5,65311.0
2024-11-01T11:25:00+00:00,486.48,486.6,486.45,486.6,7339.0
2024-11-01T11:30:00+00:00,486.59,486.59,486.49,486.55,4109.0
2024-11-01T11:35:00+00:00,486.57,486.71,486.56,486.68,11970.0
2024-11-01T11:40:00+00:00,486.48,486.819,486.45,486.819,37316.0
2024-11-01T11:45:00+00:00,486.8,486.97,486.74,486.74,14629.0
2024-11-01T11:50:00+00:00,486.76,486.76,486.34,486.49,24437.0
2024-11-01T11:55:00+00:00,486.49,486.64,486.47,486.56,11157.0
2024-11-01T12:00:00+00:00,486.8,486.97,486.34,486.46,61311.0
2024-11-01T12:05:00+00:00,486.48,486.95,485.31,486.68,80036.0
2024-11-01T12:10:00+00:00,486.65,486.65,486.52,486.55,26215.0
2024-11-01T12:15:00+00:00,486.6,486.7,486.53,486.65,21372.0
2024-11-01T12:20:00+00:00,486.48,486.95,485.31,486.63,152891.0
2024-11-01T12:25:00+00:00,486.6301,486.73,486.6014,486.73,10398.0
2024-11-01T12:30:00+00:00,486.66,486.69,486.22,486.38,59221.0
2024-11-01T12:35:00+00:00,486.42,487.27,485.25,486.96,175710.0
2024-11-01T12:40:00+00:00,486.6301,487.35,485.25,486.7,320343.0
2024-11-01T12:45:00+00:00,486.73,487.13,486.72,487.04,54874.0
2024-11-01T12:50:00+00:00,487.08,487.08,486.35,486.5599,47468.0
2024-11-01T12:55:00+00:00,486.55,486.95,486.43,486.9,18959.0
2024-11-01T13:00:00+00:00,486.73,487.13,486.35,486.56,168885.0
2024-11-01T13:05:00+00:00,486.58,486.58,486.05,486.09,63322.0
2024-11-01T13:10:00+00:00,486.14,486.42,485.82,486.41,101449.0
2024-11-01T13:15:00+00:00,486.41,486.44,486.06,486.25,189610.0
2024-11-01T13:20:00+00:00,486.58,486.58,485.82,486.26,373195.0
2024-11-01T13:25:00+00:00,486.17,486.17,485.7,485.97,43988.0
2024-11-01T13:30:00+00:00,485.85,486.06,485.41,485.5,52416.0
2024-11-01T13:35:00+00:00,485.5,487.0,485.2,486.54,1021962.0
2024-11-01T13:40:00+00:00,486.17,487.0,485.2,486.75,1806210.0
2024-11-01T13:45:00+00:00,486.74,487.82,486.74,487.45,552603.0
2024-11-01T13:50:00+00:00,487.44,487.56,486.9101,487.51,518195.0
2024-11-01T13:55:00+00:00,487.5,488.03,487.18,487.538,450186.0
2024-11-01T14:00:00+00:00,486.74,488.09,486.74,487.87,1950803.0
2024-11-01T14:05:00+00:00,487.89,488.24,487.12,487.15,535577.0
2024-11-01T14:10:00+00:00,487.15,488.49,487.06,488.05,598116.0
2024-11-01T14:15:00+00:00,488.04,489.18,488.04,489.03,724383.0
2024-11-01T14:20:00+00:00,487.89,489.74,487.06,489.4601,2444444.0
2024-11-01T14:25:00+00:00,489.48,490.03,489.328,489.76,497433.0
2024-11-01T14:30:00+00:00,489.77,490.35,489.645,490.3497,307693.0
2024-11-01T14:35:00+00:00,490.36,490.48,489.84,490.09,560955.0
2024-11-01T14:40:00+00:00,489.48,490.48,489.328,489.68,2011789.0
2024-11-01T14:45:00+00:00,489.6894,489.83,488.18,488.59,462339.0
2024-11-01T14:50:00+00:00,488.64,488.83,487.63,488.8,521543.0
2024-11-01T14:55:00+00:00,488.8,488.82,488.06,488.5,342399.0
2024-11-01T15:00:00+00:00,489.6894,489.83,487.63,489.53,1709819.0
2024-11-01T15:05:00+00:00,489.4991,489.72,489.18,489.71,199455.0
2024-11-01T15:10:00+00:00,489.7001,489.7001,489.03,489.28,320105.0
2024-11-01T15:15:00+00:00,489.3,490.28,489.17,490.22,398239.0
2024-11-01T15:20:00+00:00,489.4991,490.43,489.03,490.1,1294857.0
2024-11-01T15:25:00+00:00,490.09,490.27,489.45,490.26,235194.0
2024-11-01T15:30:00+00:00,490.24,490.7507,490.0499,490.65,276388.0
2024-11-01T15:35:00+00:00,490.67,490.75,490.07,490.23,213002.0
2024-11-01T15:40:00+00:00,490.09,490.7507,489.45,490.0601,890191.0
2024-11-01T15:45:00+00:00,490.075,490.24,489.58,489.7,150484.0
2024-11-01T15:50:00+00:00,489.74,489.94,489.3301,489.4,123662.0
2024-11-01T15:55:00+00:00,489.44,489.51,488.88,489.45,407415.0
2024-11-01T16:00:00+00:00,490.075,490.24,488.88,489.22,843451.0
2024-11-01T16:05:00+00:00,489.18,489.79,489.0709,489.66,107685.0
2024-11-01T16:10:00+00:00,489.635,489.82,489.42,489.82,94701.0
2024-11-01T16:15:00+00:00,489.84,489.95,489.65,489.7197,120779.0
2024-11-01T16:20:00+00:00,489.18,489.95,489.0709,489.7585,409681.0
2024-11-01T16:25:00+00:00,489.715,489.741,489.23,489.64,124863.0
2024-11-01T16:30:00+00:00,489.62,489.62,489.08,489.14,118521.0
2024-11-01T16:35:00+00:00,489.141,489.93,489.1,489.9,150484.0
2024-11-01T16:40:00+00:00,489.715,489.93,489.08,489.8399,533148.0
2024-11-01T16:45:00+00:00,489.79,489.8,488.5223,488.63,219191.0
2024-11-01T16:50:00+00:00,488.61,489.2,488.465,488.9401,200575.0
2024-11-01T16:55:00+00:00,488.95,489.242,488.79,489.01,103851.0
2024-11-01T17:00:00+00:00,489.79,489.8,488.465,488.9209,638414.0
2024-11-01T17:05:00+00:00,488.95,489.08,488.66,488.73,170275.0
2024-11-01T17:10:00+00:00,488.8299,488.8299,487.94,488.23,341619.0
2024-11-01T17:15:00+00:00,488.21,488.94,488.01,488.83,264989.0
2024-11-01T17:20:00+00:00,488.95,489.2,487.94,489.0947,1021483.0
2024-11-01T17:25:00+00:00,489.06,489.82,489.06,489.65,372924.0
2024-11-01T17:30:00+00:00,489.5801,489.91,489.49,489.78,483667.0
2024-11-01T17:35:00+00:00,489.78,489.82,488.32,488.3699,383265.0
2024-11-01T17:40:00+00:00,489.06,489.91,487.91,488.0801,1546646.0
2024-11-01T17:45:00+00:00,488.0901,488.28,487.83,487.965,262286.0
2024-11-01T17:50:00+00:00,487.99,488.35,487.76,488.1,234471.0
2024-11-01T17:55:00+00:00,488.09,488.69,488.07,488.6,355776.0
2024-11-01T18:00:00+00:00,488.0901,488.69,487.62,487.66,1082264.0
2024-11-01T18:05:00+00:00,487.65,488.17,487.44,488.06,659905.0
2024-11-01T18:10:00+00:00,488.07,488.1,487.16,487.355,455675.0
2024-11-01T18:15:00+00:00,487.355,487.55,487.1801,487.4846,283589.0
2024-11-01T18:20:00+00:00,487.65,488.17,487.16,487.26,1717972.0
2024-11-01T18:25:00+00:00,487.24,488.04,486.94,488.02,636495.0
2024-11-01T18:30:00+00:00,488.03,488.04,487.7,487.74,283210.0
2024-11-01T18:35:00+00:00,487.7101,487.87,487.43,487.82,293900.0
2024-11-01T18:40:00+00:00,487.24,488.04,486.94,487.8,1605308.0
2024-11-01T18:45:00+00:00,487.81,487.86,487.4401,487.81,169987.0
2024-11-01T18:50:00+00:00,487.78,488.14,487.57,487.77,230826.0
2024-11-01T18:55:00+00:00,487.77,488.06,487.67,487.68,197828.0
2024-11-01T19:00:00+00:00,487.81,488.14,487.4401,487.84,751949.0
2024-11-01T19:05:00+00:00,487.83,487.94,487.58,487.85,270207.0
2024-11-01T19:10:00+00:00,487.86,488.6,487.75,488.5201,390107.0
2024-11-01T19:15:00+00:00,488.54,488.73,488.3,488.72,353893.0
2024-11-01T19:20:00+00:00,487.83,488.73,487.58,488.6199,1304368.0
2024-11-01T19:25:00+00:00,488.61,488.6499,488.25,488.34,229280.0
2024-11-01T19:30:00+00:00,488.38,488.39,487.62,487.66,326814.0
2024-11-01T19:35:00+00:00,487.64,487.9,487.47,487.78,419064.0
2024-11-01T19:40:00+00:00,488.61,488.6499,487.47,487.88,1287603.0
2024-11-01T19:45:00+00:00,487.86,488.38,487.7507,487.92,508351.0
2024-11-01T19:50:00+00:00,487.9,488.15,487.6,487.64,505531.0
2024-11-01T19:55:00+00:00,487.62,487.82,486.8,487.69,1063260.0
2024-11-01T20:00:00+00:00,487.86,488.38,486.8,487.4,4191872.0
2024-11-01T20:05:00+00:00,487.39,487.88,487.38,487.53,274632.0
2024-11-01T20:10:00+00:00,487.53,487.85,487.53,487.85,37539.0
2024-11-01T20:15:00+00:00,487.83,488.27,487.83,488.07,1830833.0
2024-11-01T20:20:00+00:00,487.39,488.27,487.38,487.93,2186524.0
2024-11-01T20:25:00+00:00,487.97,487.97,487.75,487.78,24810.0
2024-11-01T20:30:00+00:00,487.8,487.98,487.8,487.9,32444.0
2024-11-01T20:35:00+00:00,487.94,488.12,487.81,487.98,90509.0
2024-11-01T20:40:00+00:00,487.97,488.12,487.75,487.91,156311.0
2024-11-01T20:45:00+00:00,487.941,487.98,487.92,487.98,2624.0
2024-11-01T20:50:00+00:00,487.96,487.96,487.79,487.79,13178.0
2024-11-01T20:55:00+00:00,487.77,487.9,487.72,487.8001,14034.0
2024-11-01T21:00:00+00:00,487.941,487.98,487.72,487.95,33332.0
2024-11-01T21:05:00+00:00,487.91,487.91,487.71,487.83,6300.0
2024-11-01T21:10:00+00:00,487.79,487.79,487.69,487.69,9152.0
2024-11-01T21:15:00+00:00,487.72,487.72,487.72,487.72,183.0
2024-11-01T21:20:00+00:00,487.91,487.91,487.43,487.8001,86599.0
2024-11-01T21:25:00+00:00,487.939,487.939,487.8001,487.8104,895.0
2024-11-01T21:30:00+00:00,487.8,487.9001,487.8,487.9001,1411.0
2024-11-01T21:35:00+00:00,487.9,487.9,487.9,487.9,228.0
2024-11-01T21:40:00+00:00,487.939,488.02,487.8,487.9905,6152.0
2024-11-01T21:45:00+00:00,487.99,488.05,487.96,488.05,9755.0
2024-11-01T21:50:00+00:00,488.05,488.06,488.0,488.06,1295.0
2024-11-01T21:55:00+00:00,488.05,488.6,488.05,488.5,11073.0
2024-11-01T22:00:00+00:00,487.99,488.6,487.96,488.45,25443.0
2024-11-01T22:05:00+00:00,488.4982,488.67,488.45,488.67,5008.0
2024-11-01T22:10:00+00:00,488.64,488.67,488.6,488.6,5455.0
2024-11-01T22:15:00+00:00,488.6,488.65,488.557,488.557,3887.0
2024-11-01T22:20:00+00:00,488.4982,488.67,488.45,488.65,19969.0
2024-11-01T22:25:00+00:00,488.5631,488.7,488.5631,488.7,1712.0
2024-11-01T22:35:00+00:00,488.55,488.55,488.55,488.55,145.0
2024-11-01T22:40:00+00:00,488.5631,488.7,488.55,488.58,2072.0
2024-11-01T22:45:00+00:00,488.62,488.62,488.62,488.62,107.0
2024-11-01T22:50:00+00:00,488.54,488.54,488.54,488.54,576.0
2024-11-01T22:55:00+00:00,488.44,488.5,488.44,488.5,336.0
2024-11-01T23:00:00+00:00,488.62,488.62,488.31,488.31,2921.0
2024-11-01T23:15:00+00:00,488.27,488.3,488.27,488.3,694.0
2024-11-01T23:20:00+00:00,488.27,488.3,488.27,488.2887,1903.0
2024-11-01T23:30:00+00:00,488.26,488.29,488.26,488.29,570.0
2024-11-01T23:40:00+00:00,488.26,488.37,488.21,488.2155,1269.0
2024-11-01T23:45:00+00:00,488.21,488.37,488.2082,488.37,1674.0
2024-11-01T23:55:00+00:00,488.23,488.23,488.13,488.2001,889.0
2024-11-02T00:00:00+00:00,488.21,488.37,488.01,488.2,5148.0
2024-11-04T09:05:00+00:00,487.97,487.98,487.64,487.72,10492.0
2024-11-04T09:10:00+00:00,487.6,487.78,487.6,487.78,3722.0
2024-11-04T09:15:00+00:00,487.89,487.95,487.67,487.67,3030.0
2024-11-04T09:20:00+00:00,487.97,487.98,487.5,487.73,21632.0
2024-11-04T09:25:00+00:00,487.62,487.68,487.62,487.68,753.0
2024-11-04T09:30:00+00:00,487.71,487.83,487.59,487.59,3647.0
2024-11-04T09:35:00+00:00,487.66,487.67,487.3,487.33,6580.0
2024-11-04T09:40:00+00:00,487.62,487.83,487.21,487.5,16206.0
2024-11-04T09:45:00+00:00,487.52,487.53,487.36,487.53,4936.0
2024-11-04T09:50:00+00:00,487.79,487.95,487.73,487.73,1979.0
2024-11-04T09:55:00+00:00,487.91,487.91,487.75,487.82,2700.0
2024-11-04T10:00:00+00:00,487.52,488.0,487.36,487.91,11324.0
2024-11-04T10:05:00+00:00,487.98,488.45,487.98,488.35,2308.0
2024-11-04T10:10:00+00:00,488.29,488.34,488.21,488.3,4772.0
2024-11-04T10:15:00+00:00,488.32,488.32,488.3,488.3,704.0
2024-11-04T10:20:00+00:00,487.98,488.45,487.98,488.07,8738.0
2024-11-04T10:25:00+00:00,488.28,488.32,488.28,488.32,1155.0
2024-11-04T10:30:00+00:00,488.32,488.45,488.32,488.37,2882.0
2024-11-04T10:35:00+00:00,488.47,488.68,488.47,488.68,1254.0
2024-11-04T10:40:00+00:00,488.28,489.0,488.28,489.0,6465.0
2024-11-04T10:45:00+00:00,488.94,488.94,488.83,488.9,3905.0
2024-11-04T10:50:00+00:00,488.84,488.84,488.75,488.75,3487.0
2024-11-04T10:55:00+00:00,488.61,488.61,488.61,488.61,150.0
2024-11-04T11:00:00+00:00,488.94,488.94,488.6,488.6,9303.0
2024-11-04T11:05:00+00:00,488.75,488.75,488.75,488.75,250.0
2024-11-04T11:10:00+00:00,488.31,488.47,488.31,488.47,1494.0
2024-11-04T11:15:00+00:00,488.47,488.48,488.46,488.47,730.0
2024-11-04T11:20:00+00:00,488.75,488.75,488.31,488.44,2978.0
2024-11-04T11:25:00+00:00,488.23,488.3,488.2,488.2,1474.0
2024-11-04T11:30:00+00:00,488.24,488.24,488.0,488.0,2563.0
2024-11-04T11:35:00+00:00,488.02,488.17,488.02,488.15,7906.0
2024-11-04T11:40:00+00:00,488.23,488.3,488.0,488.21,12926.0
2024-11-04T11:45:00+00:00,488.32,488.45,488.22,488.4,2830.0
2024-11-04T11:50:00+00:00,488.39,488.46,488.39,488.4,1218.0
2024-11-04T11:55:00+00:00,488.42,488.42,488.37,488.37,2438.0
2024-11-04T12:00:00+00:00,488.32,488.46,488.08,488.32,9762.0
2024-11-04T12:05:00+00:00,488.3,488.61,488.261,488.275,22462.0
2024-11-04T12:10:00+00:00,488.21,488.25,488.06,488.17,7820.0
2024-11-04T12:15:00+00:00,488.22,488.22,488.05,488.05,7730.0
2024-11-04T12:20:00+00:00,488.3,488.61,487.83,487.83,43925.0
2024-11-04T12:25:00+00:00,487.91,488.04,487.861,487.861,3135.0
2024-11-04T12:30:00+00:00,487.87,487.98,487.18,487.35,11381.0
2024-11-04T12:35:00+00:00,487.31,487.38,486.89,487.12,17454.0
2024-11-04T12:40:00+00:00,487.91,488.04,486.85,486.85,53117.0
2024-11-04T12:45:00+00:00,486.769,486.83,486.42,486.82,14706.0
2024-11-04T12:50:00+00:00,486.81,487.1,486.81,487.1,8335.0
2024-11-04T12:55:00+00:00,487.12,487.53,487.106,487.41,21623.0
2024-11-04T13:00:00+00:00,486.769,487.971,486.42,487.92,61410.0
2024-11-04T13:05:00+00:00,488.09,489.86,486.46,488.03,78427.0
2024-11-04T13:10:00+00:00,488.1,488.2,488.0,488.0,6316.0
2024-11-04T13:15:00+00:00,488.0103,488.0103,487.5,487.5399,9942.0
2024-11-04T13:20:00+00:00,488.09,489.86,486.46,487.84,111698.0
2024-11-04T13:25:00+00:00,487.83,487.98,487.65,487.74,11439.0
2024-11-04T13:30:00+00:00,487.71,487.77,487.6,487.74,9498.0
2024-11-04T13:35:00+00:00,487.77,488.05,487.77,488.0,6606.0
2024-11-04T13:40:00+00:00,487.83,488.18,487.6,488.13,41531.0
2024-11-04T13:45:00+00:00,488.11,488.15,487.62,487.66,17994.0
2024-11-04T13:50:00+00:00,487.66,487.88,487.66,487.76,10300.0
2024-11-04T13:55:00+00:00,487.7499,487.7499,487.26,487.35,13561.0
2024-11-04T14:00:00+00:00,488.11,488.15,487.26,487.51,53276.0
2024-11-04T14:05:00+00:00,487.42,487.42,487.05,487.1,63484.0
2024-11-04T14:10:00+00:00,487.08,487.23,486.95,487.04,18616.0
2024-11-04T14:15:00+00:00,487.02,487.08,486.82,486.83,16962.0
2024-11-04T14:20:00+00:00,487.42,487.42,486.74,487.1,115342.0
2024-11-04T14:25:00+00:00,487.12,487.15,486.63,486.65,19909.0
2024-11-04T14:30:00+00:00,486.59,486.9,486.07,486.82,57115.0
2024-11-04T14:35:00+00:00,486.82,487.32,485.0,485.06,858620.0
2024-11-04T14:40:00+00:00,487.12,487.32,484.2545,484.93,1507818.0
2024-11-04T14:45:00+00:00,484.92,486.72,484.8528,486.57,484818.0
2024-11-04T14:50:00+00:00,486.59,487.16,486.55,487.06,289037.0
2024-11-04T14:55:00+00:00,487.05,487.165,486.1992,486.6351,368974.0
2024-11-04T15:00:00+00:00,484.92,487.2,484.8528,487.1563,1378599.0
2024-11-04T15:05:00+00:00,487.13,487.57,486.85,487.21,241436.0
2024-11-04T15:10:00+00:00,487.245,487.66,487.0,487.16,254426.0
2024-11-04T15:15:00+00:00,487.13,487.36,486.8,487.01,188203.0
2024-11-04T15:20:00+00:00,487.13,487.9,486.8,487.77,1042558.0
2024-11-04T15:25:00+00:00,487.79,488.81,487.65,488.699,338650.0
2024-11-04T15:30:00+00:00,488.68,488.83,488.02,488.3401,242414.0
2024-11-04T15:35:00+00:00,488.33,488.61,487.97,488.38,236847.0
2024-11-04T15:40:00+00:00,487.79,488.83,487.65,487.96,986731.0
2024-11-04T15:45:00+00:00,487.96,488.58,487.81,488.4181,175144.0
2024-11-04T15:50:00+00:00,488.43,488.93,487.88,488.93,257741.0
2024-11-04T15:55:00+00:00,488.93,488.95,488.53,488.73,197817.0
2024-11-04T16:00:00+00:00,487.96,488.95,487.81,488.4,761431.0
2024-11-04T16:05:00+00:00,488.41,489.0,488.38,488.6489,302977.0
2024-11-04T16:10:00+00:00,488.58,488.86,488.4211,488.7,156351.0
2024-11-04T16:15:00+00:00,488.74,489.38,488.74,489.08,281535.0
2024-11-04T16:20:00+00:00,488.41,489.38,488.38,488.58,985189.0
2024-11-04T16:25:00+00:00,488.58,488.69,488.1349,488.15,168037.0
2024-11-04T16:30:00+00:00,488.17,488.429,488.07,488.22,235095.0
2024-11-04T16:35:00+00:00,488.22,488.29,487.46,487.47,253899.0
2024-11-04T16:40:00+00:00,488.58,488.69,486.93,486.97,1005886.0
2024-11-04T16:45:00+00:00,486.92,487.06,486.26,486.54,344251.0
2024-11-04T16:50:00+00:00,486.48,486.6,486.0,486.065,248391.0
2024-11-04T16:55:00+00:00,486.045,486.19,485.74,485.75,186270.0
2024-11-04T17:00:00+00:00,486.92,487.06,485.22,485.81,1130926.0
2024-11-04T17:05:00+00:00,485.84,486.12,485.48,485.54,411029.0
2024-11-04T17:10:00+00:00,485.5346,485.62,484.685,484.75,394160.0
2024-11-04T17:15:00+00:00,484.73,485.66,484.7,485.37,336787.0
2024-11-04T17:20:00+00:00,485.84,486.12,484.685,485.4499,1292311.0
2024-11-04T17:25:00+00:00,485.4001,486.4,485.4001,486.35,298299.0
2024-11-04T17:30:00+00:00,486.35,486.7099,486.2601,486.69,352955.0
2024-11-04T17:35:00+00:00,486.68,486.95,486.3837,486.75,206319.0
2024-11-04T17:40:00+00:00,485.4001,487.16,485.4001,486.745,1028557.0
2024-11-04T17:45:00+00:00,486.76,486.8399,486.48,486.83,118572.0
2024-11-04T17:50:00+00:00,486.83,487.33,486.76,487.3195,138560.0
2024-11-04T17:55:00+00:00,487.32,487.46,486.96,487.16,112112.0
2024-11-04T18:00:00+00:00,486.76,487.46,486.48,487.01,485227.0
2024-11-04T18:05:00+00:00,487.01,487.3958,486.68,486.85,184153.0
2024-11-04T18:10:00+00:00,486.87,486.94,486.0,486.2662,302323.0
2024-11-04T18:15:00+00:00,486.36,487.49,486.33,487.3,236308.0
2024-11-04T18:20:00+00:00,487.01,487.62,486.0,487.315,862571.0
2024-11-04T18:25:00+00:00,487.25,487.93,487.21,487.71,122172.0
2024-11-04T18:30:00+00:00,487.72,487.75,487.08,487.25,108337.0
2024-11-04T18:35:00+00:00,487.15,487.42,487.02,487.32,175833.0
2024-11-04T18:40:00+00:00,487.25,487.93,487.02,487.55,499223.0
2024-11-04T18:45:00+00:00,487.58,487.79,487.46,487.78,129647.0
2024-11-04T18:50:00+00:00,487.78,488.15,487.765,487.98,234727.0
2024-11-04T18:55:00+00:00,487.94,488.0,487.68,487.68,111774.0
2024-11-04T19:00:00+00:00,487.58,488.15,487.44,487.49,679181.0
2024-11-04T19:05:00+00:00,487.52,487.68,487.46,487.53,107636.0
2024-11-04T19:10:00+00:00,487.537,487.9899,487.537,487.6399,203858.0
2024-11-04T19:15:00+00:00,487.61,487.8,487.519,487.79,72694.0
2024-11-04T19:20:00+00:00,487.52,487.9899,487.46,487.57,503870.0
2024-11-04T19:25:00+00:00,487.55,487.705,487.4,487.43,90660.0
2024-11-04T19:30:00+00:00,487.44,487.63,487.05,487.14,185820.0
2024-11-04T19:35:00+00:00,487.11,487.623,486.91,487.58,151636.0
2024-11-04T19:40:00+00:00,487.55,487.79,486.91,487.74,536102.0
2024-11-04T19:45:00+00:00,487.7401,487.84,487.43,487.47,165776.0
2024-11-04T19:50:00+00:00,487.49,487.53,487.1501,487.36,116734.0
2024-11-04T19:55:00+00:00,487.35,487.58,487.2801,487.32,102822.0
2024-11-04T20:00:00+00:00,487.7401,487.84,487.1501,487.22,450319.0
2024-11-04T20:05:00+00:00,487.16,487.31,486.94,487.01,190086.0
2024-11-04T20:10:00+00:00,486.995,487.22,486.92,487.03,701455.0
2024-11-04T20:15:00+00:00,487.005,487.07,486.72,486.7341,128326.0
2024-11-04T20:20:00+00:00,487.16,487.31,486.54,486.9801,1194100.0
2024-11-04T20:25:00+00:00,487.01,487.13,486.7409,487.12,271284.0
2024-11-04T20:30:00+00:00,487.125,487.3,486.75,486.7707,96401.0
2024-11-04T20:35:00+00:00,486.75,486.81,486.19,486.21,192933.0
2024-11-04T20:40:00+00:00,487.01,487.3,485.63,485.9199,888562.0
2024-11-04T20:45:00+00:00,485.91,486.5406,485.91,486.345,343505.0
2024-11-04T20:50:00+00:00,486.33,486.56,486.09,486.378,432739.0
2024-11-04T20:55:00+00:00,486.39,486.44,485.93,486.29,753596.0
2024-11-04T21:00:00+00:00,485.91,486.56,485.695,485.96,3418543.0
2024-11-04T21:05:00+00:00,485.97,486.19,485.64,485.84,132057.0
2024-11-04T21:10:00+00:00,485.86,486.58,485.82,486.58,369949.0
2024-11-04T21:15:00+00:00,486.56,486.64,486.23,486.39,613430.0
2024-11-04T21:20:00+00:00,485.97,486.64,485.64,486.64,1153246.0
2024-11-04T21:25:00+00:00,486.53,486.65,486.01,486.57,138190.0
2024-11-04T21:30:00+00:00,486.5101,486.6007,486.5101,486.54,3544.0
2024-11-04T21:35:00+00:00,486.6,486.63,486.48,486.48,15576.0
2024-11-04T21:40:00+00:00,486.53,486.65,486.01,486.48,162301.0
2024-11-04T21:45:00+00:00,486.4001,486.44,486.34,486.39,21076.0
2024-11-04T21:50:00+00:00,486.38,486.52,486.38,486.5,8489.0
2024-11-04T21:55:00+00:00,486.49,486.49,486.41,486.47,6605.0
2024-11-04T22:00:00+00:00,486.4001,486.65,486.34,486.65,45978.0
2024-11-04T22:05:00+00:00,486.6,486.65,486.6,486.65,5277.0
2024-11-04T22:10:00+00:00,486.6,486.6,486.52,486.57,2153.0
2024-11-04T22:15:00+00:00,486.53,486.54,486.46,486.46,1410.0
2024-11-04T22:20:00+00:00,486.6,486.65,486.25,486.385,32281.0
2024-11-04T22:25:00+00:00,486.38,486.4,486.3,486.33,5418.0
2024-11-04T22:30:00+00:00,486.3301,486.37,486.3,486.3,2973.0
2024-11-04T22:35:00+00:00,486.3,486.3012,486.25,486.3012,1788.0
2024-11-04T22:40:00+00:00,486.38,486.4,486.25,486.4,10700.0
2024-11-04T22:45:00+00:00,486.3,486.326,486.25,486.25,1470.0
2024-11-04T22:50:00+00:00,486.26,486.3,486.26,486.29,2117.0
2024-11-04T22:55:00+00:00,486.3,486.35,486.25,486.35,1771.0
2024-11-04T23:00:00+00:00,486.3,486.44,486.25,486.44,9023.0
2024-11-04T23:05:00+00:00,486.5,487.0,486.5,486.81,40848.0
2024-11-04T23:10:00+00:00,486.82,486.82,486.64,486.67,5914.0
2024-11-04T23:15:00+00:00,486.54,486.6,486.53,486.6,2712.0
2024-11-04T23:20:00+00:00,486.5,487.0,486.21,486.32,55215.0
2024-11-04T23:25:00+00:00,486.3,486.55,486.3,486.46,3309.0
2024-11-04T23:30:00+00:00,486.49,486.49,486.21,486.25,1825.0
2024-11-04T23:35:00+00:00,486.2199,486.42,486.2,486.42,1520.0
2024-11-04T23:40:00+00:00,486.3,486.55,486.2,486.5,11065.0
2024-11-04T23:45:00+00:00,486.58,486.58,486.42,486.42,511.0
2024-11-04T23:50:00+00:00,486.25,486.28,486.1,486.15,7581.0
2024-11-04T23:55:00+00:00,486.16,486.16,486.0,486.0,3437.0
2024-11-05T00:00:00+00:00,486.58,486.58,485.9504,486.02,13077.0
2024-11-05T00:05:00+00:00,486.0,486.01,485.77,485.81,4996.0
2024-11-05T00:10:00+00:00,485.77,485.93,485.75,485.8,3186.0
2024-11-05T00:15:00+00:00,485.71,485.82,485.71,485.82,1763.0
2024-11-05T00:20:00+00:00,486.0,486.01,485.68,485.89,14711.0
2024-11-05T00:25:00+00:00,485.95,485.99,485.86,485.86,3969.0
2024-11-05T00:30:00+00:00,485.77,485.85,485.75,485.85,1527.0
2024-11-05T00:35:00+00:00,485.88,485.9009,485.83,485.9009,426.0
2024-11-05T00:40:00+00:00,485.95,485.99,485.75,485.85,6379.0
2024-11-05T00:45:00+00:00,485.76,485.76,485.76,485.76,528.0
2024-11-05T00:50:00+00:00,485.7197,485.7197,485.7197,485.7197,2198.0
2024-11-05T00:55:00+00:00,485.881,485.97,485.88,485.9,2339.0
2024-11-05T01:00:00+00:00,485.76,485.97,485.65,485.78,14515.0
2024-11-05T09:05:00+00:00,487.49,487.52,487.28,487.34,3399.0
2024-11-05T09:10:00+00:00,487.57,487.9,487.57,487.9,2618.0
2024-11-05T09:15:00+00:00,487.91,488.0,487.85,487.89,7114.0
2024-11-05T09:20:00+00:00,487.49,488.0,487.28,487.83,16775.0
2024-11-05T09:25:00+00:00,487.81,487.99,487.79,487.97,5359.0
2024-11-05T09:30:00+00:00,487.94,487.94,487.86,487.88,1536.0
2024-11-05T09:35:00+00:00,487.8,487.83,487.63,487.83,2742.0
2024-11-05T09:40:00+00:00,487.81,487.99,487.63,487.94,13930.0
2024-11-05T09:50:00+00:00,487.86,487.86,487.66,487.66,4854.0
2024-11-05T09:55:00+00:00,487.68,487.68,487.58,487.62,2528.0
2024-11-05T10:00:00+00:00,487.86,487.86,487.58,487.62,8439.0
2024-11-05T10:05:00+00:00,487.5,487.55,487.45,487.52,5793.0
2024-11-05T10:10:00+00:00,487.42,487.42,487.29,487.3,2609.0
2024-11-05T10:15:00+00:00,487.24,487.24,487.06,487.06,2392.0
2024-11-05T10:20:00+00:00,487.5,487.55,486.75,487.13,15681.0
2024-11-05T10:25:00+00:00,487.11,487.34,487.11,487.34,2293.0
2024-11-05T10:30:00+00:00,487.21,487.38,487.21,487.35,1768.0
2024-11-05T10:35:00+00:00,487.33,487.45,487.32,487.39,3016.0
2024-11-05T10:40:00+00:00,487.11,487.45,487.11,487.36,7478.0
2024-11-05T10:45:00+00:00,487.28,487.28,487.28,487.28,137.0
2024-11-05T10:50:00+00:00,487.49,487.49,487.13,487.13,1634.0
2024-11-05T10:55:00+00:00,487.2,487.23,487.18,487.23,1752.0
2024-11-05T11:00:00+00:00,487.28,487.49,487.13,487.43,6111.0
2024-11-05T11:05:00+00:00,487.54,487.78,487.54,487.78,8221.0
2024-11-05T11:10:00+00:00,487.79,487.79,487.69,487.69,330.0
2024-11-05T11:20:00+00:00,487.54,487.8,487.54,487.71,10812.0
2024-11-05T11:25:00+00:00,487.78,487.8,487.71,487.8,5742.0
2024-11-05T11:30:00+00:00,487.75,487.9,487.75,487.9,2526.0
2024-11-05T11:35:00+00:00,487.8,487.9,487.71,487.9,3024.0
2024-11-05T11:40:00+00:00,487.78,488.02,487.71,487.98,15108.0
2024-11-05T11:45:00+00:00,487.95,488.02,487.95,488.02,353.0
2024-11-05T11:50:00+00:00,487.99,488.09,487.99,488.01,3806.0
2024-11-05T11:55:00+00:00,487.91,487.94,487.85,487.94,1700.0
2024-11-05T12:00:00+00:00,487.95,488.09,487.7,487.7,11439.0
2024-11-05T12:05:00+00:00,487.68,488.0,487.68,487.84,16073.0
2024-11-05T12:10:00+00:00,487.79,487.8,487.65,487.72,4839.0
2024-11-05T12:15:00+00:00,487.67,487.87,487.64,487.81,4790.0
2024-11-05T12:20:00+00:00,487.68,488.0,487.64,487.83,30523.0
2024-11-05T12:25:00+00:00,487.73,487.73,487.34,487.44,21354.0
2024-11-05T12:30:00+00:00,487.45,487.45,487.25,487.28,3303.0
2024-11-05T12:35:00+00:00,487.31,487.45,487.26,487.28,2198.0
2024-11-05T12:40:00+00:00,487.73,487.73,487.07,487.12,30903.0
2024-11-05T12:45:00+00:00,487.1,487.27,487.1,487.17,4452.0
2024-11-05T12:50:00+00:00,487.38,487.38,487.24,487.3,5894.0
2024-11-05T12:55:00+00:00,487.44,487.45,487.44,487.44,2162.0
2024-11-05T13:00:00+00:00,487.1,487.58,487.1,487.58,18868.0
2024-11-05T13:05:00+00:00,488.01,488.01,486.32,487.63,30954.0
2024-11-05T13:10:00+00:00,487.63,487.7,485.646,487.56,7006.0
2024-11-05T13:15:00+00:00,487.45,487.45,487.2386,487.32,2335.0
2024-11-05T13:20:00+00:00,488.01,488.01,485.646,487.45,42042.0
2024-11-05T13:25:00+00:00,487.5,487.59,487.5,487.55,2020.0
2024-11-05T13:30:00+00:00,487.58,487.72,487.57,487.7,2686.0
2024-11-05T13:35:00+00:00,487.7,487.9,487.7,487.85,11419.0
2024-11-05T13:40:00+00:00,487.5,487.9,487.5,487.831,22567.0
2024-11-05T13:45:00+00:00,487.816,487.85,487.76,487.85,1993.0
2024-11-05T13:50:00+00:00,487.77,487.77,487.61,487.68,7827.0
2024-11-05T13:55:00+00:00,487.73,487.75,487.62,487.68,6149.0
2024-11-05T14:00:00+00:00,487.816,487.85,487.0,487.03,45043.0
2024-11-05T14:05:00+00:00,486.98,486.98,486.59,486.77,35806.0
2024-11-05T14:10:00+00:00,486.76,486.97,486.62,486.86,20576.0
2024-11-05T14:15:00+00:00,486.9796,487.2,486.97,487.2,5434.0
2024-11-05T14:20:00+00:00,486.98,487.47,486.59,487.46,86417.0
2024-11-05T14:25:00+00:00,487.45,487.53,487.3101,487.4601,5301.0
2024-11-05T14:30:00+00:00,487.48,487.66,487.32,487.6,39110.0
2024-11-05T14:35:00+00:00,487.61,489.12,487.52,489.024,1024184.0
2024-11-05T14:40:00+00:00,487.45,489.64,487.3101,489.49,1539485.0
2024-11-05T14:45:00+00:00,489.56,489.78,488.645,489.1899,385578.0
2024-11-05T14:50:00+00:00,489.165,490.05,488.93,489.95,359415.0
2024-11-05T14:55:00+00:00,490.01,490.5241,489.9101,490.4641,364390.0
2024-11-05T15:00:00+00:00,489.56,491.13,488.645,490.9451,1474129.0
2024-11-05T15:05:00+00:00,490.88,491.61,490.81,491.07,482511.0
2024-11-05T15:10:00+00:00,491.08,491.35,490.75,490.89,320457.0
2024-11-05T15:15:00+00:00,490.91,491.0,490.2301,490.61,260073.0
2024-11-05T15:20:00+00:00,490.88,491.61,490.2301,490.67,1352809.0
2024-11-05T15:25:00+00:00,490.66,491.34,490.63,491.2993,300513.0
2024-11-05T15:30:00+00:00,491.3,491.412,490.17,490.33,221986.0
2024-11-05T15:35:00+00:00,490.35,490.69,490.11,490.44,190936.0
2024-11-05T15:40:00+00:00,490.66,491.412,490.11,490.7601,892097.0
2024-11-05T15:45:00+00:00,490.81,491.09,490.61,491.05,262835.0
2024-11-05T15:50:00+00:00,491.07,491.32,490.745,491.2713,329384.0
2024-11-05T15:55:00+00:00,491.29,491.29,490.16,490.3827,342849.0
2024-11-05T16:00:00+00:00,490.81,491.32,489.77,490.15,1204891.0
2024-11-05T16:05:00+00:00,490.1,490.44,489.56,490.355,440062.0
2024-11-05T16:10:00+00:00,490.3,491.15,490.09,491.065,243221.0
2024-11-05T16:15:00+00:00,491.06,491.06,490.5801,490.99,125238.0
2024-11-05T16:20:00+00:00,490.1,491.15,489.56,491.05,1490058.0
2024-11-05T16:25:00+00:00,491.1,491.48,490.9899,491.43,154975.0
2024-11-05T16:30:00+00:00,491.44,491.46,491.03,491.12,129768.0
2024-11-05T16:35:00+00:00,491.19,492.03,491.16,491.9187,331598.0
2024-11-05T16:40:00+00:00,491.1,492.03,490.9899,491.76,792287.0
2024-11-05T16:45:00+00:00,491.79,491.79,491.1701,491.277,188062.0
2024-11-05T16:50:00+00:00,491.31,491.98,491.26,491.7395,132881.0
2024-11-05T16:55:00+00:00,491.73,492.09,491.43,492.08,124778.0
2024-11-05T17:00:00+00:00,491.79,492.29,491.1701,492.14,638178.0
2024-11-05T17:05:00+00:00,492.15,492.16,491.83,492.11,506436.0
2024-11-05T17:10:00+00:00,492.1,492.16,491.96,492.06,140906.0
2024-11-05T17:15:00+00:00,492.07,492.73,491.89,492.65,256532.0
2024-11-05T17:20:00+00:00,492.15,492.88,491.83,492.86,1099117.0
2024-11-05T17:25:00+00:00,492.86,492.86,492.546,492.81,174687.0
2024-11-05T17:30:00+00:00,492.8089,492.8089,492.29,492.32,210281.0
2024-11-05T17:35:00+00:00,492.37,492.86,492.36,492.51,163639.0
2024-11-05T17:40:00+00:00,492.86,492.86,492.28,492.32,677523.0
2024-11-05T17:45:00+00:00,492.35,492.53,492.2701,492.46,93693.0
2024-11-05T17:50:00+00:00,492.47,492.88,492.4,492.85,277666.0
2024-11-05T17:55:00+00:00,492.84,492.85,492.6,492.8,64970.0
2024-11-05T18:00:00+00:00,492.35,492.88,492.19,492.4,594859.0
2024-11-05T18:05:00+00:00,492.4062,492.7,492.14,492.56,270648.0
2024-11-05T18:10:00+00:00,492.6149,492.79,492.49,492.63,59533.0
2024-11-05T18:15:00+00:00,492.59,492.59,491.75,491.88,200132.0
2024-11-05T18:20:00+00:00,492.4062,492.79,491.75,492.0964,692728.0
2024-11-05T18:25:00+00:00,492.11,492.19,491.76,491.8701,165260.0
2024-11-05T18:30:00+00:00,491.87,492.06,491.6601,491.6799,136695.0
2024-11-05T18:35:00+00:00,491.66,491.9599,491.48,491.53,146214.0
2024-11-05T18:40:00+00:00,492.11,492.19,490.8601,491.27,828036.0
2024-11-05T18:45:00+00:00,491.2895,491.75,491.0811,491.54,221850.0
2024-11-05T18:50:00+00:00,491.54,491.77,491.23,491.3129,139804.0
2024-11-05T18:55:00+00:00,491.34,491.58,491.15,491.48,156148.0
2024-11-05T19:00:00+00:00,491.2895,491.77,491.0811,491.385,596259.0
2024-11-05T19:05:00+00:00,491.44,491.78,491.32,491.59,145294.0
2024-11-05T19:10:00+00:00,491.5715,491.89,491.42,491.8,171307.0
2024-11-05T19:15:00+00:00,491.83,491.92,491.515,491.5805,133160.0
2024-11-05T19:20:00+00:00,491.44,491.92,491.32,491.51,534739.0
2024-11-05T19:25:00+00:00,491.5,491.505,491.12,491.38,116225.0
2024-11-05T19:30:00+00:00,491.43,492.0,491.3,491.5702,150331.0
2024-11-05T19:35:00+00:00,491.6,491.86,491.46,491.68,705054.0
2024-11-05T19:40:00+00:00,491.5,492.0,491.12,491.87,1059231.0
2024-11-05T19:45:00+00:00,491.88,492.0199,491.735,491.88,97592.0
2024-11-05T19:50:00+00:00,491.89,491.95,491.68,491.69,155591.0
2024-11-05T19:55:00+00:00,491.7,491.7,491.06,491.09,253178.0
2024-11-05T20:00:00+00:00,491.88,492.0199,490.7316,491.08,788403.0
2024-11-05T20:05:00+00:00,491.01,491.32,490.76,491.02,205500.0
2024-11-05T20:10:00+00:00,491.03,491.77,491.03,491.721,150667.0
2024-11-05T20:15:00+00:00,491.73,491.9,491.64,491.78,221544.0
2024-11-05T20:20:00+00:00,491.01,491.96,490.76,491.93,730828.0
2024-11-05T20:25:00+00:00,491.94,491.94,491.61,491.6425,170444.0
2024-11-05T20:30:00+00:00,491.66,492.02,491.49,491.96,369846.0
2024-11-05T20:35:00+00:00,491.95,492.38,491.82,492.2425,445306.0
2024-11-05T20:40:00+00:00,491.94,492.4099,491.49,492.1,1184301.0
2024-11-05T20:45:00+00:00,492.09,492.09,491.47,491.5187,543588.0
2024-11-05T20:50:00+00:00,491.51,491.91,491.31,491.815,263960.0
2024-11-05T20:55:00+00:00,491.81,492.08,491.5108,491.75,381755.0
2024-11-05T21:00:00+00:00,492.09,492.35,491.31,492.25,2303822.0
2024-11-05T21:05:00+00:00,492.24,492.63,492.15,492.45,375891.0
2024-11-05T21:10:00+00:00,492.45,493.23,492.45,492.88,157443.0
2024-11-05T21:15:00+00:00,492.91,493.23,492.91,493.12,1080071.0
2024-11-05T21:20:00+00:00,492.24,493.23,492.15,492.77,1694401.0
2024-11-05T21:25:00+00:00,492.76,493.2,492.75,493.14,60176.0
2024-11-05T21:30:00+00:00,493.07,493.12,492.95,493.0,16239.0
2024-11-05T21:35:00+00:00,493.0,493.0,492.86,492.9,8855.0
2024-11-05T21:40:00+00:00,492.76,493.2,492.75,492.9,93243.0
2024-11-05T21:45:00+00:00,492.84,492.84,492.66,492.68,24288.0
2024-11-05T21:50:00+00:00,492.67,492.67,492.38,492.5197,9864.0
2024-11-05T21:55:00+00:00,492.62,492.71,492.42,492.45,24695.0
2024-11-05T22:00:00+00:00,492.84,492.84,492.38,492.72,83120.0
2024-11-05T22:05:00+00:00,492.72,492.76,492.63,492.64,7825.0
2024-11-05T22:10:00+00:00,492.66,492.74,492.64,492.64,3372.0
2024-11-05T22:15:00+00:00,492.56,492.56,492.52,492.52,5060.0
2024-11-05T22:20:00+00:00,492.72,492.76,492.4,492.41,23815.0
2024-11-05T22:25:00+00:00,492.41,492.49,492.4,492.49,3726.0
2024-11-05T22:30:00+00:00,492.48,492.5001,492.4401,492.5001,4403.0
2024-11-05T22:35:00+00:00,492.51,492.55,492.51,492.55,1735.0
2024-11-05T22:40:00+00:00,492.41,492.69,492.4,492.69,11852.0
2024-11-05T22:45:00+00:00,492.59,492.65,492.55,492.65,5763.0
2024-11-05T22:50:00+00:00,492.56,492.8,492.5,492.8,2403.0
2024-11-05T22:55:00+00:00,492.7,492.78,492.65,492.7793,4044.0
2024-11-05T23:00:00+00:00,492.59,492.8,492.5,492.75,14198.0
2024-11-05T23:05:00+00:00,492.67,492.67,492.32,492.32,10572.0
2024-11-05T23:10:00+00:00,492.37,492.4,492.27,492.4,10534.0
2024-11-05T23:15:00+00:00,492.6201,492.665,492.48,492.48,4049.0
2024-11-05T23:20:00+00:00,492.67,492.67,492.21,492.22,31836.0
2024-11-05T23:25:00+00:00,492.3,492.31,492.14,492.2,8822.0
2024-11-05T23:30:00+00:00,492.22,492.4,492.17,492.4,3579.0
2024-11-05T23:35:00+00:00,492.3615,492.59,492.3615,492.59,4641.0
2024-11-05T23:40:00+00:00,492.3,492.59,492.14,492.41,18528.0
2024-11-05T23:45:00+00:00,492.43,492.43,492.43,492.43,251.0
2024-11-05T23:50:00+00:00,492.46,492.59,492.43,492.56,1862.0
2024-11-05T23:55:00+00:00,492.48,492.76,492.48,492.7,3478.0
2024-11-06T00:00:00+00:00,492.43,492.76,492.19,492.35,17642.0
2024-11-06T00:05:00+00:00,492.25,492.4,492.25,492.29,1878.0
2024-11-06T00:10:00+00:00,492.29,492.59,492.25,492.27,7366.0
2024-11-06T00:15:00+00:00,492.22,492.24,491.85,492.0,28608.0
2024-11-06T00:20:00+00:00,492.25,492.59,491.85,492.47,67966.0
2024-11-06T00:25:00+00:00,492.34,492.74,492.29,492.52,68986.0
2024-11-06T00:30:00+00:00,492.62,493.11,492.57,492.96,109126.0
2024-11-06T00:35:00+00:00,493.15,493.74,493.04,493.68,37261.0
2024-11-06T00:40:00+00:00,492.34,493.92,492.29,493.2,234396.0
2024-11-06T00:45:00+00:00,493.22,493.49,492.9388,493.49,11014.0
2024-11-06T00:50:00+00:00,493.5,493.54,493.2199,493.38,8799.0
2024-11-06T00:55:00+00:00,493.3,493.6,493.22,493.6,23613.0
2024-11-06T01:00:00+00:00,493.22,493.6,492.9388,493.29,78972.0
2024-11-06T09:05:00+00:00,501.0,501.5,498.22,500.76,39361.0
2024-11-06T09:10:00+00:00,500.54,500.79,500.4,500.44,12152.0
2024-11-06T09:15:00+00:00,500.44,500.52,500.09,500.4,13269.0
2024-11-06T09:20:00+00:00,501.0,501.5,498.22,500.42,84135.0
2024-11-06T09:25:00+00:00,500.22,500.69,500.21,500.5,17004.0
2024-11-06T09:30:00+00:00,500.66,500.91,500.66,500.9,16647.0
2024-11-06T09:35:00+00:00,500.96,501.55,500.95,501.33,31301.0
2024-11-06T09:40:00+00:00,500.22,501.55,500.21,501.0,75458.0
2024-11-06T09:45:00+00:00,500.91,501.22,500.91,501.22,6947.0
2024-11-06T09:50:00+00:00,501.2,501.4,501.07,501.16,3680.0
2024-11-06T09:55:00+00:00,501.2,501.57,501.17,501.36,4450.0
2024-11-06T10:00:00+00:00,500.91,501.6,500.91,501.56,28188.0
2024-11-06T10:05:00+00:00,501.59,501.6,501.11,501.11,4960.0
2024-11-06T10:10:00+00:00,501.28,501.28,500.8,500.91,8088.0
2024-11-06T10:15:00+00:00,500.83,501.0,500.71,500.88,3140.0
2024-11-06T10:20:00+00:00,501.59,501.6,500.71,501.02,22025.0
2024-11-06T10:25:00+00:00,501.07,501.09,500.75,500.85,3581.0
2024-11-06T10:30:00+00:00,501.02,501.15,500.87,501.15,10657.0
2024-11-06T10:35:00+00:00,501.19,501.39,501.19,501.32,3523.0
2024-11-06T10:40:00+00:00,501.07,501.39,500.75,501.19,20516.0
2024-11-06T10:45:00+00:00,501.04,501.15,500.86,501.1,11136.0
2024-11-06T10:50:00+00:00,501.05,501.13,500.93,500.97,19130.0
2024-11-06T10:55:00+00:00,500.92,500.92,500.49,500.51,17000.0
2024-11-06T11:00:00+00:00,501.04,501.15,500.43,500.49,61003.0
2024-11-06T11:05:00+00:00,500.51,500.57,500.15,500.3,16187.0
2024-11-06T11:10:00+00:00,500.36,500.57,500.36,500.56,4540.0
2024-11-06T11:15:00+00:00,500.5,500.56,500.4,500.51,10249.0
2024-11-06T11:20:00+00:00,500.51,500.74,500.15,500.55,40970.0
2024-11-06T11:25:00+00:00,500.49,500.6,500.38,500.58,25103.0
2024-11-06T11:30:00+00:00,500.54,500.58,500.14,500.42,11738.0
2024-11-06T11:35:00+00:00,500.41,500.41,500.23,500.39,24359.0
2024-11-06T11:40:00+00:00,500.49,500.6,499.9,499.9,145963.0
2024-11-06T11:45:00+00:00,499.88,500.25,499.65,499.83,63522.0
2024-11-06T11:50:00+00:00,499.8,500.1,499.5,499.5,39365.0
2024-11-06T11:55:00+00:00,499.41,499.49,498.09,498.66,88517.0
2024-11-06T12:00:00+00:00,499.88,500.25,498.09,498.61,297996.0
2024-11-06T12:05:00+00:00,498.63,499.08,498.49,499.08,133558.0
2024-11-06T12:10:00+00:00,499.03,499.6,498.98,499.59,52869.0
2024-11-06T12:15:00+00:00,499.68,499.95,499.59,499.85,35677.0
2024-11-06T12:20:00+00:00,498.63,500.21,498.49,500.0,241413.0
2024-11-06T12:25:00+00:00,500.0,500.0,499.57,499.709,29781.0
2024-11-06T12:30:00+00:00,499.8,500.0,499.7,499.94,20777.0
2024-11-06T12:35:00+00:00,499.92,500.4,499.64,500.4,28152.0
2024-11-06T12:40:00+00:00,500.0,500.4,499.57,500.25,116955.0
2024-11-06T12:45:00+00:00,500.39,500.67,500.2,500.61,31628.0
2024-11-06T12:50:00+00:00,500.67,501.11,500.59,500.74,68867.0
2024-11-06T12:55:00+00:00,500.719,500.84,500.56,500.71,17246.0
2024-11-06T13:00:00+00:00,500.39,501.11,500.2,500.64,137492.0
2024-11-06T13:05:00+00:00,498.68,501.5604,495.13,500.25,292985.0
2024-11-06T13:10:00+00:00,500.24,500.51,500.21,500.4,21300.0
2024-11-06T13:15:00+00:00,500.4,500.45,500.17,500.1944,18891.0
2024-11-06T13:20:00+00:00,498.68,501.5604,495.13,500.72,360670.0
2024-11-06T13:25:00+00:00,500.74,501.2,500.74,500.8,57650.0
2024-11-06T13:30:00+00:00,500.78,501.05,500.69,501.01,29565.0
2024-11-06T13:35:00+00:00,500.96,501.36,500.77,501.33,35291.0
2024-11-06T13:40:00+00:00,500.74,501.36,500.69,501.2,140855.0
2024-11-06T13:45:00+00:00,501.24,501.24,500.68,500.75,36272.0
2024-11-06T13:50:00+00:00,500.75,500.92,500.4,500.57,77591.0
2024-11-06T13:55:00+00:00,500.5,500.89,500.47,500.75,40278.0
2024-11-06T14:00:00+00:00,501.24,501.24,500.4,500.65,180872.0
2024-11-06T14:05:00+00:00,500.6,500.6,500.02,500.08,52474.0
2024-11-06T14:10:00+00:00,500.18,500.5989,500.14,500.55,36502.0
2024-11-06T14:15:00+00:00,500.56,500.65,499.95,500.08,41505.0
2024-11-06T14:20:00+00:00,500.6,500.65,499.95,500.29,161589.0
2024-11-06T14:25:00+00:00,500.289,500.38,499.84,499.88,70480.0
2024-11-06T14:30:00+00:00,499.89,500.84,499.82,500.6,243995.0
2024-11-06T14:35:00+00:00,500.56,502.0899,500.2708,501.44,2428286.0
2024-11-06T14:40:00+00:00,500.289,503.23,499.82,503.1801,4565954.0
2024-11-06T14:45:00+00:00,503.17,503.46,501.8,502.03,1162167.0
2024-11-06T14:50:00+00:00,502.0,502.28,500.0,500.41,1442882.0
2024-11-06T14:55:00+00:00,500.48,500.77,499.6,499.93,1177984.0
2024-11-06T15:00:00+00:00,503.17,503.46,499.6,500.33,4518828.0
2024-11-06T15:05:00+00:00,500.35,501.865,500.35,500.84,666525.0
2024-11-06T15:10:00+00:00,500.87,501.15,500.07,501.1299,364767.0
2024-11-06T15:15:00+00:00,501.12,502.16,500.87,502.0759,446429.0
2024-11-06T15:20:00+00:00,500.35,502.8,500.07,502.7,1950713.0
2024-11-06T15:25:00+00:00,502.69,503.0,502.45,502.6595,405384.0
2024-11-06T15:30:00+00:00,502.68,503.36,502.35,503.19,478514.0
2024-11-06T15:35:00+00:00,503.2,503.7894,503.03,503.28,692641.0
2024-11-06T15:40:00+00:00,502.69,503.7894,502.1637,502.33,1947431.0
2024-11-06T15:45:00+00:00,502.34,502.6,501.692,502.02,312651.0
2024-11-06T15:50:00+00:00,501.975,502.46,501.71,502.34,276777.0
2024-11-06T15:55:00+00:00,502.36,502.3999,501.04,501.3949,407941.0
2024-11-06T16:00:00+00:00,502.34,502.6,501.04,501.46,1517841.0
2024-11-06T16:05:00+00:00,501.43,501.495,500.72,501.08,262912.0
2024-11-06T16:10:00+00:00,501.1021,501.77,501.01,501.4401,233537.0
2024-11-06T16:15:00+00:00,501.4599,502.4992,501.44,502.49,249802.0
2024-11-06T16:20:00+00:00,501.43,502.64,500.72,502.19,1047936.0
2024-11-06T16:25:00+00:00,502.195,502.2,501.38,502.1555,377478.0
2024-11-06T16:30:00+00:00,502.13,502.87,502.0416,502.69,251785.0
2024-11-06T16:35:00+00:00,502.74,503.12,502.652,502.74,393115.0
2024-11-06T16:40:00+00:00,502.195,503.36,501.38,503.36,1327283.0
2024-11-06T16:45:00+00:00,503.37,503.37,502.93,503.09,312781.0
2024-11-06T16:50:00+00:00,503.08,503.1,502.57,502.89,438025.0
2024-11-06T16:55:00+00:00,502.91,503.3696,502.91,503.25,321691.0
2024-11-06T17:00:00+00:00,503.37,503.41,502.57,503.17,1399988.0
2024-11-06T17:05:00+00:00,503.18,503.25,502.74,503.1199,156495.0
2024-11-06T17:10:00+00:00,503.12,503.33,502.9299,503.2,368289.0
2024-11-06T17:15:00+00:00,503.18,503.6,503.14,503.5,268925.0
2024-11-06T17:20:00+00:00,503.18,503.6,502.74,503.21,966019.0
2024-11-06T17:25:00+00:00,503.19,503.24,502.98,503.1,112159.0
2024-11-06T17:30:00+00:00,503.06,503.32,502.88,503.24,130686.0
2024-11-06T17:35:00+00:00,503.26,503.275,503.0,503.18,137911.0
2024-11-06T17:40:00+00:00,503.19,503.43,502.88,503.02,489160.0
2024-11-06T17:45:00+00:00,503.02,503.355,502.944,503.23,103408.0
2024-11-06T17:50:00+00:00,503.23,503.82,503.23,503.75,196728.0
2024-11-06T17:55:00+00:00,503.7201,503.8,503.29,503.6399,411506.0
2024-11-06T18:00:00+00:00,503.02,503.82,502.944,503.62,934069.0
2024-11-06T18:05:00+00:00,503.63,504.14,503.47,503.92,268888.0
2024-11-06T18:10:00+00:00,503.92,504.25,503.74,504.25,330750.0
2024-11-06T18:15:00+00:00,504.2401,504.48,504.15,504.3699,2440538.0
2024-11-06T18:20:00+00:00,503.63,504.48,503.47,504.4,3353512.0
2024-11-06T18:25:00+00:00,504.4199,504.43,503.93,504.17,184744.0
2024-11-06T18:30:00+00:00,504.18,504.68,504.11,504.68,235742.0
2024-11-06T18:35:00+00:00,504.67,504.83,504.4601,504.7,565051.0
2024-11-06T18:40:00+00:00,504.4199,504.83,503.93,504.67,1195982.0
2024-11-06T18:45:00+00:00,504.69,504.9899,504.61,504.7901,219502.0
2024-11-06T18:50:00+00:00,504.79,505.08,504.77,505.0,219633.0
2024-11-06T18:55:00+00:00,505.01,505.05,504.3406,504.61,229533.0
2024-11-06T19:00:00+00:00,504.69,505.08,504.3406,504.75,831977.0
2024-11-06T19:05:00+00:00,504.75,505.06,504.68,504.82,283066.0
2024-11-06T19:10:00+00:00,504.845,504.93,504.43,504.891,273121.0
2024-11-06T19:15:00+00:00,504.84,505.21,504.5899,505.1,163392.0
2024-11-06T19:20:00+00:00,504.75,505.21,504.43,505.1262,833199.0
2024-11-06T19:25:00+00:00,505.11,505.25,504.93,505.0901,247834.0
2024-11-06T19:30:00+00:00,505.1,505.345,505.1,505.32,214579.0
2024-11-06T19:35:00+00:00,505.31,505.52,505.23,505.23,324867.0
2024-11-06T19:40:00+00:00,505.11,505.52,504.93,505.13,1084844.0
2024-11-06T19:45:00+00:00,505.14,505.16,504.84,505.0,184653.0
2024-11-06T19:50:00+00:00,505.02,505.41,505.02,505.32,266258.0
2024-11-06T19:55:00+00:00,505.32,505.32,505.04,505.17,267232.0
2024-11-06T20:00:00+00:00,505.14,505.4499,504.84,505.4,968291.0
2024-11-06T20:05:00+00:00,505.4,505.56,505.255,505.31,362322.0
2024-11-06T20:10:00+00:00,505.31,505.77,505.3,505.73,394180.0
2024-11-06T20:15:00+00:00,505.78,506.11,505.63,506.005,335211.0
2024-11-06T20:20:00+00:00,505.4,506.11,505.255,505.9499,1622983.0
2024-11-06T20:25:00+00:00,505.95,506.0,505.2799,505.45,303237.0
2024-11-06T20:30:00+00:00,505.46,505.82,505.46,505.745,179625.0
2024-11-06T20:35:00+00:00,505.75,505.9712,505.71,505.8,263701.0
2024-11-06T20:40:00+00:00,505.95,506.0,505.2799,505.43,1037922.0
2024-11-06T20:45:00+00:00,505.43,506.046,505.4,506.005,310326.0
2024-11-06T20:50:00+00:00,506.0,506.41,505.9,506.36,521180.0
2024-11-06T20:55:00+00:00,506.35,506.36,505.17,505.2701,879747.0
2024-11-06T21:00:00+00:00,505.43,506.41,505.17,505.62,4488482.0
2024-11-06T21:05:00+00:00,505.63,506.44,505.55,505.9,661352.0
2024-11-06T21:10:00+00:00,505.91,505.94,505.47,505.47,199021.0
2024-11-06T21:15:00+00:00,505.53,505.59,505.4,505.53,886171.0
2024-11-06T21:20:00+00:00,505.63,506.44,505.4,505.63,1784577.0
2024-11-06T21:25:00+00:00,505.69,506.08,505.58,505.89,150196.0
2024-11-06T21:30:00+00:00,505.89,505.93,505.71,505.93,22462.0
2024-11-06T21:35:00+00:00,505.86,505.86,505.79,505.85,9236.0
2024-11-06T21:40:00+00:00,505.69,506.08,505.58,505.7,199103.0
2024-11-06T21:45:00+00:00,505.75,506.0792,505.69,505.91,39195.0
2024-11-06T21:50:00+00:00,505.87,506.2,505.87,506.2,35598.0
2024-11-06T21:55:00+00:00,506.15,506.39,506.15,506.25,20898.0
2024-11-06T22:00:00+00:00,505.75,506.54,505.69,506.29,349135.0
2024-11-06T22:05:00+00:00,506.25,506.29,506.161,506.23,15142.0
2024-11-06T22:10:00+00:00,506.12,506.16,506.0701,506.15,1743.0
2024-11-06T22:15:00+00:00,506.23,506.23,506.06,506.1,107578.0
2024-11-06T22:20:00+00:00,506.25,506.29,506.0,506.15,130086.0
2024-11-06T22:25:00+00:00,506.18,506.25,506.0393,506.24,7095.0
2024-11-06T22:30:00+00:00,506.101,506.1999,506.1,506.12,2673.0
2024-11-06T22:35:00+00:00,506.2,506.2,506.2,506.2,629.0
2024-11-06T22:40:00+00:00,506.18,506.25,506.01,506.01,15136.0
2024-11-06T22:45:00+00:00,505.9101,505.99,505.81,505.9,4083.0
2024-11-06T22:50:00+00:00,505.95,505.99,505.8,505.86,5477.0
2024-11-06T22:55:00+00:00,505.88,505.9699,505.8,505.9699,6612.0
2024-11-06T23:00:00+00:00,505.9101,505.99,505.8,505.81,16360.0
2024-11-06T23:05:00+00:00,505.95,506.09,505.93,506.03,16740.0
2024-11-06T23:10:00+00:00,506.07,506.07,506.0,506.0,4299.0
2024-11-06T23:15:00+00:00,505.74,506.1,505.74,506.1,133331.0
2024-11-06T23:20:00+00:00,505.95,506.1,505.74,505.86,163083.0
2024-11-06T23:25:00+00:00,505.7601,505.95,505.76,505.85,4045.0
2024-11-06T23:30:00+00:00,505.85,505.95,505.85,505.95,1001.0
2024-11-06T23:35:00+00:00,505.979,505.99,505.81,505.81,2226.0
2024-11-06T23:40:00+00:00,505.7601,505.99,505.76,505.799,7932.0
2024-11-06T23:45:00+00:00,505.82,505.82,505.6,505.6,3853.0
2024-11-06T23:50:00+00:00,505.67,505.7399,505.67,505.7399,1044.0
2024-11-06T23:55:00+00:00,505.61,505.61,505.47,505.55,3120.0
2024-11-07T00:00:00+00:00,505.82,505.82,505.47,505.5,10026.0
2024-11-07T00:05:00+00:00,505.5,505.7785,505.5,505.66,2625.0
2024-11-07T00:10:00+00:00,505.645,505.645,505.63,505.63,1734.0
2024-11-07T00:15:00+00:00,505.7401,505.751,505.66,505.7,11354.0
2024-11-07T00:20:00+00:00,505.5,505.9,505.5,505.79,26243.0
2024-11-07T00:25:00+00:00,505.79,505.79,505.3099,505.31,25050.0
2024-11-07T00:30:00+00:00,505.4,505.41,505.16,505.25,26709.0
2024-11-07T00:35:00+00:00,505.24,505.3,505.21,505.25,6666.0
2024-11-07T00:40:00+00:00,505.79,505.79,505.111,505.2499,62738.0
2024-11-07T00:45:00+00:00,505.21,505.2499,505.0,505.02,18258.0
2024-11-07T00:50:00+00:00,505.04,505.0997,504.8,504.8,10864.0
2024-11-07T00:55:00+00:00,504.87,505.08,504.85,505.04,10806.0
2024-11-07T01:00:00+00:00,505.21,505.2499,504.8,505.07,43861.0
2024-11-07T09:05:00+00:00,506.65,506.65,506.17,506.21,23149.0
2024-11-07T09:10:00+00:00,506.34,506.86,506.3,506.86,27265.0
2024-11-07T09:15:00+00:00,506.94,506.96,506.82,506.91,3400.0
2024-11-07T09:20:00+00:00,506.65,507.07,506.17,507.07,59282.0
2024-11-07T09:25:00+00:00,507.12,507.2,507.05,507.08,6358.0
2024-11-07T09:30:00+00:00,507.03,507.05,506.88,506.97,6670.0
2024-11-07T09:35:00+00:00,506.97,507.11,506.97,507.09,30552.0
2024-11-07T09:40:00+00:00,507.12,507.2,506.82,506.82,47991.0
2024-11-07T09:45:00+00:00,506.85,506.87,506.81,506.84,4304.0
2024-11-07T09:50:00+00:00,506.9,506.91,506.86,506.9,7792.0
2024-11-07T09:55:00+00:00,506.82,506.92,506.82,506.86,3036.0
2024-11-07T10:00:00+00:00,506.85,506.92,506.75,506.75,20493.0
2024-11-07T10:05:00+00:00,506.8,506.86,506.76,506.86,5319.0
2024-11-07T10:10:00+00:00,506.91,506.91,506.86,506.86,2002.0
2024-11-07T10:15:00+00:00,506.89,506.95,506.89,506.95,1168.0
2024-11-07T10:20:00+00:00,506.8,507.01,506.76,507.01,9649.0
2024-11-07T10:25:00+00:00,507.0,507.0,506.95,506.96,1773.0
2024-11-07T10:30:00+00:00,506.7,506.76,506.7,506.76,642.0
2024-11-07T10:35:00+00:00,506.7,506.76,506.7,506.76,604.0
2024-11-07T10:40:00+00:00,507.0,507.0,506.7,506.92,5290.0
2024-11-07T10:45:00+00:00,506.9,506.91,506.87,506.91,806.0
2024-11-07T10:50:00+00:00,506.77,506.77,506.71,506.71,338.0
2024-11-07T10:55:00+00:00,506.66,506.77,506.66,506.76,2603.0
2024-11-07T11:00:00+00:00,506.9,506.91,506.66,506.69,4385.0
2024-11-07T11:05:00+00:00,506.73,506.73,506.58,506.58,1879.0
2024-11-07T11:10:00+00:00,506.63,506.64,506.55,506.63,5439.0
2024-11-07T11:15:00+00:00,506.52,506.59,506.43,506.43,2117.0
2024-11-07T11:20:00+00:00,506.73,506.73,506.42,506.63,10910.0
2024-11-07T11:25:00+00:00,506.55,506.61,506.55,506.59,1316.0
2024-11-07T11:30:00+00:00,506.65,506.71,506.59,506.59,6210.0
2024-11-07T11:35:00+00:00,506.67,506.7,506.48,506.5,24507.0
2024-11-07T11:40:00+00:00,506.55,506.71,506.41,506.68,57630.0
2024-11-07T11:45:00+00:00,506.61,506.77,506.61,506.77,10814.0
2024-11-07T11:50:00+00:00,506.79,506.84,506.71,506.72,1975.0
2024-11-07T11:55:00+00:00,506.76,506.81,506.76,506.79,1627.0
2024-11-07T12:00:00+00:00,506.61,506.86,506.61,506.8,20573.0
2024-11-07T12:05:00+00:00,506.8,507.0,506.78,507.0,5675.0
2024-11-07T12:10:00+00:00,507.06,507.27,507.05,507.22,22768.0
2024-11-07T12:15:00+00:00,507.25,507.38,507.21,507.26,34884.0
2024-11-07T12:20:00+00:00,506.8,507.38,506.78,507.14,71585.0
2024-11-07T12:25:00+00:00,507.12,507.35,507.1,507.35,4422.0
2024-11-07T12:30:00+00:00,507.38,507.64,507.37,507.64,11850.0
2024-11-07T12:35:00+00:00,507.55,507.61,507.46,507.57,18607.0
2024-11-07T12:40:00+00:00,507.12,507.64,507.1,507.5,41273.0
2024-11-07T12:45:00+00:00,507.55,507.55,507.22,507.27,28753.0
2024-11-07T12:50:00+00:00,507.3,507.38,507.22,507.25,18092.0
2024-11-07T12:55:00+00:00,507.24,507.36,507.13,507.3,5242.0
2024-11-07T13:00:00+00:00,507.55,507.55,507.13,507.39,55953.0
2024-11-07T13:05:00+00:00,507.33,507.74,506.23,507.72,67109.0
2024-11-07T13:10:00+00:00,507.7001,508.0,505.201,507.96,22000.0
2024-11-07T13:15:00+00:00,507.98,508.16,507.93,508.15,13635.0
2024-11-07T13:20:00+00:00,507.33,508.18,505.201,507.98,117178.0
2024-11-07T13:25:00+00:00,507.95,507.95,507.7,507.71,25621.0
2024-11-07T13:30:00+00:00,507.71,507.81,507.63,507.72,19418.0
2024-11-07T13:35:00+00:00,507.62,507.67,507.24,507.39,52034.0
2024-11-07T13:40:00+00:00,507.95,507.95,507.24,507.73,139347.0
2024-11-07T13:45:00+00:00,507.67,507.73,507.4,507.66,29596.0
2024-11-07T13:50:00+00:00,507.69,508.09,507.69,508.05,22718.0
2024-11-07T13:55:00+00:00,508.0,508.08,507.9,508.0,20794.0
2024-11-07T14:00:00+00:00,507.67,508.09,507.4,507.85,88554.0
2024-11-07T14:05:00+00:00,507.9,508.2783,507.79,508.22,35441.0
2024-11-07T14:10:00+00:00,508.2,508.52,508.06,508.52,24228.0
2024-11-07T14:15:00+00:00,508.52,508.54,508.29,508.32,41959.0
2024-11-07T14:20:00+00:00,507.9,508.62,507.79,508.56,129902.0
2024-11-07T14:25:00+00:00,508.59,508.7,508.35,508.35,25067.0
2024-11-07T14:30:00+00:00,508.37,508.5096,508.14,508.5096,71300.0
2024-11-07T14:35:00+00:00,508.4,509.44,508.34,509.21,1273235.0
2024-11-07T14:40:00+00:00,508.59,509.93,508.14,509.9199,2060803.0
2024-11-07T14:45:00+00:00,509.92,510.44,509.79,509.96,783195.0
2024-11-07T14:50:00+00:00,509.99,510.0,509.45,509.6,683999.0
2024-11-07T14:55:00+00:00,509.58,510.12,509.41,510.01,346460.0
2024-11-07T15:00:00+00:00,509.92,510.92,509.41,510.89,2228439.0
2024-11-07T15:05:00+00:00,510.88,511.03,510.45,510.8698,728821.0
2024-11-07T15:10:00+00:00,510.87,511.28,510.74,511.04,513706.0
2024-11-07T15:15:00+00:00,511.04,511.3499,510.82,511.07,398615.0
2024-11-07T15:20:00+00:00,510.88,511.3499,510.45,510.94,2105901.0
2024-11-07T15:25:00+00:00,510.94,511.02,510.64,510.96,240003.0
2024-11-07T15:30:00+00:00,510.965,511.0799,510.62,510.91,234803.0
2024-11-07T15:35:00+00:00,510.9265,511.08,510.3501,510.6,279975.0
2024-11-07T15:40:00+00:00,510.94,511.26,510.3501,510.8,1036433.0
2024-11-07T15:45:00+00:00,510.81,511.13,510.58,511.115,214780.0
2024-11-07T15:50:00+00:00,511.12,511.87,511.12,511.87,623876.0
2024-11-07T15:55:00+00:00,511.88,512.02,511.635,511.7001,355681.0
2024-11-07T16:00:00+00:00,510.81,512.23,510.58,512.06,1473801.0
2024-11-07T16:05:00+00:00,512.08,512.34,511.5301,511.79,543956.0
2024-11-07T16:10:00+00:00,511.81,511.9,511.3907,511.57,236996.0
2024-11-07T16:15:00+00:00,511.59,511.84,511.24,511.78,280215.0
2024-11-07T16:20:00+00:00,512.08,512.34,511.24,511.81,1181650.0
2024-11-07T16:25:00+00:00,511.81,511.9799,511.56,511.96,133230.0
2024-11-07T16:30:00+00:00,511.945,512.03,511.84,511.96,139492.0
2024-11-07T16:35:00+00:00,511.94,512.3,511.86,512.16,211777.0
2024-11-07T16:40:00+00:00,511.81,512.3388,511.56,512.2113,672601.0
2024-11-07T16:45:00+00:00,512.2199,512.41,512.18,512.18,229430.0
2024-11-07T16:50:00+00:00,512.21,512.65,512.1,512.619,259629.0
2024-11-07T16:55:00+00:00,512.62,512.96,512.49,512.9183,358954.0
2024-11-07T17:00:00+00:00,512.2199,512.989,512.1,512.9,1065544.0
2024-11-07T17:05:00+00:00,512.9,512.9,512.19,512.34,355807.0
2024-11-07T17:10:00+00:00,512.34,512.35,512.07,512.235,175551.0
2024-11-07T17:15:00+00:00,512.18,512.6699,512.14,512.5299,342393.0
2024-11-07T17:20:00+00:00,512.9,512.9,512.07,512.45,1132831.0
2024-11-07T17:25:00+00:00,512.44,512.69,512.2808,512.3966,108358.0
2024-11-07T17:30:00+00:00,512.38,512.59,512.31,512.56,85940.0
2024-11-07T17:35:00+00:00,512.53,512.81,512.1801,512.2,160233.0
2024-11-07T17:40:00+00:00,512.44,512.81,512.18,512.62,548695.0
2024-11-07T17:45:00+00:00,512.63,512.74,512.46,512.68,81210.0
2024-11-07T17:50:00+00:00,512.67,512.96,512.66,512.83,170924.0
2024-11-07T17:55:00+00:00,512.83,512.84,512.64,512.7312,116405.0
2024-11-07T18:00:00+00:00,512.63,512.96,512.46,512.86,1241480.0
2024-11-07T18:05:00+00:00,512.9,512.93,512.65,512.71,87942.0
2024-11-07T18:10:00+00:00,512.71,512.81,512.3,512.33,136098.0
2024-11-07T18:15:00+00:00,512.34,512.51,512.04,512.44,206401.0
2024-11-07T18:20:00+00:00,512.9,512.93,512.0,512.22,539191.0
2024-11-07T18:25:00+00:00,512.26,512.5199,512.22,512.42,77510.0
2024-11-07T18:30:00+00:00,512.42,512.61,512.3607,512.4,126676.0
2024-11-07T18:35:00+00:00,512.38,512.38,511.921,512.0701,228318.0
2024-11-07T18:40:00+00:00,512.26,512.61,511.921,512.44,669116.0
2024-11-07T18:45:00+00:00,512.43,512.43,511.9,512.06,204752.0
2024-11-07T18:50:00+00:00,512.06,512.14,511.87,512.14,435891.0
2024-11-07T18:55:00+00:00,512.15,512.835,512.1487,512.8,758797.0
2024-11-07T19:00:00+00:00,512.43,512.8742,511.87,512.57,1589809.0
2024-11-07T19:05:00+00:00,512.61,513.15,512.1,512.5397,456360.0
2024-11-07T19:10:00+00:00,512.5,512.94,512.34,512.91,396521.0
2024-11-07T19:15:00+00:00,512.87,512.94,512.67,512.7,175298.0
2024-11-07T19:20:00+00:00,512.61,513.15,512.1,512.79,1215224.0
2024-11-07T19:25:00+00:00,512.7899,512.84,512.35,512.61,173452.0
2024-11-07T19:30:00+00:00,512.6101,512.89,512.575,512.69,140207.0
2024-11-07T19:35:00+00:00,512.6701,513.21,512.6701,513.19,137394.0
2024-11-07T19:40:00+00:00,512.7899,513.41,512.35,513.13,667878.0
2024-11-07T19:45:00+00:00,513.1,513.1,512.05,512.85,606835.0
2024-11-07T19:50:00+00:00,512.85,513.61,512.62,513.4499,303115.0
2024-11-07T19:55:00+00:00,513.46,513.74,512.8,512.99,304165.0
2024-11-07T20:00:00+00:00,513.1,513.84,512.05,513.84,1439287.0
2024-11-07T20:05:00+00:00,513.85,513.91,513.47,513.68,242993.0
2024-11-07T20:10:00+00:00,513.68,513.83,513.49,513.6621,229046.0
2024-11-07T20:15:00+00:00,513.665,513.975,513.4401,513.9099,304622.0
2024-11-07T20:20:00+00:00,513.85,514.33,513.4401,514.0499,1265966.0
2024-11-07T20:25:00+00:00,514.02,514.28,513.858,514.153,378580.0
2024-11-07T20:30:00+00:00,514.15,514.21,513.78,513.82,808893.0
2024-11-07T20:35:00+00:00,513.81,514.03,513.74,513.785,342011.0
2024-11-07T20:40:00+00:00,514.02,514.28,513.42,513.52,2017801.0
2024-11-07T20:45:00+00:00,513.51,513.92,513.49,513.75,507220.0
2024-11-07T20:50:00+00:00,513.75,514.2475,513.7301,513.98,1026291.0
2024-11-07T20:55:00+00:00,513.91,513.93,513.22,513.34,1384742.0
2024-11-07T21:00:00+00:00,513.51,514.2475,513.175,513.6,4391814.0
2024-11-07T21:05:00+00:00,513.54,513.85,513.29,513.54,655489.0
2024-11-07T21:10:00+00:00,513.52,514.04,513.51,514.02,209674.0
2024-11-07T21:15:00+00:00,513.98,514.27,513.87,513.88,333681.0
2024-11-07T21:20:00+00:00,513.54,514.27,513.29,514.0,1529673.0
2024-11-07T21:25:00+00:00,514.06,514.15,513.85,513.86,41901.0
2024-11-07T21:30:00+00:00,513.88,513.9,513.75,513.75,6934.0
2024-11-07T21:35:00+00:00,513.76,513.76,513.51,513.61,30327.0
2024-11-07T21:40:00+00:00,514.06,514.15,513.51,513.59,109321.0
2024-11-07T21:45:00+00:00,513.62,513.64,513.55,513.64,14640.0
2024-11-07T21:50:00+00:00,513.58,513.66,513.58,513.62,8608.0
2024-11-07T21:55:00+00:00,513.6,513.66,513.6,513.66,19547.0
2024-11-07T22:00:00+00:00,513.62,513.71,513.55,513.66,78742.0
2024-11-07T22:05:00+00:00,513.64,513.68,513.59,513.64,3259.0
2024-11-07T22:10:00+00:00,513.61,513.65,513.54,513.54,101111.0
2024-11-07T22:15:00+00:00,513.54,513.61,513.5,513.55,54294.0
2024-11-07T22:20:00+00:00,513.64,513.68,513.5,513.56,159745.0
2024-11-07T22:25:00+00:00,513.5,513.55,513.48,513.5,4445.0
2024-11-07T22:30:00+00:00,513.5,513.6,513.48,513.5,5246.0
2024-11-07T22:35:00+00:00,513.52,513.6,513.52,513.6,673.0
2024-11-07T22:40:00+00:00,513.5,513.6,513.45,513.48,14458.0
2024-11-07T22:45:00+00:00,513.5,513.5,513.4542,513.4542,578.0
2024-11-07T22:50:00+00:00,513.55,513.6482,513.55,513.6482,11532.0
2024-11-07T22:55:00+00:00,513.55,513.65,513.49,513.51,3983.0
2024-11-07T23:00:00+00:00,513.5,513.65,513.4542,513.55,16990.0
2024-11-07T23:05:00+00:00,513.71,513.71,513.19,513.25,14469.0
2024-11-07T23:10:00+00:00,513.36,513.4,513.34,513.37,4658.0
2024-11-07T23:15:00+00:00,513.36,513.62,513.36,513.57,46286.0
2024-11-07T23:20:00+00:00,513.71,513.71,513.19,513.5,67433.0
2024-11-07T23:25:00+00:00,513.49,513.5,513.49,513.5,270.0
2024-11-07T23:30:00+00:00,513.6,513.62,513.57,513.62,2849.0
2024-11-07T23:35:00+00:00,513.69,513.72,513.65,513.65,1448.0
2024-11-07T23:40:00+00:00,513.49,513.72,513.49,513.58,9882.0
2024-11-07T23:45:00+00:00,513.55,513.55,513.51,513.51,2127.0
2024-11-07T23:50:00+00:00,513.47,513.6,513.47,513.6,4072.0
2024-11-07T23:55:00+00:00,513.57,513.69,513.57,513.69,1623.0
2024-11-08T00:00:00+00:00,513.55,513.69,513.47,513.63,8418.0
2024-11-08T00:05:00+00:00,513.73,513.94,513.71,513.9,2528.0
2024-11-08T00:10:00+00:00,513.88,513.88,513.75,513.79,2515.0
2024-11-08T00:15:00+00:00,513.74,513.79,513.74,513.79,578.0
2024-11-08T00:20:00+00:00,513.73,513.94,513.71,513.8427,8263.0
2024-11-08T00:25:00+00:00,513.88,513.88,513.73,513.73,816.0
2024-11-08T00:30:00+00:00,513.69,513.75,513.69,513.74,1405.0
2024-11-08T00:35:00+00:00,513.72,513.72,513.6,513.62,5251.0
2024-11-08T00:40:00+00:00,513.88,513.88,513.6,513.76,17330.0
2024-11-08T00:45:00+00:00,513.77,513.87,513.77,513.79,2803.0
2024-11-08T00:50:00+00:00,513.81,513.87,513.81,513.87,1153.0
2024-11-08T00:55:00+00:00,513.86,513.86,513.61,513.6387,3102.0
2024-11-08T01:00:00+00:00,513.77,513.87,513.58,513.61,20573.0
2024-11-08T09:05:00+00:00,514.12,514.23,514.01,514.01,5191.0
2024-11-08T09:10:00+00:00,514.09,514.18,514.06,514.18,2547.0
2024-11-08T09:15:00+00:00,514.23,514.4,514.23,514.4,33125.0
2024-11-08T09:20:00+00:00,514.12,514.43,514.01,514.38,43260.0
2024-11-08T09:25:00+00:00,514.36,514.4,514.3,514.34,1594.0
2024-11-08T09:30:00+00:00,514.32,514.32,514.3,514.3,763.0
2024-11-08T09:35:00+00:00,514.33,514.33,514.27,514.27,537.0
2024-11-08T09:40:00+00:00,514.36,514.4,514.27,514.35,3021.0
2024-11-08T09:45:00+00:00,514.28,514.45,514.28,514.45,2056.0
2024-11-08T09:50:00+00:00,514.29,514.31,514.1,514.25,2807.0
2024-11-08T10:00:00+00:00,514.28,514.45,514.02,514.02,5341.0
2024-11-08T10:05:00+00:00,513.97,513.98,513.85,513.91,3608.0
2024-11-08T10:10:00+00:00,513.87,513.87,513.67,513.73,8900.0
2024-11-08T10:15:00+00:00,513.63,513.63,513.48,513.48,6172.0
2024-11-08T10:20:00+00:00,513.97,513.98,513.48,513.7,23409.0
2024-11-08T10:25:00+00:00,513.65,513.65,513.43,513.43,3145.0
2024-11-08T10:30:00+00:00,513.43,513.44,513.25,513.26,4494.0
2024-11-08T10:35:00+00:00,513.27,513.27,512.8,512.8,23890.0
2024-11-08T10:40:00+00:00,513.65,513.65,512.29,512.29,43098.0
2024-11-08T10:45:00+00:00,512.34,512.48,512.1,512.11,43240.0
2024-11-08T10:50:00+00:00,512.07,512.12,511.75,511.88,13647.0
2024-11-08T10:55:00+00:00,511.84,512.12,511.71,511.71,20224.0
2024-11-08T11:00:00+00:00,512.34,512.48,511.71,512.0,93020.0
2024-11-08T11:05:00+00:00,511.98,511.98,511.61,511.7,12239.0
2024-11-08T11:10:00+00:00,511.71,511.76,511.51,511.68,18007.0
2024-11-08T11:15:00+00:00,511.69,512.06,511.69,512.03,10629.0
2024-11-08T11:20:00+00:00,511.98,512.25,511.51,512.2,50670.0
2024-11-08T11:25:00+00:00,512.2,512.32,512.05,512.05,8577.0
2024-11-08T11:30:00+00:00,512.0,512.06,511.91,512.0,7670.0
2024-11-08T11:35:00+00:00,512.09,512.4,512.09,512.34,8475.0
2024-11-08T11:40:00+00:00,512.2,512.44,511.91,512.41,33440.0
2024-11-08T11:45:00+00:00,512.52,512.52,512.36,512.36,5126.0
2024-11-08T11:50:00+00:00,512.33,512.5,512.3,512.5,8964.0
2024-11-08T11:55:00+00:00,512.54,512.56,512.43,512.43,2274.0
2024-11-08T12:00:00+00:00,512.52,512.56,512.3,512.42,17377.0
2024-11-08T12:05:00+00:00,512.4,512.66,512.38,512.66,24752.0
2024-11-08T12:10:00+00:00,512.6,512.71,512.5,512.59,6474.0
2024-11-08T12:15:00+00:00,512.68,512.72,512.401,512.54,7123.0
2024-11-08T12:20:00+00:00,512.4,512.72,512.38,512.541,43340.0
2024-11-08T12:25:00+00:00,512.52,512.52,512.351,512.37,4264.0
2024-11-08T12:30:00+00:00,512.34,512.7,512.33,512.7,12482.0
2024-11-08T12:35:00+00:00,512.72,512.92,512.72,512.87,18190.0
2024-11-08T12:40:00+00:00,512.52,512.92,512.33,512.74,49740.0
2024-11-08T12:45:00+00:00,512.79,512.95,512.79,512.95,5514.0
2024-11-08T12:50:00+00:00,512.95,513.08,512.85,512.85,9783.0
2024-11-08T12:55:00+00:00,512.82,512.99,512.81,512.97,3063.0
2024-11-08T13:00:00+00:00,512.79,513.08,512.79,512.97,22257.0
2024-11-08T13:05:00+00:00,512.48,514.82,511.8596,513.2,128619.0
2024-11-08T13:10:00+00:00,513.1,513.2,512.96,512.96,15334.0
2024-11-08T13:15:00+00:00,512.93,512.93,512.705,512.76,21799.0
2024-11-08T13:20:00+00:00,512.48,514.82,511.8596,512.92,180044.0
2024-11-08T13:25:00+00:00,512.9,512.91,512.84,512.91,4826.0
2024-11-08T13:30:00+00:00,513.0078,513.155,512.88,512.91,4925.0
2024-11-08T13:35:00+00:00,512.85,512.85,512.56,512.69,20870.0
2024-11-08T13:40:00+00:00,512.9,513.155,512.44,512.45,55356.0
2024-11-08T13:45:00+00:00,512.44,512.54,512.33,512.44,20876.0
2024-11-08T13:50:00+00:00,512.44,512.7,512.43,512.62,17116.0
2024-11-08T13:55:00+00:00,512.62,512.69,512.4599,512.48,7960.0
2024-11-08T14:00:00+00:00,512.44,512.7,512.33,512.51,56320.0
2024-11-08T14:05:00+00:00,512.49,512.52,512.31,512.39,13673.0
2024-11-08T14:10:00+00:00,512.42,512.71,512.42,512.71,22600.0
2024-11-08T14:15:00+00:00,512.73,512.83,512.6519,512.82,17791.0
2024-11-08T14:20:00+00:00,512.49,512.9699,512.31,512.7699,61890.0
2024-11-08T14:25:00+00:00,512.75,512.95,512.75,512.8591,15922.0
2024-11-08T14:30:00+00:00,512.92,513.11,512.88,513.06,31821.0
2024-11-08T14:35:00+00:00,513.035,514.156,513.02,513.66,965397.0
2024-11-08T14:40:00+00:00,512.75,514.156,512.75,513.8406,1391162.0
2024-11-08T14:45:00+00:00,513.87,514.03,513.03,513.09,352218.0
2024-11-08T14:50:00+00:00,513.09,513.71,512.8,513.52,369718.0
2024-11-08T14:55:00+00:00,513.53,513.9,513.45,513.75,189971.0
2024-11-08T15:00:00+00:00,513.87,514.03,512.8,513.65,1124295.0
2024-11-08T15:05:00+00:00,513.59,514.0,513.0,513.16,351719.0
2024-11-08T15:10:00+00:00,513.14,513.26,512.6708,512.818,340917.0
2024-11-08T15:15:00+00:00,512.78,512.9387,512.46,512.55,789179.0
2024-11-08T15:20:00+00:00,513.59,514.0,512.41,513.43,1825024.0
2024-11-08T15:25:00+00:00,513.4284,513.46,512.8602,512.92,181221.0
2024-11-08T15:30:00+00:00,512.92,513.34,512.9051,513.19,135895.0
2024-11-08T15:35:00+00:00,513.19,513.64,513.13,513.48,294431.0
2024-11-08T15:40:00+00:00,513.4284,513.64,512.8,513.15,912340.0
2024-11-08T15:45:00+00:00,513.12,513.2799,512.795,512.92,119683.0
2024-11-08T15:50:00+00:00,512.92,513.4,512.83,513.32,134515.0
2024-11-08T15:55:00+00:00,513.3599,513.6,513.22,513.46,172517.0
2024-11-08T16:00:00+00:00,513.12,513.6,512.795,513.2925,620273.0
2024-11-08T16:05:00+00:00,513.3,513.3,512.67,512.9401,220451.0
2024-11-08T16:10:00+00:00,512.99,513.32,512.96,513.27,219401.0
2024-11-08T16:15:00+00:00,513.28,513.5,513.11,513.45,174653.0
2024-11-08T16:20:00+00:00,513.3,513.5,512.67,513.4477,721579.0
2024-11-08T16:25:00+00:00,513.48,513.53,513.2501,513.48,107493.0
2024-11-08T16:30:00+00:00,513.5,513.8225,513.3901,513.5999,169473.0
2024-11-08T16:35:00+00:00,513.63,513.85,513.415,513.62,174453.0
2024-11-08T16:40:00+00:00,513.48,513.85,513.2501,513.62,620629.0
2024-11-08T16:45:00+00:00,513.63,513.76,513.24,513.2905,154147.0
2024-11-08T16:50:00+00:00,513.35,513.71,513.2912,513.71,138105.0
2024-11-08T16:55:00+00:00,513.73,513.97,513.6601,513.92,268012.0
2024-11-08T17:00:00+00:00,513.63,514.23,513.24,513.79,760172.0
2024-11-08T17:05:00+00:00,513.76,513.9099,513.52,513.59,135090.0
2024-11-08T17:10:00+00:00,513.61,513.72,513.44,513.7,244708.0
2024-11-08T17:15:00+00:00,513.7099,513.76,513.3,513.37,1470157.0
2024-11-08T17:20:00+00:00,513.76,513.9099,513.2701,513.36,2002584.0
2024-11-08T17:25:00+00:00,513.37,513.61,513.29,513.29,150441.0
2024-11-08T17:30:00+00:00,513.31,513.5187,513.28,513.45,236171.0
2024-11-08T17:35:00+00:00,513.44,513.92,513.39,513.91,132398.0
2024-11-08T17:40:00+00:00,513.37,514.04,513.28,513.79,642802.0
2024-11-08T17:45:00+00:00,513.78,513.97,513.57,513.7199,91992.0
2024-11-08T17:50:00+00:00,513.73,513.88,513.72,513.82,117105.0
2024-11-08T17:55:00+00:00,513.83,514.0,513.82,513.949,151444.0
2024-11-08T18:00:00+00:00,513.78,514.0,513.57,513.8,454763.0
2024-11-08T18:05:00+00:00,513.8,513.97,513.71,513.9199,83869.0
2024-11-08T18:10:00+00:00,513.905,514.17,513.8828,514.1,129114.0
2024-11-08T18:15:00+00:00,514.1,514.21,514.03,514.11,73130.0
2024-11-08T18:20:00+00:00,513.8,514.23,513.71,514.0,400094.0
2024-11-08T18:25:00+00:00,514.0499,514.15,513.84,514.06,131713.0
2024-11-08T18:30:00+00:00,514.06,514.225,514.05,514.15,64045.0
2024-11-08T18:35:00+00:00,514.15,514.53,514.12,514.44,193216.0
2024-11-08T18:40:00+00:00,514.0499,514.9,513.84,514.87,683391.0
2024-11-08T18:45:00+00:00,514.86,514.9175,514.63,514.855,358492.0
2024-11-08T18:50:00+00:00,514.86,514.9075,514.49,514.5789,270120.0
2024-11-08T18:55:00+00:00,514.57,514.62,514.25,514.27,165447.0
2024-11-08T19:00:00+00:00,514.86,514.9175,514.13,514.62,1111690.0
2024-11-08T19:05:00+00:00,514.6,514.6925,514.27,514.4201,687742.0
2024-11-08T19:10:00+00:00,514.44,514.72,514.42,514.63,333528.0
2024-11-08T19:15:00+00:00,514.63,514.7,514.43,514.58,120062.0
2024-11-08T19:20:00+00:00,514.6,514.72,514.27,514.49,1240902.0
2024-11-08T19:25:00+00:00,514.47,514.61,514.44,514.49,369266.0
2024-11-08T19:30:00+00:00,514.4888,514.815,514.48,514.78,145364.0
2024-11-08T19:35:00+00:00,514.77,514.78,514.54,514.5701,136142.0
2024-11-08T19:40:00+00:00,514.47,514.815,514.44,514.8,759715.0
2024-11-08T19:45:00+00:00,514.79,514.91,514.7018,514.757,123834.0
2024-11-08T19:50:00+00:00,514.75,514.83,514.45,514.54,378497.0
2024-11-08T19:55:00+00:00,514.55,514.565,514.25,514.28,143921.0
2024-11-08T20:00:00+00:00,514.79,514.91,514.18,514.2,819736.0
2024-11-08T20:05:00+00:00,514.19,514.27,513.735,514.05,286784.0
2024-11-08T20:10:00+00:00,514.04,514.22,513.9,514.15,105569.0
2024-11-08T20:15:00+00:00,514.16,514.16,513.74,514.04,157285.0
2024-11-08T20:20:00+00:00,514.19,514.27,513.735,514.04,680817.0
2024-11-08T20:25:00+00:00,514.02,514.03,513.67,514.01,197381.0
2024-11-08T20:30:00+00:00,513.99,514.21,513.81,513.81,132810.0
2024-11-08T20:35:00+00:00,513.83,513.89,513.561,513.77,230155.0
2024-11-08T20:40:00+00:00,514.02,514.21,513.561,514.04,743685.0
2024-11-08T20:45:00+00:00,514.04,514.04,513.67,513.7284,216938.0
2024-11-08T20:50:00+00:00,513.73,514.02,513.72,513.79,264845.0
2024-11-08T20:55:00+00:00,513.8,514.09,513.56,514.05,513864.0
2024-11-08T21:00:00+00:00,514.04,514.17,513.56,514.16,2076868.0
2024-11-08T21:05:00+00:00,514.17,514.34,513.96,514.07,185066.0
2024-11-08T21:10:00+00:00,514.09,514.1,513.9,513.94,69694.0
2024-11-08T21:15:00+00:00,513.95,514.14,513.94,514.13,248738.0
2024-11-08T21:20:00+00:00,514.17,514.34,513.9,514.2,516881.0
2024-11-08T21:25:00+00:00,514.18,514.24,514.14,514.21,244749.0
2024-11-08T21:30:00+00:00,514.24,514.25,514.04,514.04,11307.0
2024-11-08T21:35:00+00:00,514.06,514.06,513.92,513.95,216912.0
2024-11-08T21:40:00+00:00,514.18,514.25,513.92,514.05,491749.0
2024-11-08T21:45:00+00:00,514.07,514.07,514.0001,514.0001,5474.0
2024-11-08T21:50:00+00:00,514.04,514.04,513.92,514.01,60781.0
2024-11-08T21:55:00+00:00,514.03,514.04,514.02,514.0396,4028.0
2024-11-08T22:00:00+00:00,514.07,514.17,513.92,514.02,83969.0
2024-11-08T22:05:00+00:00,514.03,514.03,513.93,513.93,5275.0
2024-11-08T22:10:00+00:00,513.98,514.03,513.98,514.01,4629.0
2024-11-08T22:15:00+00:00,513.95,513.95,513.95,513.95,277.0
2024-11-08T22:20:00+00:00,514.03,514.03,513.93,513.9999,11133.0
2024-11-08T22:25:00+00:00,513.97,513.99,513.93,513.93,2125.0
2024-11-08T22:30:00+00:00,514.0,514.0,513.9,513.93,5094.0
2024-11-08T22:40:00+00:00,513.97,514.0,513.9,513.95,335808.0
2024-11-08T22:45:00+00:00,513.97,513.97,513.97,513.97,284.0
2024-11-08T22:55:00+00:00,513.95,513.95,513.86,513.86,1057.0
2024-11-08T23:00:00+00:00,513.97,513.97,513.86,513.86,1341.0
2024-11-08T23:05:00+00:00,514.005,514.005,513.9001,513.9001,268.0
2024-11-08T23:10:00+00:00,513.9,514.0,513.89,513.89,1664.0
2024-11-08T23:15:00+00:00,513.97,513.97,513.9,513.9,534.0
2024-11-08T23:20:00+00:00,514.005,514.005,513.89,513.9,2466.0
2024-11-08T23:25:00+00:00,514.08,514.08,514.08,514.08,114.0
2024-11-08T23:40:00+00:00,514.08,514.08,514.08,514.08,114.0
2024-11-08T23:50:00+00:00,514.08,514.08,514.08,514.08,493.0
2024-11-08T23:55:00+00:00,513.995,514.02,513.995,514.02,1968.0
2024-11-09T00:00:00+00:00,514.08,514.08,513.995,514.0699,3790.0
2024-11-09T00:05:00+00:00,514.0201,514.06,514.0201,514.06,456.0
2024-11-09T00:10:00+00:00,514.02,514.08,514.02,514.08,2102.0
2024-11-09T00:20:00+00:00,514.0201,514.08,514.02,514.07,3483.0
2024-11-09T00:30:00+00:00,514.07,514.07,513.9998,513.9998,2443.0
2024-11-09T00:35:00+00:00,514.1297,514.1297,514.03,514.03,883.0
2024-11-09T00:40:00+00:00,514.07,514.1297,513.9998,514.09,4562.0
2024-11-09T00:45:00+00:00,514.12,514.13,514.12,514.12,1068.0
2024-11-09T00:50:00+00:00,514.13,514.13,514.1093,514.1093,1182.0
2024-11-09T00:55:00+00:00,514.1003,514.1192,514.04,514.04,1648.0
2024-11-09T01:00:00+00:00,514.12,514.13,514.04,514.0499,5656.0
2024-11-11T09:05:00+00:00,515.52,515.71,515.52,515.64,16915.0
2024-11-11T09:10:00+00:00,515.63,515.63,515.22,515.46,13186.0
2024-11-11T09:15:00+00:00,515.48,515.6,515.37,515.52,4280.0
2024-11-11T09:20:00+00:00,515.52,515.84,515.22,515.84,45252.0
2024-11-11T09:25:00+00:00,515.84,515.93,515.72,515.72,12982.0
2024-11-11T09:30:00+00:00,515.67,515.73,515.64,515.73,3668.0
2024-11-11T09:35:00+00:00,515.78,515.86,515.7,515.75,3848.0
2024-11-11T09:40:00+00:00,515.84,515.93,515.64,515.7,23225.0
2024-11-11T09:45:00+00:00,515.69,515.7,515.62,515.7,3343.0
2024-11-11T09:50:00+00:00,515.7,515.77,515.67,515.67,1849.0
2024-11-11T09:55:00+00:00,515.83,515.84,515.73,515.75,6644.0
2024-11-11T10:00:00+00:00,515.69,515.84,515.54,515.61,14891.0
2024-11-11T10:05:00+00:00,515.6,515.75,515.6,515.74,2834.0
2024-11-11T10:10:00+00:00,515.74,515.77,515.53,515.53,3793.0
2024-11-11T10:15:00+00:00,515.57,515.64,515.53,515.57,2251.0
2024-11-11T10:20:00+00:00,515.6,515.77,515.46,515.46,10324.0
2024-11-11T10:25:00+00:00,515.44,515.64,515.44,515.64,1231.0
2024-11-11T10:30:00+00:00,515.43,515.43,515.35,515.35,1484.0
2024-11-11T10:35:00+00:00,515.23,515.34,515.22,515.33,3236.0
2024-11-11T10:40:00+00:00,515.44,515.64,515.22,515.4,7054.0
2024-11-11T10:45:00+00:00,515.42,515.45,515.41,515.45,1077.0
2024-11-11T10:50:00+00:00,515.25,515.25,515.23,515.23,4124.0
2024-11-11T10:55:00+00:00,515.28,515.32,515.22,515.23,976.0
2024-11-11T11:00:00+00:00,515.42,515.45,515.1,515.1,7469.0
2024-11-11T11:05:00+00:00,515.05,515.05,515.0,515.0,4059.0
2024-11-11T11:10:00+00:00,515.21,515.23,515.11,515.22,5353.0
2024-11-11T11:15:00+00:00,515.29,515.29,515.11,515.26,2228.0
2024-11-11T11:20:00+00:00,515.05,515.31,515.0,515.16,12787.0
2024-11-11T11:25:00+00:00,515.1,515.39,515.1,515.39,6534.0
2024-11-11T11:30:00+00:00,515.3,515.3,515.3,515.3,466.0
2024-11-11T11:35:00+00:00,515.44,515.44,515.44,515.44,529.0
2024-11-11T11:40:00+00:00,515.1,515.49,515.1,515.49,7975.0
2024-11-11T11:45:00+00:00,515.26,515.26,515.26,515.26,548.0
2024-11-11T11:50:00+00:00,515.4,515.4,515.28,515.33,9297.0
2024-11-11T11:55:00+00:00,515.4,515.4,515.34,515.34,5397.0
2024-11-11T12:00:00+00:00,515.26,515.45,515.26,515.41,20135.0
2024-11-11T12:05:00+00:00,515.41,515.67,515.37,515.61,15554.0
2024-11-11T12:10:00+00:00,515.64,515.67,515.54,515.54,4674.0
2024-11-11T12:15:00+00:00,515.61,515.74,515.61,515.74,12145.0
2024-11-11T12:20:00+00:00,515.41,515.84,515.37,515.81,52006.0
2024-11-11T12:25:00+00:00,515.76,515.87,515.76,515.82,7797.0
2024-11-11T12:30:00+00:00,515.85,516.04,515.85,516.03,5993.0
2024-11-11T12:35:00+00:00,516.06,516.15,516.0,516.08,13152.0
2024-11-11T12:40:00+00:00,515.76,516.17,515.76,516.17,33029.0
2024-11-11T12:45:00+00:00,516.2,516.45,516.2,516.44,5399.0
2024-11-11T12:50:00+00:00,516.41,516.6,516.39,516.45,7293.0
2024-11-11T12:55:00+00:00,516.52,516.53,516.46,516.46,5325.0
2024-11-11T13:00:00+00:00,516.2,516.6,516.2,516.42,23592.0
2024-11-11T13:05:00+00:00,515.65,516.68,515.2204,516.659,58480.0
2024-11-11T13:10:00+00:00,516.5501,516.61,514.525,516.45,12353.0
2024-11-11T13:15:00+00:00,516.43,516.52,516.4,516.44,11239.0
2024-11-11T13:20:00+00:00,515.65,516.68,514.525,515.97,109403.0
2024-11-11T13:25:00+00:00,516.01,516.12,515.98,516.0,12093.0
2024-11-11T13:30:00+00:00,516.02,516.02,515.85,515.92,9665.0
2024-11-11T13:35:00+00:00,515.91,515.99,515.87,515.9318,7340.0
2024-11-11T13:40:00+00:00,516.01,516.12,515.61,515.84,48018.0
2024-11-11T13:45:00+00:00,515.78,515.83,515.71,515.77,8876.0
2024-11-11T13:50:00+00:00,515.75,515.88,515.58,515.66,10996.0
2024-11-11T13:55:00+00:00,515.6496,515.67,515.4612,515.55,15080.0
2024-11-11T14:00:00+00:00,515.78,515.88,515.4612,515.8,47168.0
2024-11-11T14:05:00+00:00,515.78,515.8,515.6,515.77,8982.0
2024-11-11T14:10:00+00:00,515.72,515.929,515.72,515.8201,13961.0
2024-11-11T14:15:00+00:00,515.81,515.81,515.36,515.48,44218.0
2024-11-11T14:20:00+00:00,515.78,515.929,515.36,515.57,92487.0
2024-11-11T14:25:00+00:00,515.61,515.66,515.5,515.61,7101.0
2024-11-11T14:30:00+00:00,515.59,515.6,515.341,515.3696,32420.0
2024-11-11T14:35:00+00:00,515.37,515.58,514.82,515.01,905359.0
2024-11-11T14:40:00+00:00,515.61,515.66,514.31,514.3335,1373584.0
2024-11-11T14:45:00+00:00,514.34,514.83,513.46,513.5699,660648.0
2024-11-11T14:50:00+00:00,513.56,513.75,513.1,513.2,676997.0
2024-11-11T14:55:00+00:00,513.23,513.34,512.83,512.975,407743.0
2024-11-11T15:00:00+00:00,514.34,514.83,512.43,512.6297,2210074.0
2024-11-11T15:05:00+00:00,512.64,512.77,512.33,512.36,606993.0
2024-11-11T15:10:00+00:00,512.34,512.99,512.24,512.91,356266.0
2024-11-11T15:15:00+00:00,512.91,513.49,512.79,513.12,409569.0
2024-11-11T15:20:00+00:00,512.64,513.49,512.24,513.0,1611613.0
2024-11-11T15:25:00+00:00,512.99,513.34,512.66,513.2996,228229.0
2024-11-11T15:30:00+00:00,513.27,513.44,512.9301,513.11,203980.0
2024-11-11T15:35:00+00:00,513.09,513.93,513.09,513.76,236936.0
2024-11-11T15:40:00+00:00,512.99,514.38,512.66,514.37,925454.0
2024-11-11T15:45:00+00:00,514.3501,514.43,513.36,513.45,422945.0
2024-11-11T15:50:00+00:00,513.48,513.71,513.24,513.69,263584.0
2024-11-11T15:55:00+00:00,513.72,513.9799,513.3616,513.9799,284502.0
2024-11-11T16:00:00+00:00,514.3501,514.43,513.24,513.92,1223230.0
2024-11-11T16:05:00+00:00,513.93,514.13,513.795,513.88,171983.0
2024-11-11T16:10:00+00:00,513.8799,513.99,513.47,513.94,173765.0
2024-11-11T16:15:00+00:00,513.9599,514.02,513.5801,513.855,105790.0
2024-11-11T16:20:00+00:00,513.93,514.13,513.47,514.07,672707.0
2024-11-11T16:25:00+00:00,514.05,514.1494,513.84,513.84,194184.0
2024-11-11T16:30:00+00:00,513.83,513.8412,513.38,513.5168,190035.0
2024-11-11T16:35:00+00:00,513.56,513.7504,513.27,513.4097,184056.0
2024-11-11T16:40:00+00:00,514.05,514.1494,513.27,513.8,831018.0
2024-11-11T16:45:00+00:00,513.81,513.81,513.22,513.46,139430.0
2024-11-11T16:50:00+00:00,513.45,513.58,513.24,513.4,109173.0
2024-11-11T16:55:00+00:00,513.4146,513.59,513.24,513.4,156286.0
2024-11-11T17:00:00+00:00,513.81,513.81,513.13,513.41,501039.0
2024-11-11T17:05:00+00:00,513.4099,513.68,513.28,513.36,155861.0
2024-11-11T17:10:00+00:00,513.329,513.44,513.15,513.255,140438.0
2024-11-11T17:15:00+00:00,513.3,513.32,512.85,513.04,268521.0
2024-11-11T17:20:00+00:00,513.4099,513.68,512.611,512.7,753682.0
2024-11-11T17:25:00+00:00,512.74,513.0799,512.56,512.68,185810.0
2024-11-11T17:30:00+00:00,512.65,512.7399,512.48,512.67,158112.0
2024-11-11T17:35:00+00:00,512.66,513.09,512.53,513.07,147846.0
2024-11-11T17:40:00+00:00,512.74,513.09,512.48,512.6397,620039.0
2024-11-11T17:45:00+00:00,512.66,512.76,512.4501,512.7299,147138.0
2024-11-11T17:50:00+00:00,512.73,512.73,512.3201,512.4019,196514.0
2024-11-11T17:55:00+00:00,512.42,512.85,512.31,512.7501,150448.0
2024-11-11T18:00:00+00:00,512.66,512.85,512.31,512.34,616230.0
2024-11-11T18:05:00+00:00,512.31,512.31,511.2775,511.69,503865.0
2024-11-11T18:10:00+00:00,511.71,511.7299,511.345,511.4803,325314.0
2024-11-11T18:15:00+00:00,511.49,511.65,511.1,511.64,390708.0
2024-11-11T18:20:00+00:00,512.31,512.31,511.1,511.365,1441944.0
2024-11-11T18:25:00+00:00,511.43,511.54,510.92,511.19,257955.0
2024-11-11T18:30:00+00:00,511.18,511.9888,511.14,511.94,164307.0
2024-11-11T18:35:00+00:00,511.92,512.08,511.87,512.0,182072.0
2024-11-11T18:40:00+00:00,511.43,512.39,510.92,512.31,755971.0
2024-11-11T18:45:00+00:00,512.3399,512.535,512.1901,512.37,120054.0
2024-11-11T18:50:00+00:00,512.37,512.8603,512.33,512.84,173044.0
2024-11-11T18:55:00+00:00,512.875,513.29,512.86,513.01,215486.0
2024-11-11T19:00:00+00:00,512.3399,513.29,512.1901,512.88,661956.0
2024-11-11T19:05:00+00:00,512.89,512.89,512.63,512.6899,131227.0
2024-11-11T19:10:00+00:00,512.7,512.95,512.63,512.82,179278.0
2024-11-11T19:15:00+00:00,512.85,512.85,512.48,512.6233,663736.0
2024-11-11T19:20:00+00:00,512.89,512.95,512.46,512.55,1177574.0
2024-11-11T19:25:00+00:00,512.54,512.685,512.47,512.49,115700.0
2024-11-11T19:30:00+00:00,512.49,512.6099,512.38,512.3901,90939.0
2024-11-11T19:35:00+00:00,512.41,512.7996,512.28,512.79,100500.0
2024-11-11T19:40:00+00:00,512.54,512.81,512.28,512.6699,381706.0
2024-11-11T19:45:00+00:00,512.67,512.77,512.56,512.65,155711.0
2024-11-11T19:50:00+00:00,512.66,512.755,512.46,512.74,162864.0
2024-11-11T19:55:00+00:00,512.75,512.75,512.44,512.49,108471.0
2024-11-11T20:00:00+00:00,512.67,512.77,512.44,512.735,634289.0
2024-11-11T20:05:00+00:00,512.735,512.84,512.61,512.76,120396.0
2024-11-11T20:10:00+00:00,512.76,513.12,512.76,513.12,743721.0
2024-11-11T20:15:00+00:00,513.11,513.33,512.97,513.23,221431.0
2024-11-11T20:20:00+00:00,512.735,513.33,512.61,513.2501,1317467.0
2024-11-11T20:25:00+00:00,513.26,513.34,513.08,513.2,344483.0
2024-11-11T20:30:00+00:00,513.19,513.22,513.01,513.185,153676.0
2024-11-11T20:35:00+00:00,513.1795,513.35,512.9601,513.32,289953.0
2024-11-11T20:40:00+00:00,513.26,513.5299,512.9601,513.515,1005200.0
2024-11-11T20:45:00+00:00,513.52,513.65,513.24,513.2901,373265.0
2024-11-11T20:50:00+00:00,513.295,513.3901,512.99,513.17,272010.0
2024-11-11T20:55:00+00:00,513.17,513.63,513.11,513.28,660968.0
2024-11-11T21:00:00+00:00,513.52,513.94,512.99,513.83,2391430.0
2024-11-11T21:05:00+00:00,513.85,513.96,513.54,513.86,152312.0
2024-11-11T21:10:00+00:00,513.86,514.14,513.79,514.14,183669.0
2024-11-11T21:15:00+00:00,514.11,514.12,513.55,513.61,715465.0
2024-11-11T21:20:00+00:00,513.85,514.14,513.3326,513.99,1260590.0
2024-11-11T21:25:00+00:00,513.99,514.0,513.3543,513.93,129411.0
2024-11-11T21:30:00+00:00,513.84,513.851,513.81,513.81,6351.0
2024-11-11T21:35:00+00:00,513.84,513.85,513.78,513.82,227559.0
2024-11-11T21:40:00+00:00,513.99,514.0,513.3543,513.9,368649.0
2024-11-11T21:45:00+00:00,513.88,513.91,513.88,513.88,8333.0
2024-11-11T21:50:00+00:00,513.91,513.92,513.8,513.81,7977.0
2024-11-11T21:55:00+00:00,513.84,513.91,513.84,513.85,6488.0
2024-11-11T22:00:00+00:00,513.88,513.92,513.5701,513.5701,33205.0
2024-11-11T22:05:00+00:00,513.59,513.84,513.55,513.7,155416.0
2024-11-11T22:10:00+00:00,513.7499,513.7572,513.69,513.69,1167.0
2024-11-11T22:15:00+00:00,513.76,513.82,513.74,513.75,4977.0
2024-11-11T22:20:00+00:00,513.59,513.84,513.55,513.66,162933.0
2024-11-11T22:25:00+00:00,513.6492,513.6492,513.62,513.62,891.0
2024-11-11T22:30:00+00:00,513.61,513.76,513.61,513.76,6149.0
2024-11-11T22:35:00+00:00,513.6199,513.62,513.6199,513.62,1411.0
2024-11-11T22:40:00+00:00,513.6492,513.76,513.61,513.61,9582.0
2024-11-11T22:45:00+00:00,513.59,513.62,513.59,513.62,1116.0
2024-11-11T22:50:00+00:00,513.61,513.75,513.61,513.75,2905.0
2024-11-11T22:55:00+00:00,513.6,513.74,513.6,513.6501,1063.0
2024-11-11T23:00:00+00:00,513.59,513.76,513.59,513.76,5212.0
2024-11-11T23:05:00+00:00,513.7,513.7,513.46,513.5,9596.0
2024-11-11T23:10:00+00:00,513.51,513.651,513.51,513.6408,1246.0
2024-11-11T23:15:00+00:00,513.61,513.6509,513.57,513.57,4032.0
2024-11-11T23:20:00+00:00,513.7,513.7,513.46,513.57,14874.0
2024-11-11T23:25:00+00:00,513.7,513.749,513.659,513.721,1224.0
2024-11-11T23:30:00+00:00,513.7,513.7,513.7,513.7,228.0
2024-11-11T23:35:00+00:00,513.76,513.7898,513.72,513.72,1363.0
2024-11-11T23:40:00+00:00,513.7,513.7898,513.431,513.51,4778.0
2024-11-11T23:45:00+00:00,513.46,513.6,513.46,513.6,422.0
2024-11-11T23:50:00+00:00,513.59,513.59,513.46,513.48,991.0
2024-11-11T23:55:00+00:00,513.63,513.66,513.63,513.66,658.0
2024-11-12T00:00:00+00:00,513.46,513.76,513.46,513.76,2792.0
2024-11-12T00:05:00+00:00,513.7,513.79,513.7,513.76,961.0
2024-11-12T00:10:00+00:00,513.82,513.82,513.76,513.76,3344.0
2024-11-12T00:15:00+00:00,513.6,513.81,513.6,513.8,2453.0
2024-11-12T00:20:00+00:00,513.7,513.82,513.6,513.7,8582.0
2024-11-12T00:25:00+00:00,513.64,513.64,513.41,513.5102,2028.0
2024-11-12T00:30:00+00:00,513.56,513.6,513.54,513.6,1666.0
2024-11-12T00:35:00+00:00,513.6,513.6,513.35,513.35,1468.0
2024-11-12T00:40:00+00:00,513.64,513.64,513.35,513.4,16042.0
2024-11-12T00:45:00+00:00,513.38,513.41,513.346,513.37,2259.0
2024-11-12T00:50:00+00:00,513.38,513.4978,513.38,513.4978,1309.0
2024-11-12T00:55:00+00:00,513.47,513.62,513.47,513.62,1289.0
2024-11-12T01:00:00+00:00,513.38,513.68,513.346,513.68,42152.0
2024-11-12T09:05:00+00:00,514.12,514.12,513.67,513.68,19005.0
2024-11-12T09:10:00+00:00,513.8,513.8,513.25,513.25,9767.0
2024-11-12T09:15:00+00:00,513.22,513.39,513.21,513.38,8805.0
2024-11-12T09:20:00+00:00,514.12,514.12,513.21,513.53,44498.0
2024-11-12T09:25:00+00:00,513.52,513.68,513.52,513.58,3043.0
2024-11-12T09:30:00+00:00,513.51,513.7,513.5,513.7,4060.0
2024-11-12T09:35:00+00:00,513.54,513.85,513.49,513.79,6585.0
2024-11-12T09:40:00+00:00,513.52,513.85,513.46,513.48,15915.0
2024-11-12T09:45:00+00:00,513.4,513.59,513.31,513.41,7411.0
2024-11-12T09:50:00+00:00,513.32,513.35,513.18,513.27,2438.0
2024-11-12T09:55:00+00:00,513.0,513.25,513.0,513.24,2545.0
2024-11-12T10:00:00+00:00,513.4,513.59,513.0,513.05,14137.0
2024-11-12T10:05:00+00:00,512.92,512.93,512.35,512.39,33720.0
2024-11-12T10:10:00+00:00,512.52,512.84,512.45,512.79,9386.0
2024-11-12T10:15:00+00:00,512.66,512.67,512.48,512.56,7078.0
2024-11-12T10:20:00+00:00,512.92,512.93,512.35,512.53,64456.0
2024-11-12T10:25:00+00:00,512.52,512.68,512.05,512.06,11432.0
2024-11-12T10:30:00+00:00,512.12,512.13,511.76,511.85,13093.0
2024-11-12T10:35:00+00:00,511.93,512.14,511.9,511.92,14479.0
2024-11-12T10:40:00+00:00,512.52,512.68,511.76,512.15,52967.0
2024-11-12T10:45:00+00:00,512.12,512.56,512.08,512.56,22025.0
2024-11-12T10:50:00+00:00,512.41,512.44,512.18,512.27,29115.0
2024-11-12T10:55:00+00:00,512.26,512.7,512.21,512.7,8514.0
2024-11-12T11:00:00+00:00,512.12,512.7,512.08,512.68,63181.0
2024-11-12T11:05:00+00:00,512.66,512.81,512.66,512.81,2829.0
2024-11-12T11:10:00+00:00,512.96,512.96,512.76,512.76,5865.0
2024-11-12T11:15:00+00:00,512.82,513.11,512.82,513.11,6514.0
2024-11-12T11:20:00+00:00,512.66,513.13,512.66,512.9,27885.0
2024-11-12T11:25:00+00:00,512.99,513.04,512.91,512.96,7882.0
2024-11-12T11:30:00+00:00,512.97,512.97,512.81,512.86,3895.0
2024-11-12T11:35:00+00:00,513.0,513.17,513.0,513.17,2005.0
2024-11-12T11:40:00+00:00,512.99,513.17,512.81,513.15,29722.0
2024-11-12T11:45:00+00:00,513.14,513.14,512.86,512.86,1420.0
2024-11-12T11:50:00+00:00,512.78,512.88,512.62,512.77,24662.0
2024-11-12T11:55:00+00:00,512.84,512.95,512.64,512.64,10109.0
2024-11-12T12:00:00+00:00,513.14,513.14,512.57,512.77,54987.0
2024-11-12T12:05:00+00:00,512.78,513.3,512.78,513.3,26863.0
2024-11-12T12:10:00+00:00,513.32,513.5,513.32,513.5,20262.0
2024-11-12T12:15:00+00:00,513.49,513.54,513.37,513.43,9438.0
2024-11-12T12:20:00+00:00,512.78,513.54,512.78,513.195,63359.0
2024-11-12T12:25:00+00:00,513.15,513.38,513.08,513.32,28904.0
2024-11-12T12:30:00+00:00,513.24,513.25,513.08,513.09,5274.0
2024-11-12T12:35:00+00:00,513.1,513.1,512.9,512.95,6549.0
2024-11-12T12:40:00+00:00,513.15,513.38,512.9,513.1,42957.0
2024-11-12T12:45:00+00:00,513.25,513.53,513.25,513.47,15440.0
2024-11-12T12:50:00+00:00,513.46,513.65,513.46,513.65,5648.0
2024-11-12T12:55:00+00:00,513.58,513.58,513.26,513.26,5397.0
2024-11-12T13:00:00+00:00,513.25,513.65,513.12,513.191,36263.0
2024-11-12T13:05:00+00:00,513.2496,514.18,511.7796,513.02,56639.0
2024-11-12T13:10:00+00:00,513.01,513.32,513.01,513.29,7365.0
2024-11-12T13:15:00+00:00,513.34,513.4,513.22,513.33,5131.0
2024-11-12T13:20:00+00:00,513.2496,514.18,511.7796,513.42,73069.0
2024-11-12T13:25:00+00:00,513.4808,513.81,513.4808,513.6,19836.0
2024-11-12T13:30:00+00:00,513.54,513.68,513.49,513.55,24108.0
2024-11-12T13:35:00+00:00,513.5,513.71,513.42,513.71,17967.0
2024-11-12T13:40:00+00:00,513.4808,513.83,513.42,513.71,76298.0
2024-11-12T13:45:00+00:00,513.73,513.75,513.51,513.74,18621.0
2024-11-12T13:50:00+00:00,513.77,514.12,513.77,514.09,24897.0
2024-11-12T13:55:00+00:00,514.05,514.15,513.86,513.86,12802.0
2024-11-12T14:00:00+00:00,513.73,514.15,513.51,513.91,74170.0
2024-11-12T14:05:00+00:00,513.95,514.01,513.64,513.7,18229.0
2024-11-12T14:10:00+00:00,513.71,513.78,513.61,513.62,19284.0
2024-11-12T14:15:00+00:00,513.62,513.66,513.4,513.54,29525.0
2024-11-12T14:20:00+00:00,513.95,514.01,513.35,513.41,80972.0
2024-11-12T14:25:00+00:00,513.4399,513.65,513.39,513.62,6804.0
2024-11-12T14:30:00+00:00,513.41,513.7499,513.34,513.7499,29920.0
2024-11-12T14:35:00+00:00,513.77,513.91,512.93,513.645,550573.0
2024-11-12T14:40:00+00:00,513.4399,514.41,512.93,514.04,1025107.0
2024-11-12T14:45:00+00:00,514.03,514.24,513.54,513.73,369147.0
2024-11-12T14:50:00+00:00,513.715,513.94,513.4238,513.9009,215910.0
2024-11-12T14:55:00+00:00,513.88,514.43,513.76,514.09,217666.0
2024-11-12T15:00:00+00:00,514.03,514.66,513.4238,514.29,1252240.0
2024-11-12T15:05:00+00:00,514.28,514.42,513.15,513.17,366856.0
2024-11-12T15:10:00+00:00,513.2,513.48,512.9,513.4084,371552.0
2024-11-12T15:15:00+00:00,513.37,514.22,513.36,513.81,297412.0
2024-11-12T15:20:00+00:00,514.28,514.42,512.9,513.53,1239421.0
2024-11-12T15:25:00+00:00,513.54,513.82,513.33,513.7,168772.0
2024-11-12T15:30:00+00:00,513.71,514.07,513.58,513.75,206158.0
2024-11-12T15:35:00+00:00,513.76,514.14,513.6025,514.04,195030.0
2024-11-12T15:40:00+00:00,513.54,514.22,513.33,513.77,738078.0
2024-11-12T15:45:00+00:00,513.77,513.945,513.485,513.485,153738.0
2024-11-12T15:50:00+00:00,513.46,513.99,513.36,513.81,287572.0
2024-11-12T15:55:00+00:00,513.83,513.975,513.31,513.34,168058.0
2024-11-12T16:00:00+00:00,513.77,513.99,512.8237,512.9799,960813.0
2024-11-12T16:05:00+00:00,512.96,513.47,512.95,513.3808,182792.0
2024-11-12T16:10:00+00:00,513.38,513.38,512.9004,512.9299,133727.0
2024-11-12T16:15:00+00:00,512.95,513.045,512.51,512.67,331253.0
2024-11-12T16:20:00+00:00,512.96,513.47,512.51,513.27,931802.0
2024-11-12T16:25:00+00:00,513.29,513.35,512.55,512.61,158837.0
2024-11-12T16:30:00+00:00,512.63,513.02,512.57,512.8601,251558.0
2024-11-12T16:35:00+00:00,512.8734,513.08,512.76,512.84,119129.0
2024-11-12T16:40:00+00:00,513.29,513.35,512.25,512.34,700160.0
2024-11-12T16:45:00+00:00,512.33,512.62,512.25,512.27,173741.0
2024-11-12T16:50:00+00:00,512.26,512.4599,512.015,512.02,216959.0
2024-11-12T16:55:00+00:00,512.02,513.18,511.98,513.01,450842.0
2024-11-12T17:00:00+00:00,512.33,513.18,511.98,512.245,1007615.0
2024-11-12T17:05:00+00:00,512.23,512.56,512.02,512.5468,229357.0
2024-11-12T17:10:00+00:00,512.52,512.6,512.13,512.23,277216.0
2024-11-12T17:15:00+00:00,512.245,512.37,511.87,512.05,180176.0
2024-11-12T17:20:00+00:00,512.23,512.6,511.87,512.0841,867790.0
2024-11-12T17:25:00+00:00,512.06,512.06,511.69,511.9,258133.0
2024-11-12T17:30:00+00:00,511.92,512.43,511.92,512.3325,245772.0
2024-11-12T17:35:00+00:00,512.325,512.54,512.25,512.41,131842.0
2024-11-12T17:40:00+00:00,512.06,512.6,511.69,512.33,744199.0
2024-11-12T17:45:00+00:00,512.2896,512.37,511.82,511.87,147331.0
2024-11-12T17:50:00+00:00,511.8999,511.99,511.5,511.5401,370756.0
2024-11-12T17:55:00+00:00,511.551,511.66,511.21,511.43,213993.0
2024-11-12T18:00:00+00:00,512.2896,512.37,510.1,510.1,1135759.0
2024-11-12T18:05:00+00:00,510.08,510.71,509.83,510.23,442899.0
2024-11-12T18:10:00+00:00,510.21,510.5,510.02,510.47,384579.0
2024-11-12T18:15:00+00:00,510.4724,511.06,510.4596,511.02,366487.0
2024-11-12T18:20:00+00:00,510.08,511.722,509.83,511.59,1924483.0
2024-11-12T18:25:00+00:00,511.59,511.66,510.96,511.2484,244273.0
2024-11-12T18:30:00+00:00,511.24,511.51,511.11,511.43,152883.0
2024-11-12T18:35:00+00:00,511.38,512.11,511.38,512.05,227021.0
2024-11-12T18:40:00+00:00,511.59,512.54,510.96,512.0299,857575.0
2024-11-12T18:45:00+00:00,512.01,512.48,512.01,512.41,260535.0
2024-11-12T18:50:00+00:00,512.42,512.5699,512.25,512.3,91558.0
2024-11-12T18:55:00+00:00,512.29,512.66,512.28,512.6579,200030.0
2024-11-12T19:00:00+00:00,512.01,513.275,512.01,512.88,879231.0
2024-11-12T19:05:00+00:00,512.87,513.02,512.74,512.94,137834.0
2024-11-12T19:10:00+00:00,512.94,513.1599,512.81,512.95,267342.0
2024-11-12T19:15:00+00:00,512.94,513.01,512.74,512.96,287013.0
2024-11-12T19:20:00+00:00,512.87,513.1599,512.74,513.055,831214.0
2024-11-12T19:25:00+00:00,513.08,513.46,512.98,513.29,141620.0
2024-11-12T19:30:00+00:00,513.31,513.41,512.9703,513.08,253642.0
2024-11-12T19:35:00+00:00,513.11,513.26,512.99,513.26,93647.0
2024-11-12T19:40:00+00:00,513.08,513.56,512.9703,513.2708,708751.0
2024-11-12T19:45:00+00:00,513.27,513.58,513.19,513.3422,305936.0
2024-11-12T19:50:00+00:00,513.35,513.4,513.16,513.25,113247.0
2024-11-12T19:55:00+00:00,513.22,513.3312,513.09,513.12,344596.0
2024-11-12T20:00:00+00:00,513.27,513.58,512.87,513.0,914033.0
2024-11-12T20:05:00+00:00,513.02,513.22,512.9001,513.1,113869.0
2024-11-12T20:10:00+00:00,513.09,513.29,512.88,513.07,206225.0
2024-11-12T20:15:00+00:00,513.08,513.15,512.85,512.85,158291.0
2024-11-12T20:20:00+00:00,513.02,513.29,512.58,512.9,713541.0
2024-11-12T20:25:00+00:00,512.91,513.05,512.75,513.05,281179.0
2024-11-12T20:30:00+00:00,513.05,513.1,512.7301,512.94,509997.0
2024-11-12T20:35:00+00:00,512.9,513.0,512.79,512.86,790833.0
2024-11-12T20:40:00+00:00,512.91,513.19,512.72,513.1,1820094.0
2024-11-12T20:45:00+00:00,513.09,513.42,513.03,513.355,306134.0
2024-11-12T20:50:00+00:00,513.35,513.44,513.0,513.23,496260.0
2024-11-12T20:55:00+00:00,513.235,513.235,512.5107,513.0001,523997.0
2024-11-12T21:00:00+00:00,513.09,513.44,512.5107,512.91,2960033.0
2024-11-12T21:05:00+00:00,512.94,513.18,512.87,513.18,158569.0
2024-11-12T21:10:00+00:00,513.17,513.23,513.09,513.171,68398.0
2024-11-12T21:15:00+00:00,513.18,513.28,513.09,513.15,1417108.0
2024-11-12T21:20:00+00:00,512.94,513.28,512.87,513.06,1644685.0
2024-11-12T21:25:00+00:00,513.1,513.15,513.0,513.15,55331.0
2024-11-12T21:30:00+00:00,513.1,513.19,513.1,513.17,21846.0
2024-11-12T21:35:00+00:00,513.11,513.2,513.11,513.16,108268.0
2024-11-12T21:40:00+00:00,513.1,513.2,512.91,513.05,193690.0
2024-11-12T21:45:00+00:00,513.01,513.01,512.95,512.9896,14743.0
2024-11-12T21:50:00+00:00,512.96,513.03,512.96,512.98,6125.0
2024-11-12T21:55:00+00:00,512.98,512.98,512.88,512.9,17835.0
2024-11-12T22:00:00+00:00,513.01,513.03,512.76,512.76,128256.0
2024-11-12T22:05:00+00:00,512.81,512.85,512.81,512.85,15023.0
2024-11-12T22:10:00+00:00,512.84,512.9,512.83,512.87,13286.0
2024-11-12T22:15:00+00:00,512.89,512.94,512.87,512.93,9207.0
2024-11-12T22:20:00+00:00,512.81,513.02,512.81,513.02,41847.0
2024-11-12T22:25:00+00:00,513.07,513.08,513.03,513.03,2158.0
2024-11-12T22:30:00+00:00,513.06,513.06,512.99,513.06,2330.0
2024-11-12T22:35:00+00:00,513.0,513.0,512.69,512.69,11692.0
2024-11-12T22:40:00+00:00,513.07,513.08,512.69,512.8,16454.0
2024-11-12T22:45:00+00:00,512.8,512.8,512.8,512.8,3437.0
2024-11-12T22:50:00+00:00,512.7243,512.7243,512.7243,512.7243,188.0
2024-11-12T23:00:00+00:00,512.8,512.8,512.7243,512.75,3959.0
2024-11-12T23:05:00+00:00,512.69,512.69,512.29,512.33,8941.0
2024-11-12T23:10:00+00:00,512.32,512.51,512.32,512.5,33787.0
2024-11-12T23:15:00+00:00,512.52,512.52,512.27,512.35,23335.0
2024-11-12T23:20:00+00:00,512.69,512.69,512.27,512.301,66600.0
2024-11-12T23:25:00+00:00,512.52,512.52,512.3001,512.3001,889.0
2024-11-12T23:30:00+00:00,512.34,512.37,512.1,512.11,8292.0
2024-11-12T23:35:00+00:00,512.18,512.24,512.021,512.08,8944.0
2024-11-12T23:40:00+00:00,512.52,512.52,511.97,512.04,22616.0
2024-11-12T23:45:00+00:00,512.21,512.22,512.0908,512.22,3826.0
2024-11-12T23:50:00+00:00,512.25,512.25,512.2083,512.22,2014.0
2024-11-12T23:55:00+00:00,512.19,512.27,512.17,512.27,3555.0
2024-11-13T00:00:00+00:00,512.21,512.38,512.0908,512.38,14936.0
2024-11-13T00:05:00+00:00,512.3698,512.3698,512.2,512.21,1869.0
2024-11-13T00:10:00+00:00,512.16,512.16,512.13,512.15,963.0
2024-11-13T00:15:00+00:00,512.1,512.17,512.02,512.06,7890.0
2024-11-13T00:20:00+00:00,512.3698,512.3698,511.86,511.95,17455.0
2024-11-13T00:25:00+00:00,511.98,512.02,511.97,511.98,1720.0
2024-11-13T00:30:00+00:00,511.94,511.98,511.9,511.9,3076.0
2024-11-13T00:35:00+00:00,512.05,512.12,512.05,512.12,1411.0
2024-11-13T00:40:00+00:00,511.98,512.12,511.9,511.9799,8499.0
2024-11-13T00:45:00+00:00,511.9493,512.07,511.9493,512.06,857.0
2024-11-13T00:50:00+00:00,512.08,512.15,512.08,512.15,2714.0
2024-11-13T00:55:00+00:00,512.15,512.21,512.02,512.02,2922.0
2024-11-13T01:00:00+00:00,511.9493,512.21,511.9493,512.0095,8032.0
2024-11-13T09:05:00+00:00,512.82,512.83,512.63,512.64,4075.0
2024-11-13T09:10:00+00:00,512.79,512.9,512.79,512.8,2767.0
2024-11-13T09:15:00+00:00,512.8,512.82,512.67,512.7,3503.0
2024-11-13T09:20:00+00:00,512.82,512.9,512.57,512.57,19150.0
2024-11-13T09:25:00+00:00,512.51,512.57,512.51,512.57,5915.0
2024-11-13T09:35:00+00:00,512.67,512.67,512.63,512.63,651.0
2024-11-13T09:40:00+00:00,512.51,512.68,512.51,512.68,7372.0
2024-11-13T09:45:00+00:00,512.73,512.76,512.73,512.76,1561.0
2024-11-13T09:50:00+00:00,512.7,512.7,512.63,512.67,1407.0
2024-11-13T09:55:00+00:00,512.85,512.9,512.85,512.9,703.0
2024-11-13T10:00:00+00:00,512.73,512.9,512.63,512.68,4379.0
2024-11-13T10:05:00+00:00,512.87,512.92,512.71,512.78,21404.0
2024-11-13T10:10:00+00:00,512.77,512.77,512.77,512.77,1021.0
2024-11-13T10:15:00+00:00,512.61,512.61,512.51,512.51,2101.0
2024-11-13T10:20:00+00:00,512.87,512.92,512.44,512.44,27481.0
2024-11-13T10:25:00+00:00,512.44,512.44,512.43,512.43,354.0
2024-11-13T10:30:00+00:00,512.38,512.38,512.38,512.38,288.0
2024-11-13T10:35:00+00:00,512.31,512.5,512.31,512.5,4550.0
2024-11-13T10:40:00+00:00,512.44,512.5,512.31,512.4,6221.0
2024-11-13T10:45:00+00:00,512.42,512.42,512.21,512.22,3596.0
2024-11-13T10:55:00+00:00,512.28,512.28,512.28,512.28,238.0
2024-11-13T11:00:00+00:00,512.42,512.42,512.21,512.34,7497.0
2024-11-13T11:05:00+00:00,512.17,512.17,512.17,512.17,184.0
2024-11-13T11:10:00+00:00,512.03,512.03,511.9,511.94,2070.0
2024-11-13T11:15:00+00:00,511.95,512.03,511.95,512.0,3405.0
2024-11-13T11:20:00+00:00,512.17,512.17,511.9,512.11,11249.0
2024-11-13T11:25:00+00:00,512.14,512.19,512.12,512.12,4257.0
2024-11-13T11:30:00+00:00,512.03,512.03,512.01,512.01,666.0
2024-11-13T11:35:00+00:00,512.0,512.0,511.9,511.9,468.0
2024-11-13T11:40:00+00:00,512.14,512.19,511.8,511.86,7769.0
2024-11-13T11:45:00+00:00,511.7,511.7,511.7,511.7,123.0
2024-11-13T11:50:00+00:00,511.7,511.76,511.7,511.73,1306.0
2024-11-13T11:55:00+00:00,511.82,511.82,511.75,511.75,6541.0
2024-11-13T12:00:00+00:00,511.7,511.82,511.62,511.67,13329.0
2024-11-13T12:05:00+00:00,511.66,511.9,511.55,511.9,6397.0
2024-11-13T12:10:00+00:00,511.9,511.95,511.66,511.66,7329.0
2024-11-13T12:15:00+00:00,511.73,511.77,511.62,511.64,1432.0
2024-11-13T12:20:00+00:00,511.66,512.001,511.55,511.97,21866.0
2024-11-13T12:25:00+00:00,511.98,512.29,511.96,512.23,8163.0
2024-11-13T12:30:00+00:00,512.23,512.35,512.17,512.21,27060.0
2024-11-13T12:35:00+00:00,512.21,512.21,512.06,512.19,3918.0
2024-11-13T12:40:00+00:00,511.98,512.35,511.8,511.809,44137.0
2024-11-13T12:45:00+00:00,511.79,511.95,511.78,511.78,1800.0
2024-11-13T12:50:00+00:00,511.8,511.8,511.42,511.59,14212.0
2024-11-13T12:55:00+00:00,511.59,511.8,511.59,511.76,5225.0
2024-11-13T13:00:00+00:00,511.79,511.95,511.42,511.76,26541.0
2024-11-13T13:05:00+00:00,511.72,513.284,511.15,511.55,52934.0
2024-11-13T13:10:00+00:00,511.51,511.83,511.5,511.73,27710.0
2024-11-13T13:15:00+00:00,511.83,511.89,511.78,511.78,4392.0
2024-11-13T13:20:00+00:00,511.72,513.284,511.15,511.75,95092.0
2024-11-13T13:25:00+00:00,511.76,511.99,511.68,511.99,58518.0
2024-11-13T13:30:00+00:00,511.94,512.16,511.87,512.1,28451.0
2024-11-13T13:35:00+00:00,512.02,513.93,511.98,513.59,169146.0
2024-11-13T13:40:00+00:00,511.76,514.0,511.68,513.75,311703.0
2024-11-13T13:45:00+00:00,513.76,514.45,513.7,514.17,62942.0
2024-11-13T13:50:00+00:00,514.18,514.2401,513.45,513.55,39348.0
2024-11-13T13:55:00+00:00,513.52,513.65,513.2,513.2,27826.0
2024-11-13T14:00:00+00:00,513.76,514.45,512.8,512.8,164780.0
2024-11-13T14:05:00+00:00,512.79,512.93,512.5899,512.84,48541.0
2024-11-13T14:10:00+00:00,512.94,513.35,512.94,512.96,27153.0
2024-11-13T14:15:00+00:00,512.88,512.97,512.41,512.79,53526.0
2024-11-13T14:20:00+00:00,512.79,513.35,512.41,513.0013,143714.0
2024-11-13T14:25:00+00:00,513.02,513.15,512.96,513.15,9658.0
2024-11-13T14:30:00+00:00,513.1,513.11,512.41,512.41,42733.0
2024-11-13T14:35:00+00:00,512.4,512.9,512.2343,512.72,656181.0
2024-11-13T14:40:00+00:00,513.02,513.15,512.02,512.128,1037715.0
2024-11-13T14:45:00+00:00,512.135,512.91,511.95,512.8989,368057.0
2024-11-13T14:50:00+00:00,512.87,512.87,511.66,511.7,413763.0
2024-11-13T14:55:00+00:00,511.72,512.44,511.51,512.14,306258.0
2024-11-13T15:00:00+00:00,512.135,512.91,511.51,511.96,1317934.0
2024-11-13T15:05:00+00:00,511.89,511.91,511.02,511.1801,325732.0
2024-11-13T15:10:00+00:00,511.22,511.28,509.95,510.78,742881.0
2024-11-13T15:15:00+00:00,510.77,511.5208,510.655,510.83,323603.0
2024-11-13T15:20:00+00:00,511.89,511.91,509.95,510.93,1532759.0
2024-11-13T15:25:00+00:00,510.97,511.21,510.49,510.99,155074.0
2024-11-13T15:30:00+00:00,510.9601,511.185,510.57,510.98,297215.0
2024-11-13T15:35:00+00:00,510.98,511.93,510.8634,511.69,336360.0
2024-11-13T15:40:00+00:00,510.97,511.93,510.49,511.3213,1017577.0
2024-11-13T15:45:00+00:00,511.27,511.63,510.6425,511.59,220585.0
2024-11-13T15:50:00+00:00,511.55,511.7,511.01,511.18,130741.0
2024-11-13T15:55:00+00:00,511.1101,511.38,510.85,511.21,365279.0
2024-11-13T16:00:00+00:00,511.27,511.7,510.6425,511.36,852639.0
2024-11-13T16:05:00+00:00,511.37,511.53,511.12,511.14,94416.0
2024-11-13T16:10:00+00:00,511.07,511.6188,510.77,511.5,105015.0
2024-11-13T16:15:00+00:00,511.5,511.75,511.29,511.61,128099.0
2024-11-13T16:20:00+00:00,511.37,511.84,510.77,511.785,483206.0
2024-11-13T16:25:00+00:00,511.8,512.14,511.4401,511.7501,186140.0
2024-11-13T16:30:00+00:00,511.77,512.53,511.77,512.2828,168188.0
2024-11-13T16:35:00+00:00,512.26,512.62,512.095,512.34,165488.0
2024-11-13T16:40:00+00:00,511.8,512.62,511.4401,511.8204,861525.0
2024-11-13T16:45:00+00:00,511.8399,511.92,511.025,511.24,178298.0
2024-11-13T16:50:00+00:00,511.22,512.4144,511.22,512.4144,173341.0
2024-11-13T16:55:00+00:00,512.3996,512.78,512.18,512.72,181665.0
2024-11-13T17:00:00+00:00,511.8399,512.79,511.025,512.52,791870.0
2024-11-13T17:05:00+00:00,512.52,512.7499,512.35,512.52,129458.0
2024-11-13T17:10:00+00:00,512.52,513.32,512.4702,512.94,371426.0
2024-11-13T17:15:00+00:00,512.94,513.35,512.93,513.25,311802.0
2024-11-13T17:20:00+00:00,512.52,513.7,512.35,513.17,1028588.0
2024-11-13T17:25:00+00:00,513.18,513.2855,512.66,512.9,183744.0
2024-11-13T17:30:00+00:00,512.94,513.3,512.9101,513.0518,181931.0
2024-11-13T17:35:00+00:00,513.07,513.16,512.84,512.97,163614.0
2024-11-13T17:40:00+00:00,513.18,513.3,512.66,513.2,651446.0
2024-11-13T17:45:00+00:00,513.24,513.38,512.64,512.72,140656.0
2024-11-13T17:50:00+00:00,512.76,513.54,512.715,513.3801,224861.0
2024-11-13T17:55:00+00:00,513.42,513.845,513.42,513.7901,185806.0
2024-11-13T18:00:00+00:00,513.24,514.11,512.64,514.015,806750.0
2024-11-13T18:05:00+00:00,514.04,514.23,513.86,514.17,127331.0
2024-11-13T18:10:00+00:00,514.14,514.21,513.88,514.0,314536.0
2024-11-13T18:15:00+00:00,513.99,514.19,513.7299,513.88,411221.0
2024-11-13T18:20:00+00:00,514.04,514.23,513.58,513.8509,960058.0
2024-11-13T18:25:00+00:00,513.9,514.12,513.77,514.0,83628.0
2024-11-13T18:30:00+00:00,514.04,514.0668,513.9,514.03,74435.0
2024-11-13T18:35:00+00:00,514.01,514.26,513.99,514.15,86478.0
2024-11-13T18:40:00+00:00,513.9,514.3,513.77,514.06,332354.0
2024-11-13T18:45:00+00:00,514.07,514.19,513.85,514.1701,174313.0
2024-11-13T18:50:00+00:00,514.2,514.81,514.07,514.762,767171.0
2024-11-13T18:55:00+00:00,514.76,514.9194,514.61,514.86,288493.0
2024-11-13T19:00:00+00:00,514.07,514.98,513.85,514.7,1427472.0
2024-11-13T19:05:00+00:00,514.72,514.72,514.26,514.37,144331.0
2024-11-13T19:10:00+00:00,514.34,514.46,513.99,514.05,263400.0
2024-11-13T19:15:00+00:00,514.01,514.34,513.8301,514.09,220206.0
2024-11-13T19:20:00+00:00,514.72,514.72,513.33,513.52,799797.0
2024-11-13T19:25:00+00:00,513.52,514.13,513.32,513.95,252988.0
2024-11-13T19:30:00+00:00,513.97,514.03,513.43,513.51,181949.0
2024-11-13T19:35:00+00:00,513.5095,513.69,513.06,513.43,248530.0
2024-11-13T19:40:00+00:00,513.52,514.13,512.98,513.01,1072906.0
2024-11-13T19:45:00+00:00,512.93,513.0,512.55,512.6,235044.0
2024-11-13T19:50:00+00:00,512.6,512.99,512.542,512.82,217682.0
2024-11-13T19:55:00+00:00,512.82,513.2972,512.74,513.16,186141.0
2024-11-13T20:00:00+00:00,512.93,513.2972,512.542,512.88,801354.0
2024-11-13T20:05:00+00:00,512.84,512.92,512.21,512.41,185454.0
2024-11-13T20:10:00+00:00,512.39,512.8073,512.1201,512.805,258154.0
2024-11-13T20:15:00+00:00,512.79,513.13,512.64,513.05,247280.0
2024-11-13T20:20:00+00:00,512.84,513.26,512.1201,513.2299,891589.0
2024-11-13T20:25:00+00:00,513.24,513.47,512.92,512.96,173249.0
2024-11-13T20:30:00+00:00,513.01,513.097,512.6934,512.83,128886.0
2024-11-13T20:35:00+00:00,512.82,513.365,512.51,513.365,431154.0
2024-11-13T20:40:00+00:00,513.24,513.7799,512.51,513.52,1111521.0
2024-11-13T20:45:00+00:00,513.53,513.78,513.379,513.43,210146.0
2024-11-13T20:50:00+00:00,513.45,513.63,512.9401,513.11,282797.0
2024-11-13T20:55:00+00:00,513.08,513.11,511.77,511.77,632048.0
2024-11-13T21:00:00+00:00,513.53,513.78,511.45,512.27,2927778.0
2024-11-13T21:05:00+00:00,512.3,513.46,512.14,512.29,235403.0
2024-11-13T21:10:00+00:00,512.27,512.79,512.25,512.52,122151.0
2024-11-13T21:15:00+00:00,512.55,512.7,512.46,512.67,1303126.0
2024-11-13T21:20:00+00:00,512.3,513.46,512.14,512.59,1805521.0
2024-11-13T21:25:00+00:00,512.65,512.69,512.5,512.6,61339.0
2024-11-13T21:30:00+00:00,512.57,512.6784,512.54,512.6,13545.0
2024-11-13T21:35:00+00:00,512.59,512.7,512.59,512.7,2514.0
2024-11-13T21:40:00+00:00,512.65,512.91,512.5,512.7801,96354.0
2024-11-13T21:45:00+00:00,512.81,512.8296,512.77,512.77,14776.0
2024-11-13T21:50:00+00:00,512.75,512.76,512.48,512.48,8897.0
2024-11-13T21:55:00+00:00,512.46,512.49,512.25,512.25,7237.0
2024-11-13T22:00:00+00:00,512.81,512.8296,512.25,512.48,35976.0
2024-11-13T22:05:00+00:00,512.4,512.43,512.25,512.2801,26844.0
2024-11-13T22:10:00+00:00,512.28,512.34,512.28,512.34,915.0
2024-11-13T22:15:00+00:00,512.32,512.34,512.3,512.3,1349.0
2024-11-13T22:20:00+00:00,512.4,512.43,512.25,512.34,29752.0
2024-11-13T22:25:00+00:00,512.349,512.349,512.22,512.22,30507.0
2024-11-13T22:30:00+00:00,512.29,512.3,512.29,512.3,316.0
2024-11-13T22:35:00+00:00,512.26,512.26,512.23,512.2301,11230.0
2024-11-13T22:40:00+00:00,512.349,512.349,512.21,512.21,43800.0
2024-11-13T22:45:00+00:00,512.23,512.25,512.2133,512.2133,4734.0
2024-11-13T22:50:00+00:00,512.25,512.25,512.25,512.25,2166.0
2024-11-13T22:55:00+00:00,512.25,512.25,512.24,512.2499,2021.0
2024-11-13T23:00:00+00:00,512.23,512.25,512.2133,512.23,11393.0
2024-11-13T23:05:00+00:00,512.25,512.33,512.0,512.08,7903.0
2024-11-13T23:10:00+00:00,512.19,512.23,512.1,512.1,5876.0
2024-11-13T23:15:00+00:00,512.12,512.12,512.02,512.02,1065.0
2024-11-13T23:20:00+00:00,512.25,512.33,512.0,512.05,19255.0
2024-11-13T23:25:00+00:00,512.05,512.37,512.05,512.37,3682.0
2024-11-13T23:30:00+00:00,512.38,512.44,512.3,512.34,4265.0
2024-11-13T23:35:00+00:00,512.36,512.36,512.331,512.331,416.0
2024-11-13T23:40:00+00:00,512.05,512.58,512.05,512.58,19483.0
2024-11-13T23:45:00+00:00,512.54,512.63,512.54,512.62,1190.0
2024-11-13T23:50:00+00:00,512.55,512.56,512.4905,512.55,1495.0
2024-11-13T23:55:00+00:00,512.5581,512.5581,512.4699,512.4699,4520.0
2024-11-14T00:00:00+00:00,512.54,512.63,512.3901,512.47,8480.0
2024-11-14T00:05:00+00:00,512.5501,512.59,512.52,512.56,761.0
2024-11-14T00:10:00+00:00,512.47,512.47,512.1517,512.1517,5517.0
2024-11-14T00:15:00+00:00,512.23,512.28,512.07,512.07,4881.0
2024-11-14T00:20:00+00:00,512.5501,512.59,511.89,511.94,18594.0
2024-11-14T00:25:00+00:00,511.9,512.01,511.85,512.0,6159.0
2024-11-14T00:30:00+00:00,512.09,512.17,512.09,512.17,1246.0
2024-11-14T00:35:00+00:00,512.2,512.2,512.15,512.17,1633.0
2024-11-14T00:40:00+00:00,511.9,512.2,511.85,512.13,9235.0
2024-11-14T00:45:00+00:00,512.1697,512.24,512.1697,512.21,3424.0
2024-11-14T00:50:00+00:00,512.25,512.25,512.2,512.2,433.0
2024-11-14T00:55:00+00:00,512.13,512.2,512.13,512.14,1635.0
2024-11-14T01:00:00+00:00,512.1697,512.25,512.1,512.17,14101.0
2024-11-14T09:05:00+00:00,512.51,512.92,512.51,512.92,14958.0
2024-11-14T09:10:00+00:00,512.95,513.04,512.95,513.01,1804.0
2024-11-14T09:15:00+00:00,513.08,513.1,512.75,512.75,6226.0
2024-11-14T09:20:00+00:00,512.51,513.1,512.42,512.5,25922.0
2024-11-14T09:25:00+00:00,512.6,512.67,512.6,512.66,3328.0
2024-11-14T09:30:00+00:00,512.62,512.62,512.42,512.42,2824.0
2024-11-14T09:35:00+00:00,512.59,512.6,512.41,512.6,2923.0
2024-11-14T09:40:00+00:00,512.6,512.67,512.41,512.64,20059.0
2024-11-14T09:45:00+00:00,512.57,512.57,512.57,512.57,111.0
2024-11-14T09:50:00+00:00,512.63,512.63,512.48,512.48,2302.0
2024-11-14T09:55:00+00:00,512.59,512.59,512.28,512.28,5007.0
2024-11-14T10:00:00+00:00,512.57,512.63,512.28,512.36,8056.0
2024-11-14T10:05:00+00:00,512.27,512.35,512.2,512.33,2249.0
2024-11-14T10:10:00+00:00,512.24,512.28,512.24,512.28,1444.0
2024-11-14T10:15:00+00:00,512.36,512.53,512.36,512.53,2671.0
2024-11-14T10:20:00+00:00,512.27,512.53,512.2,512.5,6540.0
2024-11-14T10:25:00+00:00,512.7,512.7,512.62,512.62,805.0
2024-11-14T10:30:00+00:00,512.52,512.52,512.51,512.52,602.0
2024-11-14T10:35:00+00:00,512.76,512.84,512.76,512.84,1285.0
2024-11-14T10:40:00+00:00,512.7,512.91,512.51,512.91,4123.0
2024-11-14T10:45:00+00:00,512.58,512.58,512.5,512.5,2626.0
2024-11-14T10:50:00+00:00,512.46,512.66,512.43,512.66,5599.0
2024-11-14T10:55:00+00:00,512.59,512.59,512.49,512.49,1892.0
2024-11-14T11:00:00+00:00,512.58,512.66,512.43,512.43,10451.0
2024-11-14T11:05:00+00:00,512.55,512.56,512.55,512.55,916.0
2024-11-14T11:10:00+00:00,512.59,512.59,512.57,512.57,517.0
2024-11-14T11:15:00+00:00,512.71,512.73,512.53,512.53,1007.0
2024-11-14T11:20:00+00:00,512.55,512.73,512.53,512.62,2663.0
2024-11-14T11:25:00+00:00,512.7,512.7,512.62,512.62,1426.0
2024-11-14T11:30:00+00:00,512.69,512.69,512.69,512.69,1762.0
2024-11-14T11:35:00+00:00,512.75,512.75,512.51,512.63,2510.0
2024-11-14T11:40:00+00:00,512.7,512.75,512.51,512.53,10793.0
2024-11-14T11:45:00+00:00,512.66,512.71,512.59,512.71,1069.0
2024-11-14T11:50:00+00:00,512.83,512.86,512.76,512.84,23369.0
2024-11-14T11:55:00+00:00,512.79,512.88,512.71,512.83,6957.0
2024-11-14T12:00:00+00:00,512.66,512.89,512.59,512.89,31944.0
2024-11-14T12:05:00+00:00,512.93,512.98,512.69,512.779,1768.0
2024-11-14T12:10:00+00:00,512.63,512.75,512.6,512.7,5306.0
2024-11-14T12:15:00+00:00,512.7,512.7,512.56,512.7,3355.0
2024-11-14T12:20:00+00:00,512.93,512.98,512.56,512.69,11336.0
2024-11-14T12:25:00+00:00,512.68,512.68,512.56,512.57,2781.0
2024-11-14T12:30:00+00:00,512.58,512.599,512.58,512.58,1441.0
2024-11-14T12:35:00+00:00,512.66,512.8,512.65,512.8,2120.0
2024-11-14T12:40:00+00:00,512.68,512.85,512.56,512.62,7866.0
2024-11-14T12:45:00+00:00,512.83,512.83,512.771,512.79,741.0
2024-11-14T12:50:00+00:00,512.75,512.75,512.52,512.54,5104.0
2024-11-14T12:55:00+00:00,512.63,512.65,512.41,512.43,5944.0
2024-11-14T13:00:00+00:00,512.83,512.83,512.27,512.35,19548.0
2024-11-14T13:05:00+00:00,512.36,512.94,510.94,512.57,42990.0
2024-11-14T13:10:00+00:00,512.46,512.62,512.4,512.43,16015.0
2024-11-14T13:15:00+00:00,512.43,512.68,512.42,512.68,3629.0
2024-11-14T13:20:00+00:00,512.36,512.94,510.94,512.66,123898.0
2024-11-14T13:25:00+00:00,512.65,512.72,512.59,512.72,2990.0
2024-11-14T13:30:00+00:00,512.72,512.78,512.66,512.77,5648.0
2024-11-14T13:35:00+00:00,512.76,512.76,511.77,511.83,49550.0
2024-11-14T13:40:00+00:00,512.65,512.78,511.3,511.71,247515.0
2024-11-14T13:45:00+00:00,511.79,512.28,511.75,512.23,21406.0
2024-11-14T13:50:00+00:00,512.19,512.45,511.67,512.2,31322.0
2024-11-14T13:55:00+00:00,512.161,512.161,511.8499,511.86,11032.0
2024-11-14T14:00:00+00:00,511.79,512.45,511.67,511.86,71347.0
2024-11-14T14:05:00+00:00,511.79,511.79,511.5,511.71,20345.0
2024-11-14T14:10:00+00:00,511.68,511.971,511.67,511.7,16788.0
2024-11-14T14:15:00+00:00,511.68,511.97,511.68,511.93,16437.0
2024-11-14T14:20:00+00:00,511.79,512.0,511.5,511.77,93427.0
2024-11-14T14:25:00+00:00,511.77,511.77,511.61,511.61,12285.0
2024-11-14T14:30:00+00:00,511.62,511.89,511.44,511.89,63084.0
2024-11-14T14:35:00+00:00,511.91,512.7226,511.9099,512.51,806153.0
2024-11-14T14:40:00+00:00,511.77,512.79,511.44,512.0454,1153223.0
2024-11-14T14:45:00+00:00,512.01,512.12,510.48,510.56,406073.0
2024-11-14T14:50:00+00:00,510.56,510.8368,510.1397,510.68,380122.0
2024-11-14T14:55:00+00:00,510.655,511.485,510.3,510.6876,460629.0
2024-11-14T15:00:00+00:00,512.01,512.12,510.1397,510.81,1543349.0
2024-11-14T15:05:00+00:00,510.75,510.8727,510.35,510.83,216002.0
2024-11-14T15:10:00+00:00,510.83,511.4,510.4201,510.8272,201466.0
2024-11-14T15:15:00+00:00,510.89,511.2866,510.67,511.16,152710.0
2024-11-14T15:20:00+00:00,510.75,511.4,509.56,509.57,923367.0
2024-11-14T15:25:00+00:00,509.58,510.38,509.58,509.9,363290.0
2024-11-14T15:30:00+00:00,509.915,511.02,509.9,510.97,244099.0
2024-11-14T15:35:00+00:00,510.93,511.0,510.38,510.9,185655.0
2024-11-14T15:40:00+00:00,509.58,511.343,509.58,511.252,984064.0
2024-11-14T15:45:00+00:00,511.2401,511.71,511.1524,511.665,157543.0
2024-11-14T15:50:00+00:00,511.61,511.765,511.3,511.72,173353.0
2024-11-14T15:55:00+00:00,511.67,511.91,511.49,511.52,247449.0
2024-11-14T16:00:00+00:00,511.2401,511.91,510.57,510.78,883042.0
2024-11-14T16:05:00+00:00,510.75,511.17,510.67,510.8,118503.0
2024-11-14T16:10:00+00:00,510.83,511.2592,510.81,511.225,100423.0
2024-11-14T16:15:00+00:00,511.18,511.34,510.77,510.92,189857.0
2024-11-14T16:20:00+00:00,510.75,511.34,510.67,510.88,554616.0
2024-11-14T16:25:00+00:00,510.9397,511.34,510.81,511.26,109745.0
2024-11-14T16:30:00+00:00,511.26,511.42,511.15,511.237,248794.0
2024-11-14T16:35:00+00:00,511.25,511.39,511.06,511.1099,58250.0
2024-11-14T16:40:00+00:00,510.9397,511.5799,510.81,511.54,508645.0
2024-11-14T16:45:00+00:00,511.52,511.95,511.47,511.55,136263.0
2024-11-14T16:50:00+00:00,511.57,511.82,511.0365,511.19,255860.0
2024-11-14T16:55:00+00:00,511.22,511.56,511.06,511.069,131768.0
2024-11-14T17:00:00+00:00,511.52,511.95,510.8646,510.99,642985.0
2024-11-14T17:05:00+00:00,511.0,511.04,510.47,510.84,194495.0
2024-11-14T17:10:00+00:00,510.76,511.12,510.655,511.01,90152.0
2024-11-14T17:15:00+00:00,511.01,511.2499,510.42,510.5,110878.0
2024-11-14T17:20:00+00:00,511.0,511.2499,510.1,510.41,561095.0
2024-11-14T17:25:00+00:00,510.37,510.425,510.0,510.2,199530.0
2024-11-14T17:30:00+00:00,510.22,510.23,509.88,510.08,202231.0
2024-11-14T17:35:00+00:00,510.08,510.08,509.09,509.66,328272.0
2024-11-14T17:40:00+00:00,510.37,510.59,509.09,510.385,1025359.0
2024-11-14T17:45:00+00:00,510.41,510.54,510.02,510.37,284316.0
2024-11-14T17:50:00+00:00,510.35,510.47,509.0,509.1,327872.0
2024-11-14T17:55:00+00:00,509.05,510.47,508.96,510.33,459937.0
2024-11-14T18:00:00+00:00,510.41,510.74,508.96,510.55,1358247.0
2024-11-14T18:05:00+00:00,510.53,510.8275,510.16,510.75,241479.0
2024-11-14T18:10:00+00:00,510.7499,510.9999,510.63,510.96,158459.0
2024-11-14T18:15:00+00:00,510.96,511.18,510.85,511.17,323835.0
2024-11-14T18:20:00+00:00,510.53,511.35,510.16,510.99,887587.0
2024-11-14T18:25:00+00:00,511.0,511.27,511.0,511.26,286383.0
2024-11-14T18:30:00+00:00,511.27,511.45,510.82,510.87,338424.0
2024-11-14T18:35:00+00:00,510.86,511.0,510.51,510.73,180131.0
2024-11-14T18:40:00+00:00,511.0,511.45,510.47,510.55,916106.0
2024-11-14T18:45:00+00:00,510.57,510.85,510.5341,510.706,73587.0
2024-11-14T18:50:00+00:00,510.68,510.69,510.327,510.39,109592.0
2024-11-14T18:55:00+00:00,510.42,510.5797,509.7,509.74,321766.0
2024-11-14T19:00:00+00:00,510.57,510.85,509.1,509.22,1056855.0
2024-11-14T19:05:00+00:00,509.21,510.56,509.18,510.41,495805.0
2024-11-14T19:10:00+00:00,510.36,510.65,510.085,510.0966,444798.0
2024-11-14T19:15:00+00:00,510.08,510.3,509.74,509.76,401569.0
2024-11-14T19:20:00+00:00,509.21,510.65,509.18,509.8,1702962.0
2024-11-14T19:25:00+00:00,509.8192,509.94,509.6,509.85,191043.0
2024-11-14T19:30:00+00:00,509.85,510.11,509.78,510.11,505874.0
2024-11-14T19:35:00+00:00,510.09,510.44,509.99,510.13,268980.0
2024-11-14T19:40:00+00:00,509.8192,510.44,509.6,510.35,1098211.0
2024-11-14T19:45:00+00:00,510.36,510.53,510.0701,510.22,100964.0
2024-11-14T19:50:00+00:00,510.23,510.3,509.75,509.82,229355.0
2024-11-14T19:55:00+00:00,509.83,510.69,509.83,510.56,437947.0
2024-11-14T20:00:00+00:00,510.36,510.69,509.75,510.17,1143280.0
2024-11-14T20:05:00+00:00,510.16,510.17,508.68,509.0,817250.0
2024-11-14T20:10:00+00:00,509.0,509.235,508.24,508.7212,589826.0
2024-11-14T20:15:00+00:00,508.73,509.095,508.3301,508.51,865323.0
2024-11-14T20:20:00+00:00,510.16,510.17,508.24,509.04,2772466.0
2024-11-14T20:25:00+00:00,509.02,509.28,508.63,509.0,385174.0
2024-11-14T20:30:00+00:00,508.92,509.46,508.81,509.06,258797.0
2024-11-14T20:35:00+00:00,509.055,509.25,508.19,508.365,359660.0
2024-11-14T20:40:00+00:00,509.02,509.46,508.19,508.6,1556170.0
2024-11-14T20:45:00+00:00,508.59,508.74,507.95,508.198,694759.0
2024-11-14T20:50:00+00:00,508.2,508.62,507.77,508.02,385758.0
2024-11-14T20:55:00+00:00,508.02,508.97,508.02,508.61,847297.0
2024-11-14T21:00:00+00:00,508.59,508.97,507.77,508.67,3680649.0
2024-11-14T21:05:00+00:00,508.69,508.76,508.08,508.33,369196.0
2024-11-14T21:10:00+00:00,508.42,508.52,507.451,507.66,98981.0
2024-11-14T21:15:00+00:00,507.71,507.83,507.31,507.35,480411.0
2024-11-14T21:20:00+00:00,508.69,508.76,507.31,507.74,1060665.0
2024-11-14T21:25:00+00:00,507.74,508.02,507.57,507.57,332190.0
2024-11-14T21:30:00+00:00,507.61,507.8,507.55,507.79,31890.0
2024-11-14T21:35:00+00:00,507.76,507.92,507.65,507.91,262260.0
2024-11-14T21:40:00+00:00,507.74,508.05,507.55,508.02,637021.0
2024-11-14T21:45:00+00:00,508.0,508.11,507.95,508.0,7378.0
2024-11-14T21:50:00+00:00,508.03,508.16,507.95,508.03,9603.0
2024-11-14T21:55:00+00:00,508.02,508.04,507.9301,507.97,7775.0
2024-11-14T22:00:00+00:00,508.0,508.16,507.93,507.9321,27340.0
2024-11-14T22:05:00+00:00,508.0,508.69,507.98,508.0,5996.0
2024-11-14T22:10:00+00:00,507.9999,507.9999,507.98,507.98,1778.0
2024-11-14T22:15:00+00:00,507.999,507.999,507.92,507.92,1997.0
2024-11-14T22:20:00+00:00,508.0,508.69,507.84,507.9,11172.0
2024-11-14T22:25:00+00:00,507.76,507.8,507.66,507.68,10480.0
2024-11-14T22:30:00+00:00,507.75,507.75,507.67,507.73,3187.0
2024-11-14T22:40:00+00:00,507.76,507.8,507.65,507.65,15529.0
2024-11-14T22:45:00+00:00,507.66,507.7173,507.66,507.7173,455.0
2024-11-14T22:50:00+00:00,507.7292,507.74,507.7,507.74,2199.0
2024-11-14T22:55:00+00:00,507.72,507.72,507.65,507.7,3555.0
2024-11-14T23:00:00+00:00,507.66,507.79,507.6052,507.79,9905.0
2024-11-14T23:05:00+00:00,507.86,507.88,507.46,507.51,13378.0
2024-11-14T23:10:00+00:00,507.56,507.62,507.42,507.42,3914.0
2024-11-14T23:15:00+00:00,507.4,507.4,507.06,507.21,8371.0
2024-11-14T23:20:00+00:00,507.86,507.88,507.0,507.17,35286.0
2024-11-14T23:25:00+00:00,507.08,507.22,507.08,507.16,2122.0
2024-11-14T23:30:00+00:00,507.18,507.22,507.1336,507.18,4250.0
2024-11-14T23:35:00+00:00,507.19,507.44,507.12,507.431,7766.0
2024-11-14T23:40:00+00:00,507.08,507.5,507.08,507.45,17124.0
2024-11-14T23:45:00+00:00,507.45,507.4699,507.3,507.4014,3519.0
2024-11-14T23:50:00+00:00,507.46,507.46,507.16,507.18,3500.0
2024-11-14T23:55:00+00:00,507.28,507.28,507.15,507.16,4108.0
2024-11-15T00:00:00+00:00,507.45,507.4699,507.15,507.27,11833.0
2024-11-15T00:05:00+00:00,507.22,507.32,507.17,507.28,2257.0
2024-11-15T00:10:00+00:00,507.4,507.4,507.15,507.17,1846.0
2024-11-15T00:15:00+00:00,507.24,507.35,507.24,507.26,1985.0
2024-11-15T00:20:00+00:00,507.22,507.41,507.15,507.38,14898.0
2024-11-15T00:25:00+00:00,507.28,507.28,507.01,507.26,3829.0
2024-11-15T00:30:00+00:00,507.13,507.16,507.0301,507.11,4610.0
2024-11-15T00:35:00+00:00,507.14,507.14,506.8,506.83,13776.0
2024-11-15T00:40:00+00:00,507.28,507.28,506.58,506.71,50657.0
2024-11-15T00:45:00+00:00,506.7,506.76,506.44,506.6,9452.0
2024-11-15T00:50:00+00:00,506.58,506.76,506.58,506.76,6078.0
2024-11-15T00:55:00+00:00,506.74,506.75,506.56,506.69,16590.0
2024-11-15T01:00:00+00:00,506.7,506.7793,506.44,506.67,48085.0
2024-11-15T09:05:00+00:00,505.28,505.28,504.5,504.6,29964.0
2024-11-15T09:10:00+00:00,504.59,504.66,504.51,504.51,7229.0
2024-11-15T09:15:00+00:00,504.48,504.6,504.32,504.57,7771.0
2024-11-15T09:20:00+00:00,505.28,505.28,504.26,504.42,52576.0
2024-11-15T09:25:00+00:00,504.49,504.51,504.35,504.41,6138.0
2024-11-15T09:30:00+00:00,504.48,504.67,504.44,504.44,3820.0
2024-11-15T09:35:00+00:00,504.33,504.38,504.27,504.27,1994.0
2024-11-15T09:40:00+00:00,504.49,504.8,504.27,504.78,26846.0
2024-11-15T09:45:00+00:00,504.66,504.77,504.6,504.69,9272.0
2024-11-15T09:50:00+00:00,504.54,504.61,504.48,504.48,2350.0
2024-11-15T09:55:00+00:00,504.38,504.43,504.22,504.38,11058.0
2024-11-15T10:00:00+00:00,504.66,504.77,504.22,504.47,28425.0
2024-11-15T10:05:00+00:00,504.48,504.61,504.39,504.54,7030.0
2024-11-15T10:10:00+00:00,504.66,504.66,504.48,504.63,2513.0
2024-11-15T10:15:00+00:00,504.55,504.6,504.41,504.41,5713.0
2024-11-15T10:20:00+00:00,504.48,504.66,504.24,504.24,27814.0
2024-11-15T10:25:00+00:00,504.23,504.52,504.1,504.49,37723.0
2024-11-15T10:30:00+00:00,504.55,504.64,504.55,504.64,1778.0
2024-11-15T10:35:00+00:00,504.55,504.63,504.55,504.63,4612.0
2024-11-15T10:40:00+00:00,504.23,504.66,504.1,504.5,50877.0
2024-11-15T10:45:00+00:00,504.48,504.59,504.4,504.47,36845.0
2024-11-15T10:50:00+00:00,504.55,504.65,504.55,504.65,2752.0
2024-11-15T10:55:00+00:00,504.64,504.71,504.63,504.71,983.0
2024-11-15T11:00:00+00:00,504.48,504.71,504.4,504.62,45816.0
2024-11-15T11:05:00+00:00,504.63,504.87,504.58,504.87,7358.0
2024-11-15T11:10:00+00:00,504.87,505.17,504.87,505.14,10660.0
2024-11-15T11:15:00+00:00,505.1,505.28,505.1,505.27,5622.0
2024-11-15T11:20:00+00:00,504.63,505.28,504.58,505.17,25956.0
2024-11-15T11:25:00+00:00,505.24,505.27,505.15,505.16,5535.0
2024-11-15T11:30:00+00:00,505.18,505.26,505.16,505.26,3125.0
2024-11-15T11:35:00+00:00,505.22,505.22,505.01,505.12,22558.0
2024-11-15T11:40:00+00:00,505.24,505.28,505.01,505.23,71714.0
2024-11-15T11:45:00+00:00,505.2,505.2,504.99,505.01,9031.0
2024-11-15T11:50:00+00:00,505.06,505.16,505.02,505.05,9727.0
2024-11-15T11:55:00+00:00,505.08,505.1,504.94,505.05,8041.0
2024-11-15T12:00:00+00:00,505.2,505.2,504.94,505.08,31304.0
2024-11-15T12:05:00+00:00,505.07,505.17,504.95,505.15,32496.0
2024-11-15T12:10:00+00:00,505.15,505.55,505.15,505.46,17659.0
2024-11-15T12:15:00+00:00,505.41,505.46,505.32,505.43,5271.0
2024-11-15T12:20:00+00:00,505.07,505.55,504.95,505.12,65811.0
2024-11-15T12:25:00+00:00,505.1,505.21,504.91,504.94,18769.0
2024-11-15T12:30:00+00:00,504.99,505.1,504.97,505.1,13061.0
2024-11-15T12:35:00+00:00,505.15,505.2,505.03,505.2,8036.0
2024-11-15T12:40:00+00:00,505.1,505.21,504.91,505.171,54083.0
2024-11-15T12:45:00+00:00,505.22,505.36,505.14,505.14,7022.0
2024-11-15T12:50:00+00:00,505.15,505.22,505.14,505.19,12394.0
2024-11-15T12:55:00+00:00,505.33,505.44,505.26,505.26,6334.0
2024-11-15T13:00:00+00:00,505.22,505.54,505.14,505.48,70007.0
2024-11-15T13:05:00+00:00,505.03,506.94,503.78,505.2701,52472.0
2024-11-15T13:10:00+00:00,505.3,505.38,505.02,505.05,7505.0
2024-11-15T13:15:00+00:00,505.07,505.17,505.02,505.11,12650.0
2024-11-15T13:20:00+00:00,505.03,506.94,503.78,504.74,91034.0
2024-11-15T13:25:00+00:00,504.78,504.8799,504.58,504.61,16287.0
2024-11-15T13:30:00+00:00,504.6199,504.88,504.59,504.72,18376.0
2024-11-15T13:35:00+00:00,504.87,505.4,504.0,504.29,103931.0
2024-11-15T13:40:00+00:00,504.78,505.4,504.0,504.11,215931.0
2024-11-15T13:45:00+00:00,504.09,504.6,504.0,504.33,42128.0
2024-11-15T13:50:00+00:00,504.3,504.5,504.28,504.5,14368.0
2024-11-15T13:55:00+00:00,504.37,504.42,504.11,504.18,10100.0
2024-11-15T14:00:00+00:00,504.09,504.6,504.0,504.18,77764.0
2024-11-15T14:05:00+00:00,504.27,504.31,504.0,504.01,30891.0
2024-11-15T14:10:00+00:00,504.12,504.2,503.94,503.95,19911.0
2024-11-15T14:15:00+00:00,503.911,504.05,503.77,503.79,28871.0
2024-11-15T14:20:00+00:00,504.27,504.31,503.14,503.32,126680.0
2024-11-15T14:25:00+00:00,503.339,503.44,503.1,503.17,79684.0
2024-11-15T14:30:00+00:00,503.09,503.38,502.82,503.11,235048.0
2024-11-15T14:35:00+00:00,502.94,503.33,502.36,502.36,1492815.0
2024-11-15T14:40:00+00:00,503.339,503.44,501.46,501.55,2956252.0
2024-11-15T14:45:00+00:00,501.54,502.26,501.23,501.6,598429.0
2024-11-15T14:50:00+00:00,501.6,502.67,501.31,502.605,975804.0
2024-11-15T14:55:00+00:00,502.58,502.65,501.82,501.85,1093030.0
2024-11-15T15:00:00+00:00,501.54,502.67,501.04,501.31,3397861.0
2024-11-15T15:05:00+00:00,501.34,501.48,500.83,500.83,746601.0
2024-11-15T15:10:00+00:00,500.89,501.22,500.13,500.1701,525416.0
2024-11-15T15:15:00+00:00,500.18,500.517,499.65,499.8466,880197.0
2024-11-15T15:20:00+00:00,501.34,501.48,499.19,499.39,2840345.0
2024-11-15T15:25:00+00:00,499.36,499.5,498.7,498.99,652480.0
2024-11-15T15:30:00+00:00,499.0,499.4,498.8774,498.89,727617.0
2024-11-15T15:35:00+00:00,498.89,499.37,498.81,499.04,648067.0
2024-11-15T15:40:00+00:00,499.36,499.5,498.35,498.96,3022030.0
2024-11-15T15:45:00+00:00,498.92,499.13,498.42,498.69,604781.0
2024-11-15T15:50:00+00:00,498.71,499.2,498.18,498.42,625892.0
2024-11-15T15:55:00+00:00,498.42,499.34,498.11,498.17,871053.0
2024-11-15T16:00:00+00:00,498.92,499.34,497.76,498.18,2803109.0
2024-11-15T16:05:00+00:00,498.19,498.4299,497.86,497.91,578785.0
2024-11-15T16:10:00+00:00,497.9446,498.235,497.535,497.57,726912.0
2024-11-15T16:15:00+00:00,497.57,498.28,497.5699,497.96,460740.0
2024-11-15T16:20:00+00:00,498.19,498.53,497.535,498.39,3797437.0
2024-11-15T16:25:00+00:00,498.41,498.5499,498.12,498.49,286641.0
2024-11-15T16:30:00+00:00,498.5,498.76,498.3637,498.66,260038.0
2024-11-15T16:35:00+00:00,498.68,498.93,498.43,498.43,886947.0
2024-11-15T16:40:00+00:00,498.41,498.93,497.79,497.87,1788866.0
2024-11-15T16:45:00+00:00,497.88,497.94,497.2,497.56,366797.0
2024-11-15T16:50:00+00:00,497.58,498.04,497.37,497.5637,621218.0
2024-11-15T16:55:00+00:00,497.57,497.66,497.09,497.41,399957.0
2024-11-15T17:00:00+00:00,497.88,498.04,496.28,496.62,2122850.0
2024-11-15T17:05:00+00:00,496.625,496.89,496.49,496.5999,667646.0
2024-11-15T17:10:00+00:00,496.63,496.64,496.14,496.48,440813.0
2024-11-15T17:15:00+00:00,496.5,496.65,496.23,496.6399,408273.0
2024-11-15T17:20:00+00:00,496.625,496.89,496.14,496.7,2087779.0
2024-11-15T17:25:00+00:00,496.72,496.92,496.3501,496.51,608955.0
2024-11-15T17:30:00+00:00,496.53,496.6755,496.29,496.6175,248302.0
2024-11-15T17:35:00+00:00,496.61,496.81,496.27,496.69,631711.0
2024-11-15T17:40:00+00:00,496.72,496.92,496.27,496.6,1795483.0
2024-11-15T17:45:00+00:00,496.59,496.9,496.24,496.81,268079.0
2024-11-15T17:50:00+00:00,496.83,497.06,496.55,496.62,431266.0
2024-11-15T17:55:00+00:00,496.59,496.59,495.47,495.671,1036780.0
2024-11-15T18:00:00+00:00,496.59,497.06,495.47,496.37,2083641.0
2024-11-15T18:05:00+00:00,496.37,496.53,496.0218,496.1,226880.0
2024-11-15T18:10:00+00:00,496.105,496.32,495.86,496.275,211508.0
2024-11-15T18:15:00+00:00,496.19,496.23,495.885,495.98,520622.0
2024-11-15T18:20:00+00:00,496.37,496.53,495.79,495.9799,1275414.0
2024-11-15T18:25:00+00:00,495.98,496.24,495.56,495.75,244435.0
2024-11-15T18:30:00+00:00,495.72,496.28,495.68,496.14,690069.0
2024-11-15T18:35:00+00:00,496.13,496.13,495.54,495.57,332951.0
2024-11-15T18:40:00+00:00,495.98,496.28,495.45,495.9075,1749531.0
2024-11-15T18:45:00+00:00,495.8801,495.949,495.395,495.47,189748.0
2024-11-15T18:50:00+00:00,495.5,495.53,494.81,494.87,815603.0
2024-11-15T18:55:00+00:00,494.9,495.18,494.8,494.99,672584.0
2024-11-15T19:00:00+00:00,495.8801,495.949,494.49,495.06,2099941.0
2024-11-15T19:05:00+00:00,495.07,495.53,495.05,495.2796,466614.0
2024-11-15T19:10:00+00:00,495.27,495.79,495.15,495.425,251000.0
2024-11-15T19:15:00+00:00,495.42,495.5954,495.05,495.23,470276.0
2024-11-15T19:20:00+00:00,495.07,495.79,495.05,495.25,1808201.0
2024-11-15T19:25:00+00:00,495.24,495.3501,495.0,495.15,192854.0
2024-11-15T19:30:00+00:00,495.13,495.22,494.825,494.8799,412951.0
2024-11-15T19:35:00+00:00,494.865,495.17,494.86,495.0,228695.0
2024-11-15T19:40:00+00:00,495.24,495.3501,494.825,495.23,969078.0
2024-11-15T19:45:00+00:00,495.24,496.28,495.2101,496.22,434533.0
2024-11-15T19:50:00+00:00,496.22,496.62,495.98,496.2123,900734.0
2024-11-15T19:55:00+00:00,496.2,496.395,495.38,495.46,417975.0
2024-11-15T20:00:00+00:00,495.24,496.62,495.2101,495.8109,2304949.0
2024-11-15T20:05:00+00:00,495.7779,496.36,495.74,496.33,308023.0
2024-11-15T20:10:00+00:00,496.3,496.63,495.75,495.84,886154.0
2024-11-15T20:15:00+00:00,495.86,496.289,495.86,496.16,157060.0
2024-11-15T20:20:00+00:00,495.7779,496.68,495.74,496.5,1730324.0
2024-11-15T20:25:00+00:00,496.49,496.79,496.12,496.2393,321769.0
2024-11-15T20:30:00+00:00,496.22,496.4988,496.12,496.24,291516.0
2024-11-15T20:35:00+00:00,496.25,496.61,496.09,496.3,319605.0
2024-11-15T20:40:00+00:00,496.49,496.79,496.09,496.2,1263266.0
2024-11-15T20:45:00+00:00,496.19,496.36,495.53,495.5992,576469.0
2024-11-15T20:50:00+00:00,495.6,496.0199,495.56,495.83,531682.0
2024-11-15T20:55:00+00:00,495.83,496.88,495.77,496.65,825017.0
2024-11-15T21:00:00+00:00,496.19,496.96,495.53,496.46,4266646.0
2024-11-15T21:05:00+00:00,496.48,497.17,496.48,496.9,642078.0
2024-11-15T21:10:00+00:00,496.87,496.92,496.68,496.73,174934.0
2024-11-15T21:15:00+00:00,496.7582,496.8,496.55,496.55,713684.0
2024-11-15T21:20:00+00:00,496.48,497.17,496.48,496.78,1679688.0
2024-11-15T21:25:00+00:00,496.75,496.75,496.521,496.521,9828.0
2024-11-15T21:30:00+00:00,496.55,496.55,496.43,496.49,140485.0
2024-11-15T21:35:00+00:00,496.5,496.54,496.48,496.52,113985.0
2024-11-15T21:40:00+00:00,496.75,496.75,496.43,496.61,479769.0
2024-11-15T21:45:00+00:00,496.62,496.63,496.53,496.55,111658.0
2024-11-15T21:50:00+00:00,496.57,496.71,496.53,496.63,202810.0
2024-11-15T21:55:00+00:00,496.57,496.72,496.57,496.7,101931.0
2024-11-15T22:00:00+00:00,496.62,496.75,496.53,496.75,439732.0
2024-11-15T22:05:00+00:00,496.76,496.88,496.7,496.82,12271.0
2024-11-15T22:10:00+00:00,496.82,497.0,496.8,496.9,17328.0
2024-11-15T22:15:00+00:00,496.9,497.0,496.87,496.9,8274.0
2024-11-15T22:20:00+00:00,496.76,497.0,496.7,496.9,45391.0
2024-11-15T22:25:00+00:00,496.92,496.96,496.78,496.8,1867.0
2024-11-15T22:30:00+00:00,496.85,496.9,496.69,496.76,7444.0
2024-11-15T22:35:00+00:00,496.7501,496.8,496.73,496.8,3671.0
2024-11-15T22:40:00+00:00,496.92,496.96,496.69,496.75,17400.0
2024-11-15T22:45:00+00:00,496.83,496.88,496.75,496.88,3225.0
2024-11-15T22:50:00+00:00,496.88,496.9,496.85,496.9,4717.0
2024-11-15T22:55:00+00:00,496.92,496.95,496.8,496.93,10208.0
2024-11-15T23:00:00+00:00,496.83,496.95,496.75,496.8,24252.0
2024-11-15T23:05:00+00:00,496.84,496.84,496.71,496.84,7453.0
2024-11-15T23:10:00+00:00,496.85,496.85,496.85,496.85,319.0
2024-11-15T23:15:00+00:00,496.9,496.92,496.8,496.8,7626.0
2024-11-15T23:20:00+00:00,496.84,496.92,496.71,496.87,21732.0
2024-11-15T23:25:00+00:00,496.81,496.81,496.81,496.81,2410.0
2024-11-15T23:30:00+00:00,496.81,496.81,496.81,496.81,541.0
2024-11-15T23:35:00+00:00,496.8701,496.89,496.81,496.81,1603.0
2024-11-15T23:40:00+00:00,496.81,496.928,496.81,496.9278,6369.0
2024-11-15T23:45:00+00:00,496.85,496.91,496.85,496.85,1124.0
2024-11-15T23:50:00+00:00,496.9,496.93,496.9,496.93,1476.0
2024-11-15T23:55:00+00:00,496.93,496.97,496.92,496.95,2172.0
2024-11-16T00:00:00+00:00,496.85,496.97,496.85,496.96,5672.0
2024-11-16T00:05:00+00:00,496.93,496.96,496.93,496.96,902.0
2024-11-16T00:10:00+00:00,496.96,496.96,496.96,496.96,207.0
2024-11-16T00:20:00+00:00,496.93,496.96,496.93,496.96,1109.0
2024-11-16T00:25:00+00:00,496.96,496.96,496.9,496.9001,4224.0
2024-11-16T00:30:00+00:00,496.91,497.0,496.9,497.0,4379.0
2024-11-16T00:35:00+00:00,497.0,497.03,496.97,497.03,3005.0
2024-11-16T00:40:00+00:00,496.96,497.1,496.9,497.1,17539.0
2024-11-16T00:45:00+00:00,497.0999,497.1,497.0999,497.1,1137.0
2024-11-16T00:50:00+00:00,497.04,497.04,496.9479,496.9479,257.0
2024-11-16T00:55:00+00:00,497.05,497.05,496.9,497.0,3972.0
2024-11-16T01:00:00+00:00,497.0999,497.1,496.89,497.0,11909.0
2024-11-18T09:05:00+00:00,500.04,500.04,499.3,499.3,20135.0
2024-11-18T09:10:00+00:00,499.13,499.25,498.97,499.2,25444.0
2024-11-18T09:15:00+00:00,499.29,499.54,499.11,499.11,7011.0
2024-11-18T09:20:00+00:00,500.04,500.04,498.53,498.78,60030.0
2024-11-18T09:25:00+00:00,498.72,498.76,498.55,498.69,6463.0
2024-11-18T09:30:00+00:00,498.84,498.9,498.69,498.73,2556.0
2024-11-18T09:35:00+00:00,498.75,498.92,498.47,498.51,15870.0
2024-11-18T09:40:00+00:00,498.72,498.92,498.31,498.34,35925.0
2024-11-18T09:45:00+00:00,498.16,498.45,497.89,498.45,17690.0
2024-11-18T09:50:00+00:00,498.66,498.66,498.23,498.24,7334.0
2024-11-18T09:55:00+00:00,498.13,498.25,497.97,498.03,11122.0
2024-11-18T10:00:00+00:00,498.16,498.66,497.89,498.17,43120.0
2024-11-18T10:05:00+00:00,498.22,498.43,498.14,498.39,4171.0
2024-11-18T10:10:00+00:00,498.32,498.44,498.19,498.19,6400.0
2024-11-18T10:15:00+00:00,498.38,498.45,498.25,498.28,2347.0
2024-11-18T10:20:00+00:00,498.22,498.45,498.09,498.14,20008.0
2024-11-18T10:25:00+00:00,498.16,498.4,498.16,498.35,5992.0
2024-11-18T10:30:00+00:00,498.35,498.64,498.35,498.6,10836.0
2024-11-18T10:35:00+00:00,498.41,498.45,498.33,498.39,4226.0
2024-11-18T10:40:00+00:00,498.16,498.64,498.16,498.6,25705.0
2024-11-18T10:45:00+00:00,498.65,498.7,498.61,498.67,4276.0
2024-11-18T10:50:00+00:00,498.77,498.85,498.73,498.79,2206.0
2024-11-18T10:55:00+00:00,498.69,498.81,498.69,498.81,3801.0
2024-11-18T11:00:00+00:00,498.65,498.9,498.61,498.88,12526.0
2024-11-18T11:05:00+00:00,498.94,498.94,498.68,498.69,5359.0
2024-11-18T11:10:00+00:00,498.67,498.73,498.64,498.73,1816.0
2024-11-18T11:15:00+00:00,498.79,498.83,498.65,498.69,4928.0
2024-11-18T11:20:00+00:00,498.94,498.94,498.45,498.51,15534.0
2024-11-18T11:25:00+00:00,498.57,498.63,498.52,498.52,1419.0
2024-11-18T11:30:00+00:00,498.46,498.53,498.39,498.39,1410.0
2024-11-18T11:35:00+00:00,498.69,498.73,498.48,498.51,5810.0
2024-11-18T11:40:00+00:00,498.57,498.73,498.1,498.1,15140.0
2024-11-18T11:45:00+00:00,498.12,498.27,498.12,498.16,3280.0
2024-11-18T11:50:00+00:00,498.33,498.59,498.33,498.37,6106.0
2024-11-18T11:55:00+00:00,498.3,498.51,498.27,498.51,5113.0
2024-11-18T12:00:00+00:00,498.12,498.59,498.12,498.47,22870.0
2024-11-18T12:05:00+00:00,498.46,498.67,498.46,498.61,19912.0
2024-11-18T12:10:00+00:00,498.69,498.75,498.48,498.55,15705.0
2024-11-18T12:15:00+00:00,498.6,498.6,498.13,498.24,7636.0
2024-11-18T12:20:00+00:00,498.46,498.75,498.13,498.38,53759.0
2024-11-18T12:25:00+00:00,498.27,498.47,498.2,498.39,29889.0
2024-11-18T12:30:00+00:00,498.27,498.38,498.26,498.38,3574.0
2024-11-18T12:35:00+00:00,498.34,498.4,497.95,498.06,36125.0
2024-11-18T12:40:00+00:00,498.27,498.58,497.95,498.58,81146.0
2024-11-18T12:45:00+00:00,498.58,498.58,498.43,498.44,3049.0
2024-11-18T12:50:00+00:00,498.5,498.62,498.28,498.28,9765.0
2024-11-18T12:55:00+00:00,498.25,498.25,498.2,498.21,5500.0
2024-11-18T13:00:00+00:00,498.58,498.62,498.12,498.23,23021.0
2024-11-18T13:05:00+00:00,498.4,500.4,497.7,497.75,207189.0
2024-11-18T13:10:00+00:00,497.7,497.7,496.942,497.6,25248.0
2024-11-18T13:15:00+00:00,497.55,497.66,497.131,497.15,12892.0
2024-11-18T13:20:00+00:00,498.4,500.4,496.942,497.0,312344.0
2024-11-18T13:25:00+00:00,497.02,497.08,496.3444,496.48,67687.0
2024-11-18T13:30:00+00:00,496.53,496.97,496.53,496.83,22835.0
2024-11-18T13:35:00+00:00,496.85,497.39,496.82,497.389,27258.0
2024-11-18T13:40:00+00:00,497.02,497.71,496.3444,497.71,172656.0
2024-11-18T13:45:00+00:00,497.76,498.18,497.64,498.14,72478.0
2024-11-18T13:50:00+00:00,498.03,498.23,497.98,498.17,21600.0
2024-11-18T13:55:00+00:00,498.15,498.17,497.9,498.11,12840.0
2024-11-18T14:00:00+00:00,497.76,498.23,497.64,498.02,124497.0
2024-11-18T14:05:00+00:00,498.08,498.3492,498.08,498.17,11668.0
2024-11-18T14:10:00+00:00,498.12,498.43,498.12,498.33,38518.0
2024-11-18T14:15:00+00:00,498.27,498.71,498.26,498.71,30865.0
2024-11-18T14:20:00+00:00,498.08,498.88,498.08,498.63,112255.0
2024-11-18T14:25:00+00:00,498.63,498.75,498.54,498.75,11417.0
2024-11-18T14:30:00+00:00,498.61,498.61,498.11,498.13,74205.0
2024-11-18T14:35:00+00:00,498.13,498.15,497.2599,497.4,916711.0
2024-11-18T14:40:00+00:00,498.63,498.75,497.2599,498.342,1744771.0
2024-11-18T14:45:00+00:00,498.34,498.45,497.625,497.67,472080.0
2024-11-18T14:50:00+00:00,497.65,497.819,497.01,497.3632,478954.0
2024-11-18T14:55:00+00:00,497.36,497.36,496.73,497.1,902739.0
2024-11-18T15:00:00+00:00,498.34,498.45,496.73,497.44,2197332.0
2024-11-18T15:05:00+00:00,497.45,498.83,497.27,498.8299,429399.0
2024-11-18T15:10:00+00:00,498.79,498.92,498.39,498.63,275938.0
2024-11-18T15:15:00+00:00,498.69,499.12,498.51,499.1199,251388.0
2024-11-18T15:20:00+00:00,497.45,499.63,497.27,499.4054,1334001.0
2024-11-18T15:25:00+00:00,499.43,499.715,499.26,499.68,346440.0
2024-11-18T15:30:00+00:00,499.685,500.43,499.53,500.41,385188.0
2024-11-18T15:35:00+00:00,500.41,501.35,500.3601,501.325,426864.0
2024-11-18T15:40:00+00:00,499.43,501.45,499.26,500.91,1603340.0
2024-11-18T15:45:00+00:00,500.91,501.29,500.83,501.03,269531.0
2024-11-18T15:50:00+00:00,501.03,501.27,500.89,501.22,287474.0
2024-11-18T15:55:00+00:00,501.225,501.35,501.01,501.21,278429.0
2024-11-18T16:00:00+00:00,500.91,501.35,500.83,501.1064,1106810.0
2024-11-18T16:05:00+00:00,501.12,501.369,500.9799,501.36,324402.0
2024-11-18T16:10:00+00:00,501.3598,501.5837,501.23,501.33,373293.0
2024-11-18T16:15:00+00:00,501.34,501.75,501.25,501.5799,276323.0
2024-11-18T16:20:00+00:00,501.12,501.75,500.9799,501.545,1241925.0
2024-11-18T16:25:00+00:00,501.55,501.85,501.39,501.74,258552.0
2024-11-18T16:30:00+00:00,501.72,501.9877,501.4413,501.49,293647.0
2024-11-18T16:35:00+00:00,501.48,501.82,501.46,501.72,189768.0
2024-11-18T16:40:00+00:00,501.55,502.12,501.39,502.11,1023643.0
2024-11-18T16:45:00+00:00,502.12,502.14,501.83,502.0701,188912.0
2024-11-18T16:50:00+00:00,502.07,502.08,500.95,500.99,468830.0
2024-11-18T16:55:00+00:00,501.03,501.1,500.34,500.6179,573830.0
2024-11-18T17:00:00+00:00,502.12,502.14,500.13,500.71,1591356.0
2024-11-18T17:05:00+00:00,500.7151,500.89,500.49,500.694,206325.0
2024-11-18T17:10:00+00:00,500.7,500.76,500.3,500.31,148080.0
2024-11-18T17:15:00+00:00,500.3,500.73,500.22,500.73,170720.0
2024-11-18T17:20:00+00:00,500.7151,500.89,500.09,500.48,685791.0
2024-11-18T17:25:00+00:00,500.47,500.72,500.39,500.63,130408.0
2024-11-18T17:30:00+00:00,500.63,500.74,500.47,500.55,103740.0
2024-11-18T17:35:00+00:00,500.56,500.66,500.39,500.63,83603.0
2024-11-18T17:40:00+00:00,500.47,500.74,500.34,500.63,455743.0
2024-11-18T17:45:00+00:00,500.59,500.61,499.78,499.8201,232738.0
2024-11-18T17:50:00+00:00,499.8,499.97,499.61,499.78,240236.0
2024-11-18T17:55:00+00:00,499.81,499.98,499.71,499.82,236665.0
2024-11-18T18:00:00+00:00,500.59,500.68,499.61,500.68,926508.0
2024-11-18T18:05:00+00:00,500.66,500.69,500.5,500.54,158994.0
2024-11-18T18:10:00+00:00,500.56,500.85,500.48,500.8286,136721.0
2024-11-18T18:15:00+00:00,500.83,500.84,500.46,500.46,261024.0
2024-11-18T18:20:00+00:00,500.66,500.85,500.39,500.7,742872.0
2024-11-18T18:25:00+00:00,500.6994,500.74,500.26,500.62,159570.0
2024-11-18T18:30:00+00:00,500.63,500.71,500.31,500.32,265451.0
2024-11-18T18:35:00+00:00,500.33,500.59,500.1401,500.16,243984.0
2024-11-18T18:40:00+00:00,500.6994,500.74,500.1401,500.21,768831.0
2024-11-18T18:45:00+00:00,500.2,500.23,499.41,499.4801,304211.0
2024-11-18T18:50:00+00:00,499.47,499.65,499.125,499.4671,245587.0
2024-11-18T18:55:00+00:00,499.46,499.9,499.45,499.89,318544.0
2024-11-18T19:00:00+00:00,500.2,500.74,499.125,500.6899,1167168.0
2024-11-18T19:05:00+00:00,500.67,500.68,500.36,500.45,161212.0
2024-11-18T19:10:00+00:00,500.46,500.54,499.93,500.01,164360.0
2024-11-18T19:15:00+00:00,500.0,500.03,499.4926,499.525,171859.0
2024-11-18T19:20:00+00:00,500.67,500.68,499.31,499.49,754787.0
2024-11-18T19:25:00+00:00,499.5,499.5,499.06,499.16,283689.0
2024-11-18T19:30:00+00:00,499.16,499.51,499.09,499.22,242460.0
2024-11-18T19:35:00+00:00,499.225,499.27,499.0,499.16,407054.0
2024-11-18T19:40:00+00:00,499.5,499.6175,499.0,499.5,1136048.0
2024-11-18T19:45:00+00:00,499.5,499.91,499.3927,499.8,160629.0
2024-11-18T19:50:00+00:00,499.8,500.09,499.8,500.04,144399.0
2024-11-18T19:55:00+00:00,500.04,500.43,499.96,500.29,322810.0
2024-11-18T20:00:00+00:00,499.5,500.43,499.3927,500.17,783798.0
2024-11-18T20:05:00+00:00,500.15,500.35,500.02,500.32,146622.0
2024-11-18T20:10:00+00:00,500.31,500.31,500.15,500.1501,132136.0
2024-11-18T20:15:00+00:00,500.16,500.47,500.16,500.21,220688.0
2024-11-18T20:20:00+00:00,500.15,500.47,500.02,500.43,755003.0
2024-11-18T20:25:00+00:00,500.4395,500.49,500.23,500.36,135116.0
2024-11-18T20:30:00+00:00,500.37,500.539,500.26,500.45,173616.0
2024-11-18T20:35:00+00:00,500.45,500.45,500.01,500.12,347909.0
2024-11-18T20:40:00+00:00,500.4395,500.539,499.99,500.05,910270.0
2024-11-18T20:45:00+00:00,500.06,500.2,499.93,500.16,245876.0
2024-11-18T20:50:00+00:00,500.145,500.38,500.04,500.38,633800.0
2024-11-18T20:55:00+00:00,500.36,500.36,499.5,499.65,751506.0
2024-11-18T21:00:00+00:00,500.06,500.38,499.5,500.01,3057399.0
2024-11-18T21:05:00+00:00,500.0,500.41,499.95,500.41,402276.0
2024-11-18T21:10:00+00:00,500.37,500.37,499.83,499.83,57742.0
2024-11-18T21:15:00+00:00,499.84,500.1,499.84,500.09,779826.0
2024-11-18T21:20:00+00:00,500.0,500.41,499.83,500.0,1247282.0
2024-11-18T21:25:00+00:00,500.0,500.0,499.891,499.9,7151.0
2024-11-18T21:30:00+00:00,499.95,499.98,499.9,499.92,4716.0
2024-11-18T21:35:00+00:00,499.89,499.91,499.79,499.81,4504.0
2024-11-18T21:40:00+00:00,500.0,500.0,499.79,499.86,36561.0
2024-11-18T21:45:00+00:00,499.89,500.03,499.88,500.0,4903.0
2024-11-18T21:50:00+00:00,499.96,500.03,499.9,500.03,9540.0
2024-11-18T21:55:00+00:00,500.04,500.04,500.0,500.0,1357.0
2024-11-18T22:00:00+00:00,499.89,500.04,499.88,499.94,22759.0
2024-11-18T22:05:00+00:00,499.99,500.0,499.97,500.0,800.0
2024-11-18T22:10:00+00:00,500.0,500.16,500.0,500.1525,38497.0
2024-11-18T22:15:00+00:00,500.1,500.1,499.9,500.02,30728.0
2024-11-18T22:20:00+00:00,499.99,500.16,499.86,499.95,82051.0
2024-11-18T22:25:00+00:00,500.0,500.04,499.97,500.0,4893.0
2024-11-18T22:30:00+00:00,499.9595,499.99,499.9595,499.96,8040.0
2024-11-18T22:35:00+00:00,499.95,499.95,499.95,499.95,143.0
2024-11-18T22:40:00+00:00,500.0,500.04,499.95,500.0,13258.0
2024-11-18T22:45:00+00:00,500.0,500.08,500.0,500.0,705.0
2024-11-18T22:50:00+00:00,499.95,500.001,499.95,500.001,2452.0
2024-11-18T22:55:00+00:00,499.96,499.96,499.96,499.96,850.0
2024-11-18T23:00:00+00:00,500.0,500.08,499.95,500.02,4817.0
2024-11-18T23:05:00+00:00,500.11,500.12,499.7,499.75,16557.0
2024-11-18T23:10:00+00:00,499.71,499.71,499.41,499.48,11528.0
2024-11-18T23:15:00+00:00,499.49,499.49,499.4,499.4201,4917.0
2024-11-18T23:20:00+00:00,500.11,500.12,499.4,499.54,38877.0
2024-11-18T23:25:00+00:00,499.58,499.74,499.58,499.67,2861.0
2024-11-18T23:30:00+00:00,499.68,499.77,499.68,499.77,4404.0
2024-11-18T23:35:00+00:00,499.76,499.84,499.76,499.84,3841.0
2024-11-18T23:40:00+00:00,499.58,499.84,499.58,499.6696,15054.0
2024-11-18T23:45:00+00:00,499.66,499.8,499.66,499.75,4395.0
2024-11-18T23:50:00+00:00,499.61,499.661,499.61,499.661,1856.0
2024-11-18T23:55:00+00:00,499.72,499.83,499.72,499.8,2509.0
2024-11-19T00:00:00+00:00,499.66,499.83,499.61,499.8,9870.0
2024-11-19T00:05:00+00:00,499.8,499.93,499.8,499.93,2462.0
2024-11-19T00:10:00+00:00,499.801,499.91,499.801,499.91,4122.0
2024-11-19T00:15:00+00:00,499.9,500.04,499.87,500.04,4846.0
2024-11-19T00:20:00+00:00,499.8,500.48,499.8,500.48,20700.0
2024-11-19T00:25:00+00:00,500.43,500.44,500.32,500.35,5770.0
2024-11-19T00:30:00+00:00,500.39,500.39,500.32,500.32,1009.0
2024-11-19T00:35:00+00:00,500.28,500.28,499.96,499.97,2440.0
2024-11-19T00:40:00+00:00,500.43,500.44,499.72,499.72,16347.0
2024-11-19T00:45:00+00:00,499.73,499.82,499.68,499.68,4871.0
2024-11-19T00:50:00+00:00,499.73,499.74,499.64,499.69,4129.0
2024-11-19T00:55:00+00:00,499.81,499.81,499.72,499.8,1777.0
2024-11-19T01:00:00+00:00,499.73,499.93,499.64,499.92,42839.0
2024-11-19T09:05:00+00:00,499.98,500.45,499.97,500.28,11206.0
2024-11-19T09:10:00+00:00,500.28,500.35,500.1,500.26,6795.0
2024-11-19T09:15:00+00:00,500.36,500.45,500.11,500.12,10313.0
2024-11-19T09:20:00+00:00,499.98,500.45,499.26,499.26,39405.0
2024-11-19T09:25:00+00:00,499.33,499.45,498.99,498.99,8036.0
2024-11-19T09:30:00+00:00,499.04,499.04,497.21,497.44,30016.0
2024-11-19T09:35:00+00:00,497.43,497.74,496.75,497.74,45343.0
2024-11-19T09:40:00+00:00,499.33,499.45,496.75,497.82,95807.0
2024-11-19T09:45:00+00:00,497.69,497.79,497.22,497.24,6867.0
2024-11-19T09:50:00+00:00,497.06,497.68,497.06,497.49,5813.0
2024-11-19T09:55:00+00:00,497.45,498.28,497.33,498.22,9032.0
2024-11-19T10:00:00+00:00,497.69,498.29,497.06,497.88,33284.0
2024-11-19T10:05:00+00:00,498.0,498.27,497.66,498.27,8058.0
2024-11-19T10:10:00+00:00,498.11,498.5,498.08,498.5,4508.0
2024-11-19T10:15:00+00:00,497.93,498.05,497.82,498.01,6561.0
2024-11-19T10:20:00+00:00,498.0,498.98,497.66,498.66,23137.0
2024-11-19T10:25:00+00:00,498.55,498.89,498.39,498.72,6699.0
2024-11-19T10:30:00+00:00,498.8,498.8,498.69,498.73,2850.0
2024-11-19T10:35:00+00:00,498.1,498.43,498.1,498.43,1622.0
2024-11-19T10:40:00+00:00,498.55,498.89,498.1,498.64,17872.0
2024-11-19T10:45:00+00:00,498.68,498.79,498.63,498.75,7196.0
2024-11-19T10:50:00+00:00,498.71,499.09,498.7,499.09,1826.0
2024-11-19T10:55:00+00:00,498.77,498.91,498.72,498.83,2150.0
2024-11-19T11:00:00+00:00,498.68,499.09,498.63,498.85,18578.0
2024-11-19T11:05:00+00:00,498.83,498.97,498.76,498.83,2745.0
2024-11-19T11:10:00+00:00,498.75,498.81,498.68,498.75,1806.0
2024-11-19T11:15:00+00:00,498.7,498.89,498.5,498.89,2594.0
2024-11-19T11:20:00+00:00,498.83,498.97,498.41,498.41,8975.0
2024-11-19T11:25:00+00:00,498.43,498.55,498.31,498.31,2607.0
2024-11-19T11:30:00+00:00,498.47,498.49,498.2,498.2,2898.0
2024-11-19T11:35:00+00:00,498.13,498.47,497.82,498.12,10137.0
2024-11-19T11:40:00+00:00,498.43,498.65,497.82,498.65,19141.0
2024-11-19T11:45:00+00:00,498.58,498.72,498.52,498.72,1365.0
2024-11-19T11:50:00+00:00,498.8,498.92,498.62,498.62,3607.0
2024-11-19T11:55:00+00:00,498.75,498.77,498.65,498.65,17408.0
2024-11-19T12:00:00+00:00,498.58,498.92,498.52,498.86,24533.0
2024-11-19T12:05:00+00:00,498.86,499.3,498.76,499.28,13283.0
2024-11-19T12:10:00+00:00,499.22,499.79,499.22,499.79,30256.0
2024-11-19T12:15:00+00:00,499.78,499.88,499.55,499.68,27493.0
2024-11-19T12:20:00+00:00,498.86,499.88,498.76,499.25,86926.0
2024-11-19T12:25:00+00:00,499.21,499.52,499.18,499.48,8528.0
2024-11-19T12:30:00+00:00,499.56,499.59,499.42,499.55,8546.0
2024-11-19T12:35:00+00:00,499.59,499.59,499.14,499.14,14374.0
2024-11-19T12:40:00+00:00,499.21,499.59,499.059,499.14,43317.0
2024-11-19T12:45:00+00:00,499.1,499.36,499.1,499.36,5075.0
2024-11-19T12:50:00+00:00,499.27,499.42,499.13,499.42,3393.0
2024-11-19T12:55:00+00:00,499.42,499.59,499.17,499.59,8524.0
2024-11-19T13:00:00+00:00,499.1,499.74,499.1,499.69,20707.0
2024-11-19T13:05:00+00:00,499.78,501.2,497.1096,499.45,44887.0
2024-11-19T13:10:00+00:00,499.45,500.395,499.38,499.41,6964.0
2024-11-19T13:15:00+00:00,499.37,499.48,499.27,499.3601,11934.0
2024-11-19T13:20:00+00:00,499.78,501.2,497.1096,498.9001,92306.0
2024-11-19T13:25:00+00:00,498.85,498.91,498.56,498.56,31088.0
2024-11-19T13:30:00+00:00,498.66,498.74,498.48,498.5514,8079.0
2024-11-19T13:35:00+00:00,498.43,498.53,498.0,498.07,22640.0
2024-11-19T13:40:00+00:00,498.85,498.91,497.65,497.68,88190.0
2024-11-19T13:45:00+00:00,497.66,497.7,496.87,497.0,42935.0
2024-11-19T13:50:00+00:00,497.2,497.37,496.15,496.2601,54226.0
2024-11-19T13:55:00+00:00,496.24,496.4,494.9,495.0,122222.0
2024-11-19T14:00:00+00:00,497.66,497.7,494.9,495.04,332671.0
2024-11-19T14:05:00+00:00,494.98,495.13,494.11,495.0,137572.0
2024-11-19T14:10:00+00:00,494.97,496.6,494.5608,496.6,295301.0
2024-11-19T14:15:00+00:00,496.46,496.95,496.0,496.86,116057.0
2024-11-19T14:20:00+00:00,494.98,497.25,494.11,496.9607,585411.0
2024-11-19T14:25:00+00:00,497.0,497.24,496.79,496.9,40300.0
2024-11-19T14:30:00+00:00,496.92,497.37,496.87,497.37,47747.0
2024-11-19T14:35:00+00:00,497.42,498.29,497.17,497.45,885847.0
2024-11-19T14:40:00+00:00,497.0,498.35,496.79,498.33,1403048.0
2024-11-19T14:45:00+00:00,498.3,499.0,498.08,498.805,393377.0
2024-11-19T14:50:00+00:00,498.83,498.85,497.9,498.36,591327.0
2024-11-19T14:55:00+00:00,498.37,498.74,497.23,497.9701,491498.0
2024-11-19T15:00:00+00:00,498.3,499.0,497.23,498.2301,1803646.0
2024-11-19T15:05:00+00:00,498.19,498.32,497.52,498.0051,213667.0
2024-11-19T15:10:00+00:00,498.01,498.54,497.8623,498.54,195775.0
2024-11-19T15:15:00+00:00,498.5157,498.83,497.97,498.3901,257714.0
2024-11-19T15:20:00+00:00,498.19,498.83,497.52,498.6,838321.0
2024-11-19T15:25:00+00:00,498.57,498.7899,498.04,498.78,107483.0
2024-11-19T15:30:00+00:00,498.765,499.44,498.47,499.42,279126.0
2024-11-19T15:35:00+00:00,499.39,499.84,498.91,499.65,366842.0
2024-11-19T15:40:00+00:00,498.57,500.24,498.04,499.94,1166095.0
2024-11-19T15:45:00+00:00,499.95,500.15,499.48,499.93,257146.0
2024-11-19T15:50:00+00:00,499.93,500.37,499.8514,500.3,177448.0
2024-11-19T15:55:00+00:00,500.28,500.7,499.9834,500.21,295095.0
2024-11-19T16:00:00+00:00,499.95,500.7,499.48,500.2593,933003.0
2024-11-19T16:05:00+00:00,500.25,500.77,500.22,500.68,173518.0
2024-11-19T16:10:00+00:00,500.69,500.96,500.45,500.5001,243371.0
2024-11-19T16:15:00+00:00,500.51,500.96,500.51,500.71,166009.0
2024-11-19T16:20:00+00:00,500.25,501.29,500.22,501.14,816603.0
2024-11-19T16:25:00+00:00,501.15,501.15,500.73,501.05,324784.0
2024-11-19T16:30:00+00:00,501.06,501.45,500.9695,501.34,219374.0
2024-11-19T16:35:00+00:00,501.34,501.53,501.13,501.41,248929.0
2024-11-19T16:40:00+00:00,501.15,501.74,500.73,501.45,1223730.0
2024-11-19T16:45:00+00:00,501.48,501.73,501.31,501.52,183905.0
2024-11-19T16:50:00+00:00,501.51,501.5976,501.28,501.53,209159.0
2024-11-19T16:55:00+00:00,501.52,501.54,500.84,500.9099,332832.0
2024-11-19T17:00:00+00:00,501.48,501.73,500.84,501.019,860575.0
2024-11-19T17:05:00+00:00,501.02,501.0799,500.64,500.73,291419.0
2024-11-19T17:10:00+00:00,500.74,501.24,500.73,501.21,93551.0
2024-11-19T17:15:00+00:00,501.21,501.25,501.02,501.145,55733.0
2024-11-19T17:20:00+00:00,501.02,501.45,500.64,501.27,535152.0
2024-11-19T17:25:00+00:00,501.27,501.45,500.39,500.7897,245487.0
2024-11-19T17:30:00+00:00,500.7909,501.41,500.7909,501.3921,93121.0
2024-11-19T17:35:00+00:00,501.38,501.87,501.25,501.86,151709.0
2024-11-19T17:40:00+00:00,501.27,501.9499,500.39,501.73,643684.0
2024-11-19T17:45:00+00:00,501.77,501.91,501.44,501.52,139527.0
2024-11-19T17:50:00+00:00,501.5303,501.62,501.36,501.38,95528.0
2024-11-19T17:55:00+00:00,501.37,501.59,501.29,501.48,72231.0
2024-11-19T18:00:00+00:00,501.77,501.91,501.29,501.62,391922.0
2024-11-19T18:05:00+00:00,501.62,501.66,501.26,501.6002,106090.0
2024-11-19T18:10:00+00:00,501.58,502.11,501.52,502.01,291084.0
2024-11-19T18:15:00+00:00,502.01,502.245,501.94,502.245,180637.0
2024-11-19T18:20:00+00:00,501.62,502.3,501.26,502.22,926270.0
2024-11-19T18:25:00+00:00,502.24,502.35,502.06,502.19,96877.0
2024-11-19T18:30:00+00:00,502.18,502.51,502.16,502.415,185616.0
2024-11-19T18:35:00+00:00,502.4274,502.53,502.2587,502.475,130970.0
2024-11-19T18:40:00+00:00,502.24,503.04,502.06,502.9,643477.0
2024-11-19T18:45:00+00:00,502.91,503.13,502.8,503.1,242772.0
2024-11-19T18:50:00+00:00,503.11,503.62,503.08,503.52,290645.0
2024-11-19T18:55:00+00:00,503.52,503.9536,503.43,503.75,192269.0
2024-11-19T19:00:00+00:00,502.91,503.9536,502.8,503.76,966865.0
2024-11-19T19:05:00+00:00,503.77,503.925,503.54,503.67,160677.0
2024-11-19T19:10:00+00:00,503.67,503.78,503.5301,503.715,172355.0
2024-11-19T19:15:00+00:00,503.6999,503.78,503.63,503.76,169528.0
2024-11-19T19:20:00+00:00,503.77,503.925,503.1347,503.215,805793.0
2024-11-19T19:25:00+00:00,503.2,503.5645,503.2,503.42,135534.0
2024-11-19T19:30:00+00:00,503.37,503.43,502.855,502.86,145427.0
2024-11-19T19:35:00+00:00,502.8699,503.14,502.27,502.38,570292.0
2024-11-19T19:40:00+00:00,503.2,503.5645,501.99,502.2601,1145272.0
2024-11-19T19:45:00+00:00,502.29,502.4336,502.035,502.38,174112.0
2024-11-19T19:50:00+00:00,502.39,502.56,502.13,502.375,291034.0
2024-11-19T19:55:00+00:00,502.36,502.99,502.36,502.95,223803.0
2024-11-19T20:00:00+00:00,502.29,503.04,502.035,502.7023,912554.0
2024-11-19T20:05:00+00:00,502.71,502.8599,502.4699,502.53,345712.0
2024-11-19T20:10:00+00:00,502.57,502.925,502.5695,502.915,735595.0
2024-11-19T20:15:00+00:00,502.93,502.97,502.8199,502.89,282926.0
2024-11-19T20:20:00+00:00,502.71,503.02,502.4699,503.0099,1481013.0
2024-11-19T20:25:00+00:00,502.97,502.99,502.72,502.73,114255.0
2024-11-19T20:30:00+00:00,502.74,503.1,502.74,503.03,352977.0
2024-11-19T20:35:00+00:00,503.0,503.0768,502.85,502.97,109698.0
2024-11-19T20:40:00+00:00,502.97,503.1598,502.72,503.0301,719510.0
2024-11-19T20:45:00+00:00,503.04,503.25,502.9801,503.1,333446.0
2024-11-19T20:50:00+00:00,503.09,503.55,502.98,503.43,244409.0
2024-11-19T20:55:00+00:00,503.45,503.7,502.92,503.07,577678.0
2024-11-19T21:00:00+00:00,503.04,503.7,502.92,503.39,2660587.0
2024-11-19T21:05:00+00:00,503.45,503.88,503.38,503.66,246511.0
2024-11-19T21:10:00+00:00,503.66,503.93,503.46,503.88,52081.0
2024-11-19T21:15:00+00:00,503.87,503.97,503.77,503.91,541120.0
2024-11-19T21:20:00+00:00,503.45,503.97,503.38,503.65,854591.0
2024-11-19T21:25:00+00:00,503.64,503.6588,503.4,503.48,51209.0
2024-11-19T21:30:00+00:00,503.45,503.47,503.35,503.4308,322138.0
2024-11-19T21:35:00+00:00,503.41,503.46,503.3,503.31,15843.0
2024-11-19T21:40:00+00:00,503.64,503.6588,503.3,503.36,395070.0
2024-11-19T21:45:00+00:00,503.34,503.4,503.25,503.4,104388.0
2024-11-19T21:50:00+00:00,503.37,503.39,503.34,503.35,5230.0
2024-11-19T21:55:00+00:00,503.3,503.32,503.26,503.3,1672.0
2024-11-19T22:00:00+00:00,503.34,503.4,503.12,503.12,115944.0
2024-11-19T22:05:00+00:00,503.19,503.2389,503.01,503.11,5209.0
2024-11-19T22:10:00+00:00,503.11,503.22,503.11,503.1201,964.0
2024-11-19T22:15:00+00:00,503.2,503.2,503.14,503.17,1731.0
2024-11-19T22:20:00+00:00,503.19,503.2389,503.01,503.17,9186.0
2024-11-19T22:25:00+00:00,503.1625,503.2,503.1625,503.2,3294.0
2024-11-19T22:30:00+00:00,503.18,503.25,503.17,503.25,2046.0
2024-11-19T22:35:00+00:00,503.17,503.25,503.09,503.241,2820.0
2024-11-19T22:40:00+00:00,503.1625,503.25,503.09,503.17,11783.0
2024-11-19T22:45:00+00:00,503.17,503.23,503.17,503.17,9343.0
2024-11-19T22:50:00+00:00,503.18,503.21,503.18,503.21,1866.0
2024-11-19T22:55:00+00:00,503.21,503.29,503.21,503.29,6100.0
2024-11-19T23:00:00+00:00,503.17,503.29,503.17,503.19,18897.0
2024-11-19T23:05:00+00:00,503.09,503.37,503.07,503.37,16048.0
2024-11-19T23:10:00+00:00,503.46,503.77,503.46,503.77,12058.0
2024-11-19T23:15:00+00:00,503.7,503.74,503.66,503.74,5506.0
2024-11-19T23:20:00+00:00,503.09,503.77,503.07,503.75,45883.0
2024-11-19T23:25:00+00:00,503.75,503.75,503.67,503.7,14013.0
2024-11-19T23:30:00+00:00,503.73,503.78,503.6391,503.6393,3465.0
2024-11-19T23:35:00+00:00,503.6,503.68,503.51,503.68,4357.0
2024-11-19T23:40:00+00:00,503.75,503.78,503.51,503.71,23078.0
2024-11-19T23:45:00+00:00,503.6601,503.85,503.6601,503.8,3927.0
2024-11-19T23:50:00+00:00,503.8,503.8,503.65,503.77,2050.0
2024-11-19T23:55:00+00:00,503.78,503.79,503.73,503.79,3390.0
2024-11-20T00:00:00+00:00,503.6601,503.85,503.65,503.73,10230.0
2024-11-20T00:05:00+00:00,503.81,504.0,503.8,503.963,5373.0
2024-11-20T00:10:00+00:00,504.01,504.09,503.92,504.09,5881.0
2024-11-20T00:15:00+00:00,504.04,504.35,504.04,504.3,12068.0
2024-11-20T00:20:00+00:00,503.81,504.39,503.8,504.39,28657.0
2024-11-20T00:25:00+00:00,504.34,504.95,504.34,504.82,14701.0
2024-11-20T00:30:00+00:00,504.8,504.94,504.72,504.74,12316.0
2024-11-20T00:35:00+00:00,504.76,504.94,504.76,504.8,7233.0
2024-11-20T00:40:00+00:00,504.34,504.95,504.34,504.81,36743.0
2024-11-20T00:45:00+00:00,504.84,504.84,504.77,504.83,3238.0
2024-11-20T00:50:00+00:00,504.86,504.9,504.82,504.86,8895.0
2024-11-20T00:55:00+00:00,504.84,504.84,504.67,504.67,10395.0
2024-11-20T01:00:00+00:00,504.84,504.9,504.42,504.54,35816.0
2024-11-20T09:05:00+00:00,504.22,504.36,504.13,504.19,6549.0
2024-11-20T09:10:00+00:00,504.27,504.54,504.13,504.5,7433.0
2024-11-20T09:15:00+00:00,504.5,504.91,504.5,504.91,1644.0
2024-11-20T09:20:00+00:00,504.22,504.91,504.13,504.87,17681.0
2024-11-20T09:25:00+00:00,504.84,504.97,504.7,504.7,6765.0
2024-11-20T09:30:00+00:00,504.79,504.79,504.7,504.7,921.0
2024-11-20T09:35:00+00:00,504.6,504.66,504.36,504.37,8184.0
2024-11-20T09:40:00+00:00,504.84,504.97,504.36,504.6,26473.0
2024-11-20T09:45:00+00:00,504.6,504.6,504.49,504.49,2980.0
2024-11-20T09:50:00+00:00,504.31,504.34,504.04,504.04,7575.0
2024-11-20T09:55:00+00:00,504.04,504.32,503.89,504.27,12641.0
2024-11-20T10:00:00+00:00,504.6,504.6,503.89,504.19,29121.0
2024-11-20T10:05:00+00:00,503.96,504.0,503.86,504.0,7247.0
2024-11-20T10:10:00+00:00,503.98,504.21,503.97,504.04,6884.0
2024-11-20T10:15:00+00:00,504.17,504.17,504.08,504.08,1361.0
2024-11-20T10:20:00+00:00,503.96,504.21,503.82,503.82,17541.0
2024-11-20T10:25:00+00:00,503.71,503.74,503.43,503.73,9686.0
2024-11-20T10:30:00+00:00,503.89,503.97,503.32,503.39,3018.0
2024-11-20T10:35:00+00:00,503.39,503.39,503.25,503.38,2561.0
2024-11-20T10:40:00+00:00,503.71,503.97,503.25,503.86,16119.0
2024-11-20T10:45:00+00:00,503.95,503.95,503.87,503.87,980.0
2024-11-20T10:50:00+00:00,504.08,504.08,503.84,503.84,439.0
2024-11-20T10:55:00+00:00,504.01,504.06,504.01,504.06,1379.0
2024-11-20T11:00:00+00:00,503.95,504.08,503.7,503.78,5250.0
2024-11-20T11:05:00+00:00,503.73,504.04,503.66,504.04,4284.0
2024-11-20T11:10:00+00:00,504.05,504.2,504.05,504.2,2760.0
2024-11-20T11:15:00+00:00,504.26,504.26,503.98,503.98,900.0
2024-11-20T11:20:00+00:00,503.73,504.26,503.66,504.21,9383.0
2024-11-20T11:25:00+00:00,504.09,504.4,504.09,504.35,3179.0
2024-11-20T11:30:00+00:00,504.34,504.34,504.09,504.21,2858.0
2024-11-20T11:35:00+00:00,504.13,504.23,503.97,504.06,14743.0
2024-11-20T11:40:00+00:00,504.09,504.4,503.82,503.84,24848.0
2024-11-20T11:45:00+00:00,503.8,504.06,503.78,504.06,2761.0
2024-11-20T11:50:00+00:00,504.04,504.19,504.04,504.17,6228.0
2024-11-20T11:55:00+00:00,504.22,504.22,504.15,504.15,1079.0
2024-11-20T12:00:00+00:00,503.8,504.25,503.78,504.25,12144.0
2024-11-20T12:05:00+00:00,504.17,504.62,504.08,504.57,22084.0
2024-11-20T12:10:00+00:00,504.58,504.6,504.3,504.399,7435.0
2024-11-20T12:15:00+00:00,504.39,504.66,504.25,504.66,6633.0
2024-11-20T12:20:00+00:00,504.17,504.84,504.08,504.81,42632.0
2024-11-20T12:25:00+00:00,504.73,504.83,504.69,504.69,4786.0
2024-11-20T12:30:00+00:00,504.63,504.71,504.56,504.67,6591.0
2024-11-20T12:35:00+00:00,504.62,504.76,504.38,504.38,3914.0
2024-11-20T12:40:00+00:00,504.73,504.83,504.38,504.5,20198.0
2024-11-20T12:45:00+00:00,504.49,504.63,504.45,504.62,2846.0
2024-11-20T12:50:00+00:00,504.6,504.75,504.6,504.75,6983.0
2024-11-20T12:55:00+00:00,504.66,504.74,504.6,504.74,4517.0
2024-11-20T13:00:00+00:00,504.49,504.84,504.45,504.78,16130.0
2024-11-20T13:05:00+00:00,504.7,505.25,503.914,504.9,39507.0
2024-11-20T13:10:00+00:00,504.88,504.98,504.72,504.78,14725.0
2024-11-20T13:15:00+00:00,504.78,504.8,504.639,504.73,7977.0
2024-11-20T13:20:00+00:00,504.7,505.25,503.914,504.9,70896.0
2024-11-20T13:25:00+00:00,504.9,504.96,504.84,504.86,9133.0
2024-11-20T13:30:00+00:00,504.88,504.91,504.63,504.7,15751.0
2024-11-20T13:35:00+00:00,504.67,504.67,504.4,504.48,12938.0
2024-11-20T13:40:00+00:00,504.9,504.96,504.36,504.36,52643.0
2024-11-20T13:45:00+00:00,504.33,504.36,504.21,504.2334,11763.0
2024-11-20T13:50:00+00:00,504.27,504.33,504.01,504.05,17384.0
2024-11-20T13:55:00+00:00,504.0201,504.2,504.01,504.11,20828.0
2024-11-20T14:00:00+00:00,504.33,504.36,503.9771,504.16,67233.0
2024-11-20T14:05:00+00:00,504.04,504.12,503.69,503.71,24775.0
2024-11-20T14:10:00+00:00,503.74,503.9,503.73,503.87,13645.0
2024-11-20T14:15:00+00:00,503.8,503.8,503.46,503.46,24571.0
2024-11-20T14:20:00+00:00,504.04,504.12,503.41,503.48,104718.0
2024-11-20T14:25:00+00:00,503.5,503.5,502.55,502.73,141671.0
2024-11-20T14:30:00+00:00,502.94,503.4,502.81,503.15,101504.0
2024-11-20T14:35:00+00:00,503.16,503.21,502.2018,502.44,1086034.0
2024-11-20T14:40:00+00:00,503.5,503.5,500.96,501.02,1974976.0
2024-11-20T14:45:00+00:00,501.03,501.18,500.38,500.85,559526.0
2024-11-20T14:50:00+00:00,500.85,501.24,500.4408,500.87,556652.0
2024-11-20T14:55:00+00:00,500.8799,501.16,500.41,500.6,367983.0
2024-11-20T15:00:00+00:00,501.03,501.24,499.8,499.83,1840790.0
2024-11-20T15:05:00+00:00,499.9,500.58,499.57,499.65,368934.0
2024-11-20T15:10:00+00:00,499.62,499.65,498.1,498.23,569695.0
2024-11-20T15:15:00+00:00,498.21,498.32,497.562,497.83,668069.0
2024-11-20T15:20:00+00:00,499.9,500.58,497.1,497.35,2246106.0
2024-11-20T15:25:00+00:00,497.34,497.81,496.555,497.64,798749.0
2024-11-20T15:30:00+00:00,497.63,498.02,497.43,497.57,630552.0
2024-11-20T15:35:00+00:00,497.56,498.87,497.38,498.53,948586.0
2024-11-20T15:40:00+00:00,497.34,499.25,496.555,499.18,2860308.0
2024-11-20T15:45:00+00:00,499.21,499.32,498.71,499.15,382446.0
2024-11-20T15:50:00+00:00,499.13,500.15,499.13,500.03,398162.0
2024-11-20T15:55:00+00:00,500.03,500.0899,499.67,499.9399,425328.0
2024-11-20T16:00:00+00:00,499.21,500.41,498.71,500.14,1490126.0
2024-11-20T16:05:00+00:00,500.13,500.57,499.98,500.23,299546.0
2024-11-20T16:10:00+00:00,500.26,500.37,499.565,499.88,373689.0
2024-11-20T16:15:00+00:00,499.89,500.03,499.03,499.245,329372.0
2024-11-20T16:20:00+00:00,500.13,500.57,498.99,499.32,1175510.0
2024-11-20T16:25:00+00:00,499.34,499.56,499.11,499.215,150771.0
2024-11-20T16:30:00+00:00,499.21,499.3261,498.58,498.65,208024.0
2024-11-20T16:35:00+00:00,498.69,498.76,498.24,498.73,169532.0
2024-11-20T16:40:00+00:00,499.34,499.7694,498.24,499.57,1253145.0
2024-11-20T16:45:00+00:00,499.57,500.47,499.5,500.4508,216886.0
2024-11-20T16:50:00+00:00,500.48,501.25,500.3201,501.24,452217.0
2024-11-20T16:55:00+00:00,501.21,501.86,501.13,501.77,408404.0
2024-11-20T17:00:00+00:00,499.57,502.09,499.5,501.63,1578183.0
2024-11-20T17:05:00+00:00,501.62,502.05,501.33,501.43,293951.0
2024-11-20T17:10:00+00:00,501.43,501.54,500.78,500.831,254246.0
2024-11-20T17:15:00+00:00,500.875,501.01,500.11,500.22,272418.0
2024-11-20T17:20:00+00:00,501.62,502.05,499.72,499.77,990415.0
2024-11-20T17:25:00+00:00,499.74,499.81,499.01,499.345,228131.0
2024-11-20T17:30:00+00:00,499.33,500.2996,499.28,500.2299,203227.0
2024-11-20T17:35:00+00:00,500.2,500.5209,500.0033,500.3701,164596.0
2024-11-20T17:40:00+00:00,499.74,500.79,499.01,500.65,728338.0
2024-11-20T17:45:00+00:00,500.65,500.7591,500.08,500.2,169270.0
2024-11-20T17:50:00+00:00,500.22,500.76,500.15,500.74,147360.0
2024-11-20T17:55:00+00:00,500.74,500.89,499.7,499.7,178177.0
2024-11-20T18:00:00+00:00,500.65,500.89,499.39,499.68,680327.0
2024-11-20T18:05:00+00:00,499.69,500.2,499.635,500.06,203332.0
2024-11-20T18:10:00+00:00,500.03,500.08,499.7,499.73,151956.0
2024-11-20T18:15:00+00:00,499.75,500.08,499.59,499.85,136135.0
2024-11-20T18:20:00+00:00,499.69,500.2,499.36,499.38,588731.0
2024-11-20T18:25:00+00:00,499.39,500.0399,499.08,499.93,274441.0
2024-11-20T18:30:00+00:00,499.97,500.26,499.86,500.15,328777.0
2024-11-20T18:35:00+00:00,500.12,500.12,499.56,499.66,111164.0
2024-11-20T18:40:00+00:00,499.39,500.26,499.08,499.22,809328.0
2024-11-20T18:45:00+00:00,499.2,499.4,498.67,498.86,207591.0
2024-11-20T18:50:00+00:00,498.87,499.04,498.47,498.89,248892.0
2024-11-20T18:55:00+00:00,498.91,499.0795,498.78,498.98,151139.0
2024-11-20T19:00:00+00:00,499.2,499.4,498.47,499.275,760407.0
2024-11-20T19:05:00+00:00,499.222,499.37,498.94,499.2212,100222.0
2024-11-20T19:10:00+00:00,499.25,499.25,498.6538,498.78,167146.0
2024-11-20T19:15:00+00:00,498.7421,498.96,498.68,498.87,108357.0
2024-11-20T19:20:00+00:00,499.222,499.37,498.64,498.7301,520645.0
2024-11-20T19:25:00+00:00,498.71,498.93,498.5,498.5498,134792.0
2024-11-20T19:30:00+00:00,498.56,498.94,498.56,498.84,106348.0
2024-11-20T19:35:00+00:00,498.78,499.15,498.7,499.09,144422.0
2024-11-20T19:40:00+00:00,498.71,499.38,498.5,499.28,1007209.0
2024-11-20T19:45:00+00:00,499.24,500.0,499.2251,499.9727,168953.0
2024-11-20T19:50:00+00:00,499.99,500.2,499.84,500.019,176470.0
2024-11-20T19:55:00+00:00,500.02,500.08,499.6621,499.74,439957.0
2024-11-20T20:00:00+00:00,499.24,500.2,499.2251,499.75,890494.0
2024-11-20T20:05:00+00:00,499.6575,499.76,499.44,499.6499,198901.0
2024-11-20T20:10:00+00:00,499.64,499.8,499.4,499.7868,216255.0
2024-11-20T20:15:00+00:00,499.78,500.0,499.74,499.83,146214.0
2024-11-20T20:20:00+00:00,499.6575,500.11,499.4,500.0,801558.0
2024-11-20T20:25:00+00:00,500.01,500.42,500.01,500.41,190470.0
2024-11-20T20:30:00+00:00,500.36,500.88,500.36,500.8302,256666.0
2024-11-20T20:35:00+00:00,500.86,502.43,500.86,502.43,515503.0
2024-11-20T20:40:00+00:00,500.01,502.72,500.01,502.52,1431275.0
2024-11-20T20:45:00+00:00,502.53,502.8283,501.88,502.17,450590.0
2024-11-20T20:50:00+00:00,502.19,502.8,502.01,502.62,239085.0
2024-11-20T20:55:00+00:00,502.62,503.22,502.45,502.84,671976.0
2024-11-20T21:00:00+00:00,502.53,503.48,501.88,503.19,2543333.0
2024-11-20T21:05:00+00:00,503.2,504.0,503.17,503.8,166856.0
2024-11-20T21:10:00+00:00,503.7993,503.91,503.17,503.581,368663.0
2024-11-20T21:15:00+00:00,503.57,503.8,503.42,503.58,152653.0
2024-11-20T21:20:00+00:00,503.2,504.0,503.17,503.56,711879.0
2024-11-20T21:25:00+00:00,503.5601,503.5601,499.48,502.26,538040.0
2024-11-20T21:30:00+00:00,502.42,502.45,501.0,501.0,184640.0
2024-11-20T21:35:00+00:00,501.0,502.29,500.5,502.29,141837.0
2024-11-20T21:40:00+00:00,503.5601,503.5601,499.48,501.72,937285.0
2024-11-20T21:45:00+00:00,501.71,502.3,501.6,502.2,30333.0
2024-11-20T21:50:00+00:00,502.2,502.75,502.2,502.58,46532.0
2024-11-20T21:55:00+00:00,502.6401,502.6401,502.31,502.41,9749.0
2024-11-20T22:00:00+00:00,501.71,503.0,501.6,502.9,140895.0
2024-11-20T22:05:00+00:00,502.98,503.6313,502.76,503.59,41750.0
2024-11-20T22:10:00+00:00,503.5,503.59,503.28,503.5,41825.0
2024-11-20T22:15:00+00:00,503.5,503.589,503.12,503.2103,38883.0
2024-11-20T22:20:00+00:00,502.98,503.6313,502.76,503.51,144040.0
2024-11-20T22:25:00+00:00,503.499,503.5,502.78,502.78,29037.0
2024-11-20T22:30:00+00:00,502.8,502.99,502.721,502.95,23505.0
2024-11-20T22:35:00+00:00,502.98,502.98,502.85,502.85,2276.0
2024-11-20T22:40:00+00:00,503.499,503.5,502.5301,502.55,73571.0
2024-11-20T22:45:00+00:00,502.6,502.63,502.27,502.38,8487.0
2024-11-20T22:50:00+00:00,502.24,502.57,502.13,502.57,19644.0
2024-11-20T22:55:00+00:00,502.5497,502.7916,502.51,502.75,12511.0
2024-11-20T23:00:00+00:00,502.6,502.87,502.13,502.86,54999.0
2024-11-20T23:05:00+00:00,502.72,502.7692,502.28,502.6,32042.0
2024-11-20T23:10:00+00:00,502.65,502.7,502.5816,502.65,2313.0
2024-11-20T23:15:00+00:00,502.64,502.65,502.14,502.14,32270.0
2024-11-20T23:20:00+00:00,502.72,502.7692,501.72,501.96,96244.0
2024-11-20T23:25:00+00:00,501.97,502.41,501.94,502.41,11266.0
2024-11-20T23:30:00+00:00,502.37,502.68,502.37,502.64,2735.0
2024-11-20T23:35:00+00:00,502.67,503.35,502.67,503.16,15014.0
2024-11-20T23:40:00+00:00,501.97,503.35,501.94,503.3,46106.0
2024-11-20T23:45:00+00:00,503.31,503.38,503.23,503.279,6568.0
2024-11-20T23:50:00+00:00,503.32,503.32,503.23,503.23,500.0
2024-11-20T23:55:00+00:00,503.22,503.24,503.15,503.19,8138.0
2024-11-21T00:00:00+00:00,503.31,503.38,503.15,503.21,19910.0
2024-11-21T00:05:00+00:00,503.27,503.28,502.6,502.6,4663.0
2024-11-21T00:10:00+00:00,502.48,502.5399,502.29,502.4,3439.0
2024-11-21T00:15:00+00:00,502.491,502.491,502.3,502.3,943.0
2024-11-21T00:20:00+00:00,503.27,503.28,502.14,502.17,10803.0
2024-11-21T00:25:00+00:00,502.261,502.31,502.08,502.08,5946.0
2024-11-21T00:30:00+00:00,502.1,502.1,501.83,501.88,7792.0
2024-11-21T00:35:00+00:00,501.8,501.8,501.55,501.58,23185.0
2024-11-21T00:40:00+00:00,502.261,502.31,501.47,501.84,46914.0
2024-11-21T00:45:00+00:00,501.79,502.0404,501.73,502.0404,5047.0
2024-11-21T00:50:00+00:00,501.9,501.93,501.0,501.0,21916.0
2024-11-21T00:55:00+00:00,501.03,501.25,500.85,501.06,19682.0
2024-11-21T01:00:00+00:00,501.79,502.0404,500.73,500.73,66441.0
2024-11-21T09:05:00+00:00,501.4,501.46,500.91,500.95,9589.0
2024-11-21T09:10:00+00:00,500.79,500.86,500.38,500.38,21575.0
2024-11-21T09:15:00+00:00,500.36,500.63,500.2,500.4,8882.0
2024-11-21T09:20:00+00:00,501.4,501.46,499.97,499.99,45188.0
2024-11-21T09:25:00+00:00,499.94,500.14,499.9,499.91,4565.0
2024-11-21T09:30:00+00:00,499.99,500.32,499.55,499.73,6471.0
2024-11-21T09:35:00+00:00,499.73,500.28,499.62,500.08,10812.0
2024-11-21T09:40:00+00:00,499.94,500.32,499.55,499.94,27135.0
2024-11-21T09:45:00+00:00,500.01,500.56,499.96,500.45,10058.0
2024-11-21T09:50:00+00:00,500.45,501.07,500.45,500.79,23638.0
2024-11-21T09:55:00+00:00,500.68,500.76,500.59,500.65,2119.0
2024-11-21T10:00:00+00:00,500.01,501.07,499.96,500.79,44115.0
2024-11-21T10:05:00+00:00,500.67,500.72,500.4,500.72,3123.0
2024-11-21T10:10:00+00:00,501.0,501.19,501.0,501.19,2922.0
2024-11-21T10:15:00+00:00,500.94,501.16,500.94,501.07,2132.0
2024-11-21T10:20:00+00:00,500.67,501.19,500.4,500.98,8874.0
2024-11-21T10:25:00+00:00,500.93,501.05,500.93,501.0,1815.0
2024-11-21T10:30:00+00:00,500.85,500.98,500.85,500.98,467.0
2024-11-21T10:35:00+00:00,500.97,501.21,500.97,501.21,3420.0
2024-11-21T10:40:00+00:00,500.93,501.6,500.85,501.53,15736.0
2024-11-21T10:45:00+00:00,501.5,501.65,501.5,501.58,8590.0
2024-11-21T10:50:00+00:00,501.64,501.64,501.28,501.4,3222.0
2024-11-21T10:55:00+00:00,501.39,501.46,501.29,501.29,7611.0
2024-11-21T11:00:00+00:00,501.5,501.65,501.25,501.56,45421.0
2024-11-21T11:05:00+00:00,501.54,502.18,501.54,502.01,35245.0
2024-11-21T11:10:00+00:00,501.8,502.56,501.74,502.56,24965.0
2024-11-21T11:15:00+00:00,502.33,502.42,502.08,502.41,5322.0
2024-11-21T11:20:00+00:00,501.54,502.89,501.54,502.76,76702.0
2024-11-21T11:25:00+00:00,502.64,502.98,502.64,502.89,8859.0
2024-11-21T11:30:00+00:00,502.78,502.78,502.65,502.65,14507.0
2024-11-21T11:35:00+00:00,502.98,503.0,502.06,502.56,26302.0
2024-11-21T11:40:00+00:00,502.64,503.0,502.06,502.31,70090.0
2024-11-21T11:45:00+00:00,502.5,502.65,502.26,502.65,53715.0
2024-11-21T11:50:00+00:00,502.65,502.76,502.64,502.67,9754.0
2024-11-21T11:55:00+00:00,502.61,502.81,502.45,502.81,28663.0
2024-11-21T12:00:00+00:00,502.5,502.83,502.26,502.81,119241.0
2024-11-21T12:05:00+00:00,502.75,503.399,502.6,503.399,48379.0
2024-11-21T12:10:00+00:00,503.39,503.66,503.27,503.66,23579.0
2024-11-21T12:15:00+00:00,503.58,504.09,503.52,504.0,36185.0
2024-11-21T12:20:00+00:00,502.75,504.58,502.6,504.49,133183.0
2024-11-21T12:25:00+00:00,504.51,504.54,504.22,504.25,30723.0
2024-11-21T12:30:00+00:00,504.5,504.529,504.04,504.15,52217.0
2024-11-21T12:35:00+00:00,504.15,504.4,503.78,503.98,28512.0
2024-11-21T12:40:00+00:00,504.51,504.54,503.71,503.84,138058.0
2024-11-21T12:45:00+00:00,504.02,504.581,504.02,504.581,14589.0
2024-11-21T12:50:00+00:00,504.5,504.6,503.75,503.82,41068.0
2024-11-21T12:55:00+00:00,503.84,503.88,503.28,503.32,26443.0
2024-11-21T13:00:00+00:00,504.02,504.6,503.28,503.5,95124.0
2024-11-21T13:05:00+00:00,502.61,504.55,500.0,503.55,110476.0
2024-11-21T13:10:00+00:00,503.52,503.84,503.5,503.5,10691.0
2024-11-21T13:15:00+00:00,503.58,504.15,503.56,504.12,19855.0
2024-11-21T13:20:00+00:00,502.61,504.84,500.0,504.84,192121.0
2024-11-21T13:25:00+00:00,504.86,505.0,504.67,504.87,86062.0
2024-11-21T13:30:00+00:00,504.93,505.04,504.79,504.99,25554.0
2024-11-21T13:35:00+00:00,505.0,505.88,505.0,505.58,85212.0
2024-11-21T13:40:00+00:00,504.86,506.05,504.67,506.04,233139.0
2024-11-21T13:45:00+00:00,505.97,506.18,505.78,505.88,28297.0
2024-11-21T13:50:00+00:00,505.92,505.92,505.29,505.75,36853.0
2024-11-21T13:55:00+00:00,505.83,505.83,505.39,505.63,31594.0
2024-11-21T14:00:00+00:00,505.97,506.18,505.29,505.48,140139.0
2024-11-21T14:05:00+00:00,505.54,506.05,505.54,505.89,36722.0
2024-11-21T14:10:00+00:00,505.9,506.1,505.7996,506.0696,19556.0
2024-11-21T14:15:00+00:00,506.07,506.31,505.8,506.31,28939.0
2024-11-21T14:20:00+00:00,505.54,506.55,505.54,506.0,108591.0
2024-11-21T14:25:00+00:00,506.06,506.53,506.02,506.42,21731.0
2024-11-21T14:30:00+00:00,506.38,506.4884,506.05,506.26,61584.0
2024-11-21T14:35:00+00:00,506.24,506.96,503.98,504.35,1147172.0
2024-11-21T14:40:00+00:00,506.06,506.96,500.36,500.93,2578077.0
2024-11-21T14:45:00+00:00,500.92,502.14,500.31,501.9363,1130575.0
2024-11-21T14:50:00+00:00,501.94,503.96,501.87,503.705,743155.0
2024-11-21T14:55:00+00:00,503.62,504.08,501.9204,502.36,589201.0
2024-11-21T15:00:00+00:00,500.92,504.08,500.31,501.31,3142072.0
2024-11-21T15:05:00+00:00,501.31,501.36,499.74,500.03,926681.0
2024-11-21T15:10:00+00:00,500.07,500.2,499.07,499.93,674528.0
2024-11-21T15:15:00+00:00,499.9,501.7637,499.4801,501.6,768769.0
2024-11-21T15:20:00+00:00,501.31,502.4199,499.07,501.685,2867583.0
2024-11-21T15:25:00+00:00,501.67,502.11,499.38,499.77,695753.0
2024-11-21T15:30:00+00:00,499.8,500.1209,497.77,497.91,580247.0
2024-11-21T15:35:00+00:00,497.91,498.77,497.56,498.52,659001.0
2024-11-21T15:40:00+00:00,501.67,502.11,497.56,498.19,3255165.0
2024-11-21T15:45:00+00:00,498.14,499.51,497.94,499.32,517942.0
2024-11-21T15:50:00+00:00,499.33,500.54,499.31,500.48,591640.0
2024-11-21T15:55:00+00:00,500.51,501.22,500.03,501.22,509306.0
2024-11-21T16:00:00+00:00,498.14,502.242,497.94,502.2,2106434.0
2024-11-21T16:05:00+00:00,502.22,502.91,502.09,502.51,494712.0
2024-11-21T16:10:00+00:00,502.49,503.17,501.84,502.13,335021.0
2024-11-21T16:15:00+00:00,502.135,502.79,501.76,502.65,271007.0
2024-11-21T16:20:00+00:00,502.22,503.17,501.76,501.92,1346109.0
2024-11-21T16:25:00+00:00,501.91,503.06,501.8,503.0499,534800.0
2024-11-21T16:30:00+00:00,503.03,503.9399,502.87,503.9399,358452.0
2024-11-21T16:35:00+00:00,503.92,504.2,503.6322,503.82,318814.0
2024-11-21T16:40:00+00:00,501.91,504.2,501.8,502.74,1659681.0
2024-11-21T16:45:00+00:00,502.87,503.53,502.7607,503.24,256383.0
2024-11-21T16:50:00+00:00,503.26,503.29,501.935,502.3537,324799.0
2024-11-21T16:55:00+00:00,502.32,502.66,502.17,502.34,132048.0
2024-11-21T17:00:00+00:00,502.87,503.53,501.935,502.77,891573.0
2024-11-21T17:05:00+00:00,502.8,502.9,501.964,502.03,193203.0
2024-11-21T17:10:00+00:00,502.0,503.025,501.95,503.0,217765.0
2024-11-21T17:15:00+00:00,503.03,503.25,502.8139,502.9913,202055.0
2024-11-21T17:20:00+00:00,502.8,503.46,501.95,503.4,827440.0
2024-11-21T17:25:00+00:00,503.4,503.89,503.04,503.71,159493.0
2024-11-21T17:30:00+00:00,503.71,504.67,503.47,504.29,390867.0
2024-11-21T17:35:00+00:00,504.285,504.78,504.2,504.625,353434.0
2024-11-21T17:40:00+00:00,503.4,504.85,503.04,504.66,1176395.0
2024-11-21T17:45:00+00:00,504.68,505.49,504.51,505.33,308786.0
2024-11-21T17:50:00+00:00,505.34,505.77,505.046,505.05,424026.0
2024-11-21T17:55:00+00:00,505.05,505.24,504.85,504.9499,210149.0
2024-11-21T18:00:00+00:00,504.68,505.77,504.51,504.8301,1221023.0
2024-11-21T18:05:00+00:00,504.86,505.11,504.6901,505.05,222420.0
2024-11-21T18:10:00+00:00,505.01,505.5,504.96,505.37,213232.0
2024-11-21T18:15:00+00:00,505.37,505.81,505.2623,505.3146,239951.0
2024-11-21T18:20:00+00:00,504.86,505.81,504.6901,504.96,846301.0
2024-11-21T18:25:00+00:00,504.98,505.42,504.6904,505.32,161607.0
2024-11-21T18:30:00+00:00,505.34,505.56,504.97,505.52,164900.0
2024-11-21T18:35:00+00:00,505.53,505.96,505.5274,505.83,296264.0
2024-11-21T18:40:00+00:00,504.98,505.99,504.6904,505.3,793458.0
2024-11-21T18:45:00+00:00,505.31,505.64,505.0101,505.6,142142.0
2024-11-21T18:50:00+00:00,505.5701,505.8,505.45,505.45,122783.0
2024-11-21T18:55:00+00:00,505.49,505.68,505.21,505.68,121456.0
2024-11-21T19:00:00+00:00,505.31,505.99,505.0101,505.79,574293.0
2024-11-21T19:05:00+00:00,505.78,506.06,505.39,505.55,205983.0
2024-11-21T19:10:00+00:00,505.55,505.62,504.7,504.76,271432.0
2024-11-21T19:15:00+00:00,504.73,505.05,504.5,504.89,277912.0
2024-11-21T19:20:00+00:00,505.78,506.06,504.2019,504.33,933225.0
2024-11-21T19:25:00+00:00,504.31,505.36,504.295,505.27,239695.0
2024-11-21T19:30:00+00:00,505.27,505.48,505.07,505.185,264222.0
2024-11-21T19:35:00+00:00,505.22,505.38,504.7,505.35,192955.0
2024-11-21T19:40:00+00:00,504.31,505.76,504.295,505.73,1027732.0
2024-11-21T19:45:00+00:00,505.72,505.73,505.42,505.61,374247.0
2024-11-21T19:50:00+00:00,505.6,505.62,505.1,505.405,129289.0
2024-11-21T19:55:00+00:00,505.42,505.42,504.8,505.3,215393.0
2024-11-21T20:00:00+00:00,505.72,505.73,504.8,505.5601,915788.0
2024-11-21T20:05:00+00:00,505.54,505.97,505.42,505.73,192420.0
2024-11-21T20:10:00+00:00,505.76,506.14,505.69,506.08,329679.0
2024-11-21T20:15:00+00:00,506.07,506.3,505.9513,506.13,256040.0
2024-11-21T20:20:00+00:00,505.54,506.34,505.42,506.2,946334.0
2024-11-21T20:25:00+00:00,506.19,506.25,505.9135,505.95,341919.0
2024-11-21T20:30:00+00:00,505.9599,506.14,505.86,506.1199,178522.0
2024-11-21T20:35:00+00:00,506.09,506.18,505.62,505.67,216161.0
2024-11-21T20:40:00+00:00,506.19,506.25,505.1,505.47,1008666.0
2024-11-21T20:45:00+00:00,505.48,505.63,505.14,505.5689,326013.0
2024-11-21T20:50:00+00:00,505.55,505.63,505.2464,505.3499,341710.0
2024-11-21T20:55:00+00:00,505.42,505.4979,505.04,505.15,675973.0
2024-11-21T21:00:00+00:00,505.48,505.63,504.86,504.98,2597157.0
2024-11-21T21:05:00+00:00,504.99,505.13,504.71,504.85,144264.0
2024-11-21T21:10:00+00:00,504.87,504.98,504.43,504.59,209071.0
2024-11-21T21:15:00+00:00,504.61,504.77,504.53,504.71,42885.0
2024-11-21T21:20:00+00:00,504.99,505.13,504.4,504.4,1365950.0
2024-11-21T21:25:00+00:00,504.45,504.46,504.21,504.35,44071.0
2024-11-21T21:30:00+00:00,504.3,504.36,504.25,504.3,39293.0
2024-11-21T21:35:00+00:00,504.29,504.55,504.29,504.47,9795.0
2024-11-21T21:40:00+00:00,504.45,504.58,504.21,504.4411,103728.0
2024-11-21T21:45:00+00:00,504.3001,504.3599,504.24,504.3599,4255.0
2024-11-21T21:50:00+00:00,504.25,504.41,504.2,504.41,16260.0
2024-11-21T21:55:00+00:00,504.49,504.68,504.34,504.41,8192.0
2024-11-21T22:00:00+00:00,504.3001,504.68,504.2,504.26,33209.0
2024-11-21T22:05:00+00:00,504.3001,504.32,504.3,504.32,967.0
2024-11-21T22:10:00+00:00,504.32,504.39,504.29,504.3,2501.0
2024-11-21T22:15:00+00:00,504.31,504.38,504.21,504.38,9163.0
2024-11-21T22:20:00+00:00,504.3001,504.39,504.21,504.22,13861.0
2024-11-21T22:25:00+00:00,504.309,504.372,504.309,504.372,1234.0
2024-11-21T22:40:00+00:00,504.309,505.04,504.309,504.4662,22371.0
2024-11-21T22:45:00+00:00,504.3801,504.3801,504.27,504.27,1916.0
2024-11-21T22:50:00+00:00,504.27,504.27,504.2699,504.27,766.0
2024-11-21T22:55:00+00:00,504.25,504.25,504.23,504.23,840.0
2024-11-21T23:00:00+00:00,504.3801,504.4,504.23,504.2511,7603.0
2024-11-21T23:05:00+00:00,504.25,504.25,503.74,504.07,25447.0
2024-11-21T23:10:00+00:00,504.07,504.07,503.9599,504.01,1665.0
2024-11-21T23:15:00+00:00,504.24,504.24,504.2,504.2,1516.0
2024-11-21T23:20:00+00:00,504.25,504.25,503.74,504.061,30413.0
2024-11-21T23:25:00+00:00,504.04,504.09,504.04,504.06,953.0
2024-11-21T23:30:00+00:00,504.35,504.39,504.34,504.34,2520.0
2024-11-21T23:35:00+00:00,504.451,504.5,504.4104,504.49,5645.0
2024-11-21T23:40:00+00:00,504.04,504.53,504.04,504.31,12525.0
2024-11-21T23:50:00+00:00,504.2,504.2,503.97,503.98,4586.0
2024-11-21T23:55:00+00:00,503.97,503.97,503.46,503.79,22282.0
2024-11-22T00:00:00+00:00,504.2,504.2,503.46,503.84,38912.0
2024-11-22T00:05:00+00:00,503.68,504.05,503.65,504.05,4854.0
2024-11-22T00:10:00+00:00,504.13,504.18,504.0,504.05,3627.0
2024-11-22T00:15:00+00:00,503.9499,503.9499,503.7899,503.82,5501.0
2024-11-22T00:20:00+00:00,503.68,504.18,503.65,504.1105,18124.0
2024-11-22T00:25:00+00:00,504.11,504.11,504.04,504.04,359.0
2024-11-22T00:30:00+00:00,504.15,504.2,504.13,504.14,5114.0
2024-11-22T00:35:00+00:00,504.12,504.12,503.81,503.9,7846.0
2024-11-22T00:40:00+00:00,504.11,504.2,503.81,503.94,13893.0
2024-11-22T00:45:00+00:00,503.94,503.9583,503.85,503.85,2122.0
2024-11-22T00:50:00+00:00,503.85,503.85,503.57,503.61,12277.0
2024-11-22T00:55:00+00:00,503.64,503.93,503.63,503.93,5988.0
2024-11-22T01:00:00+00:00,503.94,503.9583,503.57,503.72,25925.0
2024-11-22T09:05:00+00:00,504.46,504.84,504.39,504.49,4501.0
2024-11-22T09:10:00+00:00,504.74,504.74,504.02,504.02,5294.0
2024-11-22T09:15:00+00:00,503.86,504.06,503.75,503.95,4143.0
2024-11-22T09:20:00+00:00,504.46,504.84,503.75,503.84,15591.0
2024-11-22T09:25:00+00:00,503.9,504.01,503.6,503.6,1946.0
2024-11-22T09:30:00+00:00,503.44,503.44,502.4,502.91,9981.0
2024-11-22T09:35:00+00:00,502.6,502.69,502.1,502.37,3942.0
2024-11-22T09:40:00+00:00,503.9,504.01,502.1,502.4,21301.0
2024-11-22T09:45:00+00:00,502.33,502.65,502.18,502.54,9924.0
2024-11-22T09:50:00+00:00,502.65,503.18,502.6,503.14,14711.0
2024-11-22T09:55:00+00:00,503.18,503.58,502.99,503.58,9931.0
2024-11-22T10:00:00+00:00,502.33,503.82,502.18,503.6,42399.0
2024-11-22T10:05:00+00:00,503.48,503.48,502.96,502.96,10597.0
2024-11-22T10:10:00+00:00,502.96,503.07,502.51,502.51,2411.0
2024-11-22T10:15:00+00:00,502.35,502.74,502.11,502.54,26629.0
2024-11-22T10:20:00+00:00,503.48,503.48,502.11,503.0,45959.0
2024-11-22T10:25:00+00:00,502.92,503.03,502.77,502.77,6919.0
2024-11-22T10:30:00+00:00,503.02,503.02,502.76,502.76,1076.0
2024-11-22T10:35:00+00:00,503.03,503.37,503.03,503.3,7641.0
2024-11-22T10:40:00+00:00,502.92,503.48,502.76,503.39,23266.0
2024-11-22T10:45:00+00:00,503.29,503.43,503.18,503.43,1751.0
2024-11-22T10:50:00+00:00,503.23,503.23,503.2,503.2,805.0
2024-11-22T10:55:00+00:00,503.39,503.52,503.34,503.34,1495.0
2024-11-22T11:00:00+00:00,503.29,503.52,503.18,503.4,4533.0
2024-11-22T11:05:00+00:00,503.09,503.43,502.86,503.41,2721.0
2024-11-22T11:10:00+00:00,503.37,503.73,503.31,503.73,2184.0
2024-11-22T11:15:00+00:00,503.14,503.14,502.77,503.12,5430.0
2024-11-22T11:20:00+00:00,503.09,503.73,502.77,502.99,11618.0
2024-11-22T11:25:00+00:00,502.9,503.23,502.9,503.23,2371.0
2024-11-22T11:30:00+00:00,503.3,503.37,503.3,503.37,1966.0
2024-11-22T11:35:00+00:00,503.4,503.49,503.21,503.21,2013.0
2024-11-22T11:40:00+00:00,502.9,503.49,502.9,503.1,11604.0
2024-11-22T11:45:00+00:00,503.45,503.45,503.32,503.32,1492.0
2024-11-22T11:50:00+00:00,503.29,503.44,503.29,503.43,4800.0
2024-11-22T11:55:00+00:00,503.4,503.9,503.4,503.9,4755.0
2024-11-22T12:00:00+00:00,503.45,504.0,503.29,504.0,17823.0
2024-11-22T12:05:00+00:00,503.9,504.21,503.9,504.1,10364.0
2024-11-22T12:10:00+00:00,504.01,504.24,503.89,503.89,11121.0
2024-11-22T12:15:00+00:00,504.0,504.29,504.0,504.29,9968.0
2024-11-22T12:20:00+00:00,503.9,504.4,503.89,504.19,40777.0
2024-11-22T12:25:00+00:00,504.25,504.35,503.99,504.33,3376.0
2024-11-22T12:30:00+00:00,504.34,504.39,504.19,504.39,1861.0
2024-11-22T12:35:00+00:00,504.35,504.35,504.06,504.14,1929.0
2024-11-22T12:40:00+00:00,504.25,504.53,503.99,504.46,11803.0
2024-11-22T12:45:00+00:00,504.4,504.4,504.1,504.22,3404.0
2024-11-22T12:50:00+00:00,504.21,504.43,504.17,504.28,11789.0
2024-11-22T12:55:00+00:00,504.29,504.64,504.29,504.64,10411.0
2024-11-22T13:00:00+00:00,504.4,504.67,504.1,504.58,28442.0
2024-11-22T13:05:00+00:00,504.12,505.18,502.1796,504.64,77424.0
2024-11-22T13:10:00+00:00,504.55,504.84,504.51,504.75,20645.0
2024-11-22T13:15:00+00:00,504.75,504.91,504.3,504.35,16652.0
2024-11-22T13:20:00+00:00,504.12,505.18,502.1796,504.63,131115.0
2024-11-22T13:25:00+00:00,504.6,505.0,504.59,504.78,32480.0
2024-11-22T13:30:00+00:00,504.8699,504.8699,504.45,504.69,3767.0
2024-11-22T13:35:00+00:00,504.68,504.75,504.27,504.42,32854.0
2024-11-22T13:40:00+00:00,504.6,505.0,504.27,504.45,94137.0
2024-11-22T13:45:00+00:00,504.48,504.49,504.21,504.3,13337.0
2024-11-22T13:50:00+00:00,504.34,504.5786,504.24,504.53,10149.0
2024-11-22T13:55:00+00:00,504.5,504.5,504.29,504.31,12537.0
2024-11-22T14:00:00+00:00,504.48,504.5786,504.09,504.22,51626.0
2024-11-22T14:05:00+00:00,504.24,504.24,504.011,504.19,9382.0
2024-11-22T14:10:00+00:00,504.25,504.58,504.21,504.53,17108.0
2024-11-22T14:15:00+00:00,504.48,504.69,504.35,504.66,20595.0
2024-11-22T14:20:00+00:00,504.24,504.88,504.011,504.44,62332.0
2024-11-22T14:25:00+00:00,504.38,504.389,504.07,504.071,32373.0
2024-11-22T14:30:00+00:00,504.08,504.45,503.93,504.41,30368.0
2024-11-22T14:35:00+00:00,504.42,505.29,504.05,505.29,546654.0
2024-11-22T14:40:00+00:00,504.38,505.52,503.93,505.12,947962.0
2024-11-22T14:45:00+00:00,505.1399,506.0,505.05,505.62,420270.0
2024-11-22T14:50:00+00:00,505.72,506.36,505.41,505.73,383230.0
2024-11-22T14:55:00+00:00,505.73,505.76,504.44,505.14,829948.0
2024-11-22T15:00:00+00:00,505.1399,506.36,504.44,505.95,1911827.0
2024-11-22T15:05:00+00:00,505.96,505.96,504.7,504.83,329931.0
2024-11-22T15:10:00+00:00,504.8537,505.24,504.21,504.31,275131.0
2024-11-22T15:15:00+00:00,504.25,504.4798,503.44,503.86,460274.0
2024-11-22T15:20:00+00:00,505.96,505.96,503.44,503.86,1351506.0
2024-11-22T15:25:00+00:00,503.83,504.46,503.24,504.4,267377.0
2024-11-22T15:30:00+00:00,504.31,504.5,502.78,503.24,711630.0
2024-11-22T15:35:00+00:00,503.26,503.94,503.11,503.36,274496.0
2024-11-22T15:40:00+00:00,503.83,505.1488,502.78,504.97,1600707.0
2024-11-22T15:45:00+00:00,505.06,505.67,504.8,505.66,231072.0
2024-11-22T15:50:00+00:00,505.625,505.88,505.0,505.0518,317329.0
2024-11-22T15:55:00+00:00,505.0301,505.695,505.0301,505.22,132459.0
2024-11-22T16:00:00+00:00,505.06,505.88,504.8,505.66,831907.0
2024-11-22T16:05:00+00:00,505.67,505.77,505.11,505.27,503730.0
2024-11-22T16:10:00+00:00,505.29,505.4895,504.81,504.84,137930.0
2024-11-22T16:15:00+00:00,504.85,505.22,504.4,504.5499,208193.0
2024-11-22T16:20:00+00:00,505.67,505.77,503.7399,503.8599,1041130.0
2024-11-22T16:25:00+00:00,503.83,504.35,503.28,504.0975,344377.0
2024-11-22T16:30:00+00:00,504.08,504.22,503.5,504.11,188537.0
2024-11-22T16:35:00+00:00,504.16,504.165,503.42,503.7099,185236.0
2024-11-22T16:40:00+00:00,503.83,504.77,503.28,504.73,913125.0
2024-11-22T16:45:00+00:00,504.709,504.77,503.66,503.67,173530.0
2024-11-22T16:50:00+00:00,503.65,504.495,503.56,504.453,188899.0
2024-11-22T16:55:00+00:00,504.49,505.23,504.2,505.23,369883.0
2024-11-22T17:00:00+00:00,504.709,505.25,503.56,504.94,971458.0
2024-11-22T17:05:00+00:00,504.96,505.12,504.55,505.0811,163435.0
2024-11-22T17:10:00+00:00,505.08,505.26,504.785,504.8099,140172.0
2024-11-22T17:15:00+00:00,504.79,505.56,504.77,505.37,142952.0
2024-11-22T17:20:00+00:00,504.96,505.56,504.55,505.275,530162.0
2024-11-22T17:25:00+00:00,505.27,505.75,505.2104,505.33,178901.0
2024-11-22T17:30:00+00:00,505.31,505.73,505.31,505.5101,149401.0
2024-11-22T17:35:00+00:00,505.52,505.5901,504.93,505.185,282322.0
2024-11-22T17:40:00+00:00,505.27,505.75,504.61,504.694,698054.0
2024-11-22T17:45:00+00:00,504.6625,505.3,504.6625,505.22,167011.0
2024-11-22T17:50:00+00:00,505.23,505.55,505.13,505.43,117483.0
2024-11-22T17:55:00+00:00,505.4403,506.07,505.4403,505.96,429580.0
2024-11-22T18:00:00+00:00,504.6625,506.15,504.6625,505.94,1024665.0
2024-11-22T18:05:00+00:00,505.9,506.11,505.62,506.11,222538.0
2024-11-22T18:10:00+00:00,506.0999,506.25,505.9146,506.09,167722.0
2024-11-22T18:15:00+00:00,506.11,506.53,506.02,506.1967,196778.0
2024-11-22T18:20:00+00:00,505.9,506.53,505.62,506.09,695183.0
2024-11-22T18:25:00+00:00,506.11,506.3794,505.93,506.2802,188389.0
2024-11-22T18:30:00+00:00,506.29,506.29,505.74,505.84,142550.0
2024-11-22T18:35:00+00:00,505.76,506.36,505.75,505.99,101736.0
2024-11-22T18:40:00+00:00,506.11,506.3794,505.5299,505.61,574404.0
2024-11-22T18:45:00+00:00,505.595,505.65,505.2801,505.46,128568.0
2024-11-22T18:50:00+00:00,505.45,505.77,505.42,505.66,118534.0
2024-11-22T18:55:00+00:00,505.67,505.67,505.22,505.53,198156.0
2024-11-22T19:00:00+00:00,505.595,505.89,505.22,505.75,629282.0
2024-11-22T19:05:00+00:00,505.74,505.75,505.51,505.55,701330.0
2024-11-22T19:10:00+00:00,505.54,505.59,505.32,505.44,219115.0
2024-11-22T19:15:00+00:00,505.44,505.52,505.11,505.15,146978.0
2024-11-22T19:20:00+00:00,505.74,505.75,504.5,504.94,1388592.0
2024-11-22T19:25:00+00:00,504.92,505.2,504.85,505.07,232857.0
2024-11-22T19:30:00+00:00,505.08,505.44,504.98,505.28,132412.0
2024-11-22T19:35:00+00:00,505.28,505.49,505.16,505.48,381025.0
2024-11-22T19:40:00+00:00,504.92,505.65,504.85,505.6,909074.0
2024-11-22T19:45:00+00:00,505.6,505.605,505.2401,505.35,107165.0
2024-11-22T19:50:00+00:00,505.38,505.54,505.27,505.49,104809.0
2024-11-22T19:55:00+00:00,505.455,505.64,505.38,505.63,89042.0
2024-11-22T20:00:00+00:00,505.6,505.89,505.2401,505.74,503362.0
2024-11-22T20:05:00+00:00,505.705,505.705,504.68,505.03,246496.0
2024-11-22T20:10:00+00:00,504.98,505.39,504.9701,505.0201,172052.0
2024-11-22T20:15:00+00:00,505.04,505.09,504.72,504.81,156863.0
2024-11-22T20:20:00+00:00,505.705,505.705,504.68,505.1401,819918.0
2024-11-22T20:25:00+00:00,505.14,505.28,504.97,505.23,268215.0
2024-11-22T20:30:00+00:00,505.22,505.3699,504.69,505.1701,381152.0
2024-11-22T20:35:00+00:00,505.17,505.45,505.07,505.37,165537.0
2024-11-22T20:40:00+00:00,505.14,505.45,504.69,505.18,1014839.0
2024-11-22T20:45:00+00:00,505.16,505.2499,504.93,505.02,180778.0
2024-11-22T20:50:00+00:00,505.03,505.47,504.99,505.45,308530.0
2024-11-22T20:55:00+00:00,505.46,505.97,505.24,505.9301,613681.0
2024-11-22T21:00:00+00:00,505.16,506.27,504.93,505.77,2237473.0
2024-11-22T21:05:00+00:00,505.79,506.1,505.62,505.87,202974.0
2024-11-22T21:10:00+00:00,505.79,506.22,505.79,506.02,198534.0
2024-11-22T21:15:00+00:00,506.02,506.02,505.88,505.94,138518.0
2024-11-22T21:20:00+00:00,505.79,506.22,505.62,505.96,1112274.0
2024-11-22T21:25:00+00:00,505.94,506.11,505.94,506.0793,220880.0
2024-11-22T21:30:00+00:00,506.11,506.14,505.99,506.07,54940.0
2024-11-22T21:35:00+00:00,506.01,506.14,506.01,506.12,8227.0
2024-11-22T21:40:00+00:00,505.94,506.39,505.94,506.39,418553.0
2024-11-22T21:45:00+00:00,506.37,506.51,506.36,506.37,74655.0
2024-11-22T21:50:00+00:00,506.39,506.49,505.79,506.47,65875.0
2024-11-22T21:55:00+00:00,506.48,506.53,506.4,506.48,23223.0
2024-11-22T22:00:00+00:00,506.37,506.53,505.79,506.45,172229.0
2024-11-22T22:05:00+00:00,506.425,506.44,506.42,506.42,6470.0
2024-11-22T22:10:00+00:00,506.35,506.35,506.27,506.27,4023.0
2024-11-22T22:15:00+00:00,506.25,506.25,506.18,506.2,8330.0
2024-11-22T22:20:00+00:00,506.425,506.44,506.0,506.15,26981.0
2024-11-22T22:25:00+00:00,506.14,506.18,506.14,506.18,367.0
2024-11-22T22:30:00+00:00,506.22,506.28,506.19,506.19,4697.0
2024-11-22T22:35:00+00:00,506.24,506.42,506.24,506.42,6238.0
2024-11-22T22:40:00+00:00,506.14,506.52,506.14,506.52,17268.0
2024-11-22T22:45:00+00:00,506.35,506.35,506.33,506.33,638.0
2024-11-22T22:50:00+00:00,506.33,506.33,506.26,506.33,2159.0
2024-11-22T22:55:00+00:00,506.33,506.33,506.33,506.33,203.0
2024-11-22T23:00:00+00:00,506.35,506.35,506.26,506.34,5261.0
2024-11-22T23:05:00+00:00,506.2899,506.29,506.23,506.24,6572.0
2024-11-22T23:10:00+00:00,506.26,506.43,506.26,506.35,6189.0
2024-11-22T23:15:00+00:00,506.4,506.401,506.4,506.4,2988.0
2024-11-22T23:20:00+00:00,506.2899,506.43,506.23,506.4,16551.0
2024-11-22T23:30:00+00:00,506.4,506.51,506.4,506.51,2593.0
2024-11-22T23:35:00+00:00,506.4,506.45,506.4,506.409,1266.0
2024-11-22T23:40:00+00:00,506.4,506.51,506.4,506.4,10490.0
2024-11-22T23:50:00+00:00,506.45,506.45,506.4,506.42,3162.0
2024-11-22T23:55:00+00:00,506.4,506.4,506.4,506.4,210.0
2024-11-23T00:00:00+00:00,506.45,506.45,506.37,506.37,4118.0
2024-11-23T00:05:00+00:00,506.37,506.4,506.36,506.4,2214.0
2024-11-23T00:10:00+00:00,506.44,506.4528,506.44,506.4528,904.0
2024-11-23T00:15:00+00:00,506.46,506.46,506.37,506.37,847.0
2024-11-23T00:20:00+00:00,506.37,506.47,506.36,506.41,4951.0
2024-11-23T00:30:00+00:00,506.4668,506.47,506.4668,506.47,1061.0
2024-11-23T00:35:00+00:00,506.44,506.44,506.37,506.37,1188.0
2024-11-23T00:40:00+00:00,506.4668,506.51,506.37,506.51,6063.0
2024-11-23T00:45:00+00:00,506.52,506.64,506.5049,506.6001,2845.0
2024-11-23T00:50:00+00:00,506.6,506.64,506.6,506.64,828.0
2024-11-23T00:55:00+00:00,506.54,506.689,506.54,506.67,3742.0
2024-11-23T01:00:00+00:00,506.52,506.7,506.5049,506.66,11444.0
2024-11-25T09:05:00+00:00,508.57,508.57,508.32,508.34,23958.0
2024-11-25T09:10:00+00:00,508.3,508.46,508.26,508.4,11830.0
2024-11-25T09:15:00+00:00,508.45,508.6,508.45,508.6,5720.0
2024-11-25T09:20:00+00:00,508.57,508.68,508.26,508.63,55760.0
2024-11-25T09:25:00+00:00,508.69,508.69,508.56,508.56,7243.0
2024-11-25T09:30:00+00:00,508.55,508.58,508.48,508.54,7130.0
2024-11-25T09:35:00+00:00,508.49,508.59,508.44,508.44,2813.0
2024-11-25T09:40:00+00:00,508.69,508.69,508.44,508.59,25090.0
2024-11-25T09:45:00+00:00,508.65,508.75,508.63,508.75,6142.0
2024-11-25T09:50:00+00:00,508.72,508.81,508.7,508.76,4925.0
2024-11-25T09:55:00+00:00,508.8,508.85,508.75,508.75,3431.0
2024-11-25T10:00:00+00:00,508.65,508.85,508.63,508.75,32768.0
2024-11-25T10:05:00+00:00,508.79,508.81,508.66,508.81,5266.0
2024-11-25T10:10:00+00:00,508.77,508.81,508.73,508.77,5465.0
2024-11-25T10:15:00+00:00,508.76,508.78,508.69,508.74,5422.0
2024-11-25T10:20:00+00:00,508.79,508.85,508.66,508.85,24687.0
2024-11-25T10:25:00+00:00,508.84,508.85,508.75,508.85,10392.0
2024-11-25T10:30:00+00:00,508.84,508.85,508.84,508.85,2310.0
2024-11-25T10:35:00+00:00,508.8,508.81,508.78,508.8,6780.0
2024-11-25T10:40:00+00:00,508.84,508.98,508.75,508.95,23087.0
2024-11-25T10:45:00+00:00,508.88,509.0,508.88,508.89,7230.0
2024-11-25T10:50:00+00:00,508.83,508.98,508.8,508.98,5106.0
2024-11-25T10:55:00+00:00,508.98,509.05,508.95,509.04,11790.0
2024-11-25T11:00:00+00:00,508.88,509.09,508.8,509.09,26201.0
2024-11-25T11:05:00+00:00,509.04,509.09,508.89,508.89,2513.0
2024-11-25T11:10:00+00:00,508.95,508.95,508.95,508.95,2021.0
2024-11-25T11:15:00+00:00,508.9,508.91,508.89,508.91,1220.0
2024-11-25T11:20:00+00:00,509.04,509.09,508.7,508.7,6457.0
2024-11-25T11:25:00+00:00,508.8,508.86,508.8,508.81,1792.0
2024-11-25T11:30:00+00:00,508.79,508.84,508.79,508.84,1882.0
2024-11-25T11:35:00+00:00,508.88,508.93,508.83,508.85,2744.0
2024-11-25T11:40:00+00:00,508.8,508.93,508.75,508.81,15630.0
2024-11-25T11:45:00+00:00,508.79,508.81,508.73,508.77,1647.0
2024-11-25T11:50:00+00:00,508.82,508.82,508.79,508.79,2177.0
2024-11-25T11:55:00+00:00,508.76,508.84,508.76,508.84,1049.0
2024-11-25T12:00:00+00:00,508.79,508.84,508.72,508.72,6076.0
2024-11-25T12:05:00+00:00,508.69,508.74,508.53,508.71,11461.0
2024-11-25T12:10:00+00:00,508.74,508.78,508.46,508.47,29036.0
2024-11-25T12:15:00+00:00,508.44,508.54,508.221,508.54,7834.0
2024-11-25T12:20:00+00:00,508.69,508.84,508.221,508.79,78882.0
2024-11-25T12:25:00+00:00,508.84,508.84,508.58,508.58,8655.0
2024-11-25T12:30:00+00:00,508.56,508.56,508.3,508.43,19060.0
2024-11-25T12:35:00+00:00,508.4,508.5,508.25,508.5,12178.0
2024-11-25T12:40:00+00:00,508.84,508.84,508.25,508.65,48560.0
2024-11-25T12:45:00+00:00,508.63,508.65,508.54,508.55,10482.0
2024-11-25T12:50:00+00:00,508.51,508.57,508.47,508.48,10635.0
2024-11-25T12:55:00+00:00,508.49,508.66,508.47,508.54,13950.0
2024-11-25T13:00:00+00:00,508.63,508.66,508.44,508.44,38826.0
2024-11-25T13:05:00+00:00,508.65,509.11,508.0,508.53,92167.0
2024-11-25T13:10:00+00:00,508.471,508.51,508.3,508.51,21606.0
2024-11-25T13:15:00+00:00,505.411,508.5,505.411,508.23,14567.0
2024-11-25T13:20:00+00:00,508.65,509.11,505.411,508.32,139795.0
2024-11-25T13:25:00+00:00,508.29,508.4,508.22,508.4,14867.0
2024-11-25T13:30:00+00:00,508.35,508.54,508.35,508.37,17735.0
2024-11-25T13:35:00+00:00,508.42,508.46,508.18,508.38,10255.0
2024-11-25T13:40:00+00:00,508.29,508.79,508.18,508.6605,60997.0
2024-11-25T13:45:00+00:00,508.71,509.21,508.71,509.21,39974.0
2024-11-25T13:50:00+00:00,509.18,509.76,509.18,509.73,51394.0
2024-11-25T13:55:00+00:00,509.73,510.06,509.71,509.88,113010.0
2024-11-25T14:00:00+00:00,508.71,510.16,508.71,509.53,271070.0
2024-11-25T14:05:00+00:00,509.54,509.72,509.29,509.69,30695.0
2024-11-25T14:10:00+00:00,509.72,509.89,509.6,509.82,17932.0
2024-11-25T14:15:00+00:00,509.84,510.35,509.84,510.31,49390.0
2024-11-25T14:20:00+00:00,509.54,510.62,509.29,510.53,147966.0
2024-11-25T14:25:00+00:00,510.48,510.5,510.34,510.42,18512.0
2024-11-25T14:30:00+00:00,510.45,510.45,509.8696,509.9,83428.0
2024-11-25T14:35:00+00:00,509.9,510.05,508.49,509.59,1213999.0
2024-11-25T14:40:00+00:00,510.48,510.91,508.49,510.85,1868502.0
2024-11-25T14:45:00+00:00,510.85,511.4525,510.52,510.96,729977.0
2024-11-25T14:50:00+00:00,511.0,511.34,509.76,509.78,501826.0
2024-11-25T14:55:00+00:00,509.81,510.25,507.62,507.89,1003101.0
2024-11-25T15:00:00+00:00,510.85,511.4525,507.58,508.22,2855342.0
2024-11-25T15:05:00+00:00,508.2201,508.2201,507.15,507.91,734456.0
2024-11-25T15:10:00+00:00,507.9,508.52,507.4904,507.68,484037.0
2024-11-25T15:15:00+00:00,507.65,507.72,506.44,507.04,653341.0
2024-11-25T15:20:00+00:00,508.2201,508.52,506.44,506.94,2299618.0
2024-11-25T15:25:00+00:00,506.94,507.58,506.815,507.5457,272559.0
2024-11-25T15:30:00+00:00,507.56,507.95,507.32,507.95,390570.0
2024-11-25T15:35:00+00:00,507.895,508.1584,506.62,506.7,437695.0
2024-11-25T15:40:00+00:00,506.94,508.1584,506.55,507.11,1475402.0
2024-11-25T15:45:00+00:00,507.05,508.205,507.03,508.13,346872.0
2024-11-25T15:50:00+00:00,508.14,508.14,507.45,507.97,200308.0
2024-11-25T15:55:00+00:00,507.96,508.14,507.3,507.45,317363.0
2024-11-25T16:00:00+00:00,507.05,508.205,506.95,507.0713,1050823.0
2024-11-25T16:05:00+00:00,507.05,507.6,506.89,507.59,405616.0
2024-11-25T16:10:00+00:00,507.54,507.67,507.04,507.23,165896.0
2024-11-25T16:15:00+00:00,507.24,507.7199,507.16,507.61,97510.0
2024-11-25T16:20:00+00:00,507.05,508.025,506.89,507.94,1090093.0
2024-11-25T16:25:00+00:00,507.94,508.31,507.85,508.01,249558.0
2024-11-25T16:30:00+00:00,508.0,508.36,507.97,508.0,169856.0
2024-11-25T16:35:00+00:00,508.01,508.61,507.75,507.76,335049.0
2024-11-25T16:40:00+00:00,507.94,508.61,507.1,507.25,989952.0
2024-11-25T16:45:00+00:00,507.25,507.4,506.9838,507.02,221980.0
2024-11-25T16:50:00+00:00,507.05,507.59,506.93,507.1401,274569.0
2024-11-25T16:55:00+00:00,507.18,507.57,507.02,507.3902,123904.0
2024-11-25T17:00:00+00:00,507.25,507.59,506.93,507.3,768637.0
2024-11-25T17:05:00+00:00,507.3,507.39,506.7,507.073,348831.0
2024-11-25T17:10:00+00:00,507.06,507.2,506.6101,506.66,138328.0
2024-11-25T17:15:00+00:00,506.67,506.83,505.71,505.72,403813.0
2024-11-25T17:20:00+00:00,507.3,507.39,505.55,505.86,1104965.0
2024-11-25T17:25:00+00:00,505.84,505.84,505.15,505.17,335003.0
2024-11-25T17:30:00+00:00,505.1791,505.66,504.95,505.21,412412.0
2024-11-25T17:35:00+00:00,505.18,505.91,505.14,505.75,272855.0
2024-11-25T17:40:00+00:00,505.84,505.92,504.95,505.4,1175196.0
2024-11-25T17:45:00+00:00,505.39,505.57,504.57,504.8905,222257.0
2024-11-25T17:50:00+00:00,504.82,505.038,504.2625,504.9676,438829.0
2024-11-25T17:55:00+00:00,504.92,505.94,504.9,505.86,385987.0
2024-11-25T18:00:00+00:00,505.39,506.15,504.2625,505.95,1214553.0
2024-11-25T18:05:00+00:00,505.97,506.51,505.89,506.38,315105.0
2024-11-25T18:10:00+00:00,506.39,506.64,506.0935,506.4001,200544.0
2024-11-25T18:15:00+00:00,506.41,506.79,506.41,506.75,119715.0
2024-11-25T18:20:00+00:00,505.97,506.88,505.89,506.5,972896.0
2024-11-25T18:25:00+00:00,506.51,506.63,506.16,506.56,169983.0
2024-11-25T18:30:00+00:00,506.51,506.67,506.333,506.41,94825.0
2024-11-25T18:35:00+00:00,506.38,506.8299,506.25,506.8,127895.0
2024-11-25T18:40:00+00:00,506.51,506.8299,506.16,506.645,480717.0
2024-11-25T18:45:00+00:00,506.65,506.73,506.08,506.21,124501.0
2024-11-25T18:50:00+00:00,506.21,506.66,506.17,506.22,133709.0
2024-11-25T18:55:00+00:00,506.23,506.33,505.74,505.8263,165809.0
2024-11-25T19:00:00+00:00,506.65,506.73,505.74,505.9675,507205.0
2024-11-25T19:05:00+00:00,505.98,506.0099,505.71,505.825,128220.0
2024-11-25T19:10:00+00:00,505.84,506.2437,505.67,506.2401,162709.0
2024-11-25T19:15:00+00:00,506.23,506.36,506.1462,506.3225,71970.0
2024-11-25T19:20:00+00:00,505.98,506.37,505.67,506.1519,460708.0
2024-11-25T19:25:00+00:00,506.18,506.18,505.34,505.66,214406.0
2024-11-25T19:30:00+00:00,505.69,506.07,505.6804,505.99,102403.0
2024-11-25T19:35:00+00:00,505.98,506.0099,505.54,505.65,102416.0
2024-11-25T19:40:00+00:00,506.18,506.18,505.34,505.74,516660.0
2024-11-25T19:45:00+00:00,505.7101,506.2,505.6697,506.18,103350.0
2024-11-25T19:50:00+00:00,506.17,506.49,506.06,506.39,108720.0
2024-11-25T19:55:00+00:00,506.41,506.62,506.25,506.2843,89640.0
2024-11-25T20:00:00+00:00,505.7101,506.62,505.6697,506.21,381836.0
2024-11-25T20:05:00+00:00,506.21,506.23,505.72,505.91,153594.0
2024-11-25T20:10:00+00:00,505.93,506.0,505.63,505.89,114919.0
2024-11-25T20:15:00+00:00,505.86,505.93,505.6,505.739,88595.0
2024-11-25T20:20:00+00:00,506.21,506.23,505.6,506.08,634478.0
2024-11-25T20:25:00+00:00,506.09,506.09,505.74,505.985,166155.0
2024-11-25T20:30:00+00:00,505.9705,506.11,505.8901,506.08,318683.0
2024-11-25T20:35:00+00:00,506.09,506.35,505.98,506.13,268807.0
2024-11-25T20:40:00+00:00,506.09,506.35,505.74,506.19,938038.0
2024-11-25T20:45:00+00:00,506.215,506.53,506.16,506.2,326424.0
2024-11-25T20:50:00+00:00,506.21,506.28,506.02,506.2024,228349.0
2024-11-25T20:55:00+00:00,506.19,506.71,505.98,506.53,589578.0
2024-11-25T21:00:00+00:00,506.215,506.765,505.98,506.57,2669709.0
2024-11-25T21:05:00+00:00,506.6,506.97,506.23,506.61,184931.0
2024-11-25T21:10:00+00:00,506.61,507.07,506.44,507.03,142323.0
2024-11-25T21:15:00+00:00,507.04,507.2,506.93,507.02,334501.0
2024-11-25T21:20:00+00:00,506.6,507.3,506.23,507.3,765882.0
2024-11-25T21:25:00+00:00,507.29,507.31,507.21,507.28,63596.0
2024-11-25T21:30:00+00:00,507.28,507.45,507.2,507.31,78328.0
2024-11-25T21:35:00+00:00,507.36,507.49,507.31,507.4899,8830.0
2024-11-25T21:40:00+00:00,507.29,507.49,507.11,507.18,165708.0
2024-11-25T21:45:00+00:00,507.19,507.2,507.0,507.03,7058.0
2024-11-25T21:50:00+00:00,507.06,507.16,507.021,507.13,11245.0
2024-11-25T21:55:00+00:00,507.08,507.22,507.0,507.18,10583.0
2024-11-25T22:00:00+00:00,507.19,507.22,507.0,507.09,33154.0
2024-11-25T22:05:00+00:00,507.04,507.05,506.97,507.0,5315.0
2024-11-25T22:10:00+00:00,507.02,507.02,506.97,506.97,2500.0
2024-11-25T22:15:00+00:00,506.97,506.99,506.97,506.99,3226.0
2024-11-25T22:20:00+00:00,507.04,507.05,506.93,506.96,19311.0
2024-11-25T22:25:00+00:00,506.93,506.969,506.93,506.969,2071.0
2024-11-25T22:30:00+00:00,506.98,507.01,506.92,507.01,5842.0
2024-11-25T22:35:00+00:00,507.05,507.1,507.05,507.1,443.0
2024-11-25T22:40:00+00:00,506.93,507.1,506.92,507.0099,10173.0
2024-11-25T22:45:00+00:00,506.96,506.96,506.96,506.96,1539.0
2024-11-25T22:50:00+00:00,506.96,507.1,506.95,507.1,6221.0
2024-11-25T22:55:00+00:00,507.1,507.1,507.1,507.1,1335.0
2024-11-25T23:00:00+00:00,506.96,507.14,506.95,506.95,11137.0
2024-11-25T23:05:00+00:00,507.13,507.75,507.13,507.68,61288.0
2024-11-25T23:10:00+00:00,507.68,507.82,507.67,507.81,13160.0
2024-11-25T23:15:00+00:00,507.83,507.86,507.7801,507.79,6932.0
2024-11-25T23:20:00+00:00,507.13,507.9,507.13,507.85,85853.0
2024-11-25T23:25:00+00:00,507.84,507.84,507.68,507.7,3747.0
2024-11-25T23:30:00+00:00,507.83,507.83,507.77,507.77,1180.0
2024-11-25T23:35:00+00:00,507.84,507.85,507.74,507.77,3143.0
2024-11-25T23:40:00+00:00,507.84,507.85,507.3,507.4601,14248.0
2024-11-25T23:45:00+00:00,507.42,507.44,506.01,506.48,31188.0
2024-11-25T23:50:00+00:00,506.47,506.51,505.5,505.71,49734.0
2024-11-25T23:55:00+00:00,505.81,505.82,504.68,504.81,62175.0
2024-11-26T00:00:00+00:00,507.42,507.44,504.68,505.49,168227.0
2024-11-26T00:05:00+00:00,505.3,505.6399,505.0,505.0,16242.0
2024-11-26T00:10:00+00:00,504.98,505.0,504.5,504.56,16147.0
2024-11-26T00:15:00+00:00,504.51,505.01,504.44,504.82,14103.0
2024-11-26T00:20:00+00:00,505.3,505.6399,504.44,504.52,62166.0
2024-11-26T00:25:00+00:00,504.5099,504.85,504.47,504.85,5626.0
2024-11-26T00:30:00+00:00,504.9399,505.25,504.9399,505.25,11515.0
2024-11-26T00:35:00+00:00,505.22,505.22,504.9906,505.0,4486.0
2024-11-26T00:40:00+00:00,504.5099,505.25,504.47,504.69,32510.0
2024-11-26T00:45:00+00:00,505.01,505.02,504.79,505.01,5422.0
2024-11-26T00:50:00+00:00,505.02,505.21,504.971,505.18,15298.0
2024-11-26T00:55:00+00:00,505.121,505.2,504.45,504.7,15521.0
2024-11-26T01:00:00+00:00,505.01,505.21,504.45,504.61,59615.0
2024-11-26T09:05:00+00:00,505.72,506.84,505.72,506.81,25203.0
2024-11-26T09:10:00+00:00,506.88,507.04,506.75,506.81,10693.0
2024-11-26T09:15:00+00:00,506.97,507.05,506.97,507.04,2236.0
2024-11-26T09:20:00+00:00,505.72,507.1,505.72,507.02,42423.0
2024-11-26T09:25:00+00:00,507.01,507.08,506.9,506.9,3687.0
2024-11-26T09:30:00+00:00,506.96,507.02,506.96,507.01,1445.0
2024-11-26T09:35:00+00:00,506.89,506.89,506.6,506.61,2580.0
2024-11-26T09:40:00+00:00,507.01,507.08,506.48,506.84,12260.0
2024-11-26T09:45:00+00:00,506.92,507.0,506.92,507.0,1288.0
2024-11-26T09:50:00+00:00,506.85,506.85,506.85,506.85,745.0
2024-11-26T09:55:00+00:00,506.84,506.84,506.84,506.84,148.0
2024-11-26T10:00:00+00:00,506.92,507.0,506.71,506.76,4241.0
2024-11-26T10:05:00+00:00,507.02,507.22,507.02,507.22,3034.0
2024-11-26T10:10:00+00:00,506.88,506.88,506.88,506.88,420.0
2024-11-26T10:15:00+00:00,507.0,507.09,506.97,507.09,862.0
2024-11-26T10:20:00+00:00,507.02,507.22,506.88,506.98,4933.0
2024-11-26T10:25:00+00:00,507.02,507.1,506.92,507.0,2811.0
2024-11-26T10:30:00+00:00,506.91,506.91,506.6,506.6,6373.0
2024-11-26T10:35:00+00:00,506.55,506.56,506.27,506.27,5692.0
2024-11-26T10:40:00+00:00,507.02,507.1,506.27,506.57,21048.0
2024-11-26T10:45:00+00:00,506.45,506.49,506.41,506.48,1434.0
2024-11-26T10:50:00+00:00,506.69,506.81,506.64,506.81,1840.0
2024-11-26T10:55:00+00:00,506.8,506.98,506.75,506.98,3902.0
2024-11-26T11:00:00+00:00,506.45,507.06,506.41,507.06,9040.0
2024-11-26T11:05:00+00:00,507.0,507.09,506.97,507.09,1472.0
2024-11-26T11:10:00+00:00,507.15,507.31,507.15,507.26,2676.0
2024-11-26T11:15:00+00:00,507.31,507.31,507.0,507.06,1408.0
2024-11-26T11:20:00+00:00,507.0,507.31,506.97,507.15,7738.0
2024-11-26T11:25:00+00:00,507.21,507.23,507.01,507.01,4177.0
2024-11-26T11:30:00+00:00,507.02,507.02,506.87,506.9,3028.0
2024-11-26T11:35:00+00:00,506.75,506.91,506.75,506.8,1158.0
2024-11-26T11:40:00+00:00,507.21,507.23,506.75,507.12,10016.0
2024-11-26T11:45:00+00:00,507.19,507.5,507.19,507.5,3074.0
2024-11-26T11:50:00+00:00,507.51,507.7,507.51,507.65,4393.0
2024-11-26T11:55:00+00:00,507.66,508.31,507.66,508.08,18022.0
2024-11-26T12:00:00+00:00,507.19,508.31,507.19,508.1,31305.0
2024-11-26T12:05:00+00:00,508.11,508.2,507.97,508.16,27595.0
2024-11-26T12:10:00+00:00,508.25,508.35,507.9,508.18,37398.0
2024-11-26T12:15:00+00:00,508.35,508.38,508.09,508.2,6033.0
2024-11-26T12:20:00+00:00,508.11,508.48,507.9,508.38,115879.0
2024-11-26T12:25:00+00:00,508.22,508.34,508.0,508.03,13541.0
2024-11-26T12:30:00+00:00,508.04,508.2,507.99,508.2,9083.0
2024-11-26T12:35:00+00:00,508.15,508.26,508.15,508.26,12702.0
2024-11-26T12:40:00+00:00,508.22,508.35,507.99,508.24,56992.0
2024-11-26T12:45:00+00:00,508.35,508.35,508.26,508.27,2122.0
2024-11-26T12:50:00+00:00,508.22,508.36,508.17,508.36,10246.0
2024-11-26T12:55:00+00:00,508.37,508.4,508.339,508.35,8839.0
2024-11-26T13:00:00+00:00,508.35,508.4,508.12,508.35,59213.0
2024-11-26T13:05:00+00:00,508.47,508.5,506.24,508.04,103349.0
2024-11-26T13:10:00+00:00,508.05,508.259,507.81,508.12,13073.0
2024-11-26T13:15:00+00:00,508.19,508.21,507.75,507.86,16970.0
2024-11-26T13:20:00+00:00,508.47,508.5,506.24,507.98,159757.0
2024-11-26T13:25:00+00:00,507.98,508.05,507.83,507.85,12194.0
2024-11-26T13:30:00+00:00,507.83,507.95,507.74,507.74,6794.0
2024-11-26T13:35:00+00:00,507.77,508.0897,507.77,508.01,16059.0
2024-11-26T13:40:00+00:00,507.98,508.0897,507.74,508.06,45062.0
2024-11-26T13:45:00+00:00,508.15,508.41,508.15,508.35,24642.0
2024-11-26T13:50:00+00:00,508.35,508.3502,508.06,508.07,8404.0
2024-11-26T13:55:00+00:00,508.1499,508.34,508.0,508.32,13180.0
2024-11-26T14:00:00+00:00,508.15,508.41,508.0,508.23,56744.0
2024-11-26T14:05:00+00:00,508.26,508.46,508.26,508.41,19133.0
2024-11-26T14:10:00+00:00,508.47,508.7,508.47,508.671,60957.0
2024-11-26T14:15:00+00:00,508.68,509.03,508.61,508.99,43530.0
2024-11-26T14:20:00+00:00,508.26,509.08,508.26,508.82,151436.0
2024-11-26T14:25:00+00:00,508.77,508.8,508.24,508.3,82994.0
2024-11-26T14:30:00+00:00,508.28,508.29,507.79,508.05,130762.0
2024-11-26T14:35:00+00:00,508.08,509.45,508.08,509.3775,773995.0
2024-11-26T14:40:00+00:00,508.77,509.63,507.79,509.025,1658496.0
2024-11-26T14:45:00+00:00,509.08,509.33,508.6,509.02,464827.0
2024-11-26T14:50:00+00:00,509.03,509.95,509.03,509.95,617597.0
2024-11-26T14:55:00+00:00,509.94,510.14,508.8195,508.82,566457.0
2024-11-26T15:00:00+00:00,509.08,510.14,508.45,508.88,1968511.0
2024-11-26T15:05:00+00:00,508.9,509.41,507.93,508.94,446375.0
2024-11-26T15:10:00+00:00,508.95,509.1392,508.55,508.6101,271052.0
2024-11-26T15:15:00+00:00,508.61,508.97,508.2001,508.82,295432.0
2024-11-26T15:20:00+00:00,508.9,509.41,507.63,507.71,1370802.0
2024-11-26T15:25:00+00:00,507.85,508.4199,507.65,508.05,230469.0
2024-11-26T15:30:00+00:00,508.1199,508.61,507.71,508.5,235671.0
2024-11-26T15:35:00+00:00,508.47,508.93,508.35,508.385,219357.0
2024-11-26T15:40:00+00:00,507.85,508.93,507.65,508.76,823345.0
2024-11-26T15:45:00+00:00,508.77,509.31,508.55,509.31,467297.0
2024-11-26T15:50:00+00:00,509.29,509.47,508.66,508.91,223063.0
2024-11-26T15:55:00+00:00,508.91,508.927,508.47,508.62,173199.0
2024-11-26T16:00:00+00:00,508.77,509.47,508.3502,508.3502,1082120.0
2024-11-26T16:05:00+00:00,508.38,509.17,508.38,509.0,173641.0
2024-11-26T16:10:00+00:00,509.0,509.08,508.55,508.72,192338.0
2024-11-26T16:15:00+00:00,508.705,508.8445,508.17,508.32,200376.0
2024-11-26T16:20:00+00:00,508.38,509.17,507.97,508.22,747512.0
2024-11-26T16:25:00+00:00,508.25,508.73,508.2,508.34,193019.0
2024-11-26T16:30:00+00:00,508.35,508.61,508.2,508.46,66376.0
2024-11-26T16:35:00+00:00,508.42,508.6874,508.3801,508.575,123045.0
2024-11-26T16:40:00+00:00,508.25,508.73,508.2,508.68,471084.0
2024-11-26T16:45:00+00:00,508.68,508.68,508.06,508.29,157608.0
2024-11-26T16:50:00+00:00,508.2801,508.415,507.72,507.895,176280.0
2024-11-26T16:55:00+00:00,507.8986,508.625,507.87,508.605,231697.0
2024-11-26T17:00:00+00:00,508.68,508.78,507.72,508.72,712211.0
2024-11-26T17:05:00+00:00,508.7,508.77,508.25,508.29,186161.0
2024-11-26T17:10:00+00:00,508.27,508.5688,508.18,508.44,141304.0
2024-11-26T17:15:00+00:00,508.4601,508.58,507.97,507.99,143190.0
2024-11-26T17:20:00+00:00,508.7,508.77,507.82,507.84,654589.0
2024-11-26T17:25:00+00:00,507.9,508.04,507.84,507.9,226991.0
2024-11-26T17:30:00+00:00,507.84,508.22,507.81,508.22,262229.0
2024-11-26T17:35:00+00:00,508.18,508.55,508.07,508.54,82163.0
2024-11-26T17:40:00+00:00,507.9,508.56,507.81,508.5399,673852.0
2024-11-26T17:45:00+00:00,508.53,508.86,508.5,508.752,100415.0
2024-11-26T17:50:00+00:00,508.76,508.8299,508.6201,508.755,222190.0
2024-11-26T17:55:00+00:00,508.76,509.03,508.76,509.0195,176350.0
2024-11-26T18:00:00+00:00,508.53,509.16,508.5,509.0849,622268.0
2024-11-26T18:05:00+00:00,509.05,509.0782,508.7706,508.96,152500.0
2024-11-26T18:10:00+00:00,508.9,509.03,508.69,508.7,275687.0
2024-11-26T18:15:00+00:00,508.73,508.77,508.41,508.605,456491.0
2024-11-26T18:20:00+00:00,509.05,509.0782,508.26,508.39,990211.0
2024-11-26T18:25:00+00:00,508.36,508.7099,508.21,508.54,130033.0
2024-11-26T18:30:00+00:00,508.54,508.62,508.44,508.55,125839.0
2024-11-26T18:35:00+00:00,508.5299,508.79,508.48,508.7699,62288.0
2024-11-26T18:40:00+00:00,508.36,508.79,508.21,508.56,439437.0
2024-11-26T18:45:00+00:00,508.56,509.07,508.5401,509.03,127914.0
2024-11-26T18:50:00+00:00,509.04,509.06,508.7638,508.81,139134.0
2024-11-26T18:55:00+00:00,508.83,508.89,508.4,508.74,126091.0
2024-11-26T19:00:00+00:00,508.56,509.07,508.4,508.815,724401.0
2024-11-26T19:05:00+00:00,508.79,509.07,508.5,509.04,320251.0
2024-11-26T19:10:00+00:00,509.06,509.11,508.48,508.495,440918.0
2024-11-26T19:15:00+00:00,508.51,508.8,508.28,508.44,348170.0
2024-11-26T19:20:00+00:00,508.79,509.11,507.57,507.71,1541421.0
2024-11-26T19:25:00+00:00,507.7,507.97,507.29,507.37,525790.0
2024-11-26T19:30:00+00:00,507.37,507.72,507.23,507.65,193842.0
2024-11-26T19:35:00+00:00,507.64,508.03,507.3903,508.002,271303.0
2024-11-26T19:40:00+00:00,507.7,508.05,507.23,507.93,2155671.0
2024-11-26T19:45:00+00:00,507.89,508.13,507.72,507.83,144163.0
2024-11-26T19:50:00+00:00,507.86,508.02,507.67,507.97,105599.0
2024-11-26T19:55:00+00:00,507.97,508.04,507.76,507.76,1001006.0
2024-11-26T20:00:00+00:00,507.89,508.13,507.67,507.91,1311566.0
2024-11-26T20:05:00+00:00,507.88,508.16,507.79,508.13,304242.0
2024-11-26T20:10:00+00:00,508.15,508.34,508.1,508.28,208334.0
2024-11-26T20:15:00+00:00,508.29,508.39,508.11,508.15,162631.0
2024-11-26T20:20:00+00:00,507.88,508.42,507.79,508.12,987587.0
2024-11-26T20:25:00+00:00,508.11,508.2491,507.91,508.21,171449.0
2024-11-26T20:30:00+00:00,508.24,508.48,508.19,508.48,269827.0
2024-11-26T20:35:00+00:00,508.48,508.53,508.28,508.34,237905.0
2024-11-26T20:40:00+00:00,508.11,508.53,507.91,508.4,979772.0
2024-11-26T20:45:00+00:00,508.39,508.76,508.28,508.74,444485.0
2024-11-26T20:50:00+00:00,508.74,509.32,508.72,509.175,595767.0
2024-11-26T20:55:00+00:00,509.19,509.56,508.92,509.2504,739636.0
2024-11-26T21:00:00+00:00,508.39,509.71,508.28,509.3,3543860.0
2024-11-26T21:05:00+00:00,509.31,509.73,509.28,509.49,339885.0
2024-11-26T21:10:00+00:00,509.5,509.54,509.31,509.49,159473.0
2024-11-26T21:15:00+00:00,509.5,509.63,509.47,509.55,755317.0
2024-11-26T21:20:00+00:00,509.31,509.73,509.28,509.43,1289639.0
2024-11-26T21:25:00+00:00,509.45,509.7201,509.44,509.63,44691.0
2024-11-26T21:30:00+00:00,509.59,509.6,509.48,509.57,15852.0
2024-11-26T21:35:00+00:00,509.47,509.53,509.36,509.5,10807.0
2024-11-26T21:40:00+00:00,509.45,509.7201,509.36,509.51,79393.0
2024-11-26T21:45:00+00:00,509.56,509.6,509.53,509.6,4977.0
2024-11-26T21:50:00+00:00,509.5899,509.66,509.57,509.63,7148.0
2024-11-26T21:55:00+00:00,509.62,509.69,509.61,509.64,15962.0
2024-11-26T22:00:00+00:00,509.56,509.71,509.53,509.589,69498.0
2024-11-26T22:05:00+00:00,509.59,509.59,509.42,509.42,3444.0
2024-11-26T22:10:00+00:00,509.4204,509.4204,509.38,509.38,1277.0
2024-11-26T22:15:00+00:00,509.4,509.537,509.4,509.537,2353.0
2024-11-26T22:20:00+00:00,509.59,509.59,509.31,509.38,15727.0
2024-11-26T22:25:00+00:00,509.37,509.39,509.31,509.31,4357.0
2024-11-26T22:30:00+00:00,509.31,509.31,509.03,509.03,36735.0
2024-11-26T22:35:00+00:00,509.0835,509.241,509.0628,509.241,2853.0
2024-11-26T22:40:00+00:00,509.37,509.39,509.03,509.2014,45715.0
2024-11-26T22:45:00+00:00,509.2,509.2,509.19,509.2,4177.0
2024-11-26T22:50:00+00:00,509.141,509.35,509.141,509.35,3789.0
2024-11-26T22:55:00+00:00,509.34,509.35,509.13,509.13,5866.0
2024-11-26T23:00:00+00:00,509.2,509.35,509.13,509.25,15847.0
2024-11-26T23:05:00+00:00,509.28,509.31,508.81,509.08,17361.0
2024-11-26T23:10:00+00:00,509.23,509.3583,509.22,509.29,2454.0
2024-11-26T23:15:00+00:00,509.36,509.4,509.36,509.36,908.0
2024-11-26T23:20:00+00:00,509.28,509.43,508.81,509.27,31766.0
2024-11-26T23:25:00+00:00,509.1801,509.28,509.16,509.23,4705.0
2024-11-26T23:30:00+00:00,509.31,509.31,509.3087,509.3099,1393.0
2024-11-26T23:35:00+00:00,509.09,509.39,509.09,509.39,3151.0
2024-11-26T23:40:00+00:00,509.1801,509.39,509.09,509.33,10978.0
2024-11-26T23:45:00+00:00,509.26,509.3,509.2,509.24,2173.0
2024-11-26T23:50:00+00:00,509.25,509.33,509.24,509.33,2988.0
2024-11-26T23:55:00+00:00,509.28,509.28,509.28,509.28,1107.0
2024-11-27T00:00:00+00:00,509.26,509.33,509.2,509.23,9516.0
2024-11-27T00:05:00+00:00,509.23,509.23,509.1,509.11,4746.0
2024-11-27T00:10:00+00:00,509.06,509.12,509.02,509.02,4242.0
2024-11-27T00:15:00+00:00,509.03,509.03,508.97,509.01,3734.0
2024-11-27T00:20:00+00:00,509.23,509.23,508.97,509.1,13813.0
2024-11-27T00:25:00+00:00,509.08,509.08,508.9999,509.0393,1533.0
2024-11-27T00:30:00+00:00,509.04,509.04,508.9,508.95,2139.0
2024-11-27T00:35:00+00:00,509.01,509.1,508.99,509.1,6398.0
2024-11-27T00:40:00+00:00,509.08,509.1,508.9,509.0,10809.0
2024-11-27T00:45:00+00:00,509.0601,509.0601,508.98,508.98,5902.0
2024-11-27T00:50:00+00:00,508.95,508.95,508.88,508.88,7971.0
2024-11-27T00:55:00+00:00,508.99,509.16,508.99,509.15,11610.0
2024-11-27T01:00:00+00:00,509.0601,509.35,508.88,509.19,69410.0
2024-11-27T09:05:00+00:00,508.17,508.41,508.11,508.41,3262.0
2024-11-27T09:10:00+00:00,508.52,508.52,508.2,508.2,3773.0
2024-11-27T09:15:00+00:00,508.11,508.2,508.07,508.09,4150.0
2024-11-27T09:20:00+00:00,508.17,508.52,507.87,507.87,17355.0
2024-11-27T09:25:00+00:00,507.85,507.89,507.62,507.89,8291.0
2024-11-27T09:30:00+00:00,507.91,507.94,507.7,507.7,3155.0
2024-11-27T09:35:00+00:00,507.7,507.81,507.38,507.52,11808.0
2024-11-27T09:40:00+00:00,507.85,507.94,507.38,507.69,32976.0
2024-11-27T09:45:00+00:00,507.7,507.7,507.46,507.55,4207.0
2024-11-27T09:50:00+00:00,507.6,507.73,507.44,507.62,8196.0
2024-11-27T09:55:00+00:00,507.48,507.68,507.45,507.64,2312.0
2024-11-27T10:00:00+00:00,507.7,507.8,507.44,507.76,16443.0
2024-11-27T10:05:00+00:00,507.8,507.85,507.8,507.85,282.0
2024-11-27T10:10:00+00:00,507.69,507.7,507.64,507.64,2220.0
2024-11-27T10:15:00+00:00,507.59,507.65,507.57,507.65,879.0
2024-11-27T10:20:00+00:00,507.8,507.87,507.57,507.77,6939.0
2024-11-27T10:25:00+00:00,507.81,507.81,507.69,507.69,1032.0
2024-11-27T10:30:00+00:00,507.76,507.9,507.74,507.9,1646.0
2024-11-27T10:35:00+00:00,507.93,507.93,507.9,507.9,697.0
2024-11-27T10:40:00+00:00,507.81,507.93,507.69,507.88,7729.0
2024-11-27T10:45:00+00:00,507.85,507.92,507.8,507.8,1515.0
2024-11-27T10:50:00+00:00,507.8,507.8,507.69,507.73,2742.0
2024-11-27T10:55:00+00:00,507.86,507.86,507.78,507.85,2805.0
2024-11-27T11:00:00+00:00,507.85,508.21,507.69,508.14,10207.0
2024-11-27T11:05:00+00:00,508.08,508.15,508.08,508.15,2571.0
2024-11-27T11:10:00+00:00,508.11,508.11,507.97,507.97,2635.0
2024-11-27T11:15:00+00:00,507.96,507.96,507.7,507.7,2037.0
2024-11-27T11:20:00+00:00,508.08,508.15,507.65,507.71,9361.0
2024-11-27T11:25:00+00:00,507.71,507.73,507.53,507.55,3054.0
2024-11-27T11:30:00+00:00,507.57,507.68,507.53,507.53,3573.0
2024-11-27T11:35:00+00:00,507.54,507.8,507.54,507.8,2488.0
2024-11-27T11:40:00+00:00,507.71,507.84,507.53,507.76,10464.0
2024-11-27T11:45:00+00:00,507.85,507.91,507.85,507.91,2155.0
2024-11-27T11:50:00+00:00,507.88,507.88,507.84,507.84,932.0
2024-11-27T11:55:00+00:00,507.8,507.98,507.8,507.98,4033.0
2024-11-27T12:00:00+00:00,507.85,508.03,507.8,508.02,9832.0
2024-11-27T12:05:00+00:00,508.04,508.08,507.88,507.88,10934.0
2024-11-27T12:10:00+00:00,507.9,507.95,507.7,507.82,6831.0
2024-11-27T12:15:00+00:00,507.84,507.99,507.84,507.95,2681.0
2024-11-27T12:20:00+00:00,508.04,508.12,507.7,508.12,22878.0
2024-11-27T12:25:00+00:00,508.15,508.34,508.14,508.27,36551.0
2024-11-27T12:30:00+00:00,508.29,508.33,508.05,508.05,11076.0
2024-11-27T12:35:00+00:00,508.03,508.23,508.03,508.2,8932.0
2024-11-27T12:40:00+00:00,508.15,508.34,508.03,508.31,65662.0
2024-11-27T12:45:00+00:00,508.31,508.39,508.2,508.29,11433.0
2024-11-27T12:50:00+00:00,508.29,508.32,508.2,508.24,6642.0
2024-11-27T12:55:00+00:00,508.25,508.46,508.18,508.46,17312.0
2024-11-27T13:00:00+00:00,508.31,508.52,508.18,508.38,51148.0
2024-11-27T13:05:00+00:00,508.06,509.31,507.605,508.43,47866.0
2024-11-27T13:10:00+00:00,508.5,508.56,508.44,508.53,14210.0
2024-11-27T13:15:00+00:00,508.49,508.74,508.45,508.6,7192.0
2024-11-27T13:20:00+00:00,508.06,509.31,507.605,508.8,74977.0
2024-11-27T13:25:00+00:00,508.81,508.9799,508.64,508.64,6128.0
2024-11-27T13:30:00+00:00,508.62,508.6863,508.5411,508.5411,8547.0
2024-11-27T13:35:00+00:00,508.67,508.87,508.5008,508.5008,31135.0
2024-11-27T13:40:00+00:00,508.81,508.9799,508.3501,508.66,58399.0
2024-11-27T13:45:00+00:00,508.7,508.78,508.6,508.75,7137.0
2024-11-27T13:50:00+00:00,508.69,508.7,508.4502,508.55,12156.0
2024-11-27T13:55:00+00:00,508.5,508.75,508.48,508.73,11953.0
2024-11-27T14:00:00+00:00,508.7,508.78,508.4502,508.6,48314.0
2024-11-27T14:05:00+00:00,508.61,508.63,508.15,508.2,22604.0
2024-11-27T14:10:00+00:00,508.21,508.3,508.1,508.16,20968.0
2024-11-27T14:15:00+00:00,508.19,508.64,508.15,508.6,15566.0
2024-11-27T14:20:00+00:00,508.61,508.64,508.1,508.46,68248.0
2024-11-27T14:25:00+00:00,508.48,508.5,508.35,508.4,10343.0
2024-11-27T14:30:00+00:00,508.4,508.56,508.12,508.2,33615.0
2024-11-27T14:35:00+00:00,508.17,508.24,506.58,507.0,1096035.0
2024-11-27T14:40:00+00:00,508.48,508.56,506.18,506.57,1753415.0
2024-11-27T14:45:00+00:00,506.55,507.16,506.48,506.95,344271.0
2024-11-27T14:50:00+00:00,506.93,507.31,506.65,506.97,352270.0
2024-11-27T14:55:00+00:00,506.97,507.02,505.93,505.93,402491.0
2024-11-27T15:00:00+00:00,506.55,507.31,505.85,506.38,1360840.0
2024-11-27T15:05:00+00:00,506.38,506.38,505.5,506.17,398851.0
2024-11-27T15:10:00+00:00,506.22,506.33,505.89,505.9,198483.0
2024-11-27T15:15:00+00:00,505.92,505.96,505.13,505.19,356961.0
2024-11-27T15:20:00+00:00,506.38,506.38,504.67,505.19,1569103.0
2024-11-27T15:25:00+00:00,505.195,505.3699,504.49,504.76,408868.0
2024-11-27T15:30:00+00:00,504.79,504.95,504.07,504.33,477197.0
2024-11-27T15:35:00+00:00,504.29,504.5799,504.09,504.215,261882.0
2024-11-27T15:40:00+00:00,505.195,505.3699,503.16,503.3663,1563849.0
2024-11-27T15:45:00+00:00,503.4,504.53,503.2336,504.453,432093.0
2024-11-27T15:50:00+00:00,504.425,504.5199,503.71,503.73,205736.0
2024-11-27T15:55:00+00:00,503.74,503.9599,503.32,503.765,299892.0
2024-11-27T16:00:00+00:00,503.4,504.53,503.2336,503.58,1177569.0
2024-11-27T16:05:00+00:00,503.58,503.71,502.66,502.99,582949.0
2024-11-27T16:10:00+00:00,502.97,503.4387,502.813,503.38,281303.0
2024-11-27T16:15:00+00:00,503.34,503.34,502.46,503.19,258588.0
2024-11-27T16:20:00+00:00,503.58,503.71,502.46,502.95,1326527.0
2024-11-27T16:25:00+00:00,502.96,503.36,502.8999,502.91,163721.0
2024-11-27T16:30:00+00:00,502.91,503.23,502.69,503.11,227897.0
2024-11-27T16:35:00+00:00,503.02,503.63,502.8299,503.56,534920.0
2024-11-27T16:40:00+00:00,502.96,503.82,502.69,503.76,1138458.0
2024-11-27T16:45:00+00:00,503.765,504.0,503.11,503.1203,280934.0
2024-11-27T16:50:00+00:00,503.14,503.4099,502.58,502.66,235979.0
2024-11-27T16:55:00+00:00,502.72,502.98,502.42,502.781,188169.0
2024-11-27T17:00:00+00:00,503.765,504.0,502.42,502.92,787190.0
2024-11-27T17:05:00+00:00,502.88,502.88,502.26,502.4754,208329.0
2024-11-27T17:10:00+00:00,502.58,502.74,501.93,502.17,367612.0
2024-11-27T17:15:00+00:00,502.19,502.85,502.18,502.65,167681.0
2024-11-27T17:20:00+00:00,502.88,502.95,501.93,502.9199,919959.0
2024-11-27T17:25:00+00:00,502.94,503.15,502.7301,502.8701,197413.0
2024-11-27T17:30:00+00:00,502.88,503.23,502.88,503.09,281116.0
2024-11-27T17:35:00+00:00,503.11,503.16,502.66,502.98,204020.0
2024-11-27T17:40:00+00:00,502.94,503.23,502.66,503.0899,883010.0
2024-11-27T17:45:00+00:00,503.095,503.22,503.01,503.11,156677.0
2024-11-27T17:50:00+00:00,503.08,503.42,502.93,503.34,197442.0
2024-11-27T17:55:00+00:00,503.35,503.6287,503.26,503.37,202947.0
2024-11-27T18:00:00+00:00,503.095,503.66,502.93,503.59,724315.0
2024-11-27T18:05:00+00:00,503.58,503.71,503.3901,503.67,141835.0
2024-11-27T18:10:00+00:00,503.67,503.9013,503.605,503.895,351965.0
2024-11-27T18:15:00+00:00,503.89,504.55,503.89,504.5462,288397.0
2024-11-27T18:20:00+00:00,503.58,504.6099,503.3901,504.59,963408.0
2024-11-27T18:25:00+00:00,504.6,504.6499,504.22,504.32,193465.0
2024-11-27T18:30:00+00:00,504.38,504.4533,504.03,504.21,101727.0
2024-11-27T18:35:00+00:00,504.2,504.62,504.105,504.59,139614.0
2024-11-27T18:40:00+00:00,504.6,504.92,504.03,504.845,801955.0
2024-11-27T18:45:00+00:00,504.85,504.98,504.67,504.86,121698.0
2024-11-27T18:50:00+00:00,504.831,505.05,504.76,504.9001,219375.0
2024-11-27T18:55:00+00:00,504.91,505.23,504.85,505.2,221613.0
2024-11-27T19:00:00+00:00,504.85,505.38,504.67,505.19,817657.0
2024-11-27T19:05:00+00:00,505.19,505.26,504.98,505.14,480752.0
2024-11-27T19:10:00+00:00,505.15,505.24,505.07,505.125,181116.0
2024-11-27T19:15:00+00:00,505.12,505.47,504.97,505.465,200262.0
2024-11-27T19:20:00+00:00,505.19,505.49,504.97,505.15,1062592.0
2024-11-27T19:25:00+00:00,505.15,505.4299,505.0711,505.4,115397.0
2024-11-27T19:30:00+00:00,505.4,505.445,504.91,504.98,156444.0
2024-11-27T19:35:00+00:00,504.97,505.13,504.935,504.97,96580.0
2024-11-27T19:40:00+00:00,505.15,505.445,504.7,505.03,553753.0
2024-11-27T19:45:00+00:00,505.03,505.4,505.0166,505.28,75318.0
2024-11-27T19:50:00+00:00,505.281,505.5493,505.12,505.48,89936.0
2024-11-27T19:55:00+00:00,505.48,505.55,505.28,505.3,197777.0
2024-11-27T20:00:00+00:00,505.03,505.55,505.0166,505.06,529222.0
2024-11-27T20:05:00+00:00,505.06,505.59,504.98,505.515,238739.0
2024-11-27T20:10:00+00:00,505.52,505.65,505.3487,505.54,267305.0
2024-11-27T20:15:00+00:00,505.53,505.57,505.2301,505.31,196746.0
2024-11-27T20:20:00+00:00,505.06,505.65,504.98,505.0,1000944.0
2024-11-27T20:25:00+00:00,505.0,505.09,504.7401,504.81,268358.0
2024-11-27T20:30:00+00:00,504.81,504.97,504.6728,504.89,146322.0
2024-11-27T20:35:00+00:00,504.88,504.92,504.545,504.74,158045.0
2024-11-27T20:40:00+00:00,505.0,505.09,504.545,504.79,782882.0
2024-11-27T20:45:00+00:00,504.78,504.7999,504.22,504.7999,619045.0
2024-11-27T20:50:00+00:00,504.78,505.111,504.77,505.03,324016.0
2024-11-27T20:55:00+00:00,505.0,505.251,504.6501,504.87,531618.0
2024-11-27T21:00:00+00:00,504.78,505.29,504.22,505.28,3015506.0
2024-11-27T21:05:00+00:00,505.29,505.53,505.15,505.36,250194.0
2024-11-27T21:10:00+00:00,505.33,505.35,505.02,505.15,149510.0
2024-11-27T21:15:00+00:00,505.16,505.27,505.11,505.11,178360.0
2024-11-27T21:20:00+00:00,505.29,505.53,504.88,505.1,598449.0
2024-11-27T21:25:00+00:00,505.14,505.2,505.14,505.1501,5932.0
2024-11-27T21:30:00+00:00,505.149,505.149,505.04,505.08,33258.0
2024-11-27T21:35:00+00:00,505.05,505.11,505.05,505.08,12126.0
2024-11-27T21:40:00+00:00,505.14,505.2,504.89,504.9,57286.0
2024-11-27T21:45:00+00:00,504.88,505.03,504.88,504.97,10087.0
2024-11-27T21:50:00+00:00,505.04,505.1,505.03,505.1,8028.0
2024-11-27T21:55:00+00:00,505.04,505.08,505.01,505.07,3534.0
2024-11-27T22:00:00+00:00,504.88,505.1,504.88,505.1,37759.0
2024-11-27T22:05:00+00:00,505.13,505.15,505.12,505.12,61228.0
2024-11-27T22:10:00+00:00,505.16,505.17,505.15,505.17,7683.0
2024-11-27T22:15:00+00:00,505.161,505.189,505.16,505.189,1800.0
2024-11-27T22:20:00+00:00,505.13,505.3,505.12,505.2203,79336.0
2024-11-27T22:25:00+00:00,505.24,505.24,505.2,505.2,898.0
2024-11-27T22:30:00+00:00,505.26,505.26,505.26,505.26,771.0
2024-11-27T22:35:00+00:00,505.2,505.2,505.2,505.2,205.0
2024-11-27T22:40:00+00:00,505.24,505.26,505.2,505.2,6275.0
2024-11-27T22:50:00+00:00,505.18,505.18,505.1,505.1,3112.0
2024-11-27T22:55:00+00:00,505.13,505.15,505.13,505.15,738.0
2024-11-27T23:00:00+00:00,505.18,505.18,505.1,505.15,3850.0
2024-11-27T23:05:00+00:00,505.2,505.55,505.2,505.55,10657.0
2024-11-27T23:10:00+00:00,505.6,505.62,505.551,505.551,3667.0
2024-11-27T23:15:00+00:00,505.55,505.57,505.41,505.41,10941.0
2024-11-27T23:20:00+00:00,505.2,505.62,505.2,505.43,25744.0
2024-11-27T23:25:00+00:00,505.49,505.49,505.49,505.49,155.0
2024-11-27T23:35:00+00:00,505.461,505.54,505.461,505.53,2337.0
2024-11-27T23:40:00+00:00,505.49,505.54,505.461,505.53,2492.0
2024-11-27T23:45:00+00:00,505.5,505.5,505.5,505.5,113.0
2024-11-27T23:50:00+00:00,505.521,505.55,505.44,505.44,577.0
2024-11-28T00:00:00+00:00,505.5,505.55,505.44,505.48,1313.0
2024-11-28T00:10:00+00:00,505.68,505.79,505.68,505.75,3135.0
2024-11-28T00:15:00+00:00,505.78,505.78,505.78,505.78,2021.0
2024-11-28T00:20:00+00:00,505.68,506.04,505.68,506.04,8565.0
2024-11-28T00:25:00+00:00,506.0,506.07,505.97,506.05,7416.0
2024-11-28T00:30:00+00:00,506.0695,506.14,506.05,506.14,8852.0
2024-11-28T00:35:00+00:00,506.14,506.14,506.06,506.06,2373.0
2024-11-28T00:40:00+00:00,506.0,506.14,505.97,506.0655,19044.0
2024-11-28T00:45:00+00:00,506.0322,506.0322,506.011,506.011,1550.0
2024-11-28T00:50:00+00:00,505.98,506.02,505.98,506.02,1539.0
2024-11-28T00:55:00+00:00,505.94,505.99,505.88,505.99,1887.0
2024-11-28T01:00:00+00:00,506.0322,506.07,505.88,506.0,11989.0
2024-11-29T09:05:00+00:00,507.0,507.65,507.0,507.55,15269.0
2024-11-29T09:10:00+00:00,507.62,507.62,507.53,507.58,2289.0
2024-11-29T09:15:00+00:00,507.61,507.8,507.58,507.61,3354.0
2024-11-29T09:20:00+00:00,507.0,507.8,507.0,507.69,23431.0
2024-11-29T09:25:00+00:00,507.71,507.77,507.63,507.77,6778.0
2024-11-29T09:30:00+00:00,507.72,507.72,507.7,507.7,5847.0
2024-11-29T09:35:00+00:00,507.71,507.77,507.53,507.53,1733.0
2024-11-29T09:40:00+00:00,507.71,507.8,507.53,507.8,14852.0
2024-11-29T09:45:00+00:00,507.7,507.7,507.57,507.57,842.0
2024-11-29T09:55:00+00:00,507.6,507.6,507.52,507.52,4479.0
2024-11-29T10:00:00+00:00,507.7,507.7,507.52,507.56,8518.0
2024-11-29T10:05:00+00:00,507.46,507.46,507.45,507.45,791.0
2024-11-29T10:10:00+00:00,507.52,507.58,507.52,507.53,802.0
2024-11-29T10:15:00+00:00,507.52,507.56,507.52,507.56,779.0
2024-11-29T10:20:00+00:00,507.46,507.72,507.45,507.71,3661.0
2024-11-29T10:25:00+00:00,507.71,507.71,507.71,507.71,111.0
2024-11-29T10:30:00+00:00,507.41,507.48,507.41,507.48,1192.0
2024-11-29T10:35:00+00:00,507.4,507.4,507.4,507.4,1132.0
2024-11-29T10:40:00+00:00,507.71,507.71,507.3,507.3,2633.0
2024-11-29T10:45:00+00:00,507.14,507.38,507.14,507.38,3076.0
2024-11-29T10:50:00+00:00,507.36,507.4,507.36,507.4,406.0
2024-11-29T10:55:00+00:00,507.53,507.56,507.49,507.49,1506.0
2024-11-29T11:00:00+00:00,507.14,507.56,507.14,507.54,6338.0
2024-11-29T11:05:00+00:00,507.42,507.47,507.29,507.3,1559.0
2024-11-29T11:10:00+00:00,507.2,507.3,507.1,507.25,1892.0
2024-11-29T11:15:00+00:00,507.24,507.24,507.15,507.16,1163.0
2024-11-29T11:20:00+00:00,507.42,507.47,507.1,507.2,5146.0
2024-11-29T11:25:00+00:00,507.15,507.15,507.15,507.15,238.0
2024-11-29T11:30:00+00:00,507.19,507.19,507.19,507.19,212.0
2024-11-29T11:35:00+00:00,507.28,507.35,507.28,507.3,2850.0
2024-11-29T11:40:00+00:00,507.15,507.35,507.15,507.24,3804.0
2024-11-29T11:45:00+00:00,507.14,507.21,507.14,507.21,319.0
2024-11-29T11:50:00+00:00,507.32,507.34,507.32,507.33,2090.0
2024-11-29T11:55:00+00:00,507.26,507.26,507.15,507.15,4547.0
2024-11-29T12:00:00+00:00,507.14,507.34,507.14,507.32,7394.0
2024-11-29T12:05:00+00:00,507.18,507.18,507.01,507.11,8437.0
2024-11-29T12:10:00+00:00,507.22,507.23,506.9,506.98,1691.0
2024-11-29T12:15:00+00:00,507.05,507.07,506.93,507.07,6478.0
2024-11-29T12:20:00+00:00,507.18,507.23,506.9,506.99,21557.0
2024-11-29T12:25:00+00:00,507.1,507.1,507.01,507.01,784.0
2024-11-29T12:30:00+00:00,506.98,507.03,506.98,506.98,1227.0
2024-11-29T12:35:00+00:00,506.96,507.0,506.83,506.83,3685.0
2024-11-29T12:40:00+00:00,507.1,507.1,506.61,506.75,11231.0
2024-11-29T12:45:00+00:00,506.75,506.75,506.35,506.35,3233.0
2024-11-29T12:50:00+00:00,506.439,506.54,506.28,506.35,12633.0
2024-11-29T12:55:00+00:00,506.35,506.4,506.25,506.3,7127.0
2024-11-29T13:00:00+00:00,506.75,506.75,506.25,506.57,27581.0
2024-11-29T13:05:00+00:00,507.08,508.33,506.28,506.5199,51686.0
2024-11-29T13:10:00+00:00,506.52,506.62,506.44,506.59,6433.0
2024-11-29T13:15:00+00:00,506.57,506.68,505.678,506.63,24102.0
2024-11-29T13:20:00+00:00,507.08,508.33,505.678,506.37,93336.0
2024-11-29T13:25:00+00:00,506.4,506.45,506.3,506.38,5856.0
2024-11-29T13:30:00+00:00,506.34,506.34,506.1103,506.15,10374.0
2024-11-29T13:35:00+00:00,506.14,506.14,505.87,505.96,38535.0
2024-11-29T13:40:00+00:00,506.4,506.45,505.84,506.02,64121.0
2024-11-29T13:45:00+00:00,506.02,506.2,505.61,505.64,28189.0
2024-11-29T13:50:00+00:00,505.6,505.77,505.48,505.61,23561.0
2024-11-29T13:55:00+00:00,505.62,505.92,505.5101,505.62,20414.0
2024-11-29T14:00:00+00:00,506.02,506.2,505.48,505.83,78199.0
2024-11-29T14:05:00+00:00,505.92,506.44,505.92,506.3701,19499.0
2024-11-29T14:10:00+00:00,506.4,506.51,506.33,506.5,8849.0
2024-11-29T14:15:00+00:00,506.56,506.73,506.56,506.7,14222.0
2024-11-29T14:20:00+00:00,505.92,506.92,505.92,506.83,54215.0
2024-11-29T14:25:00+00:00,506.86,506.9199,506.69,506.69,34234.0
2024-11-29T14:30:00+00:00,506.64,506.75,505.7304,505.84,49369.0
2024-11-29T14:35:00+00:00,505.93,506.23,505.31,505.78,694928.0
2024-11-29T14:40:00+00:00,506.86,506.9199,505.31,506.725,1191284.0
2024-11-29T14:45:00+00:00,506.73,506.99,506.33,506.98,207996.0
2024-11-29T14:50:00+00:00,506.95,507.1787,506.44,506.48,533489.0
2024-11-29T14:55:00+00:00,506.52,507.48,506.48,507.48,340753.0
2024-11-29T15:00:00+00:00,506.73,508.0,506.33,507.94,1719586.0
2024-11-29T15:05:00+00:00,507.95,508.16,507.69,507.91,417206.0
2024-11-29T15:10:00+00:00,507.94,508.71,507.94,508.69,462385.0
2024-11-29T15:15:00+00:00,508.66,509.0499,508.66,509.04,320055.0
2024-11-29T15:20:00+00:00,507.95,509.26,507.69,509.21,1497117.0
2024-11-29T15:25:00+00:00,509.21,509.31,508.665,508.87,413999.0
2024-11-29T15:30:00+00:00,508.87,508.96,508.41,508.63,333893.0
2024-11-29T15:35:00+00:00,508.63,509.14,508.61,509.12,200372.0
2024-11-29T15:40:00+00:00,509.21,509.31,508.41,509.08,1143412.0
2024-11-29T15:45:00+00:00,509.07,509.51,508.98,509.13,246247.0
2024-11-29T15:50:00+00:00,509.16,509.17,508.55,508.61,249380.0
2024-11-29T15:55:00+00:00,508.56,508.87,508.4209,508.73,221753.0
2024-11-29T16:00:00+00:00,509.07,509.51,508.4209,508.8899,860965.0
2024-11-29T16:05:00+00:00,508.89,509.29,508.88,509.21,233855.0
2024-11-29T16:10:00+00:00,509.18,509.42,508.9,509.34,300322.0
2024-11-29T16:15:00+00:00,509.35,509.82,509.16,509.761,225453.0
2024-11-29T16:20:00+00:00,508.89,509.86,508.88,509.54,1919596.0
2024-11-29T16:25:00+00:00,509.54,509.785,509.53,509.7,193396.0
2024-11-29T16:30:00+00:00,509.7,509.72,509.47,509.66,170893.0
2024-11-29T16:35:00+00:00,509.64,509.715,509.39,509.41,272632.0
2024-11-29T16:40:00+00:00,509.54,509.785,509.1701,509.35,879037.0
2024-11-29T16:45:00+00:00,509.35,509.675,509.35,509.59,229132.0
2024-11-29T16:50:00+00:00,509.59,509.86,509.545,509.84,158135.0
2024-11-29T16:55:00+00:00,509.83,510.08,509.78,510.0,256871.0
2024-11-29T17:00:00+00:00,509.35,510.08,509.35,509.83,816559.0
2024-11-29T17:05:00+00:00,509.83,509.83,509.43,509.65,205109.0
2024-11-29T17:10:00+00:00,509.67,509.95,509.59,509.85,182195.0
2024-11-29T17:15:00+00:00,509.84,509.85,509.54,509.681,149374.0
2024-11-29T17:20:00+00:00,509.83,510.005,509.43,509.9775,724538.0
2024-11-29T17:25:00+00:00,509.98,510.0,509.58,509.59,190485.0
2024-11-29T17:30:00+00:00,509.61,509.845,509.4201,509.5,288789.0
2024-11-29T17:35:00+00:00,509.52,510.02,509.48,510.02,352691.0
2024-11-29T17:40:00+00:00,509.98,510.12,509.4201,509.99,1059428.0
2024-11-29T17:45:00+00:00,510.0,510.0501,509.69,509.7699,170616.0
2024-11-29T17:50:00+00:00,509.74,509.8,509.595,509.755,210069.0
2024-11-29T17:55:00+00:00,509.75,510.34,509.69,509.97,420292.0
2024-11-29T18:00:00+00:00,510.0,510.34,509.53,509.71,1897039.0
2024-11-29T18:05:00+00:00,509.71,509.74,509.71,509.74,354904.0
2024-11-29T18:20:00+00:00,509.71,509.74,509.71,509.74,354904.0
2024-11-29T21:05:00+00:00,509.85,509.85,509.85,509.85,516.0
2024-11-29T21:10:00+00:00,509.76,509.9,509.76,509.9,2255.0
2024-11-29T21:15:00+00:00,509.8005,509.9,509.8005,509.9,1539.0
2024-11-29T21:20:00+00:00,509.85,509.9,509.76,509.9,4916.0
2024-11-29T21:25:00+00:00,509.89,510.0,509.89,510.0,7201.0
2024-11-29T21:30:00+00:00,509.958,510.0,509.958,510.0,381.0
2024-11-29T21:35:00+00:00,509.93,510.0,509.93,509.95,3404.0
2024-11-29T21:40:00+00:00,509.89,510.0,509.89,510.0,15945.0
2024-11-29T21:45:00+00:00,509.92,510.0009,509.91,510.0,2021.0
2024-11-29T21:50:00+00:00,510.04,510.1433,510.0,510.1433,995.0
2024-11-29T21:55:00+00:00,510.1439,510.1439,509.92,509.99,4267.0
2024-11-29T22:00:00+00:00,509.92,510.19,509.91,510.19,8951.0
2024-12-02T09:05:00+00:00,509.51,509.51,509.11,509.16,11260.0
2024-12-02T09:10:00+00:00,509.11,509.11,508.93,509.1,20723.0
2024-12-02T09:15:00+00:00,509.04,509.25,509.04,509.23,9664.0
2024-12-02T09:20:00+00:00,509.51,509.51,508.93,509.19,48503.0
2024-12-02T09:25:00+00:00,509.18,509.18,509.18,509.18,596.0
2024-12-02T09:30:00+00:00,509.17,509.22,509.06,509.06,575.0
2024-12-02T09:35:00+00:00,509.1,509.13,509.08,509.09,4443.0
2024-12-02T09:40:00+00:00,509.18,509.22,508.91,508.94,8821.0
2024-12-02T09:45:00+00:00,508.98,509.0,508.86,508.96,3384.0
2024-12-02T09:50:00+00:00,508.92,508.99,508.9,508.95,1384.0
2024-12-02T09:55:00+00:00,509.0,509.0,508.84,508.84,707.0
2024-12-02T10:00:00+00:00,508.98,509.0,508.78,508.78,6969.0
2024-12-02T10:05:00+00:00,508.75,508.87,508.66,508.72,3609.0
2024-12-02T10:10:00+00:00,508.71,508.86,508.71,508.86,3833.0
2024-12-02T10:15:00+00:00,508.73,508.96,508.73,508.96,1227.0
2024-12-02T10:20:00+00:00,508.75,509.0,508.66,509.0,10604.0
2024-12-02T10:25:00+00:00,508.92,509.11,508.92,509.07,3728.0
2024-12-02T10:30:00+00:00,508.99,508.99,508.94,508.94,411.0
2024-12-02T10:35:00+00:00,508.82,509.02,508.82,509.02,1021.0
2024-12-02T10:40:00+00:00,508.92,509.11,508.82,509.09,5418.0
2024-12-02T10:45:00+00:00,508.89,508.95,508.86,508.86,2971.0
2024-12-02T10:50:00+00:00,508.88,508.88,508.73,508.73,575.0
2024-12-02T10:55:00+00:00,508.76,508.86,508.76,508.86,982.0
2024-12-02T11:00:00+00:00,508.89,508.95,508.73,508.8,8408.0
2024-12-02T11:05:00+00:00,508.96,508.96,508.88,508.95,1642.0
2024-12-02T11:10:00+00:00,508.95,508.95,508.79,508.79,357.0
2024-12-02T11:15:00+00:00,508.86,508.87,508.86,508.87,503.0
2024-12-02T11:20:00+00:00,508.96,508.96,508.79,508.94,3335.0
2024-12-02T11:25:00+00:00,509.07,509.07,508.97,509.04,2011.0
2024-12-02T11:30:00+00:00,509.05,509.1,509.05,509.1,862.0
2024-12-02T11:35:00+00:00,509.07,509.07,508.95,508.95,479.0
2024-12-02T11:40:00+00:00,509.07,509.1,508.84,509.03,5359.0
2024-12-02T11:45:00+00:00,509.04,509.15,509.04,509.15,2318.0
2024-12-02T11:50:00+00:00,509.11,509.2,509.11,509.2,4310.0
2024-12-02T11:55:00+00:00,509.16,509.17,509.1,509.14,1064.0
2024-12-02T12:00:00+00:00,509.04,509.25,509.04,509.25,8625.0
2024-12-02T12:05:00+00:00,509.24,509.38,509.2,509.38,5928.0
2024-12-02T12:10:00+00:00,509.42,509.709,509.42,509.689,11665.0
2024-12-02T12:15:00+00:00,509.87,509.98,509.75,509.75,23006.0
2024-12-02T12:20:00+00:00,509.24,509.98,509.2,509.651,52081.0
2024-12-02T12:25:00+00:00,509.65,509.84,509.65,509.78,7895.0
2024-12-02T12:30:00+00:00,509.8,510.14,509.8,510.09,5373.0
2024-12-02T12:35:00+00:00,510.09,510.25,509.93,510.07,8973.0
2024-12-02T12:40:00+00:00,509.65,510.25,509.65,509.9,29051.0
2024-12-02T12:45:00+00:00,509.85,510.12,509.84,510.04,12859.0
2024-12-02T12:50:00+00:00,510.03,510.1,509.93,510.06,8129.0
2024-12-02T12:55:00+00:00,510.07,510.1,510.02,510.02,3849.0
2024-12-02T13:00:00+00:00,509.85,510.16,509.84,510.16,30034.0
2024-12-02T13:05:00+00:00,510.16,510.26,508.63,510.17,45267.0
2024-12-02T13:10:00+00:00,510.16,510.42,510.16,510.41,16243.0
2024-12-02T13:15:00+00:00,510.44,510.63,510.44,510.58,22460.0
2024-12-02T13:20:00+00:00,510.16,510.85,508.63,510.7,106978.0
2024-12-02T13:25:00+00:00,510.67,510.7,510.45,510.53,11986.0
2024-12-02T13:30:00+00:00,510.54,510.59,510.39,510.55,10483.0
2024-12-02T13:35:00+00:00,510.57,510.7,510.56,510.67,6295.0
2024-12-02T13:40:00+00:00,510.67,510.7,510.39,510.42,46432.0
2024-12-02T13:45:00+00:00,510.4639,510.53,510.28,510.38,41471.0
2024-12-02T13:50:00+00:00,510.33,510.34,510.14,510.14,22737.0
2024-12-02T13:55:00+00:00,510.13,510.58,510.13,510.58,8506.0
2024-12-02T14:00:00+00:00,510.4639,510.68,510.13,510.68,93389.0
2024-12-02T14:05:00+00:00,510.65,510.9,510.62,510.9,22618.0
2024-12-02T14:10:00+00:00,510.9,511.0,510.81,510.83,41452.0
2024-12-02T14:15:00+00:00,510.82,510.97,510.78,510.9599,14876.0
2024-12-02T14:20:00+00:00,510.65,511.0,510.62,510.81,97210.0
2024-12-02T14:25:00+00:00,510.79,510.93,510.7,510.88,17254.0
2024-12-02T14:30:00+00:00,510.79,511.1,510.58,511.08,38015.0
2024-12-02T14:35:00+00:00,511.01,512.92,510.62,512.7419,1436206.0
2024-12-02T14:40:00+00:00,510.79,513.3,510.58,512.87,2225244.0
2024-12-02T14:45:00+00:00,512.83,513.36,512.33,512.76,781488.0
2024-12-02T14:50:00+00:00,512.7842,513.6,512.7,513.6,357807.0
2024-12-02T14:55:00+00:00,513.59,514.1,513.31,514.01,622663.0
2024-12-02T15:00:00+00:00,512.83,514.1,512.33,513.67,2344224.0
2024-12-02T15:05:00+00:00,513.68,514.33,513.59,514.24,531977.0
2024-12-02T15:10:00+00:00,514.2353,514.46,514.04,514.05,344350.0
2024-12-02T15:15:00+00:00,514.03,514.6299,513.9101,514.6,254978.0
2024-12-02T15:20:00+00:00,513.68,514.74,513.59,513.99,1437259.0
2024-12-02T15:25:00+00:00,513.96,514.32,513.7725,514.27,214901.0
2024-12-02T15:30:00+00:00,514.26,514.4799,514.1825,514.4,194615.0
2024-12-02T15:35:00+00:00,514.3997,514.78,514.26,514.73,245305.0
2024-12-02T15:40:00+00:00,513.96,514.89,513.7725,514.4917,921613.0
2024-12-02T15:45:00+00:00,514.51,514.76,514.28,514.33,218960.0
2024-12-02T15:50:00+00:00,514.29,514.5799,514.15,514.45,181851.0
2024-12-02T15:55:00+00:00,514.44,514.44,513.62,514.1,311829.0
2024-12-02T16:00:00+00:00,514.51,514.76,513.43,513.7635,983539.0
2024-12-02T16:05:00+00:00,513.79,514.14,513.7,513.9199,178280.0
2024-12-02T16:10:00+00:00,513.93,514.63,513.91,514.6299,245352.0
2024-12-02T16:15:00+00:00,514.63,514.7575,514.42,514.58,136563.0
2024-12-02T16:20:00+00:00,513.79,514.7575,513.7,514.62,685785.0
2024-12-02T16:25:00+00:00,514.6,514.6225,514.1304,514.18,139306.0
2024-12-02T16:30:00+00:00,514.16,514.5,514.04,514.43,112486.0
2024-12-02T16:35:00+00:00,514.42,514.61,514.3,514.5399,400607.0
2024-12-02T16:40:00+00:00,514.6,515.45,514.04,515.345,970455.0
2024-12-02T16:45:00+00:00,515.35,515.63,515.27,515.49,252045.0
2024-12-02T16:50:00+00:00,515.4924,515.69,515.42,515.65,399869.0
2024-12-02T16:55:00+00:00,515.67,515.72,515.31,515.37,219923.0
2024-12-02T17:00:00+00:00,515.35,515.72,515.1837,515.53,1048272.0
2024-12-02T17:05:00+00:00,515.515,516.04,515.49,515.97,478010.0
2024-12-02T17:10:00+00:00,515.96,515.99,515.73,515.85,426174.0
2024-12-02T17:15:00+00:00,515.88,516.05,515.8401,515.99,92228.0
2024-12-02T17:20:00+00:00,515.515,516.13,515.49,516.01,1135120.0
2024-12-02T17:25:00+00:00,516.02,516.26,515.97,516.23,171609.0
2024-12-02T17:30:00+00:00,516.22,516.22,515.55,515.64,614782.0
2024-12-02T17:35:00+00:00,515.64,515.85,515.44,515.7,193085.0
2024-12-02T17:40:00+00:00,516.02,516.26,515.44,515.73,1161126.0
2024-12-02T17:45:00+00:00,515.74,515.87,515.54,515.84,109016.0
2024-12-02T17:50:00+00:00,515.855,515.9199,515.76,515.84,83265.0
2024-12-02T17:55:00+00:00,515.87,515.97,515.63,515.7076,96133.0
2024-12-02T18:00:00+00:00,515.74,515.97,515.5,515.51,493573.0
2024-12-02T18:05:00+00:00,515.51,515.51,515.27,515.43,199219.0
2024-12-02T18:10:00+00:00,515.44,515.54,515.2201,515.2746,93214.0
2024-12-02T18:15:00+00:00,515.3,515.4,515.19,515.21,124167.0
2024-12-02T18:20:00+00:00,515.51,515.54,514.97,515.1,595100.0
2024-12-02T18:25:00+00:00,515.0899,515.64,515.0733,515.6301,173495.0
2024-12-02T18:30:00+00:00,515.63,515.63,515.1217,515.1217,130110.0
2024-12-02T18:35:00+00:00,515.12,515.2197,514.73,514.916,318410.0
2024-12-02T18:40:00+00:00,515.0899,515.64,514.73,515.29,1041031.0
2024-12-02T18:45:00+00:00,515.2901,515.41,515.25,515.29,178401.0
2024-12-02T18:50:00+00:00,515.3,515.38,515.1601,515.26,74393.0
2024-12-02T18:55:00+00:00,515.23,515.27,515.08,515.19,82824.0
2024-12-02T19:00:00+00:00,515.2901,515.41,515.01,515.16,472616.0
2024-12-02T19:05:00+00:00,515.14,515.21,514.92,515.12,159038.0
2024-12-02T19:10:00+00:00,515.1,515.13,514.88,514.89,116350.0
2024-12-02T19:15:00+00:00,514.885,514.91,514.35,514.46,238236.0
2024-12-02T19:20:00+00:00,515.14,515.21,514.35,514.54,666859.0
2024-12-02T19:25:00+00:00,514.53,514.56,514.36,514.53,169934.0
2024-12-02T19:30:00+00:00,514.55,514.66,514.27,514.57,167064.0
2024-12-02T19:35:00+00:00,514.56,514.94,514.53,514.89,176731.0
2024-12-02T19:40:00+00:00,514.53,515.0,514.27,514.77,668319.0
2024-12-02T19:45:00+00:00,514.75,515.02,514.75,515.0,146953.0
2024-12-02T19:50:00+00:00,514.9999,515.0127,514.86,514.9501,112843.0
2024-12-02T19:55:00+00:00,514.91,515.165,514.89,515.14,145368.0
2024-12-02T20:00:00+00:00,514.75,515.37,514.75,515.31,621452.0
2024-12-02T20:05:00+00:00,515.28,515.289,514.91,514.98,197503.0
2024-12-02T20:10:00+00:00,514.97,515.155,514.95,515.12,130839.0
2024-12-02T20:15:00+00:00,515.13,515.48,515.09,515.365,143670.0
2024-12-02T20:20:00+00:00,515.28,515.66,514.91,515.32,770702.0
2024-12-02T20:25:00+00:00,515.33,515.5099,515.27,515.5099,113145.0
2024-12-02T20:30:00+00:00,515.49,515.78,515.46,515.73,215723.0
2024-12-02T20:35:00+00:00,515.731,515.82,515.56,515.78,247349.0
2024-12-02T20:40:00+00:00,515.33,515.8382,515.27,515.76,871257.0
2024-12-02T20:45:00+00:00,515.75,515.77,515.29,515.435,377579.0
2024-12-02T20:50:00+00:00,515.42,515.63,514.53,515.5,272899.0
2024-12-02T20:55:00+00:00,515.5,515.56,515.1701,515.21,718503.0
2024-12-02T21:00:00+00:00,515.75,515.77,514.53,515.3,2498203.0
2024-12-02T21:05:00+00:00,515.29,515.55,515.22,515.54,117457.0
2024-12-02T21:10:00+00:00,515.5,515.67,515.29,515.67,143378.0
2024-12-02T21:15:00+00:00,515.66,515.8,515.54,515.68,1071493.0
2024-12-02T21:20:00+00:00,515.29,515.8,515.22,515.55,1471749.0
2024-12-02T21:25:00+00:00,515.46,515.67,515.35,515.67,67832.0
2024-12-02T21:30:00+00:00,515.62,515.63,515.3856,515.54,57045.0
2024-12-02T21:35:00+00:00,515.43,515.51,515.35,515.5,16542.0
2024-12-02T21:40:00+00:00,515.46,515.67,515.35,515.54,153193.0
2024-12-02T21:45:00+00:00,515.56,515.56,515.16,515.25,34431.0
2024-12-02T21:50:00+00:00,515.2,515.28,515.1,515.18,7238.0
2024-12-02T21:55:00+00:00,515.19,515.28,515.18,515.23,11262.0
2024-12-02T22:00:00+00:00,515.56,515.56,515.06,515.14,216397.0
2024-12-02T22:05:00+00:00,515.14,515.28,515.13,515.13,8843.0
2024-12-02T22:10:00+00:00,515.11,515.22,515.05,515.22,2033.0
2024-12-02T22:15:00+00:00,515.29,515.29,515.09,515.2,20883.0
2024-12-02T22:20:00+00:00,515.14,515.29,515.05,515.24,35691.0
2024-12-02T22:25:00+00:00,515.199,515.25,515.199,515.2,4022.0
2024-12-02T22:30:00+00:00,515.21,515.21,515.11,515.15,1570.0
2024-12-02T22:35:00+00:00,515.15,515.17,515.15,515.17,710.0
2024-12-02T22:40:00+00:00,515.199,515.25,515.11,515.18,7117.0
2024-12-02T22:45:00+00:00,515.18,515.18,515.1701,515.1701,1117.0
2024-12-02T22:50:00+00:00,515.17,515.2999,515.17,515.29,9282.0
2024-12-02T22:55:00+00:00,515.3,515.3,515.3,515.3,145.0
2024-12-02T23:00:00+00:00,515.18,515.33,515.1,515.29,16672.0
2024-12-02T23:05:00+00:00,515.29,515.29,514.98,515.1,11844.0
2024-12-02T23:10:00+00:00,515.07,515.0901,515.07,515.09,2150.0
2024-12-02T23:15:00+00:00,515.18,515.2,515.15,515.15,852.0
2024-12-02T23:20:00+00:00,515.29,515.29,514.98,515.23,16391.0
2024-12-02T23:25:00+00:00,515.35,515.45,515.35,515.45,6811.0
2024-12-02T23:30:00+00:00,515.44,515.44,515.34,515.41,2234.0
2024-12-02T23:35:00+00:00,515.28,515.28,515.24,515.24,1207.0
2024-12-02T23:40:00+00:00,515.35,515.45,515.21,515.21,11737.0
2024-12-02T23:45:00+00:00,515.15,515.15,515.05,515.08,3846.0
2024-12-02T23:50:00+00:00,515.04,515.1,515.04,515.07,1356.0
2024-12-02T23:55:00+00:00,515.15,515.15,515.15,515.15,345.0
2024-12-03T00:00:00+00:00,515.15,515.25,515.04,515.25,5679.0
2024-12-03T00:05:00+00:00,515.25,515.35,515.25,515.29,986.0
2024-12-03T00:10:00+00:00,515.33,515.35,515.24,515.27,2472.0
2024-12-03T00:15:00+00:00,515.24,515.28,515.2,515.21,1742.0
2024-12-03T00:20:00+00:00,515.25,515.35,515.2,515.21,6133.0
2024-12-03T00:25:00+00:00,515.2487,515.25,515.2,515.2,1560.0
2024-12-03T00:30:00+00:00,515.2,515.2,515.1,515.1,5063.0
2024-12-03T00:35:00+00:00,515.13,515.17,515.1,515.15,3475.0
2024-12-03T00:40:00+00:00,515.2487,515.25,515.09,515.1,12689.0
2024-12-03T00:45:00+00:00,515.1,515.109,515.0,515.03,2320.0
2024-12-03T00:50:00+00:00,515.1416,515.2,515.1,515.1399,3852.0
2024-12-03T00:55:00+00:00,515.12,515.15,515.12,515.12,746.0
2024-12-03T01:00:00+00:00,515.1,515.2,515.0,515.15,10269.0
2024-12-03T09:05:00+00:00,515.39,515.45,515.27,515.39,7488.0
2024-12-03T09:10:00+00:00,515.34,515.45,515.31,515.39,3096.0
2024-12-03T09:15:00+00:00,515.45,515.45,515.45,515.45,111.0
2024-12-03T09:20:00+00:00,515.39,515.49,515.27,515.49,13306.0
2024-12-03T09:25:00+00:00,515.5,515.5,515.37,515.37,518.0
2024-12-03T09:30:00+00:00,515.44,515.5,515.3,515.37,4649.0
2024-12-03T09:35:00+00:00,515.29,515.33,515.24,515.26,3140.0
2024-12-03T09:40:00+00:00,515.5,515.5,515.24,515.25,9054.0
2024-12-03T09:45:00+00:00,515.31,515.38,515.31,515.32,1636.0
2024-12-03T09:50:00+00:00,515.38,515.38,515.32,515.32,1341.0
2024-12-03T09:55:00+00:00,515.29,515.36,515.29,515.32,1670.0
2024-12-03T10:00:00+00:00,515.31,515.38,515.29,515.32,4647.0
2024-12-03T10:05:00+00:00,515.35,515.35,515.3,515.3,2419.0
2024-12-03T10:10:00+00:00,515.27,515.36,515.27,515.36,1358.0
2024-12-03T10:15:00+00:00,515.33,515.42,515.33,515.42,671.0
2024-12-03T10:20:00+00:00,515.35,515.47,515.27,515.42,5919.0
2024-12-03T10:25:00+00:00,515.44,515.44,515.44,515.44,514.0
2024-12-03T10:30:00+00:00,515.37,515.37,515.37,515.37,763.0
2024-12-03T10:35:00+00:00,515.31,515.33,515.15,515.15,1431.0
2024-12-03T10:40:00+00:00,515.44,515.44,515.1,515.16,6083.0
2024-12-03T10:50:00+00:00,515.21,515.28,515.21,515.25,1634.0
2024-12-03T10:55:00+00:00,515.26,515.26,515.11,515.11,441.0
2024-12-03T11:00:00+00:00,515.21,515.28,515.0,515.0,3472.0
2024-12-03T11:05:00+00:00,515.0,515.06,514.74,514.74,6936.0
2024-12-03T11:10:00+00:00,514.82,514.94,514.8,514.81,1680.0
2024-12-03T11:15:00+00:00,514.74,514.83,514.66,514.71,2659.0
2024-12-03T11:20:00+00:00,515.0,515.06,514.66,514.96,12108.0
2024-12-03T11:25:00+00:00,515.06,515.11,515.02,515.08,2660.0
2024-12-03T11:30:00+00:00,514.86,514.86,514.86,514.86,407.0
2024-12-03T11:35:00+00:00,514.85,514.92,514.83,514.83,7096.0
2024-12-03T11:40:00+00:00,515.06,515.11,514.79,514.79,10653.0
2024-12-03T11:45:00+00:00,515.0,515.04,514.95,514.96,1948.0
2024-12-03T11:50:00+00:00,515.08,515.16,515.08,515.16,1709.0
2024-12-03T11:55:00+00:00,515.14,515.14,515.14,515.14,206.0
2024-12-03T12:00:00+00:00,515.0,515.2,514.95,515.15,5597.0
2024-12-03T12:05:00+00:00,515.13,515.27,515.13,515.25,13975.0
2024-12-03T12:10:00+00:00,515.291,515.33,515.04,515.08,2518.0
2024-12-03T12:15:00+00:00,515.11,515.11,514.9,514.9,8750.0
2024-12-03T12:20:00+00:00,515.13,515.33,514.72,514.94,34394.0
2024-12-03T12:25:00+00:00,514.92,515.17,514.92,515.17,3066.0
2024-12-03T12:30:00+00:00,515.18,515.25,515.1,515.1,3791.0
2024-12-03T12:35:00+00:00,515.23,515.37,515.23,515.35,2326.0
2024-12-03T12:40:00+00:00,514.92,515.37,514.92,515.3,11770.0
2024-12-03T12:45:00+00:00,515.35,515.44,515.35,515.44,2393.0
2024-12-03T12:50:00+00:00,515.45,515.45,515.14,515.14,3823.0
2024-12-03T12:55:00+00:00,515.211,515.29,515.211,515.229,2629.0
2024-12-03T13:00:00+00:00,515.35,515.45,515.08,515.18,11700.0
2024-12-03T13:05:00+00:00,514.96,515.88,514.7301,515.16,27331.0
2024-12-03T13:10:00+00:00,515.13,515.29,515.13,515.19,5542.0
2024-12-03T13:15:00+00:00,515.23,515.27,515.21,515.21,1074.0
2024-12-03T13:20:00+00:00,514.96,515.88,514.7301,515.11,42638.0
2024-12-03T13:25:00+00:00,515.08,515.2,514.98,515.2,7622.0
2024-12-03T13:30:00+00:00,515.22,515.22,515.14,515.16,2545.0
2024-12-03T13:35:00+00:00,515.14,515.24,515.08,515.24,4786.0
2024-12-03T13:40:00+00:00,515.08,515.24,514.98,515.2,18538.0
2024-12-03T13:45:00+00:00,515.2,515.4,515.2,515.39,9077.0
2024-12-03T13:50:00+00:00,515.3799,515.54,515.35,515.54,19570.0
2024-12-03T13:55:00+00:00,515.5,515.51,515.0622,515.11,17419.0
2024-12-03T14:00:00+00:00,515.2,515.54,514.88,514.88,77475.0
2024-12-03T14:05:00+00:00,514.88,515.2,514.81,514.91,23481.0
2024-12-03T14:10:00+00:00,514.8,514.8001,513.87,513.9,48394.0
2024-12-03T14:15:00+00:00,513.9,514.29,513.9,513.95,34095.0
2024-12-03T14:20:00+00:00,514.88,515.2,513.67,514.18,143313.0
2024-12-03T14:25:00+00:00,514.21,514.41,513.901,514.19,51987.0
2024-12-03T14:30:00+00:00,514.06,514.47,513.84,513.95,59924.0
2024-12-03T14:35:00+00:00,513.95,514.64,513.37,514.46,767307.0
2024-12-03T14:40:00+00:00,514.21,514.86,513.37,514.85,1523083.0
2024-12-03T14:45:00+00:00,514.8,515.05,514.38,514.76,460984.0
2024-12-03T14:50:00+00:00,514.75,515.12,514.7,514.88,433601.0
2024-12-03T14:55:00+00:00,514.91,515.19,514.6709,514.774,637405.0
2024-12-03T15:00:00+00:00,514.8,515.19,514.38,515.0555,1760581.0
2024-12-03T15:05:00+00:00,515.03,515.58,514.86,515.22,290259.0
2024-12-03T15:10:00+00:00,515.23,515.79,515.1,515.21,782450.0
2024-12-03T15:15:00+00:00,515.23,515.52,514.92,515.3064,219404.0
2024-12-03T15:20:00+00:00,515.03,515.79,514.86,515.065,1492535.0
2024-12-03T15:25:00+00:00,515.06,515.11,514.44,514.78,221862.0
2024-12-03T15:30:00+00:00,514.75,514.82,514.25,514.42,183737.0
2024-12-03T15:35:00+00:00,514.4,515.04,514.3622,514.83,139813.0
2024-12-03T15:40:00+00:00,515.06,515.35,514.25,515.08,780141.0
2024-12-03T15:45:00+00:00,515.06,515.08,514.6158,514.68,139326.0
2024-12-03T15:50:00+00:00,514.7,514.8263,514.29,514.66,224070.0
2024-12-03T15:55:00+00:00,514.66,514.81,514.13,514.4385,175165.0
2024-12-03T16:00:00+00:00,515.06,515.18,514.13,515.15,765041.0
2024-12-03T16:05:00+00:00,515.15,515.68,515.07,515.49,340326.0
2024-12-03T16:10:00+00:00,515.5148,515.77,515.32,515.6041,214990.0
2024-12-03T16:15:00+00:00,515.64,515.75,515.38,515.51,96240.0
2024-12-03T16:20:00+00:00,515.15,515.77,515.07,515.615,750085.0
2024-12-03T16:25:00+00:00,515.64,515.8477,515.5201,515.74,102633.0
2024-12-03T16:30:00+00:00,515.7799,516.23,515.56,516.22,211955.0
2024-12-03T16:35:00+00:00,516.21,516.48,515.775,515.885,408221.0
2024-12-03T16:40:00+00:00,515.64,516.48,515.23,515.26,1031317.0
2024-12-03T16:45:00+00:00,515.24,515.4399,514.885,514.96,284096.0
2024-12-03T16:50:00+00:00,514.94,515.41,514.91,515.3401,181685.0
2024-12-03T16:55:00+00:00,515.37,515.6599,515.34,515.5649,118760.0
2024-12-03T17:00:00+00:00,515.24,515.6599,514.885,515.11,641591.0
2024-12-03T17:05:00+00:00,515.13,515.45,515.06,515.3,126718.0
2024-12-03T17:10:00+00:00,515.2997,515.2997,514.925,514.925,84303.0
2024-12-03T17:15:00+00:00,514.951,515.189,514.9066,515.135,71199.0
2024-12-03T17:20:00+00:00,515.13,515.45,514.9066,515.3299,340347.0
2024-12-03T17:25:00+00:00,515.31,515.36,515.11,515.13,82441.0
2024-12-03T17:30:00+00:00,515.15,515.205,515.001,515.05,71612.0
2024-12-03T17:35:00+00:00,515.04,515.2382,514.9,515.0999,98958.0
2024-12-03T17:40:00+00:00,515.31,515.36,514.75,514.97,350656.0
2024-12-03T17:45:00+00:00,514.98,515.26,514.9601,515.14,79266.0
2024-12-03T17:50:00+00:00,515.2,515.65,515.19,515.62,102861.0
2024-12-03T17:55:00+00:00,515.6005,515.84,515.45,515.84,115572.0
2024-12-03T18:00:00+00:00,514.98,516.0,514.9601,515.99,448745.0
2024-12-03T18:05:00+00:00,515.97,515.9835,515.71,515.91,176441.0
2024-12-03T18:10:00+00:00,515.9,516.0331,515.8409,515.99,132570.0
2024-12-03T18:15:00+00:00,515.99,516.0884,515.7901,515.893,80010.0
2024-12-03T18:20:00+00:00,515.97,516.0884,515.71,515.8,459144.0
2024-12-03T18:25:00+00:00,515.81,516.04,515.79,515.99,77052.0
2024-12-03T18:30:00+00:00,515.995,516.09,515.66,515.66,373956.0
2024-12-03T18:35:00+00:00,515.65,515.87,515.56,515.85,98600.0
2024-12-03T18:40:00+00:00,515.81,516.09,515.56,515.61,641269.0
2024-12-03T18:45:00+00:00,515.63,515.68,515.46,515.49,115407.0
2024-12-03T18:50:00+00:00,515.48,515.61,515.33,515.58,124308.0
2024-12-03T18:55:00+00:00,515.57,515.92,515.57,515.9181,86771.0
2024-12-03T19:00:00+00:00,515.63,515.9652,515.33,515.77,388846.0
2024-12-03T19:05:00+00:00,515.74,515.76,515.56,515.64,155594.0
2024-12-03T19:10:00+00:00,515.675,515.8389,515.5767,515.815,58797.0
2024-12-03T19:15:00+00:00,515.81,515.84,515.642,515.72,75043.0
2024-12-03T19:20:00+00:00,515.74,515.84,515.56,515.8,350657.0
2024-12-03T19:25:00+00:00,515.8,515.88,515.6,515.69,89274.0
2024-12-03T19:30:00+00:00,515.68,515.835,515.64,515.81,72987.0
2024-12-03T19:35:00+00:00,515.8129,516.0499,515.79,516.01,90555.0
2024-12-03T19:40:00+00:00,515.8,516.0499,515.6,516.0,312862.0
2024-12-03T19:45:00+00:00,516.0,516.19,515.96,515.99,166319.0
2024-12-03T19:50:00+00:00,515.97,516.21,515.9,516.1801,97151.0
2024-12-03T19:55:00+00:00,516.19,516.38,516.11,516.378,106783.0
2024-12-03T20:00:00+00:00,516.0,516.46,515.9,516.31,558611.0
2024-12-03T20:05:00+00:00,516.3,516.44,516.2401,516.2857,209027.0
2024-12-03T20:10:00+00:00,516.28,516.41,516.1503,516.4,98075.0
2024-12-03T20:15:00+00:00,516.4,516.4199,516.22,516.259,117528.0
2024-12-03T20:20:00+00:00,516.3,516.44,516.1503,516.2531,496537.0
2024-12-03T20:25:00+00:00,516.26,516.52,516.25,516.48,100671.0
2024-12-03T20:30:00+00:00,516.47,516.54,516.25,516.32,182286.0
2024-12-03T20:35:00+00:00,516.32,516.385,516.16,516.22,137935.0
2024-12-03T20:40:00+00:00,516.26,516.54,516.05,516.11,577315.0
2024-12-03T20:45:00+00:00,516.1,516.2,515.92,516.14,161878.0
2024-12-03T20:50:00+00:00,516.14,516.35,516.07,516.31,170101.0
2024-12-03T20:55:00+00:00,516.31,516.7,516.31,516.69,234246.0
2024-12-03T21:00:00+00:00,516.1,517.15,515.92,516.91,1644236.0
2024-12-03T21:05:00+00:00,516.86,517.0,516.75,516.92,124499.0
2024-12-03T21:10:00+00:00,516.92,517.55,516.88,517.41,245386.0
2024-12-03T21:15:00+00:00,517.38,517.68,515.29,517.64,423054.0
2024-12-03T21:20:00+00:00,516.86,517.89,515.29,517.77,886014.0
2024-12-03T21:25:00+00:00,517.76,517.95,517.75,517.95,30193.0
2024-12-03T21:30:00+00:00,517.88,518.04,517.87,517.96,45741.0
2024-12-03T21:35:00+00:00,517.98,518.06,517.9,517.97,26742.0
2024-12-03T21:40:00+00:00,517.76,518.06,517.75,517.98,114252.0
2024-12-03T21:45:00+00:00,517.9801,518.0297,517.98,517.99,10959.0
2024-12-03T21:50:00+00:00,518.01,518.06,517.97,518.04,19386.0
2024-12-03T21:55:00+00:00,518.03,518.06,518.0,518.05,50624.0
2024-12-03T22:00:00+00:00,517.9801,518.06,517.96,517.99,93754.0
2024-12-03T22:05:00+00:00,518.03,518.03,517.88,517.88,5211.0
2024-12-03T22:10:00+00:00,517.93,517.97,517.8608,517.97,9544.0
2024-12-03T22:15:00+00:00,518.0,518.05,517.93,518.0,15886.0
2024-12-03T22:20:00+00:00,518.03,518.08,517.8608,517.98,38270.0
2024-12-03T22:25:00+00:00,518.04,518.04,517.93,517.98,4100.0
2024-12-03T22:30:00+00:00,517.88,517.88,517.84,517.84,1729.0
2024-12-03T22:35:00+00:00,517.82,517.87,517.82,517.87,628.0
2024-12-03T22:40:00+00:00,518.04,518.04,517.82,518.0,9315.0
2024-12-03T22:45:00+00:00,517.86,517.9,517.86,517.9,462.0
2024-12-03T22:50:00+00:00,517.92,517.92,517.88,517.907,545.0
2024-12-03T22:55:00+00:00,518.02,518.02,518.0,518.0,1011.0
2024-12-03T23:00:00+00:00,517.86,518.02,517.86,518.0,3059.0
2024-12-03T23:05:00+00:00,517.93,517.93,517.55,517.645,28013.0
2024-12-03T23:10:00+00:00,517.73,517.73,517.57,517.61,6093.0
2024-12-03T23:15:00+00:00,517.6516,517.73,517.63,517.63,1788.0
2024-12-03T23:20:00+00:00,517.93,517.93,517.55,517.7,44381.0
2024-12-03T23:25:00+00:00,517.77,517.9,517.77,517.9,2830.0
2024-12-03T23:30:00+00:00,517.85,517.87,517.83,517.87,865.0
2024-12-03T23:35:00+00:00,517.83,517.97,517.83,517.97,2530.0
2024-12-03T23:40:00+00:00,517.77,517.98,517.77,517.93,6839.0
2024-12-03T23:45:00+00:00,517.99,518.15,517.99,518.12,4581.0
2024-12-03T23:50:00+00:00,518.1,518.27,518.1,518.2,17888.0
2024-12-03T23:55:00+00:00,518.18,518.2389,518.15,518.23,2072.0
2024-12-04T00:00:00+00:00,517.99,518.27,517.99,518.21,29270.0
2024-12-04T00:05:00+00:00,518.22,518.22,518.13,518.13,2125.0
2024-12-04T00:10:00+00:00,518.1,518.16,518.08,518.16,620.0
2024-12-04T00:15:00+00:00,518.13,518.13,518.07,518.08,1273.0
2024-12-04T00:20:00+00:00,518.22,518.22,517.96,518.0,7267.0
2024-12-04T00:25:00+00:00,518.0,518.04,518.0,518.04,2637.0
2024-12-04T00:30:00+00:00,518.04,518.04,517.95,517.95,1382.0
2024-12-04T00:35:00+00:00,518.003,518.003,517.84,517.87,5753.0
2024-12-04T00:40:00+00:00,518.0,518.04,517.81,517.81,12794.0
2024-12-04T00:45:00+00:00,517.8499,517.9,517.8499,517.9,4129.0
2024-12-04T00:50:00+00:00,517.9,518.0,517.89,518.0,3240.0
2024-12-04T00:55:00+00:00,518.0,518.06,518.0,518.0,3566.0
2024-12-04T01:00:00+00:00,517.8499,518.06,517.8499,517.97,15997.0
2024-12-04T09:05:00+00:00,519.54,519.72,519.5,519.57,22457.0
2024-12-04T09:10:00+00:00,519.63,519.63,519.36,519.36,9361.0
2024-12-04T09:15:00+00:00,519.4,519.84,519.38,519.84,13598.0
2024-12-04T09:20:00+00:00,519.54,519.86,519.36,519.73,51971.0
2024-12-04T09:25:00+00:00,519.73,519.76,519.64,519.71,3986.0
2024-12-04T09:30:00+00:00,519.81,519.82,519.72,519.8,8680.0
2024-12-04T09:35:00+00:00,519.71,519.77,519.63,519.67,5304.0
2024-12-04T09:40:00+00:00,519.73,519.82,519.56,519.64,19570.0
2024-12-04T09:45:00+00:00,519.73,519.79,519.73,519.79,5781.0
2024-12-04T09:50:00+00:00,519.8,519.9,519.8,519.87,6833.0
2024-12-04T09:55:00+00:00,519.83,519.85,519.76,519.76,20256.0
2024-12-04T10:00:00+00:00,519.73,519.94,519.73,519.93,35999.0
2024-12-04T10:05:00+00:00,519.9,519.9,519.9,519.9,137.0
2024-12-04T10:10:00+00:00,519.86,519.9,519.82,519.9,3929.0
2024-12-04T10:15:00+00:00,519.87,519.91,519.76,519.76,26602.0
2024-12-04T10:20:00+00:00,519.9,519.95,519.72,519.72,33415.0
2024-12-04T10:25:00+00:00,519.78,519.87,519.68,519.69,1765.0
2024-12-04T10:30:00+00:00,519.63,519.66,519.6,519.66,1718.0
2024-12-04T10:35:00+00:00,519.77,519.77,519.77,519.77,237.0
2024-12-04T10:40:00+00:00,519.78,519.91,519.6,519.91,4162.0
2024-12-04T10:45:00+00:00,519.9,519.99,519.9,519.93,3463.0
2024-12-04T10:50:00+00:00,520.0,520.08,520.0,520.03,3288.0
2024-12-04T10:55:00+00:00,520.05,520.19,519.91,519.91,3319.0
2024-12-04T11:00:00+00:00,519.9,520.19,519.88,519.94,13686.0
2024-12-04T11:05:00+00:00,519.95,520.14,519.95,520.14,3931.0
2024-12-04T11:10:00+00:00,520.16,520.34,520.16,520.3,5335.0
2024-12-04T11:15:00+00:00,520.28,520.46,520.24,520.44,10249.0
2024-12-04T11:20:00+00:00,519.95,520.46,519.95,520.29,21114.0
2024-12-04T11:25:00+00:00,520.3,520.32,520.21,520.21,1067.0
2024-12-04T11:30:00+00:00,520.21,520.24,520.18,520.2,9085.0
2024-12-04T11:35:00+00:00,520.2,520.4,520.14,520.4,18090.0
2024-12-04T11:40:00+00:00,520.3,520.58,520.14,520.43,32984.0
2024-12-04T11:50:00+00:00,520.32,520.32,520.25,520.29,1877.0
2024-12-04T11:55:00+00:00,520.25,520.31,520.25,520.31,377.0
2024-12-04T12:00:00+00:00,520.32,520.47,520.25,520.3,6403.0
2024-12-04T12:05:00+00:00,520.32,520.5,520.25,520.4,25347.0
2024-12-04T12:10:00+00:00,520.46,520.49,520.36,520.36,23634.0
2024-12-04T12:15:00+00:00,520.4,520.4,520.18,520.31,18183.0
2024-12-04T12:20:00+00:00,520.32,520.5,520.18,520.35,71664.0
2024-12-04T12:25:00+00:00,520.35,520.35,520.21,520.23,4132.0
2024-12-04T12:30:00+00:00,520.32,520.42,520.32,520.35,15192.0
2024-12-04T12:35:00+00:00,520.33,520.5,520.33,520.5,1905.0
2024-12-04T12:40:00+00:00,520.35,520.5,520.21,520.36,24826.0
2024-12-04T12:45:00+00:00,520.3,520.42,520.29,520.42,2443.0
2024-12-04T12:50:00+00:00,520.38,520.56,520.38,520.5,3113.0
2024-12-04T12:55:00+00:00,520.49,520.49,520.29,520.29,7009.0
2024-12-04T13:00:00+00:00,520.3,520.56,520.13,520.18,22324.0
2024-12-04T13:05:00+00:00,520.4,520.56,517.257,520.26,78810.0
2024-12-04T13:10:00+00:00,520.26,520.47,520.26,520.4699,11666.0
2024-12-04T13:15:00+00:00,520.45,520.52,520.37,520.47,8932.0
2024-12-04T13:20:00+00:00,520.4,520.56,517.257,520.52,109681.0
2024-12-04T13:25:00+00:00,520.55,520.65,520.5,520.52,15620.0
2024-12-04T13:30:00+00:00,520.51,520.58,520.39,520.44,11056.0
2024-12-04T13:35:00+00:00,520.43,520.659,520.36,520.64,18111.0
2024-12-04T13:40:00+00:00,520.55,520.8099,520.36,520.79,67548.0
2024-12-04T13:45:00+00:00,520.77,520.86,520.35,520.79,53307.0
2024-12-04T13:50:00+00:00,520.77,520.85,520.69,520.69,10844.0
2024-12-04T13:55:00+00:00,520.74,520.88,520.68,520.87,17248.0
2024-12-04T14:00:00+00:00,520.77,521.061,520.35,521.06,138381.0
2024-12-04T14:05:00+00:00,521.04,521.11,520.8403,521.1,32842.0
2024-12-04T14:10:00+00:00,521.08,521.17,521.0,521.09,25805.0
2024-12-04T14:15:00+00:00,521.1,521.27,521.0901,521.25,21469.0
2024-12-04T14:20:00+00:00,521.04,521.27,520.8403,520.95,104053.0
2024-12-04T14:25:00+00:00,520.97,521.0,520.74,520.78,20606.0
2024-12-04T14:30:00+00:00,520.62,520.72,520.3,520.33,83651.0
2024-12-04T14:35:00+00:00,520.32,520.77,519.88,520.09,1259573.0
2024-12-04T14:40:00+00:00,520.97,521.0,519.6,519.6299,1878732.0
2024-12-04T14:45:00+00:00,519.64,520.37,519.64,520.29,273841.0
2024-12-04T14:50:00+00:00,520.19,520.5994,520.05,520.57,473582.0
2024-12-04T14:55:00+00:00,520.57,520.75,520.4,520.72,384693.0
2024-12-04T15:00:00+00:00,519.64,520.91,519.64,520.3,1427196.0
2024-12-04T15:05:00+00:00,520.28,520.47,519.68,520.39,577752.0
2024-12-04T15:10:00+00:00,520.38,521.04,520.35,520.7794,336493.0
2024-12-04T15:15:00+00:00,520.84,521.43,520.83,520.995,269598.0
2024-12-04T15:20:00+00:00,520.28,521.43,519.68,521.045,2036961.0
2024-12-04T15:25:00+00:00,521.06,521.2872,520.92,521.01,286692.0
2024-12-04T15:30:00+00:00,521.03,521.395,520.995,521.27,230945.0
2024-12-04T15:35:00+00:00,521.28,521.77,521.0601,521.76,291131.0
2024-12-04T15:40:00+00:00,521.06,522.1,520.92,521.8,1182097.0
2024-12-04T15:45:00+00:00,521.76,522.04,521.72,521.8,299352.0
2024-12-04T15:50:00+00:00,521.84,522.01,521.42,521.71,381370.0
2024-12-04T15:55:00+00:00,521.71,521.74,521.4134,521.56,357804.0
2024-12-04T16:00:00+00:00,521.76,522.04,521.4134,521.87,1450546.0
2024-12-04T16:05:00+00:00,521.9199,522.23,521.8585,521.94,392613.0
2024-12-04T16:10:00+00:00,521.96,522.25,521.9,521.91,320654.0
2024-12-04T16:15:00+00:00,521.9,521.9599,521.74,521.88,236066.0
2024-12-04T16:20:00+00:00,521.9199,522.25,521.59,521.62,1231598.0
2024-12-04T16:25:00+00:00,521.62,521.74,521.43,521.4702,364990.0
2024-12-04T16:30:00+00:00,521.48,521.62,521.4,521.56,230983.0
2024-12-04T16:35:00+00:00,521.57,521.5701,521.2,521.39,263988.0
2024-12-04T16:40:00+00:00,521.62,521.74,521.15,521.3499,1097459.0
2024-12-04T16:45:00+00:00,521.3199,521.34,521.0908,521.171,165563.0
2024-12-04T16:50:00+00:00,521.19,521.5098,521.06,521.48,161409.0
2024-12-04T16:55:00+00:00,521.48,521.49,521.29,521.46,91537.0
2024-12-04T17:00:00+00:00,521.3199,521.75,521.06,521.65,568047.0
2024-12-04T17:05:00+00:00,521.64,521.805,521.6,521.735,148106.0
2024-12-04T17:10:00+00:00,521.6901,521.8,521.62,521.67,85507.0
2024-12-04T17:15:00+00:00,521.65,521.79,521.6,521.75,112347.0
2024-12-04T17:20:00+00:00,521.64,521.84,521.6,521.8001,448484.0
2024-12-04T17:25:00+00:00,521.8,521.95,521.35,521.93,388784.0
2024-12-04T17:30:00+00:00,521.92,522.12,521.8401,521.86,165164.0
2024-12-04T17:35:00+00:00,521.85,521.88,521.42,521.48,150953.0
2024-12-04T17:40:00+00:00,521.8,522.12,521.35,521.53,836865.0
2024-12-04T17:45:00+00:00,521.5,521.62,521.25,521.58,111160.0
2024-12-04T17:50:00+00:00,521.58,521.7399,521.505,521.68,65961.0
2024-12-04T17:55:00+00:00,521.7,521.92,521.695,521.92,96846.0
2024-12-04T18:00:00+00:00,521.5,522.02,521.25,521.86,417230.0
2024-12-04T18:05:00+00:00,521.85,522.02,521.71,521.96,110191.0
2024-12-04T18:10:00+00:00,521.945,522.01,521.895,521.91,183940.0
2024-12-04T18:15:00+00:00,521.9071,522.02,521.84,521.86,92330.0
2024-12-04T18:20:00+00:00,521.85,522.02,521.71,521.78,561401.0
2024-12-04T18:25:00+00:00,521.79,521.9001,521.73,521.73,109136.0
2024-12-04T18:30:00+00:00,521.74,521.79,521.45,521.5184,182415.0
2024-12-04T18:35:00+00:00,521.52,521.52,521.08,521.24,224389.0
2024-12-04T18:40:00+00:00,521.79,521.9001,520.88,521.2856,767053.0
2024-12-04T18:45:00+00:00,521.27,521.45,521.1301,521.3701,110654.0
2024-12-04T18:50:00+00:00,521.38,521.58,521.38,521.56,155950.0
2024-12-04T18:55:00+00:00,521.56,521.98,521.5,521.94,125408.0
2024-12-04T19:00:00+00:00,521.27,522.16,521.1301,521.67,557361.0
2024-12-04T19:05:00+00:00,521.64,522.0399,521.44,522.01,169994.0
2024-12-04T19:10:00+00:00,521.9801,522.09,521.9,521.98,75795.0
2024-12-04T19:15:00+00:00,521.97,522.14,521.8701,521.99,124405.0
2024-12-04T19:20:00+00:00,521.64,522.34,521.44,522.28,537548.0
2024-12-04T19:25:00+00:00,522.28,522.53,522.19,522.48,228480.0
2024-12-04T19:30:00+00:00,522.475,522.51,522.27,522.4601,252576.0
2024-12-04T19:35:00+00:00,522.46,522.58,522.33,522.56,468776.0
2024-12-04T19:40:00+00:00,522.28,522.7,522.19,522.6109,1175461.0
2024-12-04T19:45:00+00:00,522.63,522.73,522.35,522.62,880000.0
2024-12-04T19:50:00+00:00,522.62,522.62,522.5,522.61,116300.0
2024-12-04T19:55:00+00:00,522.61,522.74,522.44,522.55,182240.0
2024-12-04T20:00:00+00:00,522.63,522.74,522.35,522.61,1525762.0
2024-12-04T20:05:00+00:00,522.59,522.65,522.486,522.6099,151616.0
2024-12-04T20:10:00+00:00,522.605,522.79,522.53,522.755,303476.0
2024-12-04T20:15:00+00:00,522.755,522.84,522.7,522.78,176162.0
2024-12-04T20:20:00+00:00,522.59,522.88,522.486,522.85,791521.0
2024-12-04T20:25:00+00:00,522.86,522.91,522.78,522.8125,227571.0
2024-12-04T20:30:00+00:00,522.83,522.88,522.79,522.82,119759.0
2024-12-04T20:35:00+00:00,522.81,522.94,522.72,522.93,484414.0
2024-12-04T20:40:00+00:00,522.86,523.12,522.72,523.1,1107795.0
2024-12-04T20:45:00+00:00,523.1,523.23,523.05,523.222,235410.0
2024-12-04T20:50:00+00:00,523.22,523.29,523.03,523.24,433001.0
2024-12-04T20:55:00+00:00,523.27,523.52,523.09,523.29,707829.0
2024-12-04T21:00:00+00:00,523.1,523.52,523.03,523.25,3002644.0
2024-12-04T21:05:00+00:00,523.24,523.27,521.761,522.87,337775.0
2024-12-04T21:10:00+00:00,522.88,523.26,522.75,522.96,115526.0
2024-12-04T21:15:00+00:00,522.94,523.0,522.78,522.83,518826.0
2024-12-04T21:20:00+00:00,523.24,523.27,521.761,522.8006,1233554.0
2024-12-04T21:25:00+00:00,522.81,522.83,522.76,522.82,16330.0
2024-12-04T21:30:00+00:00,522.79,522.82,522.71,522.72,10639.0
2024-12-04T21:35:00+00:00,522.73,522.78,522.67,522.69,25626.0
2024-12-04T21:40:00+00:00,522.81,522.83,522.67,522.82,104090.0
2024-12-04T21:45:00+00:00,522.82,522.86,522.79,522.8,182102.0
2024-12-04T21:50:00+00:00,522.74,522.75,522.6,522.65,46633.0
2024-12-04T21:55:00+00:00,522.65,522.77,522.65,522.75,8152.0
2024-12-04T22:00:00+00:00,522.82,522.86,522.6,522.76,242390.0
2024-12-04T22:05:00+00:00,522.79,522.83,522.79,522.82,11866.0
2024-12-04T22:10:00+00:00,522.76,522.76,522.66,522.68,5858.0
2024-12-04T22:15:00+00:00,522.69,522.69,522.68,522.68,554.0
2024-12-04T22:20:00+00:00,522.79,522.83,522.66,522.75,21318.0
2024-12-04T22:25:00+00:00,522.759,522.759,522.759,522.759,606.0
2024-12-04T22:30:00+00:00,522.8,522.8,522.8,522.8,604.0
2024-12-04T22:35:00+00:00,522.79,522.79,522.7481,522.7481,257.0
2024-12-04T22:40:00+00:00,522.759,522.8,522.66,522.66,5483.0
2024-12-04T22:50:00+00:00,522.74,522.74,522.65,522.7,4241.0
2024-12-04T22:55:00+00:00,522.65,522.7,522.65,522.699,941.0
2024-12-04T23:00:00+00:00,522.74,522.74,522.65,522.65,21710.0
2024-12-04T23:05:00+00:00,522.65,522.65,522.48,522.59,26890.0
2024-12-04T23:10:00+00:00,522.57,522.6,522.55,522.6,770.0
2024-12-04T23:15:00+00:00,522.6394,522.69,522.6,522.69,7598.0
2024-12-04T23:20:00+00:00,522.65,522.76,522.48,522.74,37213.0
2024-12-04T23:25:00+00:00,522.8,522.9092,522.8,522.87,11115.0
2024-12-04T23:30:00+00:00,522.83,522.83,522.76,522.78,3993.0
2024-12-04T23:35:00+00:00,522.8,522.81,522.76,522.76,2190.0
2024-12-04T23:40:00+00:00,522.8,522.9092,522.71,522.71,18320.0
2024-12-04T23:45:00+00:00,522.6,522.67,522.6,522.67,1082.0
2024-12-04T23:50:00+00:00,522.72,522.74,522.71,522.72,1684.0
2024-12-04T23:55:00+00:00,522.72,522.73,522.7,522.72,2607.0
2024-12-05T00:00:00+00:00,522.6,522.74,522.6,522.72,7084.0
2024-12-05T00:05:00+00:00,522.55,522.6,522.47,522.48,13557.0
2024-12-05T00:10:00+00:00,522.49,522.5,522.44,522.47,5423.0
2024-12-05T00:15:00+00:00,522.5,522.51,522.46,522.46,8449.0
2024-12-05T00:20:00+00:00,522.55,522.6,522.44,522.46,27429.0
2024-12-05T00:25:00+00:00,522.58,522.58,522.49,522.55,1828.0
2024-12-05T00:35:00+00:00,522.49,522.5,522.4,522.4,2838.0
2024-12-05T00:40:00+00:00,522.58,522.58,522.4,522.53,8125.0
2024-12-05T00:45:00+00:00,522.5,522.5,522.5,522.5,314.0
2024-12-05T00:50:00+00:00,522.4601,522.4601,522.3305,522.3305,4580.0
2024-12-05T00:55:00+00:00,522.41,522.41,522.27,522.27,4785.0
2024-12-05T01:00:00+00:00,522.5,522.5,522.2502,522.32,46388.0
2024-12-05T09:05:00+00:00,522.42,522.53,522.42,522.47,11345.0
2024-12-05T09:10:00+00:00,522.45,522.45,522.2,522.27,16175.0
2024-12-05T09:15:00+00:00,522.26,522.37,522.22,522.37,7452.0
2024-12-05T09:20:00+00:00,522.42,522.56,522.2,522.56,37416.0
2024-12-05T09:25:00+00:00,522.5,522.54,522.48,522.48,1856.0
2024-12-05T09:30:00+00:00,522.55,522.55,522.55,522.55,338.0
2024-12-05T09:35:00+00:00,522.52,522.52,522.49,522.49,813.0
2024-12-05T09:40:00+00:00,522.5,522.56,522.48,522.53,4186.0
2024-12-05T09:45:00+00:00,522.51,522.51,522.48,522.48,1238.0
2024-12-05T09:50:00+00:00,522.53,522.54,522.53,522.54,330.0
2024-12-05T09:55:00+00:00,522.53,522.56,522.53,522.55,1359.0
2024-12-05T10:00:00+00:00,522.51,522.61,522.48,522.6,6365.0
2024-12-05T10:05:00+00:00,522.61,522.7,522.61,522.7,5973.0
2024-12-05T10:10:00+00:00,522.66,522.79,522.66,522.79,1745.0
2024-12-05T10:15:00+00:00,522.76,522.76,522.74,522.74,420.0
2024-12-05T10:20:00+00:00,522.61,522.83,522.61,522.83,10138.0
2024-12-05T10:25:00+00:00,522.79,522.83,522.79,522.83,1096.0
2024-12-05T10:30:00+00:00,522.63,522.69,522.6,522.67,1251.0
2024-12-05T10:35:00+00:00,522.78,522.78,522.7,522.74,1847.0
2024-12-05T10:40:00+00:00,522.79,522.83,522.6,522.68,5998.0
2024-12-05T10:45:00+00:00,522.72,522.72,522.64,522.68,988.0
2024-12-05T10:50:00+00:00,522.57,522.58,522.51,522.51,2320.0
2024-12-05T10:55:00+00:00,522.55,522.55,522.43,522.52,2123.0
2024-12-05T11:00:00+00:00,522.72,522.72,522.43,522.6,6445.0
2024-12-05T11:05:00+00:00,522.6,522.61,522.6,522.6,796.0
2024-12-05T11:10:00+00:00,522.64,522.64,522.64,522.64,862.0
2024-12-05T11:15:00+00:00,522.64,522.73,522.64,522.73,859.0
2024-12-05T11:20:00+00:00,522.6,522.73,522.6,522.71,3196.0
2024-12-05T11:25:00+00:00,522.65,522.68,522.65,522.68,1213.0
2024-12-05T11:30:00+00:00,522.69,522.77,522.69,522.75,5644.0
2024-12-05T11:35:00+00:00,522.73,522.75,522.62,522.75,3238.0
2024-12-05T11:40:00+00:00,522.65,522.86,522.62,522.86,11430.0
2024-12-05T11:45:00+00:00,522.86,522.92,522.86,522.92,1168.0
2024-12-05T11:50:00+00:00,522.91,522.91,522.9,522.9,710.0
2024-12-05T11:55:00+00:00,522.91,522.94,522.87,522.87,4415.0
2024-12-05T12:00:00+00:00,522.86,522.94,522.81,522.81,8555.0
2024-12-05T12:05:00+00:00,522.88,523.01,522.82,522.92,15471.0
2024-12-05T12:10:00+00:00,522.97,523.02,522.97,523.0,3378.0
2024-12-05T12:15:00+00:00,523.01,523.13,523.0,523.13,5462.0
2024-12-05T12:20:00+00:00,522.88,523.17,522.82,523.01,30224.0
2024-12-05T12:25:00+00:00,523.01,523.06,523.0,523.039,4501.0
2024-12-05T12:30:00+00:00,523.03,523.07,522.91,522.91,1867.0
2024-12-05T12:35:00+00:00,522.98,523.02,522.96,522.99,7329.0
2024-12-05T12:40:00+00:00,523.01,523.14,522.91,523.11,17748.0
2024-12-05T12:45:00+00:00,523.12,523.13,523.07,523.08,5195.0
2024-12-05T12:50:00+00:00,523.08,523.13,523.01,523.01,3551.0
2024-12-05T12:55:00+00:00,523.06,523.18,523.06,523.15,5814.0
2024-12-05T13:00:00+00:00,523.12,523.31,523.01,523.28,18696.0
2024-12-05T13:05:00+00:00,523.02,523.28,522.25,523.11,87607.0
2024-12-05T13:10:00+00:00,523.1,523.12,522.97,523.04,15675.0
2024-12-05T13:15:00+00:00,522.95,523.11,522.95,523.0714,7550.0
2024-12-05T13:20:00+00:00,523.02,523.28,522.25,522.96,120383.0
2024-12-05T13:25:00+00:00,523.01,523.05,522.93,522.93,4419.0
2024-12-05T13:30:00+00:00,522.9499,523.1,522.91,523.1,10063.0
2024-12-05T13:35:00+00:00,522.93,523.22,522.9,523.1,6829.0
2024-12-05T13:40:00+00:00,523.01,523.22,522.9,523.21,30492.0
2024-12-05T13:45:00+00:00,523.1612,523.1612,522.89,522.9,7626.0
2024-12-05T13:50:00+00:00,522.87,522.89,522.79,522.79,11870.0
2024-12-05T13:55:00+00:00,522.76,522.9,522.59,522.86,9279.0
2024-12-05T14:00:00+00:00,523.1612,523.1612,522.59,523.0,34227.0
2024-12-05T14:05:00+00:00,523.1,523.1,522.97,523.06,4461.0
2024-12-05T14:10:00+00:00,523.04,523.13,522.99,523.08,5112.0
2024-12-05T14:15:00+00:00,523.13,523.13,523.02,523.08,5322.0
2024-12-05T14:20:00+00:00,523.1,523.16,522.97,523.15,22509.0
2024-12-05T14:25:00+00:00,523.15,523.15,523.04,523.12,7061.0
2024-12-05T14:30:00+00:00,523.05,523.31,523.01,523.31,21629.0
2024-12-05T14:35:00+00:00,523.31,523.64,522.88,523.4049,609122.0
2024-12-05T14:40:00+00:00,523.15,523.65,522.88,523.05,1109677.0
2024-12-05T14:45:00+00:00,523.06,523.29,522.9,523.21,413440.0
2024-12-05T14:50:00+00:00,523.2,523.44,522.81,522.84,298995.0
2024-12-05T14:55:00+00:00,522.88,522.8801,522.58,522.7197,158787.0
2024-12-05T15:00:00+00:00,523.06,523.44,522.36,522.65,1050530.0
2024-12-05T15:05:00+00:00,522.65,523.14,522.6204,522.88,277517.0
2024-12-05T15:10:00+00:00,522.9,523.2,522.51,523.12,387009.0
2024-12-05T15:15:00+00:00,523.16,523.226,522.78,522.93,194125.0
2024-12-05T15:20:00+00:00,522.65,523.31,522.51,523.07,959248.0
2024-12-05T15:25:00+00:00,523.07,523.1,522.48,522.546,295935.0
2024-12-05T15:30:00+00:00,522.55,522.96,522.55,522.85,152346.0
2024-12-05T15:35:00+00:00,522.91,523.034,522.78,522.9,98680.0
2024-12-05T15:40:00+00:00,523.07,523.16,522.48,522.8,712839.0
2024-12-05T15:45:00+00:00,522.7838,523.09,522.6801,523.06,183695.0
2024-12-05T15:50:00+00:00,523.09,523.18,522.4093,522.42,239778.0
2024-12-05T15:55:00+00:00,522.44,522.69,522.1338,522.68,275576.0
2024-12-05T16:00:00+00:00,522.7838,523.18,522.1338,522.5,794359.0
2024-12-05T16:05:00+00:00,522.47,522.69,522.37,522.5082,110190.0
2024-12-05T16:10:00+00:00,522.48,522.64,522.41,522.56,115841.0
2024-12-05T16:15:00+00:00,522.569,522.7999,522.47,522.6,82829.0
2024-12-05T16:20:00+00:00,522.47,523.15,522.37,523.1103,465146.0
2024-12-05T16:25:00+00:00,523.12,523.37,523.075,523.2601,118907.0
2024-12-05T16:30:00+00:00,523.26,523.28,523.04,523.105,90446.0
2024-12-05T16:35:00+00:00,523.1299,523.31,523.06,523.14,99703.0
2024-12-05T16:40:00+00:00,523.12,523.37,522.87,522.89,464302.0
2024-12-05T16:45:00+00:00,522.87,522.9799,522.76,522.91,81540.0
2024-12-05T16:50:00+00:00,522.93,523.09,522.87,522.93,90501.0
2024-12-05T16:55:00+00:00,522.95,523.09,522.91,522.95,115670.0
2024-12-05T17:00:00+00:00,522.87,523.189,522.76,523.16,556529.0
2024-12-05T17:05:00+00:00,523.18,523.26,523.025,523.22,119419.0
2024-12-05T17:10:00+00:00,523.215,523.44,523.1301,523.43,124221.0
2024-12-05T17:15:00+00:00,523.42,523.895,523.39,523.8599,320639.0
2024-12-05T17:20:00+00:00,523.18,523.96,523.025,523.94,656166.0
2024-12-05T17:25:00+00:00,523.94,523.94,523.71,523.72,74169.0
2024-12-05T17:30:00+00:00,523.7299,523.99,523.66,523.82,95729.0
2024-12-05T17:35:00+00:00,523.82,523.8501,523.65,523.74,70155.0
2024-12-05T17:40:00+00:00,523.94,523.99,523.65,523.8,314819.0
2024-12-05T17:45:00+00:00,523.8,523.89,523.61,523.67,90092.0
2024-12-05T17:50:00+00:00,523.6899,523.9499,523.65,523.8897,83054.0
2024-12-05T17:55:00+00:00,523.89,524.0399,523.85,523.9,106318.0
2024-12-05T18:00:00+00:00,523.8,524.0399,523.61,523.8882,379251.0
2024-12-05T18:05:00+00:00,523.89,523.89,523.53,523.5419,185952.0
2024-12-05T18:10:00+00:00,523.56,523.75,523.45,523.72,158306.0
2024-12-05T18:15:00+00:00,523.73,523.76,523.5217,523.535,114413.0
2024-12-05T18:20:00+00:00,523.89,523.89,523.0,523.0038,626996.0
2024-12-05T18:25:00+00:00,523.05,523.07,521.9901,522.135,295847.0
2024-12-05T18:30:00+00:00,522.16,522.51,521.99,522.43,266637.0
2024-12-05T18:35:00+00:00,522.42,522.88,522.11,522.83,740803.0
2024-12-05T18:40:00+00:00,523.05,523.07,521.99,522.81,1418423.0
2024-12-05T18:45:00+00:00,522.805,522.98,522.68,522.834,116492.0
2024-12-05T18:50:00+00:00,522.8,522.8487,522.63,522.66,101738.0
2024-12-05T18:55:00+00:00,522.69,522.7032,522.2401,522.36,130912.0
2024-12-05T19:00:00+00:00,522.805,522.98,522.07,522.25,493037.0
2024-12-05T19:05:00+00:00,522.25,522.37,521.7805,521.9782,303520.0
2024-12-05T19:10:00+00:00,521.956,522.5,521.77,522.4999,711024.0
2024-12-05T19:15:00+00:00,522.47,522.59,522.3441,522.49,126537.0
2024-12-05T19:20:00+00:00,522.25,522.65,521.77,522.54,1211262.0
2024-12-05T19:25:00+00:00,522.51,522.82,522.51,522.74,67156.0
2024-12-05T19:30:00+00:00,522.72,522.74,522.29,522.31,90331.0
2024-12-05T19:35:00+00:00,522.28,522.53,522.28,522.36,137952.0
2024-12-05T19:40:00+00:00,522.51,522.82,522.28,522.47,366510.0
2024-12-05T19:45:00+00:00,522.46,522.46,522.16,522.25,114638.0
2024-12-05T19:50:00+00:00,522.21,522.32,522.01,522.16,100264.0
2024-12-05T19:55:00+00:00,522.15,522.28,522.0823,522.19,108393.0
2024-12-05T20:00:00+00:00,522.46,522.46,522.01,522.29,386393.0
2024-12-05T20:05:00+00:00,522.27,522.37,522.05,522.36,104102.0
2024-12-05T20:10:00+00:00,522.3413,522.698,522.31,522.6293,201632.0
2024-12-05T20:15:00+00:00,522.615,522.63,522.11,522.26,238399.0
2024-12-05T20:20:00+00:00,522.27,522.698,522.04,522.1495,650244.0
2024-12-05T20:25:00+00:00,522.12,522.24,522.0,522.0201,112754.0
2024-12-05T20:30:00+00:00,522.02,522.05,521.67,521.7599,187507.0
2024-12-05T20:35:00+00:00,521.75,521.98,521.57,521.939,462176.0
2024-12-05T20:40:00+00:00,522.12,522.24,521.57,521.96,1231191.0
2024-12-05T20:45:00+00:00,521.96,522.19,521.8815,522.17,392664.0
2024-12-05T20:50:00+00:00,522.16,522.28,521.8601,521.96,150044.0
2024-12-05T20:55:00+00:00,521.96,522.2092,521.46,521.65,473387.0
2024-12-05T21:00:00+00:00,521.96,522.28,521.42,521.8,2203451.0
2024-12-05T21:05:00+00:00,521.84,521.84,521.33,521.47,298586.0
2024-12-05T21:10:00+00:00,521.44,522.778,521.3,521.31,60005.0
2024-12-05T21:15:00+00:00,521.3,521.39,521.28,521.39,57981.0
2024-12-05T21:20:00+00:00,521.84,522.778,520.96,521.04,1161267.0
2024-12-05T21:25:00+00:00,521.05,521.2,521.05,521.16,10230.0
2024-12-05T21:30:00+00:00,521.25,521.4,521.25,521.3,8455.0
2024-12-05T21:35:00+00:00,521.37,521.49,521.37,521.49,2795.0
2024-12-05T21:40:00+00:00,521.05,521.49,521.05,521.4196,26418.0
2024-12-05T21:45:00+00:00,521.45,521.47,521.37,521.45,24348.0
2024-12-05T21:50:00+00:00,521.47,521.47,521.37,521.41,44725.0
2024-12-05T21:55:00+00:00,521.42,521.44,521.34,521.37,42250.0
2024-12-05T22:00:00+00:00,521.45,521.47,521.33,521.33,130305.0
2024-12-05T22:05:00+00:00,521.38,521.38,521.32,521.34,2956.0
2024-12-05T22:10:00+00:00,521.32,521.38,521.26,521.33,3152.0
2024-12-05T22:15:00+00:00,521.36,521.36,521.3,521.3,822.0
2024-12-05T22:20:00+00:00,521.38,521.39,521.15,521.2,13076.0
2024-12-05T22:25:00+00:00,521.15,521.23,521.15,521.23,5460.0
2024-12-05T22:30:00+00:00,521.2799,521.2799,521.1773,521.1773,448.0
2024-12-05T22:35:00+00:00,521.28,521.3,521.24,521.24,1462.0
2024-12-05T22:40:00+00:00,521.15,521.3,521.15,521.18,9367.0
2024-12-05T22:45:00+00:00,521.2515,521.2515,521.251,521.251,658.0
2024-12-05T22:50:00+00:00,521.33,521.33,521.2501,521.2501,1238.0
2024-12-05T22:55:00+00:00,521.31,521.4,521.3,521.3012,3091.0
2024-12-05T23:00:00+00:00,521.2515,521.4,521.2501,521.3,10120.0
2024-12-05T23:05:00+00:00,521.23,521.33,521.12,521.12,3830.0
2024-12-05T23:10:00+00:00,521.11,521.11,520.64,520.64,5153.0
2024-12-05T23:15:00+00:00,520.91,521.08,520.9,521.0,6744.0
2024-12-05T23:20:00+00:00,521.23,521.33,520.64,521.09,17620.0
2024-12-05T23:25:00+00:00,521.07,521.07,521.04,521.04,939.0
2024-12-05T23:30:00+00:00,521.25,521.27,521.21,521.27,1941.0
2024-12-05T23:35:00+00:00,521.28,521.28,521.28,521.28,269.0
2024-12-05T23:40:00+00:00,521.07,521.28,521.04,521.15,4902.0
2024-12-05T23:45:00+00:00,521.2,521.32,521.2,521.251,824.0
2024-12-05T23:50:00+00:00,521.27,521.35,521.27,521.34,11330.0
2024-12-05T23:55:00+00:00,521.38,521.38,521.31,521.37,1686.0
2024-12-06T00:00:00+00:00,521.2,521.38,521.2,521.33,21976.0
2024-12-06T00:05:00+00:00,521.33,521.33,521.15,521.2,4695.0
2024-12-06T00:10:00+00:00,521.161,521.161,521.161,521.161,434.0
2024-12-06T00:15:00+00:00,521.14,521.24,521.13,521.24,1460.0
2024-12-06T00:20:00+00:00,521.33,521.35,521.13,521.35,9786.0
2024-12-06T00:25:00+00:00,521.35,521.35,521.3307,521.3307,1891.0
2024-12-06T00:30:00+00:00,521.25,521.25,521.25,521.25,419.0
2024-12-06T00:40:00+00:00,521.35,521.35,521.25,521.25,2310.0
2024-12-06T00:45:00+00:00,521.25,521.36,521.25,521.35,1040.0
2024-12-06T00:50:00+00:00,521.31,521.37,521.31,521.36,2799.0
2024-12-06T00:55:00+00:00,521.35,521.37,521.24,521.3,4814.0
2024-12-06T01:00:00+00:00,521.25,521.5,521.24,521.36,28716.0
2024-12-06T09:05:00+00:00,522.15,522.4,522.15,522.24,11632.0
2024-12-06T09:10:00+00:00,522.18,522.18,522.07,522.13,6838.0
2024-12-06T09:15:00+00:00,522.06,522.09,521.94,521.94,7987.0
2024-12-06T09:20:00+00:00,522.15,522.4,521.81,521.88,31152.0
2024-12-06T09:25:00+00:00,521.91,522.01,521.91,522.01,1347.0
2024-12-06T09:30:00+00:00,522.0,522.0,521.98,521.98,2121.0
2024-12-06T09:35:00+00:00,521.9,521.9,521.9,521.9,310.0
2024-12-06T09:40:00+00:00,521.91,522.07,521.9,522.03,5551.0
2024-12-06T09:45:00+00:00,522.04,522.07,522.03,522.04,2276.0
2024-12-06T09:55:00+00:00,522.04,522.04,522.04,522.04,343.0
2024-12-06T10:00:00+00:00,522.04,522.07,521.93,521.93,5638.0
2024-12-06T10:05:00+00:00,521.91,521.91,521.87,521.87,1550.0
2024-12-06T10:10:00+00:00,521.86,521.86,521.8,521.83,4062.0
2024-12-06T10:15:00+00:00,521.78,521.78,521.76,521.76,696.0
2024-12-06T10:20:00+00:00,521.91,521.91,521.68,521.69,9694.0
2024-12-06T10:30:00+00:00,521.89,521.93,521.89,521.93,413.0
2024-12-06T10:35:00+00:00,521.88,521.92,521.88,521.92,1324.0
2024-12-06T10:40:00+00:00,521.89,522.0,521.88,522.0,4907.0
2024-12-06T10:45:00+00:00,522.0,522.0,521.91,521.91,3011.0
2024-12-06T10:50:00+00:00,521.92,521.92,521.84,521.88,2039.0
2024-12-06T10:55:00+00:00,521.86,521.86,521.74,521.74,2006.0
2024-12-06T11:00:00+00:00,522.0,522.0,521.47,521.47,10109.0
2024-12-06T11:05:00+00:00,521.59,521.69,521.56,521.69,4115.0
2024-12-06T11:10:00+00:00,521.68,521.69,521.62,521.62,3263.0
2024-12-06T11:20:00+00:00,521.59,521.69,521.56,521.62,7378.0
2024-12-06T11:25:00+00:00,521.42,521.52,521.4,521.52,4273.0
2024-12-06T11:30:00+00:00,521.52,521.52,521.45,521.49,3422.0
2024-12-06T11:35:00+00:00,521.46,521.46,521.46,521.46,221.0
2024-12-06T11:40:00+00:00,521.42,521.56,521.4,521.51,8701.0
2024-12-06T11:45:00+00:00,521.41,521.41,521.28,521.41,4517.0
2024-12-06T11:50:00+00:00,521.39,521.5,521.39,521.44,2327.0
2024-12-06T11:55:00+00:00,521.66,521.66,521.57,521.57,1062.0
2024-12-06T12:00:00+00:00,521.41,521.75,521.28,521.75,9907.0
2024-12-06T12:05:00+00:00,521.69,521.76,521.61,521.74,11227.0
2024-12-06T12:10:00+00:00,521.74,521.89,521.74,521.89,3834.0
2024-12-06T12:15:00+00:00,521.89,522.0,521.85,522.0,3591.0
2024-12-06T12:20:00+00:00,521.69,522.03,521.61,522.02,21788.0
2024-12-06T12:25:00+00:00,522.06,522.25,522.06,522.25,4188.0
2024-12-06T12:30:00+00:00,522.219,522.28,522.17,522.28,6077.0
2024-12-06T12:35:00+00:00,522.22,522.22,522.03,522.12,5626.0
2024-12-06T12:40:00+00:00,522.06,522.28,522.03,522.08,17716.0
2024-12-06T12:45:00+00:00,522.0,522.03,522.0,522.03,2724.0
2024-12-06T12:50:00+00:00,522.02,522.15,522.02,522.1,2677.0
2024-12-06T12:55:00+00:00,522.04,522.13,522.02,522.13,2184.0
2024-12-06T13:00:00+00:00,522.0,522.15,522.0,522.15,21887.0
2024-12-06T13:05:00+00:00,521.65,522.37,521.286,522.25,46695.0
2024-12-06T13:10:00+00:00,522.28,522.32,522.13,522.19,12883.0
2024-12-06T13:15:00+00:00,522.17,522.18,522.08,522.15,8032.0
2024-12-06T13:20:00+00:00,521.65,522.37,521.286,522.12,95875.0
2024-12-06T13:25:00+00:00,522.17,522.21,521.91,521.98,9717.0
2024-12-06T13:30:00+00:00,522.1,522.2,521.9,521.97,18463.0
2024-12-06T13:35:00+00:00,521.95,523.25,521.34,522.91,151338.0
2024-12-06T13:40:00+00:00,522.17,523.4,521.34,523.36,354452.0
2024-12-06T13:45:00+00:00,523.35,523.35,522.58,522.74,70139.0
2024-12-06T13:50:00+00:00,522.76,522.98,522.5,522.56,31115.0
2024-12-06T13:55:00+00:00,522.56,522.63,522.4,522.53,46451.0
2024-12-06T14:00:00+00:00,523.35,523.35,522.4,522.5,159777.0
2024-12-06T14:05:00+00:00,522.49,522.84,522.49,522.8,56320.0
2024-12-06T14:10:00+00:00,522.78,522.85,522.5,522.8,14370.0
2024-12-06T14:15:00+00:00,522.73,522.93,522.7213,522.93,17574.0
2024-12-06T14:20:00+00:00,522.49,522.9399,522.49,522.859,104498.0
2024-12-06T14:25:00+00:00,522.91,522.93,522.69,522.81,21441.0
2024-12-06T14:30:00+00:00,522.75,523.02,522.47,522.49,21545.0
2024-12-06T14:35:00+00:00,522.48,523.46,522.35,523.21,660161.0
2024-12-06T14:40:00+00:00,522.91,523.63,522.35,523.4538,942958.0
2024-12-06T14:45:00+00:00,523.4801,523.99,523.23,523.92,239466.0
2024-12-06T14:50:00+00:00,523.935,525.02,523.8302,524.91,465413.0
2024-12-06T14:55:00+00:00,524.95,525.4,524.66,525.36,434315.0
2024-12-06T15:00:00+00:00,523.4801,525.4,523.23,525.24,1446314.0
2024-12-06T15:05:00+00:00,525.28,525.6399,525.07,525.12,393122.0
2024-12-06T15:10:00+00:00,525.14,525.395,524.9,525.3001,234883.0
2024-12-06T15:15:00+00:00,525.3,525.8875,525.27,525.64,249167.0
2024-12-06T15:20:00+00:00,525.28,526.19,524.9,525.9901,1164957.0
2024-12-06T15:25:00+00:00,526.0,526.03,525.617,525.65,330490.0
2024-12-06T15:30:00+00:00,525.66,526.0,525.4999,525.87,205519.0
2024-12-06T15:35:00+00:00,525.885,525.9052,525.51,525.57,181135.0
2024-12-06T15:40:00+00:00,526.0,526.03,525.4999,525.89,954627.0
2024-12-06T15:45:00+00:00,525.905,525.93,525.52,525.58,188262.0
2024-12-06T15:50:00+00:00,525.54,525.76,525.44,525.625,147799.0
2024-12-06T15:55:00+00:00,525.65,525.77,524.94,525.09,334170.0
2024-12-06T16:00:00+00:00,525.905,525.93,524.94,525.53,828364.0
2024-12-06T16:05:00+00:00,525.57,525.72,525.41,525.61,301000.0
2024-12-06T16:10:00+00:00,525.6264,525.88,525.05,525.35,229316.0
2024-12-06T16:15:00+00:00,525.35,525.391,524.42,524.95,303709.0
2024-12-06T16:20:00+00:00,525.57,525.88,524.42,525.15,1057213.0
2024-12-06T16:25:00+00:00,525.16,525.33,524.96,525.1701,157443.0
2024-12-06T16:30:00+00:00,525.2,525.65,525.09,525.55,194017.0
2024-12-06T16:35:00+00:00,525.5,525.87,525.42,525.795,313959.0
2024-12-06T16:40:00+00:00,525.16,525.95,524.96,525.87,881548.0
2024-12-06T16:45:00+00:00,525.89,525.9,525.56,525.59,129410.0
2024-12-06T16:50:00+00:00,525.59,525.6,525.18,525.27,140568.0
2024-12-06T16:55:00+00:00,525.27,525.47,525.12,525.25,81936.0
2024-12-06T17:00:00+00:00,525.89,525.9,525.12,525.42,456819.0
2024-12-06T17:05:00+00:00,525.42,525.58,524.99,525.08,102592.0
2024-12-06T17:10:00+00:00,525.1,525.67,525.1,525.62,124673.0
2024-12-06T17:15:00+00:00,525.64,525.72,525.5328,525.63,108978.0
2024-12-06T17:20:00+00:00,525.42,525.86,524.99,525.54,504470.0
2024-12-06T17:25:00+00:00,525.54,525.91,525.48,525.72,132774.0
2024-12-06T17:30:00+00:00,525.71,525.94,525.63,525.88,927441.0
2024-12-06T17:35:00+00:00,525.89,525.97,525.59,525.71,157381.0
2024-12-06T17:40:00+00:00,525.54,525.97,525.48,525.54,1317206.0
2024-12-06T17:45:00+00:00,525.54,525.62,525.2,525.21,138096.0
2024-12-06T17:50:00+00:00,525.24,525.6199,525.23,525.59,427014.0
2024-12-06T17:55:00+00:00,525.57,525.81,525.42,525.78,104073.0
2024-12-06T18:00:00+00:00,525.54,525.84,525.2,525.52,750546.0
2024-12-06T18:05:00+00:00,525.54,525.91,525.45,525.86,120492.0
2024-12-06T18:10:00+00:00,525.84,526.39,525.84,526.26,714823.0
2024-12-06T18:15:00+00:00,526.245,526.535,526.23,526.5,160716.0
2024-12-06T18:20:00+00:00,525.54,526.66,525.45,526.57,1145945.0
2024-12-06T18:25:00+00:00,526.54,526.72,526.54,526.67,126920.0
2024-12-06T18:30:00+00:00,526.66,526.665,526.45,526.5,132266.0
2024-12-06T18:35:00+00:00,526.5,526.5,526.13,526.1999,168279.0
2024-12-06T18:40:00+00:00,526.54,526.72,526.03,526.15,534753.0
2024-12-06T18:45:00+00:00,526.17,526.2993,526.06,526.13,334026.0
2024-12-06T18:50:00+00:00,526.16,526.34,526.07,526.33,100389.0
2024-12-06T18:55:00+00:00,526.33,526.47,526.22,526.2885,122373.0
2024-12-06T19:00:00+00:00,526.17,526.4999,526.06,526.4999,675202.0
2024-12-06T19:05:00+00:00,526.46,526.47,526.06,526.09,232274.0
2024-12-06T19:10:00+00:00,526.08,526.11,525.85,525.881,181192.0
2024-12-06T19:15:00+00:00,525.871,525.875,525.485,525.75,395870.0
2024-12-06T19:20:00+00:00,526.46,526.47,525.4108,525.67,998005.0
2024-12-06T19:25:00+00:00,525.6699,525.91,525.6559,525.6801,192621.0
2024-12-06T19:30:00+00:00,525.68,525.76,525.52,525.52,84071.0
2024-12-06T19:35:00+00:00,525.53,525.7099,525.38,525.6651,103439.0
2024-12-06T19:40:00+00:00,525.6699,525.91,525.38,525.8199,480198.0
2024-12-06T19:45:00+00:00,525.8,525.8699,525.63,525.83,133746.0
2024-12-06T19:50:00+00:00,525.855,526.15,525.84,526.02,176086.0
2024-12-06T19:55:00+00:00,526.02,526.21,526.0,526.12,108174.0
2024-12-06T20:00:00+00:00,525.8,526.21,525.63,525.91,536054.0
2024-12-06T20:05:00+00:00,525.9,525.9365,525.71,525.92,188444.0
2024-12-06T20:10:00+00:00,525.93,526.1,525.84,526.03,285287.0
2024-12-06T20:15:00+00:00,526.02,526.22,525.9701,526.11,142336.0
2024-12-06T20:20:00+00:00,525.9,526.27,525.71,526.23,741002.0
2024-12-06T20:25:00+00:00,526.2,526.29,526.14,526.24,173026.0
2024-12-06T20:30:00+00:00,526.25,526.25,526.04,526.2179,208758.0
2024-12-06T20:35:00+00:00,526.21,526.42,526.11,526.3201,231093.0
2024-12-06T20:40:00+00:00,526.2,526.42,526.04,526.2035,828491.0
2024-12-06T20:45:00+00:00,526.19,526.355,526.17,526.31,495964.0
2024-12-06T20:50:00+00:00,526.305,526.41,526.09,526.09,548499.0
2024-12-06T20:55:00+00:00,526.09,526.48,525.92,526.32,551506.0
2024-12-06T21:00:00+00:00,526.19,526.625,525.92,526.51,3927275.0
2024-12-06T21:05:00+00:00,526.48,526.48,526.01,526.08,327124.0
2024-12-06T21:10:00+00:00,526.02,526.24,526.0,526.2,358827.0
2024-12-06T21:15:00+00:00,526.1699,526.21,526.1,526.1,506755.0
2024-12-06T21:20:00+00:00,526.48,526.48,526.0,526.14,1566585.0
2024-12-06T21:25:00+00:00,526.1489,526.1489,525.9,525.95,50167.0
2024-12-06T21:30:00+00:00,525.9981,526.03,525.88,525.9,39982.0
2024-12-06T21:35:00+00:00,525.89,525.9,525.8,525.8101,33445.0
2024-12-06T21:40:00+00:00,526.1489,526.1489,525.8,525.89,131032.0
2024-12-06T21:45:00+00:00,525.9094,525.96,525.86,525.86,18947.0
2024-12-06T21:50:00+00:00,525.85,525.88,525.79,525.86,38062.0
2024-12-06T21:55:00+00:00,525.88,525.9596,525.88,525.94,11245.0
2024-12-06T22:00:00+00:00,525.9094,525.96,525.79,525.92,106346.0
2024-12-06T22:05:00+00:00,525.91,525.96,525.89,525.9,1570.0
2024-12-06T22:10:00+00:00,525.929,525.93,525.89,525.9,7442.0
2024-12-06T22:15:00+00:00,525.8903,525.9,525.89,525.9,1440.0
2024-12-06T22:20:00+00:00,525.91,525.96,525.81,525.9,16503.0
2024-12-06T22:25:00+00:00,525.86,525.889,525.86,525.86,2251.0
2024-12-06T22:30:00+00:00,525.879,525.9,525.85,525.85,1908.0
2024-12-06T22:35:00+00:00,525.84,525.9,525.84,525.9,1376.0
2024-12-06T22:40:00+00:00,525.86,525.96,525.84,525.96,19971.0
2024-12-06T22:45:00+00:00,525.9,525.95,525.9,525.95,543.0
2024-12-06T22:50:00+00:00,525.95,525.95,525.81,525.81,1006.0
2024-12-06T22:55:00+00:00,525.84,525.8501,525.84,525.8501,574.0
2024-12-06T23:00:00+00:00,525.9,525.95,525.77,525.78,3795.0
2024-12-06T23:05:00+00:00,525.78,525.78,525.7,525.7,2260.0
2024-12-06T23:10:00+00:00,525.6999,525.6999,525.69,525.69,645.0
2024-12-06T23:15:00+00:00,525.69,525.87,525.69,525.87,1206.0
2024-12-06T23:20:00+00:00,525.78,525.87,525.69,525.87,4111.0
2024-12-06T23:30:00+00:00,525.83,525.83,525.69,525.69,1546.0
2024-12-06T23:35:00+00:00,525.68,525.69,525.6504,525.69,1581.0
2024-12-06T23:40:00+00:00,525.83,525.83,525.6504,525.69,3342.0
2024-12-06T23:45:00+00:00,525.65,525.65,525.6,525.6,1578.0
2024-12-06T23:55:00+00:00,525.65,525.7,525.65,525.7,415.0
2024-12-07T00:00:00+00:00,525.65,525.7,525.6,525.7,1993.0
2024-12-07T00:05:00+00:00,525.8,525.8,525.8,525.8,205.0
2024-12-07T00:10:00+00:00,525.7619,525.8,525.75,525.75,1569.0
2024-12-07T00:15:00+00:00,525.75,525.8,525.75,525.8,551.0
2024-12-07T00:20:00+00:00,525.8,525.8,525.75,525.8,2325.0
2024-12-07T00:25:00+00:00,525.65,525.65,525.6,525.6,3366.0
2024-12-07T00:30:00+00:00,525.6726,525.78,525.6726,525.78,521.0
2024-12-07T00:35:00+00:00,525.76,525.76,525.73,525.73,964.0
2024-12-07T00:40:00+00:00,525.65,525.78,525.6,525.76,12474.0
2024-12-07T00:45:00+00:00,525.79,525.88,525.73,525.75,1422.0
2024-12-07T00:50:00+00:00,525.86,525.873,525.86,525.873,412.0
2024-12-07T00:55:00+00:00,525.88,525.9,525.8,525.8,1805.0
2024-12-07T01:00:00+00:00,525.79,525.95,525.7,525.95,11160.0
2024-12-09T09:05:00+00:00,526.72,527.63,526.72,527.15,14275.0
2024-12-09T09:10:00+00:00,527.17,527.24,526.82,526.82,7397.0
2024-12-09T09:15:00+00:00,526.74,526.93,526.66,526.89,7599.0
2024-12-09T09:20:00+00:00,526.72,527.63,526.5,526.625,42229.0
2024-12-09T09:25:00+00:00,526.63,526.71,526.53,526.69,6382.0
2024-12-09T09:30:00+00:00,526.66,526.69,526.51,526.51,4365.0
2024-12-09T09:35:00+00:00,526.49,526.52,526.32,526.47,8462.0
2024-12-09T09:40:00+00:00,526.63,526.71,526.17,526.32,25148.0
2024-12-09T09:45:00+00:00,526.31,526.31,526.13,526.24,4374.0
2024-12-09T09:50:00+00:00,526.32,526.37,526.32,526.32,2426.0
2024-12-09T09:55:00+00:00,526.28,526.31,525.95,526.03,7374.0
2024-12-09T10:00:00+00:00,526.31,526.37,525.83,525.99,19776.0
2024-12-09T10:05:00+00:00,525.85,525.98,525.85,525.9,3183.0
2024-12-09T10:10:00+00:00,526.0,526.0,525.98,525.99,1460.0
2024-12-09T10:15:00+00:00,525.9,525.94,525.77,525.87,4898.0
2024-12-09T10:20:00+00:00,525.85,526.0,525.59,525.7,21702.0
2024-12-09T10:25:00+00:00,525.7,525.85,525.7,525.79,4874.0
2024-12-09T10:30:00+00:00,525.82,525.85,525.79,525.79,1328.0
2024-12-09T10:35:00+00:00,525.95,525.95,525.94,525.94,634.0
2024-12-09T10:40:00+00:00,525.7,525.97,525.7,525.87,11544.0
2024-12-09T10:45:00+00:00,525.78,525.79,525.69,525.7,2676.0
2024-12-09T10:50:00+00:00,525.52,525.67,525.5,525.6,6855.0
2024-12-09T10:55:00+00:00,525.57,525.77,525.51,525.75,9939.0
2024-12-09T11:00:00+00:00,525.78,525.79,525.5,525.59,20672.0
2024-12-09T11:05:00+00:00,525.68,525.82,525.67,525.67,1963.0
2024-12-09T11:10:00+00:00,525.5,525.56,525.32,525.35,6492.0
2024-12-09T11:15:00+00:00,525.4,525.46,525.29,525.44,6370.0
2024-12-09T11:20:00+00:00,525.68,525.82,525.29,525.44,20932.0
2024-12-09T11:25:00+00:00,525.4,525.73,525.4,525.73,3272.0
2024-12-09T11:30:00+00:00,525.66,525.83,525.66,525.76,1287.0
2024-12-09T11:35:00+00:00,525.77,525.8,525.16,525.16,6231.0
2024-12-09T11:40:00+00:00,525.4,525.83,524.93,525.11,22926.0
2024-12-09T11:45:00+00:00,525.09,525.37,525.07,525.07,7369.0
2024-12-09T11:50:00+00:00,525.13,525.33,525.13,525.27,9490.0
2024-12-09T11:55:00+00:00,525.27,525.37,525.27,525.34,6269.0
2024-12-09T12:00:00+00:00,525.09,525.56,525.07,525.56,34781.0
2024-12-09T12:05:00+00:00,525.55,525.67,525.55,525.65,7806.0
2024-12-09T12:10:00+00:00,525.75,525.76,525.56,525.59,6030.0
2024-12-09T12:15:00+00:00,525.59,525.64,525.48,525.64,3126.0
2024-12-09T12:20:00+00:00,525.55,525.76,525.36,525.36,26623.0
2024-12-09T12:25:00+00:00,525.54,525.61,525.51,525.61,9010.0
2024-12-09T12:30:00+00:00,525.56,525.73,525.56,525.7,2340.0
2024-12-09T12:35:00+00:00,525.73,525.92,525.7,525.88,14317.0
2024-12-09T12:40:00+00:00,525.54,525.92,525.51,525.67,32053.0
2024-12-09T12:45:00+00:00,525.66,525.67,525.54,525.569,5490.0
2024-12-09T12:50:00+00:00,525.57,525.58,525.49,525.51,5589.0
2024-12-09T12:55:00+00:00,525.48,525.67,525.4,525.65,19553.0
2024-12-09T13:00:00+00:00,525.66,525.86,525.4,525.86,49722.0
2024-12-09T13:05:00+00:00,525.61,527.59,525.07,525.65,47420.0
2024-12-09T13:10:00+00:00,525.76,525.76,525.56,525.63,6385.0
2024-12-09T13:15:00+00:00,525.64,525.64,525.47,525.51,33412.0
2024-12-09T13:20:00+00:00,525.61,527.59,525.07,525.65,93521.0
2024-12-09T13:25:00+00:00,525.62,525.7,525.46,525.6,9678.0
2024-12-09T13:30:00+00:00,525.65,525.74,525.64,525.72,3706.0
2024-12-09T13:35:00+00:00,525.69,525.7,525.5,525.57,5620.0
2024-12-09T13:40:00+00:00,525.62,525.74,525.45,525.7,36630.0
2024-12-09T13:45:00+00:00,525.73,525.87,525.7,525.87,16285.0
2024-12-09T13:50:00+00:00,525.8,525.91,525.72,525.89,7319.0
2024-12-09T13:55:00+00:00,525.65,525.85,525.61,525.7016,5313.0
2024-12-09T14:00:00+00:00,525.73,525.91,525.61,525.67,36271.0
2024-12-09T14:05:00+00:00,525.6699,525.6699,525.52,525.65,6429.0
2024-12-09T14:10:00+00:00,525.65,525.65,525.5,525.52,18073.0
2024-12-09T14:15:00+00:00,525.501,525.56,525.45,525.47,15389.0
2024-12-09T14:20:00+00:00,525.6699,525.7899,525.45,525.78,51866.0
2024-12-09T14:25:00+00:00,525.84,525.94,525.83,525.83,9744.0
2024-12-09T14:30:00+00:00,525.66,525.85,525.45,525.5,22644.0
2024-12-09T14:35:00+00:00,525.55,526.23,524.75,524.94,875801.0
2024-12-09T14:40:00+00:00,525.84,526.23,524.75,525.43,1229243.0
2024-12-09T14:45:00+00:00,525.45,525.88,525.41,525.755,262640.0
2024-12-09T14:50:00+00:00,525.78,526.35,525.745,526.27,304450.0
2024-12-09T14:55:00+00:00,526.265,526.35,525.74,526.221,235557.0
2024-12-09T15:00:00+00:00,525.45,526.35,525.41,525.76,995810.0
2024-12-09T15:05:00+00:00,525.725,525.95,525.5,525.78,209608.0
2024-12-09T15:10:00+00:00,525.77,525.85,525.4901,525.63,160566.0
2024-12-09T15:15:00+00:00,525.63,525.74,525.3,525.46,137448.0
2024-12-09T15:20:00+00:00,525.725,525.95,525.2,525.32,715744.0
2024-12-09T15:25:00+00:00,525.32,525.55,525.07,525.095,154527.0
2024-12-09T15:30:00+00:00,525.11,525.12,523.86,524.06,396497.0
2024-12-09T15:35:00+00:00,524.08,524.63,523.9,523.971,334305.0
2024-12-09T15:40:00+00:00,525.32,525.55,522.9801,523.4201,1530733.0
2024-12-09T15:45:00+00:00,523.42,524.38,523.38,523.83,323392.0
2024-12-09T15:50:00+00:00,523.83,524.03,523.09,523.3001,275617.0
2024-12-09T15:55:00+00:00,523.33,523.505,522.82,523.31,284034.0
2024-12-09T16:00:00+00:00,523.42,524.38,522.82,522.91,1066125.0
2024-12-09T16:05:00+00:00,522.93,523.43,522.37,522.48,539829.0
2024-12-09T16:10:00+00:00,522.55,522.65,521.4819,521.4999,473884.0
2024-12-09T16:15:00+00:00,521.5414,522.1999,521.22,522.14,446371.0
2024-12-09T16:20:00+00:00,522.93,523.43,521.22,522.46,1729729.0
2024-12-09T16:25:00+00:00,522.44,522.99,522.44,522.9667,401608.0
2024-12-09T16:30:00+00:00,522.97,523.25,522.8,522.93,204736.0
2024-12-09T16:35:00+00:00,522.91,523.16,522.8301,523.1201,129942.0
2024-12-09T16:40:00+00:00,522.44,523.25,522.44,522.79,907464.0
2024-12-09T16:45:00+00:00,522.76,522.91,522.35,522.48,113335.0
2024-12-09T16:50:00+00:00,522.48,522.93,522.47,522.65,144810.0
2024-12-09T16:55:00+00:00,522.65,523.15,522.65,522.94,252049.0
2024-12-09T17:00:00+00:00,522.76,523.2,522.35,523.04,654452.0
2024-12-09T17:05:00+00:00,523.01,523.25,522.8,522.86,210932.0
2024-12-09T17:10:00+00:00,522.8683,523.1645,522.52,523.1491,125218.0
2024-12-09T17:15:00+00:00,523.11,523.1399,522.89,522.97,61445.0
2024-12-09T17:20:00+00:00,523.01,523.25,522.48,522.54,475111.0
2024-12-09T17:25:00+00:00,522.56,522.74,522.5,522.67,70951.0
2024-12-09T17:30:00+00:00,522.67,522.9,522.48,522.81,65314.0
2024-12-09T17:35:00+00:00,522.77,522.8164,522.5,522.71,56082.0
2024-12-09T17:40:00+00:00,522.56,522.9,522.48,522.8398,253624.0
2024-12-09T17:45:00+00:00,522.83,523.1099,522.83,522.96,122966.0
2024-12-09T17:50:00+00:00,522.93,523.07,522.82,523.04,47706.0
2024-12-09T17:55:00+00:00,523.05,523.33,522.866,522.94,99032.0
2024-12-09T18:00:00+00:00,522.83,523.33,522.4137,522.45,346002.0
2024-12-09T18:05:00+00:00,522.47,522.5094,522.11,522.35,200069.0
2024-12-09T18:10:00+00:00,522.37,522.62,522.37,522.4202,115507.0
2024-12-09T18:15:00+00:00,522.4185,522.73,522.38,522.685,77309.0
2024-12-09T18:20:00+00:00,522.47,522.7999,522.11,522.65,468692.0
2024-12-09T18:25:00+00:00,522.71,522.96,522.64,522.95,49109.0
2024-12-09T18:30:00+00:00,522.9299,523.3899,522.9299,523.25,148109.0
2024-12-09T18:35:00+00:00,523.24,523.3,523.1001,523.25,84895.0
2024-12-09T18:40:00+00:00,522.71,523.73,522.64,523.59,493269.0
2024-12-09T18:45:00+00:00,523.57,523.7166,523.4603,523.6899,85306.0
2024-12-09T18:50:00+00:00,523.69,523.915,523.63,523.91,133395.0
2024-12-09T18:55:00+00:00,523.9225,523.96,523.56,523.6,152813.0
2024-12-09T19:00:00+00:00,523.57,523.96,523.35,523.47,479596.0
2024-12-09T19:05:00+00:00,523.47,523.4901,522.87,522.89,215928.0
2024-12-09T19:10:00+00:00,522.89,523.1899,522.67,523.17,121871.0
2024-12-09T19:15:00+00:00,523.15,523.15,522.8401,522.85,84458.0
2024-12-09T19:20:00+00:00,523.47,523.4901,522.67,522.7,531328.0
2024-12-09T19:25:00+00:00,522.7,522.72,522.53,522.58,129044.0
2024-12-09T19:30:00+00:00,522.569,522.67,522.33,522.4701,101183.0
2024-12-09T19:35:00+00:00,522.4724,522.5888,522.3,522.35,113578.0
2024-12-09T19:40:00+00:00,522.7,522.72,522.17,522.26,414559.0
2024-12-09T19:45:00+00:00,522.25,522.25,521.7,521.97,231513.0
2024-12-09T19:50:00+00:00,521.96,521.9779,521.62,521.7,132568.0
2024-12-09T19:55:00+00:00,521.7,521.81,521.42,521.81,202119.0
2024-12-09T20:00:00+00:00,522.25,522.25,521.42,522.19,723652.0
2024-12-09T20:05:00+00:00,522.17,522.22,521.68,521.75,302474.0
2024-12-09T20:10:00+00:00,521.74,521.78,521.57,521.68,141711.0
2024-12-09T20:15:00+00:00,521.65,521.74,521.46,521.63,145964.0
2024-12-09T20:20:00+00:00,522.17,522.22,521.46,521.67,787366.0
2024-12-09T20:25:00+00:00,521.69,521.8498,521.4298,521.52,151162.0
2024-12-09T20:30:00+00:00,521.54,521.58,521.33,521.415,280236.0
2024-12-09T20:35:00+00:00,521.42,521.81,521.37,521.53,246068.0
2024-12-09T20:40:00+00:00,521.69,521.8498,521.33,521.59,836735.0
2024-12-09T20:45:00+00:00,521.59,521.8399,521.48,521.54,165750.0
2024-12-09T20:50:00+00:00,521.54,521.79,521.3601,521.77,249579.0
2024-12-09T20:55:00+00:00,521.78,522.25,521.72,521.86,553264.0
2024-12-09T21:00:00+00:00,521.59,522.48,521.3601,522.36,2297934.0
2024-12-09T21:05:00+00:00,522.39,522.43,521.96,521.98,211460.0
2024-12-09T21:10:00+00:00,521.99,522.13,521.84,522.12,177717.0
2024-12-09T21:15:00+00:00,522.12,522.22,522.02,522.03,816366.0
2024-12-09T21:20:00+00:00,522.39,522.43,521.84,522.01,1745233.0
2024-12-09T21:25:00+00:00,522.06,522.26,521.95,522.26,33715.0
2024-12-09T21:30:00+00:00,522.26,522.26,522.05,522.2,239525.0
2024-12-09T21:35:00+00:00,522.2,522.25,522.14,522.24,7074.0
2024-12-09T21:40:00+00:00,522.06,522.33,521.95,522.2795,340364.0
2024-12-09T21:45:00+00:00,522.27,522.28,522.04,522.1,133891.0
2024-12-09T21:50:00+00:00,522.12,522.22,522.06,522.14,12891.0
2024-12-09T21:55:00+00:00,522.16,522.23,522.13,522.23,10966.0
2024-12-09T22:00:00+00:00,522.27,522.32,522.04,522.13,186760.0
2024-12-09T22:05:00+00:00,522.25,522.25,522.2,522.2,4169.0
2024-12-09T22:10:00+00:00,522.1601,522.18,522.15,522.18,1944.0
2024-12-09T22:15:00+00:00,522.18,522.31,522.18,522.28,9548.0
2024-12-09T22:20:00+00:00,522.25,522.31,522.15,522.2,21781.0
2024-12-09T22:25:00+00:00,522.25,522.25,522.21,522.21,3489.0
2024-12-09T22:30:00+00:00,522.21,522.25,522.21,522.25,2479.0
2024-12-09T22:35:00+00:00,522.21,522.34,522.21,522.34,6779.0
2024-12-09T22:40:00+00:00,522.25,522.34,522.21,522.32,16610.0
2024-12-09T22:45:00+00:00,522.32,522.32,522.28,522.28,6478.0
2024-12-09T22:50:00+00:00,522.33,522.39,522.3,522.33,6772.0
2024-12-09T22:55:00+00:00,522.34,522.3602,522.33,522.33,4362.0
2024-12-09T23:00:00+00:00,522.32,522.39,522.25,522.25,24203.0
2024-12-09T23:05:00+00:00,522.2301,522.2301,522.1,522.1,13010.0
2024-12-09T23:10:00+00:00,522.15,522.17,522.11,522.11,4070.0
2024-12-09T23:15:00+00:00,522.06,522.06,521.91,521.98,11984.0
2024-12-09T23:20:00+00:00,522.2301,522.2301,521.91,522.01,31307.0
2024-12-09T23:25:00+00:00,522.0,522.0,521.911,522.0,16415.0
2024-12-09T23:30:00+00:00,522.02,522.2071,521.98,522.1795,1608.0
2024-12-09T23:35:00+00:00,522.189,522.189,522.0,522.0,1197.0
2024-12-09T23:40:00+00:00,522.0,522.2071,521.83,521.83,25606.0
2024-12-09T23:45:00+00:00,521.879,521.88,521.81,521.81,4183.0
2024-12-09T23:50:00+00:00,521.89,522.057,521.89,522.057,580.0
2024-12-09T23:55:00+00:00,522.0,522.02,521.98,522.02,1931.0
2024-12-10T00:00:00+00:00,521.879,522.057,521.81,521.96,7637.0
2024-12-10T00:05:00+00:00,521.86,521.91,521.83,521.91,1806.0
2024-12-10T00:10:00+00:00,522.06,522.06,521.85,521.91,6362.0
2024-12-10T00:15:00+00:00,521.88,521.91,521.84,521.9,1351.0
2024-12-10T00:20:00+00:00,521.86,522.06,521.83,521.99,9835.0
2024-12-10T00:25:00+00:00,521.9,521.9,521.9,521.9,275.0
2024-12-10T00:30:00+00:00,521.94,522.0,521.93,522.0,6261.0
2024-12-10T00:40:00+00:00,521.9,522.08,521.9,522.08,13050.0
2024-12-10T00:45:00+00:00,522.02,522.08,522.0,522.0,16014.0
2024-12-10T00:50:00+00:00,521.95,522.0,521.92,522.0,2573.0
2024-12-10T00:55:00+00:00,522.0495,522.0495,522.0495,522.0495,107.0
2024-12-10T01:00:00+00:00,522.02,522.27,521.92,522.23,79552.0
2024-12-10T09:05:00+00:00,521.36,521.88,521.36,521.74,8979.0
2024-12-10T09:10:00+00:00,521.72,521.8,521.61,521.66,4829.0
2024-12-10T09:20:00+00:00,521.36,521.88,521.36,521.85,15778.0
2024-12-10T09:25:00+00:00,521.76,521.84,521.76,521.84,769.0
2024-12-10T09:30:00+00:00,521.87,521.9,521.78,521.78,1870.0
2024-12-10T09:35:00+00:00,521.82,521.91,521.82,521.89,878.0
2024-12-10T09:40:00+00:00,521.76,521.96,521.73,521.77,4715.0
2024-12-10T09:45:00+00:00,521.74,521.77,521.65,521.65,704.0
2024-12-10T09:50:00+00:00,521.69,521.73,521.69,521.73,2243.0
2024-12-10T10:00:00+00:00,521.74,521.77,521.65,521.73,2947.0
2024-12-10T10:05:00+00:00,521.91,521.91,521.89,521.89,457.0
2024-12-10T10:10:00+00:00,522.14,522.24,522.14,522.24,1333.0
2024-12-10T10:15:00+00:00,522.38,522.44,522.38,522.42,1124.0
2024-12-10T10:20:00+00:00,521.91,522.52,521.89,522.5,4151.0
2024-12-10T10:25:00+00:00,522.42,522.42,522.32,522.32,1412.0
2024-12-10T10:30:00+00:00,522.46,522.6,522.43,522.6,12063.0
2024-12-10T10:35:00+00:00,522.7,522.7,522.59,522.59,2379.0
2024-12-10T10:40:00+00:00,522.42,522.7,522.32,522.65,15981.0
2024-12-10T10:45:00+00:00,522.59,522.59,522.55,522.55,907.0
2024-12-10T10:50:00+00:00,522.51,522.51,522.47,522.51,2301.0
2024-12-10T10:55:00+00:00,522.48,522.63,522.48,522.6,2417.0
2024-12-10T11:00:00+00:00,522.59,522.63,522.47,522.6,9366.0
2024-12-10T11:05:00+00:00,522.67,522.78,522.62,522.74,1865.0
2024-12-10T11:10:00+00:00,522.75,522.79,522.68,522.79,2116.0
2024-12-10T11:15:00+00:00,522.69,522.69,522.69,522.69,1027.0
2024-12-10T11:20:00+00:00,522.67,522.86,522.62,522.86,6173.0
2024-12-10T11:25:00+00:00,522.9,522.9,522.86,522.86,715.0
2024-12-10T11:30:00+00:00,522.85,522.87,522.84,522.87,1066.0
2024-12-10T11:35:00+00:00,522.94,523.11,522.94,523.11,7280.0
2024-12-10T11:40:00+00:00,522.9,523.22,522.84,523.22,24040.0
2024-12-10T11:45:00+00:00,523.2,523.23,523.11,523.13,10837.0
2024-12-10T11:50:00+00:00,523.1,523.12,523.06,523.06,2063.0
2024-12-10T11:55:00+00:00,523.07,523.11,523.07,523.11,1171.0
2024-12-10T12:00:00+00:00,523.2,523.23,523.04,523.04,16665.0
2024-12-10T12:05:00+00:00,523.06,523.13,522.96,523.07,6371.0
2024-12-10T12:10:00+00:00,523.05,523.13,523.05,523.09,5340.0
2024-12-10T12:15:00+00:00,523.1,523.16,523.05,523.15,3521.0
2024-12-10T12:20:00+00:00,523.06,523.2,522.96,523.2,21590.0
2024-12-10T12:25:00+00:00,523.2,523.43,523.2,523.41,6579.0
2024-12-10T12:30:00+00:00,523.42,523.5,523.38,523.421,4674.0
2024-12-10T12:35:00+00:00,523.43,523.67,523.43,523.51,10232.0
2024-12-10T12:40:00+00:00,523.2,523.67,523.2,523.48,23917.0
2024-12-10T12:45:00+00:00,523.55,523.66,523.55,523.6,4017.0
2024-12-10T12:50:00+00:00,523.61,523.62,523.45,523.45,3582.0
2024-12-10T12:55:00+00:00,523.51,523.59,523.41,523.55,2935.0
2024-12-10T13:00:00+00:00,523.55,523.66,523.37,523.5,26204.0
2024-12-10T13:05:00+00:00,523.07,523.59,521.65,523.56,49062.0
2024-12-10T13:10:00+00:00,523.54,523.63,523.52,523.55,9429.0
2024-12-10T13:15:00+00:00,523.6,523.7,522.771,523.65,11015.0
2024-12-10T13:20:00+00:00,523.07,523.7,521.65,523.55,89753.0
2024-12-10T13:25:00+00:00,523.55,523.55,523.28,523.28,39516.0
2024-12-10T13:30:00+00:00,523.27,523.28,523.17,523.19,28903.0
2024-12-10T13:35:00+00:00,523.22,523.28,523.03,523.04,15005.0
2024-12-10T13:40:00+00:00,523.55,523.55,522.9,522.98,96599.0
2024-12-10T13:45:00+00:00,523.01,523.15,522.97,523.12,3778.0
2024-12-10T13:50:00+00:00,523.01,523.01,522.92,522.97,4809.0
2024-12-10T13:55:00+00:00,522.97,523.04,522.76,522.76,9300.0
2024-12-10T14:00:00+00:00,523.01,523.15,522.74,522.8,31323.0
2024-12-10T14:05:00+00:00,522.88,522.9,522.67,522.87,9439.0
2024-12-10T14:10:00+00:00,522.93,523.19,522.93,523.17,16610.0
2024-12-10T14:15:00+00:00,523.181,523.33,523.181,523.27,10355.0
2024-12-10T14:20:00+00:00,522.88,523.51,522.67,523.48,55426.0
2024-12-10T14:25:00+00:00,523.55,523.58,523.44,523.55,18168.0
2024-12-10T14:30:00+00:00,523.35,523.65,523.29,523.61,89816.0
2024-12-10T14:35:00+00:00,523.62,523.62,522.8,523.42,746059.0
2024-12-10T14:40:00+00:00,523.55,523.86,522.8,523.83,1300981.0
2024-12-10T14:45:00+00:00,523.83,524.68,523.69,524.665,399697.0
2024-12-10T14:50:00+00:00,524.6431,524.95,524.53,524.6249,463978.0
2024-12-10T14:55:00+00:00,524.66,524.66,523.378,523.46,284186.0
2024-12-10T15:00:00+00:00,523.83,524.95,523.1201,523.97,1464768.0
2024-12-10T15:05:00+00:00,523.96,524.75,523.8801,524.7,366623.0
2024-12-10T15:10:00+00:00,524.71,525.28,524.485,525.07,308793.0
2024-12-10T15:15:00+00:00,525.07,525.23,524.67,525.1,272337.0
2024-12-10T15:20:00+00:00,523.96,525.38,523.8801,525.24,1183168.0
2024-12-10T15:25:00+00:00,525.24,525.24,524.62,524.79,161481.0
2024-12-10T15:30:00+00:00,524.74,524.8262,524.29,524.3,149092.0
2024-12-10T15:35:00+00:00,524.29,524.63,523.8699,524.55,331670.0
2024-12-10T15:40:00+00:00,525.24,525.24,523.8699,524.35,808729.0
2024-12-10T15:45:00+00:00,524.371,524.4699,523.96,524.29,117702.0
2024-12-10T15:50:00+00:00,524.2801,524.49,523.85,523.9191,189159.0
2024-12-10T15:55:00+00:00,523.92,523.97,523.28,523.37,242512.0
2024-12-10T16:00:00+00:00,524.371,524.49,522.72,522.9349,955668.0
2024-12-10T16:05:00+00:00,522.94,523.15,522.501,523.0399,354381.0
2024-12-10T16:10:00+00:00,523.04,523.1599,522.1399,522.18,269829.0
2024-12-10T16:15:00+00:00,522.19,522.79,522.06,522.77,258939.0
2024-12-10T16:20:00+00:00,522.94,523.1599,522.06,522.88,1119075.0
2024-12-10T16:25:00+00:00,522.88,523.05,522.62,522.62,222778.0
2024-12-10T16:30:00+00:00,522.63,522.97,522.04,522.12,164010.0
2024-12-10T16:35:00+00:00,522.15,522.26,521.74,521.97,264734.0
2024-12-10T16:40:00+00:00,522.88,523.05,521.66,521.7802,950780.0
2024-12-10T16:45:00+00:00,521.8,521.81,521.57,521.61,380586.0
2024-12-10T16:50:00+00:00,521.63,522.0,521.5301,521.96,263594.0
2024-12-10T16:55:00+00:00,521.99,522.21,521.8301,521.85,121862.0
2024-12-10T17:00:00+00:00,521.8,522.45,521.5301,522.36,952391.0
2024-12-10T17:05:00+00:00,522.37,522.44,522.1,522.31,195383.0
2024-12-10T17:10:00+00:00,522.31,522.48,522.17,522.35,134593.0
2024-12-10T17:15:00+00:00,522.39,522.49,521.6101,521.6101,287546.0
2024-12-10T17:20:00+00:00,522.37,522.49,521.41,521.72,814968.0
2024-12-10T17:25:00+00:00,521.74,522.5,521.74,522.4499,177747.0
2024-12-10T17:30:00+00:00,522.43,522.58,522.18,522.29,125152.0
2024-12-10T17:35:00+00:00,522.25,522.8173,522.23,522.7893,165267.0
2024-12-10T17:40:00+00:00,521.74,522.82,521.74,522.32,607645.0
2024-12-10T17:45:00+00:00,522.3101,522.6001,522.17,522.36,204810.0
2024-12-10T17:50:00+00:00,522.38,522.58,522.353,522.51,94332.0
2024-12-10T17:55:00+00:00,522.505,522.52,521.8524,521.93,307713.0
2024-12-10T18:00:00+00:00,522.3101,522.6001,521.81,522.04,756272.0
2024-12-10T18:05:00+00:00,522.04,522.28,521.9,522.07,208990.0
2024-12-10T18:10:00+00:00,522.06,522.14,521.7914,521.861,308335.0
2024-12-10T18:15:00+00:00,521.88,521.95,521.7165,521.76,122099.0
2024-12-10T18:20:00+00:00,522.04,522.28,521.7165,522.02,1072798.0
2024-12-10T18:25:00+00:00,522.034,522.175,521.95,521.96,72674.0
2024-12-10T18:30:00+00:00,521.9866,522.22,521.93,522.18,69575.0
2024-12-10T18:35:00+00:00,522.23,522.37,522.04,522.2701,118350.0
2024-12-10T18:40:00+00:00,522.034,522.4,521.93,522.08,358315.0
2024-12-10T18:45:00+00:00,522.09,522.3,521.95,521.97,165525.0
2024-12-10T18:50:00+00:00,521.9708,522.02,521.85,521.908,110362.0
2024-12-10T18:55:00+00:00,521.9075,521.91,521.56,521.705,172692.0
2024-12-10T19:00:00+00:00,522.09,522.3,521.55,521.59,537557.0
2024-12-10T19:05:00+00:00,521.61,521.73,521.33,521.54,216034.0
2024-12-10T19:10:00+00:00,521.53,521.6692,521.35,521.48,215221.0
2024-12-10T19:15:00+00:00,521.475,521.475,521.18,521.395,158565.0
2024-12-10T19:20:00+00:00,521.61,521.73,521.18,521.461,750770.0
2024-12-10T19:25:00+00:00,521.45,521.7,521.45,521.6852,160967.0
2024-12-10T19:30:00+00:00,521.6922,521.77,521.515,521.6,150392.0
2024-12-10T19:35:00+00:00,521.57,521.61,521.16,521.23,108231.0
2024-12-10T19:40:00+00:00,521.45,521.77,520.86,520.9199,637055.0
2024-12-10T19:45:00+00:00,520.91,521.22,520.76,521.0,219003.0
2024-12-10T19:50:00+00:00,521.0001,521.05,520.411,520.4201,201625.0
2024-12-10T19:55:00+00:00,520.42,520.59,520.3,520.47,515500.0
2024-12-10T20:00:00+00:00,520.91,521.22,520.3,520.58,1224643.0
2024-12-10T20:05:00+00:00,520.58,520.6199,519.87,519.96,567059.0
2024-12-10T20:10:00+00:00,519.97,520.24,519.7601,520.24,366082.0
2024-12-10T20:15:00+00:00,520.24,520.24,519.74,519.94,233490.0
2024-12-10T20:20:00+00:00,520.58,520.6199,519.74,519.96,1361293.0
2024-12-10T20:25:00+00:00,519.95,520.04,519.78,519.865,183405.0
2024-12-10T20:30:00+00:00,519.86,519.86,519.58,519.61,283360.0
2024-12-10T20:35:00+00:00,519.62,519.66,519.16,519.63,433224.0
2024-12-10T20:40:00+00:00,519.95,520.04,519.16,519.8284,1474356.0
2024-12-10T20:45:00+00:00,519.83,520.24,519.83,520.155,421611.0
2024-12-10T20:50:00+00:00,520.17,520.24,519.83,520.0,402885.0
2024-12-10T20:55:00+00:00,519.96,520.37,519.92,520.14,639772.0
2024-12-10T21:00:00+00:00,519.83,520.59,519.83,520.55,2840204.0
2024-12-10T21:05:00+00:00,520.55,520.73,520.54,520.7,494817.0
2024-12-10T21:10:00+00:00,520.7,520.96,520.6,520.9,201543.0
2024-12-10T21:15:00+00:00,520.88,520.99,520.77,520.99,683476.0
2024-12-10T21:20:00+00:00,520.55,521.0501,520.54,520.97,1402265.0
2024-12-10T21:25:00+00:00,521.02,521.05,520.96,520.98,21922.0
2024-12-10T21:30:00+00:00,521.0002,521.05,521.0,521.02,5394.0
2024-12-10T21:35:00+00:00,521.04,521.11,521.04,521.08,28869.0
2024-12-10T21:40:00+00:00,521.02,521.15,520.96,521.08,90297.0
2024-12-10T21:45:00+00:00,521.08,521.17,521.07,521.15,45672.0
2024-12-10T21:50:00+00:00,521.17,521.22,521.15,521.18,37944.0
2024-12-10T21:55:00+00:00,521.18,521.18,521.0901,521.0901,26304.0
2024-12-10T22:00:00+00:00,521.08,521.22,521.07,521.13,134288.0
2024-12-10T22:05:00+00:00,521.11,521.11,521.0301,521.07,3299.0
2024-12-10T22:10:00+00:00,521.05,521.09,521.05,521.06,7738.0
2024-12-10T22:15:00+00:00,521.06,521.06,520.99,521.0,7701.0
2024-12-10T22:20:00+00:00,521.11,521.11,520.97,520.97,20324.0
2024-12-10T22:25:00+00:00,520.98,520.99,520.95,520.99,1812.0
2024-12-10T22:30:00+00:00,521.0,521.0,520.95,521.0,3419.0
2024-12-10T22:35:00+00:00,520.99,520.99,520.95,520.9501,9717.0
2024-12-10T22:40:00+00:00,520.98,521.0,520.95,520.98,16053.0
2024-12-10T22:45:00+00:00,521.15,521.15,521.15,521.15,646.0
2024-12-10T22:50:00+00:00,521.0,521.0,521.0,521.0,303.0
2024-12-10T22:55:00+00:00,521.09,521.09,521.09,521.09,209.0
2024-12-10T23:00:00+00:00,521.15,521.15,521.0,521.01,4588.0
2024-12-10T23:05:00+00:00,521.08,521.31,521.0,521.07,13254.0
2024-12-10T23:10:00+00:00,521.04,521.04,520.94,520.94,4132.0
2024-12-10T23:15:00+00:00,520.92,520.97,520.91,520.91,3081.0
2024-12-10T23:20:00+00:00,521.08,521.31,520.9,520.9,23509.0
2024-12-10T23:25:00+00:00,520.9,520.9,520.8,520.87,7693.0
2024-12-10T23:30:00+00:00,520.86,520.86,520.79,520.79,3929.0
2024-12-10T23:35:00+00:00,520.87,520.9,520.87,520.89,443.0
2024-12-10T23:40:00+00:00,520.9,520.96,520.79,520.96,12228.0
2024-12-10T23:45:00+00:00,520.9203,520.95,520.8402,520.87,5454.0
2024-12-10T23:50:00+00:00,520.98,521.0,520.96,521.0,1790.0
2024-12-10T23:55:00+00:00,520.99,521.05,520.99,521.0498,3195.0
2024-12-11T00:00:00+00:00,520.9203,521.05,520.8402,520.99,11430.0
2024-12-11T00:05:00+00:00,520.9,520.9,520.82,520.82,1362.0
2024-12-11T00:10:00+00:00,520.79,520.81,520.74,520.78,1903.0
2024-12-11T00:15:00+00:00,520.76,520.78,520.73,520.78,7343.0
2024-12-11T00:20:00+00:00,520.9,520.9,520.73,520.8,10893.0
2024-12-11T00:25:00+00:00,520.75,520.8495,520.75,520.8495,1288.0
2024-12-11T00:30:00+00:00,520.79,520.79,520.75,520.78,1669.0
2024-12-11T00:35:00+00:00,520.79,520.79,520.57,520.59,6090.0
2024-12-11T00:40:00+00:00,520.75,520.87,520.57,520.87,10603.0
2024-12-11T00:45:00+00:00,520.86,520.9,520.79,520.79,2201.0
2024-12-11T00:50:00+00:00,520.85,520.99,520.85,520.99,1264.0
2024-12-11T00:55:00+00:00,520.99,521.01,520.883,521.01,2556.0
2024-12-11T01:00:00+00:00,520.86,521.01,520.79,520.85,9721.0
2024-12-11T09:05:00+00:00,521.27,521.48,521.27,521.48,9377.0
2024-12-11T09:10:00+00:00,521.49,521.67,521.49,521.63,7114.0
2024-12-11T09:15:00+00:00,521.6,521.72,521.43,521.72,7711.0
2024-12-11T09:20:00+00:00,521.27,521.78,521.27,521.46,31818.0
2024-12-11T09:25:00+00:00,521.4,521.61,521.4,521.52,1923.0
2024-12-11T09:30:00+00:00,521.46,521.62,521.46,521.62,3186.0
2024-12-11T09:35:00+00:00,521.56,521.62,521.51,521.57,2232.0
2024-12-11T09:40:00+00:00,521.4,521.69,521.4,521.69,13589.0
2024-12-11T09:45:00+00:00,521.64,521.7,521.62,521.66,1977.0
2024-12-11T09:50:00+00:00,521.58,521.6,521.52,521.6,2133.0
2024-12-11T09:55:00+00:00,521.59,521.59,521.59,521.59,307.0
2024-12-11T10:00:00+00:00,521.64,521.7,521.52,521.65,7420.0
2024-12-11T10:05:00+00:00,521.65,521.67,521.62,521.62,7940.0
2024-12-11T10:10:00+00:00,521.72,521.72,521.6,521.6,1121.0
2024-12-11T10:15:00+00:00,521.57,521.66,521.53,521.66,2173.0
2024-12-11T10:20:00+00:00,521.65,521.72,521.41,521.48,13690.0
2024-12-11T10:25:00+00:00,521.48,521.48,521.4,521.4,952.0
2024-12-11T10:30:00+00:00,521.39,521.4,521.31,521.4,654.0
2024-12-11T10:35:00+00:00,521.42,521.42,521.42,521.42,482.0
2024-12-11T10:40:00+00:00,521.48,521.53,521.31,521.53,2616.0
2024-12-11T10:45:00+00:00,521.5,521.5,521.4,521.5,1883.0
2024-12-11T10:50:00+00:00,521.49,521.55,521.41,521.55,2345.0
2024-12-11T10:55:00+00:00,521.62,521.62,521.51,521.51,1187.0
2024-12-11T11:00:00+00:00,521.5,521.62,521.4,521.6,6600.0
2024-12-11T11:05:00+00:00,521.62,521.67,521.62,521.64,2418.0
2024-12-11T11:10:00+00:00,521.67,521.76,521.67,521.76,2106.0
2024-12-11T11:15:00+00:00,521.8,521.8,521.75,521.75,1475.0
2024-12-11T11:20:00+00:00,521.62,521.84,521.62,521.82,8182.0
2024-12-11T11:25:00+00:00,521.84,521.84,521.77,521.81,4333.0
2024-12-11T11:35:00+00:00,521.84,521.89,521.77,521.8,5051.0
2024-12-11T11:40:00+00:00,521.84,521.89,521.7,521.7,10399.0
2024-12-11T11:45:00+00:00,521.59,521.6,521.55,521.56,1105.0
2024-12-11T11:50:00+00:00,521.56,521.61,521.56,521.58,390.0
2024-12-11T11:55:00+00:00,521.51,521.57,521.5,521.5,1586.0
2024-12-11T12:00:00+00:00,521.59,521.61,521.41,521.46,7009.0
2024-12-11T12:05:00+00:00,521.44,521.52,521.36,521.39,8893.0
2024-12-11T12:10:00+00:00,521.41,521.41,521.28,521.28,7095.0
2024-12-11T12:15:00+00:00,521.31,521.4,521.31,521.4,3166.0
2024-12-11T12:20:00+00:00,521.44,521.52,521.28,521.51,23901.0
2024-12-11T12:25:00+00:00,521.51,521.59,521.51,521.52,1947.0
2024-12-11T12:30:00+00:00,521.56,521.57,521.53,521.56,2414.0
2024-12-11T12:35:00+00:00,521.58,521.58,521.4,521.4,4328.0
2024-12-11T12:40:00+00:00,521.51,521.59,521.24,521.28,15924.0
2024-12-11T12:45:00+00:00,521.28,521.41,521.26,521.41,2524.0
2024-12-11T12:50:00+00:00,521.4,521.49,521.4,521.4,1684.0
2024-12-11T12:55:00+00:00,521.47,521.54,521.47,521.52,2230.0
2024-12-11T13:00:00+00:00,521.28,521.54,521.26,521.38,11132.0
2024-12-11T13:05:00+00:00,520.91,521.5999,520.63,521.55,63817.0
2024-12-11T13:10:00+00:00,521.58,521.63,521.5391,521.57,6614.0
2024-12-11T13:15:00+00:00,521.6,521.78,521.58,521.73,5774.0
2024-12-11T13:20:00+00:00,520.91,521.78,520.63,521.65,83775.0
2024-12-11T13:25:00+00:00,521.65,521.99,521.64,521.94,19536.0
2024-12-11T13:30:00+00:00,521.94,522.05,521.8601,522.05,14948.0
2024-12-11T13:35:00+00:00,521.98,523.15,521.86,523.13,156049.0
2024-12-11T13:40:00+00:00,521.65,523.68,521.64,523.4,279700.0
2024-12-11T13:45:00+00:00,523.44,523.54,523.28,523.49,34874.0
2024-12-11T13:50:00+00:00,523.49,523.62,523.41,523.54,49815.0
2024-12-11T13:55:00+00:00,523.4,523.4,523.11,523.32,24193.0
2024-12-11T14:00:00+00:00,523.44,523.62,523.11,523.59,124427.0
2024-12-11T14:05:00+00:00,523.56,524.19,523.51,524.13,94648.0
2024-12-11T14:10:00+00:00,524.2,524.69,524.1501,524.68,51985.0
2024-12-11T14:15:00+00:00,524.65,524.65,524.48,524.6,61060.0
2024-12-11T14:20:00+00:00,523.56,524.75,523.51,524.7004,246701.0
2024-12-11T14:25:00+00:00,524.721,524.82,524.58,524.78,60364.0
2024-12-11T14:30:00+00:00,524.74,524.98,524.55,524.98,38846.0
2024-12-11T14:35:00+00:00,525.0,525.69,524.59,525.42,1019262.0
2024-12-11T14:40:00+00:00,524.721,525.849,524.55,525.42,1809686.0
2024-12-11T14:45:00+00:00,525.41,526.19,525.35,526.1201,514087.0
2024-12-11T14:50:00+00:00,526.11,527.1098,526.05,526.91,687949.0
2024-12-11T14:55:00+00:00,526.95,527.59,526.8645,527.45,484730.0
2024-12-11T15:00:00+00:00,525.41,527.59,525.35,527.56,2184616.0
2024-12-11T15:05:00+00:00,527.56,527.65,527.15,527.44,476152.0
2024-12-11T15:10:00+00:00,527.45,528.24,527.45,528.227,777125.0
2024-12-11T15:15:00+00:00,528.2101,528.5,527.87,528.48,601642.0
2024-12-11T15:20:00+00:00,527.56,528.52,527.15,527.96,2353376.0
2024-12-11T15:25:00+00:00,527.93,528.05,527.46,527.67,537783.0
2024-12-11T15:30:00+00:00,527.65,527.9789,527.26,527.4,447025.0
2024-12-11T15:35:00+00:00,527.455,528.31,527.4499,528.31,561144.0
2024-12-11T15:40:00+00:00,527.93,528.33,527.26,528.2,1906459.0
2024-12-11T15:45:00+00:00,528.19,528.34,527.58,528.05,391772.0
2024-12-11T15:50:00+00:00,528.055,528.26,527.7802,527.8,248638.0
2024-12-11T15:55:00+00:00,527.81,528.02,527.08,527.251,384731.0
2024-12-11T16:00:00+00:00,528.19,528.34,527.02,527.6,1447859.0
2024-12-11T16:05:00+00:00,527.62,527.91,527.44,527.86,251418.0
2024-12-11T16:10:00+00:00,527.8532,528.35,527.77,528.17,314260.0
2024-12-11T16:15:00+00:00,528.17,528.6601,528.16,528.66,492090.0
2024-12-11T16:20:00+00:00,527.62,528.74,527.44,528.55,1313562.0
2024-12-11T16:25:00+00:00,528.56,528.85,528.43,528.8301,199205.0
2024-12-11T16:30:00+00:00,528.835,529.18,528.61,529.17,333456.0
2024-12-11T16:35:00+00:00,529.17,529.23,528.94,529.05,322726.0
2024-12-11T16:40:00+00:00,528.56,529.3491,528.43,529.29,1154683.0
2024-12-11T16:45:00+00:00,529.27,529.285,528.88,529.0,169445.0
2024-12-11T16:50:00+00:00,528.98,529.17,528.84,529.07,152402.0
2024-12-11T16:55:00+00:00,529.07,529.15,528.6701,529.0,205155.0
2024-12-11T17:00:00+00:00,529.27,529.285,528.6701,529.12,805189.0
2024-12-11T17:05:00+00:00,529.14,529.5799,529.1031,529.5001,224939.0
2024-12-11T17:10:00+00:00,529.52,529.7299,529.44,529.55,231006.0
2024-12-11T17:15:00+00:00,529.54,529.73,529.52,529.62,218082.0
2024-12-11T17:20:00+00:00,529.14,529.77,529.1031,529.71,836035.0
2024-12-11T17:25:00+00:00,529.72,529.72,529.42,529.68,183053.0
2024-12-11T17:30:00+00:00,529.69,529.69,529.37,529.56,178172.0
2024-12-11T17:35:00+00:00,529.55,529.7394,529.19,529.55,175885.0
2024-12-11T17:40:00+00:00,529.72,529.7394,529.19,529.62,745276.0
2024-12-11T17:45:00+00:00,529.59,529.84,529.54,529.8,132110.0
2024-12-11T17:50:00+00:00,529.8,529.84,529.61,529.75,363241.0
2024-12-11T17:55:00+00:00,529.77,529.87,529.36,529.44,196004.0
2024-12-11T18:00:00+00:00,529.59,529.87,529.31,529.6401,802722.0
2024-12-11T18:05:00+00:00,529.62,529.96,529.58,529.8,223135.0
2024-12-11T18:10:00+00:00,529.8,529.86,529.58,529.81,96701.0
2024-12-11T18:15:00+00:00,529.81,529.93,529.6321,529.73,163403.0
2024-12-11T18:20:00+00:00,529.62,529.96,529.58,529.8601,848691.0
2024-12-11T18:25:00+00:00,529.88,529.95,529.791,529.93,140332.0
2024-12-11T18:30:00+00:00,529.9251,530.132,529.84,530.11,262707.0
2024-12-11T18:35:00+00:00,530.12,530.3,530.0129,530.2,230275.0
2024-12-11T18:40:00+00:00,529.88,530.359,529.791,530.275,919893.0
2024-12-11T18:45:00+00:00,530.27,530.27,529.96,530.07,312756.0
2024-12-11T18:50:00+00:00,530.08,530.28,530.04,530.23,268482.0
2024-12-11T18:55:00+00:00,530.21,530.21,529.86,529.96,183455.0
2024-12-11T19:00:00+00:00,530.27,530.28,529.77,529.939,918024.0
2024-12-11T19:05:00+00:00,529.94,530.14,529.84,529.85,180250.0
2024-12-11T19:10:00+00:00,529.84,529.91,529.59,529.81,214067.0
2024-12-11T19:15:00+00:00,529.81,530.07,529.75,529.7801,252110.0
2024-12-11T19:20:00+00:00,529.94,530.14,529.59,529.99,800602.0
2024-12-11T19:25:00+00:00,529.98,530.21,529.89,530.1,488811.0
2024-12-11T19:30:00+00:00,530.1028,530.18,530.03,530.13,139472.0
2024-12-11T19:35:00+00:00,530.12,530.23,530.0,530.17,172722.0
2024-12-11T19:40:00+00:00,529.98,530.34,529.89,530.29,965386.0
2024-12-11T19:45:00+00:00,530.28,530.3348,530.05,530.08,428116.0
2024-12-11T19:50:00+00:00,530.0801,530.11,529.89,529.92,144063.0
2024-12-11T19:55:00+00:00,529.91,530.05,529.82,529.8637,150075.0
2024-12-11T20:00:00+00:00,530.28,530.3348,529.82,530.09,949696.0
2024-12-11T20:05:00+00:00,530.09,530.2499,529.9701,530.1413,218773.0
2024-12-11T20:10:00+00:00,530.15,530.32,530.12,530.27,421307.0
2024-12-11T20:15:00+00:00,530.265,530.44,530.13,530.42,280036.0
2024-12-11T20:20:00+00:00,530.09,530.61,529.9701,530.48,1555167.0
2024-12-11T20:25:00+00:00,530.49,530.53,530.38,530.4007,347375.0
2024-12-11T20:30:00+00:00,530.38,530.57,530.37,530.5099,326787.0
2024-12-11T20:35:00+00:00,530.5001,530.5001,530.32,530.34,686052.0
2024-12-11T20:40:00+00:00,530.49,530.57,530.23,530.41,2021151.0
2024-12-11T20:45:00+00:00,530.42,530.46,530.22,530.245,332837.0
2024-12-11T20:50:00+00:00,530.25,530.31,530.1801,530.21,353691.0
2024-12-11T20:55:00+00:00,530.23,530.24,529.92,529.94,725219.0
2024-12-11T21:00:00+00:00,530.42,530.46,529.83,529.94,3377318.0
2024-12-11T21:05:00+00:00,529.94,529.96,529.35,529.4,851129.0
2024-12-11T21:10:00+00:00,529.39,529.92,528.96,529.13,333598.0
2024-12-11T21:15:00+00:00,529.15,529.39,520.6,529.37,582840.0
2024-12-11T21:20:00+00:00,529.94,529.96,520.6,529.18,1786902.0
2024-12-11T21:25:00+00:00,529.18,529.22,529.13,529.17,164971.0
2024-12-11T21:30:00+00:00,529.1,529.16,529.021,529.08,9395.0
2024-12-11T21:35:00+00:00,529.03,529.1,529.02,529.04,16501.0
2024-12-11T21:40:00+00:00,529.18,529.22,529.0,529.0,200143.0
2024-12-11T21:45:00+00:00,529.0,529.1,529.0,529.03,4222.0
2024-12-11T21:50:00+00:00,529.04,529.1,529.0,529.03,10603.0
2024-12-11T21:55:00+00:00,529.03,529.06,528.95,529.03,22448.0
2024-12-11T22:00:00+00:00,529.0,529.1,528.95,529.08,43018.0
2024-12-11T22:05:00+00:00,529.0601,529.12,529.06,529.1,1900.0
2024-12-11T22:10:00+00:00,529.06,529.11,529.06,529.1,2337.0
2024-12-11T22:15:00+00:00,529.1,529.12,529.08,529.1,2674.0
2024-12-11T22:20:00+00:00,529.0601,529.15,529.06,529.15,10498.0
2024-12-11T22:25:00+00:00,529.13,529.16,529.05,529.07,5781.0
2024-12-11T22:30:00+00:00,529.13,529.13,529.13,529.13,524.0
2024-12-11T22:35:00+00:00,529.15,529.15,529.12,529.12,729.0
2024-12-11T22:40:00+00:00,529.13,529.16,529.05,529.14,7385.0
2024-12-11T22:45:00+00:00,529.12,529.12,529.12,529.12,521.0
2024-12-11T22:50:00+00:00,529.17,529.17,529.12,529.15,3040.0
2024-12-11T22:55:00+00:00,529.17,529.218,529.14,529.14,5156.0
2024-12-11T23:00:00+00:00,529.12,529.218,529.12,529.181,9812.0
2024-12-11T23:05:00+00:00,529.14,529.16,528.95,529.13,5360.0
2024-12-11T23:10:00+00:00,529.23,529.24,529.06,529.06,3638.0
2024-12-11T23:15:00+00:00,529.14,529.28,529.14,529.28,1876.0
2024-12-11T23:20:00+00:00,529.14,529.31,528.95,529.29,12566.0
2024-12-11T23:25:00+00:00,529.34,529.34,529.08,529.11,2979.0
2024-12-11T23:30:00+00:00,529.09,529.09,528.98,529.06,3964.0
2024-12-11T23:35:00+00:00,529.179,529.19,529.15,529.1884,690.0
2024-12-11T23:40:00+00:00,529.34,529.34,528.98,529.03,11854.0
2024-12-11T23:45:00+00:00,529.05,529.05,529.01,529.01,2293.0
2024-12-11T23:50:00+00:00,529.01,529.1788,529.01,529.1788,2344.0
2024-12-11T23:55:00+00:00,529.179,529.21,529.15,529.19,3626.0
2024-12-12T00:00:00+00:00,529.05,529.21,529.01,529.17,24066.0
2024-12-12T00:05:00+00:00,529.1,529.23,529.1,529.23,870.0
2024-12-12T00:10:00+00:00,529.13,529.13,529.0326,529.1,4638.0
2024-12-12T00:15:00+00:00,529.0305,529.07,529.03,529.05,8514.0
2024-12-12T00:20:00+00:00,529.1,529.23,529.01,529.04,17383.0
2024-12-12T00:25:00+00:00,528.9494,528.96,528.92,528.92,1885.0
2024-12-12T00:30:00+00:00,528.95,529.06,528.93,528.93,15996.0
2024-12-12T00:35:00+00:00,528.97,528.98,528.9407,528.9407,1042.0
2024-12-12T00:40:00+00:00,528.9494,529.06,528.91,528.93,25932.0
2024-12-12T00:45:00+00:00,528.93,528.93,528.86,528.86,5794.0
2024-12-12T00:50:00+00:00,528.83,528.88,528.8,528.83,35083.0
2024-12-12T00:55:00+00:00,528.8,528.86,528.78,528.8,20317.0
2024-12-12T01:00:00+00:00,528.93,529.06,528.78,529.03,134356.0
2024-12-12T09:05:00+00:00,529.07,529.33,529.02,529.1,13590.0
2024-12-12T09:10:00+00:00,529.11,529.15,529.0,529.04,10179.0
2024-12-12T09:15:00+00:00,528.99,529.05,528.85,528.94,6576.0
2024-12-12T09:20:00+00:00,529.07,529.33,528.85,528.96,33067.0
2024-12-12T09:25:00+00:00,529.05,529.14,529.05,529.12,1769.0
2024-12-12T09:30:00+00:00,528.9,528.9,528.9,528.9,1432.0
2024-12-12T09:35:00+00:00,528.92,528.92,528.68,528.79,6259.0
2024-12-12T09:40:00+00:00,529.05,529.14,528.68,528.69,10941.0
2024-12-12T09:45:00+00:00,528.71,528.72,528.7,528.72,1818.0
2024-12-12T09:50:00+00:00,528.7,528.7,528.7,528.7,302.0
2024-12-12T09:55:00+00:00,528.77,528.77,528.77,528.77,440.0
2024-12-12T10:00:00+00:00,528.71,528.77,528.57,528.6,3269.0
2024-12-12T10:05:00+00:00,528.6,528.6,528.53,528.56,4749.0
2024-12-12T10:10:00+00:00,528.61,528.65,528.59,528.59,1732.0
2024-12-12T10:15:00+00:00,528.59,528.6,528.47,528.57,10020.0
2024-12-12T10:20:00+00:00,528.6,528.65,528.47,528.62,19202.0
2024-12-12T10:25:00+00:00,528.58,528.59,528.54,528.54,718.0
2024-12-12T10:30:00+00:00,528.9,528.9,528.79,528.79,1134.0
2024-12-12T10:35:00+00:00,528.89,528.89,528.75,528.75,988.0
2024-12-12T10:40:00+00:00,528.58,528.9,528.54,528.75,2840.0
2024-12-12T10:45:00+00:00,528.76,528.88,528.76,528.88,907.0
2024-12-12T10:50:00+00:00,528.88,528.88,528.77,528.77,2059.0
2024-12-12T10:55:00+00:00,528.77,528.77,528.75,528.76,2616.0
2024-12-12T11:00:00+00:00,528.76,528.88,528.72,528.72,6463.0
2024-12-12T11:05:00+00:00,528.78,528.89,528.78,528.79,3688.0
2024-12-12T11:10:00+00:00,528.74,528.76,528.61,528.61,4565.0
2024-12-12T11:15:00+00:00,528.66,528.67,528.33,528.34,3945.0
2024-12-12T11:20:00+00:00,528.78,528.89,528.33,528.6,18232.0
2024-12-12T11:25:00+00:00,528.58,528.58,528.53,528.53,2560.0
2024-12-12T11:30:00+00:00,528.57,528.59,528.5,528.55,1401.0
2024-12-12T11:35:00+00:00,528.62,528.62,528.6,528.6,1191.0
2024-12-12T11:40:00+00:00,528.58,528.62,528.5,528.58,6130.0
2024-12-12T11:45:00+00:00,528.57,528.65,528.57,528.63,2123.0
2024-12-12T11:50:00+00:00,528.58,528.58,528.46,528.46,6235.0
2024-12-12T11:55:00+00:00,528.52,528.52,528.36,528.52,3801.0
2024-12-12T12:00:00+00:00,528.57,528.65,528.36,528.42,14737.0
2024-12-12T12:05:00+00:00,528.42,528.51,528.25,528.25,15995.0
2024-12-12T12:10:00+00:00,528.289,528.5,528.289,528.43,5903.0
2024-12-12T12:15:00+00:00,528.449,528.55,528.4,528.48,9616.0
2024-12-12T12:20:00+00:00,528.42,528.55,528.25,528.44,41194.0
2024-12-12T12:25:00+00:00,528.45,528.46,528.38,528.39,7931.0
2024-12-12T12:30:00+00:00,528.44,528.47,528.29,528.36,7902.0
2024-12-12T12:35:00+00:00,528.32,528.35,528.07,528.109,24706.0
2024-12-12T12:40:00+00:00,528.45,528.47,527.96,528.1,54505.0
2024-12-12T12:45:00+00:00,528.119,528.12,527.88,527.88,15841.0
2024-12-12T12:50:00+00:00,527.87,528.07,527.87,527.97,7561.0
2024-12-12T12:55:00+00:00,527.96,527.97,527.67,527.73,16123.0
2024-12-12T13:00:00+00:00,528.119,528.12,527.67,527.82,45926.0
2024-12-12T13:05:00+00:00,528.5,529.35,527.51,527.5599,66819.0
2024-12-12T13:10:00+00:00,527.5697,528.02,527.5697,528.0,15938.0
2024-12-12T13:15:00+00:00,527.95,528.1,527.91,528.1,6757.0
2024-12-12T13:20:00+00:00,528.5,529.35,527.51,528.14,108638.0
2024-12-12T13:25:00+00:00,528.13,528.2991,528.09,528.22,6756.0
2024-12-12T13:30:00+00:00,528.2,528.22,527.96,528.11,18420.0
2024-12-12T13:35:00+00:00,527.93,528.55,527.29,527.3,96360.0
2024-12-12T13:40:00+00:00,528.13,528.55,526.6,527.06,207816.0
2024-12-12T13:45:00+00:00,527.05,527.62,526.9,527.55,87800.0
2024-12-12T13:50:00+00:00,527.57,527.67,527.34,527.4,50349.0
2024-12-12T13:55:00+00:00,527.35,527.45,527.15,527.3499,34234.0
2024-12-12T14:00:00+00:00,527.05,527.67,526.9,527.37,221929.0
2024-12-12T14:05:00+00:00,527.37,527.62,527.3,527.41,34335.0
2024-12-12T14:10:00+00:00,527.36,527.77,527.36,527.64,22169.0
2024-12-12T14:15:00+00:00,527.63,527.7,527.19,527.32,28192.0
2024-12-12T14:20:00+00:00,527.37,527.77,527.18,527.3515,127780.0
2024-12-12T14:25:00+00:00,527.33,527.54,527.321,527.49,20482.0
2024-12-12T14:30:00+00:00,527.35,527.75,527.34,527.72,37661.0
2024-12-12T14:35:00+00:00,527.68,527.75,526.7611,527.29,898224.0
2024-12-12T14:40:00+00:00,527.33,527.75,526.7611,527.44,1472029.0
2024-12-12T14:45:00+00:00,527.42,527.64,526.97,527.57,380084.0
2024-12-12T14:50:00+00:00,527.54,527.56,527.025,527.13,274635.0
2024-12-12T14:55:00+00:00,527.1,527.5,526.855,527.105,502514.0
2024-12-12T15:00:00+00:00,527.42,527.64,526.855,527.43,1351976.0
2024-12-12T15:05:00+00:00,527.407,527.52,526.77,527.4296,286450.0
2024-12-12T15:10:00+00:00,527.42,527.52,526.55,526.65,420414.0
2024-12-12T15:15:00+00:00,526.69,526.84,526.02,526.62,408341.0
2024-12-12T15:20:00+00:00,527.407,527.52,526.02,527.4,1379103.0
2024-12-12T15:25:00+00:00,527.35,527.87,527.1532,527.7,307984.0
2024-12-12T15:30:00+00:00,527.7301,528.3,527.6,528.0494,440137.0
2024-12-12T15:35:00+00:00,528.02,528.11,527.58,527.65,255585.0
2024-12-12T15:40:00+00:00,527.35,528.42,527.1532,528.24,1180771.0
2024-12-12T15:45:00+00:00,528.29,528.42,527.75,527.88,143047.0
2024-12-12T15:50:00+00:00,527.89,528.37,527.71,528.27,160135.0
2024-12-12T15:55:00+00:00,528.27,528.38,528.01,528.23,331793.0
2024-12-12T16:00:00+00:00,528.29,528.56,527.71,528.37,820363.0
2024-12-12T16:05:00+00:00,528.36,528.7794,528.2701,528.68,207564.0
2024-12-12T16:10:00+00:00,528.68,528.83,528.53,528.59,353838.0
2024-12-12T16:15:00+00:00,528.59,528.73,528.34,528.35,173319.0
2024-12-12T16:20:00+00:00,528.36,528.83,528.24,528.63,843597.0
2024-12-12T16:25:00+00:00,528.6,528.61,528.17,528.3651,217089.0
2024-12-12T16:30:00+00:00,528.38,528.41,528.18,528.2699,86886.0
2024-12-12T16:35:00+00:00,528.28,528.35,528.06,528.11,203148.0
2024-12-12T16:40:00+00:00,528.6,528.61,527.84,527.9999,643243.0
2024-12-12T16:45:00+00:00,527.945,527.945,527.66,527.8699,116945.0
2024-12-12T16:50:00+00:00,527.87,527.87,527.22,527.81,212319.0
2024-12-12T16:55:00+00:00,527.8,527.8,527.3942,527.52,123613.0
2024-12-12T17:00:00+00:00,527.945,527.945,527.16,527.22,544496.0
2024-12-12T17:05:00+00:00,527.19,527.93,527.11,527.93,453530.0
2024-12-12T17:10:00+00:00,527.92,528.35,527.89,528.32,307628.0
2024-12-12T17:15:00+00:00,528.32,528.47,528.28,528.32,270382.0
2024-12-12T17:20:00+00:00,527.19,528.49,527.11,528.16,1244067.0
2024-12-12T17:25:00+00:00,528.16,528.31,527.93,528.02,136289.0
2024-12-12T17:30:00+00:00,527.9825,528.41,527.88,528.265,107888.0
2024-12-12T17:35:00+00:00,528.2499,528.32,527.75,527.86,76298.0
2024-12-12T17:40:00+00:00,528.16,528.41,527.59,528.0299,455090.0
2024-12-12T17:45:00+00:00,527.99,528.02,527.7,527.97,367268.0
2024-12-12T17:50:00+00:00,528.03,528.28,527.97,528.2301,134160.0
2024-12-12T17:55:00+00:00,528.27,528.45,528.22,528.44,252473.0
2024-12-12T18:00:00+00:00,527.99,528.86,527.7,528.7929,971343.0
2024-12-12T18:05:00+00:00,528.82,528.92,528.45,528.54,245360.0
2024-12-12T18:10:00+00:00,528.54,528.84,528.2,528.46,255297.0
2024-12-12T18:15:00+00:00,528.4601,528.78,528.27,528.72,109313.0
2024-12-12T18:20:00+00:00,528.82,528.92,528.2,528.92,826925.0
2024-12-12T18:25:00+00:00,528.9,528.92,528.62,528.7975,100988.0
2024-12-12T18:30:00+00:00,528.77,528.96,528.56,528.56,540645.0
2024-12-12T18:35:00+00:00,528.58,528.6,528.36,528.38,82485.0
2024-12-12T18:40:00+00:00,528.9,528.96,528.07,528.2899,964595.0
2024-12-12T18:45:00+00:00,528.26,528.4299,527.99,528.07,98291.0
2024-12-12T18:50:00+00:00,528.05,528.23,528.0062,528.225,169629.0
2024-12-12T18:55:00+00:00,528.22,528.27,527.88,527.97,65132.0
2024-12-12T19:00:00+00:00,528.26,528.4299,527.74,527.789,456699.0
2024-12-12T19:05:00+00:00,527.8,527.98,527.55,527.96,330760.0
2024-12-12T19:10:00+00:00,527.98,528.1381,527.83,527.94,151406.0
2024-12-12T19:15:00+00:00,527.94,528.24,527.705,527.775,148570.0
2024-12-12T19:20:00+00:00,527.8,528.24,527.5001,527.61,958943.0
2024-12-12T19:25:00+00:00,527.59,527.62,527.01,527.17,439535.0
2024-12-12T19:30:00+00:00,527.17,527.4499,527.0601,527.12,111845.0
2024-12-12T19:35:00+00:00,527.08,527.5782,527.0332,527.52,153125.0
2024-12-12T19:40:00+00:00,527.59,527.68,527.01,527.6441,837310.0
2024-12-12T19:45:00+00:00,527.64,527.65,527.3,527.53,114105.0
2024-12-12T19:50:00+00:00,527.54,527.72,527.47,527.5301,88047.0
2024-12-12T19:55:00+00:00,527.53,527.68,527.37,527.53,91912.0
2024-12-12T20:00:00+00:00,527.64,527.72,527.3,527.52,463864.0
2024-12-12T20:05:00+00:00,527.45,527.45,527.2131,527.41,218635.0
2024-12-12T20:10:00+00:00,527.42,527.55,527.25,527.3,110840.0
2024-12-12T20:15:00+00:00,527.29,527.32,526.77,526.9,280503.0
2024-12-12T20:20:00+00:00,527.45,527.55,526.77,526.97,753481.0
2024-12-12T20:25:00+00:00,527.03,527.1,526.75,526.79,117929.0
2024-12-12T20:30:00+00:00,526.818,526.96,526.63,526.7299,251934.0
2024-12-12T20:35:00+00:00,526.73,527.2,526.73,527.17,208087.0
2024-12-12T20:40:00+00:00,527.03,527.2,526.63,526.9998,997371.0
2024-12-12T20:45:00+00:00,526.98,527.02,526.8,527.0171,172112.0
2024-12-12T20:50:00+00:00,527.01,527.275,526.99,527.1,373543.0
2024-12-12T20:55:00+00:00,527.11,527.49,526.95,527.0,551458.0
2024-12-12T21:00:00+00:00,526.98,527.49,526.5,526.5,2197876.0
2024-12-12T21:05:00+00:00,526.51,526.52,525.86,525.97,307816.0
2024-12-12T21:10:00+00:00,526.0,526.5,525.8,526.04,148005.0
2024-12-12T21:15:00+00:00,526.01,526.01,525.76,525.76,283425.0
2024-12-12T21:20:00+00:00,526.51,527.93,525.57,527.2401,1095115.0
2024-12-12T21:25:00+00:00,527.21,527.26,526.82,527.1,71922.0
2024-12-12T21:30:00+00:00,527.14,527.44,527.0317,527.44,33151.0
2024-12-12T21:35:00+00:00,527.44,527.45,527.011,527.04,33342.0
2024-12-12T21:40:00+00:00,527.21,527.45,526.58,526.61,166696.0
2024-12-12T21:45:00+00:00,526.75,526.82,526.55,526.62,206476.0
2024-12-12T21:50:00+00:00,526.52,526.57,526.3,526.57,21374.0
2024-12-12T21:55:00+00:00,526.5,526.51,526.28,526.41,6188.0
2024-12-12T22:00:00+00:00,526.75,526.82,526.17,526.25,247119.0
2024-12-12T22:05:00+00:00,526.28,526.45,526.24,526.36,7703.0
2024-12-12T22:10:00+00:00,526.37,526.5,526.3,526.32,15899.0
2024-12-12T22:15:00+00:00,526.42,526.5,526.28,526.35,9649.0
2024-12-12T22:20:00+00:00,526.28,526.75,526.24,526.75,80124.0
2024-12-12T22:25:00+00:00,526.7302,527.14,526.65,527.14,58105.0
2024-12-12T22:30:00+00:00,527.13,527.69,527.13,527.69,86929.0
2024-12-12T22:35:00+00:00,527.66,527.98,527.63,527.85,25780.0
2024-12-12T22:40:00+00:00,526.7302,528.95,526.65,528.67,227102.0
2024-12-12T22:45:00+00:00,528.65,529.41,528.54,528.94,98597.0
2024-12-12T22:50:00+00:00,528.969,528.969,528.43,528.6,21305.0
2024-12-12T22:55:00+00:00,528.629,528.72,528.55,528.55,28126.0
2024-12-12T23:00:00+00:00,528.65,529.41,528.43,528.98,200287.0
2024-12-12T23:05:00+00:00,529.01,529.04,528.52,528.61,118151.0
2024-12-12T23:10:00+00:00,528.62,528.73,528.32,528.4,66028.0
2024-12-12T23:15:00+00:00,528.4,528.54,528.32,528.49,42056.0
2024-12-12T23:20:00+00:00,529.01,529.04,528.32,528.62,255940.0
2024-12-12T23:25:00+00:00,528.63,528.72,528.54,528.67,7515.0
2024-12-12T23:30:00+00:00,528.58,528.8,528.58,528.74,24545.0
2024-12-12T23:35:00+00:00,528.72,528.83,528.59,528.8,14899.0
2024-12-12T23:40:00+00:00,528.63,529.11,528.54,529.02,71150.0
2024-12-12T23:45:00+00:00,529.1,529.12,528.92,529.0,17117.0
2024-12-12T23:50:00+00:00,529.03,529.13,528.92,528.93,8501.0
2024-12-12T23:55:00+00:00,528.9,528.96,528.86,528.919,5210.0
2024-12-13T00:00:00+00:00,529.1,529.13,528.85,529.03,32673.0
2024-12-13T00:05:00+00:00,528.85,528.94,528.85,528.94,10296.0
2024-12-13T00:10:00+00:00,528.92,529.14,528.9,529.14,6298.0
2024-12-13T00:15:00+00:00,529.1102,529.34,529.1102,529.34,4854.0
2024-12-13T00:20:00+00:00,528.85,529.34,528.85,529.26,25609.0
2024-12-13T00:25:00+00:00,529.2508,529.41,529.2412,529.37,10334.0
2024-12-13T00:30:00+00:00,529.35,529.51,529.35,529.4601,7139.0
2024-12-13T00:35:00+00:00,529.5,529.51,529.32,529.32,8119.0
2024-12-13T00:40:00+00:00,529.2508,529.51,529.21,529.42,34582.0
2024-12-13T00:45:00+00:00,529.42,529.45,529.39,529.39,3708.0
2024-12-13T00:50:00+00:00,529.39,529.4,529.21,529.25,9910.0
2024-12-13T00:55:00+00:00,529.26,529.37,529.25,529.28,8857.0
2024-12-13T01:00:00+00:00,529.42,529.45,529.21,529.39,72712.0
2024-12-13T09:05:00+00:00,528.42,529.67,528.42,529.67,17906.0
2024-12-13T09:10:00+00:00,529.64,529.7,529.52,529.52,10263.0
2024-12-13T09:15:00+00:00,529.47,529.73,529.43,529.67,7161.0
2024-12-13T09:20:00+00:00,528.42,529.73,528.42,529.63,38578.0
2024-12-13T09:25:00+00:00,529.63,529.8,529.56,529.8,3273.0
2024-12-13T09:30:00+00:00,529.81,529.96,529.81,529.89,2765.0
2024-12-13T09:35:00+00:00,529.9,529.9,529.52,529.52,9576.0
2024-12-13T09:40:00+00:00,529.63,529.96,529.52,529.63,16340.0
2024-12-13T09:45:00+00:00,529.74,530.0,529.74,530.0,1521.0
2024-12-13T09:50:00+00:00,530.0,530.03,530.0,530.03,1595.0
2024-12-13T09:55:00+00:00,530.16,530.16,530.16,530.16,856.0
2024-12-13T10:00:00+00:00,529.74,530.23,529.74,530.23,5085.0
2024-12-13T10:05:00+00:00,530.2,530.37,530.17,530.37,2081.0
2024-12-13T10:10:00+00:00,530.31,530.34,530.17,530.17,3025.0
2024-12-13T10:15:00+00:00,530.24,530.26,530.24,530.25,1387.0
2024-12-13T10:20:00+00:00,530.2,530.37,530.08,530.08,8365.0
2024-12-13T10:25:00+00:00,530.13,530.28,530.13,530.28,1283.0
2024-12-13T10:30:00+00:00,530.33,530.33,530.33,530.33,154.0
2024-12-13T10:35:00+00:00,530.24,530.25,530.18,530.25,4562.0
2024-12-13T10:40:00+00:00,530.13,530.38,530.13,530.38,14591.0
2024-12-13T10:45:00+00:00,530.33,530.44,530.33,530.33,12537.0
2024-12-13T10:50:00+00:00,530.4,530.46,530.36,530.45,11964.0
2024-12-13T10:55:00+00:00,530.45,530.46,530.41,530.44,5086.0
2024-12-13T11:00:00+00:00,530.33,530.46,530.29,530.35,33897.0
2024-12-13T11:05:00+00:00,530.34,530.4,530.34,530.36,1892.0
2024-12-13T11:10:00+00:00,530.36,530.5,530.36,530.44,7517.0
2024-12-13T11:15:00+00:00,530.4,530.4,530.26,530.26,882.0
2024-12-13T11:20:00+00:00,530.34,530.5,530.26,530.47,11514.0
2024-12-13T11:25:00+00:00,530.56,530.58,530.47,530.52,21392.0
2024-12-13T11:30:00+00:00,530.53,530.56,530.36,530.36,4848.0
2024-12-13T11:35:00+00:00,530.41,530.63,530.34,530.56,17862.0
2024-12-13T11:40:00+00:00,530.56,530.63,530.34,530.44,53185.0
2024-12-13T11:45:00+00:00,530.42,530.56,530.31,530.56,14551.0
2024-12-13T11:50:00+00:00,530.48,530.48,530.45,530.45,3764.0
2024-12-13T11:55:00+00:00,530.41,530.44,530.23,530.27,12935.0
2024-12-13T12:00:00+00:00,530.42,530.56,530.22,530.22,38191.0
2024-12-13T12:05:00+00:00,530.23,530.5,530.11,530.47,23026.0
2024-12-13T12:10:00+00:00,530.5,530.72,530.44,530.68,19740.0
2024-12-13T12:15:00+00:00,530.71,530.77,530.59,530.77,13072.0
2024-12-13T12:20:00+00:00,530.23,530.94,530.11,530.94,72950.0
2024-12-13T12:25:00+00:00,530.95,531.11,530.85,531.09,18584.0
2024-12-13T12:30:00+00:00,531.12,531.12,531.0,531.03,21572.0
2024-12-13T12:35:00+00:00,531.08,531.09,530.89,531.05,12635.0
2024-12-13T12:40:00+00:00,530.95,531.12,530.85,530.91,84400.0
2024-12-13T12:45:00+00:00,530.92,531.19,530.92,531.16,12710.0
2024-12-13T12:50:00+00:00,531.16,531.17,531.07,531.17,10306.0
2024-12-13T12:55:00+00:00,531.08,531.25,531.08,531.23,4832.0
2024-12-13T13:00:00+00:00,530.92,531.38,530.92,531.32,43436.0
2024-12-13T13:05:00+00:00,530.5,531.57,528.33,531.28,117323.0
2024-12-13T13:10:00+00:00,531.21,531.4499,531.19,531.29,17659.0
2024-12-13T13:15:00+00:00,531.27,531.42,531.25,531.42,28978.0
2024-12-13T13:20:00+00:00,530.5,531.57,528.33,531.401,174027.0
2024-12-13T13:25:00+00:00,531.41,531.47,531.3401,531.4,38112.0
2024-12-13T13:30:00+00:00,531.37,531.49,531.35,531.42,16233.0
2024-12-13T13:35:00+00:00,531.42,531.5,531.4,531.43,28938.0
2024-12-13T13:40:00+00:00,531.41,531.5,531.24,531.24,112828.0
2024-12-13T13:45:00+00:00,531.25,531.36,531.17,531.3,41298.0
2024-12-13T13:50:00+00:00,531.3,531.3,531.05,531.05,53836.0
2024-12-13T13:55:00+00:00,531.08,531.19,530.87,531.19,51020.0
2024-12-13T14:00:00+00:00,531.25,531.36,530.87,531.09,163995.0
2024-12-13T14:05:00+00:00,531.04,531.059,530.57,530.6,58498.0
2024-12-13T14:10:00+00:00,530.6,530.88,530.58,530.82,56325.0
2024-12-13T14:15:00+00:00,530.83,530.85,530.46,530.6,39779.0
2024-12-13T14:20:00+00:00,531.04,531.059,530.32,530.43,197637.0
2024-12-13T14:25:00+00:00,530.43,530.55,530.3,530.3,42506.0
2024-12-13T14:30:00+00:00,530.31,530.9,530.0,530.4,111963.0
2024-12-13T14:35:00+00:00,530.46,531.0,530.29,530.97,1205594.0
2024-12-13T14:40:00+00:00,530.43,531.58,530.0,531.35,2121529.0
2024-12-13T14:45:00+00:00,531.39,532.8599,531.2,532.7,597985.0
2024-12-13T14:50:00+00:00,532.72,533.1661,532.56,532.6,751091.0
2024-12-13T14:55:00+00:00,532.61,532.98,532.3205,532.45,515141.0
2024-12-13T15:00:00+00:00,531.39,533.1661,531.2,532.52,2298265.0
2024-12-13T15:05:00+00:00,532.52,532.61,532.005,532.137,344419.0
2024-12-13T15:10:00+00:00,532.07,532.17,531.02,531.7,467540.0
2024-12-13T15:15:00+00:00,531.7,532.61,531.64,532.03,436866.0
2024-12-13T15:20:00+00:00,532.52,532.61,531.02,531.2301,1534845.0
2024-12-13T15:25:00+00:00,531.25,531.66,531.25,531.4,357405.0
2024-12-13T15:30:00+00:00,531.42,531.42,530.53,530.63,501248.0
2024-12-13T15:35:00+00:00,530.63,531.26,530.56,530.82,285008.0
2024-12-13T15:40:00+00:00,531.25,531.66,530.34,530.39,1430940.0
2024-12-13T15:45:00+00:00,530.4,530.44,528.74,529.215,998001.0
2024-12-13T15:50:00+00:00,529.2,529.99,529.04,529.9,491819.0
2024-12-13T15:55:00+00:00,529.88,529.9367,528.55,528.88,407997.0
2024-12-13T16:00:00+00:00,530.4,530.44,527.77,527.7901,2321677.0
2024-12-13T16:05:00+00:00,527.83,528.0499,527.37,527.765,647578.0
2024-12-13T16:10:00+00:00,527.78,528.05,527.3001,527.545,814938.0
2024-12-13T16:15:00+00:00,527.58,528.26,527.33,527.54,382364.0
2024-12-13T16:20:00+00:00,527.83,528.98,527.3001,528.9509,2236736.0
2024-12-13T16:25:00+00:00,528.96,529.0,528.3,528.76,351702.0
2024-12-13T16:30:00+00:00,528.75,528.75,527.79,528.0701,349373.0
2024-12-13T16:35:00+00:00,528.13,529.5,528.13,529.42,288814.0
2024-12-13T16:40:00+00:00,528.96,529.51,527.79,528.31,1341741.0
2024-12-13T16:45:00+00:00,528.31,529.03,528.12,528.4101,205527.0
2024-12-13T16:50:00+00:00,528.39,528.6599,528.16,528.42,127334.0
2024-12-13T16:55:00+00:00,528.42,528.56,527.78,527.87,183059.0
2024-12-13T17:00:00+00:00,528.31,529.03,527.5,528.13,680089.0
2024-12-13T17:05:00+00:00,528.08,528.4699,527.99,528.44,115695.0
2024-12-13T17:10:00+00:00,528.51,528.715,528.31,528.5301,254124.0
2024-12-13T17:15:00+00:00,528.61,529.1299,528.49,528.57,154573.0
2024-12-13T17:20:00+00:00,528.08,529.1299,527.99,528.8,785667.0
2024-12-13T17:25:00+00:00,528.81,528.96,528.15,528.39,316175.0
2024-12-13T17:30:00+00:00,528.31,528.31,527.95,528.09,210227.0
2024-12-13T17:35:00+00:00,528.05,528.05,527.64,527.92,289540.0
2024-12-13T17:40:00+00:00,528.81,528.96,527.64,528.13,938760.0
2024-12-13T17:45:00+00:00,528.1319,528.155,527.75,527.9301,91584.0
2024-12-13T17:50:00+00:00,527.95,528.14,527.84,528.1301,86895.0
2024-12-13T17:55:00+00:00,528.1599,528.7,527.86,528.48,176835.0
2024-12-13T18:00:00+00:00,528.1319,528.7,527.71,527.74,514062.0
2024-12-13T18:05:00+00:00,527.7408,528.4291,527.68,528.33,195475.0
2024-12-13T18:10:00+00:00,528.32,528.65,528.09,528.53,108911.0
2024-12-13T18:15:00+00:00,528.56,528.77,528.29,528.62,122958.0
2024-12-13T18:20:00+00:00,527.7408,528.8582,527.68,528.685,520034.0
2024-12-13T18:25:00+00:00,528.73,528.775,528.34,528.51,130814.0
2024-12-13T18:30:00+00:00,528.56,529.18,528.4201,529.15,273701.0
2024-12-13T18:35:00+00:00,529.13,529.18,528.84,528.99,98236.0
2024-12-13T18:40:00+00:00,528.73,529.31,528.34,529.24,623564.0
2024-12-13T18:45:00+00:00,529.25,529.39,529.18,529.3699,89228.0
2024-12-13T18:50:00+00:00,529.31,529.86,529.23,529.76,190385.0
2024-12-13T18:55:00+00:00,529.76,529.94,529.55,529.89,125912.0
2024-12-13T19:00:00+00:00,529.25,529.97,529.18,529.9112,555285.0
2024-12-13T19:05:00+00:00,529.92,529.92,529.58,529.65,272019.0
2024-12-13T19:10:00+00:00,529.65,530.14,529.64,530.13,180442.0
2024-12-13T19:15:00+00:00,530.107,530.19,529.81,529.87,88795.0
2024-12-13T19:20:00+00:00,529.92,530.23,529.58,530.23,650303.0
2024-12-13T19:25:00+00:00,530.2,530.49,530.05,530.49,146616.0
2024-12-13T19:30:00+00:00,530.478,530.7202,530.43,530.675,137345.0
2024-12-13T19:35:00+00:00,530.7099,530.92,530.57,530.79,385115.0
2024-12-13T19:40:00+00:00,530.2,530.92,530.05,530.67,861194.0
2024-12-13T19:45:00+00:00,530.69,530.8161,530.56,530.62,348308.0
2024-12-13T19:50:00+00:00,530.64,530.73,530.48,530.69,174948.0
2024-12-13T19:55:00+00:00,530.6999,530.6999,530.4602,530.63,338354.0
2024-12-13T20:00:00+00:00,530.69,530.8161,530.4602,530.56,1266042.0
2024-12-13T20:05:00+00:00,530.6,530.74,530.4901,530.68,339332.0
2024-12-13T20:10:00+00:00,530.71,530.75,530.5,530.675,160004.0
2024-12-13T20:15:00+00:00,530.68,530.72,530.52,530.58,80805.0
2024-12-13T20:20:00+00:00,530.6,530.75,530.05,530.2,916564.0
2024-12-13T20:25:00+00:00,530.2,530.31,529.95,530.23,166025.0
2024-12-13T20:30:00+00:00,530.2583,530.8899,530.2583,530.83,436613.0
2024-12-13T20:35:00+00:00,530.81,531.15,530.7101,531.09,349535.0
2024-12-13T20:40:00+00:00,530.2,531.15,529.95,530.93,1577959.0
2024-12-13T20:45:00+00:00,530.93,530.94,530.43,530.4502,381779.0
2024-12-13T20:50:00+00:00,530.46,530.86,530.46,530.78,225556.0
2024-12-13T20:55:00+00:00,530.77,530.8,530.29,530.4,763187.0
2024-12-13T21:00:00+00:00,530.93,530.94,530.2804,530.5,2033736.0
2024-12-13T21:05:00+00:00,530.53,530.53,529.817,529.97,333331.0
2024-12-13T21:10:00+00:00,529.97,530.16,529.97,530.07,61160.0
2024-12-13T21:15:00+00:00,530.11,530.5434,529.83,529.83,849763.0
2024-12-13T21:20:00+00:00,530.53,530.5434,529.78,529.8,1293999.0
2024-12-13T21:25:00+00:00,529.78,529.8799,529.65,529.68,36690.0
2024-12-13T21:30:00+00:00,529.69,529.7,529.5104,529.58,45030.0
2024-12-13T21:35:00+00:00,529.56,529.61,529.44,529.55,122446.0
2024-12-13T21:40:00+00:00,529.78,529.8799,529.42,529.64,216431.0
2024-12-13T21:45:00+00:00,529.62,529.69,529.62,529.67,24879.0
2024-12-13T21:50:00+00:00,529.67,529.77,529.5,529.53,69357.0
2024-12-13T21:55:00+00:00,529.56,529.72,529.56,529.6701,3144.0
2024-12-13T22:00:00+00:00,529.62,529.77,529.5,529.6,104974.0
2024-12-13T22:05:00+00:00,529.65,529.66,529.6,529.66,1156.0
2024-12-13T22:10:00+00:00,529.66,529.71,529.66,529.66,2131.0
2024-12-13T22:15:00+00:00,529.72,529.72,529.678,529.7,3418.0
2024-12-13T22:20:00+00:00,529.65,529.72,529.6,529.66,7117.0
2024-12-13T22:25:00+00:00,529.6744,529.6744,529.6744,529.6744,139.0
2024-12-13T22:30:00+00:00,529.66,529.66,529.65,529.65,436.0
2024-12-13T22:35:00+00:00,529.61,529.61,529.54,529.54,975.0
2024-12-13T22:40:00+00:00,529.6744,529.6744,529.54,529.65,2594.0
2024-12-13T22:45:00+00:00,529.65,529.75,529.65,529.75,2919.0
2024-12-13T22:50:00+00:00,529.77,529.78,529.77,529.78,666.0
2024-12-13T23:00:00+00:00,529.65,529.78,529.65,529.7662,4106.0
2024-12-13T23:05:00+00:00,529.65,529.65,529.65,529.65,2421.0
2024-12-13T23:10:00+00:00,529.7984,529.8,529.7,529.8,4104.0
2024-12-13T23:15:00+00:00,529.8,529.8,529.8,529.8,186.0
2024-12-13T23:20:00+00:00,529.65,529.8,529.65,529.79,6860.0
2024-12-13T23:25:00+00:00,529.78,529.78,529.78,529.78,312.0
2024-12-13T23:30:00+00:00,529.7342,529.7342,529.7342,529.7342,305.0
2024-12-13T23:40:00+00:00,529.78,529.82,529.7342,529.82,986.0
2024-12-13T23:45:00+00:00,529.75,529.8,529.75,529.8,586.0
2024-12-13T23:50:00+00:00,529.85,529.85,529.85,529.85,319.0
2024-12-13T23:55:00+00:00,529.81,529.85,529.7393,529.75,1497.0
2024-12-14T00:00:00+00:00,529.75,529.85,529.7,529.7,5607.0
2024-12-14T00:15:00+00:00,529.9,529.9,529.9,529.9,222.0
2024-12-14T00:20:00+00:00,529.9,529.9,529.9,529.9,382.0
2024-12-14T00:25:00+00:00,529.92,529.92,529.92,529.92,257.0
2024-12-14T00:30:00+00:00,529.9,529.9,529.7,529.7,317.0
2024-12-14T00:40:00+00:00,529.92,529.92,529.7,529.7,574.0
2024-12-14T00:45:00+00:00,529.75,529.85,529.75,529.79,1547.0
2024-12-14T00:50:00+00:00,529.76,529.76,529.76,529.76,743.0
2024-12-14T00:55:00+00:00,529.75,529.75,529.72,529.72,862.0
2024-12-14T01:00:00+00:00,529.75,529.85,529.7,529.78,4571.0
2024-12-16T09:05:00+00:00,530.87,531.05,530.84,530.92,9131.0
2024-12-16T09:10:00+00:00,530.9,531.2,530.86,531.2,4320.0
2024-12-16T09:15:00+00:00,531.24,531.32,531.24,531.3,4075.0
2024-12-16T09:20:00+00:00,530.87,531.48,530.84,531.28,21959.0
2024-12-16T09:25:00+00:00,531.18,531.36,531.18,531.31,2896.0
2024-12-16T09:30:00+00:00,531.22,531.4,531.21,531.4,2216.0
2024-12-16T09:35:00+00:00,531.26,531.47,531.26,531.47,1105.0
2024-12-16T09:40:00+00:00,531.18,531.61,531.18,531.59,7879.0
2024-12-16T09:45:00+00:00,531.61,531.68,531.61,531.68,1631.0
2024-12-16T09:50:00+00:00,531.69,531.69,531.64,531.69,1643.0
2024-12-16T09:55:00+00:00,531.71,531.72,531.66,531.72,2649.0
2024-12-16T10:00:00+00:00,531.61,531.83,531.61,531.82,10288.0
2024-12-16T10:05:00+00:00,531.92,531.93,531.87,531.9,3963.0
2024-12-16T10:10:00+00:00,532.0,532.05,531.91,532.0,3846.0
2024-12-16T10:15:00+00:00,531.95,531.95,531.93,531.95,2066.0
2024-12-16T10:20:00+00:00,531.92,532.05,531.87,532.01,12094.0
2024-12-16T10:25:00+00:00,532.05,532.05,531.86,531.86,1657.0
2024-12-16T10:30:00+00:00,531.83,532.17,531.8,532.17,2792.0
2024-12-16T10:35:00+00:00,532.24,532.24,532.22,532.22,2293.0
2024-12-16T10:40:00+00:00,532.05,532.24,531.8,532.05,8854.0
2024-12-16T10:45:00+00:00,532.03,532.22,532.03,532.22,2185.0
2024-12-16T10:50:00+00:00,532.18,532.18,532.12,532.13,3685.0
2024-12-16T10:55:00+00:00,532.17,532.25,532.16,532.25,2849.0
2024-12-16T11:00:00+00:00,532.03,532.25,532.03,532.25,9236.0
2024-12-16T11:05:00+00:00,531.9,532.03,531.9,531.99,4910.0
2024-12-16T11:10:00+00:00,531.88,531.88,531.87,531.87,1491.0
2024-12-16T11:15:00+00:00,531.88,531.9,531.61,531.61,3135.0
2024-12-16T11:20:00+00:00,531.9,532.03,531.61,531.76,12484.0
2024-12-16T11:25:00+00:00,531.75,531.75,531.7,531.7,1562.0
2024-12-16T11:30:00+00:00,531.71,531.91,531.71,531.9,3071.0
2024-12-16T11:35:00+00:00,531.88,532.03,531.82,531.83,23390.0
2024-12-16T11:40:00+00:00,531.75,532.03,531.65,531.69,42933.0
2024-12-16T11:45:00+00:00,531.69,531.91,531.69,531.82,13241.0
2024-12-16T11:50:00+00:00,531.95,532.04,531.95,532.0,1760.0
2024-12-16T11:55:00+00:00,532.04,532.31,532.04,532.24,7365.0
2024-12-16T12:00:00+00:00,531.69,532.31,531.69,532.26,26648.0
2024-12-16T12:05:00+00:00,532.15,532.28,532.07,532.19,12523.0
2024-12-16T12:10:00+00:00,532.21,532.21,532.02,532.1,5636.0
2024-12-16T12:15:00+00:00,532.13,532.5,532.13,532.5,14482.0
2024-12-16T12:20:00+00:00,532.15,532.59,532.02,532.59,40521.0
2024-12-16T12:25:00+00:00,532.551,532.66,532.53,532.53,4798.0
2024-12-16T12:30:00+00:00,532.47,532.62,532.47,532.6,2030.0
2024-12-16T12:35:00+00:00,532.6,532.68,532.56,532.6,14132.0
2024-12-16T12:40:00+00:00,532.551,532.68,532.47,532.55,25799.0
2024-12-16T12:45:00+00:00,532.52,532.68,532.52,532.6,5886.0
2024-12-16T12:50:00+00:00,532.5,532.5,532.29,532.38,32307.0
2024-12-16T12:55:00+00:00,532.4,532.46,532.34,532.4,4609.0
2024-12-16T13:00:00+00:00,532.52,532.68,532.29,532.51,53596.0
2024-12-16T13:05:00+00:00,532.1502,532.67,530.29,532.43,104745.0
2024-12-16T13:10:00+00:00,530.133,532.43,530.133,532.36,7301.0
2024-12-16T13:15:00+00:00,532.35,532.78,532.31,532.7314,25786.0
2024-12-16T13:20:00+00:00,532.1502,532.97,530.133,532.97,148506.0
2024-12-16T13:25:00+00:00,532.93,533.11,532.86,533.05,17158.0
2024-12-16T13:30:00+00:00,533.0501,533.23,533.05,533.17,38647.0
2024-12-16T13:35:00+00:00,533.15,533.4,533.15,533.25,31098.0
2024-12-16T13:40:00+00:00,532.93,533.4,532.86,533.2704,115718.0
2024-12-16T13:45:00+00:00,533.27,533.29,533.06,533.22,43434.0
2024-12-16T13:50:00+00:00,533.27,533.38,533.24,533.35,19906.0
2024-12-16T13:55:00+00:00,533.3,533.3,533.12,533.16,17068.0
2024-12-16T14:00:00+00:00,533.27,533.38,533.06,533.35,115117.0
2024-12-16T14:05:00+00:00,533.36,533.36,533.23,533.23,20399.0
2024-12-16T14:10:00+00:00,533.2,533.2,532.81,532.97,29964.0
2024-12-16T14:15:00+00:00,533.05,533.11,532.81,532.93,28795.0
2024-12-16T14:20:00+00:00,533.36,533.36,532.81,533.04,96496.0
2024-12-16T14:25:00+00:00,533.0,533.05,532.87,532.87,8728.0
2024-12-16T14:30:00+00:00,532.85,533.0304,532.6,533.0304,66532.0
2024-12-16T14:35:00+00:00,533.08,533.995,533.0,533.63,1122081.0
2024-12-16T14:40:00+00:00,533.0,533.995,532.6,533.93,1713173.0
2024-12-16T14:45:00+00:00,533.92,534.38,533.19,533.42,543994.0
2024-12-16T14:50:00+00:00,533.5,534.22,533.34,534.16,416300.0
2024-12-16T14:55:00+00:00,534.14,534.78,533.66,534.7675,456334.0
2024-12-16T15:00:00+00:00,533.92,534.85,533.19,534.83,1922243.0
2024-12-16T15:05:00+00:00,534.85,535.34,534.6838,535.27,558479.0
2024-12-16T15:10:00+00:00,535.2601,535.2601,534.78,534.99,377962.0
2024-12-16T15:15:00+00:00,534.98,535.2,534.68,534.89,250971.0
2024-12-16T15:20:00+00:00,534.85,535.34,534.25,534.3201,1471597.0
2024-12-16T15:25:00+00:00,534.3,534.96,533.78,534.91,451291.0
2024-12-16T15:30:00+00:00,534.9,535.4,534.87,535.38,274501.0
2024-12-16T15:35:00+00:00,535.38,535.92,535.09,535.88,276882.0
