ts,open,high,low,close,volume
2026-06-01T08:05:00+00:00,68.54,68.72,68.1139,68.42,141720.77715600003
2026-06-01T08:10:00+00:00,68.32,68.57,68.2,68.47,10835.096300000001
2026-06-01T08:15:00+00:00,68.282,68.4,68.282,68.36,9197.968267
2026-06-01T08:20:00+00:00,68.28,68.28,68.2,68.21,6380.233904000001
2026-06-01T08:25:00+00:00,68.23,68.27,68.19,68.23,5333.934227000001
2026-06-01T08:30:00+00:00,68.3,68.36,68.3,68.3022,9781.459684
2026-06-01T08:35:00+00:00,68.28,68.28,68.18,68.23,20839.15987
2026-06-01T08:40:00+00:00,68.32,68.32,68.24,68.2827,1269.186331
2026-06-01T08:45:00+00:00,68.29,68.51,68.29,68.48,6055.610492
2026-06-01T08:50:00+00:00,68.51,68.5444,68.46,68.5,10894.526506
2026-06-01T08:55:00+00:00,68.38,68.43,68.38,68.43,1352.0
2026-06-01T09:00:00+00:00,68.41,68.41,68.33,68.4,790.558481
2026-06-01T09:05:00+00:00,68.5,68.6,68.5,68.55,55511.995792
2026-06-01T09:10:00+00:00,68.58,68.58,68.53,68.57,2519.066913
2026-06-01T09:15:00+00:00,68.55,68.6,68.54,68.55,10480.0
2026-06-01T09:20:00+00:00,68.6,68.97,68.59,68.97,47800.813582999996
2026-06-01T09:25:00+00:00,68.97,68.99,68.6642,68.731,9058.439048
2026-06-01T09:30:00+00:00,68.67,68.7504,68.6,68.61,3271.91333
2026-06-01T09:35:00+00:00,68.58,68.58,68.54,68.57,1951.354763
2026-06-01T09:40:00+00:00,68.5242,68.59,68.5242,68.55,2247.046652
2026-06-01T09:45:00+00:00,68.55,68.61,68.55,68.57,1471.889756
2026-06-01T09:50:00+00:00,68.5,68.5,68.44,68.49,4790.231286
2026-06-01T09:55:00+00:00,68.45,68.5,68.41,68.49,4465.711873
2026-06-01T10:00:00+00:00,68.49,68.5,68.42,68.42,1073.0
2026-06-01T10:05:00+00:00,68.48,68.55,68.45,68.52,1831.111665
2026-06-01T10:10:00+00:00,68.53,68.6997,68.53,68.64,6941.463382
2026-06-01T10:15:00+00:00,68.65,68.69,68.63,68.69,2694.0334059999996
2026-06-01T10:20:00+00:00,68.66,68.66,68.6,68.6,724.582003
2026-06-01T10:25:00+00:00,68.64,68.65,68.56,68.56,2176.218684
2026-06-01T10:30:00+00:00,68.68,68.68,68.61,68.61,1831.0
2026-06-01T10:35:00+00:00,68.65,68.69,68.65,68.69,962.971467
2026-06-01T10:40:00+00:00,68.7,68.72,68.55,68.55,6853.051195999999
2026-06-01T10:45:00+00:00,68.63,68.63,68.6205,68.6205,534.0
2026-06-01T10:50:00+00:00,68.62,68.64,68.6,68.6,1404.020259
2026-06-01T10:55:00+00:00,68.52,68.57,68.49,68.5,2679.651403
2026-06-01T11:00:00+00:00,68.54,68.54,68.51,68.51,4916.523924
2026-06-01T11:05:00+00:00,68.49,68.53,68.35,68.35,20343.099434
2026-06-01T11:10:00+00:00,68.3217,68.46,68.3217,68.46,6113.585801
2026-06-01T11:15:00+00:00,68.48,68.51,68.47,68.48,7767.223449
2026-06-01T11:20:00+00:00,68.51,68.62,68.4611,68.62,4278.442788
2026-06-01T11:25:00+00:00,68.6,68.62,68.56,68.56,18757.439185
2026-06-01T11:30:00+00:00,68.53,68.64,68.53,68.64,3243.474403
2026-06-01T11:35:00+00:00,68.63,68.63,68.53,68.53,3295.934209
2026-06-01T11:40:00+00:00,68.57,68.65,68.56,68.65,4342.969145
2026-06-01T11:45:00+00:00,68.63,68.63,68.5,68.5,5119.337482
2026-06-01T11:50:00+00:00,68.5,68.54,68.49,68.53,2104.050519
2026-06-01T11:55:00+00:00,68.52,68.5414,68.45,68.46,9685.211937
2026-06-01T12:00:00+00:00,68.4204,68.5,68.4204,68.5,7236.942449
2026-06-01T12:05:00+00:00,68.46,68.51,68.42,68.48,13900.604221
2026-06-01T12:10:00+00:00,68.49,68.54,68.47,68.47,54078.29802
2026-06-01T12:15:00+00:00,68.47,68.5,68.23,68.23,16321.352527000001
2026-06-01T12:20:00+00:00,68.27,68.34,68.18,68.23,19396.231796
2026-06-01T12:25:00+00:00,68.22,68.29,68.14,68.26,13305.920656
2026-06-01T12:30:00+00:00,68.3,68.42,68.3,68.3857,12980.299576
2026-06-01T12:35:00+00:00,68.27,68.2868,68.15,68.2258,14326.267758
2026-06-01T12:40:00+00:00,68.23,68.4,68.23,68.4,10096.666511
2026-06-01T12:45:00+00:00,68.387,68.5,68.27,68.49,13290.955408
2026-06-01T12:50:00+00:00,68.5,68.61,68.49,68.59,33189.502758999995
2026-06-01T12:55:00+00:00,68.62,68.63,68.5614,68.6263,6797.400344
2026-06-01T13:00:00+00:00,68.62,68.6358,68.5,68.6,6473.9627949999995
2026-06-01T13:05:00+00:00,68.49,68.6115,68.4,68.53,20811.375869
2026-06-01T13:10:00+00:00,68.53,68.5593,68.42,68.51,7132.386033
2026-06-01T13:15:00+00:00,68.49,68.49,67.74,67.98,115661.240482
2026-06-01T13:20:00+00:00,67.96,68.14,67.91,67.97,27132.497758
2026-06-01T13:25:00+00:00,67.96,67.96,67.38,67.5058,106277.463517
2026-06-01T13:30:00+00:00,67.54,67.56,67.4,67.49,43259.698319999996
2026-06-01T13:35:00+00:00,67.49,67.6,67.3,67.42,626309.422497
2026-06-01T13:40:00+00:00,67.415,67.7,67.29,67.5601,480162.44750999997
2026-06-01T13:45:00+00:00,67.57,67.59,67.36,67.415,324326.17619200004
2026-06-01T13:50:00+00:00,67.405,67.525,67.3,67.34,918615.142346
2026-06-01T13:55:00+00:00,67.34,67.4,66.95,67.05,560358.4930049999
2026-06-01T14:00:00+00:00,67.04,67.0501,66.815,66.88,325217.833216
2026-06-01T14:05:00+00:00,66.87,66.99,66.8,66.93,321798.014824
2026-06-01T14:10:00+00:00,66.94,67.2705,66.87,67.235,309524.600878
2026-06-01T14:15:00+00:00,67.235,67.32,67.11,67.295,253464.69574800003
2026-06-01T14:20:00+00:00,67.295,67.405,67.02,67.155,429268.322715
2026-06-01T14:25:00+00:00,67.15,67.29,67.11,67.17,136084.484871
2026-06-01T14:30:00+00:00,67.179,67.25,67.03,67.245,223339.212244
2026-06-01T14:35:00+00:00,67.24,67.41,67.19,67.305,163176.533964
2026-06-01T14:40:00+00:00,67.33,67.39,67.2,67.29,148764.383296
2026-06-01T14:45:00+00:00,67.29,67.42,67.29,67.38,83769.124021
2026-06-01T14:50:00+00:00,67.39,67.425,67.22,67.25,182012.11164699998
2026-06-01T14:55:00+00:00,67.26,67.265,67.07,67.185,147132.061956
2026-06-01T15:00:00+00:00,67.18,67.23,67.11,67.23,78317.43866
2026-06-01T15:05:00+00:00,67.23,67.35,67.185,67.31,136381.903487
2026-06-01T15:10:00+00:00,67.3,67.53,67.07,67.42,291262.990032
2026-06-01T15:15:00+00:00,67.41,67.5,67.38,67.48,78747.005315
2026-06-01T15:20:00+00:00,67.4731,67.495,67.355,67.4435,190827.27907699998
2026-06-01T15:25:00+00:00,67.46,67.5,67.45,67.4602,132577.035741
2026-06-01T15:30:00+00:00,67.4661,67.595,67.425,67.53,121221.73995700001
2026-06-01T15:35:00+00:00,67.52,67.96,67.52,67.9293,548225.068615
2026-06-01T15:40:00+00:00,67.94,68.06,67.87,67.95,253902.525228
2026-06-01T15:45:00+00:00,67.955,67.96,67.76,67.79,193960.91250900002
2026-06-01T15:50:00+00:00,67.815,67.855,67.69,67.73,104944.534301
2026-06-01T15:55:00+00:00,67.725,67.77,67.68,67.685,117150.748145
2026-06-01T16:00:00+00:00,67.69,67.77,67.68,67.749,99101.03208100001
2026-06-01T16:05:00+00:00,67.74,67.92,67.74,67.775,232404.336147
2026-06-01T16:10:00+00:00,67.78,67.8,67.63,67.645,132365.95275799997
2026-06-01T16:15:00+00:00,67.63,67.641,67.51,67.6,164002.339983
2026-06-01T16:20:00+00:00,67.5902,67.605,67.47,67.555,201554.58408
2026-06-01T16:25:00+00:00,67.565,67.6,67.52,67.5942,62636.205056
2026-06-01T16:30:00+00:00,67.59,67.63,67.525,67.595,86422.01077
2026-06-01T16:35:00+00:00,67.61,67.68,67.56,67.5958,142263.910545
2026-06-01T16:40:00+00:00,67.585,67.64,67.55,67.585,82781.703262
2026-06-01T16:45:00+00:00,67.588,67.59,67.4901,67.499,68823.950971
2026-06-01T16:50:00+00:00,67.5,67.65,67.485,67.65,62453.932637
2026-06-01T16:55:00+00:00,67.66,67.87,67.635,67.845,135984.617834
2026-06-01T17:00:00+00:00,67.84,67.89,67.8002,67.815,141141.728255
2026-06-01T17:05:00+00:00,67.82,67.87,67.72,67.79,198699.478699
2026-06-01T17:10:00+00:00,67.795,67.81,67.76,67.765,72736.869787
2026-06-01T17:15:00+00:00,67.77,67.82,67.77,67.82,99609.776701
2026-06-01T17:20:00+00:00,67.825,67.83,67.76,67.81,61689.581808
2026-06-01T17:25:00+00:00,67.81,67.84,67.76,67.81,109894.78227299999
2026-06-01T17:30:00+00:00,67.815,68.0,67.715,68.0,167253.373042
2026-06-01T17:35:00+00:00,68.0,68.065,67.85,67.855,273653.2369
2026-06-01T17:40:00+00:00,67.86,67.955,67.85,67.875,122677.919947
2026-06-01T17:45:00+00:00,67.88,68.19,67.88,68.09,281979.555575
2026-06-01T17:50:00+00:00,68.085,68.18,68.085,68.09,173054.47020099996
2026-06-01T17:55:00+00:00,68.105,68.2199,68.075,68.2199,212933.240783
2026-06-01T18:00:00+00:00,68.215,68.235,68.14,68.14,102515.748008
2026-06-01T18:05:00+00:00,68.15,68.19,68.05,68.06,303237.730563
2026-06-01T18:10:00+00:00,68.06,68.115,68.04,68.11,144752.981148
2026-06-01T18:15:00+00:00,68.12,68.13,68.01,68.025,72380.487588
2026-06-01T18:20:00+00:00,68.025,68.1,67.985,68.07,94162.029327
2026-06-01T18:25:00+00:00,68.07,68.1,68.0401,68.0401,62426.091928999995
2026-06-01T18:30:00+00:00,68.0444,68.0499,67.9838,67.995,114836.66642000001
2026-06-01T18:35:00+00:00,68.0,68.0,67.915,67.92,68323.866813
2026-06-01T18:40:00+00:00,67.92,67.96,67.91,67.925,53874.115709000005
2026-06-01T18:45:00+00:00,67.925,68.05,67.92,68.05,73193.289872
2026-06-01T18:50:00+00:00,68.049,68.08,68.0314,68.08,72161.34863400001
2026-06-01T18:55:00+00:00,68.0801,68.1,68.0617,68.075,38522.946415
2026-06-01T19:00:00+00:00,68.075,68.1001,68.0301,68.035,80396.511841
2026-06-01T19:05:00+00:00,68.04,68.05,67.9502,67.98,110449.930699
2026-06-01T19:10:00+00:00,67.975,67.9993,67.8999,67.915,126433.00590400002
2026-06-01T19:15:00+00:00,67.9193,67.9801,67.885,67.89,100485.309135
2026-06-01T19:20:00+00:00,67.89,67.9,67.865,67.87,73735.762878
2026-06-01T19:25:00+00:00,67.88,67.8866,67.85,67.855,85363.712421
2026-06-01T19:30:00+00:00,67.8555,67.88,67.82,67.829,51715.490028
2026-06-01T19:35:00+00:00,67.825,67.87,67.805,67.825,133501.28963299998
2026-06-01T19:40:00+00:00,67.825,67.84,67.76,67.815,220114.40041400003
2026-06-01T19:45:00+00:00,67.815,67.8258,67.77,67.78,89521.36290200001
2026-06-01T19:50:00+00:00,67.775,67.8,67.72,67.7301,318333.86899600003
2026-06-01T19:55:00+00:00,67.74,67.745,67.645,67.66,258734.92011400004
2026-06-01T20:00:00+00:00,67.66,67.71,67.61,67.67,401932.840876
2026-06-01T20:05:00+00:00,67.67,67.7895,67.67,67.74,19743.258599000004
2026-06-01T20:10:00+00:00,67.7504,67.7504,67.69,67.7101,12688.016194
2026-06-01T20:15:00+00:00,67.73,67.73,67.69,67.71,6393.8365459999995
2026-06-01T20:20:00+00:00,67.681,67.7,67.663,67.6639,3058.4973259999997
2026-06-01T20:25:00+00:00,67.68,67.69,67.67,67.67,1901.414776
2026-06-01T20:30:00+00:00,67.67,67.6878,67.65,67.6512,6806.725707
2026-06-01T20:35:00+00:00,67.65,68.433,67.65,67.7,704316.7929420001
2026-06-01T20:40:00+00:00,67.6994,67.71,67.6862,67.7094,2317.79056
2026-06-01T20:45:00+00:00,67.71,67.73,67.71,67.72,1268.766686
2026-06-01T20:50:00+00:00,67.69,67.69,67.66,67.68,2583.367467
2026-06-01T20:55:00+00:00,67.68,67.71,67.68,67.7,1791.345086
2026-06-01T21:00:00+00:00,67.67,67.67,67.65,67.65,266.756108
2026-06-01T21:05:00+00:00,67.72,67.72,67.7,67.7,970.283564
2026-06-01T21:10:00+00:00,67.73,67.73,67.73,67.73,649.1
2026-06-01T21:15:00+00:00,67.7003,67.7101,67.7,67.7101,783.547495
2026-06-01T21:20:00+00:00,67.7193,67.76,67.71,67.76,1091.1
2026-06-01T21:25:00+00:00,67.7748,67.7748,67.7397,67.7397,4594.0
2026-06-01T21:30:00+00:00,67.7199,67.75,67.7199,67.75,673.688895
2026-06-01T21:35:00+00:00,67.72,67.72,67.72,67.72,213.384255
2026-06-01T21:40:00+00:00,67.7934,67.7934,67.716,67.716,1164.394288
2026-06-01T21:45:00+00:00,67.72,67.75,67.72,67.7201,1579.7860409999998
2026-06-01T21:50:00+00:00,67.72,67.72,67.72,67.72,1385.318107
2026-06-01T21:55:00+00:00,67.72,67.75,67.72,67.75,3884.8269040000005
2026-06-01T22:00:00+00:00,67.8101,67.8101,67.78,67.78,805.0
2026-06-01T22:05:00+00:00,67.77,67.77,67.67,67.69,3622.5297299999997
2026-06-01T22:10:00+00:00,67.6601,67.67,67.62,67.62,3500.805405
2026-06-01T22:15:00+00:00,67.64,67.68,67.64,67.6573,1178.095088
2026-06-01T22:20:00+00:00,67.739,67.739,67.739,67.739,311.0
2026-06-01T22:30:00+00:00,67.63,67.65,67.63,67.64,1217.435548
2026-06-01T22:35:00+00:00,67.67,67.67,67.64,67.6467,1187.824202
2026-06-01T22:40:00+00:00,67.68,67.75,67.68,67.75,846.0
2026-06-01T22:45:00+00:00,67.76,67.76,67.71,67.74,914.4661229999999
2026-06-01T22:50:00+00:00,67.68,67.804,67.68,67.7417,9032.00059
2026-06-01T22:55:00+00:00,67.82,67.82,67.74,67.79,2522.262338
2026-06-01T23:00:00+00:00,67.7977,67.7977,67.7948,67.7948,307.0
2026-06-01T23:05:00+00:00,67.79,67.79,67.73,67.78,2827.347389
2026-06-01T23:10:00+00:00,67.7772,67.8134,67.7772,67.8134,7138.449605
2026-06-01T23:15:00+00:00,67.8,67.8,67.8,67.8,265.368785
2026-06-01T23:20:00+00:00,67.81,67.86,67.81,67.86,2313.875573
2026-06-01T23:25:00+00:00,67.783,67.84,67.783,67.84,1139.035
2026-06-01T23:30:00+00:00,67.85,67.92,67.7881,67.92,6862.882018
2026-06-01T23:35:00+00:00,67.7936,67.93,67.7936,67.93,274.430799
2026-06-01T23:40:00+00:00,67.81,67.95,67.76,67.95,2030.589429
2026-06-01T23:45:00+00:00,67.9498,67.9498,67.8843,67.8843,622.147253
2026-06-01T23:50:00+00:00,67.8622,67.8892,67.79,67.79,8795.809984
2026-06-01T23:55:00+00:00,67.8497,67.8497,67.82,67.8207,1618.254388
2026-06-02T00:00:00+00:00,67.83,67.89,67.8,67.82,6454.062152
2026-06-02T08:05:00+00:00,69.53,69.6,68.07,69.6,343016.56724299997
2026-06-02T08:10:00+00:00,69.59,69.66,69.13,69.5556,11282.726709
2026-06-02T08:15:00+00:00,69.51,69.57,69.47,69.53,8688.216606
2026-06-02T08:20:00+00:00,69.5391,69.56,69.46,69.46,5220.761641
2026-06-02T08:25:00+00:00,69.46,69.52,69.36,69.52,13963.086385
2026-06-02T08:30:00+00:00,69.5,69.51,69.4126,69.4126,2042.56
2026-06-02T08:35:00+00:00,69.45,69.5,69.43,69.43,3051.9275000000002
2026-06-02T08:40:00+00:00,69.41,69.41,69.3,69.33,2822.1888900000004
2026-06-02T08:45:00+00:00,69.36,69.36,69.3,69.3,4072.704315
2026-06-02T08:50:00+00:00,69.3,69.32,69.26,69.27,3619.8161940000005
2026-06-02T08:55:00+00:00,69.25,69.27,69.1616,69.19,3888.420087
2026-06-02T09:00:00+00:00,69.18,69.18,69.1,69.14,8690.935
2026-06-02T09:05:00+00:00,69.1,69.1,69.0153,69.08,6219.93982
2026-06-02T09:10:00+00:00,69.13,69.2,69.13,69.13,3495.8687950000003
2026-06-02T09:15:00+00:00,69.14,69.2,69.14,69.2,1044.106455
2026-06-02T09:20:00+00:00,69.23,69.26,69.23,69.25,2929.241958
2026-06-02T09:25:00+00:00,69.22,69.24,69.05,69.08,17090.308499
2026-06-02T09:30:00+00:00,69.08,69.1,69.03,69.04,8166.35
2026-06-02T09:35:00+00:00,69.01,69.05,68.98,69.04,5172.972133
2026-06-02T09:40:00+00:00,69.03,69.03,68.99,69.0,1135.0182989999998
2026-06-02T09:45:00+00:00,68.95,69.06,68.91,69.04,5362.115437
2026-06-02T09:50:00+00:00,69.07,69.12,69.07,69.1,1118.2725500000001
2026-06-02T09:55:00+00:00,69.0994,69.13,69.09,69.13,1258.728419
2026-06-02T10:00:00+00:00,69.16,69.16,69.0,69.01,2538.60942
2026-06-02T10:05:00+00:00,68.98,68.9826,68.95,68.95,1841.009443
2026-06-02T10:10:00+00:00,69.0,69.02,68.98,69.02,1306.2000229999999
2026-06-02T10:15:00+00:00,69.08,69.08,69.05,69.06,1871.886817
2026-06-02T10:20:00+00:00,69.0,69.01,68.99,69.01,1010.0
2026-06-02T10:25:00+00:00,69.01,69.01,68.89,68.9,3180.384685
2026-06-02T10:30:00+00:00,68.9,68.9499,68.9,68.9499,1468.8462180000001
2026-06-02T10:35:00+00:00,68.95,69.0,68.95,69.0,1508.8487030000001
2026-06-02T10:40:00+00:00,68.9858,68.9858,68.97,68.97,388.0
2026-06-02T10:45:00+00:00,68.99,69.01,68.99,69.0,11433.960207
2026-06-02T10:50:00+00:00,69.03,69.05,69.0253,69.04,5679.554342
2026-06-02T10:55:00+00:00,69.05,69.05,69.0,69.04,6877.0
2026-06-02T11:00:00+00:00,69.05,69.1,69.03,69.1,2530.3643410000004
2026-06-02T11:05:00+00:00,69.09,69.11,69.0,69.03,34237.613783
2026-06-02T11:10:00+00:00,68.99,69.01,68.96,68.96,10479.993372
2026-06-02T11:15:00+00:00,69.0,69.04,68.97,68.9701,13620.352025
2026-06-02T11:20:00+00:00,68.98,68.99,68.9601,68.97,6029.235451
2026-06-02T11:25:00+00:00,68.98,69.04,68.98,69.03,5867.01782
2026-06-02T11:30:00+00:00,69.05,69.13,69.0401,69.13,9843.095747
2026-06-02T11:35:00+00:00,69.15,69.16,69.12,69.12,4735.850699
2026-06-02T11:40:00+00:00,69.11,69.12,69.03,69.0439,5756.925853000001
2026-06-02T11:45:00+00:00,69.0452,69.089,69.03,69.03,4911.9902170000005
2026-06-02T11:50:00+00:00,69.05,69.07,69.0,69.07,6367.718276
2026-06-02T11:55:00+00:00,69.1,69.12,69.08,69.09,6506.848335
2026-06-02T12:00:00+00:00,69.12,69.12,68.9886,69.01,11153.600473999999
2026-06-02T12:05:00+00:00,69.01,69.08,68.98,69.07,23564.664092
2026-06-02T12:10:00+00:00,69.04,69.05,68.97,69.021,2629.048026
2026-06-02T12:15:00+00:00,69.03,69.03,68.95,68.95,4908.224156
2026-06-02T12:20:00+00:00,68.92,69.0,68.89,68.96,16368.916476999999
2026-06-02T12:25:00+00:00,69.0,69.12,69.0,69.11,11111.325873
2026-06-02T12:30:00+00:00,69.1102,69.34,69.1102,69.33,23714.695569000003
2026-06-02T12:35:00+00:00,69.35,69.36,69.08,69.19,18914.624481
2026-06-02T12:40:00+00:00,69.17,69.35,69.07,69.14,21742.903571000003
2026-06-02T12:45:00+00:00,69.15,69.19,69.06,69.15,11954.407381
2026-06-02T12:50:00+00:00,69.1301,69.1301,69.05,69.05,10352.528016000002
2026-06-02T12:55:00+00:00,69.06,69.06,68.75,68.75,25796.088111
2026-06-02T13:00:00+00:00,68.8001,68.88,68.8,68.824,6989.533946
2026-06-02T13:05:00+00:00,68.8,69.09,68.79,69.09,15791.611227
2026-06-02T13:10:00+00:00,69.09,69.22,68.92,68.96,15344.538735
2026-06-02T13:15:00+00:00,68.9519,69.01,68.84,68.88,11499.187918
2026-06-02T13:20:00+00:00,68.9,68.9,68.68,68.73,16501.755503
2026-06-02T13:25:00+00:00,68.68,68.77,68.6,68.7261,15335.399935
2026-06-02T13:30:00+00:00,68.7,68.75,68.64,68.65,10372.49929
2026-06-02T13:35:00+00:00,68.69,68.77,68.565,68.65,552728.510996
2026-06-02T13:40:00+00:00,68.65,68.89,68.63,68.88,441687.138715
2026-06-02T13:45:00+00:00,68.87,69.03,68.85,68.88,299164.40798200003
2026-06-02T13:50:00+00:00,68.87,68.95,68.76,68.811,141991.96001900002
2026-06-02T13:55:00+00:00,68.82,68.985,68.65,68.66,168988.717584
2026-06-02T14:00:00+00:00,68.66,68.71,68.595,68.645,444172.400325
2026-06-02T14:05:00+00:00,68.645,68.715,68.445,68.62,304998.982078
2026-06-02T14:10:00+00:00,68.62,68.73,68.49,68.5284,134592.758152
2026-06-02T14:15:00+00:00,68.53,68.645,68.5,68.5607,117478.47106499999
2026-06-02T14:20:00+00:00,68.565,68.59,68.17,68.27,326977.251298
2026-06-02T14:25:00+00:00,68.29,68.3799,68.05,68.13,237275.278674
2026-06-02T14:30:00+00:00,68.13,68.35,68.09,68.24,176635.222923
2026-06-02T14:35:00+00:00,68.25,68.48,68.25,68.47,185223.909517
2026-06-02T14:40:00+00:00,68.46,68.595,68.445,68.545,168950.15487499998
2026-06-02T14:45:00+00:00,68.56,68.635,68.54,68.595,110565.94599
2026-06-02T14:50:00+00:00,68.605,68.67,68.5,68.545,139692.518804
2026-06-02T14:55:00+00:00,68.5465,68.56,68.4601,68.5501,90505.50489899999
2026-06-02T15:00:00+00:00,68.555,68.555,68.415,68.485,140533.010095
2026-06-02T15:05:00+00:00,68.4917,68.63,68.485,68.515,68293.247235
2026-06-02T15:10:00+00:00,68.525,68.73,68.47,68.69,104494.310079
2026-06-02T15:15:00+00:00,68.7,68.7,68.585,68.61,167218.460521
2026-06-02T15:20:00+00:00,68.62,68.6657,68.59,68.6439,67563.777841
2026-06-02T15:25:00+00:00,68.64,68.73,68.6388,68.73,57986.262263
2026-06-02T15:30:00+00:00,68.735,68.755,68.58,68.675,110715.82036499999
2026-06-02T15:35:00+00:00,68.675,68.69,68.595,68.68,83930.839848
2026-06-02T15:40:00+00:00,68.685,68.78,68.685,68.69,70851.273758
2026-06-02T15:45:00+00:00,68.705,68.72,68.625,68.6501,60413.818269999996
2026-06-02T15:50:00+00:00,68.65,68.7362,68.61,68.67,78441.144181
2026-06-02T15:55:00+00:00,68.675,68.675,68.524,68.54,59260.212036000004
2026-06-02T16:00:00+00:00,68.5301,68.56,68.49,68.532,62985.57762800001
2026-06-02T16:05:00+00:00,68.54,68.57,68.44,68.455,117499.96842599999
2026-06-02T16:10:00+00:00,68.47,68.57,68.415,68.54,162697.963418
2026-06-02T16:15:00+00:00,68.54,68.545,68.45,68.46,90909.26389599999
2026-06-02T16:20:00+00:00,68.465,68.47,68.34,68.345,78833.72432400001
2026-06-02T16:25:00+00:00,68.36,68.37,68.265,68.32,73970.648084
2026-06-02T16:30:00+00:00,68.315,68.329,68.19,68.24,132723.87138700002
2026-06-02T16:35:00+00:00,68.23,68.288,68.21,68.275,56793.273564
2026-06-02T16:40:00+00:00,68.27,68.29,68.13,68.165,100647.65690300001
2026-06-02T16:45:00+00:00,68.16,68.235,68.13,68.195,126418.302123
2026-06-02T16:50:00+00:00,68.19,68.33,68.17,68.3014,59743.902425
2026-06-02T16:55:00+00:00,68.304,68.36,68.242,68.26,55881.479927
2026-06-02T17:00:00+00:00,68.26,68.28,68.2,68.225,40806.513662
2026-06-02T17:05:00+00:00,68.24,68.31,68.19,68.2201,93150.180052
2026-06-02T17:10:00+00:00,68.22,68.298,68.11,68.125,160949.92568100002
2026-06-02T17:15:00+00:00,68.12,68.225,68.1,68.215,47098.937085
2026-06-02T17:20:00+00:00,68.22,68.22,68.06,68.0601,91906.25895399999
2026-06-02T17:25:00+00:00,68.05,68.135,68.04,68.06,93416.249629
2026-06-02T17:30:00+00:00,68.05,68.16,68.045,68.13,66131.384099
2026-06-02T17:35:00+00:00,68.14,68.24,68.1,68.175,90006.743918
2026-06-02T17:40:00+00:00,68.17,68.18,67.885,67.93,239658.450189
2026-06-02T17:45:00+00:00,67.93,67.98,67.86,67.93,76058.16204499999
2026-06-02T17:50:00+00:00,67.935,67.98,67.9248,67.9756,41748.736337999995
2026-06-02T17:55:00+00:00,67.9799,67.985,67.905,67.92,48786.473262
2026-06-02T18:00:00+00:00,67.92,67.94,67.89,67.935,40599.929478000005
2026-06-02T18:05:00+00:00,67.935,68.08,67.935,67.975,61838.014169999995
2026-06-02T18:10:00+00:00,67.965,68.0245,67.94,68.01,25381.947046999998
2026-06-02T18:15:00+00:00,68.01,68.02,67.9,67.935,83151.05561
2026-06-02T18:20:00+00:00,67.925,67.96,67.9,67.9299,35375.335487
2026-06-02T18:25:00+00:00,67.93,68.0,67.93,67.9934,44677.03838099999
2026-06-02T18:30:00+00:00,67.995,68.085,67.985,68.0099,58918.114871000005
2026-06-02T18:35:00+00:00,68.0001,68.03,67.9475,67.98,47545.432933
2026-06-02T18:40:00+00:00,67.959,67.961,67.87,67.8801,48196.244622
2026-06-02T18:45:00+00:00,67.87,67.88,67.63,67.685,189203.991361
2026-06-02T18:50:00+00:00,67.67,67.885,67.64,67.885,594673.791822
2026-06-02T18:55:00+00:00,67.88,68.0099,67.87,67.965,239977.026344
2026-06-02T19:00:00+00:00,67.9579,68.0,67.955,67.9764,41908.58921399999
2026-06-02T19:05:00+00:00,67.97,68.045,67.97,68.04,52536.048500000004
2026-06-02T19:10:00+00:00,68.04,68.06,68.01,68.03,55168.265457
2026-06-02T19:15:00+00:00,68.035,68.055,67.95,67.95,192092.521119
2026-06-02T19:20:00+00:00,67.94,67.98,67.87,67.8999,147053.477139
2026-06-02T19:25:00+00:00,67.895,67.91,67.875,67.885,43259.412578
2026-06-02T19:30:00+00:00,67.885,68.0,67.88,68.0,102723.31934400002
2026-06-02T19:35:00+00:00,67.991,68.02,67.915,67.94,119918.707414
2026-06-02T19:40:00+00:00,67.945,67.945,67.85,67.895,85766.643664
2026-06-02T19:45:00+00:00,67.895,67.96,67.8844,67.955,87248.713622
2026-06-02T19:50:00+00:00,67.955,67.995,67.92,67.97,102386.443078
2026-06-02T19:55:00+00:00,67.97,68.0,67.95,67.985,152298.78012100002
2026-06-02T20:00:00+00:00,67.99,68.01,67.97,67.995,272700.12127500004
2026-06-02T20:05:00+00:00,67.98,67.99,67.92,67.95,4066.524729
2026-06-02T20:10:00+00:00,67.9552,68.0148,67.9552,68.01,5791.386512
2026-06-02T20:15:00+00:00,68.0,68.06,68.0,68.02,10727.651558
2026-06-02T20:20:00+00:00,68.0416,68.07,68.04,68.0452,8469.0
2026-06-02T20:25:00+00:00,68.04,68.05,68.0169,68.05,2245.485741
2026-06-02T20:30:00+00:00,68.03,68.04,68.03,68.04,9474.74869
2026-06-02T20:35:00+00:00,68.04,68.04,68.01,68.0297,6278.4176560000005
2026-06-02T20:40:00+00:00,68.02,68.02,68.01,68.02,2925.853362
2026-06-02T20:45:00+00:00,68.02,68.02,68.0,68.0,807.040852
2026-06-02T20:50:00+00:00,68.0,68.0,67.99,67.99,1807.20001
2026-06-02T20:55:00+00:00,67.9539,67.9539,67.9539,67.9539,222.0
2026-06-02T21:00:00+00:00,67.95,67.97,67.93,67.97,4838.0
2026-06-02T21:05:00+00:00,67.9038,67.99,67.9038,67.99,1671.502759
2026-06-02T21:10:00+00:00,67.915,68.0,67.91,67.99,14878.172036
2026-06-02T21:15:00+00:00,67.99,67.99,67.9295,67.98,7372.014854999999
2026-06-02T21:20:00+00:00,67.92,68.0,67.92,67.92,1725.791886
2026-06-02T21:25:00+00:00,67.92,68.03,67.92,68.03,10469.073572
2026-06-02T21:30:00+00:00,68.01,68.0473,68.01,68.04,4459.0
2026-06-02T21:35:00+00:00,67.98,67.981,67.9786,67.9786,420.814716
2026-06-02T21:40:00+00:00,67.95,68.01,67.94,68.01,6190.968331
2026-06-02T21:45:00+00:00,68.04,68.04,67.9641,68.01,2125.0613129999997
2026-06-02T21:50:00+00:00,67.96,68.0,67.96,68.0,417.0
2026-06-02T21:55:00+00:00,67.97,67.9719,67.97,67.9701,1684.0
2026-06-02T22:00:00+00:00,67.93,67.93,67.93,67.93,417.0
2026-06-02T22:05:00+00:00,68.0,68.03,67.9337,68.0,4545.250663
2026-06-02T22:10:00+00:00,67.98,68.09,67.94,68.09,5736.896467
2026-06-02T22:15:00+00:00,68.07,68.07,68.0009,68.0009,1079.0918139999999
2026-06-02T22:20:00+00:00,68.0,68.0008,67.9686,67.9686,1887.0725200000002
2026-06-02T22:25:00+00:00,68.03,68.0718,68.0154,68.0718,871.808664
2026-06-02T22:30:00+00:00,68.01,68.01,67.94,67.99,1463.511791
2026-06-02T22:35:00+00:00,68.0,68.07,67.99,68.07,1451.205267
2026-06-02T22:40:00+00:00,67.94,67.94,67.91,67.92,11152.218986000002
2026-06-02T22:45:00+00:00,67.91,68.0,67.9,67.94,9500.27946
2026-06-02T22:50:00+00:00,67.95,67.99,67.86,67.97,11520.461253000001
2026-06-02T22:55:00+00:00,67.93,67.94,67.81,67.81,9973.489355
2026-06-02T23:00:00+00:00,67.82,67.85,67.8,67.8,8267.894534
2026-06-02T23:05:00+00:00,67.8,67.86,67.7,67.73,13457.072561
2026-06-02T23:10:00+00:00,67.8,67.8,67.71,67.71,1071.100282
2026-06-02T23:15:00+00:00,67.74,67.74,67.54,67.54,25682.793392
2026-06-02T23:20:00+00:00,67.53,67.59,67.37,67.3761,25785.315033
2026-06-02T23:25:00+00:00,67.47,67.47,67.29,67.32,21671.337627
2026-06-02T23:30:00+00:00,67.32,67.4,67.23,67.23,14957.211979
2026-06-02T23:35:00+00:00,67.4,67.4,67.21,67.32,29560.780129000002
2026-06-02T23:40:00+00:00,67.32,67.41,67.3,67.41,14281.237211
2026-06-02T23:45:00+00:00,67.4,67.68,67.39,67.68,24849.111179
2026-06-02T23:50:00+00:00,67.65,67.67,67.51,67.58,11434.101428
2026-06-02T23:55:00+00:00,67.6,67.65,67.55,67.6,10489.514539
2026-06-03T00:00:00+00:00,67.64,67.7,67.64,67.68,7455.7905900000005
2026-06-03T08:05:00+00:00,67.04,68.05,66.98,67.09,206753.708327
2026-06-03T08:10:00+00:00,67.1,67.7,66.95,67.08,14733.69799
2026-06-03T08:15:00+00:00,67.0698,67.07,67.05,67.06,3017.1
2026-06-03T08:20:00+00:00,67.08,67.1,66.99,67.06,14554.434924000001
2026-06-03T08:25:00+00:00,67.05,67.05,67.0,67.0,662.217206
2026-06-03T08:30:00+00:00,67.0,67.2,67.0,67.2,3122.3782490000003
2026-06-03T08:35:00+00:00,67.22,67.25,67.22,67.25,2822.767163
2026-06-03T08:40:00+00:00,67.21,67.21,67.21,67.21,817.0
2026-06-03T08:45:00+00:00,67.22,67.23,67.19,67.19,1034.7
2026-06-03T08:50:00+00:00,67.21,67.29,67.21,67.25,5355.467675
2026-06-03T08:55:00+00:00,67.2366,67.2366,66.99,67.08,18468.031852
2026-06-03T09:00:00+00:00,67.02,67.04,66.97,67.01,8046.332855000001
2026-06-03T09:05:00+00:00,67.02,67.16,67.02,67.15,23318.396152
2026-06-03T09:10:00+00:00,67.1976,67.35,67.19,67.34,3333.607777
2026-06-03T09:15:00+00:00,67.34,67.34,67.24,67.24,9163.255067
2026-06-03T09:20:00+00:00,67.22,67.24,67.09,67.2,36836.7
2026-06-03T09:25:00+00:00,67.22,67.22,67.06,67.12,10839.3066
2026-06-03T09:30:00+00:00,67.13,67.15,67.04,67.04,28536.740911
2026-06-03T09:35:00+00:00,67.0301,67.12,67.03,67.12,3751.104312
2026-06-03T09:40:00+00:00,67.07,67.13,67.03,67.11,4261.529888
2026-06-03T09:45:00+00:00,67.13,67.14,67.1,67.1,5700.88829
2026-06-03T09:50:00+00:00,67.03,67.06,66.99,67.06,13725.284287999999
2026-06-03T09:55:00+00:00,67.03,67.05,66.95,66.95,9818.923624000001
2026-06-03T10:00:00+00:00,66.96,66.99,66.93,66.93,4292.5560000000005
2026-06-03T10:05:00+00:00,66.91,67.08,66.9,67.08,2928.670153
2026-06-03T10:10:00+00:00,67.1,67.69,67.1,67.49,42442.493902
2026-06-03T10:15:00+00:00,67.55,67.55,67.37,67.44,18445.007743000002
2026-06-03T10:20:00+00:00,67.4,67.41,67.37,67.4004,5013.311303
2026-06-03T10:25:00+00:00,67.4,67.4,67.25,67.25,10925.205639
2026-06-03T10:30:00+00:00,67.29,67.3,67.19,67.25,5044.578682
2026-06-03T10:35:00+00:00,67.3329,67.38,67.3,67.38,7293.781959
2026-06-03T10:40:00+00:00,67.31,67.31,67.26,67.28,6443.0
2026-06-03T10:45:00+00:00,67.2996,67.2996,67.15,67.15,9935.050544999998
2026-06-03T10:50:00+00:00,67.2142,67.22,67.19,67.22,694.040714
2026-06-03T10:55:00+00:00,67.28,67.28,67.26,67.26,679.0
2026-06-03T11:00:00+00:00,67.33,67.33,67.33,67.33,108.0
2026-06-03T11:05:00+00:00,67.26,67.3126,67.21,67.31,37567.94550999999
2026-06-03T11:10:00+00:00,67.36,67.4096,67.29,67.33,12188.70306
2026-06-03T11:15:00+00:00,67.35,67.3826,67.28,67.36,7148.164935000001
2026-06-03T11:20:00+00:00,67.35,67.35,67.23,67.26,8935.581412
2026-06-03T11:25:00+00:00,67.29,67.2944,67.25,67.29,7317.875332
2026-06-03T11:30:00+00:00,67.29,67.32,67.27,67.32,6143.337108000001
2026-06-03T11:35:00+00:00,67.38,67.4,67.34,67.39,20146.587847000003
2026-06-03T11:40:00+00:00,67.41,67.43,67.36,67.37,6106.5656850000005
2026-06-03T11:45:00+00:00,67.37,67.3835,67.32,67.35,4448.020338
2026-06-03T11:50:00+00:00,67.35,67.44,67.35,67.4296,8338.855015000001
2026-06-03T11:55:00+00:00,67.45,67.47,67.4,67.41,6141.761093
2026-06-03T12:00:00+00:00,67.41,67.42,67.3899,67.4,14416.934229999999
2026-06-03T12:05:00+00:00,67.43,67.45,67.3232,67.401,8344.737857
2026-06-03T12:10:00+00:00,67.4,67.43,67.23,67.24,10793.361789
2026-06-03T12:15:00+00:00,67.24,67.29,67.24,67.25,10473.164867
2026-06-03T12:20:00+00:00,67.22,67.25,67.19,67.25,4738.660185000001
2026-06-03T12:25:00+00:00,67.23,67.44,67.23,67.35,14631.182053000002
2026-06-03T12:30:00+00:00,67.3,67.3,67.05,67.1,20023.874393
2026-06-03T12:35:00+00:00,67.1,67.13,67.01,67.05,33845.83588
2026-06-03T12:40:00+00:00,67.04,67.06,66.86,66.9199,69840.826475
2026-06-03T12:45:00+00:00,66.96,67.08,66.9,66.97,22682.640967
2026-06-03T12:50:00+00:00,66.94,67.06,66.93,67.03,49075.941776
2026-06-03T12:55:00+00:00,67.07,67.4,67.07,67.25,26807.339689
2026-06-03T13:00:00+00:00,67.22,67.22,67.06,67.11,8551.287041
2026-06-03T13:05:00+00:00,67.07,67.27,66.9974,67.22,26567.207978
2026-06-03T13:10:00+00:00,67.2377,67.35,67.2239,67.29,27829.316465999997
2026-06-03T13:15:00+00:00,67.27,67.38,67.27,67.3,12657.100712000001
2026-06-03T13:20:00+00:00,67.28,67.33,67.17,67.18,16690.503877000003
2026-06-03T13:25:00+00:00,67.1,67.18,66.91,66.91,46721.600293999996
2026-06-03T13:30:00+00:00,66.94,67.02,66.9,67.0,31810.191194000003
2026-06-03T13:35:00+00:00,67.0,67.14,66.77,66.83,660939.089404
2026-06-03T13:40:00+00:00,66.83,66.98,66.75,66.8699,430529.103837
2026-06-03T13:45:00+00:00,66.875,66.9077,66.205,66.21,640212.221379
2026-06-03T13:50:00+00:00,66.2099,66.4909,66.185,66.4345,442528.337843
2026-06-03T13:55:00+00:00,66.44,66.65,66.37,66.57,221998.89232599997
2026-06-03T14:00:00+00:00,66.58,66.76,66.58,66.73,315962.990147
2026-06-03T14:05:00+00:00,66.74,66.9101,66.61,66.64,197213.40345
2026-06-03T14:10:00+00:00,66.62,66.78,66.605,66.71,171917.182625
2026-06-03T14:15:00+00:00,66.72,66.805,66.71,66.71,121236.805039
2026-06-03T14:20:00+00:00,66.71,66.89,66.495,66.62,278754.86131099996
2026-06-03T14:25:00+00:00,66.62,66.73,66.54,66.61,223823.362112
2026-06-03T14:30:00+00:00,66.61,66.705,66.54,66.705,232523.11886199997
2026-06-03T14:35:00+00:00,66.7,66.735,66.53,66.57,158057.302353
2026-06-03T14:40:00+00:00,66.58,66.7155,66.57,66.71,73481.223629
2026-06-03T14:45:00+00:00,66.7,66.73,66.605,66.63,93061.24840299999
2026-06-03T14:50:00+00:00,66.63,66.77,66.58,66.72,90950.84336900001
2026-06-03T14:55:00+00:00,66.7002,66.94,66.655,66.905,190873.384281
2026-06-03T15:00:00+00:00,66.91,66.91,66.83,66.86,79830.754987
2026-06-03T15:05:00+00:00,66.88,66.93,66.77,66.78,85233.31721099999
2026-06-03T15:10:00+00:00,66.7701,66.775,66.585,66.59,100652.743052
2026-06-03T15:15:00+00:00,66.6,66.675,66.45,66.475,152122.196409
2026-06-03T15:20:00+00:00,66.49,66.72,66.48,66.515,262289.445279
2026-06-03T15:25:00+00:00,66.51,66.52,66.225,66.36,401198.281637
2026-06-03T15:30:00+00:00,66.35,66.455,66.23,66.435,252466.33390199998
2026-06-03T15:35:00+00:00,66.41,66.53,66.4,66.4,170293.71986500002
2026-06-03T15:40:00+00:00,66.395,66.475,66.29,66.37,202624.788234
2026-06-03T15:45:00+00:00,66.385,66.51,66.33,66.455,121670.153953
2026-06-03T15:50:00+00:00,66.45,66.48,66.325,66.39,114047.69205499999
2026-06-03T15:55:00+00:00,66.39,66.45,66.32,66.38,115033.632419
2026-06-03T16:00:00+00:00,66.375,66.43,66.37,66.395,91031.043381
2026-06-03T16:05:00+00:00,66.4,66.48,66.34,66.46,68690.474647
2026-06-03T16:10:00+00:00,66.46,66.51,66.28,66.3839,65159.96436299999
2026-06-03T16:15:00+00:00,66.37,66.41,66.35,66.35,68366.028857
2026-06-03T16:20:00+00:00,66.36,66.4003,66.27,66.37,80993.435039
2026-06-03T16:25:00+00:00,66.3699,66.425,66.24,66.28,85954.63957099999
2026-06-03T16:30:00+00:00,66.28,66.355,66.17,66.345,137335.919325
2026-06-03T16:35:00+00:00,66.34,66.45,66.31,66.45,171962.752119
2026-06-03T16:40:00+00:00,66.46,66.465,66.345,66.351,95853.180349
2026-06-03T16:45:00+00:00,66.35,66.39,66.265,66.3342,83929.27944099999
2026-06-03T16:50:00+00:00,66.334,66.37,66.145,66.22,233752.48684300002
2026-06-03T16:55:00+00:00,66.23,66.33,66.2,66.295,141067.014288
2026-06-03T17:00:00+00:00,66.295,66.45,66.285,66.43,120715.802704
2026-06-03T17:05:00+00:00,66.445,66.52,66.43,66.5,78875.164591
2026-06-03T17:10:00+00:00,66.51,66.67,66.465,66.58,111743.69675999999
2026-06-03T17:15:00+00:00,66.585,66.59,66.375,66.405,164267.470893
2026-06-03T17:20:00+00:00,66.4127,66.5,66.41,66.485,67576.949987
2026-06-03T17:25:00+00:00,66.48,66.51,66.41,66.425,78617.461911
2026-06-03T17:30:00+00:00,66.44,66.44,66.33,66.363,86554.667231
2026-06-03T17:35:00+00:00,66.36,66.418,66.2851,66.3943,62328.459782
2026-06-03T17:40:00+00:00,66.4,66.428,66.37,66.428,46714.248263
2026-06-03T17:45:00+00:00,66.425,66.47,66.42,66.42,116496.66906800002
2026-06-03T17:50:00+00:00,66.43,66.435,66.34,66.34,53346.54728
2026-06-03T17:55:00+00:00,66.35,66.39,66.15,66.22,263367.819946
2026-06-03T18:00:00+00:00,66.225,66.29,66.225,66.285,66429.807507
2026-06-03T18:05:00+00:00,66.285,66.38,66.27,66.37,67219.520967
2026-06-03T18:10:00+00:00,66.354,66.354,66.259,66.29,69458.61414699999
2026-06-03T18:15:00+00:00,66.2957,66.3101,66.215,66.26,85555.54865000001
2026-06-03T18:20:00+00:00,66.25,66.26,66.195,66.2465,177821.77677499998
2026-06-03T18:25:00+00:00,66.25,66.31,66.1,66.305,148307.268048
2026-06-03T18:30:00+00:00,66.3,66.3,66.235,66.2389,78482.542835
2026-06-03T18:35:00+00:00,66.235,66.31,66.2,66.22,110696.478896
2026-06-03T18:40:00+00:00,66.21,66.2101,66.135,66.17,109287.15335800001
2026-06-03T18:45:00+00:00,66.165,66.2,66.14,66.19,72568.548669
2026-06-03T18:50:00+00:00,66.18,66.3,66.175,66.2399,67453.591904
2026-06-03T18:55:00+00:00,66.23,66.275,66.22,66.23,55883.29416
2026-06-03T19:00:00+00:00,66.23,66.255,66.21,66.24,53546.461025000004
2026-06-03T19:05:00+00:00,66.24,66.335,66.19,66.335,105181.691163
2026-06-03T19:10:00+00:00,66.335,66.37,66.2701,66.275,62482.686458000004
2026-06-03T19:15:00+00:00,66.28,66.32,66.25,66.315,63561.417971999996
2026-06-03T19:20:00+00:00,66.31,66.47,66.3,66.44,200227.04623500002
2026-06-03T19:25:00+00:00,66.45,66.465,66.3201,66.34,67358.17672300001
2026-06-03T19:30:00+00:00,66.345,66.3556,66.28,66.34,43429.80536500001
2026-06-03T19:35:00+00:00,66.3301,66.3957,66.33,66.385,47450.252695999996
2026-06-03T19:40:00+00:00,66.39,66.42,66.38,66.4,69588.07354499999
2026-06-03T19:45:00+00:00,66.4,66.43,66.355,66.36,103048.314115
2026-06-03T19:50:00+00:00,66.35,66.35,66.29,66.32,93428.58193700001
2026-06-03T19:55:00+00:00,66.32,66.33,66.24,66.24,276135.411198
2026-06-03T20:00:00+00:00,66.23,66.2399,66.19,66.22,454320.798212
2026-06-03T20:05:00+00:00,66.21,66.22,66.14,66.17,12157.149452999998
2026-06-03T20:10:00+00:00,66.14,66.14,65.93,65.98,67825.67273800001
2026-06-03T20:15:00+00:00,66.01,66.05,65.95,66.0,7755.8926790000005
2026-06-03T20:20:00+00:00,66.0249,66.0249,65.92,65.9852,6960.395828000001
2026-06-03T20:25:00+00:00,65.99,66.01,65.99,66.01,1920.9198959999999
2026-06-03T20:30:00+00:00,66.01,66.04,66.0,66.0091,6052.5716090000005
2026-06-03T20:35:00+00:00,65.99,66.009,65.84,65.85,36636.33641
2026-06-03T20:40:00+00:00,65.87,65.8799,65.8201,65.85,6482.473689999999
2026-06-03T20:45:00+00:00,65.83,65.85,65.78,65.82,9874.251644
2026-06-03T20:50:00+00:00,65.81,65.8496,65.78,65.78,3674.113164
2026-06-03T20:55:00+00:00,65.78,65.78,65.72,65.75,18435.372739
2026-06-03T21:00:00+00:00,65.8,65.82,65.75,65.81,15725.970585000001
2026-06-03T21:05:00+00:00,65.8457,65.9,65.75,65.89,1897.782592
2026-06-03T21:10:00+00:00,65.84,65.9,65.84,65.9,5181.264809
2026-06-03T21:15:00+00:00,65.9,65.98,65.9,65.97,10586.203706
2026-06-03T21:20:00+00:00,65.93,66.02,65.93,66.01,7398.828211
2026-06-03T21:25:00+00:00,65.98,66.08,65.9201,66.08,6247.360812000001
2026-06-03T21:30:00+00:00,66.04,66.1499,65.9201,66.12,7897.026007999999
2026-06-03T21:35:00+00:00,66.0548,66.1457,66.0,66.05,7062.58615
2026-06-03T21:40:00+00:00,66.0407,66.0558,65.96,66.0,12554.576250999999
2026-06-03T21:45:00+00:00,65.97,66.04,65.97,65.99,5695.330728
2026-06-03T21:50:00+00:00,66.0399,66.07,65.98,66.07,6040.097895
2026-06-03T21:55:00+00:00,66.0709,66.12,66.07,66.07,2979.0
2026-06-03T22:00:00+00:00,66.08,66.15,66.08,66.15,7777.629192
2026-06-03T22:05:00+00:00,66.09,66.09,65.8,65.81,26638.716892999997
2026-06-03T22:10:00+00:00,65.8104,65.94,65.8,65.867,1948.604451
2026-06-03T22:15:00+00:00,65.85,65.85,65.72,65.73,12170.755296
2026-06-03T22:20:00+00:00,65.78,65.79,65.55,65.6977,30717.550032000003
2026-06-03T22:25:00+00:00,65.6,65.71,65.56,65.6983,5208.642413
2026-06-03T22:30:00+00:00,65.73,65.8,65.6801,65.7797,13830.569209
2026-06-03T22:35:00+00:00,65.7213,65.95,65.7213,65.95,7332.107214
2026-06-03T22:40:00+00:00,65.92,65.92,65.8265,65.8265,1205.896436
2026-06-03T22:45:00+00:00,65.9,65.9,65.85,65.87,5593.102008
2026-06-03T22:50:00+00:00,65.8983,65.92,65.83,65.92,1487.5037690000001
2026-06-03T22:55:00+00:00,65.94,65.94,65.94,65.94,283.002278
2026-06-03T23:00:00+00:00,65.95,66.24,65.95,66.025,6245.281177
2026-06-03T23:05:00+00:00,66.15,66.17,66.03,66.05,13759.101002000001
2026-06-03T23:10:00+00:00,66.09,66.1712,66.09,66.1712,602.0
2026-06-03T23:15:00+00:00,66.04,66.08,66.03,66.05,2352.460811
2026-06-03T23:20:00+00:00,66.11,66.11,66.02,66.08,8744.072214
2026-06-03T23:25:00+00:00,66.0404,66.15,66.0404,66.15,2131.99889
2026-06-03T23:30:00+00:00,66.12,66.15,66.12,66.15,8379.234279
2026-06-03T23:35:00+00:00,66.15,66.19,66.1023,66.18,6155.322773
2026-06-03T23:40:00+00:00,66.16,66.19,66.1,66.19,902.78
2026-06-03T23:45:00+00:00,66.11,66.19,66.11,66.19,3145.397732
2026-06-03T23:50:00+00:00,66.19,66.4,66.19,66.22,8717.240709
2026-06-03T23:55:00+00:00,66.3739,66.3959,66.19,66.26,15816.649113
2026-06-04T00:00:00+00:00,66.29,66.3,66.1234,66.1999,9287.811086
2026-06-04T08:05:00+00:00,66.21,66.83,65.95,66.28,360553.242767
2026-06-04T08:10:00+00:00,66.28,66.68,66.15,66.3,24032.589308
2026-06-04T08:15:00+00:00,66.29,66.29,66.21,66.21,1615.4175369999998
2026-06-04T08:20:00+00:00,66.28,66.28,66.21,66.22,1766.950577
2026-06-04T08:25:00+00:00,66.18,66.18,66.16,66.1626,4678.401729
2026-06-04T08:30:00+00:00,66.19,66.2736,66.19,66.2736,867.057686
2026-06-04T08:35:00+00:00,66.37,66.47,66.22,66.39,15418.493399
2026-06-04T08:40:00+00:00,66.33,66.4,66.3,66.3,11452.5
2026-06-04T08:45:00+00:00,66.31,66.31,66.29,66.29,528.0
2026-06-04T08:50:00+00:00,66.3,66.31,66.19,66.2,5670.08
2026-06-04T08:55:00+00:00,66.26,66.26,66.26,66.26,169.069656
2026-06-04T09:00:00+00:00,66.28,66.33,66.25,66.25,3828.9657079999997
2026-06-04T09:05:00+00:00,66.22,66.42,66.22,66.42,5924.02111
2026-06-04T09:10:00+00:00,66.3,66.34,66.3,66.34,2234.2090630000002
2026-06-04T09:15:00+00:00,66.34,66.34,66.23,66.23,11276.995754000001
2026-06-04T09:20:00+00:00,66.22,66.27,66.22,66.27,690.709115
2026-06-04T09:25:00+00:00,66.32,66.35,66.28,66.34,2422.8
2026-06-04T09:30:00+00:00,66.32,66.38,66.32,66.35,6150.880751000001
2026-06-04T09:35:00+00:00,66.32,66.45,66.32,66.4,4868.354472
2026-06-04T09:40:00+00:00,66.42,66.57,66.42,66.52,22960.0
2026-06-04T09:45:00+00:00,66.51,66.55,66.5,66.55,4369.944421
2026-06-04T09:50:00+00:00,66.54,66.6,66.54,66.5604,8918.314559
2026-06-04T09:55:00+00:00,66.54,66.62,66.51,66.53,17694.033072
2026-06-04T10:00:00+00:00,66.56,66.58,66.47,66.47,8359.585974
2026-06-04T10:05:00+00:00,66.45,66.48,66.43,66.4552,3428.0
2026-06-04T10:10:00+00:00,66.45,66.47,66.44,66.45,2082.9417590000003
2026-06-04T10:15:00+00:00,66.43,66.52,66.38,66.4621,3738.038864
2026-06-04T10:20:00+00:00,66.46,66.46,66.43,66.46,1431.0
2026-06-04T10:25:00+00:00,66.4118,66.4118,66.4,66.4,732.1
2026-06-04T10:30:00+00:00,66.39,66.5,66.39,66.45,2581.042581
2026-06-04T10:35:00+00:00,66.44,66.49,66.43,66.43,2044.0
2026-06-04T10:40:00+00:00,66.4,66.4,66.35,66.35,1087.325561
2026-06-04T10:45:00+00:00,66.4,66.4,66.4,66.4,753.0
2026-06-04T10:50:00+00:00,66.42,66.42,66.4,66.4,1177.057472
2026-06-04T10:55:00+00:00,66.35,66.4,66.33,66.4,6332.21016
2026-06-04T11:00:00+00:00,66.35,66.48,66.35,66.42,6019.481706
2026-06-04T11:05:00+00:00,66.44,66.47,66.37,66.46,31412.669669
2026-06-04T11:10:00+00:00,66.45,66.5,66.45,66.5,42128.173693000004
2026-06-04T11:15:00+00:00,66.49,66.52,66.43,66.43,9709.432444
2026-06-04T11:20:00+00:00,66.48,66.58,66.47,66.58,30298.850129
2026-06-04T11:25:00+00:00,66.59,66.739,66.59,66.7,14256.625815
2026-06-04T11:30:00+00:00,66.73,66.94,66.71,66.88,28578.583401
2026-06-04T11:35:00+00:00,66.88,66.93,66.7602,66.7635,15514.248220000003
2026-06-04T11:40:00+00:00,66.77,66.85,66.7,66.85,14293.201478
2026-06-04T11:45:00+00:00,66.82,66.95,66.81,66.95,16469.425663
2026-06-04T11:50:00+00:00,66.93,67.2,66.92,67.15,53929.410523
2026-06-04T11:55:00+00:00,67.17,67.3,67.1,67.29,41131.046747
2026-06-04T12:00:00+00:00,67.29,67.53,67.29,67.5199,37074.804238
2026-06-04T12:05:00+00:00,67.48,67.55,67.04,67.049,46128.42985099999
2026-06-04T12:10:00+00:00,67.06,67.2325,66.96,67.13,44261.572678
2026-06-04T12:15:00+00:00,67.15,67.15,66.98,67.06,26909.545619
2026-06-04T12:20:00+00:00,67.0987,67.13,67.0,67.06,15242.903781
2026-06-04T12:25:00+00:00,67.12,67.24,67.12,67.2,18807.295658
2026-06-04T12:30:00+00:00,67.18,67.4,67.18,67.301,23477.668916000002
2026-06-04T12:35:00+00:00,67.35,67.37,67.2426,67.28,25699.596724
2026-06-04T12:40:00+00:00,67.28,67.37,67.22,67.31,23952.29387
2026-06-04T12:45:00+00:00,67.3,67.3,67.22,67.27,14124.471010000001
2026-06-04T12:50:00+00:00,67.33,67.34,67.2991,67.34,13270.611391
2026-06-04T12:55:00+00:00,67.32,67.53,67.3199,67.46,51305.775903999995
2026-06-04T13:00:00+00:00,67.45,67.47,67.32,67.41,19867.532936000003
2026-06-04T13:05:00+00:00,67.35,67.89,67.26,67.7239,93331.336726
2026-06-04T13:10:00+00:00,67.78,67.8001,67.65,67.71,67006.354753
2026-06-04T13:15:00+00:00,67.7,67.7194,67.57,67.59,34056.980255
2026-06-04T13:20:00+00:00,67.6,67.8,67.6,67.77,30283.883079
2026-06-04T13:25:00+00:00,67.75,67.78,67.6,67.63,20472.936584
2026-06-04T13:30:00+00:00,67.5705,67.5774,67.49,67.52,21789.154888
2026-06-04T13:35:00+00:00,67.5,67.57,67.43,67.45,532681.903701
2026-06-04T13:40:00+00:00,67.45,67.6663,67.41,67.63,437855.94077000004
2026-06-04T13:45:00+00:00,67.64,67.7,67.43,67.7,288615.084204
2026-06-04T13:50:00+00:00,67.7,67.72,67.465,67.57,232155.71400100001
2026-06-04T13:55:00+00:00,67.56,67.58,67.24,67.2799,163151.94349700003
2026-06-04T14:00:00+00:00,67.285,67.46,67.2,67.2,214717.74093599996
2026-06-04T14:05:00+00:00,67.21,67.3114,67.09,67.1101,234152.653895
2026-06-04T14:10:00+00:00,67.111,67.2,66.8705,66.88,408176.0727549999
2026-06-04T14:15:00+00:00,66.89,67.02,66.8793,67.014,707446.283851
2026-06-04T14:20:00+00:00,67.02,67.13,66.9501,66.965,148916.188515
2026-06-04T14:25:00+00:00,66.97,66.985,66.82,66.93,153574.517473
2026-06-04T14:30:00+00:00,66.93,66.95,66.83,66.94,132084.55674099998
2026-06-04T14:35:00+00:00,66.95,66.97,66.81,66.96,138187.55066
2026-06-04T14:40:00+00:00,66.95,66.95,66.73,66.86,246585.118998
2026-06-04T14:45:00+00:00,66.85,66.89,66.72,66.79,141689.99495700002
2026-06-04T14:50:00+00:00,66.8,66.8126,66.54,66.565,163685.131063
2026-06-04T14:55:00+00:00,66.555,66.635,66.2,66.34,440771.767114
2026-06-04T15:00:00+00:00,66.34,66.47,66.29,66.465,181929.70691200002
2026-06-04T15:05:00+00:00,66.46,66.6,66.415,66.57,119923.539422
2026-06-04T15:10:00+00:00,66.57,66.645,66.49,66.585,95140.23972600001
2026-06-04T15:15:00+00:00,66.595,66.715,66.58,66.69,157979.347879
2026-06-04T15:20:00+00:00,66.68,66.705,66.62,66.665,62842.053245
2026-06-04T15:25:00+00:00,66.665,66.665,66.58,66.58,77020.57584599999
2026-06-04T15:30:00+00:00,66.57,66.61,66.535,66.595,45007.45995
2026-06-04T15:35:00+00:00,66.6,66.7,66.59,66.7,139952.188288
2026-06-04T15:40:00+00:00,66.7,66.8061,66.67,66.791,74348.063308
2026-06-04T15:45:00+00:00,66.7937,66.7937,66.67,66.72,91025.20242100001
2026-06-04T15:50:00+00:00,66.72,66.75,66.661,66.695,69495.208762
2026-06-04T15:55:00+00:00,66.69,66.8,66.685,66.7799,43562.541419
2026-06-04T16:00:00+00:00,66.771,66.81,66.725,66.79,115162.75114000001
2026-06-04T16:05:00+00:00,66.795,66.845,66.765,66.795,84293.26386199999
2026-06-04T16:10:00+00:00,66.79,66.9093,66.75,66.875,69176.860932
2026-06-04T16:15:00+00:00,66.8801,66.8801,66.7801,66.795,43301.539174
2026-06-04T16:20:00+00:00,66.795,66.845,66.76,66.785,176828.746671
2026-06-04T16:25:00+00:00,66.78,66.87,66.745,66.866,49475.570174
2026-06-04T16:30:00+00:00,66.864,66.87,66.8,66.8,39081.672918
2026-06-04T16:35:00+00:00,66.81,66.835,66.72,66.755,105076.66454400001
2026-06-04T16:40:00+00:00,66.76,66.78,66.73,66.75,29482.5604
2026-06-04T16:45:00+00:00,66.75,66.818,66.74,66.795,36481.63663
2026-06-04T16:50:00+00:00,66.8,66.83,66.755,66.79,43698.110768
2026-06-04T16:55:00+00:00,66.785,66.83,66.75,66.795,38253.663626
2026-06-04T17:00:00+00:00,66.79,66.835,66.7514,66.785,171180.415141
2026-06-04T17:05:00+00:00,66.76,66.845,66.725,66.83,49999.888666
2026-06-04T17:10:00+00:00,66.8389,66.86,66.795,66.795,102706.13694
2026-06-04T17:15:00+00:00,66.8,66.81,66.6801,66.695,66019.510492
2026-06-04T17:20:00+00:00,66.695,66.695,66.58,66.65,141047.823947
2026-06-04T17:25:00+00:00,66.65,66.7,66.58,66.68,150700.357544
2026-06-04T17:30:00+00:00,66.69,66.79,66.69,66.775,131356.660698
2026-06-04T17:35:00+00:00,66.79,66.985,66.775,66.9399,166638.440872
2026-06-04T17:40:00+00:00,66.94,66.97,66.875,66.885,76064.39003200001
2026-06-04T17:45:00+00:00,66.8799,66.91,66.86,66.875,77886.88930800001
2026-06-04T17:50:00+00:00,66.88,66.8998,66.83,66.86,75016.760649
2026-06-04T17:55:00+00:00,66.86,66.93,66.84,66.84,114639.759625
2026-06-04T18:00:00+00:00,66.85,66.8699,66.83,66.8536,38038.670736
2026-06-04T18:05:00+00:00,66.86,66.99,66.82,66.825,124327.474987
2026-06-04T18:10:00+00:00,66.83,66.83,66.78,66.801,24569.695631000002
2026-06-04T18:15:00+00:00,66.81,66.98,66.8011,66.95,126114.85723
2026-06-04T18:20:00+00:00,66.945,66.985,66.92,66.97,66731.21667200001
2026-06-04T18:25:00+00:00,66.97,67.0199,66.94,66.9999,47072.623726000005
2026-06-04T18:30:00+00:00,66.99,67.01,66.885,66.915,52132.776248
2026-06-04T18:35:00+00:00,66.91,66.92,66.76,66.7741,87098.041224
2026-06-04T18:40:00+00:00,66.77,66.8199,66.76,66.805,47535.334573
2026-06-04T18:45:00+00:00,66.795,66.825,66.7717,66.81,34632.321511
2026-06-04T18:50:00+00:00,66.82,66.86,66.81,66.8299,66192.055821
2026-06-04T18:55:00+00:00,66.83,66.94,66.83,66.88,51127.219581
2026-06-04T19:00:00+00:00,66.88,66.925,66.84,66.89,52830.313393000004
2026-06-04T19:05:00+00:00,66.9,67.015,66.899,66.955,63858.064157999994
2026-06-04T19:10:00+00:00,66.955,66.955,66.895,66.915,34491.38582
2026-06-04T19:15:00+00:00,66.92,66.92,66.83,66.875,97268.12794600001
2026-06-04T19:20:00+00:00,66.875,66.925,66.86,66.915,46357.535755
2026-06-04T19:25:00+00:00,66.915,66.945,66.905,66.92,34871.849448
2026-06-04T19:30:00+00:00,66.9201,66.9656,66.92,66.96,52032.033347000004
2026-06-04T19:35:00+00:00,66.965,66.98,66.945,66.96,42579.455567
2026-06-04T19:40:00+00:00,66.9539,67.035,66.915,67.025,131542.03792099998
2026-06-04T19:45:00+00:00,67.02,67.045,66.985,67.0,113408.821773
2026-06-04T19:50:00+00:00,67.005,67.015,66.92,66.955,99045.653934
2026-06-04T19:55:00+00:00,66.96,66.97,66.92,66.94,127177.35201999999
2026-06-04T20:00:00+00:00,66.93,67.01,66.925,66.98,213574.920526
2026-06-04T20:05:00+00:00,66.98,66.99,66.93,66.94,39093.90404
2026-06-04T20:10:00+00:00,66.95,66.97,66.92,66.97,3591.149354
2026-06-04T20:15:00+00:00,66.92,66.93,66.88,66.93,2049.048696
2026-06-04T20:20:00+00:00,66.91,66.93,66.88,66.9,11310.846676000001
2026-06-04T20:25:00+00:00,66.9,66.9094,66.85,66.9094,17105.702149999997
2026-06-04T20:30:00+00:00,66.85,66.8992,66.85,66.8992,1318.203725
2026-06-04T20:35:00+00:00,66.87,66.88,66.8305,66.85,3803.519577
2026-06-04T20:40:00+00:00,66.86,66.86,66.81,66.8125,2317.4479229999997
2026-06-04T20:45:00+00:00,66.89,66.9,66.82,66.82,2161.683417
2026-06-04T20:50:00+00:00,66.83,66.831,66.81,66.8215,1965.0
2026-06-04T20:55:00+00:00,66.8008,66.9,66.8008,66.9,5249.865624999999
2026-06-04T21:00:00+00:00,66.85,66.8507,66.82,66.83,2424.089759
2026-06-04T21:05:00+00:00,66.84,66.9,66.84,66.9,6171.0
2026-06-04T21:10:00+00:00,66.9,66.9,66.8304,66.8304,490.788979
2026-06-04T21:15:00+00:00,66.9,66.9,66.89,66.89,1539.014956
2026-06-04T21:20:00+00:00,66.8896,66.8896,66.8896,66.8896,355.0
2026-06-04T21:30:00+00:00,66.8417,66.9,66.8417,66.9,1314.0
2026-06-04T21:40:00+00:00,66.8416,66.85,66.84,66.84,3563.370855
2026-06-04T21:45:00+00:00,66.85,66.9066,66.85,66.9066,353.0
2026-06-04T21:50:00+00:00,66.85,66.85,66.85,66.85,2027.99481
2026-06-04T21:55:00+00:00,66.851,66.8516,66.851,66.8516,679.771683
2026-06-04T22:00:00+00:00,66.8616,66.91,66.86,66.91,6375.420001
2026-06-04T22:05:00+00:00,66.86,66.86,66.8311,66.8311,4579.766734
2026-06-04T22:10:00+00:00,66.82,66.83,66.81,66.81,2379.4581319999998
2026-06-04T22:15:00+00:00,66.83,66.87,66.81,66.87,1532.0
2026-06-04T22:20:00+00:00,66.87,66.89,66.831,66.89,3776.604364
2026-06-04T22:25:00+00:00,66.9,66.92,66.8813,66.8813,2089.05604
2026-06-04T22:30:00+00:00,66.88,66.9,66.8468,66.9,1754.0
2026-06-04T22:35:00+00:00,66.92,66.93,66.88,66.88,2294.251031
2026-06-04T22:45:00+00:00,66.93,66.93,66.85,66.85,3980.029481
2026-06-04T22:50:00+00:00,66.8666,66.8666,66.8666,66.8666,203.0
2026-06-04T22:55:00+00:00,66.91,66.94,66.9,66.9,2455.818212
2026-06-04T23:00:00+00:00,66.86,66.9,66.83,66.89,2471.29867
2026-06-04T23:05:00+00:00,66.83,66.88,66.75,66.88,3642.673919
2026-06-04T23:10:00+00:00,66.89,66.95,66.89,66.94,2109.915819
2026-06-04T23:15:00+00:00,66.97,67.05,66.8912,66.95,6265.851225
2026-06-04T23:20:00+00:00,66.97,66.97,66.9608,66.9609,688.746943
2026-06-04T23:25:00+00:00,66.9,66.96,66.813,66.88,3540.907417
2026-06-04T23:35:00+00:00,66.8702,66.8702,66.81,66.81,2939.524881
2026-06-04T23:40:00+00:00,66.8348,66.8348,66.78,66.78,3477.245105
2026-06-04T23:45:00+00:00,66.805,66.82,66.77,66.77,2510.500149
2026-06-04T23:50:00+00:00,66.8,66.8,66.7601,66.8,1073.114383
2026-06-04T23:55:00+00:00,66.7903,66.9358,66.7742,66.87,3849.741031
2026-06-05T00:00:00+00:00,66.7349,66.7822,66.73,66.78,1808.97307
2026-06-05T08:05:00+00:00,65.71,65.88,64.49,65.56,348849.476003
2026-06-05T08:10:00+00:00,65.58,65.74,65.51,65.66,15482.849926
2026-06-05T08:15:00+00:00,65.56,65.58,65.5,65.52,8229.537827
2026-06-05T08:20:00+00:00,65.51,65.67,65.5,65.66,14403.891980999999
2026-06-05T08:25:00+00:00,65.64,65.74,65.64,65.7,8251.6989
2026-06-05T08:30:00+00:00,65.72,65.78,65.65,65.78,13065.42693
2026-06-05T08:35:00+00:00,65.77,65.82,65.74,65.756,3984.4910409999998
2026-06-05T08:40:00+00:00,65.72,65.72,65.62,65.63,6753.117306
2026-06-05T08:45:00+00:00,65.65,65.65,65.62,65.65,5597.2
2026-06-05T08:50:00+00:00,65.63,65.66,65.63,65.66,3417.01693
2026-06-05T08:55:00+00:00,65.64,65.65,65.6017,65.63,10006.772965
2026-06-05T09:00:00+00:00,65.62,65.68,65.6,65.65,12398.905071000001
2026-06-05T09:05:00+00:00,65.6,65.68,65.57,65.63,7555.954919
2026-06-05T09:10:00+00:00,65.64,65.71,65.63,65.66,6080.694277
2026-06-05T09:15:00+00:00,65.65,65.96,65.63,65.77,24696.424019
2026-06-05T09:20:00+00:00,65.81,65.9,65.74,65.85,14800.2
2026-06-05T09:25:00+00:00,65.86,65.91,65.78,65.78,4350.7940690000005
2026-06-05T09:30:00+00:00,65.78,65.79,65.7,65.7041,10628.029962
2026-06-05T09:35:00+00:00,65.72,65.85,65.66,65.76,5995.23111
2026-06-05T09:40:00+00:00,65.76,65.76,65.71,65.75,8458.082549
2026-06-05T09:45:00+00:00,65.74,65.78,65.74,65.77,4085.835168
2026-06-05T09:50:00+00:00,65.77,65.86,65.77,65.78,10590.558422
2026-06-05T09:55:00+00:00,65.77,65.8,65.76,65.77,6949.562575
2026-06-05T10:00:00+00:00,65.75,65.8,65.75,65.8,12827.128118
2026-06-05T10:05:00+00:00,65.81,65.81,65.78,65.79,9697.229213
2026-06-05T10:10:00+00:00,65.75,65.75,65.73,65.74,1964.665502
2026-06-05T10:15:00+00:00,65.77,65.79,65.76,65.78,2631.2248600000003
2026-06-05T10:20:00+00:00,65.77,65.8,65.75,65.75,1393.240755
2026-06-05T10:25:00+00:00,65.78,65.8501,65.78,65.84,17065.399483
2026-06-05T10:30:00+00:00,65.85,65.85,65.82,65.82,640.227828
2026-06-05T10:35:00+00:00,65.84,65.84,65.8,65.8,2891.695183
2026-06-05T10:40:00+00:00,65.8,65.8,65.77,65.78,4249.4497200000005
2026-06-05T10:45:00+00:00,65.78,65.83,65.71,65.83,4832.965566
2026-06-05T10:50:00+00:00,65.86,65.91,65.84,65.88,7051.92273
2026-06-05T10:55:00+00:00,65.86,65.91,65.856,65.89,3832.83146
2026-06-05T11:00:00+00:00,65.89,65.92,65.8504,65.88,11249.269542
2026-06-05T11:05:00+00:00,65.89,65.93,65.68,65.7213,35910.596807
2026-06-05T11:10:00+00:00,65.73,65.77,65.68,65.7401,14719.707437
2026-06-05T11:15:00+00:00,65.77,65.77,65.65,65.66,7064.186719
2026-06-05T11:20:00+00:00,65.66,65.6997,65.62,65.65,17723.818563
2026-06-05T11:25:00+00:00,65.65,65.74,65.52,65.68,62701.807688
2026-06-05T11:30:00+00:00,65.68,65.8,65.67,65.8,12987.799353999999
2026-06-05T11:35:00+00:00,65.81,65.89,65.77,65.77,12464.187846
2026-06-05T11:40:00+00:00,65.78,65.8,65.675,65.675,16571.281357
2026-06-05T11:45:00+00:00,65.71,65.75,65.6805,65.71,7130.135521
2026-06-05T11:50:00+00:00,65.7,65.78,65.67,65.78,3646.0361490000005
2026-06-05T11:55:00+00:00,65.78,66.02,65.77,65.9939,32817.029499
2026-06-05T12:00:00+00:00,66.01,66.02,65.89,66.0,38380.616752999995
2026-06-05T12:05:00+00:00,66.0,66.1,65.88,65.88,24777.809996
2026-06-05T12:10:00+00:00,65.88,66.15,65.875,66.11,11406.229296
2026-06-05T12:15:00+00:00,66.13,66.22,66.08,66.12,16408.589191000003
2026-06-05T12:20:00+00:00,66.12,66.35,66.12,66.35,24936.881367
2026-06-05T12:25:00+00:00,66.32,66.47,66.31,66.41,43622.181351
2026-06-05T12:30:00+00:00,66.41,66.41,66.22,66.27,45911.854449000006
2026-06-05T12:35:00+00:00,66.25,66.25,65.7939,65.8034,77130.503111
2026-06-05T12:40:00+00:00,65.8123,65.8123,65.52,65.61,65238.715894
2026-06-05T12:45:00+00:00,65.64,65.6793,65.54,65.67,77575.642949
2026-06-05T12:50:00+00:00,65.7,65.73,65.52,65.52,52705.601922
2026-06-05T12:55:00+00:00,65.53,65.54,65.02,65.07,169167.37161
2026-06-05T13:00:00+00:00,65.07,65.16,64.55,64.62,257189.97926999998
2026-06-05T13:05:00+00:00,64.62,64.66,64.0,64.14,565792.464991
2026-06-05T13:10:00+00:00,64.24,64.5092,64.07,64.41,126529.42576799999
2026-06-05T13:15:00+00:00,64.38,64.61,64.35,64.47,77285.232598
2026-06-05T13:20:00+00:00,64.4574,64.52,64.32,64.34,53230.437287999994
2026-06-05T13:25:00+00:00,64.35,64.47,64.2,64.22,80669.240558
2026-06-05T13:30:00+00:00,64.2503,64.3,64.03,64.07,142246.954902
2026-06-05T13:35:00+00:00,64.06,64.245,63.87,64.19,1791456.937823
2026-06-05T13:40:00+00:00,64.19,64.19,63.67,63.7898,1035556.6916809999
2026-06-05T13:45:00+00:00,63.785,63.96,63.595,63.75,825967.437893
2026-06-05T13:50:00+00:00,63.74,63.82,63.6,63.61,471377.90350699995
2026-06-05T13:55:00+00:00,63.6,63.8401,63.545,63.655,810738.425757
2026-06-05T14:00:00+00:00,63.655,63.68,62.95,62.97,1303122.1603780002
2026-06-05T14:05:00+00:00,62.965,63.27,62.76,62.915,1374324.952136
2026-06-05T14:10:00+00:00,62.905,63.18,62.78,63.0,692442.231863
2026-06-05T14:15:00+00:00,63.0,63.06,62.66,62.739,503699.297144
2026-06-05T14:20:00+00:00,62.74,62.905,62.7,62.905,379346.488078
2026-06-05T14:25:00+00:00,62.91,62.95,62.29,62.4165,898730.923654
2026-06-05T14:30:00+00:00,62.4005,62.5593,62.2,62.54,575491.880523
2026-06-05T14:35:00+00:00,62.54,62.8,62.44,62.495,617935.104262
2026-06-05T14:40:00+00:00,62.495,62.595,62.32,62.37,505649.796642
2026-06-05T14:45:00+00:00,62.375,62.435,62.25,62.375,412185.304345
2026-06-05T14:50:00+00:00,62.36,62.48,62.22,62.2809,625551.385394
2026-06-05T14:55:00+00:00,62.27,62.51,62.26,62.465,371072.971507
2026-06-05T15:00:00+00:00,62.4399,62.7799,62.41,62.7707,239039.326463
2026-06-05T15:05:00+00:00,62.775,62.8345,62.6002,62.735,436447.86954700004
2026-06-05T15:10:00+00:00,62.73,62.78,62.5897,62.615,246873.862937
2026-06-05T15:15:00+00:00,62.61,62.615,62.24,62.24,349062.251593
2026-06-05T15:20:00+00:00,62.24,62.3,61.9489,62.29,834543.058739
2026-06-05T15:25:00+00:00,62.2799,62.43,62.075,62.31,349844.662944
2026-06-05T15:30:00+00:00,62.311,62.425,62.305,62.37,300743.886522
2026-06-05T15:35:00+00:00,62.37,62.485,62.15,62.185,416240.577111
2026-06-05T15:40:00+00:00,62.19,62.31,61.98,62.13,310617.99196500005
2026-06-05T15:45:00+00:00,62.125,62.36,62.095,62.29,259220.271214
2026-06-05T15:50:00+00:00,62.27,62.39,62.21,62.3,225621.65283700003
2026-06-05T15:55:00+00:00,62.3001,62.36,62.2302,62.31,269988.822844
2026-06-05T16:00:00+00:00,62.3,62.32,62.14,62.16,517291.856352
2026-06-05T16:05:00+00:00,62.17,62.33,62.06,62.245,787710.409839
2026-06-05T16:10:00+00:00,62.24,62.24,62.09,62.1899,575267.50148
2026-06-05T16:15:00+00:00,62.18,62.35,62.15,62.24,414545.722989
2026-06-05T16:20:00+00:00,62.24,62.255,62.035,62.16,258282.34788299998
2026-06-05T16:25:00+00:00,62.15,62.25,62.05,62.2401,260355.669573
2026-06-05T16:30:00+00:00,62.235,62.45,62.22,62.33,308646.362916
2026-06-05T16:35:00+00:00,62.31,62.325,62.05,62.18,309887.16727700003
2026-06-05T16:40:00+00:00,62.175,62.215,62.12,62.174,162172.460946
2026-06-05T16:45:00+00:00,62.1799,62.19,62.01,62.06,193586.873272
2026-06-05T16:50:00+00:00,62.07,62.2067,61.915,62.2,454338.62133500003
2026-06-05T16:55:00+00:00,62.21,62.4,62.1799,62.395,219125.01390100003
2026-06-05T17:00:00+00:00,62.39,62.615,62.38,62.59,300577.848655
2026-06-05T17:05:00+00:00,62.6,62.69,62.45,62.5687,293559.440712
2026-06-05T17:10:00+00:00,62.56,62.57,62.375,62.385,186622.69697499997
2026-06-05T17:15:00+00:00,62.395,62.48,62.3,62.435,221589.94955399996
2026-06-05T17:20:00+00:00,62.44,62.605,62.44,62.535,250107.57618600002
2026-06-05T17:25:00+00:00,62.53,62.54,62.27,62.41,481632.002534
2026-06-05T17:30:00+00:00,62.415,62.455,62.27,62.425,249127.609861
2026-06-05T17:35:00+00:00,62.42,62.45,62.36,62.42,124602.40359900001
2026-06-05T17:40:00+00:00,62.43,62.48,62.37,62.46,141000.648113
2026-06-05T17:45:00+00:00,62.46,62.515,62.26,62.28,259002.08065199998
2026-06-05T17:50:00+00:00,62.28,62.3399,62.18,62.3,197359.54292500002
2026-06-05T17:55:00+00:00,62.295,62.38,62.275,62.3512,111045.741288
2026-06-05T18:00:00+00:00,62.345,62.355,62.28,62.32,75987.50527699999
2026-06-05T18:05:00+00:00,62.32,62.35,62.07,62.07,266934.025163
2026-06-05T18:10:00+00:00,62.07,62.14,62.01,62.05,207145.74534999998
2026-06-05T18:15:00+00:00,62.05,62.09,61.715,61.73,432155.56418
2026-06-05T18:20:00+00:00,61.715,61.87,61.71,61.815,328653.51449599996
2026-06-05T18:25:00+00:00,61.82,61.9723,61.7,61.76,281453.533748
2026-06-05T18:30:00+00:00,61.76,61.8,61.575,61.64,473776.23328700004
2026-06-05T18:35:00+00:00,61.64,61.74,61.54,61.74,329366.90009999997
2026-06-05T18:40:00+00:00,61.74,61.74,61.57,61.63,367960.243681
2026-06-05T18:45:00+00:00,61.63,61.6499,61.5,61.61,248680.89874600002
2026-06-05T18:50:00+00:00,61.605,61.68,61.545,61.6799,199213.87720400002
2026-06-05T18:55:00+00:00,61.675,61.68,61.565,61.665,201230.53046500002
2026-06-05T19:00:00+00:00,61.65,61.86,61.6135,61.745,393122.63807
2026-06-05T19:05:00+00:00,61.75,61.76,61.56,61.68,252716.47477899998
2026-06-05T19:10:00+00:00,61.71,61.71,61.54,61.65,225319.985818
2026-06-05T19:15:00+00:00,61.645,61.65,61.5101,61.54,169180.633371
2026-06-05T19:20:00+00:00,61.545,61.65,61.45,61.625,434990.52308599994
2026-06-05T19:25:00+00:00,61.63,61.72,61.45,61.5785,388438.471833
2026-06-05T19:30:00+00:00,61.585,61.755,61.585,61.75,243994.95168799997
2026-06-05T19:35:00+00:00,61.75,61.8,61.6099,61.645,254568.673268
2026-06-05T19:40:00+00:00,61.645,61.6994,61.57,61.6486,189286.565022
2026-06-05T19:45:00+00:00,61.64,61.64,61.355,61.535,525425.164479
2026-06-05T19:50:00+00:00,61.53,61.65,61.51,61.62,459559.882441
2026-06-05T19:55:00+00:00,61.62,61.73,61.54,61.56,765131.322958
2026-06-05T20:00:00+00:00,61.55,61.635,61.51,61.56,1118861.020016
2026-06-05T20:05:00+00:00,61.56,61.57,61.32,61.35,36951.061658000006
2026-06-05T20:10:00+00:00,61.3001,61.3127,61.14,61.21,88679.960149
2026-06-05T20:15:00+00:00,61.21,61.24,61.15,61.22,58799.34442
2026-06-05T20:20:00+00:00,61.22,61.23,61.15,61.1505,37300.753916
2026-06-05T20:25:00+00:00,61.17,61.28,61.11,61.27,42546.851633000006
2026-06-05T20:30:00+00:00,61.25,61.43,61.25,61.39,64969.885469999994
2026-06-05T20:35:00+00:00,61.4,61.4081,61.3111,61.4,26205.781226
2026-06-05T20:40:00+00:00,61.37,61.4246,61.34,61.373,5275.259319
2026-06-05T20:45:00+00:00,61.3609,61.38,61.2,61.38,16728.664015000002
2026-06-05T20:50:00+00:00,61.35,61.45,61.26,61.43,15749.925905
2026-06-05T20:55:00+00:00,61.4098,61.4861,61.39,61.45,16709.217867
2026-06-05T21:00:00+00:00,61.42,61.45,61.32,61.45,15720.837031
2026-06-05T21:05:00+00:00,61.4762,61.5,61.4,61.49,8229.896743
2026-06-05T21:10:00+00:00,61.49,61.53,61.42,61.42,6052.161231
2026-06-05T21:15:00+00:00,61.49,61.5,61.46,61.5,4428.865939
2026-06-05T21:20:00+00:00,61.5135,61.52,61.46,61.52,9636.46469
2026-06-05T21:25:00+00:00,61.55,61.57,61.5,61.52,4322.026394
2026-06-05T21:30:00+00:00,61.5,61.5584,61.5,61.55,3333.543478
2026-06-05T21:35:00+00:00,61.54,61.55,61.53,61.55,9244.789197
2026-06-05T21:40:00+00:00,61.55,61.56,61.53,61.5487,5593.115519
2026-06-05T21:45:00+00:00,61.5264,61.57,61.5264,61.5599,11916.740352
2026-06-05T21:50:00+00:00,61.56,61.56,61.53,61.55,3495.763116
2026-06-05T21:55:00+00:00,61.53,61.55,61.53,61.55,2159.4810740000003
2026-06-05T22:00:00+00:00,61.5496,61.55,61.54,61.55,4246.339569
2026-06-05T22:05:00+00:00,61.55,61.55,61.53,61.5399,7345.771908999999
2026-06-05T22:10:00+00:00,61.54,61.54,61.26,61.42,14562.168742000002
2026-06-05T22:15:00+00:00,61.4,61.48,61.4,61.42,2798.1021339999998
2026-06-05T22:20:00+00:00,61.4393,61.4435,61.4,61.4295,4154.5866989999995
2026-06-05T22:25:00+00:00,61.43,61.4687,61.4,61.4097,2998.8846009999997
2026-06-05T22:30:00+00:00,61.46,61.51,61.45,61.47,7957.342605
2026-06-05T22:35:00+00:00,61.49,61.5,61.45,61.49,5731.758898
2026-06-05T22:40:00+00:00,61.5,61.5,61.4,61.42,5604.798779
2026-06-05T22:45:00+00:00,61.39,61.48,61.38,61.428,7746.641802
2026-06-05T22:50:00+00:00,61.41,61.44,61.38,61.41,6087.2636090000005
2026-06-05T22:55:00+00:00,61.41,61.4795,61.38,61.4,7430.265369000001
2026-06-05T23:00:00+00:00,61.4099,61.4099,61.36,61.36,11253.971988
2026-06-05T23:05:00+00:00,61.34,61.44,61.34,61.4232,3273.479065
2026-06-05T23:10:00+00:00,61.42,61.44,61.4098,61.4098,10553.380986
2026-06-05T23:15:00+00:00,61.4,61.4,61.39,61.39,2368.108584
2026-06-05T23:20:00+00:00,61.3998,61.44,61.3998,61.4,6207.497238999999
2026-06-05T23:25:00+00:00,61.41,61.41,61.38,61.4095,6577.268725
2026-06-05T23:30:00+00:00,61.4,61.41,61.34,61.34,7309.764668
2026-06-05T23:35:00+00:00,61.38,61.39,61.3,61.39,6283.503803
2026-06-05T23:40:00+00:00,61.35,61.39,61.31,61.39,4900.9248
2026-06-05T23:45:00+00:00,61.3309,61.39,61.3309,61.37,2134.2292509999997
2026-06-05T23:50:00+00:00,61.38,61.39,61.33,61.372,4405.642725000001
2026-06-05T23:55:00+00:00,61.35,61.3796,61.31,61.3796,4715.122583
2026-06-06T00:00:00+00:00,61.3811,61.3935,61.31,61.3592,8358.819489000001
2026-06-08T08:05:00+00:00,60.56,61.52,59.8929,60.5,432798.18715
2026-06-08T08:10:00+00:00,60.4934,61.27,60.0,60.64,50191.760058
2026-06-08T08:15:00+00:00,60.63,60.63,60.4,60.53,14740.139998999999
2026-06-08T08:20:00+00:00,60.53,60.64,60.49,60.6,32110.769995000002
2026-06-08T08:25:00+00:00,60.61,60.6396,60.52,60.56,16406.066605
2026-06-08T08:30:00+00:00,60.53,60.59,60.53,60.58,5684.5386450000005
2026-06-08T08:35:00+00:00,60.54,60.66,60.54,60.6,13551.388025
2026-06-08T08:40:00+00:00,60.5651,60.5651,60.46,60.49,89560.716911
2026-06-08T08:45:00+00:00,60.48,60.58,60.41,60.58,8362.093348
2026-06-08T08:50:00+00:00,60.6,60.67,60.44,60.6,9978.22046
2026-06-08T08:55:00+00:00,60.57,60.6,60.5196,60.55,5857.928685
2026-06-08T09:00:00+00:00,60.57,60.65,60.5,60.63,18689.939936000002
2026-06-08T09:05:00+00:00,60.65,60.71,60.64,60.65,8414.160228
2026-06-08T09:10:00+00:00,60.6499,60.6499,60.55,60.55,1932.314818
2026-06-08T09:15:00+00:00,60.54,60.64,60.53,60.61,6218.444915
2026-06-08T09:20:00+00:00,60.62,60.65,60.59,60.59,4928.952008
2026-06-08T09:25:00+00:00,60.6013,60.72,60.6,60.6,23938.773158000004
2026-06-08T09:30:00+00:00,60.6,60.61,60.43,60.43,11823.114323000002
2026-06-08T09:35:00+00:00,60.42,60.4318,60.3,60.32,29912.098348
2026-06-08T09:40:00+00:00,60.29,60.72,60.24,60.6501,40333.063719
2026-06-08T09:45:00+00:00,60.67,60.79,60.62,60.72,57098.443993
2026-06-08T09:50:00+00:00,60.7,60.87,60.6996,60.85,11336.496811
2026-06-08T09:55:00+00:00,60.85,60.85,60.63,60.71,5234.197529
2026-06-08T10:00:00+00:00,60.69,60.69,60.61,60.63,3004.735705
2026-06-08T10:05:00+00:00,60.63,60.63,60.42,60.54,7951.638033
2026-06-08T10:10:00+00:00,60.59,60.744,60.56,60.71,2042.991143
2026-06-08T10:15:00+00:00,60.72,60.72,60.71,60.71,1568.0000009999999
2026-06-08T10:20:00+00:00,60.73,60.74,60.55,60.55,23835.942158
2026-06-08T10:25:00+00:00,60.58,60.58,60.49,60.49,7074.678649
2026-06-08T10:30:00+00:00,60.496,60.65,60.496,60.62,4356.988659
2026-06-08T10:35:00+00:00,60.63,60.9937,60.62,60.9,40199.390426
2026-06-08T10:40:00+00:00,61.0,61.0,60.86,60.86,25025.459911
2026-06-08T10:45:00+00:00,60.82,60.92,60.82,60.92,11428.6
2026-06-08T10:50:00+00:00,60.94,60.94,60.74,60.8,6985.018677
2026-06-08T10:55:00+00:00,60.79,60.84,60.72,60.76,5031.317788
2026-06-08T11:00:00+00:00,60.72,60.75,60.68,60.73,14201.236638
2026-06-08T11:05:00+00:00,60.75,60.8174,60.66,60.71,40939.085158
2026-06-08T11:10:00+00:00,60.72,60.87,60.72,60.87,29859.891000000003
2026-06-08T11:15:00+00:00,60.8696,61.2,60.8696,61.2,47500.364603
2026-06-08T11:20:00+00:00,61.27,61.52,61.1,61.52,67425.13521800001
2026-06-08T11:25:00+00:00,61.49,61.71,61.43,61.55,66689.78559
2026-06-08T11:30:00+00:00,61.56,61.7361,61.49,61.5708,35292.404594
2026-06-08T11:35:00+00:00,61.59,61.75,61.59,61.71,30439.680708
2026-06-08T11:40:00+00:00,61.7,61.7,61.57,61.67,26005.874836
2026-06-08T11:45:00+00:00,61.65,61.68,61.57,61.65,18416.864155
2026-06-08T11:50:00+00:00,61.66,61.74,61.59,61.5988,16944.032452
2026-06-08T11:55:00+00:00,61.67,61.83,61.66,61.75,57617.580673000004
2026-06-08T12:00:00+00:00,61.75,61.99,61.71,61.89,57496.453478999996
2026-06-08T12:05:00+00:00,61.9,62.0,61.81,62.0,31682.87787
2026-06-08T12:10:00+00:00,61.98,62.05,61.93,61.97,18381.556323
2026-06-08T12:15:00+00:00,61.97,61.97,61.7,61.7,44272.870779000004
2026-06-08T12:20:00+00:00,61.6998,61.84,61.6,61.81,27795.386311000002
2026-06-08T12:25:00+00:00,61.8336,62.0174,61.8336,61.9201,22028.913121999998
2026-06-08T12:30:00+00:00,61.92,62.08,61.89,62.04,15714.563545
2026-06-08T12:35:00+00:00,62.03,62.24,62.01,62.09,34976.924345
2026-06-08T12:40:00+00:00,62.09,62.1961,61.98,62.01,113526.013844
2026-06-08T12:45:00+00:00,62.02,62.36,62.0,62.22,237417.634057
2026-06-08T12:50:00+00:00,62.24,62.26,62.09,62.1,37055.427586
2026-06-08T12:55:00+00:00,62.1,62.27,62.06,62.2522,37545.835237
2026-06-08T13:00:00+00:00,62.17,62.35,62.1,62.33,26898.751078999998
2026-06-08T13:05:00+00:00,62.32,62.32,61.83,61.89,169916.461457
2026-06-08T13:10:00+00:00,61.88,61.97,61.8105,61.85,33851.241702
2026-06-08T13:15:00+00:00,61.89,61.91,61.8,61.86,18119.201899
2026-06-08T13:20:00+00:00,61.83,61.8948,61.76,61.85,85560.770827
2026-06-08T13:25:00+00:00,61.91,62.13,61.91,62.0,40484.936272
2026-06-08T13:30:00+00:00,61.9991,62.02,61.887,61.99,26526.16541
2026-06-08T13:35:00+00:00,62.03,62.2,61.98,61.98,775445.3448210001
2026-06-08T13:40:00+00:00,61.97,62.295,61.95,62.1293,442789.09127000003
2026-06-08T13:45:00+00:00,62.13,62.25,61.95,61.99,341696.042481
2026-06-08T13:50:00+00:00,62.0,62.005,61.7522,61.7522,329419.997032
2026-06-08T13:55:00+00:00,61.75,61.83,61.56,61.685,381693.64879400004
2026-06-08T14:00:00+00:00,61.69,61.748,61.435,61.45,329774.451425
2026-06-08T14:05:00+00:00,61.46,61.59,61.32,61.3299,337402.277454
2026-06-08T14:10:00+00:00,61.32,61.5,61.235,61.37,325668.914004
2026-06-08T14:15:00+00:00,61.37,61.41,61.275,61.34,371576.57946700003
2026-06-08T14:20:00+00:00,61.3399,61.49,61.3,61.46,393340.674308
2026-06-08T14:25:00+00:00,61.46,61.54,61.39,61.4134,282073.842802
2026-06-08T14:30:00+00:00,61.41,61.57,61.34,61.51,366226.926168
2026-06-08T14:35:00+00:00,61.51,61.635,61.46,61.61,294527.48240700003
2026-06-08T14:40:00+00:00,61.6,61.655,61.35,61.54,298420.04663399997
2026-06-08T14:45:00+00:00,61.535,61.68,61.42,61.6689,272205.161849
2026-06-08T14:50:00+00:00,61.665,61.78,61.46,61.465,327708.47458499996
2026-06-08T14:55:00+00:00,61.495,61.71,61.44,61.675,344636.891717
2026-06-08T15:00:00+00:00,61.68,61.905,61.67,61.875,1539976.061639
2026-06-08T15:05:00+00:00,61.88,61.98,61.751,61.7579,221502.28736699998
2026-06-08T15:10:00+00:00,61.7599,61.865,61.735,61.84,167027.599217
2026-06-08T15:15:00+00:00,61.8399,61.85,61.76,61.765,121475.969412
2026-06-08T15:20:00+00:00,61.7601,62.05,61.72,62.03,377698.617128
2026-06-08T15:25:00+00:00,62.0301,62.095,61.95,62.072,344153.794016
2026-06-08T15:30:00+00:00,62.0601,62.065,61.89,61.975,212031.882773
2026-06-08T15:35:00+00:00,61.98,62.04,61.905,61.97,138585.241995
2026-06-08T15:40:00+00:00,61.97,62.175,61.94,62.155,248550.10489
2026-06-08T15:45:00+00:00,62.155,62.25,62.105,62.25,295459.17051900004
2026-06-08T15:50:00+00:00,62.24,62.29,62.12,62.1401,270533.011439
2026-06-08T15:55:00+00:00,62.15,62.26,62.14,62.245,189277.264763
2026-06-08T16:00:00+00:00,62.24,62.24,62.1,62.11,130930.20220100001
2026-06-08T16:05:00+00:00,62.115,62.16,62.03,62.13,430746.998493
2026-06-08T16:10:00+00:00,62.13,62.17,62.035,62.055,207606.192389
2026-06-08T16:15:00+00:00,62.06,62.15,62.035,62.125,112180.658781
2026-06-08T16:20:00+00:00,62.14,62.24,62.13,62.18,168553.944853
2026-06-08T16:25:00+00:00,62.195,62.21,62.065,62.15,159903.590996
2026-06-08T16:30:00+00:00,62.1401,62.18,62.065,62.075,113889.448446
2026-06-08T16:35:00+00:00,62.09,62.185,62.08,62.1,106969.47845200001
2026-06-08T16:40:00+00:00,62.105,62.2,62.045,62.0575,165053.612761
2026-06-08T16:45:00+00:00,62.05,62.11,62.04,62.1,103229.838343
2026-06-08T16:50:00+00:00,62.105,62.19,62.04,62.17,132879.089988
2026-06-08T16:55:00+00:00,62.18,62.23,62.01,62.015,127512.78574200001
2026-06-08T17:00:00+00:00,62.02,62.08,62.0,62.0551,91356.39169599999
2026-06-08T17:05:00+00:00,62.05,62.1,61.91,61.95,141470.722763
2026-06-08T17:10:00+00:00,61.955,62.055,61.945,61.97,89394.395772
2026-06-08T17:15:00+00:00,61.98,62.04,61.94,62.02,105350.490334
2026-06-08T17:20:00+00:00,62.04,62.085,61.94,61.99,191446.76598
2026-06-08T17:25:00+00:00,61.985,62.0323,61.86,61.89,152774.600529
2026-06-08T17:30:00+00:00,61.89,61.96,61.84,61.94,134076.588108
2026-06-08T17:35:00+00:00,61.93,61.95,61.8,61.8801,195549.627713
2026-06-08T17:40:00+00:00,61.88,61.88,61.72,61.775,222127.44368099998
2026-06-08T17:45:00+00:00,61.77,61.78,61.685,61.73,226685.154116
2026-06-08T17:50:00+00:00,61.73,61.865,61.725,61.86,176688.107478
2026-06-08T17:55:00+00:00,61.85,61.875,61.8377,61.84,167274.323377
2026-06-08T18:00:00+00:00,61.83,61.89,61.815,61.8784,266999.175935
2026-06-08T18:05:00+00:00,61.88,62.0,61.879,61.985,229672.02557099998
2026-06-08T18:10:00+00:00,61.985,62.02,61.94,61.965,154072.678466
2026-06-08T18:15:00+00:00,61.965,61.98,61.86,61.925,147123.983164
2026-06-08T18:20:00+00:00,61.93,62.0393,61.93,61.9899,169089.639497
2026-06-08T18:25:00+00:00,61.985,62.07,61.9602,62.0494,115974.972534
2026-06-08T18:30:00+00:00,62.04,62.08,61.96,62.005,191702.843858
2026-06-08T18:35:00+00:00,62.0,62.045,61.9,61.9,100066.46106900001
2026-06-08T18:40:00+00:00,61.895,61.945,61.825,61.8301,191627.259991
2026-06-08T18:45:00+00:00,61.8282,61.86,61.795,61.83,83379.40948999999
2026-06-08T18:50:00+00:00,61.83,61.83,61.77,61.7901,94710.83309200002
2026-06-08T18:55:00+00:00,61.7998,61.8399,61.76,61.78,67647.659564
2026-06-08T19:00:00+00:00,61.78,61.795,61.74,61.77,92089.088689
2026-06-08T19:05:00+00:00,61.775,61.875,61.745,61.865,264588.345293
2026-06-08T19:10:00+00:00,61.865,61.8699,61.72,61.72,119734.693082
2026-06-08T19:15:00+00:00,61.72,61.72,61.615,61.62,125704.02311200001
2026-06-08T19:20:00+00:00,61.63,61.66,61.56,61.61,94784.466657
2026-06-08T19:25:00+00:00,61.605,61.65,61.55,61.585,110337.52676700002
2026-06-08T19:30:00+00:00,61.59,61.7,61.56,61.7,118562.84538099999
2026-06-08T19:35:00+00:00,61.7,61.745,61.62,61.655,219333.012251
2026-06-08T19:40:00+00:00,61.65,61.7,61.615,61.64,120780.944142
2026-06-08T19:45:00+00:00,61.63,61.645,61.585,61.6,156778.16171200003
2026-06-08T19:50:00+00:00,61.605,61.665,61.605,61.65,159037.630063
2026-06-08T19:55:00+00:00,61.66,61.73,61.6234,61.655,759098.511396
2026-06-08T20:00:00+00:00,61.655,61.675,61.52,61.59,679844.9150200001
2026-06-08T20:05:00+00:00,61.58,61.66,61.58,61.66,8364.192202999999
2026-06-08T20:10:00+00:00,61.6626,61.67,61.6,61.6261,28572.427129
2026-06-08T20:15:00+00:00,61.63,61.7199,61.5813,61.71,32044.821269
2026-06-08T20:20:00+00:00,61.69,61.6907,61.5,61.52,28295.070469999995
2026-06-08T20:25:00+00:00,61.5601,61.5601,61.5522,61.5522,1496.034777
2026-06-08T20:30:00+00:00,61.6135,61.62,61.5,61.5961,23669.108345
2026-06-08T20:35:00+00:00,61.61,61.61,61.6,61.6,2710.541099
2026-06-08T20:40:00+00:00,61.58,61.62,61.5765,61.6164,1951.922556
2026-06-08T20:45:00+00:00,61.5958,61.6,61.59,61.6,1215.791633
2026-06-08T20:50:00+00:00,61.64,61.64,61.64,61.64,281.057453
2026-06-08T20:55:00+00:00,61.7,61.7,61.6,61.6,763.0
2026-06-08T21:00:00+00:00,61.66,61.7022,61.66,61.7,932.0
2026-06-08T21:05:00+00:00,61.7,61.71,61.69,61.7,1041.621271
2026-06-08T21:10:00+00:00,61.66,61.71,61.66,61.71,4356.30013
2026-06-08T21:15:00+00:00,61.71,61.88,61.6379,61.81,11340.71137
2026-06-08T21:20:00+00:00,61.82,61.84,61.75,61.75,3137.713155
2026-06-08T21:25:00+00:00,61.77,61.84,61.77,61.8,11848.641246
2026-06-08T21:30:00+00:00,61.81,61.81,61.81,61.81,536.642777
2026-06-08T21:40:00+00:00,61.8,61.8,61.77,61.7857,3013.7062809999998
2026-06-08T21:45:00+00:00,61.77,61.78,61.7,61.7,4252.988547999999
2026-06-08T21:55:00+00:00,61.71,61.71,61.71,61.71,180.0
2026-06-08T22:00:00+00:00,61.77,61.77,61.75,61.77,11411.0
2026-06-08T22:05:00+00:00,61.76,61.76,61.5922,61.61,5649.195051
2026-06-08T22:10:00+00:00,61.65,61.65,61.6,61.64,4055.858072
2026-06-08T22:15:00+00:00,61.57,61.6486,61.57,61.6486,1926.730868
2026-06-08T22:20:00+00:00,61.6,61.64,61.5718,61.5878,4441.991736
2026-06-08T22:25:00+00:00,61.57,61.57,61.57,61.57,115.51267
2026-06-08T22:30:00+00:00,61.6,61.6385,61.57,61.6005,1665.407338
2026-06-08T22:35:00+00:00,61.57,61.61,61.56,61.61,722.06567
2026-06-08T22:45:00+00:00,61.6,61.6499,61.6,61.6409,1211.559132
2026-06-08T22:55:00+00:00,61.64,61.64,61.64,61.64,151.1
2026-06-08T23:00:00+00:00,61.65,61.65,61.6003,61.6399,330.13322500000004
2026-06-08T23:10:00+00:00,61.63,61.63,61.6,61.6,2413.301786
2026-06-08T23:15:00+00:00,61.59,61.61,61.59,61.61,5066.0
2026-06-08T23:20:00+00:00,61.61,61.6101,61.6,61.6101,565.328546
2026-06-08T23:25:00+00:00,61.61,61.61,61.59,61.59,1042.231382
2026-06-08T23:30:00+00:00,61.56,61.56,61.51,61.5109,2541.027197
2026-06-08T23:35:00+00:00,61.51,61.51,61.4,61.41,16549.307815
2026-06-08T23:40:00+00:00,61.4401,61.54,61.4401,61.54,2078.153889
2026-06-08T23:45:00+00:00,61.52,61.52,61.5,61.5,3642.0
2026-06-08T23:50:00+00:00,61.47,61.51,61.42,61.43,8340.899096000001
2026-06-08T23:55:00+00:00,61.42,61.5044,61.39,61.41,11478.106396
2026-06-09T00:00:00+00:00,61.38,61.41,61.37,61.4,1823.597747
2026-06-09T08:05:00+00:00,61.77,62.03,61.3,61.78,324557.284087
2026-06-09T08:10:00+00:00,61.74,61.93,61.69,61.85,2764.557164
2026-06-09T08:15:00+00:00,61.88,62.17,61.88,62.04,8238.282158999999
2026-06-09T08:20:00+00:00,62.1,62.14,62.07,62.07,26932.594689999998
2026-06-09T08:25:00+00:00,62.14,62.24,62.12,62.2123,17004.399768
2026-06-09T08:30:00+00:00,62.1944,62.25,62.16,62.24,23048.596793
2026-06-09T08:35:00+00:00,62.2598,62.2598,62.18,62.1901,7726.618299
2026-06-09T08:40:00+00:00,62.1,62.15,62.1,62.15,3975.023606
2026-06-09T08:45:00+00:00,62.14,62.15,62.09,62.13,9482.757400999999
2026-06-09T08:50:00+00:00,62.14,62.14,61.957,61.97,45171.24075700001
2026-06-09T08:55:00+00:00,61.9596,61.9596,61.92,61.94,1846.0
2026-06-09T09:00:00+00:00,61.95,61.95,61.88,61.88,4859.005004000001
2026-06-09T09:05:00+00:00,61.89,61.93,61.86,61.92,6412.737002000001
2026-06-09T09:10:00+00:00,61.98,61.98,61.94,61.94,547.0
2026-06-09T09:15:00+00:00,61.94,61.94,61.8816,61.8816,1987.872611
2026-06-09T09:20:00+00:00,61.92,61.92,61.88,61.88,4358.986408
2026-06-09T09:25:00+00:00,61.93,61.97,61.9,61.9,4834.0
2026-06-09T09:30:00+00:00,61.88,61.88,61.7,61.7,10874.462873999999
2026-06-09T09:35:00+00:00,61.73,61.77,61.73,61.75,3391.03511
2026-06-09T09:40:00+00:00,61.79,61.82,61.79,61.82,9321.0
2026-06-09T09:45:00+00:00,61.75,61.75,61.75,61.75,209.0
2026-06-09T09:50:00+00:00,61.77,61.77,61.77,61.77,220.0
2026-06-09T09:55:00+00:00,61.84,61.84,61.82,61.8356,1190.482589
2026-06-09T10:00:00+00:00,61.83,61.88,61.83,61.88,2348.937705
2026-06-09T10:05:00+00:00,61.88,61.88,61.84,61.84,1276.0
2026-06-09T10:10:00+00:00,61.84,61.88,61.68,61.7,10201.718823
2026-06-09T10:15:00+00:00,61.71,61.93,61.71,61.93,1554.093846
2026-06-09T10:20:00+00:00,61.99,62.0,61.96,61.96,1630.0
2026-06-09T10:25:00+00:00,61.93,61.94,61.93,61.94,1431.29
2026-06-09T10:30:00+00:00,61.94,62.06,61.94,62.01,6486.1
2026-06-09T10:35:00+00:00,62.0,62.0,62.0,62.0,1265.0
2026-06-09T10:40:00+00:00,61.91,61.91,61.9,61.91,1247.7797759999999
2026-06-09T10:45:00+00:00,61.9158,61.9158,61.89,61.89,2314.0
2026-06-09T10:50:00+00:00,61.9,61.9,61.8105,61.8105,1497.214248
2026-06-09T10:55:00+00:00,61.87,62.0,61.79,61.88,8507.09361
2026-06-09T11:00:00+00:00,61.8602,62.05,61.8602,62.05,2963.085441
2026-06-09T11:05:00+00:00,62.035,62.13,61.92,61.92,19698.192116000002
2026-06-09T11:10:00+00:00,61.92,62.0,61.92,61.99,28108.475359
2026-06-09T11:15:00+00:00,61.934,62.03,61.934,62.02,15524.516143
2026-06-09T11:20:00+00:00,62.01,62.05,61.95,62.05,18654.350782
2026-06-09T11:25:00+00:00,62.0,62.0592,61.9552,61.9552,17501.343177000002
2026-06-09T11:30:00+00:00,61.96,62.0,61.9548,61.98,12948.943311
2026-06-09T11:35:00+00:00,61.97,62.02,61.97,61.9887,2085.3462179999997
2026-06-09T11:40:00+00:00,61.97,61.97,61.95,61.95,3637.125845
2026-06-09T11:45:00+00:00,62.0,62.07,61.98,62.07,5553.223534000001
2026-06-09T11:50:00+00:00,62.06,62.08,62.0147,62.02,34678.150936
2026-06-09T11:55:00+00:00,62.03,62.1197,62.03,62.06,21648.095483
2026-06-09T12:00:00+00:00,62.02,62.1,61.9987,61.9987,3813.5071930000004
2026-06-09T12:05:00+00:00,62.07,62.13,62.03,62.07,18476.188410000002
2026-06-09T12:10:00+00:00,62.0401,62.0401,62.04,62.04,1111.625102
2026-06-09T12:15:00+00:00,62.07,62.08,61.95,61.95,10739.861708
2026-06-09T12:20:00+00:00,61.95,61.95,61.8806,61.93,16545.912651
2026-06-09T12:25:00+00:00,61.92,61.93,61.85,61.9,5581.366196
2026-06-09T12:30:00+00:00,61.95,61.98,61.89,61.89,7758.815515
2026-06-09T12:35:00+00:00,61.87,62.09,61.87,62.0,8452.625319
2026-06-09T12:40:00+00:00,62.0,62.04,61.9026,61.9196,5875.710122
2026-06-09T12:45:00+00:00,61.9226,61.9226,61.8606,61.88,5296.299369
2026-06-09T12:50:00+00:00,61.86,61.91,61.8,61.85,23533.167987
2026-06-09T12:55:00+00:00,61.8771,61.93,61.8562,61.8972,4669.518204999999
2026-06-09T13:00:00+00:00,61.91,62.11,61.91,62.11,34302.639110000004
2026-06-09T13:05:00+00:00,62.1,62.22,62.05,62.0992,42604.481167
2026-06-09T13:10:00+00:00,62.1,62.23,62.1,62.1652,16980.843174
2026-06-09T13:15:00+00:00,62.1679,62.19,62.12,62.14,14607.247503999999
2026-06-09T13:20:00+00:00,62.17,62.19,61.91,61.91,29023.812896
2026-06-09T13:25:00+00:00,61.9,61.96,61.81,61.86,22458.023622
2026-06-09T13:30:00+00:00,61.87,61.88,61.7999,61.84,11439.484549
2026-06-09T13:35:00+00:00,61.82,61.86,61.64,61.64,262106.38699400003
2026-06-09T13:40:00+00:00,61.615,61.7,61.48,61.54,433061.948061
2026-06-09T13:45:00+00:00,61.55,61.57,61.365,61.495,331792.209778
2026-06-09T13:50:00+00:00,61.49,62.425,61.45,62.085,750114.059468
2026-06-09T13:55:00+00:00,62.085,62.0901,61.61,61.64,314326.61240200006
2026-06-09T14:00:00+00:00,61.64,61.645,61.44,61.51,267549.37057100004
2026-06-09T14:05:00+00:00,61.51,61.62,61.405,61.46,723847.9466179999
2026-06-09T14:10:00+00:00,61.46,61.51,61.27,61.405,418152.604478
2026-06-09T14:15:00+00:00,61.4,61.405,61.08,61.15,317716.035804
2026-06-09T14:20:00+00:00,61.135,61.21,60.651,60.77,736968.4485820001
2026-06-09T14:25:00+00:00,60.76,60.97,60.68,60.8835,275359.34089600004
2026-06-09T14:30:00+00:00,60.88,60.98,60.53,60.57,259378.130084
2026-06-09T14:35:00+00:00,60.56,60.67,60.22,60.3374,1000143.1584589999
2026-06-09T14:40:00+00:00,60.33,60.33,59.79,59.915,1054220.776453
2026-06-09T14:45:00+00:00,59.91,59.98,59.22,59.225,1232010.58779
2026-06-09T14:50:00+00:00,59.22,59.36,59.01,59.255,1129117.436695
2026-06-09T14:55:00+00:00,59.25,59.63,59.17,59.5699,746880.024775
2026-06-09T15:00:00+00:00,59.56,59.765,59.33,59.7599,508068.716227
2026-06-09T15:05:00+00:00,59.765,59.835,59.66,59.7799,393291.264342
2026-06-09T15:10:00+00:00,59.7743,59.86,59.655,59.855,231888.84973
2026-06-09T15:15:00+00:00,59.8601,59.96,59.68,59.8975,433401.07847099996
2026-06-09T15:20:00+00:00,59.89,59.93,59.77,59.79,305720.779956
2026-06-09T15:25:00+00:00,59.79,59.83,59.635,59.65,395962.13811
2026-06-09T15:30:00+00:00,59.66,59.745,59.32,59.385,473214.16897
2026-06-09T15:35:00+00:00,59.39,59.505,59.04,59.285,572269.075174
2026-06-09T15:40:00+00:00,59.29,59.295,58.9,59.13,694892.446061
2026-06-09T15:45:00+00:00,59.11,59.28,59.065,59.165,328092.39245
2026-06-09T15:50:00+00:00,59.19,59.31,59.1,59.2,259248.702053
2026-06-09T15:55:00+00:00,59.19,59.34,59.08,59.22,260265.90313700002
2026-06-09T16:00:00+00:00,59.22,59.38,58.98,59.04,452611.83961599995
2026-06-09T16:05:00+00:00,59.01,59.32,58.9806,59.12,412180.26067099994
2026-06-09T16:10:00+00:00,59.12,59.15,58.9184,59.02,426253.03637999995
2026-06-09T16:15:00+00:00,59.0,59.08,58.87,58.9299,417796.903985
2026-06-09T16:20:00+00:00,58.92,59.06,58.73,58.84,500690.53416499996
2026-06-09T16:25:00+00:00,58.83,59.0305,58.74,58.99,417260.884859
2026-06-09T16:30:00+00:00,58.9888,59.1,58.93,58.94,322653.821815
2026-06-09T16:35:00+00:00,58.94,59.065,58.88,59.0,391841.767914
2026-06-09T16:40:00+00:00,59.01,59.19,58.22,58.395,1431030.0809880001
2026-06-09T16:45:00+00:00,58.405,58.62,58.26,58.54,813221.0030140001
2026-06-09T16:50:00+00:00,58.525,58.69,58.4799,58.65,486982.600773
2026-06-09T16:55:00+00:00,58.64,58.7,58.38,58.395,283896.040555
2026-06-09T17:00:00+00:00,58.395,58.6699,58.38,58.66,177776.508006
2026-06-09T17:05:00+00:00,58.67,58.97,58.65,58.94,324321.02474499994
2026-06-09T17:10:00+00:00,58.925,59.01,58.8,58.89,255558.02665199997
2026-06-09T17:15:00+00:00,58.89,58.96,58.735,58.88,237693.151955
2026-06-09T17:20:00+00:00,58.87,59.015,58.8001,59.0,255020.32734799996
2026-06-09T17:25:00+00:00,59.0,59.095,58.81,58.91,479435.63217799994
2026-06-09T17:30:00+00:00,58.905,58.98,58.8301,58.905,177253.541117
2026-06-09T17:35:00+00:00,58.905,59.055,58.84,59.03,182574.767098
2026-06-09T17:40:00+00:00,59.045,59.045,58.88,58.915,262275.853068
2026-06-09T17:45:00+00:00,58.915,59.105,58.895,58.975,275979.017916
2026-06-09T17:50:00+00:00,58.98,59.035,58.74,58.7601,314834.194647
2026-06-09T17:55:00+00:00,58.765,58.895,58.765,58.805,112615.033798
2026-06-09T18:00:00+00:00,58.815,58.95,58.815,58.895,222684.571522
2026-06-09T18:05:00+00:00,58.915,58.975,58.82,58.906,247704.094896
2026-06-09T18:10:00+00:00,58.9,59.085,58.87,59.085,364064.606292
2026-06-09T18:15:00+00:00,59.085,59.095,58.91,59.015,366381.30091700004
2026-06-09T18:20:00+00:00,59.01,59.21,58.945,59.175,324556.2504
2026-06-09T18:25:00+00:00,59.185,59.3499,59.185,59.3001,303776.71650599997
2026-06-09T18:30:00+00:00,59.3,59.3,59.145,59.255,241676.816923
2026-06-09T18:35:00+00:00,59.25,59.375,59.205,59.34,176578.117592
2026-06-09T18:40:00+00:00,59.35,59.37,59.295,59.33,120625.71710299999
2026-06-09T18:45:00+00:00,59.34,59.36,59.14,59.17,199261.296766
2026-06-09T18:50:00+00:00,59.17,59.23,59.14,59.23,138954.208832
2026-06-09T18:55:00+00:00,59.225,59.315,59.19,59.26,91860.404615
2026-06-09T19:00:00+00:00,59.27,59.4401,59.26,59.385,187781.46594400003
2026-06-09T19:05:00+00:00,59.39,59.46,59.28,59.4455,168058.099812
2026-06-09T19:10:00+00:00,59.44,59.5,59.26,59.28,195994.025412
2026-06-09T19:15:00+00:00,59.275,59.28,59.035,59.035,198655.62742799998
2026-06-09T19:20:00+00:00,59.04,59.05,58.92,58.945,250260.34888199996
2026-06-09T19:25:00+00:00,58.94,59.01,58.88,58.96,253569.83967999998
2026-06-09T19:30:00+00:00,58.95,59.01,58.9,58.9723,139870.227295
2026-06-09T19:35:00+00:00,58.97,59.0957,58.95,59.085,150216.939275
2026-06-09T19:40:00+00:00,59.09,59.09,58.91,58.92,310061.484586
2026-06-09T19:45:00+00:00,58.91,58.91,58.81,58.815,512769.18283
2026-06-09T19:50:00+00:00,58.82,58.86,58.775,58.785,866664.9497009999
2026-06-09T19:55:00+00:00,58.79,59.02,58.785,59.015,510938.308175
2026-06-09T20:00:00+00:00,59.015,59.035,58.925,58.99,831383.160189
2026-06-09T20:05:00+00:00,59.01,59.13,58.8966,59.1108,59814.605169
2026-06-09T20:10:00+00:00,59.1199,59.1199,59.02,59.04,43857.253907000006
2026-06-09T20:15:00+00:00,59.04,59.07,59.03,59.0499,56407.285736
2026-06-09T20:20:00+00:00,59.08,59.11,59.06,59.07,7620.503900000001
2026-06-09T20:25:00+00:00,59.08,59.1,59.0352,59.0352,2341.35347
2026-06-09T20:30:00+00:00,59.08,59.1,59.06,59.08,12742.560767
2026-06-09T20:35:00+00:00,59.06,59.0769,59.03,59.0769,43982.434084
2026-06-09T20:40:00+00:00,59.06,59.09,59.0452,59.09,5877.581581
2026-06-09T20:45:00+00:00,59.1414,59.19,59.1414,59.1426,3723.1690309999994
2026-06-09T20:50:00+00:00,59.13,59.1488,59.1,59.13,2917.72477
2026-06-09T20:55:00+00:00,59.1,59.1435,59.1,59.1398,601.0
2026-06-09T21:00:00+00:00,59.1499,59.15,59.07,59.07,15863.450421999998
2026-06-09T21:05:00+00:00,59.0997,59.17,59.0997,59.17,7215.002547
2026-06-09T21:10:00+00:00,59.18,59.22,59.18,59.22,7043.008877
2026-06-09T21:15:00+00:00,59.22,59.2375,59.18,59.18,2978.554674
2026-06-09T21:20:00+00:00,59.24,59.24,59.2005,59.2019,4303.717814
2026-06-09T21:25:00+00:00,59.19,59.2,59.15,59.2,3212.347629
2026-06-09T21:30:00+00:00,59.2322,59.24,59.16,59.176,3373.8996580000003
2026-06-09T21:35:00+00:00,59.16,59.24,59.16,59.16,2534.8618969999998
2026-06-09T21:40:00+00:00,59.19,59.2,59.15,59.1505,9531.501441
2026-06-09T21:45:00+00:00,59.1599,59.1599,59.12,59.12,5638.505317
2026-06-09T21:50:00+00:00,59.12,59.14,59.12,59.1373,1079.0
2026-06-09T21:55:00+00:00,59.12,59.13,59.12,59.13,7231.349919
2026-06-09T22:00:00+00:00,59.14,59.14,59.1,59.1,2726.959831
2026-06-09T22:05:00+00:00,59.12,59.12,59.02,59.0326,12985.967059999999
2026-06-09T22:10:00+00:00,59.1,59.1,58.97,59.0,7972.473387999999
2026-06-09T22:15:00+00:00,58.9591,59.0598,58.9591,59.03,3313.451238
2026-06-09T22:20:00+00:00,59.06,59.06,58.9263,58.9874,4222.085036
2026-06-09T22:25:00+00:00,58.9627,59.0381,58.9627,58.9881,6544.253169
2026-06-09T22:30:00+00:00,58.98,59.0,58.96,58.9969,2503.0
2026-06-09T22:35:00+00:00,58.9894,59.0,58.95,58.95,8096.176893
2026-06-09T22:40:00+00:00,58.9698,58.9698,58.83,58.886,9159.641988
2026-06-09T22:45:00+00:00,58.9,58.9,58.7753,58.8035,9423.851007000001
2026-06-09T22:50:00+00:00,58.8,58.8,58.68,58.712,33513.327796
2026-06-09T22:55:00+00:00,58.756,58.7722,58.61,58.71,6673.87
2026-06-09T23:00:00+00:00,58.67,58.7,58.67,58.7,2867.202247
2026-06-09T23:05:00+00:00,58.75,58.9286,58.74,58.87,7346.13249
2026-06-09T23:10:00+00:00,58.88,58.9,58.78,58.78,8284.2
2026-06-09T23:15:00+00:00,58.75,58.82,58.72,58.72,5400.442376000001
2026-06-09T23:20:00+00:00,58.7,58.7,58.57,58.64,26780.62143
2026-06-09T23:25:00+00:00,58.68,58.7169,58.59,58.6026,4164.369849
2026-06-09T23:30:00+00:00,58.6539,58.6641,58.55,58.5508,7306.488821
2026-06-09T23:35:00+00:00,58.55,58.6561,58.5382,58.62,10632.662972
2026-06-09T23:40:00+00:00,58.62,58.6389,58.52,58.56,6802.686694
2026-06-09T23:45:00+00:00,58.56,58.63,58.56,58.56,11299.831686
2026-06-09T23:50:00+00:00,58.52,58.58,58.4999,58.5,20166.821678
2026-06-09T23:55:00+00:00,58.55,58.6654,58.52,58.63,5335.446540999999
2026-06-10T00:00:00+00:00,58.65,58.75,58.5959,58.75,17651.215378
2026-06-10T08:05:00+00:00,58.66,59.01,57.4,57.67,551499.348907
2026-06-10T08:10:00+00:00,57.75,58.64,57.61,57.82,49487.086927
2026-06-10T08:15:00+00:00,57.86,58.03,57.64,57.73,16859.336475
2026-06-10T08:20:00+00:00,57.74,57.97,57.73,57.92,5257.700743
2026-06-10T08:25:00+00:00,57.92,57.93,57.7,57.78,12154.992283
2026-06-10T08:30:00+00:00,57.8,57.84,57.75,57.84,13739.412229000001
2026-06-10T08:35:00+00:00,57.8,57.84,57.71,57.76,83805.293851
2026-06-10T08:40:00+00:00,57.88,57.98,57.88,57.88,2884.158921
2026-06-10T08:45:00+00:00,57.93,57.96,57.49,57.49,58414.85385299999
2026-06-10T08:50:00+00:00,57.5,57.76,57.5,57.75,11095.647836
2026-06-10T08:55:00+00:00,57.78,57.85,57.73,57.73,4207.959138
2026-06-10T09:00:00+00:00,57.71,57.75,57.7,57.7,6659.697990000001
2026-06-10T09:05:00+00:00,57.68,57.74,57.6265,57.69,15493.005428
2026-06-10T09:10:00+00:00,57.77,57.86,57.76,57.81,7062.09
2026-06-10T09:15:00+00:00,57.83,57.92,57.74,57.75,2978.828442
2026-06-10T09:20:00+00:00,57.7,57.88,57.65,57.82,12220.216179
2026-06-10T09:25:00+00:00,57.78,57.79,57.6896,57.744,6883.301740999999
2026-06-10T09:30:00+00:00,57.75,57.87,57.75,57.78,8362.477596
2026-06-10T09:35:00+00:00,57.85,58.09,57.85,58.03,40818.263984
2026-06-10T09:40:00+00:00,58.03,58.1,57.99,57.99,5882.699868
2026-06-10T09:45:00+00:00,57.89,57.94,57.89,57.93,2558.50326
2026-06-10T09:50:00+00:00,57.95,58.0,57.77,57.81,6015.7807060000005
2026-06-10T09:55:00+00:00,57.79,57.86,57.77,57.85,11861.058986999999
2026-06-10T10:00:00+00:00,57.85,57.9199,57.84,57.89,7687.410981999999
2026-06-10T10:05:00+00:00,57.89,57.99,57.83,57.98,7312.248798
2026-06-10T10:10:00+00:00,57.94,57.95,57.8,57.8,5547.099339
2026-06-10T10:15:00+00:00,57.82,58.05,57.81,58.05,9822.084323
2026-06-10T10:20:00+00:00,57.98,58.02,57.95,58.0,5988.769136999999
2026-06-10T10:25:00+00:00,58.01,58.1,57.99,58.05,14219.698568
2026-06-10T10:30:00+00:00,58.04,58.11,57.96,58.09,4570.9898539999995
2026-06-10T10:35:00+00:00,58.03,58.11,58.0,58.0,16365.693823000001
2026-06-10T10:40:00+00:00,58.0,58.08,58.0,58.05,37202.547405
2026-06-10T10:45:00+00:00,58.05,58.15,58.05,58.13,4346.804954
2026-06-10T10:50:00+00:00,58.13,58.3,58.13,58.3,4961.636109
2026-06-10T10:55:00+00:00,58.29,58.33,58.2,58.23,8164.151692999999
2026-06-10T11:00:00+00:00,58.22,58.35,58.22,58.3061,16593.236916
2026-06-10T11:05:00+00:00,58.3,58.339,57.85,57.85,117410.980855
2026-06-10T11:10:00+00:00,57.89,57.99,57.7,57.902,65010.39502199999
2026-06-10T11:15:00+00:00,57.93,58.1,57.92,58.04,29040.482226
2026-06-10T11:20:00+00:00,58.06,58.13,58.03,58.05,24826.189832
2026-06-10T11:25:00+00:00,58.07,58.24,58.03,58.03,40816.659392
2026-06-10T11:30:00+00:00,57.99,58.01,57.75,57.94,56853.921942
2026-06-10T11:35:00+00:00,58.0305,58.1418,57.93,58.12,18865.597537999998
2026-06-10T11:40:00+00:00,58.12,58.1536,58.0,58.0105,20023.371102999998
2026-06-10T11:45:00+00:00,58.04,58.15,57.95,57.95,29584.691501
2026-06-10T11:50:00+00:00,57.9,57.93,57.84,57.9009,14087.053430999998
2026-06-10T11:55:00+00:00,57.95,58.1,57.86,57.86,23435.136046
2026-06-10T12:00:00+00:00,57.9,57.93,57.65,57.706,49445.151555
2026-06-10T12:05:00+00:00,57.69,57.75,57.33,57.4,104643.885619
2026-06-10T12:10:00+00:00,57.43,57.57,57.35,57.56,45361.38535
2026-06-10T12:15:00+00:00,57.57,57.68,57.45,57.53,49574.028590999995
2026-06-10T12:20:00+00:00,57.52,57.65,57.34,57.4191,43132.114065
2026-06-10T12:25:00+00:00,57.34,57.4634,57.34,57.37,35325.711922
2026-06-10T12:30:00+00:00,57.39,57.69,57.32,57.61,95122.98329500001
2026-06-10T12:35:00+00:00,57.7,58.83,57.47,58.4499,497012.79506100004
2026-06-10T12:40:00+00:00,58.4311,58.8,58.25,58.44,105723.91422899999
2026-06-10T12:45:00+00:00,58.43,58.5292,58.25,58.34,48765.331512
2026-06-10T12:50:00+00:00,58.36,58.62,58.2326,58.38,76620.52933699999
2026-06-10T12:55:00+00:00,58.39,58.39,58.09,58.09,38521.985013
2026-06-10T13:00:00+00:00,58.14,58.17,57.976,58.11,29857.135484
2026-06-10T13:05:00+00:00,58.09,58.561,58.03,58.3891,87176.369039
2026-06-10T13:10:00+00:00,58.33,58.56,58.28,58.3799,34467.703720000005
2026-06-10T13:15:00+00:00,58.42,58.45,58.26,58.2605,17382.856851
2026-06-10T13:20:00+00:00,58.29,58.29,57.98,58.0,54415.615895
2026-06-10T13:25:00+00:00,58.0,58.27,57.9204,58.26,87023.612318
2026-06-10T13:30:00+00:00,58.21,58.37,58.19,58.23,163291.975599
2026-06-10T13:35:00+00:00,58.19,58.39,58.16,58.29,901052.6798370001
2026-06-10T13:40:00+00:00,58.26,59.0,58.25,58.89,758646.924183
2026-06-10T13:45:00+00:00,58.865,59.31,58.82,59.31,558679.1973359999
2026-06-10T13:50:00+00:00,59.31,59.47,59.185,59.425,742122.256989
2026-06-10T13:55:00+00:00,59.43,59.4699,59.1914,59.38,363616.49453
2026-06-10T14:00:00+00:00,59.39,59.39,59.22,59.3301,265697.356906
2026-06-10T14:05:00+00:00,59.35,59.37,59.02,59.121,369723.940238
2026-06-10T14:10:00+00:00,59.12,59.21,59.05,59.145,318599.209471
2026-06-10T14:15:00+00:00,59.15,59.4,59.1,59.175,349213.088209
2026-06-10T14:20:00+00:00,59.175,59.26,59.01,59.08,505430.095881
2026-06-10T14:25:00+00:00,59.07,59.19,58.91,59.14,394220.347535
2026-06-10T14:30:00+00:00,59.14,59.165,58.88,58.92,218282.17741499998
2026-06-10T14:35:00+00:00,58.91,59.09,58.77,59.07,311408.22598900006
2026-06-10T14:40:00+00:00,59.075,59.11,58.83,58.97,347948.534458
2026-06-10T14:45:00+00:00,58.96,59.09,58.82,58.82,233949.265894
2026-06-10T14:50:00+00:00,58.82,58.86,58.56,58.615,347024.289381
2026-06-10T14:55:00+00:00,58.61,58.72,58.53,58.59,432047.364381
2026-06-10T15:00:00+00:00,58.6,58.63,58.22,58.37,511746.07344500005
2026-06-10T15:05:00+00:00,58.38,58.6499,58.34,58.44,364077.969852
2026-06-10T15:10:00+00:00,58.44,58.44,58.3,58.33,298828.053892
2026-06-10T15:15:00+00:00,58.34,58.37,58.19,58.28,354123.002232
2026-06-10T15:20:00+00:00,58.26,58.28,58.1,58.185,595186.013304
2026-06-10T15:25:00+00:00,58.18,58.6,58.16,58.5299,350904.67526499997
2026-06-10T15:30:00+00:00,58.525,58.655,58.49,58.495,339479.661864
2026-06-10T15:35:00+00:00,58.48,58.6305,58.455,58.6,406781.614816
2026-06-10T15:40:00+00:00,58.59,58.645,58.49,58.565,266117.522905
2026-06-10T15:45:00+00:00,58.5601,58.73,58.51,58.7,243700.530436
2026-06-10T15:50:00+00:00,58.7,58.875,58.31,58.535,710813.406216
2026-06-10T15:55:00+00:00,58.53,58.71,58.25,58.6,366753.665764
2026-06-10T16:00:00+00:00,58.58,58.7201,58.46,58.7201,166751.25966600003
2026-06-10T16:05:00+00:00,58.72,58.82,58.6,58.65,277734.591364
2026-06-10T16:10:00+00:00,58.645,58.8,58.63,58.76,191246.019327
2026-06-10T16:15:00+00:00,58.755,58.8,58.66,58.74,164876.811907
2026-06-10T16:20:00+00:00,58.745,58.85,58.72,58.85,126332.699265
2026-06-10T16:25:00+00:00,58.86,58.96,58.76,58.82,168443.551635
2026-06-10T16:30:00+00:00,58.835,58.89,58.735,58.765,123749.00765
2026-06-10T16:35:00+00:00,58.77,58.805,58.63,58.77,132853.16336799998
2026-06-10T16:40:00+00:00,58.77,58.84,58.71,58.78,128786.565042
2026-06-10T16:45:00+00:00,58.755,58.79,58.62,58.655,88963.048776
2026-06-10T16:50:00+00:00,58.65,58.65,58.53,58.61,127893.98919800001
2026-06-10T16:55:00+00:00,58.61,58.705,58.55,58.66,126561.52874499999
2026-06-10T17:00:00+00:00,58.6589,58.755,58.6064,58.755,140995.583708
2026-06-10T17:05:00+00:00,58.76,58.97,58.725,58.94,301752.847617
2026-06-10T17:10:00+00:00,58.93,58.93,58.67,58.71,298123.98161699995
2026-06-10T17:15:00+00:00,58.7,58.7,58.525,58.585,164867.18673299998
2026-06-10T17:20:00+00:00,58.5863,58.645,58.545,58.56,98204.279247
2026-06-10T17:25:00+00:00,58.5501,58.605,58.4,58.425,233994.747752
2026-06-10T17:30:00+00:00,58.41,58.51,58.41,58.47,90460.591358
2026-06-10T17:35:00+00:00,58.46,58.54,58.36,58.5,206334.91363599998
2026-06-10T17:40:00+00:00,58.495,58.515,58.335,58.34,115355.44681299999
2026-06-10T17:45:00+00:00,58.34,58.39,58.305,58.32,105524.572404
2026-06-10T17:50:00+00:00,58.315,58.61,58.28,58.59,234460.146971
2026-06-10T17:55:00+00:00,58.59,58.66,58.365,58.55,338056.703622
2026-06-10T18:00:00+00:00,58.565,58.715,58.55,58.6643,222026.305882
2026-06-10T18:05:00+00:00,58.68,58.945,58.67,58.931,149466.71412799996
2026-06-10T18:10:00+00:00,58.94,58.94,58.74,58.75,151155.792143
2026-06-10T18:15:00+00:00,58.74,58.795,58.72,58.755,144626.944907
2026-06-10T18:20:00+00:00,58.76,58.83,58.635,58.6882,94055.459859
2026-06-10T18:25:00+00:00,58.69,58.755,58.6201,58.6643,93430.671602
2026-06-10T18:30:00+00:00,58.66,58.69,58.59,58.675,78044.22598599999
2026-06-10T18:35:00+00:00,58.675,58.675,58.605,58.62,63621.655096999995
2026-06-10T18:40:00+00:00,58.625,58.655,58.5593,58.58,154608.757556
2026-06-10T18:45:00+00:00,58.58,58.6456,58.515,58.52,109907.023
2026-06-10T18:50:00+00:00,58.52,58.575,58.5,58.51,120016.273316
2026-06-10T18:55:00+00:00,58.5,58.5,58.34,58.465,146565.891751
2026-06-10T19:00:00+00:00,58.46,58.495,58.38,58.456,76771.335105
2026-06-10T19:05:00+00:00,58.46,58.465,58.27,58.28,131003.68446
2026-06-10T19:10:00+00:00,58.28,58.33,58.25,58.2601,121477.68485100001
2026-06-10T19:15:00+00:00,58.26,58.2637,57.98,58.03,470393.46109299996
2026-06-10T19:20:00+00:00,58.03,58.09,57.95,57.97,351852.79475500004
2026-06-10T19:25:00+00:00,57.97,57.99,57.75,57.79,505109.42471299996
2026-06-10T19:30:00+00:00,57.8,57.83,57.625,57.81,339579.93198
2026-06-10T19:35:00+00:00,57.81,57.91,57.78,57.825,390753.977142
2026-06-10T19:40:00+00:00,57.825,57.8451,57.705,57.815,524568.971961
2026-06-10T19:45:00+00:00,57.815,57.925,57.805,57.91,379795.392177
2026-06-10T19:50:00+00:00,57.91,57.96,57.84,57.915,708039.995521
2026-06-10T19:55:00+00:00,57.91,58.03,57.82,57.84,702065.910024
2026-06-10T20:00:00+00:00,57.84,57.845,57.63,57.655,1151700.936741
2026-06-10T20:05:00+00:00,57.67,57.67,57.47,57.49,80487.063862
2026-06-10T20:10:00+00:00,57.48,57.5,57.35,57.3738,22093.220638000003
2026-06-10T20:15:00+00:00,57.37,57.42,57.27,57.4,129494.35914599999
2026-06-10T20:20:00+00:00,57.3961,57.42,57.3252,57.4,32949.905668
2026-06-10T20:25:00+00:00,57.4,57.49,57.3605,57.4697,8327.326562
2026-06-10T20:30:00+00:00,57.46,57.55,57.45,57.5205,8092.519208
2026-06-10T20:35:00+00:00,57.51,57.51,57.4274,57.47,9067.241102
2026-06-10T20:40:00+00:00,57.5,57.5499,57.45,57.5405,10835.34468
2026-06-10T20:45:00+00:00,57.53,57.54,57.45,57.46,24787.643268000003
2026-06-10T20:50:00+00:00,57.4997,57.4997,57.33,57.33,9779.145688
2026-06-10T20:55:00+00:00,57.34,57.3661,57.3,57.36,7083.528500999999
2026-06-10T21:00:00+00:00,57.36,57.39,57.25,57.39,2827.2383509999995
2026-06-10T21:05:00+00:00,57.4,57.47,57.38,57.4497,13247.436776999999
2026-06-10T21:10:00+00:00,57.4336,57.4583,57.3501,57.3501,24284.798405999998
2026-06-10T21:15:00+00:00,57.3935,57.4,57.35,57.35,6706.049843000001
2026-06-10T21:20:00+00:00,57.39,57.4394,57.39,57.4394,4853.018714
2026-06-10T21:25:00+00:00,57.4013,57.4013,57.32,57.33,15785.955929
2026-06-10T21:30:00+00:00,57.31,57.37,57.3,57.3594,7569.325841
2026-06-10T21:35:00+00:00,57.34,57.3756,57.33,57.36,3996.4638079999995
2026-06-10T21:40:00+00:00,57.36,57.38,57.35,57.38,985.0917959999999
2026-06-10T21:45:00+00:00,57.3307,57.34,57.33,57.33,1784.88183
2026-06-10T21:50:00+00:00,57.32,57.38,57.32,57.38,20836.094522
2026-06-10T21:55:00+00:00,57.3799,57.3799,57.33,57.37,1639.674227
2026-06-10T22:00:00+00:00,57.35,57.37,57.3,57.31,36511.674776
2026-06-10T22:05:00+00:00,57.3,57.3494,56.78,56.95,119091.371531
2026-06-10T22:10:00+00:00,56.98,56.98,56.75,56.8,10488.9206
2026-06-10T22:15:00+00:00,56.75,56.91,56.6729,56.91,36636.774996
2026-06-10T22:20:00+00:00,56.8991,56.8991,56.47,56.65,46710.624922
2026-06-10T22:25:00+00:00,56.69,56.69,56.4404,56.54,18685.654767
2026-06-10T22:30:00+00:00,56.54,56.7187,56.49,56.7,21725.030368999996
2026-06-10T22:35:00+00:00,56.7152,56.95,56.7152,56.85,19170.00603
2026-06-10T22:40:00+00:00,56.9,57.15,56.9,57.15,16181.551343
2026-06-10T22:45:00+00:00,57.15,57.32,57.1,57.13,26499.790861
2026-06-10T22:50:00+00:00,57.094,57.27,57.09,57.215,8506.888017
2026-06-10T22:55:00+00:00,57.15,57.15,56.7226,56.9397,11354.618819
2026-06-10T23:00:00+00:00,56.88,56.88,56.64,56.68,17946.614980000002
2026-06-10T23:05:00+00:00,56.74,56.8094,56.69,56.77,33275.837871
2026-06-10T23:10:00+00:00,56.75,56.75,56.4,56.4,20782.704345
2026-06-10T23:15:00+00:00,56.4,56.5,55.63,55.79,99961.652139
2026-06-10T23:20:00+00:00,55.8835,56.33,55.77,56.32,68857.530038
2026-06-10T23:25:00+00:00,56.24,56.49,56.17,56.41,47100.964003
2026-06-10T23:30:00+00:00,56.33,56.79,56.33,56.7835,24013.956151
2026-06-10T23:35:00+00:00,56.7599,56.79,56.607,56.6555,14550.634203000001
2026-06-10T23:40:00+00:00,56.7,56.788,56.64,56.6883,20161.823177999995
2026-06-10T23:45:00+00:00,56.6418,56.73,56.6,56.6,13756.943360000001
2026-06-10T23:50:00+00:00,56.57,56.71,56.4,56.6,25594.3314
2026-06-10T23:55:00+00:00,56.56,56.63,56.5,56.5,8995.863995
2026-06-11T00:00:00+00:00,56.5,56.51,56.085,56.26,22124.031937
2026-06-11T08:05:00+00:00,58.12,58.4,57.4,57.85,329487.44523099996
2026-06-11T08:10:00+00:00,58.33,58.49,57.53,58.43,152565.95924
2026-06-11T08:15:00+00:00,58.44,58.46,58.3,58.3,52981.825398999994
2026-06-11T08:20:00+00:00,58.31,58.33,58.25,58.26,19649.475904
2026-06-11T08:25:00+00:00,58.25,58.34,58.15,58.3,7996.158354
2026-06-11T08:30:00+00:00,58.33,58.36,58.3,58.32,6651.137247
2026-06-11T08:35:00+00:00,58.29,58.31,58.23,58.28,9267.477605
2026-06-11T08:40:00+00:00,58.301,58.3719,58.29,58.3,6209.014174000001
2026-06-11T08:45:00+00:00,58.35,58.37,58.25,58.26,6926.61721
2026-06-11T08:50:00+00:00,58.25,58.28,58.18,58.2,7627.675636
2026-06-11T08:55:00+00:00,58.18,58.2296,58.076,58.076,7830.088775
2026-06-11T09:00:00+00:00,58.06,58.18,58.06,58.18,6656.634948999999
2026-06-11T09:05:00+00:00,58.12,58.15,58.1,58.1399,10727.58993
2026-06-11T09:10:00+00:00,58.15,58.15,57.89,57.91,14888.801101000001
2026-06-11T09:15:00+00:00,57.94,58.01,57.89,58.01,23813.093065
2026-06-11T09:20:00+00:00,57.98,58.0,57.92,58.0,14169.334371
2026-06-11T09:25:00+00:00,57.95,57.96,57.94,57.95,11086.542898000002
2026-06-11T09:30:00+00:00,57.97,57.97,57.8801,57.92,8895.322379
2026-06-11T09:35:00+00:00,57.92,57.92,57.88,57.89,6230.858399
2026-06-11T09:40:00+00:00,57.89,57.94,57.88,57.94,2742.989925
2026-06-11T09:45:00+00:00,57.99,58.01,57.97,58.01,8616.967592
2026-06-11T09:50:00+00:00,58.03,58.07,58.03,58.03,4052.220151
2026-06-11T09:55:00+00:00,58.01,58.01,57.99,57.99,1108.1417900000001
2026-06-11T10:00:00+00:00,58.01,58.1,57.91,57.93,8781.0
2026-06-11T10:05:00+00:00,57.96,58.0,57.9,57.9,1469.5537889999998
2026-06-11T10:10:00+00:00,57.92,57.94,57.92,57.93,1242.0
2026-06-11T10:15:00+00:00,57.83,57.92,57.83,57.91,7168.080751
2026-06-11T10:20:00+00:00,57.9,57.9,57.77,57.78,1974.231347
2026-06-11T10:25:00+00:00,57.85,57.97,57.85,57.95,14661.101157
2026-06-11T10:30:00+00:00,57.93,57.94,57.8759,57.8759,43683.140183
2026-06-11T10:35:00+00:00,57.85,57.93,57.84,57.93,11789.067267999999
2026-06-11T10:40:00+00:00,57.89,57.9101,57.87,57.9101,1069.517334
2026-06-11T10:45:00+00:00,57.89,57.89,57.87,57.87,3232.8338
2026-06-11T10:50:00+00:00,57.86,57.87,57.83,57.832,24279.255462
2026-06-11T10:55:00+00:00,57.91,57.97,57.91,57.9584,4040.989973
2026-06-11T11:00:00+00:00,57.89,57.89,57.77,57.8,13871.601455
2026-06-11T11:05:00+00:00,57.82,57.85,57.63,57.82,108416.12910800001
2026-06-11T11:10:00+00:00,57.83,57.86,57.69,57.78,20981.952977
2026-06-11T11:15:00+00:00,57.82,57.82,57.73,57.73,3077.57098
2026-06-11T11:20:00+00:00,57.7,57.7495,57.59,57.66,18202.878576000003
2026-06-11T11:25:00+00:00,57.6,57.65,57.536,57.65,6561.680602
2026-06-11T11:30:00+00:00,57.63,57.75,57.62,57.73,20074.719295
2026-06-11T11:35:00+00:00,57.77,57.9395,57.68,57.68,24747.699572999994
2026-06-11T11:40:00+00:00,57.67,57.67,57.42,57.44,28170.213227
2026-06-11T11:45:00+00:00,57.4326,57.55,57.42,57.52,34950.956584
2026-06-11T11:50:00+00:00,57.5,57.58,57.4739,57.58,6057.253336
2026-06-11T11:55:00+00:00,57.54,57.7499,57.54,57.74,28481.724382
2026-06-11T12:00:00+00:00,57.75,57.76,57.6501,57.67,9378.138845999998
2026-06-11T12:05:00+00:00,57.62,57.77,57.62,57.7561,38928.1927
2026-06-11T12:10:00+00:00,57.76,57.77,57.58,57.61,65592.18956999999
2026-06-11T12:15:00+00:00,57.57,57.57,57.43,57.54,28579.728529
2026-06-11T12:20:00+00:00,57.53,57.65,57.5,57.5,10416.179028
2026-06-11T12:25:00+00:00,57.47,57.51,57.09,57.23,191436.674395
2026-06-11T12:30:00+00:00,57.22,57.23,56.88,57.0,68721.625612
2026-06-11T12:35:00+00:00,56.99,57.2801,56.77,56.98,87901.051491
2026-06-11T12:40:00+00:00,56.96,57.02,56.85,56.98,25134.153168
2026-06-11T12:45:00+00:00,56.93,57.36,56.85,57.25,93160.97670300001
2026-06-11T12:50:00+00:00,57.21,57.3999,57.14,57.27,45167.87091
2026-06-11T12:55:00+00:00,57.25,57.44,57.1852,57.44,55771.004877
2026-06-11T13:00:00+00:00,57.46,57.5,57.31,57.38,13231.471177
2026-06-11T13:05:00+00:00,57.39,57.81,57.39,57.75,57737.121902
2026-06-11T13:10:00+00:00,57.76,57.8,57.48,57.65,33758.51231
2026-06-11T13:15:00+00:00,57.6335,57.6335,57.32,57.33,39461.360555
2026-06-11T13:20:00+00:00,57.35,57.51,57.35,57.43,38037.15087599999
2026-06-11T13:25:00+00:00,57.45,57.56,57.45,57.46,23092.053276
2026-06-11T13:30:00+00:00,57.38,57.6,57.3,57.45,55287.163323
2026-06-11T13:35:00+00:00,57.45,57.62,57.39,57.49,645143.3731160001
2026-06-11T13:40:00+00:00,57.48,57.73,57.345,57.47,268525.51013899996
2026-06-11T13:45:00+00:00,57.47,57.69,57.3,57.63,322304.028153
2026-06-11T13:50:00+00:00,57.64,58.0,57.55,57.865,657664.571271
2026-06-11T13:55:00+00:00,57.8999,58.09,57.88,57.9401,363040.22818300006
2026-06-11T14:00:00+00:00,57.96,58.13,57.885,57.9089,204702.573885
2026-06-11T14:05:00+00:00,57.92,58.095,57.86,57.96,264389.48804900004
2026-06-11T14:10:00+00:00,57.95,57.955,57.59,57.625,190698.017914
2026-06-11T14:15:00+00:00,57.63,57.63,57.4,57.54,275802.301156
2026-06-11T14:20:00+00:00,57.54,57.7,57.45,57.58,197775.492969
2026-06-11T14:25:00+00:00,57.57,58.03,57.56,57.955,230564.190237
2026-06-11T14:30:00+00:00,57.955,58.075,57.87,57.89,287204.652567
2026-06-11T14:35:00+00:00,57.91,57.9618,57.81,57.9,321017.381118
2026-06-11T14:40:00+00:00,57.885,58.06,57.85,58.0,280936.371254
2026-06-11T14:45:00+00:00,58.0,58.065,57.87,57.87,217810.181036
2026-06-11T14:50:00+00:00,57.88,58.015,57.82,57.985,142475.87854799998
2026-06-11T14:55:00+00:00,57.99,57.99,57.81,57.905,178481.52462399998
2026-06-11T15:00:00+00:00,57.9,57.96,57.76,57.805,191650.423071
2026-06-11T15:05:00+00:00,57.79,57.825,57.64,57.67,406443.897949
2026-06-11T15:10:00+00:00,57.65,58.135,57.635,57.94,374787.016804
2026-06-11T15:15:00+00:00,57.94,58.105,57.88,57.88,307712.701545
2026-06-11T15:20:00+00:00,57.89,57.995,57.79,57.83,213276.68587
2026-06-11T15:25:00+00:00,57.8235,58.05,57.79,57.845,270397.417667
2026-06-11T15:30:00+00:00,57.83,57.92,57.77,57.845,103636.77883199998
2026-06-11T15:35:00+00:00,57.85,57.9,57.76,57.815,133136.585363
2026-06-11T15:40:00+00:00,57.81,57.94,57.7747,57.91,173499.257236
2026-06-11T15:45:00+00:00,57.92,58.01,57.88,57.9,128218.88591900001
2026-06-11T15:50:00+00:00,57.92,58.015,57.87,57.93,131188.143001
2026-06-11T15:55:00+00:00,57.925,58.015,57.86,57.885,106012.75624399999
2026-06-11T16:00:00+00:00,57.89,57.935,57.81,57.879,151121.541839
2026-06-11T16:05:00+00:00,57.875,58.035,57.85,57.9,103056.55694200001
2026-06-11T16:10:00+00:00,57.9,58.06,57.87,58.02,172380.751553
2026-06-11T16:15:00+00:00,58.02,58.39,57.9991,58.37,330232.668124
2026-06-11T16:20:00+00:00,58.37,58.43,58.11,58.13,252069.509237
2026-06-11T16:25:00+00:00,58.145,58.1654,57.93,57.96,328576.36536099995
2026-06-11T16:30:00+00:00,57.97,57.9869,57.71,57.72,236641.414214
2026-06-11T16:35:00+00:00,57.7,57.945,57.68,57.87,231606.769936
2026-06-11T16:40:00+00:00,57.85,57.9,57.78,57.8001,75126.785316
2026-06-11T16:45:00+00:00,57.81,57.8207,57.71,57.745,90131.087462
2026-06-11T16:50:00+00:00,57.75,57.81,57.69,57.7351,73108.452759
2026-06-11T16:55:00+00:00,57.71,57.755,57.655,57.69,107180.83266100001
2026-06-11T17:00:00+00:00,57.69,57.77,57.69,57.72,64866.377699000004
2026-06-11T17:05:00+00:00,57.72,57.73,57.5599,57.66,208414.96375999998
2026-06-11T17:10:00+00:00,57.66,57.755,57.66,57.72,133476.58802300002
2026-06-11T17:15:00+00:00,57.73,57.7797,57.61,57.7,107881.39200699999
2026-06-11T17:20:00+00:00,57.69,57.785,57.67,57.7501,80645.942322
2026-06-11T17:25:00+00:00,57.75,57.84,57.665,57.82,131684.219872
2026-06-11T17:30:00+00:00,57.81,58.5,57.8,58.495,828288.573477
2026-06-11T17:35:00+00:00,58.5,59.77,58.5,59.74,2279370.765453
2026-06-11T17:40:00+00:00,59.74,59.825,59.4,59.71,1460762.347337
2026-06-11T17:45:00+00:00,59.71,60.2,59.655,60.09,699336.436409
2026-06-11T17:50:00+00:00,60.09,60.1,59.69,59.74,461650.14310199994
2026-06-11T17:55:00+00:00,59.75,59.8201,59.54,59.605,349975.674264
2026-06-11T18:00:00+00:00,59.61,59.68,59.475,59.585,391733.86919
2026-06-11T18:05:00+00:00,59.59,59.745,59.235,59.27,522991.05908
2026-06-11T18:10:00+00:00,59.27,59.31,59.065,59.18,245790.710678
2026-06-11T18:15:00+00:00,59.19,59.43,59.185,59.425,155335.63881
2026-06-11T18:20:00+00:00,59.405,59.75,59.395,59.73,361954.0098879999
2026-06-11T18:25:00+00:00,59.73,59.76,59.46,59.59,562013.366179
2026-06-11T18:30:00+00:00,59.59,59.69,59.525,59.63,146601.557028
2026-06-11T18:35:00+00:00,59.62,59.775,59.5601,59.69,314772.04863900004
2026-06-11T18:40:00+00:00,59.69,59.755,59.61,59.67,114643.68195200001
2026-06-11T18:45:00+00:00,59.675,59.91,59.65,59.9,178360.894142
2026-06-11T18:50:00+00:00,59.89,60.0,59.8797,59.945,323797.92839400005
2026-06-11T18:55:00+00:00,59.94,59.9901,59.85,59.85,156598.889881
2026-06-11T19:00:00+00:00,59.86,59.93,59.75,59.81,251229.61109100003
2026-06-11T19:05:00+00:00,59.81,60.135,59.81,60.135,259959.497875
2026-06-11T19:10:00+00:00,60.135,60.16,59.955,60.08,255579.49651
2026-06-11T19:15:00+00:00,60.07,60.4499,60.04,60.37,672431.126272
2026-06-11T19:20:00+00:00,60.37,60.51,60.275,60.51,366630.757041
2026-06-11T19:25:00+00:00,60.5101,60.56,60.37,60.47,319218.358348
2026-06-11T19:30:00+00:00,60.46,60.58,60.41,60.52,331648.26480799995
2026-06-11T19:35:00+00:00,60.54,61.03,60.54,61.03,805701.3118520001
2026-06-11T19:40:00+00:00,61.025,61.1,60.87,60.875,915739.023481
2026-06-11T19:45:00+00:00,60.885,61.0956,60.875,60.9365,609282.9903510001
2026-06-11T19:50:00+00:00,60.945,61.0,60.88,60.905,402768.303586
2026-06-11T19:55:00+00:00,60.91,61.07,60.88,61.06,574656.623192
2026-06-11T20:00:00+00:00,61.06,61.06,60.79,60.832,1068164.282315
2026-06-11T20:05:00+00:00,60.82,60.88,60.7711,60.7711,17092.022725
2026-06-11T20:10:00+00:00,60.789,60.89,60.78,60.86,48864.166786
2026-06-11T20:15:00+00:00,60.8161,60.94,60.76,60.89,49547.481511
2026-06-11T20:20:00+00:00,60.89,60.9148,60.83,60.86,98420.031411
2026-06-11T20:25:00+00:00,60.8701,60.9001,60.8111,60.89,13290.847935
2026-06-11T20:30:00+00:00,60.8718,60.99,60.85,60.9059,53100.372432
2026-06-11T20:35:00+00:00,60.92,60.94,60.8565,60.9,85798.38338799999
2026-06-11T20:40:00+00:00,60.87,60.9448,60.8,60.83,113311.94201399999
2026-06-11T20:45:00+00:00,60.8348,60.8348,60.71,60.7193,90513.008808
2026-06-11T20:50:00+00:00,60.76,60.76,60.62,60.76,10292.796712
2026-06-11T20:55:00+00:00,60.73,60.81,60.7,60.79,14219.097457
2026-06-11T21:00:00+00:00,60.82,60.94,60.82,60.89,123131.055237
2026-06-11T21:05:00+00:00,60.93,60.94,60.844,60.844,17978.812568
2026-06-11T21:10:00+00:00,60.88,60.92,60.85,60.85,2008.1661520000002
2026-06-11T21:15:00+00:00,60.92,60.9203,60.9,60.9,4801.782951
2026-06-11T21:20:00+00:00,60.8801,60.91,60.8801,60.91,690.604341
2026-06-11T21:25:00+00:00,60.91,60.91,60.888,60.888,4978.234147
2026-06-11T21:30:00+00:00,60.88,60.8881,60.87,60.88,1220.0
2026-06-11T21:35:00+00:00,60.89,60.89,60.87,60.89,1752.410643
2026-06-11T21:40:00+00:00,60.88,60.9,60.88,60.9,6370.114423
2026-06-11T21:45:00+00:00,60.91,60.91,60.9,60.9,2551.188312
2026-06-11T21:50:00+00:00,60.9,60.91,60.9,60.91,2521.1165469999996
2026-06-11T21:55:00+00:00,60.91,60.94,60.9,60.94,6744.88135
2026-06-11T22:00:00+00:00,60.94,60.99,60.93,60.93,10006.112701
2026-06-11T22:05:00+00:00,60.93,61.09,60.813,60.9,38996.088036
2026-06-11T22:10:00+00:00,60.8329,60.95,60.8329,60.92,12288.825019
2026-06-11T22:15:00+00:00,60.95,60.95,60.89,60.94,3315.074359
2026-06-11T22:20:00+00:00,60.93,60.98,60.93,60.9721,2050.353566
2026-06-11T22:25:00+00:00,60.96,60.97,60.89,60.9104,3983.927297
2026-06-11T22:30:00+00:00,60.95,61.0,60.9,61.0,5032.199046
2026-06-11T22:35:00+00:00,61.03,61.0382,60.93,60.99,35218.19081
2026-06-11T22:40:00+00:00,61.02,61.03,60.95,61.0,8314.187145
2026-06-11T22:45:00+00:00,61.04,61.29,60.9888,61.24,16114.094887
2026-06-11T22:50:00+00:00,61.283,61.4,61.28,61.35,25102.615641
2026-06-11T22:55:00+00:00,61.313,61.37,61.16,61.25,12380.298681999999
2026-06-11T23:00:00+00:00,61.31,61.46,61.28,61.399,21303.74488
2026-06-11T23:05:00+00:00,61.3999,61.42,61.11,61.11,11831.041953
2026-06-11T23:10:00+00:00,61.13,61.19,61.1,61.1321,8437.163024
2026-06-11T23:15:00+00:00,61.1599,61.182,61.09,61.13,7223.119215000001
2026-06-11T23:20:00+00:00,61.1,61.33,61.1,61.2401,8952.381625
2026-06-11T23:25:00+00:00,61.2,61.2409,61.1,61.1457,4586.909098
2026-06-11T23:30:00+00:00,61.1596,61.1596,61.03,61.03,11651.781522000001
2026-06-11T23:35:00+00:00,61.05,61.15,60.97,61.02,19245.977746
2026-06-11T23:40:00+00:00,61.016,61.14,61.016,61.09,7634.088069
2026-06-11T23:45:00+00:00,61.07,61.07,60.9588,61.05,12659.525404
2026-06-11T23:50:00+00:00,61.028,61.1202,61.01,61.05,11666.369427
2026-06-11T23:55:00+00:00,61.14,61.14,60.92,60.95,6104.626596
2026-06-12T00:00:00+00:00,60.938,61.1,60.938,61.064,5003.22205
2026-06-12T08:05:00+00:00,59.96,60.73,59.64,60.45,163816.371913
2026-06-12T08:10:00+00:00,60.4,60.63,59.64,60.29,193970.331306
2026-06-12T08:15:00+00:00,60.33,60.34,60.25,60.32,18556.236597
2026-06-12T08:20:00+00:00,60.31,60.65,60.24,60.6339,56443.768479000006
2026-06-12T08:25:00+00:00,60.64,60.72,60.5,60.69,29489.755115
2026-06-12T08:30:00+00:00,60.67,60.75,60.67,60.73,12698.297705
2026-06-12T08:35:00+00:00,60.76,60.89,60.72,60.77,15017.885725
2026-06-12T08:40:00+00:00,60.75,60.75,60.63,60.65,2229.2239680000002
2026-06-12T08:45:00+00:00,60.54,60.57,60.47,60.57,19915.685496
2026-06-12T08:50:00+00:00,60.57,60.58,60.45,60.49,3986.44665
2026-06-12T08:55:00+00:00,60.46,60.52,60.45,60.52,2674.142597
2026-06-12T09:00:00+00:00,60.51,60.57,60.51,60.53,8200.648094
2026-06-12T09:05:00+00:00,60.53,60.6,60.53,60.59,4981.016404
2026-06-12T09:10:00+00:00,60.64,60.64,60.55,60.55,1349.0
2026-06-12T09:15:00+00:00,60.61,60.72,60.6,60.71,8359.516599999999
2026-06-12T09:20:00+00:00,60.71,60.82,60.65,60.76,15612.0
2026-06-12T09:25:00+00:00,60.69,60.75,60.69,60.75,7386.0
2026-06-12T09:30:00+00:00,60.8,60.99,60.8,60.94,52222.556195000005
2026-06-12T09:35:00+00:00,60.93,61.05,60.93,61.0,34124.843873000005
2026-06-12T09:40:00+00:00,61.0,61.0,60.86,60.91,10365.020997
2026-06-12T09:45:00+00:00,60.9,61.07,60.9,61.0,35795.617429000005
2026-06-12T09:50:00+00:00,61.03,61.09,60.99,60.99,16770.128327
2026-06-12T09:55:00+00:00,60.985,61.03,60.89,60.95,7721.391722999999
2026-06-12T10:00:00+00:00,60.95,60.95,60.82,60.82,7403.207826
2026-06-12T10:05:00+00:00,60.82,60.84,60.75,60.82,19559.04162
2026-06-12T10:10:00+00:00,60.8,60.89,60.75,60.87,9648.211427999999
2026-06-12T10:15:00+00:00,60.87,60.9,60.78,60.79,10849.97773
2026-06-12T10:20:00+00:00,60.83,60.83,60.69,60.74,6674.499129
2026-06-12T10:25:00+00:00,60.72,60.74,60.6023,60.6023,8195.886541
2026-06-12T10:30:00+00:00,60.64,60.64,60.37,60.39,30247.558877999996
2026-06-12T10:35:00+00:00,60.49,60.74,60.48,60.65,22463.907326
2026-06-12T10:40:00+00:00,60.65,60.67,60.62,60.67,10221.045747
2026-06-12T10:45:00+00:00,60.69,60.73,60.66,60.7,6430.73259
2026-06-12T10:50:00+00:00,60.63,60.79,60.63,60.74,6315.258492
2026-06-12T10:55:00+00:00,60.74,60.74,60.69,60.72,5742.764832
2026-06-12T11:00:00+00:00,60.71,60.76,60.61,60.63,15115.098071
2026-06-12T11:05:00+00:00,60.655,60.7002,60.54,60.55,49865.110649
2026-06-12T11:10:00+00:00,60.53,60.56,60.5,60.54,15202.385773
2026-06-12T11:15:00+00:00,60.56,60.65,60.55,60.65,15549.378041
2026-06-12T11:20:00+00:00,60.645,60.68,60.55,60.57,41472.401978999995
2026-06-12T11:25:00+00:00,60.65,60.78,60.64,60.76,14743.382259
2026-06-12T11:30:00+00:00,60.77,60.77,60.57,60.57,9503.174458000001
2026-06-12T11:35:00+00:00,60.57,60.57,60.45,60.52,17708.41461
2026-06-12T11:40:00+00:00,60.4901,60.62,60.4901,60.62,6556.994631
2026-06-12T11:45:00+00:00,60.62,60.76,60.61,60.75,7337.312191999999
2026-06-12T11:50:00+00:00,60.74,60.7999,60.72,60.75,14991.840612
2026-06-12T11:55:00+00:00,60.77,60.99,60.77,60.95,36777.47419
2026-06-12T12:00:00+00:00,60.94,60.94,60.75,60.76,12038.053925
2026-06-12T12:05:00+00:00,60.77,60.77,60.56,60.56,21985.392645
2026-06-12T12:10:00+00:00,60.62,60.73,60.59,60.7098,4648.627271
2026-06-12T12:15:00+00:00,60.69,60.7,60.6397,60.65,5795.142903
2026-06-12T12:20:00+00:00,60.68,60.78,60.68,60.75,27349.272165000002
2026-06-12T12:25:00+00:00,60.73,60.73,60.44,60.44,12855.970702
2026-06-12T12:30:00+00:00,60.42,60.42,60.17,60.2,30374.496056
2026-06-12T12:35:00+00:00,60.18,60.3801,60.1,60.3801,47160.950578
2026-06-12T12:40:00+00:00,60.38,60.38,60.19,60.2199,50516.956444999996
2026-06-12T12:45:00+00:00,60.191,60.31,60.15,60.24,97833.63266100001
2026-06-12T12:50:00+00:00,60.22,60.3439,60.21,60.3439,13756.795998
2026-06-12T12:55:00+00:00,60.36,60.39,60.1903,60.2,13387.093533
2026-06-12T13:00:00+00:00,60.21,60.21,60.11,60.13,17438.592463
2026-06-12T13:05:00+00:00,60.13,60.3716,60.0,60.33,84389.493411
2026-06-12T13:10:00+00:00,60.32,60.46,60.2718,60.3887,36556.68201
2026-06-12T13:15:00+00:00,60.39,60.4,60.17,60.26,25298.802293
2026-06-12T13:20:00+00:00,60.29,60.4874,60.2599,60.43,18653.346641
2026-06-12T13:25:00+00:00,60.45,60.531,60.45,60.486,17849.252589
2026-06-12T13:30:00+00:00,60.5,60.54,60.44,60.53,16840.588946
2026-06-12T13:35:00+00:00,60.53,60.63,60.3796,60.43,563427.7982620001
2026-06-12T13:40:00+00:00,60.44,60.636,60.42,60.59,361449.232771
2026-06-12T13:45:00+00:00,60.58,60.6,59.94,60.12,945502.5998839999
2026-06-12T13:50:00+00:00,60.13,60.21,59.92,60.115,658753.4834449999
2026-06-12T13:55:00+00:00,60.11,60.1893,59.94,59.995,339988.90231800004
2026-06-12T14:00:00+00:00,59.99,60.0593,59.865,59.93,318219.679344
2026-06-12T14:05:00+00:00,59.94,60.295,59.9,60.225,619672.381687
2026-06-12T14:10:00+00:00,60.225,60.33,59.955,60.33,301502.25630899996
2026-06-12T14:15:00+00:00,60.312,60.33,60.12,60.185,227036.22280900003
2026-06-12T14:20:00+00:00,60.165,60.38,60.145,60.17,175407.10818
2026-06-12T14:25:00+00:00,60.16,60.24,60.045,60.14,166829.728115
2026-06-12T14:30:00+00:00,60.15,60.27,60.12,60.17,185110.012327
2026-06-12T14:35:00+00:00,60.18,60.23,60.04,60.205,191332.27064200002
2026-06-12T14:40:00+00:00,60.195,60.42,60.19,60.28,324660.50035299995
2026-06-12T14:45:00+00:00,60.285,60.31,60.06,60.1358,173114.92907499996
2026-06-12T14:50:00+00:00,60.13,60.15,59.875,60.08,418525.34791899996
2026-06-12T14:55:00+00:00,60.075,60.7099,59.995,60.7099,848657.1579600001
2026-06-12T15:00:00+00:00,60.68,60.715,60.53,60.625,217938.36455300002
2026-06-12T15:05:00+00:00,60.62,60.73,60.48,60.575,303237.553215
2026-06-12T15:10:00+00:00,60.57,60.7693,60.54,60.684,214257.86197099998
2026-06-12T15:15:00+00:00,60.68,60.865,60.68,60.84,181086.37702100002
2026-06-12T15:20:00+00:00,60.85,61.01,60.82,60.9057,139159.621296
2026-06-12T15:25:00+00:00,60.91,61.38,60.83,61.32,468470.870183
2026-06-12T15:30:00+00:00,61.319,61.55,61.19,61.2787,458952.921681
2026-06-12T15:35:00+00:00,61.275,61.305,61.08,61.155,225050.789681
2026-06-12T15:40:00+00:00,61.16,61.34,61.09,61.24,335170.16037000006
2026-06-12T15:45:00+00:00,61.23,61.25,61.05,61.105,192873.838645
2026-06-12T15:50:00+00:00,61.11,61.195,60.94,60.96,166619.09917
2026-06-12T15:55:00+00:00,60.97,61.15,60.93,61.11,183421.397318
2026-06-12T16:00:00+00:00,61.11,61.15,60.98,61.02,113537.335837
2026-06-12T16:05:00+00:00,61.02,61.07,60.915,60.95,115217.074643
2026-06-12T16:10:00+00:00,60.93,61.1799,60.88,60.9901,100943.029366
2026-06-12T16:15:00+00:00,60.99,61.305,60.945,61.22,442415.88532900007
2026-06-12T16:20:00+00:00,61.225,61.56,61.22,61.27,286449.313437
2026-06-12T16:25:00+00:00,61.265,61.38,61.1799,61.295,196930.96555400002
2026-06-12T16:30:00+00:00,61.295,61.375,61.24,61.28,122394.535051
2026-06-12T16:35:00+00:00,61.28,61.32,61.235,61.2802,113122.60106500001
2026-06-12T16:40:00+00:00,61.2701,61.37,61.165,61.3499,122730.705163
2026-06-12T16:45:00+00:00,61.3484,61.5,61.29,61.3054,117898.11303800001
2026-06-12T16:50:00+00:00,61.31,61.375,61.245,61.37,64833.460353
2026-06-12T16:55:00+00:00,61.36,61.38,61.23,61.265,701005.84847
2026-06-12T17:00:00+00:00,61.27,61.3,61.2,61.25,245161.258647
2026-06-12T17:05:00+00:00,61.245,61.29,61.17,61.29,133474.531976
2026-06-12T17:10:00+00:00,61.295,61.53,61.27,61.345,274983.96877200005
2026-06-12T17:15:00+00:00,61.345,61.38,61.24,61.36,267115.082281
2026-06-12T17:20:00+00:00,61.34,61.345,61.195,61.3,117050.13177499999
2026-06-12T17:25:00+00:00,61.31,61.455,61.29,61.44,193608.046499
2026-06-12T17:30:00+00:00,61.44,61.445,61.32,61.3793,60640.278819
2026-06-12T17:35:00+00:00,61.38,61.39,61.28,61.3779,73396.08219300001
2026-06-12T17:40:00+00:00,61.365,61.42,61.325,61.35,121040.486117
2026-06-12T17:45:00+00:00,61.3457,61.61,61.32,61.58,243495.77497199998
2026-06-12T17:50:00+00:00,61.57,61.66,61.525,61.605,236176.963421
2026-06-12T17:55:00+00:00,61.605,61.66,61.5901,61.64,156137.416402
2026-06-12T18:00:00+00:00,61.63,61.63,61.47,61.545,140560.580224
2026-06-12T18:05:00+00:00,61.55,61.6099,61.525,61.525,70630.514062
2026-06-12T18:10:00+00:00,61.5351,61.555,61.4865,61.54,107679.51741500001
2026-06-12T18:15:00+00:00,61.54,61.696,61.51,61.655,147629.67995100003
2026-06-12T18:20:00+00:00,61.62,61.665,61.59,61.66,106225.05406999998
2026-06-12T18:25:00+00:00,61.65,61.73,61.64,61.6693,69005.854989
2026-06-12T18:30:00+00:00,61.66,61.735,61.64,61.725,140775.479498
2026-06-12T18:35:00+00:00,61.73,61.7358,61.66,61.705,75963.042317
2026-06-12T18:40:00+00:00,61.7058,61.74,61.695,61.71,104937.80728600001
2026-06-12T18:45:00+00:00,61.7101,61.825,61.7101,61.7989,130405.92187200002
2026-06-12T18:50:00+00:00,61.7999,61.7999,61.6,61.61,71368.60581800001
2026-06-12T18:55:00+00:00,61.605,61.6399,61.57,61.63,93937.234863
2026-06-12T19:00:00+00:00,61.62,61.64,61.3902,61.41,127807.22642600001
2026-06-12T19:05:00+00:00,61.41,61.54,61.405,61.52,99297.651381
2026-06-12T19:10:00+00:00,61.52,61.56,61.44,61.49,82270.70489299999
2026-06-12T19:15:00+00:00,61.495,61.53,61.45,61.49,64216.82653499999
2026-06-12T19:20:00+00:00,61.48,61.48,61.35,61.4168,91341.224685
2026-06-12T19:25:00+00:00,61.415,61.415,61.35,61.3507,107780.58449699999
2026-06-12T19:30:00+00:00,61.355,61.381,61.32,61.34,100008.80588
2026-06-12T19:35:00+00:00,61.35,61.35,61.19,61.196,106925.45832800001
2026-06-12T19:40:00+00:00,61.195,61.38,61.145,61.25,509175.245935
2026-06-12T19:45:00+00:00,61.24,61.29,61.17,61.19,212544.20140700002
2026-06-12T19:50:00+00:00,61.185,61.2157,61.1473,61.205,136622.637678
2026-06-12T19:55:00+00:00,61.21,61.265,61.15,61.18,716659.093464
2026-06-12T20:00:00+00:00,61.18,61.31,61.17,61.28,595044.6182039999
2026-06-12T20:05:00+00:00,61.29,61.42,61.28,61.42,30802.011372
2026-06-12T20:10:00+00:00,61.4,61.42,61.34,61.4,36864.243059
2026-06-12T20:15:00+00:00,61.4,61.46,61.4,61.44,13571.914098000001
2026-06-12T20:20:00+00:00,61.45,61.49,61.45,61.47,11131.851929
2026-06-12T20:25:00+00:00,61.5,61.52,61.48,61.499,3538.059671
2026-06-12T20:30:00+00:00,61.45,61.49,61.4422,61.46,4436.177313
2026-06-12T20:35:00+00:00,61.45,61.48,61.45,61.48,1796.69641
2026-06-12T20:40:00+00:00,61.5,61.5,61.48,61.4987,2880.064353
2026-06-12T20:45:00+00:00,61.476,61.5,61.4618,61.4993,3751.510182
2026-06-12T20:50:00+00:00,61.48,61.53,61.46,61.53,4141.580066
2026-06-12T20:55:00+00:00,61.53,61.53,61.5,61.5,12787.115869000001
2026-06-12T21:00:00+00:00,61.461,61.55,61.461,61.52,4724.167201
2026-06-12T21:05:00+00:00,61.53,61.55,61.52,61.53,1714.2718439999999
2026-06-12T21:10:00+00:00,61.53,61.55,61.53,61.55,2635.065036
2026-06-12T21:15:00+00:00,61.52,61.52,61.45,61.47,8525.39389
2026-06-12T21:20:00+00:00,61.46,61.569,61.41,61.5,5560.433408
2026-06-12T21:25:00+00:00,61.5653,61.5653,61.5653,61.5653,136.448839
2026-06-12T21:30:00+00:00,61.6,61.6,61.6,61.6,305.0
2026-06-12T21:35:00+00:00,61.52,61.52,61.45,61.45,618.007201
2026-06-12T21:40:00+00:00,61.55,61.55,61.4,61.45,517.394385
2026-06-12T21:45:00+00:00,61.52,61.55,61.438,61.45,3454.158468
2026-06-12T21:50:00+00:00,61.448,61.5,61.448,61.5,2049.0
2026-06-12T21:55:00+00:00,61.5,61.5,61.43,61.43,491.0
2026-06-12T22:00:00+00:00,61.4899,61.4899,61.4,61.48,7651.282097
2026-06-12T22:05:00+00:00,61.4,61.4,61.4,61.4,275.0
2026-06-12T22:15:00+00:00,61.42,61.49,61.4,61.49,5188.0
2026-06-12T22:20:00+00:00,61.45,61.45,61.4117,61.4117,1579.737835
2026-06-12T22:25:00+00:00,61.49,61.49,61.48,61.48,328.0
2026-06-12T22:30:00+00:00,61.49,61.49,61.4052,61.41,2174.0327239999997
2026-06-12T22:35:00+00:00,61.44,61.45,61.41,61.41,2729.691353
2026-06-12T22:40:00+00:00,61.4487,61.47,61.41,61.42,6044.980407
2026-06-12T22:45:00+00:00,61.4789,61.4789,61.4789,61.4789,1600.162733
2026-06-12T22:50:00+00:00,61.45,61.49,61.4111,61.4848,6887.21336
2026-06-12T22:55:00+00:00,61.4899,61.49,61.45,61.4801,11813.122712
2026-06-12T23:05:00+00:00,61.4986,61.4986,61.4986,61.4986,422.0
2026-06-12T23:10:00+00:00,61.4991,61.4991,61.4883,61.4883,296.01626
2026-06-12T23:15:00+00:00,61.47,61.47,61.41,61.424,4403.315764
2026-06-12T23:20:00+00:00,61.48,61.48,61.43,61.43,3724.1471719999995
2026-06-12T23:25:00+00:00,61.42,61.42,61.42,61.42,528.423252
2026-06-12T23:35:00+00:00,61.42,61.42,61.42,61.42,601.17063
2026-06-12T23:40:00+00:00,61.4684,61.4684,61.4684,61.4684,210.0
2026-06-12T23:50:00+00:00,61.47,61.47,61.41,61.41,973.675337
2026-06-12T23:55:00+00:00,61.47,61.5,61.47,61.5,2679.5848859999996
2026-06-13T00:00:00+00:00,61.4795,61.5,61.4327,61.4539,20130.014554
2026-06-15T08:05:00+00:00,63.55,63.77,63.24,63.6496,88747.968674
2026-06-15T08:10:00+00:00,63.64,63.77,63.25,63.61,174983.06419099998
2026-06-15T08:15:00+00:00,63.6994,63.6994,63.45,63.65,9094.629436
2026-06-15T08:20:00+00:00,63.66,63.68,63.62,63.65,66269.103153
2026-06-15T08:25:00+00:00,63.68,63.71,63.66,63.71,17601.154823999997
2026-06-15T08:30:00+00:00,63.7001,63.72,63.65,63.66,10692.024923
2026-06-15T08:35:00+00:00,63.65,63.89,63.65,63.89,26873.920344
2026-06-15T08:40:00+00:00,63.88,63.95,63.86,63.88,79298.479799
2026-06-15T08:45:00+00:00,63.8504,63.92,63.82,63.83,12892.583342
2026-06-15T08:50:00+00:00,63.8,63.88,63.8,63.84,9797.545439
2026-06-15T08:55:00+00:00,63.79,63.8,63.75,63.77,4450.566274
2026-06-15T09:00:00+00:00,63.8,63.8004,63.75,63.77,22208.985688000004
2026-06-15T09:05:00+00:00,63.79,63.94,63.7604,63.9,10495.244223
2026-06-15T09:10:00+00:00,63.92,63.99,63.89,63.9,68232.740994
2026-06-15T09:15:00+00:00,63.91,63.92,63.86,63.92,13844.182312
2026-06-15T09:20:00+00:00,63.92,63.9894,63.88,63.96,5249.826475
2026-06-15T09:25:00+00:00,63.91,64.02,63.91,63.99,11224.081524000001
2026-06-15T09:30:00+00:00,63.95,63.95,63.88,63.91,2534.529888
2026-06-15T09:35:00+00:00,63.9,63.91,63.87,63.9,8283.950443
2026-06-15T09:40:00+00:00,63.92,63.97,63.92,63.95,6794.477089
2026-06-15T09:45:00+00:00,63.96,63.97,63.87,63.88,12408.746040999999
2026-06-15T09:50:00+00:00,63.88,63.98,63.88,63.98,6430.932375999999
2026-06-15T09:55:00+00:00,63.99,64.02,63.99,64.02,6025.26842
2026-06-15T10:00:00+00:00,63.99,64.01,63.95,63.96,10014.87265
2026-06-15T10:05:00+00:00,63.925,63.9371,63.88,63.9,5041.728613
2026-06-15T10:10:00+00:00,63.91,63.92,63.87,63.91,9284.649539000002
2026-06-15T10:15:00+00:00,63.88,63.91,63.88,63.91,6399.42
2026-06-15T10:20:00+00:00,63.92,63.93,63.89,63.9093,3942.5980170000003
2026-06-15T10:25:00+00:00,63.89,63.9085,63.8804,63.89,3106.864768
2026-06-15T10:30:00+00:00,63.9213,63.97,63.9213,63.97,1348.900289
2026-06-15T10:35:00+00:00,63.98,64.0,63.95,64.0,4215.984177
2026-06-15T10:40:00+00:00,64.0,64.05,63.98,63.9979,6728.877716
2026-06-15T10:45:00+00:00,63.9951,64.02,63.9951,64.02,990.10139
2026-06-15T10:50:00+00:00,64.02,64.08,63.96,63.97,9335.105597
2026-06-15T10:55:00+00:00,64.0,64.01,63.92,63.92,3739.7955380000003
2026-06-15T11:00:00+00:00,63.96,63.98,63.91,63.94,7951.678287000001
2026-06-15T11:05:00+00:00,63.93,63.96,63.88,63.88,50905.138109
2026-06-15T11:10:00+00:00,63.88,63.95,63.88,63.9401,10708.348361
2026-06-15T11:15:00+00:00,63.95,63.98,63.93,63.97,20106.350086000002
2026-06-15T11:20:00+00:00,63.94,63.9594,63.9106,63.9314,6592.429543
2026-06-15T11:25:00+00:00,63.95,64.0,63.9001,63.9213,17605.04419
2026-06-15T11:30:00+00:00,63.93,63.99,63.88,63.98,39901.537745
2026-06-15T11:35:00+00:00,64.0,64.22,64.0,64.1995,50018.192738
2026-06-15T11:40:00+00:00,64.2,64.21,64.07,64.18,39431.299289
2026-06-15T11:45:00+00:00,64.22,64.25,64.0,64.0,31743.941934000002
2026-06-15T11:50:00+00:00,63.99,63.99,63.85,63.9394,47895.356519
2026-06-15T11:55:00+00:00,64.02,64.06,64.01,64.03,27194.292406
2026-06-15T12:00:00+00:00,64.02,64.05,63.97,64.0,30519.339319000002
2026-06-15T12:05:00+00:00,64.01,64.15,64.0,64.15,60707.03834700001
2026-06-15T12:10:00+00:00,64.12,64.18,64.1,64.1,22620.328222
2026-06-15T12:15:00+00:00,64.13,64.17,64.02,64.0219,11059.42389
2026-06-15T12:20:00+00:00,64.06,64.07,63.88,63.95,5784.178122
2026-06-15T12:25:00+00:00,63.95,64.02,63.9,63.9493,25521.128874999995
2026-06-15T12:30:00+00:00,64.0,64.04,63.9,64.0,24856.112235
2026-06-15T12:35:00+00:00,64.04,64.2296,63.97,64.19,50588.929037
2026-06-15T12:40:00+00:00,64.2,64.41,64.16,64.3,49685.128796000005
2026-06-15T12:45:00+00:00,64.3,64.31,64.1904,64.21,15336.288696
2026-06-15T12:50:00+00:00,64.17,64.23,64.15,64.22,18142.563026
2026-06-15T12:55:00+00:00,64.2126,64.36,64.19,64.21,72265.937491
2026-06-15T13:00:00+00:00,64.22,64.3979,64.21,64.37,15218.998382000002
2026-06-15T13:05:00+00:00,64.35,64.36,64.01,64.03,22664.90561
2026-06-15T13:10:00+00:00,64.0603,64.14,63.99,64.06,30294.118512
2026-06-15T13:15:00+00:00,64.08,64.22,64.0658,64.2,52922.926484999996
2026-06-15T13:20:00+00:00,64.22,64.3,64.22,64.2938,18286.913267000004
2026-06-15T13:25:00+00:00,64.29,64.4199,64.27,64.295,38898.549954
2026-06-15T13:30:00+00:00,64.29,64.44,64.27,64.28,59748.30778999999
2026-06-15T13:35:00+00:00,64.28,64.5,64.27,64.31,1316065.767237
2026-06-15T13:40:00+00:00,64.31,64.33,64.165,64.23,1193696.62553
2026-06-15T13:45:00+00:00,64.23,64.35,64.125,64.23,525285.525499
2026-06-15T13:50:00+00:00,64.24,64.24,64.11,64.215,345516.629778
2026-06-15T13:55:00+00:00,64.215,64.26,64.11,64.25,251867.596046
2026-06-15T14:00:00+00:00,64.24,64.4,64.22,64.25,284529.6272
2026-06-15T14:05:00+00:00,64.255,64.37,64.19,64.3101,843299.9118379999
2026-06-15T14:10:00+00:00,64.31,64.47,64.295,64.405,362104.397391
2026-06-15T14:15:00+00:00,64.41,64.41,64.02,64.065,491991.48416
2026-06-15T14:20:00+00:00,64.07,64.19,64.06,64.19,174816.91177699997
2026-06-15T14:25:00+00:00,64.185,64.2,64.055,64.17,269746.322383
2026-06-15T14:30:00+00:00,64.16,64.35,64.1599,64.325,168542.623793
2026-06-15T14:35:00+00:00,64.335,64.36,64.12,64.15,227474.07050899998
2026-06-15T14:40:00+00:00,64.155,64.2,64.045,64.125,165656.266553
2026-06-15T14:45:00+00:00,64.13,64.1535,64.0,64.015,175935.195068
2026-06-15T14:50:00+00:00,64.015,64.14,63.93,64.12,234260.133064
2026-06-15T14:55:00+00:00,64.13,64.165,64.005,64.045,222677.579984
2026-06-15T15:00:00+00:00,64.04,64.07,63.96,63.97,192819.37438499997
2026-06-15T15:05:00+00:00,63.96,64.015,63.905,63.985,177940.39886
2026-06-15T15:10:00+00:00,63.98,64.025,63.86,63.9,174096.702422
2026-06-15T15:15:00+00:00,63.9,63.9,63.67,63.765,239533.60511699997
2026-06-15T15:20:00+00:00,63.765,63.9,63.735,63.76,152203.644562
2026-06-15T15:25:00+00:00,63.75,63.925,63.73,63.9095,109335.271555
2026-06-15T15:30:00+00:00,63.9,63.975,63.86,63.9,95759.364974
2026-06-15T15:35:00+00:00,63.895,63.96,63.76,63.94,615849.340994
2026-06-15T15:40:00+00:00,63.95,64.02,63.925,63.9935,120411.37920400001
2026-06-15T15:45:00+00:00,63.9855,64.085,63.9699,64.01,184961.17257099997
2026-06-15T15:50:00+00:00,64.01,64.08,63.98,64.045,397024.60007499997
2026-06-15T15:55:00+00:00,64.045,64.065,63.97,63.99,387031.90780499997
2026-06-15T16:00:00+00:00,63.985,64.0093,63.915,63.92,659329.832856
2026-06-15T16:05:00+00:00,63.92,63.95,63.86,63.95,169527.789017
2026-06-15T16:10:00+00:00,63.9599,63.98,63.7801,63.79,219848.35554699998
2026-06-15T16:15:00+00:00,63.8,63.82,63.74,63.8,92728.86231
2026-06-15T16:20:00+00:00,63.79,63.835,63.641,63.675,159448.324197
2026-06-15T16:25:00+00:00,63.675,63.69,63.5399,63.5599,126430.945398
2026-06-15T16:30:00+00:00,63.54,63.65,63.48,63.62,287105.652599
2026-06-15T16:35:00+00:00,63.615,63.665,63.5099,63.5901,108546.736542
2026-06-15T16:40:00+00:00,63.595,63.6,63.52,63.525,126334.29140300001
2026-06-15T16:45:00+00:00,63.53,63.578,63.46,63.535,105894.04209999999
2026-06-15T16:50:00+00:00,63.535,63.61,63.533,63.56,108827.461343
2026-06-15T16:55:00+00:00,63.57,63.6,63.54,63.59,72021.151301
2026-06-15T17:00:00+00:00,63.6,63.655,63.55,63.61,54483.34211
2026-06-15T17:05:00+00:00,63.605,63.605,63.395,63.435,111790.155553
2026-06-15T17:10:00+00:00,63.435,63.5,63.35,63.47,192480.70782900002
2026-06-15T17:15:00+00:00,63.46,63.5299,63.44,63.4799,68461.092038
2026-06-15T17:20:00+00:00,63.47,63.49,63.34,63.365,69523.234034
2026-06-15T17:25:00+00:00,63.35,63.45,63.35,63.45,92010.609852
2026-06-15T17:30:00+00:00,63.445,63.51,63.43,63.435,142414.319929
2026-06-15T17:35:00+00:00,63.435,63.445,63.38,63.385,106456.38242099999
2026-06-15T17:40:00+00:00,63.38,63.45,63.29,63.4279,139339.599174
2026-06-15T17:45:00+00:00,63.42,63.43,63.285,63.315,74110.254539
2026-06-15T17:50:00+00:00,63.325,63.3766,63.28,63.33,100071.19871600001
2026-06-15T17:55:00+00:00,63.34,63.3757,63.29,63.3106,139405.08747600002
2026-06-15T18:00:00+00:00,63.31,63.44,63.305,63.435,218268.31879699999
2026-06-15T18:05:00+00:00,63.43,63.43,63.24,63.305,224567.499986
2026-06-15T18:10:00+00:00,63.305,63.3699,63.27,63.36,114983.93923499998
2026-06-15T18:15:00+00:00,63.36,63.445,63.355,63.44,48313.906598999994
2026-06-15T18:20:00+00:00,63.45,63.4655,63.39,63.42,50349.197209000005
2026-06-15T18:25:00+00:00,63.42,63.55,63.42,63.53,78879.55757699999
2026-06-15T18:30:00+00:00,63.525,63.5498,63.4,63.425,190326.253022
2026-06-15T18:35:00+00:00,63.42,63.425,63.34,63.39,65952.196535
2026-06-15T18:40:00+00:00,63.39,63.44,63.37,63.425,39307.318869
2026-06-15T18:45:00+00:00,63.425,63.46,63.4001,63.4175,45703.437234
2026-06-15T18:50:00+00:00,63.42,63.42,63.395,63.41,67619.357087
2026-06-15T18:55:00+00:00,63.42,63.48,63.41,63.48,85715.39363800001
2026-06-15T19:00:00+00:00,63.48,63.52,63.47,63.49,143592.958424
2026-06-15T19:05:00+00:00,63.495,63.51,63.39,63.415,65507.724558999995
2026-06-15T19:10:00+00:00,63.41,63.42,63.335,63.36,112941.79429
2026-06-15T19:15:00+00:00,63.36,63.38,63.2903,63.3701,70792.286384
2026-06-15T19:20:00+00:00,63.3702,63.42,63.37,63.42,46710.790043
2026-06-15T19:25:00+00:00,63.43,63.455,63.405,63.425,341164.091502
2026-06-15T19:30:00+00:00,63.43,63.435,63.35,63.365,196114.290552
2026-06-15T19:35:00+00:00,63.36,63.415,63.34,63.395,219429.27500599998
2026-06-15T19:40:00+00:00,63.39,63.39,63.33,63.3799,127876.71500299999
2026-06-15T19:45:00+00:00,63.38,63.4255,63.355,63.385,219394.182142
2026-06-15T19:50:00+00:00,63.385,63.405,63.375,63.395,135858.427458
2026-06-15T19:55:00+00:00,63.39,63.47,63.34,63.465,334644.96141600003
2026-06-15T20:00:00+00:00,63.46,63.505,63.43,63.47,623988.966846
2026-06-15T20:05:00+00:00,63.47,63.51,63.4009,63.44,17460.98276
2026-06-15T20:10:00+00:00,63.4001,63.47,63.4001,63.45,15306.221911
2026-06-15T20:15:00+00:00,63.42,63.42,63.3701,63.3942,4229.518064
2026-06-15T20:20:00+00:00,63.36,63.37,63.36,63.37,3473.460714
2026-06-15T20:25:00+00:00,63.3761,63.3761,63.29,63.29,9162.298937
2026-06-15T20:30:00+00:00,63.28,63.3,63.23,63.2996,17729.772666
2026-06-15T20:35:00+00:00,63.2704,63.2809,63.27,63.28,2365.7596360000002
2026-06-15T20:40:00+00:00,63.2994,63.3,63.23,63.3,6572.744780999999
2026-06-15T20:45:00+00:00,63.33,63.33,63.32,63.3254,2189.159807
2026-06-15T20:50:00+00:00,63.2705,63.34,63.25,63.3009,14589.319139
2026-06-15T20:55:00+00:00,63.31,63.31,63.27,63.27,3191.24
2026-06-15T21:00:00+00:00,63.2865,63.3,63.2518,63.3,5473.5003019999995
2026-06-15T21:05:00+00:00,63.3102,63.34,63.3102,63.34,314.743607
2026-06-15T21:10:00+00:00,63.3011,63.35,63.3011,63.34,702.0
2026-06-15T21:15:00+00:00,63.32,63.32,63.3016,63.3016,547.9547600000001
2026-06-15T21:20:00+00:00,63.3399,63.3399,63.3008,63.32,836.6868910000001
2026-06-15T21:25:00+00:00,63.3381,63.4,63.3381,63.4,1438.177995
2026-06-15T21:35:00+00:00,63.3449,63.4,63.3336,63.4,1078.164737
2026-06-15T21:40:00+00:00,63.3362,63.35,63.3362,63.35,832.431973
2026-06-15T21:45:00+00:00,63.3326,63.3364,63.33,63.3364,3169.5444380000004
2026-06-15T21:50:00+00:00,63.3301,63.35,63.33,63.35,2930.466567
2026-06-15T21:55:00+00:00,63.335,63.35,63.335,63.35,352.033
2026-06-15T22:00:00+00:00,63.35,63.35,63.3,63.3,5240.212305999999
2026-06-15T22:05:00+00:00,63.31,63.42,63.23,63.3082,7457.694215
2026-06-15T22:10:00+00:00,63.36,63.36,63.36,63.36,559.752964
2026-06-15T22:15:00+00:00,63.3,63.3,63.25,63.25,885.126262
2026-06-15T22:20:00+00:00,63.22,63.28,63.22,63.28,3827.0
2026-06-15T22:25:00+00:00,63.25,63.26,63.22,63.22,6445.936587
2026-06-15T22:30:00+00:00,63.22,63.22,63.14,63.16,3771.726247
2026-06-15T22:35:00+00:00,63.22,63.22,63.2,63.22,1291.5553300000001
2026-06-15T22:40:00+00:00,63.24,63.24,63.24,63.24,507.135063
2026-06-15T22:45:00+00:00,63.23,63.2694,63.23,63.2694,824.489274
2026-06-15T22:50:00+00:00,63.25,63.25,63.25,63.25,134.0
2026-06-15T22:55:00+00:00,63.2265,63.27,63.2265,63.2699,5671.086413
2026-06-15T23:00:00+00:00,63.27,63.32,63.27,63.3098,2323.187922
2026-06-15T23:05:00+00:00,63.3,63.3397,63.28,63.3397,2309.7612449999997
2026-06-15T23:10:00+00:00,63.32,63.32,63.21,63.21,6327.101567
2026-06-15T23:15:00+00:00,63.2491,63.28,63.2491,63.26,3886.0
2026-06-15T23:20:00+00:00,63.26,63.26,63.2,63.21,2838.0224240000002
2026-06-15T23:25:00+00:00,63.2392,63.28,63.2006,63.28,2755.974824
2026-06-15T23:30:00+00:00,63.28,63.28,63.26,63.26,673.5
2026-06-15T23:35:00+00:00,63.3097,63.3097,63.3097,63.3097,330.38376
2026-06-15T23:40:00+00:00,63.29,63.32,63.25,63.26,5080.362114
2026-06-15T23:50:00+00:00,63.27,63.27,63.22,63.22,1364.06325
2026-06-15T23:55:00+00:00,63.2348,63.33,63.2348,63.33,3908.7588779999996
2026-06-16T00:00:00+00:00,63.27,63.3,63.25,63.25,1312.051347
2026-06-16T08:05:00+00:00,63.39,63.42,62.65,63.38,111944.701363
2026-06-16T08:10:00+00:00,63.19,63.59,62.65,63.59,111676.83750499999
2026-06-16T08:15:00+00:00,63.5616,63.57,63.48,63.53,27571.199099999998
2026-06-16T08:20:00+00:00,63.53,63.59,63.53,63.589,3629.393
2026-06-16T08:25:00+00:00,63.6,63.64,63.58,63.58,5418.738308000001
2026-06-16T08:30:00+00:00,63.58,63.65,63.58,63.65,3469.534141
2026-06-16T08:35:00+00:00,63.65,63.66,63.59,63.61,13165.663593
2026-06-16T08:40:00+00:00,63.64,63.64,63.5878,63.59,1761.0
2026-06-16T08:45:00+00:00,63.59,63.6444,63.59,63.6444,2190.55904
2026-06-16T08:50:00+00:00,63.69,63.69,63.68,63.69,1214.0
2026-06-16T08:55:00+00:00,63.64,63.72,63.64,63.72,983.3
2026-06-16T09:00:00+00:00,63.73,63.84,63.73,63.84,21209.588861
2026-06-16T09:05:00+00:00,63.83,63.88,63.8,63.83,5704.299058
2026-06-16T09:10:00+00:00,63.8,63.85,63.8,63.85,1974.648877
2026-06-16T09:15:00+00:00,63.88,63.92,63.86,63.86,2393.027676
2026-06-16T09:20:00+00:00,63.87,63.87,63.77,63.77,1993.9285470000002
2026-06-16T09:25:00+00:00,63.74,63.82,63.73,63.8,39185.989989
2026-06-16T09:30:00+00:00,63.8199,63.8199,63.74,63.74,11138.666122
2026-06-16T09:35:00+00:00,63.78,63.78,63.75,63.75,2076.022317
2026-06-16T09:40:00+00:00,63.8,63.85,63.8,63.84,3087.0
2026-06-16T09:45:00+00:00,63.85,63.85,63.74,63.74,1244.054485
2026-06-16T09:50:00+00:00,63.75,63.75,63.73,63.7316,4573.03642
2026-06-16T09:55:00+00:00,63.77,63.82,63.77,63.82,4292.0
2026-06-16T10:00:00+00:00,63.79,63.79,63.73,63.73,3108.387749
2026-06-16T10:05:00+00:00,63.72,63.74,63.7,63.7,12135.304227
2026-06-16T10:10:00+00:00,63.71,63.7737,63.71,63.76,3899.5921519999997
2026-06-16T10:15:00+00:00,63.71,63.71,63.71,63.71,302.0
2026-06-16T10:20:00+00:00,63.754,63.77,63.754,63.76,4366.015676
2026-06-16T10:25:00+00:00,63.77,63.86,63.77,63.81,18210.95
2026-06-16T10:30:00+00:00,63.84,63.84,63.74,63.74,31288.329413
2026-06-16T10:35:00+00:00,63.7,63.7,63.68,63.68,1363.0
2026-06-16T10:40:00+00:00,63.75,63.75,63.75,63.75,391.530394
2026-06-16T10:45:00+00:00,63.74,63.74,63.72,63.72,285.0
2026-06-16T10:50:00+00:00,63.72,63.75,63.71,63.7399,859.794586
2026-06-16T10:55:00+00:00,63.75,63.79,63.75,63.79,2122.0
2026-06-16T11:00:00+00:00,63.8,63.8,63.7796,63.7979,1258.25
2026-06-16T11:05:00+00:00,63.7904,63.7904,63.659,63.659,32740.852431
2026-06-16T11:10:00+00:00,63.65,63.68,63.6019,63.61,8358.552574
2026-06-16T11:15:00+00:00,63.6332,63.7,63.6332,63.7,4000.3310920000004
2026-06-16T11:20:00+00:00,63.68,63.69,63.68,63.69,8276.290230999999
2026-06-16T11:25:00+00:00,63.6993,63.6993,63.6302,63.66,2261.075401
2026-06-16T11:30:00+00:00,63.68,63.68,63.6,63.67,14577.735182999999
2026-06-16T11:35:00+00:00,63.6,63.62,63.56,63.5905,5607.059075
2026-06-16T11:40:00+00:00,63.62,63.63,63.56,63.63,5437.416826000001
2026-06-16T11:45:00+00:00,63.6236,63.6687,63.6206,63.66,10433.070395
2026-06-16T11:50:00+00:00,63.67,63.73,63.65,63.65,7456.907557
2026-06-16T11:55:00+00:00,63.7,63.79,63.7,63.75,14284.789772
2026-06-16T12:00:00+00:00,63.75,63.81,63.7404,63.78,18583.031312
2026-06-16T12:05:00+00:00,63.8001,63.89,63.8,63.83,8412.206483
2026-06-16T12:10:00+00:00,63.8,63.95,63.77,63.9161,18290.731522000002
2026-06-16T12:15:00+00:00,63.92,63.9615,63.87,63.92,14712.783322
2026-06-16T12:20:00+00:00,63.92,63.97,63.86,63.88,22747.951336000002
2026-06-16T12:25:00+00:00,63.87,63.87,63.67,63.71,14340.09771
2026-06-16T12:30:00+00:00,63.68,63.82,63.6639,63.82,7419.401403
2026-06-16T12:35:00+00:00,63.89,64.0,63.87,63.99,27334.314046999996
2026-06-16T12:40:00+00:00,64.0,64.1199,63.94,64.0999,21294.687119
2026-06-16T12:45:00+00:00,64.06,64.16,64.03,64.1,15895.821385
2026-06-16T12:50:00+00:00,64.1598,64.16,64.09,64.09,31999.142596
2026-06-16T12:55:00+00:00,64.12,64.28,64.12,64.18,42401.579299
2026-06-16T13:00:00+00:00,64.21,64.3862,64.1981,64.36,38674.876995
2026-06-16T13:05:00+00:00,64.38,64.4,64.0,64.0,39274.118787
2026-06-16T13:10:00+00:00,63.94,64.0,63.8,63.8,12915.195214
2026-06-16T13:15:00+00:00,63.77,63.92,63.74,63.85,24235.096998
2026-06-16T13:20:00+00:00,63.84,63.86,63.7,63.82,18970.819681
2026-06-16T13:25:00+00:00,63.82,63.82,63.65,63.79,13169.011862
2026-06-16T13:30:00+00:00,63.8131,63.8131,63.6739,63.72,8885.120715000001
2026-06-16T13:35:00+00:00,63.7,63.83,63.69,63.76,267020.020823
2026-06-16T13:40:00+00:00,63.76,63.845,63.69,63.72,393214.286246
2026-06-16T13:45:00+00:00,63.72,63.7993,63.68,63.745,102226.899166
2026-06-16T13:50:00+00:00,63.755,63.78,63.54,63.61,169591.627255
2026-06-16T13:55:00+00:00,63.605,63.655,63.52,63.615,141162.062821
2026-06-16T14:00:00+00:00,63.62,63.64,63.435,63.48,164747.889737
2026-06-16T14:05:00+00:00,63.49,63.675,63.49,63.675,111288.902902
2026-06-16T14:10:00+00:00,63.675,63.68,63.49,63.505,124971.84584699999
2026-06-16T14:15:00+00:00,63.51,63.57,63.485,63.545,107346.797861
2026-06-16T14:20:00+00:00,63.535,63.55,63.09,63.11,316253.196807
2026-06-16T14:25:00+00:00,63.11,63.17,63.04,63.16,361387.169171
2026-06-16T14:30:00+00:00,63.16,63.165,62.86,62.935,421266.508629
2026-06-16T14:35:00+00:00,62.935,63.0,62.76,62.9086,421667.999922
2026-06-16T14:40:00+00:00,62.9,63.16,62.9,63.1586,177216.723708
2026-06-16T14:45:00+00:00,63.14,63.29,63.12,63.175,160936.004717
2026-06-16T14:50:00+00:00,63.175,63.2,63.06,63.105,108626.153561
2026-06-16T14:55:00+00:00,63.11,63.215,63.1,63.18,152895.836837
2026-06-16T15:00:00+00:00,63.17,63.17,63.02,63.0972,149597.865991
2026-06-16T15:05:00+00:00,63.1,63.14,62.99,63.02,152603.50089099997
2026-06-16T15:10:00+00:00,63.04,63.16,63.03,63.1228,104976.507534
2026-06-16T15:15:00+00:00,63.13,63.15,63.03,63.115,97544.699585
2026-06-16T15:20:00+00:00,63.12,63.23,63.075,63.125,188994.36312
2026-06-16T15:25:00+00:00,63.12,63.22,63.1,63.1101,187831.145097
2026-06-16T15:30:00+00:00,63.11,63.2099,63.095,63.18,156097.21642799999
2026-06-16T15:35:00+00:00,63.185,63.3199,63.04,63.2799,267172.852788
2026-06-16T15:40:00+00:00,63.28,63.32,63.16,63.23,167422.84657
2026-06-16T15:45:00+00:00,63.23,63.24,63.19,63.21,111366.599055
2026-06-16T15:50:00+00:00,63.2,63.2,62.965,63.08,182345.46808000002
2026-06-16T15:55:00+00:00,63.085,63.425,63.07,63.4,189003.939526
2026-06-16T16:00:00+00:00,63.4001,63.58,63.365,63.37,194252.998306
2026-06-16T16:05:00+00:00,63.36,63.45,63.36,63.3899,74409.188436
2026-06-16T16:10:00+00:00,63.4,63.555,63.39,63.525,92153.58751499999
2026-06-16T16:15:00+00:00,63.54,63.59,63.5,63.575,152009.534822
2026-06-16T16:20:00+00:00,63.57,63.5954,63.525,63.58,97110.528266
2026-06-16T16:25:00+00:00,63.58,63.58,63.46,63.54,189107.42634
2026-06-16T16:30:00+00:00,63.535,63.61,63.5,63.5901,72675.201718
2026-06-16T16:35:00+00:00,63.6,63.6,63.465,63.4799,89166.13564
2026-06-16T16:40:00+00:00,63.475,63.55,63.42,63.53,411995.96496799996
2026-06-16T16:45:00+00:00,63.52,63.5665,63.51,63.54,68680.243261
2026-06-16T16:50:00+00:00,63.54,63.59,63.53,63.54,74220.717102
2026-06-16T16:55:00+00:00,63.545,63.575,63.445,63.46,120643.05764900001
2026-06-16T17:00:00+00:00,63.4561,63.475,63.385,63.395,38668.483859
2026-06-16T17:05:00+00:00,63.4,63.42,63.365,63.41,80321.01599300001
2026-06-16T17:10:00+00:00,63.4,63.4598,63.38,63.39,54696.197057
2026-06-16T17:15:00+00:00,63.385,63.4,63.29,63.305,113481.53888800001
2026-06-16T17:20:00+00:00,63.3,63.32,63.17,63.1741,278013.86135
2026-06-16T17:25:00+00:00,63.17,63.27,63.08,63.24,234852.38169099996
2026-06-16T17:30:00+00:00,63.26,63.315,63.195,63.3046,127339.72116399999
2026-06-16T17:35:00+00:00,63.3,63.37,63.28,63.355,197003.835244
2026-06-16T17:40:00+00:00,63.355,63.435,63.325,63.38,87023.22677500002
2026-06-16T17:45:00+00:00,63.38,63.465,63.375,63.43,54489.90203899999
2026-06-16T17:50:00+00:00,63.4301,63.435,63.31,63.38,290013.48627999995
2026-06-16T17:55:00+00:00,63.39,63.4999,63.39,63.49,245551.64497700002
2026-06-16T18:00:00+00:00,63.5,63.515,63.4675,63.5099,122747.82925099999
2026-06-16T18:05:00+00:00,63.51,63.59,63.485,63.52,1556932.124033
2026-06-16T18:10:00+00:00,63.515,63.55,63.475,63.52,182479.081059
2026-06-16T18:15:00+00:00,63.515,63.66,63.515,63.645,66960.255537
2026-06-16T18:20:00+00:00,63.6401,63.7,63.555,63.5701,81646.968473
2026-06-16T18:25:00+00:00,63.585,63.605,63.55,63.56,75211.833544
2026-06-16T18:30:00+00:00,63.56,63.66,63.55,63.645,78562.81153199999
2026-06-16T18:35:00+00:00,63.63,63.685,63.6,63.605,69953.073935
2026-06-16T18:40:00+00:00,63.6,63.6,63.535,63.535,34354.327897
2026-06-16T18:45:00+00:00,63.535,63.55,63.5143,63.5201,42312.28939
2026-06-16T18:50:00+00:00,63.53,63.57,63.48,63.485,77842.033827
2026-06-16T18:55:00+00:00,63.485,63.56,63.4801,63.55,440602.270218
2026-06-16T19:00:00+00:00,63.55,63.59,63.5401,63.575,69541.207185
2026-06-16T19:05:00+00:00,63.565,63.66,63.545,63.6301,95210.94477999999
2026-06-16T19:10:00+00:00,63.64,63.66,63.59,63.6043,103001.47343299999
2026-06-16T19:15:00+00:00,63.605,63.61,63.53,63.535,52726.565367999996
2026-06-16T19:20:00+00:00,63.536,63.57,63.4499,63.57,118061.28339499999
2026-06-16T19:25:00+00:00,63.57,63.62,63.5523,63.5899,60712.596458
2026-06-16T19:30:00+00:00,63.585,63.605,63.55,63.585,1258205.122455
2026-06-16T19:35:00+00:00,63.58,63.59,63.545,63.565,79293.11604000001
2026-06-16T19:40:00+00:00,63.57,63.585,63.46,63.495,182553.006056
2026-06-16T19:45:00+00:00,63.495,63.53,63.49,63.5101,85087.53970500002
2026-06-16T19:50:00+00:00,63.51,63.54,63.46,63.475,124436.76361099999
2026-06-16T19:55:00+00:00,63.48,63.52,63.35,63.375,269886.506829
2026-06-16T20:00:00+00:00,63.365,63.41,63.33,63.4,394076.20725999994
2026-06-16T20:05:00+00:00,63.4,63.4,63.2999,63.35,43734.670029
2026-06-16T20:10:00+00:00,63.32,63.32,63.32,63.32,509.0
2026-06-16T20:15:00+00:00,63.33,63.338,63.3,63.3,15408.081382999999
2026-06-16T20:20:00+00:00,63.32,63.32,63.3,63.3161,2939.0235780000003
2026-06-16T20:25:00+00:00,63.31,63.38,63.31,63.3626,10383.403835000001
2026-06-16T20:30:00+00:00,63.36,63.38,63.36,63.379,10926.239226
2026-06-16T20:35:00+00:00,63.33,63.3735,63.31,63.31,2194.0
2026-06-16T20:40:00+00:00,63.35,63.36,63.35,63.36,851.0
2026-06-16T20:45:00+00:00,63.36,63.39,63.35,63.35,7493.405302
2026-06-16T20:50:00+00:00,63.35,63.35,63.3178,63.33,2155.0
2026-06-16T20:55:00+00:00,63.32,63.34,63.32,63.34,461.015792
2026-06-16T21:00:00+00:00,63.3,63.36,63.28,63.34,1414.530937
2026-06-16T21:05:00+00:00,63.36,63.36,63.3524,63.3524,1008.0
2026-06-16T21:10:00+00:00,63.3713,63.3713,63.3441,63.3441,673.015782
2026-06-16T21:15:00+00:00,63.386,63.4,63.3436,63.4,1571.0
2026-06-16T21:20:00+00:00,63.39,63.39,63.361,63.361,393.18767
2026-06-16T21:25:00+00:00,63.37,63.4,63.36,63.4,1229.015467
2026-06-16T21:30:00+00:00,63.36,63.39,63.36,63.39,2446.434991
2026-06-16T21:35:00+00:00,63.36,63.36,63.36,63.36,291.114578
2026-06-16T21:45:00+00:00,63.4,63.4,63.4,63.4,1010.0
2026-06-16T21:50:00+00:00,63.37,63.37,63.3,63.3,1761.238175
2026-06-16T22:05:00+00:00,63.36,63.36,63.3,63.3,1022.0066320000001
2026-06-16T22:10:00+00:00,63.3,63.34,63.3,63.33,2224.601066
2026-06-16T22:15:00+00:00,63.39,63.41,63.37,63.41,1792.966934
2026-06-16T22:20:00+00:00,63.35,63.35,63.3499,63.3499,368.0
2026-06-16T22:25:00+00:00,63.3,63.33,63.3,63.33,1338.250543
2026-06-16T22:30:00+00:00,63.3,63.34,63.3,63.34,657.015796
2026-06-16T22:35:00+00:00,63.32,63.3502,63.32,63.3502,751.579155
2026-06-16T22:40:00+00:00,63.34,63.38,63.3249,63.3249,1999.157865
2026-06-16T22:45:00+00:00,63.37,63.4,63.37,63.4,11556.0
2026-06-16T22:50:00+00:00,63.4,63.4,63.4,63.4,1567.394477
2026-06-16T22:55:00+00:00,63.4,63.4,63.4,63.4,1708.0
2026-06-16T23:00:00+00:00,63.39,63.42,63.39,63.42,2322.015776
2026-06-16T23:05:00+00:00,63.42,63.42,63.39,63.4,956.498422
2026-06-16T23:10:00+00:00,63.4,63.45,63.4,63.41,9755.823242999999
2026-06-16T23:15:00+00:00,63.45,63.45,63.39,63.4021,2225.250585
2026-06-16T23:20:00+00:00,63.4065,63.4065,63.4065,63.4065,233.664401
2026-06-16T23:25:00+00:00,63.4,63.46,63.3991,63.43,1462.528314
2026-06-16T23:30:00+00:00,63.4017,63.4017,63.4017,63.4017,1003.0
2026-06-16T23:35:00+00:00,63.4,63.4,63.32,63.35,2421.0
2026-06-16T23:40:00+00:00,63.437,63.437,63.33,63.3499,12238.0
2026-06-16T23:45:00+00:00,63.32,63.32,63.31,63.31,617.147773
2026-06-16T23:50:00+00:00,63.3,63.35,63.29,63.3435,1183.002527
2026-06-16T23:55:00+00:00,63.3,63.3306,63.27,63.27,1036.421987
2026-06-17T00:00:00+00:00,63.26,63.26,63.18,63.19,4036.123726
2026-06-17T08:05:00+00:00,63.28,63.68,63.19,63.48,99377.664483
2026-06-17T08:10:00+00:00,63.33,63.58,63.33,63.34,3412.0
2026-06-17T08:15:00+00:00,63.2,63.2,63.15,63.15,4871.1558939999995
2026-06-17T08:20:00+00:00,63.13,63.13,63.05,63.1,4638.082464
2026-06-17T08:25:00+00:00,63.09,63.11,63.02,63.11,1861.30919
2026-06-17T08:30:00+00:00,63.15,63.15,63.105,63.105,4819.025900000001
2026-06-17T08:35:00+00:00,63.06,63.12,62.96,63.11,10529.189252
2026-06-17T08:40:00+00:00,63.1,63.11,62.99,62.99,13733.25
2026-06-17T08:45:00+00:00,62.98,63.0296,62.94,62.94,8020.095207
2026-06-17T08:50:00+00:00,62.93,62.94,62.82,62.87,8704.888835000002
2026-06-17T08:55:00+00:00,62.87,63.0,62.86,63.0,2124.926239
2026-06-17T09:00:00+00:00,63.02,63.05,63.005,63.05,6329.0
2026-06-17T09:05:00+00:00,63.01,63.12,63.0,63.1,1614.0
2026-06-17T09:10:00+00:00,63.0553,63.0553,63.0,63.0,1789.654126
2026-06-17T09:15:00+00:00,62.95,63.11,62.95,63.09,2045.0
2026-06-17T09:20:00+00:00,63.122,63.14,63.12,63.12,3203.0
2026-06-17T09:25:00+00:00,63.19,63.22,63.19,63.22,2953.0
2026-06-17T09:30:00+00:00,63.24,63.31,63.24,63.3,3848.0
2026-06-17T09:35:00+00:00,63.33,63.35,63.24,63.24,2996.0
2026-06-17T09:40:00+00:00,63.26,63.26,63.24,63.24,1088.0
2026-06-17T09:45:00+00:00,63.28,63.28,63.28,63.28,503.197037
2026-06-17T09:50:00+00:00,63.3,63.31,63.3,63.31,218.932144
2026-06-17T09:55:00+00:00,63.22,63.25,63.21,63.22,1191.316134
2026-06-17T10:00:00+00:00,63.19,63.2,63.18,63.18,728.075011
2026-06-17T10:05:00+00:00,63.2,63.2,63.2,63.2,100.0
2026-06-17T10:10:00+00:00,63.18,63.23,63.18,63.23,1572.374607
2026-06-17T10:15:00+00:00,63.2,63.2,63.2,63.2,225.0
2026-06-17T10:20:00+00:00,63.2496,63.2496,63.21,63.21,1567.0
2026-06-17T10:25:00+00:00,63.21,63.21,63.16,63.21,1501.003088
2026-06-17T10:30:00+00:00,63.1588,63.1588,63.1588,63.1588,785.0
2026-06-17T10:35:00+00:00,63.22,63.22,63.22,63.22,802.367763
2026-06-17T10:40:00+00:00,63.18,63.22,63.18,63.22,922.0
2026-06-17T10:50:00+00:00,63.29,63.32,63.29,63.29,871.0
2026-06-17T10:55:00+00:00,63.38,63.38,63.28,63.28,451.312797
2026-06-17T11:00:00+00:00,63.26,63.26,63.26,63.26,753.580303
2026-06-17T11:05:00+00:00,63.2735,63.2735,63.08,63.09,4937.939453999999
2026-06-17T11:10:00+00:00,63.12,63.25,63.12,63.17,4440.685143
2026-06-17T11:15:00+00:00,63.1402,63.1402,63.1,63.14,3584.624841
2026-06-17T11:20:00+00:00,63.16,63.27,63.15,63.26,7519.840444
2026-06-17T11:25:00+00:00,63.27,63.27,63.21,63.21,3733.460867
2026-06-17T11:30:00+00:00,63.21,63.21,63.15,63.16,1844.9399899999999
2026-06-17T11:35:00+00:00,63.16,63.16,63.08,63.0956,3245.685126
2026-06-17T11:40:00+00:00,63.07,63.08,63.05,63.0501,7636.614127
2026-06-17T11:45:00+00:00,63.085,63.085,63.0695,63.0818,3194.937744
2026-06-17T11:50:00+00:00,63.08,63.0818,63.02,63.02,4567.03
2026-06-17T11:55:00+00:00,63.0507,63.13,63.0474,63.081,3066.087085
2026-06-17T12:00:00+00:00,63.09,63.09,62.9413,62.97,4734.981403
2026-06-17T12:05:00+00:00,63.07,63.11,63.07,63.11,1971.400274
2026-06-17T12:10:00+00:00,63.06,63.17,63.06,63.1697,21103.463831
2026-06-17T12:15:00+00:00,63.14,63.19,63.04,63.14,15187.81245
2026-06-17T12:20:00+00:00,63.15,63.1591,63.07,63.1,1883.368117
2026-06-17T12:25:00+00:00,63.12,63.16,63.05,63.13,38349.267008999996
2026-06-17T12:30:00+00:00,63.1,63.12,62.9974,62.9974,5849.144115
2026-06-17T12:35:00+00:00,63.0,63.26,62.98,63.23,8329.003538
2026-06-17T12:40:00+00:00,63.23,63.2694,63.18,63.2694,2848.150485
2026-06-17T12:45:00+00:00,63.2,63.2,63.09,63.16,12936.472784
2026-06-17T12:50:00+00:00,63.2,63.23,63.2,63.21,4367.260802000001
2026-06-17T12:55:00+00:00,63.25,63.25,63.18,63.18,2148.563751
2026-06-17T13:00:00+00:00,63.22,63.26,63.16,63.26,2930.013416
2026-06-17T13:05:00+00:00,63.27,63.3,63.11,63.15,17975.26015
2026-06-17T13:10:00+00:00,63.08,63.08,62.89,63.03,11894.46073
2026-06-17T13:15:00+00:00,63.02,63.23,63.02,63.1546,19056.150702
2026-06-17T13:20:00+00:00,63.19,63.28,63.15,63.2497,20741.535017000002
2026-06-17T13:25:00+00:00,63.2423,63.4699,63.2402,63.4,18648.696605
2026-06-17T13:30:00+00:00,63.41,63.6,63.4,63.56,19553.120411999997
2026-06-17T13:35:00+00:00,63.544,63.5748,63.41,63.46,306984.47044
2026-06-17T13:40:00+00:00,63.47,63.645,63.432,63.55,257158.84451999998
2026-06-17T13:45:00+00:00,63.55,63.66,63.509,63.6499,324536.102497
2026-06-17T13:50:00+00:00,63.64,63.71,63.53,63.535,180125.785483
2026-06-17T13:55:00+00:00,63.53,63.625,63.405,63.435,146268.405361
2026-06-17T14:00:00+00:00,63.435,63.52,63.395,63.395,188321.164471
2026-06-17T14:05:00+00:00,63.4,63.56,63.37,63.555,165404.749651
2026-06-17T14:10:00+00:00,63.55,63.71,63.53,63.58,127255.97589300001
2026-06-17T14:15:00+00:00,63.59,63.675,63.5501,63.6,126965.877736
2026-06-17T14:20:00+00:00,63.61,63.625,63.55,63.585,491258.769186
2026-06-17T14:25:00+00:00,63.59,64.04,63.58,63.93,221023.05897
2026-06-17T14:30:00+00:00,63.93,63.99,63.865,63.9757,187677.935505
2026-06-17T14:35:00+00:00,63.98,64.0899,63.94,64.055,281570.780777
2026-06-17T14:40:00+00:00,64.05,64.05,63.77,63.84,212837.006038
2026-06-17T14:45:00+00:00,63.84,63.91,63.78,63.855,122972.691413
2026-06-17T14:50:00+00:00,63.85,63.9099,63.255,63.61,882238.141525
2026-06-17T14:55:00+00:00,63.63,63.81,63.585,63.68,207757.52324100002
2026-06-17T15:00:00+00:00,63.68,63.72,63.55,63.56,116830.952862
2026-06-17T15:05:00+00:00,63.57,63.6353,63.49,63.61,189148.858778
2026-06-17T15:10:00+00:00,63.63,63.6999,63.57,63.598,79816.287485
2026-06-17T15:15:00+00:00,63.59,63.69,63.562,63.68,235673.23468500003
2026-06-17T15:20:00+00:00,63.68,63.83,63.64,63.79,106783.606801
2026-06-17T15:25:00+00:00,63.81,63.91,63.795,63.89,147800.15574200003
2026-06-17T15:30:00+00:00,63.9,63.9201,63.855,63.89,91202.137645
2026-06-17T15:35:00+00:00,63.895,63.95,63.845,63.86,91820.605029
2026-06-17T15:40:00+00:00,63.86,63.875,63.79,63.875,75764.58411699999
2026-06-17T15:45:00+00:00,63.875,63.875,63.785,63.85,50331.952451
2026-06-17T15:50:00+00:00,63.86,63.93,63.85,63.905,78629.679529
2026-06-17T15:55:00+00:00,63.905,63.96,63.9,63.92,100741.31468
2026-06-17T16:00:00+00:00,63.92,63.99,63.92,63.96,775641.88962
2026-06-17T16:05:00+00:00,63.96,64.02,63.88,63.89,150989.927647
2026-06-17T16:10:00+00:00,63.89,63.955,63.875,63.935,127023.05341899997
2026-06-17T16:15:00+00:00,63.935,63.945,63.88,63.945,54930.17127499999
2026-06-17T16:20:00+00:00,63.945,63.975,63.86,63.975,68302.055317
2026-06-17T16:25:00+00:00,63.975,63.9911,63.9392,63.959,72600.169752
2026-06-17T16:30:00+00:00,63.95,64.005,63.93,63.965,53081.603089
2026-06-17T16:35:00+00:00,63.965,63.975,63.9,63.9,51183.37696000001
2026-06-17T16:40:00+00:00,63.9,63.9,63.8,63.805,62781.218251
2026-06-17T16:45:00+00:00,63.8,63.84,63.71,63.84,55040.668991
2026-06-17T16:50:00+00:00,63.83,63.84,63.785,63.8002,42336.519140000004
2026-06-17T16:55:00+00:00,63.795,63.825,63.755,63.755,85388.092525
2026-06-17T17:00:00+00:00,63.755,63.83,63.755,63.83,75240.14837699999
2026-06-17T17:05:00+00:00,63.83,63.89,63.79,63.79,167439.415752
2026-06-17T17:10:00+00:00,63.805,63.9,63.71,63.88,168341.723833
2026-06-17T17:15:00+00:00,63.885,63.93,63.86,63.89,56674.454796000005
2026-06-17T17:20:00+00:00,63.865,63.89,63.7501,63.86,76678.95584
2026-06-17T17:25:00+00:00,63.85,63.95,63.83,63.9401,125689.336176
2026-06-17T17:30:00+00:00,63.94,64.04,63.94,63.995,91634.64362100001
2026-06-17T17:35:00+00:00,64.0,64.43,63.9802,64.35,386060.811376
2026-06-17T17:40:00+00:00,64.34,64.34,64.17,64.3,213250.02239899998
2026-06-17T17:45:00+00:00,64.305,64.67,64.2899,64.565,613080.778615
2026-06-17T17:50:00+00:00,64.565,64.69,64.46,64.505,274578.002441
2026-06-17T17:55:00+00:00,64.5,64.55,64.425,64.45,106959.11585100001
2026-06-17T18:00:00+00:00,64.46,64.52,64.425,64.48,160689.13762
2026-06-17T18:05:00+00:00,64.45,64.49,62.87,62.885,1753053.3084069998
2026-06-17T18:10:00+00:00,62.87,62.9643,62.16,62.39,1412750.586234
2026-06-17T18:15:00+00:00,62.38,62.41,62.07,62.16,968341.510516
2026-06-17T18:20:00+00:00,62.1599,62.835,62.12,62.779,720705.9408930001
2026-06-17T18:25:00+00:00,62.7799,62.8,62.45,62.4601,398707.284002
2026-06-17T18:30:00+00:00,62.46,62.54,62.28,62.5299,447107.54732899996
2026-06-17T18:35:00+00:00,62.52,63.06,62.12,62.2,1270767.699351
2026-06-17T18:40:00+00:00,62.18,63.01,62.17,62.8,587931.481224
2026-06-17T18:45:00+00:00,62.81,63.37,62.7,63.3,816402.106415
2026-06-17T18:50:00+00:00,63.27,63.54,63.1304,63.25,607303.664599
2026-06-17T18:55:00+00:00,63.255,63.37,63.08,63.1,428420.32386600005
2026-06-17T19:00:00+00:00,63.09,63.1,62.27,62.52,694914.408519
2026-06-17T19:05:00+00:00,62.52,62.685,62.02,62.035,694440.6048580001
2026-06-17T19:10:00+00:00,62.04,62.17,61.769,62.0,1125554.5364
2026-06-17T19:15:00+00:00,61.99,62.14,61.73,62.0,695660.87174
2026-06-17T19:20:00+00:00,61.99,62.02,61.59,61.59,577155.433675
2026-06-17T19:25:00+00:00,61.585,61.645,61.32,61.365,607209.598268
2026-06-17T19:30:00+00:00,61.375,61.63,61.09,61.1,664411.3002830001
2026-06-17T19:35:00+00:00,61.1,61.11,60.825,60.92,876988.7683349999
2026-06-17T19:40:00+00:00,60.93,61.02,60.4,60.42,1381417.606702
2026-06-17T19:45:00+00:00,60.42,60.665,60.385,60.52,1579918.247617
2026-06-17T19:50:00+00:00,60.53,60.79,60.51,60.66,960021.068398
2026-06-17T19:55:00+00:00,60.65,60.935,60.56,60.7,1211387.9979130002
2026-06-17T20:00:00+00:00,60.7,60.845,60.575,60.62,1289638.471822
2026-06-17T20:05:00+00:00,60.61,61.0201,60.6,60.83,94958.711437
2026-06-17T20:10:00+00:00,60.87,61.12,60.87,61.08,38358.481599000006
2026-06-17T20:15:00+00:00,61.13,61.3,61.12,61.27,70371.83247600001
2026-06-17T20:20:00+00:00,61.2688,61.43,61.1616,61.43,39246.424462999996
2026-06-17T20:25:00+00:00,61.42,61.5,61.33,61.34,23400.023914999998
2026-06-17T20:30:00+00:00,61.33,61.34,61.25,61.27,130112.021771
2026-06-17T20:35:00+00:00,61.3,61.45,61.3,61.4,47563.968208
2026-06-17T20:40:00+00:00,61.4,61.58,61.375,61.58,30271.140793
2026-06-17T20:45:00+00:00,61.57,61.61,61.5,61.5,24038.736038
2026-06-17T20:50:00+00:00,61.5286,61.55,61.41,61.41,5729.234722
2026-06-17T20:55:00+00:00,61.3797,61.44,61.33,61.4198,11703.117686
2026-06-17T21:00:00+00:00,61.4,61.43,61.3815,61.39,3817.60136
2026-06-17T21:05:00+00:00,61.4,61.44,61.4,61.4,11618.0
2026-06-17T21:10:00+00:00,61.4,61.45,61.4,61.4,11200.437531
2026-06-17T21:15:00+00:00,61.41,61.4309,61.33,61.4309,21262.618522
2026-06-17T21:20:00+00:00,61.42,61.43,61.37,61.37,10480.479138
2026-06-17T21:25:00+00:00,61.37,61.49,61.32,61.3591,16832.013954000002
2026-06-17T21:30:00+00:00,61.34,61.37,61.34,61.37,4442.255182000001
2026-06-17T21:35:00+00:00,61.44,61.44,61.353,61.353,1679.366054
2026-06-17T21:40:00+00:00,61.44,61.44,61.41,61.427,13970.366403
2026-06-17T21:45:00+00:00,61.41,61.48,61.35,61.4737,5036.287163999999
2026-06-17T21:50:00+00:00,61.36,61.36,61.36,61.36,118.794493
2026-06-17T21:55:00+00:00,61.4,61.43,61.3,61.36,2781.0
2026-06-17T22:00:00+00:00,61.32,61.3743,61.32,61.3743,682.894637
2026-06-17T22:05:00+00:00,61.38,61.45,61.37,61.3998,3037.270637
2026-06-17T22:10:00+00:00,61.4,61.59,61.4,61.564,5190.631258
2026-06-17T22:15:00+00:00,61.54,61.5792,61.45,61.4986,6846.309536000001
2026-06-17T22:20:00+00:00,61.4,61.5132,61.4,61.5132,8218.535484
2026-06-17T22:25:00+00:00,61.49,61.49,61.49,61.49,1379.8956830000002
2026-06-17T22:30:00+00:00,61.44,61.5,61.4352,61.4875,4035.043955
2026-06-17T22:35:00+00:00,61.47,61.51,61.47,61.48,7345.513783
2026-06-17T22:40:00+00:00,61.47,61.47,61.42,61.43,2038.0
2026-06-17T22:45:00+00:00,61.4935,61.4935,61.39,61.39,5407.162667
2026-06-17T22:50:00+00:00,61.4,61.44,61.39,61.44,13563.262377
2026-06-17T22:55:00+00:00,61.5,61.52,61.48,61.48,1544.533069
2026-06-17T23:00:00+00:00,61.48,61.53,61.4701,61.4701,1792.951256
2026-06-17T23:05:00+00:00,61.48,61.48,61.4398,61.48,3007.693502
2026-06-17T23:10:00+00:00,61.4857,61.6,61.4746,61.6,9513.363087
2026-06-17T23:15:00+00:00,61.63,61.8,61.61,61.78,22632.994463
2026-06-17T23:20:00+00:00,61.78,61.78,61.59,61.63,13552.532624
2026-06-17T23:25:00+00:00,61.69,61.8261,61.66,61.77,20251.576184999998
2026-06-17T23:30:00+00:00,61.72,61.82,61.72,61.82,8920.215653
2026-06-17T23:35:00+00:00,61.7794,61.8099,61.7794,61.79,5384.1
2026-06-17T23:40:00+00:00,61.7935,61.7935,61.73,61.73,2779.740973
2026-06-17T23:45:00+00:00,61.72,61.75,61.65,61.75,6531.157297
2026-06-17T23:50:00+00:00,61.73,61.82,61.73,61.75,6092.407329
2026-06-17T23:55:00+00:00,61.7696,61.79,61.74,61.77,4333.330949
2026-06-18T00:00:00+00:00,61.8,61.87,61.78,61.78,7533.439566
2026-06-18T08:05:00+00:00,62.0,62.689,61.86,62.22,171217.48636
2026-06-18T08:10:00+00:00,62.27,62.6,61.92,62.02,103041.681424
2026-06-18T08:15:00+00:00,62.0,62.0,61.8,61.83,16340.313140999999
2026-06-18T08:20:00+00:00,61.83,61.86,61.81,61.83,21838.487199000003
2026-06-18T08:25:00+00:00,61.83,61.83,61.73,61.73,5206.8480930000005
2026-06-18T08:30:00+00:00,61.74,61.8,61.74,61.75,6098.985508
2026-06-18T08:35:00+00:00,61.75,61.86,61.73,61.81,23770.370485000003
2026-06-18T08:40:00+00:00,61.71,61.94,61.71,61.93,32254.311817
2026-06-18T08:45:00+00:00,61.93,61.95,61.88,61.89,10888.0
2026-06-18T08:50:00+00:00,61.824,61.84,61.82,61.82,2684.0
2026-06-18T08:55:00+00:00,61.81,61.81,61.71,61.72,4465.873237
2026-06-18T09:00:00+00:00,61.7,61.7,61.58,61.58,13646.545147
2026-06-18T09:05:00+00:00,61.54,61.7,61.51,61.7,13700.432389000001
2026-06-18T09:10:00+00:00,61.7,61.73,61.6804,61.7,22077.5
2026-06-18T09:15:00+00:00,61.66,61.66,61.45,61.62,10955.609892
2026-06-18T09:20:00+00:00,61.71,61.81,61.7059,61.81,10580.254549000001
2026-06-18T09:25:00+00:00,61.81,61.82,61.69,61.76,7033.108499999999
2026-06-18T09:30:00+00:00,61.74,61.77,61.68,61.68,9767.891352
2026-06-18T09:35:00+00:00,61.72,61.77,61.69,61.7399,6320.219899
2026-06-18T09:40:00+00:00,61.72,61.81,61.7,61.81,4673.0
2026-06-18T09:45:00+00:00,61.78,61.85,61.75,61.85,28185.416366
2026-06-18T09:50:00+00:00,61.8616,61.9,61.86,61.89,5968.35346
2026-06-18T09:55:00+00:00,61.88,61.93,61.87,61.93,1360.215559
2026-06-18T10:00:00+00:00,61.9,61.9,61.89,61.9,2390.301759
2026-06-18T10:05:00+00:00,61.89,61.92,61.85,61.88,4674.144348
2026-06-18T10:10:00+00:00,61.95,61.95,61.85,61.85,3418.14034
2026-06-18T10:15:00+00:00,61.8,61.84,61.78,61.84,1523.0
2026-06-18T10:20:00+00:00,61.89,61.89,61.84,61.84,2828.1762599999997
2026-06-18T10:25:00+00:00,61.87,61.87,61.75,61.75,3572.46
2026-06-18T10:30:00+00:00,61.73,61.74,61.59,61.71,5906.068939999999
2026-06-18T10:35:00+00:00,61.74,61.8,61.66,61.68,7982.0
2026-06-18T10:40:00+00:00,61.7,61.7,61.6762,61.69,4457.150428
2026-06-18T10:45:00+00:00,61.67,61.67,61.59,61.6,3803.2573660000003
2026-06-18T10:50:00+00:00,61.63,61.6792,61.59,61.59,5923.873227
2026-06-18T10:55:00+00:00,61.58,61.58,61.44,61.47,10574.769997
2026-06-18T11:00:00+00:00,61.47,61.47,61.27,61.28,31484.344393
2026-06-18T11:05:00+00:00,61.34,61.34,61.16,61.28,39970.816608999994
2026-06-18T11:10:00+00:00,61.25,61.29,61.0,61.04,39872.998157
2026-06-18T11:15:00+00:00,61.07,61.07,60.75,60.9649,61023.271936000005
2026-06-18T11:20:00+00:00,60.96,61.05,60.8,60.85,121093.132763
2026-06-18T11:25:00+00:00,60.88,61.0,60.79,60.967,35101.105596999994
2026-06-18T11:30:00+00:00,60.9674,60.97,60.7904,60.91,45525.170102000004
2026-06-18T11:35:00+00:00,60.9,60.9,60.8087,60.8874,28165.211655000003
2026-06-18T11:40:00+00:00,60.85,60.85,60.25,60.45,120291.85974999999
2026-06-18T11:45:00+00:00,60.42,60.55,60.35,60.4,52759.467928
2026-06-18T11:50:00+00:00,60.39,60.51,60.35,60.35,13859.67767
2026-06-18T11:55:00+00:00,60.36,60.45,60.25,60.32,33243.809832
2026-06-18T12:00:00+00:00,60.31,60.44,60.25,60.4204,17220.334237
2026-06-18T12:05:00+00:00,60.45,60.63,60.36,60.42,58199.92143
2026-06-18T12:10:00+00:00,60.39,60.5399,60.27,60.5399,14771.944092
2026-06-18T12:15:00+00:00,60.54,60.7187,60.54,60.58,34977.971095
2026-06-18T12:20:00+00:00,60.63,60.8,60.63,60.8,26154.586201
2026-06-18T12:25:00+00:00,60.79,60.92,60.75,60.8,29595.950157
2026-06-18T12:30:00+00:00,60.81,60.81,60.55,60.59,65257.37297899999
2026-06-18T12:35:00+00:00,60.58,60.63,60.39,60.4199,63411.47863500001
2026-06-18T12:40:00+00:00,60.41,60.5,60.16,60.16,66615.604492
2026-06-18T12:45:00+00:00,60.2,60.4,60.1,60.17,41224.579612999994
2026-06-18T12:50:00+00:00,60.1587,60.25,60.07,60.11,99497.106243
2026-06-18T12:55:00+00:00,60.12,60.19,60.06,60.19,18746.079513
2026-06-18T13:00:00+00:00,60.21,60.23,60.01,60.14,49339.693773
2026-06-18T13:05:00+00:00,60.2,60.32,60.15,60.15,46026.52701400001
2026-06-18T13:10:00+00:00,60.18,60.38,60.15,60.3399,31956.143728000003
2026-06-18T13:15:00+00:00,60.34,60.55,60.29,60.5474,36530.192991
2026-06-18T13:20:00+00:00,60.55,60.59,60.4606,60.48,38659.607702
2026-06-18T13:25:00+00:00,60.46,60.5816,60.4,60.55,28513.490213
2026-06-18T13:30:00+00:00,60.55,60.77,60.55,60.75,77627.754368
2026-06-18T13:35:00+00:00,60.74,61.12,60.74,61.0,851113.479772
2026-06-18T13:40:00+00:00,60.99,61.095,60.9,61.05,334550.837243
2026-06-18T13:45:00+00:00,61.05,61.06,60.82,60.865,334998.83755
2026-06-18T13:50:00+00:00,60.87,60.94,60.56,60.725,359526.282012
2026-06-18T13:55:00+00:00,60.72,60.74,60.4905,60.6,410074.43402100005
2026-06-18T14:00:00+00:00,60.6033,60.61,60.36,60.55,336102.10945999995
2026-06-18T14:05:00+00:00,60.55,60.6058,60.2514,60.44,418899.37948299997
2026-06-18T14:10:00+00:00,60.44,60.5601,60.3,60.4,302885.719349
2026-06-18T14:15:00+00:00,60.395,60.415,60.275,60.3199,218725.58450599998
2026-06-18T14:20:00+00:00,60.305,60.3793,60.11,60.345,382620.687971
2026-06-18T14:25:00+00:00,60.345,60.475,60.23,60.381,183226.172898
2026-06-18T14:30:00+00:00,60.38,60.48,60.1511,60.17,340955.75109100004
2026-06-18T14:35:00+00:00,60.15,60.275,60.08,60.275,234682.048368
2026-06-18T14:40:00+00:00,60.28,60.37,60.22,60.2722,252406.208234
2026-06-18T14:45:00+00:00,60.27,60.28,59.82,59.91,481520.4604740001
2026-06-18T14:50:00+00:00,59.9,59.94,59.76,59.8693,314164.14706800005
2026-06-18T14:55:00+00:00,59.85,59.99,59.73,59.9699,262224.956701
2026-06-18T15:00:00+00:00,59.97,60.165,59.95,60.11,278525.01349499996
2026-06-18T15:05:00+00:00,60.11,60.17,59.92,60.045,194097.85877199998
2026-06-18T15:10:00+00:00,60.04,60.12,60.015,60.07,827679.484664
2026-06-18T15:15:00+00:00,60.07,60.07,59.79,59.805,149712.454123
2026-06-18T15:20:00+00:00,59.81,59.91,59.7,59.79,358666.38657
2026-06-18T15:25:00+00:00,59.8,59.95,59.78,59.81,250930.999588
2026-06-18T15:30:00+00:00,59.82,59.86,59.64,59.675,1000760.301578
2026-06-18T15:35:00+00:00,59.66,59.83,59.595,59.82,336527.528897
2026-06-18T15:40:00+00:00,59.82,59.87,59.63,59.765,245455.53105199998
2026-06-18T15:45:00+00:00,59.77,59.91,59.77,59.8199,274083.15901999996
2026-06-18T15:50:00+00:00,59.82,59.845,59.7501,59.755,137212.80250199998
2026-06-18T15:55:00+00:00,59.76,59.78,59.67,59.715,134093.087875
2026-06-18T16:00:00+00:00,59.71,59.83,59.71,59.75,907183.093824
2026-06-18T16:05:00+00:00,59.75,59.93,59.75,59.855,202857.50971900002
2026-06-18T16:10:00+00:00,59.855,59.9,59.73,59.881,240285.65124500002
2026-06-18T16:15:00+00:00,59.88,59.8899,59.73,59.73,153258.83960600002
2026-06-18T16:20:00+00:00,59.735,59.77,59.64,59.665,236530.80286100003
2026-06-18T16:25:00+00:00,59.67,59.795,59.66,59.7401,191355.3852
2026-06-18T16:30:00+00:00,59.745,59.815,59.705,59.77,128846.62380999999
2026-06-18T16:35:00+00:00,59.775,59.915,59.715,59.735,290944.90672900004
2026-06-18T16:40:00+00:00,59.735,59.755,59.575,59.755,329166.429062
2026-06-18T16:45:00+00:00,59.76,59.8435,59.735,59.77,119110.686496
2026-06-18T16:50:00+00:00,59.77,59.77,59.67,59.6768,145897.15337
2026-06-18T16:55:00+00:00,59.6701,59.77,59.645,59.73,280067.74492800003
2026-06-18T17:00:00+00:00,59.725,59.79,59.6201,59.79,288724.202136
2026-06-18T17:05:00+00:00,59.8,59.84,59.735,59.835,127921.266002
2026-06-18T17:10:00+00:00,59.835,59.92,59.82,59.835,437436.35033100005
2026-06-18T17:15:00+00:00,59.84,59.8989,59.7535,59.888,203571.74154200003
2026-06-18T17:20:00+00:00,59.88,60.02,59.875,59.93,487340.87431
2026-06-18T17:25:00+00:00,59.9207,60.025,59.85,59.855,202677.467872
2026-06-18T17:30:00+00:00,59.85,59.86,59.69,59.7,335074.94078999996
2026-06-18T17:35:00+00:00,59.695,59.71,59.535,59.54,508270.1585009999
2026-06-18T17:40:00+00:00,59.54,59.62,59.48,59.515,362850.7504860001
2026-06-18T17:45:00+00:00,59.52,59.73,59.51,59.68,325011.71274799993
2026-06-18T17:50:00+00:00,59.675,59.7403,59.665,59.71,134576.604833
2026-06-18T17:55:00+00:00,59.71,59.8161,59.71,59.81,136855.114507
2026-06-18T18:00:00+00:00,59.805,59.85,59.79,59.801,282704.369749
2026-06-18T18:05:00+00:00,59.81,59.8199,59.72,59.735,80779.50087100001
2026-06-18T18:10:00+00:00,59.75,59.86,59.7401,59.835,168030.545484
2026-06-18T18:15:00+00:00,59.8301,59.845,59.73,59.74,138596.249074
2026-06-18T18:20:00+00:00,59.7443,59.7699,59.665,59.75,102018.925702
2026-06-18T18:25:00+00:00,59.75,59.77,59.665,59.72,77737.01074
2026-06-18T18:30:00+00:00,59.72,59.82,59.715,59.735,104737.95324700001
2026-06-18T18:35:00+00:00,59.74,59.74,59.64,59.67,189742.883708
2026-06-18T18:40:00+00:00,59.665,59.68,59.525,59.555,347371.109665
2026-06-18T18:45:00+00:00,59.56,59.67,59.55,59.67,86119.22755899999
2026-06-18T18:50:00+00:00,59.665,59.68,59.545,59.58,181623.20454
2026-06-18T18:55:00+00:00,59.575,59.6175,59.52,59.593,212123.52532900003
2026-06-18T19:00:00+00:00,59.595,59.625,59.535,59.535,236940.5263
2026-06-18T19:05:00+00:00,59.54,59.55,59.31,59.3201,487507.499116
2026-06-18T19:10:00+00:00,59.325,59.33,59.14,59.155,545479.223645
2026-06-18T19:15:00+00:00,59.155,59.18,58.98,59.135,477907.91191499995
2026-06-18T19:20:00+00:00,59.13,59.165,58.985,59.065,324470.129079
2026-06-18T19:25:00+00:00,59.06,59.115,59.0169,59.025,186175.881796
2026-06-18T19:30:00+00:00,59.025,59.08,58.9422,58.955,320000.18305500003
2026-06-18T19:35:00+00:00,58.955,59.02,58.85,58.985,686230.192667
2026-06-18T19:40:00+00:00,58.995,59.22,58.99,59.215,425509.634038
2026-06-18T19:45:00+00:00,59.2101,59.39,59.21,59.385,606427.2124349999
2026-06-18T19:50:00+00:00,59.38,59.4,59.32,59.395,510660.00505700003
2026-06-18T19:55:00+00:00,59.39,59.535,59.37,59.52,934008.3908889999
2026-06-18T20:00:00+00:00,59.52,59.59,59.49,59.5001,1063715.7562560001
2026-06-18T20:05:00+00:00,59.51,59.5325,59.47,59.53,44627.518388
2026-06-18T20:10:00+00:00,59.5302,59.59,59.53,59.57,123096.25532699999
2026-06-18T20:15:00+00:00,59.58,59.6,59.54,59.57,10624.12876
2026-06-18T20:20:00+00:00,59.59,59.59,59.51,59.54,63983.746356999996
2026-06-18T20:25:00+00:00,59.57,59.6,59.5492,59.58,29004.112956
2026-06-18T20:30:00+00:00,59.57,59.65,59.55,59.61,10007.355239
2026-06-18T20:35:00+00:00,59.6,59.61,59.53,59.55,9675.975101
2026-06-18T20:40:00+00:00,59.53,59.56,59.5,59.52,17509.790492
2026-06-18T20:45:00+00:00,59.5285,59.53,59.49,59.49,35899.988312
2026-06-18T20:50:00+00:00,59.47,59.47,59.42,59.4301,5244.447106
2026-06-18T20:55:00+00:00,59.43,59.46,59.42,59.42,3849.400428
2026-06-18T21:00:00+00:00,59.44,59.46,59.41,59.46,15745.191238000001
2026-06-18T21:05:00+00:00,59.42,59.46,59.41,59.44,16217.445937999999
2026-06-18T21:10:00+00:00,59.4202,59.47,59.42,59.432,14035.346642
2026-06-18T21:15:00+00:00,59.4699,59.51,59.43,59.51,7293.0528620000005
2026-06-18T21:20:00+00:00,59.495,59.5,59.4791,59.4795,3942.0
2026-06-18T21:25:00+00:00,59.46,59.5309,59.46,59.5309,4886.844868
2026-06-18T21:30:00+00:00,59.49,59.49,59.4613,59.4613,3408.854093
2026-06-18T21:35:00+00:00,59.468,59.47,59.468,59.4699,5145.126124
2026-06-18T21:40:00+00:00,59.47,59.47,59.46,59.47,4315.20952
2026-06-18T21:45:00+00:00,59.47,59.5,59.47,59.492,2530.114968
2026-06-18T21:50:00+00:00,59.46,59.49,59.46,59.49,3730.178266
2026-06-18T21:55:00+00:00,59.5,59.5,59.4999,59.5,5002.4216799999995
2026-06-18T22:00:00+00:00,59.48,59.48,59.48,59.48,291.17647
2026-06-18T22:05:00+00:00,59.5,59.5192,59.39,59.45,9501.808152000001
2026-06-18T22:10:00+00:00,59.4156,59.5057,59.3,59.3,12888.218174
2026-06-18T22:15:00+00:00,59.3911,59.47,59.39,59.39,3317.0
2026-06-18T22:20:00+00:00,59.38,59.38,59.38,59.38,176.5
2026-06-18T22:25:00+00:00,59.38,59.38,59.2217,59.3035,1881.225098
2026-06-18T22:30:00+00:00,59.2641,59.2641,59.2641,59.2641,177.0
2026-06-18T22:35:00+00:00,59.33,59.33,59.33,59.33,117.0
2026-06-18T22:40:00+00:00,59.3065,59.35,59.29,59.31,7129.606610999999
2026-06-18T22:45:00+00:00,59.3,59.365,59.3,59.365,4864.0
2026-06-18T22:50:00+00:00,59.3172,59.36,59.3,59.36,6419.810437
2026-06-18T22:55:00+00:00,59.4,59.429,59.39,59.42,10250.3115
2026-06-18T23:00:00+00:00,59.4341,59.437,59.3691,59.3991,3212.03
2026-06-18T23:05:00+00:00,59.38,59.43,59.21,59.2394,15489.522158
2026-06-18T23:10:00+00:00,59.22,59.26,59.16,59.2,3476.37272
2026-06-18T23:15:00+00:00,59.1982,59.2,59.05,59.05,13996.019278
2026-06-18T23:20:00+00:00,59.1,59.24,59.0,59.16,3569.953222
2026-06-18T23:25:00+00:00,59.17,59.27,59.17,59.2,3438.0492400000003
2026-06-18T23:30:00+00:00,59.2631,59.27,59.2303,59.27,2349.599548
2026-06-18T23:35:00+00:00,59.27,59.35,59.2,59.2,27951.717458
2026-06-18T23:40:00+00:00,59.22,59.31,59.22,59.3,15073.817659
2026-06-18T23:45:00+00:00,59.29,59.29,59.2,59.2,13463.220189
2026-06-18T23:50:00+00:00,59.21,59.21,59.03,59.0565,6933.728392000001
2026-06-18T23:55:00+00:00,59.1,59.15,59.0603,59.15,5996.491865000001
2026-06-19T00:00:00+00:00,59.07,59.14,59.03,59.0722,12403.280671
2026-06-22T08:05:00+00:00,59.9,60.4,59.25,59.25,105545.651353
2026-06-22T08:10:00+00:00,59.26,60.4,59.21,59.82,186558.72223899997
2026-06-22T08:15:00+00:00,59.79,59.79,59.67,59.67,14715.832928
2026-06-22T08:20:00+00:00,59.6799,59.71,59.625,59.67,8099.285793999999
2026-06-22T08:25:00+00:00,59.7,59.7199,59.62,59.64,11203.874971
2026-06-22T08:30:00+00:00,59.6,59.6,59.48,59.59,13289.967244
2026-06-22T08:35:00+00:00,59.52,59.5433,59.52,59.5433,533.163496
2026-06-22T08:40:00+00:00,59.64,59.7,59.63,59.65,5816.533004
2026-06-22T08:45:00+00:00,59.63,59.7,59.61,59.7,6135.826399
2026-06-22T08:50:00+00:00,59.69,59.71,59.69,59.71,1356.067078
2026-06-22T08:55:00+00:00,59.75,59.83,59.73,59.83,4642.808744
2026-06-22T09:00:00+00:00,59.81,59.85,59.81,59.85,2642.0
2026-06-22T09:05:00+00:00,59.88,59.97,59.87,59.97,16727.736207
2026-06-22T09:10:00+00:00,59.99,60.07,59.99,60.0,38311.328477999996
2026-06-22T09:15:00+00:00,60.02,60.02,59.94,59.99,2940.1735
2026-06-22T09:20:00+00:00,59.98,59.9897,59.96,59.96,3411.0
2026-06-22T09:25:00+00:00,60.02,60.0638,60.01,60.02,23252.823844000002
2026-06-22T09:30:00+00:00,60.03,60.03,60.01,60.03,752.800505
2026-06-22T09:35:00+00:00,60.0,60.16,60.0,60.15,59105.190084999995
2026-06-22T09:40:00+00:00,60.11,60.11,60.08,60.08,3242.0
2026-06-22T09:45:00+00:00,60.1,60.12,60.06,60.07,4828.3766399999995
2026-06-22T09:50:00+00:00,60.04,60.09,60.02,60.09,18114.15
2026-06-22T09:55:00+00:00,60.08,60.08,60.07,60.07,612.01
2026-06-22T10:00:00+00:00,60.04,60.05,60.04,60.05,271.03488
2026-06-22T10:05:00+00:00,60.05,60.15,60.05,60.12,943.729057
2026-06-22T10:10:00+00:00,60.11,60.21,60.11,60.21,1781.2691200000002
2026-06-22T10:15:00+00:00,60.2,60.21,60.17,60.18,750.8898690000001
2026-06-22T10:20:00+00:00,60.12,60.12,60.12,60.12,1505.46564
2026-06-22T10:25:00+00:00,60.12,60.12,60.1,60.12,9716.226509
2026-06-22T10:30:00+00:00,60.11,60.15,60.11,60.11,2448.625872
2026-06-22T10:35:00+00:00,60.08,60.1,60.08,60.1,2742.83
2026-06-22T10:40:00+00:00,60.08,60.08,60.08,60.08,462.12078399999996
2026-06-22T10:45:00+00:00,60.0628,60.08,60.03,60.03,826.18147
2026-06-22T10:50:00+00:00,60.04,60.0404,60.0,60.0058,4716.554006
2026-06-22T10:55:00+00:00,60.09,60.09,60.06,60.06,3555.78
2026-06-22T11:00:00+00:00,60.1,60.1,60.0,60.0,2907.6815030000002
2026-06-22T11:05:00+00:00,60.02,60.19,59.98,60.19,30795.1
2026-06-22T11:10:00+00:00,60.2,60.35,60.2,60.2303,35497.922476
2026-06-22T11:15:00+00:00,60.23,60.25,60.11,60.18,29641.629353
2026-06-22T11:20:00+00:00,60.14,60.14,60.11,60.11,2274.516074
2026-06-22T11:25:00+00:00,60.1,60.16,60.08,60.11,9838.930665
2026-06-22T11:30:00+00:00,60.08,60.09,60.0223,60.0223,5842.102054999999
2026-06-22T11:35:00+00:00,60.0508,60.06,60.01,60.05,3551.432786
2026-06-22T11:40:00+00:00,60.0343,60.0343,59.92,59.96,18168.201195
2026-06-22T11:45:00+00:00,59.9899,60.0,59.95,59.96,8315.341393
2026-06-22T11:50:00+00:00,59.94,59.9548,59.9,59.95,7708.3767370000005
2026-06-22T11:55:00+00:00,59.91,59.93,59.89,59.9204,13775.492295
2026-06-22T12:00:00+00:00,59.96,60.1,59.95,60.1,19158.206026
2026-06-22T12:05:00+00:00,60.11,60.17,60.0609,60.162,9877.007044999998
2026-06-22T12:10:00+00:00,60.15,60.2,60.05,60.07,7604.210301
2026-06-22T12:15:00+00:00,60.04,60.04,59.99,60.0,6078.4445909999995
2026-06-22T12:20:00+00:00,59.97,60.01,59.94,60.0,5920.514577000001
2026-06-22T12:25:00+00:00,60.0061,60.19,60.0061,60.19,9830.218984
2026-06-22T12:30:00+00:00,60.15,60.15,59.9824,60.07,6008.734269
2026-06-22T12:35:00+00:00,60.0561,60.0561,59.95,59.98,7835.203691
2026-06-22T12:40:00+00:00,60.02,60.05,59.97,60.0394,12947.244673
2026-06-22T12:45:00+00:00,60.04,60.04,59.93,59.96,9509.824521
2026-06-22T12:50:00+00:00,60.01,60.02,59.9,60.01,11997.721974
2026-06-22T12:55:00+00:00,59.96,59.96,59.91,59.94,2716.011721
2026-06-22T13:00:00+00:00,59.9,59.92,59.85,59.8606,19247.66173
2026-06-22T13:05:00+00:00,59.88,60.21,59.87,60.15,37652.594232
2026-06-22T13:10:00+00:00,60.13,60.13,59.99,60.11,28512.765904
2026-06-22T13:15:00+00:00,60.08,60.44,60.08,60.42,46884.088558
2026-06-22T13:20:00+00:00,60.43,60.46,60.35,60.4,73863.332606
2026-06-22T13:25:00+00:00,60.4001,60.42,60.24,60.24,18874.995379
2026-06-22T13:30:00+00:00,60.21,60.2294,60.03,60.07,108321.906942
2026-06-22T13:35:00+00:00,60.09,60.1599,59.97,60.06,740128.948581
2026-06-22T13:40:00+00:00,60.05,60.25,60.03,60.25,224833.44794200003
2026-06-22T13:45:00+00:00,60.26,60.32,60.08,60.095,219426.2477
2026-06-22T13:50:00+00:00,60.11,60.315,60.0207,60.2207,451432.367126
2026-06-22T13:55:00+00:00,60.215,60.31,60.14,60.21,242235.011293
2026-06-22T14:00:00+00:00,60.22,60.2566,60.095,60.15,137610.509315
2026-06-22T14:05:00+00:00,60.15,60.155,59.85,60.02,326719.231954
2026-06-22T14:10:00+00:00,60.0162,60.33,59.95,60.175,209531.191699
2026-06-22T14:15:00+00:00,60.175,60.2023,59.9717,60.0566,124620.325656
2026-06-22T14:20:00+00:00,60.06,60.07,59.715,59.7554,235178.36039900003
2026-06-22T14:25:00+00:00,59.745,59.8,59.6546,59.7186,154491.132859
2026-06-22T14:30:00+00:00,59.73,59.77,59.64,59.655,176701.106853
2026-06-22T14:35:00+00:00,59.65,59.68,59.55,59.59,244220.58679200002
2026-06-22T14:40:00+00:00,59.605,59.655,59.52,59.5974,183860.41613599999
2026-06-22T14:45:00+00:00,59.595,59.705,59.57,59.58,189985.579261
2026-06-22T14:50:00+00:00,59.595,59.85,59.595,59.755,191251.346607
2026-06-22T14:55:00+00:00,59.745,59.78,59.5791,59.5791,96123.99057
2026-06-22T15:00:00+00:00,59.58,59.745,59.57,59.7119,150654.90709300002
2026-06-22T15:05:00+00:00,59.715,59.795,59.71,59.755,115053.113217
2026-06-22T15:10:00+00:00,59.77,59.78,59.67,59.695,101804.085784
2026-06-22T15:15:00+00:00,59.69,59.76,59.69,59.71,76212.22863599999
2026-06-22T15:20:00+00:00,59.71,59.73,59.515,59.55,163211.575038
2026-06-22T15:25:00+00:00,59.54,59.57,59.48,59.535,218820.812741
2026-06-22T15:30:00+00:00,59.54,59.5599,59.44,59.48,239681.21308299998
2026-06-22T15:35:00+00:00,59.48,59.54,59.43,59.465,125928.951653
2026-06-22T15:40:00+00:00,59.47,59.495,59.26,59.26,172816.695264
2026-06-22T15:45:00+00:00,59.27,59.36,59.21,59.3,318162.00659
2026-06-22T15:50:00+00:00,59.3,59.3,58.895,58.895,313730.800834
2026-06-22T15:55:00+00:00,58.91,59.11,58.9,59.095,168910.687824
2026-06-22T16:00:00+00:00,59.085,59.23,59.07,59.175,117530.825144
2026-06-22T16:05:00+00:00,59.18,59.22,59.055,59.075,155190.03609399998
2026-06-22T16:10:00+00:00,59.065,59.12,59.02,59.04,143544.516208
2026-06-22T16:15:00+00:00,59.035,59.065,58.98,59.05,171652.204189
2026-06-22T16:20:00+00:00,59.045,59.16,59.02,59.155,113055.235159
2026-06-22T16:25:00+00:00,59.175,59.2343,59.115,59.15,65222.041407000004
2026-06-22T16:30:00+00:00,59.16,59.185,59.11,59.185,75856.692889
2026-06-22T16:35:00+00:00,59.18,59.205,59.095,59.205,78944.928102
2026-06-22T16:40:00+00:00,59.21,59.27,59.155,59.155,105573.722524
2026-06-22T16:45:00+00:00,59.1699,59.1699,59.095,59.14,65977.526063
2026-06-22T16:50:00+00:00,59.14,59.17,59.085,59.17,36897.213615
2026-06-22T16:55:00+00:00,59.165,59.315,59.1601,59.3099,65023.039300000004
2026-06-22T17:00:00+00:00,59.31,59.44,59.26,59.3156,145768.91827400003
2026-06-22T17:05:00+00:00,59.32,59.33,59.23,59.29,90486.354538
2026-06-22T17:10:00+00:00,59.29,59.29,59.205,59.23,52848.02888499999
2026-06-22T17:15:00+00:00,59.23,59.26,59.1813,59.21,65305.598784
2026-06-22T17:20:00+00:00,59.21,59.27,59.21,59.23,103816.38457000001
2026-06-22T17:25:00+00:00,59.24,59.2999,59.17,59.18,71478.643686
2026-06-22T17:30:00+00:00,59.18,59.18,59.06,59.0898,183835.543378
2026-06-22T17:35:00+00:00,59.08,59.105,58.7796,58.8174,232383.198194
2026-06-22T17:40:00+00:00,58.8144,58.94,58.75,58.925,105800.00541
2026-06-22T17:45:00+00:00,58.92,58.94,58.87,58.925,59557.575831999995
2026-06-22T17:50:00+00:00,58.92,59.0,58.86,58.975,72039.432147
2026-06-22T17:55:00+00:00,58.98,59.025,58.965,59.025,60609.798604
2026-06-22T18:00:00+00:00,59.01,59.05,58.99,59.01,102339.414821
2026-06-22T18:05:00+00:00,59.02,59.12,59.0,59.055,167238.347425
2026-06-22T18:10:00+00:00,59.0507,59.14,59.05,59.13,84703.10643
2026-06-22T18:15:00+00:00,59.12,59.18,59.055,59.06,92058.264326
2026-06-22T18:20:00+00:00,59.07,59.14,59.06,59.085,64831.648872000005
2026-06-22T18:25:00+00:00,59.085,59.18,59.08,59.13,143000.22351
2026-06-22T18:30:00+00:00,59.13,59.17,59.05,59.11,120321.78325800001
2026-06-22T18:35:00+00:00,59.12,59.15,59.03,59.05,261144.59470800002
2026-06-22T18:40:00+00:00,59.055,59.105,59.0301,59.0502,104553.76075300001
2026-06-22T18:45:00+00:00,59.06,59.145,59.05,59.14,95128.70651100001
2026-06-22T18:50:00+00:00,59.14,59.21,59.135,59.1837,99319.06156300001
2026-06-22T18:55:00+00:00,59.19,59.21,59.135,59.165,118422.11633699998
2026-06-22T19:00:00+00:00,59.15,59.19,59.13,59.165,84020.114063
2026-06-22T19:05:00+00:00,59.17,59.21,59.1445,59.165,132530.470426
2026-06-22T19:10:00+00:00,59.165,59.18,59.1,59.12,266011.40568
2026-06-22T19:15:00+00:00,59.125,59.17,59.1,59.125,153925.34150999997
2026-06-22T19:20:00+00:00,59.1201,59.15,59.09,59.1101,107524.72701299998
2026-06-22T19:25:00+00:00,59.115,59.115,59.035,59.05,209522.42633400002
2026-06-22T19:30:00+00:00,59.05,59.07,58.94,58.95,448595.54325299995
2026-06-22T19:35:00+00:00,58.9526,58.955,58.84,58.865,709878.096018
2026-06-22T19:40:00+00:00,58.865,58.9,58.835,58.88,284394.8229
2026-06-22T19:45:00+00:00,58.88,59.0018,58.765,58.77,538966.010753
2026-06-22T19:50:00+00:00,58.78,58.86,58.76,58.83,218366.90338
2026-06-22T19:55:00+00:00,58.84,58.89,58.81,58.845,531162.378271
2026-06-22T20:00:00+00:00,58.85,58.935,58.815,58.92,411452.320406
2026-06-22T20:05:00+00:00,58.91,58.97,58.9,58.9691,36255.780028
2026-06-22T20:10:00+00:00,58.9561,58.97,58.93,58.93,20614.179979
2026-06-22T20:15:00+00:00,58.93,58.96,58.93,58.95,37660.030759
2026-06-22T20:20:00+00:00,58.95,58.96,58.95,58.96,2009.759526
2026-06-22T20:25:00+00:00,58.95,58.95,58.91,58.92,2860.486803
2026-06-22T20:30:00+00:00,58.9113,58.95,58.9113,58.95,12935.485362
2026-06-22T20:35:00+00:00,58.9201,58.9203,58.92,58.92,1972.0
2026-06-22T20:40:00+00:00,58.94,58.94,58.9,58.9207,3480.732845
2026-06-22T20:45:00+00:00,58.92,59.9964,58.9,58.91,514144.909126
2026-06-22T20:50:00+00:00,58.9001,58.93,58.86,58.86,6666.1501579999995
2026-06-22T20:55:00+00:00,58.87,58.91,58.87,58.9,4765.184303
2026-06-22T21:00:00+00:00,58.9,58.9099,58.87,58.87,6899.613993
2026-06-22T21:05:00+00:00,58.85,58.8994,58.85,58.85,1299.0
2026-06-22T21:15:00+00:00,58.9222,58.9222,58.87,58.87,1316.445675
2026-06-22T21:20:00+00:00,58.882,58.882,58.86,58.88,1864.0428510000002
2026-06-22T21:25:00+00:00,58.8618,58.9,58.861,58.861,1681.740041
2026-06-22T21:30:00+00:00,58.89,58.8991,58.8806,58.8806,7739.0
2026-06-22T21:35:00+00:00,58.9,58.9,58.9,58.9,508.0
2026-06-22T21:40:00+00:00,58.88,58.88,58.88,58.88,190.0
2026-06-22T21:45:00+00:00,58.9,58.9,58.88,58.89,5397.444052
2026-06-22T21:50:00+00:00,58.88,58.89,58.88,58.8801,2593.856774
2026-06-22T21:55:00+00:00,58.88,58.88,58.86,58.86,936.165081
2026-06-22T22:00:00+00:00,58.85,58.94,58.85,58.91,7423.000916
2026-06-22T22:05:00+00:00,58.86,58.92,58.8,58.92,2583.057277
2026-06-22T22:10:00+00:00,58.88,58.88,58.83,58.8499,9157.409513
2026-06-22T22:15:00+00:00,58.88,58.888,58.86,58.87,2298.0
2026-06-22T22:20:00+00:00,58.87,58.92,58.87,58.92,1513.900042
2026-06-22T22:25:00+00:00,58.92,58.92,58.87,58.87,340.227173
2026-06-22T22:30:00+00:00,58.88,58.88,58.88,58.88,1523.0
2026-06-22T22:35:00+00:00,58.88,58.88,58.82,58.82,3381.5077
2026-06-22T22:40:00+00:00,58.8,58.8194,58.75,58.8194,3908.496325
2026-06-22T22:45:00+00:00,58.73,58.73,58.68,58.68,1455.784486
2026-06-22T22:50:00+00:00,58.7,58.7,58.7,58.7,1164.934035
2026-06-22T22:55:00+00:00,58.77,58.77,58.75,58.76,1185.0
2026-06-22T23:00:00+00:00,58.75,58.79,58.75,58.79,1377.29
2026-06-22T23:05:00+00:00,58.82,58.9058,58.82,58.83,14956.504617
2026-06-22T23:10:00+00:00,58.83,58.85,58.81,58.84,10676.78858
2026-06-22T23:15:00+00:00,58.82,58.8606,58.81,58.82,7845.0
2026-06-22T23:20:00+00:00,58.81,58.83,58.8,58.8078,4427.2761869999995
2026-06-22T23:25:00+00:00,58.8783,58.8783,58.8148,58.82,1706.982108
2026-06-22T23:30:00+00:00,58.81,58.84,58.8,58.84,4989.69385
2026-06-22T23:35:00+00:00,58.7814,58.8388,58.7814,58.8388,771.0
2026-06-22T23:40:00+00:00,58.84,58.85,58.83,58.85,13331.04921
2026-06-22T23:45:00+00:00,58.8884,58.8884,58.8709,58.8709,2234.8249809999998
2026-06-22T23:50:00+00:00,58.84,58.8505,58.75,58.75,4325.757606
2026-06-22T23:55:00+00:00,58.72,58.72,58.7,58.7,1656.013122
2026-06-23T00:00:00+00:00,58.75,58.75,58.73,58.7485,4147.347178
2026-06-23T08:05:00+00:00,56.02,57.19,55.9,55.9,113078.779889
2026-06-23T08:10:00+00:00,55.9794,57.19,55.92,56.29,298357.11413
2026-06-23T08:15:00+00:00,56.3,56.68,55.92,56.0,248961.19836799998
2026-06-23T08:20:00+00:00,56.0,56.1,55.98,56.1,18185.400312
2026-06-23T08:25:00+00:00,56.11,56.15,56.07,56.07,7992.888057
2026-06-23T08:30:00+00:00,56.061,56.08,56.04,56.04,5047.385131
2026-06-23T08:35:00+00:00,56.07,56.17,56.05,56.17,7439.524635999999
2026-06-23T08:40:00+00:00,56.18,56.2,55.99,56.02,49246.139787
2026-06-23T08:45:00+00:00,56.06,56.18,56.06,56.18,8972.577145000001
2026-06-23T08:50:00+00:00,56.11,56.14,56.06,56.13,12878.976784
2026-06-23T08:55:00+00:00,56.14,56.18,56.13,56.15,16489.855456999998
2026-06-23T09:00:00+00:00,56.12,56.12,56.06,56.1,10726.833522
2026-06-23T09:05:00+00:00,56.16,56.28,56.16,56.28,13788.638264000001
2026-06-23T09:10:00+00:00,56.27,56.27,56.16,56.19,10254.731929
2026-06-23T09:15:00+00:00,56.2,56.28,56.18,56.25,30731.126158
2026-06-23T09:20:00+00:00,56.2304,56.26,56.21,56.25,11878.348171
2026-06-23T09:25:00+00:00,56.26,56.4,56.26,56.4,18987.196366
2026-06-23T09:30:00+00:00,56.417,56.43,56.36,56.4101,17399.156676
2026-06-23T09:35:00+00:00,56.41,56.42,56.37,56.38,9666.06504
2026-06-23T09:40:00+00:00,56.38,56.43,56.38,56.41,6970.973992
2026-06-23T09:45:00+00:00,56.386,56.47,56.38,56.43,2703.180983
2026-06-23T09:50:00+00:00,56.41,56.44,56.41,56.43,2286.442447
2026-06-23T09:55:00+00:00,56.43,56.46,56.42,56.44,7601.186115
2026-06-23T10:00:00+00:00,56.44,56.55,56.44,56.55,24568.462125
2026-06-23T10:05:00+00:00,56.57,56.66,56.57,56.62,23838.784074000003
2026-06-23T10:10:00+00:00,56.62,56.64,56.6,56.61,6141.40432
2026-06-23T10:15:00+00:00,56.61,56.62,56.58,56.59,3541.1823170000002
2026-06-23T10:20:00+00:00,56.61,56.66,56.6,56.63,12053.238837
2026-06-23T10:25:00+00:00,56.63,56.69,56.6,56.6,7977.827792
2026-06-23T10:30:00+00:00,56.6,56.63,56.57,56.57,2839.889776
2026-06-23T10:35:00+00:00,56.56,56.56,56.5,56.5364,5498.986348
2026-06-23T10:40:00+00:00,56.5,56.53,56.39,56.4236,7763.40981
2026-06-23T10:45:00+00:00,56.42,56.42,56.3,56.4,20013.796182000002
2026-06-23T10:50:00+00:00,56.4,56.4,56.32,56.34,6934.286677
2026-06-23T10:55:00+00:00,56.35,56.39,56.32,56.32,5900.181176
2026-06-23T11:00:00+00:00,56.29,56.33,56.29,56.3,1409.0
2026-06-23T11:05:00+00:00,56.3,56.36,56.14,56.14,69233.59098899999
2026-06-23T11:10:00+00:00,56.16,56.29,56.12,56.2106,50591.960578
2026-06-23T11:15:00+00:00,56.23,56.3,56.23,56.2848,24521.888389
2026-06-23T11:20:00+00:00,56.27,56.28,56.2,56.27,23040.670033000002
2026-06-23T11:25:00+00:00,56.27,56.35,56.15,56.27,73551.757236
2026-06-23T11:30:00+00:00,56.28,56.35,56.2,56.21,10984.016999
2026-06-23T11:35:00+00:00,56.21,56.2401,56.17,56.19,18331.761143
2026-06-23T11:40:00+00:00,56.16,56.22,56.07,56.21,34176.295537
2026-06-23T11:45:00+00:00,56.22,56.23,56.11,56.21,10741.665718
2026-06-23T11:50:00+00:00,56.19,56.2,56.0799,56.14,27846.303173
2026-06-23T11:55:00+00:00,56.15,56.15,55.95,56.06,47648.841251000005
2026-06-23T12:00:00+00:00,56.0526,56.1893,55.999,56.1387,16421.243608
2026-06-23T12:05:00+00:00,56.14,56.3,56.14,56.2048,17662.183528
2026-06-23T12:10:00+00:00,56.17,56.18,56.1,56.12,22170.891819999997
2026-06-23T12:15:00+00:00,56.15,56.16,55.94,55.98,22257.120978
2026-06-23T12:20:00+00:00,55.98,55.99,55.85,55.94,33832.567255999995
2026-06-23T12:25:00+00:00,55.89,55.95,55.8,55.9498,36746.421121
2026-06-23T12:30:00+00:00,55.91,55.94,55.8,55.93,33816.476777
2026-06-23T12:35:00+00:00,55.93,56.08,55.9,55.9,34874.471594999995
2026-06-23T12:40:00+00:00,55.904,56.04,55.9,56.04,70264.65719
2026-06-23T12:45:00+00:00,56.02,56.1101,56.0,56.09,34534.739160000005
2026-06-23T12:50:00+00:00,56.05,56.05,55.89,56.03,8419.502217
2026-06-23T12:55:00+00:00,56.06,56.1499,56.02,56.1,14643.699555000001
2026-06-23T13:00:00+00:00,56.1,56.14,55.93,55.97,25547.612870000004
2026-06-23T13:05:00+00:00,55.96,56.02,55.75,55.99,52871.644086
2026-06-23T13:10:00+00:00,55.97,56.26,55.97,56.24,104134.26135400002
2026-06-23T13:15:00+00:00,56.23,56.25,56.0874,56.11,44998.06199300001
2026-06-23T13:20:00+00:00,56.1,56.1,55.97,56.0,22437.862589
2026-06-23T13:25:00+00:00,55.98,56.2026,55.94,56.14,38756.119388
2026-06-23T13:30:00+00:00,56.15,56.18,56.11,56.14,20189.932649000002
2026-06-23T13:35:00+00:00,56.16,56.39,55.9545,56.3388,1209789.48368
2026-06-23T13:40:00+00:00,56.34,56.345,56.14,56.26,499680.992035
2026-06-23T13:45:00+00:00,56.28,56.47,56.23,56.325,407184.231558
2026-06-23T13:50:00+00:00,56.32,56.475,56.23,56.34,439488.073433
2026-06-23T13:55:00+00:00,56.34,56.44,56.32,56.395,486879.469851
2026-06-23T14:00:00+00:00,56.395,56.51,56.25,56.41,240600.053344
2026-06-23T14:05:00+00:00,56.41,56.51,56.2599,56.3701,598205.978911
2026-06-23T14:10:00+00:00,56.36,56.46,56.285,56.43,184651.58068100002
2026-06-23T14:15:00+00:00,56.43,56.5,56.305,56.42,432062.816046
2026-06-23T14:20:00+00:00,56.4299,56.465,56.29,56.44,171217.230358
2026-06-23T14:25:00+00:00,56.43,56.47,56.1509,56.17,202596.440064
2026-06-23T14:30:00+00:00,56.16,56.19,56.03,56.1201,232958.26800299998
2026-06-23T14:35:00+00:00,56.12,56.13,55.63,55.77,778910.084781
2026-06-23T14:40:00+00:00,55.76,55.89,55.6699,55.84,360018.786862
2026-06-23T14:45:00+00:00,55.84,56.015,55.759,55.95,447924.82763
2026-06-23T14:50:00+00:00,55.96,56.0699,55.94,56.045,282696.06309500005
2026-06-23T14:55:00+00:00,56.04,56.17,55.96,56.055,194172.346893
2026-06-23T15:00:00+00:00,56.05,56.155,56.01,56.11,149524.378069
2026-06-23T15:05:00+00:00,56.115,56.24,56.06,56.175,210469.89100300003
2026-06-23T15:10:00+00:00,56.16,56.185,55.93,55.95,200404.86501200002
2026-06-23T15:15:00+00:00,55.95,56.06,55.915,56.05,270196.840143
2026-06-23T15:20:00+00:00,56.0563,56.08,55.98,56.01,246854.924005
2026-06-23T15:25:00+00:00,56.01,56.08,55.925,55.935,105758.20057799999
2026-06-23T15:30:00+00:00,55.94,56.0199,55.91,55.98,145679.007483
2026-06-23T15:35:00+00:00,55.98,56.18,55.96,56.12,139668.288576
2026-06-23T15:40:00+00:00,56.1212,56.285,56.12,56.23,262920.915492
2026-06-23T15:45:00+00:00,56.23,56.25,56.1399,56.17,146441.351397
2026-06-23T15:50:00+00:00,56.175,56.21,56.12,56.125,163787.078228
2026-06-23T15:55:00+00:00,56.125,56.25,56.095,56.215,329216.805364
2026-06-23T16:00:00+00:00,56.22,56.34,56.205,56.31,136426.81713699998
2026-06-23T16:05:00+00:00,56.32,56.365,56.268,56.28,121269.26785700001
2026-06-23T16:10:00+00:00,56.28,56.3,56.21,56.2399,149747.957575
2026-06-23T16:15:00+00:00,56.26,56.31,56.24,56.29,85407.285423
2026-06-23T16:20:00+00:00,56.29,56.325,56.225,56.2899,66910.480356
2026-06-23T16:25:00+00:00,56.28,56.32,56.25,56.275,66947.847173
2026-06-23T16:30:00+00:00,56.27,56.285,56.135,56.165,101455.45733300001
2026-06-23T16:35:00+00:00,56.16,56.26,56.11,56.2,134554.77214400002
2026-06-23T16:40:00+00:00,56.195,56.24,56.155,56.2099,192851.393768
2026-06-23T16:45:00+00:00,56.21,56.245,56.1601,56.23,62959.626604000005
2026-06-23T16:50:00+00:00,56.24,56.2477,56.15,56.165,46297.82266
2026-06-23T16:55:00+00:00,56.165,56.17,56.0801,56.15,71912.96222399999
2026-06-23T17:00:00+00:00,56.14,56.1651,56.06,56.115,69212.984372
2026-06-23T17:05:00+00:00,56.11,56.11,56.02,56.09,185674.017049
2026-06-23T17:10:00+00:00,56.085,56.135,56.025,56.125,51153.780142999996
2026-06-23T17:15:00+00:00,56.1301,56.235,56.12,56.205,131592.205971
2026-06-23T17:20:00+00:00,56.2,56.24,56.165,56.185,93145.46743599999
2026-06-23T17:25:00+00:00,56.1947,56.255,56.04,56.05,170979.711078
2026-06-23T17:30:00+00:00,56.06,56.095,56.025,56.04,103024.412881
2026-06-23T17:35:00+00:00,56.0496,56.1099,56.0101,56.1099,169568.88461200002
2026-06-23T17:40:00+00:00,56.1,56.11,56.01,56.025,111148.898725
2026-06-23T17:45:00+00:00,56.03,56.075,55.99,56.065,127177.253624
2026-06-23T17:50:00+00:00,56.07,56.135,56.06,56.09,75566.486193
2026-06-23T17:55:00+00:00,56.07,56.09,55.88,55.88,156913.559815
2026-06-23T18:00:00+00:00,55.885,55.925,55.88,55.895,111684.84952399999
2026-06-23T18:05:00+00:00,55.9,55.9686,55.865,55.905,123524.102052
2026-06-23T18:10:00+00:00,55.91,55.91,55.79,55.84,83884.67760899999
2026-06-23T18:15:00+00:00,55.84,55.875,55.71,55.78,244071.88805299997
2026-06-23T18:20:00+00:00,55.785,55.83,55.785,55.83,65513.94428
2026-06-23T18:25:00+00:00,55.83,55.88,55.79,55.8401,112518.65842
2026-06-23T18:30:00+00:00,55.845,55.845,55.775,55.785,85021.035607
2026-06-23T18:35:00+00:00,55.77,55.815,55.725,55.76,130344.773946
2026-06-23T18:40:00+00:00,55.76,55.79,55.72,55.725,126927.75493599998
2026-06-23T18:45:00+00:00,55.725,55.73,55.635,55.6399,211794.30660900002
2026-06-23T18:50:00+00:00,55.64,55.65,55.49,55.535,324523.693961
2026-06-23T18:55:00+00:00,55.54,55.6099,55.465,55.505,123222.07669699998
2026-06-23T19:00:00+00:00,55.51,55.59,55.47,55.585,186830.94611699998
2026-06-23T19:05:00+00:00,55.585,55.775,55.5642,55.75,230602.496381
2026-06-23T19:10:00+00:00,55.745,55.804,55.69,55.721,115730.965559
2026-06-23T19:15:00+00:00,55.72,55.805,55.695,55.7643,178523.81143099998
2026-06-23T19:20:00+00:00,55.75,55.7686,55.65,55.655,150256.941258
2026-06-23T19:25:00+00:00,55.655,55.77,55.65,55.7301,112356.50061000002
2026-06-23T19:30:00+00:00,55.735,55.805,55.725,55.78,131847.663042
2026-06-23T19:35:00+00:00,55.78,55.845,55.735,55.805,181797.446292
2026-06-23T19:40:00+00:00,55.81,55.875,55.7701,55.84,245840.29899599997
2026-06-23T19:45:00+00:00,55.835,55.85,55.79,55.7972,159178.631605
2026-06-23T19:50:00+00:00,55.795,55.82,55.7,55.7727,299082.053871
2026-06-23T19:55:00+00:00,55.775,55.79,55.66,55.725,471702.30873499997
2026-06-23T20:00:00+00:00,55.725,55.79,55.695,55.72,863973.3686490001
2026-06-23T20:05:00+00:00,55.73,55.74,55.68,55.7395,35094.337817
2026-06-23T20:10:00+00:00,55.74,55.7761,55.74,55.7761,7125.393555
2026-06-23T20:15:00+00:00,55.751,55.77,55.71,55.74,383859.623661
2026-06-23T20:20:00+00:00,55.72,55.7268,55.7,55.7,2290.264565
2026-06-23T20:25:00+00:00,55.7086,55.7086,55.65,55.6601,2310.242623
2026-06-23T20:30:00+00:00,55.67,55.75,55.67,55.75,2187.549088
2026-06-23T20:35:00+00:00,55.73,55.73,55.66,55.7,4284.39895
2026-06-23T20:40:00+00:00,55.7048,55.7048,55.67,55.67,916.139733
2026-06-23T20:45:00+00:00,55.66,55.66,55.66,55.66,1111.040512
2026-06-23T20:50:00+00:00,55.65,55.69,55.64,55.69,1954.8127309999998
2026-06-23T20:55:00+00:00,55.65,55.6653,55.61,55.61,1736.033938
2026-06-23T21:00:00+00:00,55.61,55.7,55.6,55.7,7178.181869
2026-06-23T21:05:00+00:00,55.7,55.83,55.6301,55.76,4482.3060669999995
2026-06-23T21:10:00+00:00,55.73,55.84,55.6658,55.84,10450.421419
2026-06-23T21:15:00+00:00,55.84,55.88,55.84,55.87,8764.856044999999
2026-06-23T21:20:00+00:00,55.85,55.87,55.85,55.8699,2644.0464380000003
2026-06-23T21:25:00+00:00,55.86,55.88,55.86,55.88,3705.510728
2026-06-23T21:30:00+00:00,55.8091,55.87,55.8091,55.86,3622.0
2026-06-23T21:35:00+00:00,55.87,55.87,55.75,55.75,1938.5346550000002
2026-06-23T21:40:00+00:00,55.83,55.83,55.77,55.81,1648.389581
2026-06-23T21:45:00+00:00,55.87,55.87,55.8683,55.87,2179.3820180000002
2026-06-23T21:50:00+00:00,55.8557,55.87,55.82,55.8694,943.924329
2026-06-23T21:55:00+00:00,55.8699,55.8699,55.8407,55.85,800.2166119999999
2026-06-23T22:00:00+00:00,55.85,55.87,55.85,55.8677,1462.732413
2026-06-23T22:05:00+00:00,55.85,55.85,55.71,55.71,5930.588711
2026-06-23T22:10:00+00:00,55.7062,55.8587,55.7062,55.83,13227.651879000001
2026-06-23T22:15:00+00:00,55.85,55.87,55.83,55.8305,2054.017906
2026-06-23T22:20:00+00:00,55.83,55.85,55.74,55.76,3633.306616
2026-06-23T22:25:00+00:00,55.74,55.77,55.65,55.66,3483.0
2026-06-23T22:30:00+00:00,55.66,55.73,55.66,55.68,12849.770341
2026-06-23T22:35:00+00:00,55.68,55.72,55.55,55.55,16342.191331
2026-06-23T22:40:00+00:00,55.56,55.68,55.56,55.66,14625.120869
2026-06-23T22:45:00+00:00,55.56,55.6627,55.5512,55.5717,2340.618892
2026-06-23T22:50:00+00:00,55.65,55.65,55.57,55.64,510.0
2026-06-23T22:55:00+00:00,55.6,55.69,55.59,55.69,23699.873358
2026-06-23T23:00:00+00:00,55.67,55.73,55.63,55.7199,8598.244099
2026-06-23T23:05:00+00:00,55.61,55.6264,55.461,55.461,23041.823433999998
2026-06-23T23:10:00+00:00,55.46,55.46,55.29,55.29,14583.999561
2026-06-23T23:15:00+00:00,55.35,55.57,55.3197,55.57,5046.800230000001
2026-06-23T23:20:00+00:00,55.53,55.59,55.5,55.51,14910.977703
2026-06-23T23:25:00+00:00,55.55,55.55,55.4274,55.47,2090.667042
2026-06-23T23:30:00+00:00,55.49,55.5,55.35,55.4469,3866.111768
2026-06-23T23:35:00+00:00,55.4,55.4,55.25,55.25,26353.336503
2026-06-23T23:40:00+00:00,55.25,55.2999,55.05,55.05,31265.669701000003
2026-06-23T23:45:00+00:00,55.162,55.162,55.02,55.15,28126.43089
2026-06-23T23:50:00+00:00,55.12,55.59,55.1109,55.53,58006.124334
2026-06-23T23:55:00+00:00,55.52,55.67,55.52,55.61,6949.862564000001
2026-06-24T00:00:00+00:00,55.65,55.79,55.604,55.75,27006.240932999997
2026-06-24T08:05:00+00:00,55.69,56.37,55.05,55.66,283630.546459
2026-06-24T08:10:00+00:00,56.09,56.37,55.22,55.72,85192.0
2026-06-24T08:15:00+00:00,55.74,55.76,55.7,55.71,3234.197132
2026-06-24T08:20:00+00:00,55.6909,55.73,55.62,55.62,9013.429647
2026-06-24T08:25:00+00:00,55.62,55.66,55.59,55.66,3266.103564
2026-06-24T08:30:00+00:00,55.64,55.66,55.58,55.59,8314.430768
2026-06-24T08:35:00+00:00,55.63,55.72,55.63,55.68,4909.698689
2026-06-24T08:40:00+00:00,55.55,55.57,55.53,55.53,2321.138467
2026-06-24T08:45:00+00:00,55.54,55.55,55.51,55.55,4523.87
2026-06-24T08:50:00+00:00,55.5,55.5,55.4,55.4,22227.365885
2026-06-24T08:55:00+00:00,55.46,55.46,55.43,55.43,1881.099569
2026-06-24T09:00:00+00:00,55.46,55.47,55.43,55.43,1815.241824
2026-06-24T09:05:00+00:00,55.42,55.42,55.37,55.37,3074.677563
2026-06-24T09:10:00+00:00,55.3586,55.3596,55.29,55.32,2959.8114720000003
2026-06-24T09:15:00+00:00,55.27,55.45,55.26,55.45,7696.559626
2026-06-24T09:20:00+00:00,55.47,55.49,55.43,55.46,11255.909462000001
2026-06-24T09:25:00+00:00,55.45,55.45,55.38,55.38,1463.149422
2026-06-24T09:30:00+00:00,55.36,55.36,55.27,55.28,2857.71
2026-06-24T09:35:00+00:00,55.33,55.3696,55.3,55.3696,8748.0
2026-06-24T09:40:00+00:00,55.33,55.33,55.3,55.32,2121.5258519999998
2026-06-24T09:45:00+00:00,55.3,55.33,55.25,55.33,1945.581073
2026-06-24T09:50:00+00:00,55.3084,55.36,55.3,55.34,847.162962
2026-06-24T09:55:00+00:00,55.31,55.335,55.26,55.26,5823.436264
2026-06-24T10:00:00+00:00,55.26,55.26,55.2,55.2,4095.672083
2026-06-24T10:05:00+00:00,55.2,55.21,55.16,55.16,2525.100588
2026-06-24T10:10:00+00:00,55.17,55.17,55.02,55.13,40653.494905
2026-06-24T10:15:00+00:00,55.08,55.12,55.05,55.11,9813.455275
2026-06-24T10:20:00+00:00,55.1,55.13,54.9,55.0,32715.405376
2026-06-24T10:25:00+00:00,54.99,55.0396,54.9,54.94,5652.535628
2026-06-24T10:30:00+00:00,54.93,55.06,54.93,55.06,13343.583181
2026-06-24T10:35:00+00:00,55.08,55.1396,55.08,55.1396,5042.810887
2026-06-24T10:40:00+00:00,55.08,55.08,55.03,55.03,3379.75032
2026-06-24T10:45:00+00:00,55.07,55.24,55.07,55.17,2569.616158
2026-06-24T10:50:00+00:00,55.16,55.16,55.04,55.04,6964.210625
2026-06-24T10:55:00+00:00,55.03,55.03,54.79,54.79,25242.02183
2026-06-24T11:00:00+00:00,54.83,54.886,54.79,54.85,17933.109272
2026-06-24T11:05:00+00:00,54.84,54.9248,54.76,54.8399,37653.526783
2026-06-24T11:10:00+00:00,54.8367,54.85,54.62,54.62,47661.21331200001
2026-06-24T11:15:00+00:00,54.63,54.79,54.43,54.4464,107133.82368
2026-06-24T11:20:00+00:00,54.4711,54.5,54.07,54.1739,131453.88527499998
2026-06-24T11:25:00+00:00,54.2,54.23,54.1,54.23,23825.115994
2026-06-24T11:30:00+00:00,54.25,54.25,54.0,54.13,86025.19589899998
2026-06-24T11:35:00+00:00,54.08,54.25,54.08,54.13,56978.89539600001
2026-06-24T11:40:00+00:00,54.1306,54.37,54.1306,54.2999,39168.434754
2026-06-24T11:45:00+00:00,54.3,54.3193,54.17,54.24,14126.387536
2026-06-24T11:50:00+00:00,54.24,54.24,53.95,54.149,77142.407382
2026-06-24T11:55:00+00:00,54.1552,54.33,54.03,54.2,53298.173167
2026-06-24T12:00:00+00:00,54.17,54.1889,53.71,53.76,94874.68499499999
2026-06-24T12:05:00+00:00,53.76,53.86,53.66,53.759,92184.061042
2026-06-24T12:10:00+00:00,53.77,53.82,53.6,53.75,106559.34601600001
2026-06-24T12:15:00+00:00,53.73,53.76,53.61,53.64,63817.895164
2026-06-24T12:20:00+00:00,53.64,53.7,53.57,53.68,38763.724291000006
2026-06-24T12:25:00+00:00,53.67,53.69,53.55,53.56,37985.876247
2026-06-24T12:30:00+00:00,53.59,53.6,53.17,53.28,240316.65473100002
2026-06-24T12:35:00+00:00,53.31,53.5,53.171,53.47,103795.679669
2026-06-24T12:40:00+00:00,53.47,53.48,53.13,53.251,128764.02546799998
2026-06-24T12:45:00+00:00,53.25,53.39,53.12,53.36,43550.17814900001
2026-06-24T12:50:00+00:00,53.39,53.5,53.12,53.125,51417.501185
2026-06-24T12:55:00+00:00,53.19,53.249,53.1,53.15,54976.633931000004
2026-06-24T13:00:00+00:00,53.15,53.15,52.58,52.62,219147.208727
2026-06-24T13:05:00+00:00,52.63,53.23,52.49,53.04,517715.603766
2026-06-24T13:10:00+00:00,53.04,53.17,52.75,52.825,120616.250214
2026-06-24T13:15:00+00:00,52.88,52.9492,52.7009,52.84,130006.168629
2026-06-24T13:20:00+00:00,52.91,53.0184,52.73,53.01,70713.3036
2026-06-24T13:25:00+00:00,53.0,53.0,52.6774,52.8898,195448.174675
2026-06-24T13:30:00+00:00,52.93,53.02,52.8801,52.97,76200.10469600001
2026-06-24T13:35:00+00:00,52.94,53.33,52.9134,53.03,1644800.161642
2026-06-24T13:40:00+00:00,53.03,53.35,53.02,53.305,807939.505906
2026-06-24T13:45:00+00:00,53.3,53.37,53.165,53.335,619150.950097
2026-06-24T13:50:00+00:00,53.33,53.54,53.25,53.5,777711.9172419999
2026-06-24T13:55:00+00:00,53.5,53.86,53.4744,53.735,893331.7840919999
2026-06-24T14:00:00+00:00,53.74,53.895,53.61,53.825,420678.03198999993
2026-06-24T14:05:00+00:00,53.82,53.86,53.405,53.45,456984.5023289999
2026-06-24T14:10:00+00:00,53.465,53.575,53.42,53.46,526681.034161
2026-06-24T14:15:00+00:00,53.465,53.56,53.35,53.39,343713.995833
2026-06-24T14:20:00+00:00,53.39,53.43,53.23,53.4001,399533.53358000005
2026-06-24T14:25:00+00:00,53.4,53.5699,53.28,53.53,428643.644759
2026-06-24T14:30:00+00:00,53.52,53.68,53.48,53.545,399427.476865
2026-06-24T14:35:00+00:00,53.54,53.6907,53.54,53.62,363603.695177
2026-06-24T14:40:00+00:00,53.62,53.6564,53.31,53.35,311004.306238
2026-06-24T14:45:00+00:00,53.36,53.4001,53.185,53.3147,440023.862428
2026-06-24T14:50:00+00:00,53.31,53.465,53.23,53.38,248273.33360800002
2026-06-24T14:55:00+00:00,53.37,53.425,53.175,53.205,404297.244249
2026-06-24T15:00:00+00:00,53.21,53.3,53.155,53.275,298885.473196
2026-06-24T15:05:00+00:00,53.27,53.3015,53.18,53.275,242493.869052
2026-06-24T15:10:00+00:00,53.28,53.28,53.05,53.115,345127.72847100004
2026-06-24T15:15:00+00:00,53.12,53.191,53.04,53.07,361610.635609
2026-06-24T15:20:00+00:00,53.0703,53.37,53.0406,53.355,294547.400823
2026-06-24T15:25:00+00:00,53.36,53.46,53.25,53.265,252667.83818099997
2026-06-24T15:30:00+00:00,53.27,53.4498,53.17,53.445,259651.690277
2026-06-24T15:35:00+00:00,53.45,53.46,53.28,53.345,204252.104245
2026-06-24T15:40:00+00:00,53.34,53.36,53.252,53.26,169717.806849
2026-06-24T15:45:00+00:00,53.26,53.295,53.175,53.29,233752.897116
2026-06-24T15:50:00+00:00,53.28,53.425,53.24,53.415,207794.684458
2026-06-24T15:55:00+00:00,53.42,53.4799,53.135,53.185,211469.524381
2026-06-24T16:00:00+00:00,53.185,53.185,53.051,53.09,126414.82782199999
2026-06-24T16:05:00+00:00,53.09,53.14,53.05,53.07,187744.02134099999
2026-06-24T16:10:00+00:00,53.07,53.13,52.91,53.035,386369.097336
2026-06-24T16:15:00+00:00,53.03,53.085,52.9801,53.035,241658.56648
2026-06-24T16:20:00+00:00,53.04,53.07,52.97,52.9918,282693.18538299995
2026-06-24T16:25:00+00:00,52.995,53.14,52.995,53.11,311228.531677
2026-06-24T16:30:00+00:00,53.12,53.1497,53.065,53.145,169963.202082
2026-06-24T16:35:00+00:00,53.14,53.1699,53.09,53.125,150164.322072
2026-06-24T16:40:00+00:00,53.12,53.27,53.12,53.17,190793.539346
2026-06-24T16:45:00+00:00,53.17,53.185,53.0106,53.045,262056.24063900003
2026-06-24T16:50:00+00:00,53.0399,53.05,52.945,52.957,218457.85865
2026-06-24T16:55:00+00:00,52.95,53.05,52.94,53.02,146946.611786
2026-06-24T17:00:00+00:00,53.005,53.05,52.96,52.975,182404.709821
2026-06-24T17:05:00+00:00,52.97,53.03,52.905,52.97,359538.528694
2026-06-24T17:10:00+00:00,52.9601,52.9885,52.81,52.875,406198.693614
2026-06-24T17:15:00+00:00,52.88,52.9698,52.84,52.8626,266325.44665500004
2026-06-24T17:20:00+00:00,52.87,52.885,52.605,52.605,431902.075485
2026-06-24T17:25:00+00:00,52.61,52.655,52.3796,52.43,746692.361693
2026-06-24T17:30:00+00:00,52.43,52.43,52.19,52.21,698311.732168
2026-06-24T17:35:00+00:00,52.21,52.31,52.08,52.24,635436.19555
2026-06-24T17:40:00+00:00,52.24,52.29,51.965,52.07,763942.335672
2026-06-24T17:45:00+00:00,52.07,52.1,51.911,52.01,530650.4771649999
2026-06-24T17:50:00+00:00,52.0,52.035,51.78,51.8,701488.1783660001
2026-06-24T17:55:00+00:00,51.8,51.86,51.65,51.685,773577.034924
2026-06-24T18:00:00+00:00,51.69,51.691,51.15,51.16,1981763.955953
2026-06-24T18:05:00+00:00,51.17,51.18,50.31,50.755,4551953.597909
2026-06-24T18:10:00+00:00,50.77,51.195,50.77,51.19,2219634.586088
2026-06-24T18:15:00+00:00,51.19,51.41,51.1,51.315,1268721.107755
2026-06-24T18:20:00+00:00,51.315,51.47,51.275,51.375,939650.606903
2026-06-24T18:25:00+00:00,51.38,51.5,51.24,51.455,744350.5967860001
2026-06-24T18:30:00+00:00,51.4548,51.68,51.41,51.6,732433.006393
2026-06-24T18:35:00+00:00,51.62,51.73,51.54,51.59,752908.5175409999
2026-06-24T18:40:00+00:00,51.575,51.61,51.41,51.4213,612895.464621
2026-06-24T18:45:00+00:00,51.43,51.45,51.34,51.41,451951.31715200003
2026-06-24T18:50:00+00:00,51.41,51.41,51.17,51.23,524273.056677
2026-06-24T18:55:00+00:00,51.235,51.35,51.14,51.33,470854.135214
2026-06-24T19:00:00+00:00,51.33,51.41,51.26,51.27,378829.958336
2026-06-24T19:05:00+00:00,51.28,51.425,51.18,51.365,622984.992763
2026-06-24T19:10:00+00:00,51.37,51.375,51.14,51.14,532820.987103
2026-06-24T19:15:00+00:00,51.135,51.205,51.09,51.19,475900.831053
2026-06-24T19:20:00+00:00,51.195,51.24,51.15,51.215,361494.076318
2026-06-24T19:25:00+00:00,51.22,51.235,51.1501,51.21,359578.88684999995
2026-06-24T19:30:00+00:00,51.22,51.39,51.21,51.385,422065.71123400005
2026-06-24T19:35:00+00:00,51.385,51.485,51.34,51.41,765346.8699240001
2026-06-24T19:40:00+00:00,51.415,51.415,51.26,51.305,625324.986762
2026-06-24T19:45:00+00:00,51.305,51.35,51.19,51.285,452459.885717
2026-06-24T19:50:00+00:00,51.285,51.355,51.27,51.3299,611795.133515
2026-06-24T19:55:00+00:00,51.32,51.67,51.29,51.6625,987887.2535260001
2026-06-24T20:00:00+00:00,51.66,51.82,51.6,51.76,2139100.269124
2026-06-24T20:05:00+00:00,51.7602,51.99,51.66,51.9552,72664.677707
2026-06-24T20:10:00+00:00,51.95,52.15,51.95,52.1,77774.584237
2026-06-24T20:15:00+00:00,52.1,52.1625,51.9026,51.93,149545.930107
2026-06-24T20:20:00+00:00,51.94,51.96,51.81,51.841,33448.772162
2026-06-24T20:25:00+00:00,51.84,52.06,51.84,52.05,21261.787627
2026-06-24T20:30:00+00:00,52.05,52.11,52.0051,52.1,46351.576504000004
2026-06-24T20:35:00+00:00,52.09,52.1,52.0071,52.0071,81367.519839
2026-06-24T20:40:00+00:00,52.07,52.09,51.8509,51.8509,80685.953543
2026-06-24T20:45:00+00:00,51.95,52.0221,51.93,52.0,20875.175257000003
2026-06-24T20:50:00+00:00,52.0,52.01,51.9,51.93,30964.643498
2026-06-24T20:55:00+00:00,51.93,51.9835,51.9139,51.97,17054.245278000002
2026-06-24T21:00:00+00:00,51.95,52.0,51.95,51.95,15517.463523
2026-06-24T21:05:00+00:00,51.97,52.06,51.93,52.04,10954.986695
2026-06-24T21:10:00+00:00,52.0078,52.11,52.0,52.1,42128.903263
2026-06-24T21:15:00+00:00,52.11,52.15,52.04,52.09,12697.224648
2026-06-24T21:20:00+00:00,52.1,52.1443,52.1,52.12,10628.275154
2026-06-24T21:25:00+00:00,52.12,52.1463,52.02,52.02,9677.331307
2026-06-24T21:30:00+00:00,52.15,52.15,52.02,52.03,25049.45309
2026-06-24T21:35:00+00:00,52.07,52.11,52.0177,52.08,29943.235873999998
2026-06-24T21:40:00+00:00,52.11,52.14,52.04,52.1,21047.341801000002
2026-06-24T21:45:00+00:00,52.14,52.1774,52.1139,52.17,11127.05975
2026-06-24T21:50:00+00:00,52.18,52.24,52.17,52.24,59028.953797
2026-06-24T21:55:00+00:00,52.24,52.25,52.23,52.2387,10935.316611999999
2026-06-24T22:00:00+00:00,52.231,52.26,52.2056,52.26,49827.930423000005
2026-06-24T22:05:00+00:00,52.23,52.23,52.1,52.1391,19377.790587000003
2026-06-24T22:10:00+00:00,52.1,52.12,52.0301,52.07,24248.261193
2026-06-24T22:15:00+00:00,52.08,52.13,52.05,52.05,14339.813079
2026-06-24T22:20:00+00:00,52.05,52.06,52.0,52.04,70669.99570399999
2026-06-24T22:25:00+00:00,52.04,52.07,52.0105,52.02,9017.366066
2026-06-24T22:30:00+00:00,52.0,52.1,52.0,52.1,7549.483422
2026-06-24T22:35:00+00:00,52.1,52.21,52.1,52.2031,11714.552324
2026-06-24T22:40:00+00:00,52.23,52.28,52.15,52.15,9073.119563
2026-06-24T22:45:00+00:00,52.18,52.21,52.17,52.19,3618.154163
2026-06-24T22:50:00+00:00,52.17,52.18,52.1,52.1,15272.099903
2026-06-24T22:55:00+00:00,52.1299,52.13,52.02,52.0435,15428.058770999998
2026-06-24T23:00:00+00:00,52.04,52.05,52.0,52.02,11885.725375
2026-06-24T23:05:00+00:00,52.01,52.04,51.9318,51.9318,55132.259077
2026-06-24T23:10:00+00:00,51.92,51.92,51.81,51.8307,9226.280579
2026-06-24T23:15:00+00:00,51.96,51.98,51.93,51.95,6539.897713
2026-06-24T23:20:00+00:00,51.9094,52.06,51.9094,52.0589,37806.32709
2026-06-24T23:25:00+00:00,52.03,52.05,52.01,52.05,16939.615439
2026-06-24T23:30:00+00:00,52.05,52.07,52.0,52.03,10321.194114
2026-06-24T23:35:00+00:00,52.03,52.1487,52.0,52.1487,16573.424068
2026-06-24T23:40:00+00:00,52.16,52.32,52.16,52.28,14161.351969
2026-06-24T23:45:00+00:00,52.27,52.2832,52.1857,52.2832,20028.902087000002
2026-06-24T23:50:00+00:00,52.32,52.35,52.2,52.2174,30010.552396000003
2026-06-24T23:55:00+00:00,52.23,52.24,52.04,52.22,11662.878758
2026-06-25T00:00:00+00:00,52.21,52.22,52.15,52.1899,7425.3383300000005
2026-06-25T08:05:00+00:00,51.75,52.13,51.16,51.82,426343.27577999997
2026-06-25T08:10:00+00:00,51.7,52.05,51.14,51.93,240691.461216
2026-06-25T08:15:00+00:00,51.92,51.9596,51.83,51.83,7963.693465
2026-06-25T08:20:00+00:00,51.82,51.98,51.8,51.98,8292.328322
2026-06-25T08:25:00+00:00,52.0,52.13,51.98,52.07,16531.0507
2026-06-25T08:30:00+00:00,52.02,52.05,51.91,52.01,4880.899643000001
2026-06-25T08:35:00+00:00,51.98,52.17,51.98,52.17,12193.209125000001
2026-06-25T08:40:00+00:00,52.1204,52.15,52.03,52.15,10888.514747
2026-06-25T08:45:00+00:00,52.12,52.16,52.1,52.1,4625.085706
2026-06-25T08:50:00+00:00,52.06,52.06,51.98,51.98,4211.121636
2026-06-25T08:55:00+00:00,52.0,52.0099,51.95,51.95,4161.039896
2026-06-25T09:00:00+00:00,51.91,51.946,51.91,51.93,7527.693087
2026-06-25T09:05:00+00:00,51.95,52.07,51.95,52.07,12339.015459
2026-06-25T09:10:00+00:00,52.02,52.05,51.98,51.98,5200.305602
2026-06-25T09:15:00+00:00,51.96,52.0305,51.96,51.99,1974.7921079999999
2026-06-25T09:20:00+00:00,51.99,52.0,51.91,51.91,42912.770000000004
2026-06-25T09:25:00+00:00,51.98,52.08,51.98,52.0513,3218.4
2026-06-25T09:30:00+00:00,52.07,52.1,52.04,52.09,7379.567749
2026-06-25T09:35:00+00:00,52.08,52.13,52.07,52.09,5921.451784
2026-06-25T09:40:00+00:00,52.01,52.01,51.93,51.97,3752.8703940000005
2026-06-25T09:45:00+00:00,51.98,51.98,51.86,51.86,5239.4
2026-06-25T09:50:00+00:00,51.9,51.96,51.9,51.93,8688.961589
2026-06-25T09:55:00+00:00,51.93,52.0,51.93,51.98,11701.0
2026-06-25T10:00:00+00:00,52.03,52.03,51.97,51.97,5209.466511
2026-06-25T10:05:00+00:00,51.97,51.97,51.89,51.9387,8007.500661
2026-06-25T10:10:00+00:00,51.93,51.93,51.88,51.88,2213.006288
2026-06-25T10:15:00+00:00,51.88,51.88,51.79,51.84,7981.851807999999
2026-06-25T10:20:00+00:00,51.83,51.88,51.82,51.8745,8584.812030000001
2026-06-25T10:25:00+00:00,51.93,51.95,51.91,51.91,4418.34226
2026-06-25T10:30:00+00:00,51.92,51.95,51.92,51.95,3410.19
2026-06-25T10:35:00+00:00,51.93,51.97,51.91,51.97,4020.579624
2026-06-25T10:40:00+00:00,51.97,52.01,51.95,51.99,35136.97584
2026-06-25T10:45:00+00:00,51.95,51.95,51.88,51.88,1564.229
2026-06-25T10:50:00+00:00,51.89,51.89,51.77,51.79,5325.271298
2026-06-25T10:55:00+00:00,51.8895,51.8895,51.78,51.78,2513.717303
2026-06-25T11:00:00+00:00,51.79,51.8,51.75,51.8,4703.845102
2026-06-25T11:05:00+00:00,51.8397,51.89,51.7,51.8195,88009.929601
2026-06-25T11:10:00+00:00,51.75,51.84,51.72,51.72,11883.908616
2026-06-25T11:15:00+00:00,51.76,51.77,51.7,51.7,22735.60323
2026-06-25T11:20:00+00:00,51.67,51.69,51.5,51.6599,18179.870737999998
2026-06-25T11:25:00+00:00,51.6677,51.6995,51.61,51.66,17895.865761
2026-06-25T11:30:00+00:00,51.6,51.63,51.56,51.6,33602.009931
2026-06-25T11:35:00+00:00,51.6,51.74,51.6,51.61,7513.048564
2026-06-25T11:40:00+00:00,51.62,51.64,51.52,51.64,55046.396762
2026-06-25T11:45:00+00:00,51.66,51.74,51.652,51.74,67216.388719
2026-06-25T11:50:00+00:00,51.7224,51.8383,51.71,51.82,34000.647558
2026-06-25T11:55:00+00:00,51.8,51.88,51.75,51.79,25572.176766
2026-06-25T12:00:00+00:00,51.76,51.76,51.65,51.69,13668.592465
2026-06-25T12:05:00+00:00,51.68,51.8,51.64,51.7955,24192.007095
2026-06-25T12:10:00+00:00,51.8,51.83,51.7,51.7504,12351.853263
2026-06-25T12:15:00+00:00,51.75,51.75,51.62,51.67,29350.225662999997
2026-06-25T12:20:00+00:00,51.67,51.84,51.62,51.816,24618.206854
2026-06-25T12:25:00+00:00,51.69,51.7302,51.67,51.67,22672.548946
2026-06-25T12:30:00+00:00,51.65,51.8,51.5205,51.8,27214.971511
2026-06-25T12:35:00+00:00,51.61,52.47,51.39,52.03,376603.50376500003
2026-06-25T12:40:00+00:00,52.05,52.33,51.89,52.15,223839.03193199998
2026-06-25T12:45:00+00:00,52.18,52.41,51.97,52.4,105239.695842
2026-06-25T12:50:00+00:00,52.3798,52.79,52.29,52.72,203410.50805799998
2026-06-25T12:55:00+00:00,52.73,52.81,52.58,52.69,93398.184112
2026-06-25T13:00:00+00:00,52.6952,52.73,52.46,52.63,93506.235456
2026-06-25T13:05:00+00:00,52.61,53.15,52.55,53.07,160217.98211100002
2026-06-25T13:10:00+00:00,53.09,53.3693,52.94,53.2001,176485.90737600002
2026-06-25T13:15:00+00:00,53.15,53.15,53.02,53.1,77004.465623
2026-06-25T13:20:00+00:00,53.05,53.06,52.76,52.82,67931.114608
2026-06-25T13:25:00+00:00,52.8269,52.92,52.65,52.68,71943.21357400001
2026-06-25T13:30:00+00:00,52.69,52.74,52.57,52.67,104974.254402
2026-06-25T13:35:00+00:00,52.71,52.82,52.3399,52.37,1189627.0721330002
2026-06-25T13:40:00+00:00,52.37,52.59,52.335,52.439,551531.950065
2026-06-25T13:45:00+00:00,52.43,52.445,52.01,52.02,572682.49226
2026-06-25T13:50:00+00:00,52.03,52.1,51.885,51.9963,542441.381136
2026-06-25T13:55:00+00:00,51.99,52.1,51.71,51.735,547981.9342370001
2026-06-25T14:00:00+00:00,51.74,51.7899,51.5,51.535,513436.865318
2026-06-25T14:05:00+00:00,51.545,52.095,51.53,51.95,528287.453968
2026-06-25T14:10:00+00:00,51.95,52.21,51.95,52.11,456974.126362
2026-06-25T14:15:00+00:00,52.12,52.2101,52.075,52.14,302963.686825
2026-06-25T14:20:00+00:00,52.145,52.265,52.06,52.1801,335223.241914
2026-06-25T14:25:00+00:00,52.185,52.29,52.04,52.095,281747.830644
2026-06-25T14:30:00+00:00,52.1,52.56,52.075,52.495,349561.37141400005
2026-06-25T14:35:00+00:00,52.49,52.57,52.405,52.475,338109.52312100003
2026-06-25T14:40:00+00:00,52.47,52.54,52.22,52.2859,232939.90312000003
2026-06-25T14:45:00+00:00,52.2851,52.41,52.23,52.395,212679.277674
2026-06-25T14:50:00+00:00,52.4,52.44,52.19,52.3199,208833.15280399998
2026-06-25T14:55:00+00:00,52.31,52.47,52.28,52.43,217215.637779
2026-06-25T15:00:00+00:00,52.41,52.47,52.345,52.365,353408.58196999994
2026-06-25T15:05:00+00:00,52.37,52.3958,52.25,52.39,195740.02770500001
2026-06-25T15:10:00+00:00,52.385,52.51,52.36,52.4,230589.29525300002
2026-06-25T15:15:00+00:00,52.4,52.41,52.08,52.12,258274.513691
2026-06-25T15:20:00+00:00,52.11,52.35,52.07,52.34,174049.743863
2026-06-25T15:25:00+00:00,52.3301,52.9,52.29,52.8301,542580.3189739999
2026-06-25T15:30:00+00:00,52.8301,52.8301,52.686,52.7,414735.643285
2026-06-25T15:35:00+00:00,52.71,52.79,52.64,52.6472,211924.78945
2026-06-25T15:40:00+00:00,52.6442,52.8599,52.64,52.82,248836.612242
2026-06-25T15:45:00+00:00,52.82,52.87,52.775,52.84,270801.874162
2026-06-25T15:50:00+00:00,52.835,53.02,52.77,52.8102,359178.957883
2026-06-25T15:55:00+00:00,52.82,53.02,52.765,52.9799,470026.62409099995
2026-06-25T16:00:00+00:00,52.97,53.17,52.96,53.15,593711.9583940001
2026-06-25T16:05:00+00:00,53.15,53.2,53.045,53.1099,380972.220627
2026-06-25T16:10:00+00:00,53.109,53.15,52.9601,52.98,233211.384154
2026-06-25T16:15:00+00:00,52.98,53.11,52.9714,53.01,168755.34161899998
2026-06-25T16:20:00+00:00,53.03,53.17,53.02,53.065,175075.02743299998
2026-06-25T16:25:00+00:00,53.09,53.155,53.045,53.0873,304121.562122
2026-06-25T16:30:00+00:00,53.08,53.08,53.0101,53.02,101335.22462
2026-06-25T16:35:00+00:00,53.02,53.02,52.78,52.815,197596.45523199998
2026-06-25T16:40:00+00:00,52.815,52.895,52.75,52.785,123139.68323200001
2026-06-25T16:45:00+00:00,52.785,52.8,52.72,52.725,149915.52132200002
2026-06-25T16:50:00+00:00,52.73,52.79,52.6,52.7899,187949.538034
2026-06-25T16:55:00+00:00,52.785,52.815,52.715,52.7799,165734.106864
2026-06-25T17:00:00+00:00,52.77,52.77,52.66,52.7,147997.71806400002
2026-06-25T17:05:00+00:00,52.7,52.785,52.685,52.78,119198.831478
2026-06-25T17:10:00+00:00,52.8,52.815,52.73,52.8,83678.311179
2026-06-25T17:15:00+00:00,52.79,52.81,52.705,52.71,132458.94687699998
2026-06-25T17:20:00+00:00,52.7098,52.91,52.7098,52.745,196897.765643
2026-06-25T17:25:00+00:00,52.74,52.815,52.675,52.74,153841.461633
2026-06-25T17:30:00+00:00,52.73,52.83,52.69,52.81,152216.722435
2026-06-25T17:35:00+00:00,52.8,52.86,52.74,52.75,96763.248033
2026-06-25T17:40:00+00:00,52.74,52.745,52.66,52.739,170730.565786
2026-06-25T17:45:00+00:00,52.73,52.77,52.66,52.675,196436.14928800002
2026-06-25T17:50:00+00:00,52.675,52.675,52.51,52.575,210740.55755199998
2026-06-25T17:55:00+00:00,52.58,52.64,52.5401,52.631,100138.653241
2026-06-25T18:00:00+00:00,52.63,52.745,52.625,52.73,133101.174032
2026-06-25T18:05:00+00:00,52.74,52.76,52.47,52.51,169089.292441
2026-06-25T18:10:00+00:00,52.515,52.59,52.425,52.565,213540.372092
2026-06-25T18:15:00+00:00,52.57,52.6,52.45,52.53,147177.113193
2026-06-25T18:20:00+00:00,52.53,52.745,52.53,52.71,162160.09993199998
2026-06-25T18:25:00+00:00,52.715,52.78,52.69,52.7675,125874.72644500001
2026-06-25T18:30:00+00:00,52.76,52.8864,52.73,52.88,131762.67942200002
2026-06-25T18:35:00+00:00,52.88,52.88,52.5699,52.5699,171099.764478
2026-06-25T18:40:00+00:00,52.57,52.61,52.51,52.6,188978.498913
2026-06-25T18:45:00+00:00,52.61,52.61,52.51,52.55,152615.80406300002
2026-06-25T18:50:00+00:00,52.53,52.54,52.44,52.535,128520.092756
2026-06-25T18:55:00+00:00,52.535,52.669,52.535,52.64,70702.76607099999
2026-06-25T19:00:00+00:00,52.635,52.67,52.58,52.6178,101137.026167
2026-06-25T19:05:00+00:00,52.62,52.65,52.52,52.54,99224.840184
2026-06-25T19:10:00+00:00,52.54,52.655,52.5,52.6477,355703.128458
2026-06-25T19:15:00+00:00,52.64,52.64,52.56,52.585,109373.44638000001
2026-06-25T19:20:00+00:00,52.59,52.6659,52.51,52.5432,83280.627358
2026-06-25T19:25:00+00:00,52.545,52.615,52.545,52.605,77672.61879
2026-06-25T19:30:00+00:00,52.62,52.65,52.51,52.52,123972.537873
2026-06-25T19:35:00+00:00,52.53,52.54,52.42,52.46,282589.35592999996
2026-06-25T19:40:00+00:00,52.46,52.52,52.42,52.49,172355.52482
2026-06-25T19:45:00+00:00,52.49,52.55,52.43,52.45,191914.462471
2026-06-25T19:50:00+00:00,52.45,52.45,52.25,52.29,378806.62389199995
2026-06-25T19:55:00+00:00,52.3,52.33,52.165,52.31,414451.24301200005
2026-06-25T20:00:00+00:00,52.32,52.38,52.22,52.345,939153.0871130001
2026-06-25T20:05:00+00:00,52.35,52.51,52.33,52.42,45399.800871
2026-06-25T20:10:00+00:00,52.42,52.4398,52.361,52.361,5794.875190000001
2026-06-25T20:15:00+00:00,52.34,52.3852,52.34,52.36,17233.589444999998
2026-06-25T20:20:00+00:00,52.36,52.39,52.3587,52.39,4575.874104
2026-06-25T20:25:00+00:00,52.37,52.43,52.36,52.43,8555.522682
2026-06-25T20:30:00+00:00,52.4248,52.4248,52.36,52.381,2085.395577
2026-06-25T20:35:00+00:00,52.36,52.382,52.35,52.3674,2471.712348
2026-06-25T20:40:00+00:00,52.32,52.3891,52.31,52.31,2125.75999
2026-06-25T20:45:00+00:00,52.33,52.35,52.3,52.34,4967.477874
2026-06-25T20:50:00+00:00,52.3296,52.3296,52.23,52.23,4248.4
2026-06-25T20:55:00+00:00,52.28,52.3099,52.26,52.2816,6228.513407
2026-06-25T21:00:00+00:00,52.28,52.36,52.28,52.33,14452.151152999999
2026-06-25T21:05:00+00:00,52.36,52.36,52.33,52.35,4840.4165649999995
2026-06-25T21:10:00+00:00,52.35,52.35,52.32,52.32,6543.791218
2026-06-25T21:15:00+00:00,52.33,52.35,52.33,52.3499,3462.1528900000003
2026-06-25T21:20:00+00:00,52.34,52.34,52.32,52.34,1095.161775
2026-06-25T21:25:00+00:00,52.3717,52.3717,52.3309,52.3309,356.0
2026-06-25T21:30:00+00:00,52.3499,52.36,52.34,52.36,2689.113678
2026-06-25T21:35:00+00:00,52.32,52.3201,52.31,52.31,1817.309588
2026-06-25T21:40:00+00:00,52.35,52.3622,52.35,52.35,3606.644391
2026-06-25T21:45:00+00:00,52.35,52.3509,52.31,52.35,9057.558625000001
2026-06-25T21:50:00+00:00,52.35,52.38,52.31,52.31,9790.892047000001
2026-06-25T21:55:00+00:00,52.35,52.37,52.31,52.31,1520.449638
2026-06-25T22:00:00+00:00,52.3401,52.35,52.34,52.34,837.248925
2026-06-25T22:05:00+00:00,52.36,52.36,52.26,52.26,7994.633582
2026-06-25T22:10:00+00:00,52.23,52.25,52.15,52.19,7313.237973
2026-06-25T22:15:00+00:00,52.17,52.17,52.036,52.036,7717.687992
2026-06-25T22:20:00+00:00,52.0701,52.1641,52.0701,52.1641,8439.1
2026-06-25T22:25:00+00:00,52.19,52.19,52.0683,52.09,3181.18
2026-06-25T22:30:00+00:00,52.1,52.12,52.0886,52.12,2502.283181
2026-06-25T22:35:00+00:00,52.14,52.21,52.13,52.21,4202.338684
2026-06-25T22:40:00+00:00,52.25,52.41,52.2,52.4,14338.199838
2026-06-25T22:45:00+00:00,52.33,52.347,52.25,52.25,14211.0
2026-06-25T22:50:00+00:00,52.24,52.24,52.16,52.17,10928.215866
2026-06-25T22:55:00+00:00,52.16,52.2178,52.15,52.21,5800.115858
2026-06-25T23:00:00+00:00,52.17,52.28,52.17,52.27,3703.0
2026-06-25T23:05:00+00:00,52.2,52.2,52.2,52.2,12008.53
2026-06-25T23:10:00+00:00,52.19,52.2,52.19,52.2,4037.082412
2026-06-25T23:15:00+00:00,52.2717,52.2717,52.2717,52.2717,103.019098
2026-06-25T23:20:00+00:00,52.1582,52.31,52.1582,52.31,5944.0
2026-06-25T23:25:00+00:00,52.32,52.4322,52.32,52.425,8939.350739000001
2026-06-25T23:30:00+00:00,52.4,52.46,52.4,52.4405,7725.046084
2026-06-25T23:35:00+00:00,52.4577,52.4577,52.3,52.3,5818.139729
2026-06-25T23:40:00+00:00,52.32,52.35,52.3,52.3,2702.001337
2026-06-25T23:45:00+00:00,52.3,52.3,52.3,52.3,130.284195
2026-06-25T23:50:00+00:00,52.315,52.35,52.25,52.27,3308.0328539999996
2026-06-25T23:55:00+00:00,52.21,52.28,52.1338,52.18,3342.382572
2026-06-26T00:00:00+00:00,52.1711,52.2492,52.1005,52.13,19408.359111
2026-06-26T08:05:00+00:00,52.01,52.72,50.98,52.21,88672.348947
2026-06-26T08:10:00+00:00,52.22,52.73,50.94,51.75,363891.30919999996
2026-06-26T08:15:00+00:00,52.0,52.7,51.0,52.24,19322.03892
2026-06-26T08:20:00+00:00,52.25,52.32,52.24,52.3,8141.855621
2026-06-26T08:25:00+00:00,52.25,52.37,52.25,52.31,1964.127468
2026-06-26T08:30:00+00:00,52.3696,52.41,52.3696,52.41,2529.483393
2026-06-26T08:35:00+00:00,52.37,52.42,52.35,52.35,1918.216004
2026-06-26T08:40:00+00:00,52.32,52.32,52.2522,52.32,3985.502129
2026-06-26T08:45:00+00:00,52.3,52.32,52.3,52.32,1113.0
2026-06-26T08:50:00+00:00,52.32,52.39,52.32,52.39,2659.312
2026-06-26T08:55:00+00:00,52.2,52.25,52.2,52.215,3201.282522
2026-06-26T09:00:00+00:00,52.19,52.23,52.15,52.2,9422.329865
2026-06-26T09:05:00+00:00,52.15,52.24,52.11,52.22,8955.109097
2026-06-26T09:10:00+00:00,52.24,52.25,52.24,52.24,950.0
2026-06-26T09:15:00+00:00,52.29,52.37,52.29,52.37,9050.216139
2026-06-26T09:20:00+00:00,52.32,52.41,52.18,52.4,24504.605308
2026-06-26T09:25:00+00:00,52.44,52.52,52.4,52.5,9191.340225
2026-06-26T09:30:00+00:00,52.5557,52.74,52.5557,52.71,23677.610157
2026-06-26T09:35:00+00:00,52.63,52.68,52.58,52.65,13588.5
2026-06-26T09:40:00+00:00,52.65,52.83,52.65,52.76,40796.780357
2026-06-26T09:45:00+00:00,52.74,52.82,52.66,52.6699,10769.378696
2026-06-26T09:50:00+00:00,52.67,52.72,52.64,52.69,10957.141937
2026-06-26T09:55:00+00:00,52.69,52.78,52.67,52.78,3226.085589
2026-06-26T10:00:00+00:00,52.78,52.78,52.66,52.69,8524.942302
2026-06-26T10:05:00+00:00,52.62,52.63,52.49,52.5201,6994.3976600000005
2026-06-26T10:10:00+00:00,52.55,52.7308,52.55,52.73,9692.542574
2026-06-26T10:15:00+00:00,52.74,52.81,52.73,52.74,8348.0
2026-06-26T10:20:00+00:00,52.75,52.75,52.69,52.69,3360.314041
2026-06-26T10:25:00+00:00,52.58,52.59,52.54,52.56,10716.148899
2026-06-26T10:30:00+00:00,52.58,52.65,52.56,52.65,5347.480202000001
2026-06-26T10:35:00+00:00,52.62,52.75,52.6,52.71,6310.589418
2026-06-26T10:40:00+00:00,52.73,52.73,52.66,52.66,5437.51555
2026-06-26T10:45:00+00:00,52.64,52.69,52.64,52.69,4149.0
2026-06-26T10:50:00+00:00,52.66,52.77,52.6511,52.7204,11826.622773
2026-06-26T10:55:00+00:00,52.76,52.87,52.76,52.85,2302.390391
2026-06-26T11:00:00+00:00,52.86,52.9,52.79,52.9,8250.810388
2026-06-26T11:05:00+00:00,52.88,52.89,52.72,52.76,13130.537427
2026-06-26T11:10:00+00:00,52.7863,52.819,52.75,52.78,16608.0329
2026-06-26T11:15:00+00:00,52.78,52.81,52.69,52.69,10760.687784
2026-06-26T11:20:00+00:00,52.69,52.8,52.61,52.78,27493.026488
2026-06-26T11:25:00+00:00,52.8,52.8,52.73,52.77,11215.392105
2026-06-26T11:30:00+00:00,52.79,52.8,52.7239,52.7239,7593.278582
2026-06-26T11:35:00+00:00,52.78,52.81,52.72,52.78,11806.864508
2026-06-26T11:40:00+00:00,52.75,52.75,52.62,52.6661,13975.773562
2026-06-26T11:45:00+00:00,52.62,52.6499,52.57,52.58,12326.881309999999
2026-06-26T11:50:00+00:00,52.57,52.65,52.57,52.62,10389.351825
2026-06-26T11:55:00+00:00,52.55,52.57,52.5,52.51,19859.442272
2026-06-26T12:00:00+00:00,52.55,52.6,52.53,52.5999,6903.0024459999995
2026-06-26T12:05:00+00:00,52.59,52.6,52.53,52.56,22040.789827
2026-06-26T12:10:00+00:00,52.6161,52.6199,52.55,52.6199,9972.704935
2026-06-26T12:15:00+00:00,52.6099,52.6099,52.59,52.59,923.190132
2026-06-26T12:20:00+00:00,52.65,52.72,52.5197,52.5197,6154.909016
2026-06-26T12:25:00+00:00,52.5,52.69,52.4961,52.65,6524.363376
2026-06-26T12:30:00+00:00,52.7,52.7,52.57,52.66,7884.189545
2026-06-26T12:35:00+00:00,52.64,52.78,52.64,52.77,15153.09475
2026-06-26T12:40:00+00:00,52.7209,52.76,52.6539,52.67,8143.403545
2026-06-26T12:45:00+00:00,52.64,52.64,52.4639,52.52,44566.600873999996
2026-06-26T12:50:00+00:00,52.54,52.7,52.54,52.68,14903.923499
2026-06-26T12:55:00+00:00,52.74,53.01,52.72,52.91,90437.468738
2026-06-26T13:00:00+00:00,52.94,53.31,52.9116,53.25,62575.107545
2026-06-26T13:05:00+00:00,53.28,53.4948,52.79,52.82,136539.257649
2026-06-26T13:10:00+00:00,52.8103,52.84,52.6407,52.68,36892.101101
2026-06-26T13:15:00+00:00,52.69,52.74,52.61,52.66,23495.255379
2026-06-26T13:20:00+00:00,52.66,52.7393,52.4339,52.64,56689.686131
2026-06-26T13:25:00+00:00,52.62,52.79,52.62,52.75,26330.909709
2026-06-26T13:30:00+00:00,52.78,52.89,52.72,52.89,30097.01843
2026-06-26T13:35:00+00:00,52.87,52.88,52.615,52.63,554114.5846340001
2026-06-26T13:40:00+00:00,52.632,52.7065,52.4593,52.49,491144.553208
2026-06-26T13:45:00+00:00,52.49,52.915,52.4899,52.915,326034.836828
2026-06-26T13:50:00+00:00,52.92,52.965,52.79,52.91,258009.81389000002
2026-06-26T13:55:00+00:00,52.91,53.08,52.8701,52.965,401889.669676
2026-06-26T14:00:00+00:00,52.97,53.315,52.97,53.2875,296049.018294
2026-06-26T14:05:00+00:00,53.29,53.47,53.12,53.405,501496.06388200005
2026-06-26T14:10:00+00:00,53.41,53.48,53.26,53.465,338404.81518200005
2026-06-26T14:15:00+00:00,53.4699,53.715,53.395,53.55,520119.639615
2026-06-26T14:20:00+00:00,53.57,53.7607,53.52,53.6,339363.34053000004
2026-06-26T14:25:00+00:00,53.6,53.715,53.59,53.63,319495.528215
2026-06-26T14:30:00+00:00,53.635,53.72,53.495,53.495,183566.640961
2026-06-26T14:35:00+00:00,53.5,53.53,53.36,53.38,246258.779501
2026-06-26T14:40:00+00:00,53.38,53.475,53.37,53.45,169646.614612
2026-06-26T14:45:00+00:00,53.445,53.715,53.395,53.59,329905.709974
2026-06-26T14:50:00+00:00,53.5803,53.835,53.58,53.73,377423.079288
2026-06-26T14:55:00+00:00,53.73,53.76,53.65,53.715,150633.74950099998
2026-06-26T15:00:00+00:00,53.71,53.775,53.52,53.52,201422.257896
2026-06-26T15:05:00+00:00,53.515,53.5901,53.42,53.42,276057.759744
2026-06-26T15:10:00+00:00,53.44,53.5099,53.325,53.5,217664.215615
2026-06-26T15:15:00+00:00,53.49,53.52,53.32,53.355,130249.75597900001
2026-06-26T15:20:00+00:00,53.365,53.5096,53.331,53.47,168655.185662
2026-06-26T15:25:00+00:00,53.475,53.53,53.455,53.495,192771.456085
2026-06-26T15:30:00+00:00,53.5,53.6199,53.485,53.605,98427.245642
2026-06-26T15:35:00+00:00,53.61,53.67,53.47,53.495,158117.65686500003
2026-06-26T15:40:00+00:00,53.4899,53.87,53.485,53.81,182670.838324
2026-06-26T15:45:00+00:00,53.82,53.845,53.765,53.845,102163.848747
2026-06-26T15:50:00+00:00,53.85,53.87,53.76,53.84,137214.635816
2026-06-26T15:55:00+00:00,53.855,53.87,53.515,53.59,366906.88943999994
2026-06-26T16:00:00+00:00,53.58,53.73,53.5743,53.7,108998.880816
2026-06-26T16:05:00+00:00,53.71,53.755,53.65,53.68,149547.957819
2026-06-26T16:10:00+00:00,53.665,53.665,53.6,53.63,64987.393571
2026-06-26T16:15:00+00:00,53.635,53.705,53.59,53.655,71356.319703
2026-06-26T16:20:00+00:00,53.66,53.7198,53.63,53.685,66197.992223
2026-06-26T16:25:00+00:00,53.69,53.695,53.529,53.615,199513.982895
2026-06-26T16:30:00+00:00,53.58,53.64,53.5599,53.58,55718.548297
2026-06-26T16:35:00+00:00,53.58,53.75,53.58,53.625,88277.585833
2026-06-26T16:40:00+00:00,53.635,53.64,53.55,53.5517,42742.442924
2026-06-26T16:45:00+00:00,53.565,53.61,53.4829,53.5897,54156.427985999995
2026-06-26T16:50:00+00:00,53.61,53.665,53.57,53.62,63202.10241199999
2026-06-26T16:55:00+00:00,53.605,53.64,53.54,53.64,82578.69148
2026-06-26T17:00:00+00:00,53.645,53.66,53.6099,53.63,60697.284411
2026-06-26T17:05:00+00:00,53.64,53.66,53.56,53.575,46905.125651
2026-06-26T17:10:00+00:00,53.575,53.64,53.57,53.59,61982.968835
2026-06-26T17:15:00+00:00,53.585,53.6,53.49,53.51,54647.505103999996
2026-06-26T17:20:00+00:00,53.5201,53.5201,53.431,53.431,67553.45266400001
2026-06-26T17:25:00+00:00,53.43,53.66,53.3897,53.63,172885.633285
2026-06-26T17:30:00+00:00,53.62,53.64,53.55,53.565,324941.82896600006
2026-06-26T17:35:00+00:00,53.58,53.6,53.445,53.49,53531.130399
2026-06-26T17:40:00+00:00,53.485,53.52,53.39,53.405,91966.823139
2026-06-26T17:45:00+00:00,53.42,53.47,53.3701,53.465,69709.578545
2026-06-26T17:50:00+00:00,53.45,53.475,53.38,53.435,53826.259065
2026-06-26T17:55:00+00:00,53.435,53.49,53.4,53.4237,70923.43262
2026-06-26T18:00:00+00:00,53.42,53.435,53.3434,53.35,124304.35988499998
2026-06-26T18:05:00+00:00,53.36,53.425,53.325,53.4014,89999.416281
2026-06-26T18:10:00+00:00,53.405,53.46,53.375,53.44,49765.965342
2026-06-26T18:15:00+00:00,53.435,53.48,53.42,53.48,44286.142502
2026-06-26T18:20:00+00:00,53.475,53.475,53.3701,53.4,54003.085733
2026-06-26T18:25:00+00:00,53.4,53.41,53.3401,53.365,69098.535692
2026-06-26T18:30:00+00:00,53.37,53.47,53.37,53.455,49478.361177
2026-06-26T18:35:00+00:00,53.46,53.495,53.435,53.445,38315.95166200001
2026-06-26T18:40:00+00:00,53.43,53.44,53.35,53.355,52490.719688
2026-06-26T18:45:00+00:00,53.36,53.42,53.325,53.39,55689.785239
2026-06-26T18:50:00+00:00,53.38,53.38,53.215,53.25,149984.13534900002
2026-06-26T18:55:00+00:00,53.2486,53.29,53.24,53.2775,53260.042603
2026-06-26T19:00:00+00:00,53.28,53.32,53.225,53.245,41814.330695
2026-06-26T19:05:00+00:00,53.25,53.28,53.215,53.225,80289.546573
2026-06-26T19:10:00+00:00,53.23,53.32,53.205,53.29,109257.06990799999
2026-06-26T19:15:00+00:00,53.285,53.365,53.28,53.36,62866.889934
2026-06-26T19:20:00+00:00,53.36,53.375,53.285,53.315,79440.278566
2026-06-26T19:25:00+00:00,53.31,53.31,53.2101,53.245,124884.48069199998
2026-06-26T19:30:00+00:00,53.245,53.28,53.223,53.245,53737.256206
2026-06-26T19:35:00+00:00,53.25,53.33,53.22,53.33,152586.795541
2026-06-26T19:40:00+00:00,53.32,53.335,53.275,53.28,167373.619079
2026-06-26T19:45:00+00:00,53.28,53.37,53.28,53.37,149611.138255
2026-06-26T19:50:00+00:00,53.36,53.385,53.31,53.325,191382.74921699998
2026-06-26T19:55:00+00:00,53.325,53.405,53.325,53.385,351079.365398
2026-06-26T20:00:00+00:00,53.39,53.4,53.26,53.26,655984.414042
2026-06-26T20:05:00+00:00,53.27,53.29,53.18,53.2,13637.37405
2026-06-26T20:10:00+00:00,53.21,53.21,53.12,53.12,24740.365209000003
2026-06-26T20:15:00+00:00,53.11,53.11,52.97,53.09,66455.97553400001
2026-06-26T20:20:00+00:00,53.06,53.1,52.97,52.99,19984.352983999997
2026-06-26T20:25:00+00:00,52.98,53.13,52.98,53.13,4614.740828
2026-06-26T20:30:00+00:00,53.13,53.14,53.086,53.086,2304.336906
2026-06-26T20:35:00+00:00,53.05,53.05,52.94,52.98,4680.430186
2026-06-26T20:40:00+00:00,52.98,53.03,52.9503,52.99,6862.0
2026-06-26T20:45:00+00:00,52.97,53.0,52.97,53.0,3432.0
2026-06-26T20:50:00+00:00,52.99,53.0499,52.99,53.01,2413.26965
2026-06-26T20:55:00+00:00,53.05,53.15,53.05,53.15,1792.164276
2026-06-26T21:00:00+00:00,53.17,53.55,53.17,53.5386,21701.046817000002
2026-06-26T21:05:00+00:00,53.51,53.53,53.3645,53.4,8859.168585
2026-06-26T21:10:00+00:00,53.3654,53.4,53.3505,53.36,12167.232801999999
2026-06-26T21:15:00+00:00,53.38,53.47,53.38,53.47,4620.865041999999
2026-06-26T21:20:00+00:00,53.45,53.47,53.41,53.41,5867.882479
2026-06-26T21:25:00+00:00,53.47,53.51,53.47,53.51,4480.487546
2026-06-26T21:30:00+00:00,53.4701,53.4995,53.4701,53.48,1908.513166
2026-06-26T21:35:00+00:00,53.5058,53.5068,53.47,53.47,1000.0
2026-06-26T21:40:00+00:00,53.4709,53.49,53.45,53.4565,6000.722637000001
2026-06-26T21:45:00+00:00,53.49,53.4935,53.42,53.45,12995.236114000001
2026-06-26T21:50:00+00:00,53.4987,53.4987,53.4,53.4,15780.833488
2026-06-26T21:55:00+00:00,53.401,53.45,53.401,53.45,701.778647
2026-06-26T22:00:00+00:00,53.4871,53.4871,53.4152,53.4152,1427.520227
2026-06-26T22:05:00+00:00,53.4422,53.45,53.44,53.44,2566.944286
2026-06-26T22:10:00+00:00,53.4299,53.4299,53.4138,53.4138,483.0
2026-06-26T22:15:00+00:00,53.41,53.41,53.41,53.41,463.0
2026-06-26T22:20:00+00:00,53.4578,53.4578,53.4578,53.4578,202.0
2026-06-26T22:25:00+00:00,53.41,53.42,53.38,53.38,4210.0
2026-06-26T22:30:00+00:00,53.3961,53.3961,53.3715,53.3715,223.3
2026-06-26T22:35:00+00:00,53.37,53.38,53.37,53.38,371.0
2026-06-26T22:40:00+00:00,53.3539,53.37,53.3539,53.37,558.037154
2026-06-26T22:45:00+00:00,53.36,53.4,53.36,53.3992,1795.4061689999999
2026-06-26T22:50:00+00:00,53.37,53.4,53.37,53.4,1880.935348
2026-06-26T22:55:00+00:00,53.39,53.4,53.38,53.38,6541.0
2026-06-26T23:00:00+00:00,53.42,53.44,53.42,53.43,8305.2
2026-06-26T23:05:00+00:00,53.43,53.4896,53.42,53.4896,6828.191046
2026-06-26T23:10:00+00:00,53.43,53.48,53.42,53.47,2472.739215
2026-06-26T23:15:00+00:00,53.47,53.48,53.4259,53.48,1419.271936
2026-06-26T23:20:00+00:00,53.4635,53.4635,53.4635,53.4635,100.0
2026-06-26T23:25:00+00:00,53.4391,53.45,53.43,53.43,539.21871
2026-06-26T23:30:00+00:00,53.47,53.47,53.42,53.42,1051.037421
2026-06-26T23:35:00+00:00,53.4692,53.4692,53.4401,53.46,1620.930415
2026-06-26T23:40:00+00:00,53.46,53.46,53.44,53.44,13710.403872
2026-06-26T23:45:00+00:00,53.44,53.47,53.4399,53.46,4190.390784
2026-06-26T23:50:00+00:00,53.47,53.47,53.43,53.43,1642.0
2026-06-26T23:55:00+00:00,53.45,53.54,53.4495,53.54,3503.905717
2026-06-27T00:00:00+00:00,53.54,53.54,53.54,53.54,1435.0024349999999
2026-06-29T08:05:00+00:00,52.91,53.28,52.26,52.85,278995.508912
2026-06-29T08:10:00+00:00,52.86,53.06,52.76,52.81,15512.316058
2026-06-29T08:15:00+00:00,52.87,52.87,52.84,52.84,1701.0
2026-06-29T08:20:00+00:00,52.86,52.92,52.83,52.91,15832.3369
2026-06-29T08:25:00+00:00,52.88,52.88,52.74,52.74,6033.928247
2026-06-29T08:30:00+00:00,52.75,52.8,52.75,52.76,1453.0
2026-06-29T08:35:00+00:00,52.87,52.88,52.83,52.83,3850.0
2026-06-29T08:40:00+00:00,52.83,52.84,52.76,52.76,2866.5729
2026-06-29T08:45:00+00:00,52.74,52.75,52.64,52.65,16147.245586999998
2026-06-29T08:50:00+00:00,52.69,52.73,52.69,52.72,5609.4326679999995
2026-06-29T08:55:00+00:00,52.69,52.69,52.51,52.51,17437.866181999998
2026-06-29T09:00:00+00:00,52.5087,52.51,52.37,52.48,30472.202171
2026-06-29T09:05:00+00:00,52.46,52.51,52.4,52.49,16759.307846
2026-06-29T09:10:00+00:00,52.55,52.58,52.5,52.55,4533.0
2026-06-29T09:15:00+00:00,52.55,52.571,52.48,52.5,2490.767175
2026-06-29T09:20:00+00:00,52.5,52.58,52.5,52.58,6462.0
2026-06-29T09:25:00+00:00,52.58,52.6,52.52,52.52,5620.115933
2026-06-29T09:30:00+00:00,52.526,52.53,52.5,52.51,2272.0
2026-06-29T09:35:00+00:00,52.56,52.59,52.48,52.49,6612.397796
2026-06-29T09:40:00+00:00,52.4601,52.49,52.45,52.49,4437.02997
2026-06-29T09:45:00+00:00,52.46,52.47,52.43,52.43,4849.517884
2026-06-29T09:50:00+00:00,52.44,52.46,52.37,52.4,5539.918019
2026-06-29T09:55:00+00:00,52.36,52.36,52.1,52.11,59685.729999
2026-06-29T10:00:00+00:00,52.13,52.24,51.93,52.15,62334.20518299999
2026-06-29T10:05:00+00:00,52.19,52.2,52.04,52.05,14863.401021000001
2026-06-29T10:10:00+00:00,52.07,52.14,52.04,52.14,25656.482946
2026-06-29T10:15:00+00:00,52.14,52.3,52.14,52.26,24606.657822
2026-06-29T10:20:00+00:00,52.26,52.26,52.11,52.17,23963.649999999998
2026-06-29T10:25:00+00:00,52.16,52.24,52.14,52.23,7416.423162
2026-06-29T10:30:00+00:00,52.22,52.23,52.19,52.19,7954.160103
2026-06-29T10:35:00+00:00,52.21,52.24,52.07,52.08,18556.654392
2026-06-29T10:40:00+00:00,52.07,52.15,52.03,52.1499,3244.111955
2026-06-29T10:45:00+00:00,52.17,52.17,52.08,52.12,12750.616320000001
2026-06-29T10:50:00+00:00,52.12,52.16,52.05,52.16,18567.076747
2026-06-29T10:55:00+00:00,52.14,52.27,52.14,52.27,14249.992924
2026-06-29T11:00:00+00:00,52.2696,52.28,52.26,52.271,2521.129657
2026-06-29T11:05:00+00:00,52.26,52.34,52.15,52.1795,60102.804985
2026-06-29T11:10:00+00:00,52.2,52.21,52.14,52.1887,16873.19549
2026-06-29T11:15:00+00:00,52.18,52.2,52.1,52.12,16309.819747000001
2026-06-29T11:20:00+00:00,52.16,52.1999,52.13,52.15,10671.098614999999
2026-06-29T11:25:00+00:00,52.15,52.18,52.13,52.15,16897.301957
2026-06-29T11:30:00+00:00,52.15,52.24,52.14,52.22,15157.581799
2026-06-29T11:35:00+00:00,52.22,52.37,52.2,52.33,44314.118581
2026-06-29T11:40:00+00:00,52.33,52.34,52.24,52.24,20739.368601000002
2026-06-29T11:45:00+00:00,52.24,52.36,52.24,52.34,10787.844432
2026-06-29T11:50:00+00:00,52.36,52.47,52.33,52.45,37174.371819
2026-06-29T11:55:00+00:00,52.44,52.54,52.44,52.5399,17661.458358
2026-06-29T12:00:00+00:00,52.54,52.65,52.53,52.62,62709.572681
2026-06-29T12:05:00+00:00,52.59,52.8192,52.57,52.77,54833.624179000006
2026-06-29T12:10:00+00:00,52.8,52.8,52.6601,52.67,21898.995601
2026-06-29T12:15:00+00:00,52.69,52.7484,52.65,52.65,24136.830216000002
2026-06-29T12:20:00+00:00,52.66,52.7,52.6,52.63,14460.488484999998
2026-06-29T12:25:00+00:00,52.63,52.7,52.47,52.47,42040.226326
2026-06-29T12:30:00+00:00,52.5,52.56,52.45,52.48,17986.104795
2026-06-29T12:35:00+00:00,52.4814,52.75,52.48,52.74,24066.0
2026-06-29T12:40:00+00:00,52.73,52.81,52.68,52.72,37582.598177
2026-06-29T12:45:00+00:00,52.74,52.8,52.73,52.79,71839.292407
2026-06-29T12:50:00+00:00,52.8,52.87,52.75,52.77,16627.582539000003
2026-06-29T12:55:00+00:00,52.8,52.91,52.8,52.83,25336.026452000002
2026-06-29T13:00:00+00:00,52.83,52.83,52.74,52.77,40594.123097
2026-06-29T13:05:00+00:00,52.78,53.04,52.78,53.0,87495.397356
2026-06-29T13:10:00+00:00,53.0,53.05,52.9,52.95,8506.495028000001
2026-06-29T13:15:00+00:00,52.95,53.06,52.9,53.03,13282.573185
2026-06-29T13:20:00+00:00,53.06,53.13,53.05,53.1274,12062.262225999999
2026-06-29T13:25:00+00:00,53.05,53.05,52.88,52.9,5296.364157
2026-06-29T13:30:00+00:00,52.9,52.9,52.78,52.78,21843.754451
2026-06-29T13:35:00+00:00,52.775,52.93,52.74,52.87,513025.938273
2026-06-29T13:40:00+00:00,52.875,52.9279,52.67,52.725,300115.262332
2026-06-29T13:45:00+00:00,52.71,52.87,52.69,52.74,221642.02303799998
2026-06-29T13:50:00+00:00,52.735,52.78,52.57,52.615,204051.49240100002
2026-06-29T13:55:00+00:00,52.61,52.7,52.54,52.58,334689.388573
2026-06-29T14:00:00+00:00,52.59,52.62,52.5,52.59,207050.05838399997
2026-06-29T14:05:00+00:00,52.61,52.64,52.34,52.44,238874.898705
2026-06-29T14:10:00+00:00,52.435,52.44,52.155,52.26,493153.516559
2026-06-29T14:15:00+00:00,52.26,52.34,52.1,52.105,295809.301086
2026-06-29T14:20:00+00:00,52.1,52.34,51.93,52.34,831791.727101
2026-06-29T14:25:00+00:00,52.335,52.4369,52.3,52.4,277030.90196000005
2026-06-29T14:30:00+00:00,52.405,52.645,52.405,52.55,261038.652802
2026-06-29T14:35:00+00:00,52.55,52.65,52.55,52.605,125347.36572200002
2026-06-29T14:40:00+00:00,52.6,52.67,52.4831,52.515,140500.68371800001
2026-06-29T14:45:00+00:00,52.515,52.515,52.39,52.41,68576.36859099999
2026-06-29T14:50:00+00:00,52.41,52.44,52.265,52.315,145770.997965
2026-06-29T14:55:00+00:00,52.32,52.5199,52.305,52.475,145002.764461
2026-06-29T15:00:00+00:00,52.48,52.5999,52.415,52.46,137999.810388
2026-06-29T15:05:00+00:00,52.47,52.47,52.335,52.35,103311.78164
2026-06-29T15:10:00+00:00,52.34,52.4301,52.325,52.355,132992.710504
2026-06-29T15:15:00+00:00,52.36,52.4,52.2001,52.305,289783.217665
2026-06-29T15:20:00+00:00,52.3,52.46,52.28,52.28,126883.47735400002
2026-06-29T15:25:00+00:00,52.28,52.295,52.155,52.22,226314.20764
2026-06-29T15:30:00+00:00,52.23,52.4,52.215,52.39,95672.432356
2026-06-29T15:35:00+00:00,52.39,52.44,52.36,52.37,105386.944653
2026-06-29T15:40:00+00:00,52.36,52.44,52.3,52.41,136006.288328
2026-06-29T15:45:00+00:00,52.42,52.48,52.405,52.46,75550.215325
2026-06-29T15:50:00+00:00,52.455,52.605,52.445,52.555,147971.89882
2026-06-29T15:55:00+00:00,52.545,52.575,52.48,52.565,102557.02610700001
2026-06-29T16:00:00+00:00,52.565,52.61,52.52,52.53,92965.88898999999
2026-06-29T16:05:00+00:00,52.52,52.565,52.47,52.5301,172083.236502
2026-06-29T16:10:00+00:00,52.52,52.57,52.4856,52.57,114534.70717
2026-06-29T16:15:00+00:00,52.56,52.585,52.48,52.495,118440.027475
2026-06-29T16:20:00+00:00,52.495,52.53,52.42,52.515,94472.809609
2026-06-29T16:25:00+00:00,52.515,52.545,52.485,52.5304,68950.01978599999
2026-06-29T16:30:00+00:00,52.535,52.535,52.45,52.46,157671.512319
2026-06-29T16:35:00+00:00,52.47,52.49,52.41,52.4251,96064.25985
2026-06-29T16:40:00+00:00,52.421,52.4867,52.375,52.39,138218.089233
2026-06-29T16:45:00+00:00,52.3844,52.47,52.3844,52.47,82193.09948
2026-06-29T16:50:00+00:00,52.47,52.605,52.4499,52.6,200260.618924
2026-06-29T16:55:00+00:00,52.595,52.67,52.575,52.58,189263.772866
2026-06-29T17:00:00+00:00,52.59,52.6377,52.55,52.55,42744.186952
2026-06-29T17:05:00+00:00,52.57,52.65,52.55,52.635,43963.978403
2026-06-29T17:10:00+00:00,52.63,52.815,52.63,52.755,80469.838644
2026-06-29T17:15:00+00:00,52.74,52.74,52.665,52.705,80358.252201
2026-06-29T17:20:00+00:00,52.71,52.74,52.68,52.72,132798.430484
2026-06-29T17:25:00+00:00,52.715,52.715,52.57,52.6,84365.019898
2026-06-29T17:30:00+00:00,52.5996,52.635,52.56,52.605,76225.41227100001
2026-06-29T17:35:00+00:00,52.61,52.61,52.55,52.585,39147.55845899999
2026-06-29T17:40:00+00:00,52.58,52.645,52.56,52.625,63707.036392
2026-06-29T17:45:00+00:00,52.62,52.62,52.5,52.505,98848.86775199999
2026-06-29T17:50:00+00:00,52.505,52.53,52.4851,52.5299,54351.715661
2026-06-29T17:55:00+00:00,52.53,52.61,52.495,52.5901,55085.62714
2026-06-29T18:00:00+00:00,52.585,52.65,52.585,52.6499,70019.643854
2026-06-29T18:05:00+00:00,52.6489,52.72,52.63,52.705,100067.31533800001
2026-06-29T18:10:00+00:00,52.7,52.7,52.645,52.66,66975.522427
2026-06-29T18:15:00+00:00,52.655,52.71,52.655,52.7,79883.24273900001
2026-06-29T18:20:00+00:00,52.695,52.765,52.66,52.745,135381.826233
2026-06-29T18:25:00+00:00,52.7499,52.78,52.71,52.755,67309.10087600001
2026-06-29T18:30:00+00:00,52.75,52.75,52.675,52.69,66281.953828
2026-06-29T18:35:00+00:00,52.695,52.73,52.67,52.68,93051.502658
2026-06-29T18:40:00+00:00,52.6891,52.75,52.68,52.7422,93732.645215
2026-06-29T18:45:00+00:00,52.74,52.77,52.72,52.76,103981.09467899999
2026-06-29T18:50:00+00:00,52.76,52.78,52.68,52.685,77235.44795100001
2026-06-29T18:55:00+00:00,52.685,52.7199,52.67,52.69,55200.522035999995
2026-06-29T19:00:00+00:00,52.69,52.69,52.53,52.595,96978.19748900001
2026-06-29T19:05:00+00:00,52.6,52.615,52.53,52.53,80975.264632
2026-06-29T19:10:00+00:00,52.53,52.555,52.5,52.53,139552.36224
2026-06-29T19:15:00+00:00,52.53,52.54,52.39,52.395,187962.41161299997
2026-06-29T19:20:00+00:00,52.39,52.485,52.38,52.475,81905.378848
2026-06-29T19:25:00+00:00,52.478,52.615,52.475,52.605,121469.957917
2026-06-29T19:30:00+00:00,52.6003,52.7,52.6,52.7,156365.317042
2026-06-29T19:35:00+00:00,52.71,52.745,52.675,52.705,136001.347762
2026-06-29T19:40:00+00:00,52.705,52.715,52.655,52.66,89625.86001199999
2026-06-29T19:45:00+00:00,52.665,52.69,52.62,52.683,171753.477374
2026-06-29T19:50:00+00:00,52.685,52.705,52.63,52.64,112907.372148
2026-06-29T19:55:00+00:00,52.65,52.65,52.59,52.605,223493.686334
2026-06-29T20:00:00+00:00,52.61,52.695,52.57,52.67,467011.93435000005
2026-06-29T20:05:00+00:00,52.68,52.68,52.64,52.6506,39519.11001699999
2026-06-29T20:10:00+00:00,52.68,52.68,52.61,52.64,22440.818
2026-06-29T20:15:00+00:00,52.6661,52.67,52.6661,52.67,476.88014999999996
2026-06-29T20:20:00+00:00,52.6513,52.74,52.6513,52.73,13319.986568999999
2026-06-29T20:25:00+00:00,52.75,52.75,52.72,52.73,3816.6036990000002
2026-06-29T20:30:00+00:00,52.74,52.76,52.71,52.7555,4383.788069
2026-06-29T20:35:00+00:00,52.75,52.75,52.71,52.72,15641.189717000001
2026-06-29T20:40:00+00:00,52.7,52.7,52.65,52.65,7902.850538000001
2026-06-29T20:45:00+00:00,52.66,52.69,52.65,52.69,3431.399126
2026-06-29T20:50:00+00:00,52.66,52.68,52.64,52.65,2195.716232
2026-06-29T20:55:00+00:00,52.68,52.69,52.66,52.69,3602.3950779999996
2026-06-29T21:00:00+00:00,52.72,52.73,52.72,52.73,12055.570588
2026-06-29T21:05:00+00:00,52.7299,52.76,52.7299,52.75,3496.29644
2026-06-29T21:10:00+00:00,52.75,52.75,52.75,52.75,925.0
2026-06-29T21:15:00+00:00,52.7526,52.7526,52.75,52.75,1715.4587139999999
2026-06-29T21:20:00+00:00,52.73,52.73,52.7,52.7,1051.0
2026-06-29T21:25:00+00:00,52.7,52.73,52.7,52.72,6303.772742
2026-06-29T21:30:00+00:00,52.7005,52.7005,52.7005,52.7005,397.44605
2026-06-29T21:35:00+00:00,52.77,52.77,52.76,52.7699,1522.189537
2026-06-29T21:40:00+00:00,52.7507,52.7523,52.7507,52.7523,6026.518031
2026-06-29T21:45:00+00:00,52.75,52.75,52.75,52.75,501.0
2026-06-29T21:50:00+00:00,52.7691,52.77,52.7691,52.77,609.4426450000001
2026-06-29T21:55:00+00:00,52.7595,52.7694,52.75,52.75,1498.1432530000002
2026-06-29T22:00:00+00:00,52.73,52.77,52.73,52.77,793.3939780000001
2026-06-29T22:05:00+00:00,52.77,52.77,52.72,52.72,2702.189609
2026-06-29T22:10:00+00:00,52.73,52.74,52.68,52.7219,5475.190279
2026-06-29T22:15:00+00:00,52.77,52.8,52.77,52.8,2737.899716
2026-06-29T22:20:00+00:00,52.73,52.73,52.7205,52.7205,793.0
2026-06-29T22:25:00+00:00,52.74,52.7909,52.72,52.73,1981.801641
2026-06-29T22:30:00+00:00,52.7699,52.7699,52.7,52.7,3010.24038
2026-06-29T22:35:00+00:00,52.7,52.7384,52.66,52.66,552.0
2026-06-29T22:40:00+00:00,52.66,52.68,52.66,52.68,8573.325162
2026-06-29T22:45:00+00:00,52.7,52.7,52.69,52.7,1120.768984
2026-06-29T22:50:00+00:00,52.6665,52.73,52.65,52.7285,4943.92357
2026-06-29T22:55:00+00:00,52.67,52.68,52.67,52.68,3566.0
2026-06-29T23:00:00+00:00,52.6726,52.7,52.65,52.65,1255.797205
2026-06-29T23:05:00+00:00,52.67,52.78,52.67,52.78,5727.814542
2026-06-29T23:10:00+00:00,52.7348,52.88,52.7348,52.86,15327.0
2026-06-29T23:15:00+00:00,52.88,52.92,52.85,52.9,21250.633496
2026-06-29T23:20:00+00:00,52.9,52.92,52.9,52.92,7787.0017100000005
2026-06-29T23:25:00+00:00,52.92,52.93,52.9001,52.9001,10356.4
2026-06-29T23:30:00+00:00,52.9011,52.92,52.88,52.88,2781.002459
2026-06-29T23:35:00+00:00,52.88,52.9309,52.88,52.92,2189.908066
2026-06-29T23:40:00+00:00,52.92,52.94,52.9,52.94,5692.680354
2026-06-29T23:45:00+00:00,52.88,52.93,52.8505,52.93,2347.226142
2026-06-29T23:50:00+00:00,52.8639,52.93,52.8639,52.87,2392.533913
2026-06-29T23:55:00+00:00,52.8964,52.8964,52.86,52.87,1846.3782860000001
2026-06-30T00:00:00+00:00,52.9199,52.9199,52.82,52.82,2488.018908
2026-06-30T08:05:00+00:00,53.31,53.87,51.65,53.36,620531.953127
2026-06-30T08:10:00+00:00,53.43,53.6,51.95,53.21,6092.568969999999
2026-06-30T08:15:00+00:00,53.19,53.2,53.08,53.1,14281.410737
2026-06-30T08:20:00+00:00,53.1174,53.1174,53.07,53.0766,1581.695098
2026-06-30T08:25:00+00:00,53.09,53.12,53.04,53.04,26078.731798
2026-06-30T08:30:00+00:00,53.02,53.03,53.02,53.03,1787.0
2026-06-30T08:35:00+00:00,53.15,53.15,53.04,53.04,1391.0
2026-06-30T08:40:00+00:00,53.02,53.05,52.9,52.9,5439.965781000001
2026-06-30T08:45:00+00:00,52.87,52.9,52.81,52.86,55262.0
2026-06-30T08:50:00+00:00,52.9,52.91,52.89,52.9,4555.7332
2026-06-30T08:55:00+00:00,52.93,52.93,52.85,52.9,1087.803443
2026-06-30T09:00:00+00:00,52.9,52.9,52.84,52.86,2053.0
2026-06-30T09:05:00+00:00,52.8739,52.91,52.86,52.9,4981.020023
2026-06-30T09:10:00+00:00,52.92,53.03,52.92,52.9935,6224.0
2026-06-30T09:15:00+00:00,52.98,53.0,52.95,52.99,16127.848896
2026-06-30T09:20:00+00:00,52.99,53.01,52.99,53.0,348.0
2026-06-30T09:25:00+00:00,53.03,53.09,52.95,52.95,4637.3296
2026-06-30T09:30:00+00:00,53.0,53.02,52.97,53.02,3936.63
2026-06-30T09:35:00+00:00,53.0,53.01,52.87,52.95,7588.427927000001
2026-06-30T09:40:00+00:00,52.94,53.03,52.93,53.03,1115.0
2026-06-30T09:45:00+00:00,53.04,53.04,53.01,53.01,636.0
2026-06-30T09:50:00+00:00,53.08,53.12,53.08,53.09,3866.103331
2026-06-30T09:55:00+00:00,53.08,53.15,53.06,53.14,3849.774538
2026-06-30T10:00:00+00:00,53.12,53.19,53.12,53.18,17816.998145999998
2026-06-30T10:05:00+00:00,53.25,53.27,53.1704,53.1704,10355.319101000001
2026-06-30T10:10:00+00:00,53.2,53.2,53.13,53.2,8242.0
2026-06-30T10:15:00+00:00,53.2,53.21,53.15,53.19,5093.0
2026-06-30T10:20:00+00:00,53.24,53.24,53.17,53.19,5461.037384
2026-06-30T10:25:00+00:00,53.16,53.21,53.15,53.21,6220.0
2026-06-30T10:30:00+00:00,53.2,53.25,53.2,53.25,5051.0
2026-06-30T10:35:00+00:00,53.26,53.26,53.22,53.22,3586.823933
2026-06-30T10:40:00+00:00,53.25,53.28,53.25,53.26,4630.297350999999
2026-06-30T10:45:00+00:00,53.31,53.36,53.29,53.34,13573.938914999999
2026-06-30T10:50:00+00:00,53.3,53.37,53.29,53.35,7621.165488
2026-06-30T10:55:00+00:00,53.35,53.4,53.35,53.36,6434.11706
2026-06-30T11:00:00+00:00,53.37,53.44,53.36,53.37,6716.491698
2026-06-30T11:05:00+00:00,53.36,53.37,53.15,53.17,22861.49996
2026-06-30T11:10:00+00:00,53.19,53.3699,53.18,53.3699,15742.019448
2026-06-30T11:15:00+00:00,53.34,53.4191,53.33,53.34,14012.377371
2026-06-30T11:20:00+00:00,53.33,53.38,53.3,53.3,29779.260753000002
2026-06-30T11:25:00+00:00,53.31,53.42,53.31,53.35,6184.226498
2026-06-30T11:30:00+00:00,53.35,53.4,53.31,53.39,7795.0
2026-06-30T11:35:00+00:00,53.41,53.5,53.3707,53.42,19595.670685
2026-06-30T11:40:00+00:00,53.36,53.42,53.32,53.42,13428.512843
2026-06-30T11:45:00+00:00,53.4,53.51,53.4,53.48,14469.696934
2026-06-30T11:50:00+00:00,53.47,53.48,53.37,53.3901,17549.518832
2026-06-30T11:55:00+00:00,53.42,53.42,53.33,53.34,15053.855737
2026-06-30T12:00:00+00:00,53.35,53.4,53.3,53.4,8707.689293
2026-06-30T12:05:00+00:00,53.4099,53.42,53.2505,53.27,16673.315488
2026-06-30T12:10:00+00:00,53.27,53.3,53.2494,53.3,12404.032276999998
2026-06-30T12:15:00+00:00,53.25,53.31,53.25,53.31,1319.7875640000002
2026-06-30T12:20:00+00:00,53.2903,53.3,53.21,53.2796,10411.083193999999
2026-06-30T12:25:00+00:00,53.26,53.26,52.98,52.99,26203.587629
2026-06-30T12:30:00+00:00,52.99,52.99,52.76,52.76,37399.91107
2026-06-30T12:35:00+00:00,52.77,52.97,52.77,52.8348,14515.113046
2026-06-30T12:40:00+00:00,52.83,52.93,52.78,52.87,21718.756685
2026-06-30T12:45:00+00:00,52.91,52.96,52.86,52.91,22615.452213999997
2026-06-30T12:50:00+00:00,52.85,52.88,52.8,52.85,4709.056018
2026-06-30T12:55:00+00:00,52.87,52.9226,52.78,52.78,21910.254105
2026-06-30T13:00:00+00:00,52.79,52.82,52.68,52.8,68731.535216
2026-06-30T13:05:00+00:00,52.8,53.16,52.78,53.03,53116.765825
2026-06-30T13:10:00+00:00,53.05,53.45,53.03,53.43,36399.383108
2026-06-30T13:15:00+00:00,53.42,53.49,53.29,53.35,352898.886295
2026-06-30T13:20:00+00:00,53.34,53.52,53.3105,53.5199,30669.893552999998
2026-06-30T13:25:00+00:00,53.54,53.69,53.32,53.33,34886.042859
2026-06-30T13:30:00+00:00,53.39,53.39,53.27,53.34,24467.846208000003
2026-06-30T13:35:00+00:00,53.33,53.547,53.281,53.37,388199.530096
2026-06-30T13:40:00+00:00,53.38,53.48,53.185,53.195,248762.27951400002
2026-06-30T13:45:00+00:00,53.2,53.4507,53.19,53.42,173136.236904
2026-06-30T13:50:00+00:00,53.42,53.51,53.32,53.33,199482.32609000002
2026-06-30T13:55:00+00:00,53.34,53.64,53.33,53.53,283349.382747
2026-06-30T14:00:00+00:00,53.535,53.66,53.52,53.59,187389.11403099998
2026-06-30T14:05:00+00:00,53.59,53.59,53.395,53.43,255701.333974
2026-06-30T14:10:00+00:00,53.43,54.1,53.425,54.02,688762.76976
2026-06-30T14:15:00+00:00,54.02,54.2596,53.86,54.095,660829.841182
2026-06-30T14:20:00+00:00,54.09,54.26,54.0197,54.185,460962.14447099995
2026-06-30T14:25:00+00:00,54.17,54.55,54.1212,54.5387,615308.354876
2026-06-30T14:30:00+00:00,54.52,54.525,54.32,54.32,263661.413565
2026-06-30T14:35:00+00:00,54.325,54.57,54.31,54.46,281538.112832
2026-06-30T14:40:00+00:00,54.47,54.645,54.33,54.44,357817.748517
2026-06-30T14:45:00+00:00,54.44,54.57,54.395,54.47,304262.328628
2026-06-30T14:50:00+00:00,54.47,54.48,54.195,54.205,253411.30605500002
2026-06-30T14:55:00+00:00,54.21,54.31,54.14,54.225,194065.457681
2026-06-30T15:00:00+00:00,54.23,54.23,54.07,54.12,209957.817857
2026-06-30T15:05:00+00:00,54.13,54.2407,54.08,54.095,139126.23483899998
2026-06-30T15:10:00+00:00,54.1099,54.19,54.02,54.105,89874.734238
2026-06-30T15:15:00+00:00,54.1,54.135,53.98,54.13,107468.125096
2026-06-30T15:20:00+00:00,54.12,54.135,53.855,53.92,113338.59854800001
2026-06-30T15:25:00+00:00,53.92,53.9999,53.8308,53.98,149294.33094
2026-06-30T15:30:00+00:00,53.98,54.08,53.96,54.02,96572.34829000002
2026-06-30T15:35:00+00:00,54.03,54.08,53.995,54.01,83599.899968
2026-06-30T15:40:00+00:00,54.01,54.045,53.91,53.96,110800.54577099999
2026-06-30T15:45:00+00:00,53.95,53.96,53.8399,53.9327,102868.91016
2026-06-30T15:50:00+00:00,53.94,54.05,53.93,54.0099,100017.70241700001
2026-06-30T15:55:00+00:00,54.0,54.0,53.91,53.99,148293.360018
2026-06-30T16:00:00+00:00,54.0,54.02,53.845,53.865,83674.221548
2026-06-30T16:05:00+00:00,53.865,53.97,53.82,53.8898,148952.085304
2026-06-30T16:10:00+00:00,53.89,53.97,53.865,53.895,87851.154538
2026-06-30T16:15:00+00:00,53.895,53.9557,53.875,53.95,62451.338627
2026-06-30T16:20:00+00:00,53.955,54.06,53.955,53.9899,245797.44857400004
2026-06-30T16:25:00+00:00,54.0,54.075,53.9701,54.025,45714.968381
2026-06-30T16:30:00+00:00,54.0299,54.09,53.98,54.005,61993.503852
2026-06-30T16:35:00+00:00,54.0,54.05,53.955,54.03,79309.70699699999
2026-06-30T16:40:00+00:00,54.025,54.0399,53.94,53.9899,55252.982358
2026-06-30T16:45:00+00:00,53.985,54.03,53.935,54.015,92240.381691
2026-06-30T16:50:00+00:00,54.0157,54.09,54.0157,54.035,46779.930102000006
2026-06-30T16:55:00+00:00,54.03,54.03,53.975,54.015,76448.742352
2026-06-30T17:00:00+00:00,54.01,54.01,53.73,53.76,155355.850396
2026-06-30T17:05:00+00:00,53.755,53.835,53.68,53.78,95558.88268599998
2026-06-30T17:10:00+00:00,53.775,53.78,53.6616,53.705,92440.136634
2026-06-30T17:15:00+00:00,53.7,53.805,53.695,53.79,84750.1482
2026-06-30T17:20:00+00:00,53.8,53.8899,53.785,53.785,49411.76238100001
2026-06-30T17:25:00+00:00,53.79,53.84,53.73,53.755,94100.722146
2026-06-30T17:30:00+00:00,53.73,53.8199,53.705,53.81,45227.078927999995
2026-06-30T17:35:00+00:00,53.81,53.845,53.765,53.795,44811.612848
2026-06-30T17:40:00+00:00,53.79,53.82,53.745,53.745,34436.124482
2026-06-30T17:45:00+00:00,53.745,53.855,53.73,53.82,44215.539347
2026-06-30T17:50:00+00:00,53.82,53.858,53.805,53.82,36790.240391
2026-06-30T17:55:00+00:00,53.8297,53.925,53.825,53.915,28982.281478999997
2026-06-30T18:00:00+00:00,53.915,53.97,53.885,53.9151,46726.702751000004
2026-06-30T18:05:00+00:00,53.915,53.949,53.895,53.935,31340.493593
2026-06-30T18:10:00+00:00,53.93,54.005,53.9241,53.935,47915.280264
2026-06-30T18:15:00+00:00,53.935,53.965,53.9101,53.9554,58908.785204
2026-06-30T18:20:00+00:00,53.95,53.98,53.9104,53.97,33054.284418
2026-06-30T18:25:00+00:00,53.97,53.99,53.93,53.945,47621.035347
2026-06-30T18:30:00+00:00,53.945,53.9511,53.8899,53.935,86016.328968
2026-06-30T18:35:00+00:00,53.93,53.93,53.85,53.88,54164.495298
2026-06-30T18:40:00+00:00,53.88,53.94,53.88,53.925,70690.130497
2026-06-30T18:45:00+00:00,53.93,54.02,53.92,54.015,146397.840352
2026-06-30T18:50:00+00:00,54.02,54.12,54.005,54.115,99047.120064
2026-06-30T18:55:00+00:00,54.115,54.145,54.09,54.125,71265.19215900001
2026-06-30T19:00:00+00:00,54.1199,54.1199,54.02,54.04,89901.98622199999
2026-06-30T19:05:00+00:00,54.03,54.05,53.985,53.985,106148.16685099999
2026-06-30T19:10:00+00:00,53.985,54.005,53.91,53.95,151554.983721
2026-06-30T19:15:00+00:00,53.9566,53.99,53.9037,53.925,119917.460409
2026-06-30T19:20:00+00:00,53.93,53.96,53.91,53.925,98214.611271
2026-06-30T19:25:00+00:00,53.925,53.94,53.795,53.795,292724.432644
2026-06-30T19:30:00+00:00,53.7903,53.805,53.75,53.775,205662.38316399997
2026-06-30T19:35:00+00:00,53.775,53.81,53.755,53.77,156339.08395200002
2026-06-30T19:40:00+00:00,53.772,53.775,53.67,53.68,505398.392495
2026-06-30T19:45:00+00:00,53.685,53.72,53.66,53.68,312875.94349
2026-06-30T19:50:00+00:00,53.685,53.705,53.63,53.665,194505.560114
2026-06-30T19:55:00+00:00,53.66,53.665,53.51,53.52,274596.36122099997
2026-06-30T20:00:00+00:00,53.525,53.54,53.45,53.48,599807.781584
2026-06-30T20:05:00+00:00,53.47,53.5396,53.4406,53.5,19317.106632
2026-06-30T20:10:00+00:00,53.51,53.58,53.51,53.57,26384.939147999998
2026-06-30T20:15:00+00:00,53.59,53.6,53.5752,53.59,11190.760375999998
2026-06-30T20:20:00+00:00,53.57,53.59,53.49,53.49,14054.317391
2026-06-30T20:25:00+00:00,53.4601,53.47,53.3202,53.38,20247.193514
2026-06-30T20:30:00+00:00,53.34,53.34,53.2405,53.2405,8906.820321
2026-06-30T20:35:00+00:00,53.24,53.24,53.1202,53.18,24211.987367
2026-06-30T20:40:00+00:00,53.15,53.1622,53.13,53.14,12236.897719
2026-06-30T20:45:00+00:00,53.14,53.16,53.13,53.15,4580.920787999999
2026-06-30T20:50:00+00:00,53.1252,53.16,53.09,53.14,9350.832854
2026-06-30T20:55:00+00:00,53.11,53.1318,53.11,53.1292,864.15
2026-06-30T21:00:00+00:00,53.0894,53.0894,52.9326,52.96,19910.809473
2026-06-30T21:05:00+00:00,52.97,53.12,52.97,53.05,6826.122418
2026-06-30T21:10:00+00:00,53.03,53.1,53.03,53.05,3305.052536
2026-06-30T21:15:00+00:00,53.06,53.0796,53.02,53.04,15992.092681
2026-06-30T21:20:00+00:00,53.02,53.06,53.02,53.06,710.263098
2026-06-30T21:25:00+00:00,53.036,53.1,52.9,53.0893,34137.318859
2026-06-30T21:30:00+00:00,53.04,53.08,52.98,53.08,25522.322835
2026-06-30T21:35:00+00:00,53.08,53.1,53.0,53.0,15200.0
2026-06-30T21:40:00+00:00,53.03,53.03,53.03,53.03,370.297198
2026-06-30T21:45:00+00:00,53.05,53.05,53.03,53.03,6646.858691
2026-06-30T21:50:00+00:00,53.08,53.1,53.0396,53.087,2563.905948
2026-06-30T21:55:00+00:00,53.02,53.02,53.01,53.01,357.0
2026-06-30T22:00:00+00:00,53.0101,53.0101,53.0101,53.0101,131.0
2026-06-30T22:05:00+00:00,53.02,53.36,53.01,53.16,17456.97449
2026-06-30T22:10:00+00:00,53.17,53.31,53.17,53.2101,6894.0695049999995
2026-06-30T22:15:00+00:00,53.21,53.22,53.13,53.13,5108.0
2026-06-30T22:20:00+00:00,53.1,53.1191,53.09,53.1,4977.0
2026-06-30T22:25:00+00:00,53.1,53.14,53.08,53.14,4026.018835
2026-06-30T22:30:00+00:00,53.15,53.15,53.14,53.1401,4201.732175
2026-06-30T22:35:00+00:00,53.17,53.188,53.17,53.18,4013.8517890000003
2026-06-30T22:40:00+00:00,53.18,53.18,53.14,53.16,2446.523762
2026-06-30T22:45:00+00:00,53.16,53.23,53.16,53.18,3579.250406
2026-06-30T22:50:00+00:00,53.1601,53.17,53.1,53.1,4718.649352
2026-06-30T22:55:00+00:00,53.0615,53.09,53.0608,53.08,5281.60079
2026-06-30T23:00:00+00:00,53.08,53.09,53.07,53.07,2779.514019
2026-06-30T23:05:00+00:00,53.08,53.1,53.08,53.09,917.051803
2026-06-30T23:10:00+00:00,53.0913,53.19,53.0913,53.1601,29401.630717
2026-06-30T23:15:00+00:00,53.16,53.16,53.1,53.1,5592.882299000001
2026-06-30T23:20:00+00:00,53.16,53.16,53.16,53.16,190.0
2026-06-30T23:25:00+00:00,53.08,53.08,53.0,53.0,9463.620815999999
2026-06-30T23:30:00+00:00,53.01,53.025,52.99,53.01,14240.636448
2026-06-30T23:35:00+00:00,53.01,53.01,52.97,52.9944,15598.129484
2026-06-30T23:40:00+00:00,52.95,52.95,52.95,52.95,320.273187
2026-06-30T23:45:00+00:00,52.9647,52.9647,52.92,52.94,4285.343731999999
2026-06-30T23:50:00+00:00,52.91,52.93,52.8,52.9,10199.063420999999
2026-06-30T23:55:00+00:00,52.89,52.93,52.8108,52.82,14134.676979
2026-07-01T00:00:00+00:00,52.88,52.9,52.8193,52.83,4618.328103
2026-07-01T08:05:00+00:00,52.2,52.3,51.7,51.99,509684.03964
2026-07-01T08:10:00+00:00,52.09,52.09,51.7,52.07,24949.281065
2026-07-01T08:15:00+00:00,52.1,52.16,52.05,52.16,6166.577139
2026-07-01T08:20:00+00:00,52.2,52.34,52.2,52.3,7231.657066
2026-07-01T08:25:00+00:00,52.3,52.33,52.25,52.26,6209.02504
2026-07-01T08:30:00+00:00,52.24,52.31,52.24,52.3,4009.0808159999997
2026-07-01T08:35:00+00:00,52.27,52.27,52.16,52.17,6277.292346
2026-07-01T08:40:00+00:00,52.15,52.16,52.11,52.15,1760.0
2026-07-01T08:45:00+00:00,52.15,52.25,52.15,52.25,903.711009
2026-07-01T08:50:00+00:00,52.2599,52.29,52.2599,52.29,1835.569296
2026-07-01T08:55:00+00:00,52.25,52.25,52.24,52.24,747.0
2026-07-01T09:00:00+00:00,52.24,52.24,52.12,52.12,2533.291601
2026-07-01T09:05:00+00:00,52.16,52.16,52.12,52.1399,5944.210162
2026-07-01T09:10:00+00:00,52.14,52.18,52.1,52.1592,4411.22
2026-07-01T09:15:00+00:00,52.15,52.33,52.15,52.32,2128.314733
2026-07-01T09:20:00+00:00,52.3,52.3501,52.3,52.3501,10177.105416
2026-07-01T09:25:00+00:00,52.34,52.34,52.3,52.3,1664.545576
2026-07-01T09:30:00+00:00,52.3,52.36,52.3,52.36,3453.985599
2026-07-01T09:35:00+00:00,52.37,52.43,52.37,52.41,27925.0
2026-07-01T09:40:00+00:00,52.41,52.47,52.41,52.46,34776.09483
2026-07-01T09:45:00+00:00,52.48,52.48,52.38,52.39,11442.336898
2026-07-01T09:50:00+00:00,52.47,52.5,52.47,52.5,3690.625957
2026-07-01T09:55:00+00:00,52.47,52.48,52.41,52.465,4337.368294
2026-07-01T10:00:00+00:00,52.4805,52.4805,52.4796,52.4796,2194.0
2026-07-01T10:05:00+00:00,52.45,52.55,52.4399,52.52,6949.3302189999995
2026-07-01T10:10:00+00:00,52.49,52.51,52.47,52.4904,5954.275294
2026-07-01T10:15:00+00:00,52.48,52.48,52.4,52.4,2925.6325509999997
2026-07-01T10:20:00+00:00,52.41,52.41,52.38,52.38,2650.0
2026-07-01T10:25:00+00:00,52.36,52.38,52.36,52.38,12651.605042
2026-07-01T10:30:00+00:00,52.4,52.4,52.4,52.4,658.133208
2026-07-01T10:35:00+00:00,52.47,52.51,52.46,52.5,2637.959997
2026-07-01T10:40:00+00:00,52.47,52.55,52.47,52.5,10282.757714
2026-07-01T10:45:00+00:00,52.45,52.46,52.42,52.4301,3252.0
2026-07-01T10:50:00+00:00,52.45,52.5,52.45,52.49,1312.0
2026-07-01T10:55:00+00:00,52.52,52.53,52.51,52.51,1137.0
2026-07-01T11:00:00+00:00,52.54,52.68,52.54,52.66,10237.767104
2026-07-01T11:05:00+00:00,52.68,52.75,52.65,52.7097,45309.715912
2026-07-01T11:10:00+00:00,52.69,52.77,52.6713,52.76,25412.118367
2026-07-01T11:15:00+00:00,52.76,52.9,52.76,52.84,20694.282995
2026-07-01T11:20:00+00:00,52.85,53.1,52.85,53.06,29865.043585
2026-07-01T11:25:00+00:00,53.06,53.24,53.06,53.18,39791.577465999995
2026-07-01T11:30:00+00:00,53.19,53.28,53.15,53.23,18390.287931
2026-07-01T11:35:00+00:00,53.2304,53.26,53.18,53.18,11020.882269000002
2026-07-01T11:40:00+00:00,53.161,53.231,53.15,53.2,16000.393515999998
2026-07-01T11:45:00+00:00,53.1708,53.32,53.1708,53.31,16751.737614
2026-07-01T11:50:00+00:00,53.29,53.45,53.29,53.37,31348.125363
2026-07-01T11:55:00+00:00,53.35,53.36,53.28,53.31,29388.30174
2026-07-01T12:00:00+00:00,53.31,53.34,53.25,53.276,36813.634377
2026-07-01T12:05:00+00:00,53.26,53.29,53.0704,53.08,30214.095931999997
2026-07-01T12:10:00+00:00,53.0802,53.09,53.03,53.0899,40136.309335
2026-07-01T12:15:00+00:00,53.1,53.11,53.03,53.07,4628.868256
2026-07-01T12:20:00+00:00,53.08,53.18,53.08,53.18,23386.121394
2026-07-01T12:25:00+00:00,53.2,53.23,53.11,53.23,6387.044152
2026-07-01T12:30:00+00:00,53.24,53.24,53.0967,53.1,2468.0
2026-07-01T12:35:00+00:00,53.11,53.27,53.07,53.12,57096.285971
2026-07-01T12:40:00+00:00,53.16,53.18,53.02,53.07,237052.55118399998
2026-07-01T12:45:00+00:00,53.04,53.25,53.03,53.1205,59573.661485
2026-07-01T12:50:00+00:00,53.16,53.26,53.16,53.22,13376.305951
2026-07-01T12:55:00+00:00,53.25,53.35,53.23,53.28,34096.580109
2026-07-01T13:00:00+00:00,53.28,53.28,53.17,53.17,20889.029674999998
2026-07-01T13:05:00+00:00,53.15,53.15,52.92,53.03,62632.760089999996
2026-07-01T13:10:00+00:00,52.98,52.9996,52.75,52.82,30542.104557000002
2026-07-01T13:15:00+00:00,52.78,52.87,52.73,52.81,20429.306859999997
2026-07-01T13:20:00+00:00,52.82,52.99,52.75,52.88,42537.042463000005
2026-07-01T13:25:00+00:00,52.89,53.29,52.8703,53.25,35322.37992
2026-07-01T13:30:00+00:00,53.24,53.34,53.12,53.33,43050.317756
2026-07-01T13:35:00+00:00,53.33,53.45,53.225,53.445,575572.318537
2026-07-01T13:40:00+00:00,53.45,53.82,53.43,53.79,543657.739658
2026-07-01T13:45:00+00:00,53.8,54.5901,53.76,54.58,860249.494617
2026-07-01T13:50:00+00:00,54.5809,54.88,54.4,54.475,1342631.0694360002
2026-07-01T13:55:00+00:00,54.47,54.62,54.34,54.45,296763.449436
2026-07-01T14:00:00+00:00,54.45,54.53,54.35,54.51,267116.287102
2026-07-01T14:05:00+00:00,54.51,54.71,54.365,54.425,612695.4664360001
2026-07-01T14:10:00+00:00,54.43,54.655,54.4,54.64,328745.520003
2026-07-01T14:15:00+00:00,54.64,54.77,54.6,54.605,228814.54942
2026-07-01T14:20:00+00:00,54.6,54.7792,54.515,54.64,287968.283643
2026-07-01T14:25:00+00:00,54.64,55.155,54.64,55.1399,510605.712938
2026-07-01T14:30:00+00:00,55.14,55.16,54.83,54.84,276398.01080100005
2026-07-01T14:35:00+00:00,54.845,55.08,54.78,55.06,198766.58818199998
2026-07-01T14:40:00+00:00,55.06,55.1,54.865,54.88,253647.66165
2026-07-01T14:45:00+00:00,54.89,54.925,54.6,54.61,257577.428638
2026-07-01T14:50:00+00:00,54.6101,54.66,54.48,54.53,276074.246547
2026-07-01T14:55:00+00:00,54.54,54.56,54.46,54.4843,181243.697519
2026-07-01T15:00:00+00:00,54.495,54.6,54.475,54.5699,125895.72296999999
2026-07-01T15:05:00+00:00,54.56,54.59,54.48,54.4901,110388.57712300002
2026-07-01T15:10:00+00:00,54.5,54.57,54.34,54.35,135504.186345
2026-07-01T15:15:00+00:00,54.36,54.4599,54.33,54.45,104355.25890100001
2026-07-01T15:20:00+00:00,54.46,54.5293,54.345,54.345,102191.20629300001
2026-07-01T15:25:00+00:00,54.349,54.44,54.29,54.34,149564.04086200002
2026-07-01T15:30:00+00:00,54.355,54.47,54.2913,54.455,154465.50051699998
2026-07-01T15:35:00+00:00,54.46,54.49,54.36,54.3756,152566.186303
2026-07-01T15:40:00+00:00,54.385,54.435,54.37,54.415,62036.479610999995
2026-07-01T15:45:00+00:00,54.42,54.46,54.375,54.415,114002.10898599999
2026-07-01T15:50:00+00:00,54.41,54.489,54.38,54.475,84981.761955
2026-07-01T15:55:00+00:00,54.475,54.57,54.475,54.505,106964.55935299999
2026-07-01T16:00:00+00:00,54.505,54.505,54.38,54.42,145896.327736
2026-07-01T16:05:00+00:00,54.43,54.55,54.415,54.545,103898.84660599999
2026-07-01T16:10:00+00:00,54.54,54.59,54.49,54.5001,96868.223615
2026-07-01T16:15:00+00:00,54.495,54.545,54.49,54.53,36192.165645
2026-07-01T16:20:00+00:00,54.535,54.6,54.51,54.6,68234.673702
2026-07-01T16:25:00+00:00,54.58,54.615,54.5314,54.555,46619.834752999996
2026-07-01T16:30:00+00:00,54.5593,54.6301,54.5593,54.565,108070.12260900001
2026-07-01T16:35:00+00:00,54.57,54.605,54.38,54.38,65185.185801
2026-07-01T16:40:00+00:00,54.39,54.5235,54.3894,54.465,50364.880208
2026-07-01T16:45:00+00:00,54.455,54.46,54.355,54.375,71118.19728800001
2026-07-01T16:50:00+00:00,54.38,54.41,54.35,54.3652,59408.29736900001
2026-07-01T16:55:00+00:00,54.36,54.41,54.315,54.38,58467.37235299999
2026-07-01T17:00:00+00:00,54.375,54.375,54.3,54.32,56648.181687000004
2026-07-01T17:05:00+00:00,54.31,54.39,54.275,54.315,100246.369441
2026-07-01T17:10:00+00:00,54.31,54.31,54.22,54.24,61372.329805999994
2026-07-01T17:15:00+00:00,54.245,54.27,54.1912,54.255,48471.274753
2026-07-01T17:20:00+00:00,54.25,54.26,54.16,54.215,59198.484486999994
2026-07-01T17:25:00+00:00,54.225,54.27,54.185,54.235,103035.10011599999
2026-07-01T17:30:00+00:00,54.23,54.26,54.2101,54.225,33712.810602
2026-07-01T17:35:00+00:00,54.24,54.335,54.24,54.31,53912.54575800001
2026-07-01T17:40:00+00:00,54.32,54.35,54.3,54.315,38100.299687
2026-07-01T17:45:00+00:00,54.3077,54.3103,54.245,54.26,161395.640965
2026-07-01T17:50:00+00:00,54.26,54.285,54.23,54.24,33960.69276
2026-07-01T17:55:00+00:00,54.23,54.26,54.13,54.15,129727.469085
2026-07-01T18:00:00+00:00,54.15,54.165,54.1,54.12,54514.0372
2026-07-01T18:05:00+00:00,54.13,54.2372,54.125,54.235,56324.002757999995
2026-07-01T18:10:00+00:00,54.235,54.2365,54.14,54.15,40030.00311400001
2026-07-01T18:15:00+00:00,54.14,54.16,54.085,54.11,38285.094678
2026-07-01T18:20:00+00:00,54.1,54.14,54.06,54.11,76011.55325900001
2026-07-01T18:25:00+00:00,54.115,54.115,53.99,54.035,137937.711013
2026-07-01T18:30:00+00:00,54.04,54.05,53.925,53.93,194255.7025
2026-07-01T18:35:00+00:00,53.93,54.085,53.93,54.04,130428.590784
2026-07-01T18:40:00+00:00,54.05,54.055,54.0003,54.015,37856.120724
2026-07-01T18:45:00+00:00,54.015,54.015,53.98,53.99,47860.506173
2026-07-01T18:50:00+00:00,53.985,53.99,53.915,53.955,126629.12775399999
2026-07-01T18:55:00+00:00,53.9573,53.9638,53.88,53.88,124827.052716
2026-07-01T19:00:00+00:00,53.875,54.01,53.875,53.9802,66579.58316800001
2026-07-01T19:05:00+00:00,53.99,54.09,53.98,54.04,77741.892207
2026-07-01T19:10:00+00:00,54.05,54.16,54.03,54.145,72246.922594
2026-07-01T19:15:00+00:00,54.14,54.14,54.0278,54.05,101698.50889900001
2026-07-01T19:20:00+00:00,54.045,54.0551,54.0,54.0102,51472.775431
2026-07-01T19:25:00+00:00,54.01,54.0299,53.945,53.95,129353.15430700002
2026-07-01T19:30:00+00:00,53.95,53.99,53.94,53.975,61081.197748
2026-07-01T19:35:00+00:00,53.98,54.005,53.905,53.91,88707.276115
2026-07-01T19:40:00+00:00,53.91,53.91,53.88,53.88,83815.12044599999
2026-07-01T19:45:00+00:00,53.88,53.885,53.78,53.795,224645.60451
2026-07-01T19:50:00+00:00,53.8,53.835,53.73,53.795,232697.52759199997
2026-07-01T19:55:00+00:00,53.8,53.81,53.545,53.595,399027.335875
2026-07-01T20:00:00+00:00,53.59,53.63,53.52,53.58,416948.341276
2026-07-01T20:05:00+00:00,53.58,53.58,53.38,53.41,40784.528205
2026-07-01T20:10:00+00:00,53.4194,53.5,53.41,53.49,18829.562619
2026-07-01T20:15:00+00:00,53.5,53.54,53.49,53.53,5507.069968
2026-07-01T20:20:00+00:00,53.58,53.58,53.49,53.52,75181.842072
2026-07-01T20:25:00+00:00,53.52,53.52,53.4995,53.51,3075.140107
2026-07-01T20:30:00+00:00,53.53,53.5466,53.51,53.5287,4835.0
2026-07-01T20:35:00+00:00,53.52,53.5323,53.49,53.49,5377.535322
2026-07-01T20:40:00+00:00,53.45,53.4794,53.44,53.44,3609.804315
2026-07-01T20:45:00+00:00,53.43,53.48,53.4,53.4561,10978.517589
2026-07-01T20:50:00+00:00,53.4599,53.4599,53.41,53.43,5349.831202
2026-07-01T20:55:00+00:00,53.42,53.47,53.42,53.44,2008.093829
2026-07-01T21:00:00+00:00,53.4,53.45,53.38,53.44,7791.2815470000005
2026-07-01T21:05:00+00:00,53.36,53.46,53.36,53.46,2084.507972
2026-07-01T21:10:00+00:00,53.43,53.44,53.4299,53.44,708.02
2026-07-01T21:15:00+00:00,53.47,53.53,53.47,53.53,22043.5
2026-07-01T21:20:00+00:00,53.53,53.5394,53.5,53.5,1686.453241
2026-07-01T21:25:00+00:00,53.5,53.52,53.46,53.46,12971.13579
2026-07-01T21:30:00+00:00,53.46,53.46,53.46,53.46,956.0
2026-07-01T21:35:00+00:00,53.46,53.53,53.46,53.53,12288.69987
2026-07-01T21:40:00+00:00,53.5,53.54,53.47,53.53,12460.7
2026-07-01T21:45:00+00:00,53.5387,53.55,53.52,53.54,5615.9605950000005
2026-07-01T21:50:00+00:00,53.52,53.55,53.52,53.5296,7479.9
2026-07-01T21:55:00+00:00,53.5,53.5494,53.49,53.49,12106.776987000001
2026-07-01T22:00:00+00:00,53.53,53.56,53.52,53.52,9419.828584
2026-07-01T22:05:00+00:00,53.55,53.71,53.54,53.61,14766.661497
2026-07-01T22:10:00+00:00,53.67,53.7,53.608,53.608,15075.377258
2026-07-01T22:15:00+00:00,53.6,53.67,53.59,53.6391,3073.748671
2026-07-01T22:20:00+00:00,53.6,53.63,53.57,53.57,11782.280157000001
2026-07-01T22:25:00+00:00,53.65,53.65,53.65,53.65,11157.076326
2026-07-01T22:30:00+00:00,53.62,53.65,53.6,53.64,5903.0
2026-07-01T22:35:00+00:00,53.6499,53.6499,53.6,53.63,2677.943921
2026-07-01T22:40:00+00:00,53.7399,53.7399,53.7399,53.7399,902.684278
2026-07-01T22:45:00+00:00,53.6001,53.6894,53.6001,53.6894,2496.071096
2026-07-01T22:50:00+00:00,53.68,53.71,53.6552,53.7,6743.615836
2026-07-01T22:55:00+00:00,53.68,53.69,53.66,53.66,3002.938382
2026-07-01T23:00:00+00:00,53.69,53.71,53.68,53.71,1681.938846
2026-07-01T23:05:00+00:00,53.7,53.71,53.66,53.6601,9705.720032
2026-07-01T23:10:00+00:00,53.67,53.67,53.6,53.629,5025.841178
2026-07-01T23:15:00+00:00,53.63,53.63,53.55,53.55,3890.7
2026-07-01T23:20:00+00:00,53.53,53.5985,53.53,53.5985,2469.337713
2026-07-01T23:30:00+00:00,53.54,53.58,53.54,53.58,1506.0
2026-07-01T23:35:00+00:00,53.58,53.63,53.58,53.6,13332.37296
2026-07-01T23:40:00+00:00,53.6,53.6,53.5501,53.5501,6605.176052
2026-07-01T23:45:00+00:00,53.58,53.58,53.56,53.56,5651.0
2026-07-01T23:50:00+00:00,53.51,53.52,53.5,53.51,3748.004701
2026-07-01T23:55:00+00:00,53.51,53.51,53.4203,53.5,7727.701402999999
2026-07-02T00:00:00+00:00,53.51,53.51,53.42,53.42,6327.036
2026-07-02T08:05:00+00:00,53.71,54.62,53.62,54.27,174275.214768
2026-07-02T08:10:00+00:00,54.26,54.44,53.71,53.88,78140.049256
2026-07-02T08:15:00+00:00,53.88,53.94,53.88,53.89,13794.928597
2026-07-02T08:20:00+00:00,53.92,54.03,53.92,54.03,17335.735125
2026-07-02T08:25:00+00:00,54.07,54.2,54.05,54.2,17715.567653
2026-07-02T08:30:00+00:00,54.19,54.22,54.1565,54.22,5646.593802
2026-07-02T08:35:00+00:00,54.22,54.22,54.19,54.21,20605.500239
2026-07-02T08:40:00+00:00,54.21,54.3,54.21,54.28,6578.553071
2026-07-02T08:45:00+00:00,54.28,54.42,54.28,54.42,7529.5674340000005
2026-07-02T08:50:00+00:00,54.4088,54.51,54.38,54.49,13630.291150000001
2026-07-02T08:55:00+00:00,54.46,54.46,54.36,54.45,11362.183858
2026-07-02T09:00:00+00:00,54.44,54.46,54.38,54.38,7105.47879
2026-07-02T09:05:00+00:00,54.37,54.44,54.36,54.44,16199.737896999999
2026-07-02T09:10:00+00:00,54.39,54.3901,54.25,54.28,1426.540172
2026-07-02T09:15:00+00:00,54.28,54.31,54.2688,54.31,3143.1765
2026-07-02T09:20:00+00:00,54.26,54.26,54.2,54.2,4040.8645
2026-07-02T09:25:00+00:00,54.18,54.2,54.18,54.2,1629.0
2026-07-02T09:30:00+00:00,54.14,54.17,54.12,54.17,4369.4625240000005
2026-07-02T09:35:00+00:00,54.19,54.19,54.13,54.19,3092.0
2026-07-02T09:40:00+00:00,54.21,54.21,54.21,54.21,161.0
2026-07-02T09:45:00+00:00,54.24,54.28,54.24,54.2589,955.694339
2026-07-02T09:50:00+00:00,54.239,54.27,54.22,54.22,6527.908948
2026-07-02T09:55:00+00:00,54.22,54.22,54.11,54.11,10950.218367
2026-07-02T10:00:00+00:00,54.1,54.12,54.09,54.12,2263.0
2026-07-02T10:05:00+00:00,54.12,54.1228,54.0717,54.12,3759.0
2026-07-02T10:10:00+00:00,54.13,54.15,54.124,54.14,3333.0
2026-07-02T10:15:00+00:00,54.17,54.17,54.13,54.14,6022.148684
2026-07-02T10:20:00+00:00,54.03,54.04,54.03,54.04,864.949464
2026-07-02T10:25:00+00:00,54.09,54.14,54.09,54.14,763.0
2026-07-02T10:30:00+00:00,54.13,54.17,54.13,54.14,3804.41447
2026-07-02T10:35:00+00:00,54.14,54.14,54.13,54.13,294.0
2026-07-02T10:40:00+00:00,54.12,54.12,54.1,54.1001,8901.386067
2026-07-02T10:45:00+00:00,54.07,54.19,54.07,54.18,3841.523803
2026-07-02T10:50:00+00:00,54.1,54.11,54.09,54.09,1230.0
2026-07-02T10:55:00+00:00,54.1,54.1,54.07,54.07,4630.0
2026-07-02T11:00:00+00:00,54.08,54.11,54.04,54.0733,8162.1118320000005
2026-07-02T11:05:00+00:00,54.08,54.08,53.82,53.82,8689.644015
2026-07-02T11:10:00+00:00,53.8,53.88,53.79,53.88,47628.605163
2026-07-02T11:15:00+00:00,53.8999,54.08,53.8999,54.08,7643.248559
2026-07-02T11:20:00+00:00,54.0754,54.18,54.0709,54.14,43795.304499
2026-07-02T11:25:00+00:00,54.14,54.18,54.13,54.15,12467.426060999998
2026-07-02T11:30:00+00:00,54.14,54.17,54.13,54.13,17724.345376
2026-07-02T11:35:00+00:00,54.14,54.2,54.13,54.17,11210.123834
2026-07-02T11:40:00+00:00,54.18,54.23,54.14,54.2299,6481.815694999999
2026-07-02T11:45:00+00:00,54.22,54.33,54.2,54.33,13930.582411
2026-07-02T11:50:00+00:00,54.3087,54.31,54.24,54.2401,7468.431042
2026-07-02T11:55:00+00:00,54.2403,54.29,54.2403,54.27,1784.0
2026-07-02T12:00:00+00:00,54.29,54.3,54.08,54.08,34962.970653
2026-07-02T12:05:00+00:00,54.07,54.09,54.0397,54.09,16392.928647
2026-07-02T12:10:00+00:00,54.13,54.19,54.12,54.14,5542.1389
2026-07-02T12:15:00+00:00,54.1099,54.1099,53.97,54.03,6309.209798
2026-07-02T12:20:00+00:00,54.01,54.05,53.97,53.97,6632.584248
2026-07-02T12:25:00+00:00,53.98,54.12,53.98,54.07,9138.582332
2026-07-02T12:30:00+00:00,54.09,54.12,53.99,54.0,5224.582966
2026-07-02T12:35:00+00:00,54.1,55.78,54.1,55.52,375069.599093
2026-07-02T12:40:00+00:00,55.55,55.7,55.39,55.5896,134735.808635
2026-07-02T12:45:00+00:00,55.58,55.62,55.46,55.55,58354.863019
2026-07-02T12:50:00+00:00,55.56,55.56,55.26,55.36,105732.670498
2026-07-02T12:55:00+00:00,55.3944,55.5,55.18,55.19,58747.125757999995
2026-07-02T13:00:00+00:00,55.22,55.4,55.04,55.3,125317.54662500002
2026-07-02T13:05:00+00:00,55.31,55.78,55.31,55.58,92117.224153
2026-07-02T13:10:00+00:00,55.57,55.58,55.24,55.33,58030.122213
2026-07-02T13:15:00+00:00,55.33,55.44,55.32,55.41,50894.011486999996
2026-07-02T13:20:00+00:00,55.4,55.4174,55.24,55.35,17670.531331
2026-07-02T13:25:00+00:00,55.35,55.35,55.2253,55.23,24715.257767
2026-07-02T13:30:00+00:00,55.232,55.24,55.09,55.1004,43136.80996
2026-07-02T13:35:00+00:00,55.11,55.5404,55.02,55.52,785500.23332
2026-07-02T13:40:00+00:00,55.519,55.84,55.5,55.71,592000.392976
2026-07-02T13:45:00+00:00,55.73,56.07,55.66,55.8701,597507.1726170001
2026-07-02T13:50:00+00:00,55.8797,56.125,55.8301,56.02,333526.68101400003
2026-07-02T13:55:00+00:00,56.03,56.13,55.81,55.835,500690.06772600004
2026-07-02T14:00:00+00:00,55.84,56.03,55.825,55.95,403378.399255
2026-07-02T14:05:00+00:00,55.96,55.96,55.68,55.79,823123.392424
2026-07-02T14:10:00+00:00,55.8,55.89,55.71,55.745,253246.76550900002
2026-07-02T14:15:00+00:00,55.74,55.81,55.58,55.75,264893.042664
2026-07-02T14:20:00+00:00,55.7402,55.82,55.59,55.68,169763.247018
2026-07-02T14:25:00+00:00,55.66,55.66,55.44,55.455,242065.697267
2026-07-02T14:30:00+00:00,55.46,55.4742,55.24,55.305,383951.282712
2026-07-02T14:35:00+00:00,55.31,55.528,55.275,55.315,289576.025116
2026-07-02T14:40:00+00:00,55.32,55.42,55.25,55.37,180491.05722299998
2026-07-02T14:45:00+00:00,55.37,55.395,55.25,55.37,232502.348749
2026-07-02T14:50:00+00:00,55.38,55.42,55.23,55.3703,251850.538259
2026-07-02T14:55:00+00:00,55.39,55.4401,55.28,55.34,188307.2442
2026-07-02T15:00:00+00:00,55.35,55.49,55.35,55.4797,195963.58818
2026-07-02T15:05:00+00:00,55.47,55.51,55.34,55.34,181769.88194700002
2026-07-02T15:10:00+00:00,55.345,55.345,54.95,55.155,241149.36642399998
2026-07-02T15:15:00+00:00,55.155,55.34,55.14,55.28,262214.513969
2026-07-02T15:20:00+00:00,55.28,55.35,55.085,55.13,160598.53918099997
2026-07-02T15:25:00+00:00,55.14,55.32,55.14,55.305,120860.49154800002
2026-07-02T15:30:00+00:00,55.31,55.345,55.16,55.165,125548.185587
2026-07-02T15:35:00+00:00,55.177,55.41,55.17,55.38,91347.824668
2026-07-02T15:40:00+00:00,55.385,55.45,55.36,55.368,126970.69300900001
2026-07-02T15:45:00+00:00,55.36,55.4,55.275,55.275,55970.916523
2026-07-02T15:50:00+00:00,55.28,55.325,55.25,55.265,100108.15431
2026-07-02T15:55:00+00:00,55.25,55.2925,55.1601,55.29,82762.295752
2026-07-02T16:00:00+00:00,55.28,55.29,55.18,55.2504,112902.004335
2026-07-02T16:05:00+00:00,55.255,55.295,55.135,55.1796,107810.536165
2026-07-02T16:10:00+00:00,55.18,55.2,55.04,55.06,109263.91140699998
2026-07-02T16:15:00+00:00,55.075,55.195,55.065,55.175,150748.21263999998
2026-07-02T16:20:00+00:00,55.17,55.2066,55.105,55.185,122486.30673099999
2026-07-02T16:25:00+00:00,55.19,55.19,54.95,55.01,242086.732151
2026-07-02T16:30:00+00:00,55.01,55.055,54.93,54.955,172248.287319
2026-07-02T16:35:00+00:00,54.95,54.95,54.74,54.76,386456.72482
2026-07-02T16:40:00+00:00,54.765,54.895,54.68,54.895,179484.756553
2026-07-02T16:45:00+00:00,54.9,55.035,54.89,54.9837,154144.186655
2026-07-02T16:50:00+00:00,54.98,55.05,54.96,55.0295,66763.74890600001
2026-07-02T16:55:00+00:00,55.01,55.08,54.9699,55.005,65943.87981
2026-07-02T17:00:00+00:00,55.01,55.01,54.96,55.0,45531.188631
2026-07-02T17:05:00+00:00,55.01,55.05,54.88,54.925,97081.26810799999
2026-07-02T17:10:00+00:00,54.92,55.01,54.865,54.935,72681.16125199999
2026-07-02T17:15:00+00:00,54.91,54.9564,54.85,54.94,49486.90799199999
2026-07-02T17:20:00+00:00,54.94,54.96,54.865,54.875,53667.075789999995
2026-07-02T17:25:00+00:00,54.88,54.89,54.68,54.79,144613.761878
2026-07-02T17:30:00+00:00,54.775,54.83,54.74,54.79,91600.202258
2026-07-02T17:35:00+00:00,54.78,54.84,54.725,54.73,161459.324161
2026-07-02T17:40:00+00:00,54.72,54.76,54.665,54.7,84130.69980100001
2026-07-02T17:45:00+00:00,54.7,54.73,54.63,54.66,71586.63230200001
2026-07-02T17:50:00+00:00,54.665,54.745,54.635,54.74,121198.887407
2026-07-02T17:55:00+00:00,54.73,54.765,54.685,54.74,82257.287143
2026-07-02T18:00:00+00:00,54.74,54.755,54.64,54.66,59330.015514
2026-07-02T18:05:00+00:00,54.65,54.86,54.633,54.86,121529.306207
2026-07-02T18:10:00+00:00,54.85,54.96,54.85,54.96,82739.002694
2026-07-02T18:15:00+00:00,54.97,54.98,54.88,54.905,125231.140041
2026-07-02T18:20:00+00:00,54.91,54.92,54.77,54.805,143858.810707
2026-07-02T18:25:00+00:00,54.81,54.84,54.79,54.825,51698.530424000004
2026-07-02T18:30:00+00:00,54.815,54.9595,54.815,54.9595,85364.266442
2026-07-02T18:35:00+00:00,54.9567,55.1,54.9567,55.065,115237.371098
2026-07-02T18:40:00+00:00,55.06,55.1,55.04,55.05,57146.772425
2026-07-02T18:45:00+00:00,55.05,55.0699,54.9605,54.9667,70435.75284500001
2026-07-02T18:50:00+00:00,54.965,54.99,54.9001,54.985,44141.783473
2026-07-02T18:55:00+00:00,54.98,55.015,54.925,54.93,48091.290731
2026-07-02T19:00:00+00:00,54.93,54.97,54.885,54.97,102412.427601
2026-07-02T19:05:00+00:00,54.97,55.015,54.805,54.81,70093.185235
2026-07-02T19:10:00+00:00,54.82,54.83,54.75,54.78,178934.75971100002
2026-07-02T19:15:00+00:00,54.78,54.78,54.725,54.74,59560.164683
2026-07-02T19:20:00+00:00,54.74,54.75,54.7,54.72,59318.538841
2026-07-02T19:25:00+00:00,54.7198,54.72,54.6,54.605,93331.377744
2026-07-02T19:30:00+00:00,54.605,54.78,54.57,54.74,145027.747959
2026-07-02T19:35:00+00:00,54.74,54.82,54.725,54.785,166433.34875
2026-07-02T19:40:00+00:00,54.785,54.8,54.74,54.785,131433.28659
2026-07-02T19:45:00+00:00,54.785,54.84,54.77,54.8,110790.31535399999
2026-07-02T19:50:00+00:00,54.8,54.86,54.785,54.86,153733.24793
2026-07-02T19:55:00+00:00,54.86,55.045,54.86,55.045,278177.949938
2026-07-02T20:00:00+00:00,55.045,55.085,54.99,55.02,650205.071534
2026-07-02T20:05:00+00:00,55.02,55.02,54.96,55.0,24923.206387000002
2026-07-02T20:10:00+00:00,55.0,55.04,54.9906,55.03,3711.462012
2026-07-02T20:15:00+00:00,55.03,55.03,55.01,55.01,2216.219079
2026-07-02T20:20:00+00:00,55.01,55.05,55.01,55.05,11052.272578
2026-07-02T20:25:00+00:00,55.07,55.12,55.0639,55.0639,6388.159457
2026-07-02T20:30:00+00:00,55.07,55.09,55.07,55.08,6456.016979
2026-07-02T20:35:00+00:00,55.07,55.09,55.07,55.09,1691.32589
2026-07-02T20:40:00+00:00,55.05,55.0639,55.03,55.0499,3649.018157
2026-07-02T20:45:00+00:00,55.02,55.0483,55.02,55.025,2695.811613
2026-07-02T20:50:00+00:00,55.04,55.04,55.04,55.04,104.0
2026-07-02T20:55:00+00:00,55.02,55.06,55.02,55.03,2666.081827
2026-07-02T21:00:00+00:00,55.1,55.15,55.1,55.15,2496.3238170000004
2026-07-02T21:05:00+00:00,55.2,55.2,55.0361,55.0361,619.096195
2026-07-02T21:10:00+00:00,55.08,55.11,55.08,55.11,715.0
2026-07-02T21:15:00+00:00,55.11,55.11,55.11,55.11,360.4
2026-07-02T21:20:00+00:00,55.12,55.145,55.12,55.145,2534.02
2026-07-02T21:25:00+00:00,55.15,55.2,55.15,55.2,1212.0
2026-07-02T21:35:00+00:00,55.1967,55.2,55.18,55.2,1365.8118610000001
2026-07-02T21:40:00+00:00,55.17,55.18,55.17,55.18,1343.0
2026-07-02T21:45:00+00:00,55.2,55.2,55.17,55.2,2604.160982
2026-07-02T21:50:00+00:00,55.1935,55.1935,55.1935,55.1935,1122.0
2026-07-02T21:55:00+00:00,55.1935,55.22,55.15,55.22,8015.521541
2026-07-02T22:00:00+00:00,55.17,55.22,55.17,55.22,1740.271763
2026-07-02T22:05:00+00:00,55.22,55.229,55.12,55.12,9197.0062
2026-07-02T22:10:00+00:00,55.2,55.24,55.14,55.14,23461.720164000002
2026-07-02T22:15:00+00:00,55.18,55.18,55.12,55.12,5775.0
2026-07-02T22:20:00+00:00,55.16,55.17,55.15,55.16,10104.0
2026-07-02T22:25:00+00:00,55.159,55.159,55.1101,55.1101,5692.1648860000005
2026-07-02T22:30:00+00:00,55.11,55.1594,55.1097,55.1594,1677.0
2026-07-02T22:35:00+00:00,55.1066,55.15,55.1066,55.15,1823.0
2026-07-02T22:40:00+00:00,55.15,55.15,55.15,55.15,908.0
2026-07-02T22:45:00+00:00,55.1236,55.1236,55.1178,55.12,1374.272034
2026-07-02T22:50:00+00:00,55.1674,55.1981,55.1569,55.19,3747.175438
2026-07-02T22:55:00+00:00,55.1896,55.1896,55.16,55.16,937.090613
2026-07-02T23:00:00+00:00,55.17,55.2,55.1599,55.16,2254.198694
2026-07-02T23:10:00+00:00,55.17,55.17,55.17,55.17,702.0
2026-07-02T23:15:00+00:00,55.185,55.2,55.17,55.17,2189.2
2026-07-02T23:20:00+00:00,55.19,55.19,55.13,55.13,2139.5685320000002
2026-07-02T23:25:00+00:00,55.12,55.19,55.12,55.1245,1453.823712
2026-07-02T23:30:00+00:00,55.2,55.24,55.2,55.2322,1319.1657850000001
2026-07-02T23:35:00+00:00,55.21,55.25,55.21,55.25,1428.085972
2026-07-02T23:40:00+00:00,55.2191,55.2709,55.2,55.2,3295.197404
2026-07-02T23:45:00+00:00,55.1974,55.2,55.15,55.19,5634.278705000001
2026-07-02T23:50:00+00:00,55.24,55.25,55.24,55.25,1616.0
2026-07-02T23:55:00+00:00,55.28,55.28,55.22,55.255,2950.393664
2026-07-03T00:00:00+00:00,55.28,55.2905,55.23,55.24,3922.108567
2026-07-06T08:05:00+00:00,56.24,56.37,55.7,55.9,95623.565993
2026-07-06T08:10:00+00:00,55.89,56.37,55.7,56.31,67765.326215
2026-07-06T08:15:00+00:00,56.31,56.32,56.12,56.12,14199.908091
2026-07-06T08:20:00+00:00,56.16,56.16,56.09,56.14,23947.984138000003
2026-07-06T08:25:00+00:00,56.1196,56.16,56.1196,56.14,14359.0
2026-07-06T08:30:00+00:00,56.14,56.16,56.12,56.16,21736.118793
2026-07-06T08:35:00+00:00,56.15,56.18,56.11,56.15,39204.0
2026-07-06T08:40:00+00:00,56.16,56.16,56.04,56.06,45608.316592999996
2026-07-06T08:45:00+00:00,56.09,56.15,56.03,56.03,39049.0
2026-07-06T08:50:00+00:00,56.04,56.05,55.97,56.02,62414.786829
2026-07-06T08:55:00+00:00,56.03,56.13,56.03,56.1,49090.090613
2026-07-06T09:00:00+00:00,56.11,56.12,56.07,56.07,48233.543586
2026-07-06T09:05:00+00:00,56.08,56.14,56.02,56.12,39802.0
2026-07-06T09:10:00+00:00,56.11,56.18,56.11,56.18,48240.469811999996
2026-07-06T09:15:00+00:00,56.18,56.185,56.15,56.18,38590.789136
2026-07-06T09:20:00+00:00,56.18,56.22,56.17,56.18,33302.461611
2026-07-06T09:25:00+00:00,56.18,56.23,56.09,56.11,41396.468344
2026-07-06T09:30:00+00:00,56.11,56.12,56.05,56.07,26992.47
2026-07-06T09:35:00+00:00,56.1,56.1,55.9,55.92,56790.577784
2026-07-06T09:40:00+00:00,55.94,56.05,55.93,56.04,33204.752
2026-07-06T09:45:00+00:00,56.04,56.05,55.96,55.96,32912.067832
2026-07-06T09:50:00+00:00,55.95,56.01,55.95,55.99,43716.615717
2026-07-06T09:55:00+00:00,55.99,56.06,55.99,56.04,40234.28881
2026-07-06T10:00:00+00:00,56.04,56.07,56.02,56.04,40621.966004
2026-07-06T10:05:00+00:00,56.05,56.05,55.96,55.98,38320.18722
2026-07-06T10:10:00+00:00,55.97,55.98,55.95,55.98,1833.565
2026-07-06T10:15:00+00:00,55.98,56.06,55.98,56.06,1690.864696
2026-07-06T10:20:00+00:00,56.04,56.1,56.04,56.1,5148.527826
2026-07-06T10:25:00+00:00,56.1,56.11,56.08,56.08,11215.848526
2026-07-06T10:30:00+00:00,56.09,56.11,56.06,56.09,1728.0
2026-07-06T10:35:00+00:00,56.12,56.16,56.12,56.16,809.0
2026-07-06T10:40:00+00:00,56.17,56.26,56.15,56.26,8435.0
2026-07-06T10:45:00+00:00,56.26,56.28,56.26,56.27,4757.767772
2026-07-06T10:50:00+00:00,56.24,56.24,56.22,56.2358,2370.228636
2026-07-06T10:55:00+00:00,56.22,56.24,56.18,56.19,3456.0
2026-07-06T11:00:00+00:00,56.17,56.17,56.14,56.14,4361.567509
2026-07-06T11:05:00+00:00,56.13,56.14,56.08,56.0986,16660.280346
2026-07-06T11:10:00+00:00,56.07,56.1099,56.07,56.0987,10187.664276
2026-07-06T11:15:00+00:00,56.1,56.11,56.0702,56.1087,12719.152207000001
2026-07-06T11:20:00+00:00,56.13,56.19,56.0999,56.1706,7563.639228000001
2026-07-06T11:25:00+00:00,56.17,56.2,56.17,56.18,4336.789299
2026-07-06T11:30:00+00:00,56.21,56.24,56.19,56.19,8241.291177
2026-07-06T11:35:00+00:00,56.195,56.22,56.19,56.2095,2246.0
2026-07-06T11:40:00+00:00,56.21,56.21,56.1813,56.1813,18377.207316999997
2026-07-06T11:45:00+00:00,56.18,56.19,56.16,56.16,10704.352906
2026-07-06T11:50:00+00:00,56.172,56.172,56.11,56.1339,3530.2721329999995
2026-07-06T11:55:00+00:00,56.1374,56.25,56.13,56.2474,5924.603689
2026-07-06T12:00:00+00:00,56.26,56.28,56.2,56.23,7264.812432000001
2026-07-06T12:05:00+00:00,56.2098,56.25,56.17,56.21,4751.535478
2026-07-06T12:10:00+00:00,56.21,56.28,56.2,56.23,4554.252705000001
2026-07-06T12:15:00+00:00,56.22,56.22,56.18,56.18,1888.495808
2026-07-06T12:20:00+00:00,56.21,56.25,56.2022,56.24,5579.883711
2026-07-06T12:25:00+00:00,56.24,56.28,56.01,56.06,14989.164219
2026-07-06T12:30:00+00:00,56.01,56.09,55.98,56.09,13286.499103
2026-07-06T12:35:00+00:00,56.08,56.08,55.94,55.94,10765.534972
2026-07-06T12:40:00+00:00,55.95,55.97,55.88,55.89,29156.227465
2026-07-06T12:45:00+00:00,55.8994,55.8994,55.58,55.61,57367.634890999994
2026-07-06T12:50:00+00:00,55.63,55.79,55.6004,55.6078,63680.135632
2026-07-06T12:55:00+00:00,55.62,55.82,55.57,55.8,34963.809003999995
2026-07-06T13:00:00+00:00,55.82,55.9257,55.7,55.7,26358.187558999998
2026-07-06T13:05:00+00:00,55.71,55.82,55.54,55.66,38596.896479999996
2026-07-06T13:10:00+00:00,55.66,55.76,55.6407,55.709,9613.611824
2026-07-06T13:15:00+00:00,55.73,55.81,55.6074,55.61,14633.699932000001
2026-07-06T13:20:00+00:00,55.61,55.61,55.49,55.54,60286.305330999996
2026-07-06T13:25:00+00:00,55.57,55.8,55.57,55.7791,21352.924868000002
2026-07-06T13:30:00+00:00,55.83,55.8401,55.72,55.75,23779.394521000002
2026-07-06T13:35:00+00:00,55.742,55.91,55.73,55.88,674728.268821
2026-07-06T13:40:00+00:00,55.88,55.95,55.7899,55.95,267444.970473
2026-07-06T13:45:00+00:00,55.95,56.02,55.85,56.015,300930.666501
2026-07-06T13:50:00+00:00,56.02,56.035,55.8402,56.03,304442.76172199997
2026-07-06T13:55:00+00:00,56.03,56.1,55.955,56.025,280462.919765
2026-07-06T14:00:00+00:00,56.02,56.035,55.82,55.91,274198.237638
2026-07-06T14:05:00+00:00,55.9,56.01,55.8299,55.84,236899.49303500002
2026-07-06T14:10:00+00:00,55.85,55.888,55.72,55.8,276004.35826799995
2026-07-06T14:15:00+00:00,55.795,55.99,55.795,55.9,255381.01924
2026-07-06T14:20:00+00:00,55.9001,55.905,55.69,55.76,180664.132482
2026-07-06T14:25:00+00:00,55.7506,55.785,55.64,55.65,116920.587666
2026-07-06T14:30:00+00:00,55.65,55.81,55.65,55.78,99716.4239
2026-07-06T14:35:00+00:00,55.8,55.94,55.71,55.93,109218.77477199999
2026-07-06T14:40:00+00:00,55.925,55.96,55.81,55.84,134095.85096
2026-07-06T14:45:00+00:00,55.84,55.9,55.635,55.655,83108.081026
2026-07-06T14:50:00+00:00,55.65,55.73,55.62,55.68,146681.743168
2026-07-06T14:55:00+00:00,55.69,55.765,55.66,55.72,143870.094449
2026-07-06T15:00:00+00:00,55.75,55.82,55.6901,55.81,92292.211026
2026-07-06T15:05:00+00:00,55.81,55.935,55.7929,55.91,99638.75561899999
2026-07-06T15:10:00+00:00,55.915,55.97,55.875,55.9237,90224.238295
2026-07-06T15:15:00+00:00,55.925,55.935,55.735,55.7605,113594.988718
2026-07-06T15:20:00+00:00,55.755,55.81,55.75,55.76,245454.45111100003
2026-07-06T15:25:00+00:00,55.755,55.82,55.73,55.79,85814.344506
2026-07-06T15:30:00+00:00,55.799,55.8805,55.76,55.865,146147.782395
2026-07-06T15:35:00+00:00,55.86,55.94,55.83,55.915,152165.11053300003
2026-07-06T15:40:00+00:00,55.92,55.935,55.855,55.915,86224.39548899999
2026-07-06T15:45:00+00:00,55.915,55.97,55.885,55.965,44671.535403999995
2026-07-06T15:50:00+00:00,55.97,55.975,55.89,55.89,64906.871577000005
2026-07-06T15:55:00+00:00,55.88,55.895,55.84,55.845,47977.069556
2026-07-06T16:00:00+00:00,55.845,55.91,55.81,55.855,78277.705279
2026-07-06T16:05:00+00:00,55.85,55.86,55.73,55.755,115945.438321
2026-07-06T16:10:00+00:00,55.745,55.79,55.735,55.775,74371.416982
2026-07-06T16:15:00+00:00,55.78,55.8,55.67,55.67,68986.327151
2026-07-06T16:20:00+00:00,55.665,55.73,55.645,55.7,106250.369849
2026-07-06T16:25:00+00:00,55.68,55.74,55.66,55.74,141394.444698
2026-07-06T16:30:00+00:00,55.735,55.735,55.61,55.6474,45180.094075
2026-07-06T16:35:00+00:00,55.65,55.755,55.65,55.725,68614.559496
2026-07-06T16:40:00+00:00,55.71,55.76,55.7,55.74,37016.555604
2026-07-06T16:45:00+00:00,55.7399,55.7966,55.73,55.795,34979.731163000004
2026-07-06T16:50:00+00:00,55.79,55.815,55.755,55.815,55292.24833999999
2026-07-06T16:55:00+00:00,55.82,55.945,55.82,55.835,85242.94687
2026-07-06T17:00:00+00:00,55.83,55.91,55.825,55.885,90536.526584
2026-07-06T17:05:00+00:00,55.875,55.93,55.86,55.91,127605.48608599999
2026-07-06T17:10:00+00:00,55.91,56.06,55.91,55.95,236140.362937
2026-07-06T17:15:00+00:00,55.95,55.95,55.8705,55.91,74477.52252
2026-07-06T17:20:00+00:00,55.91,55.935,55.79,55.81,75726.303032
2026-07-06T17:25:00+00:00,55.82,56.02,55.765,55.9403,126865.417731
2026-07-06T17:30:00+00:00,55.9533,56.0,55.929,55.945,111579.197334
2026-07-06T17:35:00+00:00,55.94,56.04,55.9201,56.04,120977.69384400002
2026-07-06T17:40:00+00:00,56.035,56.068,55.99,56.06,105271.583182
2026-07-06T17:45:00+00:00,56.06,56.07,55.975,55.975,141917.96144400002
2026-07-06T17:50:00+00:00,55.97,56.0477,55.955,56.04,129897.24382599999
2026-07-06T17:55:00+00:00,56.04,56.13,56.0299,56.055,240329.926344
2026-07-06T18:00:00+00:00,56.055,56.0751,56.025,56.06,89539.473164
2026-07-06T18:05:00+00:00,56.07,56.078,55.98,55.985,71224.509512
2026-07-06T18:10:00+00:00,55.98,56.01,55.96,56.0001,56606.48583
2026-07-06T18:15:00+00:00,56.0,56.06,55.995,56.05,44458.090549
2026-07-06T18:20:00+00:00,56.05,56.16,56.05,56.15,67650.554626
2026-07-06T18:25:00+00:00,56.145,56.185,56.12,56.175,73210.25638899999
2026-07-06T18:30:00+00:00,56.175,56.19,56.13,56.1559,97181.55040500002
2026-07-06T18:35:00+00:00,56.15,56.3,56.14,56.275,314090.054101
2026-07-06T18:40:00+00:00,56.275,56.37,56.25,56.26,282221.154496
2026-07-06T18:45:00+00:00,56.265,56.27,56.23,56.25,69123.229538
2026-07-06T18:50:00+00:00,56.245,56.26,56.185,56.21,179161.038992
2026-07-06T18:55:00+00:00,56.215,56.23,56.16,56.1899,181853.461317
2026-07-06T19:00:00+00:00,56.19,56.22,56.1799,56.205,35106.344219
2026-07-06T19:05:00+00:00,56.205,56.25,56.135,56.14,124929.22325899999
2026-07-06T19:10:00+00:00,56.1345,56.16,56.1,56.1398,59103.097999000005
2026-07-06T19:15:00+00:00,56.13,56.145,56.1,56.115,59059.326024
2026-07-06T19:20:00+00:00,56.11,56.145,56.075,56.145,119533.875953
2026-07-06T19:25:00+00:00,56.15,56.217,56.135,56.215,176418.77687499998
2026-07-06T19:30:00+00:00,56.21,56.22,56.19,56.215,103282.38931000001
2026-07-06T19:35:00+00:00,56.2139,56.23,56.16,56.16,228958.783764
2026-07-06T19:40:00+00:00,56.1605,56.165,56.061,56.08,312958.845034
2026-07-06T19:45:00+00:00,56.085,56.1086,56.07,56.095,228784.101961
2026-07-06T19:50:00+00:00,56.1,56.145,56.09,56.1299,148686.548844
2026-07-06T19:55:00+00:00,56.125,56.15,56.1,56.135,178201.76742299998
2026-07-06T20:00:00+00:00,56.13,56.14,56.07,56.115,648900.579347
2026-07-06T20:05:00+00:00,56.12,56.1574,56.11,56.1199,16059.86817
2026-07-06T20:10:00+00:00,56.1,56.1,56.0539,56.07,32524.464
2026-07-06T20:15:00+00:00,56.0799,56.0799,56.0339,56.0426,5431.750452
2026-07-06T20:20:00+00:00,56.0638,56.0638,56.04,56.05,2166.000356
2026-07-06T20:25:00+00:00,56.06,56.06,56.05,56.05,1245.0522839999999
2026-07-06T20:30:00+00:00,56.0501,56.08,56.0501,56.07,2042.6652680000002
2026-07-06T20:35:00+00:00,56.08,56.13,56.07,56.13,7191.326659
2026-07-06T20:40:00+00:00,56.13,56.14,56.122,56.122,2106.277003
2026-07-06T20:45:00+00:00,56.13,56.13,56.08,56.08,1879.494631
2026-07-06T20:50:00+00:00,56.0702,56.0702,56.0702,56.0702,144.094487
2026-07-06T20:55:00+00:00,56.1,56.1,56.1,56.1,1770.07132
2026-07-06T21:05:00+00:00,56.1149,56.19,56.1149,56.19,760.969489
2026-07-06T21:10:00+00:00,56.1718,56.1718,56.1,56.14,3072.513908
2026-07-06T21:15:00+00:00,56.13,56.13,56.1,56.1,1143.0539430000001
2026-07-06T21:20:00+00:00,56.1748,56.1748,56.1694,56.1694,573.089253
2026-07-06T21:25:00+00:00,56.13,56.13,56.13,56.13,411.0
2026-07-06T21:30:00+00:00,56.14,56.14,56.14,56.14,143.247817
2026-07-06T21:35:00+00:00,56.1596,56.17,56.1596,56.1596,2754.558399
2026-07-06T21:40:00+00:00,56.12,56.12,56.1,56.1,5311.988956
2026-07-06T21:45:00+00:00,56.11,56.15,56.11,56.15,529.0
2026-07-06T21:55:00+00:00,56.14,56.14,56.11,56.11,410.251526
2026-07-06T22:00:00+00:00,56.1292,56.1292,56.11,56.11,1508.0
2026-07-06T22:05:00+00:00,56.12,56.1683,56.1,56.1282,8461.752084
2026-07-06T22:15:00+00:00,56.13,56.18,56.11,56.17,1859.976189
2026-07-06T22:20:00+00:00,56.1694,56.18,56.1462,56.1462,926.7186800000001
2026-07-06T22:25:00+00:00,56.1748,56.18,56.16,56.18,4528.4
2026-07-06T22:35:00+00:00,56.15,56.17,56.11,56.17,1071.26831
2026-07-06T22:40:00+00:00,56.17,56.17,56.1346,56.1697,1726.671777
2026-07-06T22:45:00+00:00,56.1695,56.17,56.1502,56.1626,2399.162673
2026-07-06T22:50:00+00:00,56.19,56.19,56.15,56.15,1951.413675
2026-07-06T22:55:00+00:00,56.15,56.15,56.11,56.13,924.0
2026-07-06T23:00:00+00:00,56.1,56.1,56.09,56.1,4125.0
2026-07-06T23:05:00+00:00,56.11,56.12,56.11,56.12,2053.0
2026-07-06T23:10:00+00:00,56.14,56.14,56.1,56.1,894.6666309999999
2026-07-06T23:15:00+00:00,56.1,56.1,56.1,56.1,179.0
2026-07-06T23:25:00+00:00,56.07,56.07,56.07,56.07,173.0
2026-07-06T23:30:00+00:00,56.0626,56.0774,56.0626,56.0774,467.004259
2026-07-06T23:35:00+00:00,56.06,56.07,56.06,56.0674,1813.319239
2026-07-06T23:40:00+00:00,56.05,56.05,56.0339,56.0339,1129.072723
2026-07-06T23:45:00+00:00,56.03,56.05,56.02,56.05,1254.461099
2026-07-06T23:50:00+00:00,56.05,56.05,55.98,56.037,5537.331615
2026-07-06T23:55:00+00:00,56.02,56.02,55.9504,55.9504,3992.349053
2026-07-07T00:00:00+00:00,55.9565,55.9565,55.86,55.86,6466.79518
2026-07-07T08:05:00+00:00,55.03,55.4,54.55,54.74,141280.62359899998
2026-07-07T08:10:00+00:00,54.68,55.39,54.6,54.8,45690.0
2026-07-07T08:15:00+00:00,55.17,55.36,55.17,55.35,6589.018237
2026-07-07T08:20:00+00:00,55.37,55.38,55.28,55.28,17511.0
2026-07-07T08:25:00+00:00,55.28,55.35,55.28,55.35,3629.0271270000003
2026-07-07T08:30:00+00:00,55.35,55.36,55.31,55.31,2255.518278
2026-07-07T08:35:00+00:00,55.33,55.33,55.22,55.25,6762.169999
2026-07-07T08:40:00+00:00,55.26,55.26,55.17,55.18,5532.449751
2026-07-07T08:45:00+00:00,55.18,55.2,55.16,55.17,21888.0
2026-07-07T08:50:00+00:00,55.15,55.15,55.15,55.15,1012.36896
2026-07-07T08:55:00+00:00,55.12,55.12,54.98,54.98,9463.833749
2026-07-07T09:00:00+00:00,54.99,55.08,54.96,55.08,3361.4183479999997
2026-07-07T09:05:00+00:00,55.1,55.1,55.04,55.04,1748.0
2026-07-07T09:10:00+00:00,55.07,55.12,55.03,55.12,4947.310507000001
2026-07-07T09:15:00+00:00,55.12,55.12,55.1,55.1,317.0
2026-07-07T09:20:00+00:00,55.09,55.09,55.07,55.07,795.134641
2026-07-07T09:25:00+00:00,55.06,55.06,55.04,55.04,1101.45
2026-07-07T09:30:00+00:00,55.05,55.05,54.93,54.93,2021.466672
2026-07-07T09:35:00+00:00,54.98,55.07,54.98,55.07,2823.184321
2026-07-07T09:40:00+00:00,55.1,55.1,55.07,55.07,628.0
2026-07-07T09:45:00+00:00,55.09,55.15,55.09,55.15,2927.375105
2026-07-07T09:50:00+00:00,55.14,55.14,54.99,55.01,3111.394875
2026-07-07T09:55:00+00:00,54.96,55.02,54.96,55.02,2725.0
2026-07-07T10:00:00+00:00,55.01,55.07,55.01,55.07,1314.7598050000001
2026-07-07T10:05:00+00:00,55.1208,55.15,55.11,55.15,2280.344168
2026-07-07T10:10:00+00:00,55.129,55.14,55.12,55.13,1522.0
2026-07-07T10:15:00+00:00,55.14,55.18,55.1,55.14,1524.2
2026-07-07T10:20:00+00:00,55.15,55.22,55.15,55.19,23683.1
2026-07-07T10:25:00+00:00,55.21,55.22,55.14,55.16,27600.0
2026-07-07T10:30:00+00:00,55.16,55.22,55.14,55.19,38715.180565999995
2026-07-07T10:35:00+00:00,55.19,55.19,55.13,55.13,23002.867805
2026-07-07T10:40:00+00:00,55.13,55.14,55.11,55.11,30816.0
2026-07-07T10:45:00+00:00,55.13,55.13,55.07,55.07,25491.871631
2026-07-07T10:50:00+00:00,55.07,55.07,55.0,55.02,35526.721919
2026-07-07T10:55:00+00:00,55.01,55.02,54.97,55.0,2656.833483
2026-07-07T11:00:00+00:00,55.02,55.04,55.01,55.01,972.0
2026-07-07T11:05:00+00:00,54.98,54.98,54.85,54.89,24314.480224
2026-07-07T11:10:00+00:00,54.884,54.89,54.84,54.84,16373.594766000002
2026-07-07T11:15:00+00:00,54.87,54.92,54.8609,54.8609,9202.50092
2026-07-07T11:20:00+00:00,54.92,55.09,54.92,55.0761,10467.174715000001
2026-07-07T11:25:00+00:00,55.07,55.14,55.07,55.13,7277.579852000001
2026-07-07T11:30:00+00:00,55.1499,55.1731,55.1326,55.16,3891.559905
2026-07-07T11:35:00+00:00,55.1461,55.1461,55.04,55.0913,13106.226145999999
2026-07-07T11:40:00+00:00,55.12,55.19,55.12,55.18,25786.701862
2026-07-07T11:45:00+00:00,55.2,55.25,55.16,55.25,11783.843949999999
2026-07-07T11:50:00+00:00,55.27,55.37,55.25,55.37,12716.163666
2026-07-07T11:55:00+00:00,55.3696,55.4,55.2642,55.29,11802.928084000001
2026-07-07T12:00:00+00:00,55.33,55.51,55.33,55.49,19656.830460999998
2026-07-07T12:05:00+00:00,55.52,55.5504,55.47,55.5504,29183.135745
2026-07-07T12:10:00+00:00,55.54,55.72,55.53,55.7,41545.019147000006
2026-07-07T12:15:00+00:00,55.69,55.75,55.59,55.74,17052.101586
2026-07-07T12:20:00+00:00,55.75,55.79,55.7,55.71,17365.424681000004
2026-07-07T12:25:00+00:00,55.68,55.73,55.61,55.6484,11102.807133000002
2026-07-07T12:30:00+00:00,55.63,55.8,55.63,55.8,10930.852644
2026-07-07T12:35:00+00:00,55.69,55.8,55.64,55.6539,13853.036978
2026-07-07T12:40:00+00:00,55.63,55.63,55.56,55.57,12570.792349
2026-07-07T12:45:00+00:00,55.57,55.57,55.49,55.5,8706.102949
2026-07-07T12:50:00+00:00,55.48,55.56,55.45,55.51,18972.076871999998
2026-07-07T12:55:00+00:00,55.49,55.5791,55.47,55.48,5189.749952
2026-07-07T13:00:00+00:00,55.48,55.75,55.47,55.74,10795.043868
2026-07-07T13:05:00+00:00,55.75,55.8,55.42,55.42,35049.89759
2026-07-07T13:10:00+00:00,55.44,55.45,55.35,55.35,18708.18462
2026-07-07T13:15:00+00:00,55.38,55.51,55.38,55.5,58132.81351
2026-07-07T13:20:00+00:00,55.49,55.49,55.41,55.42,11300.377935
2026-07-07T13:25:00+00:00,55.42,55.47,55.36,55.36,14628.676163
2026-07-07T13:30:00+00:00,55.37,55.4396,55.34,55.38,7932.465637
2026-07-07T13:35:00+00:00,55.39,55.525,55.24,55.5,412583.279433
2026-07-07T13:40:00+00:00,55.5,55.695,55.46,55.58,301038.232006
2026-07-07T13:45:00+00:00,55.5799,55.935,55.55,55.87,576925.101861
2026-07-07T13:50:00+00:00,55.87,55.935,55.69,55.75,147411.90843
2026-07-07T13:55:00+00:00,55.74,55.78,55.525,55.57,317341.096189
2026-07-07T14:00:00+00:00,55.57,55.6,55.345,55.44,183921.154296
2026-07-07T14:05:00+00:00,55.445,55.5301,55.325,55.345,247872.628118
2026-07-07T14:10:00+00:00,55.34,55.405,55.29,55.375,149113.35827199998
2026-07-07T14:15:00+00:00,55.38,55.39,55.245,55.28,114731.943575
2026-07-07T14:20:00+00:00,55.285,55.4,55.245,55.33,101208.88981000001
2026-07-07T14:25:00+00:00,55.33,55.34,55.1,55.12,209866.412722
2026-07-07T14:30:00+00:00,55.1,55.22,55.06,55.22,176170.285409
2026-07-07T14:35:00+00:00,55.22,55.2595,54.985,54.9901,172307.905702
2026-07-07T14:40:00+00:00,54.99,55.0001,54.84,54.99,165858.92438
2026-07-07T14:45:00+00:00,54.99,55.1,54.89,55.075,123895.00179899999
2026-07-07T14:50:00+00:00,55.0851,55.2,55.075,55.2,288630.173244
2026-07-07T14:55:00+00:00,55.205,55.2146,55.08,55.09,97830.475899
2026-07-07T15:00:00+00:00,55.09,55.145,55.04,55.0845,54632.360955
2026-07-07T15:05:00+00:00,55.08,55.145,55.02,55.08,63475.656908000004
2026-07-07T15:10:00+00:00,55.08,55.12,54.95,55.015,77307.325254
2026-07-07T15:15:00+00:00,55.01,55.06,54.945,54.96,103905.13897200002
2026-07-07T15:20:00+00:00,54.96,54.96,54.815,54.875,520394.185164
2026-07-07T15:25:00+00:00,54.88,54.937,54.87,54.93,48637.608799
2026-07-07T15:30:00+00:00,54.94,54.97,54.85,54.9199,56936.939427
2026-07-07T15:35:00+00:00,54.92,54.995,54.9148,54.92,84340.998843
2026-07-07T15:40:00+00:00,54.915,54.975,54.89,54.96,109698.60955899999
2026-07-07T15:45:00+00:00,54.955,55.0155,54.925,54.99,66088.26425400001
2026-07-07T15:50:00+00:00,54.99,55.02,54.85,54.85,177568.260797
2026-07-07T15:55:00+00:00,54.85,54.89,54.68,54.685,195180.56765399998
2026-07-07T16:00:00+00:00,54.685,54.825,54.66,54.815,121572.674653
2026-07-07T16:05:00+00:00,54.82,54.92,54.8,54.905,62344.29716000001
2026-07-07T16:10:00+00:00,54.915,55.01,54.9,54.925,164813.36260000002
2026-07-07T16:15:00+00:00,54.93,55.04,54.92,55.025,127479.38242099999
2026-07-07T16:20:00+00:00,55.015,55.08,55.01,55.075,102773.591306
2026-07-07T16:25:00+00:00,55.09,55.13,55.0501,55.055,118239.215111
2026-07-07T16:30:00+00:00,55.06,55.1655,55.06,55.135,96174.943552
2026-07-07T16:35:00+00:00,55.13,55.145,55.045,55.0537,34437.981778999994
2026-07-07T16:40:00+00:00,55.05,55.07,54.98,55.0,36655.436337
2026-07-07T16:45:00+00:00,54.99,55.055,54.98,55.03,38664.915479
2026-07-07T16:50:00+00:00,55.04,55.04,54.9755,55.04,25637.977459
2026-07-07T16:55:00+00:00,55.04,55.085,55.0202,55.025,58678.749262
2026-07-07T17:00:00+00:00,55.03,55.09,54.995,55.09,32958.894731
2026-07-07T17:05:00+00:00,55.1,55.1401,55.065,55.0845,46009.05011900001
2026-07-07T17:10:00+00:00,55.1,55.12,55.07,55.085,119792.02627099998
2026-07-07T17:15:00+00:00,55.0701,55.0701,54.97,54.99,36373.991175999996
2026-07-07T17:20:00+00:00,54.99,55.0001,54.925,54.985,47796.130785
2026-07-07T17:25:00+00:00,54.995,55.09,54.99,55.07,37885.65148
2026-07-07T17:30:00+00:00,55.0601,55.15,55.06,55.1401,23963.654873
2026-07-07T17:35:00+00:00,55.14,55.2,55.14,55.19,54951.989598
2026-07-07T17:40:00+00:00,55.1865,55.205,55.1503,55.185,65556.716934
2026-07-07T17:45:00+00:00,55.185,55.23,55.165,55.18,64069.632256000004
2026-07-07T17:50:00+00:00,55.18,55.19,55.135,55.17,48904.078438000004
2026-07-07T17:55:00+00:00,55.16,55.175,55.115,55.135,57818.685517000005
2026-07-07T18:00:00+00:00,55.13,55.1701,55.13,55.1638,46932.469072
2026-07-07T18:05:00+00:00,55.17,55.175,55.08,55.125,56650.504222
2026-07-07T18:10:00+00:00,55.125,55.1299,55.07,55.075,57227.168062
2026-07-07T18:15:00+00:00,55.08,55.135,55.065,55.1297,25330.921217
2026-07-07T18:20:00+00:00,55.11,55.159,55.095,55.155,64489.438079
2026-07-07T18:25:00+00:00,55.145,55.19,55.13,55.14,42001.166774
2026-07-07T18:30:00+00:00,55.13,55.15,55.08,55.09,47809.126147
2026-07-07T18:35:00+00:00,55.08,55.085,54.91,54.98,311576.382141
2026-07-07T18:40:00+00:00,54.98,55.09,54.98,55.07,37235.57492
2026-07-07T18:45:00+00:00,55.07,55.07,54.995,55.036,54314.806306
2026-07-07T18:50:00+00:00,55.0547,55.0547,54.795,54.86,93494.76133600001
2026-07-07T18:55:00+00:00,54.8701,54.9,54.63,54.67,359893.688649
2026-07-07T19:00:00+00:00,54.675,54.715,54.62,54.645,434312.848372
2026-07-07T19:05:00+00:00,54.64,54.66,54.4005,54.5272,293083.868251
2026-07-07T19:10:00+00:00,54.5201,54.5201,54.205,54.25,284640.34102
2026-07-07T19:15:00+00:00,54.2501,54.26,54.07,54.08,341866.1052110001
2026-07-07T19:20:00+00:00,54.08,54.085,53.745,53.905,561123.650627
2026-07-07T19:25:00+00:00,53.91,54.04,53.815,54.03,262981.043318
2026-07-07T19:30:00+00:00,54.02,54.13,53.94,54.04,207879.78077800001
2026-07-07T19:35:00+00:00,54.045,54.26,54.04,54.25,221980.98945300002
2026-07-07T19:40:00+00:00,54.25,54.36,54.23,54.29,162244.40097000002
2026-07-07T19:45:00+00:00,54.3,54.33,54.235,54.255,168062.70243299997
2026-07-07T19:50:00+00:00,54.26,54.37,54.24,54.315,174515.09431600003
2026-07-07T19:55:00+00:00,54.32,54.445,54.27,54.445,263241.343495
2026-07-07T20:00:00+00:00,54.445,54.55,54.445,54.475,989744.544594
2026-07-07T20:05:00+00:00,54.46,54.52,54.43,54.51,21642.926993999998
2026-07-07T20:10:00+00:00,54.5097,54.53,54.4803,54.5085,22113.726216
2026-07-07T20:15:00+00:00,54.51,54.53,54.4009,54.42,12084.253632
2026-07-07T20:20:00+00:00,54.4213,54.4213,54.3055,54.336,52857.325063
2026-07-07T20:25:00+00:00,54.3209,54.3209,54.27,54.28,1425.791393
2026-07-07T20:30:00+00:00,54.349,54.36,54.34,54.3506,11701.260166
2026-07-07T20:35:00+00:00,54.37,54.3899,54.23,54.23,16102.0
2026-07-07T20:40:00+00:00,54.25,54.25,54.14,54.14,1124.386062
2026-07-07T20:45:00+00:00,54.18,54.2,54.16,54.18,11670.153186
2026-07-07T20:50:00+00:00,54.18,54.23,54.17,54.23,14910.753211
2026-07-07T20:55:00+00:00,54.22,54.22,54.17,54.2,6283.822692
2026-07-07T21:00:00+00:00,54.21,54.26,54.21,54.25,8885.137417
2026-07-07T21:05:00+00:00,54.34,54.34,54.23,54.3204,8112.141937
2026-07-07T21:10:00+00:00,54.3031,54.3031,54.04,54.05,18551.002034999998
2026-07-07T21:15:00+00:00,54.0499,54.05,54.04,54.05,11062.495692
2026-07-07T21:20:00+00:00,54.15,54.15,54.15,54.15,725.0
2026-07-07T21:25:00+00:00,54.15,54.19,54.15,54.16,10378.013111
2026-07-07T21:30:00+00:00,54.18,54.18,54.1,54.14,3735.8619790000002
2026-07-07T21:35:00+00:00,54.09,54.1,54.0652,54.08,2274.770442
2026-07-07T21:40:00+00:00,54.09,54.1,54.08,54.08,2449.503448
2026-07-07T21:45:00+00:00,54.1,54.1317,54.1,54.1317,3754.469139
2026-07-07T21:50:00+00:00,54.15,54.25,54.15,54.25,5631.5
2026-07-07T21:55:00+00:00,54.22,54.22,54.01,54.22,3222.0
2026-07-07T22:00:00+00:00,54.21,54.22,54.21,54.22,492.508728
2026-07-07T22:05:00+00:00,54.17,54.25,53.88,54.19,13799.500281
2026-07-07T22:10:00+00:00,54.17,54.21,54.01,54.01,4457.282316999999
2026-07-07T22:15:00+00:00,54.02,54.11,54.02,54.11,3288.427502
2026-07-07T22:20:00+00:00,54.0309,54.07,54.0,54.0,7856.0
2026-07-07T22:25:00+00:00,54.06,54.06,54.06,54.06,2132.1
2026-07-07T22:30:00+00:00,54.07,54.07,53.95,53.95,4487.97332
2026-07-07T22:35:00+00:00,53.95,53.97,53.88,53.8939,9267.076049
2026-07-07T22:40:00+00:00,53.94,53.99,53.9303,53.9722,5048.458675
2026-07-07T22:45:00+00:00,53.98,53.99,53.92,53.92,1587.765778
2026-07-07T22:50:00+00:00,53.95,53.98,53.95,53.98,11283.7
2026-07-07T22:55:00+00:00,53.95,54.03,53.95,54.02,12390.25
2026-07-07T23:00:00+00:00,54.0,54.05,53.98,54.05,3759.2812699999995
2026-07-07T23:05:00+00:00,54.03,54.07,54.03,54.0691,2645.893876
2026-07-07T23:10:00+00:00,54.04,54.1886,54.04,54.16,2632.076504
2026-07-07T23:15:00+00:00,54.1,54.12,54.1,54.12,604.057616
2026-07-07T23:20:00+00:00,54.1,54.15,54.1,54.15,394.456461
2026-07-07T23:25:00+00:00,54.13,54.15,54.12,54.15,6787.417162
2026-07-07T23:30:00+00:00,54.101,54.1714,54.101,54.1714,677.855176
2026-07-07T23:35:00+00:00,54.22,54.22,54.1,54.1,4676.161427
2026-07-07T23:40:00+00:00,54.09,54.1135,54.06,54.06,9733.965967
2026-07-07T23:45:00+00:00,54.1,54.1,53.9396,53.9845,34487.293344
2026-07-07T23:50:00+00:00,53.93,54.0395,53.93,53.99,4578.38542
2026-07-07T23:55:00+00:00,54.0,54.02,53.97,53.98,1190.202205
2026-07-08T00:00:00+00:00,53.92,53.94,53.9,53.94,7256.8187259999995
2026-07-08T08:05:00+00:00,55.08,55.16,54.48,54.98,360064.240638
2026-07-08T08:10:00+00:00,55.02,55.03,54.5,55.01,22714.80641
2026-07-08T08:15:00+00:00,54.8,54.85,54.75,54.75,3409.0
2026-07-08T08:20:00+00:00,54.81,54.85,54.05,54.26,99379.45739599998
2026-07-08T08:25:00+00:00,54.35,54.35,53.95,53.95,28547.252507
2026-07-08T08:30:00+00:00,53.96,54.03,53.81,53.98,23161.739903
2026-07-08T08:35:00+00:00,53.94,54.06,53.73,53.87,31358.569029
2026-07-08T08:40:00+00:00,53.87,53.87,53.37,53.37,59686.280043000006
2026-07-08T08:45:00+00:00,53.32,53.36,53.09,53.19,54844.226861
2026-07-08T08:50:00+00:00,53.18,53.31,53.05,53.0696,16619.705006
2026-07-08T08:55:00+00:00,53.0,53.17,52.92,52.92,30533.699043
2026-07-08T09:00:00+00:00,52.95,52.96,52.6,52.77,57158.866911000005
2026-07-08T09:05:00+00:00,52.74,52.79,52.66,52.756,43623.004335
2026-07-08T09:10:00+00:00,52.78,52.88,52.75,52.8,27272.122908999998
2026-07-08T09:15:00+00:00,52.819,52.88,52.72,52.83,74138.950264
2026-07-08T09:20:00+00:00,52.8212,52.97,52.7899,52.95,19188.748461
2026-07-08T09:25:00+00:00,52.98,53.02,52.9,52.91,31812.056664
2026-07-08T09:30:00+00:00,52.9,53.06,52.85,52.92,49131.600323
2026-07-08T09:35:00+00:00,52.9304,53.02,52.86,53.02,32240.573521
2026-07-08T09:40:00+00:00,53.0,53.12,52.94,53.02,51758.408187
2026-07-08T09:45:00+00:00,53.03,53.08,52.83,52.9043,65423.333161
2026-07-08T09:50:00+00:00,52.93,53.0,52.89,52.95,12342.953864
2026-07-08T09:55:00+00:00,52.9,52.9,52.8,52.805,5527.742808999999
2026-07-08T10:00:00+00:00,52.77,52.78,52.67,52.69,18396.132535
2026-07-08T10:05:00+00:00,52.72,52.92,52.72,52.92,9520.298037
2026-07-08T10:10:00+00:00,52.93,52.93,52.82,52.82,22870.64599
2026-07-08T10:15:00+00:00,52.8,52.9,52.794,52.86,6399.536069
2026-07-08T10:20:00+00:00,52.9,53.06,52.87,53.05,23104.646655
2026-07-08T10:25:00+00:00,53.07,53.15,52.96,52.99,33243.160935
2026-07-08T10:30:00+00:00,52.97,52.97,52.85,52.89,12508.918106000001
2026-07-08T10:35:00+00:00,52.92,53.05,52.89,53.0,12622.332834
2026-07-08T10:40:00+00:00,52.99,53.01,52.89,52.96,28812.0
2026-07-08T10:45:00+00:00,52.96,53.01,52.9202,53.0,51619.559284
2026-07-08T10:50:00+00:00,53.0,53.04,52.95,52.95,24978.0
2026-07-08T10:55:00+00:00,52.97,52.99,52.93,52.95,3394.077114
2026-07-08T11:00:00+00:00,53.0,53.0,52.8,52.8009,16350.912012
2026-07-08T11:05:00+00:00,52.83,53.0,52.8,52.93,49580.063646
2026-07-08T11:10:00+00:00,52.89,52.89,52.7,52.72,11579.054275
2026-07-08T11:15:00+00:00,52.73,52.7899,52.67,52.7895,43268.930197
2026-07-08T11:20:00+00:00,52.8098,52.95,52.8098,52.88,17723.178994
2026-07-08T11:25:00+00:00,52.8875,52.9,52.76,52.76,20999.814158
2026-07-08T11:30:00+00:00,52.77,52.83,52.74,52.8,6959.1695039999995
2026-07-08T11:35:00+00:00,52.78,52.84,52.72,52.78,21127.700453999998
2026-07-08T11:40:00+00:00,52.82,52.83,52.5,52.59,145057.833135
2026-07-08T11:45:00+00:00,52.6188,53.21,52.6188,53.21,77545.908515
2026-07-08T11:50:00+00:00,53.21,53.36,53.11,53.11,52860.099367
2026-07-08T11:55:00+00:00,53.08,53.21,52.96,53.1303,15243.978454999999
2026-07-08T12:00:00+00:00,53.16,53.22,53.0898,53.1,11592.114445
2026-07-08T12:05:00+00:00,53.14,53.14,53.02,53.0701,36588.514627
2026-07-08T12:10:00+00:00,53.18,53.26,53.13,53.26,21975.006903
2026-07-08T12:15:00+00:00,53.27,53.3,53.12,53.15,22428.753661
2026-07-08T12:20:00+00:00,53.17,53.2374,53.07,53.21,24323.189466
2026-07-08T12:25:00+00:00,53.2,53.24,52.92,52.9595,18500.721389
2026-07-08T12:30:00+00:00,52.94,52.94,52.88,52.9299,16071.854859
2026-07-08T12:35:00+00:00,53.0,53.0,52.83,52.83,16123.129855000001
2026-07-08T12:40:00+00:00,52.88,52.89,52.74,52.89,35005.527122
2026-07-08T12:45:00+00:00,52.89,52.96,52.7826,52.9499,43324.954074999994
2026-07-08T12:50:00+00:00,52.98,53.09,52.89,53.08,40083.095365
2026-07-08T12:55:00+00:00,53.085,53.25,53.08,53.25,14912.016991
2026-07-08T13:00:00+00:00,53.23,53.31,52.91,52.91,64269.25761
2026-07-08T13:05:00+00:00,52.95,53.26,52.95,53.24,30732.107179
2026-07-08T13:10:00+00:00,53.23,53.32,52.88,52.96,60807.28954
2026-07-08T13:15:00+00:00,52.9541,53.06,52.88,52.98,13256.745274
2026-07-08T13:20:00+00:00,52.96,53.03,52.95,52.9707,17610.299863
2026-07-08T13:25:00+00:00,52.97,53.05,52.88,52.9278,11199.25
2026-07-08T13:30:00+00:00,52.91,52.939,52.72,52.7496,69206.87391
2026-07-08T13:35:00+00:00,52.76,53.05,52.729,52.96,612196.622456
2026-07-08T13:40:00+00:00,52.95,53.09,52.865,53.05,158101.617207
2026-07-08T13:45:00+00:00,53.05,53.075,52.8301,52.93,297565.873017
2026-07-08T13:50:00+00:00,52.93,53.07,52.87,52.87,263967.728322
2026-07-08T13:55:00+00:00,52.875,52.95,52.78,52.79,220755.06229700003
2026-07-08T14:00:00+00:00,52.78,52.9,52.755,52.845,146336.118855
2026-07-08T14:05:00+00:00,52.84,52.86,52.69,52.79,186660.737401
2026-07-08T14:10:00+00:00,52.78,52.84,52.7,52.79,248369.18889
2026-07-08T14:15:00+00:00,52.785,52.83,52.66,52.685,164111.56164300002
2026-07-08T14:20:00+00:00,52.68,52.75,52.482,52.579,451590.25202899997
2026-07-08T14:25:00+00:00,52.5736,52.8,52.54,52.725,222911.15695100004
2026-07-08T14:30:00+00:00,52.74,52.84,52.63,52.705,293544.299725
2026-07-08T14:35:00+00:00,52.69,52.72,52.485,52.55,189313.1758
2026-07-08T14:40:00+00:00,52.55,52.5801,52.26,52.29,440492.4501850001
2026-07-08T14:45:00+00:00,52.28,52.42,52.12,52.1399,290780.23351399996
2026-07-08T14:50:00+00:00,52.14,52.22,52.08,52.12,276912.74557200004
2026-07-08T14:55:00+00:00,52.11,52.34,52.095,52.275,363784.317328
2026-07-08T15:00:00+00:00,52.279,52.31,52.2,52.255,350060.25129600003
2026-07-08T15:05:00+00:00,52.26,52.29,52.15,52.165,165227.599637
2026-07-08T15:10:00+00:00,52.1646,52.345,52.1646,52.2499,145564.811163
2026-07-08T15:15:00+00:00,52.245,52.285,51.95,52.015,413229.24358500005
2026-07-08T15:20:00+00:00,52.015,52.05,51.865,52.015,1007736.5900819999
2026-07-08T15:25:00+00:00,51.9999,52.0876,51.84,51.85,357642.44310699997
2026-07-08T15:30:00+00:00,51.835,51.965,51.83,51.92,210309.942246
2026-07-08T15:35:00+00:00,51.92,51.96,51.72,51.8676,340701.671892
2026-07-08T15:40:00+00:00,51.85,51.9572,51.825,51.865,253859.779018
2026-07-08T15:45:00+00:00,51.865,51.92,51.755,51.885,265430.291828
2026-07-08T15:50:00+00:00,51.88,51.905,51.775,51.8699,198981.17644500002
2026-07-08T15:55:00+00:00,51.865,51.92,51.795,51.8201,140958.08307599998
2026-07-08T16:00:00+00:00,51.82,51.93,51.785,51.9,144366.340158
2026-07-08T16:05:00+00:00,51.9,51.985,51.86,51.94,203999.95329
2026-07-08T16:10:00+00:00,51.94,52.05,51.94,52.025,133794.12890500002
2026-07-08T16:15:00+00:00,52.04,52.14,52.0127,52.02,152300.221715
2026-07-08T16:20:00+00:00,52.0201,52.08,51.985,52.03,52207.220208
2026-07-08T16:25:00+00:00,52.04,52.07,51.95,51.965,73874.57711099999
2026-07-08T16:30:00+00:00,51.965,52.11,51.95,52.04,295860.13818999997
2026-07-08T16:35:00+00:00,52.03,52.1,51.99,51.99,146044.393437
2026-07-08T16:40:00+00:00,51.99,52.12,51.95,52.08,230718.118481
2026-07-08T16:45:00+00:00,52.09,52.36,52.05,52.345,327966.840684
2026-07-08T16:50:00+00:00,52.34,52.36,52.28,52.3436,208046.603147
2026-07-08T16:55:00+00:00,52.35,52.42,52.315,52.4123,145016.364461
2026-07-08T17:00:00+00:00,52.42,52.47,52.354,52.37,93339.087871
2026-07-08T17:05:00+00:00,52.37,52.37,52.26,52.345,109135.53562899999
2026-07-08T17:10:00+00:00,52.34,52.47,52.3398,52.39,133172.80081000002
2026-07-08T17:15:00+00:00,52.39,52.45,52.34,52.4,69479.957249
2026-07-08T17:20:00+00:00,52.41,52.515,52.405,52.495,82099.08457600001
2026-07-08T17:25:00+00:00,52.4901,52.6,52.475,52.5904,166117.509592
2026-07-08T17:30:00+00:00,52.6,52.75,52.59,52.75,101648.216794
2026-07-08T17:35:00+00:00,52.74,52.89,52.705,52.73,154827.85732299997
2026-07-08T17:40:00+00:00,52.73,52.75,52.6504,52.66,109391.85865399998
2026-07-08T17:45:00+00:00,52.67,52.6799,52.59,52.625,115345.75963100001
2026-07-08T17:50:00+00:00,52.62,52.63,52.56,52.585,45964.96030299999
2026-07-08T17:55:00+00:00,52.585,52.665,52.555,52.575,116532.999838
2026-07-08T18:00:00+00:00,52.575,52.58,52.51,52.57,123813.932026
2026-07-08T18:05:00+00:00,52.56,52.88,52.535,52.705,179230.828087
2026-07-08T18:10:00+00:00,52.72,52.765,52.63,52.705,110499.67638299998
2026-07-08T18:15:00+00:00,52.7,52.88,52.68,52.86,68887.526765
2026-07-08T18:20:00+00:00,52.86,52.865,52.71,52.74,78260.048819
2026-07-08T18:25:00+00:00,52.74,52.75,52.66,52.69,97736.738857
2026-07-08T18:30:00+00:00,52.685,52.76,52.66,52.685,36154.33582
2026-07-08T18:35:00+00:00,52.69,52.72,52.63,52.655,87900.929595
2026-07-08T18:40:00+00:00,52.66,52.83,52.65,52.825,142448.872091
2026-07-08T18:45:00+00:00,52.82,52.885,52.78,52.885,81068.19630000001
2026-07-08T18:50:00+00:00,52.885,53.02,52.865,53.01,132117.676768
2026-07-08T18:55:00+00:00,53.0,53.01,52.91,52.93,126274.988415
2026-07-08T19:00:00+00:00,52.92,52.92,52.855,52.9101,65617.284858
2026-07-08T19:05:00+00:00,52.92,53.07,52.92,52.9399,84485.629185
2026-07-08T19:10:00+00:00,52.93,53.02,52.91,53.005,96251.478803
2026-07-08T19:15:00+00:00,53.005,53.008,52.87,52.92,112191.26672700001
2026-07-08T19:20:00+00:00,52.915,52.9358,52.875,52.93,102718.997209
2026-07-08T19:25:00+00:00,52.93,52.9755,52.925,52.96,79345.02446900001
2026-07-08T19:30:00+00:00,52.965,53.01,52.93,53.005,117058.637503
2026-07-08T19:35:00+00:00,53.01,53.035,52.9101,52.92,380568.11111399997
2026-07-08T19:40:00+00:00,52.92,52.99,52.91,52.975,170864.983363
2026-07-08T19:45:00+00:00,52.975,52.99,52.89,52.92,192751.75167599999
2026-07-08T19:50:00+00:00,52.92,52.95,52.83,52.83,268995.829686
2026-07-08T19:55:00+00:00,52.83,52.89,52.76,52.845,398090.149129
2026-07-08T20:00:00+00:00,52.845,52.89,52.795,52.83,514371.62634400005
2026-07-08T20:05:00+00:00,52.82,52.83,52.72,52.83,31777.810927
2026-07-08T20:10:00+00:00,52.78,52.83,52.77,52.82,2593.50087
2026-07-08T20:15:00+00:00,52.84,52.84,52.75,52.7599,7875.019656
2026-07-08T20:20:00+00:00,52.77,52.77,52.68,52.7,4209.878875
2026-07-08T20:25:00+00:00,52.68,52.7195,52.66,52.7,3451.550381
2026-07-08T20:30:00+00:00,52.67,52.69,52.6509,52.68,3665.364656
2026-07-08T20:35:00+00:00,52.7,52.8107,52.6201,52.66,1026073.279648
2026-07-08T20:40:00+00:00,52.65,52.65,52.55,52.56,7767.706080999999
2026-07-08T20:45:00+00:00,52.6,52.6246,52.59,52.59,2952.095021
2026-07-08T20:50:00+00:00,52.6,52.67,52.6,52.67,42197.0
2026-07-08T20:55:00+00:00,52.642,52.72,52.642,52.72,1254.0298050000001
2026-07-08T21:00:00+00:00,52.74,52.74,52.69,52.69,8604.145937000001
2026-07-08T21:05:00+00:00,52.71,52.72,52.71,52.71,1641.0
2026-07-08T21:10:00+00:00,52.65,52.6974,52.65,52.6787,1624.0
2026-07-08T21:15:00+00:00,52.6989,52.7,52.61,52.65,3104.9
2026-07-08T21:20:00+00:00,52.68,52.74,52.68,52.7,8283.094948
2026-07-08T21:25:00+00:00,52.73,52.73,52.73,52.73,7353.002655
2026-07-08T21:30:00+00:00,52.7112,52.74,52.7112,52.7301,2084.4514790000003
2026-07-08T21:35:00+00:00,52.74,52.77,52.6478,52.77,2487.116565
2026-07-08T21:40:00+00:00,52.686,52.7089,52.686,52.7089,682.299276
2026-07-08T21:45:00+00:00,52.72,52.75,52.72,52.75,1703.159748
2026-07-08T21:50:00+00:00,52.78,52.78,52.75,52.75,6218.094491000001
2026-07-08T21:55:00+00:00,52.76,52.76,52.75,52.75,1602.0
2026-07-08T22:00:00+00:00,52.7504,52.78,52.75,52.76,1725.032786
2026-07-08T22:05:00+00:00,52.78,53.0,52.75,52.75,16363.488702999999
2026-07-08T22:10:00+00:00,52.75,52.85,52.75,52.8499,2538.0
2026-07-08T22:15:00+00:00,52.85,52.92,52.85,52.9,1337.0
2026-07-08T22:20:00+00:00,52.86,52.88,52.85,52.87,5214.189107
2026-07-08T22:25:00+00:00,52.83,52.8495,52.74,52.75,4113.003122
2026-07-08T22:30:00+00:00,52.7331,52.7331,52.73,52.73,1237.0189169999999
2026-07-08T22:35:00+00:00,52.77,52.7783,52.77,52.7783,881.739336
2026-07-08T22:40:00+00:00,52.79,52.79,52.75,52.76,1661.208596
2026-07-08T22:45:00+00:00,52.77,52.8,52.77,52.79,3387.847694
2026-07-08T22:50:00+00:00,52.8,52.82,52.8,52.82,3471.189447
2026-07-08T22:55:00+00:00,52.84,52.84,52.83,52.83,419.0
2026-07-08T23:00:00+00:00,52.8,52.81,52.7719,52.78,5908.018939
2026-07-08T23:10:00+00:00,52.71,52.76,52.71,52.76,634.088674
2026-07-08T23:15:00+00:00,52.78,52.7848,52.765,52.7848,1240.0
2026-07-08T23:20:00+00:00,52.8,52.8,52.76,52.76,1669.0
2026-07-08T23:25:00+00:00,52.78,52.78,52.78,52.78,301.0
2026-07-08T23:30:00+00:00,52.78,52.78,52.77,52.77,470.251941
2026-07-08T23:35:00+00:00,52.77,52.77,52.77,52.77,300.206968
2026-07-08T23:40:00+00:00,52.8,52.82,52.75,52.75,689.1
2026-07-08T23:45:00+00:00,52.79,52.8174,52.77,52.8174,9251.722907
2026-07-08T23:50:00+00:00,52.82,52.82,52.77,52.77,1886.0
2026-07-08T23:55:00+00:00,52.7599,52.82,52.7599,52.82,544.0
2026-07-09T00:00:00+00:00,52.83,52.8699,52.83,52.8699,3265.99269
2026-07-09T08:05:00+00:00,53.57,53.57,52.16,53.57,233480.249056
2026-07-09T08:10:00+00:00,53.51,53.62,53.51,53.59,12145.522885
2026-07-09T08:15:00+00:00,53.58,53.59,53.48,53.5,10491.0
2026-07-09T08:20:00+00:00,53.52,53.62,53.52,53.61,13792.007020000001
2026-07-09T08:25:00+00:00,53.61,53.7,53.61,53.68,4764.914586
2026-07-09T08:30:00+00:00,53.65,53.7,53.65,53.67,7070.0
2026-07-09T08:35:00+00:00,53.69,53.74,53.59,53.59,11007.0
2026-07-09T08:40:00+00:00,53.62,53.65,53.6,53.63,11052.330104
2026-07-09T08:45:00+00:00,53.66,53.66,53.62,53.62,1448.872929
2026-07-09T08:50:00+00:00,53.57,53.57,53.5,53.53,4756.0
2026-07-09T08:55:00+00:00,53.51,53.51,53.48,53.5,4077.603378
2026-07-09T09:00:00+00:00,53.5,53.54,53.49,53.51,6883.408124
2026-07-09T09:05:00+00:00,53.45,53.51,53.45,53.49,4579.302433
2026-07-09T09:10:00+00:00,53.53,53.54,53.46,53.48,3166.0
2026-07-09T09:15:00+00:00,53.464,53.5,53.464,53.48,2808.7
2026-07-09T09:20:00+00:00,53.49,53.52,53.46,53.51,8237.0
2026-07-09T09:25:00+00:00,53.53,53.55,53.49,53.49,4943.0
2026-07-09T09:30:00+00:00,53.48,53.5,53.47,53.5,5305.0
2026-07-09T09:35:00+00:00,53.55,53.55,53.47,53.48,7669.642979
2026-07-09T09:40:00+00:00,53.5,53.5,53.46,53.47,3703.0
2026-07-09T09:45:00+00:00,53.47,53.47,53.4,53.41,16327.697763
2026-07-09T09:50:00+00:00,53.43,53.43,53.43,53.43,352.0
2026-07-09T09:55:00+00:00,53.46,53.463,53.44,53.463,768.0
2026-07-09T10:00:00+00:00,53.46,53.51,53.46,53.47,6582.814476
2026-07-09T10:05:00+00:00,53.48,53.5,53.45,53.47,6284.495
2026-07-09T10:10:00+00:00,53.49,53.49,53.42,53.42,4299.431782000001
2026-07-09T10:15:00+00:00,53.43,53.45,53.38,53.38,5646.72832
2026-07-09T10:20:00+00:00,53.39,53.4,53.3221,53.33,14469.563049
2026-07-09T10:25:00+00:00,53.33,53.34,53.3,53.3,10571.0
2026-07-09T10:30:00+00:00,53.3,53.3,53.27,53.29,32319.313391
2026-07-09T10:35:00+00:00,53.29,53.31,53.27,53.31,5291.197725000001
2026-07-09T10:40:00+00:00,53.31,53.33,53.29,53.29,1577.78175
2026-07-09T10:45:00+00:00,53.31,53.31,53.27,53.27,6193.037523
2026-07-09T10:50:00+00:00,53.24,53.24,53.17,53.19,15554.234507000001
2026-07-09T10:55:00+00:00,53.17,53.18,53.1,53.13,6757.0
2026-07-09T11:00:00+00:00,53.17,53.19,53.12,53.19,3500.664641
2026-07-09T11:05:00+00:00,53.19,53.29,53.16,53.26,35786.170805
2026-07-09T11:10:00+00:00,53.2619,53.262,53.19,53.22,12650.008982
2026-07-09T11:15:00+00:00,53.26,53.2799,53.25,53.2778,3832.0491739999998
2026-07-09T11:20:00+00:00,53.27,53.29,53.25,53.25,7778.0187750000005
2026-07-09T11:25:00+00:00,53.23,53.23,53.15,53.15,6526.93959
2026-07-09T11:30:00+00:00,53.154,53.19,53.15,53.19,10818.556607999999
2026-07-09T11:35:00+00:00,53.19,53.2001,53.19,53.19,3270.9998010000004
2026-07-09T11:40:00+00:00,53.2196,53.25,53.2196,53.25,2570.03759
2026-07-09T11:45:00+00:00,53.26,53.31,53.26,53.3,16128.435097000001
2026-07-09T11:50:00+00:00,53.2913,53.33,53.25,53.2897,72309.214496
2026-07-09T11:55:00+00:00,53.3,53.35,53.3,53.3303,17530.870354
2026-07-09T12:00:00+00:00,53.37,53.44,53.34,53.35,90822.22065100001
2026-07-09T12:05:00+00:00,53.32,53.34,53.2501,53.27,27732.604249999997
2026-07-09T12:10:00+00:00,53.27,53.57,53.26,53.5104,32506.725636000003
2026-07-09T12:15:00+00:00,53.49,53.53,53.47,53.4899,37517.211772
2026-07-09T12:20:00+00:00,53.44,53.44,53.36,53.3614,9993.078248
2026-07-09T12:25:00+00:00,53.3526,53.41,53.34,53.39,3591.617681
2026-07-09T12:30:00+00:00,53.45,53.5,53.4374,53.47,5699.717490000001
2026-07-09T12:35:00+00:00,53.48,53.67,53.4525,53.6601,40056.325793
2026-07-09T12:40:00+00:00,53.67,53.9,53.67,53.9,37983.881138
2026-07-09T12:45:00+00:00,53.9129,53.9161,53.741,53.75,13752.380148
2026-07-09T12:50:00+00:00,53.74,53.74,53.63,53.68,13795.263947
2026-07-09T12:55:00+00:00,53.7,53.84,53.7,53.79,7862.695548
2026-07-09T13:00:00+00:00,53.7698,53.7805,53.61,53.61,20907.651385999998
2026-07-09T13:05:00+00:00,53.62,53.8,53.55,53.67,106246.34073999999
2026-07-09T13:10:00+00:00,53.6302,53.9,53.6302,53.9,13701.127538
2026-07-09T13:15:00+00:00,53.91,53.99,53.88,53.9601,30784.204623999998
2026-07-09T13:20:00+00:00,53.92,54.03,53.88,53.88,27928.198483
2026-07-09T13:25:00+00:00,53.9001,54.08,53.9001,54.06,24967.19934
2026-07-09T13:30:00+00:00,54.06,54.13,54.03,54.13,21619.401317000003
2026-07-09T13:35:00+00:00,54.11,54.24,53.99,54.17,534917.2316
2026-07-09T13:40:00+00:00,54.17,54.37,54.13,54.31,194733.973642
2026-07-09T13:45:00+00:00,54.31,54.5,54.23,54.47,306950.208073
2026-07-09T13:50:00+00:00,54.48,54.48,54.285,54.345,234789.97838899997
2026-07-09T13:55:00+00:00,54.35,54.48,54.29,54.31,319090.898145
2026-07-09T14:00:00+00:00,54.315,54.535,54.305,54.465,275676.790638
2026-07-09T14:05:00+00:00,54.46,54.665,54.46,54.5899,277629.406245
2026-07-09T14:10:00+00:00,54.595,54.67,54.4302,54.44,206374.93172
2026-07-09T14:15:00+00:00,54.435,54.4401,54.2905,54.3386,240603.863357
2026-07-09T14:20:00+00:00,54.33,54.33,54.161,54.1701,146280.427443
2026-07-09T14:25:00+00:00,54.175,54.315,54.11,54.31,206425.752059
2026-07-09T14:30:00+00:00,54.305,54.39,54.3,54.355,183568.35956299998
2026-07-09T14:35:00+00:00,54.37,54.38,54.22,54.295,211125.573846
2026-07-09T14:40:00+00:00,54.29,54.345,54.24,54.3,58462.927607
2026-07-09T14:45:00+00:00,54.3,54.3353,54.265,54.3353,93043.197735
2026-07-09T14:50:00+00:00,54.33,54.379,54.24,54.255,66474.447294
2026-07-09T14:55:00+00:00,54.25,54.3459,54.2,54.3459,64185.689744999996
2026-07-09T15:00:00+00:00,54.34,54.49,54.315,54.48,145297.23388099996
2026-07-09T15:05:00+00:00,54.485,54.53,54.42,54.4554,66728.83334
2026-07-09T15:10:00+00:00,54.47,54.575,54.455,54.485,99317.32673400002
2026-07-09T15:15:00+00:00,54.5,54.535,54.465,54.4901,67331.545576
2026-07-09T15:20:00+00:00,54.495,54.558,54.48,54.515,161268.92330099997
2026-07-09T15:25:00+00:00,54.515,54.545,54.465,54.5255,68675.840785
2026-07-09T15:30:00+00:00,54.52,54.595,54.501,54.525,91584.64519000001
2026-07-09T15:35:00+00:00,54.525,54.535,54.485,54.515,52694.512155000004
2026-07-09T15:40:00+00:00,54.52,54.615,54.51,54.615,94589.20387900001
2026-07-09T15:45:00+00:00,54.61,54.615,54.54,54.575,135078.93472
2026-07-09T15:50:00+00:00,54.5775,54.665,54.565,54.61,95415.625171
2026-07-09T15:55:00+00:00,54.605,54.69,54.55,54.575,179670.12945200002
2026-07-09T16:00:00+00:00,54.58,54.58,54.51,54.521,94820.568273
2026-07-09T16:05:00+00:00,54.535,54.595,54.525,54.525,58596.446979
2026-07-09T16:10:00+00:00,54.53,54.585,54.505,54.55,51574.440041
2026-07-09T16:15:00+00:00,54.5507,54.645,54.55,54.62,89322.936632
2026-07-09T16:20:00+00:00,54.63,54.775,54.62,54.715,116922.930854
2026-07-09T16:25:00+00:00,54.72,54.77,54.66,54.6899,46001.91188
2026-07-09T16:30:00+00:00,54.69,54.69,54.61,54.665,47162.418368
2026-07-09T16:35:00+00:00,54.665,54.775,54.65,54.69,90668.941524
2026-07-09T16:40:00+00:00,54.69,54.7077,54.635,54.67,177638.17856499998
2026-07-09T16:45:00+00:00,54.675,54.735,54.6536,54.705,41345.79322400001
2026-07-09T16:50:00+00:00,54.705,54.725,54.605,54.605,43781.609015
2026-07-09T16:55:00+00:00,54.61,54.7,54.58,54.685,71264.129216
2026-07-09T17:00:00+00:00,54.68,54.68,54.59,54.59,114297.631772
2026-07-09T17:05:00+00:00,54.585,54.61,54.52,54.531,82342.93818499999
2026-07-09T17:10:00+00:00,54.52,54.55,54.48,54.545,79972.161869
2026-07-09T17:15:00+00:00,54.545,54.545,54.46,54.49,57354.175399
2026-07-09T17:20:00+00:00,54.495,54.495,54.4,54.4497,70120.36082399999
2026-07-09T17:25:00+00:00,54.44,54.57,54.405,54.515,89502.073335
2026-07-09T17:30:00+00:00,54.5,54.575,54.4727,54.545,47824.381439000004
2026-07-09T17:35:00+00:00,54.55,54.5901,54.51,54.5242,60553.629530000006
2026-07-09T17:40:00+00:00,54.525,54.56,54.525,54.55,28472.414033
2026-07-09T17:45:00+00:00,54.525,54.5401,54.5,54.5028,27325.974374
2026-07-09T17:50:00+00:00,54.51,54.66,54.505,54.62,84679.766814
2026-07-09T17:55:00+00:00,54.615,54.645,54.6,54.6199,35518.905226999996
2026-07-09T18:00:00+00:00,54.62,54.635,54.57,54.6212,114745.40843099999
2026-07-09T18:05:00+00:00,54.62,54.6256,54.475,54.495,34314.668925000005
2026-07-09T18:10:00+00:00,54.49,54.5201,54.48,54.49,67884.496208
2026-07-09T18:15:00+00:00,54.495,54.495,54.385,54.415,92102.07757099999
2026-07-09T18:20:00+00:00,54.41,54.425,54.37,54.39,50675.151396999994
2026-07-09T18:25:00+00:00,54.3703,54.41,54.36,54.375,75548.551766
2026-07-09T18:30:00+00:00,54.38,54.385,54.3339,54.34,85079.688793
2026-07-09T18:35:00+00:00,54.335,54.335,54.265,54.275,42294.349246
2026-07-09T18:40:00+00:00,54.28,54.285,54.23,54.2399,57955.89738
2026-07-09T18:45:00+00:00,54.23,54.335,54.23,54.305,171599.088821
2026-07-09T18:50:00+00:00,54.305,54.305,54.25,54.27,57050.250041
2026-07-09T18:55:00+00:00,54.275,54.275,54.2114,54.24,224840.61653499998
2026-07-09T19:00:00+00:00,54.245,54.295,54.23,54.27,71813.398437
2026-07-09T19:05:00+00:00,54.27,54.29,54.2099,54.22,80300.813362
2026-07-09T19:10:00+00:00,54.225,54.24,54.16,54.175,63231.020779
2026-07-09T19:15:00+00:00,54.17,54.185,54.145,54.155,113006.860584
2026-07-09T19:20:00+00:00,54.16,54.24,54.1595,54.215,60250.45079999999
2026-07-09T19:25:00+00:00,54.215,54.225,54.175,54.1799,100460.130121
2026-07-09T19:30:00+00:00,54.18,54.185,54.145,54.175,66111.386745
2026-07-09T19:35:00+00:00,54.17,54.18,54.14,54.15,110159.494225
2026-07-09T19:40:00+00:00,54.15,54.22,54.13,54.135,467168.021887
2026-07-09T19:45:00+00:00,54.13,54.18,54.13,54.15,93767.72813
2026-07-09T19:50:00+00:00,54.15,54.2162,54.14,54.215,111333.09669
2026-07-09T19:55:00+00:00,54.21,54.22,54.125,54.125,236556.41911000002
2026-07-09T20:00:00+00:00,54.13,54.155,54.105,54.14,626567.786049
2026-07-09T20:05:00+00:00,54.14,54.18,54.14,54.15,28716.33477
2026-07-09T20:10:00+00:00,54.16,54.18,54.16,54.18,1779.092302
2026-07-09T20:15:00+00:00,54.17,54.17,54.1699,54.17,5755.207451
2026-07-09T20:20:00+00:00,54.18,54.18,54.16,54.17,24256.0
2026-07-09T20:25:00+00:00,54.17,54.2,54.16,54.16,650.2505209999999
2026-07-09T20:30:00+00:00,54.1626,54.1861,54.14,54.149,41391.394715999995
2026-07-09T20:35:00+00:00,54.14,54.16,54.139,54.16,3340.0
2026-07-09T20:40:00+00:00,54.17,54.2,54.16,54.17,4362.505227
2026-07-09T20:45:00+00:00,54.199,54.199,54.18,54.18,309.239088
2026-07-09T20:50:00+00:00,54.178,54.19,54.178,54.19,235.0
2026-07-09T20:55:00+00:00,54.2,54.22,54.19,54.22,879.446781
2026-07-09T21:00:00+00:00,54.24,54.24,54.2,54.2068,3061.126596
2026-07-09T21:05:00+00:00,54.25,54.25,54.21,54.22,971.212392
2026-07-09T21:10:00+00:00,54.22,54.3,54.22,54.28,12176.045849
2026-07-09T21:15:00+00:00,54.2501,54.3,54.22,54.22,25112.000152
2026-07-09T21:20:00+00:00,54.26,54.26,54.2407,54.2407,5819.147663
2026-07-09T21:25:00+00:00,54.25,54.25,54.2,54.21,7107.025357
2026-07-09T21:30:00+00:00,54.2009,54.24,54.2009,54.24,366.0
2026-07-09T21:35:00+00:00,54.2399,54.2399,54.2399,54.2399,100.0
2026-07-09T21:40:00+00:00,54.24,54.24,54.22,54.22,6033.0
2026-07-09T21:45:00+00:00,54.22,54.23,54.2199,54.2199,2416.5322380000002
2026-07-09T22:05:00+00:00,54.2,54.24,54.2,54.2,3036.0
2026-07-09T22:10:00+00:00,54.24,54.24,54.24,54.24,180.103651
2026-07-09T22:15:00+00:00,54.24,54.24,54.24,54.24,109.534913
2026-07-09T22:20:00+00:00,54.21,54.21,54.17,54.1882,2043.027207
2026-07-09T22:25:00+00:00,54.1402,54.1402,54.1402,54.1402,194.0
2026-07-09T22:30:00+00:00,54.17,54.18,54.17,54.18,286.0
2026-07-09T22:40:00+00:00,54.17,54.17,54.17,54.17,102.004644
2026-07-09T22:45:00+00:00,54.175,54.19,54.175,54.19,818.228301
2026-07-09T22:50:00+00:00,54.2281,54.2281,54.2281,54.2281,801.0
2026-07-09T22:55:00+00:00,54.22,54.23,54.22,54.23,579.460914
2026-07-09T23:00:00+00:00,54.22,54.22,54.22,54.22,100.0
2026-07-09T23:05:00+00:00,54.18,54.2,54.18,54.2,2074.71
2026-07-09T23:10:00+00:00,54.21,54.24,54.201,54.24,724.0
2026-07-09T23:15:00+00:00,54.21,54.21,54.21,54.21,100.0
2026-07-09T23:20:00+00:00,54.18,54.2583,54.18,54.2501,1295.014105
2026-07-09T23:25:00+00:00,54.28,54.28,54.25,54.25,1130.922253
2026-07-09T23:30:00+00:00,54.2408,54.28,54.2408,54.28,2288.313277
2026-07-09T23:35:00+00:00,54.2604,54.2604,54.23,54.23,2508.0
2026-07-09T23:40:00+00:00,54.26,54.26,54.21,54.22,11925.101548
2026-07-09T23:45:00+00:00,54.25,54.25,54.24,54.246,2108.598838
2026-07-09T23:50:00+00:00,54.24,54.24,54.2313,54.24,454.0
2026-07-09T23:55:00+00:00,54.24,54.28,54.24,54.28,2752.27642
2026-07-10T00:00:00+00:00,54.279,54.279,54.23,54.2748,3711.572445
2026-07-10T08:05:00+00:00,54.16,54.7,54.03,54.04,162088.35680399998
2026-07-10T08:10:00+00:00,54.04,54.09,54.03,54.06,40700.44074400001
2026-07-10T08:15:00+00:00,54.07,54.13,54.05,54.13,49947.719814
2026-07-10T08:20:00+00:00,54.15,54.18,54.13,54.15,52055.0
2026-07-10T08:25:00+00:00,54.14,54.14,54.04,54.04,32903.0
2026-07-10T08:30:00+00:00,54.04,54.04,53.9,53.92,60574.304878999996
2026-07-10T08:35:00+00:00,53.9,53.93,53.78,53.78,116929.94625
2026-07-10T08:40:00+00:00,53.8,53.89,53.79,53.89,36573.127701000005
2026-07-10T08:45:00+00:00,53.9,53.9,53.8,53.88,31932.635161
2026-07-10T08:50:00+00:00,53.86,53.87,53.66,53.69,48501.533110000004
2026-07-10T08:55:00+00:00,53.7,53.77,53.7,53.74,26482.177783
2026-07-10T09:00:00+00:00,53.75,53.8,53.75,53.79,27414.161868999996
2026-07-10T09:05:00+00:00,53.8,53.87,53.71,53.82,34742.165689
2026-07-10T09:10:00+00:00,53.82,53.85,53.7842,53.79,38914.858045
2026-07-10T09:15:00+00:00,53.77,53.83,53.71,53.83,55683.071979
2026-07-10T09:20:00+00:00,53.81,53.83,53.77,53.79,43564.797063
2026-07-10T09:25:00+00:00,53.78,53.78,53.73,53.76,38563.308768999996
2026-07-10T09:30:00+00:00,53.76,53.87,53.76,53.84,98147.575266
2026-07-10T09:35:00+00:00,53.81,53.84,53.79,53.8,23111.429786
2026-07-10T09:40:00+00:00,53.79,53.83,53.72,53.81,29245.0
2026-07-10T09:45:00+00:00,53.82,53.83,53.79,53.8,27529.018762
2026-07-10T09:50:00+00:00,53.81,53.82,53.75,53.75,59610.0349
2026-07-10T09:55:00+00:00,53.74,53.76,53.69,53.75,90963.023636
2026-07-10T10:00:00+00:00,53.76,53.81,53.76,53.76,44811.770456
2026-07-10T10:05:00+00:00,53.76,53.87,53.76,53.87,60396.536023
2026-07-10T10:10:00+00:00,53.85,53.87,53.83,53.84,39788.291101
2026-07-10T10:15:00+00:00,53.83,53.83,53.8,53.82,23073.298811
2026-07-10T10:20:00+00:00,53.81,53.82,53.74,53.78,51532.505189
2026-07-10T10:25:00+00:00,53.78,53.9,53.77,53.9,74569.0298
2026-07-10T10:30:00+00:00,53.89,53.91,53.86,53.91,45387.0
2026-07-10T10:35:00+00:00,53.93,53.97,53.85,53.85,45140.0
2026-07-10T10:40:00+00:00,53.85,53.88,53.83,53.83,42851.0
2026-07-10T10:45:00+00:00,53.82,53.82,53.76,53.79,51311.455849
2026-07-10T10:50:00+00:00,53.79,53.79,53.71,53.72,41572.4294
2026-07-10T10:55:00+00:00,53.71,53.78,53.71,53.74,50750.51642
2026-07-10T11:00:00+00:00,53.73,53.75,53.57,53.58,54838.001623000004
2026-07-10T11:05:00+00:00,53.5899,53.69,53.5897,53.66,73530.343633
2026-07-10T11:10:00+00:00,53.66,53.7,53.65,53.68,34725.211183
2026-07-10T11:15:00+00:00,53.67,53.76,53.67,53.74,64194.869354999995
2026-07-10T11:20:00+00:00,53.74,53.79,53.74,53.79,30271.228155999997
2026-07-10T11:25:00+00:00,53.8,53.85,53.78,53.85,4783.805245
2026-07-10T11:30:00+00:00,53.8301,53.85,53.65,53.65,20604.028769
2026-07-10T11:35:00+00:00,53.62,53.7,53.62,53.64,17264.694023999997
2026-07-10T11:40:00+00:00,53.62,53.6501,53.59,53.6501,14608.480334999998
2026-07-10T11:45:00+00:00,53.62,53.801,53.62,53.801,13567.174032
2026-07-10T11:50:00+00:00,53.81,53.84,53.8,53.83,11880.63988
2026-07-10T11:55:00+00:00,53.8093,53.8374,53.8,53.8,3073.4202410000003
2026-07-10T12:00:00+00:00,53.761,53.761,53.71,53.72,2368.6362630000003
2026-07-10T12:05:00+00:00,53.72,53.74,53.65,53.72,17245.093066
2026-07-10T12:10:00+00:00,53.72,53.7897,53.7,53.7897,22976.372092999998
2026-07-10T12:15:00+00:00,53.79,54.13,53.77,54.08,160717.528667
2026-07-10T12:20:00+00:00,54.05,54.1,53.96,53.98,30199.540622999997
2026-07-10T12:25:00+00:00,53.97,53.98,53.9,53.95,6270.9705619999995
2026-07-10T12:30:00+00:00,53.9,53.98,53.88,53.9799,2061.2887419999997
2026-07-10T12:35:00+00:00,53.98,54.0,53.96,53.97,10740.744933
2026-07-10T12:40:00+00:00,53.97,53.97,53.84,53.89,59766.185632
2026-07-10T12:45:00+00:00,53.89,53.92,53.81,53.83,58028.753840000005
2026-07-10T12:50:00+00:00,53.83,53.89,53.83,53.85,21329.290064
2026-07-10T12:55:00+00:00,53.85,53.95,53.84,53.85,65710.157831
2026-07-10T13:00:00+00:00,53.85,53.95,53.8376,53.92,77223.22176300001
2026-07-10T13:05:00+00:00,53.88,54.06,53.86,53.92,73052.789123
2026-07-10T13:10:00+00:00,53.92,54.13,53.89,54.12,60401.821020999996
2026-07-10T13:15:00+00:00,54.12,54.15,54.03,54.07,96496.61414700001
2026-07-10T13:20:00+00:00,54.0701,54.16,53.99,54.04,79399.519078
2026-07-10T13:25:00+00:00,54.03,54.03,53.87,53.9,65471.064201999994
2026-07-10T13:30:00+00:00,53.9,53.91,53.66,53.67,72188.75389
2026-07-10T13:35:00+00:00,53.69,53.9823,53.67,53.87,535401.657678
2026-07-10T13:40:00+00:00,53.87,54.04,53.7799,54.035,336087.72495999996
2026-07-10T13:45:00+00:00,54.0314,54.06,53.955,53.96,145408.24076200003
2026-07-10T13:50:00+00:00,53.965,54.06,53.905,54.03,102599.782574
2026-07-10T13:55:00+00:00,54.02,54.145,54.01,54.07,109943.30619300001
2026-07-10T14:00:00+00:00,54.075,54.075,53.95,53.99,113656.356038
2026-07-10T14:05:00+00:00,53.99,54.035,53.935,53.98,109427.65959899999
2026-07-10T14:10:00+00:00,53.99,54.0899,53.97,54.07,114581.84667700001
2026-07-10T14:15:00+00:00,54.06,54.09,53.94,53.97,105206.104871
2026-07-10T14:20:00+00:00,53.97,54.06,53.925,54.055,83757.67739
2026-07-10T14:25:00+00:00,54.05,54.12,54.04,54.06,114157.25250599999
2026-07-10T14:30:00+00:00,54.055,54.29,54.01,54.15,120447.981523
2026-07-10T14:35:00+00:00,54.16,54.175,53.23,53.675,998785.1202129999
2026-07-10T14:40:00+00:00,53.685,53.925,53.645,53.87,220387.082221
2026-07-10T14:45:00+00:00,53.87,53.96,53.84,53.89,70930.00634400001
2026-07-10T14:50:00+00:00,53.885,54.08,53.875,54.05,83652.83053600001
2026-07-10T14:55:00+00:00,54.045,54.045,53.89,53.955,85953.30239
2026-07-10T15:00:00+00:00,53.955,53.9634,53.73,53.73,121908.09958599998
2026-07-10T15:05:00+00:00,53.74,53.85,53.705,53.825,104190.755779
2026-07-10T15:10:00+00:00,53.815,53.895,53.8,53.84,78859.11386299999
2026-07-10T15:15:00+00:00,53.845,53.93,53.8273,53.835,37751.083306
2026-07-10T15:20:00+00:00,53.84,54.0095,53.84,53.95,95533.12768
2026-07-10T15:25:00+00:00,53.95,54.105,53.925,54.065,95341.02184300001
2026-07-10T15:30:00+00:00,54.065,54.12,54.02,54.06,71578.787609
2026-07-10T15:35:00+00:00,54.06,54.06,54.0029,54.06,65763.659602
2026-07-10T15:40:00+00:00,54.065,54.1,54.01,54.09,72756.498282
2026-07-10T15:45:00+00:00,54.09,54.09,54.015,54.05,44531.19713099999
2026-07-10T15:50:00+00:00,54.045,54.13,54.045,54.115,34173.039816
2026-07-10T15:55:00+00:00,54.115,54.165,54.08,54.16,68060.787221
2026-07-10T16:00:00+00:00,54.155,54.245,54.13,54.215,118301.768733
2026-07-10T16:05:00+00:00,54.22,54.27,54.14,54.159,121477.734457
2026-07-10T16:10:00+00:00,54.155,54.2,54.13,54.2,92172.09274
2026-07-10T16:15:00+00:00,54.175,54.205,54.1,54.12,83217.485483
2026-07-10T16:20:00+00:00,54.13,54.19,54.11,54.1201,42875.50397599999
2026-07-10T16:25:00+00:00,54.12,54.12,54.05,54.115,47652.616561
2026-07-10T16:30:00+00:00,54.12,54.17,54.11,54.13,84224.810101
2026-07-10T16:35:00+00:00,54.135,54.165,54.13,54.15,143395.574919
2026-07-10T16:40:00+00:00,54.15,54.165,54.12,54.135,38968.058466
2026-07-10T16:45:00+00:00,54.135,54.185,54.11,54.11,49003.605593
2026-07-10T16:50:00+00:00,54.11,54.13,54.07,54.07,26673.583588
2026-07-10T16:55:00+00:00,54.07,54.09,53.98,54.02,92036.030157
2026-07-10T17:00:00+00:00,54.02,54.05,53.99,53.99,46813.798194999996
2026-07-10T17:05:00+00:00,53.99,54.03,53.96,53.975,40037.080631000004
2026-07-10T17:10:00+00:00,53.96,54.005,53.95,53.98,65909.026036
2026-07-10T17:15:00+00:00,53.978,54.015,53.89,53.94,54448.555702
2026-07-10T17:20:00+00:00,53.94,54.015,53.94,53.98,53018.008948999995
2026-07-10T17:25:00+00:00,53.98,54.075,53.98,54.03,93705.12624499999
2026-07-10T17:30:00+00:00,54.025,54.025,53.96,53.99,48717.289014999995
2026-07-10T17:35:00+00:00,53.99,54.0199,53.9444,53.9601,38704.02532
2026-07-10T17:40:00+00:00,53.97,53.9799,53.915,53.915,55724.704924
2026-07-10T17:45:00+00:00,53.92,53.945,53.885,53.89,49604.934748
2026-07-10T17:50:00+00:00,53.8802,53.91,53.86,53.9,53908.032802999995
2026-07-10T17:55:00+00:00,53.9,53.97,53.9,53.915,26095.130275
2026-07-10T18:00:00+00:00,53.915,53.915,53.832,53.84,45242.677806
2026-07-10T18:05:00+00:00,53.84,53.865,53.82,53.8574,32432.560781
2026-07-10T18:10:00+00:00,53.865,53.885,53.835,53.875,53069.673536999995
2026-07-10T18:15:00+00:00,53.875,53.91,53.86,53.895,82725.05705599999
2026-07-10T18:20:00+00:00,53.8983,53.8983,53.83,53.85,36254.250184
2026-07-10T18:25:00+00:00,53.855,53.925,53.8499,53.915,29878.107479
2026-07-10T18:30:00+00:00,53.915,53.97,53.895,53.905,102229.300822
2026-07-10T18:35:00+00:00,53.92,53.98,53.9,53.9799,38254.611598999996
2026-07-10T18:40:00+00:00,53.97,53.975,53.87,53.875,26994.105494
2026-07-10T18:45:00+00:00,53.87,53.876,53.825,53.835,24500.992801999997
2026-07-10T18:50:00+00:00,53.8399,53.86,53.825,53.86,43681.825586
2026-07-10T18:55:00+00:00,53.86,53.875,53.84,53.875,40844.821278999996
2026-07-10T19:00:00+00:00,53.87,53.885,53.84,53.8598,58732.496566
2026-07-10T19:05:00+00:00,53.85,53.855,53.805,53.835,22633.801665
2026-07-10T19:10:00+00:00,53.84,53.935,53.84,53.925,45124.686278
2026-07-10T19:15:00+00:00,53.92,53.95,53.875,53.935,40959.514867000005
2026-07-10T19:20:00+00:00,53.935,53.945,53.9,53.925,23953.171756999996
2026-07-10T19:25:00+00:00,53.92,53.93,53.895,53.9,36083.150388
2026-07-10T19:30:00+00:00,53.9,53.96,53.9,53.935,34551.188152999996
2026-07-10T19:35:00+00:00,53.93,53.97,53.9,53.965,122707.234189
2026-07-10T19:40:00+00:00,53.96,53.97,53.93,53.945,62794.51777199999
2026-07-10T19:45:00+00:00,53.945,53.96,53.915,53.925,77903.56276500001
2026-07-10T19:50:00+00:00,53.9226,53.97,53.91,53.9505,374675.66197300004
2026-07-10T19:55:00+00:00,53.96,53.97,53.92,53.945,203372.371401
2026-07-10T20:00:00+00:00,53.945,53.98,53.925,53.97,534036.357143
2026-07-10T20:05:00+00:00,53.95,54.0961,53.95,54.06,10706.383727
2026-07-10T20:10:00+00:00,54.05,54.05,54.0052,54.0052,19203.055535
2026-07-10T20:15:00+00:00,54.02,54.0397,54.01,54.0397,8080.405758
2026-07-10T20:20:00+00:00,54.03,54.04,54.03,54.04,1527.7969640000001
2026-07-10T20:25:00+00:00,54.059,54.059,54.04,54.04,1357.71333
2026-07-10T20:30:00+00:00,54.02,54.02,54.01,54.01,3137.0
2026-07-10T20:35:00+00:00,54.02,54.04,54.01,54.04,784.0
2026-07-10T20:40:00+00:00,54.01,54.04,54.01,54.04,1031.185099
2026-07-10T20:45:00+00:00,54.04,54.05,54.04,54.0403,3045.796964
2026-07-10T20:50:00+00:00,54.07,54.07,54.05,54.07,1460.0924890000001
2026-07-10T20:55:00+00:00,54.07,54.11,54.07,54.1091,3106.0
2026-07-10T21:00:00+00:00,54.12,54.18,54.11,54.18,7818.819282
2026-07-10T21:05:00+00:00,54.15,54.15,54.13,54.14,2978.171745
2026-07-10T21:10:00+00:00,54.13,54.1708,54.12,54.1708,14468.772100999999
2026-07-10T21:15:00+00:00,54.17,54.19,54.11,54.18,2793.875991
2026-07-10T21:20:00+00:00,54.11,54.15,54.1,54.1,8731.056811999999
2026-07-10T21:30:00+00:00,54.1592,54.1592,54.12,54.12,6334.0
2026-07-10T21:35:00+00:00,54.03,54.03,54.03,54.03,127.0
2026-07-10T21:40:00+00:00,54.16,54.16,54.1302,54.14,3902.847233
2026-07-10T21:45:00+00:00,54.15,54.17,54.15,54.16,3753.417753
2026-07-10T21:50:00+00:00,54.16,54.16,54.16,54.16,372.0
2026-07-10T21:55:00+00:00,54.14,54.15,54.14,54.15,1043.709354
2026-07-10T22:00:00+00:00,54.14,54.14,54.14,54.14,196.0
2026-07-10T22:05:00+00:00,54.12,54.12,54.11,54.11,1305.010886
2026-07-10T22:10:00+00:00,54.1287,54.1287,54.1002,54.1002,312.0
2026-07-10T22:15:00+00:00,54.13,54.13,54.13,54.13,1932.0
2026-07-10T22:30:00+00:00,54.13,54.13,54.1,54.13,308.0
2026-07-10T22:35:00+00:00,54.13,54.13,54.09,54.09,4084.0472760000002
2026-07-10T22:50:00+00:00,54.09,54.09,54.09,54.09,362.0
2026-07-10T22:55:00+00:00,54.12,54.1293,54.11,54.1293,1214.0
2026-07-10T23:00:00+00:00,54.13,54.13,54.13,54.13,1015.0
2026-07-10T23:05:00+00:00,54.13,54.13,54.09,54.09,2173.142616
2026-07-10T23:10:00+00:00,54.09,54.105,54.09,54.105,298.251357
2026-07-10T23:15:00+00:00,54.11,54.11,54.11,54.11,1008.0
2026-07-10T23:20:00+00:00,54.1,54.11,54.1,54.11,2000.0
2026-07-10T23:25:00+00:00,54.09,54.09,54.0801,54.0801,2290.335154
2026-07-10T23:35:00+00:00,54.13,54.13,54.13,54.13,281.0
2026-07-10T23:40:00+00:00,54.11,54.13,54.1,54.1,681.0
2026-07-10T23:45:00+00:00,54.1,54.1302,54.1,54.1302,766.6999989999999
2026-07-10T23:50:00+00:00,54.14,54.14,54.14,54.14,206.0
2026-07-11T00:00:00+00:00,54.13,54.13,54.1299,54.1299,914.0
2026-07-13T08:05:00+00:00,52.85,53.03,52.2,53.0,265703.189851
2026-07-13T08:10:00+00:00,53.01,53.13,52.3,53.13,26601.0
2026-07-13T08:15:00+00:00,53.15,53.27,53.15,53.25,14524.042646999998
2026-07-13T08:20:00+00:00,53.26,53.3116,53.24,53.25,9796.239134
2026-07-13T08:25:00+00:00,53.24,53.29,52.55,53.24,12874.390912
2026-07-13T08:30:00+00:00,53.25,53.25,53.24,53.24,1897.719
2026-07-13T08:35:00+00:00,53.1811,53.2,53.15,53.15,13370.081461
2026-07-13T08:40:00+00:00,53.21,53.28,53.21,53.28,2193.0
2026-07-13T08:45:00+00:00,53.2504,53.28,53.2496,53.27,42193.0
2026-07-13T08:50:00+00:00,53.25,53.26,53.25,53.26,14225.916176
2026-07-13T08:55:00+00:00,53.3,53.3,53.27,53.28,1485.374249
2026-07-13T09:00:00+00:00,53.23,53.23,52.29,52.76,7798.0
2026-07-13T09:05:00+00:00,53.1845,53.1845,53.14,53.14,398.0
2026-07-13T09:10:00+00:00,53.1325,53.14,53.12,53.12,11496.895532999999
2026-07-13T09:15:00+00:00,53.1,53.1,53.05,53.1,15370.599736
2026-07-13T09:20:00+00:00,53.06,53.1,53.05,53.05,5413.0
2026-07-13T09:25:00+00:00,53.05,53.08,53.031,53.06,5506.109648
2026-07-13T09:30:00+00:00,53.05,53.05,53.0,53.0,1763.630969
2026-07-13T09:35:00+00:00,53.05,53.05,52.95,52.95,5792.0
2026-07-13T09:40:00+00:00,52.95,52.95,52.95,52.95,2257.0620980000003
2026-07-13T09:45:00+00:00,52.95,52.95,52.95,52.95,436.797063
2026-07-13T09:50:00+00:00,52.99,52.99,52.99,52.99,604.0
2026-07-13T09:55:00+00:00,52.96,52.96,52.86,52.9,3299.0
2026-07-13T10:00:00+00:00,52.85,52.86,52.84,52.86,4568.04
2026-07-13T10:05:00+00:00,52.86,52.93,52.86,52.92,12888.182281
2026-07-13T10:10:00+00:00,52.92,52.93,52.9,52.9,3914.0
2026-07-13T10:15:00+00:00,52.85,52.87,52.85,52.87,616.0
2026-07-13T10:20:00+00:00,52.86,52.86,52.86,52.86,100.0
2026-07-13T10:25:00+00:00,52.85,52.85,52.81,52.84,1069.094228
2026-07-13T10:30:00+00:00,52.82,52.83,52.79,52.8,6883.029
2026-07-13T10:35:00+00:00,52.8,52.82,52.8,52.8,462.134552
2026-07-13T10:40:00+00:00,52.82,52.872,52.82,52.87,2455.1363570000003
2026-07-13T10:45:00+00:00,52.88,52.88,52.7,52.71,11673.869124
2026-07-13T10:50:00+00:00,52.74,52.77,52.69,52.77,11037.0
2026-07-13T10:55:00+00:00,52.78,52.85,52.75,52.85,10547.0
2026-07-13T11:00:00+00:00,52.8484,52.9,52.81,52.9,11428.0
2026-07-13T11:05:00+00:00,52.8197,52.88,52.74,52.8401,60996.356906
2026-07-13T11:10:00+00:00,52.86,52.96,52.86,52.93,21390.573172999997
2026-07-13T11:15:00+00:00,52.88,52.89,52.82,52.84,10178.626680999998
2026-07-13T11:20:00+00:00,52.85,52.91,52.835,52.835,11360.376106
2026-07-13T11:25:00+00:00,52.85,52.89,52.81,52.8714,12217.497393000001
2026-07-13T11:30:00+00:00,52.8714,52.98,52.8714,52.98,10862.114317
2026-07-13T11:35:00+00:00,52.98,53.1,52.98,53.1,7555.736848
2026-07-13T11:40:00+00:00,53.06,53.09,53.02,53.0699,9917.387453
2026-07-13T11:45:00+00:00,53.0661,53.12,53.05,53.1075,8353.832388
2026-07-13T11:50:00+00:00,53.1,53.12,52.99,53.06,17393.835876
2026-07-13T11:55:00+00:00,53.0226,53.0226,52.8801,52.8801,32648.675324
2026-07-13T12:00:00+00:00,52.8984,52.9471,52.88,52.91,7745.189872000001
2026-07-13T12:05:00+00:00,52.93,52.97,52.88,52.88,5633.182207
2026-07-13T12:10:00+00:00,52.89,52.91,52.8304,52.8526,10166.056673
2026-07-13T12:15:00+00:00,52.85,52.95,52.77,52.85,8224.636140999999
2026-07-13T12:20:00+00:00,52.87,52.95,52.8511,52.9,12018.399054
2026-07-13T12:25:00+00:00,52.8,52.88,52.79,52.87,8813.632837000001
2026-07-13T12:30:00+00:00,52.86,52.87,52.71,52.71,5831.237256
2026-07-13T12:35:00+00:00,52.72,52.775,52.66,52.76,19891.318029000002
2026-07-13T12:40:00+00:00,52.76,52.77,52.7,52.71,6449.3934260000005
2026-07-13T12:45:00+00:00,52.79,52.85,52.7652,52.839,21064.992777
2026-07-13T12:50:00+00:00,52.86,52.91,52.83,52.8947,13231.709885999999
2026-07-13T12:55:00+00:00,52.8652,52.9172,52.85,52.89,9701.381991
2026-07-13T13:00:00+00:00,52.91,53.06,52.8639,53.05,9449.049078
2026-07-13T13:05:00+00:00,53.0,53.0,52.77,52.86,19907.417646
2026-07-13T13:10:00+00:00,52.88,52.9,52.8199,52.9,12448.14291
2026-07-13T13:15:00+00:00,52.845,52.845,52.76,52.83,6966.383714
2026-07-13T13:20:00+00:00,52.75,52.79,52.69,52.73,17715.529773000002
2026-07-13T13:25:00+00:00,52.75,52.87,52.73,52.87,30091.620667000003
2026-07-13T13:30:00+00:00,52.85,53.0894,52.81,52.9815,27333.207602000002
2026-07-13T13:35:00+00:00,52.95,53.0,52.76,52.8,468171.587463
2026-07-13T13:40:00+00:00,52.8,52.85,52.7,52.7095,255185.88553899998
2026-07-13T13:45:00+00:00,52.71,52.83,52.625,52.74,250505.93112500003
2026-07-13T13:50:00+00:00,52.74,52.79,52.56,52.585,226109.44766
2026-07-13T13:55:00+00:00,52.59,52.73,52.475,52.69,276802.719034
2026-07-13T14:00:00+00:00,52.689,52.73,52.61,52.61,224607.186097
2026-07-13T14:05:00+00:00,52.605,52.66,52.55,52.58,237036.635644
2026-07-13T14:10:00+00:00,52.59,52.5951,52.34,52.525,420037.13620999997
2026-07-13T14:15:00+00:00,52.52,52.625,52.48,52.575,182652.265595
2026-07-13T14:20:00+00:00,52.57,52.6299,52.01,52.345,856114.6594339999
2026-07-13T14:25:00+00:00,52.355,52.465,52.09,52.4436,321027.313468
2026-07-13T14:30:00+00:00,52.44,52.5501,52.365,52.445,188613.875415
2026-07-13T14:35:00+00:00,52.43,52.435,52.25,52.315,182037.518691
2026-07-13T14:40:00+00:00,52.31,52.34,52.22,52.27,173167.88772399997
2026-07-13T14:45:00+00:00,52.27,52.27,52.125,52.26,290850.97980000003
2026-07-13T14:50:00+00:00,52.25,52.41,52.195,52.38,143905.34580399998
2026-07-13T14:55:00+00:00,52.39,52.45,52.33,52.42,106353.67244999998
2026-07-13T15:00:00+00:00,52.415,52.54,52.41,52.54,215493.09035999997
2026-07-13T15:05:00+00:00,52.545,52.59,52.415,52.42,146217.407557
2026-07-13T15:10:00+00:00,52.425,52.47,52.39,52.4602,134575.54435
2026-07-13T15:15:00+00:00,52.47,52.5299,52.44,52.4599,126460.369313
2026-07-13T15:20:00+00:00,52.4599,52.54,52.4,52.54,87052.678155
2026-07-13T15:25:00+00:00,52.53,52.55,52.5,52.525,90554.51172099999
2026-07-13T15:30:00+00:00,52.52,52.555,52.47,52.5265,132130.418656
2026-07-13T15:35:00+00:00,52.54,52.595,52.48,52.515,130992.490232
2026-07-13T15:40:00+00:00,52.52,52.55,52.46,52.485,191300.18567799998
2026-07-13T15:45:00+00:00,52.485,52.49,52.4201,52.45,61864.367006
2026-07-13T15:50:00+00:00,52.45,52.47,52.38,52.45,84367.413799
2026-07-13T15:55:00+00:00,52.46,52.46,52.35,52.42,69902.87888999999
2026-07-13T16:00:00+00:00,52.41,52.4299,52.38,52.42,33724.280587
2026-07-13T16:05:00+00:00,52.43,52.4801,52.39,52.46,187867.49221899998
2026-07-13T16:10:00+00:00,52.4599,52.48,52.39,52.445,76385.11973600001
2026-07-13T16:15:00+00:00,52.445,52.48,52.4,52.435,106631.65913999999
2026-07-13T16:20:00+00:00,52.43,52.43,52.36,52.38,77226.45458099998
2026-07-13T16:25:00+00:00,52.38,52.405,52.29,52.29,63305.876909
2026-07-13T16:30:00+00:00,52.295,52.315,52.08,52.16,186800.52681100002
2026-07-13T16:35:00+00:00,52.16,52.19,51.94,51.9655,433380.32447899994
2026-07-13T16:40:00+00:00,51.96,52.095,51.9,52.07,309166.67333200003
2026-07-13T16:45:00+00:00,52.065,52.12,52.0,52.115,157889.83841199998
2026-07-13T16:50:00+00:00,52.11,52.165,52.075,52.0999,118758.377847
2026-07-13T16:55:00+00:00,52.105,52.105,51.965,52.04,148790.535948
2026-07-13T17:00:00+00:00,52.03,52.08,51.9299,52.075,162755.723077
2026-07-13T17:05:00+00:00,52.08,52.15,52.05,52.0798,105069.952288
2026-07-13T17:10:00+00:00,52.07,52.18,52.055,52.16,88367.647461
2026-07-13T17:15:00+00:00,52.16,52.189,52.1202,52.185,109543.160966
2026-07-13T17:20:00+00:00,52.19,52.224,52.1451,52.215,78848.36792599999
2026-07-13T17:25:00+00:00,52.2099,52.2099,52.08,52.09,120558.580928
2026-07-13T17:30:00+00:00,52.09,52.12,52.04,52.091,76430.107776
2026-07-13T17:35:00+00:00,52.1,52.1,52.02,52.08,91804.586756
2026-07-13T17:40:00+00:00,52.075,52.075,52.01,52.05,55440.112007
2026-07-13T17:45:00+00:00,52.05,52.09,52.0,52.0396,112104.649525
2026-07-13T17:50:00+00:00,52.04,52.085,51.8601,51.895,266989.652207
2026-07-13T17:55:00+00:00,51.895,51.91,51.805,51.88,240743.300856
2026-07-13T18:00:00+00:00,51.88,51.89,51.78,51.83,133855.975585
2026-07-13T18:05:00+00:00,51.83,51.92,51.795,51.855,133350.745607
2026-07-13T18:10:00+00:00,51.855,51.93,51.855,51.865,72517.759784
2026-07-13T18:15:00+00:00,51.8699,51.93,51.8095,51.925,104921.589221
2026-07-13T18:20:00+00:00,51.92,51.935,51.785,51.8199,101126.584103
2026-07-13T18:25:00+00:00,51.82,51.995,51.8099,51.995,158043.095729
2026-07-13T18:30:00+00:00,51.99,52.03,51.965,51.985,112515.774972
2026-07-13T18:35:00+00:00,51.975,52.02,51.935,51.9401,100481.850305
2026-07-13T18:40:00+00:00,51.95,52.055,51.945,52.015,106908.04466
2026-07-13T18:45:00+00:00,52.01,52.05,51.99,52.0402,69862.851741
2026-07-13T18:50:00+00:00,52.0439,52.115,52.0,52.115,85327.982184
2026-07-13T18:55:00+00:00,52.11,52.17,52.07,52.1,244990.780793
2026-07-13T19:00:00+00:00,52.09,52.12,52.02,52.075,145727.964668
2026-07-13T19:05:00+00:00,52.085,52.1499,52.005,52.145,131691.205871
2026-07-13T19:10:00+00:00,52.14,52.14,52.0,52.02,146832.269356
2026-07-13T19:15:00+00:00,52.02,52.02,51.955,51.96,65570.38658800001
2026-07-13T19:20:00+00:00,51.97,52.04,51.955,52.0001,94761.066864
2026-07-13T19:25:00+00:00,52.01,52.01,51.915,51.9757,98545.54437599999
2026-07-13T19:30:00+00:00,51.9795,51.995,51.93,51.945,125410.969815
2026-07-13T19:35:00+00:00,51.94,51.9999,51.935,51.97,134078.608677
2026-07-13T19:40:00+00:00,51.96,51.96,51.9,51.945,236264.860513
2026-07-13T19:45:00+00:00,51.945,52.06,51.945,52.055,136575.972052
2026-07-13T19:50:00+00:00,52.055,52.0699,52.01,52.0252,1399568.343915
2026-07-13T19:55:00+00:00,52.03,52.16,52.03,52.135,611906.3460919999
2026-07-13T20:00:00+00:00,52.135,52.18,52.1,52.16,1164633.6599639999
2026-07-13T20:05:00+00:00,52.08,52.2,52.08,52.2,33600.537352
2026-07-13T20:10:00+00:00,52.229,52.23,52.12,52.13,37548.934588000004
2026-07-13T20:15:00+00:00,52.15,52.1597,52.06,52.06,12876.792676000001
2026-07-13T20:20:00+00:00,52.07,52.08,52.0,52.08,40120.55671999999
2026-07-13T20:25:00+00:00,52.07,52.07,52.04,52.05,37312.616713
2026-07-13T20:30:00+00:00,52.04,52.06,52.04,52.06,12181.699936
2026-07-13T20:35:00+00:00,52.07,52.0902,52.04,52.04,31532.08101
2026-07-13T20:40:00+00:00,52.05,52.06,52.02,52.05,2174.104988
2026-07-13T20:45:00+00:00,52.07,52.08,52.07,52.08,1439.16286
2026-07-13T20:50:00+00:00,52.07,52.08,52.07,52.08,428.609322
2026-07-13T20:55:00+00:00,52.0533,52.13,52.0533,52.13,1958.395005
2026-07-13T21:00:00+00:00,52.13,52.17,52.12,52.17,14153.575447
2026-07-13T21:05:00+00:00,52.13,52.15,52.06,52.15,1380.0
2026-07-13T21:10:00+00:00,52.15,52.17,52.15,52.17,1236.202972
2026-07-13T21:15:00+00:00,52.11,52.11,52.11,52.11,250.38384
2026-07-13T21:20:00+00:00,52.15,52.15,52.15,52.15,192.0
2026-07-13T21:25:00+00:00,52.06,52.0601,52.06,52.0601,5903.5
2026-07-13T21:30:00+00:00,52.1,52.14,52.1,52.1,2016.019193
2026-07-13T21:35:00+00:00,52.15,52.15,52.15,52.15,140.0
2026-07-13T21:40:00+00:00,52.15,52.15,52.13,52.13,214.0
2026-07-13T21:45:00+00:00,52.13,52.13,52.0816,52.09,951.3811900000001
2026-07-13T21:50:00+00:00,52.12,52.13,52.11,52.12,7390.02186
2026-07-13T21:55:00+00:00,52.12,52.13,52.0878,52.13,1885.325985
2026-07-13T22:00:00+00:00,52.11,52.11,52.11,52.11,204.0
2026-07-13T22:05:00+00:00,52.1,52.13,52.06,52.06,11404.016916
2026-07-13T22:10:00+00:00,52.07,52.07,52.07,52.07,541.0
2026-07-13T22:15:00+00:00,52.12,52.12,52.11,52.11,350.0
2026-07-13T22:20:00+00:00,52.14,52.17,52.14,52.17,1247.780257
2026-07-13T22:25:00+00:00,52.17,52.18,52.15,52.18,7893.01573
2026-07-13T22:35:00+00:00,52.15,52.15,52.14,52.14,1148.923104
2026-07-13T22:40:00+00:00,52.12,52.14,52.12,52.13,1507.69381
2026-07-13T22:45:00+00:00,52.13,52.13,52.1051,52.1174,442.317198
2026-07-13T22:50:00+00:00,52.1039,52.1039,52.1039,52.1039,169.1
2026-07-13T22:55:00+00:00,52.11,52.11,52.09,52.09,6197.628165
2026-07-13T23:00:00+00:00,52.08,52.08,52.08,52.08,1111.0
2026-07-13T23:05:00+00:00,52.06,52.0623,52.06,52.0623,1381.984447
2026-07-13T23:10:00+00:00,52.04,52.08,52.01,52.01,3013.0
2026-07-13T23:15:00+00:00,52.06,52.06,51.98,52.0,4039.12007
2026-07-13T23:20:00+00:00,52.02,52.04,52.02,52.04,1492.74
2026-07-13T23:25:00+00:00,52.02,52.06,52.02,52.06,1360.0
2026-07-13T23:30:00+00:00,52.04,52.04,52.0,52.0,2597.48
2026-07-13T23:35:00+00:00,51.94,51.94,51.9,51.92,5300.115718999999
2026-07-13T23:45:00+00:00,51.96,51.96,51.92,51.92,1175.32988
2026-07-13T23:50:00+00:00,51.92,52.0,51.92,52.0,13806.192437
2026-07-13T23:55:00+00:00,52.06,52.06,52.02,52.05,708.0003839999999
2026-07-14T00:00:00+00:00,52.07,52.08,52.07,52.08,421.968744
2026-07-14T08:05:00+00:00,52.71,52.8,51.99,52.4,201599.562473
2026-07-14T08:10:00+00:00,52.42,52.42,52.31,52.31,18381.981085
2026-07-14T08:15:00+00:00,52.33,52.33,52.3,52.3,2721.877
2026-07-14T08:20:00+00:00,52.34,52.41,52.34,52.4,1807.738599
2026-07-14T08:25:00+00:00,52.42,52.45,52.42,52.44,11716.097664
2026-07-14T08:30:00+00:00,52.44,52.49,52.44,52.49,339.0
2026-07-14T08:35:00+00:00,52.45,52.5296,52.45,52.49,11745.844568999999
2026-07-14T08:40:00+00:00,52.49,52.49,52.46,52.4639,1622.0
2026-07-14T08:45:00+00:00,52.52,52.56,52.48,52.52,18486.906576
2026-07-14T08:50:00+00:00,52.5075,52.5075,52.43,52.44,2065.047619
2026-07-14T08:55:00+00:00,52.46,52.48,52.41,52.48,6957.0
2026-07-14T09:00:00+00:00,52.48,52.48,52.414,52.414,5623.03
2026-07-14T09:05:00+00:00,52.396,52.5,52.396,52.5,11747.07
2026-07-14T09:10:00+00:00,52.49,52.53,52.49,52.53,1238.0
2026-07-14T09:15:00+00:00,52.52,52.597,52.52,52.57,18958.959474
2026-07-14T09:25:00+00:00,52.56,52.56,52.5,52.5,1739.9785
2026-07-14T09:30:00+00:00,52.4,52.4,52.4,52.4,1001.0
2026-07-14T09:40:00+00:00,52.4,52.45,52.4,52.45,292.0
2026-07-14T09:45:00+00:00,52.42,52.4201,52.41,52.4201,1021.563766
2026-07-14T09:50:00+00:00,52.45,52.52,52.45,52.52,850.0
2026-07-14T09:55:00+00:00,52.57,52.57,52.53,52.53,8568.0
2026-07-14T10:00:00+00:00,52.5,52.52,52.5,52.52,1270.5
2026-07-14T10:05:00+00:00,52.5,52.5,52.47,52.47,2783.377429
2026-07-14T10:10:00+00:00,52.5,52.5027,52.4441,52.47,6610.5
2026-07-14T10:15:00+00:00,52.43,52.43,52.4,52.4,4377.845999
2026-07-14T10:20:00+00:00,52.41,52.41,52.41,52.41,567.0
2026-07-14T10:25:00+00:00,52.37,52.37,52.37,52.37,3105.0
2026-07-14T10:30:00+00:00,52.35,52.37,52.31,52.37,8392.503940999999
2026-07-14T10:35:00+00:00,52.37,52.37,52.3,52.32,6623.7455549999995
2026-07-14T10:40:00+00:00,52.31,52.37,52.31,52.37,1875.0
2026-07-14T10:45:00+00:00,52.355,52.36,52.31,52.34,10342.0
2026-07-14T10:50:00+00:00,52.34,52.37,52.34,52.36,6225.55
2026-07-14T10:55:00+00:00,52.39,52.4,52.35,52.37,9965.41663
2026-07-14T11:00:00+00:00,52.34,52.38,52.33,52.33,2794.5247
2026-07-14T11:05:00+00:00,52.34,52.34,52.27,52.28,36454.263591999996
2026-07-14T11:10:00+00:00,52.27,52.3,52.2379,52.25,5864.4416870000005
2026-07-14T11:15:00+00:00,52.26,52.32,52.2,52.32,7585.014965
2026-07-14T11:20:00+00:00,52.34,52.35,52.32,52.35,4253.3661
2026-07-14T11:25:00+00:00,52.37,52.5,52.3691,52.5,9049.554313
2026-07-14T11:30:00+00:00,52.5,52.52,52.4499,52.4499,19884.0
2026-07-14T11:35:00+00:00,52.45,52.47,52.42,52.42,5102.862861
2026-07-14T11:40:00+00:00,52.43,52.44,52.4,52.4151,14309.853778
2026-07-14T11:45:00+00:00,52.44,52.4661,52.4,52.4661,4241.406839
2026-07-14T11:50:00+00:00,52.44,52.52,52.42,52.5,2400.259482
2026-07-14T11:55:00+00:00,52.441,52.49,52.44,52.46,5058.212544
2026-07-14T12:00:00+00:00,52.5,52.52,52.4801,52.4904,76687.543749
2026-07-14T12:05:00+00:00,52.45,52.5,52.42,52.47,3256.817438
2026-07-14T12:10:00+00:00,52.36,52.36,52.31,52.31,4506.761276
2026-07-14T12:15:00+00:00,52.33,52.37,52.31,52.31,14839.0
2026-07-14T12:20:00+00:00,52.3,52.39,52.27,52.39,11183.551908
2026-07-14T12:25:00+00:00,52.38,52.38,52.28,52.33,26940.580595000003
2026-07-14T12:30:00+00:00,52.31,52.44,52.3,52.43,9991.348017
2026-07-14T12:35:00+00:00,52.8,53.94,52.47,53.79,469801.15285199997
2026-07-14T12:40:00+00:00,53.84,53.88,53.47,53.48,172551.177141
2026-07-14T12:45:00+00:00,53.48,53.53,53.36,53.44,96370.696738
2026-07-14T12:50:00+00:00,53.48,53.52,53.23,53.33,50342.907178999994
2026-07-14T12:55:00+00:00,53.27,53.2774,53.07,53.09,38932.668537000005
2026-07-14T13:00:00+00:00,53.1121,53.41,53.0,53.34,86174.41563500001
2026-07-14T13:05:00+00:00,53.37,53.49,53.23,53.27,131375.765054
2026-07-14T13:10:00+00:00,53.3,53.43,53.3,53.37,26581.913738000003
2026-07-14T13:15:00+00:00,53.36,53.43,53.2526,53.2526,16079.454259
2026-07-14T13:20:00+00:00,53.3,53.5,53.3,53.43,31570.496834
2026-07-14T13:25:00+00:00,53.35,53.59,53.32,53.56,55430.055271
2026-07-14T13:30:00+00:00,53.54,53.58,53.48,53.5,45397.834344
2026-07-14T13:35:00+00:00,53.53,53.61,53.395,53.45,491624.88549300004
2026-07-14T13:40:00+00:00,53.44,53.74,53.395,53.69,379897.844482
2026-07-14T13:45:00+00:00,53.68,53.83,53.645,53.805,236516.869149
2026-07-14T13:50:00+00:00,53.8,53.81,53.62,53.66,381442.085504
2026-07-14T13:55:00+00:00,53.665,53.7,53.465,53.48,335772.185131
2026-07-14T14:00:00+00:00,53.47,53.48,53.37,53.4,198178.73298299997
2026-07-14T14:05:00+00:00,53.4,53.51,53.2905,53.305,271835.021766
2026-07-14T14:10:00+00:00,53.3,53.44,53.26,53.385,258539.751582
2026-07-14T14:15:00+00:00,53.39,53.485,53.295,53.425,296591.208454
2026-07-14T14:20:00+00:00,53.42,53.42,53.2,53.33,125481.205479
2026-07-14T14:25:00+00:00,53.33,53.57,53.305,53.45,174764.56544500001
2026-07-14T14:30:00+00:00,53.44,53.53,53.36,53.41,278986.23904799996
2026-07-14T14:35:00+00:00,53.41,53.74,53.3101,53.55,647906.595788
2026-07-14T14:40:00+00:00,53.535,53.56,53.395,53.491,184428.86811299997
2026-07-14T14:45:00+00:00,53.5,53.58,53.4628,53.5,78486.686019
2026-07-14T14:50:00+00:00,53.52,53.565,53.43,53.4498,53624.93634
2026-07-14T14:55:00+00:00,53.445,53.59,53.41,53.56,124877.214147
2026-07-14T15:00:00+00:00,53.57,53.635,53.5501,53.6,85045.987487
2026-07-14T15:05:00+00:00,53.605,53.76,53.41,53.66,302372.28780499997
2026-07-14T15:10:00+00:00,53.65,53.935,53.585,53.82,419170.848128
2026-07-14T15:15:00+00:00,53.81,53.81,53.61,53.63,195437.547614
2026-07-14T15:20:00+00:00,53.62,53.65,53.5299,53.56,76646.468134
2026-07-14T15:25:00+00:00,53.555,53.58,53.4915,53.515,153042.337501
2026-07-14T15:30:00+00:00,53.515,53.515,53.45,53.4986,89550.489172
2026-07-14T15:35:00+00:00,53.5,53.53,53.36,53.38,119553.444823
2026-07-14T15:40:00+00:00,53.39,53.39,53.26,53.28,214247.70084900002
2026-07-14T15:45:00+00:00,53.28,53.28,53.09,53.251,177214.401104
2026-07-14T15:50:00+00:00,53.26,53.315,53.2103,53.215,129028.645303
2026-07-14T15:55:00+00:00,53.225,53.2264,53.105,53.135,90767.209218
2026-07-14T16:00:00+00:00,53.145,53.1761,53.12,53.14,127301.73021800001
2026-07-14T16:05:00+00:00,53.14,53.15,53.0828,53.12,83816.892003
2026-07-14T16:10:00+00:00,53.1299,53.13,52.98,53.08,149287.025155
2026-07-14T16:15:00+00:00,53.08,53.18,53.08,53.15,63852.65999
2026-07-14T16:20:00+00:00,53.145,53.23,53.1,53.21,73310.938969
2026-07-14T16:25:00+00:00,53.1963,53.2,53.1,53.155,54758.070121
2026-07-14T16:30:00+00:00,53.145,53.1855,53.115,53.16,34443.322093
2026-07-14T16:35:00+00:00,53.155,53.2,53.11,53.12,57121.917436
2026-07-14T16:40:00+00:00,53.13,53.155,53.07,53.115,59826.995287
2026-07-14T16:45:00+00:00,53.115,53.165,53.105,53.145,56178.80534399999
2026-07-14T16:50:00+00:00,53.14,53.155,53.02,53.065,63514.725882
2026-07-14T16:55:00+00:00,53.06,53.125,53.05,53.105,61095.84616
2026-07-14T17:00:00+00:00,53.1032,53.12,53.07,53.1,42968.313861999995
2026-07-14T17:05:00+00:00,53.105,53.125,53.035,53.065,61188.981832000005
2026-07-14T17:10:00+00:00,53.065,53.065,52.965,53.03,60287.308866
2026-07-14T17:15:00+00:00,53.03,53.06,53.0,53.015,78467.12379000001
2026-07-14T17:20:00+00:00,53.01,53.02,52.965,53.0101,181177.231095
2026-07-14T17:25:00+00:00,53.01,53.14,52.9937,53.135,87032.789903
2026-07-14T17:30:00+00:00,53.13,53.19,53.125,53.16,42789.469438
2026-07-14T17:35:00+00:00,53.17,53.185,53.1401,53.145,42217.021407
2026-07-14T17:40:00+00:00,53.135,53.165,53.1237,53.1501,26086.813512
2026-07-14T17:45:00+00:00,53.15,53.16,53.11,53.115,19758.849882000002
2026-07-14T17:50:00+00:00,53.115,53.135,53.075,53.12,63484.639458
2026-07-14T17:55:00+00:00,53.13,53.175,53.13,53.175,44412.691401000004
2026-07-14T18:00:00+00:00,53.175,53.18,53.14,53.17,66928.467088
2026-07-14T18:05:00+00:00,53.16,53.1699,53.11,53.15,76178.22266199999
2026-07-14T18:10:00+00:00,53.14,53.165,53.13,53.145,41206.942073
2026-07-14T18:15:00+00:00,53.14,53.195,53.125,53.19,50447.237456
2026-07-14T18:20:00+00:00,53.1899,53.2,53.16,53.18,67704.047321
2026-07-14T18:25:00+00:00,53.17,53.17,53.081,53.085,59274.832331
2026-07-14T18:30:00+00:00,53.08,53.135,53.071,53.1,62173.737837
2026-07-14T18:35:00+00:00,53.1,53.12,53.04,53.085,43020.981968
2026-07-14T18:40:00+00:00,53.085,53.09,52.9795,52.99,161930.278582
2026-07-14T18:45:00+00:00,52.995,53.005,52.855,52.921,203670.18355500003
2026-07-14T18:50:00+00:00,52.91,52.95,52.885,52.9125,118686.338211
2026-07-14T18:55:00+00:00,52.91,52.96,52.88,52.945,139446.670316
2026-07-14T19:00:00+00:00,52.945,53.0,52.93,52.99,31408.363944000004
2026-07-14T19:05:00+00:00,52.985,53.01,52.97,52.985,50770.203673
2026-07-14T19:10:00+00:00,52.984,53.055,52.9741,53.035,34188.500111
2026-07-14T19:15:00+00:00,53.035,53.149,53.03,53.125,69034.619177
2026-07-14T19:20:00+00:00,53.12,53.14,53.09,53.115,64764.275386999994
2026-07-14T19:25:00+00:00,53.115,53.115,53.07,53.1,46695.891252
2026-07-14T19:30:00+00:00,53.1,53.1101,53.075,53.085,33042.230543000005
2026-07-14T19:35:00+00:00,53.07,53.095,53.015,53.075,239810.19689599998
2026-07-14T19:40:00+00:00,53.075,53.1,53.04,53.075,82483.038342
2026-07-14T19:45:00+00:00,53.075,53.135,53.07,53.115,100920.56947799999
2026-07-14T19:50:00+00:00,53.12,53.16,53.12,53.125,64592.892093
2026-07-14T19:55:00+00:00,53.125,53.18,53.1,53.16,174762.12412599998
2026-07-14T20:00:00+00:00,53.155,53.2,53.15,53.15,520747.662196
2026-07-14T20:05:00+00:00,53.16,53.16,53.13,53.13,1998.3007229999998
2026-07-14T20:10:00+00:00,53.13,53.16,53.13,53.136,1408.0
2026-07-14T20:15:00+00:00,53.13,53.149,53.1,53.14,1716.8913509999998
2026-07-14T20:20:00+00:00,53.12,53.12,53.1,53.1,41896.759272999996
2026-07-14T20:25:00+00:00,53.09,53.1,53.09,53.0999,1090.301372
2026-07-14T20:30:00+00:00,53.085,53.085,53.085,53.085,475.000188
2026-07-14T20:35:00+00:00,53.09,53.09,53.06,53.06,593.308977
2026-07-14T20:40:00+00:00,53.04,53.069,53.04,53.069,1436.3565
2026-07-14T20:45:00+00:00,53.069,53.069,53.04,53.0635,2642.0
2026-07-14T20:50:00+00:00,53.03,53.05,53.03,53.05,411.0
2026-07-14T20:55:00+00:00,53.0,53.07,53.0,53.06,10528.793216
2026-07-14T21:00:00+00:00,53.0795,53.0795,53.0552,53.0552,1553.474428
2026-07-14T21:05:00+00:00,53.08,53.08,53.08,53.08,5987.0
2026-07-14T21:10:00+00:00,53.07,53.07,53.07,53.07,319.286498
2026-07-14T21:15:00+00:00,53.1,53.1,53.1,53.1,1095.0
2026-07-14T21:25:00+00:00,53.0857,53.0857,53.0811,53.0811,460.01883
2026-07-14T21:30:00+00:00,53.1,53.1,53.07,53.07,534.0
2026-07-14T21:35:00+00:00,53.1,53.1222,53.1,53.1222,7298.178999
2026-07-14T21:40:00+00:00,53.12,53.12,53.1,53.1,1988.713211
2026-07-14T21:55:00+00:00,53.1,53.1,53.1,53.1,1327.0
2026-07-14T22:00:00+00:00,53.1186,53.1186,53.1186,53.1186,3003.0
2026-07-14T22:05:00+00:00,53.1189,53.1189,53.1189,53.1189,9407.0
2026-07-14T22:10:00+00:00,53.12,53.12,53.12,53.12,292.1
2026-07-14T22:15:00+00:00,53.1,53.1,53.07,53.07,1468.0
2026-07-14T22:20:00+00:00,53.06,53.06,53.06,53.06,1420.0
2026-07-14T22:25:00+00:00,53.07,53.12,53.0601,53.0601,3044.318515
2026-07-14T22:35:00+00:00,53.07,53.07,53.07,53.07,220.0
2026-07-14T22:40:00+00:00,53.08,53.08,53.08,53.08,205.0
2026-07-14T22:45:00+00:00,53.07,53.07,53.05,53.05,1561.5800370000002
2026-07-14T22:50:00+00:00,53.0635,53.0635,53.01,53.03,1308.471037
2026-07-14T22:55:00+00:00,53.04,53.099,53.04,53.05,2528.118841
2026-07-14T23:00:00+00:00,53.0893,53.0893,53.05,53.05,5707.32
2026-07-14T23:10:00+00:00,53.05,53.05,53.04,53.04,451.34044900000004
2026-07-14T23:15:00+00:00,53.07,53.07,53.06,53.06,2809.831522
2026-07-14T23:20:00+00:00,53.05,53.06,53.02,53.06,2384.0
2026-07-14T23:25:00+00:00,53.05,53.05,53.05,53.05,6587.0
2026-07-14T23:30:00+00:00,53.1,53.12,53.1,53.12,3497.912147
2026-07-14T23:35:00+00:00,53.1087,53.18,53.1087,53.18,3908.0
2026-07-14T23:45:00+00:00,53.18,53.18,53.18,53.18,503.261265
2026-07-14T23:50:00+00:00,53.17,53.17,53.13,53.13,254.04
2026-07-14T23:55:00+00:00,53.1535,53.1535,53.1422,53.1422,2497.507719
2026-07-15T00:00:00+00:00,53.16,53.169,53.12,53.12,6123.0
2026-07-15T08:05:00+00:00,52.68,52.9,52.42,52.6004,256137.47063999998
2026-07-15T08:10:00+00:00,52.62,52.68,52.56,52.59,5362.0
2026-07-15T08:15:00+00:00,52.52,52.55,52.49,52.5,2940.27198
2026-07-15T08:20:00+00:00,52.59,52.62,52.59,52.59,1224.0
2026-07-15T08:25:00+00:00,52.5414,52.5414,52.5414,52.5414,2166.25
2026-07-15T08:35:00+00:00,52.67,52.73,52.64,52.7,6287.591097
2026-07-15T08:40:00+00:00,52.71,52.72,52.69,52.69,5727.5483619999995
2026-07-15T08:45:00+00:00,52.68,52.69,52.68,52.68,340.0
2026-07-15T08:50:00+00:00,52.75,52.77,52.75,52.76,2459.0
2026-07-15T08:55:00+00:00,52.75,52.75,52.75,52.75,103.0
2026-07-15T09:00:00+00:00,52.7662,52.77,52.7662,52.77,263.0
2026-07-15T09:05:00+00:00,52.75,52.8,52.75,52.8,24100.207791
2026-07-15T09:10:00+00:00,52.78,52.8,52.76,52.8,9371.936965
2026-07-15T09:15:00+00:00,52.82,52.82,52.75,52.75,820.1
2026-07-15T09:20:00+00:00,52.72,52.73,52.72,52.73,1654.0
2026-07-15T09:25:00+00:00,52.8,52.8,52.77,52.77,2116.042485
2026-07-15T09:30:00+00:00,52.76,52.76,52.75,52.75,1415.0
2026-07-15T09:35:00+00:00,52.75,52.76,52.75,52.76,416.942257
2026-07-15T09:40:00+00:00,52.72,52.76,52.72,52.75,2817.024843
2026-07-15T09:50:00+00:00,52.72,52.72,52.7,52.7,785.3623259999999
2026-07-15T09:55:00+00:00,52.68,52.68,52.65,52.66,5136.0
2026-07-15T10:00:00+00:00,52.65,52.67,52.62,52.67,8918.376221999999
2026-07-15T10:05:00+00:00,52.65,52.67,52.64,52.66,9551.714897
2026-07-15T10:10:00+00:00,52.65,52.68,52.61,52.62,12667.394608
2026-07-15T10:15:00+00:00,52.6,52.64,52.6,52.63,13887.623952999998
2026-07-15T10:20:00+00:00,52.62,52.69,52.61,52.69,13113.0
2026-07-15T10:25:00+00:00,52.61,52.67,52.47,52.47,12635.919041
2026-07-15T10:30:00+00:00,52.45,52.48,52.35,52.47,32059.626903
2026-07-15T10:35:00+00:00,52.45,52.47,52.44,52.47,11690.676089
2026-07-15T10:40:00+00:00,52.45,52.56,52.45,52.55,14568.110899
2026-07-15T10:45:00+00:00,52.53,52.53,52.48,52.48,6782.0
2026-07-15T10:50:00+00:00,52.44,52.44,52.41,52.42,11375.6
2026-07-15T10:55:00+00:00,52.42,52.43,52.42,52.42,15678.544877
2026-07-15T11:00:00+00:00,52.43,52.45,52.38,52.41,16266.0
2026-07-15T11:05:00+00:00,52.41,52.44,52.3,52.3,40864.261318
2026-07-15T11:10:00+00:00,52.3296,52.41,52.3,52.4013,22607.567355
2026-07-15T11:15:00+00:00,52.42,52.44,52.36,52.36,14845.612555
2026-07-15T11:20:00+00:00,52.32,52.3598,52.28,52.3088,19241.2092
2026-07-15T11:25:00+00:00,52.31,52.41,52.31,52.39,17784.175750000002
2026-07-15T11:30:00+00:00,52.39,52.4,52.37,52.39,10703.324426
2026-07-15T11:35:00+00:00,52.39,52.46,52.35,52.46,21888.535664
2026-07-15T11:40:00+00:00,52.46,52.5,52.44,52.5,37225.728963999994
2026-07-15T11:45:00+00:00,52.55,52.6,52.55,52.5525,4457.615375
2026-07-15T11:50:00+00:00,52.55,52.57,52.48,52.5,5612.097378
2026-07-15T11:55:00+00:00,52.5,52.56,52.4966,52.5,4392.677018
2026-07-15T12:00:00+00:00,52.5462,52.57,52.5462,52.57,1540.0
2026-07-15T12:05:00+00:00,52.57,52.6195,52.56,52.61,7069.43
2026-07-15T12:10:00+00:00,52.57,52.57,52.49,52.5,27448.657456
2026-07-15T12:15:00+00:00,52.5,52.51,52.4993,52.5,2516.798851
2026-07-15T12:20:00+00:00,52.5233,52.64,52.5233,52.61,27182.139991
2026-07-15T12:25:00+00:00,52.57,52.58,52.49,52.49,14585.598675
2026-07-15T12:30:00+00:00,52.47,52.47,52.25,52.39,49916.68767300001
2026-07-15T12:35:00+00:00,52.39,52.8,52.35,52.66,68713.74966500001
2026-07-15T12:40:00+00:00,52.67,52.88,52.67,52.8,69163.131695
2026-07-15T12:45:00+00:00,52.82,52.83,52.7,52.73,22167.249193
2026-07-15T12:50:00+00:00,52.75,52.88,52.71,52.86,69456.899947
2026-07-15T12:55:00+00:00,52.86,52.91,52.79,52.8,50535.547985
2026-07-15T13:00:00+00:00,52.77,53.1,52.77,52.99,51470.775062
2026-07-15T13:05:00+00:00,53.03,53.14,52.91,53.1241,74498.84663
2026-07-15T13:10:00+00:00,53.12,53.19,53.05,53.05,48042.083274
2026-07-15T13:15:00+00:00,53.02,53.02,52.86,52.88,21535.213157
2026-07-15T13:20:00+00:00,52.85,52.9,52.84,52.9,29718.039861999998
2026-07-15T13:25:00+00:00,52.83,52.91,52.8,52.81,11627.479059
2026-07-15T13:30:00+00:00,52.8,52.8,52.66,52.71,39526.107535
2026-07-15T13:35:00+00:00,52.71,52.9,52.71,52.85,289596.784653
2026-07-15T13:40:00+00:00,52.84,52.875,52.75,52.82,177893.20744000003
2026-07-15T13:45:00+00:00,52.8,52.825,52.74,52.76,78073.520533
2026-07-15T13:50:00+00:00,52.76,52.76,52.615,52.655,124849.485414
2026-07-15T13:55:00+00:00,52.66,52.69,52.565,52.67,127794.414479
2026-07-15T14:00:00+00:00,52.66,52.855,52.65,52.74,163045.397182
2026-07-15T14:05:00+00:00,52.74,52.84,52.6903,52.79,115262.042617
2026-07-15T14:10:00+00:00,52.79,52.845,52.725,52.765,82476.411535
2026-07-15T14:15:00+00:00,52.77,52.855,52.74,52.775,105139.15629700001
2026-07-15T14:20:00+00:00,52.7745,52.825,52.685,52.715,69623.291248
2026-07-15T14:25:00+00:00,52.72,52.72,52.53,52.592,172961.212553
2026-07-15T14:30:00+00:00,52.59,52.65,52.5599,52.595,97724.132987
2026-07-15T14:35:00+00:00,52.61,52.6501,52.52,52.645,1145438.421122
2026-07-15T14:40:00+00:00,52.635,52.685,52.59,52.61,52542.964265
2026-07-15T14:45:00+00:00,52.5951,52.605,52.47,52.49,161185.71024000001
2026-07-15T14:50:00+00:00,52.49,52.5523,52.39,52.5523,122770.658893
2026-07-15T14:55:00+00:00,52.5459,52.5459,52.43,52.465,80753.857152
2026-07-15T15:00:00+00:00,52.47,52.54,52.45,52.525,74759.77835200001
2026-07-15T15:05:00+00:00,52.5299,52.585,52.42,52.48,98262.223842
2026-07-15T15:10:00+00:00,52.47,52.47,52.36,52.37,71832.41937799999
2026-07-15T15:15:00+00:00,52.36,52.38,52.04,52.07,284134.904779
2026-07-15T15:20:00+00:00,52.08,52.215,52.01,52.1705,385976.014451
2026-07-15T15:25:00+00:00,52.17,52.17,51.93,52.07,275355.870165
2026-07-15T15:30:00+00:00,52.085,52.175,52.055,52.155,146424.06346000003
2026-07-15T15:35:00+00:00,52.15,52.205,52.08,52.155,74900.51269100001
2026-07-15T15:40:00+00:00,52.16,52.2,52.13,52.175,110801.04191900001
2026-07-15T15:45:00+00:00,52.18,52.24,52.17,52.2201,156819.294201
2026-07-15T15:50:00+00:00,52.2297,52.27,52.185,52.2295,174017.10293700002
2026-07-15T15:55:00+00:00,52.22,52.26,52.17,52.26,56720.286114999995
2026-07-15T16:00:00+00:00,52.25,52.25,52.11,52.11,61802.49371
2026-07-15T16:05:00+00:00,52.11,52.145,52.06,52.07,278517.504806
2026-07-15T16:10:00+00:00,52.08,52.115,52.025,52.055,108311.84904
2026-07-15T16:15:00+00:00,52.06,52.06,51.955,51.9701,140829.057653
2026-07-15T16:20:00+00:00,51.965,52.03,51.7701,51.79,200827.673266
2026-07-15T16:25:00+00:00,51.79,51.88,51.74,51.81,156216.404171
2026-07-15T16:30:00+00:00,51.8,51.85,51.5,51.53,615193.112762
2026-07-15T16:35:00+00:00,51.53,51.63,51.34,51.35,331077.123152
2026-07-15T16:40:00+00:00,51.335,51.385,51.22,51.28,413788.76783500006
2026-07-15T16:45:00+00:00,51.27,51.36,51.1906,51.275,343468.442506
2026-07-15T16:50:00+00:00,51.26,51.515,51.255,51.43,743099.542483
2026-07-15T16:55:00+00:00,51.42,51.51,51.42,51.44,181363.97511200001
2026-07-15T17:00:00+00:00,51.445,51.505,51.33,51.435,176212.700203
2026-07-15T17:05:00+00:00,51.43,51.56,51.41,51.475,178895.595987
2026-07-15T17:10:00+00:00,51.48,51.53,51.455,51.459,219127.823912
2026-07-15T17:15:00+00:00,51.459,51.535,51.44,51.495,139492.08202
2026-07-15T17:20:00+00:00,51.49,51.58,51.42,51.5696,78202.091576
2026-07-15T17:25:00+00:00,51.57,51.695,51.57,51.65,144679.780948
2026-07-15T17:30:00+00:00,51.66,51.815,51.64,51.7998,159146.882453
2026-07-15T17:35:00+00:00,51.79,51.9896,51.79,51.97,200282.905985
2026-07-15T17:40:00+00:00,51.97,52.1,51.95,52.04,138654.09140600002
2026-07-15T17:45:00+00:00,52.03,52.11,52.02,52.085,76866.287721
2026-07-15T17:50:00+00:00,52.0899,52.21,52.065,52.2,124118.851554
2026-07-15T17:55:00+00:00,52.195,52.2,52.11,52.15,300719.12373899994
2026-07-15T18:00:00+00:00,52.1399,52.155,52.09,52.1399,49840.80076699999
2026-07-15T18:05:00+00:00,52.13,52.29,52.13,52.29,162764.287573
2026-07-15T18:10:00+00:00,52.27,52.465,52.2501,52.455,182264.257942
2026-07-15T18:15:00+00:00,52.45,52.5312,52.415,52.525,192425.428343
2026-07-15T18:20:00+00:00,52.53,52.55,52.465,52.54,108262.46236500001
2026-07-15T18:25:00+00:00,52.54,52.61,52.525,52.565,134043.303931
2026-07-15T18:30:00+00:00,52.56,52.67,52.5239,52.635,104559.75594600002
2026-07-15T18:35:00+00:00,52.64,52.8,52.59,52.605,208009.05108
2026-07-15T18:40:00+00:00,52.605,52.63,52.53,52.545,155386.62984
2026-07-15T18:45:00+00:00,52.55,52.55,52.45,52.4595,110553.43648500001
2026-07-15T18:50:00+00:00,52.445,52.485,52.39,52.41,193920.625297
2026-07-15T18:55:00+00:00,52.4099,52.44,52.38,52.435,94602.313667
2026-07-15T19:00:00+00:00,52.435,52.465,52.2941,52.345,176483.900546
2026-07-15T19:05:00+00:00,52.345,52.445,52.315,52.3851,61126.594941999996
2026-07-15T19:10:00+00:00,52.3801,52.415,52.34,52.415,52436.303646
2026-07-15T19:15:00+00:00,52.42,52.48,52.39,52.43,87918.14142900001
2026-07-15T19:20:00+00:00,52.435,52.44,52.31,52.335,78790.765919
2026-07-15T19:25:00+00:00,52.32,52.32,52.26,52.28,85919.787698
2026-07-15T19:30:00+00:00,52.28,52.335,52.26,52.285,90868.273987
2026-07-15T19:35:00+00:00,52.29,52.32,52.1,52.12,267438.390152
2026-07-15T19:40:00+00:00,52.11,52.175,52.09,52.1591,102209.854426
2026-07-15T19:45:00+00:00,52.1542,52.19,52.135,52.14,111292.161314
2026-07-15T19:50:00+00:00,52.145,52.17,52.11,52.135,225216.13094300003
2026-07-15T19:55:00+00:00,52.135,52.22,52.12,52.185,375580.836572
2026-07-15T20:00:00+00:00,52.19,52.22,52.135,52.21,517649.91055699997
2026-07-15T20:05:00+00:00,52.21,52.245,52.18,52.245,6132.024272000001
2026-07-15T20:10:00+00:00,52.2,52.2374,52.17,52.18,17804.31336
2026-07-15T20:15:00+00:00,52.19,52.19,52.19,52.19,392.554242
2026-07-15T20:20:00+00:00,52.19,52.24,52.19,52.23,3347.0
2026-07-15T20:25:00+00:00,52.23,52.27,52.23,52.25,4219.717958
2026-07-15T20:30:00+00:00,52.2262,52.27,52.2262,52.25,1966.811446
2026-07-15T20:35:00+00:00,52.25,52.27,52.25,52.2637,3337.7676570000003
2026-07-15T20:40:00+00:00,52.272,52.272,52.25,52.27,7061.0
2026-07-15T20:45:00+00:00,52.28,52.28,52.27,52.27,2174.0
2026-07-15T20:50:00+00:00,52.2603,52.2603,52.2603,52.2603,624.0
2026-07-15T20:55:00+00:00,52.29,52.3,52.25,52.26,710.19517
2026-07-15T21:00:00+00:00,52.26,52.27,52.2201,52.27,1183.625225
2026-07-15T21:05:00+00:00,52.3,52.3,52.3,52.3,220.0
2026-07-15T21:10:00+00:00,52.22,52.23,52.21,52.21,716.0
2026-07-15T21:15:00+00:00,52.23,52.3,52.23,52.3,6803.400856
2026-07-15T21:20:00+00:00,52.25,52.26,52.25,52.26,6126.0
2026-07-15T21:25:00+00:00,52.26,52.26,52.26,52.26,351.0
2026-07-15T21:30:00+00:00,52.25,52.25,52.2407,52.25,2079.017357
2026-07-15T21:35:00+00:00,52.24,52.25,52.24,52.25,207.5
2026-07-15T21:40:00+00:00,52.24,52.24,52.24,52.24,2000.0
2026-07-15T21:45:00+00:00,52.24,52.24,52.24,52.24,106.0
2026-07-15T21:50:00+00:00,52.245,52.245,52.245,52.245,202.1889
2026-07-15T21:55:00+00:00,52.2485,52.25,52.2485,52.25,800.01914
2026-07-15T22:00:00+00:00,52.2499,52.2523,52.2499,52.2523,1967.2
2026-07-15T22:05:00+00:00,52.26,52.32,52.26,52.3023,1718.086898
2026-07-15T22:10:00+00:00,52.25,52.29,52.25,52.27,2586.8
2026-07-15T22:15:00+00:00,52.31,52.32,52.27,52.2718,6019.769458
2026-07-15T22:20:00+00:00,52.27,52.27,52.27,52.27,147.0
2026-07-15T22:30:00+00:00,52.2679,52.2679,52.2679,52.2679,475.0
2026-07-15T22:35:00+00:00,52.28,52.28,52.25,52.25,1429.0
2026-07-15T22:40:00+00:00,52.25,52.25,52.24,52.25,1000.0
2026-07-15T22:45:00+00:00,52.24,52.24,52.24,52.24,140.0
2026-07-15T22:50:00+00:00,52.25,52.25,52.22,52.22,10757.354757000001
2026-07-15T22:55:00+00:00,52.22,52.23,52.22,52.23,6740.153471
2026-07-15T23:00:00+00:00,52.24,52.25,52.24,52.25,4910.0
2026-07-15T23:05:00+00:00,52.24,52.24,52.23,52.24,2700.095693
2026-07-15T23:10:00+00:00,52.2539,52.28,52.2539,52.27,5838.0
2026-07-15T23:15:00+00:00,52.2793,52.2799,52.2793,52.2799,204.0
2026-07-15T23:20:00+00:00,52.25,52.28,52.25,52.2792,507.029082
2026-07-15T23:25:00+00:00,52.27,52.27,52.2638,52.2638,801.1913870000001
2026-07-15T23:30:00+00:00,52.27,52.28,52.2605,52.2605,911.0
2026-07-15T23:35:00+00:00,52.2685,52.27,52.26,52.27,727.1441540000001
2026-07-15T23:40:00+00:00,52.2638,52.2638,52.2638,52.2638,100.207254
2026-07-15T23:45:00+00:00,52.2304,52.2638,52.22,52.23,2985.4090920000003
2026-07-15T23:50:00+00:00,52.27,52.27,52.24,52.24,5261.107006
2026-07-15T23:55:00+00:00,52.2638,52.2638,52.2,52.2,1287.984189
2026-07-16T00:00:00+00:00,52.26,52.26,52.2493,52.2493,943.1
2026-07-16T08:05:00+00:00,51.34,51.95,51.29,51.5,191942.40745600002
2026-07-16T08:10:00+00:00,51.35,51.35,51.31,51.33,2991.2427
2026-07-16T08:15:00+00:00,51.3,51.3,51.13,51.19,28628.840224
2026-07-16T08:20:00+00:00,51.16,51.2597,51.15,51.2597,5960.029103999999
2026-07-16T08:25:00+00:00,51.32,51.41,51.3,51.41,6589.107577000001
2026-07-16T08:30:00+00:00,51.41,51.45,51.41,51.41,1406.493968
2026-07-16T08:35:00+00:00,51.42,51.43,51.359,51.359,3296.9009109999997
2026-07-16T08:40:00+00:00,51.42,51.46,51.42,51.4596,9069.019432000001
2026-07-16T08:45:00+00:00,51.46,51.47,51.45,51.46,19810.187735000003
2026-07-16T08:50:00+00:00,51.48,51.54,51.48,51.54,5805.433642000001
2026-07-16T08:55:00+00:00,51.54,51.54,51.52,51.52,4673.345556
2026-07-16T09:00:00+00:00,51.49,51.56,51.49,51.56,8079.91614
2026-07-16T09:05:00+00:00,51.56,51.6,51.56,51.58,9114.941649999999
2026-07-16T09:10:00+00:00,51.56,51.58,51.53,51.56,3310.736522
2026-07-16T09:15:00+00:00,51.55,51.6,51.55,51.6,1921.077481
2026-07-16T09:20:00+00:00,51.59,51.61,51.56,51.56,5077.5225
2026-07-16T09:25:00+00:00,51.55,51.55,51.51,51.51,2223.0
2026-07-16T09:30:00+00:00,51.55,51.55,51.53,51.53,1742.0
2026-07-16T09:35:00+00:00,51.54,51.55,51.47,51.48,19653.634973
2026-07-16T09:40:00+00:00,51.48,51.48,51.47,51.47,3484.0
2026-07-16T09:50:00+00:00,51.42,51.45,51.4,51.44,13226.327819
2026-07-16T09:55:00+00:00,51.5,51.53,51.49,51.53,4790.0
2026-07-16T10:00:00+00:00,51.55,51.572,51.47,51.47,8979.0
2026-07-16T10:05:00+00:00,51.45,51.45,51.32,51.32,10436.87705
2026-07-16T10:10:00+00:00,51.35,51.38,51.31,51.3465,3480.451991
2026-07-16T10:15:00+00:00,51.36,51.38,51.3,51.31,14825.0
2026-07-16T10:20:00+00:00,51.33,51.3409,51.31,51.31,3446.0
2026-07-16T10:25:00+00:00,51.31,51.33,51.29,51.29,10959.132162
2026-07-16T10:30:00+00:00,51.3,51.3,51.2,51.28,8912.140215
2026-07-16T10:35:00+00:00,51.3,51.35,51.27,51.35,2843.730028
2026-07-16T10:40:00+00:00,51.3,51.313,51.2,51.2,9569.105534
2026-07-16T10:45:00+00:00,51.22,51.23,51.18,51.19,9377.019726
2026-07-16T10:50:00+00:00,51.16,51.16,51.16,51.16,167.409641
2026-07-16T10:55:00+00:00,51.17,51.22,51.15,51.22,18691.460693
2026-07-16T11:00:00+00:00,51.21,51.22,51.09,51.13,20333.53308
2026-07-16T11:05:00+00:00,51.14,51.14,51.0,51.04,120678.91863300001
2026-07-16T11:10:00+00:00,51.05,51.11,51.04,51.1007,10212.840815
2026-07-16T11:15:00+00:00,51.12,51.2,51.08,51.13,19159.820086
2026-07-16T11:20:00+00:00,51.15,51.15,51.05,51.0818,8089.022207
2026-07-16T11:25:00+00:00,51.1,51.1654,51.1,51.1438,3214.863185
2026-07-16T11:30:00+00:00,51.1,51.1999,51.0746,51.0969,10609.865698
2026-07-16T11:35:00+00:00,51.1,51.22,51.08,51.21,10570.226655
2026-07-16T11:40:00+00:00,51.2,51.2554,51.19,51.2,12081.150975
2026-07-16T11:45:00+00:00,51.2354,51.24,51.18,51.19,23854.609195999998
2026-07-16T11:50:00+00:00,51.25,51.36,51.05,51.11,91327.125597
2026-07-16T11:55:00+00:00,51.11,51.29,51.01,51.27,35191.592518
2026-07-16T12:00:00+00:00,51.31,51.3481,51.25,51.28,11939.451808
2026-07-16T12:05:00+00:00,51.2992,51.35,51.21,51.34,18841.024477999996
2026-07-16T12:10:00+00:00,51.38,51.38,51.23,51.24,3883.698198
2026-07-16T12:15:00+00:00,51.21,51.21,51.1,51.15,14030.422587
2026-07-16T12:20:00+00:00,51.11,51.15,50.84,51.15,58966.242295000004
2026-07-16T12:25:00+00:00,51.13,51.17,50.96,50.9828,64396.546362
2026-07-16T12:30:00+00:00,50.96,51.05,50.86,51.03,35502.221518
2026-07-16T12:35:00+00:00,50.99,51.31,50.95,51.11,30786.010671000004
2026-07-16T12:40:00+00:00,51.11,51.11,50.87,50.87,32342.395041
2026-07-16T12:45:00+00:00,50.86,50.86,50.65,50.68,107355.98700599998
2026-07-16T12:50:00+00:00,50.72,50.81,50.6701,50.752,29165.334093
2026-07-16T12:55:00+00:00,50.73,50.75,50.59,50.63,129131.62543199999
2026-07-16T13:00:00+00:00,50.64,50.67,50.38,50.49,132503.07020800002
2026-07-16T13:05:00+00:00,50.46,50.55,50.0999,50.2983,200203.212938
2026-07-16T13:10:00+00:00,50.3,50.35,50.14,50.3298,94602.15003700001
2026-07-16T13:15:00+00:00,50.3,50.5654,50.3,50.5396,87998.921646
2026-07-16T13:20:00+00:00,50.52,50.634,50.52,50.634,38872.366332
2026-07-16T13:25:00+00:00,50.63,50.7831,50.52,50.7403,98208.08215100001
2026-07-16T13:30:00+00:00,50.75,50.92,50.69,50.9037,38379.694966999996
2026-07-16T13:35:00+00:00,50.91,50.99,50.59,50.595,705124.7668120001
2026-07-16T13:40:00+00:00,50.58,50.64,50.42,50.45,464657.04576499993
2026-07-16T13:45:00+00:00,50.46,50.535,50.33,50.345,356354.738076
2026-07-16T13:50:00+00:00,50.345,50.48,50.305,50.395,286324.112349
2026-07-16T13:55:00+00:00,50.39,50.545,50.36,50.3794,440543.519175
2026-07-16T14:00:00+00:00,50.38,50.42,50.29,50.3871,548446.809422
2026-07-16T14:05:00+00:00,50.38,50.56,50.38,50.505,339134.116063
2026-07-16T14:10:00+00:00,50.515,50.55,50.415,50.455,265934.946683
2026-07-16T14:15:00+00:00,50.455,50.49,50.32,50.37,348130.895052
2026-07-16T14:20:00+00:00,50.365,50.52,50.315,50.51,251495.90203500004
2026-07-16T14:25:00+00:00,50.52,50.5301,50.37,50.4,197326.806349
2026-07-16T14:30:00+00:00,50.4,50.73,50.38,50.7,275058.78402799997
2026-07-16T14:35:00+00:00,50.6964,50.785,50.605,50.72,185363.72393799998
2026-07-16T14:40:00+00:00,50.72,50.7654,50.64,50.66,158808.010678
2026-07-16T14:45:00+00:00,50.67,50.845,50.665,50.845,143651.89345200002
2026-07-16T14:50:00+00:00,50.85,50.895,50.7,50.7,209982.366073
2026-07-16T14:55:00+00:00,50.7,50.77,50.625,50.66,127237.848826
2026-07-16T15:00:00+00:00,50.67,50.775,50.61,50.725,107343.70043699999
2026-07-16T15:05:00+00:00,50.74,50.785,50.675,50.7,60769.307523999996
2026-07-16T15:10:00+00:00,50.695,50.73,50.6292,50.705,83034.09539
2026-07-16T15:15:00+00:00,50.7,50.7,50.595,50.6499,127403.868659
2026-07-16T15:20:00+00:00,50.645,50.74,50.63,50.705,183166.893259
2026-07-16T15:25:00+00:00,50.71,50.93,50.66,50.91,283451.226986
2026-07-16T15:30:00+00:00,50.91,51.08,50.905,50.97,205184.155509
2026-07-16T15:35:00+00:00,50.97,51.07,50.88,51.06,329166.51068599994
2026-07-16T15:40:00+00:00,51.06,51.08,50.99,51.065,192249.998104
2026-07-16T15:45:00+00:00,51.065,51.08,50.98,50.98,359809.20498299995
2026-07-16T15:50:00+00:00,50.975,51.02,50.93,51.01,215529.402022
2026-07-16T15:55:00+00:00,51.02,51.055,50.96,50.97,134642.75438300002
2026-07-16T16:00:00+00:00,50.97,50.97,50.875,50.9,107126.533292
2026-07-16T16:05:00+00:00,50.9,50.9,50.76,50.76,147295.837236
2026-07-16T16:10:00+00:00,50.76,50.7773,50.71,50.7499,172897.101158
2026-07-16T16:15:00+00:00,50.73,50.73,50.58,50.59,178264.704659
2026-07-16T16:20:00+00:00,50.585,50.6001,50.51,50.5369,174768.247538
2026-07-16T16:25:00+00:00,50.54,50.6,50.45,50.57,243046.396734
2026-07-16T16:30:00+00:00,50.565,50.615,50.53,50.595,123593.51921900001
2026-07-16T16:35:00+00:00,50.61,50.65,50.55,50.59,96076.32615000001
2026-07-16T16:40:00+00:00,50.585,50.68,50.585,50.66,107981.637976
2026-07-16T16:45:00+00:00,50.66,50.69,50.615,50.645,138378.41981300001
2026-07-16T16:50:00+00:00,50.645,50.67,50.573,50.6444,52627.784448000006
2026-07-16T16:55:00+00:00,50.62,50.73,50.62,50.715,73224.904398
2026-07-16T17:00:00+00:00,50.71,50.78,50.67,50.675,82969.847263
2026-07-16T17:05:00+00:00,50.68,50.73,50.65,50.7101,81846.877282
2026-07-16T17:10:00+00:00,50.715,50.72,50.55,50.58,247099.68845900003
2026-07-16T17:15:00+00:00,50.585,50.615,50.485,50.495,126766.70453300001
2026-07-16T17:20:00+00:00,50.5,50.5901,50.49,50.575,147161.898525
2026-07-16T17:25:00+00:00,50.58,50.605,50.48,50.485,141926.365043
2026-07-16T17:30:00+00:00,50.485,50.5,50.395,50.46,228991.01806
2026-07-16T17:35:00+00:00,50.46,50.465,50.3502,50.3901,85871.01293699999
2026-07-16T17:40:00+00:00,50.395,50.4007,50.32,50.3399,206702.630294
2026-07-16T17:45:00+00:00,50.33,50.345,50.265,50.305,172851.073056
2026-07-16T17:50:00+00:00,50.315,50.39,50.29,50.375,65257.231855000005
2026-07-16T17:55:00+00:00,50.38,50.43,50.325,50.385,164437.312652
2026-07-16T18:00:00+00:00,50.39,50.4,50.32,50.345,77180.65534900001
2026-07-16T18:05:00+00:00,50.35,50.39,50.3235,50.345,74563.82332299999
2026-07-16T18:10:00+00:00,50.35,50.4199,50.32,50.3901,48300.480281000004
2026-07-16T18:15:00+00:00,50.39,50.45,50.385,50.39,74686.536438
2026-07-16T18:20:00+00:00,50.385,50.47,50.355,50.455,46307.10824
2026-07-16T18:25:00+00:00,50.455,50.505,50.43,50.435,133897.925441
2026-07-16T18:30:00+00:00,50.44,50.4668,50.365,50.365,132617.525712
2026-07-16T18:35:00+00:00,50.375,50.375,50.125,50.125,528143.719728
2026-07-16T18:40:00+00:00,50.125,50.165,50.02,50.0603,436066.962344
2026-07-16T18:45:00+00:00,50.06,50.245,50.045,50.225,219948.67813800005
2026-07-16T18:50:00+00:00,50.22,50.2963,50.1899,50.225,195448.857142
2026-07-16T18:55:00+00:00,50.225,50.25,50.19,50.235,122990.35415200001
2026-07-16T19:00:00+00:00,50.23,50.26,50.17,50.215,146971.37654400003
2026-07-16T19:05:00+00:00,50.22,50.335,50.195,50.306,84160.458763
2026-07-16T19:10:00+00:00,50.305,50.36,50.24,50.2745,100060.05241500001
2026-07-16T19:15:00+00:00,50.27,50.27,50.203,50.235,101213.22827600001
2026-07-16T19:20:00+00:00,50.235,50.3,50.215,50.3,208577.99037100002
2026-07-16T19:25:00+00:00,50.305,50.35,50.225,50.255,148428.08486600002
2026-07-16T19:30:00+00:00,50.26,50.2705,50.21,50.215,97945.243228
2026-07-16T19:35:00+00:00,50.2145,50.245,50.15,50.16,171271.737403
2026-07-16T19:40:00+00:00,50.1601,50.19,50.05,50.175,290738.292893
2026-07-16T19:45:00+00:00,50.17,50.2051,50.14,50.155,151391.13371
2026-07-16T19:50:00+00:00,50.145,50.2,50.1,50.165,280554.414957
2026-07-16T19:55:00+00:00,50.17,50.34,50.14,50.325,356453.431892
2026-07-16T20:00:00+00:00,50.325,50.4,50.26,50.38,1022395.988316
2026-07-16T20:05:00+00:00,50.37,50.38,50.2891,50.29,9660.801633
2026-07-16T20:10:00+00:00,50.28,50.2854,50.21,50.23,6067.937800000001
2026-07-16T20:15:00+00:00,50.2509,50.2694,50.21,50.22,7588.6532290000005
2026-07-16T20:20:00+00:00,50.21,50.25,50.204,50.25,32197.674104
2026-07-16T20:25:00+00:00,50.23,50.23,50.18,50.18,8804.999324
2026-07-16T20:30:00+00:00,50.21,50.21,50.19,50.2,5562.404861000001
2026-07-16T20:35:00+00:00,50.2,50.2,50.1554,50.18,8434.585594
2026-07-16T20:40:00+00:00,50.2,50.2,50.1759,50.19,3140.8145210000002
2026-07-16T20:45:00+00:00,50.18,50.2069,50.18,50.205,2694.1383299999998
2026-07-16T20:50:00+00:00,50.18,50.25,50.18,50.19,2030.53
2026-07-16T20:55:00+00:00,50.19,50.19,50.1,50.15,11508.173671
2026-07-16T21:00:00+00:00,50.15,50.21,50.14,50.1709,17640.515690999997
2026-07-16T21:05:00+00:00,50.22,50.3,50.18,50.26,21302.354628
2026-07-16T21:10:00+00:00,50.22,50.33,50.22,50.23,14532.402128
2026-07-16T21:15:00+00:00,50.27,50.3298,50.23,50.3,29421.434921
2026-07-16T21:20:00+00:00,50.3101,50.33,50.31,50.33,3454.27619
2026-07-16T21:25:00+00:00,50.33,50.3741,50.3,50.37,1483.099295
2026-07-16T21:30:00+00:00,50.3616,50.3792,50.3501,50.37,4631.945393
2026-07-16T21:35:00+00:00,50.37,50.38,50.37,50.38,945.919613
2026-07-16T21:40:00+00:00,50.36,50.3741,50.35,50.37,6788.775675
2026-07-16T21:45:00+00:00,50.36,50.3796,50.36,50.36,2308.0
2026-07-16T21:50:00+00:00,50.3799,50.38,50.3799,50.38,529.0554970000001
2026-07-16T21:55:00+00:00,50.36,50.38,50.36,50.38,3899.2493059999997
2026-07-16T22:00:00+00:00,50.3603,50.37,50.32,50.32,6988.380117000001
2026-07-16T22:05:00+00:00,50.33,50.34,50.21,50.26,4928.361973
2026-07-16T22:10:00+00:00,50.28,50.28,50.25,50.25,580.036339
2026-07-16T22:15:00+00:00,50.2375,50.26,50.21,50.21,2007.5
2026-07-16T22:20:00+00:00,50.24,50.24,50.21,50.21,1855.0
2026-07-16T22:25:00+00:00,50.22,50.23,50.18,50.18,11013.382448
2026-07-16T22:30:00+00:00,50.21,50.22,50.19,50.2191,1645.019912
2026-07-16T22:35:00+00:00,50.22,50.22,50.19,50.2,18116.247207
2026-07-16T22:40:00+00:00,50.24,50.24,50.24,50.24,343.990473
2026-07-16T22:45:00+00:00,50.18,50.1805,50.18,50.1805,1053.041849
2026-07-16T22:50:00+00:00,50.1562,50.18,50.14,50.1514,6859.118646
2026-07-16T22:55:00+00:00,50.15,50.19,50.15,50.1891,3874.863883
2026-07-16T23:00:00+00:00,50.19,50.23,50.1765,50.23,5007.952982000001
2026-07-16T23:05:00+00:00,50.21,50.23,50.21,50.22,6503.09538
2026-07-16T23:10:00+00:00,50.23,50.25,50.2,50.2,3834.750461
2026-07-16T23:15:00+00:00,50.16,50.247,50.16,50.21,10902.400935000001
2026-07-16T23:20:00+00:00,50.22,50.2423,50.22,50.2396,1638.237867
2026-07-16T23:25:00+00:00,50.2,50.22,50.2,50.21,2701.519506
2026-07-16T23:30:00+00:00,50.1971,50.24,50.1965,50.23,2784.271127
2026-07-16T23:35:00+00:00,50.18,50.25,50.14,50.16,21198.542836
2026-07-16T23:40:00+00:00,50.15,50.21,50.15,50.2,5684.460687000001
2026-07-16T23:45:00+00:00,50.2,50.22,50.19,50.19,3796.164541
2026-07-16T23:50:00+00:00,50.16,50.1695,50.11,50.1423,2174.5903940000003
2026-07-16T23:55:00+00:00,50.16,50.184,50.16,50.184,1394.0
2026-07-17T00:00:00+00:00,50.2097,50.25,50.154,50.25,4342.0
2026-07-17T08:05:00+00:00,50.22,50.6,49.7,50.33,304633.679843
2026-07-17T08:10:00+00:00,50.29,50.29,50.24,50.24,893.0421900000001
2026-07-17T08:15:00+00:00,50.2,50.2,50.07,50.1,11273.284383
2026-07-17T08:20:00+00:00,50.13,50.14,50.02,50.04,6760.487162
2026-07-17T08:25:00+00:00,50.08,50.08,50.0,50.02,24282.7627
2026-07-17T08:30:00+00:00,50.08,50.08,49.97,50.06,25903.940751000002
2026-07-17T08:35:00+00:00,50.06,50.06,50.03,50.03,684.738294
2026-07-17T08:40:00+00:00,50.0,50.03,49.93,49.93,7596.861809
2026-07-17T08:45:00+00:00,49.94,50.09,49.94,50.09,3892.0
2026-07-17T08:50:00+00:00,50.12,50.17,50.12,50.16,6178.972388
2026-07-17T08:55:00+00:00,50.18,50.18,50.13,50.1695,5230.350215
2026-07-17T09:00:00+00:00,50.19,50.23,50.14,50.14,8413.851234
2026-07-17T09:05:00+00:00,50.18,50.2,50.15,50.17,14024.984654
2026-07-17T09:10:00+00:00,50.17,50.25,50.17,50.24,16342.576216000001
2026-07-17T09:15:00+00:00,50.27,50.2805,50.26,50.2805,1764.0
2026-07-17T09:20:00+00:00,50.25,50.28,50.241,50.241,7609.03328
2026-07-17T09:25:00+00:00,50.3,50.38,50.3,50.38,11266.946322
2026-07-17T09:30:00+00:00,50.37,50.37,50.32,50.33,3167.0
2026-07-17T09:35:00+00:00,50.32,50.32,50.2,50.2,9512.875103
2026-07-17T09:40:00+00:00,50.19,50.21,50.17,50.21,42485.739241999996
2026-07-17T09:45:00+00:00,50.27,50.27,50.23,50.24,4843.647782
2026-07-17T09:50:00+00:00,50.23,50.24,50.23,50.24,1420.0
2026-07-17T09:55:00+00:00,50.22,50.24,50.22,50.24,1742.4793180000001
2026-07-17T10:00:00+00:00,50.2,50.22,50.2,50.22,375.0
2026-07-17T10:05:00+00:00,50.22,50.22,50.16,50.169,3177.361741
2026-07-17T10:10:00+00:00,50.17,50.1821,50.17,50.1821,1293.0
2026-07-17T10:15:00+00:00,50.1785,50.25,50.1785,50.21,7274.0
2026-07-17T10:20:00+00:00,50.18,50.18,50.1,50.1,3261.481656
2026-07-17T10:25:00+00:00,50.141,50.141,50.119,50.12,1552.0
2026-07-17T10:30:00+00:00,50.13,50.16,50.13,50.16,789.0
2026-07-17T10:35:00+00:00,50.15,50.16,50.15,50.15,1171.074007
2026-07-17T10:40:00+00:00,50.15,50.15,50.11,50.14,6401.0
2026-07-17T10:45:00+00:00,50.12,50.12,50.11,50.11,813.0
2026-07-17T10:50:00+00:00,50.17,50.17,50.14,50.14,1084.0
2026-07-17T10:55:00+00:00,50.12,50.12,50.04,50.05,3690.2506089999997
2026-07-17T11:00:00+00:00,50.05,50.05,49.99,49.99,5625.749400000001
2026-07-17T11:05:00+00:00,49.99,50.0374,49.94,50.0044,59197.355728
2026-07-17T11:10:00+00:00,50.02,50.03,49.97,49.98,9304.264062
2026-07-17T11:15:00+00:00,50.0,50.07,49.991,50.03,8989.920054
2026-07-17T11:20:00+00:00,50.0,50.04,49.97,50.02,4747.378285000001
2026-07-17T11:25:00+00:00,50.02,50.07,50.02,50.07,2895.97553
2026-07-17T11:30:00+00:00,50.07,50.1623,50.07,50.13,5572.56559
2026-07-17T11:35:00+00:00,50.12,50.1254,50.04,50.09,9250.923040000001
2026-07-17T11:40:00+00:00,50.09,50.14,50.08,50.11,2905.518296
2026-07-17T11:45:00+00:00,50.11,50.12,50.06,50.06,2374.247314
2026-07-17T11:50:00+00:00,50.06,50.1538,50.05,50.13,60347.311188
2026-07-17T11:55:00+00:00,50.12,50.22,50.1,50.22,91861.774246
2026-07-17T12:00:00+00:00,50.2,50.21,50.13,50.13,27594.430947
2026-07-17T12:05:00+00:00,50.12,50.12,49.92,49.9215,28240.460281
2026-07-17T12:10:00+00:00,49.93,50.0,49.92,50.0,28057.855927
2026-07-17T12:15:00+00:00,50.0,50.08,50.0,50.04,7291.0
2026-07-17T12:20:00+00:00,50.04,50.05,49.99,50.03,6891.050662000001
2026-07-17T12:25:00+00:00,50.01,50.01,49.89,49.95,15799.449553000002
2026-07-17T12:30:00+00:00,49.93,50.04,49.93,50.02,11650.981913
2026-07-17T12:35:00+00:00,50.01,50.07,50.01,50.03,6735.266271999999
2026-07-17T12:40:00+00:00,50.02,50.02,49.92,49.99,4935.350684
2026-07-17T12:45:00+00:00,49.91,49.93,49.75,49.83,99201.959576
2026-07-17T12:50:00+00:00,49.8398,50.0,49.76,49.9,18051.253356999998
2026-07-17T12:55:00+00:00,49.89,49.91,49.84,49.84,16260.001903
2026-07-17T13:00:00+00:00,49.84,49.9,49.71,49.8,20958.734654
2026-07-17T13:05:00+00:00,49.8,49.98,49.69,49.98,43257.179432
2026-07-17T13:10:00+00:00,49.96,49.98,49.84,49.84,22220.018018000002
2026-07-17T13:15:00+00:00,49.85,49.85,49.75,49.8,49125.007357999995
2026-07-17T13:20:00+00:00,49.77,49.8,49.7,49.76,34174.713415000006
2026-07-17T13:25:00+00:00,49.87,49.87,49.67,49.68,13163.680744
2026-07-17T13:30:00+00:00,49.68,49.7798,49.68,49.71,41051.025479
2026-07-17T13:35:00+00:00,49.7,49.86,49.61,49.61,706239.008425
2026-07-17T13:40:00+00:00,49.62,50.0692,49.62,49.93,509205.44204399997
2026-07-17T13:45:00+00:00,49.935,50.0199,49.811,49.85,311210.556191
2026-07-17T13:50:00+00:00,49.86,50.03,49.77,50.0227,318522.986508
2026-07-17T13:55:00+00:00,50.02,50.31,50.0,50.1701,386354.847388
2026-07-17T14:00:00+00:00,50.18,50.47,50.1399,50.47,681460.639742
2026-07-17T14:05:00+00:00,50.4602,50.53,50.32,50.4,1235571.187193
2026-07-17T14:10:00+00:00,50.4,50.5399,50.38,50.385,381582.471736
2026-07-17T14:15:00+00:00,50.39,50.5,50.35,50.35,203928.79621200002
2026-07-17T14:20:00+00:00,50.35,50.555,50.35,50.435,192317.72632000002
2026-07-17T14:25:00+00:00,50.46,50.635,50.425,50.565,185556.26459099998
2026-07-17T14:30:00+00:00,50.55,50.635,50.485,50.5,174207.259507
2026-07-17T14:35:00+00:00,50.49,50.495,50.3,50.3299,186024.628101
2026-07-17T14:40:00+00:00,50.315,50.4299,50.27,50.355,187599.259325
2026-07-17T14:45:00+00:00,50.36,50.385,50.2899,50.32,131015.742111
2026-07-17T14:50:00+00:00,50.3,50.38,50.2536,50.2799,100238.834079
2026-07-17T14:55:00+00:00,50.28,50.36,50.23,50.245,95147.758534
2026-07-17T15:00:00+00:00,50.24,50.37,50.22,50.365,76513.73993
2026-07-17T15:05:00+00:00,50.37,50.62,50.32,50.605,240505.03738300002
2026-07-17T15:10:00+00:00,50.6,50.66,50.465,50.57,242072.83769100002
2026-07-17T15:15:00+00:00,50.58,50.63,50.445,50.4823,128416.88396800001
2026-07-17T15:20:00+00:00,50.485,50.53,50.42,50.425,83986.381902
2026-07-17T15:25:00+00:00,50.4299,50.55,50.39,50.515,73218.946438
2026-07-17T15:30:00+00:00,50.52,50.58,50.47,50.575,124423.85427800001
2026-07-17T15:35:00+00:00,50.58,50.64,50.48,50.545,193285.97092
2026-07-17T15:40:00+00:00,50.55,50.76,50.51,50.68,244933.403808
2026-07-17T15:45:00+00:00,50.68,50.715,50.6,50.675,131938.04572
2026-07-17T15:50:00+00:00,50.67,50.76,50.64,50.685,98502.365911
2026-07-17T15:55:00+00:00,50.695,50.82,50.68,50.77,210675.529011
2026-07-17T16:00:00+00:00,50.7703,50.8,50.695,50.725,216468.54885999998
2026-07-17T16:05:00+00:00,50.715,50.715,50.535,50.6372,359774.813287
2026-07-17T16:10:00+00:00,50.62,50.6725,50.555,50.6468,355792.913115
2026-07-17T16:15:00+00:00,50.65,50.71,50.65,50.67,45576.363369
2026-07-17T16:20:00+00:00,50.665,50.735,50.65,50.7001,56254.26692
2026-07-17T16:25:00+00:00,50.705,50.7099,50.62,50.69,67712.170755
2026-07-17T16:30:00+00:00,50.69,50.725,50.6398,50.685,77533.355423
2026-07-17T16:35:00+00:00,50.68,50.705,50.59,50.6001,101395.65942600001
2026-07-17T16:40:00+00:00,50.6,50.63,50.58,50.59,65669.918825
2026-07-17T16:45:00+00:00,50.6,50.66,50.55,50.66,80117.56039900001
2026-07-17T16:50:00+00:00,50.655,50.728,50.64,50.725,72196.819395
2026-07-17T16:55:00+00:00,50.721,50.725,50.67,50.685,60524.172402
2026-07-17T17:00:00+00:00,50.68,50.68,50.63,50.645,43295.363058
2026-07-17T17:05:00+00:00,50.66,50.815,50.66,50.7457,101720.06527899999
2026-07-17T17:10:00+00:00,50.745,50.815,50.74,50.77,94389.29254400001
2026-07-17T17:15:00+00:00,50.76,50.77,50.69,50.715,118543.08793
2026-07-17T17:20:00+00:00,50.72,50.77,50.7,50.71,93857.251068
2026-07-17T17:25:00+00:00,50.71,50.755,50.68,50.705,77945.623082
2026-07-17T17:30:00+00:00,50.71,50.74,50.695,50.7,85552.86857499999
2026-07-17T17:35:00+00:00,50.695,50.71,50.65,50.6651,48326.526398
2026-07-17T17:40:00+00:00,50.69,50.69,50.645,50.655,109551.471996
2026-07-17T17:45:00+00:00,50.65,50.65,50.542,50.55,104082.214136
2026-07-17T17:50:00+00:00,50.55,50.6451,50.5445,50.6451,41355.754044
2026-07-17T17:55:00+00:00,50.65,50.65,50.585,50.62,65622.345031
2026-07-17T18:00:00+00:00,50.61,50.62,50.55,50.585,68085.98608999999
2026-07-17T18:05:00+00:00,50.59,50.6,50.545,50.57,36183.323935
2026-07-17T18:10:00+00:00,50.57,50.655,50.54,50.625,58239.61985
2026-07-17T18:15:00+00:00,50.64,50.685,50.64,50.68,111645.972194
2026-07-17T18:20:00+00:00,50.68,50.745,50.625,50.71,123415.316735
2026-07-17T18:25:00+00:00,50.71,50.71,50.655,50.67,126331.853011
2026-07-17T18:30:00+00:00,50.68,50.805,50.66,50.79,110678.256471
2026-07-17T18:35:00+00:00,50.775,50.81,50.71,50.74,73292.699794
2026-07-17T18:40:00+00:00,50.7401,50.77,50.71,50.73,110075.12014999999
2026-07-17T18:45:00+00:00,50.73,50.7399,50.58,50.6,238702.90176200002
2026-07-17T18:50:00+00:00,50.6,50.69,50.595,50.66,62746.724835
2026-07-17T18:55:00+00:00,50.655,50.725,50.645,50.725,94964.574972
2026-07-17T19:00:00+00:00,50.725,50.78,50.715,50.7505,139225.086843
2026-07-17T19:05:00+00:00,50.75,50.75,50.67,50.68,70126.930399
2026-07-17T19:10:00+00:00,50.69,50.69,50.59,50.625,106308.65966699999
2026-07-17T19:15:00+00:00,50.625,50.63,50.5809,50.6,75142.294833
2026-07-17T19:20:00+00:00,50.6,50.61,50.56,50.58,121230.76010999999
2026-07-17T19:25:00+00:00,50.575,50.585,50.525,50.5298,98175.516135
2026-07-17T19:30:00+00:00,50.51,50.6,50.51,50.54,217012.64993
2026-07-17T19:35:00+00:00,50.55,50.68,50.4197,50.66,280942.5981
2026-07-17T19:40:00+00:00,50.66,50.7599,50.65,50.69,170058.795868
2026-07-17T19:45:00+00:00,50.685,50.755,50.66,50.755,178195.246785
2026-07-17T19:50:00+00:00,50.76,50.79,50.745,50.755,179903.051065
2026-07-17T19:55:00+00:00,50.755,50.82,50.745,50.815,146316.216126
2026-07-17T20:00:00+00:00,50.815,50.82,50.76,50.785,442827.72795000003
2026-07-17T20:05:00+00:00,50.78,50.78,50.7266,50.74,6540.2326060000005
2026-07-17T20:10:00+00:00,50.745,50.76,50.73,50.7301,44852.855558
2026-07-17T20:15:00+00:00,50.74,50.74,50.71,50.72,2688.6618630000003
2026-07-17T20:20:00+00:00,50.7,50.72,50.62,50.62,28364.493048
2026-07-17T20:25:00+00:00,50.62,50.6512,50.62,50.62,10485.258819
2026-07-17T20:30:00+00:00,50.62,50.62,50.56,50.6,9150.930482
2026-07-17T20:35:00+00:00,50.59,50.59,50.54,50.55,6722.0
2026-07-17T20:40:00+00:00,50.55,50.5897,50.5208,50.53,7789.652358
2026-07-17T20:45:00+00:00,50.5346,50.54,50.5,50.52,9126.171217
2026-07-17T20:50:00+00:00,50.52,50.55,50.52,50.55,8976.239378
2026-07-17T20:55:00+00:00,50.594,50.594,50.55,50.58,10901.029658
2026-07-17T21:00:00+00:00,50.58,50.6,50.56,50.56,20681.0
2026-07-17T21:05:00+00:00,50.58,50.5981,50.5746,50.5746,3912.395374
2026-07-17T21:10:00+00:00,50.57,50.57,50.57,50.57,6906.988568
2026-07-17T21:15:00+00:00,50.56,50.57,50.56,50.57,6951.0
2026-07-17T21:30:00+00:00,50.59,50.6617,50.57,50.57,10849.493322
2026-07-17T21:35:00+00:00,50.65,50.71,50.65,50.71,1905.0
2026-07-17T21:40:00+00:00,50.65,50.7,50.65,50.7,363.0
2026-07-17T21:45:00+00:00,50.65,50.7,50.65,50.7,1510.0
2026-07-17T21:50:00+00:00,50.6808,50.6808,50.6,50.6561,859.0
2026-07-17T21:55:00+00:00,50.67,50.67,50.67,50.67,554.0
2026-07-17T22:05:00+00:00,50.66,50.66,50.66,50.66,603.0
2026-07-17T22:10:00+00:00,50.6501,50.67,50.6382,50.67,1355.0
2026-07-17T22:15:00+00:00,50.66,50.66,50.61,50.61,1110.118436
2026-07-17T22:20:00+00:00,50.63,50.66,50.63,50.63,1922.356991
2026-07-17T22:25:00+00:00,50.66,50.66,50.66,50.66,120.0
2026-07-17T22:40:00+00:00,50.63,50.63,50.63,50.63,249.0
2026-07-17T22:45:00+00:00,50.63,50.63,50.63,50.63,202.0
2026-07-17T22:50:00+00:00,50.6301,50.6301,50.6,50.6,2266.5
2026-07-17T22:55:00+00:00,50.6051,50.6592,50.6012,50.6012,571.296237
2026-07-17T23:10:00+00:00,50.6,50.6,50.5508,50.5508,1811.476472
2026-07-17T23:15:00+00:00,50.6,50.63,50.6,50.63,568.0
2026-07-17T23:20:00+00:00,50.63,50.63,50.55,50.55,702.098823
2026-07-17T23:25:00+00:00,50.6,50.63,50.59,50.63,303.430221
2026-07-17T23:30:00+00:00,50.63,50.64,50.59,50.59,1801.0
2026-07-17T23:35:00+00:00,50.64,50.64,50.57,50.6092,3502.0
2026-07-17T23:40:00+00:00,50.5754,50.62,50.57,50.62,3142.0
2026-07-17T23:45:00+00:00,50.6053,50.6053,50.6053,50.6053,202.0
2026-07-17T23:50:00+00:00,50.5862,50.6387,50.5862,50.6387,3028.0
2026-07-17T23:55:00+00:00,50.64,50.64,50.6399,50.6399,724.0
2026-07-18T00:00:00+00:00,50.64,50.64,50.6001,50.61,1993.024703
2026-07-20T08:05:00+00:00,51.37,51.69,50.99,51.67,187470.607986
2026-07-20T08:10:00+00:00,51.6,51.6,51.5102,51.53,2880.3097740000003
2026-07-20T08:15:00+00:00,51.54,51.63,51.54,51.63,4962.0
2026-07-20T08:20:00+00:00,51.63,51.66,51.6245,51.66,5266.0
2026-07-20T08:25:00+00:00,51.63,51.67,51.5879,51.67,15447.962446999998
2026-07-20T08:30:00+00:00,51.68,51.71,51.63,51.63,11348.949152
2026-07-20T08:35:00+00:00,51.58,51.58,51.55,51.55,1138.212825
2026-07-20T08:40:00+00:00,51.53,51.58,51.53,51.58,10604.909654
2026-07-20T08:45:00+00:00,51.52,51.52,51.52,51.52,656.0
2026-07-20T08:50:00+00:00,51.496,51.51,51.47,51.47,4931.0
2026-07-20T08:55:00+00:00,51.43,51.43,51.3701,51.38,5648.0
2026-07-20T09:00:00+00:00,51.39,51.39,51.37,51.38,8769.0
2026-07-20T09:05:00+00:00,51.38,51.39,51.37,51.38,4753.060184
2026-07-20T09:10:00+00:00,51.32,51.34,51.32,51.33,2701.0
2026-07-20T09:15:00+00:00,51.37,51.37,51.34,51.36,1209.22725
2026-07-20T09:20:00+00:00,51.34,51.4,51.34,51.3803,1645.0
2026-07-20T09:25:00+00:00,51.37,51.37,51.36,51.36,4213.0
2026-07-20T09:30:00+00:00,51.35,51.35,51.28,51.28,2739.1396290000002
2026-07-20T09:35:00+00:00,51.27,51.35,51.27,51.35,1575.8464359999998
2026-07-20T09:40:00+00:00,51.37,51.4,51.37,51.4,1154.44409
2026-07-20T09:45:00+00:00,51.44,51.45,51.426,51.426,7009.024547999999
2026-07-20T09:50:00+00:00,51.43,51.53,51.43,51.53,2461.0
2026-07-20T09:55:00+00:00,51.51,51.61,51.5,51.61,2515.8713
2026-07-20T10:00:00+00:00,51.53,51.54,51.5,51.51,3500.152447
2026-07-20T10:05:00+00:00,51.52,51.52,51.4,51.45,2938.293934
2026-07-20T10:10:00+00:00,51.5,51.5,51.45,51.46,4559.942135
2026-07-20T10:15:00+00:00,51.47,51.47,51.45,51.45,1135.0
2026-07-20T10:20:00+00:00,51.44,51.44,51.43,51.43,583.0
2026-07-20T10:25:00+00:00,51.46,51.46,51.44,51.44,1306.0
2026-07-20T10:30:00+00:00,51.44,51.47,51.44,51.47,221.0
2026-07-20T10:35:00+00:00,51.46,51.48,51.44,51.44,911.0
2026-07-20T10:40:00+00:00,51.45,51.45,51.43,51.43,893.0
2026-07-20T10:45:00+00:00,51.43,51.44,51.43,51.44,923.0
2026-07-20T10:50:00+00:00,51.45,51.46,51.41,51.41,2057.082
2026-07-20T10:55:00+00:00,51.41,51.44,51.38,51.44,2755.0
2026-07-20T11:00:00+00:00,51.44,51.45,51.37,51.38,1953.0
2026-07-20T11:05:00+00:00,51.4,51.51,51.37,51.51,31830.655209000004
2026-07-20T11:10:00+00:00,51.51,51.51,51.45,51.46,7311.814547
2026-07-20T11:15:00+00:00,51.46,51.46,51.3627,51.418,15519.934797
2026-07-20T11:20:00+00:00,51.451,51.451,51.42,51.42,21093.648487
2026-07-20T11:25:00+00:00,51.44,51.44,51.41,51.44,5039.49999
2026-07-20T11:30:00+00:00,51.44,51.5,51.42,51.47,30441.282884
2026-07-20T11:35:00+00:00,51.46,51.98,51.46,51.87,154639.39225
2026-07-20T11:40:00+00:00,51.86,51.89,51.67,51.7003,58789.99456
2026-07-20T11:45:00+00:00,51.71,51.7469,51.65,51.73,35454.89346
2026-07-20T11:50:00+00:00,51.7107,51.73,51.6331,51.64,19899.966787
2026-07-20T11:55:00+00:00,51.64,51.65,51.5627,51.64,27908.794894
2026-07-20T12:00:00+00:00,51.6369,51.66,51.61,51.64,15579.890304
2026-07-20T12:05:00+00:00,51.62,51.62,51.31,51.34,104458.52496499999
2026-07-20T12:10:00+00:00,51.36,51.38,51.31,51.36,12415.249811000002
2026-07-20T12:15:00+00:00,51.37,51.39,51.25,51.279,17462.910936
2026-07-20T12:20:00+00:00,51.28,51.33,51.22,51.31,18812.173242
2026-07-20T12:25:00+00:00,51.3,51.3,51.22,51.25,14790.070263
2026-07-20T12:30:00+00:00,51.24,51.4,51.24,51.4,8504.075101999999
2026-07-20T12:35:00+00:00,51.41,51.49,51.4,51.45,20949.197572
2026-07-20T12:40:00+00:00,51.44,51.49,51.406,51.42,22018.259784
2026-07-20T12:45:00+00:00,51.4,51.41,51.31,51.34,26337.329848
2026-07-20T12:50:00+00:00,51.35,51.43,51.35,51.37,23141.556942
2026-07-20T12:55:00+00:00,51.36,51.4,51.32,51.35,26703.711672
2026-07-20T13:00:00+00:00,51.34,51.37,51.31,51.31,20098.840334
2026-07-20T13:05:00+00:00,51.31,51.46,51.25,51.42,87368.77911
2026-07-20T13:10:00+00:00,51.4,51.4,51.3,51.34,13248.110719999999
2026-07-20T13:15:00+00:00,51.34,51.48,51.34,51.41,68542.511224
2026-07-20T13:20:00+00:00,51.33,51.4,51.32,51.4,8917.198349999999
2026-07-20T13:25:00+00:00,51.4033,51.48,51.35,51.41,32606.208122
2026-07-20T13:30:00+00:00,51.394,51.41,51.2,51.2002,93289.579422
2026-07-20T13:35:00+00:00,51.2,51.45,51.2,51.37,617320.1132070001
2026-07-20T13:40:00+00:00,51.365,51.5,51.27,51.5,251134.542533
2026-07-20T13:45:00+00:00,51.5,51.6,51.47,51.485,190799.03314100002
2026-07-20T13:50:00+00:00,51.49,51.525,51.42,51.5001,149130.603656
2026-07-20T13:55:00+00:00,51.505,51.575,51.36,51.43,259217.569906
2026-07-20T14:00:00+00:00,51.43,51.52,51.3201,51.3201,133745.715536
2026-07-20T14:05:00+00:00,51.32,51.34,51.215,51.295,234305.351597
2026-07-20T14:10:00+00:00,51.295,51.3699,51.21,51.216,103784.696432
2026-07-20T14:15:00+00:00,51.215,51.2299,51.1,51.12,145490.298137
2026-07-20T14:20:00+00:00,51.125,51.19,51.1,51.12,156502.12302
2026-07-20T14:25:00+00:00,51.11,51.1654,50.98,51.165,135840.15659300002
2026-07-20T14:30:00+00:00,51.16,51.33,51.16,51.325,161103.730174
2026-07-20T14:35:00+00:00,51.33,51.4099,51.3005,51.405,159719.98767499998
2026-07-20T14:40:00+00:00,51.405,51.51,51.37,51.475,160396.418493
2026-07-20T14:45:00+00:00,51.475,51.515,51.34,51.37,216871.65182899998
2026-07-20T14:50:00+00:00,51.3701,51.56,51.365,51.54,478067.65222600003
2026-07-20T14:55:00+00:00,51.53,51.5405,51.38,51.38,201392.07688900002
2026-07-20T15:00:00+00:00,51.37,51.395,51.295,51.325,202113.881666
2026-07-20T15:05:00+00:00,51.325,51.465,51.25,51.4,181616.927183
2026-07-20T15:10:00+00:00,51.4,51.7,51.31,51.7,345732.137901
2026-07-20T15:15:00+00:00,51.69,51.69,51.5,51.535,221026.02234199998
2026-07-20T15:20:00+00:00,51.55,51.552,51.455,51.46,90684.335786
2026-07-20T15:25:00+00:00,51.45,51.555,51.43,51.55,47449.229859
2026-07-20T15:30:00+00:00,51.56,51.59,51.54,51.59,142927.330878
2026-07-20T15:35:00+00:00,51.59,51.61,51.529,51.55,82579.63249399999
2026-07-20T15:40:00+00:00,51.54,51.56,51.465,51.485,61297.809487
2026-07-20T15:45:00+00:00,51.48,51.545,51.46,51.545,71472.34390400001
2026-07-20T15:50:00+00:00,51.53,51.57,51.49,51.53,147090.06645800002
2026-07-20T15:55:00+00:00,51.54,51.61,51.525,51.56,94068.75661400001
2026-07-20T16:00:00+00:00,51.565,51.565,51.475,51.485,65072.568413
2026-07-20T16:05:00+00:00,51.48,51.595,51.48,51.57,81974.706152
2026-07-20T16:10:00+00:00,51.575,51.67,51.565,51.6501,80305.24436499999
2026-07-20T16:15:00+00:00,51.655,51.69,51.5903,51.6099,60341.996424
2026-07-20T16:20:00+00:00,51.605,51.64,51.5323,51.615,63078.530421999996
2026-07-20T16:25:00+00:00,51.62,51.625,51.56,51.575,96190.057738
2026-07-20T16:30:00+00:00,51.58,51.585,51.51,51.5301,55858.284959
2026-07-20T16:35:00+00:00,51.5395,51.5395,51.36,51.365,185029.47371100003
2026-07-20T16:40:00+00:00,51.365,51.44,51.35,51.43,103836.30436699999
2026-07-20T16:45:00+00:00,51.435,51.455,51.15,51.34,390114.916161
2026-07-20T16:50:00+00:00,51.34,51.405,51.27,51.405,91427.598427
2026-07-20T16:55:00+00:00,51.4,51.405,51.34,51.355,94961.151497
2026-07-20T17:00:00+00:00,51.35,51.395,51.31,51.375,69083.406782
2026-07-20T17:05:00+00:00,51.38,51.48,51.38,51.47,113363.33577199999
2026-07-20T17:10:00+00:00,51.478,51.5064,51.445,51.4901,152146.08738500002
2026-07-20T17:15:00+00:00,51.4962,51.51,51.405,51.43,78554.758304
2026-07-20T17:20:00+00:00,51.43,51.4498,51.385,51.3998,97799.69234
2026-07-20T17:25:00+00:00,51.3994,51.435,51.33,51.37,52188.18891299999
2026-07-20T17:30:00+00:00,51.365,51.4201,51.36,51.41,28570.879941
2026-07-20T17:35:00+00:00,51.41,51.425,51.36,51.41,37708.402492
2026-07-20T17:40:00+00:00,51.41,51.41,51.329,51.329,38549.979712
2026-07-20T17:45:00+00:00,51.345,51.35,51.31,51.325,54698.12506800001
2026-07-20T17:50:00+00:00,51.325,51.35,51.29,51.295,111548.479297
2026-07-20T17:55:00+00:00,51.2835,51.305,51.215,51.29,94577.81253
2026-07-20T18:00:00+00:00,51.3,51.325,51.2705,51.325,51227.898027
2026-07-20T18:05:00+00:00,51.32,51.38,51.32,51.355,47303.964143000005
2026-07-20T18:10:00+00:00,51.355,51.37,51.32,51.355,51005.322665
2026-07-20T18:15:00+00:00,51.36,51.38,51.33,51.3551,36562.029014
2026-07-20T18:20:00+00:00,51.355,51.415,51.31,51.325,86632.85808800001
2026-07-20T18:25:00+00:00,51.3201,51.3272,51.19,51.205,134105.436365
2026-07-20T18:30:00+00:00,51.2,51.265,51.19,51.25,95115.682688
2026-07-20T18:35:00+00:00,51.25,51.25,51.115,51.12,98325.13573000001
2026-07-20T18:40:00+00:00,51.12,51.1964,51.12,51.155,202152.295469
2026-07-20T18:45:00+00:00,51.155,51.165,51.095,51.1,84646.385388
2026-07-20T18:50:00+00:00,51.105,51.1699,51.07,51.145,90947.515888
2026-07-20T18:55:00+00:00,51.14,51.169,51.13,51.1501,65077.633869
2026-07-20T19:00:00+00:00,51.155,51.18,51.125,51.17,84603.441137
2026-07-20T19:05:00+00:00,51.165,51.175,51.035,51.065,71432.701634
2026-07-20T19:10:00+00:00,51.07,51.08,51.01,51.075,125108.067423
2026-07-20T19:15:00+00:00,51.075,51.1,51.01,51.03,162233.61655799998
2026-07-20T19:20:00+00:00,51.025,51.13,51.01,51.125,119544.21299100001
2026-07-20T19:25:00+00:00,51.13,51.16,51.11,51.14,57924.98362900001
2026-07-20T19:30:00+00:00,51.14,51.285,51.1113,51.27,219856.481102
2026-07-20T19:35:00+00:00,51.27,51.36,51.22,51.22,134093.312136
2026-07-20T19:40:00+00:00,51.22,51.22,51.065,51.085,248793.61697299997
2026-07-20T19:45:00+00:00,51.085,51.11,51.03,51.0324,130436.08188
2026-07-20T19:50:00+00:00,51.03,51.075,51.02,51.07,102644.10175900001
2026-07-20T19:55:00+00:00,51.07,51.07,50.99,51.015,216662.562403
2026-07-20T20:00:00+00:00,51.02,51.025,50.95,50.99,435607.116952
2026-07-20T20:05:00+00:00,50.98,51.07,50.98,51.04,6738.411040999999
2026-07-20T20:10:00+00:00,51.01,51.01,50.94,50.95,29903.0
2026-07-20T20:15:00+00:00,50.94,50.96,50.94,50.94,10951.421939
2026-07-20T20:20:00+00:00,50.96,50.97,50.96,50.97,693.2112999999999
2026-07-20T20:25:00+00:00,50.98,51.0199,50.98,51.0199,7137.395367
2026-07-20T20:30:00+00:00,51.0,51.0049,51.0,51.0049,578.194471
2026-07-20T20:40:00+00:00,51.01,51.01,50.9946,51.01,1136.33241
2026-07-20T20:50:00+00:00,51.01,51.03,51.01,51.02,16281.474888
2026-07-20T20:55:00+00:00,51.0,51.0093,50.98,51.0093,672.0
2026-07-20T21:00:00+00:00,50.994,51.0031,50.994,51.0,7664.0
2026-07-20T21:05:00+00:00,51.01,51.05,51.0,51.05,6280.671982
2026-07-20T21:10:00+00:00,51.03,51.04,51.02,51.02,2753.217998
2026-07-20T21:15:00+00:00,51.03,51.0798,51.02,51.0798,1088.0
2026-07-20T21:20:00+00:00,51.056,51.06,51.05,51.05,1178.0
2026-07-20T21:25:00+00:00,51.039,51.04,51.02,51.02,8932.446381
2026-07-20T21:30:00+00:00,51.01,51.05,51.01,51.05,4592.492464999999
2026-07-20T21:35:00+00:00,51.01,51.05,51.01,51.01,2194.4
2026-07-20T21:40:00+00:00,51.04,51.05,51.04,51.05,7149.0
2026-07-20T21:45:00+00:00,51.04,51.05,51.04,51.05,1112.0
2026-07-20T21:50:00+00:00,51.05,51.06,51.04,51.04,11235.613264
2026-07-20T21:55:00+00:00,51.01,51.01,51.01,51.01,6411.0
2026-07-20T22:00:00+00:00,51.07,51.09,51.05,51.058,10460.027187
2026-07-20T22:05:00+00:00,51.05,51.05,51.0,51.0,2533.0
2026-07-20T22:10:00+00:00,51.0,51.02,50.97,51.02,2939.05098
2026-07-20T22:15:00+00:00,51.01,51.01,50.95,50.95,10650.014709
2026-07-20T22:20:00+00:00,50.9823,50.9823,50.94,50.94,11576.0
2026-07-20T22:25:00+00:00,50.93,50.93,50.9,50.9,1676.03
2026-07-20T22:30:00+00:00,50.92,50.92,50.87,50.87,816.019634
2026-07-20T22:35:00+00:00,50.99,50.99,50.88,50.9287,18626.019629
2026-07-20T22:40:00+00:00,50.87,50.89,50.85,50.86,1551.850642
2026-07-20T22:50:00+00:00,50.86,50.86,50.77,50.77,10956.392235
2026-07-20T22:55:00+00:00,50.78,50.81,50.75,50.75,5580.257342999999
2026-07-20T23:00:00+00:00,50.83,50.83,50.8,50.8,1532.902311
2026-07-20T23:05:00+00:00,50.83,50.83,50.83,50.83,1523.0
2026-07-20T23:10:00+00:00,50.8899,50.9,50.8899,50.9,10050.32282
2026-07-20T23:15:00+00:00,50.91,50.91,50.78,50.8,9657.0
2026-07-20T23:20:00+00:00,50.88,50.92,50.88,50.92,1771.166949
2026-07-20T23:25:00+00:00,50.9,50.9,50.87,50.87,2424.0196539999997
2026-07-20T23:30:00+00:00,50.89,50.92,50.89,50.91,3517.0
2026-07-20T23:35:00+00:00,50.8801,50.92,50.8801,50.8957,1955.742285
2026-07-20T23:40:00+00:00,50.92,50.92,50.89,50.89,1095.0
2026-07-20T23:45:00+00:00,50.8607,50.8951,50.8607,50.8951,10343.019642
2026-07-20T23:50:00+00:00,50.86,50.89,50.86,50.89,720.0
2026-07-20T23:55:00+00:00,50.85,50.87,50.85,50.87,6216.0
2026-07-21T00:00:00+00:00,50.92,50.94,50.9,50.94,3857.947204
2026-07-21T08:05:00+00:00,53.43,53.55,52.16,53.4,437277.533207
2026-07-21T08:10:00+00:00,53.41,53.44,53.38,53.38,11433.919214
2026-07-21T08:15:00+00:00,53.35,53.3755,53.3204,53.37,4673.311299999999
2026-07-21T08:20:00+00:00,53.38,53.4,53.34,53.34,2870.476532
2026-07-21T08:25:00+00:00,53.32,53.32,53.3016,53.32,4987.925413999999
2026-07-21T08:30:00+00:00,53.33,53.33,53.24,53.3,37105.646666
2026-07-21T08:35:00+00:00,53.3005,53.3192,53.26,53.28,9652.068906
2026-07-21T08:40:00+00:00,53.25,53.27,53.25,53.26,3116.0
2026-07-21T08:45:00+00:00,53.26,53.35,53.26,53.33,10264.770822
2026-07-21T08:50:00+00:00,53.34,53.37,53.34,53.34,15320.708228
2026-07-21T08:55:00+00:00,53.34,53.35,53.26,53.29,15811.16
2026-07-21T09:00:00+00:00,53.28,53.3,53.26,53.3,9716.616909
2026-07-21T09:05:00+00:00,53.31,53.48,53.31,53.48,12361.160913
2026-07-21T09:10:00+00:00,53.47,53.5012,53.4501,53.4501,5626.349942
2026-07-21T09:15:00+00:00,53.46,53.47,53.42,53.43,1843.7757789999998
2026-07-21T09:20:00+00:00,53.43,53.5,53.43,53.5,6688.541988
2026-07-21T09:25:00+00:00,53.5,53.55,53.5,53.51,10844.422105
2026-07-21T09:30:00+00:00,53.54,53.56,53.47,53.49,20021.374631
2026-07-21T09:35:00+00:00,53.5,53.5,53.42,53.46,4913.671353
2026-07-21T09:40:00+00:00,53.46,53.47,53.44,53.44,7142.487507
2026-07-21T09:45:00+00:00,53.43,53.44,53.39,53.4001,12177.722438
2026-07-21T09:50:00+00:00,53.4,53.48,53.4,53.47,25309.14
2026-07-21T09:55:00+00:00,53.47,53.47,53.44,53.47,4200.157230999999
2026-07-21T10:00:00+00:00,53.5,53.5,53.39,53.39,4881.0
2026-07-21T10:05:00+00:00,53.4,53.43,53.37,53.3701,10196.892296
2026-07-21T10:10:00+00:00,53.3601,53.3601,53.3194,53.33,2827.613057
2026-07-21T10:15:00+00:00,53.32,53.47,53.32,53.44,9656.480605
2026-07-21T10:20:00+00:00,53.41,53.49,53.41,53.47,4595.179701
2026-07-21T10:25:00+00:00,53.47,53.49,53.45,53.45,3839.0
2026-07-21T10:30:00+00:00,53.44,53.45,53.38,53.38,5172.712365
2026-07-21T10:35:00+00:00,53.3988,53.41,53.38,53.39,10756.0
2026-07-21T10:40:00+00:00,53.3963,53.46,53.3963,53.44,2950.0
2026-07-21T10:45:00+00:00,53.3804,53.41,53.3804,53.4,1538.079737
2026-07-21T10:50:00+00:00,53.39,53.39,53.26,53.3,12564.497035
2026-07-21T10:55:00+00:00,53.29,53.34,53.27,53.34,7377.0
2026-07-21T11:00:00+00:00,53.29,53.29,53.23,53.23,11690.0
2026-07-21T11:05:00+00:00,53.24,53.2631,53.0501,53.06,75738.192146
2026-07-21T11:10:00+00:00,53.0705,53.1685,53.07,53.09,25599.4
2026-07-21T11:15:00+00:00,53.09,53.2585,53.09,53.2405,39017.561225
2026-07-21T11:20:00+00:00,53.25,53.26,53.19,53.19,17454.686117
2026-07-21T11:25:00+00:00,53.1799,53.2,53.15,53.2,22276.506909
2026-07-21T11:30:00+00:00,53.19,53.19,53.15,53.17,48539.530659000004
2026-07-21T11:35:00+00:00,53.16,53.2269,53.16,53.1902,12727.692109
2026-07-21T11:40:00+00:00,53.19,53.23,53.18,53.19,34928.964283
2026-07-21T11:45:00+00:00,53.18,53.18,53.09,53.11,11456.508817999998
2026-07-21T11:50:00+00:00,53.1385,53.18,53.11,53.18,16398.817085
2026-07-21T11:55:00+00:00,53.19,53.23,53.16,53.17,29567.366274
2026-07-21T12:00:00+00:00,53.17,53.2,53.17,53.19,12234.682199
2026-07-21T12:05:00+00:00,53.2,53.29,53.2,53.2885,30098.445763
2026-07-21T12:10:00+00:00,53.28,53.32,53.23,53.2301,23709.189383
2026-07-21T12:15:00+00:00,53.23,53.26,53.2,53.26,23101.415287
2026-07-21T12:20:00+00:00,53.25,53.2596,53.17,53.2002,64021.801437999995
2026-07-21T12:25:00+00:00,53.25,53.4694,53.25,53.4694,29843.237252
2026-07-21T12:30:00+00:00,53.46,53.46,53.38,53.4,27156.351747
2026-07-21T12:35:00+00:00,53.41,53.46,53.34,53.39,60715.50595200001
2026-07-21T12:40:00+00:00,53.39,53.39,53.25,53.3,22385.276384
2026-07-21T12:45:00+00:00,53.32,53.33,53.21,53.28,95994.356462
2026-07-21T12:50:00+00:00,53.2896,53.51,53.27,53.476,42592.180122
2026-07-21T12:55:00+00:00,53.4682,53.4682,53.35,53.35,4925.675714000001
2026-07-21T13:00:00+00:00,53.33,53.34,53.24,53.25,21203.012763
2026-07-21T13:05:00+00:00,53.29,53.37,53.19,53.21,47465.715994
2026-07-21T13:10:00+00:00,53.25,53.32,53.18,53.18,79169.77267
2026-07-21T13:15:00+00:00,53.15,53.22,53.15,53.22,65308.44627500001
2026-07-21T13:20:00+00:00,53.21,53.23,53.025,53.07,38814.837975999995
2026-07-21T13:25:00+00:00,53.07,53.1,52.9006,52.92,48179.270130000004
2026-07-21T13:30:00+00:00,52.93,52.95,52.84,52.85,52411.24905200001
2026-07-21T13:35:00+00:00,52.86,52.965,52.73,52.93,745046.675218
2026-07-21T13:40:00+00:00,52.935,52.99,52.77,52.82,338115.61504199996
2026-07-21T13:45:00+00:00,52.82,52.84,52.66,52.705,339042.33953999996
2026-07-21T13:50:00+00:00,52.72,52.83,52.66,52.83,226784.111481
2026-07-21T13:55:00+00:00,52.82,52.9154,52.73,52.905,271097.745934
2026-07-21T14:00:00+00:00,52.9,52.92,52.78,52.83,152933.094641
2026-07-21T14:05:00+00:00,52.8297,53.01,52.8297,53.009,204235.03088300003
2026-07-21T14:10:00+00:00,53.0,53.04,52.91,52.94,139428.01528
2026-07-21T14:15:00+00:00,52.935,53.23,52.935,53.215,193970.801297
2026-07-21T14:20:00+00:00,53.2,53.35,53.105,53.305,151766.897338
2026-07-21T14:25:00+00:00,53.31,53.315,53.195,53.28,138523.883389
2026-07-21T14:30:00+00:00,53.285,53.365,53.265,53.34,176433.609575
2026-07-21T14:35:00+00:00,53.34,53.44,53.229,53.229,199752.10372400002
2026-07-21T14:40:00+00:00,53.2344,53.245,53.145,53.2,126330.159208
2026-07-21T14:45:00+00:00,53.205,53.325,53.16,53.315,565867.44189
2026-07-21T14:50:00+00:00,53.315,53.46,53.295,53.365,174503.226321
2026-07-21T14:55:00+00:00,53.361,53.365,53.29,53.335,120208.91391700001
2026-07-21T15:00:00+00:00,53.3422,53.365,53.24,53.285,152858.43702800001
2026-07-21T15:05:00+00:00,53.29,53.355,53.245,53.255,197168.692369
2026-07-21T15:10:00+00:00,53.25,53.365,53.175,53.35,126626.576189
2026-07-21T15:15:00+00:00,53.345,53.44,53.345,53.4,114296.99469599998
2026-07-21T15:20:00+00:00,53.4,53.48,53.395,53.465,186380.13189200003
2026-07-21T15:25:00+00:00,53.46,53.52,53.395,53.45,178046.340218
2026-07-21T15:30:00+00:00,53.455,53.47,53.4,53.44,114404.47635099999
2026-07-21T15:35:00+00:00,53.44,53.485,53.365,53.45,281720.183746
2026-07-21T15:40:00+00:00,53.44,53.48,53.4,53.435,181080.326397
2026-07-21T15:45:00+00:00,53.425,53.44,53.25,53.27,199881.540984
2026-07-21T15:50:00+00:00,53.265,53.2799,53.22,53.235,76112.719971
2026-07-21T15:55:00+00:00,53.24,53.34,53.24,53.3001,62770.132503
2026-07-21T16:00:00+00:00,53.305,53.31,53.24,53.285,97895.536992
2026-07-21T16:05:00+00:00,53.285,53.33,53.2545,53.325,63371.628344
2026-07-21T16:10:00+00:00,53.33,53.33,53.275,53.315,49432.824696
2026-07-21T16:15:00+00:00,53.315,53.42,53.31,53.415,48953.666591
2026-07-21T16:20:00+00:00,53.4101,53.42,53.36,53.39,61301.297671
2026-07-21T16:25:00+00:00,53.4,53.421,53.37,53.41,58732.85320799999
2026-07-21T16:30:00+00:00,53.42,53.42,53.34,53.375,50635.27394200001
2026-07-21T16:35:00+00:00,53.375,53.385,53.35,53.3745,47214.751678
2026-07-21T16:40:00+00:00,53.375,53.385,53.29,53.315,29121.789064
2026-07-21T16:45:00+00:00,53.325,53.34,53.25,53.255,66394.413481
2026-07-21T16:50:00+00:00,53.251,53.251,53.145,53.225,106313.955313
2026-07-21T16:55:00+00:00,53.225,53.25,53.185,53.195,43996.752784
2026-07-21T17:00:00+00:00,53.2,53.2,53.15,53.185,55370.097249
2026-07-21T17:05:00+00:00,53.18,53.18,53.13,53.155,35426.889791
2026-07-21T17:10:00+00:00,53.16,53.19,53.14,53.16,55251.862837999994
2026-07-21T17:15:00+00:00,53.1536,53.22,53.1231,53.17,124662.177563
2026-07-21T17:20:00+00:00,53.175,53.175,53.08,53.09,89023.56332100001
2026-07-21T17:25:00+00:00,53.09,53.19,53.07,53.175,93648.4236
2026-07-21T17:30:00+00:00,53.195,53.22,53.175,53.22,67818.88965499999
2026-07-21T17:35:00+00:00,53.22,53.235,53.17,53.195,82078.941798
2026-07-21T17:40:00+00:00,53.21,53.21,53.16,53.17,35320.845876
2026-07-21T17:45:00+00:00,53.16,53.18,53.07,53.08,46764.998978
2026-07-21T17:50:00+00:00,53.085,53.11,53.05,53.085,46554.558288
2026-07-21T17:55:00+00:00,53.09,53.109,53.084,53.09,28010.213516999997
2026-07-21T18:00:00+00:00,53.085,53.115,53.07,53.11,73241.73657899999
2026-07-21T18:05:00+00:00,53.11,53.13,53.08,53.0999,70828.43807
2026-07-21T18:10:00+00:00,53.095,53.175,53.09,53.165,52291.340446999995
2026-07-21T18:15:00+00:00,53.1654,53.17,53.135,53.145,38890.66259099999
2026-07-21T18:20:00+00:00,53.145,53.21,53.13,53.195,52040.114689999995
2026-07-21T18:25:00+00:00,53.19,53.265,53.16,53.265,76306.288877
2026-07-21T18:30:00+00:00,53.26,53.36,53.26,53.285,104401.109956
2026-07-21T18:35:00+00:00,53.289,53.345,53.26,53.32,105170.09150100002
2026-07-21T18:40:00+00:00,53.325,53.335,53.25,53.28,99994.10208400001
2026-07-21T18:45:00+00:00,53.28,53.31,53.245,53.265,75136.298897
2026-07-21T18:50:00+00:00,53.265,53.27,53.195,53.215,38227.561562
2026-07-21T18:55:00+00:00,53.211,53.215,53.18,53.195,64308.732141
2026-07-21T19:00:00+00:00,53.195,53.23,53.18,53.19,46463.143411
2026-07-21T19:05:00+00:00,53.195,53.265,53.17,53.23,170719.303974
2026-07-21T19:10:00+00:00,53.225,53.23,53.1545,53.1545,64476.885494999995
2026-07-21T19:15:00+00:00,53.155,53.1587,53.105,53.115,51345.311721000005
2026-07-21T19:20:00+00:00,53.12,53.185,53.12,53.175,31864.320463999997
2026-07-21T19:25:00+00:00,53.17,53.185,53.145,53.17,41590.892827
2026-07-21T19:30:00+00:00,53.17,53.2,53.145,53.145,75946.80569200001
2026-07-21T19:35:00+00:00,53.155,53.165,53.12,53.13,86639.994131
2026-07-21T19:40:00+00:00,53.13,53.135,53.0803,53.0901,121148.091029
2026-07-21T19:45:00+00:00,53.09,53.11,53.07,53.09,134499.648912
2026-07-21T19:50:00+00:00,53.09,53.12,53.08,53.11,152449.668778
2026-07-21T19:55:00+00:00,53.1,53.125,53.065,53.085,326371.68891
2026-07-21T20:00:00+00:00,53.085,53.13,53.06,53.09,593034.7563230001
2026-07-21T20:05:00+00:00,53.1,53.13,53.08,53.08,10742.781449
2026-07-21T20:10:00+00:00,53.0937,53.139,53.0895,53.12,4357.350144
2026-07-21T20:15:00+00:00,53.12,53.12,53.08,53.08,15691.368394
2026-07-21T20:20:00+00:00,53.05,53.079,53.05,53.05,4593.558142
2026-07-21T20:25:00+00:00,53.05,53.06,53.03,53.03,16432.171905
2026-07-21T20:30:00+00:00,53.03,53.0631,53.03,53.0631,1345.0751970000001
2026-07-21T20:35:00+00:00,53.08,53.17,53.08,53.1694,6254.230575
2026-07-21T20:40:00+00:00,53.16,53.2058,53.16,53.1769,3406.088358
2026-07-21T20:45:00+00:00,53.17,53.18,53.17,53.18,19848.432815
2026-07-21T20:50:00+00:00,53.16,53.16,53.1346,53.16,4964.667173
2026-07-21T20:55:00+00:00,53.18,53.2,53.1362,53.1362,7760.0
2026-07-21T21:00:00+00:00,53.15,53.15,53.14,53.14,6851.0
2026-07-21T21:05:00+00:00,53.1362,53.18,53.1362,53.18,434.0
2026-07-21T21:10:00+00:00,53.19,53.19,53.17,53.17,1220.507226
2026-07-21T21:15:00+00:00,53.17,53.19,53.16,53.16,8763.13296
2026-07-21T21:20:00+00:00,53.19,53.19,53.18,53.18,2586.672148
2026-07-21T21:25:00+00:00,53.21,53.2843,53.21,53.23,1622.0
2026-07-21T21:30:00+00:00,53.2,53.2,53.2,53.2,251.0
2026-07-21T21:35:00+00:00,53.22,53.22,53.2,53.22,1646.202969
2026-07-21T21:40:00+00:00,53.2,53.2085,53.2,53.2,1605.0
2026-07-21T21:45:00+00:00,53.2,53.26,53.2,53.26,21143.0
2026-07-21T21:50:00+00:00,53.28,53.3,53.26,53.26,2151.2410879999998
2026-07-21T21:55:00+00:00,53.3,53.3294,53.3,53.3192,3456.0
2026-07-21T22:00:00+00:00,53.32,53.32,53.26,53.26,3199.287652
2026-07-21T22:05:00+00:00,53.26,53.26,53.16,53.16,3318.851299
2026-07-21T22:10:00+00:00,53.18,53.18,53.16,53.16,18422.523501
2026-07-21T22:15:00+00:00,53.15,53.2373,53.15,53.2373,11774.133173
2026-07-21T22:20:00+00:00,53.2,53.2,53.2,53.2,1026.0
2026-07-21T22:25:00+00:00,53.17,53.17,53.17,53.17,121.006965
2026-07-21T22:30:00+00:00,53.2,53.2307,53.2,53.2261,4291.389940999999
2026-07-21T22:35:00+00:00,53.24,53.25,53.1905,53.1905,642.451043
2026-07-21T22:40:00+00:00,53.23,53.24,53.23,53.24,2114.0
2026-07-21T22:45:00+00:00,53.25,53.25,53.18,53.229,3121.003501
2026-07-21T22:50:00+00:00,53.2,53.2023,53.1607,53.1607,454.0
2026-07-21T22:55:00+00:00,53.19,53.19,53.1202,53.1499,2493.0
2026-07-21T23:00:00+00:00,53.1623,53.1623,53.14,53.14,1752.031624
2026-07-21T23:05:00+00:00,53.11,53.13,53.11,53.11,11256.693800000001
2026-07-21T23:10:00+00:00,53.11,53.11,53.11,53.11,359.0
2026-07-21T23:15:00+00:00,53.11,53.1324,53.11,53.13,3385.484609
2026-07-21T23:20:00+00:00,53.13,53.16,53.13,53.1516,15746.649409
2026-07-21T23:25:00+00:00,53.14,53.16,53.14,53.1517,498.02313300000003
2026-07-21T23:35:00+00:00,53.2,53.2,53.2,53.2,1228.0
2026-07-21T23:40:00+00:00,53.16,53.16,53.16,53.16,328.0
2026-07-21T23:45:00+00:00,53.2,53.2,53.179,53.179,1563.874628
2026-07-21T23:50:00+00:00,53.2,53.21,53.199,53.21,3548.4045410000003
2026-07-21T23:55:00+00:00,53.21,53.22,53.18,53.22,1924.0
2026-07-22T00:00:00+00:00,53.2,53.2384,53.2,53.2,1771.337115
2026-07-22T08:05:00+00:00,53.49,54.08,53.4,53.57,130665.416683
2026-07-22T08:10:00+00:00,53.55,53.58,53.54,53.58,1153.5
2026-07-22T08:15:00+00:00,53.54,53.55,53.53,53.54,3588.0
2026-07-22T08:20:00+00:00,53.59,53.65,53.59,53.61,12120.0
2026-07-22T08:25:00+00:00,53.65,53.69,53.65,53.66,11249.872947
2026-07-22T08:30:00+00:00,53.7,53.72,53.69,53.72,16310.185405
2026-07-22T08:35:00+00:00,53.77,53.78,53.73,53.73,5113.04
2026-07-22T08:40:00+00:00,53.76,53.8,53.74,53.8,4682.0
2026-07-22T08:45:00+00:00,53.77,53.77,53.75,53.75,4106.0
2026-07-22T08:50:00+00:00,53.73,53.73,53.69,53.69,2620.0
2026-07-22T08:55:00+00:00,53.71,53.75,53.7,53.75,1797.8253439999999
2026-07-22T09:00:00+00:00,53.79,53.79,53.77,53.77,2953.2702719999997
2026-07-22T09:05:00+00:00,53.77,53.86,53.77,53.84,7464.52127
2026-07-22T09:10:00+00:00,53.86,53.86,53.83,53.85,11564.0
2026-07-22T09:15:00+00:00,53.83,53.89,53.8,53.89,5238.816524
2026-07-22T09:20:00+00:00,53.89,53.89,53.8,53.82,25655.0
2026-07-22T09:25:00+00:00,53.84,53.84,53.79,53.79,784.2626369999999
2026-07-22T09:30:00+00:00,53.8,53.8,53.76,53.76,2586.229487
2026-07-22T09:35:00+00:00,53.78,53.79,53.74,53.77,2121.0
2026-07-22T09:40:00+00:00,53.75,53.76,53.66,53.66,5055.290898
2026-07-22T09:45:00+00:00,53.65,53.78,53.65,53.74,5762.251364000001
2026-07-22T09:50:00+00:00,53.74,53.77,53.73,53.77,1333.0
2026-07-22T09:55:00+00:00,53.76,53.76,53.72,53.72,910.52127
2026-07-22T10:00:00+00:00,53.68,53.75,53.65,53.68,3349.0
2026-07-22T10:05:00+00:00,53.69,53.74,53.69,53.71,3634.0
2026-07-22T10:10:00+00:00,53.68,53.7,53.67,53.68,1795.769176
2026-07-22T10:20:00+00:00,53.67,53.67,53.62,53.64,3038.0
2026-07-22T10:25:00+00:00,53.65,53.76,53.65,53.75,3809.0
2026-07-22T10:30:00+00:00,53.76,53.76,53.7412,53.75,536.0
2026-07-22T10:35:00+00:00,53.74,53.74,53.68,53.68,1817.509622
2026-07-22T10:40:00+00:00,53.66,53.67,53.65,53.65,1772.342601
2026-07-22T10:45:00+00:00,53.65,53.65,53.64,53.64,2108.0
2026-07-22T10:50:00+00:00,53.65,53.66,53.65,53.66,2207.0
2026-07-22T10:55:00+00:00,53.72,53.75,53.7,53.7,1684.1559379999999
2026-07-22T11:00:00+00:00,53.66,53.68,53.62,53.63,9009.04398
2026-07-22T11:05:00+00:00,53.64,53.66,53.6,53.6,49871.010298
2026-07-22T11:10:00+00:00,53.6215,53.65,53.5905,53.6,4817.212748
2026-07-22T11:15:00+00:00,53.6293,53.6885,53.6293,53.66,7568.567193000001
2026-07-22T11:20:00+00:00,53.67,53.69,53.65,53.65,4277.972607
2026-07-22T11:25:00+00:00,53.69,53.72,53.69,53.7,3844.515423
2026-07-22T11:30:00+00:00,53.6831,53.6831,53.6142,53.64,3646.238687
2026-07-22T11:35:00+00:00,53.65,53.67,53.6487,53.65,9176.051202999999
2026-07-22T11:40:00+00:00,53.65,53.65,53.6,53.6,5633.208441000001
2026-07-22T11:45:00+00:00,53.61,53.62,53.45,53.51,88626.732684
2026-07-22T11:50:00+00:00,53.56,53.69,53.55,53.6799,14122.821796
2026-07-22T11:55:00+00:00,53.67,53.69,53.58,53.63,5717.5
2026-07-22T12:00:00+00:00,53.6442,53.6615,53.615,53.6615,5562.0
2026-07-22T12:05:00+00:00,53.65,53.71,53.65,53.6695,8427.421366999999
2026-07-22T12:10:00+00:00,53.63,53.65,53.61,53.63,3593.965618
2026-07-22T12:15:00+00:00,53.63,53.74,53.63,53.74,16728.107226
2026-07-22T12:20:00+00:00,53.75,53.75,53.65,53.65,14950.316271
2026-07-22T12:25:00+00:00,53.68,53.8199,53.68,53.8,16287.063528
2026-07-22T12:30:00+00:00,53.8,53.83,53.73,53.73,5926.211472000001
2026-07-22T12:35:00+00:00,53.76,53.8,53.6737,53.6737,9175.678055999999
2026-07-22T12:40:00+00:00,53.68,53.68,53.58,53.64,26144.269275
2026-07-22T12:45:00+00:00,53.63,53.67,53.63,53.65,5553.0002540000005
2026-07-22T12:50:00+00:00,53.65,53.65,53.55,53.58,12276.296
2026-07-22T12:55:00+00:00,53.57,53.61,53.53,53.55,22369.869657
2026-07-22T13:00:00+00:00,53.53,53.53,53.25,53.38,101718.082926
2026-07-22T13:05:00+00:00,53.36,53.64,53.35,53.64,22056.321783
2026-07-22T13:10:00+00:00,53.6,53.6004,53.5231,53.6,12021.131527000001
2026-07-22T13:15:00+00:00,53.5808,53.7,53.58,53.69,17028.432548999997
2026-07-22T13:20:00+00:00,53.68,53.78,53.66,53.78,36951.608627
2026-07-22T13:25:00+00:00,53.774,53.82,53.7,53.8,14734.786655
2026-07-22T13:30:00+00:00,53.8,53.87,53.76,53.81,29089.820022
2026-07-22T13:35:00+00:00,53.78,54.1187,53.78,54.045,540015.28335
2026-07-22T13:40:00+00:00,54.04,54.14,53.9,54.11,280623.085509
2026-07-22T13:45:00+00:00,54.1,54.325,54.085,54.2401,351348.54902400007
2026-07-22T13:50:00+00:00,54.25,54.475,54.24,54.405,385680.830829
2026-07-22T13:55:00+00:00,54.41,54.525,54.3601,54.475,439795.914703
2026-07-22T14:00:00+00:00,54.48,54.73,54.439,54.685,397620.41218700004
2026-07-22T14:05:00+00:00,54.685,55.08,54.675,54.92,1075415.5942600002
2026-07-22T14:10:00+00:00,54.9201,54.945,54.8101,54.83,373754.43525399995
2026-07-22T14:15:00+00:00,54.84,54.95,54.8,54.845,341858.711579
2026-07-22T14:20:00+00:00,54.84,54.84,54.56,54.59,368326.412333
2026-07-22T14:25:00+00:00,54.59,54.699,54.505,54.5559,206966.77546900001
2026-07-22T14:30:00+00:00,54.55,54.565,54.35,54.385,258781.904557
2026-07-22T14:35:00+00:00,54.39,54.57,54.365,54.535,224215.731125
2026-07-22T14:40:00+00:00,54.535,54.58,54.46,54.535,166715.727162
2026-07-22T14:45:00+00:00,54.535,54.545,54.38,54.485,143063.816967
2026-07-22T14:50:00+00:00,54.495,54.55,54.34,54.435,134848.517421
2026-07-22T14:55:00+00:00,54.44,54.465,54.38,54.445,82126.377358
2026-07-22T15:00:00+00:00,54.44,54.46,54.33,54.445,105458.494775
2026-07-22T15:05:00+00:00,54.44,54.555,54.43,54.52,119661.40171199999
2026-07-22T15:10:00+00:00,54.52,54.5669,54.5,54.53,100794.173721
2026-07-22T15:15:00+00:00,54.52,54.57,54.5,54.545,125462.61153200001
2026-07-22T15:20:00+00:00,54.535,54.545,54.42,54.45,176032.12482499998
2026-07-22T15:25:00+00:00,54.44,54.61,54.43,54.595,168187.557163
2026-07-22T15:30:00+00:00,54.5957,54.625,54.52,54.53,191034.198514
2026-07-22T15:35:00+00:00,54.53,54.53,54.415,54.415,109171.747707
2026-07-22T15:40:00+00:00,54.42,54.48,54.38,54.4,87420.346362
2026-07-22T15:45:00+00:00,54.4,54.5,54.4,54.48,48181.74884000001
2026-07-22T15:50:00+00:00,54.4866,54.565,54.415,54.565,79094.792438
2026-07-22T15:55:00+00:00,54.5599,54.59,54.48,54.485,67734.916363
2026-07-22T16:00:00+00:00,54.48,54.48,54.415,54.465,73114.950774
2026-07-22T16:05:00+00:00,54.465,54.465,54.4,54.45,71209.619564
2026-07-22T16:10:00+00:00,54.46,54.49,54.43,54.43,135883.346041
2026-07-22T16:15:00+00:00,54.43,54.43,54.3,54.32,107353.44298700002
2026-07-22T16:20:00+00:00,54.32,54.42,54.27,54.4019,159524.228768
2026-07-22T16:25:00+00:00,54.4,54.4074,54.3,54.3099,59420.938549
2026-07-22T16:30:00+00:00,54.31,54.35,54.275,54.3498,89885.75775100001
2026-07-22T16:35:00+00:00,54.35,54.405,54.32,54.3349,95815.470623
2026-07-22T16:40:00+00:00,54.33,54.3501,54.24,54.29,208564.907087
2026-07-22T16:45:00+00:00,54.295,54.34,54.2701,54.2701,44253.382197
2026-07-22T16:50:00+00:00,54.29,54.31,54.2,54.2376,119290.37510300001
2026-07-22T16:55:00+00:00,54.245,54.25,54.13,54.225,81304.168302
2026-07-22T17:00:00+00:00,54.23,54.305,54.185,54.275,55539.220734999995
2026-07-22T17:05:00+00:00,54.28,54.28,54.15,54.235,67584.086776
2026-07-22T17:10:00+00:00,54.23,54.25,54.135,54.18,64814.189954
2026-07-22T17:15:00+00:00,54.17,54.2,54.14,54.14,65066.977134
2026-07-22T17:20:00+00:00,54.135,54.16,54.0731,54.09,71740.64225199999
2026-07-22T17:25:00+00:00,54.09,54.24,54.09,54.18,64821.793025
2026-07-22T17:30:00+00:00,54.18,54.225,54.145,54.16,71205.447162
2026-07-22T17:35:00+00:00,54.16,54.28,54.15,54.21,69845.10690700001
2026-07-22T17:40:00+00:00,54.2299,54.24,54.05,54.055,146444.27213
2026-07-22T17:45:00+00:00,54.0501,54.16,54.02,54.13,146009.925986
2026-07-22T17:50:00+00:00,54.125,54.22,54.12,54.22,122507.87134000001
2026-07-22T17:55:00+00:00,54.22,54.27,54.205,54.215,132518.815003
2026-07-22T18:00:00+00:00,54.2,54.25,54.1839,54.21,82594.067918
2026-07-22T18:05:00+00:00,54.21,54.22,54.105,54.13,82658.610648
2026-07-22T18:10:00+00:00,54.12,54.23,54.12,54.185,37536.506919
2026-07-22T18:15:00+00:00,54.18,54.19,54.135,54.16,41702.436962
2026-07-22T18:20:00+00:00,54.15,54.16,54.105,54.15,50926.752981
2026-07-22T18:25:00+00:00,54.15,54.19,54.085,54.1101,85239.07143800001
2026-07-22T18:30:00+00:00,54.11,54.145,54.1027,54.13,87752.25823400001
2026-07-22T18:35:00+00:00,54.125,54.13,54.0477,54.05,145460.988832
2026-07-22T18:40:00+00:00,54.055,54.09,54.0201,54.045,126821.716725
2026-07-22T18:45:00+00:00,54.045,54.1,54.025,54.085,119034.913374
2026-07-22T18:50:00+00:00,54.085,54.18,54.08,54.16,83378.84769399998
2026-07-22T18:55:00+00:00,54.155,54.18,54.145,54.17,36819.753353
2026-07-22T19:00:00+00:00,54.165,54.185,54.12,54.13,43501.03217
2026-07-22T19:05:00+00:00,54.12,54.12,54.05,54.09,119830.52243799999
2026-07-22T19:10:00+00:00,54.0929,54.145,54.09,54.12,49528.577316
2026-07-22T19:15:00+00:00,54.115,54.12,54.071,54.0836,36259.253552
2026-07-22T19:20:00+00:00,54.07,54.1,54.035,54.055,23945.456480999997
2026-07-22T19:25:00+00:00,54.06,54.09,54.02,54.075,41892.832818
2026-07-22T19:30:00+00:00,54.075,54.135,54.0528,54.125,59286.306067000005
2026-07-22T19:35:00+00:00,54.12,54.185,54.085,54.15,137443.970504
2026-07-22T19:40:00+00:00,54.14,54.14,54.055,54.065,78821.19222
2026-07-22T19:45:00+00:00,54.065,54.09,53.99,54.005,173159.090723
2026-07-22T19:50:00+00:00,54.01,54.015,53.97,54.015,181367.349536
2026-07-22T19:55:00+00:00,54.01,54.01,53.82,53.85,269647.798217
2026-07-22T20:00:00+00:00,53.85,53.95,53.83,53.925,583033.8111159999
2026-07-22T20:05:00+00:00,53.93,53.99,53.9146,53.92,20119.684373999997
2026-07-22T20:10:00+00:00,53.9099,53.9099,53.88,53.89,5689.0591939999995
2026-07-22T20:15:00+00:00,53.88,53.89,53.87,53.89,2397.0
2026-07-22T20:20:00+00:00,53.95,54.1,53.95,54.0809,15208.22961
2026-07-22T20:25:00+00:00,54.105,54.105,54.0804,54.1,2150.236796
2026-07-22T20:30:00+00:00,54.1108,54.1108,54.11,54.11,4039.0
2026-07-22T20:35:00+00:00,54.1199,54.1199,54.0667,54.0675,3293.184877
2026-07-22T20:40:00+00:00,54.06,54.06,54.0,54.028,17779.481504
2026-07-22T20:45:00+00:00,54.0062,54.0062,53.9604,53.97,3100.6586469999997
2026-07-22T20:50:00+00:00,54.0,54.0,53.98,53.98,446.52940800000005
2026-07-22T20:55:00+00:00,53.969,54.0,53.91,53.99,9858.358347
2026-07-22T21:00:00+00:00,53.97,53.97,53.97,53.97,112.0
2026-07-22T21:05:00+00:00,53.97,53.98,53.97,53.98,6456.838156
2026-07-22T21:10:00+00:00,54.0885,54.15,54.0,54.0019,4289.000185
2026-07-22T21:20:00+00:00,54.0,54.05,54.0,54.01,13952.286653
2026-07-22T21:25:00+00:00,54.0742,54.0742,54.03,54.04,7288.84678
2026-07-22T21:30:00+00:00,54.01,54.0555,54.0,54.0,9497.0
2026-07-22T21:35:00+00:00,54.06,54.06,54.06,54.06,1005.370349
2026-07-22T21:40:00+00:00,54.0177,54.056,54.0177,54.056,766.953357
2026-07-22T21:45:00+00:00,54.03,54.03,54.0299,54.0299,268.0
2026-07-22T21:50:00+00:00,54.01,54.0112,54.0,54.0,7201.0
2026-07-22T22:00:00+00:00,54.0,54.06,54.0,54.0,1978.076336
2026-07-22T22:05:00+00:00,54.0,54.0598,53.32,53.8884,73333.607208
2026-07-22T22:10:00+00:00,53.8,53.89,53.78,53.78,7477.120747999999
2026-07-22T22:15:00+00:00,53.793,53.8383,53.7,53.836,5966.8661680000005
2026-07-22T22:20:00+00:00,53.87,53.87,53.8,53.81,7132.790944
2026-07-22T22:25:00+00:00,53.8497,53.86,53.8154,53.8154,2169.613179
2026-07-22T22:30:00+00:00,53.88,53.89,53.85,53.85,961.4511170000001
2026-07-22T22:35:00+00:00,53.88,53.89,53.79,53.8199,15896.549152
2026-07-22T22:40:00+00:00,53.78,53.78,53.7201,53.74,3301.770498
2026-07-22T22:45:00+00:00,53.72,53.72,53.631,53.631,2373.0
2026-07-22T22:50:00+00:00,53.601,53.69,53.6,53.69,4161.339619
2026-07-22T22:55:00+00:00,53.63,53.65,53.63,53.65,1490.675232
2026-07-22T23:00:00+00:00,53.63,53.68,53.63,53.6446,1945.0
2026-07-22T23:05:00+00:00,53.65,53.67,53.65,53.65,1723.1
2026-07-22T23:10:00+00:00,53.66,53.6994,53.63,53.6994,6001.0
2026-07-22T23:15:00+00:00,53.7,53.82,53.7,53.8,1603.016323
2026-07-22T23:20:00+00:00,53.82,53.82,53.73,53.73,7327.018608
2026-07-22T23:25:00+00:00,53.71,53.79,53.71,53.7462,2391.0
2026-07-22T23:30:00+00:00,53.75,53.78,53.75,53.7596,529.09298
2026-07-22T23:35:00+00:00,53.7304,53.7596,53.7304,53.7596,539.399404
2026-07-22T23:40:00+00:00,53.81,53.86,53.81,53.83,2106.0
2026-07-22T23:45:00+00:00,53.81,53.8861,53.81,53.869,1538.7852599999999
2026-07-22T23:50:00+00:00,53.8485,53.922,53.8485,53.9046,2994.099232
2026-07-22T23:55:00+00:00,53.9371,53.94,53.93,53.94,2657.0
2026-07-23T00:00:00+00:00,53.9212,53.99,53.92,53.96,6557.104904
2026-07-23T08:05:00+00:00,53.28,54.14,53.05,53.2,160101.905454
2026-07-23T08:10:00+00:00,53.2,53.3,53.05,53.2923,40929.40164
2026-07-23T08:15:00+00:00,53.3,53.3,53.16,53.16,8904.2
2026-07-23T08:20:00+00:00,53.18,53.22,53.14,53.2,5813.824697999999
2026-07-23T08:25:00+00:00,53.2,53.2,53.14,53.16,4256.348
2026-07-23T08:30:00+00:00,53.16,53.2,53.14,53.19,1690.250658
2026-07-23T08:35:00+00:00,53.21,53.21,53.151,53.151,4457.801257
2026-07-23T08:40:00+00:00,53.23,53.23,53.15,53.16,2840.938722
2026-07-23T08:45:00+00:00,53.12,53.13,53.06,53.1,9162.871088
2026-07-23T08:50:00+00:00,53.11,53.11,53.05,53.1,14387.237429
2026-07-23T08:55:00+00:00,53.06,53.15,53.06,53.15,3854.052449
2026-07-23T09:00:00+00:00,53.18,53.21,53.18,53.21,14417.834545000002
2026-07-23T09:05:00+00:00,53.19,53.33,53.19,53.32,26454.474835
2026-07-23T09:10:00+00:00,53.3,53.3,53.26,53.27,13016.610751
2026-07-23T09:15:00+00:00,53.26,53.28,53.26,53.27,3530.1914260000003
2026-07-23T09:20:00+00:00,53.23,53.26,53.23,53.26,1766.0
2026-07-23T09:25:00+00:00,53.22,53.22,53.17,53.17,4151.627146
2026-07-23T09:30:00+00:00,53.18,53.18,53.13,53.15,3595.165323
2026-07-23T09:35:00+00:00,53.16,53.2,53.16,53.2,5040.0
2026-07-23T09:40:00+00:00,53.19,53.21,53.17,53.19,9250.762586
2026-07-23T09:45:00+00:00,53.18,53.21,53.17,53.2,5228.0
2026-07-23T09:50:00+00:00,53.2,53.2,53.18,53.19,906.1646000000001
2026-07-23T09:55:00+00:00,53.15,53.15,53.1,53.14,5936.3755
2026-07-23T10:00:00+00:00,53.13,53.13,53.08,53.08,2845.817715
2026-07-23T10:05:00+00:00,53.1,53.12,53.06,53.06,12097.018675
2026-07-23T10:10:00+00:00,53.06,53.11,53.01,53.03,14663.293426
2026-07-23T10:15:00+00:00,53.04,53.07,53.01,53.06,14253.0
2026-07-23T10:20:00+00:00,53.09,53.09,53.01,53.01,2713.0
2026-07-23T10:25:00+00:00,53.0,53.02,52.97,52.9888,18213.697847
2026-07-23T10:30:00+00:00,53.02,53.08,53.02,53.08,9160.2
2026-07-23T10:35:00+00:00,53.07,53.15,53.0,53.02,7293.326384
2026-07-23T10:40:00+00:00,53.02,53.106,53.02,53.1,2871.462565
2026-07-23T10:45:00+00:00,53.05,53.06,53.04,53.04,3160.097111
2026-07-23T10:50:00+00:00,53.04,53.13,53.02,53.13,2270.0
2026-07-23T10:55:00+00:00,53.15,53.17,53.14,53.16,4074.186794
2026-07-23T11:00:00+00:00,53.17,53.17,53.07,53.07,4133.0
2026-07-23T11:05:00+00:00,53.11,53.12,52.9531,52.9828,19031.348366
2026-07-23T11:10:00+00:00,53.0,53.01,52.91,52.91,12052.284037
2026-07-23T11:15:00+00:00,52.9,52.95,52.89,52.9204,7723.325879999999
2026-07-23T11:20:00+00:00,52.96,52.96,52.88,52.93,17611.969105
2026-07-23T11:25:00+00:00,52.9031,52.9269,52.77,52.8199,41372.196767
2026-07-23T11:30:00+00:00,52.81,52.8501,52.7931,52.82,21974.958421999996
2026-07-23T11:35:00+00:00,52.81,52.82,52.73,52.76,11730.319768000001
2026-07-23T11:40:00+00:00,52.78,52.78,52.74,52.76,7347.922812000001
2026-07-23T11:45:00+00:00,52.7493,52.75,52.35,52.65,210018.607441
2026-07-23T11:50:00+00:00,52.65,52.75,52.65,52.72,29286.766166
2026-07-23T11:55:00+00:00,52.76,52.94,52.75,52.8695,55748.027275
2026-07-23T12:00:00+00:00,52.85,52.9015,52.85,52.9,10197.395671
2026-07-23T12:05:00+00:00,52.87,52.87,52.76,52.81,12566.605434000001
2026-07-23T12:10:00+00:00,52.8204,52.83,52.78,52.83,16240.824502
2026-07-23T12:15:00+00:00,52.84,52.9,52.82,52.82,17168.960821
2026-07-23T12:20:00+00:00,52.84,52.8693,52.64,52.77,106326.421215
2026-07-23T12:25:00+00:00,52.67,52.725,52.58,52.63,17272.596155
2026-07-23T12:30:00+00:00,52.64,52.71,52.59,52.62,74124.41348
2026-07-23T12:35:00+00:00,52.61,52.64,52.49,52.57,51050.232889
2026-07-23T12:40:00+00:00,52.5701,52.63,52.39,52.62,46456.614669
2026-07-23T12:45:00+00:00,52.59,52.59,52.38,52.47,38234.317793
2026-07-23T12:50:00+00:00,52.469,52.5,52.31,52.4,28253.622779999998
2026-07-23T12:55:00+00:00,52.41,52.44,52.27,52.3,35337.14883199999
2026-07-23T13:00:00+00:00,52.34,52.35,52.09,52.1,105547.789749
2026-07-23T13:05:00+00:00,52.08,52.24,52.0,52.06,146094.62124500002
2026-07-23T13:10:00+00:00,52.0588,52.0588,51.66,51.74,103029.38549499998
2026-07-23T13:15:00+00:00,51.72,51.78,51.57,51.64,89702.875038
2026-07-23T13:20:00+00:00,51.66,51.84,51.61,51.83,111783.231582
2026-07-23T13:25:00+00:00,51.82,52.0,51.82,51.949,141347.53336200002
2026-07-23T13:30:00+00:00,51.95,52.08,51.94,52.08,104018.400149
2026-07-23T13:35:00+00:00,52.09,52.3701,52.0501,52.31,667187.5970220001
2026-07-23T13:40:00+00:00,52.3,52.3534,52.18,52.21,305325.614137
2026-07-23T13:45:00+00:00,52.22,52.46,52.21,52.335,330658.749864
2026-07-23T13:50:00+00:00,52.34,52.36,52.1818,52.275,243908.718935
2026-07-23T13:55:00+00:00,52.27,52.33,52.19,52.2799,139671.834536
2026-07-23T14:00:00+00:00,52.275,52.32,52.045,52.06,249237.83425900002
2026-07-23T14:05:00+00:00,52.07,52.23,52.07,52.16,196350.031803
2026-07-23T14:10:00+00:00,52.145,52.21,52.01,52.16,261941.604076
2026-07-23T14:15:00+00:00,52.17,52.29,52.06,52.22,209942.76862400002
2026-07-23T14:20:00+00:00,52.21,52.25,52.065,52.1,167791.879595
2026-07-23T14:25:00+00:00,52.1,52.21,52.07,52.2014,87396.315993
2026-07-23T14:30:00+00:00,52.21,52.37,52.19,52.37,110086.770091
2026-07-23T14:35:00+00:00,52.35,52.385,52.195,52.225,133074.269787
2026-07-23T14:40:00+00:00,52.23,52.39,52.16,52.36,134368.805039
2026-07-23T14:45:00+00:00,52.36,52.39,52.24,52.28,107995.414686
2026-07-23T14:50:00+00:00,52.28,52.41,52.275,52.32,83244.73881699999
2026-07-23T14:55:00+00:00,52.315,52.35,52.17,52.185,222939.150786
2026-07-23T15:00:00+00:00,52.17,52.2436,52.17,52.21,106880.818823
2026-07-23T15:05:00+00:00,52.22,52.245,52.11,52.13,139140.71182
2026-07-23T15:10:00+00:00,52.1351,52.15,51.92,51.93,300132.246668
2026-07-23T15:15:00+00:00,51.94,51.985,51.81,51.945,191876.304319
2026-07-23T15:20:00+00:00,51.945,52.06,51.89,51.934,253689.45127000002
2026-07-23T15:25:00+00:00,51.94,51.98,51.77,51.93,281146.19431600004
2026-07-23T15:30:00+00:00,51.93,51.9405,51.865,51.875,115741.49394700001
2026-07-23T15:35:00+00:00,51.89,51.95,51.815,51.9,109333.348278
2026-07-23T15:40:00+00:00,51.93,52.04,51.925,51.99,119249.00550999999
2026-07-23T15:45:00+00:00,51.99,52.1,51.98,51.985,83980.747455
2026-07-23T15:50:00+00:00,51.985,52.06,51.97,52.03,132424.30558000001
2026-07-23T15:55:00+00:00,52.03,52.125,52.005,52.115,81808.170434
2026-07-23T16:00:00+00:00,52.12,52.14,52.02,52.045,165372.701415
2026-07-23T16:05:00+00:00,52.05,52.17,52.05,52.14,48805.874036
2026-07-23T16:10:00+00:00,52.135,52.16,52.095,52.135,100058.521926
2026-07-23T16:15:00+00:00,52.14,52.2,52.12,52.19,43107.422861
2026-07-23T16:20:00+00:00,52.195,52.2,52.1027,52.12,79076.614653
2026-07-23T16:25:00+00:00,52.12,52.2,52.11,52.14,54727.516187999994
2026-07-23T16:30:00+00:00,52.135,52.25,52.115,52.215,42860.967453
2026-07-23T16:35:00+00:00,52.22,52.24,52.1201,52.125,39634.913411999994
2026-07-23T16:40:00+00:00,52.12,52.175,52.095,52.17,171204.778612
2026-07-23T16:45:00+00:00,52.17,52.18,52.13,52.14,21985.477639
2026-07-23T16:50:00+00:00,52.135,52.145,52.085,52.095,60726.309089999995
2026-07-23T16:55:00+00:00,52.08,52.16,52.07,52.13,105153.19132700001
2026-07-23T17:00:00+00:00,52.14,52.2629,52.14,52.26,210984.71946500003
2026-07-23T17:05:00+00:00,52.25,52.335,52.221,52.28,76831.794163
2026-07-23T17:10:00+00:00,52.29,52.33,52.21,52.245,57064.31206300001
2026-07-23T17:15:00+00:00,52.25,52.285,52.16,52.185,35247.98737
2026-07-23T17:20:00+00:00,52.18,52.22,52.13,52.1351,67291.821547
2026-07-23T17:25:00+00:00,52.14,52.255,52.14,52.215,59777.421248
2026-07-23T17:30:00+00:00,52.2301,52.24,52.17,52.175,36266.850154
2026-07-23T17:35:00+00:00,52.18,52.22,52.17,52.1859,43520.658847
2026-07-23T17:40:00+00:00,52.18,52.18,52.03,52.04,122786.39763200001
2026-07-23T17:45:00+00:00,52.045,52.075,51.99,52.025,123001.45463499999
2026-07-23T17:50:00+00:00,52.02,52.06,52.01,52.05,158142.501728
2026-07-23T17:55:00+00:00,52.05,52.05,51.971,52.015,91248.856499
2026-07-23T18:00:00+00:00,52.01,52.01,51.97,51.97,55411.764263000005
2026-07-23T18:05:00+00:00,51.98,51.99,51.91,51.9121,96194.039966
2026-07-23T18:10:00+00:00,51.91,51.985,51.88,51.9368,76277.84777000001
2026-07-23T18:15:00+00:00,51.94,51.97,51.915,51.925,79758.852153
2026-07-23T18:20:00+00:00,51.925,51.96,51.895,51.91,75483.759472
2026-07-23T18:25:00+00:00,51.91,51.9455,51.9,51.925,146647.33147
2026-07-23T18:30:00+00:00,51.925,51.99,51.9,51.97,190054.11398
2026-07-23T18:35:00+00:00,51.965,52.04,51.965,52.025,74681.743408
2026-07-23T18:40:00+00:00,52.03,52.03,51.935,51.945,201899.567847
2026-07-23T18:45:00+00:00,51.95,51.97,51.935,51.97,32211.979129
2026-07-23T18:50:00+00:00,51.96,52.045,51.96,52.02,58522.473742999995
2026-07-23T18:55:00+00:00,52.025,52.035,52.0,52.01,61486.20983000001
2026-07-23T19:00:00+00:00,52.005,52.0351,52.0,52.035,47078.248718
2026-07-23T19:05:00+00:00,52.04,52.09,51.99,51.99,208644.27084800001
2026-07-23T19:10:00+00:00,51.99,52.02,51.92,51.92,128870.672787
2026-07-23T19:15:00+00:00,51.925,51.95,51.915,51.9367,48142.134602
2026-07-23T19:20:00+00:00,51.93,51.985,51.923,51.9501,35865.22772
2026-07-23T19:25:00+00:00,51.955,52.09,51.955,52.08,180147.02377
2026-07-23T19:30:00+00:00,52.085,52.11,52.035,52.065,66598.221444
2026-07-23T19:35:00+00:00,52.07,52.13,51.995,52.035,82974.043893
2026-07-23T19:40:00+00:00,52.03,52.05,52.0,52.03,57841.93711
2026-07-23T19:45:00+00:00,52.03,52.03,51.96,51.965,78181.68577299999
2026-07-23T19:50:00+00:00,51.96,51.97,51.93,51.935,165037.873425
2026-07-23T19:55:00+00:00,51.94,52.03,51.94,52.025,237949.460528
2026-07-23T20:00:00+00:00,52.03,52.1,52.0,52.06,764347.848776
2026-07-23T20:05:00+00:00,52.08,52.1,52.06,52.06,17163.645665
2026-07-23T20:10:00+00:00,52.05,52.0598,52.02,52.03,12054.898946000001
2026-07-23T20:15:00+00:00,52.05,52.1,52.05,52.1,25003.653868999998
2026-07-23T20:20:00+00:00,52.0874,52.0874,52.0408,52.0499,2269.043159
2026-07-23T20:25:00+00:00,52.05,52.09,52.05,52.08,14904.833374
2026-07-23T20:30:00+00:00,52.0783,52.1054,52.0707,52.1054,3569.7486510000003
2026-07-23T20:35:00+00:00,52.094,52.094,52.0706,52.09,2662.036362
2026-07-23T20:40:00+00:00,52.08,52.1,52.08,52.1,6749.191975
2026-07-23T20:45:00+00:00,52.08,52.09,52.08,52.08,4236.147774
2026-07-23T20:50:00+00:00,52.075,52.09,52.061,52.09,3156.301173
2026-07-23T20:55:00+00:00,52.08,52.08,52.06,52.0601,5035.0
2026-07-23T21:00:00+00:00,52.11,52.11,52.11,52.11,309.729033
2026-07-23T21:05:00+00:00,52.09,52.09,52.09,52.09,6694.057879
2026-07-23T21:10:00+00:00,52.09,52.09,52.0899,52.0899,1291.1
2026-07-23T21:15:00+00:00,52.09,52.2,52.09,52.14,7861.171156
2026-07-23T21:20:00+00:00,52.13,52.13,52.1,52.1,7587.4967990000005
2026-07-23T21:25:00+00:00,52.11,52.11,52.11,52.11,130.0
2026-07-23T21:30:00+00:00,52.128,52.128,52.1,52.1,300.0
2026-07-23T21:35:00+00:00,52.1941,52.1941,52.1941,52.1941,204.0
2026-07-23T21:40:00+00:00,52.1338,52.1338,52.13,52.13,434.0
2026-07-23T21:45:00+00:00,52.1507,52.1507,52.1507,52.1507,121.0
2026-07-23T21:50:00+00:00,52.148,52.148,52.148,52.148,205.0
2026-07-23T21:55:00+00:00,52.1482,52.1482,52.1482,52.1482,215.211046
2026-07-23T22:00:00+00:00,52.1,52.1,52.1,52.1,191.0
2026-07-23T22:05:00+00:00,52.09,52.12,52.07,52.07,7255.314278
2026-07-23T22:10:00+00:00,52.06,52.06,52.0501,52.0501,784.000192
2026-07-23T22:15:00+00:00,52.0562,52.07,52.03,52.07,7968.646573
2026-07-23T22:20:00+00:00,52.0551,52.06,52.03,52.06,2968.0
2026-07-23T22:25:00+00:00,52.06,52.07,52.06,52.06,5015.0
2026-07-23T22:30:00+00:00,52.12,52.12,52.09,52.09,41750.019186
2026-07-23T22:35:00+00:00,52.101,52.14,52.1,52.14,6007.026843
2026-07-23T22:40:00+00:00,52.1393,52.1398,52.09,52.09,1684.1191709999998
2026-07-23T22:45:00+00:00,52.1,52.1,52.1,52.1,2094.186894
2026-07-23T22:50:00+00:00,52.07,52.12,52.07,52.12,3102.133222
2026-07-23T22:55:00+00:00,52.09,52.15,52.09,52.1478,627.9591399999999
2026-07-23T23:00:00+00:00,52.116,52.1197,52.11,52.1197,3154.0
2026-07-23T23:05:00+00:00,52.12,52.12,52.071,52.071,2042.1578209999998
2026-07-23T23:10:00+00:00,52.0797,52.0797,52.0797,52.0797,150.0
2026-07-23T23:15:00+00:00,52.07,52.07,52.03,52.04,2757.0
2026-07-23T23:20:00+00:00,52.04,52.08,52.04,52.05,5716.055682
2026-07-23T23:25:00+00:00,52.03,52.05,52.03,52.03,3460.153282
2026-07-23T23:30:00+00:00,52.0515,52.0515,52.0515,52.0515,704.019304
2026-07-23T23:35:00+00:00,52.06,52.08,52.05,52.08,4354.084215
2026-07-23T23:40:00+00:00,52.1,52.1,52.061,52.064,5975.0
2026-07-23T23:45:00+00:00,52.03,52.05,52.03,52.05,2746.0
2026-07-23T23:50:00+00:00,52.06,52.07,52.051,52.07,1699.0
2026-07-23T23:55:00+00:00,52.05,52.05,52.04,52.04,3607.0
2026-07-24T00:00:00+00:00,52.02,52.04,52.0,52.01,5591.0
2026-07-24T08:05:00+00:00,52.57,52.83,51.7,52.51,186762.253592
2026-07-24T08:10:00+00:00,52.5,52.57,51.81,52.57,40655.993639
2026-07-24T08:15:00+00:00,52.54,52.59,52.54,52.54,2845.32561
2026-07-24T08:20:00+00:00,52.5318,52.57,52.5318,52.55,777.0
2026-07-24T08:25:00+00:00,52.55,52.55,52.55,52.55,1569.0
2026-07-24T08:30:00+00:00,52.51,52.6,52.51,52.6,3470.192034
2026-07-24T08:35:00+00:00,52.65,52.65,52.64,52.65,1339.019003
2026-07-24T08:40:00+00:00,52.653,52.67,52.653,52.67,1566.1833179999999
2026-07-24T08:45:00+00:00,52.66,52.69,52.64,52.67,12837.0
2026-07-24T08:50:00+00:00,52.63,52.63,52.63,52.63,2411.0
2026-07-24T08:55:00+00:00,52.7,52.7,52.67,52.68,2366.3669680000003
2026-07-24T09:00:00+00:00,52.692,52.71,52.67,52.7,3775.0
2026-07-24T09:05:00+00:00,52.74,52.78,52.73,52.75,3323.0
2026-07-24T09:10:00+00:00,52.75,52.8,52.75,52.8,3263.6775260000004
2026-07-24T09:15:00+00:00,52.8,52.8,52.7493,52.7493,4310.0
2026-07-24T09:20:00+00:00,52.8,52.81,52.75,52.8,1326.349558
2026-07-24T09:25:00+00:00,52.734,52.75,52.72,52.73,2470.0
2026-07-24T09:30:00+00:00,52.75,52.75,52.71,52.71,1806.969076
2026-07-24T09:35:00+00:00,52.7,52.7,52.66,52.68,5394.658575
2026-07-24T09:40:00+00:00,52.72,52.72,52.72,52.72,102.0
2026-07-24T09:45:00+00:00,52.71,52.71,52.71,52.71,238.0
2026-07-24T09:50:00+00:00,52.76,52.78,52.74,52.74,986.271965
2026-07-24T09:55:00+00:00,52.72,52.76,52.72,52.76,210.564549
2026-07-24T10:00:00+00:00,52.8,52.82,52.8,52.82,878.0
2026-07-24T10:05:00+00:00,52.81,52.83,52.79,52.83,372.708822
2026-07-24T10:10:00+00:00,52.81,52.81,52.78,52.7984,1120.435093
2026-07-24T10:15:00+00:00,52.84,52.85,52.8,52.84,4873.223411999999
2026-07-24T10:20:00+00:00,52.8,52.95,52.8,52.87,5611.105619
2026-07-24T10:30:00+00:00,52.8629,53.0,52.8629,52.96,6451.615136
2026-07-24T10:35:00+00:00,52.92,52.99,52.92,52.942,9952.569567999999
2026-07-24T10:40:00+00:00,52.8912,52.9,52.8539,52.8975,6614.0
2026-07-24T10:45:00+00:00,52.8413,52.88,52.83,52.83,6044.144478
2026-07-24T10:50:00+00:00,52.84,52.8896,52.84,52.874,7607.0
2026-07-24T10:55:00+00:00,52.82,52.82,52.786,52.786,10018.0
2026-07-24T11:00:00+00:00,52.76,52.81,52.76,52.76,3003.197916
2026-07-24T11:05:00+00:00,52.7803,52.8,52.728,52.78,64246.783687
2026-07-24T11:10:00+00:00,52.794,52.8199,52.7869,52.8,6021.262466
2026-07-24T11:15:00+00:00,52.8,52.8,52.78,52.78,12766.51801
2026-07-24T11:20:00+00:00,52.8,52.82,52.76,52.77,3651.2420469999997
2026-07-24T11:25:00+00:00,52.7854,52.82,52.76,52.82,2753.293302
2026-07-24T11:30:00+00:00,52.79,52.79,52.775,52.775,1188.641362
2026-07-24T11:35:00+00:00,52.77,52.7899,52.75,52.765,3577.773545
2026-07-24T11:40:00+00:00,52.7348,52.79,52.731,52.731,3498.005859
2026-07-24T11:45:00+00:00,52.72,52.75,52.7,52.71,4341.929754
2026-07-24T11:50:00+00:00,52.71,52.71,52.71,52.71,201.0
2026-07-24T11:55:00+00:00,52.67,52.67,52.63,52.63,4434.864
2026-07-24T12:00:00+00:00,52.65,52.9,52.63,52.84,40619.362445000006
2026-07-24T12:05:00+00:00,52.85,52.85,52.7,52.74,21783.239762
2026-07-24T12:10:00+00:00,52.7306,53.0,52.7306,52.95,31349.919039
2026-07-24T12:15:00+00:00,52.91,52.92,52.88,52.8805,7926.236732
2026-07-24T12:20:00+00:00,52.874,52.8938,52.8626,52.89,1078.0
2026-07-24T12:25:00+00:00,52.84,52.9,52.84,52.9,3579.919973
2026-07-24T12:30:00+00:00,52.92,53.01,52.86,52.95,14970.304714
2026-07-24T12:35:00+00:00,52.94,52.99,52.89,52.92,4055.075211
2026-07-24T12:40:00+00:00,52.89,52.89,52.8,52.85,4648.273673
2026-07-24T12:45:00+00:00,52.8495,52.8495,52.75,52.81,6659.0
2026-07-24T12:50:00+00:00,52.8452,52.89,52.76,52.7715,6871.418402
2026-07-24T12:55:00+00:00,52.8,52.81,52.75,52.77,7678.9231
2026-07-24T13:00:00+00:00,52.79,52.79,52.67,52.79,38015.764918
2026-07-24T13:05:00+00:00,52.78,52.88,52.56,52.56,31312.806668
2026-07-24T13:10:00+00:00,52.58,52.59,52.38,52.4015,9215.413706
2026-07-24T13:15:00+00:00,52.4101,52.5,52.38,52.38,44727.361158
2026-07-24T13:20:00+00:00,52.3698,52.3698,52.3,52.3296,49395.515811
2026-07-24T13:25:00+00:00,52.36,52.44,52.31,52.34,44030.636937
2026-07-24T13:30:00+00:00,52.34,52.4,52.32,52.32,8283.000479
2026-07-24T13:35:00+00:00,52.34,52.43,52.3,52.38,213413.62747300003
2026-07-24T13:40:00+00:00,52.37,52.5599,52.37,52.5599,203546.03992399998
2026-07-24T13:45:00+00:00,52.56,52.56,52.41,52.42,144086.297558
2026-07-24T13:50:00+00:00,52.42,52.685,52.36,52.635,182537.426921
2026-07-24T13:55:00+00:00,52.625,52.68,52.5526,52.595,141999.48251600002
2026-07-24T14:00:00+00:00,52.59,52.7699,52.475,52.75,245620.864826
2026-07-24T14:05:00+00:00,52.78,52.835,52.66,52.6695,196681.21810199998
2026-07-24T14:10:00+00:00,52.68,52.735,52.58,52.725,223079.61185
2026-07-24T14:15:00+00:00,52.73,52.7978,52.7,52.73,111077.58827899999
2026-07-24T14:20:00+00:00,52.735,52.76,52.6,52.64,106083.63424700001
2026-07-24T14:25:00+00:00,52.655,52.79,52.6194,52.75,131859.70363200002
2026-07-24T14:30:00+00:00,52.7798,52.96,52.775,52.875,144892.98712499999
2026-07-24T14:35:00+00:00,52.87,53.035,52.85,52.965,189687.33727000002
2026-07-24T14:40:00+00:00,52.97,53.0386,52.9,52.915,149422.166028
2026-07-24T14:45:00+00:00,52.91,52.935,52.72,52.84,223741.90603
2026-07-24T14:50:00+00:00,52.83,52.88,52.785,52.87,102574.024752
2026-07-24T14:55:00+00:00,52.865,52.945,52.84,52.86,145019.338727
2026-07-24T15:00:00+00:00,52.86,53.0,52.855,52.89,116180.445023
2026-07-24T15:05:00+00:00,52.89,52.98,52.85,52.85,82481.24472
2026-07-24T15:10:00+00:00,52.85,52.865,52.77,52.8101,63156.688829
2026-07-24T15:15:00+00:00,52.81,53.22,52.81,53.165,307464.28837799997
2026-07-24T15:20:00+00:00,53.16,53.325,53.07,53.1,287024.659101
2026-07-24T15:25:00+00:00,53.1,53.23,53.08,53.09,224048.09070200002
2026-07-24T15:30:00+00:00,53.09,53.2,53.08,53.175,77225.225512
2026-07-24T15:35:00+00:00,53.19,53.24,53.16,53.18,89259.97392700001
2026-07-24T15:40:00+00:00,53.16,53.28,53.145,53.26,141451.805662
2026-07-24T15:45:00+00:00,53.2601,53.29,53.12,53.12,133303.443964
2026-07-24T15:50:00+00:00,53.11,53.1395,53.07,53.125,216551.903347
2026-07-24T15:55:00+00:00,53.13,53.3,53.13,53.24,137294.09233200003
2026-07-24T16:00:00+00:00,53.24,53.275,53.22,53.245,80992.240349
2026-07-24T16:05:00+00:00,53.24,53.2568,53.16,53.245,152344.188043
2026-07-24T16:10:00+00:00,53.24,53.26,53.1901,53.225,71782.173913
2026-07-24T16:15:00+00:00,53.225,53.25,53.145,53.17,199561.368104
2026-07-24T16:20:00+00:00,53.165,53.215,53.14,53.155,272147.192398
2026-07-24T16:25:00+00:00,53.1536,53.21,53.1299,53.1955,132335.845469
2026-07-24T16:30:00+00:00,53.195,53.2299,53.13,53.13,58744.934057
2026-07-24T16:35:00+00:00,53.12,53.12,53.04,53.115,168642.241515
2026-07-24T16:40:00+00:00,53.11,53.12,53.04,53.04,58550.871442
2026-07-24T16:45:00+00:00,53.045,53.05,52.985,53.01,70396.311251
2026-07-24T16:50:00+00:00,53.01,53.02,52.925,52.955,126658.56715699998
2026-07-24T16:55:00+00:00,52.95,52.99,52.92,52.975,85134.083853
2026-07-24T17:00:00+00:00,52.955,53.01,52.9301,52.99,63641.57543699999
2026-07-24T17:05:00+00:00,52.985,53.03,52.945,52.965,425360.768636
2026-07-24T17:10:00+00:00,52.96,52.965,52.845,52.885,109494.262723
2026-07-24T17:15:00+00:00,52.9,52.9101,52.8501,52.895,56826.550107999996
2026-07-24T17:20:00+00:00,52.895,52.93,52.875,52.93,183371.716295
2026-07-24T17:25:00+00:00,52.93,53.025,52.915,53.02,124788.59587300001
2026-07-24T17:30:00+00:00,53.01,53.045,52.98,53.04,54101.512855
2026-07-24T17:35:00+00:00,53.035,53.11,53.0236,53.06,36671.116916000006
2026-07-24T17:40:00+00:00,53.065,53.08,53.04,53.0437,44422.448846
2026-07-24T17:45:00+00:00,53.041,53.07,53.02,53.0203,34856.433349
2026-07-24T17:50:00+00:00,53.02,53.0499,52.97,52.985,45229.332913000006
2026-07-24T17:55:00+00:00,52.99,53.02,52.905,52.915,18786.866679
2026-07-24T18:00:00+00:00,52.92,52.95,52.91,52.91,40285.649472
2026-07-24T18:05:00+00:00,52.91,52.935,52.87,52.905,83589.05426599999
2026-07-24T18:10:00+00:00,52.91,52.96,52.905,52.905,82346.515144
2026-07-24T18:15:00+00:00,52.905,52.915,52.885,52.895,39131.568524
2026-07-24T18:20:00+00:00,52.895,52.94,52.835,52.835,42738.160887
2026-07-24T18:25:00+00:00,52.84,52.84,52.755,52.8064,94303.51677100001
2026-07-24T18:30:00+00:00,52.81,52.83,52.71,52.72,94235.632824
2026-07-24T18:35:00+00:00,52.73,52.76,52.665,52.7,101482.600533
2026-07-24T18:40:00+00:00,52.6899,52.7768,52.68,52.745,61317.637048000004
2026-07-24T18:45:00+00:00,52.74,52.745,52.605,52.605,57951.239816
2026-07-24T18:50:00+00:00,52.61,52.71,52.605,52.67,184003.23312299998
2026-07-24T18:55:00+00:00,52.67,52.75,52.66,52.71,88785.732592
2026-07-24T19:00:00+00:00,52.695,52.715,52.685,52.69,21068.738989999998
2026-07-24T19:05:00+00:00,52.7,52.735,52.655,52.715,65547.710919
2026-07-24T19:10:00+00:00,52.71,52.7199,52.635,52.65,42711.522144999995
2026-07-24T19:15:00+00:00,52.645,52.6975,52.6023,52.6023,64734.84581
2026-07-24T19:20:00+00:00,52.6,52.62,52.51,52.59,116415.34570499999
2026-07-24T19:25:00+00:00,52.6,52.605,52.5197,52.52,80021.02868399999
2026-07-24T19:30:00+00:00,52.525,52.57,52.5,52.565,100672.495465
2026-07-24T19:35:00+00:00,52.555,52.67,52.545,52.66,127512.56102200001
2026-07-24T19:40:00+00:00,52.65,52.7,52.625,52.655,134305.065705
2026-07-24T19:45:00+00:00,52.655,52.6973,52.64,52.69,72956.655683
2026-07-24T19:50:00+00:00,52.69,52.715,52.625,52.635,182372.025032
2026-07-24T19:55:00+00:00,52.64,52.655,52.58,52.63,150893.312096
2026-07-24T20:00:00+00:00,52.63,52.63,52.575,52.61,408926.600993
2026-07-24T20:05:00+00:00,52.59,52.61,52.59,52.6,12762.877509
2026-07-24T20:10:00+00:00,52.6,52.6,52.55,52.56,9519.031621
2026-07-24T20:15:00+00:00,52.56,52.56,52.51,52.54,63097.661932
2026-07-24T20:20:00+00:00,52.55,52.569,52.5489,52.569,1455.7658
2026-07-24T20:25:00+00:00,52.5599,52.57,52.55,52.56,5340.762194
2026-07-24T20:30:00+00:00,52.58,52.6054,52.58,52.6,3381.164341
2026-07-24T20:35:00+00:00,52.58,52.58,52.55,52.55,954.032914
2026-07-24T20:40:00+00:00,52.54,52.639,52.53,52.639,6583.659297
2026-07-24T20:45:00+00:00,52.6298,52.67,52.6298,52.67,871.866754
2026-07-24T20:50:00+00:00,52.66,52.66,52.64,52.64,1953.0
2026-07-24T20:55:00+00:00,52.64,52.64,52.57,52.6,3038.576936
2026-07-24T21:00:00+00:00,52.6091,52.6091,52.6091,52.6091,203.130069
2026-07-24T21:05:00+00:00,52.61,52.61,52.61,52.61,1025.0
2026-07-24T21:10:00+00:00,52.62,52.65,52.62,52.65,1136.0
2026-07-24T21:15:00+00:00,52.66,52.66,52.63,52.63,1713.0949839999998
2026-07-24T21:20:00+00:00,52.61,52.65,52.61,52.65,4599.228655000001
2026-07-24T21:25:00+00:00,52.65,52.65,52.6402,52.6405,805.0
2026-07-24T21:30:00+00:00,52.6,52.6,52.6,52.6,125.0
2026-07-24T21:35:00+00:00,52.6024,52.65,52.6024,52.65,1220.550911
2026-07-24T21:40:00+00:00,52.64,52.64,52.62,52.62,729.0
2026-07-24T21:50:00+00:00,52.65,52.65,52.63,52.63,1867.036846
2026-07-24T21:55:00+00:00,52.65,52.65,52.65,52.65,353.0
2026-07-24T22:00:00+00:00,52.65,52.65,52.6415,52.6415,2988.332383
2026-07-24T22:05:00+00:00,52.65,52.66,52.63,52.63,2616.497578
2026-07-24T22:10:00+00:00,52.63,52.6301,52.63,52.6301,611.0
2026-07-24T22:15:00+00:00,52.6595,52.6595,52.6595,52.6595,224.0
2026-07-24T22:20:00+00:00,52.63,52.6306,52.63,52.63,3613.871127
2026-07-24T22:30:00+00:00,52.65,52.65,52.65,52.65,100.0
2026-07-24T22:35:00+00:00,52.65,52.65,52.6499,52.6499,703.0
2026-07-24T22:40:00+00:00,52.65,52.65,52.625,52.65,7610.0
2026-07-24T22:45:00+00:00,52.6066,52.6066,52.6066,52.6066,170.0
2026-07-24T22:50:00+00:00,52.66,52.67,52.66,52.67,887.969236
2026-07-24T23:00:00+00:00,52.7,52.7,52.68,52.68,300.381295
2026-07-24T23:10:00+00:00,52.66,52.66,52.66,52.66,250.0
2026-07-24T23:15:00+00:00,52.65,52.7,52.6,52.6,4119.0
2026-07-24T23:20:00+00:00,52.66,52.66,52.66,52.66,150.0
2026-07-24T23:30:00+00:00,52.61,52.7,52.61,52.7,688.0
2026-07-24T23:40:00+00:00,52.68,52.6989,52.6,52.6,1264.01
2026-07-24T23:45:00+00:00,52.65,52.67,52.635,52.6685,3935.102543
2026-07-24T23:50:00+00:00,52.67,52.67,52.66,52.66,1672.0
2026-07-24T23:55:00+00:00,52.66,52.66,52.66,52.66,1242.0
2026-07-25T00:00:00+00:00,52.6301,52.6586,52.6033,52.6586,1625.0
2026-07-27T08:05:00+00:00,53.52,54.06,53.32,53.48,144547.016938
2026-07-27T08:10:00+00:00,53.46,53.92,53.42,53.54,2607.2987869999997
2026-07-27T08:15:00+00:00,53.55,53.6,53.55,53.59,4190.442745
2026-07-27T08:20:00+00:00,53.61,53.61,53.54,53.54,1281.590602
2026-07-27T08:25:00+00:00,53.53,53.58,53.52,53.53,3470.005001
2026-07-27T08:30:00+00:00,53.53,53.58,53.53,53.54,1403.687891
2026-07-27T08:35:00+00:00,53.5,53.5,53.47,53.47,6761.0
2026-07-27T08:40:00+00:00,53.49,53.65,53.49,53.65,12309.0
2026-07-27T08:45:00+00:00,53.63,53.67,53.63,53.67,515.2521380000001
2026-07-27T08:50:00+00:00,53.65,53.72,53.65,53.68,3404.5
2026-07-27T08:55:00+00:00,53.68,53.68,53.67,53.67,502.6
2026-07-27T09:00:00+00:00,53.69,53.73,53.69,53.71,2349.9
2026-07-27T09:05:00+00:00,53.65,53.7,53.65,53.7,8930.553741
2026-07-27T09:10:00+00:00,53.735,53.74,53.68,53.69,4171.0
2026-07-27T09:15:00+00:00,53.67,53.67,53.67,53.67,110.0
2026-07-27T09:20:00+00:00,53.61,53.64,53.59,53.59,1535.756838
2026-07-27T09:25:00+00:00,53.61,53.62,53.6,53.6,1198.0
2026-07-27T09:30:00+00:00,53.6,53.62,53.55,53.55,834.9000000000001
2026-07-27T09:35:00+00:00,53.55,53.61,53.51,53.52,6878.0
2026-07-27T09:40:00+00:00,53.53,53.54,53.49,53.49,5240.213938
2026-07-27T09:45:00+00:00,53.49,53.59,53.49,53.59,1747.0
2026-07-27T09:50:00+00:00,53.61,53.65,53.61,53.63,3671.05138
2026-07-27T09:55:00+00:00,53.63,53.65,53.63,53.63,1035.0
2026-07-27T10:00:00+00:00,53.63,53.69,53.6,53.61,12524.926577
2026-07-27T10:05:00+00:00,53.57,53.57,53.55,53.55,1922.2464949999999
2026-07-27T10:10:00+00:00,53.5,53.52,53.49,53.5,6207.037491
2026-07-27T10:15:00+00:00,53.48,53.48,53.37,53.47,14283.410716
2026-07-27T10:20:00+00:00,53.46,53.52,53.46,53.48,2805.75308
2026-07-27T10:25:00+00:00,53.47,53.51,53.47,53.51,1241.5000479999999
2026-07-27T10:30:00+00:00,53.51,53.52,53.48,53.49,1132.064247
2026-07-27T10:35:00+00:00,53.52,53.53,53.52,53.53,1595.63793
2026-07-27T10:40:00+00:00,53.55,53.59,53.55,53.58,19218.959403
2026-07-27T10:45:00+00:00,53.59,53.61,53.58,53.58,2974.064055
2026-07-27T10:50:00+00:00,53.5804,53.5804,53.58,53.58,407.081345
2026-07-27T10:55:00+00:00,53.58,53.6,53.58,53.6,2453.0
2026-07-27T11:00:00+00:00,53.63,53.65,53.58,53.58,5437.632
2026-07-27T11:05:00+00:00,53.57,53.57,53.38,53.4199,22794.797755
2026-07-27T11:10:00+00:00,53.39,53.54,53.39,53.54,16978.464998
2026-07-27T11:15:00+00:00,53.54,53.5969,53.53,53.57,9895.132841
2026-07-27T11:20:00+00:00,53.55,53.55,53.51,53.53,8130.229583
2026-07-27T11:25:00+00:00,53.549,53.55,53.52,53.52,2417.0
2026-07-27T11:30:00+00:00,53.54,53.54,53.47,53.47,13558.157079
2026-07-27T11:35:00+00:00,53.47,53.51,53.45,53.49,10491.013226
2026-07-27T11:40:00+00:00,53.5,53.52,53.47,53.4706,12092.645327000002
2026-07-27T11:45:00+00:00,53.51,53.55,53.44,53.49,11496.124804
2026-07-27T11:50:00+00:00,53.49,53.49,53.35,53.42,19923.118707999998
2026-07-27T11:55:00+00:00,53.39,53.43,53.37,53.4,9387.467566
2026-07-27T12:00:00+00:00,53.4,53.43,53.39,53.4,12208.888455
2026-07-27T12:05:00+00:00,53.4,53.46,53.39,53.45,9805.811813
2026-07-27T12:10:00+00:00,53.4601,53.47,53.33,53.36,33278.916492
2026-07-27T12:15:00+00:00,53.35,53.35,53.05,53.16,44455.106837
2026-07-27T12:20:00+00:00,53.16,53.24,53.12,53.13,13820.111384000002
2026-07-27T12:25:00+00:00,53.2,53.23,53.14,53.17,18384.294813
2026-07-27T12:30:00+00:00,53.17,53.28,53.17,53.24,24671.020715
2026-07-27T12:35:00+00:00,53.23,53.28,53.14,53.28,33625.15
2026-07-27T12:40:00+00:00,53.31,53.3396,53.24,53.3111,9750.295444
2026-07-27T12:45:00+00:00,53.32,53.34,53.29,53.34,20887.14807
2026-07-27T12:50:00+00:00,53.35,53.35,53.3,53.3231,11157.623242
2026-07-27T12:55:00+00:00,53.29,53.33,53.2701,53.2701,16714.930845000003
2026-07-27T13:00:00+00:00,53.28,53.36,53.26,53.27,18589.397939000002
2026-07-27T13:05:00+00:00,53.29,53.4,53.22,53.22,10982.732705000002
2026-07-27T13:10:00+00:00,53.21,53.21,53.1302,53.19,10666.350937
2026-07-27T13:15:00+00:00,53.2,53.32,53.13,53.27,9828.684612
2026-07-27T13:20:00+00:00,53.27,53.28,53.15,53.18,18178.201003
2026-07-27T13:25:00+00:00,53.17,53.24,53.17,53.18,6840.281914
2026-07-27T13:30:00+00:00,53.17,53.22,53.04,53.04,42044.671897
2026-07-27T13:35:00+00:00,53.04,53.13,52.99,53.025,296545.510078
2026-07-27T13:40:00+00:00,53.04,53.3,53.03,53.24,175156.07310500002
2026-07-27T13:45:00+00:00,53.235,53.29,53.19,53.27,108817.34449700001
2026-07-27T13:50:00+00:00,53.28,53.325,53.19,53.28,148662.948234
2026-07-27T13:55:00+00:00,53.28,53.32,53.1651,53.1651,88859.951443
2026-07-27T14:00:00+00:00,53.16,53.16,52.82,52.93,306473.123069
2026-07-27T14:05:00+00:00,52.94,53.0599,52.8512,53.0,170956.758739
2026-07-27T14:10:00+00:00,53.01,53.05,52.9501,53.03,82363.769837
2026-07-27T14:15:00+00:00,53.025,53.035,52.89,53.035,106077.19211199999
2026-07-27T14:20:00+00:00,53.03,53.065,52.9301,52.96,96420.54104600001
2026-07-27T14:25:00+00:00,52.96,52.975,52.855,52.89,262724.838661
2026-07-27T14:30:00+00:00,52.88,52.9,52.715,52.77,203526.19684000002
2026-07-27T14:35:00+00:00,52.775,52.8,52.69,52.72,202849.34446199998
2026-07-27T14:40:00+00:00,52.73,52.84,52.68,52.795,113128.099827
2026-07-27T14:45:00+00:00,52.79,52.82,52.695,52.795,108359.32241299999
2026-07-27T14:50:00+00:00,52.8,52.935,52.8,52.855,251357.105567
2026-07-27T14:55:00+00:00,52.875,52.96,52.83,52.93,86807.742451
2026-07-27T15:00:00+00:00,52.93,53.07,52.915,53.0499,143473.531268
2026-07-27T15:05:00+00:00,53.04,53.065,52.965,53.065,129714.902895
2026-07-27T15:10:00+00:00,53.06,53.06,52.9301,52.9401,164457.04423300002
2026-07-27T15:15:00+00:00,52.935,53.03,52.905,53.0,55445.555656000004
2026-07-27T15:20:00+00:00,53.005,53.04,52.95,53.02,81241.600386
2026-07-27T15:25:00+00:00,53.02,53.08,52.965,52.965,156987.248838
2026-07-27T15:30:00+00:00,52.97,53.0,52.94,52.99,42800.103325000004
2026-07-27T15:35:00+00:00,52.99,53.015,52.87,52.9002,190218.652281
2026-07-27T15:40:00+00:00,52.9,52.95,52.88,52.925,50995.898338
2026-07-27T15:45:00+00:00,52.9269,52.96,52.89,52.93,48947.42786900001
2026-07-27T15:50:00+00:00,52.94,52.955,52.88,52.92,96588.97307799998
2026-07-27T15:55:00+00:00,52.92,53.005,52.915,52.975,39310.373085
2026-07-27T16:00:00+00:00,52.974,53.02,52.96,53.0,95918.62148
2026-07-27T16:05:00+00:00,53.005,53.03,52.955,53.02,53508.362176
2026-07-27T16:10:00+00:00,53.01,53.1,52.97,53.095,102544.586238
2026-07-27T16:15:00+00:00,53.095,53.13,53.075,53.11,169477.31879499997
2026-07-27T16:20:00+00:00,53.115,53.115,53.045,53.08,48532.150187
2026-07-27T16:25:00+00:00,53.07,53.105,53.03,53.045,49264.745949
2026-07-27T16:30:00+00:00,53.05,53.235,53.04,53.19,191128.80425599997
2026-07-27T16:35:00+00:00,53.19,53.29,53.185,53.29,196557.49496899996
2026-07-27T16:40:00+00:00,53.285,53.315,53.2,53.205,93231.85384499999
2026-07-27T16:45:00+00:00,53.21,53.225,53.145,53.17,35271.349596
2026-07-27T16:50:00+00:00,53.18,53.18,53.075,53.085,37159.995607
2026-07-27T16:55:00+00:00,53.08,53.08,52.9799,53.005,63413.239840999995
2026-07-27T17:00:00+00:00,53.0,53.02,52.955,53.01,147940.840164
2026-07-27T17:05:00+00:00,53.01,53.015,52.84,52.85,99681.654024
2026-07-27T17:10:00+00:00,52.855,52.895,52.845,52.87,43568.966614
2026-07-27T17:15:00+00:00,52.88,52.91,52.78,52.87,65184.47536699999
2026-07-27T17:20:00+00:00,52.8534,52.89,52.805,52.81,37614.095096
2026-07-27T17:25:00+00:00,52.81,52.88,52.79,52.81,48578.658097
2026-07-27T17:30:00+00:00,52.81,52.83,52.765,52.8,49163.898263
2026-07-27T17:35:00+00:00,52.8,52.845,52.8,52.825,35881.307641
2026-07-27T17:40:00+00:00,52.8288,52.8499,52.775,52.775,27896.460485
2026-07-27T17:45:00+00:00,52.7701,52.8301,52.77,52.821,25714.638058
2026-07-27T17:50:00+00:00,52.825,52.86,52.795,52.85,29105.8161
2026-07-27T17:55:00+00:00,52.855,52.89,52.845,52.855,35352.588204
2026-07-27T18:00:00+00:00,52.86,52.88,52.85,52.87,44841.334906
2026-07-27T18:05:00+00:00,52.88,52.89,52.825,52.825,52041.759548
2026-07-27T18:10:00+00:00,52.82,52.865,52.8105,52.845,30904.381303999995
2026-07-27T18:15:00+00:00,52.845,52.845,52.735,52.74,67503.519595
2026-07-27T18:20:00+00:00,52.745,52.745,52.63,52.685,143633.81621
2026-07-27T18:25:00+00:00,52.68,52.73,52.66,52.7201,81076.674727
2026-07-27T18:30:00+00:00,52.725,52.745,52.72,52.7295,55786.152986
2026-07-27T18:35:00+00:00,52.725,52.75,52.7,52.71,53820.00833900001
2026-07-27T18:40:00+00:00,52.7,52.725,52.65,52.655,35344.162249
2026-07-27T18:45:00+00:00,52.65,52.78,52.64,52.7,363067.790646
2026-07-27T18:50:00+00:00,52.71,52.71,52.5701,52.5701,82870.12852299999
2026-07-27T18:55:00+00:00,52.57,52.745,52.5699,52.7399,105778.075478
2026-07-27T19:00:00+00:00,52.74,52.7783,52.73,52.76,40543.225225
2026-07-27T19:05:00+00:00,52.76,52.79,52.735,52.74,47400.88359
2026-07-27T19:10:00+00:00,52.745,52.845,52.705,52.835,42896.561408
2026-07-27T19:15:00+00:00,52.83,52.88,52.81,52.82,108924.364623
2026-07-27T19:20:00+00:00,52.82,52.9352,52.81,52.922,274317.574222
2026-07-27T19:25:00+00:00,52.935,53.015,52.9338,52.97,71575.137731
2026-07-27T19:30:00+00:00,52.98,52.9997,52.91,52.97,133319.70029900002
2026-07-27T19:35:00+00:00,52.975,53.01,52.935,52.985,407792.39625900006
2026-07-27T19:40:00+00:00,52.98,53.0,52.94,52.945,1395274.3144629998
2026-07-27T19:45:00+00:00,52.95,52.99,52.9241,52.955,100031.303288
2026-07-27T19:50:00+00:00,52.95,53.0001,52.935,52.9995,107951.193005
2026-07-27T19:55:00+00:00,53.01,53.01,52.93,52.96,143184.132835
2026-07-27T20:00:00+00:00,52.96,52.96,52.915,52.93,355896.59016399994
2026-07-27T20:05:00+00:00,52.9355,52.9355,52.89,52.9,3988.9222520000003
2026-07-27T20:10:00+00:00,52.8899,52.91,52.8899,52.91,8217.049167
2026-07-27T20:15:00+00:00,52.9285,52.9285,52.91,52.9101,1099.927234
2026-07-27T20:20:00+00:00,52.9,52.9,52.9,52.9,6001.0
2026-07-27T20:25:00+00:00,52.86,52.87,52.85,52.85,1166.728777
2026-07-27T20:30:00+00:00,52.8592,52.8592,52.8,52.81,3134.2
2026-07-27T20:35:00+00:00,52.8,52.83,52.79,52.83,2145.243302
2026-07-27T20:40:00+00:00,52.81,52.843,52.81,52.843,2065.0
2026-07-27T20:50:00+00:00,52.83,52.83,52.8046,52.8199,1137.0
2026-07-27T20:55:00+00:00,52.83,52.83,52.8,52.8,416.0
2026-07-27T21:00:00+00:00,52.8,52.82,52.8,52.82,1336.0
2026-07-27T21:05:00+00:00,52.8,52.82,52.8,52.82,5913.189286
2026-07-27T21:10:00+00:00,53.0,53.0,52.84,52.86,1494.964462
2026-07-27T21:15:00+00:00,52.85,52.86,52.85,52.86,2165.0
2026-07-27T21:20:00+00:00,52.8505,52.9191,52.8505,52.9191,438.235916
2026-07-27T21:25:00+00:00,52.86,52.93,52.86,52.88,8180.062968
2026-07-27T21:30:00+00:00,52.88,53.0,52.88,52.9,1971.2195709999999
2026-07-27T21:35:00+00:00,52.87,52.92,52.86,52.92,12932.13225
2026-07-27T21:40:00+00:00,52.95,52.95,52.95,52.95,202.045977
2026-07-27T21:45:00+00:00,52.9202,52.9285,52.92,52.9285,6669.006661
2026-07-27T21:50:00+00:00,52.92,52.9294,52.91,52.91,6277.399594
2026-07-27T22:00:00+00:00,52.86,52.87,52.85,52.8501,8940.74874
2026-07-27T22:05:00+00:00,52.87,52.895,52.87,52.87,6187.1
2026-07-27T22:10:00+00:00,52.92,52.93,52.92,52.93,1003.0
2026-07-27T22:15:00+00:00,52.85,52.85,52.82,52.8439,1074.0
2026-07-27T22:20:00+00:00,52.82,52.82,52.7934,52.8039,2655.0
2026-07-27T22:25:00+00:00,52.85,52.85,52.79,52.79,2089.73897
2026-07-27T22:30:00+00:00,52.77,52.77,52.77,52.77,579.0
2026-07-27T22:35:00+00:00,52.8,52.8242,52.8,52.8242,324.522043
2026-07-27T22:40:00+00:00,52.79,52.79,52.79,52.79,491.976099
2026-07-27T22:45:00+00:00,52.82,52.82,52.82,52.82,427.0
2026-07-27T22:50:00+00:00,52.79,52.79,52.76,52.76,998.0
2026-07-27T22:55:00+00:00,52.75,52.76,52.75,52.76,286.0
2026-07-27T23:00:00+00:00,52.8,52.81,52.75,52.81,2296.0
2026-07-27T23:05:00+00:00,52.74,52.77,52.72,52.72,2928.4263419999997
2026-07-27T23:10:00+00:00,52.79,52.79,52.79,52.79,100.188754
2026-07-27T23:15:00+00:00,52.7139,52.73,52.7139,52.73,767.0
2026-07-27T23:20:00+00:00,52.81,52.81,52.8,52.8,1103.8356939999999
2026-07-27T23:35:00+00:00,52.81,52.83,52.8,52.83,819.7941450000001
2026-07-27T23:40:00+00:00,52.78,52.78,52.78,52.78,2111.0
2026-07-27T23:45:00+00:00,52.77,52.77,52.77,52.77,450.09
2026-07-27T23:50:00+00:00,52.76,52.76,52.75,52.75,2389.0
2026-07-27T23:55:00+00:00,52.73,52.78,52.73,52.78,6482.0
2026-07-28T00:00:00+00:00,52.7896,52.79,52.7409,52.75,2404.083538
2026-07-28T08:05:00+00:00,51.98,52.1,51.27,52.08,180613.96738500003
2026-07-28T08:10:00+00:00,52.09,52.13,51.99,51.99,9503.0
2026-07-28T08:15:00+00:00,51.92,51.92,51.85,51.85,7063.027183
2026-07-28T08:20:00+00:00,51.86,52.01,51.86,51.99,2873.0
2026-07-28T08:25:00+00:00,52.01,52.01,52.01,52.01,526.0
2026-07-28T08:30:00+00:00,52.09,52.1,52.09,52.1,944.316442
2026-07-28T08:35:00+00:00,52.05,52.05,52.01,52.01,1066.3383469999999
2026-07-28T08:40:00+00:00,52.04,52.07,52.0,52.0,13187.855989
2026-07-28T08:45:00+00:00,52.03,52.05,52.02,52.05,976.5581999999999
2026-07-28T08:50:00+00:00,52.03,52.09,52.03,52.09,7467.0
2026-07-28T08:55:00+00:00,52.07,52.09,52.0,52.0,9198.289023
2026-07-28T09:00:00+00:00,51.92,51.99,51.92,51.99,3348.64679
2026-07-28T09:05:00+00:00,52.02,52.02,52.0,52.0,440.016959
2026-07-28T09:10:00+00:00,51.99,51.99,51.97,51.99,1620.0
2026-07-28T09:15:00+00:00,52.01,52.03,51.98,51.98,4236.106846
2026-07-28T09:20:00+00:00,51.99,52.03,51.98,52.03,5409.04
2026-07-28T09:25:00+00:00,52.05,52.06,52.03,52.03,897.44
2026-07-28T09:30:00+00:00,52.0,52.0,51.97,51.97,1760.151976
2026-07-28T09:35:00+00:00,51.92,51.94,51.88,51.88,3747.019275
2026-07-28T09:40:00+00:00,51.9,51.9,51.75,51.79,13610.037135999999
2026-07-28T09:45:00+00:00,51.7999,51.82,51.79,51.81,3295.4905
2026-07-28T09:50:00+00:00,51.82,51.82,51.75,51.78,4324.712482
2026-07-28T09:55:00+00:00,51.79,51.81,51.79,51.81,1958.0
2026-07-28T10:00:00+00:00,51.81,51.8299,51.66,51.69,30795.964587
2026-07-28T10:05:00+00:00,51.66,51.77,51.66,51.77,17713.69101
2026-07-28T10:10:00+00:00,51.72,51.7989,51.72,51.74,2470.0
2026-07-28T10:15:00+00:00,51.73,51.78,51.72,51.78,3860.854406
2026-07-28T10:20:00+00:00,51.77,51.79,51.74,51.76,5613.4619999999995
2026-07-28T10:25:00+00:00,51.74,51.74,51.64,51.66,3940.269671
2026-07-28T10:30:00+00:00,51.63,51.63,51.53,51.63,20912.499222
2026-07-28T10:35:00+00:00,51.63,51.72,51.62,51.68,16682.800649
2026-07-28T10:40:00+00:00,51.68,51.71,51.6,51.68,15597.310504000001
2026-07-28T10:45:00+00:00,51.67,51.67,51.65,51.67,4048.933396
2026-07-28T10:50:00+00:00,51.68,51.72,51.65,51.65,7820.397849999999
2026-07-28T10:55:00+00:00,51.66,51.77,51.66,51.77,7965.0
2026-07-28T11:00:00+00:00,51.74,51.76,51.67,51.67,11734.0
2026-07-28T11:05:00+00:00,51.68,51.72,51.64,51.6469,41677.536078
2026-07-28T11:10:00+00:00,51.65,51.6869,51.61,51.65,22428.42258
2026-07-28T11:15:00+00:00,51.64,51.64,51.61,51.6131,13328.496151
2026-07-28T11:20:00+00:00,51.62,51.83,51.62,51.82,21632.498912
2026-07-28T11:25:00+00:00,51.8,51.81,51.76,51.79,19170.676025
2026-07-28T11:30:00+00:00,51.77,51.78,51.71,51.7489,6440.049416
2026-07-28T11:35:00+00:00,51.7469,51.78,51.729,51.76,7855.251437000001
2026-07-28T11:40:00+00:00,51.77,51.88,51.76,51.81,12708.300358
2026-07-28T11:45:00+00:00,51.81,51.81,51.76,51.77,7059.98703
2026-07-28T11:50:00+00:00,51.7769,51.8,51.77,51.79,22079.025982
2026-07-28T11:55:00+00:00,51.75,51.7529,51.7,51.7529,17818.248655
2026-07-28T12:00:00+00:00,51.79,51.82,51.76,51.82,11486.063633
2026-07-28T12:05:00+00:00,51.83,51.86,51.75,51.86,8046.479295
2026-07-28T12:10:00+00:00,51.83,51.88,51.82,51.84,11274.771326
2026-07-28T12:15:00+00:00,51.82,51.8401,51.75,51.81,9296.528661
2026-07-28T12:20:00+00:00,51.84,51.84,51.79,51.84,19151.649074
2026-07-28T12:25:00+00:00,51.86,51.91,51.85,51.9,8255.120218
2026-07-28T12:30:00+00:00,51.9,51.9,51.75,51.7919,22004.429612
2026-07-28T12:35:00+00:00,51.8,51.83,51.65,51.73,129451.91461
2026-07-28T12:40:00+00:00,51.71,51.86,51.71,51.83,27904.538521000002
2026-07-28T12:45:00+00:00,51.8,51.93,51.791,51.88,18628.013941999998
2026-07-28T12:50:00+00:00,51.89,51.98,51.89,51.9354,17575.600541
2026-07-28T12:55:00+00:00,51.94,51.96,51.82,51.84,50330.0
2026-07-28T13:00:00+00:00,51.85,51.87,51.76,51.81,7851.0
2026-07-28T13:05:00+00:00,51.81,51.88,51.78,51.811,28076.980948
2026-07-28T13:10:00+00:00,51.81,51.9,51.77,51.77,10848.448273
2026-07-28T13:15:00+00:00,51.79,51.79,51.7,51.7001,11375.090037000002
2026-07-28T13:20:00+00:00,51.7,51.7,51.63,51.63,9809.174986
2026-07-28T13:25:00+00:00,51.64,51.77,51.64,51.65,30651.725997
2026-07-28T13:30:00+00:00,51.6799,51.7,51.6,51.62,44870.164071
2026-07-28T13:35:00+00:00,51.61,51.69,51.5413,51.575,385055.09473500005
2026-07-28T13:40:00+00:00,51.58,51.63,51.3701,51.385,433458.78393
2026-07-28T13:45:00+00:00,51.385,51.415,51.295,51.384,300067.34347100003
2026-07-28T13:50:00+00:00,51.39,51.4,51.275,51.35,218713.636681
2026-07-28T13:55:00+00:00,51.35,51.3964,51.25,51.33,193242.01783
2026-07-28T14:00:00+00:00,51.3262,51.37,51.25,51.355,144622.41076199998
2026-07-28T14:05:00+00:00,51.36,51.51,51.35,51.5,271686.07311
2026-07-28T14:10:00+00:00,51.51,51.68,51.51,51.62,256565.062858
2026-07-28T14:15:00+00:00,51.62,51.77,51.55,51.56,159268.549656
2026-07-28T14:20:00+00:00,51.565,51.585,51.38,51.39,193566.78393
2026-07-28T14:25:00+00:00,51.39,51.42,51.185,51.41,315334.25767
2026-07-28T14:30:00+00:00,51.4,51.505,51.38,51.5005,90486.366793
2026-07-28T14:35:00+00:00,51.49,51.555,51.4,51.405,117718.313957
2026-07-28T14:40:00+00:00,51.405,51.535,51.39,51.4399,97359.704565
2026-07-28T14:45:00+00:00,51.42,51.55,51.3923,51.505,59700.176018
2026-07-28T14:50:00+00:00,51.505,51.6448,51.48,51.64,63797.871385
2026-07-28T14:55:00+00:00,51.645,51.66,51.55,51.5801,110392.865065
2026-07-28T15:00:00+00:00,51.585,51.605,51.505,51.515,62594.251406
2026-07-28T15:05:00+00:00,51.52,51.61,51.46,51.48,169726.219658
2026-07-28T15:10:00+00:00,51.47,51.635,51.4377,51.635,73275.243669
2026-07-28T15:15:00+00:00,51.63,51.79,51.6205,51.75,392846.176976
2026-07-28T15:20:00+00:00,51.73,51.82,51.72,51.73,279655.253753
2026-07-28T15:25:00+00:00,51.74,51.85,51.705,51.72,216373.82116
2026-07-28T15:30:00+00:00,51.725,51.8,51.69,51.695,139625.804855
2026-07-28T15:35:00+00:00,51.7,51.745,51.66,51.7,73267.244516
2026-07-28T15:40:00+00:00,51.7,51.81,51.665,51.7889,162336.96981599997
2026-07-28T15:45:00+00:00,51.785,51.8401,51.755,51.82,84637.647079
2026-07-28T15:50:00+00:00,51.815,51.855,51.8,51.82,71301.101103
2026-07-28T15:55:00+00:00,51.8205,51.9,51.8201,51.88,112759.969831
2026-07-28T16:00:00+00:00,51.875,51.92,51.84,51.915,39458.344729
2026-07-28T16:05:00+00:00,51.92,51.97,51.87,51.89,103717.03319599999
2026-07-28T16:10:00+00:00,51.88,51.945,51.8744,51.915,63393.810119999995
2026-07-28T16:15:00+00:00,51.915,52.0,51.8901,51.975,83858.647421
2026-07-28T16:20:00+00:00,51.99,51.995,51.935,51.985,35928.038187
2026-07-28T16:25:00+00:00,51.98,52.01,51.905,51.935,102594.803189
2026-07-28T16:30:00+00:00,51.93,51.9741,51.9,51.9,36235.887352
2026-07-28T16:35:00+00:00,51.895,51.93,51.875,51.91,101746.19730700001
2026-07-28T16:40:00+00:00,51.9101,51.93,51.8946,51.895,29992.246665000002
2026-07-28T16:45:00+00:00,51.895,51.91,51.81,51.815,52896.387802
2026-07-28T16:50:00+00:00,51.815,51.826,51.75,51.8,59808.524516
2026-07-28T16:55:00+00:00,51.8003,51.875,51.8,51.875,54699.708559
2026-07-28T17:00:00+00:00,51.875,51.8801,51.8,51.8033,51576.340303000004
2026-07-28T17:05:00+00:00,51.81,51.85,51.78,51.825,100160.407237
2026-07-28T17:10:00+00:00,51.82,51.8553,51.76,51.7637,67748.092617
2026-07-28T17:15:00+00:00,51.75,51.775,51.74,51.76,62371.26181
2026-07-28T17:20:00+00:00,51.755,51.8,51.735,51.77,36295.026997
2026-07-28T17:25:00+00:00,51.76,51.9497,51.75,51.79,154443.87181500002
2026-07-28T17:30:00+00:00,51.78,51.86,51.77,51.84,46336.044416000004
2026-07-28T17:35:00+00:00,51.83,51.845,51.79,51.825,51863.893019
2026-07-28T17:40:00+00:00,51.812,51.83,51.6701,51.685,92010.867104
2026-07-28T17:45:00+00:00,51.675,51.69,51.6,51.61,72275.144561
2026-07-28T17:50:00+00:00,51.605,51.64,51.54,51.64,255898.53269199998
2026-07-28T17:55:00+00:00,51.63,51.64,51.525,51.5599,34767.467026
2026-07-28T18:00:00+00:00,51.555,51.61,51.54,51.595,32057.134729999998
2026-07-28T18:05:00+00:00,51.6,51.635,51.58,51.635,36806.765323
2026-07-28T18:10:00+00:00,51.635,51.65,51.605,51.63,47507.588747
2026-07-28T18:15:00+00:00,51.63,51.6401,51.595,51.62,21974.206823
2026-07-28T18:20:00+00:00,51.62,51.685,51.62,51.67,58174.77873
2026-07-28T18:25:00+00:00,51.67,51.68,51.6246,51.625,26579.717499
2026-07-28T18:30:00+00:00,51.63,51.64,51.6,51.615,72049.78256200001
2026-07-28T18:35:00+00:00,51.61,51.64,51.555,51.58,48886.578768
2026-07-28T18:40:00+00:00,51.585,51.6263,51.57,51.62,33532.168326
2026-07-28T18:45:00+00:00,51.625,51.65,51.61,51.6254,42812.289678
2026-07-28T18:50:00+00:00,51.62,51.66,51.615,51.66,42923.374955
2026-07-28T18:55:00+00:00,51.66,51.67,51.62,51.62,69465.554578
2026-07-28T19:00:00+00:00,51.62,51.6364,51.58,51.63,45875.712264
2026-07-28T19:05:00+00:00,51.62,51.71,51.62,51.705,177198.035374
2026-07-28T19:10:00+00:00,51.705,51.76,51.685,51.701,192311.589196
2026-07-28T19:15:00+00:00,51.7,51.715,51.6744,51.6799,45435.22591100001
2026-07-28T19:20:00+00:00,51.68,51.7499,51.68,51.7499,110341.78577799999
2026-07-28T19:25:00+00:00,51.74,51.75,51.72,51.7401,41959.170613
2026-07-28T19:30:00+00:00,51.745,51.745,51.695,51.715,31911.366014
2026-07-28T19:35:00+00:00,51.73,51.79,51.7,51.79,91771.188289
2026-07-28T19:40:00+00:00,51.785,51.785,51.69,51.7,165347.06822999998
2026-07-28T19:45:00+00:00,51.695,51.7399,51.69,51.735,134556.176665
2026-07-28T19:50:00+00:00,51.735,51.7653,51.725,51.76,167890.816273
2026-07-28T19:55:00+00:00,51.755,51.76,51.7101,51.725,105052.560107
2026-07-28T20:00:00+00:00,51.72,51.725,51.67,51.7,399765.98334000004
2026-07-28T20:05:00+00:00,51.69,51.7,51.63,51.63,24576.505618000003
2026-07-28T20:10:00+00:00,51.6454,51.6454,51.59,51.62,15733.732134
2026-07-28T20:15:00+00:00,51.59,51.6382,51.59,51.6382,5757.4218980000005
2026-07-28T20:20:00+00:00,51.629,51.66,51.616,51.66,1889.453349
2026-07-28T20:25:00+00:00,51.66,51.66,51.63,51.63,1022.0
2026-07-28T20:30:00+00:00,51.65,51.65,51.65,51.65,209.0
2026-07-28T20:35:00+00:00,51.63,51.66,51.63,51.66,2787.999438
2026-07-28T20:40:00+00:00,51.6309,51.6788,51.6023,51.6023,6593.362381
2026-07-28T20:45:00+00:00,51.61,51.6486,51.5993,51.6128,4146.359195
2026-07-28T20:50:00+00:00,51.63,51.6346,51.62,51.62,1311.7553050000001
2026-07-28T20:55:00+00:00,51.6089,51.6183,51.59,51.59,2540.484214
2026-07-28T21:00:00+00:00,51.6,51.6459,51.58,51.64,1088.229395
2026-07-28T21:05:00+00:00,51.66,51.66,51.66,51.66,7333.096718
2026-07-28T21:10:00+00:00,51.6501,51.67,51.6501,51.6576,1503.4735
2026-07-28T21:15:00+00:00,51.68,51.68,51.6799,51.6799,297.0
2026-07-28T21:20:00+00:00,51.66,51.66,51.66,51.66,550.0
2026-07-28T21:25:00+00:00,51.65,51.6609,51.65,51.6609,629.0
2026-07-28T21:30:00+00:00,51.68,51.68,51.6501,51.6501,2439.7224300000003
2026-07-28T21:35:00+00:00,51.65,51.68,51.65,51.6797,3906.336687
2026-07-28T21:40:00+00:00,51.68,51.68,51.65,51.68,491.9
2026-07-28T21:45:00+00:00,51.6501,51.68,51.65,51.65,2019.0
2026-07-28T21:50:00+00:00,51.6669,51.6669,51.6669,51.6669,118.0
2026-07-28T22:00:00+00:00,51.67,51.67,51.6505,51.6505,2402.0
2026-07-28T22:05:00+00:00,51.67,51.67,51.65,51.65,3121.281581
2026-07-28T22:10:00+00:00,51.65,51.65,51.617,51.617,467.30212
2026-07-28T22:15:00+00:00,51.65,51.66,51.6,51.6,1968.0
2026-07-28T22:20:00+00:00,51.59,51.6,51.59,51.59,746.0
2026-07-28T22:25:00+00:00,51.55,51.55,51.54,51.54,1805.7361369999999
2026-07-28T22:30:00+00:00,51.5124,51.6,51.5124,51.6,1642.1165409999999
2026-07-28T22:35:00+00:00,51.6,51.6,51.43,51.43,3749.711844
2026-07-28T22:40:00+00:00,51.45,51.49,51.42,51.4322,5068.019389
2026-07-28T22:45:00+00:00,51.46,51.5,51.4493,51.5,1698.988588
2026-07-28T22:50:00+00:00,51.43,51.4899,51.41,51.4899,1896.134632
2026-07-28T22:55:00+00:00,51.45,51.45,51.4,51.41,10681.911114999999
2026-07-28T23:00:00+00:00,51.411,51.47,51.4,51.4,2236.366553
2026-07-28T23:05:00+00:00,51.47,51.47,51.4017,51.4017,1502.399061
2026-07-28T23:10:00+00:00,51.41,51.45,51.4,51.43,6352.794776999999
2026-07-28T23:15:00+00:00,51.44,51.4546,51.44,51.4546,590.6700000000001
2026-07-28T23:20:00+00:00,51.45,51.4557,51.4046,51.43,2681.327502
2026-07-28T23:25:00+00:00,51.43,51.5,51.41,51.5,4398.102874
2026-07-28T23:30:00+00:00,51.49,51.54,51.49,51.54,625.229769
2026-07-28T23:35:00+00:00,51.5,51.56,51.45,51.48,1285.188009
2026-07-28T23:40:00+00:00,51.53,51.53,51.53,51.53,1578.0
2026-07-28T23:45:00+00:00,51.52,51.56,51.52,51.56,1985.0
2026-07-28T23:50:00+00:00,51.56,51.64,51.56,51.64,1191.0
2026-07-28T23:55:00+00:00,51.68,51.7,51.63,51.6303,6522.155161
2026-07-29T00:00:00+00:00,51.6892,51.7297,51.66,51.7,2645.007678
2026-07-29T08:05:00+00:00,52.3,52.62,51.81,52.5,118562.380148
2026-07-29T08:10:00+00:00,52.5,52.6,52.33,52.33,22575.0
2026-07-29T08:15:00+00:00,52.34,52.35,52.27,52.28,3513.0
2026-07-29T08:20:00+00:00,52.3,52.3448,52.29,52.32,3513.0
2026-07-29T08:25:00+00:00,52.3,52.3,52.23,52.23,1047.0
2026-07-29T08:30:00+00:00,52.21,52.22,52.2,52.2,5751.799639
2026-07-29T08:35:00+00:00,52.22,52.29,52.2,52.26,8507.286356
2026-07-29T08:40:00+00:00,52.26,52.28,52.26,52.28,266.0
2026-07-29T08:45:00+00:00,52.28,52.3,52.25,52.2951,58498.916441
2026-07-29T08:50:00+00:00,52.3,52.3,52.3,52.3,300.0
2026-07-29T08:55:00+00:00,52.31,52.36,52.31,52.33,1365.00387
2026-07-29T09:00:00+00:00,52.33,52.35,52.31,52.34,20231.292814
2026-07-29T09:05:00+00:00,52.32,52.32,52.3,52.3,9303.1304
2026-07-29T09:10:00+00:00,52.31,52.33,52.31,52.33,14919.3
2026-07-29T09:15:00+00:00,52.32,52.33,52.28,52.3,11767.378421
2026-07-29T09:20:00+00:00,52.3,52.34,52.3,52.34,11797.133695
2026-07-29T09:25:00+00:00,52.3,52.3,52.29,52.3,1581.020845
2026-07-29T09:30:00+00:00,52.28,52.28,52.26,52.26,1368.0
2026-07-29T09:35:00+00:00,52.27,52.28,52.23,52.28,7641.240752999999
2026-07-29T09:40:00+00:00,52.28,52.29,52.28,52.28,13757.095448
2026-07-29T09:45:00+00:00,52.25,52.3,52.25,52.29,1260.0
2026-07-29T09:50:00+00:00,52.25,52.28,52.25,52.28,5100.0
2026-07-29T09:55:00+00:00,52.27,52.27,52.27,52.27,603.0
2026-07-29T10:00:00+00:00,52.24,52.24,52.15,52.15,11972.415991
2026-07-29T10:05:00+00:00,52.16,52.18,52.12,52.12,3276.0
2026-07-29T10:10:00+00:00,52.15,52.16,52.05,52.05,19154.804
2026-07-29T10:15:00+00:00,52.0899,52.09,52.08,52.09,6191.0
2026-07-29T10:20:00+00:00,52.07,52.08,52.03,52.05,11781.0
2026-07-29T10:25:00+00:00,52.06,52.09,52.03,52.03,9002.028777
2026-07-29T10:30:00+00:00,52.01,52.04,52.0,52.04,11372.921923
2026-07-29T10:35:00+00:00,52.05,52.06,52.05,52.06,2275.287608
2026-07-29T10:40:00+00:00,52.03,52.03,51.99,51.99,15694.287607999999
2026-07-29T10:45:00+00:00,51.97,51.98,51.95,51.95,2164.013617
2026-07-29T10:50:00+00:00,51.9301,51.95,51.93,51.95,5140.0
2026-07-29T10:55:00+00:00,51.95,51.95,51.92,51.92,4313.0
2026-07-29T11:00:00+00:00,51.93,51.93,51.87,51.88,14572.0
2026-07-29T11:05:00+00:00,51.89,51.97,51.84,51.9585,18091.541763999998
2026-07-29T11:10:00+00:00,51.95,51.9699,51.93,51.9464,4419.002818
2026-07-29T11:15:00+00:00,51.95,52.03,51.95,52.01,33297.993213
2026-07-29T11:20:00+00:00,52.05,52.1,52.0112,52.1,5165.267257
2026-07-29T11:25:00+00:00,52.09,52.12,52.08,52.1,6779.015358
2026-07-29T11:30:00+00:00,52.08,52.1391,52.08,52.1391,1570.761782
2026-07-29T11:35:00+00:00,52.13,52.13,52.1,52.1099,6923.3334780000005
2026-07-29T11:40:00+00:00,52.08,52.14,52.08,52.13,6839.47217
2026-07-29T11:45:00+00:00,52.13,52.18,52.13,52.16,7430.359163
2026-07-29T11:50:00+00:00,52.13,52.19,52.1201,52.16,21128.019694000002
2026-07-29T11:55:00+00:00,52.14,52.14,52.1,52.11,2318.0
2026-07-29T12:00:00+00:00,52.101,52.11,52.08,52.09,11837.895933
2026-07-29T12:05:00+00:00,52.12,52.12,52.06,52.08,4436.578128
2026-07-29T12:10:00+00:00,52.1,52.14,52.04,52.06,13217.306364
2026-07-29T12:15:00+00:00,52.04,52.06,52.02,52.02,11286.88124
2026-07-29T12:20:00+00:00,52.05,52.05,51.74,51.74,45153.200421999994
2026-07-29T12:25:00+00:00,51.73,51.78,51.62,51.68,39197.033369
2026-07-29T12:30:00+00:00,51.65,51.66,51.48,51.5,37781.340929
2026-07-29T12:35:00+00:00,51.5,51.66,51.39,51.66,56610.11489700001
2026-07-29T12:40:00+00:00,51.68,51.7767,51.64,51.7767,34309.018192
2026-07-29T12:45:00+00:00,51.78,51.78,51.68,51.716,4888.675039
2026-07-29T12:50:00+00:00,51.7,51.75,51.7,51.75,18007.592963
2026-07-29T12:55:00+00:00,51.75,51.76,51.69,51.76,8649.100903999999
2026-07-29T13:00:00+00:00,51.75,51.78,51.72,51.77,10205.415399000001
2026-07-29T13:05:00+00:00,51.79,51.96,51.68,51.7,50473.79135
2026-07-29T13:10:00+00:00,51.68,51.69,51.63,51.65,20027.247488
2026-07-29T13:15:00+00:00,51.69,51.7,51.61,51.63,7903.102277
2026-07-29T13:20:00+00:00,51.62,51.7269,51.61,51.63,20407.267126000002
2026-07-29T13:25:00+00:00,51.63,51.79,51.63,51.76,29030.13944
2026-07-29T13:30:00+00:00,51.79,51.83,51.72,51.72,18699.94163
2026-07-29T13:35:00+00:00,51.72,51.76,51.58,51.71,281765.35964
2026-07-29T13:40:00+00:00,51.71,51.75,51.6,51.63,203111.419594
2026-07-29T13:45:00+00:00,51.62,51.665,51.57,51.59,179285.053125
2026-07-29T13:50:00+00:00,51.58,51.6,51.46,51.565,180119.684763
2026-07-29T13:55:00+00:00,51.5601,51.565,51.38,51.435,190469.610783
2026-07-29T14:00:00+00:00,51.44,51.5,51.36,51.485,132825.878951
2026-07-29T14:05:00+00:00,51.49,51.5201,51.38,51.4789,180265.702065
2026-07-29T14:10:00+00:00,51.4818,51.51,51.39,51.445,152644.580326
2026-07-29T14:15:00+00:00,51.43,51.5,51.3699,51.4151,149422.935361
2026-07-29T14:20:00+00:00,51.44,51.62,51.41,51.56,213209.834182
2026-07-29T14:25:00+00:00,51.56,51.73,51.56,51.7,173732.905278
2026-07-29T14:30:00+00:00,51.6999,51.6999,51.575,51.58,99949.099633
2026-07-29T14:35:00+00:00,51.57,51.65,51.55,51.62,115376.324082
2026-07-29T14:40:00+00:00,51.61,51.62,51.51,51.53,105262.486091
2026-07-29T14:45:00+00:00,51.535,51.5651,51.37,51.3943,249007.565117
2026-07-29T14:50:00+00:00,51.385,51.41,51.27,51.3667,183778.26825
2026-07-29T14:55:00+00:00,51.37,51.505,51.3499,51.495,127697.42685500001
2026-07-29T15:00:00+00:00,51.49,51.515,51.415,51.5099,203229.04525999998
2026-07-29T15:05:00+00:00,51.5101,51.55,51.435,51.52,97730.690975
2026-07-29T15:10:00+00:00,51.525,51.575,51.48,51.575,128857.856037
2026-07-29T15:15:00+00:00,51.56,51.56,51.4699,51.485,55582.840121999994
2026-07-29T15:20:00+00:00,51.49,51.525,51.4,51.41,157782.191544
2026-07-29T15:25:00+00:00,51.405,51.5401,51.38,51.52,198352.70608399998
2026-07-29T15:30:00+00:00,51.5105,51.56,51.47,51.53,74132.644155
2026-07-29T15:35:00+00:00,51.535,51.59,51.513,51.525,71561.024188
2026-07-29T15:40:00+00:00,51.52,51.58,51.515,51.54,85577.63127
2026-07-29T15:45:00+00:00,51.545,51.55,51.495,51.54,63013.362011
2026-07-29T15:50:00+00:00,51.55,51.575,51.525,51.575,213340.80798699998
2026-07-29T15:55:00+00:00,51.57,51.58,51.47,51.48,49604.790225
2026-07-29T16:00:00+00:00,51.48,51.505,51.4201,51.495,78796.482843
2026-07-29T16:05:00+00:00,51.5,51.54,51.41,51.42,80471.742071
2026-07-29T16:10:00+00:00,51.425,51.505,51.39,51.4938,122694.20795400001
2026-07-29T16:15:00+00:00,51.495,51.5,51.345,51.3564,134676.445712
2026-07-29T16:20:00+00:00,51.345,51.42,51.33,51.42,121701.073213
2026-07-29T16:25:00+00:00,51.42,51.6,51.415,51.56,144050.07420600002
2026-07-29T16:30:00+00:00,51.565,51.58,51.5199,51.575,32466.565237
2026-07-29T16:35:00+00:00,51.57,51.6,51.5201,51.555,69078.999342
2026-07-29T16:40:00+00:00,51.55,51.585,51.535,51.569,67704.63592100001
2026-07-29T16:45:00+00:00,51.565,51.5699,51.54,51.565,25902.906736
2026-07-29T16:50:00+00:00,51.555,51.5599,51.5219,51.545,49087.30132
2026-07-29T16:55:00+00:00,51.535,51.72,51.535,51.72,112233.096944
2026-07-29T17:00:00+00:00,51.73,52.41,51.73,52.1399,1032135.939372
2026-07-29T17:05:00+00:00,52.14,52.41,52.1314,52.305,270508.473519
2026-07-29T17:10:00+00:00,52.31,52.4,52.22,52.22,183755.736251
2026-07-29T17:15:00+00:00,52.23,52.4754,52.21,52.345,160105.777718
2026-07-29T17:20:00+00:00,52.35,52.49,52.32,52.425,130139.12421099999
2026-07-29T17:25:00+00:00,52.425,52.505,52.215,52.26,363912.540105
2026-07-29T17:30:00+00:00,52.26,52.305,52.13,52.16,156541.511283
2026-07-29T17:35:00+00:00,52.15,52.2,52.13,52.165,95264.453856
2026-07-29T17:40:00+00:00,52.15,52.215,52.085,52.195,77802.054901
2026-07-29T17:45:00+00:00,52.2,52.295,52.19,52.2599,112651.505574
2026-07-29T17:50:00+00:00,52.28,52.35,52.26,52.35,40241.845462
2026-07-29T17:55:00+00:00,52.35,52.39,52.315,52.3626,109859.274355
2026-07-29T18:00:00+00:00,52.36,52.36,52.27,52.3312,98723.19461400001
2026-07-29T18:05:00+00:00,52.33,53.27,52.32,52.835,1281896.611917
2026-07-29T18:10:00+00:00,52.81,53.0,52.76,52.8101,285972.36204000004
2026-07-29T18:15:00+00:00,52.82,52.9664,52.72,52.895,217453.766761
2026-07-29T18:20:00+00:00,52.9,52.94,52.6501,52.67,194601.555535
2026-07-29T18:25:00+00:00,52.6701,52.715,52.63,52.64,88060.961308
2026-07-29T18:30:00+00:00,52.63,52.63,52.52,52.58,222139.039476
2026-07-29T18:35:00+00:00,52.64,52.74,52.3,52.485,536669.114373
2026-07-29T18:40:00+00:00,52.495,52.855,52.37,52.825,300586.465465
2026-07-29T18:45:00+00:00,52.825,53.15,52.8,53.05,359470.29101200006
2026-07-29T18:50:00+00:00,53.035,53.39,53.01,53.35,358289.284047
2026-07-29T18:55:00+00:00,53.355,53.425,53.23,53.38,490818.506082
2026-07-29T19:00:00+00:00,53.38,53.4399,53.27,53.37,309028.177259
2026-07-29T19:05:00+00:00,53.37,53.555,53.245,53.2767,476099.728824
2026-07-29T19:10:00+00:00,53.29,53.335,53.06,53.09,369025.080313
2026-07-29T19:15:00+00:00,53.082,53.14,52.86,53.13,1410420.401978
2026-07-29T19:20:00+00:00,53.12,53.255,53.0119,53.025,161273.92817499998
2026-07-29T19:25:00+00:00,53.03,53.03,52.765,52.83,417023.545998
2026-07-29T19:30:00+00:00,52.825,52.855,52.705,52.8,454214.97517800005
2026-07-29T19:35:00+00:00,52.815,52.875,52.4,52.58,421650.02766300004
2026-07-29T19:40:00+00:00,52.58,52.625,52.37,52.394,230851.98443
2026-07-29T19:45:00+00:00,52.39,52.46,52.29,52.31,194223.62098199996
2026-07-29T19:50:00+00:00,52.32,52.39,52.14,52.29,296621.394756
2026-07-29T19:55:00+00:00,52.28,52.3,52.04,52.065,336501.68338199996
2026-07-29T20:00:00+00:00,52.06,52.06,51.73,51.73,803155.6630539999
2026-07-29T20:05:00+00:00,51.7,51.89,51.65,51.79,28797.658331
2026-07-29T20:10:00+00:00,51.8,51.8263,51.73,51.7661,61426.02765599999
2026-07-29T20:15:00+00:00,51.76,51.88,51.7,51.7882,34922.907373
2026-07-29T20:20:00+00:00,51.7017,51.75,51.62,51.6328,33611.374378
2026-07-29T20:25:00+00:00,51.6445,51.742,51.6,51.62,38452.112037
2026-07-29T20:30:00+00:00,51.65,51.825,51.65,51.825,10762.26229
2026-07-29T20:35:00+00:00,51.8,51.9,51.7355,51.8899,35856.441808999996
2026-07-29T20:40:00+00:00,51.86,51.9905,51.85,51.9662,40120.869395
2026-07-29T20:45:00+00:00,51.9999,52.05,51.99,52.0484,14101.646908
2026-07-29T20:50:00+00:00,52.02,52.1154,52.02,52.07,52392.867629
2026-07-29T20:55:00+00:00,52.0505,52.1,52.0505,52.07,14483.548789
2026-07-29T21:00:00+00:00,52.04,52.12,52.02,52.08,18965.595497000002
2026-07-29T21:05:00+00:00,52.0997,52.1,52.08,52.0997,8127.088486000001
2026-07-29T21:10:00+00:00,52.1,52.13,52.09,52.1241,5526.919385
2026-07-29T21:15:00+00:00,52.1238,52.1238,52.09,52.1,44478.734958999994
2026-07-29T21:20:00+00:00,52.12,52.12,52.08,52.08,3717.298353
2026-07-29T21:25:00+00:00,52.0872,52.1,52.0701,52.099,5543.1928020000005
2026-07-29T21:30:00+00:00,52.07,52.12,52.0186,52.0186,4970.337992000001
2026-07-29T21:35:00+00:00,52.1248,52.13,52.024,52.024,2835.68534
2026-07-29T21:40:00+00:00,52.06,52.1014,52.0,52.03,3532.424298
2026-07-29T21:45:00+00:00,52.05,52.05,52.05,52.05,2529.881136
2026-07-29T21:50:00+00:00,52.05,52.0734,52.04,52.04,1575.766007
2026-07-29T21:55:00+00:00,52.03,52.0467,52.03,52.03,1143.01451
2026-07-29T22:00:00+00:00,52.08,52.08,52.08,52.08,171.0
2026-07-29T22:05:00+00:00,52.06,52.49,52.06,52.47,13104.856309
2026-07-29T22:10:00+00:00,52.43,52.47,52.36,52.47,5791.094646
2026-07-29T22:15:00+00:00,52.5,52.6,52.5,52.58,4722.132426
2026-07-29T22:20:00+00:00,52.49,52.555,52.45,52.5495,1253.023159
2026-07-29T22:25:00+00:00,52.5,52.5412,52.5,52.5412,695.0
2026-07-29T22:30:00+00:00,52.5,52.5,52.4,52.46,18150.478038
2026-07-29T22:35:00+00:00,52.45,52.5,52.41,52.497,3758.518446
2026-07-29T22:40:00+00:00,52.5119,52.5496,52.51,52.51,3333.97999
2026-07-29T22:45:00+00:00,52.5192,52.55,52.48,52.55,6733.558628000001
2026-07-29T22:50:00+00:00,52.63,52.65,52.58,52.6165,3463.956353
2026-07-29T22:55:00+00:00,52.62,52.6599,52.6,52.6599,1243.004113
2026-07-29T23:00:00+00:00,52.64,52.7,52.64,52.68,8319.663086
2026-07-29T23:05:00+00:00,52.69,52.78,52.69,52.7404,56391.376157
2026-07-29T23:10:00+00:00,52.78,52.84,52.73,52.84,36957.437002
2026-07-29T23:15:00+00:00,52.7726,52.8,52.68,52.68,15331.702189
2026-07-29T23:20:00+00:00,52.65,52.68,52.65,52.68,2526.0
2026-07-29T23:25:00+00:00,52.76,52.76,52.67,52.72,3664.335876
2026-07-29T23:30:00+00:00,52.69,52.74,52.65,52.6888,12214.176797
2026-07-29T23:35:00+00:00,52.644,52.7,52.644,52.66,1866.342977
2026-07-29T23:40:00+00:00,52.6984,52.75,52.6984,52.75,7303.0
2026-07-29T23:45:00+00:00,52.718,52.72,52.6139,52.622,3810.279294
2026-07-29T23:50:00+00:00,52.6786,52.77,52.6786,52.77,20637.0
2026-07-29T23:55:00+00:00,52.72,52.75,52.52,52.52,7513.13
2026-07-30T00:00:00+00:00,52.62,52.6641,52.54,52.6469,29774.05
2026-07-30T08:05:00+00:00,51.52,52.01,51.47,51.65,202991.52421200002
2026-07-30T08:10:00+00:00,51.63,51.82,51.63,51.82,5774.0
2026-07-30T08:15:00+00:00,51.82,51.86,51.8,51.84,5591.0
2026-07-30T08:20:00+00:00,51.82,51.9,51.82,51.87,3179.584045
2026-07-30T08:25:00+00:00,51.92,52.06,51.92,52.01,4138.468483000001
2026-07-30T08:30:00+00:00,52.01,52.23,52.01,52.21,8896.391187000001
2026-07-30T08:35:00+00:00,52.2,52.28,52.2,52.22,16486.202829
2026-07-30T08:40:00+00:00,52.22,52.22,52.1,52.1,17825.0
2026-07-30T08:45:00+00:00,52.1,52.1,52.01,52.07,1719.932448
2026-07-30T08:50:00+00:00,52.06,52.1,52.06,52.1,2472.72773
2026-07-30T08:55:00+00:00,52.01,52.04,51.99,52.0,11899.0
2026-07-30T09:00:00+00:00,51.99,52.06,51.99,52.04,7189.0
2026-07-30T09:05:00+00:00,52.07,52.23,52.07,52.23,5612.920396
2026-07-30T09:10:00+00:00,52.21,52.22,52.2,52.2,4451.0
2026-07-30T09:15:00+00:00,52.17,52.23,52.17,52.2,2824.9714649999996
2026-07-30T09:20:00+00:00,52.15,52.15,52.15,52.15,223.286673
2026-07-30T09:25:00+00:00,52.2,52.3,52.2,52.23,10510.161
2026-07-30T09:30:00+00:00,52.25,52.26,52.19,52.19,3063.0
2026-07-30T09:35:00+00:00,52.19,52.2,52.14,52.2,3796.8097820000003
2026-07-30T09:40:00+00:00,52.21,52.35,52.19,52.25,32172.52
2026-07-30T09:50:00+00:00,52.28,52.32,52.25,52.32,1850.247199
2026-07-30T09:55:00+00:00,52.33,52.37,52.32,52.32,6365.0
2026-07-30T10:00:00+00:00,52.25,52.25,52.25,52.25,287.0
2026-07-30T10:05:00+00:00,52.17,52.26,52.17,52.25,2324.202385
2026-07-30T10:10:00+00:00,52.21,52.36,52.21,52.35,7384.811844
2026-07-30T10:15:00+00:00,52.25,52.27,52.21,52.27,1101.0
2026-07-30T10:20:00+00:00,52.26,52.43,52.26,52.43,9859.08
2026-07-30T10:25:00+00:00,52.48,52.5,52.45,52.5,5410.0745320000005
2026-07-30T10:30:00+00:00,52.5,52.5,52.48,52.5,3965.0722379999997
2026-07-30T10:35:00+00:00,52.47,52.59,52.47,52.5301,11403.482788000001
2026-07-30T10:40:00+00:00,52.59,52.59,52.51,52.53,6581.0
2026-07-30T10:45:00+00:00,52.52,52.592,52.52,52.59,5738.509411999999
2026-07-30T10:50:00+00:00,52.64,52.65,52.63,52.63,3014.0674959999997
2026-07-30T10:55:00+00:00,52.6,52.6,52.51,52.53,3137.5737400000003
2026-07-30T11:00:00+00:00,52.51,52.52,52.46,52.46,4178.066631
2026-07-30T11:05:00+00:00,52.465,52.51,52.4,52.45,28751.595212
2026-07-30T11:10:00+00:00,52.4699,52.51,52.43,52.46,11063.343113
2026-07-30T11:15:00+00:00,52.46,52.5,52.41,52.41,3541.076219
2026-07-30T11:20:00+00:00,52.44,52.49,52.44,52.4597,3551.2717570000004
2026-07-30T11:25:00+00:00,52.3901,52.52,52.3901,52.52,8398.380681
2026-07-30T11:30:00+00:00,52.51,52.51,52.43,52.46,5875.309148
2026-07-30T11:35:00+00:00,52.43,52.47,52.42,52.4596,11886.638439
2026-07-30T11:40:00+00:00,52.4262,52.46,52.4262,52.45,8757.720117
2026-07-30T11:45:00+00:00,52.44,52.49,52.43,52.49,3496.680152
2026-07-30T11:50:00+00:00,52.47,52.47,52.43,52.47,1845.092612
2026-07-30T11:55:00+00:00,52.47,52.54,52.47,52.54,3251.761
2026-07-30T12:00:00+00:00,52.51,52.53,52.49,52.51,4798.297866999999
2026-07-30T12:05:00+00:00,52.5,52.55,52.46,52.55,11525.974332000002
2026-07-30T12:10:00+00:00,52.6,52.6399,52.56,52.61,8926.948259
2026-07-30T12:15:00+00:00,52.57,52.7,52.51,52.7,29086.561023000002
2026-07-30T12:20:00+00:00,52.67,52.67,52.51,52.52,15279.31704
2026-07-30T12:25:00+00:00,52.51,52.51,52.4099,52.4785,7813.591072
2026-07-30T12:30:00+00:00,52.52,52.61,52.52,52.54,6082.607722
2026-07-30T12:35:00+00:00,52.55,52.68,52.34,52.3909,87397.786748
2026-07-30T12:40:00+00:00,52.39,52.48,52.3696,52.4123,13419.134229000001
2026-07-30T12:45:00+00:00,52.46,52.53,52.3721,52.3721,15794.097636999999
2026-07-30T12:50:00+00:00,52.3809,52.4105,52.33,52.3629,8255.682197
2026-07-30T12:55:00+00:00,52.39,52.44,52.29,52.4385,26614.599662
2026-07-30T13:00:00+00:00,52.39,52.5,52.37,52.4,11707.483858
2026-07-30T13:05:00+00:00,52.36,52.45,52.24,52.2501,72513.01153799999
2026-07-30T13:10:00+00:00,52.28,52.5,52.24,52.45,61299.199237
2026-07-30T13:15:00+00:00,52.43,52.47,52.3703,52.47,15210.897545
2026-07-30T13:20:00+00:00,52.5,52.5,52.26,52.26,7862.703544999999
2026-07-30T13:25:00+00:00,52.27,52.43,52.25,52.4115,10767.912255
2026-07-30T13:30:00+00:00,52.42,52.42,52.27,52.34,6299.093631
2026-07-30T13:35:00+00:00,52.35,52.375,52.23,52.24,680898.39281
2026-07-30T13:40:00+00:00,52.24,52.68,52.205,52.555,530514.610765
2026-07-30T13:45:00+00:00,52.57,52.615,52.43,52.44,265878.981324
2026-07-30T13:50:00+00:00,52.45,52.665,52.35,52.56,294729.931464
2026-07-30T13:55:00+00:00,52.565,52.745,52.525,52.72,321553.477295
2026-07-30T14:00:00+00:00,52.72,52.895,52.7,52.88,332506.17539
2026-07-30T14:05:00+00:00,52.87,52.975,52.82,52.825,364733.84783800005
2026-07-30T14:10:00+00:00,52.82,52.835,52.48,52.56,314693.598618
2026-07-30T14:15:00+00:00,52.55,52.595,52.5,52.54,180524.68112599998
2026-07-30T14:20:00+00:00,52.52,52.5781,52.395,52.43,453567.01789799996
2026-07-30T14:25:00+00:00,52.43,52.62,52.38,52.435,265752.65009999997
2026-07-30T14:30:00+00:00,52.4201,52.5277,52.34,52.5277,163964.29939899998
2026-07-30T14:35:00+00:00,52.53,52.635,52.5,52.59,142007.016131
2026-07-30T14:40:00+00:00,52.585,52.75,52.5777,52.73,142836.413053
2026-07-30T14:45:00+00:00,52.73,52.815,52.72,52.785,230338.09337
2026-07-30T14:50:00+00:00,52.79,52.805,52.61,52.64,145202.07986500004
2026-07-30T14:55:00+00:00,52.635,52.675,52.56,52.61,80891.98451
2026-07-30T15:00:00+00:00,52.61,52.7055,52.56,52.7055,128278.159349
2026-07-30T15:05:00+00:00,52.7,52.745,52.65,52.7101,107733.112362
2026-07-30T15:10:00+00:00,52.71,52.715,52.57,52.64,148709.81017900002
2026-07-30T15:15:00+00:00,52.63,52.63,52.455,52.505,158007.815938
2026-07-30T15:20:00+00:00,52.485,52.82,52.48,52.805,106711.861916
2026-07-30T15:25:00+00:00,52.8099,52.88,52.725,52.755,86015.70950499999
2026-07-30T15:30:00+00:00,52.76,52.805,52.7,52.7625,38238.130763
2026-07-30T15:35:00+00:00,52.765,52.8599,52.6999,52.85,127759.94309999999
2026-07-30T15:40:00+00:00,52.84,52.855,52.765,52.815,142419.824388
2026-07-30T15:45:00+00:00,52.81,52.94,52.81,52.9,86918.49724299999
2026-07-30T15:50:00+00:00,52.905,52.97,52.875,52.93,100689.613435
2026-07-30T15:55:00+00:00,52.9218,52.935,52.88,52.93,82235.12153
2026-07-30T16:00:00+00:00,52.935,52.99,52.93,52.945,101049.70392900001
2026-07-30T16:05:00+00:00,52.95,53.245,52.95,53.24,279916.022454
2026-07-30T16:10:00+00:00,53.24,53.24,53.09,53.1046,230723.052745
2026-07-30T16:15:00+00:00,53.085,53.19,53.05,53.155,133574.19591900002
2026-07-30T16:20:00+00:00,53.155,53.25,53.12,53.2,128644.287985
2026-07-30T16:25:00+00:00,53.185,53.2772,53.145,53.26,111209.569998
2026-07-30T16:30:00+00:00,53.265,53.265,53.16,53.175,127391.082949
2026-07-30T16:35:00+00:00,53.18,53.185,53.105,53.1139,96493.938887
2026-07-30T16:40:00+00:00,53.125,53.16,53.045,53.065,63968.421934
2026-07-30T16:45:00+00:00,53.075,53.11,52.995,52.995,114302.899208
2026-07-30T16:50:00+00:00,52.995,53.015,52.945,53.005,97997.182806
2026-07-30T16:55:00+00:00,53.015,53.015,52.925,52.955,106311.08011899999
2026-07-30T17:00:00+00:00,52.9599,53.065,52.955,53.065,83609.04207299999
2026-07-30T17:05:00+00:00,53.065,53.075,52.995,53.01,106324.804734
2026-07-30T17:10:00+00:00,53.005,53.025,52.965,52.975,61401.904748
2026-07-30T17:15:00+00:00,52.985,53.015,52.93,52.94,121724.104208
2026-07-30T17:20:00+00:00,52.94,53.025,52.9,53.0177,56750.226540999996
2026-07-30T17:25:00+00:00,53.02,53.15,53.02,53.135,138250.82415
2026-07-30T17:30:00+00:00,53.135,53.135,52.99,53.02,80823.942597
2026-07-30T17:35:00+00:00,53.03,53.06,53.002,53.005,64921.68046799999
2026-07-30T17:40:00+00:00,53.01,53.195,52.995,53.085,111538.559107
2026-07-30T17:45:00+00:00,53.09,53.165,53.09,53.155,82107.67546
2026-07-30T17:50:00+00:00,53.16,53.1999,53.105,53.105,66160.39994599999
2026-07-30T17:55:00+00:00,53.1,53.13,53.075,53.08,52770.970262
2026-07-30T18:00:00+00:00,53.075,53.1,53.05,53.09,53941.181411
2026-07-30T18:05:00+00:00,53.1,53.165,53.09,53.135,49656.213092
2026-07-30T18:10:00+00:00,53.1301,53.215,53.12,53.185,77378.005588
2026-07-30T18:15:00+00:00,53.185,53.245,53.16,53.24,102757.411375
2026-07-30T18:20:00+00:00,53.235,53.24,53.18,53.185,68669.657494
2026-07-30T18:25:00+00:00,53.18,53.215,53.15,53.1601,115202.240691
2026-07-30T18:30:00+00:00,53.165,53.215,53.1301,53.19,50734.965214
2026-07-30T18:35:00+00:00,53.2,53.31,53.18,53.29,81619.66658700001
2026-07-30T18:40:00+00:00,53.285,53.29,53.2,53.205,67406.333442
2026-07-30T18:45:00+00:00,53.2,53.23,53.19,53.23,92558.86478500001
2026-07-30T18:50:00+00:00,53.225,53.24,53.155,53.155,471075.00304499996
2026-07-30T18:55:00+00:00,53.1599,53.2,53.1599,53.165,157593.423051
2026-07-30T19:00:00+00:00,53.17,53.2,53.155,53.1788,73582.731383
2026-07-30T19:05:00+00:00,53.17,53.295,53.16,53.29,209522.477542
2026-07-30T19:10:00+00:00,53.295,53.34,53.28,53.335,157026.53849900002
2026-07-30T19:15:00+00:00,53.34,53.39,53.315,53.365,199284.280552
2026-07-30T19:20:00+00:00,53.37,53.55,53.315,53.4701,223247.304857
2026-07-30T19:25:00+00:00,53.47,53.495,53.435,53.495,253114.46285399998
2026-07-30T19:30:00+00:00,53.49,53.55,53.47,53.4899,185969.806422
2026-07-30T19:35:00+00:00,53.48,53.55,53.47,53.54,185760.609694
2026-07-30T19:40:00+00:00,53.54,53.545,53.415,53.445,195299.681757
2026-07-30T19:45:00+00:00,53.45,53.5,53.4423,53.465,161568.0414
2026-07-30T19:50:00+00:00,53.465,53.5,53.465,53.495,178478.732744
2026-07-30T19:55:00+00:00,53.49,53.5099,53.46,53.485,279226.795645
2026-07-30T20:00:00+00:00,53.48,53.52,53.48,53.5,474859.377021
2026-07-30T20:05:00+00:00,53.49,53.59,53.4813,53.59,260225.555298
2026-07-30T20:10:00+00:00,53.57,53.6,53.53,53.53,36469.115023000006
2026-07-30T20:15:00+00:00,53.58,53.5879,53.521,53.5499,25150.316973
2026-07-30T20:20:00+00:00,53.53,53.56,53.521,53.5554,4887.077977
2026-07-30T20:25:00+00:00,53.51,53.53,53.491,53.5,5140.168469
2026-07-30T20:30:00+00:00,53.5131,53.5215,53.47,53.47,3845.5232379999998
2026-07-30T20:35:00+00:00,53.4799,53.4799,53.3746,53.44,48258.08534800001
2026-07-30T20:40:00+00:00,53.43,53.44,53.4,53.4,6973.872522
2026-07-30T20:45:00+00:00,53.4,53.4,53.36,53.36,1470.166314
2026-07-30T20:50:00+00:00,53.32,53.34,53.25,53.34,30405.995646000003
2026-07-30T20:55:00+00:00,53.2821,53.3171,53.2301,53.29,7584.937483
2026-07-30T21:00:00+00:00,53.24,53.32,53.24,53.32,1010.1125480000001
2026-07-30T21:05:00+00:00,53.32,53.33,53.29,53.322,1960.367924
2026-07-30T21:10:00+00:00,53.3271,53.3626,53.3154,53.3626,2961.9372059999996
2026-07-30T21:15:00+00:00,53.32,53.3744,53.31,53.31,2905.313529
2026-07-30T21:20:00+00:00,53.3104,53.345,53.31,53.318,1453.922552
2026-07-30T21:25:00+00:00,53.3208,53.3744,53.31,53.31,5364.4214950000005
2026-07-30T21:30:00+00:00,53.2904,53.32,53.29,53.32,2213.016864
2026-07-30T21:35:00+00:00,53.2919,53.35,53.2919,53.35,1087.224929
2026-07-30T21:40:00+00:00,53.33,53.33,53.3,53.3,214.0
2026-07-30T21:45:00+00:00,53.29,53.34,53.29,53.34,1663.938086
2026-07-30T21:50:00+00:00,53.2901,53.2901,53.2901,53.2901,523.129
2026-07-30T21:55:00+00:00,53.31,53.31,53.31,53.31,536.093738
2026-07-30T22:00:00+00:00,53.29,53.29,53.28,53.28,1089.125492
2026-07-30T22:05:00+00:00,53.32,53.38,53.28,53.38,1803.318561
2026-07-30T22:10:00+00:00,53.37,53.37,53.34,53.36,2450.193706
2026-07-30T22:15:00+00:00,53.37,53.3988,53.34,53.34,736.0
2026-07-30T22:20:00+00:00,53.3956,53.3982,53.3956,53.3982,745.187275
2026-07-30T22:25:00+00:00,53.3951,53.3951,53.3361,53.37,979.503907
2026-07-30T22:30:00+00:00,53.34,53.38,53.34,53.38,2223.266459
2026-07-30T22:35:00+00:00,53.35,53.38,53.34,53.35,1500.720069
2026-07-30T22:40:00+00:00,53.38,53.38,53.38,53.38,493.485009
2026-07-30T22:45:00+00:00,53.399,53.4,53.399,53.3999,2674.0
2026-07-30T22:50:00+00:00,53.4,53.439,53.3662,53.439,3958.72119
2026-07-30T22:55:00+00:00,53.4,53.44,53.4,53.44,892.871415
2026-07-30T23:00:00+00:00,53.4078,53.4352,53.3666,53.4,1647.05144
2026-07-30T23:05:00+00:00,53.44,53.44,53.44,53.44,446.0
2026-07-30T23:10:00+00:00,53.39,53.44,53.39,53.44,649.422219
2026-07-30T23:15:00+00:00,53.4,53.4,53.34,53.34,4358.594527
2026-07-30T23:20:00+00:00,53.33,53.33,53.3,53.3,1373.545423
2026-07-30T23:25:00+00:00,53.3338,53.4,53.3062,53.39,17796.289202
2026-07-30T23:30:00+00:00,53.3605,53.3605,53.3605,53.3605,129.0
2026-07-30T23:40:00+00:00,53.35,53.38,53.35,53.38,481.0
2026-07-30T23:45:00+00:00,53.4,53.4,53.4,53.4,1628.0
2026-07-30T23:50:00+00:00,53.44,53.5,53.44,53.4831,1294.0
2026-07-30T23:55:00+00:00,53.41,53.4541,53.3603,53.3603,1942.327789
2026-07-31T00:00:00+00:00,53.435,53.435,53.43,53.43,468.0
2026-07-31T08:05:00+00:00,52.66,53.11,52.47,52.65,103738.311273
2026-07-31T08:10:00+00:00,52.54,52.599,52.51,52.599,4221.966262
2026-07-31T08:15:00+00:00,52.58,52.58,52.58,52.58,525.0
2026-07-31T08:20:00+00:00,52.6,52.63,52.57,52.63,2026.790677
2026-07-31T08:25:00+00:00,52.6685,52.6685,52.6,52.6,1137.001105
2026-07-31T08:30:00+00:00,52.56,52.56,52.46,52.49,19020.059047000002
2026-07-31T08:35:00+00:00,52.47,52.49,52.41,52.41,9398.120534
2026-07-31T08:40:00+00:00,52.51,52.55,52.5,52.52,3300.993814
2026-07-31T08:45:00+00:00,52.54,52.57,52.52,52.52,4163.0
2026-07-31T08:50:00+00:00,52.5,52.6,52.5,52.57,2171.4575640000003
2026-07-31T08:55:00+00:00,52.57,52.57,52.5,52.5,3254.0
2026-07-31T09:00:00+00:00,52.55,52.6,52.54,52.56,7791.6
2026-07-31T09:05:00+00:00,52.55,52.58,52.47,52.47,4443.557914
2026-07-31T09:10:00+00:00,52.47,52.5,52.43,52.49,8564.742669000001
2026-07-31T09:15:00+00:00,52.47,52.52,52.44,52.5,6112.305837
2026-07-31T09:20:00+00:00,52.5,52.51,52.46,52.5,4995.722626
2026-07-31T09:25:00+00:00,52.48,52.52,52.41,52.41,6712.815893
2026-07-31T09:30:00+00:00,52.41,52.46,52.4,52.45,3164.799771
2026-07-31T09:35:00+00:00,52.43,52.43,52.4,52.4,975.0
2026-07-31T09:40:00+00:00,52.35,52.37,52.33,52.36,7085.890669
2026-07-31T09:45:00+00:00,52.43,52.43,52.43,52.43,400.0
2026-07-31T09:50:00+00:00,52.4261,52.45,52.4,52.45,2629.904188
2026-07-31T09:55:00+00:00,52.45,52.45,52.44,52.44,949.0
2026-07-31T10:00:00+00:00,52.43,52.43,52.38,52.38,2603.0
2026-07-31T10:05:00+00:00,52.39,52.43,52.39,52.41,6653.595948
2026-07-31T10:10:00+00:00,52.44,52.45,52.44,52.45,1451.409659
2026-07-31T10:15:00+00:00,52.43,52.43,52.41,52.43,1691.0
2026-07-31T10:20:00+00:00,52.42,52.42,52.36,52.38,5257.552156
2026-07-31T10:25:00+00:00,52.39,52.43,52.39,52.4,2272.312607
2026-07-31T10:30:00+00:00,52.4,52.4,52.4,52.4,340.0
2026-07-31T10:35:00+00:00,52.41,52.43,52.4,52.43,1345.0
2026-07-31T10:40:00+00:00,52.42,52.42,52.37,52.37,3026.55
2026-07-31T10:45:00+00:00,52.41,52.44,52.41,52.44,4350.1
2026-07-31T10:50:00+00:00,52.46,52.46,52.45,52.45,571.180723
2026-07-31T10:55:00+00:00,52.43,52.44,52.42,52.43,3388.555069
2026-07-31T11:00:00+00:00,52.4,52.41,52.29,52.32,10956.0
2026-07-31T11:05:00+00:00,52.32,52.3297,52.17,52.26,45484.721245
2026-07-31T11:10:00+00:00,52.28,52.39,52.25,52.39,10587.060465999999
2026-07-31T11:15:00+00:00,52.4,52.42,52.38,52.38,3353.896571
2026-07-31T11:20:00+00:00,52.39,52.42,52.31,52.37,13771.678995
2026-07-31T11:25:00+00:00,52.38,52.44,52.36,52.44,8260.489324
2026-07-31T11:30:00+00:00,52.43,52.44,52.3844,52.3844,7846.344278
2026-07-31T11:35:00+00:00,52.35,52.3799,52.28,52.29,18718.353273
2026-07-31T11:40:00+00:00,52.31,52.31,52.1865,52.22,26661.190216
2026-07-31T11:45:00+00:00,52.209,52.209,52.12,52.15,11374.228402
2026-07-31T11:50:00+00:00,52.1598,52.1796,52.14,52.1695,15705.374702000001
2026-07-31T11:55:00+00:00,52.17,52.3,52.17,52.3,9379.598417000001
2026-07-31T12:00:00+00:00,52.3,52.3,52.2799,52.2799,17430.401617
2026-07-31T12:05:00+00:00,52.2796,52.32,52.24,52.32,4871.192374
2026-07-31T12:10:00+00:00,52.3103,52.34,52.23,52.23,6388.330933000001
2026-07-31T12:15:00+00:00,52.2498,52.2798,52.17,52.2798,15702.5184
2026-07-31T12:20:00+00:00,52.25,52.25,52.19,52.23,8570.372564000001
2026-07-31T12:25:00+00:00,52.25,52.3,52.08,52.16,12144.854997
2026-07-31T12:30:00+00:00,52.19,52.19,52.1,52.11,19429.512465
2026-07-31T12:35:00+00:00,52.08,52.23,51.99,52.16,48348.110121000005
2026-07-31T12:40:00+00:00,52.15,52.2,52.1,52.1201,15690.225193999999
2026-07-31T12:45:00+00:00,52.11,52.17,52.11,52.15,29086.115471
2026-07-31T12:50:00+00:00,52.14,52.15,52.1,52.1169,6114.302823
2026-07-31T12:55:00+00:00,52.11,52.2098,52.1099,52.1763,29350.839947
2026-07-31T13:00:00+00:00,52.19,52.19,52.07,52.07,44875.325495000005
2026-07-31T13:05:00+00:00,52.09,52.12,51.77,51.89,114502.855571
2026-07-31T13:10:00+00:00,51.83,52.0,51.82,51.91,42580.776491
2026-07-31T13:15:00+00:00,51.92,51.9797,51.77,51.79,41626.838279
2026-07-31T13:20:00+00:00,51.7839,51.8899,51.7839,51.85,27081.711722
2026-07-31T13:25:00+00:00,51.82,51.99,51.5,51.97,235229.33675
2026-07-31T13:30:00+00:00,51.96,51.99,51.91,51.9896,20924.864221
2026-07-31T13:35:00+00:00,51.95,51.99,51.79,51.825,572457.619881
2026-07-31T13:40:00+00:00,51.82,51.865,51.64,51.665,366441.282794
2026-07-31T13:45:00+00:00,51.67,51.7,51.585,51.675,339565.30783
2026-07-31T13:50:00+00:00,51.67,51.7,51.615,51.675,245401.624364
2026-07-31T13:55:00+00:00,51.67,51.78,51.64,51.765,225937.102213
2026-07-31T14:00:00+00:00,51.76,51.84,51.69,51.69,162599.985086
2026-07-31T14:05:00+00:00,51.69,51.85,51.685,51.805,240353.17348100003
2026-07-31T14:10:00+00:00,51.81,51.81,51.54,51.605,327518.05263199995
2026-07-31T14:15:00+00:00,51.61,51.72,51.59,51.7181,158621.013589
2026-07-31T14:20:00+00:00,51.725,51.82,51.66,51.775,199495.012974
2026-07-31T14:25:00+00:00,51.775,51.885,51.74,51.84,224775.155775
2026-07-31T14:30:00+00:00,51.8481,51.9,51.81,51.84,161285.09975300002
2026-07-31T14:35:00+00:00,51.84,51.915,51.805,51.885,160596.918821
2026-07-31T14:40:00+00:00,51.885,51.96,51.88,51.9361,125631.44515300001
2026-07-31T14:45:00+00:00,51.94,51.96,51.89,51.94,85012.236989
2026-07-31T14:50:00+00:00,51.94,52.12,51.94,52.085,193763.28556999998
2026-07-31T14:55:00+00:00,52.085,52.145,52.025,52.045,191860.551058
2026-07-31T15:00:00+00:00,52.045,52.085,51.98,51.985,269559.116491
2026-07-31T15:05:00+00:00,51.99,52.01,51.8951,51.935,99869.007179
2026-07-31T15:10:00+00:00,51.935,52.07,51.9219,52.01,185118.797819
2026-07-31T15:15:00+00:00,52.005,52.045,51.93,52.03,108384.948488
2026-07-31T15:20:00+00:00,52.02,52.1417,51.95,52.0,113185.116126
2026-07-31T15:25:00+00:00,52.0,52.03,51.885,51.905,129601.87776999999
2026-07-31T15:30:00+00:00,51.9,51.935,51.815,51.84,88047.358629
2026-07-31T15:35:00+00:00,51.84,51.885,51.745,51.81,109358.541907
2026-07-31T15:40:00+00:00,51.81,51.95,51.79,51.935,169321.57087599998
2026-07-31T15:45:00+00:00,51.94,51.9651,51.885,51.9022,79506.23074199999
2026-07-31T15:50:00+00:00,51.905,51.92,51.84,51.865,84680.611349
2026-07-31T15:55:00+00:00,51.865,51.98,51.85,51.98,57661.678429
2026-07-31T16:00:00+00:00,51.99,51.995,51.94,51.955,53236.265954
2026-07-31T16:05:00+00:00,51.95,51.97,51.915,51.93,41920.673422
2026-07-31T16:10:00+00:00,51.9251,51.935,51.8319,51.92,67401.244945
2026-07-31T16:15:00+00:00,51.91,51.95,51.895,51.919,62762.411035
2026-07-31T16:20:00+00:00,51.92,51.935,51.86,51.92,37734.205708
2026-07-31T16:25:00+00:00,51.925,52.005,51.915,51.99,67915.888863
2026-07-31T16:30:00+00:00,51.9901,52.005,51.935,51.985,83962.53631899999
2026-07-31T16:35:00+00:00,51.99,52.07,51.965,52.0623,87387.106552
2026-07-31T16:40:00+00:00,52.0665,52.095,52.03,52.04,116419.832848
2026-07-31T16:45:00+00:00,52.035,52.0577,51.915,51.9219,81505.384504
2026-07-31T16:50:00+00:00,51.91,51.9599,51.91,51.945,39385.509373
2026-07-31T16:55:00+00:00,51.945,51.99,51.94,51.9425,77554.908955
2026-07-31T17:00:00+00:00,51.95,51.975,51.94,51.945,41065.964008
2026-07-31T17:05:00+00:00,51.95,51.99,51.905,51.915,57747.497637
2026-07-31T17:10:00+00:00,51.915,51.95,51.88,51.8951,46807.691271
2026-07-31T17:15:00+00:00,51.8967,52.015,51.8845,52.015,47025.437293
2026-07-31T17:20:00+00:00,52.015,52.0781,51.99,52.07,63939.014536
2026-07-31T17:25:00+00:00,52.075,52.09,52.005,52.08,77357.076998
2026-07-31T17:30:00+00:00,52.07,52.265,52.0399,52.2147,205311.681218
2026-07-31T17:35:00+00:00,52.21,52.33,52.19,52.1941,130708.07193900002
2026-07-31T17:40:00+00:00,52.1971,52.27,52.185,52.225,95337.413243
2026-07-31T17:45:00+00:00,52.235,52.27,52.1901,52.255,89630.623
2026-07-31T17:50:00+00:00,52.255,52.305,52.215,52.275,48065.73592200001
2026-07-31T17:55:00+00:00,52.27,52.35,52.265,52.295,63735.290143
2026-07-31T18:00:00+00:00,52.2801,52.3399,52.28,52.305,70864.72911700001
2026-07-31T18:05:00+00:00,52.31,52.35,52.28,52.29,36167.642572000004
2026-07-31T18:10:00+00:00,52.27,52.3,52.235,52.27,31191.071948
2026-07-31T18:15:00+00:00,52.2751,52.2799,52.23,52.25,44464.371515
2026-07-31T18:20:00+00:00,52.25,52.26,52.22,52.255,63504.570526999996
2026-07-31T18:25:00+00:00,52.2501,52.325,52.235,52.325,73242.402268
2026-07-31T18:30:00+00:00,52.325,52.33,52.27,52.29,89746.29576
2026-07-31T18:35:00+00:00,52.295,52.32,52.25,52.26,191713.03867
2026-07-31T18:40:00+00:00,52.265,52.3499,52.24,52.335,72079.26506599999
2026-07-31T18:45:00+00:00,52.3451,52.35,52.31,52.31,41071.816267
2026-07-31T18:50:00+00:00,52.315,52.3381,52.285,52.33,42431.805976999996
2026-07-31T18:55:00+00:00,52.33,52.37,52.32,52.36,32599.077080999996
2026-07-31T19:00:00+00:00,52.36,52.365,52.33,52.3565,55198.969323
2026-07-31T19:05:00+00:00,52.36,52.415,52.3,52.315,60291.941891999995
2026-07-31T19:10:00+00:00,52.31,52.34,52.295,52.33,39885.826102
2026-07-31T19:15:00+00:00,52.335,52.345,52.31,52.34,28643.26898
2026-07-31T19:20:00+00:00,52.345,52.385,52.3213,52.38,41132.299888
2026-07-31T19:25:00+00:00,52.385,52.3951,52.36,52.365,75890.407653
2026-07-31T19:30:00+00:00,52.365,52.4,52.3599,52.375,54699.037334
2026-07-31T19:35:00+00:00,52.375,52.385,52.3301,52.358,84210.953429
2026-07-31T19:40:00+00:00,52.36,52.37,52.28,52.295,129287.678281
2026-07-31T19:45:00+00:00,52.295,52.38,52.26,52.375,379758.24428299995
2026-07-31T19:50:00+00:00,52.37,52.41,52.35,52.39,166996.597701
2026-07-31T19:55:00+00:00,52.39,52.395,52.33,52.365,194435.05815700002
2026-07-31T20:00:00+00:00,52.37,52.405,52.33,52.36,586528.662085
2026-07-31T20:05:00+00:00,52.37,52.38,52.264,52.284,8147.439549000001
2026-07-31T20:10:00+00:00,52.2771,52.2771,52.1646,52.2354,23320.135491
2026-07-31T20:15:00+00:00,52.2398,52.2473,52.2119,52.22,9349.097009000001
2026-07-31T20:20:00+00:00,52.2369,52.2369,52.22,52.2302,3382.941874
2026-07-31T20:25:00+00:00,52.25,52.25,52.25,52.25,1318.0
2026-07-31T20:30:00+00:00,52.2669,52.2669,52.22,52.22,8173.342000000001
2026-07-31T20:35:00+00:00,52.22,52.3058,52.22,52.3,11312.0
2026-07-31T20:40:00+00:00,52.3,52.33,52.3,52.3079,2358.530231
2026-07-31T20:45:00+00:00,52.2844,52.2844,52.2844,52.2844,177.39535
2026-07-31T20:50:00+00:00,52.21,52.21,52.21,52.21,121.195985
2026-07-31T20:55:00+00:00,52.3233,52.3233,52.1,52.1138,20413.284015
2026-07-31T21:00:00+00:00,52.06,52.11,52.05,52.06,5739.0
2026-07-31T21:05:00+00:00,52.09,52.27,52.02,52.02,9088.70515
2026-07-31T21:10:00+00:00,52.089,52.0945,52.08,52.0945,779.984971
2026-07-31T21:15:00+00:00,52.1,52.1,52.1,52.1,167.0
2026-07-31T21:20:00+00:00,52.04,52.0593,52.04,52.0593,6535.907389
2026-07-31T21:25:00+00:00,52.08,52.1,52.08,52.1,267.018947
2026-07-31T21:30:00+00:00,52.1035,52.11,52.08,52.11,780.0
2026-07-31T21:35:00+00:00,52.09,52.09,52.06,52.07,6097.0
2026-07-31T21:40:00+00:00,52.1,52.11,52.0516,52.07,1356.953
2026-07-31T21:45:00+00:00,52.0672,52.0672,52.02,52.05,4220.04803
2026-07-31T21:50:00+00:00,52.1,52.1,52.04,52.07,1163.889823
2026-07-31T21:55:00+00:00,52.11,52.11,52.07,52.07,1233.0
2026-07-31T22:00:00+00:00,52.04,52.06,52.04,52.06,813.469074
2026-07-31T22:05:00+00:00,52.07,52.07,52.07,52.07,815.579
2026-07-31T22:10:00+00:00,52.06,52.07,52.06,52.07,1136.12057
2026-07-31T22:15:00+00:00,52.1058,52.1058,52.01,52.0242,2758.879513
2026-07-31T22:20:00+00:00,52.0692,52.0692,52.01,52.01,603.3
2026-07-31T22:25:00+00:00,52.03,52.0312,52.0,52.0117,8877.0
2026-07-31T22:35:00+00:00,52.1051,52.1051,52.1051,52.1051,1031.0
2026-07-31T22:40:00+00:00,52.04,52.04,52.04,52.04,142.009835
2026-07-31T22:45:00+00:00,52.04,52.04,52.04,52.04,172.350762
2026-07-31T22:50:00+00:00,52.04,52.07,52.04,52.04,1073.851369
2026-07-31T22:55:00+00:00,52.0654,52.07,52.04,52.07,1051.8
2026-07-31T23:00:00+00:00,52.07,52.11,52.0699,52.11,13794.0865
2026-07-31T23:05:00+00:00,52.11,52.11,52.0457,52.11,6102.561989
2026-07-31T23:15:00+00:00,52.12,52.12,52.12,52.12,200.0
2026-07-31T23:25:00+00:00,52.17,52.17,52.15,52.15,1263.257255
2026-07-31T23:30:00+00:00,52.1497,52.1497,52.1497,52.1497,351.779156
2026-07-31T23:35:00+00:00,52.14,52.15,52.14,52.15,1229.986821
2026-07-31T23:40:00+00:00,52.13,52.13,52.13,52.13,112.821366
2026-07-31T23:45:00+00:00,52.13,52.15,52.11,52.15,2071.0
2026-07-31T23:50:00+00:00,52.1601,52.19,52.14,52.19,1357.0
2026-07-31T23:55:00+00:00,52.1354,52.14,52.1354,52.14,1341.204084
2026-08-01T00:00:00+00:00,52.15,52.2,52.11,52.11,10221.471538
2026-08-03T08:05:00+00:00,52.68,52.96,52.24,52.61,300867.287564
2026-08-03T08:10:00+00:00,52.62,52.95,52.58,52.6,2565.0
2026-08-03T08:15:00+00:00,52.64,52.67,52.63,52.66,3069.220585
2026-08-03T08:20:00+00:00,52.62,52.62,52.58,52.58,509.0
2026-08-03T08:25:00+00:00,52.58,52.6,52.57,52.6,3815.119437
2026-08-03T08:30:00+00:00,52.64,52.64,52.6,52.6,1025.500728
2026-08-03T08:35:00+00:00,52.62,52.62,52.58,52.58,806.0
2026-08-03T08:40:00+00:00,52.6,52.67,52.6,52.67,333.0
2026-08-03T08:45:00+00:00,52.74,52.75,52.74,52.74,15075.0
2026-08-03T08:50:00+00:00,52.7,52.73,52.7,52.72,601.589964
2026-08-03T08:55:00+00:00,52.71,52.74,52.71,52.74,10518.283519
2026-08-03T09:00:00+00:00,52.73,52.73,52.73,52.73,101.0
2026-08-03T09:05:00+00:00,52.7,52.7,52.7,52.7,635.0862
2026-08-03T09:10:00+00:00,52.69,52.69,52.69,52.69,272.109999
2026-08-03T09:15:00+00:00,52.73,52.76,52.73,52.76,6258.0
2026-08-03T09:20:00+00:00,52.74,52.77,52.6903,52.7003,64925.104118999996
2026-08-03T09:25:00+00:00,52.69,52.69,52.63,52.63,4512.211031
2026-08-03T09:35:00+00:00,52.59,52.59,52.52,52.52,4048.0
2026-08-03T09:40:00+00:00,52.5,52.57,52.5,52.53,8653.040229999999
2026-08-03T09:45:00+00:00,52.59,52.59,52.59,52.59,1811.0
2026-08-03T09:50:00+00:00,52.6,52.63,52.6,52.62,1311.31341
2026-08-03T09:55:00+00:00,52.64,52.64,52.6,52.63,3118.291607
2026-08-03T10:00:00+00:00,52.62,52.62,52.61,52.61,2082.04519
2026-08-03T10:05:00+00:00,52.61,52.61,52.59,52.59,477.0
2026-08-03T10:10:00+00:00,52.56,52.56,52.56,52.56,157.519786
2026-08-03T10:15:00+00:00,52.55,52.58,52.55,52.58,1113.0
2026-08-03T10:20:00+00:00,52.55,52.55,52.55,52.55,346.0
2026-08-03T10:25:00+00:00,52.52,52.55,52.5,52.5,1710.534204
2026-08-03T10:30:00+00:00,52.5,52.52,52.5,52.5,2184.1333329999998
2026-08-03T10:35:00+00:00,52.5,52.5,52.41,52.42,4594.0211340000005
2026-08-03T10:40:00+00:00,52.45,52.45,52.45,52.45,2251.4
2026-08-03T10:45:00+00:00,52.43,52.43,52.37,52.37,2221.0
2026-08-03T10:50:00+00:00,52.3775,52.4,52.3775,52.4,360.5
2026-08-03T10:55:00+00:00,52.36,52.37,52.33,52.35,2607.2151259999996
2026-08-03T11:00:00+00:00,52.38,52.42,52.38,52.41,3086.249649
2026-08-03T11:05:00+00:00,52.4,52.41,52.33,52.35,20016.627769
2026-08-03T11:10:00+00:00,52.37,52.3897,52.3,52.36,7595.038183
2026-08-03T11:15:00+00:00,52.38,52.39,52.35,52.38,6370.0
2026-08-03T11:20:00+00:00,52.39,52.39,52.251,52.28,13006.801438
2026-08-03T11:25:00+00:00,52.29,52.29,52.2503,52.2503,3987.111719
2026-08-03T11:30:00+00:00,52.31,52.3493,52.31,52.32,7260.665601999999
2026-08-03T11:35:00+00:00,52.2813,52.29,52.24,52.24,10429.906768
2026-08-03T11:40:00+00:00,52.22,52.29,52.2,52.25,14268.323037
2026-08-03T11:45:00+00:00,52.33,52.3501,52.3299,52.3501,2723.3121819999997
2026-08-03T11:50:00+00:00,52.34,52.44,52.31,52.44,6439.782601999999
2026-08-03T11:55:00+00:00,52.47,52.48,52.43,52.44,2815.057027
2026-08-03T12:00:00+00:00,52.43,52.46,52.43,52.44,20351.0
2026-08-03T12:05:00+00:00,52.46,52.48,52.4,52.46,8065.793373999999
2026-08-03T12:10:00+00:00,52.43,52.43,52.38,52.3801,2668.152441
2026-08-03T12:15:00+00:00,52.3707,52.39,52.21,52.26,10719.40885
2026-08-03T12:20:00+00:00,52.3,52.3,52.21,52.21,9085.731226
2026-08-03T12:25:00+00:00,52.2,52.25,52.15,52.15,25028.980701
2026-08-03T12:30:00+00:00,52.1685,52.175,52.11,52.11,28079.156471000002
2026-08-03T12:35:00+00:00,52.12,52.16,52.11,52.16,33194.84
2026-08-03T12:40:00+00:00,52.16,52.16,51.98,52.07,60574.052389000004
2026-08-03T12:45:00+00:00,52.03,52.03,51.96,51.9999,45806.286636
2026-08-03T12:50:00+00:00,52.0,52.04,51.96,51.97,10491.255423
2026-08-03T12:55:00+00:00,51.98,52.0,51.9278,51.9278,10350.273774
2026-08-03T13:00:00+00:00,51.92,52.039,51.91,51.9232,23221.061338
2026-08-03T13:05:00+00:00,52.0009,52.15,51.35,51.41,142465.953564
2026-08-03T13:10:00+00:00,51.42,51.59,51.39,51.5,44721.080049000004
2026-08-03T13:15:00+00:00,51.51,51.55,51.29,51.35,43990.802012
2026-08-03T13:20:00+00:00,51.33,51.36,51.26,51.33,88169.505798
2026-08-03T13:25:00+00:00,51.322,51.322,51.2,51.24,191916.70015999998
2026-08-03T13:30:00+00:00,51.2699,51.2699,51.17,51.24,30719.102746
2026-08-03T13:35:00+00:00,51.25,51.3,51.1305,51.19,498847.96329999994
2026-08-03T13:40:00+00:00,51.19,51.31,51.12,51.26,362876.59719599993
2026-08-03T13:45:00+00:00,51.27,51.485,51.25,51.425,314624.712957
2026-08-03T13:50:00+00:00,51.44,51.52,51.37,51.385,205990.28954
2026-08-03T13:55:00+00:00,51.39,51.5381,51.365,51.49,140190.747413
2026-08-03T14:00:00+00:00,51.49,51.6796,51.49,51.6383,169920.089932
2026-08-03T14:05:00+00:00,51.63,51.72,51.545,51.63,289836.582267
2026-08-03T14:10:00+00:00,51.625,51.7,51.585,51.61,114952.00605899999
2026-08-03T14:15:00+00:00,51.605,51.78,51.5962,51.74,120788.303313
2026-08-03T14:20:00+00:00,51.735,51.75,51.665,51.685,137841.684678
2026-08-03T14:25:00+00:00,51.68,51.735,51.66,51.68,91560.00387300001
2026-08-03T14:30:00+00:00,51.68,51.71,51.6,51.605,93322.763678
2026-08-03T14:35:00+00:00,51.605,51.645,51.58,51.6381,100431.56847099999
2026-08-03T14:40:00+00:00,51.635,51.6977,51.59,51.6,107287.030187
2026-08-03T14:45:00+00:00,51.6079,51.775,51.595,51.75,277696.068948
2026-08-03T14:50:00+00:00,51.745,51.76,51.64,51.695,87957.913311
2026-08-03T14:55:00+00:00,51.696,51.79,51.685,51.765,143494.576217
2026-08-03T15:00:00+00:00,51.7751,51.83,51.755,51.8001,129591.115291
2026-08-03T15:05:00+00:00,51.8055,51.84,51.74,51.765,65432.785662
2026-08-03T15:10:00+00:00,51.765,51.955,51.7,51.9054,181596.182702
2026-08-03T15:15:00+00:00,51.91,51.925,51.82,51.86,77020.880033
2026-08-03T15:20:00+00:00,51.86,51.93,51.835,51.885,78906.25278400001
2026-08-03T15:25:00+00:00,51.895,51.91,51.845,51.89,197471.910043
2026-08-03T15:30:00+00:00,51.88,51.89,51.685,51.745,267575.100065
2026-08-03T15:35:00+00:00,51.745,51.755,51.66,51.75,66270.075567
2026-08-03T15:40:00+00:00,51.73,51.835,51.7119,51.82,142373.81696999999
2026-08-03T15:45:00+00:00,51.825,51.895,51.815,51.86,67691.891251
2026-08-03T15:50:00+00:00,51.86,51.975,51.86,51.9433,135700.548189
2026-08-03T15:55:00+00:00,51.94,51.98,51.935,51.96,55552.504559
2026-08-03T16:00:00+00:00,51.95,51.95,51.885,51.92,114568.873582
2026-08-03T16:05:00+00:00,51.93,51.96,51.91,51.925,83841.745259
2026-08-03T16:10:00+00:00,51.93,51.935,51.8551,51.8551,66678.042051
2026-08-03T16:15:00+00:00,51.865,51.915,51.86,51.905,49658.20305
2026-08-03T16:20:00+00:00,51.905,51.95,51.89,51.905,50643.46636400001
2026-08-03T16:25:00+00:00,51.915,51.965,51.885,51.955,93195.630211
2026-08-03T16:30:00+00:00,51.955,52.0,51.91,51.945,113762.36008700001
2026-08-03T16:35:00+00:00,51.945,52.065,51.935,52.065,110678.30998600001
2026-08-03T16:40:00+00:00,52.06,52.185,52.05,52.065,194050.50326099998
2026-08-03T16:45:00+00:00,52.07,52.11,52.06,52.0942,56921.741398
2026-08-03T16:50:00+00:00,52.095,52.14,52.06,52.125,54143.710203
2026-08-03T16:55:00+00:00,52.125,52.21,52.115,52.1203,99447.699106
2026-08-03T17:00:00+00:00,52.125,52.15,52.105,52.115,51273.527239
2026-08-03T17:05:00+00:00,52.12,52.145,52.0149,52.04,116607.357223
2026-08-03T17:10:00+00:00,52.035,52.085,52.015,52.075,52337.800986999995
2026-08-03T17:15:00+00:00,52.08,52.0919,52.0478,52.0919,70985.783923
2026-08-03T17:20:00+00:00,52.095,52.21,52.095,52.145,43058.160998
2026-08-03T17:25:00+00:00,52.15,52.175,52.07,52.14,97237.300029
2026-08-03T17:30:00+00:00,52.14,52.17,52.095,52.11,40398.922825999995
2026-08-03T17:35:00+00:00,52.11,52.15,52.11,52.138,40329.401183
2026-08-03T17:40:00+00:00,52.13,52.235,52.115,52.215,58543.960285999994
2026-08-03T17:45:00+00:00,52.2,52.21,52.1647,52.21,33638.861651
2026-08-03T17:50:00+00:00,52.21,52.215,52.135,52.145,35608.478954
2026-08-03T17:55:00+00:00,52.14,52.15,52.09,52.105,77213.310486
2026-08-03T18:00:00+00:00,52.105,52.125,52.085,52.0881,62695.474990999995
2026-08-03T18:05:00+00:00,52.09,52.125,52.065,52.125,64180.445419
2026-08-03T18:10:00+00:00,52.13,52.3,52.125,52.29,143033.875701
2026-08-03T18:15:00+00:00,52.295,52.34,52.2401,52.25,154091.621949
2026-08-03T18:20:00+00:00,52.255,52.315,52.25,52.2736,66601.956924
2026-08-03T18:25:00+00:00,52.261,52.325,52.2501,52.3,42966.000833
2026-08-03T18:30:00+00:00,52.295,52.33,52.28,52.305,37470.401257
2026-08-03T18:35:00+00:00,52.31,52.36,52.3,52.31,96025.041532
2026-08-03T18:40:00+00:00,52.315,52.33,52.29,52.31,56674.66813600001
2026-08-03T18:45:00+00:00,52.31,52.345,52.275,52.3401,248757.891955
2026-08-03T18:50:00+00:00,52.34,52.355,52.305,52.355,34311.176216
2026-08-03T18:55:00+00:00,52.351,52.355,52.33,52.345,34979.199485
2026-08-03T19:00:00+00:00,52.345,52.365,52.315,52.34,55718.7848
2026-08-03T19:05:00+00:00,52.345,52.45,52.34,52.44,110875.418436
2026-08-03T19:10:00+00:00,52.43,52.46,52.37,52.405,199381.907722
2026-08-03T19:15:00+00:00,52.4,52.47,52.39,52.445,171850.434583
2026-08-03T19:20:00+00:00,52.445,52.4897,52.435,52.465,89785.01137600001
2026-08-03T19:25:00+00:00,52.465,52.6,52.465,52.585,179622.982557
2026-08-03T19:30:00+00:00,52.59,52.605,52.525,52.535,174804.97439
2026-08-03T19:35:00+00:00,52.535,52.58,52.535,52.575,96059.970408
2026-08-03T19:40:00+00:00,52.58,52.62,52.53,52.535,193669.89235500002
2026-08-03T19:45:00+00:00,52.53,52.55,52.485,52.515,262073.33774
2026-08-03T19:50:00+00:00,52.515,52.57,52.5,52.52,165835.82184100003
2026-08-03T19:55:00+00:00,52.53,52.54,52.47,52.49,285780.452572
2026-08-03T20:00:00+00:00,52.49,52.495,52.44,52.47,548642.647734
2026-08-03T20:05:00+00:00,52.42,52.4206,52.41,52.4206,3392.2915209999996
2026-08-03T20:10:00+00:00,52.4205,52.44,52.42,52.44,16970.424338
2026-08-03T20:15:00+00:00,52.4569,52.46,52.45,52.46,3511.3760620000003
2026-08-03T20:20:00+00:00,52.46,52.4763,52.46,52.47,1698.766218
2026-08-03T20:25:00+00:00,52.48,52.5,52.4646,52.5,4612.398363
2026-08-03T20:30:00+00:00,52.51,52.51,52.5,52.5,664.270706
2026-08-03T20:35:00+00:00,52.54,52.58,52.54,52.57,12358.489463
2026-08-03T20:40:00+00:00,52.55,52.5854,52.55,52.58,27563.376022999997
2026-08-03T20:45:00+00:00,52.58,52.59,52.57,52.59,943.2732629999999
2026-08-03T20:50:00+00:00,52.578,52.58,52.5701,52.58,995.0
2026-08-03T20:55:00+00:00,52.57,52.59,52.5497,52.5497,9225.815265
2026-08-03T21:00:00+00:00,52.55,52.59,52.55,52.59,6700.042303
2026-08-03T21:05:00+00:00,52.57,52.57,52.53,52.5594,11439.912179
2026-08-03T21:10:00+00:00,52.53,52.6,52.53,52.55,13993.744724
2026-08-03T21:15:00+00:00,52.5517,52.6,52.5517,52.591,4496.3686
2026-08-03T21:20:00+00:00,52.6,52.6,52.6,52.6,737.307179
2026-08-03T21:25:00+00:00,52.5938,52.5938,52.53,52.53,1548.141391
2026-08-03T21:30:00+00:00,52.58,52.58,52.53,52.57,1715.0
2026-08-03T21:35:00+00:00,52.55,52.5836,52.5203,52.5836,1581.6784499999999
2026-08-03T21:40:00+00:00,52.527,52.55,52.527,52.55,427.048092
2026-08-03T21:45:00+00:00,52.5316,52.5316,52.5316,52.5316,268.0
2026-08-03T21:50:00+00:00,52.58,52.58,52.58,52.58,207.231914
2026-08-03T22:00:00+00:00,52.5747,52.5747,52.55,52.55,332.8
2026-08-03T22:05:00+00:00,52.55,52.58,52.5,52.5,9966.0
2026-08-03T22:10:00+00:00,52.48,52.4864,52.4022,52.48,5237.094518
2026-08-03T22:15:00+00:00,52.4611,52.5,52.4504,52.47,3005.263198
2026-08-03T22:20:00+00:00,52.47,52.47,52.46,52.46,9208.0
2026-08-03T22:25:00+00:00,52.45,52.45,52.45,52.45,6011.0
2026-08-03T22:35:00+00:00,52.53,52.5829,52.49,52.55,3304.223778
2026-08-03T22:45:00+00:00,52.5162,52.5162,52.5162,52.5162,994.0
2026-08-03T22:50:00+00:00,52.53,52.5459,52.53,52.5459,319.709044
2026-08-03T22:55:00+00:00,52.52,52.53,52.52,52.53,738.0
2026-08-03T23:00:00+00:00,52.53,52.55,52.53,52.55,4399.0
2026-08-03T23:05:00+00:00,52.52,52.52,52.52,52.52,2000.0
2026-08-03T23:10:00+00:00,52.52,52.53,52.52,52.53,2640.0
2026-08-03T23:20:00+00:00,52.55,52.55,52.55,52.55,2302.569261
2026-08-03T23:25:00+00:00,52.508,52.54,52.5002,52.5108,1088.125338
2026-08-03T23:30:00+00:00,52.5279,52.5279,52.5279,52.5279,825.5574
2026-08-03T23:35:00+00:00,52.57,52.57,52.57,52.57,121.303736
2026-08-03T23:40:00+00:00,52.5,52.5,52.5,52.5,121.0
2026-08-03T23:45:00+00:00,52.45,52.45,52.45,52.45,259.0
2026-08-03T23:50:00+00:00,52.51,52.6,52.51,52.54,2957.0
2026-08-03T23:55:00+00:00,52.5339,52.6,52.5339,52.6,357.52
2026-08-04T00:00:00+00:00,52.6,52.65,52.6,52.61,4849.858242
2026-08-04T08:05:00+00:00,53.3,53.45,53.01,53.44,127023.595326
2026-08-04T08:10:00+00:00,53.42,53.43,53.37,53.37,1950.6388909999998
2026-08-04T08:15:00+00:00,53.37,53.41,53.36,53.36,8127.022432
2026-08-04T08:20:00+00:00,53.35,53.36,53.34,53.36,5307.407955000001
2026-08-04T08:25:00+00:00,53.36,53.36,53.27,53.27,1572.050436
2026-08-04T08:30:00+00:00,53.26,53.26,53.24,53.25,10024.0
2026-08-04T08:35:00+00:00,53.28,53.3,53.28,53.29,1292.7612800000002
2026-08-04T08:40:00+00:00,53.25,53.3,53.22,53.29,4249.0
2026-08-04T08:45:00+00:00,53.27,53.27,53.24,53.24,7288.0
2026-08-04T08:50:00+00:00,53.25,53.25,53.19,53.2,4521.452261
2026-08-04T08:55:00+00:00,53.21,53.22,53.17,53.17,2217.552404
2026-08-04T09:00:00+00:00,53.16,53.17,53.1,53.11,10415.649588
2026-08-04T09:05:00+00:00,53.11,53.11,53.1,53.1,608.0
2026-08-04T09:10:00+00:00,53.04,53.04,53.0,53.0,19078.0
2026-08-04T09:15:00+00:00,53.0004,53.0004,52.95,52.98,4750.951416000001
2026-08-04T09:20:00+00:00,52.98,53.02,52.97,53.01,6314.115167
2026-08-04T09:25:00+00:00,53.02,53.08,53.0,53.01,19643.354163
2026-08-04T09:30:00+00:00,53.02,53.09,53.02,53.08,5467.0
2026-08-04T09:35:00+00:00,53.07,53.11,53.05,53.09,3855.2294620000002
2026-08-04T09:40:00+00:00,53.09,53.09,53.04,53.05,1009.0
2026-08-04T09:45:00+00:00,53.07,53.14,53.07,53.14,3187.0
2026-08-04T09:50:00+00:00,53.12,53.12,53.09,53.11,4803.437079
2026-08-04T09:55:00+00:00,53.1,53.1,53.07,53.07,444.0
2026-08-04T10:00:00+00:00,53.01,53.01,53.01,53.01,582.0
2026-08-04T10:05:00+00:00,53.07,53.07,53.07,53.07,333.0
2026-08-04T10:10:00+00:00,53.03,53.04,53.01,53.01,445.0
2026-08-04T10:15:00+00:00,53.01,53.03,53.0,53.01,1734.760558
2026-08-04T10:20:00+00:00,53.0,53.03,53.0,53.03,823.2709299999999
2026-08-04T10:25:00+00:00,53.03,53.06,53.01,53.02,17895.348802
2026-08-04T10:30:00+00:00,53.01,53.04,53.01,53.03,1658.615288
2026-08-04T10:35:00+00:00,53.03,53.05,53.01,53.03,3029.1073309999997
2026-08-04T10:40:00+00:00,53.0,53.03,52.99,53.0,3758.604942
2026-08-04T10:45:00+00:00,53.0,53.15,52.93,53.12,12330.399533
2026-08-04T10:50:00+00:00,53.14,53.34,53.14,53.28,21949.063109000002
2026-08-04T10:55:00+00:00,53.25,53.25,53.17,53.21,6064.283315000001
2026-08-04T11:00:00+00:00,53.22,53.22,53.15,53.15,2812.0
2026-08-04T11:05:00+00:00,53.14,53.21,53.1,53.21,19334.951553
2026-08-04T11:10:00+00:00,53.17,53.18,53.14,53.1501,5219.988020000001
2026-08-04T11:15:00+00:00,53.19,53.2691,53.1558,53.23,20870.152135
2026-08-04T11:20:00+00:00,53.2102,53.27,53.2102,53.2454,3884.0
2026-08-04T11:25:00+00:00,53.24,53.32,53.24,53.29,6172.613911
2026-08-04T11:30:00+00:00,53.31,53.4,53.31,53.3994,23349.670785000002
2026-08-04T11:35:00+00:00,53.4,53.4368,53.37,53.39,8891.356181
2026-08-04T11:40:00+00:00,53.39,53.39,53.36,53.38,8498.685591000001
2026-08-04T11:45:00+00:00,53.37,53.57,53.32,53.56,34313.750910999996
2026-08-04T11:50:00+00:00,53.56,53.75,53.48,53.65,72942.87634100001
2026-08-04T11:55:00+00:00,53.62,53.7,53.56,53.64,22741.049399
2026-08-04T12:00:00+00:00,53.66,53.75,53.54,53.75,16058.994369
2026-08-04T12:05:00+00:00,53.73,53.76,53.58,53.66,37964.767685
2026-08-04T12:10:00+00:00,53.6001,53.62,53.5032,53.52,23980.106933000003
2026-08-04T12:15:00+00:00,53.52,53.52,53.46,53.5,32123.825348000002
2026-08-04T12:20:00+00:00,53.506,53.6,53.4533,53.56,6900.430652999999
2026-08-04T12:25:00+00:00,53.61,53.7,53.59,53.66,18391.346127999997
2026-08-04T12:30:00+00:00,53.6915,53.82,53.6915,53.8101,58986.935968
2026-08-04T12:35:00+00:00,53.86,54.1,53.86,54.09,58976.58756100001
2026-08-04T12:40:00+00:00,54.1,54.16,54.04,54.07,23347.694755
2026-08-04T12:45:00+00:00,54.0891,54.12,53.98,53.98,13787.165801
2026-08-04T12:50:00+00:00,53.95,53.9785,53.9,53.95,16471.997301
2026-08-04T12:55:00+00:00,53.96,54.01,53.9,54.0,33801.774455
2026-08-04T13:00:00+00:00,54.0014,54.1,53.91,54.07,25670.448260999998
2026-08-04T13:05:00+00:00,54.11,54.11,53.79,53.85,73395.856542
2026-08-04T13:10:00+00:00,53.84,53.85,53.77,53.85,12046.418242
2026-08-04T13:15:00+00:00,53.84,53.84,53.7,53.75,9103.379222
2026-08-04T13:20:00+00:00,53.79,53.79,53.64,53.64,28065.382672
2026-08-04T13:25:00+00:00,53.66,54.07,53.65,53.97,72597.662519
2026-08-04T13:30:00+00:00,53.9688,54.0,53.9399,53.97,30203.585989000003
2026-08-04T13:35:00+00:00,53.97,54.0995,53.86,54.0801,703070.291717
2026-08-04T13:40:00+00:00,54.09,54.175,54.035,54.14,594076.138176
2026-08-04T13:45:00+00:00,54.1457,54.225,53.97,53.97,343184.20001699997
2026-08-04T13:50:00+00:00,53.975,54.065,53.93,54.025,367593.63208400004
2026-08-04T13:55:00+00:00,54.03,54.12,54.0,54.015,422094.791327
2026-08-04T14:00:00+00:00,54.015,54.02,53.92,53.94,167049.53463
2026-08-04T14:05:00+00:00,53.94,54.025,53.85,53.955,265452.19877400005
2026-08-04T14:10:00+00:00,53.96,54.005,53.91,53.975,124070.57940099998
2026-08-04T14:15:00+00:00,53.97,54.085,53.97,54.07,204354.145761
2026-08-04T14:20:00+00:00,54.08,54.105,53.815,53.835,198103.117497
2026-08-04T14:25:00+00:00,53.845,53.85,53.77,53.8,161195.32471000002
2026-08-04T14:30:00+00:00,53.79,53.875,53.75,53.795,96084.532359
2026-08-04T14:35:00+00:00,53.795,53.7952,53.66,53.67,218719.549991
2026-08-04T14:40:00+00:00,53.67,53.775,53.58,53.69,380857.244053
2026-08-04T14:45:00+00:00,53.69,53.7201,53.61,53.685,148082.901494
2026-08-04T14:50:00+00:00,53.68,53.7281,53.64,53.725,101667.10120399999
2026-08-04T14:55:00+00:00,53.7272,53.82,53.7272,53.8,88621.321896
2026-08-04T15:00:00+00:00,53.8,53.815,53.741,53.8,83015.649735
2026-08-04T15:05:00+00:00,53.805,53.865,53.78,53.84,75184.185001
2026-08-04T15:10:00+00:00,53.835,53.865,53.76,53.865,104483.860525
2026-08-04T15:15:00+00:00,53.86,53.86,53.8,53.8,138400.30227599997
2026-08-04T15:20:00+00:00,53.8,53.825,53.675,53.695,129514.888516
2026-08-04T15:25:00+00:00,53.69,53.7,53.615,53.66,79700.925603
2026-08-04T15:30:00+00:00,53.6681,53.685,53.61,53.685,97582.92571
2026-08-04T15:35:00+00:00,53.685,53.74,53.67,53.69,75419.348399
2026-08-04T15:40:00+00:00,53.6977,53.8999,53.69,53.87,204217.367021
2026-08-04T15:45:00+00:00,53.88,53.9402,53.88,53.935,155887.68008
2026-08-04T15:50:00+00:00,53.95,53.958,53.895,53.925,58086.793953
2026-08-04T15:55:00+00:00,53.935,54.035,53.9288,54.01,125830.403376
2026-08-04T16:00:00+00:00,54.0199,54.035,53.96,53.965,62972.51552200001
2026-08-04T16:05:00+00:00,53.98,54.025,53.965,53.9712,206338.57604199997
2026-08-04T16:10:00+00:00,53.97,53.9981,53.955,53.99,43662.316059
2026-08-04T16:15:00+00:00,53.985,53.99,53.92,53.94,60659.482921999996
2026-08-04T16:20:00+00:00,53.94,53.9401,53.88,53.8814,97705.266099
2026-08-04T16:25:00+00:00,53.894,54.085,53.89,54.0799,82421.777434
2026-08-04T16:30:00+00:00,54.0899,54.14,54.0405,54.05,105779.289224
2026-08-04T16:35:00+00:00,54.055,54.08,54.035,54.035,66696.764772
2026-08-04T16:40:00+00:00,54.035,54.06,53.995,54.01,89060.035861
2026-08-04T16:45:00+00:00,54.0,54.09,53.995,54.09,70534.371013
2026-08-04T16:50:00+00:00,54.08,54.12,54.06,54.095,201994.1436
2026-08-04T16:55:00+00:00,54.095,54.14,54.06,54.08,58939.09168600001
2026-08-04T17:00:00+00:00,54.07,54.09,54.05,54.075,47068.062421
2026-08-04T17:05:00+00:00,54.07,54.16,54.025,54.16,135105.589524
2026-08-04T17:10:00+00:00,54.17,54.24,54.1645,54.18,459151.625638
2026-08-04T17:15:00+00:00,54.18,54.205,54.155,54.1999,130948.742261
2026-08-04T17:20:00+00:00,54.2,54.23,54.142,54.16,102356.510061
2026-08-04T17:25:00+00:00,54.17,54.275,54.165,54.245,220546.04292399998
2026-08-04T17:30:00+00:00,54.235,54.245,54.115,54.12,130364.353867
2026-08-04T17:35:00+00:00,54.116,54.13,54.0613,54.13,60529.837407000006
2026-08-04T17:40:00+00:00,54.14,54.155,54.12,54.14,71653.827832
2026-08-04T17:45:00+00:00,54.145,54.2,54.145,54.165,111148.40782200001
2026-08-04T17:50:00+00:00,54.17,54.175,54.05,54.065,275630.80056899996
2026-08-04T17:55:00+00:00,54.065,54.075,54.03,54.0495,78004.113071
2026-08-04T18:00:00+00:00,54.045,54.095,54.03,54.045,77997.032664
2026-08-04T18:05:00+00:00,54.04,54.055,54.0,54.015,83719.837569
2026-08-04T18:10:00+00:00,54.0181,54.05,53.96,53.98,113517.647623
2026-08-04T18:15:00+00:00,53.99,54.01,53.9498,54.0,70381.492672
2026-08-04T18:20:00+00:00,53.995,54.02,53.96,53.975,152818.869863
2026-08-04T18:25:00+00:00,53.975,54.05,53.9701,53.98,138989.587164
2026-08-04T18:30:00+00:00,53.985,54.01,53.97,53.975,74566.207716
2026-08-04T18:35:00+00:00,53.975,54.0,53.915,53.915,116432.511432
2026-08-04T18:40:00+00:00,53.905,53.92,53.82,53.8214,154228.419623
2026-08-04T18:45:00+00:00,53.83,53.86,53.805,53.84,112435.266091
2026-08-04T18:50:00+00:00,53.845,53.93,53.84,53.9211,82683.85868599999
2026-08-04T18:55:00+00:00,53.92,53.955,53.91,53.91,75282.299365
2026-08-04T19:00:00+00:00,53.92,53.945,53.86,53.875,50724.437821
2026-08-04T19:05:00+00:00,53.88,53.905,53.8519,53.8519,56540.290202
2026-08-04T19:10:00+00:00,53.855,53.95,53.85,53.95,80178.43993299999
2026-08-04T19:15:00+00:00,53.945,53.945,53.88,53.885,61569.10765
2026-08-04T19:20:00+00:00,53.89,53.975,53.89,53.96,80054.50193500001
2026-08-04T19:25:00+00:00,53.96,53.96,53.87,53.87,151056.838359
2026-08-04T19:30:00+00:00,53.875,53.88,53.835,53.875,168769.21250000002
2026-08-04T19:35:00+00:00,53.88,53.895,53.845,53.895,200350.51129499997
2026-08-04T19:40:00+00:00,53.895,53.905,53.85,53.895,106334.88135800001
2026-08-04T19:45:00+00:00,53.895,53.97,53.8927,53.9295,192780.686941
2026-08-04T19:50:00+00:00,53.925,53.9487,53.87,53.895,162842.223255
2026-08-04T19:55:00+00:00,53.9,53.9,53.815,53.825,231535.444487
2026-08-04T20:00:00+00:00,53.825,53.87,53.79,53.84,718499.7747460001
2026-08-04T20:05:00+00:00,53.84,53.87,53.84,53.85,4896.392655000001
2026-08-04T20:10:00+00:00,53.85,53.889,53.85,53.8704,18039.650586
2026-08-04T20:15:00+00:00,53.89,53.89,53.87,53.87,5049.317059999999
2026-08-04T20:20:00+00:00,53.85,53.85,53.76,53.76,4159.161942000001
2026-08-04T20:25:00+00:00,53.76,53.775,53.76,53.7631,3352.438986
2026-08-04T20:30:00+00:00,53.75,53.81,53.75,53.7702,1622.297309
2026-08-04T20:35:00+00:00,53.77,53.81,53.77,53.77,3090.028832
2026-08-04T20:40:00+00:00,53.78,53.79,53.7502,53.7535,1729.55
2026-08-04T20:45:00+00:00,53.79,53.8148,53.79,53.805,1240.0347749999999
2026-08-04T20:50:00+00:00,53.7954,53.7954,53.7801,53.79,3211.0
2026-08-04T20:55:00+00:00,53.79,53.795,53.79,53.795,1921.0
2026-08-04T21:00:00+00:00,53.774,53.8299,53.774,53.813,3745.518392
2026-08-04T21:05:00+00:00,53.883,53.883,53.883,53.883,400.0
2026-08-04T21:10:00+00:00,53.84,53.84,53.79,53.79,11302.39174
2026-08-04T21:15:00+00:00,53.8039,53.8039,53.8039,53.8039,2014.866798
2026-08-04T21:20:00+00:00,53.8647,53.8661,53.79,53.8,4622.0
2026-08-04T21:25:00+00:00,53.7955,53.83,53.7955,53.8,702.646623
2026-08-04T21:30:00+00:00,53.83,53.85,53.83,53.85,1456.0
2026-08-04T21:35:00+00:00,53.84,53.9466,53.84,53.9227,10467.973125
2026-08-04T21:40:00+00:00,53.85,53.85,53.85,53.85,1266.018556
2026-08-04T21:45:00+00:00,53.8,53.85,53.8,53.85,332.144037
2026-08-04T21:50:00+00:00,53.87,53.87,53.8348,53.84,11387.543798
2026-08-04T21:55:00+00:00,53.835,53.835,53.835,53.835,101.0
2026-08-04T22:05:00+00:00,53.84,53.9,53.81,53.81,1173.371688
2026-08-04T22:10:00+00:00,53.809,53.81,53.809,53.81,1505.071557
2026-08-04T22:15:00+00:00,53.8,53.89,53.8,53.8543,3288.0
2026-08-04T22:20:00+00:00,53.89,53.89,53.84,53.8822,447.0
2026-08-04T22:25:00+00:00,53.81,53.81,53.81,53.81,481.989195
2026-08-04T22:30:00+00:00,53.797,53.8597,53.797,53.8597,990.774551
2026-08-04T22:35:00+00:00,53.8338,53.87,53.8338,53.87,750.4986309999999
2026-08-04T22:40:00+00:00,53.86,53.88,53.86,53.88,2301.074259
2026-08-04T22:45:00+00:00,53.87,53.8794,53.85,53.85,2281.131839
2026-08-04T22:50:00+00:00,53.84,53.84,53.84,53.84,2620.0
2026-08-04T22:55:00+00:00,53.8,53.8,53.8,53.8,123.0
2026-08-04T23:00:00+00:00,53.7905,53.7905,53.79,53.79,2092.743591
2026-08-04T23:05:00+00:00,53.77,53.77,53.7003,53.7003,1656.838271
2026-08-04T23:10:00+00:00,53.7062,53.7486,53.6702,53.7486,3487.6781579999997
2026-08-04T23:15:00+00:00,53.7491,53.82,53.7491,53.78,9534.253605
2026-08-04T23:20:00+00:00,53.81,53.81,53.8,53.8,1825.602192
2026-08-04T23:25:00+00:00,53.8,53.8,53.6848,53.6848,6167.26981
2026-08-04T23:30:00+00:00,53.74,53.75,53.74,53.75,4633.318166999999
2026-08-04T23:35:00+00:00,53.74,53.74,53.74,53.74,324.551523
2026-08-04T23:40:00+00:00,53.7,53.7,53.7,53.7,1883.0
2026-08-04T23:45:00+00:00,53.7019,53.7492,53.69,53.7492,1321.0
2026-08-04T23:50:00+00:00,53.7026,53.75,53.6968,53.75,927.0
2026-08-04T23:55:00+00:00,53.715,53.75,53.7,53.75,1474.0
2026-08-05T00:00:00+00:00,53.75,53.75,53.75,53.75,510.0
2026-08-05T08:05:00+00:00,55.86,55.93,54.86,55.84,513068.17626599997
2026-08-05T08:10:00+00:00,55.8,55.89,54.98,55.77,4913.572896
2026-08-05T08:15:00+00:00,55.77,55.78,55.7,55.7,15393.346577
2026-08-05T08:20:00+00:00,55.67,55.71,55.67,55.71,2932.7627390000002
2026-08-05T08:25:00+00:00,55.66,55.66,55.55,55.55,30856.364052
2026-08-05T08:30:00+00:00,55.57,55.63,55.53,55.63,13273.964099
2026-08-05T08:35:00+00:00,55.62,55.63,55.55,55.63,8483.395118999999
2026-08-05T08:40:00+00:00,55.6,55.65,55.6,55.61,7670.58615
2026-08-05T08:45:00+00:00,55.59,55.72,55.55,55.64,8605.884324
2026-08-05T08:50:00+00:00,55.62,55.63,55.51,55.54,9070.274497999999
2026-08-05T08:55:00+00:00,55.54,55.57,55.53,55.53,5022.0
2026-08-05T09:00:00+00:00,55.55,55.55,55.52,55.53,3832.606287
2026-08-05T09:05:00+00:00,55.54,55.61,55.54,55.59,5962.136832
2026-08-05T09:10:00+00:00,55.62,55.7,55.62,55.68,20848.763015
2026-08-05T09:15:00+00:00,55.65,55.7,55.64,55.65,8606.041431
2026-08-05T09:20:00+00:00,55.66,55.66,55.56,55.56,3315.344875
2026-08-05T09:25:00+00:00,55.53,55.56,55.48,55.55,28570.989999999998
2026-08-05T09:30:00+00:00,55.54,55.54,55.49,55.49,7970.211601
2026-08-05T09:35:00+00:00,55.52,55.57,55.49,55.57,4344.147901
2026-08-05T09:40:00+00:00,55.55,55.64,55.51,55.59,11870.3
2026-08-05T09:45:00+00:00,55.579,55.6,55.57,55.59,2958.0
2026-08-05T09:50:00+00:00,55.6,55.6,55.54,55.58,5531.155035
2026-08-05T09:55:00+00:00,55.6,55.6,55.54,55.55,9801.9166
2026-08-05T10:00:00+00:00,55.55,55.55,55.48,55.55,6429.030747000001
2026-08-05T10:05:00+00:00,55.52,55.53,55.4,55.45,20750.267141
2026-08-05T10:10:00+00:00,55.41,55.42,55.385,55.42,7298.090625
2026-08-05T10:15:00+00:00,55.42,55.42,55.34,55.34,15003.461768000001
2026-08-05T10:20:00+00:00,55.35,55.42,55.35,55.42,4496.969575
2026-08-05T10:25:00+00:00,55.43,55.44,55.39,55.39,1316.93
2026-08-05T10:30:00+00:00,55.38,55.39,55.31,55.34,8097.2436290000005
2026-08-05T10:35:00+00:00,55.34,55.34,55.32,55.32,7523.405507
2026-08-05T10:40:00+00:00,55.29,55.32,55.28,55.3,9983.064638
2026-08-05T10:45:00+00:00,55.3,55.34,55.25,55.25,3060.0
2026-08-05T10:50:00+00:00,55.25,55.27,55.2,55.24,18544.276962
2026-08-05T10:55:00+00:00,55.24,55.28,55.24,55.28,6563.199683
2026-08-05T11:00:00+00:00,55.28,55.37,55.28,55.36,10788.49105
2026-08-05T11:05:00+00:00,55.36,55.46,55.3315,55.4431,46441.159356
2026-08-05T11:10:00+00:00,55.44,55.54,55.44,55.54,17755.581446
2026-08-05T11:15:00+00:00,55.55,55.65,55.5496,55.65,58322.28393399999
2026-08-05T11:20:00+00:00,55.65,55.669,55.61,55.669,20106.461271
2026-08-05T11:25:00+00:00,55.66,55.7026,55.65,55.7026,10218.169090000001
2026-08-05T11:30:00+00:00,55.7198,55.87,55.69,55.7506,30117.525859999998
2026-08-05T11:35:00+00:00,55.78,55.88,55.753,55.87,9254.682895999998
2026-08-05T11:40:00+00:00,55.88,55.94,55.87,55.88,34203.633076000006
2026-08-05T11:45:00+00:00,55.87,55.95,55.83,55.91,32135.548039
2026-08-05T11:50:00+00:00,55.9,55.9703,55.87,55.94,30337.227398000003
2026-08-05T11:55:00+00:00,55.949,56.02,55.94,55.98,58135.12304
2026-08-05T12:00:00+00:00,55.97,56.06,55.9631,56.01,24474.222932
2026-08-05T12:05:00+00:00,56.01,56.23,56.01,56.14,47841.012653000005
2026-08-05T12:10:00+00:00,56.14,56.2,56.13,56.15,91787.40082200001
2026-08-05T12:15:00+00:00,56.15,56.23,56.15,56.2192,81129.87526100001
2026-08-05T12:20:00+00:00,56.24,56.46,56.2231,56.32,134478.38074300002
2026-08-05T12:25:00+00:00,56.34,56.49,56.34,56.4601,49657.26040100001
2026-08-05T12:30:00+00:00,56.47,56.49,56.3,56.3,49207.917136
2026-08-05T12:35:00+00:00,56.2612,56.35,56.07,56.14,87670.97746200001
2026-08-05T12:40:00+00:00,56.12,56.1707,56.05,56.0501,40416.76621
2026-08-05T12:45:00+00:00,56.07,56.07,55.8417,55.86,44263.645433000005
2026-08-05T12:50:00+00:00,55.86,55.95,55.81,55.87,134662.942615
2026-08-05T12:55:00+00:00,55.89,55.89,55.66,55.67,50117.749849
2026-08-05T13:00:00+00:00,55.69,55.7,55.56,55.58,23665.530770999998
2026-08-05T13:05:00+00:00,55.61,55.8284,55.6,55.8284,60460.692326000004
2026-08-05T13:10:00+00:00,55.81,55.99,55.78,55.96,46259.743791
2026-08-05T13:15:00+00:00,55.95,55.97,55.78,55.8482,41615.528321
2026-08-05T13:20:00+00:00,55.84,55.87,55.7731,55.87,24551.811449999997
2026-08-05T13:25:00+00:00,55.89,56.1054,55.89,56.042,58088.736805
2026-08-05T13:30:00+00:00,56.04,56.14,56.01,56.1,18735.374648000005
2026-08-05T13:35:00+00:00,56.1,56.13,56.01,56.025,1068348.460958
2026-08-05T13:40:00+00:00,56.02,56.16,55.88,56.065,865181.1970210001
2026-08-05T13:45:00+00:00,56.07,56.135,56.01,56.08,382871.189041
2026-08-05T13:50:00+00:00,56.085,56.1,55.9412,55.9936,390767.555047
2026-08-05T13:55:00+00:00,55.995,56.245,55.905,56.245,485369.739996
2026-08-05T14:00:00+00:00,56.2401,56.375,56.22,56.3699,292149.65948699997
2026-08-05T14:05:00+00:00,56.36,56.49,56.3,56.455,477445.053024
2026-08-05T14:10:00+00:00,56.455,56.67,56.45,56.61,600344.0320380001
2026-08-05T14:15:00+00:00,56.62,56.745,56.49,56.52,509011.576893
2026-08-05T14:20:00+00:00,56.51,56.628,56.455,56.58,381306.541782
2026-08-05T14:25:00+00:00,56.58,56.598,56.4045,56.4045,320828.520247
2026-08-05T14:30:00+00:00,56.41,56.5095,56.39,56.43,333863.195887
2026-08-05T14:35:00+00:00,56.42,56.46,56.225,56.265,399206.89810799994
2026-08-05T14:40:00+00:00,56.27,56.36,56.23,56.25,401428.833234
2026-08-05T14:45:00+00:00,56.26,56.485,56.22,56.47,219628.562996
2026-08-05T14:50:00+00:00,56.47,56.51,56.375,56.4482,305359.637729
2026-08-05T14:55:00+00:00,56.46,56.47,56.15,56.265,352727.509018
2026-08-05T15:00:00+00:00,56.265,56.385,56.195,56.275,147629.51358700002
2026-08-05T15:05:00+00:00,56.28,56.52,56.26,56.43,252721.03391600001
2026-08-05T15:10:00+00:00,56.435,56.45,56.32,56.41,206527.23680800002
2026-08-05T15:15:00+00:00,56.4,56.49,56.385,56.44,188229.211826
2026-08-05T15:20:00+00:00,56.445,56.445,56.25,56.41,308857.95116
2026-08-05T15:25:00+00:00,56.41,56.51,56.4,56.48,214786.532097
2026-08-05T15:30:00+00:00,56.475,56.59,56.42,56.43,288392.272474
2026-08-05T15:35:00+00:00,56.43,56.4817,56.395,56.4,173785.33177
2026-08-05T15:40:00+00:00,56.395,56.53,56.39,56.4976,232739.719316
2026-08-05T15:45:00+00:00,56.495,56.4953,56.32,56.3699,173486.202919
2026-08-05T15:50:00+00:00,56.365,56.365,56.13,56.1572,222798.524256
2026-08-05T15:55:00+00:00,56.1541,56.1787,55.94,56.03,352574.896203
2026-08-05T16:00:00+00:00,56.03,56.03,55.84,55.945,289238.31423
2026-08-05T16:05:00+00:00,55.94,56.0,55.8,55.86,226199.30934600002
2026-08-05T16:10:00+00:00,55.86,55.95,55.845,55.945,231335.811394
2026-08-05T16:15:00+00:00,55.94,55.945,55.85,55.93,126426.16242400001
2026-08-05T16:20:00+00:00,55.925,55.99,55.865,55.865,162561.40716
2026-08-05T16:25:00+00:00,55.88,56.075,55.8737,56.0601,244503.39844599998
2026-08-05T16:30:00+00:00,56.065,56.18,56.065,56.175,178339.527926
2026-08-05T16:35:00+00:00,56.19,56.22,56.095,56.165,151947.51053600002
2026-08-05T16:40:00+00:00,56.16,56.26,56.13,56.22,171577.298348
2026-08-05T16:45:00+00:00,56.225,56.25,56.181,56.181,118014.238301
2026-08-05T16:50:00+00:00,56.18,56.205,56.12,56.1419,87233.49625
2026-08-05T16:55:00+00:00,56.15,56.18,56.13,56.155,63455.212567999995
2026-08-05T17:00:00+00:00,56.16,56.17,56.065,56.115,88596.68973400001
2026-08-05T17:05:00+00:00,56.11,56.12,56.0,56.035,111540.642429
2026-08-05T17:10:00+00:00,56.045,56.12,56.045,56.095,144036.688432
2026-08-05T17:15:00+00:00,56.09,56.1,56.02,56.06,109347.686849
2026-08-05T17:20:00+00:00,56.055,56.1,56.015,56.0281,116279.387862
2026-08-05T17:25:00+00:00,56.025,56.11,55.965,56.11,439069.056382
2026-08-05T17:30:00+00:00,56.1,56.1377,56.02,56.12,117425.98474999999
2026-08-05T17:35:00+00:00,56.11,56.2,56.06,56.2,193075.559867
2026-08-05T17:40:00+00:00,56.195,56.235,56.1897,56.225,121310.17317400001
2026-08-05T17:45:00+00:00,56.225,56.245,56.18,56.185,181507.96829599998
2026-08-05T17:50:00+00:00,56.18,56.255,56.15,56.21,122347.161151
2026-08-05T17:55:00+00:00,56.215,56.25,56.195,56.199,115544.922832
2026-08-05T18:00:00+00:00,56.195,56.255,56.195,56.2019,152579.14637099998
2026-08-05T18:05:00+00:00,56.2,56.255,56.14,56.185,128625.15111199999
2026-08-05T18:10:00+00:00,56.185,56.24,56.165,56.18,98021.921107
2026-08-05T18:15:00+00:00,56.1885,56.225,56.145,56.145,73138.399174
2026-08-05T18:20:00+00:00,56.145,56.19,56.14,56.185,70297.612005
2026-08-05T18:25:00+00:00,56.185,56.39,56.185,56.3,259452.55157900002
2026-08-05T18:30:00+00:00,56.305,56.34,56.3,56.315,152090.86675
2026-08-05T18:35:00+00:00,56.32,56.325,56.1869,56.19,234367.60982
2026-08-05T18:40:00+00:00,56.195,56.2581,56.1888,56.2399,155605.621147
2026-08-05T18:45:00+00:00,56.23,56.295,56.22,56.235,121277.4706
2026-08-05T18:50:00+00:00,56.239,56.27,56.225,56.265,104031.61837000001
2026-08-05T18:55:00+00:00,56.27,56.33,56.27,56.295,94450.641492
2026-08-05T19:00:00+00:00,56.295,56.33,56.235,56.245,186610.43653
2026-08-05T19:05:00+00:00,56.25,56.325,56.23,56.32,130460.499056
2026-08-05T19:10:00+00:00,56.31,56.33,56.255,56.2759,67734.643341
2026-08-05T19:15:00+00:00,56.27,56.31,56.24,56.29,137836.567897
2026-08-05T19:20:00+00:00,56.29,56.29,56.18,56.1964,137193.58485400002
2026-08-05T19:25:00+00:00,56.2,56.25,56.18,56.24,132803.433136
2026-08-05T19:30:00+00:00,56.2419,56.27,56.155,56.155,122438.581419
2026-08-05T19:35:00+00:00,56.16,56.17,56.05,56.07,224725.63583
2026-08-05T19:40:00+00:00,56.07,56.1,56.035,56.045,187305.289476
2026-08-05T19:45:00+00:00,56.045,56.115,56.04,56.09,248555.47658299998
2026-08-05T19:50:00+00:00,56.095,56.11,56.075,56.11,210339.842798
2026-08-05T19:55:00+00:00,56.11,56.15,56.09,56.0999,305474.511372
2026-08-05T20:00:00+00:00,56.1,56.14,56.05,56.05,542179.505764
2026-08-05T20:05:00+00:00,56.06,56.09,56.0535,56.0546,6605.4308470000005
2026-08-05T20:10:00+00:00,56.08,56.0895,56.06,56.0895,19026.164279
2026-08-05T20:15:00+00:00,56.0998,56.1,56.07,56.1,4310.422057
2026-08-05T20:20:00+00:00,56.1,56.1,56.06,56.0638,9258.717402
2026-08-05T20:25:00+00:00,56.0306,56.05,56.02,56.02,3530.5933489999998
2026-08-05T20:30:00+00:00,56.03,56.03,56.0,56.0299,12455.656435
2026-08-05T20:35:00+00:00,56.076,56.076,56.076,56.076,418.0
2026-08-05T20:40:00+00:00,56.07,56.1,56.07,56.0736,12217.652526
2026-08-05T20:45:00+00:00,56.0656,56.09,56.0313,56.05,4087.856199
2026-08-05T20:50:00+00:00,56.0592,56.0639,56.0,56.0101,9156.774562999999
2026-08-05T20:55:00+00:00,56.0408,56.07,56.02,56.05,1993.59622
2026-08-05T21:00:00+00:00,56.06,56.08,56.0,56.07,10959.041355
2026-08-05T21:05:00+00:00,56.08,56.0899,56.08,56.0899,6182.535758
2026-08-05T21:10:00+00:00,56.09,56.11,56.0801,56.11,11944.086626
2026-08-05T21:15:00+00:00,56.12,56.2,56.12,56.1788,1201.442948
2026-08-05T21:20:00+00:00,56.12,56.12,56.11,56.11,2639.0
2026-08-05T21:25:00+00:00,56.167,56.17,56.12,56.16,4591.085892
2026-08-05T21:30:00+00:00,56.1699,56.17,56.1699,56.17,1599.963982
2026-08-05T21:35:00+00:00,56.17,56.17,56.1235,56.1659,1873.76307
2026-08-05T21:40:00+00:00,56.19,56.19,56.1268,56.1699,2783.670622
2026-08-05T21:45:00+00:00,56.12,56.17,56.12,56.17,1381.5
2026-08-05T21:50:00+00:00,56.16,56.16,56.16,56.16,1311.859933
2026-08-05T21:55:00+00:00,56.15,56.1501,56.13,56.13,2790.813003
2026-08-05T22:00:00+00:00,56.15,56.15,56.1499,56.1499,2267.01781
2026-08-05T22:05:00+00:00,56.15,56.17,55.93,56.15,9735.5
2026-08-05T22:10:00+00:00,56.15,56.15,56.1,56.12,6111.8121869999995
2026-08-05T22:15:00+00:00,56.01,56.1423,56.01,56.12,6051.07715
2026-08-05T22:20:00+00:00,56.1499,56.1499,56.12,56.12,538.0
2026-08-05T22:25:00+00:00,56.1302,56.15,56.1302,56.15,475.171148
2026-08-05T22:30:00+00:00,56.15,56.17,56.14,56.17,2799.581831
2026-08-05T22:35:00+00:00,56.1506,56.17,56.1319,56.1319,1398.4096869999998
2026-08-05T22:40:00+00:00,56.17,56.17,56.1239,56.1239,432.40869599999996
2026-08-05T22:45:00+00:00,56.16,56.16,56.12,56.12,1771.5862240000001
2026-08-05T22:50:00+00:00,56.0687,56.16,56.0601,56.0745,3896.0
2026-08-05T22:55:00+00:00,56.07,56.08,56.07,56.08,681.20783
2026-08-05T23:00:00+00:00,56.06,56.07,56.02,56.02,722.3330649999999
2026-08-05T23:05:00+00:00,56.13,56.13,56.11,56.11,374.0
2026-08-05T23:10:00+00:00,56.1,56.11,56.1,56.1,1334.0
2026-08-05T23:15:00+00:00,56.0565,56.14,56.0565,56.14,1719.713155
2026-08-05T23:20:00+00:00,56.1545,56.1545,56.14,56.15,1286.046429
2026-08-05T23:25:00+00:00,56.15,56.18,56.15,56.18,5649.197179
2026-08-05T23:30:00+00:00,56.19,56.2291,56.18,56.19,3343.789799
2026-08-05T23:35:00+00:00,56.18,56.18,56.14,56.14,5906.225592
2026-08-05T23:40:00+00:00,56.18,56.26,56.16,56.26,42857.353005
2026-08-05T23:45:00+00:00,56.3591,56.36,56.26,56.31,11401.427734
2026-08-05T23:50:00+00:00,56.26,56.32,56.21,56.2153,18177.797031000002
2026-08-05T23:55:00+00:00,56.26,56.28,56.25,56.25,10426.535379
2026-08-06T00:00:00+00:00,56.24,56.3,56.2,56.27,9646.901600000001
2026-08-06T08:05:00+00:00,55.93,56.2,55.61,55.8419,352773.323324
2026-08-06T08:10:00+00:00,55.84,56.1,55.75,56.1,16178.0
2026-08-06T08:15:00+00:00,55.93,56.0,55.93,56.0,8237.653862
2026-08-06T08:20:00+00:00,55.98,56.01,55.94,55.94,11116.749016
2026-08-06T08:25:00+00:00,55.93,55.93,55.82,55.84,16831.030740000002
2026-08-06T08:30:00+00:00,55.84,55.94,55.84,55.94,8263.0
2026-08-06T08:35:00+00:00,55.9,56.03,55.9,56.03,4565.366157
2026-08-06T08:40:00+00:00,56.02,56.02,55.93,55.93,4577.7870060000005
2026-08-06T08:45:00+00:00,55.93,55.95,55.9,55.9,32231.18
2026-08-06T08:50:00+00:00,55.92,55.92,55.87,55.905,3774.28828
2026-08-06T08:55:00+00:00,55.91,56.05,55.91,56.03,31686.0
2026-08-06T09:00:00+00:00,56.04,56.08,55.99,56.08,5660.890376
2026-08-06T09:05:00+00:00,56.1,56.24,56.0963,56.0963,14915.889366
2026-08-06T09:10:00+00:00,56.1,56.104,55.92,55.94,14435.379469
2026-08-06T09:15:00+00:00,55.951,56.0,55.93,56.0,8289.615126
2026-08-06T09:20:00+00:00,56.03,56.03,55.98,55.99,1796.833403
2026-08-06T09:25:00+00:00,56.02,56.07,56.0,56.06,11105.210098000001
2026-08-06T09:30:00+00:00,56.035,56.035,56.0,56.03,4725.333287
2026-08-06T09:35:00+00:00,56.07,56.07,56.0,56.0,4193.007251999999
2026-08-06T09:40:00+00:00,56.02,56.02,56.0027,56.0027,2753.975115
2026-08-06T09:45:00+00:00,56.0,56.0,55.84,55.84,10650.723747
2026-08-06T09:50:00+00:00,55.89,55.92,55.89,55.92,9852.0
2026-08-06T09:55:00+00:00,55.9,55.9,55.85,55.85,7394.885195
2026-08-06T10:00:00+00:00,55.84,55.92,55.84,55.92,7915.3017070000005
2026-08-06T10:05:00+00:00,55.92,55.92,55.81,55.81,4384.194191
2026-08-06T10:10:00+00:00,55.85,55.87,55.84,55.87,4776.0
2026-08-06T10:15:00+00:00,55.85,55.85,55.84,55.84,2821.220028
2026-08-06T10:20:00+00:00,55.82,55.84,55.8,55.84,7403.685304
2026-08-06T10:25:00+00:00,55.86,55.9,55.86,55.9,1146.859281
2026-08-06T10:30:00+00:00,55.91,55.91,55.87,55.9,1097.1565799999998
2026-08-06T10:35:00+00:00,55.9,55.9,55.89,55.89,795.449016
2026-08-06T10:40:00+00:00,55.88,55.88,55.84,55.84,2006.554
2026-08-06T10:45:00+00:00,55.83,55.83,55.8,55.81,1156.0
2026-08-06T10:50:00+00:00,55.83,55.85,55.83,55.85,937.0
2026-08-06T10:55:00+00:00,55.93,55.93,55.88,55.88,1101.180335
2026-08-06T11:00:00+00:00,55.86,55.86,55.79,55.79,4850.025962
2026-08-06T11:05:00+00:00,55.81,55.84,55.72,55.7346,20582.312568
2026-08-06T11:10:00+00:00,55.73,55.79,55.6677,55.73,19708.267999000003
2026-08-06T11:15:00+00:00,55.75,55.77,55.71,55.76,13119.348996
2026-08-06T11:20:00+00:00,55.8,55.84,55.7202,55.7298,9121.468715
2026-08-06T11:25:00+00:00,55.74,55.75,55.71,55.72,12995.046245000001
2026-08-06T11:30:00+00:00,55.75,55.84,55.75,55.825,6064.184705
2026-08-06T11:35:00+00:00,55.83,55.89,55.82,55.86,11917.563017999999
2026-08-06T11:40:00+00:00,55.84,55.89,55.81,55.81,7648.93251
2026-08-06T11:45:00+00:00,55.82,55.82,55.7593,55.7593,6084.228510000001
2026-08-06T11:50:00+00:00,55.76,55.77,55.69,55.69,27250.155792
2026-08-06T11:55:00+00:00,55.73,55.73,55.6801,55.73,10964.92406
2026-08-06T12:00:00+00:00,55.73,55.84,55.71,55.84,23888.32868
2026-08-06T12:05:00+00:00,55.89,55.89,55.73,55.82,13528.722073
2026-08-06T12:10:00+00:00,55.79,55.8,55.61,55.64,17246.540185
2026-08-06T12:15:00+00:00,55.66,55.7,55.6,55.63,25498.985773
2026-08-06T12:20:00+00:00,55.61,55.67,55.57,55.62,27267.093101
2026-08-06T12:25:00+00:00,55.63,55.76,55.63,55.7,13050.453133
2026-08-06T12:30:00+00:00,55.72,55.72,55.63,55.7,14982.328372
2026-08-06T12:35:00+00:00,55.64,55.85,55.62,55.76,42641.686761
2026-08-06T12:40:00+00:00,55.8,55.81,55.74,55.75,10488.999211
2026-08-06T12:45:00+00:00,55.71,55.73,55.67,55.7,9169.835865
2026-08-06T12:50:00+00:00,55.71,55.71,55.38,55.44,32930.733986
2026-08-06T12:55:00+00:00,55.45,55.48,55.38,55.38,74796.700664
2026-08-06T13:00:00+00:00,55.3701,55.4,55.3231,55.34,26712.448592
2026-08-06T13:05:00+00:00,55.36,55.6,55.3,55.58,60792.811398000005
2026-08-06T13:10:00+00:00,55.5646,55.57,55.23,55.2463,37275.578165
2026-08-06T13:15:00+00:00,55.25,55.33,55.23,55.27,45834.212287
2026-08-06T13:20:00+00:00,55.2579,55.33,55.17,55.33,55521.243280999995
2026-08-06T13:25:00+00:00,55.33,55.44,55.33,55.356,70761.813561
2026-08-06T13:30:00+00:00,55.35,55.47,55.33,55.46,20255.746324
2026-08-06T13:35:00+00:00,55.46,55.56,55.43,55.54,370552.06240399997
2026-08-06T13:40:00+00:00,55.54,55.72,55.54,55.615,400188.313379
2026-08-06T13:45:00+00:00,55.62,55.85,55.61,55.77,266511.431402
2026-08-06T13:50:00+00:00,55.77,55.77,55.59,55.64,283164.241887
2026-08-06T13:55:00+00:00,55.6495,55.7,55.625,55.67,160664.00360499998
2026-08-06T14:00:00+00:00,55.68,55.735,55.615,55.675,268659.753202
2026-08-06T14:05:00+00:00,55.69,55.74,55.63,55.67,239557.91958200003
2026-08-06T14:10:00+00:00,55.68,55.735,55.62,55.65,181248.23999899998
2026-08-06T14:15:00+00:00,55.67,55.7986,55.63,55.66,314307.761087
2026-08-06T14:20:00+00:00,55.6519,55.715,55.5799,55.69,116245.532818
2026-08-06T14:25:00+00:00,55.69,55.6995,55.5701,55.585,122184.943453
2026-08-06T14:30:00+00:00,55.59,55.651,55.5201,55.61,204818.190826
2026-08-06T14:35:00+00:00,55.6,55.75,55.6,55.7099,124367.38144299999
2026-08-06T14:40:00+00:00,55.705,55.8,55.675,55.685,120159.547555
2026-08-06T14:45:00+00:00,55.685,55.805,55.683,55.79,88650.83746499999
2026-08-06T14:50:00+00:00,55.7888,55.8,55.62,55.625,110800.22469
2026-08-06T14:55:00+00:00,55.625,55.68,55.58,55.675,95676.105178
2026-08-06T15:00:00+00:00,55.67,55.735,55.6357,55.735,94213.751544
2026-08-06T15:05:00+00:00,55.74,55.75,55.64,55.695,99134.15574
2026-08-06T15:10:00+00:00,55.7,55.755,55.67,55.69,96618.00563300001
2026-08-06T15:15:00+00:00,55.68,55.705,55.59,55.635,99498.619457
2026-08-06T15:20:00+00:00,55.63,55.63,55.37,55.4,299003.657829
2026-08-06T15:25:00+00:00,55.405,55.46,55.285,55.42,257402.68064200002
2026-08-06T15:30:00+00:00,55.43,55.53,55.4,55.475,114892.428202
2026-08-06T15:35:00+00:00,55.47,55.48,55.34,55.345,103613.71426400001
2026-08-06T15:40:00+00:00,55.34,55.395,55.3,55.395,142347.078676
2026-08-06T15:45:00+00:00,55.39,55.42,55.341,55.385,470715.52785400004
2026-08-06T15:50:00+00:00,55.385,55.405,55.335,55.385,134984.04283
2026-08-06T15:55:00+00:00,55.3999,55.435,55.165,55.18,176462.54544199997
2026-08-06T16:00:00+00:00,55.17,55.29,55.09,55.19,220158.002621
2026-08-06T16:05:00+00:00,55.195,55.305,55.18,55.27,155850.971181
2026-08-06T16:10:00+00:00,55.2899,55.3477,55.25,55.345,75489.487219
2026-08-06T16:15:00+00:00,55.345,55.37,55.1719,55.21,67418.93596
2026-08-06T16:20:00+00:00,55.21,55.21,55.0,55.055,273150.763707
2026-08-06T16:25:00+00:00,55.0584,55.105,55.01,55.045,134998.973822
2026-08-06T16:30:00+00:00,55.05,55.1295,55.0,55.125,124066.58130700001
2026-08-06T16:35:00+00:00,55.125,55.2,55.125,55.185,50592.235183
2026-08-06T16:40:00+00:00,55.2,55.2981,55.2,55.285,78539.780484
2026-08-06T16:45:00+00:00,55.285,55.3,55.23,55.285,40645.676102
2026-08-06T16:50:00+00:00,55.29,55.335,55.26,55.325,69123.026151
2026-08-06T16:55:00+00:00,55.33,55.38,55.325,55.375,55848.221170000004
2026-08-06T17:00:00+00:00,55.371,55.458,55.37,55.43,37047.870273
2026-08-06T17:05:00+00:00,55.43,55.49,55.43,55.445,79464.142834
2026-08-06T17:10:00+00:00,55.45,55.4899,55.42,55.48,89367.437697
2026-08-06T17:15:00+00:00,55.48,55.495,55.42,55.425,77315.597519
2026-08-06T17:20:00+00:00,55.425,55.485,55.4,55.48,60974.014794
2026-08-06T17:25:00+00:00,55.4799,55.495,55.42,55.4402,81272.058434
2026-08-06T17:30:00+00:00,55.455,55.49,55.41,55.41,119105.46783200001
2026-08-06T17:35:00+00:00,55.42,55.4576,55.395,55.405,57627.736989
2026-08-06T17:40:00+00:00,55.41,55.435,55.37,55.41,32341.476452000003
2026-08-06T17:45:00+00:00,55.42,55.44,55.4,55.43,35811.406124
2026-08-06T17:50:00+00:00,55.425,55.49,55.41,55.485,37691.902246
2026-08-06T17:55:00+00:00,55.485,55.6,55.485,55.56,74565.969901
2026-08-06T18:00:00+00:00,55.5699,55.57,55.53,55.555,44904.69995
2026-08-06T18:05:00+00:00,55.56,55.57,55.5,55.53,30199.341806
2026-08-06T18:10:00+00:00,55.535,55.58,55.53,55.58,36876.608097000004
2026-08-06T18:15:00+00:00,55.575,55.605,55.54,55.5482,79554.68034100001
2026-08-06T18:20:00+00:00,55.545,55.61,55.53,55.589,251284.82025999998
2026-08-06T18:25:00+00:00,55.585,55.63,55.57,55.61,45812.95589500001
2026-08-06T18:30:00+00:00,55.61,55.625,55.575,55.575,80654.755652
2026-08-06T18:35:00+00:00,55.58,55.61,55.52,55.54,46511.138571999996
2026-08-06T18:40:00+00:00,55.56,55.615,55.53,55.585,124010.09992000001
2026-08-06T18:45:00+00:00,55.585,55.5995,55.53,55.565,99567.44059500001
2026-08-06T18:50:00+00:00,55.56,55.63,55.56,55.63,30069.145052000003
2026-08-06T18:55:00+00:00,55.63,55.6377,55.565,55.5723,90565.208129
2026-08-06T19:00:00+00:00,55.575,55.59,55.545,55.58,46615.494955999995
2026-08-06T19:05:00+00:00,55.5866,55.75,55.5866,55.74,92905.004429
2026-08-06T19:10:00+00:00,55.73,55.785,55.72,55.7712,107857.99027
2026-08-06T19:15:00+00:00,55.775,55.845,55.765,55.765,104589.76954200001
2026-08-06T19:20:00+00:00,55.765,55.79,55.735,55.735,80767.47933
2026-08-06T19:25:00+00:00,55.74,55.78,55.63,55.64,89507.082307
2026-08-06T19:30:00+00:00,55.64,55.69,55.575,55.605,169026.60276100002
2026-08-06T19:35:00+00:00,55.6,55.65,55.58,55.65,96003.20672300001
2026-08-06T19:40:00+00:00,55.65,55.69,55.625,55.635,120455.35288399999
2026-08-06T19:45:00+00:00,55.635,55.635,55.545,55.57,105839.873911
2026-08-06T19:50:00+00:00,55.575,55.675,55.57,55.671,115179.53884999998
2026-08-06T19:55:00+00:00,55.67,55.88,55.66,55.825,415798.224663
2026-08-06T20:00:00+00:00,55.82,55.87,55.77,55.8436,682601.422393
2026-08-06T20:05:00+00:00,55.85,55.94,55.5,55.7269,417757.668092
2026-08-06T20:10:00+00:00,55.69,55.7031,55.68,55.7,14771.468247
2026-08-06T20:15:00+00:00,55.6906,55.72,55.69,55.69,13388.134699
2026-08-06T20:20:00+00:00,55.72,55.7225,55.71,55.71,3477.3341889999997
2026-08-06T20:25:00+00:00,55.72,55.73,55.65,55.66,15772.4908
2026-08-06T20:30:00+00:00,55.66,55.66,55.6,55.6,6339.566834
2026-08-06T20:35:00+00:00,55.6394,55.6394,55.61,55.62,1145.903187
2026-08-06T20:40:00+00:00,55.64,55.64,55.59,55.598,13607.161861999999
2026-08-06T20:45:00+00:00,55.5905,55.6,55.55,55.55,5158.257337999999
2026-08-06T20:50:00+00:00,55.59,55.5955,55.58,55.5955,1402.6817150000002
2026-08-06T20:55:00+00:00,55.58,55.6167,55.57,55.6156,13714.0
2026-08-06T21:00:00+00:00,55.619,55.63,55.6,55.6,10675.1
2026-08-06T21:05:00+00:00,55.6005,55.6005,55.6005,55.6005,206.0
2026-08-06T21:10:00+00:00,55.69,55.69,55.68,55.68,552.188363
2026-08-06T21:15:00+00:00,55.64,55.64,55.63,55.64,2169.017977
2026-08-06T21:20:00+00:00,55.64,55.64,55.612,55.612,6489.314678
2026-08-06T21:25:00+00:00,55.6306,55.6421,55.63,55.6421,1359.43775
2026-08-06T21:30:00+00:00,55.63,55.65,55.6,55.6468,1843.3981919999999
2026-08-06T21:35:00+00:00,55.6468,55.6496,55.6119,55.6479,689.158732
2026-08-06T21:40:00+00:00,55.64,55.64,55.6114,55.64,1346.512172
2026-08-06T21:45:00+00:00,55.6112,55.65,55.6112,55.65,2134.133092
2026-08-06T21:50:00+00:00,55.65,55.65,55.6499,55.65,771.0
2026-08-06T21:55:00+00:00,55.65,55.65,55.63,55.63,6232.0
2026-08-06T22:00:00+00:00,55.6555,55.7245,55.6555,55.66,76873.911555
2026-08-06T22:05:00+00:00,55.65,55.65,55.5,55.5377,6857.7963
2026-08-06T22:10:00+00:00,55.53,55.5546,55.52,55.5546,1607.8999999999999
2026-08-06T22:15:00+00:00,55.55,55.5814,55.55,55.5814,3187.900987
2026-08-06T22:20:00+00:00,55.497,55.497,55.497,55.497,1817.0
2026-08-06T22:25:00+00:00,55.53,55.59,55.53,55.59,6065.0
2026-08-06T22:30:00+00:00,55.6,55.6,55.6,55.6,122.637181
2026-08-06T22:35:00+00:00,55.5992,55.6,55.58,55.6,1104.0746530000001
2026-08-06T22:40:00+00:00,55.58,55.58,55.58,55.58,100.0
2026-08-06T22:45:00+00:00,55.59,55.59,55.59,55.59,448.25
2026-08-06T22:50:00+00:00,55.61,55.62,55.61,55.61,1336.887059
2026-08-06T22:55:00+00:00,55.6169,55.63,55.6,55.6,2508.0
2026-08-06T23:00:00+00:00,55.608,55.608,55.57,55.57,1337.0
2026-08-06T23:05:00+00:00,55.59,55.6,55.59,55.59,1483.09588
2026-08-06T23:10:00+00:00,55.59,55.59,55.59,55.59,304.0
2026-08-06T23:15:00+00:00,55.6,55.6,55.58,55.58,900.0
2026-08-06T23:20:00+00:00,55.62,55.62,55.5812,55.62,2067.0776349999996
2026-08-06T23:25:00+00:00,55.5898,55.64,55.5898,55.64,935.0
2026-08-06T23:30:00+00:00,55.63,55.63,55.61,55.619,1240.0
2026-08-06T23:35:00+00:00,55.6154,55.65,55.5916,55.65,4327.0
2026-08-06T23:40:00+00:00,55.6,55.645,55.6,55.645,696.0
2026-08-06T23:45:00+00:00,55.6799,55.68,55.6506,55.68,4569.0
2026-08-06T23:50:00+00:00,55.6823,55.69,55.6603,55.69,996.615029
2026-08-06T23:55:00+00:00,55.74,55.74,55.74,55.74,1000.0
2026-08-07T00:00:00+00:00,55.7299,55.74,55.7046,55.7046,2910.0
2026-08-07T08:05:00+00:00,57.66,57.849,56.24,57.79,542072.9773789999
2026-08-07T08:10:00+00:00,57.79,57.91,56.71,57.91,24114.608907
2026-08-07T08:15:00+00:00,57.92,58.11,57.92,58.08,45722.123037000005
2026-08-07T08:20:00+00:00,58.08,58.185,57.96,57.96,40958.203949999996
2026-08-07T08:25:00+00:00,57.97,57.97,57.8847,57.93,24290.350141
2026-08-07T08:30:00+00:00,57.94,57.94,57.86,57.91,9051.95793
2026-08-07T08:35:00+00:00,57.9,58.22,57.88,58.2,33473.477148
2026-08-07T08:40:00+00:00,58.19,58.22,58.1,58.18,29837.434952000003
2026-08-07T08:45:00+00:00,58.16,58.19,58.12,58.12,6354.6345710000005
2026-08-07T08:50:00+00:00,58.1,58.15,58.08,58.1,11324.913518
2026-08-07T08:55:00+00:00,58.14,58.14,58.07,58.08,11387.181622
2026-08-07T09:00:00+00:00,58.08,58.15,58.08,58.13,5451.955141
2026-08-07T09:05:00+00:00,58.11,58.2,58.1,58.18,15405.479145000001
2026-08-07T09:10:00+00:00,58.19,58.2,58.13,58.13,9970.562436
2026-08-07T09:15:00+00:00,58.16,58.17,58.11,58.13,30923.882641
2026-08-07T09:20:00+00:00,58.12,58.2,58.12,58.17,6180.308052
2026-08-07T09:25:00+00:00,58.2,58.2,58.15,58.15,22674.315704
2026-08-07T09:30:00+00:00,58.16,58.2,58.1018,58.14,9031.887604
2026-08-07T09:35:00+00:00,58.1,58.19,58.1,58.18,3930.562603
2026-08-07T09:40:00+00:00,58.17,58.21,58.165,58.21,5061.814657
2026-08-07T09:45:00+00:00,58.2,58.35,58.17,58.32,11273.535131
2026-08-07T09:50:00+00:00,58.34,58.41,58.34,58.3835,10499.606648
2026-08-07T09:55:00+00:00,58.37,58.43,58.37,58.39,23321.418864
2026-08-07T10:00:00+00:00,58.34,58.36,58.19,58.25,23767.469532
2026-08-07T10:05:00+00:00,58.23,58.23,58.14,58.18,13266.309017
2026-08-07T10:10:00+00:00,58.2,58.24,58.13,58.21,22810.269283
2026-08-07T10:15:00+00:00,58.2096,58.2096,58.15,58.15,5192.082859
2026-08-07T10:20:00+00:00,58.16,58.16,58.1,58.12,8212.493083000001
2026-08-07T10:25:00+00:00,58.12,58.14,58.07,58.13,23488.442099
2026-08-07T10:30:00+00:00,58.19,58.19,58.06,58.11,16766.814255999998
2026-08-07T10:35:00+00:00,58.115,58.21,58.11,58.21,13869.640569
2026-08-07T10:40:00+00:00,58.18,58.25,58.13,58.25,12274.991645
2026-08-07T10:45:00+00:00,58.2,58.24,58.19,58.2,7167.243563
2026-08-07T10:50:00+00:00,58.12,58.19,58.12,58.19,14021.945257000001
2026-08-07T10:55:00+00:00,58.2,58.22,58.14,58.19,8269.440882
2026-08-07T11:00:00+00:00,58.17,58.17,58.13,58.13,5263.388459
2026-08-07T11:05:00+00:00,58.11,58.21,58.11,58.1839,54226.80176100001
2026-08-07T11:10:00+00:00,58.19,58.19,58.11,58.11,11909.106267
2026-08-07T11:15:00+00:00,58.13,58.13,57.93,57.94,85079.150189
2026-08-07T11:20:00+00:00,57.9636,58.0,57.79,57.87,110354.262661
2026-08-07T11:25:00+00:00,57.886,57.91,57.8395,57.9,23967.668809
2026-08-07T11:30:00+00:00,57.8705,57.9681,57.8705,57.9681,29706.386800999997
2026-08-07T11:35:00+00:00,57.9639,58.07,57.9639,58.0,56008.308173
2026-08-07T11:40:00+00:00,57.95,57.95,57.81,57.89,119530.713791
2026-08-07T11:45:00+00:00,57.8801,57.92,57.83,57.9,29481.061341999997
2026-08-07T11:50:00+00:00,57.93,58.0,57.93,57.9985,21469.539172
2026-08-07T11:55:00+00:00,57.99,58.0215,57.9,57.9862,11839.072816
2026-08-07T12:00:00+00:00,57.97,58.01,57.9,57.9111,9289.499013
2026-08-07T12:05:00+00:00,57.9,58.01,57.9,58.01,6903.263627
2026-08-07T12:10:00+00:00,57.98,58.0,57.9,58.0,14360.641974
2026-08-07T12:15:00+00:00,57.9601,58.0,57.91,57.93,58488.279233
2026-08-07T12:20:00+00:00,57.92,57.92,57.82,57.83,37247.905344
2026-08-07T12:25:00+00:00,57.84,57.85,57.77,57.77,28763.989474
2026-08-07T12:30:00+00:00,57.77,57.9038,57.66,57.715,63783.016660999994
2026-08-07T12:35:00+00:00,57.77,58.88,57.77,58.55,443882.3830600001
2026-08-07T12:40:00+00:00,58.53,58.6,58.3277,58.5599,133851.511921
2026-08-07T12:45:00+00:00,58.52,58.69,58.39,58.56,121562.532212
2026-08-07T12:50:00+00:00,58.62,58.72,58.6022,58.7,73243.425064
2026-08-07T12:55:00+00:00,58.68,58.77,58.58,58.59,95496.853402
2026-08-07T13:00:00+00:00,58.57,58.58,58.41,58.4605,50506.99471499999
2026-08-07T13:05:00+00:00,58.47,58.56,58.07,58.08,147095.67531199998
2026-08-07T13:10:00+00:00,58.05,58.14,57.99,58.06,63484.171931
2026-08-07T13:15:00+00:00,58.02,58.0494,57.9,57.9447,47239.793999
2026-08-07T13:20:00+00:00,57.9,57.93,57.69,57.88,59953.56611
2026-08-07T13:25:00+00:00,57.88,58.0069,57.87,57.99,38711.566011999996
2026-08-07T13:30:00+00:00,57.98,58.0469,57.9104,57.97,38639.887518
2026-08-07T13:35:00+00:00,57.999,58.05,57.775,57.875,986160.3344299999
2026-08-07T13:40:00+00:00,57.87,58.18,57.86,58.115,470234.047127
2026-08-07T13:45:00+00:00,58.13,58.1781,58.05,58.09,562184.693384
2026-08-07T13:50:00+00:00,58.1,58.175,57.975,57.995,423975.077908
2026-08-07T13:55:00+00:00,57.995,58.09,57.97,58.045,280272.734895
2026-08-07T14:00:00+00:00,58.04,58.065,57.62,57.765,373517.292114
2026-08-07T14:05:00+00:00,57.77,57.785,57.46,57.4624,444886.54062999994
2026-08-07T14:10:00+00:00,57.47,57.53,57.405,57.485,256801.83302400002
2026-08-07T14:15:00+00:00,57.495,57.575,57.22,57.4,387047.476233
2026-08-07T14:20:00+00:00,57.405,57.6582,57.23,57.64,283650.902121
2026-08-07T14:25:00+00:00,57.635,57.71,57.605,57.68,249117.176875
2026-08-07T14:30:00+00:00,57.67,57.68,57.5601,57.625,207574.955617
2026-08-07T14:35:00+00:00,57.63,57.66,57.4719,57.59,164218.58208499997
2026-08-07T14:40:00+00:00,57.6,57.665,57.53,57.54,252753.77288600002
2026-08-07T14:45:00+00:00,57.535,57.6788,57.49,57.5105,141517.205856
2026-08-07T14:50:00+00:00,57.52,57.579,57.33,57.375,186484.69329999998
2026-08-07T14:55:00+00:00,57.3801,57.55,57.3801,57.44,165025.238822
2026-08-07T15:00:00+00:00,57.43,57.4699,57.25,57.2699,208045.43613400002
2026-08-07T15:05:00+00:00,57.29,57.525,57.26,57.475,180337.90147100002
2026-08-07T15:10:00+00:00,57.4684,57.6295,57.4684,57.56,118178.549877
2026-08-07T15:15:00+00:00,57.56,57.635,57.495,57.6035,95133.89323400002
2026-08-07T15:20:00+00:00,57.595,57.6,57.49,57.511,255379.13869199998
2026-08-07T15:25:00+00:00,57.505,57.57,57.48,57.525,154754.625955
2026-08-07T15:30:00+00:00,57.535,57.5499,57.385,57.385,151321.294089
2026-08-07T15:35:00+00:00,57.37,57.42,57.275,57.3903,124305.45871700002
2026-08-07T15:40:00+00:00,57.405,57.475,57.395,57.405,85482.379672
2026-08-07T15:45:00+00:00,57.405,57.435,57.3,57.33,101698.521281
2026-08-07T15:50:00+00:00,57.335,57.39,57.325,57.3899,78058.743495
2026-08-07T15:55:00+00:00,57.385,57.4,57.204,57.285,142358.263286
2026-08-07T16:00:00+00:00,57.28,57.31,57.22,57.2439,118138.798127
2026-08-07T16:05:00+00:00,57.245,57.26,57.125,57.26,201224.881504
2026-08-07T16:10:00+00:00,57.26,57.45,57.26,57.415,145805.354547
2026-08-07T16:15:00+00:00,57.4195,57.445,57.355,57.41,363358.223895
2026-08-07T16:20:00+00:00,57.41,57.43,57.28,57.28,106304.19101200001
2026-08-07T16:25:00+00:00,57.2699,57.46,57.2,57.21,245426.35457599998
2026-08-07T16:30:00+00:00,57.215,57.25,57.16,57.24,87954.03986399999
2026-08-07T16:35:00+00:00,57.24,57.24,57.1,57.2245,139196.96385
2026-08-07T16:40:00+00:00,57.225,57.245,57.17,57.1999,78657.180551
2026-08-07T16:45:00+00:00,57.195,57.23,57.17,57.21,58956.487897
2026-08-07T16:50:00+00:00,57.205,57.26,57.14,57.195,96962.205981
2026-08-07T16:55:00+00:00,57.1899,57.195,57.06,57.08,82464.781204
2026-08-07T17:00:00+00:00,57.085,57.0881,57.02,57.05,121677.08861299999
2026-08-07T17:05:00+00:00,57.04,57.105,56.99,57.09,152438.682104
2026-08-07T17:10:00+00:00,57.095,57.21,57.085,57.145,109713.770928
2026-08-07T17:15:00+00:00,57.145,57.17,57.09,57.125,126983.396319
2026-08-07T17:20:00+00:00,57.12,57.13,57.0634,57.095,90325.53401199999
2026-08-07T17:25:00+00:00,57.0864,57.22,57.055,57.205,123508.87656599999
2026-08-07T17:30:00+00:00,57.21,57.26,57.1699,57.21,144785.908443
2026-08-07T17:35:00+00:00,57.22,57.26,57.105,57.155,182211.955122
2026-08-07T17:40:00+00:00,57.15,57.2,57.07,57.19,153427.701364
2026-08-07T17:45:00+00:00,57.19,57.29,57.19,57.24,126065.100924
2026-08-07T17:50:00+00:00,57.24,57.26,57.205,57.24,123471.53518099998
2026-08-07T17:55:00+00:00,57.245,57.32,57.245,57.285,172595.818587
2026-08-07T18:00:00+00:00,57.295,57.32,57.25,57.255,136988.960319
2026-08-07T18:05:00+00:00,57.255,57.26,57.22,57.245,98306.689821
2026-08-07T18:10:00+00:00,57.245,57.315,57.245,57.285,104871.234451
2026-08-07T18:15:00+00:00,57.285,57.305,57.105,57.125,103425.438336
2026-08-07T18:20:00+00:00,57.13,57.175,57.12,57.145,154351.895542
2026-08-07T18:25:00+00:00,57.145,57.16,57.08,57.11,121435.39449600001
2026-08-07T18:30:00+00:00,57.1099,57.16,57.09,57.11,102889.24267
2026-08-07T18:35:00+00:00,57.12,57.25,57.12,57.22,111835.265915
2026-08-07T18:40:00+00:00,57.22,57.26,57.2001,57.235,120860.528668
2026-08-07T18:45:00+00:00,57.235,57.245,57.16,57.18,126140.14966299999
2026-08-07T18:50:00+00:00,57.175,57.3,57.175,57.28,109916.53508500001
2026-08-07T18:55:00+00:00,57.29,57.3,57.18,57.195,187117.529904
2026-08-07T19:00:00+00:00,57.2,57.235,57.18,57.215,108826.41507799999
2026-08-07T19:05:00+00:00,57.215,57.46,57.215,57.375,241421.30891899997
2026-08-07T19:10:00+00:00,57.385,57.485,57.38,57.485,144572.705166
2026-08-07T19:15:00+00:00,57.48,57.52,57.405,57.4259,172289.94001800002
2026-08-07T19:20:00+00:00,57.43,57.57,57.41,57.5001,162579.398605
2026-08-07T19:25:00+00:00,57.505,57.575,57.505,57.515,144837.181968
2026-08-07T19:30:00+00:00,57.52,57.53,57.4736,57.525,364913.51442300004
2026-08-07T19:35:00+00:00,57.53,57.575,57.48,57.5142,220782.896193
2026-08-07T19:40:00+00:00,57.52,57.55,57.49,57.525,200892.28179800004
2026-08-07T19:45:00+00:00,57.525,57.568,57.46,57.55,636137.49615
2026-08-07T19:50:00+00:00,57.545,57.58,57.52,57.525,397961.87925700005
2026-08-07T19:55:00+00:00,57.53,57.59,57.415,57.43,404623.75796099997
2026-08-07T20:00:00+00:00,57.435,57.515,57.38,57.51,724429.678972
2026-08-07T20:05:00+00:00,57.52,57.52,57.4151,57.452,38628.114570000005
2026-08-07T20:10:00+00:00,57.4362,57.46,57.41,57.4129,20787.722120000002
2026-08-07T20:15:00+00:00,57.41,57.41,57.37,57.41,11931.331960000001
2026-08-07T20:20:00+00:00,57.3669,57.4,57.33,57.331,28996.665902
2026-08-07T20:25:00+00:00,57.35,57.38,57.34,57.3403,25357.906934000002
2026-08-07T20:30:00+00:00,57.36,57.37,57.33,57.33,16242.321661999998
2026-08-07T20:35:00+00:00,57.33,57.3493,57.31,57.33,4195.761403
2026-08-07T20:40:00+00:00,57.34,57.36,57.33,57.36,9428.039435
2026-08-07T20:45:00+00:00,57.35,57.4185,57.35,57.3797,7404.052249
2026-08-07T20:50:00+00:00,57.35,57.35,57.3201,57.33,8309.0
2026-08-07T20:55:00+00:00,57.35,57.43,57.348,57.43,28243.181184
2026-08-07T21:00:00+00:00,57.4279,57.4608,57.4279,57.4602,68584.16495199999
2026-08-07T21:05:00+00:00,57.4634,57.5016,57.4602,57.5016,4531.474708
2026-08-07T21:10:00+00:00,57.5397,57.57,57.52,57.57,10393.780088
2026-08-07T21:15:00+00:00,57.51,57.51,57.51,57.51,652.0
2026-08-07T21:20:00+00:00,57.4846,57.4913,57.48,57.48,2856.0
2026-08-07T21:25:00+00:00,57.4762,57.4762,57.4762,57.4762,878.600718
2026-08-07T21:30:00+00:00,57.54,57.55,57.54,57.545,1401.297381
2026-08-07T21:35:00+00:00,57.56,57.58,57.5,57.56,6168.544261999999
2026-08-07T21:40:00+00:00,57.54,57.55,57.5,57.55,5904.760762
2026-08-07T21:45:00+00:00,57.56,57.669,57.56,57.6399,14199.161772
2026-08-07T21:50:00+00:00,57.63,57.66,57.63,57.66,2990.5712949999997
2026-08-07T21:55:00+00:00,57.6791,57.68,57.6386,57.64,3383.6845839999996
2026-08-07T22:00:00+00:00,57.654,57.67,57.6,57.6,2717.271798
2026-08-07T22:05:00+00:00,57.6723,57.6723,57.66,57.6632,1342.157173
2026-08-07T22:10:00+00:00,57.6685,57.6685,57.65,57.65,3657.630473
2026-08-07T22:15:00+00:00,57.6765,57.6765,57.6301,57.6305,8890.157611999999
2026-08-07T22:20:00+00:00,57.65,57.8,57.65,57.8,1788.151357
2026-08-07T22:25:00+00:00,57.765,57.8,57.76,57.78,2000.408582
2026-08-07T22:30:00+00:00,57.75,57.77,57.69,57.76,6118.802822
2026-08-07T22:35:00+00:00,57.8,57.8338,57.8,57.8338,2676.0697
2026-08-07T22:40:00+00:00,57.8,57.8047,57.7,57.8047,979.399814
2026-08-07T22:45:00+00:00,57.79,57.79,57.7221,57.75,4409.377786
2026-08-07T22:50:00+00:00,57.765,57.775,57.65,57.67,24439.037115
2026-08-07T22:55:00+00:00,57.68,57.75,57.68,57.72,3312.8
2026-08-07T23:00:00+00:00,57.77,57.8,57.74,57.79,7459.221536
2026-08-07T23:05:00+00:00,57.74,57.74,57.74,57.74,343.0
2026-08-07T23:10:00+00:00,57.7415,57.75,57.63,57.63,709.92066
2026-08-07T23:20:00+00:00,57.7815,57.7815,57.74,57.74,1514.0
2026-08-07T23:25:00+00:00,57.76,57.77,57.76,57.77,560.571428
2026-08-07T23:30:00+00:00,57.76,57.78,57.76,57.77,988.870735
2026-08-07T23:35:00+00:00,57.78,57.7899,57.7695,57.77,1218.60653
2026-08-07T23:40:00+00:00,57.71,57.79,57.71,57.7899,1463.995604
2026-08-07T23:45:00+00:00,57.79,57.79,57.726,57.75,1994.78101
2026-08-07T23:50:00+00:00,57.79,57.79,57.7441,57.7441,1498.607572
2026-08-07T23:55:00+00:00,57.79,57.7982,57.7443,57.7982,21351.540244
2026-08-08T00:00:00+00:00,57.81,57.82,57.72,57.77,12570.0
2026-08-10T08:05:00+00:00,58.17,58.24,57.43,58.1,242232.118182
2026-08-10T08:10:00+00:00,58.13,58.13,58.05,58.05,7684.269628
2026-08-10T08:15:00+00:00,58.04,58.1,58.03,58.1,1983.4735249999999
2026-08-10T08:20:00+00:00,58.09,58.14,58.09,58.14,4897.25778
2026-08-10T08:25:00+00:00,58.14,58.14,58.08,58.08,41030.913996
2026-08-10T08:30:00+00:00,58.09,58.19,58.08,58.19,5368.018738
2026-08-10T08:35:00+00:00,58.17,58.19,58.06,58.06,19460.239453000002
2026-08-10T08:40:00+00:00,58.05,58.08,58.0,58.0,1704.152842
2026-08-10T08:45:00+00:00,58.0,58.02,57.95,57.995,2969.63143
2026-08-10T08:50:00+00:00,57.99,58.02,57.95,57.95,4725.086004
2026-08-10T08:55:00+00:00,57.94,57.99,57.94,57.99,2639.0
2026-08-10T09:00:00+00:00,57.98,58.05,57.97,58.05,3634.832452
2026-08-10T09:05:00+00:00,58.03,58.08,58.03,58.07,4449.0
2026-08-10T09:10:00+00:00,58.0501,58.0501,58.03,58.04,3633.543855
2026-08-10T09:15:00+00:00,58.06,58.09,58.06,58.09,11519.986408
2026-08-10T09:20:00+00:00,58.09,58.09,58.08,58.08,12582.682473
2026-08-10T09:25:00+00:00,58.03,58.05,58.02,58.05,2243.0
2026-08-10T09:30:00+00:00,58.05,58.07,58.05,58.07,781.7490829999999
2026-08-10T09:35:00+00:00,58.07,58.07,58.0,58.0,1670.19
2026-08-10T09:40:00+00:00,57.96,57.96,57.93,57.95,5687.070394
2026-08-10T09:45:00+00:00,57.96,58.0,57.96,58.0,7960.155964
2026-08-10T09:50:00+00:00,57.98,58.0,57.95,57.99,5853.870467
2026-08-10T09:55:00+00:00,57.94,57.97,57.94,57.97,2559.0
2026-08-10T10:00:00+00:00,57.989,57.989,57.989,57.989,506.0
2026-08-10T10:05:00+00:00,57.9,57.91,57.89,57.91,5395.061152
2026-08-10T10:10:00+00:00,57.9,57.9,57.89,57.9,1906.0
2026-08-10T10:15:00+00:00,57.89,57.89,57.84,57.86,9082.563156
2026-08-10T10:20:00+00:00,57.86,57.88,57.83,57.85,3805.8112
2026-08-10T10:25:00+00:00,57.87,57.896,57.87,57.896,733.03
2026-08-10T10:30:00+00:00,57.88,57.88,57.87,57.88,2091.3
2026-08-10T10:35:00+00:00,57.9,57.9,57.88,57.89,7481.96
2026-08-10T10:40:00+00:00,57.88,57.9,57.86,57.9,3528.5
2026-08-10T10:45:00+00:00,57.87,57.87,57.82,57.85,5975.027464999999
2026-08-10T10:50:00+00:00,57.84,57.88,57.84,57.88,987.588409
2026-08-10T10:55:00+00:00,57.82,57.86,57.79,57.81,18381.002898
2026-08-10T11:00:00+00:00,57.8,57.83,57.76,57.78,5763.314401
2026-08-10T11:05:00+00:00,57.79,57.81,57.74,57.76,74452.519441
2026-08-10T11:10:00+00:00,57.7404,57.78,57.7404,57.77,10621.797121
2026-08-10T11:15:00+00:00,57.77,57.7898,57.6701,57.72,31834.466946
2026-08-10T11:20:00+00:00,57.75,57.75,57.68,57.701,9738.4063
2026-08-10T11:25:00+00:00,57.71,57.8459,57.69,57.8459,35182.844863
2026-08-10T11:30:00+00:00,57.85,57.89,57.84,57.87,13811.0
2026-08-10T11:35:00+00:00,57.8501,57.92,57.8501,57.9,10277.193827
2026-08-10T11:40:00+00:00,57.9,57.9269,57.85,57.9269,12957.973484
2026-08-10T11:45:00+00:00,57.93,57.9396,57.8973,57.9,6514.729174
2026-08-10T11:50:00+00:00,57.9,57.93,57.83,57.83,66084.172039
2026-08-10T11:55:00+00:00,57.8001,57.9,57.8,57.9,4972.488941
2026-08-10T12:00:00+00:00,57.9,57.93,57.89,57.89,5210.481766
2026-08-10T12:05:00+00:00,57.86,57.9099,57.84,57.9099,14230.296356
2026-08-10T12:10:00+00:00,57.9,57.95,57.88,57.94,6834.488219
2026-08-10T12:15:00+00:00,57.95,57.96,57.8,57.83,12863.81434
2026-08-10T12:20:00+00:00,57.84,57.84,57.8,57.8038,8951.025951
2026-08-10T12:25:00+00:00,57.81,57.81,57.66,57.6801,20765.141906999997
2026-08-10T12:30:00+00:00,57.67,57.7069,57.63,57.7001,10059.433501000001
2026-08-10T12:35:00+00:00,57.73,57.8083,57.66,57.66,24593.468931
2026-08-10T12:40:00+00:00,57.66,57.77,57.64,57.75,19846.247543999998
2026-08-10T12:45:00+00:00,57.75,57.79,57.74,57.77,6670.956555
2026-08-10T12:50:00+00:00,57.74,57.8369,57.74,57.82,21278.0
2026-08-10T12:55:00+00:00,57.81,57.81,57.74,57.7424,6758.691105
2026-08-10T13:00:00+00:00,57.7201,57.81,57.71,57.72,13030.363258
2026-08-10T13:05:00+00:00,57.76,57.77,57.5,57.5654,36383.109812
2026-08-10T13:10:00+00:00,57.58,57.71,57.58,57.71,16318.586114
2026-08-10T13:15:00+00:00,57.76,57.83,57.72,57.8,10765.440659000002
2026-08-10T13:20:00+00:00,57.8,57.86,57.78,57.81,11304.785987
2026-08-10T13:25:00+00:00,57.8,57.8499,57.73,57.7364,15329.801105
2026-08-10T13:30:00+00:00,57.74,57.81,57.74,57.8,28322.090904999997
2026-08-10T13:35:00+00:00,57.8,57.915,57.735,57.885,629772.877617
2026-08-10T13:40:00+00:00,57.88,57.985,57.87,57.97,561552.572512
2026-08-10T13:45:00+00:00,57.98,57.9864,57.82,57.845,190706.95768399996
2026-08-10T13:50:00+00:00,57.85,57.88,57.6824,57.735,228923.16573999997
2026-08-10T13:55:00+00:00,57.74,57.74,57.5704,57.64,255674.03068900004
2026-08-10T14:00:00+00:00,57.625,57.66,57.52,57.54,286403.48895200004
2026-08-10T14:05:00+00:00,57.54,57.74,57.53,57.695,177308.450675
2026-08-10T14:10:00+00:00,57.7,57.75,57.67,57.72,156950.641597
2026-08-10T14:15:00+00:00,57.715,57.89,57.715,57.89,274271.77195
2026-08-10T14:20:00+00:00,57.88,57.92,57.78,57.9199,140488.928166
2026-08-10T14:25:00+00:00,57.9177,58.28,57.8903,58.195,349522.323708
2026-08-10T14:30:00+00:00,58.2,58.3999,58.195,58.315,314293.91726899997
2026-08-10T14:35:00+00:00,58.315,58.48,58.28,58.355,422374.079425
2026-08-10T14:40:00+00:00,58.37,58.48,58.3482,58.3898,193022.07048700002
2026-08-10T14:45:00+00:00,58.3811,58.51,58.34,58.475,244445.35918699997
2026-08-10T14:50:00+00:00,58.485,58.64,58.4799,58.5951,227369.778127
2026-08-10T14:55:00+00:00,58.6,58.6,58.3605,58.4,236130.42248699997
2026-08-10T15:00:00+00:00,58.39,58.56,58.39,58.515,147907.25545400003
2026-08-10T15:05:00+00:00,58.52,58.61,58.47,58.545,222552.420482
2026-08-10T15:10:00+00:00,58.54,58.55,58.46,58.48,254716.88193700003
2026-08-10T15:15:00+00:00,58.485,58.54,58.44,58.4733,130312.83714700001
2026-08-10T15:20:00+00:00,58.48,58.519,58.415,58.455,270803.00410699996
2026-08-10T15:25:00+00:00,58.4501,58.51,58.405,58.405,214187.97421100002
2026-08-10T15:30:00+00:00,58.405,58.43,58.325,58.36,186203.233375
2026-08-10T15:35:00+00:00,58.365,58.4281,58.36,58.37,88010.338363
2026-08-10T15:40:00+00:00,58.38,58.5,58.38,58.4329,166641.11959400002
2026-08-10T15:45:00+00:00,58.435,58.47,58.42,58.42,94658.495867
2026-08-10T15:50:00+00:00,58.43,58.49,58.41,58.46,111310.26654
2026-08-10T15:55:00+00:00,58.4688,58.7,58.4655,58.695,218203.245838
2026-08-10T16:00:00+00:00,58.695,58.9,58.68,58.78,304716.72182800004
2026-08-10T16:05:00+00:00,58.7819,59.0,58.76,58.83,292198.234861
2026-08-10T16:10:00+00:00,58.84,58.975,58.83,58.93,175296.075198
2026-08-10T16:15:00+00:00,58.93,58.9598,58.86,58.8699,263816.815921
2026-08-10T16:20:00+00:00,58.86,58.975,58.83,58.9099,298610.344047
2026-08-10T16:25:00+00:00,58.9014,58.9699,58.85,58.855,208525.56656799998
2026-08-10T16:30:00+00:00,58.86,58.9199,58.8319,58.9119,134624.289425
2026-08-10T16:35:00+00:00,58.915,58.95,58.6,58.75,445054.548721
2026-08-10T16:40:00+00:00,58.755,58.84,58.73,58.735,129994.024129
2026-08-10T16:45:00+00:00,58.73,58.75,58.6,58.625,166569.725872
2026-08-10T16:50:00+00:00,58.62,58.68,58.6,58.64,117632.215597
2026-08-10T16:55:00+00:00,58.635,58.665,58.6,58.605,98992.577491
2026-08-10T17:00:00+00:00,58.605,58.695,58.56,58.69,122667.174964
2026-08-10T17:05:00+00:00,58.69,58.73,58.615,58.62,438860.445753
2026-08-10T17:10:00+00:00,58.615,58.765,58.6,58.74,209568.018172
2026-08-10T17:15:00+00:00,58.74,58.805,58.74,58.78,226119.766286
2026-08-10T17:20:00+00:00,58.79,58.855,58.77,58.835,258614.096993
2026-08-10T17:25:00+00:00,58.845,58.9,58.81,58.81,183315.041322
2026-08-10T17:30:00+00:00,58.81,58.8899,58.78,58.885,282347.60010499996
2026-08-10T17:35:00+00:00,58.885,58.955,58.885,58.915,155817.375998
2026-08-10T17:40:00+00:00,58.91,58.965,58.9,58.925,285942.715422
2026-08-10T17:45:00+00:00,58.92,58.925,58.84,58.855,103408.561605
2026-08-10T17:50:00+00:00,58.85,58.94,58.81,58.935,539741.538409
2026-08-10T17:55:00+00:00,58.94,58.955,58.84,58.845,339223.124111
2026-08-10T18:00:00+00:00,58.85,58.86,58.8,58.86,153792.460233
2026-08-10T18:05:00+00:00,58.855,58.88,58.81,58.845,117624.10460699999
2026-08-10T18:10:00+00:00,58.845,58.905,58.815,58.89,219044.61767200002
2026-08-10T18:15:00+00:00,58.89,58.92,58.84,58.84,175995.12047799997
2026-08-10T18:20:00+00:00,58.84,58.8556,58.785,58.8199,119924.83993100001
2026-08-10T18:25:00+00:00,58.825,58.845,58.7824,58.83,113587.579633
2026-08-10T18:30:00+00:00,58.8317,58.87,58.8,58.86,103735.436092
2026-08-10T18:35:00+00:00,58.855,59.18,58.85,59.15,356179.532334
2026-08-10T18:40:00+00:00,59.145,59.24,59.12,59.24,275425.949515
2026-08-10T18:45:00+00:00,59.23,59.41,59.23,59.2803,387433.21678399993
2026-08-10T18:50:00+00:00,59.285,59.29,59.13,59.265,504403.93255200004
2026-08-10T18:55:00+00:00,59.265,59.33,59.235,59.27,133914.496625
2026-08-10T19:00:00+00:00,59.27,59.34,59.25,59.31,127417.933215
2026-08-10T19:05:00+00:00,59.31,59.4181,59.31,59.385,150992.437724
2026-08-10T19:10:00+00:00,59.385,59.5,59.385,59.465,310841.030378
2026-08-10T19:15:00+00:00,59.46,59.51,59.4339,59.46,235794.585148
2026-08-10T19:20:00+00:00,59.46,59.55,59.445,59.535,240516.943561
2026-08-10T19:25:00+00:00,59.54,59.69,59.535,59.665,565405.633259
2026-08-10T19:30:00+00:00,59.66,59.72,59.55,59.6,333216.046467
2026-08-10T19:35:00+00:00,59.61,59.65,59.52,59.545,339551.072233
2026-08-10T19:40:00+00:00,59.545,59.56,59.495,59.545,394980.449912
2026-08-10T19:45:00+00:00,59.545,59.585,59.49,59.51,280731.884728
2026-08-10T19:50:00+00:00,59.505,59.67,59.5,59.6678,362418.167824
2026-08-10T19:55:00+00:00,59.65,59.69,59.535,59.545,407593.436782
2026-08-10T20:00:00+00:00,59.545,59.55,59.36,59.43,842558.851222
2026-08-10T20:05:00+00:00,59.43,59.48,59.3818,59.47,13636.653097999999
2026-08-10T20:10:00+00:00,59.45,59.4549,59.39,59.3903,17158.736157
2026-08-10T20:15:00+00:00,59.39,59.44,59.39,59.44,11196.245880999999
2026-08-10T20:20:00+00:00,59.43,59.47,59.43,59.449,16124.959707
2026-08-10T20:25:00+00:00,59.44,59.44,59.3657,59.381,10747.536638
2026-08-10T20:30:00+00:00,59.39,59.52,59.39,59.49,12421.202978
2026-08-10T20:35:00+00:00,59.5,59.52,59.4646,59.51,5734.246977
2026-08-10T20:40:00+00:00,59.48,59.51,59.44,59.4406,13070.912366
2026-08-10T20:45:00+00:00,59.4411,59.46,59.43,59.44,13515.610926000001
2026-08-10T20:50:00+00:00,59.42,59.45,59.4,59.4299,26715.119906
2026-08-10T20:55:00+00:00,59.43,59.46,59.399,59.399,6583.336972
2026-08-10T21:00:00+00:00,59.4,59.4263,59.3711,59.3711,18185.499871
2026-08-10T21:05:00+00:00,59.4,59.4,59.3217,59.37,4699.55343
2026-08-10T21:10:00+00:00,59.38,59.4,59.3799,59.4,2671.026554
2026-08-10T21:15:00+00:00,59.3979,59.42,59.3979,59.42,677.536064
2026-08-10T21:20:00+00:00,59.41,59.42,59.3693,59.3923,3872.967588
2026-08-10T21:25:00+00:00,59.42,59.4238,59.4,59.4238,2065.335641
2026-08-10T21:30:00+00:00,59.41,59.4366,59.41,59.43,2471.684808
2026-08-10T21:35:00+00:00,59.43,59.44,59.41,59.4302,12047.261534000001
2026-08-10T21:40:00+00:00,59.4373,59.44,59.43,59.44,2685.892253
2026-08-10T21:45:00+00:00,59.44,59.44,59.416,59.42,3050.01291
2026-08-10T21:50:00+00:00,59.426,59.43,59.38,59.43,4583.086827
2026-08-10T21:55:00+00:00,59.4,59.43,59.4,59.43,4416.262935
2026-08-10T22:00:00+00:00,59.4273,59.43,59.42,59.43,4726.459183
2026-08-10T22:05:00+00:00,59.43,59.48,59.39,59.45,8104.248534
2026-08-10T22:10:00+00:00,59.4387,59.4387,59.4387,59.4387,106.265452
2026-08-10T22:15:00+00:00,59.42,59.42,59.41,59.41,2984.0
2026-08-10T22:20:00+00:00,59.4001,59.4171,59.4001,59.4171,544.524732
2026-08-10T22:25:00+00:00,59.4,59.42,59.4,59.42,1537.293475
2026-08-10T22:30:00+00:00,59.41,59.43,59.41,59.4269,2735.1370909999996
2026-08-10T22:35:00+00:00,59.4286,59.4286,59.4,59.4154,2270.083826
2026-08-10T22:40:00+00:00,59.391,59.42,59.391,59.3995,4025.9783
2026-08-10T22:45:00+00:00,59.41,59.466,59.41,59.4638,4411.1647299999995
2026-08-10T22:50:00+00:00,59.47,59.492,59.4445,59.4445,5504.012852
2026-08-10T22:55:00+00:00,59.49,59.5269,59.4785,59.5269,8157.6619009999995
2026-08-10T23:00:00+00:00,59.53,59.54,59.5146,59.52,7011.872238
2026-08-10T23:05:00+00:00,59.54,59.55,59.47,59.4759,4309.1
2026-08-10T23:10:00+00:00,59.47,59.52,59.46,59.48,4020.324419
2026-08-10T23:15:00+00:00,59.43,59.46,59.43,59.4526,3469.676757
2026-08-10T23:20:00+00:00,59.45,59.45,59.4201,59.4202,3132.936429
2026-08-10T23:25:00+00:00,59.43,59.44,59.41,59.4296,7141.201516
2026-08-10T23:30:00+00:00,59.4103,59.43,59.4,59.4,8185.467425999999
2026-08-10T23:35:00+00:00,59.4165,59.4165,59.39,59.39,9747.995443
2026-08-10T23:40:00+00:00,59.3935,59.4138,59.3935,59.4,745.568268
2026-08-10T23:45:00+00:00,59.42,59.44,59.42,59.44,1622.070293
2026-08-10T23:50:00+00:00,59.45,59.48,59.4499,59.48,2963.562857
2026-08-10T23:55:00+00:00,59.45,59.45,59.4246,59.4403,6390.0
2026-08-11T00:00:00+00:00,59.45,59.4823,59.44,59.48,4985.0
2026-08-11T08:05:00+00:00,58.25,59.52,58.06,58.37,424116.018258
2026-08-11T08:10:00+00:00,58.38,58.65,58.38,58.46,14653.281094
2026-08-11T08:15:00+00:00,58.46,58.49,58.42,58.43,12677.019441
2026-08-11T08:20:00+00:00,58.44,58.44,58.35,58.3801,5413.301013
2026-08-11T08:25:00+00:00,58.38,58.4,58.34,58.4,17172.559284000003
2026-08-11T08:30:00+00:00,58.43,58.47,58.42,58.47,12181.932945
2026-08-11T08:35:00+00:00,58.47,58.47,58.43,58.45,18282.421467
2026-08-11T08:40:00+00:00,58.48,58.53,58.48,58.53,45097.271655000004
2026-08-11T08:45:00+00:00,58.55,58.61,58.55,58.58,12392.646377000001
2026-08-11T08:50:00+00:00,58.6,58.65,58.6,58.6,4531.203240999999
2026-08-11T08:55:00+00:00,58.63,58.64,58.5,58.5,6475.015627000001
2026-08-11T09:00:00+00:00,58.52,58.5399,58.46,58.46,2807.517182
2026-08-11T09:05:00+00:00,58.43,58.51,58.4,58.43,19264.033876999998
2026-08-11T09:10:00+00:00,58.5,58.53,58.48,58.48,2321.937246
2026-08-11T09:15:00+00:00,58.46,58.57,58.46,58.56,6636.599133
2026-08-11T09:20:00+00:00,58.56,58.59,58.53,58.59,2108.0
2026-08-11T09:25:00+00:00,58.62,58.64,58.6,58.64,2707.0
2026-08-11T09:30:00+00:00,58.59,58.64,58.57,58.59,3711.092849
2026-08-11T09:35:00+00:00,58.57,58.64,58.57,58.63,1182.0
2026-08-11T09:40:00+00:00,58.64,58.64,58.61,58.61,2768.0
2026-08-11T09:45:00+00:00,58.65,58.67,58.61,58.62,1788.0
2026-08-11T09:50:00+00:00,58.62,58.7,58.62,58.67,10374.941936000001
2026-08-11T09:55:00+00:00,58.66,58.66,58.62,58.63,2727.7960430000003
2026-08-11T10:00:00+00:00,58.65,58.7,58.65,58.68,3827.031637
2026-08-11T10:05:00+00:00,58.67,58.67,58.59,58.62,41293.550940999994
2026-08-11T10:10:00+00:00,58.64,58.69,58.63,58.67,4780.87558
2026-08-11T10:15:00+00:00,58.67,58.72,58.64,58.64,5597.384887
2026-08-11T10:20:00+00:00,58.67,58.67,58.67,58.67,820.5
2026-08-11T10:25:00+00:00,58.7,58.8,58.7,58.8,5605.827125
2026-08-11T10:30:00+00:00,58.78,58.88,58.78,58.88,35044.783031
2026-08-11T10:35:00+00:00,58.78,58.82,58.75,58.76,2911.826989
2026-08-11T10:40:00+00:00,58.8,58.8,58.77,58.77,1010.0
2026-08-11T10:45:00+00:00,58.7687,58.78,58.73,58.74,870.3370970000001
2026-08-11T10:50:00+00:00,58.74,58.78,58.74,58.78,1201.707846
2026-08-11T10:55:00+00:00,58.86,58.86,58.82,58.86,1550.195363
2026-08-11T11:00:00+00:00,58.83,58.83,58.78,58.83,4751.35
2026-08-11T11:05:00+00:00,58.8497,59.02,58.79,58.94,63649.023239999995
2026-08-11T11:10:00+00:00,58.94,59.0284,58.94,59.0,29921.740885
2026-08-11T11:15:00+00:00,59.0,59.036,58.9713,58.98,16480.577719
2026-08-11T11:20:00+00:00,58.99,59.0161,58.92,58.97,8724.285146
2026-08-11T11:25:00+00:00,58.97,58.97,58.89,58.89,25727.391547
2026-08-11T11:30:00+00:00,58.8912,59.0099,58.88,58.99,11059.0
2026-08-11T11:35:00+00:00,58.98,58.9899,58.9062,58.94,16296.007958000002
2026-08-11T11:40:00+00:00,58.9398,58.94,58.8597,58.86,5450.241203
2026-08-11T11:45:00+00:00,58.88,58.93,58.86,58.93,19447.692366999996
2026-08-11T11:50:00+00:00,58.95,58.99,58.9369,58.99,22284.0
2026-08-11T11:55:00+00:00,59.01,59.01,58.93,58.96,15157.260516
2026-08-11T12:00:00+00:00,58.94,58.95,58.91,58.9414,13682.833161999999
2026-08-11T12:05:00+00:00,58.9099,58.9099,58.7501,58.7987,27154.319655
2026-08-11T12:10:00+00:00,58.81,59.0,58.81,58.94,12290.363618
2026-08-11T12:15:00+00:00,58.98,59.02,58.87,59.02,6361.719333
2026-08-11T12:20:00+00:00,58.97,58.98,58.92,58.96,9188.65899
2026-08-11T12:25:00+00:00,58.91,58.93,58.71,58.72,72247.292786
2026-08-11T12:30:00+00:00,58.7,58.75,58.6899,58.71,11078.042728999999
2026-08-11T12:35:00+00:00,58.7,58.77,58.6,58.65,17912.540824
2026-08-11T12:40:00+00:00,58.65,58.7,58.63,58.63,11149.0
2026-08-11T12:45:00+00:00,58.68,58.8,58.68,58.8,12610.481479999999
2026-08-11T12:50:00+00:00,58.82,58.84,58.72,58.73,8867.667517
2026-08-11T12:55:00+00:00,58.79,58.79,58.6462,58.6462,5531.623415
2026-08-11T13:00:00+00:00,58.66,58.68,58.6,58.61,29292.816872
2026-08-11T13:05:00+00:00,58.6,58.88,58.6,58.65,13872.886332000002
2026-08-11T13:10:00+00:00,58.73,58.75,58.66,58.7,7738.300039
2026-08-11T13:15:00+00:00,58.774,58.79,58.68,58.68,9882.388997
2026-08-11T13:20:00+00:00,58.63,58.6939,58.56,58.67,17957.086383
2026-08-11T13:25:00+00:00,58.676,58.81,58.6662,58.7238,20325.058551000002
2026-08-11T13:30:00+00:00,58.6546,58.73,58.65,58.68,46350.434743000005
2026-08-11T13:35:00+00:00,58.674,58.755,58.465,58.515,614378.147181
2026-08-11T13:40:00+00:00,58.51,58.8081,58.4969,58.8081,348964.307098
2026-08-11T13:45:00+00:00,58.8086,58.935,58.73,58.875,322506.25045299996
2026-08-11T13:50:00+00:00,58.88,58.99,58.69,58.77,376052.805065
2026-08-11T13:55:00+00:00,58.775,58.8377,58.52,58.555,402444.168717
2026-08-11T14:00:00+00:00,58.555,58.7377,58.52,58.62,310917.99546899996
2026-08-11T14:05:00+00:00,58.62,58.69,58.53,58.57,236146.832589
2026-08-11T14:10:00+00:00,58.595,58.635,58.56,58.605,172535.239294
2026-08-11T14:15:00+00:00,58.615,58.68,58.54,58.6705,136361.61469
2026-08-11T14:20:00+00:00,58.675,58.77,58.58,58.66,303539.83075400005
2026-08-11T14:25:00+00:00,58.6577,58.74,58.53,58.63,194061.350242
2026-08-11T14:30:00+00:00,58.62,58.7477,58.58,58.6,237117.06562600003
2026-08-11T14:35:00+00:00,58.6,58.82,58.6,58.79,163132.652506
2026-08-11T14:40:00+00:00,58.8,58.835,58.7601,58.77,91468.56726400001
2026-08-11T14:45:00+00:00,58.785,58.845,58.78,58.815,100025.56464
2026-08-11T14:50:00+00:00,58.82,58.85,58.77,58.82,138947.29130399998
2026-08-11T14:55:00+00:00,58.83,58.8477,58.765,58.805,89183.16780699999
2026-08-11T15:00:00+00:00,58.805,58.85,58.73,58.75,108953.27947
2026-08-11T15:05:00+00:00,58.76,58.8899,58.73,58.84,113221.543817
2026-08-11T15:10:00+00:00,58.8499,58.86,58.65,58.68,123861.47506300002
2026-08-11T15:15:00+00:00,58.67,58.85,58.655,58.73,205416.662458
2026-08-11T15:20:00+00:00,58.72,58.725,58.565,58.645,239516.117482
2026-08-11T15:25:00+00:00,58.645,58.68,58.545,58.575,120696.51438399998
2026-08-11T15:30:00+00:00,58.58,58.6201,58.52,58.605,147176.541564
2026-08-11T15:35:00+00:00,58.61,58.61,58.43,58.445,178102.284575
2026-08-11T15:40:00+00:00,58.44,58.48,58.315,58.315,159613.586798
2026-08-11T15:45:00+00:00,58.315,58.4,58.155,58.4,249455.54899299997
2026-08-11T15:50:00+00:00,58.3944,58.47,58.375,58.425,118205.77800600001
2026-08-11T15:55:00+00:00,58.43,58.58,58.425,58.5615,136944.53614
2026-08-11T16:00:00+00:00,58.575,58.69,58.55,58.6882,83884.902337
2026-08-11T16:05:00+00:00,58.69,58.72,58.64,58.645,97854.355438
2026-08-11T16:10:00+00:00,58.645,58.68,58.615,58.65,58639.832882
2026-08-11T16:15:00+00:00,58.66,58.76,58.65,58.715,101186.502489
2026-08-11T16:20:00+00:00,58.715,58.73,58.675,58.685,49791.065077
2026-08-11T16:25:00+00:00,58.68,58.84,58.68,58.81,130429.09224799999
2026-08-11T16:30:00+00:00,58.8021,58.84,58.79,58.7942,42512.500104
2026-08-11T16:35:00+00:00,58.7899,58.7899,58.685,58.755,89374.520922
2026-08-11T16:40:00+00:00,58.755,58.82,58.75,58.78,143418.780027
2026-08-11T16:45:00+00:00,58.79,58.79,58.685,58.7,101475.622439
2026-08-11T16:50:00+00:00,58.7,58.7426,58.68,58.7,38777.698071
2026-08-11T16:55:00+00:00,58.69,58.69,58.62,58.65,65306.878478
2026-08-11T17:00:00+00:00,58.655,58.695,58.635,58.6623,46470.731149
2026-08-11T17:05:00+00:00,58.6799,58.715,58.655,58.6582,42016.268725
2026-08-11T17:10:00+00:00,58.6522,58.71,58.605,58.7,64649.78528
2026-08-11T17:15:00+00:00,58.695,58.6999,58.58,58.58,68078.267298
2026-08-11T17:20:00+00:00,58.56,58.6,58.525,58.6,91560.76857399999
2026-08-11T17:25:00+00:00,58.6,58.645,58.48,58.56,143432.729369
2026-08-11T17:30:00+00:00,58.55,58.57,58.5001,58.535,102403.33134199999
2026-08-11T17:35:00+00:00,58.535,58.535,58.442,58.475,109771.89208399999
2026-08-11T17:40:00+00:00,58.48,58.515,58.44,58.47,193476.187141
2026-08-11T17:45:00+00:00,58.465,58.545,58.465,58.53,101107.43788
2026-08-11T17:50:00+00:00,58.53,58.5977,58.5099,58.56,67925.33671999999
2026-08-11T17:55:00+00:00,58.56,58.57,58.44,58.4402,69113.244558
2026-08-11T18:00:00+00:00,58.4423,58.47,58.315,58.32,334072.715812
2026-08-11T18:05:00+00:00,58.32,58.355,58.26,58.34,189433.39052
2026-08-11T18:10:00+00:00,58.34,58.37,58.2,58.225,146518.427314
2026-08-11T18:15:00+00:00,58.23,58.255,58.18,58.235,83530.729075
2026-08-11T18:20:00+00:00,58.24,58.36,58.235,58.36,77100.071693
2026-08-11T18:25:00+00:00,58.36,58.36,58.245,58.32,97532.40179100001
2026-08-11T18:30:00+00:00,58.32,58.3581,58.235,58.255,61232.767411
2026-08-11T18:35:00+00:00,58.26,58.41,58.23,58.41,77470.567995
2026-08-11T18:40:00+00:00,58.41,58.5,58.4,58.4701,87838.22970200001
2026-08-11T18:45:00+00:00,58.4701,58.4701,58.4,58.435,124276.345165
2026-08-11T18:50:00+00:00,58.43,58.5,58.425,58.4999,48716.41606
2026-08-11T18:55:00+00:00,58.495,58.51,58.46,58.495,61593.349294
2026-08-11T19:00:00+00:00,58.5,58.52,58.46,58.475,49942.976614
2026-08-11T19:05:00+00:00,58.475,58.485,58.39,58.39,63825.846391
2026-08-11T19:10:00+00:00,58.3899,58.41,58.32,58.355,202246.84350100002
2026-08-11T19:15:00+00:00,58.355,58.4301,58.335,58.34,62681.112924
2026-08-11T19:20:00+00:00,58.345,58.3887,58.29,58.3201,80307.610092
2026-08-11T19:25:00+00:00,58.3223,58.4499,58.31,58.4429,88852.982724
2026-08-11T19:30:00+00:00,58.44,58.5,58.4101,58.4801,90289.31717899999
2026-08-11T19:35:00+00:00,58.49,58.58,58.4701,58.49,117591.874099
2026-08-11T19:40:00+00:00,58.49,58.51,58.46,58.505,90790.961961
2026-08-11T19:45:00+00:00,58.5064,58.51,58.395,58.43,161514.52104999998
2026-08-11T19:50:00+00:00,58.425,58.475,58.395,58.47,200464.45363699997
2026-08-11T19:55:00+00:00,58.47,58.53,58.415,58.53,173617.941261
2026-08-11T20:00:00+00:00,58.52,58.59,58.5,58.54,522543.914142
2026-08-11T20:05:00+00:00,58.55,58.55,58.4526,58.47,5813.056854
2026-08-11T20:10:00+00:00,58.48,58.508,58.45,58.508,15565.458631
2026-08-11T20:15:00+00:00,58.51,58.51,58.46,58.48,7899.605449000001
2026-08-11T20:20:00+00:00,58.45,58.45,58.42,58.42,3024.2419400000003
2026-08-11T20:25:00+00:00,58.41,58.44,58.41,58.44,51357.788712
2026-08-11T20:30:00+00:00,58.45,58.46,58.4374,58.4446,23344.607147000002
2026-08-11T20:35:00+00:00,58.4444,58.4671,58.43,58.43,2941.0
2026-08-11T20:40:00+00:00,58.44,58.44,58.43,58.44,811.017194
2026-08-11T20:45:00+00:00,58.45,58.45,58.44,58.4403,2850.40083
2026-08-11T20:50:00+00:00,58.4356,58.4356,58.42,58.42,5118.109357
2026-08-11T20:55:00+00:00,58.4302,58.45,58.4302,58.45,804.0
2026-08-11T21:00:00+00:00,58.44,58.47,58.44,58.47,494.020137
2026-08-11T21:05:00+00:00,58.51,58.51,58.51,58.51,112.591326
2026-08-11T21:15:00+00:00,58.4613,58.5,58.4613,58.5,2253.710158
2026-08-11T21:20:00+00:00,58.5,58.5,58.4507,58.4992,1774.854719
2026-08-11T21:25:00+00:00,58.49,58.5,58.4804,58.4804,1782.0
2026-08-11T21:30:00+00:00,58.4806,58.4831,58.47,58.47,510.333926
2026-08-11T21:35:00+00:00,58.47,58.4954,58.47,58.4954,492.92278
2026-08-11T21:40:00+00:00,58.4954,58.5,58.47,58.47,631.263319
2026-08-11T21:45:00+00:00,58.4634,58.4634,58.46,58.46,323.14689999999996
2026-08-11T21:50:00+00:00,58.5,58.51,58.481,58.5,1891.913658
2026-08-11T21:55:00+00:00,58.5135,58.54,58.5135,58.53,1083.0
2026-08-11T22:00:00+00:00,58.51,58.51,58.45,58.452,9652.988328
2026-08-11T22:05:00+00:00,58.4923,58.51,58.49,58.51,24537.952514
2026-08-11T22:15:00+00:00,58.5398,58.59,58.5369,58.57,9314.0
2026-08-11T22:20:00+00:00,58.56,58.58,58.5348,58.58,5062.134489
2026-08-11T22:25:00+00:00,58.5975,58.6,58.5733,58.5733,1875.6354380000002
2026-08-11T22:30:00+00:00,58.5746,58.6587,58.5746,58.6412,17961.195712
2026-08-11T22:35:00+00:00,58.64,58.64,58.58,58.6193,2374.5085
2026-08-11T22:40:00+00:00,58.6246,58.64,58.62,58.62,2139.3772120000003
2026-08-11T22:45:00+00:00,58.6215,58.64,58.6215,58.64,827.2955509999999
2026-08-11T22:50:00+00:00,58.65,58.65,58.6,58.6,4782.5117279999995
2026-08-11T22:55:00+00:00,58.5846,58.595,58.5297,58.5445,5072.185731
2026-08-11T23:00:00+00:00,58.5956,58.5956,58.5343,58.5422,2015.6898780000001
2026-08-11T23:05:00+00:00,58.5412,58.5738,58.54,58.571,879.021693
2026-08-11T23:10:00+00:00,58.54,58.6,58.54,58.6,966.638431
2026-08-11T23:15:00+00:00,58.55,58.5866,58.53,58.53,1917.0
2026-08-11T23:20:00+00:00,58.54,58.54,58.54,58.54,950.682
2026-08-11T23:25:00+00:00,58.56,58.58,58.53,58.53,1320.617422
2026-08-11T23:30:00+00:00,58.5218,58.5654,58.52,58.5501,2898.170776
2026-08-11T23:35:00+00:00,58.54,58.54,58.54,58.54,1015.822757
2026-08-11T23:45:00+00:00,58.5,58.5127,58.5,58.5127,2083.02505
2026-08-11T23:50:00+00:00,58.5006,58.529,58.5,58.5,1873.0
2026-08-11T23:55:00+00:00,58.53,58.5699,58.5001,58.55,9988.421387
2026-08-12T00:00:00+00:00,58.5113,58.53,58.5008,58.53,7543.0
2026-08-12T08:05:00+00:00,59.65,59.8,58.68,59.75,401702.963106
2026-08-12T08:10:00+00:00,59.74,59.8,59.74,59.75,12004.413220999999
2026-08-12T08:15:00+00:00,59.74,59.77,59.72,59.73,3661.31483
2026-08-12T08:20:00+00:00,59.6996,59.7,59.6996,59.7,1586.6
2026-08-12T08:25:00+00:00,59.74,59.85,59.72,59.84,17492.294788
2026-08-12T08:30:00+00:00,59.83,59.89,59.78,59.89,11515.088102
2026-08-12T08:35:00+00:00,59.89,59.9,59.84,59.9,4145.717842
2026-08-12T08:40:00+00:00,59.92,59.96,59.85,59.87,6598.077845999999
2026-08-12T08:45:00+00:00,59.8558,59.86,59.82,59.8233,3375.3043589999997
2026-08-12T08:50:00+00:00,59.8,59.82,59.77,59.81,7499.77423
2026-08-12T08:55:00+00:00,59.84,59.85,59.8,59.8,6206.648635
2026-08-12T09:00:00+00:00,59.79,59.8,59.77,59.78,7391.037656
2026-08-12T09:05:00+00:00,59.78,59.86,59.77,59.8599,4407.343329
2026-08-12T09:10:00+00:00,59.84,59.85,59.81,59.85,2697.801387
2026-08-12T09:15:00+00:00,59.89,60.12,59.89,60.12,28111.363415
2026-08-12T09:20:00+00:00,60.11,60.22,60.11,60.2,25447.873113
2026-08-12T09:25:00+00:00,60.2,60.35,60.12,60.29,21869.176392
2026-08-12T09:30:00+00:00,60.26,60.26,60.0898,60.0898,5131.822219
2026-08-12T09:35:00+00:00,60.08,60.1,60.04,60.04,11219.466277
2026-08-12T09:40:00+00:00,60.06,60.1,60.05,60.07,20135.134500000004
2026-08-12T09:45:00+00:00,60.08,60.12,60.05,60.05,2951.513109
2026-08-12T09:50:00+00:00,60.01,60.02,59.96,59.97,11633.070885
2026-08-12T09:55:00+00:00,60.02,60.0755,59.94,59.95,5580.724354
2026-08-12T10:00:00+00:00,59.95,60.01,59.95,59.99,11439.891325
2026-08-12T10:05:00+00:00,60.01,60.01,59.95,59.9794,10747.594072
2026-08-12T10:10:00+00:00,59.95,59.99,59.94,59.99,7700.491844
2026-08-12T10:15:00+00:00,60.0,60.0,59.96,59.9602,3866.0
2026-08-12T10:20:00+00:00,59.96,59.99,59.9402,59.99,24013.988692
2026-08-12T10:25:00+00:00,60.0,60.03,60.0,60.01,10452.622662
2026-08-12T10:30:00+00:00,59.99,60.0,59.976,59.98,2674.3276
2026-08-12T10:35:00+00:00,59.94,59.95,59.91,59.92,6777.702085
2026-08-12T10:40:00+00:00,59.9,59.94,59.88,59.92,9897.93124
2026-08-12T10:45:00+00:00,59.94,59.94,59.89,59.9,4314.05
2026-08-12T10:50:00+00:00,59.88,59.92,59.74,59.79,46738.395932
2026-08-12T10:55:00+00:00,59.83,59.87,59.72,59.82,37941.0
2026-08-12T11:00:00+00:00,59.81,59.8896,59.81,59.85,11602.484217000001
2026-08-12T11:05:00+00:00,59.88,59.92,59.84,59.8499,48585.926479999995
2026-08-12T11:10:00+00:00,59.85,59.89,59.7709,59.89,26022.331969
2026-08-12T11:15:00+00:00,59.8797,59.93,59.86,59.87,25211.482756999998
2026-08-12T11:20:00+00:00,59.86,59.87,59.81,59.81,11326.445273000001
2026-08-12T11:25:00+00:00,59.83,59.88,59.8158,59.88,20235.081777
2026-08-12T11:30:00+00:00,59.86,59.99,59.86,59.95,13000.336347999999
2026-08-12T11:35:00+00:00,59.97,59.98,59.92,59.93,12859.078345000002
2026-08-12T11:40:00+00:00,59.91,59.9274,59.87,59.87,10480.789928999999
2026-08-12T11:45:00+00:00,59.88,59.928,59.88,59.92,11122.401009
2026-08-12T11:50:00+00:00,59.9298,59.94,59.91,59.93,4919.118608
2026-08-12T11:55:00+00:00,59.92,59.94,59.9,59.93,15364.179941
2026-08-12T12:00:00+00:00,59.93,59.93,59.89,59.92,7966.986544
2026-08-12T12:05:00+00:00,59.9,59.91,59.83,59.83,36049.522095
2026-08-12T12:10:00+00:00,59.81,59.81,59.73,59.74,17430.749762
2026-08-12T12:15:00+00:00,59.75,59.78,59.7346,59.7446,19843.120508
2026-08-12T12:20:00+00:00,59.76,59.76,59.6725,59.71,10742.600847
2026-08-12T12:25:00+00:00,59.6915,59.7,59.61,59.68,19147.928157000002
2026-08-12T12:30:00+00:00,59.63,60.1,59.57,60.07,86606.809163
2026-08-12T12:35:00+00:00,60.09,60.32,59.35,60.17,361107.079199
2026-08-12T12:40:00+00:00,60.16,60.19,59.93,60.19,104754.164086
2026-08-12T12:45:00+00:00,60.16,60.24,60.05,60.11,73373.83864799999
2026-08-12T12:50:00+00:00,60.1,60.1,59.83,59.86,54514.411675
2026-08-12T12:55:00+00:00,59.88,59.99,59.81,59.954,23049.364833
2026-08-12T13:00:00+00:00,59.93,60.14,59.92,60.0882,39992.307829
2026-08-12T13:05:00+00:00,60.13,60.25,59.75,59.83,84281.011703
2026-08-12T13:10:00+00:00,59.84,59.92,59.74,59.82,37583.137453
2026-08-12T13:15:00+00:00,59.84,59.88,59.71,59.74,22208.75208
2026-08-12T13:20:00+00:00,59.72,59.89,59.7146,59.82,34054.736167
2026-08-12T13:25:00+00:00,59.82,59.86,59.5631,59.5631,22953.529453000003
2026-08-12T13:30:00+00:00,59.54,59.606,59.48,59.54,39086.10398100001
2026-08-12T13:35:00+00:00,59.58,59.585,59.4423,59.46,635124.779962
2026-08-12T13:40:00+00:00,59.455,59.52,59.31,59.3501,319962.893309
2026-08-12T13:45:00+00:00,59.36,59.5,59.31,59.465,330020.177697
2026-08-12T13:50:00+00:00,59.465,59.718,59.46,59.695,247207.042098
2026-08-12T13:55:00+00:00,59.7,59.81,59.635,59.76,370768.838174
2026-08-12T14:00:00+00:00,59.76,59.84,59.6741,59.765,357076.910578
2026-08-12T14:05:00+00:00,59.77,59.805,59.56,59.715,338360.426914
2026-08-12T14:10:00+00:00,59.71,59.9,59.705,59.86,363466.581704
2026-08-12T14:15:00+00:00,59.86,59.9195,59.835,59.87,309515.938271
2026-08-12T14:20:00+00:00,59.87,59.955,59.84,59.885,320510.97943300003
2026-08-12T14:25:00+00:00,59.9,59.915,59.7719,59.78,215930.455211
2026-08-12T14:30:00+00:00,59.775,59.895,59.6723,59.7481,256917.46193999995
2026-08-12T14:35:00+00:00,59.74,59.85,59.52,59.6199,384736.76483
2026-08-12T14:40:00+00:00,59.61,59.695,59.545,59.63,163157.04948699998
2026-08-12T14:45:00+00:00,59.63,59.85,59.625,59.85,171695.04126799997
2026-08-12T14:50:00+00:00,59.855,59.89,59.63,59.63,174833.242296
2026-08-12T14:55:00+00:00,59.62,59.635,59.485,59.58,150616.598812
2026-08-12T15:00:00+00:00,59.58,59.58,59.49,59.52,129555.23714499999
2026-08-12T15:05:00+00:00,59.52,59.54,59.3403,59.35,257320.41505399998
2026-08-12T15:10:00+00:00,59.35,59.57,59.34,59.54,183983.869178
2026-08-12T15:15:00+00:00,59.54,59.67,59.53,59.61,176139.740163
2026-08-12T15:20:00+00:00,59.605,59.605,59.495,59.5295,95807.939936
2026-08-12T15:25:00+00:00,59.5399,59.57,59.515,59.555,164425.123302
2026-08-12T15:30:00+00:00,59.555,59.56,59.41,59.48,278684.599202
2026-08-12T15:35:00+00:00,59.48,59.57,59.4,59.435,225480.961327
2026-08-12T15:40:00+00:00,59.435,59.51,59.425,59.5,134897.50675600002
2026-08-12T15:45:00+00:00,59.5,59.51,59.38,59.42,139594.580359
2026-08-12T15:50:00+00:00,59.42,59.43,59.34,59.36,103233.27444399998
2026-08-12T15:55:00+00:00,59.37,59.385,59.205,59.375,256224.96605299998
2026-08-12T16:00:00+00:00,59.37,59.51,59.37,59.445,178249.060758
2026-08-12T16:05:00+00:00,59.445,59.5297,59.355,59.4,137486.405111
2026-08-12T16:10:00+00:00,59.385,59.42,59.34,59.3599,115657.71937899999
2026-08-12T16:15:00+00:00,59.36,59.4697,59.3001,59.44,88717.248192
2026-08-12T16:20:00+00:00,59.44,59.48,59.38,59.435,327270.54706799996
2026-08-12T16:25:00+00:00,59.435,59.435,59.335,59.355,178386.459393
2026-08-12T16:30:00+00:00,59.355,59.36,59.245,59.2701,239190.25518399998
2026-08-12T16:35:00+00:00,59.265,59.27,59.05,59.055,356693.54926799994
2026-08-12T16:40:00+00:00,59.055,59.1392,59.02,59.085,503032.418507
2026-08-12T16:45:00+00:00,59.0838,59.17,59.015,59.015,245923.766793
2026-08-12T16:50:00+00:00,59.015,59.06,58.875,58.875,812148.231961
2026-08-12T16:55:00+00:00,58.89,58.97,58.87,58.93,352038.97058900003
2026-08-12T17:00:00+00:00,58.93,58.97,58.79,58.92,287675.05112
2026-08-12T17:05:00+00:00,58.92,59.04,58.88,58.94,348592.562751
2026-08-12T17:10:00+00:00,58.94,59.03,58.89,59.02,221639.056421
2026-08-12T17:15:00+00:00,59.01,59.04,58.945,58.965,173850.01410899998
2026-08-12T17:20:00+00:00,58.975,59.0302,58.96,59.015,66053.786396
2026-08-12T17:25:00+00:00,59.03,59.225,59.025,59.16,185823.734275
2026-08-12T17:30:00+00:00,59.16,59.22,59.13,59.195,101795.871985
2026-08-12T17:35:00+00:00,59.2,59.255,59.175,59.245,98903.14975
2026-08-12T17:40:00+00:00,59.245,59.25,59.125,59.15,152198.863868
2026-08-12T17:45:00+00:00,59.16,59.16,59.07,59.07,144963.95738
2026-08-12T17:50:00+00:00,59.08,59.15,59.08,59.14,74985.22117899999
2026-08-12T17:55:00+00:00,59.145,59.18,59.06,59.065,74054.91643800001
2026-08-12T18:00:00+00:00,59.07,59.1,59.05,59.06,99532.36005200002
2026-08-12T18:05:00+00:00,59.06,59.06,58.955,59.06,144387.48569
2026-08-12T18:10:00+00:00,59.05,59.135,59.05,59.12,119835.585466
2026-08-12T18:15:00+00:00,59.12,59.16,59.1101,59.12,133381.674285
2026-08-12T18:20:00+00:00,59.1232,59.135,59.1,59.12,81403.147027
2026-08-12T18:25:00+00:00,59.13,59.195,59.1,59.19,107886.179345
2026-08-12T18:30:00+00:00,59.2,59.25,59.1619,59.195,104249.50519499999
2026-08-12T18:35:00+00:00,59.19,59.238,59.185,59.205,95933.26636000001
2026-08-12T18:40:00+00:00,59.205,59.21,59.165,59.19,57634.598078
2026-08-12T18:45:00+00:00,59.18,59.21,59.15,59.2023,61177.57911400001
2026-08-12T18:50:00+00:00,59.205,59.29,59.205,59.2697,92957.497225
2026-08-12T18:55:00+00:00,59.265,59.275,59.23,59.246,105562.58362100001
2026-08-12T19:00:00+00:00,59.24,59.25,59.175,59.1776,69799.926078
2026-08-12T19:05:00+00:00,59.18,59.255,59.1701,59.21,118474.94172100001
2026-08-12T19:10:00+00:00,59.21,59.25,59.2005,59.215,62722.590377
2026-08-12T19:15:00+00:00,59.21,59.215,59.18,59.185,48610.172126
2026-08-12T19:20:00+00:00,59.18,59.27,59.175,59.245,97601.70923499999
2026-08-12T19:25:00+00:00,59.245,59.25,59.185,59.185,144320.19372399998
2026-08-12T19:30:00+00:00,59.19,59.23,59.13,59.135,92691.106545
2026-08-12T19:35:00+00:00,59.135,59.14,59.09,59.105,175117.205645
2026-08-12T19:40:00+00:00,59.1,59.1,59.0,59.0295,195205.413377
2026-08-12T19:45:00+00:00,59.03,59.06,59.02,59.0401,204390.398579
2026-08-12T19:50:00+00:00,59.0401,59.0401,58.982,59.02,175471.13086999996
2026-08-12T19:55:00+00:00,59.01,59.05,58.955,59.015,243181.46317099998
2026-08-12T20:00:00+00:00,59.015,59.07,58.985,59.0632,347026.039533
2026-08-12T20:05:00+00:00,59.06,59.08,59.0146,59.0146,8619.225883
2026-08-12T20:10:00+00:00,59.0377,59.06,59.0162,59.0401,17793.341008
2026-08-12T20:15:00+00:00,59.04,59.04,59.0085,59.0085,8072.772548000001
2026-08-12T20:20:00+00:00,59.0,59.01,58.9531,58.96,8748.801848
2026-08-12T20:25:00+00:00,58.97,58.979,58.94,58.94,7574.335522
2026-08-12T20:30:00+00:00,58.98,58.98,58.98,58.98,2277.0
2026-08-12T20:35:00+00:00,58.9854,58.9854,58.9769,58.98,2454.699198
2026-08-12T20:40:00+00:00,58.96,59.01,58.96,59.01,2927.0
2026-08-12T20:45:00+00:00,58.9846,58.9846,58.9846,58.9846,352.224727
2026-08-12T20:50:00+00:00,58.9708,58.99,58.97,58.99,39541.429435
2026-08-12T20:55:00+00:00,59.0,59.02,58.978,58.98,25850.317488999997
2026-08-12T21:00:00+00:00,58.98,59.02,58.98,59.0175,2712.830574
2026-08-12T21:05:00+00:00,59.05,59.05,58.99,59.05,1899.459271
2026-08-12T21:10:00+00:00,59.0498,59.0498,59.01,59.0457,3296.263895
2026-08-12T21:15:00+00:00,59.05,59.1,59.05,59.1,20273.900182
2026-08-12T21:20:00+00:00,59.07,59.08,58.99,59.07,5146.0
2026-08-12T21:25:00+00:00,59.1,59.1,59.04,59.044,2415.236914
2026-08-12T21:30:00+00:00,59.06,59.06,59.06,59.06,1239.25
2026-08-12T21:35:00+00:00,59.1,59.1,59.1,59.1,250.0
2026-08-12T21:40:00+00:00,59.0362,59.08,59.0362,59.08,1524.5741189999999
2026-08-12T21:45:00+00:00,59.08,59.08,59.05,59.0616,818.810528
2026-08-12T21:50:00+00:00,59.1,59.1,59.1,59.1,1348.8585659999999
2026-08-12T21:55:00+00:00,59.12,59.16,59.1,59.1,11495.099968999999
2026-08-12T22:00:00+00:00,59.12,59.2123,59.05,59.05,15986.329849
2026-08-12T22:05:00+00:00,59.0899,59.0899,59.0,59.04,7845.849875
2026-08-12T22:10:00+00:00,58.97,58.97,58.94,58.95,6972.193300000001
2026-08-12T22:15:00+00:00,58.9538,58.9538,58.91,58.93,4555.345653
2026-08-12T22:20:00+00:00,58.91,58.91,58.8501,58.91,9057.935158
2026-08-12T22:25:00+00:00,58.9023,58.9023,58.9,58.901,1760.019691
2026-08-12T22:30:00+00:00,58.89,58.9,58.8,58.8323,9128.379089
2026-08-12T22:35:00+00:00,58.81,58.86,58.81,58.84,10113.050564000001
2026-08-12T22:40:00+00:00,58.818,58.841,58.79,58.79,1365.743717
2026-08-12T22:45:00+00:00,58.8,58.8,58.79,58.79,681.039385
2026-08-12T22:50:00+00:00,58.79,58.7999,58.78,58.7815,4281.0
2026-08-12T22:55:00+00:00,58.7898,58.8,58.78,58.7995,6013.361056
2026-08-12T23:00:00+00:00,58.8,58.8201,58.8,58.81,10583.0
2026-08-12T23:05:00+00:00,58.809,58.852,58.809,58.85,3168.22307
2026-08-12T23:10:00+00:00,58.8494,58.8738,58.8494,58.8691,3704.811247
2026-08-12T23:15:00+00:00,58.9,58.9025,58.9,58.9025,2940.5
2026-08-12T23:20:00+00:00,58.91,58.9454,58.8953,58.9454,2234.386515
2026-08-12T23:30:00+00:00,58.96,58.96,58.95,58.959,1665.0
2026-08-12T23:35:00+00:00,58.93,58.96,58.93,58.96,5182.218632
2026-08-12T23:40:00+00:00,58.95,58.96,58.93,58.93,989.3
2026-08-12T23:45:00+00:00,58.9584,58.99,58.9584,58.9827,3701.88588
2026-08-12T23:50:00+00:00,58.9834,58.99,58.95,58.95,13965.01696
2026-08-12T23:55:00+00:00,58.94,58.94,58.92,58.93,1897.0
2026-08-13T00:00:00+00:00,58.992,59.0,58.96,58.97,7878.0
2026-08-13T08:05:00+00:00,58.38,59.29,58.23,58.25,390791.34234300005
2026-08-13T08:10:00+00:00,58.22,58.33,58.19,58.21,36417.371153
2026-08-13T08:15:00+00:00,58.18,58.2,58.01,58.13,28596.388188
2026-08-13T08:20:00+00:00,58.15,58.15,58.08,58.15,11210.493419
2026-08-13T08:25:00+00:00,58.14,58.28,58.14,58.26,3658.318973
2026-08-13T08:30:00+00:00,58.28,58.3,58.27,58.3,3071.365157
2026-08-13T08:35:00+00:00,58.34,58.35,58.3,58.32,4674.246698999999
2026-08-13T08:40:00+00:00,58.3499,58.3499,58.19,58.2,5962.246699
2026-08-13T08:45:00+00:00,58.19,58.25,58.19,58.25,3500.0
2026-08-13T08:50:00+00:00,58.22,58.32,58.22,58.31,4800.0
2026-08-13T08:55:00+00:00,58.33,58.34,58.25,58.25,8435.362412
2026-08-13T09:00:00+00:00,58.3,58.31,58.19,58.22,7914.0
2026-08-13T09:05:00+00:00,58.24,58.28,58.16,58.16,3009.1168589999997
2026-08-13T09:10:00+00:00,58.14,58.24,58.1,58.24,4228.849
2026-08-13T09:15:00+00:00,58.24,58.29,58.24,58.25,13859.0
2026-08-13T09:20:00+00:00,58.28,58.31,58.28,58.31,1732.8
2026-08-13T09:25:00+00:00,58.34,58.36,58.3,58.36,11687.0089
2026-08-13T09:30:00+00:00,58.33,58.37,58.31,58.31,7607.2325789999995
2026-08-13T09:35:00+00:00,58.35,58.35,58.3499,58.3499,1291.0
2026-08-13T09:40:00+00:00,58.38,58.4,58.34,58.36,9142.952756
2026-08-13T09:45:00+00:00,58.37,58.37,58.308,58.33,1827.085689
2026-08-13T09:50:00+00:00,58.33,58.33,58.33,58.33,131.0
2026-08-13T09:55:00+00:00,58.35,58.36,58.35,58.35,3475.0
2026-08-13T10:00:00+00:00,58.36,58.38,58.35,58.38,2494.3278
2026-08-13T10:05:00+00:00,58.38,58.46,58.38,58.45,6948.677617
2026-08-13T10:10:00+00:00,58.46,58.5,58.44,58.5,11227.675
2026-08-13T10:15:00+00:00,58.52,58.53,58.46,58.47,1906.798676
2026-08-13T10:20:00+00:00,58.5,58.56,58.5,58.56,3366.060663
2026-08-13T10:25:00+00:00,58.55,58.62,58.55,58.59,2932.0
2026-08-13T10:30:00+00:00,58.57,58.62,58.57,58.6,1483.0
2026-08-13T10:35:00+00:00,58.6,58.62,58.55,58.55,1961.15083
2026-08-13T10:40:00+00:00,58.6,58.66,58.6,58.66,1713.128128
2026-08-13T10:45:00+00:00,58.66,58.66,58.63,58.65,2727.426525
2026-08-13T10:50:00+00:00,58.68,58.72,58.68,58.71,4457.2275850000005
2026-08-13T10:55:00+00:00,58.73,58.75,58.72,58.73,3146.445845
2026-08-13T11:00:00+00:00,58.7321,58.75,58.68,58.68,4119.641396
2026-08-13T11:05:00+00:00,58.7,58.74,58.66,58.71,6478.943
2026-08-13T11:10:00+00:00,58.73,58.73,58.66,58.68,9496.051883
2026-08-13T11:15:00+00:00,58.71,58.71,58.66,58.71,41725.351911000005
2026-08-13T11:20:00+00:00,58.75,58.75,58.7,58.7,9289.901352
2026-08-13T11:25:00+00:00,58.68,58.684,58.66,58.6606,3358.2129999999997
2026-08-13T11:30:00+00:00,58.65,58.65,58.6001,58.6001,6906.568
2026-08-13T11:35:00+00:00,58.61,58.67,58.6,58.64,7773.178653
2026-08-13T11:40:00+00:00,58.6799,58.7,58.65,58.7,9866.958685
2026-08-13T11:45:00+00:00,58.69,58.69,58.59,58.64,6007.025693
2026-08-13T11:50:00+00:00,58.62,58.65,58.6001,58.65,2741.792733
2026-08-13T11:55:00+00:00,58.65,58.65,58.595,58.62,10819.504205000001
2026-08-13T12:00:00+00:00,58.62,58.76,58.5946,58.76,15603.747223999999
2026-08-13T12:05:00+00:00,58.76,58.8,58.7,58.75,14979.885546999998
2026-08-13T12:10:00+00:00,58.77,58.86,58.76,58.8386,29613.971322
2026-08-13T12:15:00+00:00,58.8,58.81,58.72,58.75,9876.495311
2026-08-13T12:20:00+00:00,58.73,58.74,58.7,58.71,7618.130445
2026-08-13T12:25:00+00:00,58.72,58.74,58.6,58.64,10750.685549
2026-08-13T12:30:00+00:00,58.63,58.8,58.55,58.8,15534.020824
2026-08-13T12:35:00+00:00,58.83,59.01,58.54,58.64,104349.027498
2026-08-13T12:40:00+00:00,58.71,58.74,58.62,58.74,13086.624691
2026-08-13T12:45:00+00:00,58.74,58.8,58.68,58.7518,12305.071791999999
2026-08-13T12:50:00+00:00,58.78,58.93,58.78,58.9,18544.100099
2026-08-13T12:55:00+00:00,58.9,58.9,58.86,58.8702,8588.413738
2026-08-13T13:00:00+00:00,58.86,59.03,58.85,59.01,25223.980251
2026-08-13T13:05:00+00:00,59.06,59.06,58.87,59.03,6403.894426
2026-08-13T13:10:00+00:00,59.04,59.0898,59.0,59.0045,14110.571467
2026-08-13T13:15:00+00:00,59.02,59.02,58.88,58.93,2958.218683
2026-08-13T13:20:00+00:00,58.88,58.9614,58.88,58.95,12293.567265000001
2026-08-13T13:25:00+00:00,58.92,58.9331,58.86,58.88,6834.981855
2026-08-13T13:30:00+00:00,58.81,58.89,58.81,58.83,22326.72452
2026-08-13T13:35:00+00:00,58.81,58.8812,58.59,58.62,343872.129901
2026-08-13T13:40:00+00:00,58.6188,58.72,58.6,58.72,223018.916162
2026-08-13T13:45:00+00:00,58.72,58.79,58.6,58.7401,217434.71956199998
2026-08-13T13:50:00+00:00,58.73,58.805,58.6192,58.7,164852.02927
2026-08-13T13:55:00+00:00,58.705,58.72,58.56,58.6799,182007.63674
2026-08-13T14:00:00+00:00,58.68,58.7,58.46,58.52,539699.8667240001
2026-08-13T14:05:00+00:00,58.515,58.57,58.44,58.495,263710.624997
2026-08-13T14:10:00+00:00,58.5001,58.625,58.3444,58.345,215924.20837200002
2026-08-13T14:15:00+00:00,58.34,58.41,58.2919,58.37,173244.98404299997
2026-08-13T14:20:00+00:00,58.37,58.615,58.315,58.53,188031.480196
2026-08-13T14:25:00+00:00,58.52,58.545,58.37,58.4901,192609.85226299998
2026-08-13T14:30:00+00:00,58.49,58.51,58.345,58.36,125498.692335
2026-08-13T14:35:00+00:00,58.35,58.5899,58.18,58.58,416610.68820100004
2026-08-13T14:40:00+00:00,58.59,58.6442,58.56,58.615,85862.733028
2026-08-13T14:45:00+00:00,58.6137,58.715,58.59,58.705,116071.167713
2026-08-13T14:50:00+00:00,58.7061,58.84,58.7061,58.7601,169183.131006
2026-08-13T14:55:00+00:00,58.765,58.81,58.69,58.75,120071.94400300001
2026-08-13T15:00:00+00:00,58.7482,58.7799,58.73,58.735,56539.18833700001
2026-08-13T15:05:00+00:00,58.73,58.795,58.705,58.71,86567.905292
2026-08-13T15:10:00+00:00,58.7005,58.71,58.5123,58.5563,299073.32194299996
2026-08-13T15:15:00+00:00,58.545,58.545,58.445,58.485,101593.597034
2026-08-13T15:20:00+00:00,58.475,58.5,58.3392,58.43,125906.17953099999
2026-08-13T15:25:00+00:00,58.4263,58.49,58.38,58.465,147588.085377
2026-08-13T15:30:00+00:00,58.47,58.5681,58.33,58.335,238228.491258
2026-08-13T15:35:00+00:00,58.33,58.4,58.17,58.25,223064.045941
2026-08-13T15:40:00+00:00,58.25,58.5,58.25,58.475,119042.166065
2026-08-13T15:45:00+00:00,58.47,58.525,58.455,58.48,88338.37590900001
2026-08-13T15:50:00+00:00,58.481,58.55,58.455,58.485,79368.805675
2026-08-13T15:55:00+00:00,58.48,58.5001,58.405,58.435,55595.512397
2026-08-13T16:00:00+00:00,58.43,58.47,58.39,58.415,47586.379527
2026-08-13T16:05:00+00:00,58.42,58.465,58.39,58.425,72625.659398
2026-08-13T16:10:00+00:00,58.42,58.4242,58.34,58.34,41398.900762
2026-08-13T16:15:00+00:00,58.34,58.36,58.265,58.28,51921.010116
2026-08-13T16:20:00+00:00,58.295,58.33,58.2259,58.23,59402.656342
2026-08-13T16:25:00+00:00,58.2201,58.345,58.2084,58.34,97460.77091899999
2026-08-13T16:30:00+00:00,58.35,58.4077,58.33,58.4077,54950.246905
2026-08-13T16:35:00+00:00,58.41,58.5,58.41,58.495,120848.129783
2026-08-13T16:40:00+00:00,58.495,58.51,58.45,58.465,62361.009723999996
2026-08-13T16:45:00+00:00,58.46,58.56,58.46,58.525,33511.641252
2026-08-13T16:50:00+00:00,58.53,58.55,58.495,58.53,31459.806203
2026-08-13T16:55:00+00:00,58.535,58.54,58.475,58.505,70312.55744
2026-08-13T17:00:00+00:00,58.51,58.53,58.4805,58.515,68356.992261
2026-08-13T17:05:00+00:00,58.52,58.62,58.52,58.55,75708.1198
2026-08-13T17:10:00+00:00,58.545,58.685,58.545,58.665,99553.926312
2026-08-13T17:15:00+00:00,58.65,58.675,58.605,58.605,70001.026371
2026-08-13T17:20:00+00:00,58.605,58.61,58.51,58.5398,68473.207834
2026-08-13T17:25:00+00:00,58.54,58.595,58.485,58.535,84781.114678
2026-08-13T17:30:00+00:00,58.5426,58.58,58.465,58.48,56946.501865
2026-08-13T17:35:00+00:00,58.485,58.515,58.46,58.475,64343.504485
2026-08-13T17:40:00+00:00,58.46,58.485,58.43,58.475,50425.793581
2026-08-13T17:45:00+00:00,58.48,58.5,58.43,58.455,48707.856537
2026-08-13T17:50:00+00:00,58.465,58.5,58.46,58.495,31779.024939000003
2026-08-13T17:55:00+00:00,58.4902,58.52,58.47,58.49,41714.351956000006
2026-08-13T18:00:00+00:00,58.485,58.4961,58.42,58.42,51681.057832
2026-08-13T18:05:00+00:00,58.43,58.46,58.4003,58.43,62736.575458
2026-08-13T18:10:00+00:00,58.42,58.4481,58.405,58.4301,54645.047323000006
2026-08-13T18:15:00+00:00,58.43,58.54,58.4299,58.515,41969.120283
2026-08-13T18:20:00+00:00,58.53,58.5799,58.53,58.55,54166.829018000004
2026-08-13T18:25:00+00:00,58.545,58.5577,58.465,58.4701,38219.922606
2026-08-13T18:30:00+00:00,58.47,58.475,58.41,58.42,68712.59498600001
2026-08-13T18:35:00+00:00,58.42,58.525,58.42,58.525,104675.516863
2026-08-13T18:40:00+00:00,58.5249,58.54,58.5,58.505,33835.26174
2026-08-13T18:45:00+00:00,58.505,58.505,58.41,58.43,106459.380673
2026-08-13T18:50:00+00:00,58.43,58.44,58.385,58.395,93873.13216600001
2026-08-13T18:55:00+00:00,58.395,58.4,58.28,58.31,371921.28222
2026-08-13T19:00:00+00:00,58.32,58.34,58.3,58.33,55889.027286
2026-08-13T19:05:00+00:00,58.3286,58.36,58.315,58.35,68496.193822
2026-08-13T19:10:00+00:00,58.345,58.365,58.255,58.28,96911.40742
2026-08-13T19:15:00+00:00,58.28,58.28,58.08,58.08,162691.083342
2026-08-13T19:20:00+00:00,58.08,58.17,58.01,58.075,221023.96037
2026-08-13T19:25:00+00:00,58.08,58.09,58.025,58.075,174037.47753699997
2026-08-13T19:30:00+00:00,58.075,58.195,58.07,58.1852,76222.253434
2026-08-13T19:35:00+00:00,58.1899,58.1899,58.13,58.14,115656.655508
2026-08-13T19:40:00+00:00,58.14,58.24,58.14,58.2001,172207.922959
2026-08-13T19:45:00+00:00,58.2,58.205,58.145,58.165,188087.57034200002
2026-08-13T19:50:00+00:00,58.165,58.165,58.08,58.13,229500.068388
2026-08-13T19:55:00+00:00,58.125,58.18,58.09,58.1699,271260.163554
2026-08-13T20:00:00+00:00,58.165,58.19,58.115,58.18,298118.52447400003
2026-08-13T20:05:00+00:00,58.16,58.2,58.11,58.13,18878.910438
2026-08-13T20:10:00+00:00,58.1115,58.1752,58.1,58.1752,37414.891783
2026-08-13T20:15:00+00:00,58.18,58.1801,58.14,58.15,9207.380593
2026-08-13T20:20:00+00:00,58.2,58.21,58.19,58.21,2343.863807
2026-08-13T20:25:00+00:00,58.171,58.2,58.16,58.16,2164.3964180000003
2026-08-13T20:30:00+00:00,58.18,58.23,58.18,58.222,1407.490253
2026-08-13T20:35:00+00:00,58.21,58.21,58.1503,58.1503,1731.595312
2026-08-13T20:40:00+00:00,58.19,58.19,58.19,58.19,2015.065895
2026-08-13T20:45:00+00:00,58.1928,58.21,58.1928,58.21,2879.8655009999998
2026-08-13T20:50:00+00:00,58.21,58.22,58.21,58.22,25652.622908
2026-08-13T20:55:00+00:00,58.21,58.21,58.19,58.19,1469.25
2026-08-13T21:00:00+00:00,58.215,58.2393,58.1906,58.23,10002.715495
2026-08-13T21:05:00+00:00,58.2465,58.2465,58.2365,58.2365,680.126583
2026-08-13T21:10:00+00:00,58.1978,58.215,58.1978,58.1993,1411.917181
2026-08-13T21:15:00+00:00,58.2366,58.24,58.2,58.24,1078.0
2026-08-13T21:20:00+00:00,58.2,58.26,58.2,58.26,1613.118414
2026-08-13T21:25:00+00:00,58.21,58.21,58.21,58.21,1880.0
2026-08-13T21:30:00+00:00,58.23,58.24,58.2209,58.2217,2793.292937
2026-08-13T21:35:00+00:00,58.2209,58.26,58.2209,58.26,1144.794776
2026-08-13T21:40:00+00:00,58.2588,58.2779,58.2434,58.2779,1015.0
2026-08-13T21:45:00+00:00,58.2862,58.29,58.2862,58.29,884.771521
2026-08-13T21:50:00+00:00,58.26,58.26,58.2207,58.2207,327.0
2026-08-13T21:55:00+00:00,58.22,58.29,58.22,58.2219,979.8
2026-08-13T22:00:00+00:00,58.22,58.2201,58.22,58.2201,201.0
2026-08-13T22:05:00+00:00,58.28,58.28,58.1556,58.1556,1446.364468
2026-08-13T22:10:00+00:00,58.21,58.25,58.21,58.2403,1035.877316
2026-08-13T22:15:00+00:00,58.24,58.24,58.2,58.2,3139.09
2026-08-13T22:20:00+00:00,58.1738,58.1738,58.1738,58.1738,866.0
2026-08-13T22:25:00+00:00,58.22,58.24,58.22,58.22,2944.0
2026-08-13T22:30:00+00:00,58.24,58.24,58.2146,58.24,6970.952456999999
2026-08-13T22:35:00+00:00,58.25,58.26,58.21,58.21,3350.151219
2026-08-13T22:40:00+00:00,58.23,58.29,58.23,58.29,6161.0
2026-08-13T22:45:00+00:00,58.2997,58.34,58.2997,58.32,3449.350238
2026-08-13T22:50:00+00:00,58.2969,58.3,58.28,58.28,3103.730366
2026-08-13T22:55:00+00:00,58.3,58.3,58.25,58.25,8661.0
2026-08-13T23:00:00+00:00,58.29,58.2961,58.26,58.2605,3739.5
2026-08-13T23:05:00+00:00,58.28,58.2895,58.25,58.25,1075.18
2026-08-13T23:10:00+00:00,58.2,58.2499,58.2,58.2499,3221.871593
2026-08-13T23:15:00+00:00,58.29,58.29,58.29,58.29,626.72
2026-08-13T23:20:00+00:00,58.3177,58.32,58.29,58.29,2213.0
2026-08-13T23:25:00+00:00,58.2731,58.34,58.2731,58.34,5020.286047
2026-08-13T23:30:00+00:00,58.36,58.3998,58.3441,58.39,6533.1071059999995
2026-08-13T23:35:00+00:00,58.39,58.4485,58.38,58.38,11659.113961
2026-08-13T23:40:00+00:00,58.4499,58.4499,58.38,58.409,2380.985398
2026-08-13T23:45:00+00:00,58.388,58.388,58.38,58.38,2162.0
2026-08-13T23:50:00+00:00,58.3693,58.42,58.3693,58.42,1661.7
2026-08-13T23:55:00+00:00,58.35,58.4,58.27,58.33,6797.0
2026-08-14T00:00:00+00:00,58.35,58.4,58.34,58.34,569.0
2026-08-14T08:05:00+00:00,58.4,58.47,57.4,58.34,343131.654841
2026-08-14T08:10:00+00:00,58.35,58.42,57.99,58.39,23222.811413
2026-08-14T08:15:00+00:00,58.37,58.42,58.37,58.4,1971.0765020000001
2026-08-14T08:20:00+00:00,58.4,58.47,58.39,58.47,27946.0
2026-08-14T08:30:00+00:00,58.29,58.35,58.29,58.33,3230.0
2026-08-14T08:35:00+00:00,58.32,58.32,58.29,58.31,7492.881468
2026-08-14T08:40:00+00:00,58.32,58.44,58.32,58.44,5730.014
2026-08-14T08:45:00+00:00,58.48,58.48,58.4,58.4,1580.6
2026-08-14T08:50:00+00:00,58.4263,58.4263,58.41,58.41,450.0
2026-08-14T08:55:00+00:00,58.46,58.4856,58.44,58.479,11012.0
2026-08-14T09:00:00+00:00,58.49,58.49,58.46,58.46,2783.311065
2026-08-14T09:05:00+00:00,58.46,58.49,58.46,58.49,2715.8187900000003
2026-08-14T09:10:00+00:00,58.47,58.49,58.47,58.49,3243.58613
2026-08-14T09:15:00+00:00,58.48,58.48,58.42,58.46,961.184364
2026-08-14T09:20:00+00:00,58.47,58.47,58.47,58.47,473.07450000000006
2026-08-14T09:25:00+00:00,58.48,58.51,58.48,58.51,10198.683794
2026-08-14T09:30:00+00:00,58.53,58.54,58.46,58.46,4608.9369719999995
2026-08-14T09:35:00+00:00,58.42,58.51,58.42,58.51,1795.637408
2026-08-14T09:40:00+00:00,58.52,58.52,58.49,58.49,1465.09019
2026-08-14T09:45:00+00:00,58.48,58.51,58.48,58.51,1334.638524
2026-08-14T09:50:00+00:00,58.52,58.53,58.52,58.53,761.350543
2026-08-14T09:55:00+00:00,58.5,58.54,58.49,58.54,2022.08
2026-08-14T10:00:00+00:00,58.54,58.65,58.54,58.64,6615.9421139999995
2026-08-14T10:05:00+00:00,58.63,58.63,58.6,58.62,670.649143
2026-08-14T10:10:00+00:00,58.62,58.62,58.5742,58.5742,1643.037815
2026-08-14T10:15:00+00:00,58.55,58.55,58.52,58.53,3145.1
2026-08-14T10:20:00+00:00,58.5,58.5,58.5,58.5,412.0
2026-08-14T10:25:00+00:00,58.49,58.51,58.49,58.51,3945.76756
2026-08-14T10:30:00+00:00,58.4738,58.48,58.47,58.47,3108.8200429999997
2026-08-14T10:35:00+00:00,58.44,58.45,58.43,58.45,4219.806347
2026-08-14T10:40:00+00:00,58.43,58.45,58.42,58.42,2939.0
2026-08-14T10:45:00+00:00,58.415,58.43,58.415,58.42,2722.818
2026-08-14T10:50:00+00:00,58.43,58.43,58.42,58.42,838.0
2026-08-14T10:55:00+00:00,58.44,58.46,58.43,58.43,1255.3458620000001
2026-08-14T11:00:00+00:00,58.425,58.4397,58.39,58.41,5163.1
2026-08-14T11:05:00+00:00,58.42,58.44,58.38,58.41,5882.848736000001
2026-08-14T11:10:00+00:00,58.38,58.46,58.38,58.46,2073.7266799999998
2026-08-14T11:15:00+00:00,58.45,58.46,58.43,58.43,1604.034212
2026-08-14T11:20:00+00:00,58.43,58.47,58.43,58.47,2822.0
2026-08-14T11:25:00+00:00,58.48,58.5272,58.48,58.49,7533.587282
2026-08-14T11:30:00+00:00,58.49,58.57,58.49,58.52,7237.085918999999
2026-08-14T11:35:00+00:00,58.5,58.685,58.5,58.685,5527.983951
2026-08-14T11:40:00+00:00,58.68,58.74,58.66,58.71,7582.391959
2026-08-14T11:45:00+00:00,58.696,58.73,58.68,58.68,8167.397395999999
2026-08-14T11:50:00+00:00,58.65,58.66,58.59,58.6099,11189.585289
2026-08-14T11:55:00+00:00,58.61,58.74,58.6005,58.71,12788.266865
2026-08-14T12:00:00+00:00,58.73,58.73,58.68,58.73,9616.852141
2026-08-14T12:05:00+00:00,58.7201,58.74,58.67,58.7,5453.204268
2026-08-14T12:10:00+00:00,58.7,58.75,58.68,58.69,11786.665696
2026-08-14T12:15:00+00:00,58.68,58.68,58.54,58.63,9583.181041000002
2026-08-14T12:20:00+00:00,58.62,58.63,58.62,58.62,2939.085308
2026-08-14T12:25:00+00:00,58.602,58.74,58.6,58.74,6401.375272
2026-08-14T12:30:00+00:00,58.71,58.76,58.64,58.76,41514.790160000004
2026-08-14T12:35:00+00:00,58.77,58.82,58.71,58.7205,20756.751635
2026-08-14T12:40:00+00:00,58.74,58.76,58.7,58.7,11796.851311999999
2026-08-14T12:45:00+00:00,58.68,58.71,58.65,58.67,4325.246284
2026-08-14T12:50:00+00:00,58.6503,58.8,58.6305,58.79,89848.48551999999
2026-08-14T12:55:00+00:00,58.8,58.82,58.77,58.78,28210.50561
2026-08-14T13:00:00+00:00,58.79,58.84,58.77,58.8,66132.62943
2026-08-14T13:05:00+00:00,58.81,58.96,58.69,58.88,31727.186901999998
2026-08-14T13:10:00+00:00,58.84,58.87,58.7831,58.8005,34484.819786
2026-08-14T13:15:00+00:00,58.83,58.8315,58.69,58.69,5303.841616
2026-08-14T13:20:00+00:00,58.7,58.77,58.69,58.77,9935.021119
2026-08-14T13:25:00+00:00,58.7501,58.87,58.7331,58.86,18920.451285
2026-08-14T13:30:00+00:00,58.87,58.87,58.81,58.82,8433.044991
2026-08-14T13:35:00+00:00,58.83,59.06,58.82,59.05,399907.442267
2026-08-14T13:40:00+00:00,59.05,59.1177,58.97,59.04,479437.35994500003
2026-08-14T13:45:00+00:00,59.05,59.16,59.025,59.13,234215.16428800003
2026-08-14T13:50:00+00:00,59.12,59.14,58.94,58.95,307769.454492
2026-08-14T13:55:00+00:00,58.95,59.0926,58.91,59.05,242261.375573
2026-08-14T14:00:00+00:00,59.04,59.105,59.01,59.08,133289.091893
2026-08-14T14:05:00+00:00,59.07,59.33,59.06,59.305,325949.823144
2026-08-14T14:10:00+00:00,59.3,59.3,59.23,59.2319,123785.67265400002
2026-08-14T14:15:00+00:00,59.24,59.305,59.19,59.2008,99584.663009
2026-08-14T14:20:00+00:00,59.21,59.2373,59.12,59.1418,167601.40222400002
2026-08-14T14:25:00+00:00,59.1395,59.2699,59.11,59.2699,113656.299015
2026-08-14T14:30:00+00:00,59.265,59.365,59.21,59.22,80606.91294899999
2026-08-14T14:35:00+00:00,59.23,59.25,59.135,59.135,79249.92716400001
2026-08-14T14:40:00+00:00,59.1491,59.179,59.115,59.17,48486.091596
2026-08-14T14:45:00+00:00,59.17,59.175,59.02,59.07,129606.71043800001
2026-08-14T14:50:00+00:00,59.075,59.075,58.915,58.97,141815.52727100003
2026-08-14T14:55:00+00:00,58.955,59.01,58.92,58.985,115066.457904
2026-08-14T15:00:00+00:00,58.99,59.005,58.875,58.91,157809.98019499998
2026-08-14T15:05:00+00:00,58.91,59.06,58.9,58.979,140225.11701699998
2026-08-14T15:10:00+00:00,58.9799,59.005,58.89,58.9,87961.057085
2026-08-14T15:15:00+00:00,58.9,59.009,58.895,58.96,98873.224904
2026-08-14T15:20:00+00:00,58.96,59.04,58.835,58.8419,113575.57686500001
2026-08-14T15:25:00+00:00,58.84,58.84,58.73,58.73,275365.557333
2026-08-14T15:30:00+00:00,58.73,58.81,58.71,58.79,125325.329436
2026-08-14T15:35:00+00:00,58.79,58.83,58.715,58.755,89481.252642
2026-08-14T15:40:00+00:00,58.75,58.81,58.74,58.755,118089.412281
2026-08-14T15:45:00+00:00,58.76,58.78,58.71,58.77,74605.35809600001
2026-08-14T15:50:00+00:00,58.77,58.89,58.7512,58.7982,154208.090012
2026-08-14T15:55:00+00:00,58.8,58.835,58.76,58.77,100483.278541
2026-08-14T16:00:00+00:00,58.77,58.81,58.73,58.75,138722.676339
2026-08-14T16:05:00+00:00,58.75,58.83,58.725,58.725,133384.609765
2026-08-14T16:10:00+00:00,58.73,58.78,58.62,58.66,243241.006818
2026-08-14T16:15:00+00:00,58.65,58.68,58.635,58.65,146618.71523799998
2026-08-14T16:20:00+00:00,58.65,58.715,58.64,58.7023,146100.97697000002
2026-08-14T16:25:00+00:00,58.705,58.75,58.66,58.67,114879.616894
2026-08-14T16:30:00+00:00,58.67,58.67,58.61,58.645,105274.756838
2026-08-14T16:35:00+00:00,58.645,58.645,58.46,58.56,219446.078767
2026-08-14T16:40:00+00:00,58.5598,58.6881,58.545,58.64,169558.773507
2026-08-14T16:45:00+00:00,58.635,58.655,58.585,58.62,91486.583988
2026-08-14T16:50:00+00:00,58.62,58.68,58.615,58.67,109407.642654
2026-08-14T16:55:00+00:00,58.665,58.68,58.635,58.665,82018.748409
2026-08-14T17:00:00+00:00,58.665,58.69,58.65,58.6699,105495.76935100001
2026-08-14T17:05:00+00:00,58.68,58.695,58.63,58.6499,29357.327359000003
2026-08-14T17:10:00+00:00,58.65,58.655,58.56,58.5819,36151.711653
2026-08-14T17:15:00+00:00,58.585,58.665,58.585,58.665,24304.352020000002
2026-08-14T17:20:00+00:00,58.665,58.71,58.63,58.65,29232.230452999996
2026-08-14T17:25:00+00:00,58.66,58.695,58.63,58.67,42294.857544
2026-08-14T17:30:00+00:00,58.66,58.68,58.62,58.62,23566.895279999997
2026-08-14T17:35:00+00:00,58.64,58.67,58.62,58.67,28393.692293000004
2026-08-14T17:40:00+00:00,58.66,58.66,58.595,58.6,19495.107913999997
2026-08-14T17:45:00+00:00,58.605,58.638,58.535,58.555,56625.665607999996
2026-08-14T17:50:00+00:00,58.54,58.559,58.49,58.5,48640.659401
2026-08-14T17:55:00+00:00,58.505,58.565,58.5,58.545,25811.991500000004
2026-08-14T18:00:00+00:00,58.54,58.5699,58.52,58.5699,36345.67262500001
2026-08-14T18:05:00+00:00,58.5674,58.61,58.51,58.6095,27349.538808999998
2026-08-14T18:10:00+00:00,58.605,58.625,58.525,58.54,50241.879269
2026-08-14T18:15:00+00:00,58.535,58.55,58.493,58.53,64704.436287
2026-08-14T18:20:00+00:00,58.53,58.58,58.5201,58.555,37283.856306
2026-08-14T18:25:00+00:00,58.565,58.5999,58.55,58.56,52759.477097999996
2026-08-14T18:30:00+00:00,58.57,58.58,58.52,58.542,395623.83359800006
2026-08-14T18:35:00+00:00,58.54,58.5581,58.48,58.495,71329.908319
2026-08-14T18:40:00+00:00,58.495,58.585,58.49,58.58,33665.357298
2026-08-14T18:45:00+00:00,58.58,58.595,58.515,58.515,49360.904282
2026-08-14T18:50:00+00:00,58.52,58.525,58.4319,58.515,85521.34769800001
2026-08-14T18:55:00+00:00,58.515,58.56,58.502,58.51,86097.483611
2026-08-14T19:00:00+00:00,58.52,58.52,58.49,58.49,43140.237909
2026-08-14T19:05:00+00:00,58.49,58.505,58.44,58.445,40343.431631
2026-08-14T19:10:00+00:00,58.45,58.47,58.42,58.47,43646.788658
2026-08-14T19:15:00+00:00,58.465,58.51,58.455,58.4977,36990.763923000006
2026-08-14T19:20:00+00:00,58.4801,58.515,58.47,58.485,36551.218366
2026-08-14T19:25:00+00:00,58.485,58.525,58.485,58.5189,23973.664728000003
2026-08-14T19:30:00+00:00,58.515,58.565,58.51,58.51,42208.53009099999
2026-08-14T19:35:00+00:00,58.515,58.55,58.515,58.55,49537.485722
2026-08-14T19:40:00+00:00,58.545,58.55,58.51,58.54,66265.36622299999
2026-08-14T19:45:00+00:00,58.535,58.54,58.475,58.475,122564.272218
2026-08-14T19:50:00+00:00,58.48,58.5,58.455,58.465,76975.982977
2026-08-14T19:55:00+00:00,58.47,58.54,58.47,58.53,130301.188338
2026-08-14T20:00:00+00:00,58.53,58.53,58.4421,58.47,360187.51502500003
2026-08-14T20:05:00+00:00,58.48,58.49,58.4501,58.4501,15448.553302
2026-08-14T20:10:00+00:00,58.4527,58.4527,58.4,58.4,4115.908612
2026-08-14T20:15:00+00:00,58.42,58.44,58.4199,58.44,2206.702038
2026-08-14T20:20:00+00:00,58.4493,58.4493,58.4493,58.4493,3501.0
2026-08-14T20:25:00+00:00,58.46,58.46,58.42,58.42,1893.141146
2026-08-14T20:30:00+00:00,58.4197,58.42,58.4051,58.42,5656.815546
2026-08-14T20:40:00+00:00,58.45,58.46,58.45,58.4585,2327.057221
2026-08-14T20:45:00+00:00,58.47,58.47,58.47,58.47,1539.0
2026-08-14T20:50:00+00:00,58.43,58.45,58.43,58.45,483.0
2026-08-14T21:00:00+00:00,58.46,58.46,58.46,58.46,3941.0351440000004
2026-08-14T21:05:00+00:00,58.49,58.49,58.49,58.49,507.368948
2026-08-14T21:10:00+00:00,58.49,58.53,58.49,58.53,1613.0
2026-08-14T21:15:00+00:00,58.54,58.6,58.52,58.57,8133.14127
2026-08-14T21:20:00+00:00,58.57,58.5746,58.4686,58.5149,2373.846935
2026-08-14T21:25:00+00:00,58.5,58.62,58.5,58.56,2060.0
2026-08-14T21:30:00+00:00,58.5921,58.6,58.5,58.5,1140.7032450000002
2026-08-14T21:35:00+00:00,58.52,58.52,58.51,58.51,3003.4
2026-08-14T21:45:00+00:00,58.58,58.59,58.5,58.588,3198.815194
2026-08-14T21:50:00+00:00,58.5761,58.59,58.5761,58.5899,2076.836723
2026-08-14T22:00:00+00:00,58.58,58.5869,58.5731,58.5731,1326.173449
2026-08-14T22:05:00+00:00,58.58,58.59,58.57,58.59,440.0
2026-08-14T22:15:00+00:00,58.59,58.59,58.59,58.59,219.0
2026-08-14T22:20:00+00:00,58.56,58.56,58.5,58.5,817.303489
2026-08-14T22:30:00+00:00,58.57,58.57,58.57,58.57,139.0
2026-08-14T22:35:00+00:00,58.57,58.58,58.57,58.578,1657.169682
2026-08-14T22:40:00+00:00,58.58,58.58,58.57,58.5791,318.023071
2026-08-14T22:45:00+00:00,58.55,58.57,58.52,58.52,1631.260854
2026-08-14T22:55:00+00:00,58.57,58.5701,58.57,58.5701,1005.114032
2026-08-14T23:00:00+00:00,58.58,58.59,58.58,58.59,1196.949772
2026-08-14T23:05:00+00:00,58.6,58.6,58.5901,58.5919,13076.0
2026-08-14T23:10:00+00:00,58.64,58.672,58.64,58.672,1995.477392
2026-08-14T23:15:00+00:00,58.68,58.68,58.6422,58.6422,1105.719484
2026-08-14T23:20:00+00:00,58.64,58.644,58.64,58.64,1538.0173009999999
2026-08-14T23:25:00+00:00,58.6738,58.6738,58.6,58.6,3446.0
2026-08-14T23:30:00+00:00,58.61,58.61,58.6,58.6005,4051.0
2026-08-14T23:35:00+00:00,58.5899,58.6,58.57,58.6,1314.378398
2026-08-14T23:40:00+00:00,58.64,58.64,58.64,58.64,193.0
2026-08-14T23:45:00+00:00,58.61,58.63,58.6,58.63,2286.5789139999997
2026-08-14T23:50:00+00:00,58.64,58.64,58.64,58.64,144.0
2026-08-14T23:55:00+00:00,58.65,58.65,58.64,58.64,1036.2
2026-08-15T00:00:00+00:00,58.6197,58.64,58.6,58.6001,8942.916201
2026-08-17T08:05:00+00:00,59.5,59.6,59.12,59.26,117860.023094
2026-08-17T08:10:00+00:00,59.25,59.25,59.2,59.24,21546.998232
2026-08-17T08:15:00+00:00,59.24,59.34,59.24,59.31,9611.725595
2026-08-17T08:20:00+00:00,59.34,59.35,59.26,59.27,6307.774508
2026-08-17T08:25:00+00:00,59.26,59.27,59.2564,59.2564,7639.6307
2026-08-17T08:30:00+00:00,59.29,59.29,59.25,59.27,4056.530116
2026-08-17T08:35:00+00:00,59.23,59.25,59.22,59.25,6245.001384
2026-08-17T08:40:00+00:00,59.26,59.3,59.26,59.2601,2444.0
2026-08-17T08:45:00+00:00,59.25,59.25,59.21,59.21,3571.980899
2026-08-17T08:50:00+00:00,59.2,59.22,59.18,59.18,3854.993815
2026-08-17T08:55:00+00:00,59.18,59.18,59.15,59.15,4973.50028
2026-08-17T09:00:00+00:00,59.1502,59.18,59.15,59.18,1783.984621
2026-08-17T09:05:00+00:00,59.19,59.19,59.17,59.17,1398.940708
2026-08-17T09:10:00+00:00,59.2,59.25,59.2,59.25,2248.753664
2026-08-17T09:15:00+00:00,59.26,59.28,59.25,59.25,4510.0
2026-08-17T09:20:00+00:00,59.24,59.26,59.196,59.196,6644.0
2026-08-17T09:25:00+00:00,59.2,59.21,59.19,59.21,1970.239507
2026-08-17T09:30:00+00:00,59.21,59.21,59.17,59.17,1646.0
2026-08-17T09:35:00+00:00,59.16,59.25,59.16,59.23,6270.193088999999
2026-08-17T09:40:00+00:00,59.22,59.22,59.18,59.19,1807.342789
2026-08-17T09:45:00+00:00,59.19,59.23,59.19,59.22,7889.532469
2026-08-17T09:50:00+00:00,59.221,59.239,59.191,59.2,4184.966186
2026-08-17T09:55:00+00:00,59.2,59.2,59.2,59.2,491.37
2026-08-17T10:00:00+00:00,59.17,59.17,59.16,59.17,2239.0
2026-08-17T10:05:00+00:00,59.18,59.18,59.15,59.15,2404.2804
2026-08-17T10:10:00+00:00,59.18,59.2,59.17,59.18,3474.0
2026-08-17T10:15:00+00:00,59.18,59.21,59.18,59.21,720.094
2026-08-17T10:20:00+00:00,59.21,59.31,59.21,59.21,4889.750021
2026-08-17T10:25:00+00:00,59.21,59.21,59.19,59.2063,708.0
2026-08-17T10:30:00+00:00,59.24,59.48,59.1701,59.48,44469.896844
2026-08-17T10:35:00+00:00,59.47,59.48,59.24,59.26,13390.0
2026-08-17T10:40:00+00:00,59.27,59.32,59.27,59.3,3544.0
2026-08-17T10:45:00+00:00,59.28,59.36,59.26,59.33,9383.518469999999
2026-08-17T10:50:00+00:00,59.33,59.33,59.28,59.28,1295.332883
2026-08-17T10:55:00+00:00,59.29,59.31,59.29,59.31,3079.16
2026-08-17T11:00:00+00:00,59.31,59.32,59.27,59.27,3978.297678
2026-08-17T11:05:00+00:00,59.26,59.33,59.24,59.29,32357.793404999997
2026-08-17T11:10:00+00:00,59.3,59.34,59.28,59.34,3158.812747
2026-08-17T11:15:00+00:00,59.29,59.34,59.29,59.3269,19312.041018
2026-08-17T11:20:00+00:00,59.32,59.32,59.27,59.27,13553.165752
2026-08-17T11:25:00+00:00,59.29,59.38,59.29,59.38,4450.036305
2026-08-17T11:30:00+00:00,59.3631,59.43,59.35,59.4101,8206.414272
2026-08-17T11:35:00+00:00,59.43,59.49,59.4,59.47,12243.084139
2026-08-17T11:40:00+00:00,59.46,59.46,59.4369,59.45,25502.016815
2026-08-17T11:45:00+00:00,59.45,59.45,59.39,59.39,4469.615852
2026-08-17T11:50:00+00:00,59.4,59.4,59.35,59.35,21899.192025000004
2026-08-17T11:55:00+00:00,59.37,59.39,59.34,59.36,29005.603069999997
2026-08-17T12:00:00+00:00,59.32,59.35,59.3,59.35,46634.331992
2026-08-17T12:05:00+00:00,59.35,59.38,59.31,59.3504,9120.13682
2026-08-17T12:10:00+00:00,59.3339,59.36,59.2806,59.3,10984.026672
2026-08-17T12:15:00+00:00,59.3,59.32,59.27,59.3154,11907.014276
2026-08-17T12:20:00+00:00,59.31,59.33,59.25,59.26,6213.698937
2026-08-17T12:25:00+00:00,59.26,59.37,59.26,59.35,15776.397283
2026-08-17T12:30:00+00:00,59.35,59.35,59.07,59.17,70199.845762
2026-08-17T12:35:00+00:00,59.21,59.26,59.102,59.1497,8523.802146999999
2026-08-17T12:40:00+00:00,59.1419,59.1419,59.02,59.07,22667.299811
2026-08-17T12:45:00+00:00,59.01,59.01,58.88,58.88,39531.402508
2026-08-17T12:50:00+00:00,58.889,58.93,58.87,58.88,14975.751737999999
2026-08-17T12:55:00+00:00,58.8615,59.01,58.8615,58.9978,13222.411812
2026-08-17T13:00:00+00:00,59.0,59.03,58.929,58.94,16241.235223
2026-08-17T13:05:00+00:00,58.96,59.12,58.81,58.91,34547.274660999996
2026-08-17T13:10:00+00:00,58.88,58.98,58.879,58.97,12233.133744
2026-08-17T13:15:00+00:00,58.98,59.059,58.98,59.0,6790.524821
2026-08-17T13:20:00+00:00,58.9354,58.96,58.85,58.91,11060.643993000002
2026-08-17T13:25:00+00:00,58.91,58.9694,58.91,58.9694,3022.430753
2026-08-17T13:30:00+00:00,58.98,59.02,58.96,59.01,22036.167672000003
2026-08-17T13:35:00+00:00,59.0,59.115,58.994,59.0801,317823.970523
2026-08-17T13:40:00+00:00,59.09,59.14,59.03,59.0723,253579.39544599998
2026-08-17T13:45:00+00:00,59.08,59.09,58.955,58.98,128188.49938499999
2026-08-17T13:50:00+00:00,58.98,59.16,58.95,59.14,199420.885398
2026-08-17T13:55:00+00:00,59.15,59.31,59.14,59.2001,201694.14004199998
2026-08-17T14:00:00+00:00,59.21,59.415,59.205,59.3509,161929.43072099998
2026-08-17T14:05:00+00:00,59.355,59.43,59.3,59.4282,145487.576901
2026-08-17T14:10:00+00:00,59.425,59.44,59.3319,59.345,230007.183602
2026-08-17T14:15:00+00:00,59.34,59.47,59.3101,59.4599,222584.741139
2026-08-17T14:20:00+00:00,59.455,59.585,59.455,59.53,224987.288395
2026-08-17T14:25:00+00:00,59.54,59.9,59.54,59.81,284044.206797
2026-08-17T14:30:00+00:00,59.8,59.835,59.53,59.59,286733.591801
2026-08-17T14:35:00+00:00,59.6,59.855,59.6,59.815,347249.53335
2026-08-17T14:40:00+00:00,59.82,59.8799,59.72,59.775,256039.86175299998
2026-08-17T14:45:00+00:00,59.775,59.905,59.775,59.825,277803.677672
2026-08-17T14:50:00+00:00,59.835,59.89,59.77,59.8399,138551.78121
2026-08-17T14:55:00+00:00,59.845,59.99,59.775,59.785,175776.559275
2026-08-17T15:00:00+00:00,59.79,59.845,59.75,59.84,145737.882468
2026-08-17T15:05:00+00:00,59.845,59.93,59.76,59.91,112976.18400099999
2026-08-17T15:10:00+00:00,59.905,59.93,59.835,59.86,151748.109083
2026-08-17T15:15:00+00:00,59.85,59.99,59.84,59.97,135094.774017
2026-08-17T15:20:00+00:00,59.9601,60.02,59.94,60.0,266377.64217300003
2026-08-17T15:25:00+00:00,60.01,60.03,59.98,60.025,143063.554022
2026-08-17T15:30:00+00:00,60.015,60.145,59.96,60.13,212087.882261
2026-08-17T15:35:00+00:00,60.135,60.145,59.98,60.0001,154903.908104
2026-08-17T15:40:00+00:00,59.995,60.0397,59.97,59.99,82531.65593800001
2026-08-17T15:45:00+00:00,59.985,60.0099,59.94,59.95,103753.196681
2026-08-17T15:50:00+00:00,59.945,60.0,59.87,59.98,156315.105396
2026-08-17T15:55:00+00:00,59.9701,60.085,59.97,60.0797,118188.37872400001
2026-08-17T16:00:00+00:00,60.08,60.085,60.005,60.04,70685.906434
2026-08-17T16:05:00+00:00,60.04,60.05,59.8933,59.945,96217.129476
2026-08-17T16:10:00+00:00,59.95,59.99,59.915,59.965,79293.45964500001
2026-08-17T16:15:00+00:00,59.955,59.965,59.925,59.9401,57471.575954
2026-08-17T16:20:00+00:00,59.95,59.965,59.88,59.915,130986.967319
2026-08-17T16:25:00+00:00,59.9181,59.95,59.885,59.915,122301.207137
2026-08-17T16:30:00+00:00,59.92,59.93,59.895,59.915,39463.805327
2026-08-17T16:35:00+00:00,59.915,59.935,59.87,59.88,40006.297877
2026-08-17T16:40:00+00:00,59.88,60.0,59.8642,59.999,91160.593133
2026-08-17T16:45:00+00:00,59.9986,60.0,59.93,59.935,57370.369504
2026-08-17T16:50:00+00:00,59.93,59.95,59.9,59.945,49824.79952099999
2026-08-17T16:55:00+00:00,59.9455,59.97,59.9,59.9151,99712.729323
2026-08-17T17:00:00+00:00,59.92,59.99,59.92,59.9697,71432.826314
2026-08-17T17:05:00+00:00,59.9699,60.01,59.935,59.935,59479.689744999996
2026-08-17T17:10:00+00:00,59.94,59.9422,59.895,59.905,81921.74860499999
2026-08-17T17:15:00+00:00,59.905,59.93,59.875,59.885,81487.68690700001
2026-08-17T17:20:00+00:00,59.885,59.905,59.765,59.78,88446.771682
2026-08-17T17:25:00+00:00,59.78,59.8188,59.6601,59.675,176237.777865
2026-08-17T17:30:00+00:00,59.6724,59.7,59.61,59.64,136774.518476
2026-08-17T17:35:00+00:00,59.64,59.67,59.5874,59.66,105186.68144799999
2026-08-17T17:40:00+00:00,59.65,59.67,59.58,59.58,89383.118959
2026-08-17T17:45:00+00:00,59.575,59.695,59.54,59.695,144216.670706
2026-08-17T17:50:00+00:00,59.705,59.75,59.675,59.695,147381.773844
2026-08-17T17:55:00+00:00,59.7,59.72,59.6842,59.69,86401.162224
2026-08-17T18:00:00+00:00,59.695,59.715,59.56,59.565,201998.753166
2026-08-17T18:05:00+00:00,59.565,59.58,59.435,59.475,377906.9843019999
2026-08-17T18:10:00+00:00,59.48,59.54,59.455,59.525,86383.864316
2026-08-17T18:15:00+00:00,59.525,59.56,59.47,59.555,64116.555773
2026-08-17T18:20:00+00:00,59.56,59.635,59.55,59.6099,158769.438532
2026-08-17T18:25:00+00:00,59.6,59.65,59.54,59.55,102240.421582
2026-08-17T18:30:00+00:00,59.55,59.6,59.49,59.53,118767.065404
2026-08-17T18:35:00+00:00,59.535,59.545,59.365,59.41,205550.57808900002
2026-08-17T18:40:00+00:00,59.41,59.4699,59.395,59.445,73753.92842400001
2026-08-17T18:45:00+00:00,59.445,59.49,59.41,59.41,62272.689503
2026-08-17T18:50:00+00:00,59.4077,59.495,59.38,59.48,44454.029593
2026-08-17T18:55:00+00:00,59.4851,59.505,59.47,59.49,62899.695089
2026-08-17T19:00:00+00:00,59.49,59.5099,59.45,59.47,56400.102612
2026-08-17T19:05:00+00:00,59.465,59.48,59.41,59.41,43924.70718
2026-08-17T19:10:00+00:00,59.405,59.415,59.35,59.4099,67530.047339
2026-08-17T19:15:00+00:00,59.405,59.445,59.395,59.445,29629.270162000004
2026-08-17T19:20:00+00:00,59.45,59.62,59.45,59.6197,86738.59612600002
2026-08-17T19:25:00+00:00,59.615,59.63,59.565,59.5677,100248.173546
2026-08-17T19:30:00+00:00,59.57,59.595,59.565,59.575,59180.55816500001
2026-08-17T19:35:00+00:00,59.5799,59.585,59.545,59.575,79612.47766900001
2026-08-17T19:40:00+00:00,59.575,59.585,59.515,59.53,117960.315208
2026-08-17T19:45:00+00:00,59.535,59.6,59.515,59.58,94226.25048300001
2026-08-17T19:50:00+00:00,59.575,59.63,59.5602,59.625,82995.667647
2026-08-17T19:55:00+00:00,59.62,59.62,59.5,59.5281,268014.866735
2026-08-17T20:00:00+00:00,59.525,59.58,59.48,59.5601,446615.246046
2026-08-17T20:05:00+00:00,59.57,59.5882,59.52,59.529,4252.242055
2026-08-17T20:10:00+00:00,59.5,59.5,59.46,59.4735,6499.129664
2026-08-17T20:15:00+00:00,59.4737,59.4815,59.4713,59.4815,3998.653827
2026-08-17T20:20:00+00:00,59.4883,59.4898,59.48,59.4829,1584.769354
2026-08-17T20:25:00+00:00,59.48,59.5083,59.48,59.486,1338.7424170000002
2026-08-17T20:30:00+00:00,59.48,59.48,59.4798,59.4798,2667.628528
2026-08-17T20:35:00+00:00,59.43,59.44,59.43,59.44,638.084132
2026-08-17T20:40:00+00:00,59.41,59.43,59.3962,59.4261,3992.235067
2026-08-17T20:45:00+00:00,59.4185,59.42,59.4042,59.4108,2299.066582
2026-08-17T20:50:00+00:00,59.4131,59.4599,59.4131,59.456,1221.679095
2026-08-17T20:55:00+00:00,59.44,59.45,59.43,59.43,5141.448367999999
2026-08-17T21:00:00+00:00,59.44,59.45,59.43,59.45,21452.335275
2026-08-17T21:05:00+00:00,59.46,59.5199,59.4304,59.4653,3987.7042850000003
2026-08-17T21:10:00+00:00,59.4777,59.4777,59.4777,59.4777,292.950252
2026-08-17T21:15:00+00:00,59.5,59.5,59.5,59.5,410.0
2026-08-17T21:20:00+00:00,59.5083,59.5083,59.5083,59.5083,368.0
2026-08-17T21:25:00+00:00,59.5,59.5,59.5,59.5,1114.085474
2026-08-17T21:30:00+00:00,59.54,59.54,59.5,59.5399,1547.8907550000001
2026-08-17T21:35:00+00:00,59.53,59.54,59.4901,59.51,3827.3202509999996
2026-08-17T21:40:00+00:00,59.52,59.5288,59.52,59.5288,617.0
2026-08-17T21:45:00+00:00,59.5394,59.54,59.52,59.52,871.1391309999999
2026-08-17T21:50:00+00:00,59.56,59.56,59.5406,59.5406,1175.007679
2026-08-17T21:55:00+00:00,59.56,59.6,59.56,59.6,1267.53941
2026-08-17T22:00:00+00:00,59.6023,59.6023,59.54,59.56,6178.943327
2026-08-17T22:05:00+00:00,59.54,59.54,59.43,59.5,6356.7764050000005
2026-08-17T22:10:00+00:00,59.5,59.5,59.44,59.46,5869.948629
2026-08-17T22:15:00+00:00,59.44,59.4738,59.44,59.4738,775.517203
2026-08-17T22:20:00+00:00,59.44,59.47,59.42,59.42,3244.016818
2026-08-17T22:25:00+00:00,59.4012,59.4169,59.4012,59.4169,1011.0
2026-08-17T22:30:00+00:00,59.4195,59.4195,59.31,59.33,4660.859444
2026-08-17T22:35:00+00:00,59.4,59.4,59.39,59.39,423.454107
2026-08-17T22:40:00+00:00,59.4,59.41,59.35,59.4017,2525.000336
2026-08-17T22:45:00+00:00,59.4038,59.41,59.3846,59.41,851.559205
2026-08-17T22:50:00+00:00,59.41,59.41,59.39,59.4,2332.617577
2026-08-17T22:55:00+00:00,59.39,59.39,59.37,59.37,543.1851770000001
2026-08-17T23:00:00+00:00,59.33,59.36,59.33,59.36,1169.674195
2026-08-17T23:05:00+00:00,59.34,59.4,59.32,59.39,21488.021647
2026-08-17T23:10:00+00:00,59.3948,59.3954,59.3948,59.3954,1227.82
2026-08-17T23:15:00+00:00,59.36,59.41,59.36,59.41,960.0
2026-08-17T23:20:00+00:00,59.45,59.45,59.44,59.44,4978.205196
2026-08-17T23:25:00+00:00,59.47,59.47,59.4638,59.47,1983.5
2026-08-17T23:30:00+00:00,59.4938,59.5123,59.485,59.5,3511.072866
2026-08-17T23:35:00+00:00,59.5,59.53,59.4818,59.52,6445.308907
2026-08-17T23:40:00+00:00,59.56,59.56,59.52,59.54,2756.308907
2026-08-17T23:45:00+00:00,59.56,59.58,59.5,59.58,21758.0
2026-08-17T23:50:00+00:00,59.57,59.5704,59.56,59.5638,3131.3791810000002
2026-08-17T23:55:00+00:00,59.5512,59.5512,59.5512,59.5512,731.0
2026-08-18T00:00:00+00:00,59.59,59.6191,59.56,59.6137,6321.0
2026-08-18T08:05:00+00:00,58.79,59.13,58.55,58.7,169729.102339
2026-08-18T08:10:00+00:00,58.65,58.96,58.62,58.64,14686.019059999999
2026-08-18T08:15:00+00:00,58.6,58.71,58.6,58.71,11139.591394
2026-08-18T08:20:00+00:00,58.71,58.71,58.69,58.69,2381.5625410000002
2026-08-18T08:25:00+00:00,58.66,58.69,58.63,58.66,9926.918115
2026-08-18T08:30:00+00:00,58.63,58.68,58.63,58.68,11773.312229
2026-08-18T08:35:00+00:00,58.68,58.72,58.67,58.72,2575.5
2026-08-18T08:40:00+00:00,58.72,58.82,58.72,58.82,3418.174885
2026-08-18T08:45:00+00:00,58.82,58.82,58.8,58.8,3220.0
2026-08-18T08:50:00+00:00,58.78,58.78,58.67,58.67,2107.251605
2026-08-18T08:55:00+00:00,58.69,58.7,58.67,58.7,5569.0
2026-08-18T09:00:00+00:00,58.72,58.75,58.72,58.73,2589.706083
2026-08-18T09:05:00+00:00,58.7,58.75,58.7,58.75,1608.0
2026-08-18T09:10:00+00:00,58.72,58.73,58.72,58.73,485.0
2026-08-18T09:15:00+00:00,58.71,58.72,58.7,58.7,1597.0
2026-08-18T09:20:00+00:00,58.68,58.69,58.67,58.68,3404.2917559999996
2026-08-18T09:25:00+00:00,58.66,58.67,58.62,58.67,3863.0
2026-08-18T09:30:00+00:00,58.65,58.72,58.63,58.72,22881.033912
2026-08-18T09:35:00+00:00,58.71,58.75,58.69,58.74,3619.825047
2026-08-18T09:40:00+00:00,58.75,58.75,58.69,58.69,6864.958766
2026-08-18T09:45:00+00:00,58.65,58.65,58.62,58.65,13096.067
2026-08-18T09:50:00+00:00,58.62,58.69,58.62,58.69,13276.096166
2026-08-18T09:55:00+00:00,58.69,58.74,58.69,58.74,6191.016471999999
2026-08-18T10:00:00+00:00,58.77,58.81,58.76,58.8,11398.54
2026-08-18T10:05:00+00:00,58.81,58.84,58.77,58.83,6864.029947000001
2026-08-18T10:10:00+00:00,58.83,58.83,58.79,58.79,1407.0
2026-08-18T10:15:00+00:00,58.8,58.8,58.77,58.77,806.593473
2026-08-18T10:20:00+00:00,58.79,58.81,58.79,58.8,653.0
2026-08-18T10:25:00+00:00,58.75,58.76,58.75,58.76,289.0
2026-08-18T10:30:00+00:00,58.7,58.72,58.68,58.71,20832.584966
2026-08-18T10:35:00+00:00,58.76,58.81,58.76,58.79,4710.0
2026-08-18T10:40:00+00:00,58.78,58.85,58.78,58.81,2662.623796
2026-08-18T10:45:00+00:00,58.82,58.86,58.81,58.82,3855.195897
2026-08-18T10:50:00+00:00,58.83,58.85,58.83,58.83,1960.0
2026-08-18T10:55:00+00:00,58.84,58.8599,58.82,58.82,5059.985723
2026-08-18T11:00:00+00:00,58.84,58.86,58.83,58.83,5689.978671
2026-08-18T11:05:00+00:00,58.87,58.89,58.75,58.7501,14501.851216000001
2026-08-18T11:10:00+00:00,58.75,58.8,58.74,58.8,10402.367795
2026-08-18T11:15:00+00:00,58.7899,58.79,58.77,58.79,2561.389645
2026-08-18T11:20:00+00:00,58.78,58.8,58.73,58.73,4625.503982
2026-08-18T11:25:00+00:00,58.75,58.77,58.75,58.75,3566.874916
2026-08-18T11:30:00+00:00,58.728,58.728,58.69,58.69,6271.085497
2026-08-18T11:35:00+00:00,58.71,58.71,58.68,58.68,2157.927235
2026-08-18T11:40:00+00:00,58.7,58.7,58.66,58.68,9260.54952
2026-08-18T11:45:00+00:00,58.69,58.7699,58.68,58.7,22373.887858
2026-08-18T11:50:00+00:00,58.71,58.7796,58.69,58.76,11892.851276
2026-08-18T11:55:00+00:00,58.7689,58.7689,58.71,58.72,3497.883796
2026-08-18T12:00:00+00:00,58.74,58.88,58.73,58.87,43307.552982
2026-08-18T12:05:00+00:00,58.854,58.86,58.78,58.85,22716.108690999998
2026-08-18T12:10:00+00:00,58.8631,58.88,58.75,58.76,8541.565999999999
2026-08-18T12:15:00+00:00,58.77,58.77,58.68,58.73,65849.428404
2026-08-18T12:20:00+00:00,58.75,58.7698,58.72,58.72,3266.42858
2026-08-18T12:25:00+00:00,58.78,58.94,58.78,58.9086,19167.477424999997
2026-08-18T12:30:00+00:00,58.8323,58.89,58.8,58.84,3263.0704610000003
2026-08-18T12:35:00+00:00,58.9,58.9,58.8,58.84,4653.853
2026-08-18T12:40:00+00:00,58.87,58.89,58.7807,58.84,4073.4718270000003
2026-08-18T12:45:00+00:00,58.81,58.82,58.7601,58.79,21695.747715
2026-08-18T12:50:00+00:00,58.79,58.92,58.78,58.9,28943.725443
2026-08-18T12:55:00+00:00,58.92,58.92,58.84,58.84,2967.933102
2026-08-18T13:00:00+00:00,58.84,58.84,58.8,58.84,11444.603334
2026-08-18T13:05:00+00:00,58.86,58.88,58.7,58.88,16655.055292999998
2026-08-18T13:10:00+00:00,58.87,58.89,58.65,58.67,7937.156231999999
2026-08-18T13:15:00+00:00,58.65,58.85,58.65,58.84,9261.255829
2026-08-18T13:20:00+00:00,58.84,58.841,58.66,58.76,10689.052064
2026-08-18T13:25:00+00:00,58.74,58.7899,58.57,58.63,9318.675112
2026-08-18T13:30:00+00:00,58.63,58.67,58.59,58.6,38025.343316
2026-08-18T13:35:00+00:00,58.615,58.7671,58.295,58.7001,709959.957161
2026-08-18T13:40:00+00:00,58.7018,58.9352,58.69,58.93,228872.10004699999
2026-08-18T13:45:00+00:00,58.93,59.01,58.81,58.82,209606.73967699998
2026-08-18T13:50:00+00:00,58.83,58.84,58.5299,58.55,198685.61285699997
2026-08-18T13:55:00+00:00,58.55,58.62,58.415,58.485,346091.176712
2026-08-18T14:00:00+00:00,58.49,58.61,58.465,58.61,188041.780194
2026-08-18T14:05:00+00:00,58.6199,58.705,58.585,58.625,275896.916247
2026-08-18T14:10:00+00:00,58.625,58.625,58.42,58.42,231655.677455
2026-08-18T14:15:00+00:00,58.415,58.45,58.3,58.335,167820.222633
2026-08-18T14:20:00+00:00,58.335,58.62,58.32,58.56,168016.512507
2026-08-18T14:25:00+00:00,58.56,58.58,58.45,58.51,209901.10653699999
2026-08-18T14:30:00+00:00,58.51,58.55,58.455,58.485,146192.98290499998
2026-08-18T14:35:00+00:00,58.485,58.51,58.39,58.46,176855.192645
2026-08-18T14:40:00+00:00,58.46,58.46,58.15,58.16,232861.250602
2026-08-18T14:45:00+00:00,58.165,58.23,58.07,58.17,246505.76807599998
2026-08-18T14:50:00+00:00,58.17,58.35,58.15,58.34,202976.44323700003
2026-08-18T14:55:00+00:00,58.34,58.39,58.07,58.1717,292264.963359
2026-08-18T15:00:00+00:00,58.165,58.24,57.92,57.96,387773.175279
2026-08-18T15:05:00+00:00,57.97,58.13,57.925,58.1,255822.436065
2026-08-18T15:10:00+00:00,58.115,58.12,57.775,57.78,243338.543152
2026-08-18T15:15:00+00:00,57.785,57.81,57.59,57.64,364900.222679
2026-08-18T15:20:00+00:00,57.64,57.77,57.495,57.5,401243.196048
2026-08-18T15:25:00+00:00,57.49,57.555,57.38,57.455,462097.13354
2026-08-18T15:30:00+00:00,57.46,57.61,57.44,57.52,250198.165813
2026-08-18T15:35:00+00:00,57.52,57.615,57.49,57.57,188825.06905799996
2026-08-18T15:40:00+00:00,57.57,57.58,57.44,57.5582,123263.06744699998
2026-08-18T15:45:00+00:00,57.54,57.61,57.51,57.585,131172.614382
2026-08-18T15:50:00+00:00,57.59,57.775,57.59,57.765,128098.331316
2026-08-18T15:55:00+00:00,57.77,57.82,57.7301,57.795,84492.69465
2026-08-18T16:00:00+00:00,57.795,57.8381,57.78,57.82,78273.658048
2026-08-18T16:05:00+00:00,57.82,57.925,57.8,57.9,79577.476544
2026-08-18T16:10:00+00:00,57.9,57.9481,57.87,57.94,54568.567697000006
2026-08-18T16:15:00+00:00,57.9401,57.948,57.8503,57.8503,59729.109306000006
2026-08-18T16:20:00+00:00,57.86,57.87,57.755,57.7978,59531.277424
2026-08-18T16:25:00+00:00,57.805,57.83,57.755,57.78,59656.441275000005
2026-08-18T16:30:00+00:00,57.79,57.84,57.705,57.715,68976.642621
2026-08-18T16:35:00+00:00,57.72,57.8,57.72,57.79,44817.766648000004
2026-08-18T16:40:00+00:00,57.795,57.81,57.752,57.785,44459.617406000005
2026-08-18T16:45:00+00:00,57.78,57.8387,57.74,57.78,57332.430284
2026-08-18T16:50:00+00:00,57.78,57.79,57.73,57.7395,43407.39869
2026-08-18T16:55:00+00:00,57.745,57.81,57.74,57.805,66926.889337
2026-08-18T17:00:00+00:00,57.795,57.8,57.68,57.71,87038.55021999999
2026-08-18T17:05:00+00:00,57.705,57.8,57.7,57.775,99839.060829
2026-08-18T17:10:00+00:00,57.775,57.8,57.74,57.745,46799.939174
2026-08-18T17:15:00+00:00,57.75,57.775,57.72,57.745,46991.520945
2026-08-18T17:20:00+00:00,57.75,57.8098,57.745,57.765,60568.1242
2026-08-18T17:25:00+00:00,57.7663,57.83,57.74,57.83,63965.038969999994
2026-08-18T17:30:00+00:00,57.83,57.835,57.785,57.8161,85047.61132
2026-08-18T17:35:00+00:00,57.82,57.835,57.755,57.805,73054.746222
2026-08-18T17:40:00+00:00,57.8,57.81,57.69,57.78,46141.186416000004
2026-08-18T17:45:00+00:00,57.78,57.815,57.715,57.715,105733.503213
2026-08-18T17:50:00+00:00,57.71,57.725,57.64,57.65,209178.010434
2026-08-18T17:55:00+00:00,57.65,57.69,57.63,57.685,161353.500776
2026-08-18T18:00:00+00:00,57.68,57.68,57.625,57.665,149726.68637200003
2026-08-18T18:05:00+00:00,57.665,57.665,57.5553,57.5701,103854.940372
2026-08-18T18:10:00+00:00,57.57,57.635,57.56,57.62,94867.818996
2026-08-18T18:15:00+00:00,57.63,57.66,57.555,57.65,66302.33078199999
2026-08-18T18:20:00+00:00,57.65,57.7099,57.635,57.705,57732.370531
2026-08-18T18:25:00+00:00,57.705,57.72,57.595,57.61,63949.655534000005
2026-08-18T18:30:00+00:00,57.605,57.69,57.6001,57.67,76098.027947
2026-08-18T18:35:00+00:00,57.67,57.71,57.65,57.705,61031.218826000004
2026-08-18T18:40:00+00:00,57.71,57.725,57.695,57.725,48318.629855
2026-08-18T18:45:00+00:00,57.7058,57.7058,57.625,57.63,29874.362274
2026-08-18T18:50:00+00:00,57.635,57.68,57.62,57.625,44409.57512
2026-08-18T18:55:00+00:00,57.63,57.64,57.62,57.63,18253.250556000003
2026-08-18T19:00:00+00:00,57.6247,57.64,57.58,57.605,41230.351053
2026-08-18T19:05:00+00:00,57.605,57.678,57.6,57.6,75629.301529
2026-08-18T19:10:00+00:00,57.6,57.64,57.595,57.61,50604.319820000004
2026-08-18T19:15:00+00:00,57.6,57.6601,57.595,57.64,70561.529795
2026-08-18T19:20:00+00:00,57.63,57.69,57.625,57.645,58097.585986
2026-08-18T19:25:00+00:00,57.64,57.68,57.62,57.645,30116.072168
2026-08-18T19:30:00+00:00,57.65,57.675,57.63,57.66,54623.124267
2026-08-18T19:35:00+00:00,57.65,57.695,57.61,57.6136,77572.591158
2026-08-18T19:40:00+00:00,57.62,57.64,57.58,57.61,81666.529083
2026-08-18T19:45:00+00:00,57.6181,57.65,57.52,57.525,149547.538203
2026-08-18T19:50:00+00:00,57.52,57.56,57.33,57.38,332752.51523200003
2026-08-18T19:55:00+00:00,57.375,57.4,57.23,57.365,433840.442247
2026-08-18T20:00:00+00:00,57.375,57.45,57.32,57.43,462571.457026
2026-08-18T20:05:00+00:00,57.44,57.45,57.395,57.41,21644.965057
2026-08-18T20:10:00+00:00,57.4062,57.44,57.39,57.39,5788.225079
2026-08-18T20:15:00+00:00,57.4,57.4,57.38,57.38,2884.522329
2026-08-18T20:20:00+00:00,57.39,57.39,57.37,57.38,2317.546201
2026-08-18T20:25:00+00:00,57.3,57.33,57.25,57.33,37527.324881
2026-08-18T20:30:00+00:00,57.3246,57.3569,57.3206,57.3569,9732.240753
2026-08-18T20:35:00+00:00,57.3497,57.3838,57.3483,57.3838,2302.337574
2026-08-18T20:40:00+00:00,57.32,57.3527,57.32,57.3527,1561.380058
2026-08-18T20:45:00+00:00,57.35,57.3545,57.28,57.28,5536.482649
2026-08-18T20:50:00+00:00,57.26,57.28,57.16,57.16,12922.755595999999
2026-08-18T20:55:00+00:00,57.19,57.2299,57.1056,57.2299,13932.103449
2026-08-18T21:00:00+00:00,57.25,57.25,57.2,57.24,18042.908573
2026-08-18T21:05:00+00:00,57.2196,57.24,57.2132,57.23,1594.287693
2026-08-18T21:10:00+00:00,57.27,57.3,57.2512,57.2512,1413.679969
2026-08-18T21:15:00+00:00,57.25,57.3,57.25,57.264,4017.141317
2026-08-18T21:20:00+00:00,57.25,57.2588,57.25,57.2588,2110.471204
2026-08-18T21:25:00+00:00,57.26,57.27,57.26,57.27,521.0
2026-08-18T21:30:00+00:00,57.28,57.28,57.28,57.28,358.893106
2026-08-18T21:35:00+00:00,57.2498,57.25,57.2498,57.25,2592.948439
2026-08-18T21:40:00+00:00,57.38,57.38,57.2505,57.34,727.033712
2026-08-18T21:45:00+00:00,57.2357,57.2732,57.2357,57.2732,2819.024089
2026-08-18T21:50:00+00:00,57.29,57.29,57.29,57.29,702.0
2026-08-18T21:55:00+00:00,57.309,57.309,57.3,57.3,1314.871221
2026-08-18T22:00:00+00:00,57.3,57.3,57.3,57.3,2724.776308
2026-08-18T22:05:00+00:00,57.3,57.31,57.23,57.28,2767.036727
2026-08-18T22:10:00+00:00,57.24,57.3,57.23,57.3,33359.305777999994
2026-08-18T22:15:00+00:00,57.3093,57.33,57.29,57.29,5709.221594
2026-08-18T22:20:00+00:00,57.31,57.31,57.3,57.3,6710.0
2026-08-18T22:25:00+00:00,57.28,57.28,57.11,57.1832,22445.589581
2026-08-18T22:30:00+00:00,57.15,57.1856,57.14,57.17,15204.123708
2026-08-18T22:35:00+00:00,57.14,57.14,57.09,57.1,14016.574521
2026-08-18T22:40:00+00:00,57.1723,57.1723,57.1104,57.1104,1853.102457
2026-08-18T22:45:00+00:00,57.12,57.13,57.0762,57.09,3483.951405
2026-08-18T22:50:00+00:00,57.1,57.11,57.0704,57.11,7758.0
2026-08-18T22:55:00+00:00,57.08,57.1069,57.071,57.1069,2785.9899640000003
2026-08-18T23:00:00+00:00,57.1069,57.11,57.07,57.07,13855.0
2026-08-18T23:05:00+00:00,57.08,57.15,57.08,57.15,1226.3635649999999
2026-08-18T23:10:00+00:00,57.112,57.112,57.02,57.02,2747.37407
2026-08-18T23:15:00+00:00,57.03,57.03,56.9,56.93,14728.400363
2026-08-18T23:20:00+00:00,56.93,56.96,56.84,56.84,17641.848606
2026-08-18T23:25:00+00:00,56.92,57.0399,56.86,56.9799,19508.394232
2026-08-18T23:30:00+00:00,56.984,56.984,56.8,56.8,5067.08446
2026-08-18T23:35:00+00:00,56.78,56.805,56.7,56.76,24819.561347000003
2026-08-18T23:40:00+00:00,56.77,56.77,56.6,56.7018,19573.796866
2026-08-18T23:45:00+00:00,56.73,56.8312,56.73,56.8312,5040.0
2026-08-18T23:50:00+00:00,56.8,56.84,56.75,56.75,12574.222081999998
2026-08-18T23:55:00+00:00,56.79,56.93,56.75,56.93,47581.799999999996
2026-08-19T00:00:00+00:00,56.87,56.89,56.85,56.89,1501.0
2026-08-19T08:05:00+00:00,57.04,57.2,56.53,57.08,159429.11268
2026-08-19T08:10:00+00:00,57.1,57.14,57.05,57.13,7276.0453099999995
2026-08-19T08:15:00+00:00,57.15,57.17,57.11,57.11,6051.562631
2026-08-19T08:20:00+00:00,57.13,57.16,57.13,57.15,6207.526272
2026-08-19T08:25:00+00:00,57.14,57.14,57.1,57.14,3173.425851
2026-08-19T08:30:00+00:00,57.11,57.1399,57.07,57.12,16160.0
2026-08-19T08:35:00+00:00,57.13,57.18,57.06,57.06,4165.149298
2026-08-19T08:40:00+00:00,57.07,57.14,57.07,57.14,1014.0
2026-08-19T08:45:00+00:00,57.16,57.19,57.15,57.19,2236.222905
2026-08-19T08:50:00+00:00,57.2,57.2,57.18,57.19,4276.173776
2026-08-19T08:55:00+00:00,57.15,57.16,57.06,57.06,16375.620703
2026-08-19T09:00:00+00:00,57.06,57.06,57.0,57.0,15221.105686
2026-08-19T09:05:00+00:00,57.0,57.04,56.99,57.04,10591.414556
2026-08-19T09:10:00+00:00,57.07,57.07,57.01,57.02,4876.3839100000005
2026-08-19T09:15:00+00:00,57.01,57.04,57.0,57.03,5224.895358
2026-08-19T09:20:00+00:00,57.04,57.04,56.97,56.99,4324.0
2026-08-19T09:25:00+00:00,57.03,57.05,57.03,57.05,2146.345021
2026-08-19T09:30:00+00:00,57.03,57.03,57.01,57.01,1152.0
2026-08-19T09:35:00+00:00,57.04,57.04,57.04,57.04,190.0
2026-08-19T09:40:00+00:00,57.04,57.07,57.04,57.07,524.250865
2026-08-19T09:45:00+00:00,57.07,57.11,57.07,57.11,672.5176309999999
2026-08-19T09:50:00+00:00,57.09,57.09,57.09,57.09,289.635838
2026-08-19T09:55:00+00:00,57.08,57.09,57.06,57.07,1797.0
2026-08-19T10:00:00+00:00,57.12,57.17,57.1,57.16,12219.725855
2026-08-19T10:05:00+00:00,57.17,57.1797,57.1,57.1,2178.718825
2026-08-19T10:10:00+00:00,57.09,57.1101,57.09,57.09,2011.0
2026-08-19T10:15:00+00:00,57.09,57.15,57.09,57.14,1736.5872239999999
2026-08-19T10:20:00+00:00,57.18,57.28,57.18,57.23,7975.503206
2026-08-19T10:25:00+00:00,57.19,57.26,57.1891,57.25,3857.4060170000002
2026-08-19T10:30:00+00:00,57.22,57.26,57.21,57.26,2695.525366
2026-08-19T10:35:00+00:00,57.25,57.25,57.21,57.22,2761.0
2026-08-19T10:40:00+00:00,57.27,57.27,57.21,57.23,2292.809201
2026-08-19T10:45:00+00:00,57.23,57.24,57.2,57.24,8689.688985
2026-08-19T10:50:00+00:00,57.22,57.3,57.22,57.3,32855.479461
2026-08-19T10:55:00+00:00,57.3,57.3,57.25,57.25,62651.5435
2026-08-19T11:00:00+00:00,57.25,57.2689,57.25,57.2689,1134.614926
2026-08-19T11:05:00+00:00,57.28,57.32,57.21,57.29,30486.331778
2026-08-19T11:10:00+00:00,57.29,57.35,57.28,57.28,40968.250638
2026-08-19T11:15:00+00:00,57.2999,57.38,57.2999,57.3643,28872.286509
2026-08-19T11:20:00+00:00,57.38,57.38,57.32,57.3369,5437.492888
2026-08-19T11:25:00+00:00,57.34,57.3854,57.3067,57.38,9139.0
2026-08-19T11:30:00+00:00,57.44,57.4983,57.44,57.49,23960.730361
2026-08-19T11:35:00+00:00,57.49,57.55,57.43,57.4372,12560.952157000002
2026-08-19T11:40:00+00:00,57.4393,57.44,57.37,57.38,19327.478028999998
2026-08-19T11:45:00+00:00,57.36,57.38,57.32,57.33,15833.729361
2026-08-19T11:50:00+00:00,57.3595,57.4,57.3427,57.4,12498.010835000001
2026-08-19T11:55:00+00:00,57.43,57.44,57.3263,57.4399,5682.694186
2026-08-19T12:00:00+00:00,57.44,57.47,57.42,57.44,16684.583533
2026-08-19T12:05:00+00:00,57.4294,57.4396,57.39,57.4003,8796.078225000001
2026-08-19T12:10:00+00:00,57.44,57.57,57.4145,57.57,17406.593607
2026-08-19T12:15:00+00:00,57.58,57.6295,57.5546,57.6,13915.087225
2026-08-19T12:20:00+00:00,57.605,57.62,57.55,57.61,16835.836907
2026-08-19T12:25:00+00:00,57.62,57.75,57.62,57.6575,90127.354372
2026-08-19T12:30:00+00:00,57.6531,57.7,57.61,57.63,65081.842701
2026-08-19T12:35:00+00:00,57.674,57.9,57.61,57.88,49893.801806999996
2026-08-19T12:40:00+00:00,57.8799,58.63,57.8799,58.5999,194115.13242
2026-08-19T12:45:00+00:00,58.62,58.87,58.51,58.75,168765.65417
2026-08-19T12:50:00+00:00,58.77,58.8,58.6,58.63,96276.294758
2026-08-19T12:55:00+00:00,58.65,58.67,58.42,58.67,159101.400322
2026-08-19T13:00:00+00:00,58.67,58.7415,58.579,58.68,256725.515472
2026-08-19T13:05:00+00:00,58.65,58.78,58.35,58.35,235616.580644
2026-08-19T13:10:00+00:00,58.35,58.63,58.3,58.62,137991.880778
2026-08-19T13:15:00+00:00,58.6203,58.86,58.57,58.76,200833.041536
2026-08-19T13:20:00+00:00,58.7615,58.91,58.7203,58.86,92242.26846600001
2026-08-19T13:25:00+00:00,58.9,58.95,58.7903,58.9,114481.074088
2026-08-19T13:30:00+00:00,58.89,58.95,58.81,58.91,92736.797137
2026-08-19T13:35:00+00:00,58.904,59.185,58.87,59.015,1041311.7884869999
2026-08-19T13:40:00+00:00,59.01,59.01,58.695,58.785,447030.358684
2026-08-19T13:45:00+00:00,58.79,58.925,58.671,58.845,527078.163493
2026-08-19T13:50:00+00:00,58.84,58.905,58.652,58.652,247076.472897
2026-08-19T13:55:00+00:00,58.65,58.765,58.585,58.6732,271645.35138
2026-08-19T14:00:00+00:00,58.6906,58.88,58.6572,58.822,253042.23669800002
2026-08-19T14:05:00+00:00,58.825,58.89,58.75,58.8675,231833.421535
2026-08-19T14:10:00+00:00,58.865,58.985,58.845,58.98,183214.993713
2026-08-19T14:15:00+00:00,58.975,59.02,58.865,58.9899,308413.79607700004
2026-08-19T14:20:00+00:00,58.98,59.09,58.94,58.98,377710.425928
2026-08-19T14:25:00+00:00,58.975,59.0479,58.872,58.965,183794.931915
2026-08-19T14:30:00+00:00,58.965,59.2588,58.965,59.195,431927.400725
2026-08-19T14:35:00+00:00,59.19,59.34,59.19,59.3095,328452.50623500004
2026-08-19T14:40:00+00:00,59.3,59.46,59.3,59.36,451982.27508700005
2026-08-19T14:45:00+00:00,59.355,59.59,59.335,59.445,345480.904546
2026-08-19T14:50:00+00:00,59.44,59.44,59.14,59.1501,288882.361748
2026-08-19T14:55:00+00:00,59.1512,59.31,59.1099,59.265,136982.14813
2026-08-19T15:00:00+00:00,59.2601,59.36,59.25,59.29,121264.20699400001
2026-08-19T15:05:00+00:00,59.29,59.34,59.22,59.34,220362.382965
2026-08-19T15:10:00+00:00,59.335,59.36,59.29,59.29,130044.466033
2026-08-19T15:15:00+00:00,59.285,59.36,59.22,59.32,188600.17214
2026-08-19T15:20:00+00:00,59.325,59.38,59.28,59.31,171368.244149
2026-08-19T15:25:00+00:00,59.31,59.345,59.185,59.185,187258.188447
2026-08-19T15:30:00+00:00,59.18,59.255,59.125,59.21,284401.534788
2026-08-19T15:35:00+00:00,59.22,59.3,59.18,59.275,55665.846712000006
2026-08-19T15:40:00+00:00,59.28,59.3487,59.26,59.34,100056.186204
2026-08-19T15:45:00+00:00,59.335,59.52,59.265,59.46,175295.275432
2026-08-19T15:50:00+00:00,59.46,59.57,59.45,59.5,159064.75773100002
2026-08-19T15:55:00+00:00,59.5,59.545,59.41,59.4818,134250.511953
2026-08-19T16:00:00+00:00,59.485,59.545,59.47,59.54,99424.77699000001
2026-08-19T16:05:00+00:00,59.54,59.675,59.54,59.59,214276.209587
2026-08-19T16:10:00+00:00,59.582,59.69,59.56,59.66,127785.88518600001
2026-08-19T16:15:00+00:00,59.6595,59.665,59.56,59.6001,139520.248302
2026-08-19T16:20:00+00:00,59.605,59.6422,59.525,59.5299,296128.524986
2026-08-19T16:25:00+00:00,59.53,59.6,59.515,59.545,68322.18104299999
2026-08-19T16:30:00+00:00,59.5417,59.57,59.48,59.505,167934.725172
2026-08-19T16:35:00+00:00,59.5099,59.57,59.4851,59.54,136774.121683
2026-08-19T16:40:00+00:00,59.535,59.59,59.4623,59.54,223511.324786
2026-08-19T16:45:00+00:00,59.545,59.56,59.475,59.51,138571.79058
2026-08-19T16:50:00+00:00,59.515,59.535,59.4899,59.525,73956.95375599999
2026-08-19T16:55:00+00:00,59.525,59.575,59.485,59.5,165354.147868
2026-08-19T17:00:00+00:00,59.4899,59.51,59.45,59.46,169465.099995
2026-08-19T17:05:00+00:00,59.46,59.575,59.46,59.51,103427.142272
2026-08-19T17:10:00+00:00,59.51,59.53,59.42,59.445,276899.567223
2026-08-19T17:15:00+00:00,59.4501,59.49,59.38,59.47,200237.41485600002
2026-08-19T17:20:00+00:00,59.47,59.47,59.295,59.32,129046.701007
2026-08-19T17:25:00+00:00,59.32,59.415,59.29,59.395,199572.11467799998
2026-08-19T17:30:00+00:00,59.395,59.395,59.31,59.345,84226.355667
2026-08-19T17:35:00+00:00,59.35,59.36,59.29,59.3399,194998.444718
2026-08-19T17:40:00+00:00,59.35,59.3856,59.33,59.3301,63090.08953699999
2026-08-19T17:45:00+00:00,59.34,59.43,59.34,59.4099,108189.85542800001
2026-08-19T17:50:00+00:00,59.4005,59.4571,59.385,59.45,65080.225535000005
2026-08-19T17:55:00+00:00,59.45,59.455,59.375,59.385,91377.950484
2026-08-19T18:00:00+00:00,59.385,59.385,59.305,59.3799,58367.782544
2026-08-19T18:05:00+00:00,59.37,59.58,59.335,59.57,149725.45273199998
2026-08-19T18:10:00+00:00,59.565,59.595,59.39,59.46,175991.02746900002
2026-08-19T18:15:00+00:00,59.47,59.495,59.4,59.41,121632.38862299999
2026-08-19T18:20:00+00:00,59.415,59.415,59.255,59.31,171571.492141
2026-08-19T18:25:00+00:00,59.305,59.33,59.23,59.25,131561.097534
2026-08-19T18:30:00+00:00,59.2495,59.265,59.1694,59.22,238792.98064599998
2026-08-19T18:35:00+00:00,59.22,59.37,59.19,59.35,133369.107956
2026-08-19T18:40:00+00:00,59.35,59.42,59.3051,59.4099,135537.515581
2026-08-19T18:45:00+00:00,59.41,59.6,59.41,59.575,170889.398686
2026-08-19T18:50:00+00:00,59.57,59.59,59.52,59.5701,98405.11376600001
2026-08-19T18:55:00+00:00,59.5899,59.69,59.572,59.66,128934.644013
2026-08-19T19:00:00+00:00,59.66,59.71,59.64,59.6905,164740.06064500002
2026-08-19T19:05:00+00:00,59.7,59.795,59.6901,59.75,159240.494812
2026-08-19T19:10:00+00:00,59.74,59.91,59.7,59.8999,181506.153902
2026-08-19T19:15:00+00:00,59.9,59.96,59.85,59.895,235893.567954
2026-08-19T19:20:00+00:00,59.895,59.9702,59.89,59.94,166349.698627
2026-08-19T19:25:00+00:00,59.935,59.94,59.885,59.94,163524.449497
2026-08-19T19:30:00+00:00,59.95,60.03,59.915,59.995,420858.98205000005
2026-08-19T19:35:00+00:00,60.0,60.05,59.98,59.985,253296.45168
2026-08-19T19:40:00+00:00,59.985,59.985,59.8621,59.9467,370651.406111
2026-08-19T19:45:00+00:00,59.95,59.975,59.925,59.965,486044.434918
2026-08-19T19:50:00+00:00,59.96,60.005,59.89,59.99,237005.25761499998
2026-08-19T19:55:00+00:00,59.99,60.02,59.92,60.0,381713.55211499997
2026-08-19T20:00:00+00:00,59.99,60.05,59.99,60.01,687914.299994
2026-08-19T20:05:00+00:00,60.01,60.01,59.95,59.9782,24000.623268999996
2026-08-19T20:10:00+00:00,59.9685,59.9954,59.92,59.9954,33946.114474999995
2026-08-19T20:15:00+00:00,60.0,60.0,59.93,59.93,7956.679595
2026-08-19T20:20:00+00:00,59.94,60.01,59.94,60.0031,15526.281219
2026-08-19T20:25:00+00:00,60.03,60.1,60.0037,60.1,23706.417450999998
2026-08-19T20:30:00+00:00,60.12,60.19,60.1,60.15,58400.079765999995
2026-08-19T20:35:00+00:00,60.15,60.32,60.15,60.299,148921.949854
2026-08-19T20:40:00+00:00,60.28,60.302,60.25,60.28,21074.519509
2026-08-19T20:45:00+00:00,60.28,60.3,60.23,60.26,31611.700498000002
2026-08-19T20:50:00+00:00,60.28,60.3169,60.26,60.28,53876.865719
2026-08-19T20:55:00+00:00,60.3,60.48,60.3,60.466,93278.45025200001
2026-08-19T21:00:00+00:00,60.45,60.59,60.45,60.56,68721.27370599999
2026-08-19T21:05:00+00:00,60.53,60.59,60.36,60.5767,76515.889051
2026-08-19T21:10:00+00:00,60.52,60.57,60.41,60.55,25656.664479
2026-08-19T21:15:00+00:00,60.5456,60.5456,60.46,60.52,11564.34981
2026-08-19T21:20:00+00:00,60.52,60.57,60.4299,60.54,19428.137999
2026-08-19T21:25:00+00:00,60.4517,60.5592,60.4451,60.52,8909.015915
2026-08-19T21:30:00+00:00,60.5016,60.5046,60.43,60.4357,2428.243274
2026-08-19T21:35:00+00:00,60.4359,60.55,60.4359,60.55,6452.672515
2026-08-19T21:40:00+00:00,60.5307,60.5307,60.42,60.44,19154.170566999997
2026-08-19T21:45:00+00:00,60.46,60.46,60.4195,60.4195,16017.110107
2026-08-19T21:50:00+00:00,60.42,60.43,60.39,60.3995,18904.75108
2026-08-19T21:55:00+00:00,60.3901,60.4203,60.3292,60.4,14363.940782000001
2026-08-19T22:00:00+00:00,60.41,60.51,60.39,60.4625,12045.168794
2026-08-19T22:05:00+00:00,60.49,60.7,60.38,60.4979,84046.743762
2026-08-19T22:10:00+00:00,60.5,60.53,60.5,60.51,12226.136809
2026-08-19T22:15:00+00:00,60.5,60.57,60.5,60.54,4309.310654
2026-08-19T22:20:00+00:00,60.54,60.55,60.52,60.5473,6951.21557
2026-08-19T22:25:00+00:00,60.54,60.57,60.5,60.54,14408.570101
2026-08-19T22:30:00+00:00,60.5533,60.56,60.51,60.5201,6900.873557
2026-08-19T22:35:00+00:00,60.52,60.5245,60.4321,60.46,7006.038901999999
2026-08-19T22:40:00+00:00,60.46,60.46,60.36,60.36,12032.017122000001
2026-08-19T22:45:00+00:00,60.4,60.44,60.39,60.44,5751.4219840000005
2026-08-19T22:50:00+00:00,60.4381,60.49,60.41,60.488,12822.304598
2026-08-19T22:55:00+00:00,60.49,60.5,60.47,60.47,9692.0
2026-08-19T23:00:00+00:00,60.462,60.47,60.39,60.4241,4491.762165
2026-08-19T23:05:00+00:00,60.45,60.54,60.45,60.46,5946.1073799999995
2026-08-19T23:10:00+00:00,60.5125,60.59,60.5,60.5654,54623.399369
2026-08-19T23:15:00+00:00,60.5459,60.55,60.5006,60.5254,10787.907783999999
2026-08-19T23:20:00+00:00,60.51,60.58,60.4806,60.53,5667.843502
2026-08-19T23:25:00+00:00,60.56,60.588,60.54,60.54,23802.020691
2026-08-19T23:30:00+00:00,60.58,60.6,60.5331,60.5331,6912.548043
2026-08-19T23:35:00+00:00,60.5551,60.6,60.5551,60.6,3349.9629219999997
2026-08-19T23:40:00+00:00,60.6,60.64,60.56,60.58,7396.151245
2026-08-19T23:45:00+00:00,60.58,60.6,60.5193,60.6,4206.0
2026-08-19T23:50:00+00:00,60.6,60.6,60.5667,60.57,6669.999504
2026-08-19T23:55:00+00:00,60.56,60.58,60.52,60.55,8077.3928049999995
2026-08-20T00:00:00+00:00,60.52,60.58,60.46,60.5,10286.0
2026-08-20T08:05:00+00:00,60.15,60.78,60.08,60.21,363123.642387
2026-08-20T08:10:00+00:00,60.22,60.55,60.21,60.26,9588.014208
2026-08-20T08:15:00+00:00,60.3,60.31,60.2,60.28,12563.826907
2026-08-20T08:20:00+00:00,60.28,60.36,60.28,60.36,3478.4322
2026-08-20T08:25:00+00:00,60.34,60.39,60.33,60.33,7319.331613
2026-08-20T08:30:00+00:00,60.31,60.35,60.21,60.21,14565.576852
2026-08-20T08:35:00+00:00,60.23,60.23,60.17,60.21,10743.816203999999
2026-08-20T08:40:00+00:00,60.2473,60.31,60.2,60.22,4238.7776140000005
2026-08-20T08:45:00+00:00,60.24,60.26,60.18,60.19,50964.0
2026-08-20T08:50:00+00:00,60.19,60.22,60.13,60.15,18436.195534
2026-08-20T08:55:00+00:00,60.15,60.21,60.13,60.21,5813.332322
2026-08-20T09:00:00+00:00,60.2131,60.23,60.19,60.2299,8230.189178
2026-08-20T09:05:00+00:00,60.23,60.23,60.2,60.22,2628.058352
2026-08-20T09:10:00+00:00,60.21,60.27,60.17,60.22,9177.269963
2026-08-20T09:15:00+00:00,60.27,60.29,60.27,60.29,4603.398192000001
2026-08-20T09:20:00+00:00,60.27,60.31,60.25,60.25,2343.759916
2026-08-20T09:25:00+00:00,60.2294,60.31,60.22,60.27,6204.2502700000005
2026-08-20T09:30:00+00:00,60.29,60.29,60.24,60.24,3433.266484
2026-08-20T09:35:00+00:00,60.25,60.25,60.23,60.25,3052.014755
2026-08-20T09:40:00+00:00,60.21,60.24,60.18,60.22,2749.6
2026-08-20T09:45:00+00:00,60.26,60.27,60.25,60.25,1431.826974
2026-08-20T09:50:00+00:00,60.29,60.29,60.23,60.24,4865.150729
2026-08-20T09:55:00+00:00,60.26,60.26,60.23,60.25,7278.786953
2026-08-20T10:00:00+00:00,60.26,60.28,60.23,60.26,9175.587252
2026-08-20T10:05:00+00:00,60.23,60.34,60.21,60.33,4783.043242
2026-08-20T10:10:00+00:00,60.35,60.42,60.34,60.42,8162.045787
2026-08-20T10:15:00+00:00,60.44,60.47,60.4,60.47,6261.919544
2026-08-20T10:20:00+00:00,60.47,60.48,60.41,60.42,4494.774081
2026-08-20T10:25:00+00:00,60.4,60.4,60.29,60.31,11851.8541
2026-08-20T10:30:00+00:00,60.36,60.44,60.36,60.43,15374.239854
2026-08-20T10:35:00+00:00,60.46,60.48,60.43,60.45,8644.693961
2026-08-20T10:40:00+00:00,60.4599,60.49,60.41,60.43,5985.87905
2026-08-20T10:45:00+00:00,60.44,60.44,60.37,60.37,1630.76098
2026-08-20T10:50:00+00:00,60.37,60.39,60.37,60.38,3363.0
2026-08-20T10:55:00+00:00,60.39,60.4,60.35,60.35,3839.9357
2026-08-20T11:00:00+00:00,60.37,60.43,60.36,60.4299,3016.0
2026-08-20T11:05:00+00:00,60.44,60.44,60.25,60.27,70391.835291
2026-08-20T11:10:00+00:00,60.25,60.28,60.22,60.28,14419.899861999998
2026-08-20T11:15:00+00:00,60.29,60.33,60.2,60.24,13047.663754000001
2026-08-20T11:20:00+00:00,60.2854,60.31,60.17,60.17,32267.189229
2026-08-20T11:25:00+00:00,60.18,60.34,60.18,60.33,12200.802305000001
2026-08-20T11:30:00+00:00,60.34,60.38,60.25,60.2593,27087.094951
2026-08-20T11:35:00+00:00,60.2483,60.3,60.23,60.25,8596.106187
2026-08-20T11:40:00+00:00,60.2426,60.27,60.19,60.25,7427.37717
2026-08-20T11:45:00+00:00,60.22,60.23,60.1103,60.1198,27003.705583000003
2026-08-20T11:50:00+00:00,60.13,60.14,59.88,59.97,140464.543894
2026-08-20T11:55:00+00:00,59.99,59.99,59.8102,59.8799,54213.638011
2026-08-20T12:00:00+00:00,59.86,59.94,59.75,59.76,53300.051282
2026-08-20T12:05:00+00:00,59.77,59.7754,59.49,59.52,53079.119982
2026-08-20T12:10:00+00:00,59.4925,59.5,59.31,59.4106,97473.95217399999
2026-08-20T12:15:00+00:00,59.454,59.62,59.454,59.551,55440.99376600001
2026-08-20T12:20:00+00:00,59.55,59.68,59.5499,59.68,40756.518315
2026-08-20T12:25:00+00:00,59.68,59.8,59.6,59.75,24751.708642
2026-08-20T12:30:00+00:00,59.75,59.7893,59.6801,59.73,18880.306308
2026-08-20T12:35:00+00:00,59.715,59.74,59.5603,59.576,85450.2528
2026-08-20T12:40:00+00:00,59.6,59.79,59.53,59.7846,74244.258764
2026-08-20T12:45:00+00:00,59.8,59.95,59.8,59.94,49967.771353
2026-08-20T12:50:00+00:00,59.95,60.02,59.926,60.02,33495.42329
2026-08-20T12:55:00+00:00,60.0315,60.15,60.03,60.1,38158.867593
2026-08-20T13:00:00+00:00,60.13,60.2,60.0503,60.09,38575.140333999996
2026-08-20T13:05:00+00:00,60.14,60.35,60.14,60.22,91831.79850700001
2026-08-20T13:10:00+00:00,60.1946,60.31,60.19,60.228,11758.192449999999
2026-08-20T13:15:00+00:00,60.22,60.3,60.2046,60.2866,34378.180648
2026-08-20T13:20:00+00:00,60.2601,60.35,60.23,60.3,35646.352161
2026-08-20T13:25:00+00:00,60.31,60.31,60.22,60.31,18539.183506999998
2026-08-20T13:30:00+00:00,60.2654,60.31,60.2299,60.2641,36399.827761
2026-08-20T13:35:00+00:00,60.26,60.455,60.26,60.4421,578218.940252
2026-08-20T13:40:00+00:00,60.445,60.845,60.432,60.805,619901.424372
2026-08-20T13:45:00+00:00,60.81,61.0,60.66,60.905,396945.647398
2026-08-20T13:50:00+00:00,60.92,61.0,60.7334,60.785,428314.20883699995
2026-08-20T13:55:00+00:00,60.795,60.88,60.71,60.81,228337.29751999996
2026-08-20T14:00:00+00:00,60.82,60.845,60.67,60.71,220597.049279
2026-08-20T14:05:00+00:00,60.715,60.88,60.64,60.74,317787.41516000003
2026-08-20T14:10:00+00:00,60.73,60.8605,60.695,60.8605,225855.085095
2026-08-20T14:15:00+00:00,60.86,61.0551,60.84,60.89,531643.292263
2026-08-20T14:20:00+00:00,60.885,61.0,60.82,60.835,256567.965112
2026-08-20T14:25:00+00:00,60.8289,61.02,60.81,60.915,216381.767177
2026-08-20T14:30:00+00:00,60.91,61.015,60.84,60.985,178863.80218499998
2026-08-20T14:35:00+00:00,60.99,61.21,60.97,61.1,306333.834488
2026-08-20T14:40:00+00:00,61.11,61.26,61.04,61.18,611904.648016
2026-08-20T14:45:00+00:00,61.182,61.23,61.08,61.1901,186081.73413700002
2026-08-20T14:50:00+00:00,61.2,61.4,61.19,61.355,206747.705116
2026-08-20T14:55:00+00:00,61.365,61.55,61.36,61.525,329022.095436
2026-08-20T15:00:00+00:00,61.529,61.8173,61.525,61.79,389337.758554
2026-08-20T15:05:00+00:00,61.79,62.155,61.73,62.03,1186305.285743
2026-08-20T15:10:00+00:00,62.025,62.025,61.72,61.825,688525.037059
2026-08-20T15:15:00+00:00,61.82,62.295,61.795,62.18,1059584.731211
2026-08-20T15:20:00+00:00,62.185,62.33,62.11,62.26,814838.3314149999
2026-08-20T15:25:00+00:00,62.275,62.3,62.06,62.1379,534236.329281
2026-08-20T15:30:00+00:00,62.13,62.225,62.075,62.12,343938.135466
2026-08-20T15:35:00+00:00,62.12,62.135,61.94,61.9601,500739.93392800004
2026-08-20T15:40:00+00:00,61.965,62.0,61.745,61.75,411844.20325499994
2026-08-20T15:45:00+00:00,61.755,61.79,61.57,61.5776,533741.4917830001
2026-08-20T15:50:00+00:00,61.565,61.72,61.565,61.66,248405.26988599997
2026-08-20T15:55:00+00:00,61.655,61.68,61.5899,61.65,133269.48977
2026-08-20T16:00:00+00:00,61.665,61.795,61.65,61.729,144864.674521
2026-08-20T16:05:00+00:00,61.74,61.828,61.69,61.6971,140834.720034
2026-08-20T16:10:00+00:00,61.6901,61.7899,61.69,61.785,126685.65038199999
2026-08-20T16:15:00+00:00,61.79,61.79,61.5001,61.54,215064.444022
2026-08-20T16:20:00+00:00,61.535,61.535,61.4399,61.53,200375.757451
2026-08-20T16:25:00+00:00,61.535,61.535,61.42,61.4599,126950.675713
2026-08-20T16:30:00+00:00,61.45,61.46,61.36,61.45,197781.34734500002
2026-08-20T16:35:00+00:00,61.45,61.49,61.36,61.45,173112.431284
2026-08-20T16:40:00+00:00,61.46,61.55,61.45,61.4585,130231.02692199999
2026-08-20T16:45:00+00:00,61.46,61.55,61.45,61.54,75032.127082
2026-08-20T16:50:00+00:00,61.54,61.675,61.485,61.67,145949.23869
2026-08-20T16:55:00+00:00,61.67,61.695,61.59,61.645,210174.76477299997
2026-08-20T17:00:00+00:00,61.645,61.68,61.581,61.63,140674.36644100002
2026-08-20T17:05:00+00:00,61.6312,61.705,61.6312,61.675,94698.613328
2026-08-20T17:10:00+00:00,61.67,61.69,61.58,61.64,89546.67844399999
2026-08-20T17:15:00+00:00,61.635,61.64,61.562,61.62,58908.446794999996
2026-08-20T17:20:00+00:00,61.62,61.62,61.535,61.56,64022.956066000006
2026-08-20T17:25:00+00:00,61.575,61.661,61.43,61.48,116588.635435
2026-08-20T17:30:00+00:00,61.4721,61.615,61.4721,61.5299,93149.630768
2026-08-20T17:35:00+00:00,61.525,61.6399,61.505,61.6317,67739.17406
2026-08-20T17:40:00+00:00,61.64,61.65,61.585,61.595,62573.852781999994
2026-08-20T17:45:00+00:00,61.59,61.61,61.5414,61.585,60880.115038
2026-08-20T17:50:00+00:00,61.58,61.64,61.57,61.625,91924.97123899999
2026-08-20T17:55:00+00:00,61.63,61.665,61.585,61.6,71328.306562
2026-08-20T18:00:00+00:00,61.5895,61.625,61.565,61.58,46232.155441
2026-08-20T18:05:00+00:00,61.58,61.615,61.55,61.575,62538.427371000005
2026-08-20T18:10:00+00:00,61.58,61.59,61.32,61.345,199844.96436299998
2026-08-20T18:15:00+00:00,61.3401,61.35,61.21,61.235,293666.004007
2026-08-20T18:20:00+00:00,61.24,61.335,61.19,61.335,196702.912436
2026-08-20T18:25:00+00:00,61.33,61.425,61.3101,61.38,66992.660979
2026-08-20T18:30:00+00:00,61.37,61.48,61.365,61.46,270082.613364
2026-08-20T18:35:00+00:00,61.45,61.5,61.39,61.41,179399.892982
2026-08-20T18:40:00+00:00,61.4,61.48,61.38,61.3899,112221.04800099999
2026-08-20T18:45:00+00:00,61.385,61.41,61.375,61.4,101180.555553
2026-08-20T18:50:00+00:00,61.39,61.415,61.355,61.415,224864.28359899996
2026-08-20T18:55:00+00:00,61.4086,61.465,61.4086,61.42,146425.458284
2026-08-20T19:00:00+00:00,61.42,61.424,61.34,61.35,63389.735699000004
2026-08-20T19:05:00+00:00,61.345,61.38,61.2805,61.38,105842.915631
2026-08-20T19:10:00+00:00,61.3801,61.53,61.3801,61.519,195213.391444
2026-08-20T19:15:00+00:00,61.515,61.64,61.49,61.6299,309376.53150599997
2026-08-20T19:20:00+00:00,61.6387,61.685,61.6,61.61,164327.97737399998
2026-08-20T19:25:00+00:00,61.61,61.64,61.52,61.6399,122978.495723
2026-08-20T19:30:00+00:00,61.64,61.68,61.52,61.53,146391.88112099998
2026-08-20T19:35:00+00:00,61.52,61.555,61.51,61.525,199021.09291600002
2026-08-20T19:40:00+00:00,61.525,61.65,61.475,61.635,478293.735255
2026-08-20T19:45:00+00:00,61.635,61.64,61.54,61.5401,246941.18007899998
2026-08-20T19:50:00+00:00,61.54,61.685,61.491,61.675,464119.124304
2026-08-20T19:55:00+00:00,61.67,61.78,61.645,61.745,723850.74083
2026-08-20T20:00:00+00:00,61.745,61.7499,61.63,61.675,778315.9420670001
2026-08-20T20:05:00+00:00,61.66,61.7095,61.66,61.7,29278.869306999997
2026-08-20T20:10:00+00:00,61.6899,61.6899,61.56,61.56,25713.961009
2026-08-20T20:15:00+00:00,61.6,61.61,61.579,61.579,4084.40523
2026-08-20T20:20:00+00:00,61.58,61.5805,61.52,61.54,43662.523641
2026-08-20T20:25:00+00:00,61.55,61.567,61.51,61.5653,13125.234988999999
2026-08-20T20:30:00+00:00,61.5313,61.5698,61.5313,61.54,4495.884742
2026-08-20T20:35:00+00:00,61.53,61.53,61.48,61.52,9926.916625999998
2026-08-20T20:40:00+00:00,61.52,61.52,61.4722,61.4853,7151.957531999999
2026-08-20T20:45:00+00:00,61.5194,61.5223,61.5,61.5,6271.320627
2026-08-20T20:50:00+00:00,61.5377,61.5377,61.4657,61.5128,3605.564407
2026-08-20T20:55:00+00:00,61.51,61.5976,61.5038,61.56,41931.286374
2026-08-20T21:00:00+00:00,61.54,61.5412,61.4962,61.4962,21090.019
2026-08-20T21:05:00+00:00,61.4863,61.51,61.466,61.4732,1076.170367
2026-08-20T21:10:00+00:00,61.53,61.57,61.53,61.55,3454.167721
2026-08-20T21:15:00+00:00,61.57,61.59,61.54,61.54,1695.11573
2026-08-20T21:25:00+00:00,61.6,61.65,61.6,61.6143,2966.681418
2026-08-20T21:30:00+00:00,61.595,61.6,61.59,61.59,1333.819326
2026-08-20T21:35:00+00:00,61.59,61.64,61.59,61.64,1823.804323
2026-08-20T21:40:00+00:00,61.63,61.65,61.5907,61.5907,984.419119
2026-08-20T21:45:00+00:00,61.57,61.57,61.56,61.56,489.141701
2026-08-20T21:50:00+00:00,61.6154,61.6154,61.59,61.59,747.0
2026-08-20T21:55:00+00:00,61.58,61.6004,61.58,61.6004,725.326327
2026-08-20T22:00:00+00:00,61.6,61.62,61.55,61.62,4927.203426000001
2026-08-20T22:05:00+00:00,61.6,61.64,61.55,61.62,6640.754097
2026-08-20T22:10:00+00:00,61.58,61.63,61.54,61.58,1063.803546
2026-08-20T22:15:00+00:00,61.5799,61.58,61.55,61.55,1870.509551
2026-08-20T22:20:00+00:00,61.55,61.5593,61.5262,61.5262,4408.437339
2026-08-20T22:25:00+00:00,61.56,61.56,61.55,61.55,1667.60247
2026-08-20T22:30:00+00:00,61.54,61.54,61.54,61.54,962.823071
2026-08-20T22:35:00+00:00,61.5593,61.5593,61.55,61.55,620.0
2026-08-20T22:40:00+00:00,61.56,61.6447,61.56,61.6447,1551.884378
2026-08-20T22:45:00+00:00,61.63,61.67,61.63,61.65,3969.6080810000003
2026-08-20T22:50:00+00:00,61.6003,61.6678,61.6003,61.6678,3624.62918
2026-08-20T22:55:00+00:00,61.6776,61.68,61.64,61.6748,4022.978303
2026-08-20T23:00:00+00:00,61.66,61.67,61.65,61.6696,1831.286002
2026-08-20T23:05:00+00:00,61.67,61.748,61.65,61.748,7120.4968420000005
2026-08-20T23:10:00+00:00,61.746,61.77,61.7417,61.7649,5808.0
2026-08-20T23:15:00+00:00,61.7261,61.79,61.72,61.78,10326.263152000001
2026-08-20T23:20:00+00:00,61.78,61.7818,61.78,61.78,941.305393
2026-08-20T23:25:00+00:00,61.77,61.77,61.7285,61.7285,3187.526124
2026-08-20T23:30:00+00:00,61.7271,61.7585,61.69,61.71,3732.7542269999994
2026-08-20T23:35:00+00:00,61.74,61.74,61.64,61.6712,17759.909732
2026-08-20T23:40:00+00:00,61.65,61.65,61.6059,61.62,408.0
2026-08-20T23:45:00+00:00,61.63,61.6629,61.6216,61.6629,1427.390342
2026-08-20T23:50:00+00:00,61.6686,61.68,61.62,61.68,4620.651347
2026-08-20T23:55:00+00:00,61.69,61.716,61.69,61.716,2107.816595
2026-08-21T00:00:00+00:00,61.67,61.6932,61.6208,61.6715,1178.1624
2026-08-21T08:05:00+00:00,62.64,62.73,62.13,62.55,366474.267088
2026-08-21T08:10:00+00:00,62.56,62.57,62.48,62.55,11207.200057999999
2026-08-21T08:15:00+00:00,62.54,62.619,62.54,62.6084,14624.847458
2026-08-21T08:20:00+00:00,62.58,62.66,62.54,62.66,30907.891478
2026-08-21T08:25:00+00:00,62.67,62.84,62.65,62.83,82616.134744
2026-08-21T08:30:00+00:00,62.83,62.98,62.79,62.95,21862.534594000004
2026-08-21T08:35:00+00:00,62.98,63.09,62.98,63.07,35063.263088
2026-08-21T08:40:00+00:00,63.07,63.17,63.07,63.13,35602.232445
2026-08-21T08:45:00+00:00,63.14,63.18,63.06,63.07,20490.752299
2026-08-21T08:50:00+00:00,63.05,63.1,63.03,63.1,25015.534282999997
2026-08-21T08:55:00+00:00,63.08,63.15,63.02,63.03,27757.236283
2026-08-21T09:00:00+00:00,63.06,63.1,63.04,63.1,9635.00043
2026-08-21T09:05:00+00:00,63.11,63.1599,63.03,63.1,27448.665626
2026-08-21T09:10:00+00:00,63.09,63.2,63.08,63.2,43379.324722000005
2026-08-21T09:15:00+00:00,63.2,63.23,63.12,63.23,37981.227247999996
2026-08-21T09:20:00+00:00,63.22,63.25,63.1396,63.1396,42101.126313
2026-08-21T09:25:00+00:00,63.12,63.12,62.99,62.99,46969.960149000006
2026-08-21T09:30:00+00:00,63.0,63.01,62.78,62.79,30536.657849
2026-08-21T09:35:00+00:00,62.8,62.82,62.76,62.78,13095.662846
2026-08-21T09:40:00+00:00,62.76,62.95,62.75,62.8415,21545.894593999998
2026-08-21T09:45:00+00:00,62.82,62.83,62.76,62.79,17583.759131
2026-08-21T09:50:00+00:00,62.77,62.799,62.75,62.79,14521.51816
2026-08-21T09:55:00+00:00,62.76,62.8,62.73,62.7516,10056.575395
2026-08-21T10:00:00+00:00,62.78,62.79,62.74,62.74,6036.665795999999
2026-08-21T10:05:00+00:00,62.75,62.82,62.74,62.74,9759.903369
2026-08-21T10:10:00+00:00,62.72,62.73,62.64,62.66,15042.709301
2026-08-21T10:15:00+00:00,62.65,62.65,62.5,62.57,25289.147142
2026-08-21T10:20:00+00:00,62.55,62.739,62.55,62.63,30375.961012000003
2026-08-21T10:25:00+00:00,62.67,62.72,62.6,62.72,15436.38351
2026-08-21T10:30:00+00:00,62.71,62.75,62.7,62.72,2964.341189
2026-08-21T10:35:00+00:00,62.7,62.7,62.66,62.68,1917.0
2026-08-21T10:40:00+00:00,62.73,62.78,62.73,62.76,6994.097524
2026-08-21T10:45:00+00:00,62.76,62.8,62.72,62.78,16672.148643
2026-08-21T10:50:00+00:00,62.75,62.78,62.75,62.77,3283.0
2026-08-21T10:55:00+00:00,62.76,62.8,62.73,62.8,8502.14
2026-08-21T11:00:00+00:00,62.8,62.8497,62.8,62.8,15414.483274999999
2026-08-21T11:05:00+00:00,62.8,62.93,62.7624,62.9041,26088.902447
2026-08-21T11:10:00+00:00,62.9298,62.97,62.91,62.92,33693.004268
2026-08-21T11:15:00+00:00,62.95,62.9699,62.91,62.92,13194.533953999999
2026-08-21T11:20:00+00:00,62.97,63.1,62.97,63.0854,35634.036464
2026-08-21T11:25:00+00:00,63.09,63.27,63.09,63.2354,72162.745261
2026-08-21T11:30:00+00:00,63.2118,63.2554,63.11,63.22,45206.946222000006
2026-08-21T11:35:00+00:00,63.2438,63.2438,63.0969,63.1111,72040.140924
2026-08-21T11:40:00+00:00,63.15,63.25,63.1,63.13,24839.355519
2026-08-21T11:45:00+00:00,63.13,63.16,63.03,63.11,36555.46104
2026-08-21T11:50:00+00:00,63.1,63.15,63.07,63.15,11320.309274
2026-08-21T11:55:00+00:00,63.12,63.13,63.07,63.0862,22761.287759
2026-08-21T12:00:00+00:00,63.08,63.09,62.98,62.9899,39229.589633999996
2026-08-21T12:05:00+00:00,62.99,63.02,62.812,62.8499,34053.787534
2026-08-21T12:10:00+00:00,62.86,62.96,62.82,62.82,19290.642376
2026-08-21T12:15:00+00:00,62.84,62.85,62.77,62.8203,26759.167248
2026-08-21T12:20:00+00:00,62.8,62.8299,62.69,62.69,19778.086342000002
2026-08-21T12:25:00+00:00,62.72,62.8,62.65,62.79,28466.454685
2026-08-21T12:30:00+00:00,62.74,62.7815,62.6918,62.7602,27258.434398
2026-08-21T12:35:00+00:00,62.78,62.78,62.63,62.67,19832.870824
2026-08-21T12:40:00+00:00,62.67,62.67,62.53,62.53,31438.602421
2026-08-21T12:45:00+00:00,62.51,62.68,62.43,62.67,67447.64304299999
2026-08-21T12:50:00+00:00,62.67,62.77,62.67,62.77,48141.565586
2026-08-21T12:55:00+00:00,62.76,62.7696,62.7,62.7497,14694.592634999999
2026-08-21T13:00:00+00:00,62.74,62.79,62.65,62.7231,28510.058011000005
2026-08-21T13:05:00+00:00,62.74,62.82,62.6403,62.67,17456.502235
2026-08-21T13:10:00+00:00,62.6687,62.82,62.6531,62.76,15442.700158
2026-08-21T13:15:00+00:00,62.7854,62.95,62.76,62.9,52557.419676000005
2026-08-21T13:20:00+00:00,62.91,62.94,62.8,62.84,33299.261641000005
2026-08-21T13:25:00+00:00,62.82,62.94,62.79,62.8982,19281.989836
2026-08-21T13:30:00+00:00,62.919,62.92,62.87,62.89,29354.186686
2026-08-21T13:35:00+00:00,62.9,62.96,62.61,62.62,775078.595244
2026-08-21T13:40:00+00:00,62.622,62.9,62.57,62.8425,434072.796888
2026-08-21T13:45:00+00:00,62.83,63.035,62.825,63.025,517574.749424
2026-08-21T13:50:00+00:00,63.02,63.13,62.93,63.12,546180.191457
2026-08-21T13:55:00+00:00,63.125,63.14,62.755,62.8122,503296.780156
2026-08-21T14:00:00+00:00,62.81,62.8905,62.64,62.6544,300771.796063
2026-08-21T14:05:00+00:00,62.65,62.868,62.63,62.78,400797.683977
2026-08-21T14:10:00+00:00,62.7899,62.915,62.725,62.8602,269864.690328
2026-08-21T14:15:00+00:00,62.875,62.88,62.775,62.825,225649.38951300003
2026-08-21T14:20:00+00:00,62.825,62.8373,62.625,62.669,278666.11971500004
2026-08-21T14:25:00+00:00,62.665,62.9879,62.665,62.965,254660.99994
2026-08-21T14:30:00+00:00,62.97,63.085,62.97,63.01,259598.61698200004
2026-08-21T14:35:00+00:00,63.005,63.0199,62.65,62.665,266213.084334
2026-08-21T14:40:00+00:00,62.665,62.685,62.26,62.355,401457.84568699996
2026-08-21T14:45:00+00:00,62.35,62.505,62.28,62.3603,316424.091341
2026-08-21T14:50:00+00:00,62.3605,62.5386,62.3001,62.53,449552.449371
2026-08-21T14:55:00+00:00,62.53,62.65,62.395,62.445,253530.91856
2026-08-21T15:00:00+00:00,62.44,62.5,62.29,62.48,153689.36985000002
2026-08-21T15:05:00+00:00,62.47,62.49,62.36,62.48,173198.748704
2026-08-21T15:10:00+00:00,62.48,62.545,62.42,62.47,172751.49741200003
2026-08-21T15:15:00+00:00,62.475,62.6195,62.455,62.57,211509.976601
2026-08-21T15:20:00+00:00,62.57,62.65,62.54,62.63,151777.00530999998
2026-08-21T15:25:00+00:00,62.64,62.7895,62.6001,62.7895,130143.680366
2026-08-21T15:30:00+00:00,62.785,62.8695,62.73,62.745,276570.030799
2026-08-21T15:35:00+00:00,62.75,62.7779,62.65,62.75,148182.020325
2026-08-21T15:40:00+00:00,62.7498,62.815,62.745,62.8,129065.443969
2026-08-21T15:45:00+00:00,62.805,62.875,62.755,62.795,195538.23973499998
2026-08-21T15:50:00+00:00,62.8,62.85,62.775,62.775,150743.205477
2026-08-21T15:55:00+00:00,62.78,62.965,62.78,62.925,237467.551605
2026-08-21T16:00:00+00:00,62.93,62.94,62.78,62.82,162727.381209
2026-08-21T16:05:00+00:00,62.82,62.9,62.785,62.8599,170107.75275699998
2026-08-21T16:10:00+00:00,62.86,62.86,62.65,62.665,154224.352511
2026-08-21T16:15:00+00:00,62.67,62.79,62.665,62.73,245713.710701
2026-08-21T16:20:00+00:00,62.73,62.83,62.73,62.775,203732.17051199998
2026-08-21T16:25:00+00:00,62.78,62.98,62.735,62.7875,286882.31012000004
2026-08-21T16:30:00+00:00,62.7898,62.87,62.76,62.8399,116922.02769500001
2026-08-21T16:35:00+00:00,62.85,63.005,62.82,62.9799,187671.04591599997
2026-08-21T16:40:00+00:00,62.97,63.045,62.94,63.0201,87086.950056
2026-08-21T16:45:00+00:00,63.015,63.045,62.999,63.035,139276.394239
2026-08-21T16:50:00+00:00,63.0324,63.125,63.03,63.05,137366.49866500002
2026-08-21T16:55:00+00:00,63.055,63.195,63.045,63.19,186087.79244500003
2026-08-21T17:00:00+00:00,63.18,63.19,63.11,63.165,1134580.75526
2026-08-21T17:05:00+00:00,63.17,63.205,63.06,63.085,341540.646614
2026-08-21T17:10:00+00:00,63.085,63.15,63.07,63.105,560906.140446
2026-08-21T17:15:00+00:00,63.115,63.155,62.945,62.995,759936.245851
2026-08-21T17:20:00+00:00,62.99,63.03,62.94,62.95,125988.488014
2026-08-21T17:25:00+00:00,62.95,62.975,62.705,62.825,329470.41538799996
2026-08-21T17:30:00+00:00,62.8088,62.915,62.73,62.91,239124.740949
2026-08-21T17:35:00+00:00,62.905,62.91,62.82,62.88,129093.38436
2026-08-21T17:40:00+00:00,62.89,62.97,62.89,62.92,178096.92392099998
2026-08-21T17:45:00+00:00,62.915,62.96,62.87,62.885,215252.56829
2026-08-21T17:50:00+00:00,62.885,62.885,62.785,62.79,152466.04694
2026-08-21T17:55:00+00:00,62.785,62.845,62.7421,62.795,105959.067496
2026-08-21T18:00:00+00:00,62.8,62.83,62.78,62.805,126199.637424
2026-08-21T18:05:00+00:00,62.805,62.935,62.8,62.935,136053.83276999998
2026-08-21T18:10:00+00:00,62.94,62.985,62.89,62.892,448446.346607
2026-08-21T18:15:00+00:00,62.9068,62.92,62.85,62.875,67398.646946
2026-08-21T18:20:00+00:00,62.875,62.97,62.865,62.96,59422.671779
2026-08-21T18:25:00+00:00,62.966,62.98,62.95,62.98,73884.33045499999
2026-08-21T18:30:00+00:00,62.98,63.025,62.9,62.9139,114011.94697100001
2026-08-21T18:35:00+00:00,62.91,62.9151,62.79,62.885,103914.647497
2026-08-21T18:40:00+00:00,62.89,62.9151,62.82,62.825,238586.96434999997
2026-08-21T18:45:00+00:00,62.825,62.87,62.825,62.855,97411.14829699999
2026-08-21T18:50:00+00:00,62.86,62.905,62.85,62.8869,79405.23693300001
2026-08-21T18:55:00+00:00,62.8854,62.91,62.85,62.9,59784.548148
2026-08-21T19:00:00+00:00,62.9,62.905,62.875,62.905,252962.289988
2026-08-21T19:05:00+00:00,62.91,62.93,62.79,62.8,136095.109436
2026-08-21T19:10:00+00:00,62.8022,62.835,62.7331,62.815,100137.278775
2026-08-21T19:15:00+00:00,62.81,62.8595,62.785,62.855,101598.556142
2026-08-21T19:20:00+00:00,62.85,62.855,62.8,62.825,77070.46994499999
2026-08-21T19:25:00+00:00,62.82,62.84,62.76,62.83,192593.713284
2026-08-21T19:30:00+00:00,62.835,62.865,62.725,62.725,128387.58463999999
2026-08-21T19:35:00+00:00,62.725,62.76,62.665,62.67,170569.7111
2026-08-21T19:40:00+00:00,62.67,62.69,62.62,62.655,184296.50342400002
2026-08-21T19:45:00+00:00,62.6537,62.685,62.61,62.61,321601.569184
2026-08-21T19:50:00+00:00,62.615,62.74,62.595,62.7201,399131.428133
2026-08-21T19:55:00+00:00,62.72,62.7799,62.705,62.75,281082.082806
2026-08-21T20:00:00+00:00,62.745,62.795,62.68,62.715,903803.5825400001
2026-08-21T20:05:00+00:00,62.72,62.72,62.65,62.6603,54195.916502
2026-08-21T20:10:00+00:00,62.6617,62.71,62.63,62.63,44593.521697
2026-08-21T20:15:00+00:00,62.63,62.65,62.6,62.63,19369.097946
2026-08-21T20:20:00+00:00,62.6,62.6,62.4293,62.44,31973.48726
2026-08-21T20:25:00+00:00,62.47,62.47,62.35,62.35,43184.229993
2026-08-21T20:30:00+00:00,62.35,62.4676,62.34,62.37,49030.839428
2026-08-21T20:35:00+00:00,62.36,62.37,62.3,62.3169,45989.176791000005
2026-08-21T20:40:00+00:00,62.32,62.32,62.2134,62.27,48401.983994
2026-08-21T20:45:00+00:00,62.25,62.37,62.25,62.35,71137.55096800001
2026-08-21T20:50:00+00:00,62.35,62.4086,62.28,62.34,7137.602007
2026-08-21T20:55:00+00:00,62.37,62.3969,62.32,62.36,11839.626071
2026-08-21T21:00:00+00:00,62.36,62.36,62.31,62.33,11966.211915
2026-08-21T21:05:00+00:00,62.34,62.47,62.26,62.35,16223.222395
2026-08-21T21:10:00+00:00,62.43,62.464,62.36,62.464,5276.0
2026-08-21T21:15:00+00:00,62.3523,62.3523,62.3523,62.3523,1683.0
2026-08-21T21:20:00+00:00,62.39,62.48,62.31,62.45,14568.597206
2026-08-21T21:25:00+00:00,62.39,62.53,62.3,62.4193,14125.76627
2026-08-21T21:30:00+00:00,62.39,62.46,62.35,62.38,8942.43905
2026-08-21T21:35:00+00:00,62.4,62.41,62.35,62.36,3172.192819
2026-08-21T21:40:00+00:00,62.39,62.4745,62.3635,62.4745,6516.309243999999
2026-08-21T21:45:00+00:00,62.42,62.4819,62.3329,62.3329,4435.14736
2026-08-21T21:50:00+00:00,62.36,62.43,62.36,62.43,2271.568365
2026-08-21T21:55:00+00:00,62.42,62.42,62.36,62.36,558.9379
2026-08-21T22:00:00+00:00,62.45,62.4899,62.45,62.4838,5386.013879
2026-08-21T22:05:00+00:00,62.4777,62.4777,62.4777,62.4777,111.0
2026-08-21T22:10:00+00:00,62.468,62.47,62.45,62.4501,4424.418442
2026-08-21T22:15:00+00:00,62.46,62.46,62.4495,62.45,7175.759228
2026-08-21T22:20:00+00:00,62.45,62.46,62.45,62.46,10087.075424
2026-08-21T22:25:00+00:00,62.45,62.4501,62.4004,62.45,10399.793515
2026-08-21T22:30:00+00:00,62.4478,62.4545,62.4136,62.4503,2641.342965
2026-08-21T22:35:00+00:00,62.45,62.46,62.45,62.46,1759.8160830000002
2026-08-21T22:40:00+00:00,62.45,62.46,62.45,62.46,278.580321
2026-08-21T22:45:00+00:00,62.46,62.5,62.4476,62.5,5044.334732
2026-08-21T22:50:00+00:00,62.5,62.51,62.4783,62.5,7709.846203
2026-08-21T22:55:00+00:00,62.55,62.56,62.47,62.5,3242.654756
2026-08-21T23:00:00+00:00,62.47,62.5,62.47,62.5,361.800364
2026-08-21T23:05:00+00:00,62.53,62.53,62.4728,62.4728,1389.341348
2026-08-21T23:10:00+00:00,62.49,62.53,62.49,62.5251,1905.7973709999999
2026-08-21T23:15:00+00:00,62.52,62.52,62.52,62.52,291.422384
2026-08-21T23:20:00+00:00,62.53,62.55,62.53,62.55,5935.33086
2026-08-21T23:25:00+00:00,62.5493,62.59,62.503,62.5106,3341.0
2026-08-21T23:30:00+00:00,62.5926,62.5988,62.5,62.5,2348.0
2026-08-21T23:35:00+00:00,62.5,62.55,62.5,62.5438,1835.0
2026-08-21T23:40:00+00:00,62.5481,62.5481,62.47,62.5,3658.0
2026-08-21T23:45:00+00:00,62.54,62.54,62.51,62.51,4337.619744
2026-08-21T23:50:00+00:00,62.54,62.54,62.5,62.5001,351.0
2026-08-21T23:55:00+00:00,62.51,62.5209,62.51,62.5209,2679.8602250000004
2026-08-22T00:00:00+00:00,62.5976,62.5976,62.41,62.5097,6715.370098
2026-08-24T08:05:00+00:00,62.23,62.72,62.0335,62.24,223857.40930700002
2026-08-24T08:10:00+00:00,62.26,62.5,62.19,62.24,22031.992055
2026-08-24T08:15:00+00:00,62.24,62.25,62.16,62.2,2663.86281
2026-08-24T08:20:00+00:00,62.15,62.18,62.09,62.18,24706.113052
2026-08-24T08:25:00+00:00,62.16,62.22,62.16,62.21,12049.0
2026-08-24T08:30:00+00:00,62.15,62.21,62.07,62.07,27192.679203
2026-08-24T08:35:00+00:00,62.05,62.12,62.05,62.12,8942.610847
2026-08-24T08:40:00+00:00,62.17,62.21,62.17,62.19,2883.0168670000003
2026-08-24T08:45:00+00:00,62.23,62.33,62.22,62.33,4730.9934140000005
2026-08-24T08:50:00+00:00,62.3183,62.32,62.26,62.28,10127.593021
2026-08-24T08:55:00+00:00,62.28,62.3,62.25,62.27,5049.129623
2026-08-24T09:00:00+00:00,62.28,62.28,62.13,62.13,15062.521371
2026-08-24T09:05:00+00:00,62.1,62.16,62.1,62.1501,4480.667032
2026-08-24T09:10:00+00:00,62.15,62.2,62.15,62.2,3786.102589
2026-08-24T09:15:00+00:00,62.2,62.2,62.14,62.17,17993.547724999997
2026-08-24T09:20:00+00:00,62.16,62.16,62.06,62.06,7104.194467
2026-08-24T09:25:00+00:00,62.09,62.14,62.08,62.1,9411.673308
2026-08-24T09:30:00+00:00,62.1,62.1,62.0599,62.0695,5669.337837
2026-08-24T09:35:00+00:00,62.1,62.13,62.05,62.08,6956.228629
2026-08-24T09:40:00+00:00,62.06,62.11,62.05,62.0702,4151.044794
2026-08-24T09:45:00+00:00,62.13,62.17,62.13,62.16,2144.4592700000003
2026-08-24T09:50:00+00:00,62.18,62.23,62.18,62.23,3834.605758
2026-08-24T09:55:00+00:00,62.19,62.21,62.16,62.2,10552.455733
2026-08-24T10:00:00+00:00,62.21,62.21,62.201,62.201,2077.3688
2026-08-24T10:05:00+00:00,62.28,62.28,62.26,62.26,654.0
2026-08-24T10:10:00+00:00,62.27,62.3,62.24,62.3,2335.36
2026-08-24T10:15:00+00:00,62.33,62.3796,62.2939,62.35,8168.084971
2026-08-24T10:20:00+00:00,62.34,62.34,62.32,62.34,8198.662186
2026-08-24T10:25:00+00:00,62.325,62.325,62.29,62.29,3657.087844
2026-08-24T10:30:00+00:00,62.29,62.33,62.28,62.28,4349.215192
2026-08-24T10:35:00+00:00,62.28,62.3,62.27,62.3,1707.0
2026-08-24T10:40:00+00:00,62.33,62.35,62.2901,62.34,11769.930696000001
2026-08-24T10:45:00+00:00,62.3375,62.35,62.23,62.25,9903.360962
2026-08-24T10:50:00+00:00,62.26,62.26,62.2,62.22,4211.366419
2026-08-24T10:55:00+00:00,62.25,62.25,62.19,62.23,2384.424156
2026-08-24T11:00:00+00:00,62.25,62.25,62.17,62.2,33495.885524
2026-08-24T11:05:00+00:00,62.219,62.25,62.11,62.24,44656.60851799999
2026-08-24T11:10:00+00:00,62.25,62.26,62.18,62.224,20369.914497
2026-08-24T11:15:00+00:00,62.234,62.27,62.2,62.24,10184.481831000001
2026-08-24T11:20:00+00:00,62.25,62.29,62.23,62.2892,4705.03211
2026-08-24T11:25:00+00:00,62.3,62.31,62.27,62.27,21610.344197
2026-08-24T11:30:00+00:00,62.29,62.3,62.255,62.26,27780.405674
2026-08-24T11:35:00+00:00,62.27,62.4,62.2213,62.4,44338.940859999995
2026-08-24T11:40:00+00:00,62.45,62.83,62.42,62.6994,81339.93889399999
2026-08-24T11:45:00+00:00,62.64,62.76,62.56,62.58,282223.84139
2026-08-24T11:50:00+00:00,62.57,62.64,62.43,62.45,41834.595591
2026-08-24T11:55:00+00:00,62.45,62.594,62.43,62.594,49821.745645999996
2026-08-24T12:00:00+00:00,62.57,62.63,62.56,62.6,8964.224817
2026-08-24T12:05:00+00:00,62.62,62.67,62.48,62.5,27277.859645999997
2026-08-24T12:10:00+00:00,62.5092,62.6,62.5092,62.56,8607.897107
2026-08-24T12:15:00+00:00,62.59,62.67,62.55,62.6,23262.243383
2026-08-24T12:20:00+00:00,62.6,62.63,62.54,62.5692,10910.959957
2026-08-24T12:25:00+00:00,62.54,62.63,62.53,62.6299,16341.231439
2026-08-24T12:30:00+00:00,62.61,62.69,62.58,62.67,23432.406460000002
2026-08-24T12:35:00+00:00,62.68,62.68,62.3,62.49,150660.181452
2026-08-24T12:40:00+00:00,62.49,62.67,62.49,62.66,21758.848577999997
2026-08-24T12:45:00+00:00,62.67,62.82,62.43,62.44,100847.52179
2026-08-24T12:50:00+00:00,62.44,62.5489,62.37,62.53,30108.461345
2026-08-24T12:55:00+00:00,62.52,62.6,62.5006,62.6,22455.559858
2026-08-24T13:00:00+00:00,62.62,62.67,62.51,62.52,39730.25479
2026-08-24T13:05:00+00:00,62.51,62.88,62.51,62.84,81370.241923
2026-08-24T13:10:00+00:00,62.86,63.03,62.86,62.99,95414.92702100001
2026-08-24T13:15:00+00:00,63.0,63.18,63.0,63.11,117633.98528999998
2026-08-24T13:20:00+00:00,63.09,63.134,62.951,63.0,122525.866254
2026-08-24T13:25:00+00:00,62.95,62.98,62.76,62.8246,70618.387954
2026-08-24T13:30:00+00:00,62.82,62.92,62.81,62.86,87973.562565
2026-08-24T13:35:00+00:00,62.81,63.03,62.7,62.87,1072211.97278
2026-08-24T13:40:00+00:00,62.865,62.94,62.62,62.62,750669.427626
2026-08-24T13:45:00+00:00,62.62,62.7719,62.23,62.23,515000.84196100006
2026-08-24T13:50:00+00:00,62.23,62.58,62.185,62.475,579369.6559830001
2026-08-24T13:55:00+00:00,62.47,62.52,62.17,62.335,777966.0320880001
2026-08-24T14:00:00+00:00,62.34,62.3678,62.2,62.35,472790.69249499997
2026-08-24T14:05:00+00:00,62.345,62.435,62.195,62.285,325855.094722
2026-08-24T14:10:00+00:00,62.26,62.47,62.26,62.42,307679.653253
2026-08-24T14:15:00+00:00,62.43,62.4719,62.255,62.29,321626.842142
2026-08-24T14:20:00+00:00,62.29,62.32,62.012,62.255,477418.47519
2026-08-24T14:25:00+00:00,62.26,62.395,62.23,62.285,248861.155629
2026-08-24T14:30:00+00:00,62.28,62.47,62.2562,62.422,149462.440606
2026-08-24T14:35:00+00:00,62.42,62.59,62.39,62.575,228427.633401
2026-08-24T14:40:00+00:00,62.585,62.615,62.505,62.54,192037.519165
2026-08-24T14:45:00+00:00,62.54,62.56,62.3512,62.41,212794.999935
2026-08-24T14:50:00+00:00,62.41,62.448,62.25,62.26,198098.57643000002
2026-08-24T14:55:00+00:00,62.27,62.2706,62.06,62.2505,190712.42336199997
2026-08-24T15:00:00+00:00,62.26,62.42,62.22,62.292,176246.603778
2026-08-24T15:05:00+00:00,62.285,62.51,62.25,62.5,177497.51948000002
2026-08-24T15:10:00+00:00,62.51,62.525,62.4399,62.45,106837.52719699999
2026-08-24T15:15:00+00:00,62.445,62.495,62.4,62.435,95747.13982099999
2026-08-24T15:20:00+00:00,62.43,62.484,62.37,62.47,103765.532742
2026-08-24T15:25:00+00:00,62.48,62.49,62.42,62.485,95398.08293299998
2026-08-24T15:30:00+00:00,62.49,62.63,62.455,62.555,220227.21127700002
2026-08-24T15:35:00+00:00,62.56,62.5805,62.395,62.405,173376.526024
2026-08-24T15:40:00+00:00,62.41,62.44,62.28,62.34,207587.353435
2026-08-24T15:45:00+00:00,62.3399,62.3399,62.09,62.1263,250169.14206500002
2026-08-24T15:50:00+00:00,62.12,62.215,61.905,61.955,459683.647097
2026-08-24T15:55:00+00:00,61.954,62.07,61.945,62.015,135895.636235
2026-08-24T16:00:00+00:00,62.005,62.005,61.77,61.915,305652.58976299997
2026-08-24T16:05:00+00:00,61.93,62.135,61.9,62.1,236209.168259
2026-08-24T16:10:00+00:00,62.11,62.175,62.0202,62.0202,108071.421531
2026-08-24T16:15:00+00:00,62.025,62.08,62.0,62.03,170166.50964499998
2026-08-24T16:20:00+00:00,62.03,62.165,62.01,62.15,234793.05319700003
2026-08-24T16:25:00+00:00,62.1518,62.17,62.11,62.145,147729.01320800002
2026-08-24T16:30:00+00:00,62.16,62.22,62.155,62.205,93811.91583399998
2026-08-24T16:35:00+00:00,62.205,62.225,62.17,62.18,85841.659656
2026-08-24T16:40:00+00:00,62.18,62.2,62.13,62.13,91524.99561
2026-08-24T16:45:00+00:00,62.1199,62.1899,62.1199,62.15,76865.483088
2026-08-24T16:50:00+00:00,62.16,62.19,62.12,62.1761,79383.636949
2026-08-24T16:55:00+00:00,62.19,62.195,62.11,62.16,79499.75249
2026-08-24T17:00:00+00:00,62.17,62.17,62.02,62.055,150154.763694
2026-08-24T17:05:00+00:00,62.055,62.095,62.015,62.07,83299.284056
2026-08-24T17:10:00+00:00,62.08,62.2595,62.025,62.2,131561.50337999998
2026-08-24T17:15:00+00:00,62.2,62.25,62.135,62.155,194226.00087599998
2026-08-24T17:20:00+00:00,62.1486,62.22,62.0625,62.115,70215.9172
2026-08-24T17:25:00+00:00,62.11,62.11,61.785,61.96,521195.565512
2026-08-24T17:30:00+00:00,61.94,62.04,61.87,61.92,125892.82331299999
2026-08-24T17:35:00+00:00,61.915,61.97,61.83,61.88,101485.614746
2026-08-24T17:40:00+00:00,61.89,61.98,61.86,61.9201,97940.64010899999
2026-08-24T17:45:00+00:00,61.93,61.95,61.88,61.88,76909.302774
2026-08-24T17:50:00+00:00,61.8792,61.885,61.77,61.77,90224.986949
2026-08-24T17:55:00+00:00,61.76,61.8899,61.74,61.7901,111524.22957000001
2026-08-24T18:00:00+00:00,61.795,61.89,61.7711,61.88,91737.39886700001
2026-08-24T18:05:00+00:00,61.87,62.03,61.865,62.0,108333.503197
2026-08-24T18:10:00+00:00,62.0,62.0,61.73,61.83,152098.90532000002
2026-08-24T18:15:00+00:00,61.82,61.9,61.81,61.855,76862.75068
2026-08-24T18:20:00+00:00,61.8599,61.92,61.815,61.9,94992.544954
2026-08-24T18:25:00+00:00,61.9,62.025,61.89,62.015,104795.299215
2026-08-24T18:30:00+00:00,62.015,62.1,61.97,62.01,268192.410151
2026-08-24T18:35:00+00:00,62.02,62.04,61.9205,61.9205,97609.40570999999
2026-08-24T18:40:00+00:00,61.93,61.94,61.745,61.8401,104142.168577
2026-08-24T18:45:00+00:00,61.8477,61.94,61.845,61.91,62929.036441000004
2026-08-24T18:50:00+00:00,61.915,61.92,61.8637,61.8899,51297.617774
2026-08-24T18:55:00+00:00,61.885,61.905,61.85,61.855,48066.434456
2026-08-24T19:00:00+00:00,61.855,61.915,61.855,61.89,46108.488553999996
2026-08-24T19:05:00+00:00,61.89,61.975,61.885,61.935,101884.194863
2026-08-24T19:10:00+00:00,61.935,61.95,61.885,61.915,53232.476097000006
2026-08-24T19:15:00+00:00,61.915,61.93,61.87,61.875,137745.68989399998
2026-08-24T19:20:00+00:00,61.88,61.9995,61.86,61.9884,135642.37475599998
2026-08-24T19:25:00+00:00,61.99,62.07,61.96,61.985,143326.758701
2026-08-24T19:30:00+00:00,61.99,61.995,61.895,61.92,68610.80189500001
2026-08-24T19:35:00+00:00,61.925,61.95,61.89,61.89,159307.995718
2026-08-24T19:40:00+00:00,61.89,62.005,61.89,61.985,159668.709764
2026-08-24T19:45:00+00:00,61.985,62.105,61.98,62.095,212381.26289500002
2026-08-24T19:50:00+00:00,62.095,62.175,62.075,62.175,297613.30224600004
2026-08-24T19:55:00+00:00,62.175,62.215,62.15,62.185,301329.17349799996
2026-08-24T20:00:00+00:00,62.18,62.22,62.155,62.2,353609.90050700004
2026-08-24T20:05:00+00:00,62.21,62.23,62.16,62.21,4554.764845000001
2026-08-24T20:10:00+00:00,62.206,62.24,62.191,62.24,3079.0
2026-08-24T20:15:00+00:00,62.22,62.25,62.0851,62.19,1004710.2026349999
2026-08-24T20:20:00+00:00,62.19,62.24,62.19,62.2,6386.556986
2026-08-24T20:25:00+00:00,62.23,62.24,62.1862,62.1862,4839.400807999999
2026-08-24T20:30:00+00:00,62.185,62.1994,62.17,62.17,2421.237222
2026-08-24T20:35:00+00:00,62.1901,62.205,62.18,62.2015,1489.3430409999999
2026-08-24T20:40:00+00:00,62.2002,62.21,62.2002,62.21,936.175821
2026-08-24T20:45:00+00:00,62.2161,62.22,62.192,62.1938,2720.8112730000003
2026-08-24T20:50:00+00:00,62.22,62.2596,62.2195,62.23,4547.231307
2026-08-24T20:55:00+00:00,62.23,62.25,62.23,62.25,571.094143
2026-08-24T21:00:00+00:00,62.27,62.32,62.26,62.32,3207.264845
2026-08-24T21:05:00+00:00,62.29,62.31,62.26,62.26,2230.702941
2026-08-24T21:10:00+00:00,62.3,62.3,62.3,62.3,164.036452
2026-08-24T21:15:00+00:00,62.28,62.2968,62.23,62.2968,9072.498153
2026-08-24T21:25:00+00:00,62.3,62.3,62.3,62.3,1483.605136
2026-08-24T21:30:00+00:00,62.28,62.3,62.27,62.3,1259.0
2026-08-24T21:35:00+00:00,62.3,62.32,62.2999,62.32,9220.16052
2026-08-24T21:40:00+00:00,62.3226,62.36,62.3226,62.36,3232.082751
2026-08-24T21:45:00+00:00,62.38,62.3899,62.33,62.34,3920.8547839999997
2026-08-24T21:50:00+00:00,62.38,62.4,62.36,62.36,2038.7628770000001
2026-08-24T21:55:00+00:00,62.33,62.35,62.3,62.3093,3345.097121
2026-08-24T22:00:00+00:00,62.3247,62.35,62.3154,62.32,2587.130916
2026-08-24T22:05:00+00:00,62.3,62.3831,62.3,62.32,8254.488786
2026-08-24T22:10:00+00:00,62.25,62.45,62.25,62.4475,1548.339347
2026-08-24T22:15:00+00:00,62.49,62.49,62.38,62.47,1547.264606
2026-08-24T22:20:00+00:00,62.328,62.4607,62.328,62.3292,1168.253454
2026-08-24T22:25:00+00:00,62.39,62.48,62.35,62.41,4636.558769
2026-08-24T22:30:00+00:00,62.38,62.3854,62.3179,62.3179,1971.001043
2026-08-24T22:35:00+00:00,62.3462,62.3462,62.3452,62.3452,628.0
2026-08-24T22:40:00+00:00,62.4,62.45,62.3946,62.45,1821.243869
2026-08-24T22:45:00+00:00,62.44,62.44,62.43,62.43,1165.0
2026-08-24T22:50:00+00:00,62.48,62.498,62.48,62.49,4413.997147
2026-08-24T22:55:00+00:00,62.5,62.54,62.5,62.51,2468.016766
2026-08-24T23:00:00+00:00,62.53,62.5848,62.5,62.56,25140.52621
2026-08-24T23:05:00+00:00,62.549,62.57,62.53,62.55,11906.038571000001
2026-08-24T23:10:00+00:00,62.559,62.559,62.45,62.5262,2090.066133
2026-08-24T23:15:00+00:00,62.57,62.6,62.5646,62.58,15907.739037000001
2026-08-24T23:20:00+00:00,62.59,62.669,62.59,62.65,4736.927605
2026-08-24T23:25:00+00:00,62.668,62.69,62.6504,62.68,6666.0
2026-08-24T23:30:00+00:00,62.68,62.68,62.6283,62.6283,6058.665135
2026-08-24T23:35:00+00:00,62.6192,62.68,62.6192,62.68,3642.1800000000003
2026-08-24T23:40:00+00:00,62.67,62.75,62.64,62.75,16686.954243
2026-08-24T23:45:00+00:00,62.73,62.85,62.7,62.81,11200.614359
2026-08-24T23:50:00+00:00,62.82,62.92,62.81,62.9,17120.256501
2026-08-24T23:55:00+00:00,62.89,63.02,62.89,63.0,21850.996589
2026-08-25T00:00:00+00:00,63.0656,63.0656,62.938,62.9442,80687.2338
2026-08-25T08:05:00+00:00,61.47,62.02,61.1837,61.4,249503.25080599997
2026-08-25T08:10:00+00:00,61.4,61.65,61.19,61.23,166334.857336
2026-08-25T08:15:00+00:00,61.21,61.28,61.21,61.24,11289.035527
2026-08-25T08:20:00+00:00,61.27,61.35,61.27,61.32,11890.818873
2026-08-25T08:25:00+00:00,61.32,61.64,61.32,61.64,46038.834044999996
2026-08-25T08:30:00+00:00,61.63,61.63,61.45,61.4797,67524.10836
2026-08-25T08:35:00+00:00,61.48,61.48,61.4,61.45,8624.0
2026-08-25T08:40:00+00:00,61.42,61.43,61.3,61.31,11673.1
2026-08-25T08:45:00+00:00,61.29,61.34,61.24,61.33,53725.203262
2026-08-25T08:50:00+00:00,61.33,61.38,61.266,61.28,8621.190425
2026-08-25T08:55:00+00:00,61.28,61.3,61.22,61.25,3506.781938
2026-08-25T09:00:00+00:00,61.28,61.32,61.27,61.32,2990.0
2026-08-25T09:05:00+00:00,61.26,61.26,61.09,61.09,24880.080815
2026-08-25T09:10:00+00:00,61.07,61.29,61.07,61.29,51747.874193999996
2026-08-25T09:15:00+00:00,61.28,61.34,61.27,61.33,9845.902401
2026-08-25T09:20:00+00:00,61.3657,61.39,61.32,61.35,4465.961639
2026-08-25T09:25:00+00:00,61.34,61.37,61.32,61.33,5612.0
2026-08-25T09:30:00+00:00,61.28,61.29,61.26,61.27,10072.297273
2026-08-25T09:35:00+00:00,61.24,61.48,61.2025,61.48,24902.429962000002
2026-08-25T09:40:00+00:00,61.43,61.44,61.38,61.38,2073.446546
2026-08-25T09:45:00+00:00,61.36,61.48,61.36,61.47,5429.031306
2026-08-25T09:50:00+00:00,61.47,61.53,61.46,61.52,2644.100466
2026-08-25T09:55:00+00:00,61.54,61.66,61.52,61.52,137350.536287
2026-08-25T10:00:00+00:00,61.51,61.56,61.45,61.48,4398.094878
2026-08-25T10:05:00+00:00,61.478,61.48,61.37,61.42,3340.749973
2026-08-25T10:10:00+00:00,61.41,61.47,61.41,61.43,3533.242381
2026-08-25T10:15:00+00:00,61.4,61.48,61.4,61.4,13164.82
2026-08-25T10:20:00+00:00,61.39,61.44,61.37,61.42,2395.14
2026-08-25T10:25:00+00:00,61.42,61.42,61.33,61.33,1467.3057749999998
2026-08-25T10:30:00+00:00,61.31,61.39,61.3,61.34,3404.381881
2026-08-25T10:35:00+00:00,61.41,61.41,61.37,61.37,9172.0279
2026-08-25T10:40:00+00:00,61.33,61.37,61.32,61.36,2383.991214
2026-08-25T10:50:00+00:00,61.35,61.41,61.31,61.33,16618.368726
2026-08-25T10:55:00+00:00,61.3,61.42,61.29,61.39,2558.007796
2026-08-25T11:00:00+00:00,61.38,61.41,61.35,61.36,2518.35
2026-08-25T11:05:00+00:00,61.36,61.38,61.3,61.3302,36126.267112999994
2026-08-25T11:10:00+00:00,61.34,61.42,61.24,61.4,73116.971089
2026-08-25T11:15:00+00:00,61.4,61.48,61.39,61.48,18451.499105000003
2026-08-25T11:20:00+00:00,61.4899,61.49,61.43,61.4765,13680.276688
2026-08-25T11:25:00+00:00,61.47,61.4797,61.41,61.47,4851.048821
2026-08-25T11:30:00+00:00,61.4562,61.5,61.4562,61.5,4736.144545
2026-08-25T11:35:00+00:00,61.51,61.56,61.51,61.54,8542.61306
2026-08-25T11:40:00+00:00,61.5401,61.58,61.5401,61.58,2587.244665
2026-08-25T11:45:00+00:00,61.6,61.6,61.54,61.55,7200.010450000001
2026-08-25T11:50:00+00:00,61.57,61.61,61.5601,61.59,4864.388791999999
2026-08-25T11:55:00+00:00,61.59,61.66,61.56,61.5692,18494.53722
2026-08-25T12:00:00+00:00,61.57,61.57,61.52,61.5203,8601.987648
2026-08-25T12:05:00+00:00,61.52,61.52,61.38,61.43,42907.32481
2026-08-25T12:10:00+00:00,61.43,61.48,61.43,61.4578,8611.577455999999
2026-08-25T12:15:00+00:00,61.44,61.54,61.41,61.47,8788.557202
2026-08-25T12:20:00+00:00,61.47,61.54,61.36,61.42,63008.635746
2026-08-25T12:25:00+00:00,61.47,61.48,61.4,61.411,9685.546491
2026-08-25T12:30:00+00:00,61.43,61.45,61.36,61.3901,13876.89432
2026-08-25T12:35:00+00:00,61.411,61.43,61.31,61.34,11872.929826
2026-08-25T12:40:00+00:00,61.3531,61.36,61.29,61.29,11472.231358000001
2026-08-25T12:45:00+00:00,61.29,61.44,61.26,61.4,12528.804702000001
2026-08-25T12:50:00+00:00,61.43,61.58,61.43,61.58,13551.618718
2026-08-25T12:55:00+00:00,61.55,61.64,61.52,61.55,23671.530753
2026-08-25T13:00:00+00:00,61.55,61.65,61.5346,61.64,7081.020703
2026-08-25T13:05:00+00:00,61.65,61.65,61.2,61.32,28145.13891
2026-08-25T13:10:00+00:00,61.34,61.36,61.18,61.3,17566.815064000002
2026-08-25T13:15:00+00:00,61.27,61.29,61.01,61.05,54106.260093000004
2026-08-25T13:20:00+00:00,61.02,61.22,61.02,61.19,68151.959149
2026-08-25T13:25:00+00:00,61.16,61.19,61.0,61.05,55149.579417
2026-08-25T13:30:00+00:00,61.05,61.16,60.96,60.98,63796.220885
2026-08-25T13:35:00+00:00,60.99,61.2905,60.96,61.26,695593.730445
2026-08-25T13:40:00+00:00,61.255,61.27,61.0001,61.145,288446.057478
2026-08-25T13:45:00+00:00,61.15,61.2401,60.975,61.049,438870.15347300004
2026-08-25T13:50:00+00:00,61.045,61.18,60.96,60.98,442552.67049700004
2026-08-25T13:55:00+00:00,60.98,61.11,60.94,61.01,349169.583469
2026-08-25T14:00:00+00:00,61.0,61.185,60.96,61.18,279107.557731
2026-08-25T14:05:00+00:00,61.19,61.375,61.18,61.32,305180.461487
2026-08-25T14:10:00+00:00,61.325,61.45,61.31,61.35,270475.588993
2026-08-25T14:15:00+00:00,61.352,61.41,61.28,61.31,178113.865071
2026-08-25T14:20:00+00:00,61.3179,61.35,61.19,61.19,260052.74259699997
2026-08-25T14:25:00+00:00,61.195,61.415,61.195,61.405,102529.068786
2026-08-25T14:30:00+00:00,61.405,61.495,61.395,61.42,164404.51575700002
2026-08-25T14:35:00+00:00,61.425,61.579,61.15,61.525,326673.759291
2026-08-25T14:40:00+00:00,61.53,61.66,61.53,61.625,174477.595509
2026-08-25T14:45:00+00:00,61.63,61.6555,61.455,61.57,166813.51569
2026-08-25T14:50:00+00:00,61.57,61.66,61.5684,61.6,134825.485159
2026-08-25T14:55:00+00:00,61.6,61.63,61.525,61.57,143343.81670300002
2026-08-25T15:00:00+00:00,61.575,61.6,61.53,61.59,110226.449141
2026-08-25T15:05:00+00:00,61.6,61.665,61.47,61.505,107446.646352
2026-08-25T15:10:00+00:00,61.505,61.585,61.495,61.5402,214665.733918
2026-08-25T15:15:00+00:00,61.545,61.63,61.505,61.61,88667.485682
2026-08-25T15:20:00+00:00,61.62,61.805,61.53,61.795,194590.712032
2026-08-25T15:25:00+00:00,61.8,61.86,61.77,61.785,158920.04912600003
2026-08-25T15:30:00+00:00,61.78,61.845,61.735,61.755,123084.957668
2026-08-25T15:35:00+00:00,61.76,61.98,61.76,61.94,158249.729674
2026-08-25T15:40:00+00:00,61.93,62.175,61.91,62.1,467912.762634
2026-08-25T15:45:00+00:00,62.11,62.2366,62.08,62.2137,170469.578652
2026-08-25T15:50:00+00:00,62.225,62.26,62.13,62.2,201936.36339500002
2026-08-25T15:55:00+00:00,62.2046,62.22,62.06,62.13,189902.665997
2026-08-25T16:00:00+00:00,62.1,62.21,62.075,62.205,127894.53517700001
2026-08-25T16:05:00+00:00,62.21,62.239,62.11,62.115,147546.261708
2026-08-25T16:10:00+00:00,62.1101,62.13,62.0132,62.0178,126888.847456
2026-08-25T16:15:00+00:00,62.01,62.06,61.96,61.9999,89598.340516
2026-08-25T16:20:00+00:00,61.99,62.1,61.9646,62.04,120282.07275200001
2026-08-25T16:25:00+00:00,62.0301,62.035,61.925,62.03,106684.50398799998
2026-08-25T16:30:00+00:00,62.0237,62.07,62.0096,62.0599,59434.908641999995
2026-08-25T16:35:00+00:00,62.06,62.08,61.95,61.965,72262.06458600001
2026-08-25T16:40:00+00:00,61.9601,62.1285,61.935,62.115,39253.569933
2026-08-25T16:45:00+00:00,62.1119,62.12,62.065,62.11,41700.339557
2026-08-25T16:50:00+00:00,62.1095,62.21,62.09,62.1811,79405.767283
2026-08-25T16:55:00+00:00,62.182,62.19,62.1201,62.1301,44549.083829
2026-08-25T17:00:00+00:00,62.125,62.1301,62.05,62.078,96333.97305100001
2026-08-25T17:05:00+00:00,62.08,62.1,62.0155,62.035,41298.293927
2026-08-25T17:10:00+00:00,62.015,62.07,62.0,62.05,60548.28070799999
2026-08-25T17:15:00+00:00,62.045,62.1,61.995,62.09,75633.634737
2026-08-25T17:20:00+00:00,62.085,62.2,62.03,62.1931,78361.733063
2026-08-25T17:25:00+00:00,62.19,62.2395,62.04,62.08,108388.517046
2026-08-25T17:30:00+00:00,62.075,62.14,62.07,62.09,31279.397476000002
2026-08-25T17:35:00+00:00,62.1,62.145,62.085,62.095,89879.207166
2026-08-25T17:40:00+00:00,62.105,62.18,62.105,62.16,35239.670941
2026-08-25T17:45:00+00:00,62.17,62.245,62.155,62.235,82537.76775
2026-08-25T17:50:00+00:00,62.23,62.3299,62.225,62.315,232542.889862
2026-08-25T17:55:00+00:00,62.315,62.3163,62.23,62.24,58880.755468999996
2026-08-25T18:00:00+00:00,62.235,62.26,62.2121,62.26,88659.95248
2026-08-25T18:05:00+00:00,62.26,62.26,62.17,62.185,66549.669063
2026-08-25T18:10:00+00:00,62.205,62.255,62.1918,62.2351,67909.93304799999
2026-08-25T18:15:00+00:00,62.235,62.31,62.2201,62.225,64384.516682999994
2026-08-25T18:20:00+00:00,62.23,62.25,62.175,62.205,64349.550917
2026-08-25T18:25:00+00:00,62.2253,62.245,62.2,62.2399,55712.900529000006
2026-08-25T18:30:00+00:00,62.23,62.2599,62.215,62.255,50523.528092
2026-08-25T18:35:00+00:00,62.26,62.26,62.17,62.2,38857.460819
2026-08-25T18:40:00+00:00,62.2,62.21,62.14,62.145,100995.14266799999
2026-08-25T18:45:00+00:00,62.1401,62.22,62.135,62.2,50547.845027
2026-08-25T18:50:00+00:00,62.2,62.23,62.195,62.225,45999.722505
2026-08-25T18:55:00+00:00,62.2249,62.23,62.2,62.2252,70015.82952199999
2026-08-25T19:00:00+00:00,62.2215,62.285,62.215,62.275,60805.59157
2026-08-25T19:05:00+00:00,62.2711,62.395,62.2711,62.31,216403.65134600003
2026-08-25T19:10:00+00:00,62.308,62.475,62.305,62.44,150443.92436
2026-08-25T19:15:00+00:00,62.445,62.525,62.44,62.5,103302.72725099999
2026-08-25T19:20:00+00:00,62.495,62.62,62.49,62.568,128862.282604
2026-08-25T19:25:00+00:00,62.5701,62.59,62.46,62.475,169635.008197
2026-08-25T19:30:00+00:00,62.47,62.47,62.385,62.415,127889.677992
2026-08-25T19:35:00+00:00,62.41,62.42,62.335,62.345,128338.014698
2026-08-25T19:40:00+00:00,62.34,62.355,62.26,62.275,193345.38248
2026-08-25T19:45:00+00:00,62.2799,62.358,62.255,62.285,176583.88971699995
2026-08-25T19:50:00+00:00,62.2887,62.3276,62.26,62.315,302641.45463099994
2026-08-25T19:55:00+00:00,62.31,62.39,62.245,62.345,285971.39992299996
2026-08-25T20:00:00+00:00,62.34,62.35,62.24,62.31,285914.95995499997
2026-08-25T20:05:00+00:00,62.32,62.33,62.27,62.27,5353.913706
2026-08-25T20:10:00+00:00,62.28,62.289,62.2307,62.2631,10716.361364
2026-08-25T20:15:00+00:00,62.2906,62.31,62.27,62.27,4757.076597
2026-08-25T20:20:00+00:00,62.26,62.26,62.25,62.25,3302.612196
2026-08-25T20:25:00+00:00,62.34,62.35,62.32,62.34,2438.0
2026-08-25T20:30:00+00:00,62.2606,62.2606,62.25,62.25,1165.504553
2026-08-25T20:35:00+00:00,62.2417,62.2417,62.215,62.215,15477.184643
2026-08-25T20:40:00+00:00,62.2329,62.2329,62.225,62.225,205.737396
2026-08-25T20:45:00+00:00,62.2099,62.2099,62.2005,62.2005,765.0
2026-08-25T20:50:00+00:00,62.216,62.216,62.1801,62.1801,5378.678791
2026-08-25T20:55:00+00:00,62.18,62.1838,62.145,62.145,3532.5484969999998
2026-08-25T21:00:00+00:00,62.13,62.25,61.99,61.99,27077.530912000002
2026-08-25T21:05:00+00:00,62.22,62.22,62.02,62.05,2798.315071
2026-08-25T21:10:00+00:00,62.04,62.2029,61.91,61.91,11425.737114
2026-08-25T21:15:00+00:00,62.02,62.03,61.93,62.0,6389.224002
2026-08-25T21:20:00+00:00,62.038,62.0461,61.59,61.8,44197.182896
2026-08-25T21:25:00+00:00,62.06,62.06,61.75,61.91,8959.388205
2026-08-25T21:30:00+00:00,62.0,62.0,61.8,61.97,16301.0
2026-08-25T21:35:00+00:00,61.92,62.04,61.9095,61.95,5037.236387
2026-08-25T21:40:00+00:00,61.9459,61.99,61.9459,61.9792,2768.2274390000002
2026-08-25T21:45:00+00:00,61.9852,62.02,61.95,62.02,2447.515441
2026-08-25T21:50:00+00:00,61.99,62.04,61.95,62.04,3677.398454
2026-08-25T21:55:00+00:00,61.9937,62.0364,61.9937,62.0364,1106.0
2026-08-25T22:00:00+00:00,62.0,62.0362,61.9592,61.9592,7578.727231
2026-08-25T22:05:00+00:00,62.01,62.22,62.01,62.19,13630.735739000002
2026-08-25T22:10:00+00:00,62.19,62.23,62.19,62.21,4998.759991
2026-08-25T22:15:00+00:00,62.19,62.22,62.15,62.22,4115.788576
2026-08-25T22:20:00+00:00,62.22,62.26,62.1818,62.1818,11837.880389
2026-08-25T22:25:00+00:00,62.24,62.24,62.21,62.22,6346.389154
2026-08-25T22:30:00+00:00,62.22,62.26,62.22,62.2501,12404.404632000002
2026-08-25T22:35:00+00:00,62.2501,62.3,62.25,62.28,10126.023822
2026-08-25T22:40:00+00:00,62.28,62.3354,62.28,62.31,2259.286074
2026-08-25T22:45:00+00:00,62.31,62.3483,62.3,62.32,2770.4397480000002
2026-08-25T22:50:00+00:00,62.3,62.39,62.3,62.39,8578.0
2026-08-25T22:55:00+00:00,62.37,62.42,62.37,62.3968,1278.6404969999999
2026-08-25T23:00:00+00:00,62.3942,62.4429,62.3942,62.4406,1782.3227419999998
2026-08-25T23:05:00+00:00,62.4281,62.4281,62.38,62.38,1949.4080020000001
2026-08-25T23:10:00+00:00,62.3882,62.399,62.3217,62.3227,3213.040729
2026-08-25T23:15:00+00:00,62.345,62.345,62.32,62.32,212.0
2026-08-25T23:20:00+00:00,62.3026,62.3026,62.25,62.29,2515.0
2026-08-25T23:25:00+00:00,62.28,62.28,62.24,62.2433,2027.0
2026-08-25T23:30:00+00:00,62.22,62.22,62.202,62.208,949.766604
2026-08-25T23:35:00+00:00,62.2099,62.2099,62.19,62.2,6901.997877
2026-08-25T23:40:00+00:00,62.1954,62.1954,62.181,62.188,1474.583372
2026-08-25T23:45:00+00:00,62.18,62.18,62.11,62.11,3170.9338999999995
2026-08-25T23:50:00+00:00,62.17,62.19,62.1457,62.15,2447.7709959999997
2026-08-25T23:55:00+00:00,62.1149,62.1423,62.09,62.11,6293.781084
2026-08-26T00:00:00+00:00,62.11,62.1878,62.0548,62.0548,5420.319388
2026-08-26T08:05:00+00:00,62.08,62.7,62.02,62.1,200188.106736
2026-08-26T08:10:00+00:00,62.06,62.22,62.0,62.05,7965.0
2026-08-26T08:15:00+00:00,62.08,62.08,62.0,62.01,3562.0
2026-08-26T08:20:00+00:00,62.0,62.08,61.96,61.97,23929.334949
2026-08-26T08:25:00+00:00,61.95,61.95,61.9,61.94,3415.092098
2026-08-26T08:30:00+00:00,61.95,62.0,61.95,61.99,4318.0
2026-08-26T08:35:00+00:00,61.93,62.0689,61.93,61.98,1124.0
2026-08-26T08:45:00+00:00,62.04,62.04,62.0186,62.0186,765.0
2026-08-26T08:50:00+00:00,62.02,62.02,61.99,61.99,436.0
2026-08-26T08:55:00+00:00,62.0,62.0,62.0,62.0,125.0
2026-08-26T09:00:00+00:00,61.99,61.99,61.99,61.99,351.5865
2026-08-26T09:05:00+00:00,62.01,62.05,62.0,62.01,9545.530839000001
2026-08-26T09:10:00+00:00,61.98,62.03,61.97,61.97,3989.030791
2026-08-26T09:15:00+00:00,61.97,61.99,61.97,61.99,1246.0
2026-08-26T09:20:00+00:00,61.945,61.945,61.92,61.92,297.0
2026-08-26T09:25:00+00:00,61.89,61.91,61.86,61.91,2657.956419
2026-08-26T09:30:00+00:00,61.9,61.9,61.9,61.9,601.0
2026-08-26T09:35:00+00:00,61.91,61.9726,61.91,61.9726,2620.0
2026-08-26T09:40:00+00:00,61.95,61.96,61.94,61.96,3059.669741
2026-08-26T09:45:00+00:00,61.9621,62.0,61.9621,62.0,208.0
2026-08-26T09:50:00+00:00,62.05,62.07,62.05,62.07,2270.5
2026-08-26T09:55:00+00:00,62.0999,62.0999,62.05,62.06,4756.416317
2026-08-26T10:00:00+00:00,62.06,62.06,62.06,62.06,582.054067
2026-08-26T10:05:00+00:00,62.03,62.03,62.03,62.03,109.32076
2026-08-26T10:10:00+00:00,62.03,62.03,61.98,61.98,5005.0
2026-08-26T10:15:00+00:00,62.0,62.0,61.95,61.95,3556.0
2026-08-26T10:20:00+00:00,61.94,61.94,61.92,61.92,2871.0
2026-08-26T10:25:00+00:00,61.9,61.95,61.87,61.95,5173.292721
2026-08-26T10:30:00+00:00,61.95,61.95,61.85,61.88,17594.292534
2026-08-26T10:35:00+00:00,61.94,61.97,61.94,61.97,574.1901
2026-08-26T10:40:00+00:00,61.94,61.98,61.94,61.98,1190.5935
2026-08-26T10:45:00+00:00,62.02,62.02,61.97,61.97,8393.4498
2026-08-26T10:50:00+00:00,61.97,61.97,61.97,61.97,426.0
2026-08-26T10:55:00+00:00,61.97,61.99,61.94,61.97,12967.300299999999
2026-08-26T11:00:00+00:00,61.9,61.9,61.9,61.9,271.517608
2026-08-26T11:05:00+00:00,61.89,62.0,61.8808,61.93,8911.189985
2026-08-26T11:10:00+00:00,61.92,61.9395,61.9,61.9,6387.835322
2026-08-26T11:15:00+00:00,61.91,61.91,61.8954,61.9,3776.0
2026-08-26T11:20:00+00:00,61.91,61.925,61.88,61.92,5200.968598
2026-08-26T11:25:00+00:00,61.9077,61.9077,61.8,61.8355,12689.892489
2026-08-26T11:30:00+00:00,61.81,61.88,61.81,61.88,6042.47338
2026-08-26T11:35:00+00:00,61.89,61.99,61.89,61.92,6334.312997
2026-08-26T11:40:00+00:00,61.94,61.94,61.85,61.85,2534.616977
2026-08-26T11:45:00+00:00,61.8775,61.905,61.8775,61.9,1134.0
2026-08-26T11:50:00+00:00,61.92,61.92,61.88,61.91,4581.80968
2026-08-26T11:55:00+00:00,61.91,61.9375,61.9,61.9375,10483.95503
2026-08-26T12:00:00+00:00,61.9439,62.0338,61.9439,62.03,1177.322424
2026-08-26T12:05:00+00:00,62.03,62.14,62.03,62.12,26823.787359
2026-08-26T12:10:00+00:00,62.1469,62.15,62.0607,62.08,6333.500062
2026-08-26T12:15:00+00:00,62.07,62.1385,62.07,62.12,11894.965358000001
2026-08-26T12:20:00+00:00,62.114,62.13,62.09,62.12,5101.537061
2026-08-26T12:25:00+00:00,62.14,62.17,62.12,62.14,12253.0
2026-08-26T12:30:00+00:00,62.14,62.25,62.14,62.25,8437.458217
2026-08-26T12:35:00+00:00,62.3,62.3,61.93,62.29,47183.148632
2026-08-26T12:40:00+00:00,62.26,62.3,62.13,62.17,24000.22056
2026-08-26T12:45:00+00:00,62.1,62.2429,62.0107,62.2429,12379.831800999998
2026-08-26T12:50:00+00:00,62.2,62.23,62.04,62.1239,11819.593821
2026-08-26T12:55:00+00:00,62.11,62.13,61.78,61.91,42330.807365
2026-08-26T13:00:00+00:00,61.9201,61.94,61.75,61.75,18633.485921
2026-08-26T13:05:00+00:00,61.75,61.9085,61.53,61.7,47447.284638
2026-08-26T13:10:00+00:00,61.65,61.7515,61.48,61.48,46737.844805
2026-08-26T13:15:00+00:00,61.49,61.6001,61.48,61.57,47249.150051
2026-08-26T13:20:00+00:00,61.6109,61.6201,61.35,61.6062,44268.00595600001
2026-08-26T13:25:00+00:00,61.6,61.67,61.44,61.5899,26320.543775000002
2026-08-26T13:30:00+00:00,61.57,61.62,61.49,61.58,31122.41618
2026-08-26T13:35:00+00:00,61.59,61.81,61.59,61.725,615213.253179
2026-08-26T13:40:00+00:00,61.73,61.785,61.64,61.69,275143.70389
2026-08-26T13:45:00+00:00,61.6913,61.835,61.675,61.77,223447.75243399997
2026-08-26T13:50:00+00:00,61.76,61.845,61.68,61.74,282352.55030999996
2026-08-26T13:55:00+00:00,61.74,61.87,61.665,61.77,252780.322026
2026-08-26T14:00:00+00:00,61.77,61.885,61.77,61.855,178804.060195
2026-08-26T14:05:00+00:00,61.8601,61.9,61.68,61.75,296609.830629
2026-08-26T14:10:00+00:00,61.74,61.8,61.6501,61.69,149902.573413
2026-08-26T14:15:00+00:00,61.7,61.788,61.65,61.6783,84786.12508599999
2026-08-26T14:20:00+00:00,61.68,61.87,61.66,61.83,131998.790523
2026-08-26T14:25:00+00:00,61.8353,61.96,61.785,61.79,143078.541213
2026-08-26T14:30:00+00:00,61.805,61.805,61.62,61.6859,108947.07555400001
2026-08-26T14:35:00+00:00,61.67,61.76,61.63,61.74,116167.728805
2026-08-26T14:40:00+00:00,61.72,61.74,61.62,61.69,138090.909317
2026-08-26T14:45:00+00:00,61.7,61.815,61.7,61.8,92664.232243
2026-08-26T14:50:00+00:00,61.81,61.83,61.51,61.5533,147392.440102
2026-08-26T14:55:00+00:00,61.555,61.6,61.415,61.435,148349.25970499997
2026-08-26T15:00:00+00:00,61.445,61.495,61.34,61.34,178344.903295
2026-08-26T15:05:00+00:00,61.35,61.4,61.1,61.175,322416.165103
2026-08-26T15:10:00+00:00,61.1797,61.28,61.015,61.255,394563.751113
2026-08-26T15:15:00+00:00,61.255,61.285,61.075,61.105,177000.733825
2026-08-26T15:20:00+00:00,61.1,61.2699,61.055,61.225,151534.957169
2026-08-26T15:25:00+00:00,61.22,61.2799,61.1999,61.27,143776.371733
2026-08-26T15:30:00+00:00,61.275,61.41,61.245,61.38,265725.85095199995
2026-08-26T15:35:00+00:00,61.37,61.43,61.3521,61.4025,95811.192899
2026-08-26T15:40:00+00:00,61.41,61.485,61.3976,61.485,110927.037747
2026-08-26T15:45:00+00:00,61.5,61.53,61.49,61.495,58081.80816400001
2026-08-26T15:50:00+00:00,61.5,61.58,61.493,61.56,69627.41992799999
2026-08-26T15:55:00+00:00,61.555,61.555,61.33,61.42,183208.28913199998
2026-08-26T16:00:00+00:00,61.425,61.52,61.355,61.38,98232.359712
2026-08-26T16:05:00+00:00,61.38,61.415,61.29,61.38,96924.837092
2026-08-26T16:10:00+00:00,61.38,61.4699,61.36,61.42,56204.083669
2026-08-26T16:15:00+00:00,61.425,61.425,61.35,61.41,33842.522848
2026-08-26T16:20:00+00:00,61.42,61.42,61.36,61.39,49179.620897
2026-08-26T16:25:00+00:00,61.3999,61.41,61.35,61.3684,61355.737004
2026-08-26T16:30:00+00:00,61.385,61.455,61.37,61.425,443247.94936800003
