ts,open,high,low,close,volume
2026-06-01T08:05:00+00:00,56.46,56.69,56.27,56.62,49045.027515999995
2026-06-01T08:10:00+00:00,56.62,56.62,56.46,56.6,2988.0
2026-06-01T08:15:00+00:00,56.64,56.64,56.64,56.64,648.0
2026-06-01T08:20:00+00:00,56.6922,56.71,56.68,56.71,5579.0
2026-06-01T08:25:00+00:00,56.73,56.73,56.73,56.73,1007.0
2026-06-01T08:30:00+00:00,56.71,56.71,56.71,56.71,361.0
2026-06-01T08:35:00+00:00,56.7,56.7,56.7,56.7,288.0
2026-06-01T08:40:00+00:00,56.72,56.73,56.72,56.72,353.0
2026-06-01T08:45:00+00:00,56.73,56.73,56.71,56.71,3746.0
2026-06-01T08:50:00+00:00,56.76,56.77,56.75,56.77,1107.866363
2026-06-01T08:55:00+00:00,56.71,56.71,56.7,56.7,617.0
2026-06-01T09:00:00+00:00,56.71,56.71,56.71,56.71,528.0
2026-06-01T09:05:00+00:00,56.73,56.73,56.73,56.73,165.0
2026-06-01T09:10:00+00:00,56.745,56.7638,56.745,56.7638,304.0
2026-06-01T09:20:00+00:00,56.76,56.76,56.76,56.76,800.0
2026-06-01T09:30:00+00:00,56.735,56.735,56.735,56.735,104.0
2026-06-01T09:40:00+00:00,56.75,56.75,56.75,56.75,840.0
2026-06-01T09:45:00+00:00,56.76,56.76,56.76,56.76,635.0
2026-06-01T09:55:00+00:00,56.76,56.77,56.76,56.77,965.0
2026-06-01T10:05:00+00:00,56.77,56.81,56.77,56.81,9027.283800000001
2026-06-01T10:10:00+00:00,56.8,56.81,56.78,56.78,5734.0
2026-06-01T10:15:00+00:00,56.8,56.8,56.77,56.7772,1772.2342370000001
2026-06-01T10:20:00+00:00,56.76,56.77,56.7313,56.7313,1904.0
2026-06-01T10:25:00+00:00,56.76,56.774,56.75,56.774,2613.0
2026-06-01T10:35:00+00:00,56.78,56.78,56.78,56.78,103.0
2026-06-01T10:40:00+00:00,56.75,56.79,56.75,56.79,7436.0
2026-06-01T10:45:00+00:00,56.76,56.79,56.76,56.78,2842.0
2026-06-01T10:55:00+00:00,56.77,56.77,56.77,56.77,293.0
2026-06-01T11:00:00+00:00,56.77,56.77,56.74,56.74,3348.0
2026-06-01T11:05:00+00:00,56.73,56.76,56.69,56.7,16194.544587999999
2026-06-01T11:10:00+00:00,56.69,56.7443,56.69,56.7443,11214.0
2026-06-01T11:15:00+00:00,56.74,56.77,56.74,56.75,8085.0
2026-06-01T11:20:00+00:00,56.7407,56.7407,56.69,56.69,4502.0
2026-06-01T11:25:00+00:00,56.69,56.69,56.64,56.65,15713.021162000001
2026-06-01T11:30:00+00:00,56.6409,56.74,56.6409,56.69,9965.0
2026-06-01T11:35:00+00:00,56.6992,56.6992,56.66,56.66,862.0
2026-06-01T11:40:00+00:00,56.67,56.71,56.67,56.68,2341.108
2026-06-01T11:45:00+00:00,56.68,56.7051,56.67,56.67,3058.625
2026-06-01T11:50:00+00:00,56.69,56.75,56.69,56.72,4850.248621
2026-06-01T11:55:00+00:00,56.71,56.71,56.71,56.71,1067.0
2026-06-01T12:00:00+00:00,56.7314,56.75,56.7,56.71,5883.0
2026-06-01T12:05:00+00:00,56.73,56.73,56.69,56.69,3037.476826
2026-06-01T12:10:00+00:00,56.69,56.69,56.64,56.67,12091.54774
2026-06-01T12:15:00+00:00,56.67,56.6882,56.65,56.66,5332.0
2026-06-01T12:20:00+00:00,56.67,56.67,56.67,56.67,2494.0
2026-06-01T12:25:00+00:00,56.69,56.69,56.66,56.6771,1791.0
2026-06-01T12:30:00+00:00,56.64,56.65,56.57,56.59,44631.0
2026-06-01T12:35:00+00:00,56.62,56.62,56.62,56.62,562.0
2026-06-01T12:40:00+00:00,56.63,56.64,56.595,56.595,4103.0
2026-06-01T12:45:00+00:00,56.58,56.61,56.53,56.53,17411.0
2026-06-01T12:50:00+00:00,56.51,56.57,56.51,56.5412,3929.2024069999998
2026-06-01T12:55:00+00:00,56.59,56.6293,56.5802,56.5802,4244.0
2026-06-01T13:00:00+00:00,56.61,56.64,56.5801,56.61,7129.0
2026-06-01T13:05:00+00:00,56.6,56.62,56.6,56.6001,1929.0
2026-06-01T13:10:00+00:00,56.6,56.6,56.5601,56.5601,2174.0
2026-06-01T13:15:00+00:00,56.59,56.82,56.59,56.7921,120914.958956
2026-06-01T13:20:00+00:00,56.77,56.92,56.77,56.8886,54826.155741
2026-06-01T13:25:00+00:00,56.88,57.03,56.88,57.0185,53072.805216
2026-06-01T13:30:00+00:00,57.0,57.15,56.94,56.97,135453.003191
2026-06-01T13:35:00+00:00,57.025,57.16,56.85,57.075,3382560.9465189995
2026-06-01T13:40:00+00:00,57.08,57.105,56.87,56.98,1892494.1664370003
2026-06-01T13:45:00+00:00,56.98,57.225,56.975,57.22,1023532.6325239999
2026-06-01T13:50:00+00:00,57.21,57.235,57.085,57.215,4973367.859975
2026-06-01T13:55:00+00:00,57.205,57.37,57.204,57.36,1032070.2375139999
2026-06-01T14:00:00+00:00,57.36,57.61,57.36,57.59,1010299.29532
2026-06-01T14:05:00+00:00,57.585,57.585,57.425,57.53,925755.3649469998
2026-06-01T14:10:00+00:00,57.5307,57.66,57.4382,57.52,1449134.815251
2026-06-01T14:15:00+00:00,57.52,57.55,57.46,57.535,968060.101641
2026-06-01T14:20:00+00:00,57.535,57.64,57.48,57.585,1879747.4393099998
2026-06-01T14:25:00+00:00,57.585,57.63,57.51,57.61,1059159.015113
2026-06-01T14:30:00+00:00,57.615,57.735,57.615,57.69,747925.100169
2026-06-01T14:35:00+00:00,57.68,57.7099,57.55,57.63,700487.487477
2026-06-01T14:40:00+00:00,57.635,57.695,57.62,57.69,688288.2661580001
2026-06-01T14:45:00+00:00,57.685,57.73,57.665,57.69,477844.955898
2026-06-01T14:50:00+00:00,57.685,57.74,57.675,57.725,535708.712146
2026-06-01T14:55:00+00:00,57.725,57.81,57.725,57.78,540656.0572500001
2026-06-01T15:00:00+00:00,57.79,57.795,57.7,57.705,798587.26009
2026-06-01T15:05:00+00:00,57.69,57.765,57.67,57.735,938965.121796
2026-06-01T15:10:00+00:00,57.735,57.765,57.63,57.695,712805.8128460001
2026-06-01T15:15:00+00:00,57.695,57.71,57.61,57.635,316098.765914
2026-06-01T15:20:00+00:00,57.635,57.65,57.565,57.575,221966.613442
2026-06-01T15:25:00+00:00,57.575,57.66,57.535,57.655,463610.751397
2026-06-01T15:30:00+00:00,57.66,57.69,57.61,57.63,314280.077486
2026-06-01T15:35:00+00:00,57.625,57.63,57.295,57.3,1706362.41111
2026-06-01T15:40:00+00:00,57.29,57.31,57.235,57.2805,501362.10762300005
2026-06-01T15:45:00+00:00,57.28,57.32,57.235,57.315,605219.888045
2026-06-01T15:50:00+00:00,57.32,57.42,57.315,57.395,331128.846729
2026-06-01T15:55:00+00:00,57.4,57.435,57.365,57.375,135836.501517
2026-06-01T16:00:00+00:00,57.375,57.44,57.35,57.405,253063.40754400002
2026-06-01T16:05:00+00:00,57.405,57.405,57.32,57.355,342986.530745
2026-06-01T16:10:00+00:00,57.35,57.405,57.35,57.38,175079.030808
2026-06-01T16:15:00+00:00,57.375,57.505,57.37,57.505,352394.650645
2026-06-01T16:20:00+00:00,57.51,57.54,57.5,57.5235,145172.845504
2026-06-01T16:25:00+00:00,57.53,57.555,57.51,57.545,293891.12863700005
2026-06-01T16:30:00+00:00,57.545,57.57,57.5,57.515,392506.888319
2026-06-01T16:35:00+00:00,57.51,57.51,57.43,57.495,437606.30694300006
2026-06-01T16:40:00+00:00,57.495,57.575,57.48,57.525,656886.0394869999
2026-06-01T16:45:00+00:00,57.525,57.57,57.495,57.565,222020.963631
2026-06-01T16:50:00+00:00,57.565,57.6499,57.56,57.6,302822.230032
2026-06-01T16:55:00+00:00,57.595,57.6,57.37,57.38,471754.31200000003
2026-06-01T17:00:00+00:00,57.385,57.405,57.3,57.31,351536.67387699994
2026-06-01T17:05:00+00:00,57.31,57.35,57.29,57.34,613197.986163
2026-06-01T17:10:00+00:00,57.34,57.37,57.305,57.325,206160.84424
2026-06-01T17:15:00+00:00,57.325,57.345,57.285,57.29,175263.01911
2026-06-01T17:20:00+00:00,57.285,57.35,57.27,57.3,285189.026634
2026-06-01T17:25:00+00:00,57.3,57.36,57.275,57.35,1165963.64563
2026-06-01T17:30:00+00:00,57.34,57.35,57.14,57.16,1378645.3422929998
2026-06-01T17:35:00+00:00,57.16,57.24,57.0743,57.225,1055928.247672
2026-06-01T17:40:00+00:00,57.22,57.325,57.195,57.32,295560.398411
2026-06-01T17:45:00+00:00,57.325,57.355,57.18,57.2213,1236494.241176
2026-06-01T17:50:00+00:00,57.22,57.325,57.2,57.29,361109.406516
2026-06-01T17:55:00+00:00,57.295,57.2955,57.225,57.23,242631.50851800002
2026-06-01T18:00:00+00:00,57.22,57.33,57.21,57.305,110682.36745000002
2026-06-01T18:05:00+00:00,57.3,57.34,57.295,57.305,704681.7805860001
2026-06-01T18:10:00+00:00,57.305,57.315,57.25,57.255,122931.8437
2026-06-01T18:15:00+00:00,57.2599,57.28,57.23,57.28,286021.651315
2026-06-01T18:20:00+00:00,57.275,57.29,57.245,57.255,145014.14533700002
2026-06-01T18:25:00+00:00,57.255,57.295,57.21,57.285,303916.12023700005
2026-06-01T18:30:00+00:00,57.28,57.31,57.265,57.31,156412.872336
2026-06-01T18:35:00+00:00,57.31,57.33,57.285,57.315,156336.189924
2026-06-01T18:40:00+00:00,57.32,57.345,57.315,57.34,113666.799352
2026-06-01T18:45:00+00:00,57.335,57.3351,57.28,57.295,214875.506576
2026-06-01T18:50:00+00:00,57.3,57.32,57.265,57.295,155703.446286
2026-06-01T18:55:00+00:00,57.295,57.3256,57.28,57.31,116421.80993100001
2026-06-01T19:00:00+00:00,57.31,57.345,57.28,57.305,205007.979586
2026-06-01T19:05:00+00:00,57.305,57.32,57.28,57.2999,245041.48140100003
2026-06-01T19:10:00+00:00,57.3,57.31,57.26,57.275,255990.715313
2026-06-01T19:15:00+00:00,57.275,57.28,57.21,57.245,641987.424966
2026-06-01T19:20:00+00:00,57.245,57.28,57.22,57.23,425027.572736
2026-06-01T19:25:00+00:00,57.23,57.32,57.23,57.315,170218.79905799998
2026-06-01T19:30:00+00:00,57.31,57.35,57.31,57.34,200304.89898300002
2026-06-01T19:35:00+00:00,57.3399,57.43,57.335,57.415,409953.081872
2026-06-01T19:40:00+00:00,57.42,57.47,57.4,57.415,263342.488791
2026-06-01T19:45:00+00:00,57.415,57.435,57.365,57.39,315345.650573
2026-06-01T19:50:00+00:00,57.385,57.39,57.31,57.335,444572.24447400006
2026-06-01T19:55:00+00:00,57.34,57.36,57.2,57.215,796803.060139
2026-06-01T20:00:00+00:00,57.215,57.31,57.2,57.31,1527060.161522
2026-06-01T20:05:00+00:00,57.3,57.3381,57.3,57.3381,48838.203259999995
2026-06-01T20:10:00+00:00,57.27,57.29,57.27,57.29,1384.0
2026-06-01T20:15:00+00:00,57.3,57.3,57.26,57.26,3084.0
2026-06-01T20:20:00+00:00,57.3,57.3,57.261,57.261,14133.0
2026-06-01T20:25:00+00:00,57.2983,57.2983,57.2983,57.2983,450.0
2026-06-01T20:30:00+00:00,57.3,57.3,57.263,57.28,1228.0
2026-06-01T20:35:00+00:00,57.2613,57.3,57.25,57.3,1810.0
2026-06-01T20:40:00+00:00,57.2963,57.32,57.28,57.32,8848.0
2026-06-01T20:45:00+00:00,57.3197,57.3197,57.3197,57.3197,362.0
2026-06-01T20:50:00+00:00,57.3375,57.3375,57.3375,57.3375,277.01744
2026-06-01T20:55:00+00:00,57.32,57.32,57.32,57.32,425.0
2026-06-01T21:05:00+00:00,57.34,57.34,57.3289,57.3289,510.0
2026-06-01T21:10:00+00:00,57.394,57.394,57.394,57.394,200.0
2026-06-01T21:15:00+00:00,57.34,57.34,57.3395,57.34,924.0
2026-06-01T21:20:00+00:00,57.4,57.4,57.4,57.4,7800.0
2026-06-01T21:25:00+00:00,57.3629,57.3686,57.35,57.35,682.0
2026-06-01T21:30:00+00:00,57.33,57.33,57.32,57.32,348.0
2026-06-01T21:35:00+00:00,57.3,57.33,57.3,57.33,8316.0
2026-06-01T21:45:00+00:00,57.3677,57.3677,57.3671,57.3671,299.0
2026-06-01T21:50:00+00:00,57.35,57.35,57.35,57.35,225.0
2026-06-01T22:00:00+00:00,57.3559,57.3559,57.3559,57.3559,159.0
2026-06-01T22:05:00+00:00,57.36,57.36,57.36,57.36,106.0
2026-06-01T22:10:00+00:00,57.35,57.36,57.35,57.36,1239.0
2026-06-01T22:15:00+00:00,57.37,57.399,57.37,57.399,842.0
2026-06-01T22:20:00+00:00,57.3804,57.4,57.3804,57.4,763.0
2026-06-01T22:25:00+00:00,57.39,57.39,57.39,57.39,405.0
2026-06-01T22:30:00+00:00,57.41,57.41,57.41,57.41,280.0
2026-06-01T22:35:00+00:00,57.4162,57.4162,57.4162,57.4162,186.0
2026-06-01T22:45:00+00:00,57.38,57.4199,57.38,57.4199,1013.0
2026-06-01T22:50:00+00:00,57.42,57.42,57.42,57.42,162.0
2026-06-01T22:55:00+00:00,57.4,57.44,57.4,57.44,3120.0
2026-06-01T23:00:00+00:00,57.4273,57.43,57.4,57.43,1507.0
2026-06-01T23:05:00+00:00,57.4274,57.44,57.4021,57.44,5546.0
2026-06-01T23:10:00+00:00,57.42,57.45,57.4,57.4375,2559.0
2026-06-01T23:20:00+00:00,57.4373,57.4378,57.4373,57.4378,605.0
2026-06-01T23:25:00+00:00,57.41,57.44,57.41,57.4108,2851.0
2026-06-01T23:30:00+00:00,57.44,57.44,57.41,57.42,774.0
2026-06-01T23:40:00+00:00,57.42,57.44,57.42,57.44,325.0
2026-06-01T23:45:00+00:00,57.45,57.45,57.45,57.45,112.0
2026-06-01T23:50:00+00:00,57.45,57.4555,57.45,57.4555,428.0
2026-06-01T23:55:00+00:00,57.45,57.45,57.41,57.41,2315.0
2026-06-02T00:00:00+00:00,57.4541,57.4555,57.4,57.4555,1512.03968
2026-06-02T08:05:00+00:00,57.07,57.27,56.96,56.96,31047.21196
2026-06-02T08:10:00+00:00,56.98,57.04,56.96,57.03,7055.3333330000005
2026-06-02T08:20:00+00:00,56.98,57.02,56.96,56.98,3931.1
2026-06-02T08:30:00+00:00,57.04,57.04,56.99,56.99,928.4639
2026-06-02T08:40:00+00:00,56.97,57.0,56.97,57.0,1160.0
2026-06-02T08:45:00+00:00,57.0,57.03,56.98,57.03,663.0
2026-06-02T08:50:00+00:00,56.97,56.97,56.97,56.97,401.0
2026-06-02T08:55:00+00:00,56.96,56.96,56.96,56.96,331.0
2026-06-02T09:00:00+00:00,56.96,56.99,56.96,56.99,620.0
2026-06-02T09:05:00+00:00,57.05,57.05,57.05,57.05,977.0
2026-06-02T09:10:00+00:00,57.04,57.07,57.04,57.06,1335.0
2026-06-02T09:20:00+00:00,57.03,57.03,57.0,57.0,585.0
2026-06-02T09:25:00+00:00,56.96,56.96,56.96,56.96,308.0
2026-06-02T09:35:00+00:00,56.98,57.0,56.9742,57.0,2122.0
2026-06-02T09:40:00+00:00,57.0,57.0,56.9505,56.9505,1805.300847
2026-06-02T09:45:00+00:00,56.97,56.97,56.97,56.97,2262.0
2026-06-02T09:50:00+00:00,56.99,56.99,56.99,56.99,350.0
2026-06-02T09:55:00+00:00,56.963,57.0,56.963,57.0,470.0
2026-06-02T10:00:00+00:00,56.99,56.99,56.99,56.99,155.0
2026-06-02T10:05:00+00:00,57.02,57.02,57.0,57.0,4639.580147
2026-06-02T10:10:00+00:00,57.03,57.03,57.03,57.03,860.0
2026-06-02T10:15:00+00:00,57.0379,57.0379,57.0379,57.0379,2000.0
2026-06-02T10:20:00+00:00,57.05,57.05,56.98,57.01,6606.0
2026-06-02T10:25:00+00:00,57.03,57.04,57.03,57.04,200.0
2026-06-02T10:35:00+00:00,57.05,57.05,57.01,57.01,316.0
2026-06-02T10:40:00+00:00,57.01,57.01,57.01,57.01,100.0
2026-06-02T10:45:00+00:00,57.04,57.04,57.04,57.04,216.0
2026-06-02T10:55:00+00:00,56.99,56.99,56.99,56.99,848.0
2026-06-02T11:00:00+00:00,57.01,57.09,57.01,57.08,10148.0
2026-06-02T11:05:00+00:00,57.0692,57.09,57.0692,57.07,2907.0
2026-06-02T11:10:00+00:00,57.0838,57.09,57.03,57.03,3806.0
2026-06-02T11:15:00+00:00,57.04,57.08,57.03,57.0578,6003.0
2026-06-02T11:20:00+00:00,57.06,57.06,57.06,57.06,1050.0
2026-06-02T11:25:00+00:00,57.07,57.07,57.07,57.07,223.0
2026-06-02T11:30:00+00:00,57.09,57.09,57.09,57.09,555.0
2026-06-02T11:35:00+00:00,57.1,57.11,57.09,57.11,5513.0
2026-06-02T11:40:00+00:00,57.11,57.11,57.09,57.09,909.196
2026-06-02T11:45:00+00:00,57.09,57.09,57.087,57.087,1546.4376
2026-06-02T11:50:00+00:00,57.0994,57.0994,57.08,57.0807,1626.0
2026-06-02T11:55:00+00:00,57.1,57.11,57.1,57.11,1287.0
2026-06-02T12:05:00+00:00,57.09,57.09,57.09,57.09,784.9
2026-06-02T12:10:00+00:00,57.07,57.07,57.0699,57.0699,1252.0
2026-06-02T12:15:00+00:00,57.07,57.08,57.07,57.07,1861.0
2026-06-02T12:20:00+00:00,57.07,57.0713,57.07,57.07,2689.0
2026-06-02T12:25:00+00:00,57.08,57.1,57.08,57.1,641.0
2026-06-02T12:30:00+00:00,57.09,57.1,57.09,57.09,885.0
2026-06-02T12:35:00+00:00,57.1,57.12,57.1,57.1198,7015.21857
2026-06-02T12:40:00+00:00,57.12,57.16,57.12,57.16,7583.0
2026-06-02T12:45:00+00:00,57.1365,57.1365,57.13,57.13,248.0
2026-06-02T12:50:00+00:00,57.13,57.13,57.08,57.115,1077.0
2026-06-02T12:55:00+00:00,57.1,57.102,57.1,57.102,1393.0
2026-06-02T13:00:00+00:00,57.12,57.13,57.11,57.12,4740.0
2026-06-02T13:05:00+00:00,57.11,57.15,57.11,57.15,1552.0
2026-06-02T13:10:00+00:00,57.15,57.22,57.13,57.2,7960.0
2026-06-02T13:15:00+00:00,57.2168,57.22,57.17,57.1965,7060.0
2026-06-02T13:20:00+00:00,57.2,57.2,57.17,57.17,1507.0
2026-06-02T13:25:00+00:00,57.21,57.21,57.18,57.18,1545.0
2026-06-02T13:30:00+00:00,57.17,57.2,57.05,57.09,23600.4
2026-06-02T13:35:00+00:00,57.19,57.695,57.08,57.595,1900037.877174
2026-06-02T13:40:00+00:00,57.595,57.74,57.57,57.62,1236575.7802109998
2026-06-02T13:45:00+00:00,57.625,57.795,57.625,57.67,1301636.901088
2026-06-02T13:50:00+00:00,57.67,57.76,57.61,57.635,606026.3007159999
2026-06-02T13:55:00+00:00,57.64,57.685,57.595,57.665,254334.73680800002
2026-06-02T14:00:00+00:00,57.675,57.75,57.625,57.655,524829.668095
2026-06-02T14:05:00+00:00,57.67,57.69,57.575,57.62,468206.01816199993
2026-06-02T14:10:00+00:00,57.61,57.695,57.6,57.665,256646.32149499998
2026-06-02T14:15:00+00:00,57.665,57.68,57.545,57.585,313985.243731
2026-06-02T14:20:00+00:00,57.58,57.68,57.58,57.585,314084.678467
2026-06-02T14:25:00+00:00,57.585,57.775,57.585,57.77,293159.899097
2026-06-02T14:30:00+00:00,57.765,57.81,57.675,57.69,287998.980219
2026-06-02T14:35:00+00:00,57.685,57.705,57.61,57.66,198600.26797900003
2026-06-02T14:40:00+00:00,57.655,57.66,57.59,57.625,193334.30077899998
2026-06-02T14:45:00+00:00,57.63,57.73,57.625,57.695,129659.14329500002
2026-06-02T14:50:00+00:00,57.7,57.745,57.695,57.745,106583.660417
2026-06-02T14:55:00+00:00,57.745,57.775,57.615,57.62,162264.91623200002
2026-06-02T15:00:00+00:00,57.62,57.635,57.555,57.565,236367.527437
2026-06-02T15:05:00+00:00,57.565,57.61,57.53,57.55,169511.477671
2026-06-02T15:10:00+00:00,57.55,57.63,57.55,57.595,148072.309027
2026-06-02T15:15:00+00:00,57.6,57.65,57.58,57.6299,191887.54051899997
2026-06-02T15:20:00+00:00,57.63,57.69,57.59,57.605,260853.39286000002
2026-06-02T15:25:00+00:00,57.605,57.66,57.6,57.655,141380.982448
2026-06-02T15:30:00+00:00,57.65,57.67,57.6251,57.67,104515.818023
2026-06-02T15:35:00+00:00,57.68,57.755,57.675,57.73,93096.47147300001
2026-06-02T15:40:00+00:00,57.725,57.77,57.72,57.745,145244.583011
2026-06-02T15:45:00+00:00,57.745,57.77,57.735,57.76,108471.480682
2026-06-02T15:50:00+00:00,57.76,57.82,57.72,57.82,160543.763378
2026-06-02T15:55:00+00:00,57.815,57.865,57.795,57.855,154321.421801
2026-06-02T16:00:00+00:00,57.855,57.91,57.855,57.9,165290.360107
2026-06-02T16:05:00+00:00,57.9,57.96,57.875,57.945,230609.169088
2026-06-02T16:10:00+00:00,57.9498,57.96,57.85,57.915,391488.64602499997
2026-06-02T16:15:00+00:00,57.915,57.94,57.88,57.905,656808.1581019999
2026-06-02T16:20:00+00:00,57.91,57.99,57.905,57.96,168073.283925
2026-06-02T16:25:00+00:00,57.96,57.975,57.915,57.925,113694.353899
2026-06-02T16:30:00+00:00,57.925,57.98,57.925,57.96,104436.965223
2026-06-02T16:35:00+00:00,57.955,58.025,57.95,58.0164,164829.957505
2026-06-02T16:40:00+00:00,58.02,58.02,57.97,57.995,105110.859844
2026-06-02T16:45:00+00:00,57.995,58.1,57.99,58.09,253265.15502200002
2026-06-02T16:50:00+00:00,58.09,58.105,58.045,58.045,254331.620155
2026-06-02T16:55:00+00:00,58.04,58.055,58.01,58.0297,153262.63172
2026-06-02T17:00:00+00:00,58.025,58.05,57.98,57.99,123522.629866
2026-06-02T17:05:00+00:00,57.99,58.01,57.94,57.965,255265.10159900002
2026-06-02T17:10:00+00:00,57.965,57.985,57.94,57.95,175798.578119
2026-06-02T17:15:00+00:00,57.955,58.02,57.955,58.015,114342.50674099999
2026-06-02T17:20:00+00:00,58.015,58.09,58.01,58.09,101967.536496
2026-06-02T17:25:00+00:00,58.085,58.11,58.06,58.075,113017.628788
2026-06-02T17:30:00+00:00,58.075,58.0965,58.05,58.055,886672.079258
2026-06-02T17:35:00+00:00,58.06,58.095,58.05,58.075,138360.006621
2026-06-02T17:40:00+00:00,58.0776,58.09,58.035,58.065,215504.588646
2026-06-02T17:45:00+00:00,58.0601,58.07,58.0234,58.035,98467.238817
2026-06-02T17:50:00+00:00,58.04,58.05,58.02,58.045,460060.489574
2026-06-02T17:55:00+00:00,58.045,58.065,58.02,58.06,261340.68168900002
2026-06-02T18:00:00+00:00,58.055,58.06,58.015,58.015,94350.94120100001
2026-06-02T18:05:00+00:00,58.02,58.08,58.01,58.065,112425.98154400001
2026-06-02T18:10:00+00:00,58.0699,58.07,58.015,58.02,212823.46853999997
2026-06-02T18:15:00+00:00,58.015,58.04,58.01,58.035,140736.26292399998
2026-06-02T18:20:00+00:00,58.04,58.065,58.0242,58.06,85578.444843
2026-06-02T18:25:00+00:00,58.055,58.11,58.05,58.075,94195.148469
2026-06-02T18:30:00+00:00,58.08,58.09,58.055,58.08,143724.765188
2026-06-02T18:35:00+00:00,58.08,58.085,58.0201,58.06,113379.53810899999
2026-06-02T18:40:00+00:00,58.055,58.12,58.055,58.105,130465.00744500001
2026-06-02T18:45:00+00:00,58.1,58.14,58.09,58.14,147857.56615099998
2026-06-02T18:50:00+00:00,58.135,58.17,58.11,58.115,180155.69441300002
2026-06-02T18:55:00+00:00,58.115,58.13,58.095,58.115,266669.419806
2026-06-02T19:00:00+00:00,58.115,58.13,58.09,58.105,135145.661724
2026-06-02T19:05:00+00:00,58.105,58.11,58.07,58.085,150197.991924
2026-06-02T19:10:00+00:00,58.085,58.085,58.0403,58.065,130843.649569
2026-06-02T19:15:00+00:00,58.06,58.07,58.025,58.07,162792.49987200001
2026-06-02T19:20:00+00:00,58.07,58.1,58.06,58.07,164992.83937600002
2026-06-02T19:25:00+00:00,58.07,58.09,58.05,58.08,112250.831424
2026-06-02T19:30:00+00:00,58.09,58.11,58.05,58.1001,146216.212027
2026-06-02T19:35:00+00:00,58.105,58.11,58.025,58.045,196485.385322
2026-06-02T19:40:00+00:00,58.05,58.055,57.985,58.005,288632.839681
2026-06-02T19:45:00+00:00,58.005,58.01,57.9728,57.995,288793.422292
2026-06-02T19:50:00+00:00,57.995,58.0399,57.995,58.025,209326.61649400002
2026-06-02T19:55:00+00:00,58.03,58.08,58.01,58.04,546703.040663
2026-06-02T20:00:00+00:00,58.04,58.04,57.93,57.95,1503722.111203
2026-06-02T20:05:00+00:00,57.95,58.0,57.95,57.9918,68942.881869
2026-06-02T20:10:00+00:00,58.06,58.06,58.06,58.06,1667.0
2026-06-02T20:15:00+00:00,58.07,58.08,58.05,58.07,2988.0
2026-06-02T20:20:00+00:00,58.053,58.053,58.02,58.04,3568.462871
2026-06-02T20:25:00+00:00,58.0044,58.0044,58.0044,58.0044,152.0
2026-06-02T20:30:00+00:00,58.03,58.03,57.97,57.97,5291.0
2026-06-02T20:35:00+00:00,57.97,57.97,57.96,57.96,3613.0
2026-06-02T20:45:00+00:00,57.97,57.97,57.95,57.95,1102.0
2026-06-02T20:50:00+00:00,57.9579,57.9579,57.95,57.95,273.0
2026-06-02T20:55:00+00:00,57.95,57.97,57.95,57.97,1594.0
2026-06-02T21:00:00+00:00,57.94,57.94,57.91,57.9178,1504.0
2026-06-02T21:05:00+00:00,57.97,57.97,57.91,57.91,940.0
2026-06-02T21:10:00+00:00,57.99,58.0,57.99,58.0,500.0
2026-06-02T21:15:00+00:00,58.05,58.05,58.05,58.05,100.0
2026-06-02T21:20:00+00:00,57.92,57.92,57.92,57.92,100.0
2026-06-02T21:40:00+00:00,58.1064,58.1064,57.97,57.9978,980.0
2026-06-02T21:50:00+00:00,57.96,57.96,57.96,57.96,250.0
2026-06-02T22:10:00+00:00,58.01,58.01,58.01,58.01,3500.0
2026-06-02T22:25:00+00:00,57.96,57.96,57.96,57.96,100.0
2026-06-02T22:35:00+00:00,58.0072,58.0072,58.0072,58.0072,517.0
2026-06-02T22:40:00+00:00,58.0,58.0,58.0,58.0,500.0
2026-06-02T22:45:00+00:00,58.0046,58.0046,58.0046,58.0046,150.0
2026-06-02T22:55:00+00:00,57.97,58.0,57.97,58.0,1967.0
2026-06-02T23:00:00+00:00,58.0383,58.0383,58.0383,58.0383,200.0
2026-06-02T23:05:00+00:00,58.01,58.05,57.97,57.97,1764.329023
2026-06-02T23:10:00+00:00,57.9999,58.0,57.9989,58.0,3238.0
2026-06-02T23:15:00+00:00,58.0,58.0,58.0,58.0,114.0
2026-06-02T23:20:00+00:00,58.05,58.05,58.0396,58.0498,1148.0
2026-06-02T23:25:00+00:00,58.09,58.1341,58.09,58.1341,1146.0
2026-06-02T23:30:00+00:00,58.15,58.16,58.15,58.1565,3296.0
2026-06-02T23:35:00+00:00,58.16,58.1792,58.1,58.1792,4465.0
2026-06-02T23:40:00+00:00,58.1448,58.17,58.1448,58.17,4254.0
2026-06-02T23:45:00+00:00,58.1853,58.1895,58.1853,58.1895,326.0
2026-06-02T23:50:00+00:00,58.13,58.16,58.13,58.16,918.0
2026-06-02T23:55:00+00:00,58.15,58.17,58.15,58.17,799.0
2026-06-03T00:00:00+00:00,58.1961,58.2,58.17,58.2,1989.0
2026-06-03T08:05:00+00:00,58.2038,58.3,58.0,58.28,27123.283154
2026-06-03T08:10:00+00:00,58.26,58.28,58.26,58.26,426.0
2026-06-03T08:25:00+00:00,58.33,58.37,58.33,58.34,7324.801765
2026-06-03T08:30:00+00:00,58.36,58.39,58.35,58.35,1918.0
2026-06-03T08:35:00+00:00,58.33,58.33,58.32,58.33,1729.0
2026-06-03T08:40:00+00:00,58.33,58.3686,58.32,58.32,891.0
2026-06-03T08:45:00+00:00,58.3739,58.39,58.36,58.36,3729.396265
2026-06-03T08:50:00+00:00,58.383,58.39,58.35,58.38,4967.0
2026-06-03T08:55:00+00:00,58.39,58.45,58.39,58.41,5494.75
2026-06-03T09:00:00+00:00,58.41,58.41,58.41,58.41,200.0
2026-06-03T09:05:00+00:00,58.43,58.45,58.43,58.44,986.0
2026-06-03T09:10:00+00:00,58.46,58.46,58.37,58.38,2891.0
2026-06-03T09:15:00+00:00,58.42,58.42,58.41,58.41,427.0
2026-06-03T09:20:00+00:00,58.41,58.4124,58.41,58.4124,2238.0
2026-06-03T09:25:00+00:00,58.39,58.39,58.38,58.38,200.0
2026-06-03T09:30:00+00:00,58.41,58.46,58.41,58.46,2341.0
2026-06-03T09:40:00+00:00,58.45,58.45,58.43,58.43,710.0
2026-06-03T09:45:00+00:00,58.48,58.48,58.48,58.48,301.0
2026-06-03T09:50:00+00:00,58.45,58.45,58.43,58.43,3614.0
2026-06-03T09:55:00+00:00,58.45,58.49,58.45,58.49,3356.0866699999997
2026-06-03T10:00:00+00:00,58.49,58.56,58.49,58.53,17841.2754
2026-06-03T10:05:00+00:00,58.52,58.54,58.52,58.53,3629.0
2026-06-03T10:10:00+00:00,58.52,58.52,58.37,58.38,11003.0
2026-06-03T10:15:00+00:00,58.46,58.46,58.43,58.43,1581.079992
2026-06-03T10:20:00+00:00,58.48,58.48,58.48,58.48,263.0
2026-06-03T10:25:00+00:00,58.5,58.53,58.5,58.52,2160.0
2026-06-03T10:30:00+00:00,58.47,58.5,58.47,58.5,1690.0
2026-06-03T10:35:00+00:00,58.5,58.5,58.47,58.5,4589.0
2026-06-03T10:40:00+00:00,58.51,58.51,58.5,58.5,1110.0
2026-06-03T10:45:00+00:00,58.5,58.5,58.48,58.5,3753.0
2026-06-03T10:50:00+00:00,58.51,58.51,58.51,58.51,560.0
2026-06-03T10:55:00+00:00,58.5,58.5,58.5,58.5,1782.0
2026-06-03T11:00:00+00:00,58.5,58.51,58.49,58.5,8643.0
2026-06-03T11:05:00+00:00,58.5,58.5,58.4201,58.4448,6176.331789
2026-06-03T11:10:00+00:00,58.4487,58.45,58.43,58.44,8656.341781
2026-06-03T11:15:00+00:00,58.45,58.45,58.41,58.41,9570.017443
2026-06-03T11:20:00+00:00,58.41,58.43,58.4099,58.41,12451.602300999999
2026-06-03T11:25:00+00:00,58.41,58.42,58.41,58.41,1078.0
2026-06-03T11:30:00+00:00,58.4,58.4,58.38,58.38,2143.0
2026-06-03T11:40:00+00:00,58.3775,58.4,58.3775,58.39,2543.066
2026-06-03T11:45:00+00:00,58.4,58.4,58.39,58.39,935.0
2026-06-03T11:50:00+00:00,58.3806,58.39,58.37,58.38,3702.0
2026-06-03T11:55:00+00:00,58.38,58.39,58.34,58.39,4676.0
2026-06-03T12:00:00+00:00,58.4,58.4,58.38,58.38,5915.0
2026-06-03T12:05:00+00:00,58.396,58.396,58.27,58.33,6778.0
2026-06-03T12:10:00+00:00,58.35,58.35,58.31,58.31,2131.0
2026-06-03T12:15:00+00:00,58.31,58.31,58.3,58.3,3536.1
2026-06-03T12:20:00+00:00,58.29,58.32,58.28,58.31,6196.0
2026-06-03T12:25:00+00:00,58.32,58.34,58.32,58.34,8519.362611
2026-06-03T12:30:00+00:00,58.33,58.33,58.29,58.305,1940.850171
2026-06-03T12:35:00+00:00,58.32,58.36,58.32,58.35,2785.0
2026-06-03T12:40:00+00:00,58.3691,58.38,58.34,58.34,5336.0
2026-06-03T12:45:00+00:00,58.37,58.37,58.34,58.36,3464.0
2026-06-03T12:50:00+00:00,58.3775,58.38,58.3761,58.3761,857.0
2026-06-03T12:55:00+00:00,58.38,58.39,58.35,58.39,6842.0
2026-06-03T13:00:00+00:00,58.38,58.39,58.38,58.39,7233.0
2026-06-03T13:05:00+00:00,58.39,58.4,58.36,58.36,13507.046753999999
2026-06-03T13:10:00+00:00,58.355,58.355,58.32,58.325,12672.0
2026-06-03T13:15:00+00:00,58.3399,58.3399,58.31,58.31,10201.0
2026-06-03T13:20:00+00:00,58.32,58.32,58.31,58.315,5915.0
2026-06-03T13:25:00+00:00,58.32,58.35,58.29,58.33,14418.0
2026-06-03T13:30:00+00:00,58.34,58.35,58.25,58.3,20354.060123
2026-06-03T13:35:00+00:00,58.24,58.375,58.01,58.22,1640133.2530589998
2026-06-03T13:40:00+00:00,58.23,58.34,58.07,58.12,740775.832376
2026-06-03T13:45:00+00:00,58.125,58.2862,58.08,58.285,681874.132072
2026-06-03T13:50:00+00:00,58.28,58.5,58.27,58.495,1065010.073475
2026-06-03T13:55:00+00:00,58.495,58.53,58.26,58.345,694251.6069230001
2026-06-03T14:00:00+00:00,58.34,58.47,58.32,58.45,392557.510338
2026-06-03T14:05:00+00:00,58.46,58.6,58.44,58.585,816888.626669
2026-06-03T14:10:00+00:00,58.58,58.7361,58.48,58.73,391608.768053
2026-06-03T14:15:00+00:00,58.725,58.775,58.629,58.64,316595.13819699996
2026-06-03T14:20:00+00:00,58.63,58.795,58.62,58.79,472426.104728
2026-06-03T14:25:00+00:00,58.795,58.83,58.71,58.805,557776.286354
2026-06-03T14:30:00+00:00,58.805,58.865,58.8,58.8184,402936.836496
2026-06-03T14:35:00+00:00,58.82,58.84,58.785,58.81,190667.13803899998
2026-06-03T14:40:00+00:00,58.815,58.875,58.74,58.74,273132.191011
2026-06-03T14:45:00+00:00,58.74,58.755,58.68,58.75,173049.98529399998
2026-06-03T14:50:00+00:00,58.745,58.825,58.745,58.81,199057.102499
2026-06-03T14:55:00+00:00,58.82,58.835,58.725,58.76,205520.69816700002
2026-06-03T15:00:00+00:00,58.755,58.87,58.745,58.8699,268882.230286
2026-06-03T15:05:00+00:00,58.86,58.985,58.86,58.965,291941.89229000005
2026-06-03T15:10:00+00:00,58.965,58.97,58.865,58.945,203767.750244
2026-06-03T15:15:00+00:00,58.94,58.94,58.865,58.88,193111.35621600001
2026-06-03T15:20:00+00:00,58.875,58.96,58.87,58.925,372791.472292
2026-06-03T15:25:00+00:00,58.925,58.965,58.912,58.965,323340.961849
2026-06-03T15:30:00+00:00,58.965,58.995,58.95,58.975,273579.373915
2026-06-03T15:35:00+00:00,58.98,59.0,58.94,58.995,200419.35679500003
2026-06-03T15:40:00+00:00,58.995,59.145,58.995,59.1199,563017.816893
2026-06-03T15:45:00+00:00,59.115,59.15,59.085,59.095,298965.897331
2026-06-03T15:50:00+00:00,59.1,59.21,59.095,59.16,544088.599773
2026-06-03T15:55:00+00:00,59.17,59.17,59.11,59.135,192622.82688
2026-06-03T16:00:00+00:00,59.14,59.145,59.0901,59.135,244794.204507
2026-06-03T16:05:00+00:00,59.13,59.2,59.13,59.175,283868.065673
2026-06-03T16:10:00+00:00,59.175,59.23,59.17,59.215,267639.22937300004
2026-06-03T16:15:00+00:00,59.22,59.2399,59.185,59.2093,629807.761582
2026-06-03T16:20:00+00:00,59.205,59.3,59.205,59.28,165580.34764300002
2026-06-03T16:25:00+00:00,59.2857,59.305,59.25,59.295,597455.377649
2026-06-03T16:30:00+00:00,59.2999,59.375,59.29,59.335,249969.34904200002
2026-06-03T16:35:00+00:00,59.339,59.345,59.22,59.22,397493.451226
2026-06-03T16:40:00+00:00,59.22,59.27,59.2,59.265,385226.162439
2026-06-03T16:45:00+00:00,59.265,59.265,59.23,59.245,385116.440509
2026-06-03T16:50:00+00:00,59.245,59.295,59.22,59.295,403888.07616799994
2026-06-03T16:55:00+00:00,59.295,59.299,59.12,59.15,517221.29975400004
2026-06-03T17:00:00+00:00,59.145,59.17,59.13,59.16,628528.6122399999
2026-06-03T17:05:00+00:00,59.155,59.19,59.15,59.18,393697.65738600004
2026-06-03T17:10:00+00:00,59.185,59.1997,59.065,59.105,243457.633293
2026-06-03T17:15:00+00:00,59.1,59.225,59.095,59.215,291720.495352
2026-06-03T17:20:00+00:00,59.215,59.265,59.2,59.2299,385466.637795
2026-06-03T17:25:00+00:00,59.225,59.24,59.115,59.125,328633.80854299996
2026-06-03T17:30:00+00:00,59.125,59.145,59.1,59.105,286393.87297300005
2026-06-03T17:35:00+00:00,59.1,59.14,59.04,59.05,512109.67172499996
2026-06-03T17:40:00+00:00,59.05,59.05,58.97,59.01,811146.809674
2026-06-03T17:45:00+00:00,59.015,59.02,58.955,58.975,533564.707716
2026-06-03T17:50:00+00:00,58.98,59.0,58.96,58.975,246673.53239999997
2026-06-03T17:55:00+00:00,58.975,59.0,58.95,58.955,159454.636488
2026-06-03T18:00:00+00:00,58.955,58.975,58.915,58.94,175198.53193399997
2026-06-03T18:05:00+00:00,58.945,58.9499,58.875,58.875,186485.59211599999
2026-06-03T18:10:00+00:00,58.875,58.92,58.87,58.91,221236.88739800002
2026-06-03T18:15:00+00:00,58.91,58.91,58.855,58.865,187781.427545
2026-06-03T18:20:00+00:00,58.865,58.875,58.79,58.795,292578.24167300004
2026-06-03T18:25:00+00:00,58.79,58.82,58.71,58.715,300099.71549100004
2026-06-03T18:30:00+00:00,58.715,58.735,58.695,58.7,264261.779617
2026-06-03T18:35:00+00:00,58.7,58.735,58.68,58.695,505528.23854800005
2026-06-03T18:40:00+00:00,58.695,58.765,58.69,58.74,453142.266793
2026-06-03T18:45:00+00:00,58.75,58.83,58.744,58.7801,525965.636648
2026-06-03T18:50:00+00:00,58.785,58.785,58.745,58.75,484606.421204
2026-06-03T18:55:00+00:00,58.75,58.82,58.74,58.8,497304.56281499995
2026-06-03T19:00:00+00:00,58.805,58.8289,58.79,58.815,217927.275304
2026-06-03T19:05:00+00:00,58.81,58.91,58.78,58.825,855433.561461
2026-06-03T19:10:00+00:00,58.82,58.88,58.815,58.8665,214174.212887
2026-06-03T19:15:00+00:00,58.865,58.895,58.845,58.875,292412.806881
2026-06-03T19:20:00+00:00,58.875,58.9,58.815,58.9,410216.621374
2026-06-03T19:25:00+00:00,58.895,58.92,58.88,58.895,570422.820481
2026-06-03T19:30:00+00:00,58.895,58.9599,58.89,58.95,352693.922499
2026-06-03T19:35:00+00:00,58.945,58.995,58.925,58.95,649569.476396
2026-06-03T19:40:00+00:00,58.955,58.98,58.93,58.945,631672.299639
2026-06-03T19:45:00+00:00,58.94,58.95,58.89,58.945,880361.0419169998
2026-06-03T19:50:00+00:00,58.945,59.0,58.92,58.96,959518.6842700001
2026-06-03T19:55:00+00:00,58.96,58.98,58.89,58.98,1076982.883953
2026-06-03T20:00:00+00:00,58.98,58.995,58.69,58.73,3389828.6226689997
2026-06-03T20:05:00+00:00,58.71,58.75,58.62,58.67,114806.924719
2026-06-03T20:10:00+00:00,58.71,58.73,58.61,58.6122,1310.0
2026-06-03T20:15:00+00:00,58.71,58.8775,58.67,58.85,4635245.394027
2026-06-03T20:20:00+00:00,58.8305,58.8305,58.7992,58.7992,45281.0
2026-06-03T20:25:00+00:00,58.666,58.8,58.666,58.8,2781.5
2026-06-03T20:30:00+00:00,58.82,58.82,58.74,58.78,1643.0
2026-06-03T20:35:00+00:00,58.77,58.77,58.71,58.71,4117.0
2026-06-03T20:40:00+00:00,58.86,58.86,58.86,58.86,700.0
2026-06-03T20:55:00+00:00,58.79,58.79,58.7899,58.79,893.387869
2026-06-03T21:00:00+00:00,58.79,58.79,58.78,58.78,492.0
2026-06-03T21:05:00+00:00,58.78,58.78,58.7046,58.71,15007.0
2026-06-03T21:10:00+00:00,58.7091,58.71,58.7,58.71,9873.0
2026-06-03T21:15:00+00:00,58.71,58.71,58.68,58.71,5797.016835
2026-06-03T21:20:00+00:00,58.686,58.71,58.67,58.71,3576.0
2026-06-03T21:25:00+00:00,58.71,58.71,58.68,58.7,8792.0
2026-06-03T21:30:00+00:00,58.6999,58.7,58.6826,58.7,10499.0
2026-06-03T21:35:00+00:00,58.7,58.7,58.7,58.7,3116.0
2026-06-03T21:40:00+00:00,58.7,58.7,58.7,58.7,141.0
2026-06-03T21:45:00+00:00,58.66,58.6989,58.66,58.6989,700.0
2026-06-03T21:50:00+00:00,58.6981,58.6999,58.6981,58.6981,441.0
2026-06-03T21:55:00+00:00,58.6981,58.7,58.6975,58.6975,924.0
2026-06-03T22:00:00+00:00,58.7,58.7,58.7,58.7,2009.0
2026-06-03T22:05:00+00:00,58.7,58.7,58.7,58.7,2302.255198
2026-06-03T22:10:00+00:00,58.7,58.7,58.7,58.7,3119.0
2026-06-03T22:15:00+00:00,58.7,58.7,58.68,58.68,2952.0
2026-06-03T22:20:00+00:00,58.6994,58.71,58.6994,58.71,9969.0
2026-06-03T22:25:00+00:00,58.71,58.71,58.71,58.71,3302.0
2026-06-03T22:30:00+00:00,58.71,58.71,58.71,58.71,6579.0
2026-06-03T22:35:00+00:00,58.71,58.71,58.6901,58.7,1159.0
2026-06-03T22:40:00+00:00,58.71,58.77,58.71,58.77,4623.0
2026-06-03T22:45:00+00:00,58.7616,58.7616,58.7616,58.7616,223.0
2026-06-03T22:50:00+00:00,58.79,58.8,58.79,58.8,5991.0
2026-06-03T22:55:00+00:00,58.8,58.8,58.8,58.8,105.0
2026-06-03T23:00:00+00:00,58.8,58.8,58.8,58.8,398.0
2026-06-03T23:05:00+00:00,58.76,58.76,58.76,58.76,690.0
2026-06-03T23:10:00+00:00,58.77,58.83,58.77,58.82,3001.053707
2026-06-03T23:15:00+00:00,58.83,58.83,58.82,58.82,796.0
2026-06-03T23:20:00+00:00,58.83,58.86,58.8299,58.86,1300.0
2026-06-03T23:25:00+00:00,58.85,58.85,58.85,58.85,2269.0
2026-06-03T23:30:00+00:00,58.8598,58.8598,58.8584,58.8584,504.0
2026-06-03T23:35:00+00:00,58.83,58.86,58.82,58.86,9459.0
2026-06-03T23:40:00+00:00,58.82,58.84,58.79,58.82,1613.0
2026-06-03T23:45:00+00:00,58.83,58.837,58.83,58.837,1085.0
2026-06-03T23:50:00+00:00,58.85,58.9209,58.85,58.9,1960.0
2026-06-03T23:55:00+00:00,58.89,58.89,58.89,58.89,501.0
2026-06-04T00:00:00+00:00,58.8442,58.94,58.84,58.94,1410.769772
2026-06-04T08:05:00+00:00,58.68,58.81,58.56,58.69,24335.405010000002
2026-06-04T08:10:00+00:00,58.72,58.74,58.68,58.7,3554.594329
2026-06-04T08:15:00+00:00,58.7,58.73,58.68,58.7,1506.0173
2026-06-04T08:20:00+00:00,58.72,58.72,58.72,58.72,2420.0
2026-06-04T08:25:00+00:00,58.72,58.75,58.71,58.75,1570.0
2026-06-04T08:35:00+00:00,58.82,58.82,58.75,58.77,6235.0
2026-06-04T08:40:00+00:00,58.85,58.85,58.85,58.85,282.0
2026-06-04T08:45:00+00:00,58.86,58.86,58.8,58.86,475.0
2026-06-04T08:50:00+00:00,58.84,58.84,58.84,58.84,169.0
2026-06-04T08:55:00+00:00,58.85,58.85,58.82,58.82,738.0
2026-06-04T09:05:00+00:00,58.81,58.82,58.81,58.82,319.0
2026-06-04T09:10:00+00:00,58.79,58.8,58.77,58.7828,8427.0
2026-06-04T09:15:00+00:00,58.88,58.91,58.75,58.75,23919.0
2026-06-04T09:20:00+00:00,58.8849,58.8849,58.82,58.84,613.0
2026-06-04T09:25:00+00:00,58.82,58.843,58.82,58.843,354.0
2026-06-04T09:30:00+00:00,58.84,58.8497,58.82,58.83,4466.0
2026-06-04T09:35:00+00:00,58.86,58.86,58.86,58.86,200.0
2026-06-04T09:40:00+00:00,58.83,58.83,58.83,58.83,312.0
2026-06-04T09:45:00+00:00,58.83,58.84,58.79,58.8185,11337.0
2026-06-04T09:50:00+00:00,58.82,58.86,58.77,58.77,9136.0
2026-06-04T09:55:00+00:00,58.77,58.77,58.71,58.71,11577.0
2026-06-04T10:00:00+00:00,58.71,58.81,58.71,58.81,10819.048047
2026-06-04T10:05:00+00:00,58.82,58.82,58.82,58.82,100.087355
2026-06-04T10:10:00+00:00,58.81,58.81,58.81,58.81,680.0
2026-06-04T10:15:00+00:00,58.83,58.83,58.82,58.82,1255.0
2026-06-04T10:20:00+00:00,58.81,58.84,58.81,58.84,5437.0
2026-06-04T10:25:00+00:00,58.85,58.85,58.8052,58.8052,1202.0
2026-06-04T10:35:00+00:00,58.82,58.82,58.82,58.82,1000.0
2026-06-04T10:40:00+00:00,58.85,58.86,58.85,58.86,1530.0
2026-06-04T10:45:00+00:00,58.8762,58.8762,58.87,58.87,300.0
2026-06-04T10:50:00+00:00,58.86,58.8604,58.86,58.8604,331.0
2026-06-04T10:55:00+00:00,58.87,58.87,58.82,58.86,3768.0
2026-06-04T11:00:00+00:00,58.86,58.89,58.8193,58.88,5546.0
2026-06-04T11:05:00+00:00,58.85,58.96,58.85,58.93,8460.05
2026-06-04T11:10:00+00:00,58.92,58.96,58.92,58.95,3357.12655
2026-06-04T11:15:00+00:00,58.95,58.97,58.95,58.95,1066.0
2026-06-04T11:20:00+00:00,58.94,58.94,58.88,58.89,19755.0
2026-06-04T11:25:00+00:00,58.88,58.88,58.81,58.8111,12675.0
2026-06-04T11:30:00+00:00,58.81,58.81,58.72,58.7635,54485.0
2026-06-04T11:35:00+00:00,58.76,58.79,58.72,58.74,29029.0
2026-06-04T11:40:00+00:00,58.77,58.79,58.65,58.7,34369.109801
2026-06-04T11:45:00+00:00,58.67,58.7,58.55,58.59,16669.35349
2026-06-04T11:50:00+00:00,58.59,58.7,58.55,58.55,14438.443518
2026-06-04T11:55:00+00:00,58.56,58.58,58.52,58.55,58777.894329
2026-06-04T12:00:00+00:00,58.53,58.53,58.46,58.47,11025.23814
2026-06-04T12:05:00+00:00,58.46,58.5,58.43,58.5,43617.08822
2026-06-04T12:10:00+00:00,58.47,58.47,58.3,58.35,168649.42463999998
2026-06-04T12:15:00+00:00,58.31,58.35,58.24,58.25,172641.017851
2026-06-04T12:20:00+00:00,58.2511,58.34,58.2511,58.3,57835.0
2026-06-04T12:25:00+00:00,58.28,58.3,58.25,58.29,23890.0
2026-06-04T12:30:00+00:00,58.3,58.3,58.2806,58.2826,10266.0
2026-06-04T12:35:00+00:00,58.28,58.3,58.25,58.3,32242.754393
2026-06-04T12:40:00+00:00,58.28,58.3,58.28,58.3,11038.714393
2026-06-04T12:45:00+00:00,58.3,58.31,58.29,58.31,18723.0
2026-06-04T12:50:00+00:00,58.3,58.31,58.2933,58.3,4246.171732
2026-06-04T12:55:00+00:00,58.3,58.3,58.25,58.2948,14004.0
2026-06-04T13:00:00+00:00,58.3,58.3,58.25,58.26,20342.715490000002
2026-06-04T13:05:00+00:00,58.28,58.3,58.25,58.25,25629.71549
2026-06-04T13:10:00+00:00,58.26,58.26,58.21,58.24,26983.0
2026-06-04T13:15:00+00:00,58.25,58.27,58.25,58.25,18014.0
2026-06-04T13:20:00+00:00,58.2574,58.28,58.2574,58.28,4114.0
2026-06-04T13:25:00+00:00,58.28,58.31,58.26,58.31,7658.0
2026-06-04T13:30:00+00:00,58.29,58.54,58.27,58.53,13147.913122
2026-06-04T13:35:00+00:00,58.5,58.57,58.17,58.55,1938240.1518640001
2026-06-04T13:40:00+00:00,58.55,58.63,58.38,58.485,1013837.8667359999
2026-06-04T13:45:00+00:00,58.48,58.645,58.45,58.6,806648.039063
2026-06-04T13:50:00+00:00,58.6,58.67,58.47,58.475,694505.767052
2026-06-04T13:55:00+00:00,58.48,58.59,58.35,58.365,542232.587057
2026-06-04T14:00:00+00:00,58.37,58.38,58.255,58.3,594658.883372
2026-06-04T14:05:00+00:00,58.3,58.48,58.29,58.335,937490.9614629999
2026-06-04T14:10:00+00:00,58.335,58.42,58.295,58.395,456307.547665
2026-06-04T14:15:00+00:00,58.4,58.41,58.21,58.215,870072.500592
2026-06-04T14:20:00+00:00,58.215,58.35,58.1845,58.335,637545.4630839999
2026-06-04T14:25:00+00:00,58.33,58.495,58.325,58.475,399500.05081499997
2026-06-04T14:30:00+00:00,58.475,58.49,58.415,58.485,397681.228082
2026-06-04T14:35:00+00:00,58.48,58.595,58.47,58.58,394008.84084799996
2026-06-04T14:40:00+00:00,58.58,58.66,58.575,58.5903,322893.303824
2026-06-04T14:45:00+00:00,58.59,58.625,58.57,58.595,178666.228849
2026-06-04T14:50:00+00:00,58.6,58.705,58.59,58.62,245368.79312699998
2026-06-04T14:55:00+00:00,58.625,58.67,58.575,58.63,205069.593727
2026-06-04T15:00:00+00:00,58.63,58.745,58.63,58.725,203754.184337
2026-06-04T15:05:00+00:00,58.73,58.88,58.71,58.865,267641.537699
2026-06-04T15:10:00+00:00,58.865,58.92,58.855,58.88,345989.56908200006
2026-06-04T15:15:00+00:00,58.885,58.89,58.77,58.78,207189.569544
2026-06-04T15:20:00+00:00,58.7756,58.815,58.73,58.795,162046.728759
2026-06-04T15:25:00+00:00,58.795,58.84,58.76,58.78,151635.856756
2026-06-04T15:30:00+00:00,58.775,58.805,58.735,58.78,135114.433551
2026-06-04T15:35:00+00:00,58.78,58.835,58.775,58.815,132058.509151
2026-06-04T15:40:00+00:00,58.815,58.85,58.785,58.8,134568.791105
2026-06-04T15:45:00+00:00,58.8,58.825,58.775,58.795,112013.74106500001
2026-06-04T15:50:00+00:00,58.8,58.9,58.7999,58.885,131303.97925899999
2026-06-04T15:55:00+00:00,58.89,58.91,58.87,58.9,63776.826086999994
2026-06-04T16:00:00+00:00,58.9,58.91,58.8738,58.89,92546.44135899999
2026-06-04T16:05:00+00:00,58.885,58.905,58.8501,58.865,130570.915547
2026-06-04T16:10:00+00:00,58.87,58.89,58.865,58.89,111850.31711899998
2026-06-04T16:15:00+00:00,58.88,58.9158,58.875,58.915,94135.55543600001
2026-06-04T16:20:00+00:00,58.915,58.97,58.9135,58.97,106876.866373
2026-06-04T16:25:00+00:00,58.97,58.98,58.89,58.925,127866.91356799999
2026-06-04T16:30:00+00:00,58.925,58.975,58.925,58.975,88992.182457
2026-06-04T16:35:00+00:00,58.975,59.02,58.95,58.99,332065.230091
2026-06-04T16:40:00+00:00,58.99,59.025,58.965,59.0,120035.45431300001
2026-06-04T16:45:00+00:00,58.995,58.995,58.955,58.965,115101.22295999998
2026-06-04T16:50:00+00:00,58.96,59.005,58.955,58.965,109050.839943
2026-06-04T16:55:00+00:00,58.96,58.965,58.9001,58.9271,94695.61463
2026-06-04T17:00:00+00:00,58.925,58.98,58.92,58.98,92053.104091
2026-06-04T17:05:00+00:00,58.98,59.0193,58.93,58.94,126255.74287999999
2026-06-04T17:10:00+00:00,58.94,58.965,58.92,58.945,69083.028984
2026-06-04T17:15:00+00:00,58.95,58.95,58.925,58.93,86592.97599800001
2026-06-04T17:20:00+00:00,58.935,58.95,58.91,58.9201,77786.05982699999
2026-06-04T17:25:00+00:00,58.925,58.95,58.88,58.895,81411.21053
2026-06-04T17:30:00+00:00,58.895,58.9,58.855,58.8757,135844.438047
2026-06-04T17:35:00+00:00,58.875,58.885,58.765,58.795,171385.390786
2026-06-04T17:40:00+00:00,58.795,58.865,58.785,58.865,170525.167625
2026-06-04T17:45:00+00:00,58.865,58.885,58.855,58.855,144439.198951
2026-06-04T17:50:00+00:00,58.855,58.89,58.84,58.845,134159.187695
2026-06-04T17:55:00+00:00,58.85,58.87,58.805,58.87,245964.990704
2026-06-04T18:00:00+00:00,58.87,58.91,58.855,58.9,116900.83615100001
2026-06-04T18:05:00+00:00,58.9,58.925,58.85,58.9,198194.791294
2026-06-04T18:10:00+00:00,58.895,58.915,58.88,58.905,93421.387153
2026-06-04T18:15:00+00:00,58.905,58.915,58.825,58.86,216390.882608
2026-06-04T18:20:00+00:00,58.855,58.885,58.85,58.87,102832.159438
2026-06-04T18:25:00+00:00,58.87,58.905,58.855,58.88,281182.748272
2026-06-04T18:30:00+00:00,58.88,58.93,58.88,58.925,88902.987433
2026-06-04T18:35:00+00:00,58.93,58.99,58.92,58.945,301435.55249499995
2026-06-04T18:40:00+00:00,58.945,58.98,58.93,58.95,95960.871148
2026-06-04T18:45:00+00:00,58.945,58.97,58.935,58.95,71256.12892
2026-06-04T18:50:00+00:00,58.95,58.96,58.925,58.935,139492.360313
2026-06-04T18:55:00+00:00,58.93,58.935,58.9,58.9151,119889.204739
2026-06-04T19:00:00+00:00,58.915,58.935,58.89,58.9,283231.45439
2026-06-04T19:05:00+00:00,58.895,58.91,58.86,58.905,101470.556779
2026-06-04T19:10:00+00:00,58.9,58.905,58.84,58.84,109110.964654
2026-06-04T19:15:00+00:00,58.835,58.88,58.83,58.855,140612.650615
2026-06-04T19:20:00+00:00,58.855,58.8656,58.8099,58.82,90771.992822
2026-06-04T19:25:00+00:00,58.82,58.84,58.8,58.81,131155.83542
2026-06-04T19:30:00+00:00,58.805,58.81,58.75,58.755,159189.30325899998
2026-06-04T19:35:00+00:00,58.755,58.795,58.735,58.785,287029.48955
2026-06-04T19:40:00+00:00,58.785,58.79,58.75,58.77,250452.707273
2026-06-04T19:45:00+00:00,58.775,58.8,58.77,58.785,251763.199774
2026-06-04T19:50:00+00:00,58.78,58.79,58.7,58.705,332790.225082
2026-06-04T19:55:00+00:00,58.7,58.72,58.65,58.67,857841.2270800001
2026-06-04T20:00:00+00:00,58.67,58.775,58.66,58.755,1322570.216997
2026-06-04T20:05:00+00:00,58.75,58.77,58.72,58.77,14032.245263
2026-06-04T20:10:00+00:00,58.77,58.86,58.77,58.84,31409.0
2026-06-04T20:15:00+00:00,58.6845,58.84,58.6845,58.76,2322.0
2026-06-04T20:20:00+00:00,58.74,58.74,58.73,58.73,8497.0
2026-06-04T20:25:00+00:00,58.73,58.73,58.73,58.73,1700.0
2026-06-04T20:30:00+00:00,58.7,58.72,58.64,58.72,814.0
2026-06-04T20:35:00+00:00,58.73,58.73,58.73,58.73,5194.0
2026-06-04T20:50:00+00:00,58.76,58.76,58.76,58.76,120.0
2026-06-04T21:00:00+00:00,58.71,58.751,58.71,58.751,145454.0
2026-06-04T21:10:00+00:00,58.7162,58.7162,58.7162,58.7162,100.0
2026-06-04T21:20:00+00:00,58.72,58.72,58.72,58.72,1047.0
2026-06-04T21:25:00+00:00,58.75,58.75,58.75,58.75,783.0
2026-06-04T21:30:00+00:00,58.7503,58.7503,58.7503,58.7503,1065.0
2026-06-04T21:35:00+00:00,58.76,58.8884,58.76,58.8884,808.0
2026-06-04T21:45:00+00:00,58.76,58.76,58.73,58.73,1890.0
2026-06-04T22:00:00+00:00,58.7,58.7,58.7,58.7,100.0
2026-06-04T22:05:00+00:00,58.81,58.81,58.78,58.8,3000.0
2026-06-04T22:10:00+00:00,58.72,58.72,58.72,58.72,171.0
2026-06-04T22:20:00+00:00,58.7588,58.7588,58.7588,58.7588,601.0
2026-06-04T22:50:00+00:00,58.7,58.7,58.7,58.7,1020.0
2026-06-04T23:00:00+00:00,58.74,58.74,58.74,58.74,154.0
2026-06-04T23:05:00+00:00,58.6953,58.72,58.6953,58.72,362.349176
2026-06-04T23:25:00+00:00,58.7027,58.7027,58.7027,58.7027,150.0
2026-06-04T23:45:00+00:00,58.74,58.74,58.74,58.74,340.0
2026-06-04T23:50:00+00:00,58.73,58.73,58.73,58.73,2400.0
2026-06-04T23:55:00+00:00,58.73,58.73,58.73,58.73,1000.0
2026-06-05T00:00:00+00:00,58.73,58.76,58.73,58.74,2450.0
2026-06-05T08:05:00+00:00,58.67,58.75,58.6,58.7,18178.0
2026-06-05T08:10:00+00:00,58.67,58.71,58.67,58.71,1109.0
2026-06-05T08:15:00+00:00,58.76,58.77,58.76,58.77,1147.0
2026-06-05T08:20:00+00:00,58.75,58.75,58.75,58.75,822.01698
2026-06-05T08:25:00+00:00,58.74,58.74,58.7,58.7,804.0
2026-06-05T08:30:00+00:00,58.68,58.68,58.66,58.66,1049.0
2026-06-05T08:35:00+00:00,58.66,58.66,58.61,58.66,817.0
2026-06-05T08:50:00+00:00,58.66,58.66,58.6,58.61,7805.0
2026-06-05T08:55:00+00:00,58.65,58.73,58.65,58.73,6443.0
2026-06-05T09:00:00+00:00,58.71,58.74,58.71,58.74,481.0
2026-06-05T09:05:00+00:00,58.76,58.76,58.66,58.66,590.0
2026-06-05T09:15:00+00:00,58.77,58.83,58.71,58.74,5497.0
2026-06-05T09:25:00+00:00,58.83,58.83,58.83,58.83,312.0
2026-06-05T09:30:00+00:00,58.84,58.84,58.84,58.84,270.0
2026-06-05T09:45:00+00:00,58.8,58.8,58.77,58.77,500.0
2026-06-05T09:55:00+00:00,58.75,58.75,58.75,58.75,300.0
2026-06-05T10:10:00+00:00,58.82,58.84,58.82,58.84,1800.0
2026-06-05T10:15:00+00:00,58.83,58.83,58.8,58.8,390.0
2026-06-05T10:30:00+00:00,58.77,58.77,58.77,58.77,111.0
2026-06-05T10:40:00+00:00,58.84,58.84,58.84,58.84,700.0
2026-06-05T10:50:00+00:00,58.86,58.92,58.86,58.92,1397.0
2026-06-05T11:00:00+00:00,58.82,58.82,58.82,58.82,174.0
2026-06-05T11:05:00+00:00,58.91,58.92,58.91,58.91,4533.189
2026-06-05T11:10:00+00:00,58.92,58.932,58.92,58.932,1022.0
2026-06-05T11:15:00+00:00,58.94,58.95,58.94,58.95,889.0
2026-06-05T11:20:00+00:00,58.95,58.96,58.93,58.93,5866.0
2026-06-05T11:25:00+00:00,58.96,58.9894,58.96,58.97,609.0
2026-06-05T11:30:00+00:00,58.95,58.97,58.95,58.97,204.0
2026-06-05T11:40:00+00:00,58.91,58.91,58.89,58.89,2011.428
2026-06-05T11:45:00+00:00,58.8918,58.8918,58.8918,58.8918,1029.0
2026-06-05T11:50:00+00:00,58.925,58.925,58.89,58.89,494.0
2026-06-05T11:55:00+00:00,58.8965,58.9388,58.8965,58.9388,1299.0
2026-06-05T12:00:00+00:00,58.91,58.91,58.91,58.91,271.0
2026-06-05T12:05:00+00:00,58.92,58.92,58.92,58.92,210.046965
2026-06-05T12:10:00+00:00,58.96,58.96,58.9,58.9,631.028909
2026-06-05T12:15:00+00:00,58.92,58.92,58.91,58.91,220.0
2026-06-05T12:25:00+00:00,58.89,58.9591,58.87,58.87,7939.0
2026-06-05T12:30:00+00:00,58.92,58.92,58.86,58.86,1329.110074
2026-06-05T12:40:00+00:00,58.9,58.9,58.84,58.9,2203.0
2026-06-05T12:45:00+00:00,58.9435,58.9435,58.9435,58.9435,1265.0
2026-06-05T12:50:00+00:00,58.92,58.92,58.9156,58.9156,536.0
2026-06-05T12:55:00+00:00,58.86,58.9,58.86,58.9,255.0
2026-06-05T13:00:00+00:00,58.8788,58.8788,58.84,58.84,2168.0
2026-06-05T13:05:00+00:00,58.84,58.84,58.79,58.81,1850.0
2026-06-05T13:10:00+00:00,58.82,58.86,58.82,58.86,954.0
2026-06-05T13:15:00+00:00,58.8,58.8,58.75,58.7651,5041.0
2026-06-05T13:20:00+00:00,58.82,58.85,58.82,58.82,5970.0
2026-06-05T13:25:00+00:00,58.84,58.84,58.77,58.79,4842.0
2026-06-05T13:30:00+00:00,58.8426,58.8426,58.68,58.68,4193.0
2026-06-05T13:35:00+00:00,58.665,58.78,58.3,58.305,1827202.439611
2026-06-05T13:40:00+00:00,58.31,58.425,58.265,58.32,1072364.124121
2026-06-05T13:45:00+00:00,58.32,58.335,58.115,58.22,522702.75436300004
2026-06-05T13:50:00+00:00,58.22,58.25,57.985,58.02,858986.620017
2026-06-05T13:55:00+00:00,58.02,58.23,57.925,58.23,1038159.0268069999
2026-06-05T14:00:00+00:00,58.225,58.31,58.135,58.23,550725.0090419999
2026-06-05T14:05:00+00:00,58.22,58.24,57.92,58.14,839142.18113
2026-06-05T14:10:00+00:00,58.14,58.19,58.02,58.105,537529.841006
2026-06-05T14:15:00+00:00,58.105,58.22,58.0745,58.11,320746.670524
2026-06-05T14:20:00+00:00,58.115,58.215,58.11,58.125,232060.536596
2026-06-05T14:25:00+00:00,58.13,58.255,58.11,58.255,300942.660613
2026-06-05T14:30:00+00:00,58.255,58.318,58.25,58.27,192332.51596999998
2026-06-05T14:35:00+00:00,58.26,58.345,58.245,58.3378,269374.33063700004
2026-06-05T14:40:00+00:00,58.3399,58.5,58.32,58.5,263833.362922
2026-06-05T14:45:00+00:00,58.5,58.51,58.42,58.465,292549.13976000005
2026-06-05T14:50:00+00:00,58.48,58.535,58.425,58.44,275755.48453
2026-06-05T14:55:00+00:00,58.435,58.52,58.435,58.515,171781.002443
2026-06-05T15:00:00+00:00,58.52,58.535,58.455,58.505,169814.820959
2026-06-05T15:05:00+00:00,58.51,58.555,58.505,58.515,122756.91058899999
2026-06-05T15:10:00+00:00,58.52,58.59,58.4301,58.455,214212.692492
2026-06-05T15:15:00+00:00,58.46,58.5,58.385,58.475,204793.780071
2026-06-05T15:20:00+00:00,58.47,58.51,58.445,58.505,150195.502432
2026-06-05T15:25:00+00:00,58.505,58.54,58.405,58.44,268446.066471
2026-06-05T15:30:00+00:00,58.435,58.51,58.4223,58.435,189156.751488
2026-06-05T15:35:00+00:00,58.45,58.465,58.375,58.375,249334.500909
2026-06-05T15:40:00+00:00,58.385,58.415,58.35,58.365,265164.47574499995
2026-06-05T15:45:00+00:00,58.365,58.38,58.25,58.285,340783.929381
2026-06-05T15:50:00+00:00,58.285,58.285,58.205,58.205,276687.568442
2026-06-05T15:55:00+00:00,58.2,58.21,58.07,58.07,251842.447368
2026-06-05T16:00:00+00:00,58.075,58.09,57.91,57.96,357184.883342
2026-06-05T16:05:00+00:00,57.96,58.09,57.96,58.08,266358.90853
2026-06-05T16:10:00+00:00,58.09,58.12,58.055,58.115,185020.64713
2026-06-05T16:15:00+00:00,58.115,58.14,58.025,58.035,223925.84584300002
2026-06-05T16:20:00+00:00,58.035,58.09,57.98,57.985,569543.8351460001
2026-06-05T16:25:00+00:00,57.985,58.02,57.91,57.91,171271.21669600002
2026-06-05T16:30:00+00:00,57.915,57.94,57.79,57.855,277517.789224
2026-06-05T16:35:00+00:00,57.85,57.89,57.83,57.8601,254103.18041300002
2026-06-05T16:40:00+00:00,57.86,57.88,57.825,57.86,319068.804869
2026-06-05T16:45:00+00:00,57.855,57.91,57.845,57.88,194641.605885
2026-06-05T16:50:00+00:00,57.88,57.965,57.845,57.9,357362.095522
2026-06-05T16:55:00+00:00,57.905,57.975,57.9,57.97,195085.57807400002
2026-06-05T17:00:00+00:00,57.965,58.025,57.93,57.955,153853.643691
2026-06-05T17:05:00+00:00,57.955,57.97,57.895,57.945,128363.234989
2026-06-05T17:10:00+00:00,57.945,58.0001,57.935,57.985,130710.871988
2026-06-05T17:15:00+00:00,57.985,58.04,57.96,58.015,218426.522103
2026-06-05T17:20:00+00:00,58.01,58.105,58.005,58.09,151800.992341
2026-06-05T17:25:00+00:00,58.09,58.11,58.04,58.09,150468.215236
2026-06-05T17:30:00+00:00,58.08,58.115,58.045,58.05,165892.815863
2026-06-05T17:35:00+00:00,58.06,58.085,58.01,58.03,223791.687652
2026-06-05T17:40:00+00:00,58.028,58.12,58.025,58.08,124512.331354
2026-06-05T17:45:00+00:00,58.085,58.11,58.0,58.015,176296.926288
2026-06-05T17:50:00+00:00,58.015,58.035,57.955,57.96,173514.862616
2026-06-05T17:55:00+00:00,57.96,57.975,57.925,57.95,142569.902435
2026-06-05T18:00:00+00:00,57.9599,58.03,57.945,58.02,85297.160603
2026-06-05T18:05:00+00:00,58.015,58.04,57.99,58.005,161077.59238400002
2026-06-05T18:10:00+00:00,58.0,58.035,57.98,58.01,194003.932495
2026-06-05T18:15:00+00:00,58.01,58.08,57.975,58.075,172529.44262000002
2026-06-05T18:20:00+00:00,58.08,58.155,58.065,58.145,194326.666915
2026-06-05T18:25:00+00:00,58.14,58.155,58.05,58.105,343231.72248700005
2026-06-05T18:30:00+00:00,58.1051,58.12,58.05,58.11,140388.430716
2026-06-05T18:35:00+00:00,58.11,58.115,58.034,58.07,178580.589419
2026-06-05T18:40:00+00:00,58.065,58.11,58.05,58.075,129139.075181
2026-06-05T18:45:00+00:00,58.07,58.125,58.065,58.07,128486.467316
2026-06-05T18:50:00+00:00,58.075,58.085,57.995,57.995,150609.923597
2026-06-05T18:55:00+00:00,58.0,58.03,57.89,57.895,169719.732308
2026-06-05T19:00:00+00:00,57.895,57.94,57.845,57.885,524465.4305159999
2026-06-05T19:05:00+00:00,57.89,57.905,57.8,57.82,315291.55943799997
2026-06-05T19:10:00+00:00,57.82,57.875,57.8,57.85,201942.80622199998
2026-06-05T19:15:00+00:00,57.845,57.885,57.835,57.865,235601.251459
2026-06-05T19:20:00+00:00,57.86,57.865,57.8,57.835,519699.867304
2026-06-05T19:25:00+00:00,57.835,57.9,57.795,57.885,338629.149211
2026-06-05T19:30:00+00:00,57.885,57.96,57.86,57.915,215519.669664
2026-06-05T19:35:00+00:00,57.915,57.955,57.825,57.85,365729.759811
2026-06-05T19:40:00+00:00,57.86,57.88,57.8,57.805,468700.301211
2026-06-05T19:45:00+00:00,57.8,57.805,57.66,57.71,835334.4672239999
2026-06-05T19:50:00+00:00,57.715,57.73,57.645,57.675,648453.2983499999
2026-06-05T19:55:00+00:00,57.68,57.8,57.67,57.75,1056972.106737
2026-06-05T20:00:00+00:00,57.755,57.765,57.63,57.68,1743406.105255
2026-06-05T20:05:00+00:00,57.67,57.8,57.6341,57.6341,101587.99586
2026-06-05T20:10:00+00:00,57.6917,57.72,57.6917,57.71,13085.0
2026-06-05T20:15:00+00:00,57.82,57.82,57.77,57.77,12430.71481
2026-06-05T20:20:00+00:00,57.78,57.79,57.78,57.79,337.0
2026-06-05T20:30:00+00:00,57.84,57.84,57.8,57.8009,1516.0
2026-06-05T20:35:00+00:00,57.79,57.81,57.79,57.81,1965.392156
2026-06-05T20:40:00+00:00,57.78,57.78,57.7578,57.77,931.0
2026-06-05T20:50:00+00:00,57.77,57.77,57.77,57.77,703.0
2026-06-05T20:55:00+00:00,57.7771,57.7771,57.7771,57.7771,175.0
2026-06-05T21:05:00+00:00,57.85,57.85,57.8,57.8,1356.0
2026-06-05T21:20:00+00:00,57.81,57.81,57.8,57.8,1423.0
2026-06-05T21:25:00+00:00,57.8,57.8,57.8,57.8,41243.0
2026-06-05T21:30:00+00:00,57.8,57.81,57.8,57.81,1164.0
2026-06-05T21:45:00+00:00,57.78,57.78,57.78,57.78,203.0
2026-06-05T22:15:00+00:00,57.79,57.79,57.78,57.78,300.0
2026-06-05T22:20:00+00:00,57.8,57.8,57.8,57.8,110.0
2026-06-05T22:30:00+00:00,57.76,57.76,57.76,57.76,1100.0
2026-06-05T22:35:00+00:00,57.8,57.8,57.8,57.8,614.35904
2026-06-05T22:40:00+00:00,57.77,57.77,57.77,57.77,502.0
2026-06-05T22:45:00+00:00,57.77,57.77,57.77,57.77,100.0
2026-06-05T22:55:00+00:00,57.77,57.77,57.77,57.77,134.0
2026-06-05T23:00:00+00:00,57.76,57.76,57.76,57.76,252.0
2026-06-05T23:10:00+00:00,57.77,57.77,57.77,57.77,1002.0
2026-06-05T23:20:00+00:00,57.72,57.72,57.72,57.72,225.0
2026-06-05T23:30:00+00:00,57.73,57.73,57.66,57.66,10296.0
2026-06-05T23:40:00+00:00,57.63,57.69,57.61,57.69,2315.0
2026-06-05T23:50:00+00:00,57.61,57.65,57.61,57.65,256.17154700000003
2026-06-05T23:55:00+00:00,57.902,57.902,57.902,57.902,130.0
2026-06-06T00:00:00+00:00,57.76,57.78,57.7,57.7,1568.0
2026-06-08T08:05:00+00:00,58.9,58.9,58.41,58.54,77232.19643
2026-06-08T08:10:00+00:00,58.4577,58.89,58.44,58.53,9867.0
2026-06-08T08:15:00+00:00,58.53,58.59,58.49,58.58,6117.295862999999
2026-06-08T08:20:00+00:00,58.59,58.61,58.59,58.59,1834.0
2026-06-08T08:25:00+00:00,58.59,58.61,58.59,58.59,3698.0
2026-06-08T08:30:00+00:00,58.59,58.61,58.53,58.53,4487.0
2026-06-08T08:35:00+00:00,58.63,58.63,58.5,58.5,698.0
2026-06-08T08:40:00+00:00,58.53,58.57,58.45,58.57,5936.0
2026-06-08T08:50:00+00:00,58.49,58.49,58.49,58.49,248.0
2026-06-08T08:55:00+00:00,58.51,58.51,58.5,58.51,1900.0
2026-06-08T09:00:00+00:00,58.53,58.53,58.48,58.48,3131.0
2026-06-08T09:05:00+00:00,58.55,58.59,58.55,58.59,379.0
2026-06-08T09:10:00+00:00,58.51,58.51,58.46,58.46,3561.0
2026-06-08T09:15:00+00:00,58.45,58.46,58.43,58.46,1580.0
2026-06-08T09:20:00+00:00,58.51,58.52,58.5,58.51,721.0
2026-06-08T09:25:00+00:00,58.53,58.61,58.49,58.57,7748.0253
2026-06-08T09:30:00+00:00,58.5,58.5,58.5,58.5,2713.0
2026-06-08T09:35:00+00:00,58.45,58.45,58.41,58.43,16946.0
2026-06-08T09:40:00+00:00,58.5,58.5,58.38,58.43,5575.0
2026-06-08T09:45:00+00:00,58.43,58.45,58.43,58.44,1171.0
2026-06-08T09:55:00+00:00,58.48,58.48,58.48,58.48,120.0
2026-06-08T10:00:00+00:00,58.48,58.52,58.48,58.52,3127.0
2026-06-08T10:05:00+00:00,58.49,58.52,58.49,58.52,2402.0
2026-06-08T10:10:00+00:00,58.52,58.52,58.52,58.52,528.0
2026-06-08T10:20:00+00:00,58.48,58.5,58.4365,58.5,5004.221766000001
2026-06-08T10:25:00+00:00,58.51,58.55,58.51,58.52,10065.0
2026-06-08T10:30:00+00:00,58.48,58.48,58.48,58.48,410.0
2026-06-08T10:35:00+00:00,58.42,58.42,58.33,58.33,8104.0685
2026-06-08T10:40:00+00:00,58.41,58.41,58.34,58.36,4415.0
2026-06-08T10:45:00+00:00,58.36,58.39,58.34,58.39,2487.0
2026-06-08T10:50:00+00:00,58.4,58.4,58.39,58.4,3572.65288
2026-06-08T10:55:00+00:00,58.41,58.44,58.41,58.44,2974.0
2026-06-08T11:00:00+00:00,58.44,58.45,58.37,58.37,4345.0
2026-06-08T11:05:00+00:00,58.45,58.45,58.3,58.36,16518.432918
2026-06-08T11:10:00+00:00,58.36,58.37,58.31,58.35,7757.0
2026-06-08T11:15:00+00:00,58.31,58.32,58.16,58.16,30475.0
2026-06-08T11:20:00+00:00,58.16,58.19,58.1,58.16,18733.0
2026-06-08T11:25:00+00:00,58.14,58.19,58.06,58.07,14550.068800000001
2026-06-08T11:30:00+00:00,58.08,58.12,58.07,58.07,5807.0
2026-06-08T11:35:00+00:00,58.06,58.15,58.06,58.15,27864.0
2026-06-08T11:40:00+00:00,58.11,58.16,58.09,58.09,6056.3123
2026-06-08T11:45:00+00:00,58.1,58.1,58.05,58.05,3893.154
2026-06-08T11:50:00+00:00,58.07,58.08,58.04,58.05,3079.034336
2026-06-08T11:55:00+00:00,58.06,58.09,58.06,58.06,6725.0
2026-06-08T12:00:00+00:00,58.06,58.08,58.01,58.0791,2854.0
2026-06-08T12:05:00+00:00,58.08,58.08,58.0319,58.05,4390.0
2026-06-08T12:10:00+00:00,58.08,58.11,58.04,58.11,1964.57258
2026-06-08T12:15:00+00:00,58.11,58.13,58.11,58.11,5525.0
2026-06-08T12:20:00+00:00,58.11,58.14,58.1,58.14,1541.0
2026-06-08T12:25:00+00:00,58.12,58.12,58.09,58.09,4458.0
2026-06-08T12:30:00+00:00,58.07,58.12,58.07,58.11,5232.428204
2026-06-08T12:35:00+00:00,58.09,58.19,58.08,58.08,7514.0
2026-06-08T12:40:00+00:00,58.11,58.14,58.1,58.1,4232.0
2026-06-08T12:45:00+00:00,58.164,58.164,58.07,58.12,5408.0
2026-06-08T12:50:00+00:00,58.12,58.12,58.12,58.12,1011.0
2026-06-08T12:55:00+00:00,58.09,58.1,58.0801,58.1,931.4280570000001
2026-06-08T13:00:00+00:00,58.11,58.15,58.11,58.13,7988.0
2026-06-08T13:05:00+00:00,58.09,58.09,57.97,57.97,2951.859482
2026-06-08T13:10:00+00:00,57.9612,58.04,57.9612,58.03,6550.0
2026-06-08T13:15:00+00:00,58.03,58.03,57.97,57.97,3591.0
2026-06-08T13:20:00+00:00,57.99,57.99,57.93,57.93,6019.429017
2026-06-08T13:25:00+00:00,57.96,57.96,57.86,57.866,13374.723241
2026-06-08T13:30:00+00:00,57.87,58.08,57.87,58.08,18365.172159
2026-06-08T13:35:00+00:00,58.08,58.5,57.97,58.43,1641702.6244730002
2026-06-08T13:40:00+00:00,58.43,58.51,58.33,58.42,873664.9575779999
2026-06-08T13:45:00+00:00,58.42,58.52,58.365,58.485,427407.20904900006
2026-06-08T13:50:00+00:00,58.485,58.665,58.475,58.59,507166.07738599996
2026-06-08T13:55:00+00:00,58.585,58.76,58.56,58.73,568678.82594
2026-06-08T14:00:00+00:00,58.735,58.96,58.72,58.91,518957.224845
2026-06-08T14:05:00+00:00,58.91,58.955,58.855,58.865,506829.92460800003
2026-06-08T14:10:00+00:00,58.87,58.93,58.8115,58.86,363536.226652
2026-06-08T14:15:00+00:00,58.86,58.88,58.52,58.555,553017.8336220001
2026-06-08T14:20:00+00:00,58.56,58.64,58.495,58.5,415004.60665800003
2026-06-08T14:25:00+00:00,58.5001,58.53,58.37,58.495,379715.440847
2026-06-08T14:30:00+00:00,58.4989,58.61,58.48,58.6,415272.867106
2026-06-08T14:35:00+00:00,58.59,58.67,58.555,58.62,239201.623792
2026-06-08T14:40:00+00:00,58.625,58.69,58.585,58.62,389256.584575
2026-06-08T14:45:00+00:00,58.63,58.66,58.54,58.56,239541.233199
2026-06-08T14:50:00+00:00,58.565,58.605,58.46,58.52,303867.659083
2026-06-08T14:55:00+00:00,58.52,58.6,58.5,58.57,135729.58244600001
2026-06-08T15:00:00+00:00,58.57,58.6,58.51,58.53,717987.3753419999
2026-06-08T15:05:00+00:00,58.53,58.6,58.52,58.575,408660.138668
2026-06-08T15:10:00+00:00,58.575,58.615,58.46,58.46,253818.774691
2026-06-08T15:15:00+00:00,58.455,58.51,58.42,58.43,395769.18139599997
2026-06-08T15:20:00+00:00,58.43,58.48,58.39,58.445,486051.28724999994
2026-06-08T15:25:00+00:00,58.445,58.5,58.365,58.375,312660.535266
2026-06-08T15:30:00+00:00,58.38,58.45,58.38,58.395,599668.2560159999
2026-06-08T15:35:00+00:00,58.39,58.4,58.28,58.285,308710.523774
2026-06-08T15:40:00+00:00,58.29,58.33,58.23,58.3,289041.210859
2026-06-08T15:45:00+00:00,58.3,58.37,58.295,58.33,199031.85663300002
2026-06-08T15:50:00+00:00,58.33,58.37,58.3203,58.35,97937.957062
2026-06-08T15:55:00+00:00,58.345,58.41,58.34,58.385,122235.52135699999
2026-06-08T16:00:00+00:00,58.388,58.415,58.33,58.34,229042.59350400002
2026-06-08T16:05:00+00:00,58.335,58.34,58.29,58.29,100399.03760800001
2026-06-08T16:10:00+00:00,58.295,58.32,58.275,58.3097,177921.386984
2026-06-08T16:15:00+00:00,58.31,58.33,58.285,58.32,120685.969389
2026-06-08T16:20:00+00:00,58.32,58.32,58.25,58.26,661873.2342829999
2026-06-08T16:25:00+00:00,58.27,58.3,58.24,58.3,243363.040981
2026-06-08T16:30:00+00:00,58.3,58.345,58.2901,58.33,169565.00260100001
2026-06-08T16:35:00+00:00,58.33,58.35,58.26,58.26,90543.74277900001
2026-06-08T16:40:00+00:00,58.265,58.285,58.22,58.2799,140699.047724
2026-06-08T16:45:00+00:00,58.27,58.3,58.235,58.235,239405.808088
2026-06-08T16:50:00+00:00,58.235,58.2855,58.235,58.265,80816.086604
2026-06-08T16:55:00+00:00,58.265,58.35,58.255,58.345,84249.500929
2026-06-08T17:00:00+00:00,58.34,58.36,58.31,58.3138,119107.697277
2026-06-08T17:05:00+00:00,58.32,58.325,58.25,58.265,161990.581573
2026-06-08T17:10:00+00:00,58.265,58.29,58.245,58.26,100116.882665
2026-06-08T17:15:00+00:00,58.26,58.29,58.25,58.285,99765.777374
2026-06-08T17:20:00+00:00,58.28,58.32,58.27,58.3,181859.38777700003
2026-06-08T17:25:00+00:00,58.305,58.31,58.22,58.23,123780.00201200001
2026-06-08T17:30:00+00:00,58.23,58.23,58.19,58.19,137255.163704
2026-06-08T17:35:00+00:00,58.2,58.22,58.125,58.125,390408.21103400004
2026-06-08T17:40:00+00:00,58.13,58.25,58.13,58.235,149775.639059
2026-06-08T17:45:00+00:00,58.24,58.285,58.23,58.285,89257.658461
2026-06-08T17:50:00+00:00,58.28,58.33,58.27,58.31,94960.10526
2026-06-08T17:55:00+00:00,58.315,58.325,58.25,58.284,104581.349655
2026-06-08T18:00:00+00:00,58.285,58.33,58.28,58.33,102886.45023999999
2026-06-08T18:05:00+00:00,58.33,58.41,58.33,58.4,103139.89426400002
2026-06-08T18:10:00+00:00,58.41,58.465,58.405,58.4501,87340.655619
2026-06-08T18:15:00+00:00,58.455,58.455,58.4,58.425,94498.643296
2026-06-08T18:20:00+00:00,58.425,58.475,58.42,58.47,137502.722405
2026-06-08T18:25:00+00:00,58.465,58.48,58.45,58.455,128609.171479
2026-06-08T18:30:00+00:00,58.45,58.475,58.44,58.455,60593.505232
2026-06-08T18:35:00+00:00,58.4599,58.48,58.415,58.42,107123.323825
2026-06-08T18:40:00+00:00,58.41,58.415,58.375,58.38,99332.392641
2026-06-08T18:45:00+00:00,58.38,58.4,58.37,58.395,116561.284242
2026-06-08T18:50:00+00:00,58.395,58.4,58.355,58.37,151612.96940200002
2026-06-08T18:55:00+00:00,58.37,58.37,58.315,58.345,649964.838149
2026-06-08T19:00:00+00:00,58.345,58.36,58.32,58.34,109567.94328499999
2026-06-08T19:05:00+00:00,58.33,58.385,58.325,58.34,139636.414084
2026-06-08T19:10:00+00:00,58.345,58.36,58.315,58.335,93975.088345
2026-06-08T19:15:00+00:00,58.33,58.335,58.265,58.285,181559.79058099998
2026-06-08T19:20:00+00:00,58.285,58.285,58.25,58.26,135873.641123
2026-06-08T19:25:00+00:00,58.255,58.275,58.25,58.27,173824.34191199997
2026-06-08T19:30:00+00:00,58.27,58.27,58.21,58.215,158841.617697
2026-06-08T19:35:00+00:00,58.215,58.29,58.215,58.265,187140.742057
2026-06-08T19:40:00+00:00,58.26,58.31,58.25,58.295,436153.85064
2026-06-08T19:45:00+00:00,58.295,58.315,58.26,58.275,472518.556394
2026-06-08T19:50:00+00:00,58.275,58.355,58.26,58.295,597275.771837
2026-06-08T19:55:00+00:00,58.3,58.36,58.27,58.32,914436.231797
2026-06-08T20:00:00+00:00,58.325,58.37,58.29,58.32,1688345.722535
2026-06-08T20:05:00+00:00,58.29,58.33,58.29,58.33,82473.32541
2026-06-08T20:10:00+00:00,58.31,58.3691,58.31,58.3661,2066.0
2026-06-08T20:15:00+00:00,58.3698,58.3698,58.3399,58.3399,2308.963738
2026-06-08T20:20:00+00:00,58.33,58.3348,58.3,58.3348,2310.330068
2026-06-08T20:25:00+00:00,58.35,58.35,58.34,58.34,2735.0
2026-06-08T20:30:00+00:00,58.33,58.3496,58.33,58.3301,2554.0
2026-06-08T20:40:00+00:00,58.33,58.33,58.33,58.33,3500.0
2026-06-08T20:45:00+00:00,58.31,58.31,58.31,58.31,105.0
2026-06-08T20:50:00+00:00,58.31,58.31,58.3039,58.3039,569.0
2026-06-08T20:55:00+00:00,58.327,58.327,58.327,58.327,100.0
2026-06-08T21:20:00+00:00,58.33,58.33,58.33,58.33,225.0
2026-06-08T21:30:00+00:00,58.3007,58.33,58.3007,58.33,1124.0
2026-06-08T21:35:00+00:00,58.31,58.3318,58.31,58.3318,455.0
2026-06-08T21:40:00+00:00,58.37,58.4,58.37,58.4,1285.0
2026-06-08T21:55:00+00:00,58.314,58.314,58.3,58.3,280.0
2026-06-08T22:20:00+00:00,58.3078,58.3078,58.3078,58.3078,100.0
2026-06-08T22:30:00+00:00,58.34,58.34,58.3071,58.3071,430.0
2026-06-08T22:35:00+00:00,58.3531,58.3531,58.3531,58.3531,122.0
2026-06-08T22:45:00+00:00,58.3505,58.3505,58.3505,58.3505,255.0
2026-06-08T22:50:00+00:00,58.38,58.38,58.38,58.38,500.0
2026-06-08T23:10:00+00:00,58.34,58.37,58.31,58.31,6691.0
2026-06-08T23:20:00+00:00,58.38,58.38,58.38,58.38,10000.0
2026-06-08T23:30:00+00:00,58.38,58.38,58.38,58.38,497.0
2026-06-08T23:40:00+00:00,58.3506,58.3776,58.3506,58.3776,307.0
2026-06-09T08:05:00+00:00,58.09,58.14,57.87,58.01,31870.309557
2026-06-09T08:10:00+00:00,58.03,58.03,58.03,58.03,522.0
2026-06-09T08:15:00+00:00,57.93,58.03,57.93,58.02,1210.472495
2026-06-09T08:20:00+00:00,57.96,58.0,57.93,57.93,2777.5755010000003
2026-06-09T08:25:00+00:00,57.93,57.93,57.93,57.93,400.0
2026-06-09T08:30:00+00:00,57.95,57.95,57.95,57.95,100.0
2026-06-09T08:35:00+00:00,57.94,57.95,57.94,57.95,411.0
2026-06-09T08:40:00+00:00,57.98,58.0,57.98,58.0,2298.7
2026-06-09T08:45:00+00:00,57.96,57.96,57.96,57.96,350.0
2026-06-09T08:50:00+00:00,58.03,58.03,58.03,58.03,336.0
2026-06-09T08:55:00+00:00,58.02,58.02,57.99,57.99,817.0
2026-06-09T09:15:00+00:00,58.0,58.01,57.98,58.01,2056.0
2026-06-09T09:20:00+00:00,57.99,57.99,57.99,57.99,176.0
2026-06-09T09:30:00+00:00,58.0,58.0,57.9545,57.9545,6621.0
2026-06-09T09:35:00+00:00,57.95,57.95,57.95,57.95,676.0
2026-06-09T09:40:00+00:00,57.96,57.97,57.96,57.97,664.0
2026-06-09T09:45:00+00:00,57.97,57.98,57.97,57.98,285.0
2026-06-09T09:50:00+00:00,57.99,58.0,57.99,58.0,1288.844861
2026-06-09T09:55:00+00:00,58.0,58.0,57.96,57.96,1848.0
2026-06-09T10:05:00+00:00,57.97,57.99,57.97,57.99,1174.0
2026-06-09T10:10:00+00:00,58.02,58.04,58.01,58.04,671.0
2026-06-09T10:15:00+00:00,58.04,58.04,58.03,58.03,400.0
2026-06-09T10:25:00+00:00,58.01,58.01,58.01,58.01,344.0
2026-06-09T10:30:00+00:00,58.04,58.06,58.04,58.04,6837.0
2026-06-09T10:40:00+00:00,58.06,58.06,58.06,58.06,251.0
2026-06-09T10:45:00+00:00,58.05,58.05,58.05,58.05,357.0
2026-06-09T10:50:00+00:00,58.05,58.05,58.05,58.05,200.0
2026-06-09T10:55:00+00:00,58.03,58.03,57.97,58.02,6277.0
2026-06-09T11:00:00+00:00,58.03,58.03,58.02,58.02,602.0
2026-06-09T11:05:00+00:00,58.05,58.1,58.04,58.07,2552.260988
2026-06-09T11:10:00+00:00,58.1,58.13,58.1,58.12,6311.063945
2026-06-09T11:15:00+00:00,58.11,58.11,58.09,58.09,2928.0
2026-06-09T11:20:00+00:00,58.0896,58.09,58.08,58.09,1745.0
2026-06-09T11:25:00+00:00,58.09,58.1,58.09,58.1,1467.0
2026-06-09T11:30:00+00:00,58.11,58.1208,58.11,58.12,3506.0
2026-06-09T11:35:00+00:00,58.12,58.1236,58.11,58.1236,1692.0
2026-06-09T11:45:00+00:00,58.13,58.13,58.11,58.11,551.0699999999999
2026-06-09T11:50:00+00:00,58.13,58.1688,58.1278,58.1688,568.0
2026-06-09T11:55:00+00:00,58.12,58.14,58.09,58.14,1818.087
2026-06-09T12:00:00+00:00,58.1019,58.11,58.1,58.1,2527.0
2026-06-09T12:05:00+00:00,58.08,58.08,58.05,58.05,2192.1471
2026-06-09T12:10:00+00:00,58.04,58.04,58.01,58.03,1140.0
2026-06-09T12:15:00+00:00,58.05,58.09,58.05,58.09,1899.0
2026-06-09T12:20:00+00:00,58.09,58.09,58.05,58.05,1238.0
2026-06-09T12:30:00+00:00,58.09,58.11,58.09,58.1,1678.0
2026-06-09T12:35:00+00:00,58.07,58.07,58.07,58.07,229.0
2026-06-09T12:40:00+00:00,58.05,58.07,58.0179,58.07,2009.0
2026-06-09T12:45:00+00:00,58.08,58.33,58.05,58.33,6925.0
2026-06-09T12:50:00+00:00,58.06,58.07,58.06,58.0699,2338.0
2026-06-09T12:55:00+00:00,58.0244,58.07,58.0244,58.067,3275.0
2026-06-09T13:00:00+00:00,58.03,58.03,58.0,58.0,1881.0
2026-06-09T13:05:00+00:00,58.04,58.05,58.04,58.05,670.0
2026-06-09T13:10:00+00:00,58.01,58.01,58.0,58.0,619.0
2026-06-09T13:15:00+00:00,58.0,58.01,58.0,58.01,1518.0
2026-06-09T13:20:00+00:00,58.0,58.01,57.97,57.97,2624.0
2026-06-09T13:25:00+00:00,58.015,58.03,58.015,58.03,2065.0
2026-06-09T13:30:00+00:00,58.05,58.13,58.0,58.09,15330.179689
2026-06-09T13:35:00+00:00,58.08,58.21,57.88,57.97,1377995.92125
2026-06-09T13:40:00+00:00,57.97,57.97,57.78,57.83,698590.2589949999
2026-06-09T13:45:00+00:00,57.84,58.01,57.755,57.76,1577149.127434
2026-06-09T13:50:00+00:00,57.76,57.8511,57.61,57.625,869624.4270629999
2026-06-09T13:55:00+00:00,57.62,57.76,57.61,57.68,738093.367693
2026-06-09T14:00:00+00:00,57.665,57.745,57.58,57.6,582094.148211
2026-06-09T14:05:00+00:00,57.6,57.62,57.45,57.62,690008.668353
2026-06-09T14:10:00+00:00,57.62,57.685,57.52,57.57,607166.2343250001
2026-06-09T14:15:00+00:00,57.585,57.64,57.5,57.5007,428978.328411
2026-06-09T14:20:00+00:00,57.505,57.51,57.365,57.405,2241395.602296
2026-06-09T14:25:00+00:00,57.405,57.47,57.3,57.37,359589.21704899997
2026-06-09T14:30:00+00:00,57.37,57.37,57.265,57.32,472459.81939200003
2026-06-09T14:35:00+00:00,57.325,57.355,57.23,57.23,644615.089511
2026-06-09T14:40:00+00:00,57.225,57.305,57.145,57.29,442190.033766
2026-06-09T14:45:00+00:00,57.29,57.3,57.205,57.265,453995.889307
2026-06-09T14:50:00+00:00,57.265,57.28,57.075,57.085,651496.049413
2026-06-09T14:55:00+00:00,57.09,57.09,56.96,57.005,537713.4483800001
2026-06-09T15:00:00+00:00,57.005,57.07,56.955,56.955,310848.140249
2026-06-09T15:05:00+00:00,56.955,57.1,56.955,57.065,521808.63790999993
2026-06-09T15:10:00+00:00,57.065,57.115,56.9901,57.1,387288.20343
2026-06-09T15:15:00+00:00,57.11,57.325,57.08,57.285,431530.628732
2026-06-09T15:20:00+00:00,57.28,57.31,57.21,57.225,528322.0626269999
2026-06-09T15:25:00+00:00,57.23,57.385,57.23,57.295,347090.473571
2026-06-09T15:30:00+00:00,57.295,57.345,57.27,57.285,433800.773024
2026-06-09T15:35:00+00:00,57.285,57.3,57.185,57.235,351616.425811
2026-06-09T15:40:00+00:00,57.24,57.31,57.215,57.27,379115.80357600003
2026-06-09T15:45:00+00:00,57.275,57.275,57.15,57.155,284542.161617
2026-06-09T15:50:00+00:00,57.155,57.2,57.075,57.095,292982.098439
2026-06-09T15:55:00+00:00,57.09,57.09,56.97,57.015,379545.88625
2026-06-09T16:00:00+00:00,57.01,57.01,56.88,56.92,593166.363654
2026-06-09T16:05:00+00:00,56.92,56.97,56.86,56.97,658488.694213
2026-06-09T16:10:00+00:00,56.98,57.0262,56.88,56.915,919611.6267880001
2026-06-09T16:15:00+00:00,56.905,56.98,56.882,56.9101,515832.49795000005
2026-06-09T16:20:00+00:00,56.91,57.12,56.89,56.98,806219.121058
2026-06-09T16:25:00+00:00,56.97,57.05,56.855,56.865,1515818.108339
2026-06-09T16:30:00+00:00,56.865,57.0,56.81,56.985,453052.677762
2026-06-09T16:35:00+00:00,56.985,57.075,56.97,56.985,370073.906412
2026-06-09T16:40:00+00:00,56.99,57.38,56.95,57.345,3288635.258007
2026-06-09T16:45:00+00:00,57.34,57.4495,57.24,57.35,1996582.9107869999
2026-06-09T16:50:00+00:00,57.355,57.555,57.35,57.42,1173312.398378
2026-06-09T16:55:00+00:00,57.415,57.568,57.3706,57.565,615475.331085
2026-06-09T17:00:00+00:00,57.565,57.6,57.46,57.53,563889.7732010001
2026-06-09T17:05:00+00:00,57.525,57.6,57.36,57.38,767758.498072
2026-06-09T17:10:00+00:00,57.385,57.41,57.325,57.325,243638.836618
2026-06-09T17:15:00+00:00,57.33,57.465,57.31,57.345,431935.2827
2026-06-09T17:20:00+00:00,57.345,57.4,57.315,57.395,303024.56848899997
2026-06-09T17:25:00+00:00,57.4,57.415,57.255,57.265,371492.428306
2026-06-09T17:30:00+00:00,57.26,57.285,57.19,57.2739,685546.937562
2026-06-09T17:35:00+00:00,57.275,57.37,57.25,57.255,377179.15260300005
2026-06-09T17:40:00+00:00,57.26,57.26,57.14,57.205,631844.122889
2026-06-09T17:45:00+00:00,57.2,57.235,57.17,57.195,190156.308557
2026-06-09T17:50:00+00:00,57.19,57.25,57.17,57.235,170347.06550300002
2026-06-09T17:55:00+00:00,57.24,57.295,57.19,57.27,201787.39297100002
2026-06-09T18:00:00+00:00,57.26,57.28,57.23,57.245,133503.02821800002
2026-06-09T18:05:00+00:00,57.24,57.255,57.2,57.2,179567.15000400002
2026-06-09T18:10:00+00:00,57.215,57.255,57.2,57.235,113953.99397
2026-06-09T18:15:00+00:00,57.23,57.27,57.21,57.23,181253.596945
2026-06-09T18:20:00+00:00,57.23,57.28,57.22,57.25,155036.781658
2026-06-09T18:25:00+00:00,57.245,57.26,57.205,57.235,147589.96576
2026-06-09T18:30:00+00:00,57.23,57.27,57.21,57.225,156796.397848
2026-06-09T18:35:00+00:00,57.22,57.23,57.165,57.225,208850.56981
2026-06-09T18:40:00+00:00,57.22,57.25,57.2,57.225,123356.783145
2026-06-09T18:45:00+00:00,57.225,57.23,57.15,57.205,140270.911562
2026-06-09T18:50:00+00:00,57.2099,57.265,57.18,57.26,120443.94826100001
2026-06-09T18:55:00+00:00,57.26,57.27,57.17,57.265,181209.283983
2026-06-09T19:00:00+00:00,57.26,57.31,57.23,57.25,182143.696649
2026-06-09T19:05:00+00:00,57.25,57.25,57.18,57.215,162775.08544199998
2026-06-09T19:10:00+00:00,57.22,57.23,57.18,57.21,136837.373016
2026-06-09T19:15:00+00:00,57.21,57.28,57.2,57.275,123933.78657100002
2026-06-09T19:20:00+00:00,57.27,57.28,57.22,57.22,158869.58160900002
2026-06-09T19:25:00+00:00,57.225,57.23,57.13,57.155,187631.38768299998
2026-06-09T19:30:00+00:00,57.155,57.17,57.12,57.135,316180.35925
2026-06-09T19:35:00+00:00,57.14,57.15,57.07,57.09,256246.886658
2026-06-09T19:40:00+00:00,57.095,57.12,57.05,57.105,459252.863564
2026-06-09T19:45:00+00:00,57.11,57.185,57.1,57.185,452388.246139
2026-06-09T19:50:00+00:00,57.18,57.25,57.17,57.245,477140.11924499995
2026-06-09T19:55:00+00:00,57.25,57.395,57.24,57.35,1181482.349502
2026-06-09T20:00:00+00:00,57.355,57.42,57.32,57.38,2161465.683015
2026-06-09T20:05:00+00:00,57.38,57.45,57.36,57.45,111386.02622
2026-06-09T20:10:00+00:00,57.47,57.48,57.45,57.45,39454.0
2026-06-09T20:15:00+00:00,57.45,57.5,57.41,57.42,35227.91253
2026-06-09T20:20:00+00:00,57.5,57.5,57.5,57.5,290.175701
2026-06-09T20:25:00+00:00,57.46,57.47,57.46,57.47,1052.0
2026-06-09T20:30:00+00:00,57.47,57.47,57.43,57.43,7212.0
2026-06-09T20:35:00+00:00,57.43,57.43,57.41,57.41,1297.0
2026-06-09T20:40:00+00:00,57.4,57.44,57.4,57.44,1475.0
2026-06-09T20:45:00+00:00,57.4,57.45,57.4,57.4022,1092.0
2026-06-09T20:50:00+00:00,57.41,57.45,57.3,57.45,5813.52873
2026-06-09T21:00:00+00:00,57.31,57.31,57.31,57.31,116.0
2026-06-09T21:15:00+00:00,57.4295,57.4295,57.4295,57.4295,175.0
2026-06-09T21:20:00+00:00,57.43,57.46,57.43,57.46,2612.0
2026-06-09T21:40:00+00:00,57.4995,57.4995,57.4995,57.4995,3016.0
2026-06-09T21:45:00+00:00,57.4857,57.5,57.4857,57.487,1132.0
2026-06-09T21:50:00+00:00,57.4904,57.5,57.4904,57.5,945.0
2026-06-09T21:55:00+00:00,57.51,57.51,57.51,57.51,409.0
2026-06-09T22:05:00+00:00,57.499,57.52,57.49,57.5,17166.985119
2026-06-09T22:10:00+00:00,57.5,57.5,57.23,57.48,11295.472695
2026-06-09T22:15:00+00:00,57.4757,57.51,57.43,57.4857,9275.0
2026-06-09T22:20:00+00:00,57.45,57.5,57.4,57.41,2043.0
2026-06-09T22:25:00+00:00,57.45,57.45,57.45,57.45,205.0
2026-06-09T22:30:00+00:00,57.43,57.44,57.43,57.44,655.0
2026-06-09T22:35:00+00:00,57.48,57.49,57.48,57.49,1877.0
2026-06-09T22:40:00+00:00,57.48,57.48,57.47,57.47,868.0
2026-06-09T22:55:00+00:00,57.4998,57.5,57.4998,57.5,1113.0
2026-06-09T23:00:00+00:00,57.53,57.55,57.53,57.55,3788.0
2026-06-09T23:10:00+00:00,57.5099,57.5099,57.5099,57.5099,150.0
2026-06-09T23:15:00+00:00,57.51,57.5408,57.51,57.5408,771.0
2026-06-09T23:20:00+00:00,57.5484,57.5484,57.5484,57.5484,174.0
2026-06-09T23:25:00+00:00,57.5101,57.5101,57.5101,57.5101,784.0
2026-06-09T23:40:00+00:00,57.54,57.54,57.54,57.54,180.0
2026-06-09T23:45:00+00:00,57.54,57.54,57.54,57.54,1916.0
2026-06-09T23:55:00+00:00,57.5776,57.5776,57.5776,57.5776,356.0
2026-06-10T00:00:00+00:00,57.59,57.59,57.59,57.59,354.0
2026-06-10T08:05:00+00:00,57.3,57.69,57.2,57.31,33813.591442
2026-06-10T08:10:00+00:00,57.6,57.6,57.4,57.42,2233.950664
2026-06-10T08:15:00+00:00,57.42,57.42,57.4,57.42,1406.0253269999998
2026-06-10T08:20:00+00:00,57.42,57.46,57.4,57.42,3244.0
2026-06-10T08:30:00+00:00,57.36,57.36,57.36,57.36,234.0
2026-06-10T08:35:00+00:00,57.43,57.43,57.4,57.4,1003.0
2026-06-10T08:40:00+00:00,57.41,57.41,57.4,57.4,341.0
2026-06-10T08:45:00+00:00,57.39,57.39,57.38,57.38,504.0
2026-06-10T08:50:00+00:00,57.34,57.34,57.32,57.32,1587.0
2026-06-10T08:55:00+00:00,57.32,57.34,57.29,57.34,4809.0
2026-06-10T09:00:00+00:00,57.34,57.34,57.3,57.3,1681.0
2026-06-10T09:05:00+00:00,57.29,57.29,57.25,57.25,2771.0
2026-06-10T09:20:00+00:00,57.25,57.25,57.24,57.25,507.0
2026-06-10T09:25:00+00:00,57.28,57.28,57.28,57.28,550.0
2026-06-10T09:30:00+00:00,57.26,57.26,57.26,57.26,100.0
2026-06-10T09:40:00+00:00,57.29,57.36,57.28,57.36,6463.0
2026-06-10T09:45:00+00:00,57.36,57.39,57.36,57.39,1733.0
2026-06-10T09:50:00+00:00,57.36,57.39,57.35,57.39,623.0
2026-06-10T09:55:00+00:00,57.35,57.35,57.35,57.35,412.0
2026-06-10T10:00:00+00:00,57.27,57.28,57.27,57.28,1050.0
2026-06-10T10:05:00+00:00,57.31,57.31,57.31,57.31,181.0
2026-06-10T10:10:00+00:00,57.34,57.37,57.34,57.35,1290.0
2026-06-10T10:20:00+00:00,57.32,57.32,57.3,57.3,200.0
2026-06-10T10:35:00+00:00,57.33,57.33,57.29,57.3,717.0
2026-06-10T10:45:00+00:00,57.33,57.33,57.33,57.33,467.0
2026-06-10T10:50:00+00:00,57.3,57.34,57.29,57.34,3967.0
2026-06-10T11:05:00+00:00,57.3387,57.58,57.33,57.49,45477.831628
2026-06-10T11:10:00+00:00,57.54,57.6,57.49,57.55,27914.51
2026-06-10T11:15:00+00:00,57.54,57.55,57.46,57.46,8836.0
2026-06-10T11:20:00+00:00,57.46,57.55,57.46,57.54,7561.0
2026-06-10T11:25:00+00:00,57.51,57.54,57.51,57.52,13792.0
2026-06-10T11:30:00+00:00,57.58,57.71,57.58,57.64,26664.0699
2026-06-10T11:35:00+00:00,57.64,57.71,57.63,57.67,6066.0
2026-06-10T11:40:00+00:00,57.66,57.75,57.66,57.75,14633.5249
2026-06-10T11:45:00+00:00,57.75,57.75,57.74,57.75,1889.0
2026-06-10T11:50:00+00:00,57.75,57.75,57.6694,57.7,15504.118147
2026-06-10T11:55:00+00:00,57.7382,57.74,57.6851,57.74,2855.0
2026-06-10T12:00:00+00:00,57.75,57.75,57.7478,57.7478,523.957229
2026-06-10T12:05:00+00:00,57.75,57.76,57.72,57.72,4458.314989
2026-06-10T12:10:00+00:00,57.71,57.7438,57.7,57.72,2359.0
2026-06-10T12:15:00+00:00,57.7013,57.85,57.7013,57.84,12309.0
2026-06-10T12:20:00+00:00,57.78,57.78,57.7365,57.7599,1153.0
2026-06-10T12:25:00+00:00,57.75,57.79,57.75,57.77,1776.0
2026-06-10T12:30:00+00:00,57.7965,57.7965,57.69,57.69,93165.655875
2026-06-10T12:35:00+00:00,57.7,57.77,57.59,57.6,29199.0
2026-06-10T12:40:00+00:00,57.61,57.7,57.61,57.7,6286.0
2026-06-10T12:45:00+00:00,57.7,57.7,57.6544,57.66,2620.0
2026-06-10T12:50:00+00:00,57.693,57.7,57.65,57.65,4205.0
2026-06-10T12:55:00+00:00,57.68,57.7,57.68,57.7,7857.0
2026-06-10T13:00:00+00:00,57.7,57.7,57.69,57.7,26466.0
2026-06-10T13:05:00+00:00,57.7,57.71,57.69,57.7,30891.0
2026-06-10T13:10:00+00:00,57.7,57.72,57.7,57.71,35217.0
2026-06-10T13:15:00+00:00,57.71,57.72,57.6905,57.7,35790.0
2026-06-10T13:20:00+00:00,57.69,57.7,57.68,57.69,69427.0
2026-06-10T13:25:00+00:00,57.68,57.72,57.68,57.69,48200.13241
2026-06-10T13:30:00+00:00,57.7,57.91,57.68,57.91,165292.155783
2026-06-10T13:35:00+00:00,57.94,58.2599,57.78,58.055,1535486.3654600002
2026-06-10T13:40:00+00:00,58.05,58.13,57.94,58.06,839729.951358
2026-06-10T13:45:00+00:00,58.07,58.09,57.895,58.0,687811.025045
2026-06-10T13:50:00+00:00,58.0,58.14,57.96,58.0,605358.6288330001
2026-06-10T13:55:00+00:00,58.0,58.23,58.0,58.18,404949.838106
2026-06-10T14:00:00+00:00,58.18,58.22,58.12,58.2,395416.785996
2026-06-10T14:05:00+00:00,58.19,58.22,58.12,58.2,447235.77212499996
2026-06-10T14:10:00+00:00,58.195,58.26,58.13,58.2441,396111.774134
2026-06-10T14:15:00+00:00,58.2463,58.27,58.04,58.059,432601.07769899996
2026-06-10T14:20:00+00:00,58.05,58.225,58.0403,58.215,695709.467174
2026-06-10T14:25:00+00:00,58.215,58.31,58.195,58.245,423315.85830200004
2026-06-10T14:30:00+00:00,58.25,58.35,58.235,58.25,245226.136228
2026-06-10T14:35:00+00:00,58.25,58.375,58.245,58.295,345389.65713500004
2026-06-10T14:40:00+00:00,58.295,58.42,58.285,58.42,156094.923828
2026-06-10T14:45:00+00:00,58.425,58.535,58.415,58.49,167077.265382
2026-06-10T14:50:00+00:00,58.49,58.545,58.47,58.515,328730.969236
2026-06-10T14:55:00+00:00,58.51,58.51,58.34,58.42,1932892.2722979998
2026-06-10T15:00:00+00:00,58.415,58.54,58.405,58.49,347729.95799599995
2026-06-10T15:05:00+00:00,58.485,58.51,58.3599,58.485,341027.54805599997
2026-06-10T15:10:00+00:00,58.485,58.52,58.465,58.5,305664.43984400004
2026-06-10T15:15:00+00:00,58.495,58.605,58.47,58.595,980792.03681
2026-06-10T15:20:00+00:00,58.595,58.66,58.54,58.565,741260.9772160001
2026-06-10T15:25:00+00:00,58.57,58.63,58.535,58.62,258860.874424
2026-06-10T15:30:00+00:00,58.615,58.69,58.585,58.59,206681.515103
2026-06-10T15:35:00+00:00,58.6,58.61,58.53,58.57,302043.30745900003
2026-06-10T15:40:00+00:00,58.565,58.63,58.55,58.5501,309116.864001
2026-06-10T15:45:00+00:00,58.5557,58.56,58.47,58.505,243009.318575
2026-06-10T15:50:00+00:00,58.495,58.71,58.465,58.7006,958942.388319
2026-06-10T15:55:00+00:00,58.705,58.79,58.68,58.77,888155.0161049999
2026-06-10T16:00:00+00:00,58.76,58.77,58.695,58.725,341439.381941
2026-06-10T16:05:00+00:00,58.725,58.88,58.695,58.84,376271.06438500003
2026-06-10T16:10:00+00:00,58.835,58.85,58.79,58.82,314854.732617
2026-06-10T16:15:00+00:00,58.815,58.91,58.815,58.855,374212.729203
2026-06-10T16:20:00+00:00,58.851,58.88,58.775,58.775,219566.04395700002
2026-06-10T16:25:00+00:00,58.77,58.795,58.725,58.785,306537.624279
2026-06-10T16:30:00+00:00,58.785,58.82,58.75,58.8,131808.473005
2026-06-10T16:35:00+00:00,58.8,58.83,58.775,58.82,197261.183366
2026-06-10T16:40:00+00:00,58.82,58.87,58.8,58.86,262777.168386
2026-06-10T16:45:00+00:00,58.85,58.89,58.84,58.87,319556.59745
2026-06-10T16:50:00+00:00,58.865,58.89,58.815,58.835,309810.331558
2026-06-10T16:55:00+00:00,58.835,58.86,58.81,58.85,187609.42338800002
2026-06-10T17:00:00+00:00,58.845,58.89,58.825,58.86,229803.49476
2026-06-10T17:05:00+00:00,58.865,58.91,58.84,58.91,282870.00714199996
2026-06-10T17:10:00+00:00,58.91,58.99,58.9,58.945,548524.1461700001
2026-06-10T17:15:00+00:00,58.945,58.99,58.94,58.965,246834.951514
2026-06-10T17:20:00+00:00,58.96,59.03,58.96,59.015,169755.212932
2026-06-10T17:25:00+00:00,59.015,59.015,58.9501,59.01,212162.181801
2026-06-10T17:30:00+00:00,59.005,59.04,59.0,59.02,253349.92289500003
2026-06-10T17:35:00+00:00,59.0199,59.0199,58.93,58.955,196322.240028
2026-06-10T17:40:00+00:00,58.95,58.98,58.89,58.9271,275912.512798
2026-06-10T17:45:00+00:00,58.925,58.925,58.89,58.895,188000.773842
2026-06-10T17:50:00+00:00,58.9,58.905,58.815,58.875,407622.442492
2026-06-10T17:55:00+00:00,58.875,58.915,58.84,58.8699,602804.6414340001
2026-06-10T18:00:00+00:00,58.8699,58.875,58.81,58.855,196411.97148900002
2026-06-10T18:05:00+00:00,58.85,58.85,58.74,58.74,345413.997568
2026-06-10T18:10:00+00:00,58.745,58.78,58.73,58.735,264460.423611
2026-06-10T18:15:00+00:00,58.735,58.74,58.69,58.715,286673.88491100003
2026-06-10T18:20:00+00:00,58.715,58.73,58.65,58.66,267463.719585
2026-06-10T18:25:00+00:00,58.66,58.67,58.6101,58.625,301105.081531
2026-06-10T18:30:00+00:00,58.625,58.64,58.5142,58.5142,241641.42742500003
2026-06-10T18:35:00+00:00,58.52,58.575,58.49,58.565,246975.78780299996
2026-06-10T18:40:00+00:00,58.56,58.6,58.515,58.545,441681.1055470001
2026-06-10T18:45:00+00:00,58.53,58.5599,58.53,58.55,174614.17230099998
2026-06-10T18:50:00+00:00,58.55,58.58,58.51,58.555,264005.028858
2026-06-10T18:55:00+00:00,58.56,58.5701,58.53,58.54,189632.030226
2026-06-10T19:00:00+00:00,58.535,58.57,58.53,58.5498,162656.933356
2026-06-10T19:05:00+00:00,58.545,58.56,58.51,58.525,258279.33565
2026-06-10T19:10:00+00:00,58.53,58.59,58.53,58.5601,331375.9157
2026-06-10T19:15:00+00:00,58.565,58.6,58.56,58.595,125796.64437199998
2026-06-10T19:20:00+00:00,58.59,58.655,58.57,58.655,289404.95355
2026-06-10T19:25:00+00:00,58.655,58.68,58.62,58.645,212786.955
2026-06-10T19:30:00+00:00,58.645,58.6899,58.645,58.645,273966.231777
2026-06-10T19:35:00+00:00,58.645,58.71,58.645,58.665,426035.341823
2026-06-10T19:40:00+00:00,58.665,58.665,58.525,58.53,810629.9025279998
2026-06-10T19:45:00+00:00,58.53,58.53,58.43,58.47,483791.025073
2026-06-10T19:50:00+00:00,58.465,58.52,58.445,58.455,490706.145038
2026-06-10T19:55:00+00:00,58.45,58.52,58.39,58.395,1129660.421453
2026-06-10T20:00:00+00:00,58.4,58.415,58.23,58.26,2473933.447095
2026-06-10T20:05:00+00:00,58.26,58.39,58.2,58.33,104045.682288
2026-06-10T20:10:00+00:00,58.2717,58.33,58.2717,58.28,3564.05408
2026-06-10T20:15:00+00:00,58.253,58.28,58.25,58.25,4862.819154
2026-06-10T20:20:00+00:00,58.2795,58.28,58.2401,58.26,188836.0
2026-06-10T20:25:00+00:00,58.27,58.27,58.2626,58.27,17790.99073
2026-06-10T20:30:00+00:00,58.27,58.2773,58.27,58.275,5100.566688
2026-06-10T20:40:00+00:00,58.3,58.3,58.29,58.3,1732.085649
2026-06-10T20:45:00+00:00,58.3603,58.3603,58.3129,58.33,953.0
2026-06-10T20:50:00+00:00,58.35,58.4091,58.33,58.395,10517.0
2026-06-10T20:55:00+00:00,58.41,58.43,58.375,58.375,78424.0
2026-06-10T21:00:00+00:00,58.37,58.43,58.35,58.38,6677.0
2026-06-10T21:05:00+00:00,58.4,58.4,58.4,58.4,320.0
2026-06-10T21:10:00+00:00,58.4,58.44,58.4,58.4244,7153.0
2026-06-10T21:15:00+00:00,58.4292,58.4783,58.41,58.4783,2583.0
2026-06-10T21:20:00+00:00,58.484,58.49,58.4335,58.4335,1080.0
2026-06-10T21:25:00+00:00,58.4352,58.49,58.43,58.48,3819.0
2026-06-10T21:30:00+00:00,58.4862,58.49,58.46,58.49,2227.0
2026-06-10T21:35:00+00:00,58.49,58.5,58.488,58.5,1840.0
2026-06-10T21:40:00+00:00,58.54,58.54,58.54,58.54,123.0
2026-06-10T21:45:00+00:00,58.555,58.555,58.54,58.54,865.0
2026-06-10T21:50:00+00:00,58.54,58.5809,58.54,58.5809,3307.0
2026-06-10T22:00:00+00:00,58.5537,58.5614,58.5448,58.5538,2792.0
2026-06-10T22:05:00+00:00,58.54,58.5599,58.54,58.55,9173.0
2026-06-10T22:10:00+00:00,58.55,58.569,58.5348,58.538,1955.0
2026-06-10T22:15:00+00:00,58.54,58.6081,58.54,58.604,4580.0
2026-06-10T22:20:00+00:00,58.6,58.61,58.6,58.61,1394.0
2026-06-10T22:25:00+00:00,58.58,58.6,58.57,58.6,1407.0
2026-06-10T22:30:00+00:00,58.6,58.6095,58.5752,58.6095,3381.0
2026-06-10T22:35:00+00:00,58.57,58.63,58.57,58.57,4084.0
2026-06-10T22:40:00+00:00,58.57,58.6,58.57,58.6,2000.0
2026-06-10T22:45:00+00:00,58.6,58.6739,58.6,58.6739,2057.0
2026-06-10T22:50:00+00:00,58.6,58.69,58.6,58.64,3192.006412
2026-06-10T22:55:00+00:00,58.67,58.7062,58.67,58.7062,1666.0
2026-06-10T23:00:00+00:00,58.71,58.79,58.71,58.75,2622.0
2026-06-10T23:05:00+00:00,58.78,58.8294,58.76,58.82,4486.0
2026-06-10T23:10:00+00:00,58.8028,58.8028,58.73,58.73,1105.0
2026-06-10T23:15:00+00:00,58.775,58.82,58.73,58.775,2643.017001
2026-06-10T23:20:00+00:00,58.73,58.8067,58.73,58.7354,4033.0
2026-06-10T23:25:00+00:00,58.8178,58.8178,58.71,58.73,3190.0
2026-06-10T23:30:00+00:00,58.755,58.755,58.73,58.73,2065.0
2026-06-10T23:35:00+00:00,58.7774,58.78,58.7315,58.76,8041.0
2026-06-10T23:40:00+00:00,58.74,58.79,58.73,58.73,9615.038952
2026-06-10T23:45:00+00:00,58.72,58.7844,58.718,58.7797,3769.0
2026-06-10T23:50:00+00:00,58.7768,58.7768,58.7201,58.7739,6672.0
2026-06-10T23:55:00+00:00,58.75,58.75,58.75,58.75,229.0
2026-06-11T00:00:00+00:00,58.7278,58.75,58.71,58.745,819.0
2026-06-11T08:05:00+00:00,58.49,58.58,58.3,58.41,19135.532528000003
2026-06-11T08:10:00+00:00,58.43,58.6,58.28,58.36,27756.0
2026-06-11T08:15:00+00:00,58.32,58.33,58.28,58.33,1957.0
2026-06-11T08:20:00+00:00,58.33,58.37,58.25,58.26,11152.08
2026-06-11T08:25:00+00:00,58.26,58.3,58.22,58.3,5806.0
2026-06-11T08:30:00+00:00,58.22,58.3,58.22,58.3,5403.0
2026-06-11T08:40:00+00:00,58.23,58.25,58.23,58.25,1782.0
2026-06-11T08:45:00+00:00,58.3,58.3,58.3,58.3,200.0
2026-06-11T08:50:00+00:00,58.37,58.37,58.3,58.3,580.0
2026-06-11T08:55:00+00:00,58.33,58.38,58.33,58.38,3442.0
2026-06-11T09:00:00+00:00,58.27,58.27,58.27,58.27,1000.09852
2026-06-11T09:05:00+00:00,58.32,58.33,58.32,58.32,1464.0
2026-06-11T09:10:00+00:00,58.32,58.32,58.32,58.32,250.0
2026-06-11T09:15:00+00:00,58.33,58.48,58.32,58.48,10060.0
2026-06-11T09:20:00+00:00,58.47,58.48,58.45,58.45,1150.0
2026-06-11T09:25:00+00:00,58.5,58.5,58.5,58.5,270.0
2026-06-11T09:35:00+00:00,58.44,58.44,58.42,58.42,863.0
2026-06-11T09:40:00+00:00,58.41,58.54,58.41,58.54,9113.5
2026-06-11T09:45:00+00:00,58.51,58.53,58.48,58.52,17627.0
2026-06-11T09:50:00+00:00,58.51,58.53,58.51,58.53,220.0591
2026-06-11T09:55:00+00:00,58.48,58.48,58.41,58.41,1600.0
2026-06-11T10:00:00+00:00,58.4036,58.41,58.4036,58.41,1000.0
2026-06-11T10:15:00+00:00,58.56,58.56,58.49,58.56,3893.0
2026-06-11T10:20:00+00:00,58.54,58.6,58.54,58.6,3799.0
2026-06-11T10:50:00+00:00,58.55,58.56,58.55,58.56,244.0
2026-06-11T10:55:00+00:00,58.5,58.57,58.5,58.57,615.0
2026-06-11T11:00:00+00:00,58.57,58.57,58.52,58.52,1929.0
2026-06-11T11:05:00+00:00,58.5,58.5,58.45,58.46,1956.3110000000001
2026-06-11T11:10:00+00:00,58.4632,58.5457,58.4632,58.5457,975.0
2026-06-11T11:15:00+00:00,58.46,58.46,58.45,58.45,688.0
2026-06-11T11:20:00+00:00,58.53,58.53,58.47,58.5,1400.0
2026-06-11T11:25:00+00:00,58.5,58.51,58.5,58.51,583.0
2026-06-11T11:30:00+00:00,58.54,58.54,58.48,58.48,4789.0
2026-06-11T11:35:00+00:00,58.47,58.51,58.47,58.51,670.0
2026-06-11T11:40:00+00:00,58.4701,58.4701,58.4701,58.4701,136.139
2026-06-11T11:45:00+00:00,58.5,58.5,58.47,58.47,3385.218
2026-06-11T11:50:00+00:00,58.46,58.5,58.46,58.5,1536.0
2026-06-11T11:55:00+00:00,58.5,58.52,58.47,58.49,4716.0
2026-06-11T12:00:00+00:00,58.5,58.55,58.5,58.54,4572.0
2026-06-11T12:10:00+00:00,58.53,58.53,58.48,58.4878,5374.77845
2026-06-11T12:15:00+00:00,58.49,58.55,58.47,58.54,4549.0
2026-06-11T12:20:00+00:00,58.5,58.55,58.5,58.53,1390.0
2026-06-11T12:25:00+00:00,58.54,58.87,58.51,58.79,150605.0685
2026-06-11T12:30:00+00:00,58.8,58.83,58.67,58.6898,22487.0
2026-06-11T12:35:00+00:00,58.75,58.76,58.61,58.68,9495.947
2026-06-11T12:40:00+00:00,58.63,58.7,58.59,58.65,37778.179000000004
2026-06-11T12:45:00+00:00,58.7996,58.82,58.72,58.72,12166.06668
2026-06-11T12:50:00+00:00,58.81,58.82,58.65,58.75,42194.0
2026-06-11T12:55:00+00:00,58.83,58.83,58.68,58.76,14560.0
2026-06-11T13:00:00+00:00,58.78,58.78,58.61,58.63,9765.0
2026-06-11T13:05:00+00:00,58.6113,58.7,58.61,58.6787,16126.0
2026-06-11T13:10:00+00:00,58.68,58.7,58.65,58.7,6135.0
2026-06-11T13:15:00+00:00,58.69,58.7,58.6401,58.7,16986.018767
2026-06-11T13:20:00+00:00,58.7,58.73,58.6819,58.71,5992.0
2026-06-11T13:25:00+00:00,58.71,58.77,58.7,58.7,9596.0
2026-06-11T13:30:00+00:00,58.71,58.79,58.65,58.79,28698.220091
2026-06-11T13:35:00+00:00,58.775,58.99,58.54,58.64,1912513.2499550001
2026-06-11T13:40:00+00:00,58.64,58.815,58.505,58.815,937704.915809
2026-06-11T13:45:00+00:00,58.815,58.855,58.485,58.51,552292.1823089999
2026-06-11T13:50:00+00:00,58.505,58.58,58.355,58.45,1015298.6704840001
2026-06-11T13:55:00+00:00,58.46,58.485,58.245,58.25,548594.855956
2026-06-11T14:00:00+00:00,58.25,58.27,58.11,58.18,600058.082585
2026-06-11T14:05:00+00:00,58.185,58.375,58.17,58.36,512363.492616
2026-06-11T14:10:00+00:00,58.36,58.435,58.31,58.42,376722.35798900004
2026-06-11T14:15:00+00:00,58.42,58.435,58.28,58.345,276736.752234
2026-06-11T14:20:00+00:00,58.35,58.61,58.32,58.595,351329.2007609999
2026-06-11T14:25:00+00:00,58.6,58.64,58.47,58.5101,273231.62972799997
2026-06-11T14:30:00+00:00,58.51,58.545,58.41,58.415,178312.65538900002
2026-06-11T14:35:00+00:00,58.415,58.52,58.41,58.48,192949.67460399997
2026-06-11T14:40:00+00:00,58.485,58.485,58.34,58.415,376296.506507
2026-06-11T14:45:00+00:00,58.415,58.45,58.37,58.42,229171.714919
2026-06-11T14:50:00+00:00,58.425,58.435,58.31,58.435,355441.326257
2026-06-11T14:55:00+00:00,58.435,58.45,58.365,58.42,163048.059481
2026-06-11T15:00:00+00:00,58.43,58.43,58.35,58.405,166190.399203
2026-06-11T15:05:00+00:00,58.405,58.445,58.305,58.305,207880.963394
2026-06-11T15:10:00+00:00,58.31,58.44,58.31,58.395,323935.24934400007
2026-06-11T15:15:00+00:00,58.395,58.44,58.355,58.44,396228.327203
2026-06-11T15:20:00+00:00,58.435,58.45,58.37,58.39,193438.516208
2026-06-11T15:25:00+00:00,58.395,58.415,58.345,58.35,151743.527156
2026-06-11T15:30:00+00:00,58.35,58.405,58.31,58.33,172455.512641
2026-06-11T15:35:00+00:00,58.33,58.345,58.3,58.335,236701.19475100003
2026-06-11T15:40:00+00:00,58.34,58.425,58.34,58.375,310229.165998
2026-06-11T15:45:00+00:00,58.37,58.46,58.365,58.435,216685.21878599998
2026-06-11T15:50:00+00:00,58.43,58.455,58.39,58.43,149009.390449
2026-06-11T15:55:00+00:00,58.435,58.445,58.4001,58.4001,106236.284457
2026-06-11T16:00:00+00:00,58.4,58.44,58.395,58.41,261540.0922
2026-06-11T16:05:00+00:00,58.41,58.47,58.36,58.395,297200.792072
2026-06-11T16:10:00+00:00,58.395,58.465,58.36,58.46,115752.341126
2026-06-11T16:15:00+00:00,58.46,58.47,58.395,58.405,154649.90711200002
2026-06-11T16:20:00+00:00,58.405,58.42,58.38,58.39,103028.68127499998
2026-06-11T16:25:00+00:00,58.395,58.4,58.34,58.3929,298954.392286
2026-06-11T16:30:00+00:00,58.39,58.39,58.3,58.305,116010.982622
2026-06-11T16:35:00+00:00,58.305,58.32,58.23,58.265,207581.17177
2026-06-11T16:40:00+00:00,58.27,58.37,58.265,58.355,197140.886335
2026-06-11T16:45:00+00:00,58.35,58.395,58.33,58.33,153751.729242
2026-06-11T16:50:00+00:00,58.335,58.34,58.31,58.32,80179.70358
2026-06-11T16:55:00+00:00,58.32,58.34,58.3,58.31,192772.78628200002
2026-06-11T17:00:00+00:00,58.305,58.34,58.22,58.235,110460.286318
2026-06-11T17:05:00+00:00,58.24,58.27,58.2,58.22,216009.22963899997
2026-06-11T17:10:00+00:00,58.225,58.23,58.15,58.175,486978.335381
2026-06-11T17:15:00+00:00,58.185,58.2,58.115,58.125,285276.40980500006
2026-06-11T17:20:00+00:00,58.13,58.21,58.13,58.18,162802.13781699998
2026-06-11T17:25:00+00:00,58.175,58.19,58.11,58.14,254986.15748999998
2026-06-11T17:30:00+00:00,58.135,58.17,57.732,57.74,2080489.4754869998
2026-06-11T17:35:00+00:00,57.74,57.89,57.59,57.65,2508992.974556
2026-06-11T17:40:00+00:00,57.645,57.68,57.4,57.425,1169478.880104
2026-06-11T17:45:00+00:00,57.425,57.445,57.26,57.27,717029.2272780001
2026-06-11T17:50:00+00:00,57.27,57.36,57.185,57.24,929761.650959
2026-06-11T17:55:00+00:00,57.235,57.49,57.185,57.47,840287.955038
2026-06-11T18:00:00+00:00,57.475,57.64,57.44,57.595,811277.649218
2026-06-11T18:05:00+00:00,57.6,57.73,57.585,57.725,915594.1299010001
2026-06-11T18:10:00+00:00,57.73,57.845,57.71,57.82,415228.25841500005
2026-06-11T18:15:00+00:00,57.81,57.87,57.74,57.755,310031.632596
2026-06-11T18:20:00+00:00,57.76,57.765,57.64,57.64,275919.917473
2026-06-11T18:25:00+00:00,57.64,57.66,57.545,57.63,820190.1567859999
2026-06-11T18:30:00+00:00,57.63,57.775,57.615,57.775,347869.38763600006
2026-06-11T18:35:00+00:00,57.77,57.895,57.77,57.895,210090.83437399997
2026-06-11T18:40:00+00:00,57.895,57.93,57.795,57.815,216614.401529
2026-06-11T18:45:00+00:00,57.815,57.815,57.75,57.8,339552.29722400004
2026-06-11T18:50:00+00:00,57.805,57.83,57.795,57.805,185455.777244
2026-06-11T18:55:00+00:00,57.805,57.805,57.705,57.755,209269.295586
2026-06-11T19:00:00+00:00,57.745,57.75,57.68,57.735,249897.942918
2026-06-11T19:05:00+00:00,57.73,57.78,57.69,57.735,263742.63380199997
2026-06-11T19:10:00+00:00,57.73,57.77,57.7,57.735,241729.456026
2026-06-11T19:15:00+00:00,57.735,57.76,57.58,57.695,935389.285588
2026-06-11T19:20:00+00:00,57.695,57.72,57.59,57.615,405847.636442
2026-06-11T19:25:00+00:00,57.62,57.63,57.525,57.58,330746.56247799995
2026-06-11T19:30:00+00:00,57.5853,57.62,57.535,57.575,328470.842161
2026-06-11T19:35:00+00:00,57.58,57.58,57.22,57.26,1722063.1027659997
2026-06-11T19:40:00+00:00,57.27,57.425,57.26,57.33,756394.261595
2026-06-11T19:45:00+00:00,57.325,57.355,57.25,57.335,612506.321961
2026-06-11T19:50:00+00:00,57.335,57.35,57.225,57.225,882919.444739
2026-06-11T19:55:00+00:00,57.23,57.23,57.12,57.135,941165.621975
2026-06-11T20:00:00+00:00,57.14,57.175,57.055,57.11,2399894.034076
2026-06-11T20:05:00+00:00,57.12,57.19,57.1,57.13,236878.484147
2026-06-11T20:10:00+00:00,57.12,57.2,57.0646,57.19,3631.0
2026-06-11T20:15:00+00:00,57.12,57.15,57.12,57.15,15298.71338
2026-06-11T20:20:00+00:00,57.15,57.15,57.0692,57.11,1789.955309
2026-06-11T20:25:00+00:00,57.1,57.15,57.05,57.1,2685.0
2026-06-11T20:30:00+00:00,57.08,57.15,57.06,57.15,1799.0
2026-06-11T20:35:00+00:00,57.1494,57.25,57.1,57.1,20179.0
2026-06-11T20:40:00+00:00,57.15,57.16,57.1,57.1,5523.0
2026-06-11T20:45:00+00:00,57.1,57.1,57.1,57.1,200.0
2026-06-11T20:50:00+00:00,57.1,57.1,57.1,57.1,108.0
2026-06-11T20:55:00+00:00,57.1314,57.1378,57.1314,57.1378,279.0
2026-06-11T21:00:00+00:00,57.1809,57.19,57.16,57.16,6843.0
2026-06-11T21:05:00+00:00,57.23,57.23,57.2,57.21,287715.0
2026-06-11T21:10:00+00:00,57.25,57.25,57.25,57.25,230.0
2026-06-11T21:15:00+00:00,57.25,57.25,57.2,57.2,770.0
2026-06-11T21:30:00+00:00,57.14,57.27,57.14,57.27,1928.0171500000001
2026-06-11T21:40:00+00:00,57.2825,57.2825,57.1493,57.1595,1812.0
2026-06-11T21:45:00+00:00,57.1504,57.1504,57.1504,57.1504,552.0
2026-06-11T21:50:00+00:00,57.18,57.22,57.17,57.2,1658.591958
2026-06-11T22:05:00+00:00,57.14,57.14,57.14,57.14,348.0
2026-06-11T22:10:00+00:00,57.15,57.15,57.14,57.14,2369.348164
2026-06-11T22:15:00+00:00,57.15,57.2237,57.15,57.2237,654.0
2026-06-11T22:20:00+00:00,57.14,57.15,57.14,57.15,274.0
2026-06-11T22:35:00+00:00,57.1478,57.1478,57.1478,57.1478,364.0
2026-06-11T22:40:00+00:00,57.15,57.15,57.14,57.14,1821.0
2026-06-11T22:45:00+00:00,57.14,57.143,57.14,57.143,441.0
2026-06-11T22:50:00+00:00,57.08,57.19,57.08,57.19,667.0
2026-06-11T22:55:00+00:00,57.14,57.14,57.0805,57.0805,2291.0
2026-06-11T23:00:00+00:00,57.1,57.1488,57.1,57.12,1325.0347900000002
2026-06-11T23:05:00+00:00,57.11,57.11,57.11,57.11,108.0
2026-06-11T23:10:00+00:00,57.11,57.11,57.08,57.08,1200.0
2026-06-11T23:15:00+00:00,57.07,57.1449,57.06,57.1449,1013.053146
2026-06-11T23:25:00+00:00,57.11,57.11,57.11,57.11,316.0
2026-06-11T23:30:00+00:00,57.06,57.11,57.06,57.11,620.0
2026-06-11T23:35:00+00:00,57.1055,57.12,57.1055,57.12,684.0
2026-06-11T23:40:00+00:00,57.09,57.09,57.09,57.09,154.0
2026-06-11T23:45:00+00:00,57.05,57.05,57.05,57.05,211.0
2026-06-11T23:50:00+00:00,57.09,57.09,57.05,57.05,488.0
2026-06-11T23:55:00+00:00,57.1221,57.1221,57.1221,57.1221,104.0
2026-06-12T00:00:00+00:00,57.14,57.14,57.12,57.12,547.0
2026-06-12T08:05:00+00:00,56.96,57.07,56.85,57.03,9534.394392
2026-06-12T08:10:00+00:00,57.05,57.16,56.85,56.85,15498.0
2026-06-12T08:15:00+00:00,56.87,56.87,56.81,56.85,1880.0
2026-06-12T08:20:00+00:00,56.83,56.85,56.73,56.77,9237.69034
2026-06-12T08:25:00+00:00,56.65,56.7,56.64,56.7,1698.0
2026-06-12T08:30:00+00:00,56.67,56.74,56.6698,56.72,2374.0
2026-06-12T08:35:00+00:00,56.66,56.66,56.6,56.6,5517.449703
2026-06-12T08:40:00+00:00,56.6,56.69,56.6,56.6,8367.0
2026-06-12T08:45:00+00:00,56.66,56.66,56.66,56.66,1052.0
2026-06-12T09:00:00+00:00,56.66,56.69,56.66,56.69,3225.0347899999997
2026-06-12T09:05:00+00:00,56.66,56.66,56.66,56.66,1334.017106
2026-06-12T09:15:00+00:00,56.63,56.67,56.63,56.67,1967.0
2026-06-12T09:20:00+00:00,56.63,56.7,56.63,56.7,1665.0
2026-06-12T09:25:00+00:00,56.66,56.66,56.61,56.65,7015.0
2026-06-12T09:30:00+00:00,56.7,56.7,56.6,56.63,900.0
2026-06-12T09:35:00+00:00,56.64,56.64,56.63,56.64,1351.0
2026-06-12T09:40:00+00:00,56.64,56.7,56.64,56.69,2705.0
2026-06-12T09:45:00+00:00,56.7,56.71,56.7,56.71,683.0
2026-06-12T09:50:00+00:00,56.69,56.69,56.68,56.69,5843.0
2026-06-12T09:55:00+00:00,56.66,56.66,56.64,56.64,880.0
2026-06-12T10:00:00+00:00,56.59,56.68,56.59,56.64,1897.0
2026-06-12T10:05:00+00:00,56.64,56.68,56.63,56.68,2534.0
2026-06-12T10:10:00+00:00,56.63,56.63,56.63,56.63,1050.0
2026-06-12T10:15:00+00:00,56.63,56.66,56.63,56.66,1211.0
2026-06-12T10:20:00+00:00,56.69,56.69,56.69,56.69,113.0
2026-06-12T10:30:00+00:00,56.777,56.8,56.7172,56.74,5441.0
2026-06-12T10:35:00+00:00,56.81,56.81,56.8,56.8,714.0
2026-06-12T10:45:00+00:00,56.79,56.79,56.79,56.79,437.0
2026-06-12T10:50:00+00:00,56.74,56.74,56.74,56.74,287.0
2026-06-12T10:55:00+00:00,56.79,56.79,56.79,56.79,100.0
2026-06-12T11:00:00+00:00,56.76,56.76,56.75,56.7544,1412.0
2026-06-12T11:05:00+00:00,56.78,56.8127,56.75,56.79,4543.5560000000005
2026-06-12T11:10:00+00:00,56.78,56.78,56.75,56.76,5776.0
2026-06-12T11:15:00+00:00,56.76,56.78,56.76,56.76,2700.0
2026-06-12T11:20:00+00:00,56.7553,56.78,56.75,56.76,5578.0
2026-06-12T11:25:00+00:00,56.7487,56.7487,56.68,56.68,2738.0
2026-06-12T11:30:00+00:00,56.71,56.71,56.6705,56.6828,1934.765931
2026-06-12T11:35:00+00:00,56.69,56.71,56.69,56.71,369.0
2026-06-12T11:40:00+00:00,56.7,56.75,56.7,56.75,1035.7732
2026-06-12T11:45:00+00:00,56.7456,56.7456,56.65,56.72,5643.371292
2026-06-12T11:50:00+00:00,56.71,56.75,56.71,56.75,2171.7626
2026-06-12T11:55:00+00:00,56.75,56.7891,56.74,56.75,10898.176
2026-06-12T12:00:00+00:00,56.76,56.81,56.72,56.72,13704.0
2026-06-12T12:05:00+00:00,56.7085,56.75,56.7085,56.73,1744.0
2026-06-12T12:10:00+00:00,56.727,56.78,56.727,56.78,2661.88419
2026-06-12T12:15:00+00:00,56.75,56.75,56.75,56.75,365.0
2026-06-12T12:20:00+00:00,56.73,56.7709,56.73,56.7709,1165.0452460000001
2026-06-12T12:25:00+00:00,56.7735,56.7735,56.71,56.7699,6340.0
2026-06-12T12:30:00+00:00,56.76,56.8,56.74,56.79,10882.576713
2026-06-12T12:35:00+00:00,56.78,56.85,56.78,56.84,12949.262491000001
2026-06-12T12:40:00+00:00,56.82,56.84,56.82,56.83,942.0
2026-06-12T12:45:00+00:00,56.82,56.88,56.82,56.88,17310.0
2026-06-12T12:50:00+00:00,56.88,56.89,56.8,56.82,4914.0
2026-06-12T12:55:00+00:00,56.8,56.85,56.79,56.85,3227.0
2026-06-12T13:00:00+00:00,56.8632,56.88,56.81,56.81,2321.0
2026-06-12T13:05:00+00:00,56.81,56.86,56.81,56.86,1795.4
2026-06-12T13:10:00+00:00,56.82,56.85,56.8,56.83,39586.0
2026-06-12T13:15:00+00:00,56.8,56.86,56.8,56.82,4706.0
2026-06-12T13:20:00+00:00,56.81,56.81,56.8,56.81,1363.0
2026-06-12T13:25:00+00:00,56.82,56.8465,56.81,56.82,11974.777358
2026-06-12T13:30:00+00:00,56.82,56.87,56.77,56.87,6814.0
2026-06-12T13:35:00+00:00,56.79,57.23,56.63,57.225,1646179.0192029998
2026-06-12T13:40:00+00:00,57.22,57.49,57.035,57.345,1076061.5367919998
2026-06-12T13:45:00+00:00,57.35,57.55,57.27,57.285,1309307.386587
2026-06-12T13:50:00+00:00,57.29,57.47,57.215,57.47,1063709.0125489999
2026-06-12T13:55:00+00:00,57.47,57.86,57.47,57.86,560474.8573769999
2026-06-12T14:00:00+00:00,57.865,57.915,57.735,57.885,449328.06635
2026-06-12T14:05:00+00:00,57.885,57.95,57.775,57.92,929934.858104
2026-06-12T14:10:00+00:00,57.91,58.025,57.83,57.87,655246.471403
2026-06-12T14:15:00+00:00,57.87,57.88,57.715,57.8,410913.514089
2026-06-12T14:20:00+00:00,57.79,57.86,57.73,57.855,578772.171292
2026-06-12T14:25:00+00:00,57.855,57.98,57.83,57.97,390045.39340799995
2026-06-12T14:30:00+00:00,57.965,57.965,57.845,57.89,314716.609338
2026-06-12T14:35:00+00:00,57.89,57.97,57.855,57.955,230484.96536499998
2026-06-12T14:40:00+00:00,57.96,57.98,57.83,57.973,491852.929085
2026-06-12T14:45:00+00:00,57.98,58.075,57.971,58.02,267696.033333
2026-06-12T14:50:00+00:00,58.025,58.07,57.9701,58.05,403600.31804299995
2026-06-12T14:55:00+00:00,58.055,58.07,57.69,57.85,1518781.151875
2026-06-12T15:00:00+00:00,57.87,57.87,57.74,57.835,570044.522459
2026-06-12T15:05:00+00:00,57.835,57.97,57.63,57.865,1087783.683486
2026-06-12T15:10:00+00:00,57.865,57.94,57.806,57.89,448915.028593
2026-06-12T15:15:00+00:00,57.89,57.9,57.765,57.84,421778.647165
2026-06-12T15:20:00+00:00,57.83,57.875,57.775,57.795,202919.907353
2026-06-12T15:25:00+00:00,57.785,57.84,57.685,57.795,271635.142405
2026-06-12T15:30:00+00:00,57.795,58.0,57.79,57.995,249453.75683
2026-06-12T15:35:00+00:00,57.99,58.05,57.955,57.99,293246.615072
2026-06-12T15:40:00+00:00,57.985,58.03,57.87,57.905,694822.358286
2026-06-12T15:45:00+00:00,57.9,58.1,57.87,58.09,251878.1409
2026-06-12T15:50:00+00:00,58.09,58.1,58.02,58.045,148815.340399
2026-06-12T15:55:00+00:00,58.04,58.05,57.975,58.015,139365.989367
2026-06-12T16:00:00+00:00,58.01,58.12,58.0,58.115,236769.79149200002
2026-06-12T16:05:00+00:00,58.115,58.135,58.07,58.09,210558.01399399998
2026-06-12T16:10:00+00:00,58.09,58.15,58.06,58.105,438122.33534099994
2026-06-12T16:15:00+00:00,58.105,58.15,57.9239,58.0,1134628.201628
2026-06-12T16:20:00+00:00,58.005,58.09,57.93,58.065,254340.998494
2026-06-12T16:25:00+00:00,58.065,58.115,58.0,58.0,155588.157276
2026-06-12T16:30:00+00:00,57.995,58.0199,57.97,58.015,123640.504348
2026-06-12T16:35:00+00:00,58.01,58.065,57.995,58.025,137337.32809999998
2026-06-12T16:40:00+00:00,58.02,58.035,57.945,57.96,250976.08053099999
2026-06-12T16:45:00+00:00,57.97,58.03,57.935,58.025,158653.75603
2026-06-12T16:50:00+00:00,58.03,58.03,57.78,57.79,296383.624492
2026-06-12T16:55:00+00:00,57.78,57.81,57.69,57.725,252968.290476
2026-06-12T17:00:00+00:00,57.72,57.78,57.715,57.745,272368.224731
2026-06-12T17:05:00+00:00,57.74,57.775,57.7,57.715,183261.058486
2026-06-12T17:10:00+00:00,57.715,57.715,57.61,57.67,725297.0294599999
2026-06-12T17:15:00+00:00,57.67,57.76,57.665,57.72,257836.996844
2026-06-12T17:20:00+00:00,57.72,57.77,57.69,57.745,244077.457523
2026-06-12T17:25:00+00:00,57.745,57.745,57.685,57.705,117103.523996
2026-06-12T17:30:00+00:00,57.7,57.71,57.585,57.585,158706.338772
2026-06-12T17:35:00+00:00,57.585,57.62,57.565,57.59,197122.897322
2026-06-12T17:40:00+00:00,57.59,57.69,57.56,57.685,155376.83468099998
2026-06-12T17:45:00+00:00,57.68,57.725,57.65,57.71,120688.15206299999
2026-06-12T17:50:00+00:00,57.705,57.73,57.7,57.71,103897.913762
2026-06-12T17:55:00+00:00,57.7,57.77,57.7,57.755,137401.859353
2026-06-12T18:00:00+00:00,57.76,57.77,57.69,57.71,132168.135886
2026-06-12T18:05:00+00:00,57.71,57.755,57.7,57.72,112508.5738
2026-06-12T18:10:00+00:00,57.715,57.75,57.705,57.74,246396.028983
2026-06-12T18:15:00+00:00,57.74,57.77,57.73,57.75,104734.3936
2026-06-12T18:20:00+00:00,57.745,57.76,57.73,57.735,106995.97541200001
2026-06-12T18:25:00+00:00,57.7322,57.76,57.72,57.74,114634.184476
2026-06-12T18:30:00+00:00,57.745,57.76,57.73,57.7483,317885.248447
2026-06-12T18:35:00+00:00,57.75,57.76,57.69,57.725,345937.197178
2026-06-12T18:40:00+00:00,57.725,57.735,57.665,57.69,350144.309797
2026-06-12T18:45:00+00:00,57.695,57.695,57.6201,57.655,175765.66822400002
2026-06-12T18:50:00+00:00,57.655,57.665,57.6,57.605,162881.458204
2026-06-12T18:55:00+00:00,57.605,57.69,57.59,57.69,210266.210552
2026-06-12T19:00:00+00:00,57.685,57.685,57.62,57.62,169014.71457399998
2026-06-12T19:05:00+00:00,57.625,57.68,57.615,57.67,141906.018868
2026-06-12T19:10:00+00:00,57.67,57.71,57.65,57.6593,241144.04655699997
2026-06-12T19:15:00+00:00,57.66,57.68,57.595,57.6,121691.563677
2026-06-12T19:20:00+00:00,57.6,57.63,57.585,57.6197,172845.14590600002
2026-06-12T19:25:00+00:00,57.615,57.65,57.61,57.645,121757.969873
2026-06-12T19:30:00+00:00,57.65,57.66,57.6,57.6,118780.465512
2026-06-12T19:35:00+00:00,57.595,57.655,57.595,57.655,171885.15993199998
2026-06-12T19:40:00+00:00,57.655,57.665,57.59,57.595,405633.748372
2026-06-12T19:45:00+00:00,57.6,57.62,57.565,57.605,222864.178504
2026-06-12T19:50:00+00:00,57.6,57.605,57.46,57.4799,593456.615373
2026-06-12T19:55:00+00:00,57.47,57.52,57.425,57.445,686580.369943
2026-06-12T20:00:00+00:00,57.45,57.57,57.39,57.56,1530219.5292040003
2026-06-12T20:05:00+00:00,57.57,57.58,57.5,57.5,90035.05977
2026-06-12T20:10:00+00:00,57.55,57.55,57.51,57.51,35818.0
2026-06-12T20:15:00+00:00,57.51,57.51,57.45,57.5027,11488.0
2026-06-12T20:20:00+00:00,57.5,57.52,57.5,57.52,16306.184314
2026-06-12T20:25:00+00:00,57.52,57.55,57.52,57.55,8243.0
2026-06-12T20:30:00+00:00,57.5,57.5,57.5,57.5,434.0
2026-06-12T20:35:00+00:00,57.54,57.55,57.54,57.55,5003.0
2026-06-12T20:50:00+00:00,57.5492,57.5492,57.5492,57.5492,1754.0
2026-06-12T21:25:00+00:00,57.53,57.53,57.53,57.53,177.0
2026-06-12T21:30:00+00:00,57.52,57.55,57.52,57.55,353.0
2026-06-12T21:40:00+00:00,57.55,57.55,57.55,57.55,200.0
2026-06-12T21:55:00+00:00,57.53,57.53,57.53,57.53,300.0
2026-06-12T22:00:00+00:00,57.53,57.53,57.53,57.53,249.0
2026-06-12T22:05:00+00:00,57.4,57.47,57.4,57.47,718.0
2026-06-12T22:30:00+00:00,57.5311,57.5311,57.5311,57.5311,100.0
2026-06-12T22:35:00+00:00,57.52,57.52,57.52,57.52,3001.0
2026-06-12T22:55:00+00:00,57.54,57.54,57.5,57.51,1701.0
2026-06-12T23:20:00+00:00,57.52,57.5397,57.52,57.5397,1004.0
2026-06-12T23:25:00+00:00,57.54,57.54,57.5326,57.5326,855.0
2026-06-12T23:35:00+00:00,57.4983,57.4983,57.4983,57.4983,200.0
2026-06-12T23:45:00+00:00,57.4201,57.49,57.4201,57.49,1209.0
2026-06-12T23:50:00+00:00,57.4,57.4,57.4,57.4,199.0
2026-06-12T23:55:00+00:00,57.45,57.45,57.39,57.45,666.0
2026-06-13T00:00:00+00:00,57.44,57.44,57.37,57.37,932.0
2026-06-15T08:05:00+00:00,56.1,56.7,56.1,56.39,22415.309687
2026-06-15T08:10:00+00:00,56.45,56.71,56.3,56.3,54045.478723
2026-06-15T08:15:00+00:00,56.3,56.3,56.15,56.19,20237.597489
2026-06-15T08:20:00+00:00,56.19,56.27,56.16,56.19,17665.0
2026-06-15T08:25:00+00:00,56.21,56.22,56.14,56.22,13294.0
2026-06-15T08:30:00+00:00,56.18,56.27,56.17,56.27,2254.0
2026-06-15T08:35:00+00:00,56.18,56.18,56.15,56.17,2192.0
2026-06-15T08:45:00+00:00,56.15,56.2,56.12,56.12,3367.0
2026-06-15T08:50:00+00:00,56.11,56.11,56.1,56.1,901.0
2026-06-15T09:00:00+00:00,56.1541,56.17,56.14,56.14,1237.0
2026-06-15T09:05:00+00:00,56.13,56.14,56.07,56.09,5439.0
2026-06-15T09:10:00+00:00,56.09,56.1,56.06,56.1,1288.0
2026-06-15T09:20:00+00:00,56.1,56.15,56.1,56.13,5725.0
2026-06-15T09:25:00+00:00,56.12,56.15,56.12,56.15,1228.0
2026-06-15T09:30:00+00:00,56.1593,56.1593,56.11,56.11,2042.0
2026-06-15T09:40:00+00:00,56.17,56.17,56.16,56.17,2738.0
2026-06-15T09:45:00+00:00,56.18,56.21,56.17,56.19,1463.0
2026-06-15T09:50:00+00:00,56.21,56.24,56.2,56.21,6242.0
2026-06-15T09:55:00+00:00,56.18,56.2,56.18,56.2,1732.0
2026-06-15T10:00:00+00:00,56.19,56.19,56.17,56.17,5247.0
2026-06-15T10:05:00+00:00,56.19,56.19,56.19,56.19,204.0
2026-06-15T10:10:00+00:00,56.18,56.18,56.18,56.18,469.0
2026-06-15T10:15:00+00:00,56.16,56.18,56.16,56.18,1436.0
2026-06-15T10:20:00+00:00,56.17,56.17,56.17,56.17,321.0
2026-06-15T10:25:00+00:00,56.1609,56.22,56.1609,56.2,4880.692158
2026-06-15T10:30:00+00:00,56.19,56.19,56.16,56.16,1186.8671239999999
2026-06-15T10:35:00+00:00,56.19,56.22,56.16,56.16,953.0
2026-06-15T10:45:00+00:00,56.21,56.22,56.19,56.21,2858.0
2026-06-15T10:50:00+00:00,56.22,56.22,56.19,56.19,741.0
2026-06-15T11:00:00+00:00,56.21,56.21,56.21,56.21,205.0
2026-06-15T11:05:00+00:00,56.21,56.2948,56.13,56.15,48540.263999999996
2026-06-15T11:10:00+00:00,56.15,56.2,56.12,56.12,17594.0
2026-06-15T11:15:00+00:00,56.13,56.13,56.02,56.02,31838.354231
2026-06-15T11:20:00+00:00,56.02,56.0448,55.98,55.99,34014.947984
2026-06-15T11:25:00+00:00,55.9992,56.0513,55.9709,56.05,3502.9938970000003
2026-06-15T11:30:00+00:00,56.02,56.0385,55.9503,55.9503,13449.696743
2026-06-15T11:35:00+00:00,55.95,56.0561,55.95,56.0561,8186.830877
2026-06-15T11:40:00+00:00,56.03,56.07,56.03,56.05,10747.59
2026-06-15T11:45:00+00:00,56.05,56.09,56.04,56.09,7231.583685
2026-06-15T11:50:00+00:00,56.08,56.09,56.06,56.06,8147.0
2026-06-15T11:55:00+00:00,56.05,56.06,56.03,56.03,8502.0
2026-06-15T12:00:00+00:00,56.05,56.08,56.04,56.04,8512.0
2026-06-15T12:05:00+00:00,56.03,56.08,56.03,56.08,14985.71442
2026-06-15T12:10:00+00:00,56.08,56.08,56.0298,56.0298,7291.31429
2026-06-15T12:15:00+00:00,56.0,56.01,55.94,55.98,11789.061104
2026-06-15T12:20:00+00:00,55.9792,56.0,55.93,55.93,12677.284055
2026-06-15T12:25:00+00:00,55.93,55.98,55.93,55.97,7781.0
2026-06-15T12:30:00+00:00,55.95,55.99,55.93,55.99,15091.0
2026-06-15T12:35:00+00:00,55.96,56.02,55.91,55.9113,27822.800244
2026-06-15T12:40:00+00:00,55.91,55.94,55.89,55.91,12103.201579
2026-06-15T12:45:00+00:00,55.9139,55.9361,55.87,55.8774,13500.0
2026-06-15T12:50:00+00:00,55.87,55.89,55.84,55.84,31371.0
2026-06-15T12:55:00+00:00,55.83,55.83,55.66,55.73,37346.593901
2026-06-15T13:00:00+00:00,55.7,55.73,55.69,55.72,8493.0
2026-06-15T13:05:00+00:00,55.71,55.73,55.62,55.62,60613.2263
2026-06-15T13:10:00+00:00,55.62,55.62,55.42,55.4496,57539.270748999996
2026-06-15T13:15:00+00:00,55.45,55.53,55.44,55.49,32095.0
2026-06-15T13:20:00+00:00,55.48,55.5896,55.4526,55.46,56035.0
2026-06-15T13:25:00+00:00,55.47,55.52,55.43,55.43,22803.876953
2026-06-15T13:30:00+00:00,55.43,55.43,55.1,55.15,144560.211752
2026-06-15T13:35:00+00:00,55.2,55.49,55.02,55.195,4818573.57666
2026-06-15T13:40:00+00:00,55.195,55.47,55.045,55.39,1874254.6598750001
2026-06-15T13:45:00+00:00,55.38,55.4925,55.29,55.48,1856814.139187
2026-06-15T13:50:00+00:00,55.48,55.69,55.47,55.555,1197430.617912
2026-06-15T13:55:00+00:00,55.55,55.55,55.38,55.44,1371666.395278
2026-06-15T14:00:00+00:00,55.435,55.44,55.2201,55.2701,1019243.5776150001
2026-06-15T14:05:00+00:00,55.27,55.36,55.2,55.335,886384.5321060001
2026-06-15T14:10:00+00:00,55.335,55.42,55.22,55.31,832075.814092
2026-06-15T14:15:00+00:00,55.315,55.3643,55.18,55.31,674527.306739
2026-06-15T14:20:00+00:00,55.315,55.41,55.245,55.345,741224.7623860001
2026-06-15T14:25:00+00:00,55.345,55.59,55.335,55.585,698894.7018459999
2026-06-15T14:30:00+00:00,55.58,55.6,55.47,55.57,497583.79901099997
2026-06-15T14:35:00+00:00,55.58,55.62,55.445,55.555,554360.324725
2026-06-15T14:40:00+00:00,55.555,55.7,55.55,55.6899,442939.257776
2026-06-15T14:45:00+00:00,55.69,55.73,55.6733,55.72,365150.495153
2026-06-15T14:50:00+00:00,55.72,55.875,55.72,55.84,541591.475319
2026-06-15T14:55:00+00:00,55.84,55.98,55.82,55.905,285995.34045400005
2026-06-15T15:00:00+00:00,55.905,55.955,55.87,55.955,544520.481675
2026-06-15T15:05:00+00:00,55.96,56.05,55.94,55.99,675580.5711930001
2026-06-15T15:10:00+00:00,56.0,56.01,55.86,55.91,456306.56824700005
2026-06-15T15:15:00+00:00,55.905,55.91,55.775,55.845,347527.548666
2026-06-15T15:20:00+00:00,55.845,55.85,55.74,55.75,390138.096735
2026-06-15T15:25:00+00:00,55.745,55.75,55.65,55.71,628129.090355
2026-06-15T15:30:00+00:00,55.715,55.735,55.615,55.735,404939.281325
2026-06-15T15:35:00+00:00,55.735,55.8051,55.72,55.77,683874.5714469999
2026-06-15T15:40:00+00:00,55.775,55.805,55.72,55.745,415150.021417
2026-06-15T15:45:00+00:00,55.745,55.815,55.72,55.725,284062.127299
2026-06-15T15:50:00+00:00,55.725,55.735,55.665,55.675,408920.884119
2026-06-15T15:55:00+00:00,55.675,55.72,55.615,55.7,253624.36531599998
2026-06-15T16:00:00+00:00,55.71,55.72,55.67,55.685,154308.181703
2026-06-15T16:05:00+00:00,55.68,55.7,55.61,55.645,390349.116039
2026-06-15T16:10:00+00:00,55.65,55.6601,55.611,55.615,202995.159689
2026-06-15T16:15:00+00:00,55.615,55.645,55.6,55.625,166552.817461
2026-06-15T16:20:00+00:00,55.625,55.66,55.585,55.64,276424.27495399996
2026-06-15T16:25:00+00:00,55.6399,55.67,55.605,55.65,299827.67095400003
2026-06-15T16:30:00+00:00,55.65,55.705,55.63,55.655,166102.287364
2026-06-15T16:35:00+00:00,55.655,55.77,55.63,55.765,189150.52958499998
2026-06-15T16:40:00+00:00,55.7699,55.82,55.76,55.805,282013.605194
2026-06-15T16:45:00+00:00,55.805,55.8599,55.785,55.84,200813.62490299996
2026-06-15T16:50:00+00:00,55.84,55.895,55.82,55.82,262855.695478
2026-06-15T16:55:00+00:00,55.815,55.875,55.79,55.87,177456.78095400002
2026-06-15T17:00:00+00:00,55.87,55.93,55.85,55.88,225832.85306700002
2026-06-15T17:05:00+00:00,55.89,55.925,55.885,55.8993,266449.333272
2026-06-15T17:10:00+00:00,55.9,55.955,55.89,55.915,319642.082399
2026-06-15T17:15:00+00:00,55.92,55.985,55.915,55.965,271986.358734
2026-06-15T17:20:00+00:00,55.96,55.98,55.88,55.895,270682.18655499996
2026-06-15T17:25:00+00:00,55.895,55.915,55.83,55.855,295893.311148
2026-06-15T17:30:00+00:00,55.855,55.875,55.795,55.83,332242.540513
2026-06-15T17:35:00+00:00,55.825,55.835,55.79,55.795,188909.402637
2026-06-15T17:40:00+00:00,55.8,55.81,55.71,55.72,198048.61174999998
2026-06-15T17:45:00+00:00,55.7255,55.75,55.705,55.715,555870.937247
2026-06-15T17:50:00+00:00,55.715,55.74,55.705,55.735,152240.46961
2026-06-15T17:55:00+00:00,55.735,55.755,55.715,55.715,111102.404629
2026-06-15T18:00:00+00:00,55.715,55.73,55.68,55.69,162940.60841900003
2026-06-15T18:05:00+00:00,55.7,55.74,55.69,55.71,148972.079691
2026-06-15T18:10:00+00:00,55.715,55.725,55.68,55.69,146055.643917
2026-06-15T18:15:00+00:00,55.695,55.73,55.685,55.71,145384.098191
2026-06-15T18:20:00+00:00,55.715,55.81,55.69,55.805,518318.02913000004
2026-06-15T18:25:00+00:00,55.81,55.825,55.79,55.8158,200026.32586
2026-06-15T18:30:00+00:00,55.81,55.875,55.8,55.825,364698.336868
2026-06-15T18:35:00+00:00,55.825,55.91,55.81,55.84,563290.515415
2026-06-15T18:40:00+00:00,55.845,55.895,55.84,55.89,199718.21567900002
2026-06-15T18:45:00+00:00,55.89,55.91,55.84,55.86,385542.732313
2026-06-15T18:50:00+00:00,55.855,55.9,55.84,55.865,224812.829948
2026-06-15T18:55:00+00:00,55.865,55.89,55.83,55.88,242819.51549600004
2026-06-15T19:00:00+00:00,55.875,55.88,55.785,55.8042,228400.676914
2026-06-15T19:05:00+00:00,55.81,55.83,55.755,55.79,160387.342446
2026-06-15T19:10:00+00:00,55.785,55.82,55.765,55.79,176824.32395099997
2026-06-15T19:15:00+00:00,55.79,55.85,55.785,55.82,230016.942172
2026-06-15T19:20:00+00:00,55.825,55.825,55.765,55.785,224133.82075500002
2026-06-15T19:25:00+00:00,55.79,55.81,55.74,55.745,252168.45131499998
2026-06-15T19:30:00+00:00,55.745,55.76,55.705,55.73,282299.866997
2026-06-15T19:35:00+00:00,55.73,55.795,55.71,55.76,546133.956792
2026-06-15T19:40:00+00:00,55.76,55.815,55.755,55.805,515558.387396
2026-06-15T19:45:00+00:00,55.805,55.85,55.805,55.815,627210.136676
2026-06-15T19:50:00+00:00,55.815,55.82,55.7,55.715,677588.488887
2026-06-15T19:55:00+00:00,55.72,55.77,55.595,55.605,1033804.264429
2026-06-15T20:00:00+00:00,55.6,55.635,55.47,55.57,2780662.266218
2026-06-15T20:05:00+00:00,55.56,55.58,55.4614,55.55,31277.555455
2026-06-15T20:10:00+00:00,55.6,55.6,55.5578,55.599,1225.0
2026-06-15T20:15:00+00:00,55.55,55.56,55.5,55.5124,2213.0
2026-06-15T20:20:00+00:00,55.5217,55.5924,55.51,55.51,9451.759149
2026-06-15T20:25:00+00:00,55.53,55.58,55.53,55.58,3845.0
2026-06-15T20:30:00+00:00,55.5303,55.55,55.5303,55.55,557.1800410000001
2026-06-15T20:35:00+00:00,55.53,55.58,55.53,55.57,2395.0
2026-06-15T20:40:00+00:00,55.59,55.59,55.5891,55.5891,1105.0
2026-06-15T20:45:00+00:00,55.5756,55.58,55.55,55.55,4763.0
2026-06-15T20:50:00+00:00,55.56,55.56,55.5333,55.5333,409.0
2026-06-15T20:55:00+00:00,55.53,55.66,55.53,55.65,4792.0
2026-06-15T21:00:00+00:00,55.54,55.54,55.54,55.54,137.0
2026-06-15T21:05:00+00:00,55.5856,55.5856,55.58,55.58,558.0
2026-06-15T21:10:00+00:00,55.68,55.7,55.67,55.6946,1396.0
2026-06-15T21:15:00+00:00,55.6945,55.6945,55.67,55.67,578.0
2026-06-15T21:20:00+00:00,55.6301,55.7,55.6301,55.7,1296.55141
2026-06-15T21:25:00+00:00,55.6954,55.6954,55.6877,55.6877,1251.0
2026-06-15T21:30:00+00:00,55.6991,55.6991,55.6378,55.68,3032.0
2026-06-15T21:35:00+00:00,55.659,55.659,55.659,55.659,405.0
2026-06-15T21:55:00+00:00,55.679,55.68,55.6,55.61,10698.0
2026-06-15T22:00:00+00:00,55.67,55.6783,55.62,55.6783,798.0
2026-06-15T22:05:00+00:00,55.672,55.6862,55.672,55.6795,1471.0
2026-06-15T22:10:00+00:00,55.67,55.67,55.65,55.67,3053.0
2026-06-15T22:15:00+00:00,55.65,55.65,55.6348,55.6382,910.0
2026-06-15T22:20:00+00:00,55.63,55.6348,55.6001,55.6348,2666.0
2026-06-15T22:25:00+00:00,55.6348,55.64,55.6,55.64,2587.0
2026-06-15T22:30:00+00:00,55.65,55.6553,55.65,55.6553,449.239
2026-06-15T22:35:00+00:00,55.64,55.6599,55.64,55.6599,1535.0
2026-06-15T22:40:00+00:00,55.6461,55.6461,55.59,55.59,5697.0
2026-06-15T22:45:00+00:00,55.6,55.61,55.5926,55.61,1009.0
2026-06-15T22:50:00+00:00,55.64,55.64,55.64,55.64,180.0
2026-06-15T22:55:00+00:00,55.64,55.64,55.6302,55.6302,2006.0
2026-06-15T23:00:00+00:00,55.64,55.64,55.6375,55.6375,651.0
2026-06-15T23:05:00+00:00,55.6373,55.6373,55.6373,55.6373,305.0
2026-06-15T23:10:00+00:00,55.62,55.62,55.62,55.62,334.0
2026-06-15T23:15:00+00:00,55.6393,55.6393,55.6393,55.6393,2020.0
2026-06-15T23:20:00+00:00,55.64,55.64,55.64,55.64,405.0
2026-06-15T23:25:00+00:00,55.6,55.6348,55.6,55.6348,530.0
2026-06-15T23:30:00+00:00,55.64,55.64,55.63,55.6399,1094.0
2026-06-15T23:40:00+00:00,55.62,55.62,55.6,55.6,494.0
2026-06-15T23:45:00+00:00,55.6,55.601,55.6,55.601,450.0
2026-06-15T23:50:00+00:00,55.6448,55.6499,55.59,55.59,1390.0
2026-06-15T23:55:00+00:00,55.6,55.6011,55.6,55.6011,1384.0
2026-06-16T00:00:00+00:00,55.6,55.65,55.6,55.64,2565.067755
2026-06-16T08:05:00+00:00,55.54,55.65,55.31,55.32,7442.6532640000005
2026-06-16T08:10:00+00:00,55.31,55.51,55.24,55.25,33431.0
2026-06-16T08:15:00+00:00,55.25,55.25,55.13,55.13,8915.072400000001
2026-06-16T08:20:00+00:00,55.11,55.13,55.09,55.12,4468.0
2026-06-16T08:30:00+00:00,55.1,55.1,55.1,55.1,964.0
2026-06-16T08:40:00+00:00,55.15,55.15,55.15,55.15,187.0
2026-06-16T08:45:00+00:00,55.1,55.1,55.1,55.1,132.0
2026-06-16T08:50:00+00:00,55.15,55.15,55.14,55.14,662.0
2026-06-16T09:00:00+00:00,55.15,55.17,55.15,55.17,779.0
2026-06-16T09:05:00+00:00,55.23,55.27,55.21,55.25,11633.0
2026-06-16T09:10:00+00:00,55.25,55.25,55.25,55.25,1000.0
2026-06-16T09:20:00+00:00,55.33,55.34,55.33,55.34,602.0
2026-06-16T09:25:00+00:00,55.31,55.31,55.3,55.3,500.0
2026-06-16T09:30:00+00:00,55.28,55.31,55.28,55.31,448.0
2026-06-16T09:40:00+00:00,55.3,55.3,55.25,55.28,1659.0
2026-06-16T09:50:00+00:00,55.25,55.3,55.24,55.3,4609.97992
2026-06-16T09:55:00+00:00,55.31,55.31,55.29,55.31,1713.0
2026-06-16T10:00:00+00:00,55.35,55.35,55.3,55.31,1222.0
2026-06-16T10:05:00+00:00,55.35,55.35,55.31,55.32,491.062895
2026-06-16T10:10:00+00:00,55.34,55.37,55.34,55.37,3163.0
2026-06-16T10:30:00+00:00,55.32,55.32,55.3,55.3,527.0
2026-06-16T10:35:00+00:00,55.28,55.32,55.28,55.32,576.088354
2026-06-16T10:40:00+00:00,55.34,55.34,55.31,55.31,200.0
2026-06-16T10:50:00+00:00,55.27,55.29,55.26,55.29,2211.201133
2026-06-16T10:55:00+00:00,55.31,55.33,55.2736,55.2736,2428.0
2026-06-16T11:00:00+00:00,55.3081,55.31,55.3,55.31,456.0
2026-06-16T11:05:00+00:00,55.33,55.35,55.2605,55.35,5022.474
2026-06-16T11:10:00+00:00,55.3,55.3491,55.29,55.32,6339.0
2026-06-16T11:15:00+00:00,55.32,55.35,55.32,55.35,2225.0
2026-06-16T11:20:00+00:00,55.37,55.38,55.35,55.38,1989.8487
2026-06-16T11:25:00+00:00,55.3984,55.4,55.3984,55.4,753.0
2026-06-16T11:30:00+00:00,55.4,55.46,55.39,55.45,2847.0
2026-06-16T11:35:00+00:00,55.4001,55.4398,55.38,55.38,796.0
2026-06-16T11:40:00+00:00,55.4,55.4348,55.4,55.4348,849.886141
2026-06-16T11:45:00+00:00,55.44,55.447,55.42,55.42,925.0
2026-06-16T11:50:00+00:00,55.44,55.44,55.44,55.44,200.541
2026-06-16T11:55:00+00:00,55.41,55.42,55.41,55.42,613.0
2026-06-16T12:00:00+00:00,55.4012,55.4012,55.39,55.39,2353.0
2026-06-16T12:05:00+00:00,55.3652,55.3652,55.3652,55.3652,112.0
2026-06-16T12:10:00+00:00,55.36,55.36,55.242,55.242,26775.907884
2026-06-16T12:15:00+00:00,55.26,55.28,55.1808,55.1809,14632.0
2026-06-16T12:20:00+00:00,55.21,55.23,55.1627,55.17,16850.0
2026-06-16T12:25:00+00:00,55.2,55.21,55.16,55.19,4652.0
2026-06-16T12:30:00+00:00,55.2168,55.24,55.18,55.24,8561.0
2026-06-16T12:35:00+00:00,55.21,55.21,55.12,55.1301,16693.667
2026-06-16T12:40:00+00:00,55.13,55.1694,55.06,55.08,87741.468
2026-06-16T12:45:00+00:00,55.08,55.11,55.0,55.02,82292.504861
2026-06-16T12:50:00+00:00,55.06,55.08,55.04,55.08,9887.0
2026-06-16T12:55:00+00:00,55.09,55.16,55.09,55.12,4827.0
2026-06-16T13:00:00+00:00,55.1,55.12,55.09,55.1,7935.0
2026-06-16T13:05:00+00:00,55.14,55.23,55.1208,55.17,22754.0
2026-06-16T13:10:00+00:00,55.17,55.1798,55.07,55.11,20469.0
2026-06-16T13:15:00+00:00,55.14,55.14,55.11,55.11,3783.0
2026-06-16T13:20:00+00:00,55.11,55.16,55.1014,55.1461,15016.681342
2026-06-16T13:25:00+00:00,55.12,55.16,55.11,55.13,31001.0
2026-06-16T13:30:00+00:00,55.14,55.14,54.97,55.04,50004.036188
2026-06-16T13:35:00+00:00,55.0,55.34,54.95,55.285,2178880.4748009997
2026-06-16T13:40:00+00:00,55.285,55.285,54.96,55.27,1095628.387768
2026-06-16T13:45:00+00:00,55.27,55.31,55.015,55.17,700823.194882
2026-06-16T13:50:00+00:00,55.17,55.34,55.12,55.315,497334.7810679999
2026-06-16T13:55:00+00:00,55.315,55.365,55.23,55.335,390481.97978500003
2026-06-16T14:00:00+00:00,55.335,55.36,55.15,55.22,381422.69676200004
2026-06-16T14:05:00+00:00,55.22,55.24,55.15,55.24,779043.465369
2026-06-16T14:10:00+00:00,55.235,55.35,55.095,55.095,422346.088418
2026-06-16T14:15:00+00:00,55.095,55.32,55.07,55.285,476351.07850099995
2026-06-16T14:20:00+00:00,55.285,55.44,55.285,55.36,641937.1794189999
2026-06-16T14:25:00+00:00,55.36,55.475,55.36,55.455,453254.00933000003
2026-06-16T14:30:00+00:00,55.45,55.45,55.33,55.4199,632440.762892
2026-06-16T14:35:00+00:00,55.42,55.425,55.23,55.2701,782092.3127629999
2026-06-16T14:40:00+00:00,55.2702,55.31,55.19,55.255,811264.603799
2026-06-16T14:45:00+00:00,55.255,55.265,55.165,55.21,376108.917185
2026-06-16T14:50:00+00:00,55.21,55.25,55.15,55.185,393737.276174
2026-06-16T14:55:00+00:00,55.18,55.235,55.155,55.215,263560.45229399996
2026-06-16T15:00:00+00:00,55.215,55.215,55.045,55.055,431535.255169
2026-06-16T15:05:00+00:00,55.065,55.135,55.045,55.135,293145.63562099996
2026-06-16T15:10:00+00:00,55.13,55.13,55.05,55.115,243919.94267199998
2026-06-16T15:15:00+00:00,55.115,55.245,55.085,55.24,307099.61195700004
2026-06-16T15:20:00+00:00,55.23,55.235,55.12,55.155,332544.430652
2026-06-16T15:25:00+00:00,55.15,55.235,55.13,55.22,456739.11299000005
2026-06-16T15:30:00+00:00,55.225,55.26,55.18,55.21,865312.3608680001
2026-06-16T15:35:00+00:00,55.215,55.31,55.215,55.265,403019.9556
2026-06-16T15:40:00+00:00,55.27,55.32,55.25,55.27,333870.040605
2026-06-16T15:45:00+00:00,55.275,55.325,55.255,55.31,279088.180168
2026-06-16T15:50:00+00:00,55.31,55.42,55.305,55.4,526295.427873
2026-06-16T15:55:00+00:00,55.405,55.42,55.235,55.235,642959.3640350001
2026-06-16T16:00:00+00:00,55.24,55.28,55.15,55.245,467927.18749099993
2026-06-16T16:05:00+00:00,55.245,55.27,55.195,55.245,263483.218649
2026-06-16T16:10:00+00:00,55.24,55.275,55.185,55.245,464064.69937300007
2026-06-16T16:15:00+00:00,55.245,55.275,55.2,55.27,269136.292614
2026-06-16T16:20:00+00:00,55.275,55.28,55.185,55.205,360900.89242499997
2026-06-16T16:25:00+00:00,55.205,55.295,55.2,55.2411,171820.629533
2026-06-16T16:30:00+00:00,55.245,55.25,55.19,55.1912,245217.839604
2026-06-16T16:35:00+00:00,55.195,55.235,55.17,55.21,342537.16219400003
2026-06-16T16:40:00+00:00,55.215,55.23,55.17,55.185,347749.154348
2026-06-16T16:45:00+00:00,55.185,55.215,55.18,55.205,311135.67329099996
2026-06-16T16:50:00+00:00,55.2,55.21,55.14,55.175,193136.793987
2026-06-16T16:55:00+00:00,55.175,55.22,55.16,55.19,190439.28852799998
2026-06-16T17:00:00+00:00,55.19,55.25,55.165,55.23,257922.217148
2026-06-16T17:05:00+00:00,55.225,55.275,55.2,55.235,559892.11593
2026-06-16T17:10:00+00:00,55.235,55.29,55.22,55.29,194784.94562
2026-06-16T17:15:00+00:00,55.295,55.31,55.265,55.275,209972.26500299998
2026-06-16T17:20:00+00:00,55.275,55.285,55.225,55.24,110638.285983
2026-06-16T17:25:00+00:00,55.24,55.28,55.225,55.255,232090.595229
2026-06-16T17:30:00+00:00,55.255,55.27,55.215,55.2213,138386.28071100003
2026-06-16T17:35:00+00:00,55.22,55.22,55.15,55.175,347194.838892
2026-06-16T17:40:00+00:00,55.17,55.18,55.13,55.17,235881.619096
2026-06-16T17:45:00+00:00,55.165,55.165,55.07,55.085,277582.405064
2026-06-16T17:50:00+00:00,55.085,55.105,55.07,55.095,359048.42542100005
2026-06-16T17:55:00+00:00,55.09,55.13,55.075,55.075,157405.091934
2026-06-16T18:00:00+00:00,55.075,55.12,55.07,55.115,158992.75257900002
2026-06-16T18:05:00+00:00,55.11,55.11,55.05,55.055,536875.447961
2026-06-16T18:10:00+00:00,55.05,55.16,55.05,55.1599,144568.78420399997
2026-06-16T18:15:00+00:00,55.155,55.2,55.1532,55.165,209196.45424999998
2026-06-16T18:20:00+00:00,55.165,55.285,55.16,55.265,1940895.447681
2026-06-16T18:25:00+00:00,55.265,55.32,55.25,55.25,510914.93182299996
2026-06-16T18:30:00+00:00,55.2593,55.315,55.255,55.31,343486.923923
2026-06-16T18:35:00+00:00,55.31,55.39,55.3099,55.375,932447.6273599999
2026-06-16T18:40:00+00:00,55.375,55.39,55.31,55.325,629864.083409
2026-06-16T18:45:00+00:00,55.325,55.33,55.285,55.32,163504.895353
2026-06-16T18:50:00+00:00,55.315,55.34,55.3,55.31,235543.95554000002
2026-06-16T18:55:00+00:00,55.311,55.315,55.195,55.235,629791.130077
2026-06-16T19:00:00+00:00,55.235,55.24,55.19,55.205,683137.1096109999
2026-06-16T19:05:00+00:00,55.205,55.21,55.155,55.17,494770.59752400004
2026-06-16T19:10:00+00:00,55.17,55.2,55.1601,55.18,197692.93747499998
2026-06-16T19:15:00+00:00,55.185,55.21,55.18,55.195,313583.059194
2026-06-16T19:20:00+00:00,55.195,55.27,55.19,55.255,652759.830297
2026-06-16T19:25:00+00:00,55.255,55.265,55.185,55.19,403174.739435
2026-06-16T19:30:00+00:00,55.185,55.2,55.11,55.16,558466.517749
2026-06-16T19:35:00+00:00,55.15,55.2,55.11,55.125,607261.698493
2026-06-16T19:40:00+00:00,55.125,55.175,55.1141,55.125,809457.688417
2026-06-16T19:45:00+00:00,55.13,55.19,55.12,55.145,495584.30461
2026-06-16T19:50:00+00:00,55.145,55.22,55.11,55.215,738445.7376989999
2026-06-16T19:55:00+00:00,55.21,55.295,55.19,55.25,994480.605032
2026-06-16T20:00:00+00:00,55.25,55.37,55.25,55.37,2529507.322532
2026-06-16T20:05:00+00:00,55.36,55.45,55.35,55.35,84546.46534200001
2026-06-16T20:10:00+00:00,55.42,55.47,55.29,55.47,2988.0
2026-06-16T20:15:00+00:00,55.4517,55.46,55.4517,55.46,210.0
2026-06-16T20:20:00+00:00,55.4,55.459,55.4,55.459,675.0
2026-06-16T20:25:00+00:00,55.45,55.47,55.45,55.47,10050.15
2026-06-16T20:30:00+00:00,55.47,55.47,55.47,55.47,1607.0
2026-06-16T20:35:00+00:00,55.41,55.41,55.4,55.4,4400.0
2026-06-16T20:40:00+00:00,55.4038,55.4038,55.4,55.4,559.0
2026-06-16T20:45:00+00:00,55.41,55.41,55.41,55.41,304.0
2026-06-16T20:50:00+00:00,55.43,55.43,55.42,55.42,436.0
2026-06-16T20:55:00+00:00,55.44,55.44,55.44,55.44,500.0
2026-06-16T21:00:00+00:00,55.4,55.42,55.37,55.41,6045.0
2026-06-16T21:05:00+00:00,55.3932,55.3932,55.3932,55.3932,500.0
2026-06-16T21:10:00+00:00,55.4027,55.41,55.4027,55.41,500.0
2026-06-16T21:15:00+00:00,55.44,55.4492,55.44,55.44,909.0
2026-06-16T21:25:00+00:00,55.41,55.41,55.4,55.4,1420.0
2026-06-16T21:30:00+00:00,55.44,55.44,55.44,55.44,100.0
2026-06-16T21:40:00+00:00,55.3791,55.42,55.3791,55.42,223.0
2026-06-16T21:50:00+00:00,55.43,55.43,55.43,55.43,200.0
2026-06-16T22:10:00+00:00,55.42,55.42,55.42,55.42,200.0
2026-06-16T22:15:00+00:00,55.37,55.37,55.37,55.37,106.0
2026-06-16T22:20:00+00:00,55.37,55.37,55.36,55.36,5027.0
2026-06-16T22:25:00+00:00,55.41,55.44,55.41,55.44,277.0
2026-06-16T22:30:00+00:00,55.41,55.4351,55.41,55.42,434.126433
2026-06-16T22:50:00+00:00,55.4,55.4001,55.4,55.4001,206.0
2026-06-16T23:00:00+00:00,55.37,55.37,55.37,55.37,302.0
2026-06-16T23:05:00+00:00,55.4299,55.4299,55.4299,55.4299,100.0
2026-06-16T23:15:00+00:00,55.37,55.37,55.35,55.35,500.0
2026-06-16T23:20:00+00:00,55.42,55.42,55.42,55.42,100.0
2026-06-16T23:30:00+00:00,55.4,55.4,55.361,55.361,300.0
2026-06-16T23:35:00+00:00,55.36,55.36,55.36,55.36,2625.0
2026-06-16T23:55:00+00:00,55.4337,55.4337,55.4337,55.4337,120.0
2026-06-17T00:00:00+00:00,55.4393,55.4393,55.4,55.4,721.0
2026-06-17T08:05:00+00:00,55.06,55.15,54.91,55.11,22123.383035
2026-06-17T08:10:00+00:00,55.07,55.07,55.0,55.03,4562.0
2026-06-17T08:15:00+00:00,55.01,55.1,55.01,55.01,3850.0
2026-06-17T08:20:00+00:00,55.1257,55.1257,55.1257,55.1257,181.0
2026-06-17T08:25:00+00:00,55.1346,55.1346,55.1346,55.1346,114.0
2026-06-17T08:30:00+00:00,55.12,55.12,55.12,55.12,1614.0
2026-06-17T08:35:00+00:00,55.14,55.14,55.13,55.13,1000.0
2026-06-17T08:40:00+00:00,55.19,55.23,55.18,55.23,5217.0
2026-06-17T08:45:00+00:00,55.17,55.17,55.15,55.15,331.0
2026-06-17T08:50:00+00:00,55.2,55.2,55.2,55.2,500.0
2026-06-17T08:55:00+00:00,55.2,55.2,55.15,55.16,1150.0
2026-06-17T09:05:00+00:00,55.17,55.17,55.17,55.17,110.0
2026-06-17T09:15:00+00:00,55.2,55.22,55.2,55.2,1073.0
2026-06-17T09:25:00+00:00,55.18,55.18,55.16,55.17,1380.0
2026-06-17T09:30:00+00:00,55.16,55.16,55.16,55.16,180.0
2026-06-17T10:15:00+00:00,55.2,55.23,55.19,55.2,5850.0
2026-06-17T10:40:00+00:00,55.16,55.16,55.16,55.16,113.0
2026-06-17T10:55:00+00:00,55.17,55.17,55.17,55.17,107.0
2026-06-17T11:00:00+00:00,55.18,55.2,55.18,55.2,882.0
2026-06-17T11:05:00+00:00,55.2,55.21,55.18,55.21,6226.494462000001
2026-06-17T11:15:00+00:00,55.2409,55.3357,55.24,55.2445,1234.659044
2026-06-17T11:20:00+00:00,55.2399,55.28,55.2399,55.24,2154.06273
2026-06-17T11:30:00+00:00,55.2,55.2,55.2,55.2,1100.0
2026-06-17T11:35:00+00:00,55.2,55.2,55.2,55.2,1000.0
2026-06-17T11:45:00+00:00,55.35,55.35,55.32,55.3322,6019.404
2026-06-17T11:55:00+00:00,55.35,55.35,55.3398,55.3398,250.0
2026-06-17T12:00:00+00:00,55.32,55.3483,55.32,55.3483,769.0
2026-06-17T12:05:00+00:00,55.3627,55.3627,55.3,55.33,1440.0
2026-06-17T12:10:00+00:00,55.33,55.34,55.3,55.34,3086.22255
2026-06-17T12:15:00+00:00,55.35,55.36,55.32,55.32,11221.0
2026-06-17T12:20:00+00:00,55.3602,55.3602,55.36,55.36,2065.0
2026-06-17T12:25:00+00:00,55.34,55.375,55.33,55.33,1323.0
2026-06-17T12:35:00+00:00,55.33,55.38,55.33,55.35,28019.0
2026-06-17T12:40:00+00:00,55.36,55.36,55.33,55.33,7051.0
2026-06-17T12:45:00+00:00,55.34,55.36,55.3004,55.3004,7515.92784
2026-06-17T12:50:00+00:00,55.33,55.33,55.32,55.3299,3984.0
2026-06-17T12:55:00+00:00,55.33,55.36,55.32,55.34,12972.0
2026-06-17T13:00:00+00:00,55.35,55.36,55.32,55.32,7476.0
2026-06-17T13:05:00+00:00,55.36,55.38,55.36,55.38,5046.0
2026-06-17T13:10:00+00:00,55.35,55.38,55.35,55.37,17073.0
2026-06-17T13:15:00+00:00,55.37,55.37,55.32,55.33,18850.0
2026-06-17T13:20:00+00:00,55.3374,55.3374,55.28,55.2989,3043.0
2026-06-17T13:30:00+00:00,55.31,55.31,55.18,55.25,26802.082487
2026-06-17T13:35:00+00:00,55.26,55.27,54.95,55.02,1425519.127156
2026-06-17T13:40:00+00:00,55.015,55.04,54.78,54.7863,853595.4607729999
2026-06-17T13:45:00+00:00,54.78,54.93,54.75,54.815,837320.335457
2026-06-17T13:50:00+00:00,54.815,54.97,54.815,54.9,675582.065655
2026-06-17T13:55:00+00:00,54.9,54.965,54.8,54.82,613200.303232
2026-06-17T14:00:00+00:00,54.82,54.88,54.79,54.84,754160.2673859999
2026-06-17T14:05:00+00:00,54.83,54.93,54.8,54.895,542717.220305
2026-06-17T14:10:00+00:00,54.895,54.965,54.795,54.895,380335.36353800003
2026-06-17T14:15:00+00:00,54.9,54.96,54.805,54.94,394009.02389400004
2026-06-17T14:20:00+00:00,54.95,54.96,54.88,54.885,278675.41937200003
2026-06-17T14:25:00+00:00,54.8883,54.92,54.82,54.825,320865.271925
2026-06-17T14:30:00+00:00,54.83,54.91,54.81,54.91,247165.65334199998
2026-06-17T14:35:00+00:00,54.91,55.03,54.9,54.94,424445.944345
2026-06-17T14:40:00+00:00,54.94,54.99,54.91,54.92,228249.256129
2026-06-17T14:45:00+00:00,54.9212,54.985,54.9,54.975,175619.210341
2026-06-17T14:50:00+00:00,54.98,55.36,54.965,55.175,2952102.832275
2026-06-17T14:55:00+00:00,55.17,55.22,55.07,55.135,1421518.2478699998
2026-06-17T15:00:00+00:00,55.13,55.165,55.09,55.125,708437.036514
2026-06-17T15:05:00+00:00,55.13,55.145,54.92,54.955,778757.820534
2026-06-17T15:10:00+00:00,54.95,55.1,54.95,55.08,252913.60697300002
2026-06-17T15:15:00+00:00,55.08,55.15,55.065,55.125,513915.834872
2026-06-17T15:20:00+00:00,55.125,55.13,54.98,55.0,314764.741997
2026-06-17T15:25:00+00:00,54.995,55.0,54.94,54.945,400973.95368000004
2026-06-17T15:30:00+00:00,54.95,55.06,54.95,55.06,420435.9220070001
2026-06-17T15:35:00+00:00,55.055,55.105,55.025,55.045,287542.96982999996
2026-06-17T15:40:00+00:00,55.04,55.085,55.03,55.054,328503.77691200003
2026-06-17T15:45:00+00:00,55.055,55.105,55.055,55.09,79824.279939
2026-06-17T15:50:00+00:00,55.095,55.095,54.995,55.036,293707.401036
2026-06-17T15:55:00+00:00,55.04,55.05,54.97,54.99,176040.19524099998
2026-06-17T16:00:00+00:00,54.99,55.03,54.99,55.005,263786.295508
2026-06-17T16:05:00+00:00,55.005,55.03,54.99,55.005,206094.710225
2026-06-17T16:10:00+00:00,55.01,55.015,54.95,54.985,211046.16202500003
2026-06-17T16:15:00+00:00,54.985,55.02,54.97,54.975,142988.608234
2026-06-17T16:20:00+00:00,54.98,55.04,54.95,54.98,306981.199221
2026-06-17T16:25:00+00:00,54.975,54.9799,54.92,54.9287,127209.29246099999
2026-06-17T16:30:00+00:00,54.925,54.96,54.915,54.915,168348.96576999998
2026-06-17T16:35:00+00:00,54.915,55.06,54.91,55.0533,194459.463182
2026-06-17T16:40:00+00:00,55.045,55.07,55.025,55.055,130176.903193
2026-06-17T16:45:00+00:00,55.05,55.0951,55.03,55.065,102550.417843
2026-06-17T16:50:00+00:00,55.06,55.12,55.06,55.11,77705.486097
2026-06-17T16:55:00+00:00,55.105,55.105,55.03,55.03,80210.470311
2026-06-17T17:00:00+00:00,55.03,55.04,54.98,54.995,183200.31419399998
2026-06-17T17:05:00+00:00,54.9999,55.13,54.975,55.115,338942.69906
2026-06-17T17:10:00+00:00,55.115,55.16,55.04,55.085,706000.757638
2026-06-17T17:15:00+00:00,55.085,55.105,55.03,55.04,134486.359556
2026-06-17T17:20:00+00:00,55.045,55.07,54.995,55.0,140707.03545199998
2026-06-17T17:25:00+00:00,55.005,55.02,54.96,54.98,147554.81269700002
2026-06-17T17:30:00+00:00,54.97,54.97,54.92,54.945,175255.068723
2026-06-17T17:35:00+00:00,54.95,54.96,54.895,54.9,280152.18264899997
2026-06-17T17:40:00+00:00,54.905,54.905,54.85,54.86,155453.61395700002
2026-06-17T17:45:00+00:00,54.865,54.88,54.83,54.88,148779.376206
2026-06-17T17:50:00+00:00,54.875,54.89,54.83,54.865,208107.575713
2026-06-17T17:55:00+00:00,54.87,54.92,54.865,54.905,152295.380413
2026-06-17T18:00:00+00:00,54.9,54.945,54.88,54.93,194893.480561
2026-06-17T18:05:00+00:00,54.93,54.98,54.8,54.825,894100.8467980002
2026-06-17T18:10:00+00:00,54.82,54.92,54.79,54.89,401538.45438999997
2026-06-17T18:15:00+00:00,54.89,54.89,54.815,54.85,210712.931539
2026-06-17T18:20:00+00:00,54.85,54.86,54.71,54.7199,277508.61378500005
2026-06-17T18:25:00+00:00,54.72,54.8065,54.71,54.805,181987.29585700002
2026-06-17T18:30:00+00:00,54.805,54.855,54.775,54.79,216457.89886
2026-06-17T18:35:00+00:00,54.795,55.08,54.795,54.945,920400.304855
2026-06-17T18:40:00+00:00,54.9358,55.045,54.92,55.0007,342707.75023299997
2026-06-17T18:45:00+00:00,55.0099,55.02,54.88,54.9,307113.841634
2026-06-17T18:50:00+00:00,54.909,54.955,54.88,54.89,277090.009663
2026-06-17T18:55:00+00:00,54.8942,54.935,54.86,54.91,328970.208452
2026-06-17T19:00:00+00:00,54.91,54.97,54.88,54.915,238856.10075800002
2026-06-17T19:05:00+00:00,54.915,54.995,54.885,54.91,414151.40902
2026-06-17T19:10:00+00:00,54.905,54.945,54.8703,54.925,171228.57279900002
2026-06-17T19:15:00+00:00,54.925,54.99,54.865,54.865,277528.003516
2026-06-17T19:20:00+00:00,54.87,54.925,54.84,54.84,311603.524675
2026-06-17T19:25:00+00:00,54.8413,54.85,54.745,54.765,324740.829288
2026-06-17T19:30:00+00:00,54.77,54.77,54.62,54.675,1470096.011623
2026-06-17T19:35:00+00:00,54.67,54.695,54.57,54.615,578538.037731
2026-06-17T19:40:00+00:00,54.615,54.635,54.58,54.59,789531.625584
2026-06-17T19:45:00+00:00,54.59,54.665,54.585,54.595,651143.7765190001
2026-06-17T19:50:00+00:00,54.595,54.665,54.555,54.595,757156.517796
2026-06-17T19:55:00+00:00,54.6,54.66,54.54,54.605,1176491.311636
2026-06-17T20:00:00+00:00,54.6,54.7,54.545,54.69,2290753.875127
2026-06-17T20:05:00+00:00,54.69,54.71,54.67,54.67,67721.511657
2026-06-17T20:10:00+00:00,54.7,54.7,54.62,54.62,76494.0
2026-06-17T20:15:00+00:00,54.62,54.62,54.6,54.6,42334.010832
2026-06-17T20:20:00+00:00,54.6,54.63,54.5,54.55,117155.21981
2026-06-17T20:25:00+00:00,54.57,54.57,54.46,54.56,60344.0
2026-06-17T20:30:00+00:00,54.62,54.62,54.5,54.6001,8297.0
2026-06-17T20:35:00+00:00,54.675,54.675,54.675,54.675,134.0
2026-06-17T20:40:00+00:00,54.61,54.61,54.61,54.61,265.613037
2026-06-17T20:45:00+00:00,54.5963,54.63,54.5963,54.6,1103.0
2026-06-17T20:50:00+00:00,54.61,54.61,54.6,54.61,3159.0
2026-06-17T21:00:00+00:00,54.611,54.65,54.6,54.65,1657.0
2026-06-17T21:05:00+00:00,54.61,54.61,54.61,54.61,295.0
2026-06-17T21:10:00+00:00,54.6304,54.6304,54.6304,54.6304,1245.0
2026-06-17T21:15:00+00:00,54.69,54.69,54.69,54.69,301.0
2026-06-17T21:20:00+00:00,54.65,54.65,54.65,54.65,274.0
2026-06-17T21:25:00+00:00,54.63,54.63,54.62,54.62,723.0
2026-06-17T21:30:00+00:00,54.6,54.6,54.6,54.6,163.0
2026-06-17T21:35:00+00:00,54.5,54.5,54.5,54.5,167.182864
2026-06-17T21:40:00+00:00,54.6,54.6,54.6,54.6,100.0
2026-06-17T21:50:00+00:00,54.65,54.66,54.6406,54.6406,1014.0
2026-06-17T21:55:00+00:00,54.6492,54.6492,54.6492,54.6492,1926.0
2026-06-17T22:00:00+00:00,54.66,54.66,54.66,54.66,247.0
2026-06-17T22:05:00+00:00,54.65,54.65,54.65,54.65,391.0
2026-06-17T22:10:00+00:00,54.66,54.66,54.66,54.66,127.0
2026-06-17T22:15:00+00:00,54.66,54.66,54.66,54.66,100.0
2026-06-17T22:20:00+00:00,54.6894,54.6894,54.6894,54.6894,914.0
2026-06-17T22:25:00+00:00,54.69,54.69,54.6898,54.6898,402.0
2026-06-17T22:35:00+00:00,54.67,54.67,54.67,54.67,700.0
2026-06-17T22:50:00+00:00,54.6874,54.6874,54.6704,54.6704,2151.0
2026-06-17T22:55:00+00:00,54.67,54.67,54.67,54.67,1111.0
2026-06-17T23:00:00+00:00,54.6895,54.6895,54.6895,54.6895,100.0
2026-06-17T23:15:00+00:00,54.65,54.65,54.65,54.65,600.0
2026-06-17T23:25:00+00:00,54.67,54.68,54.6699,54.6699,663.0
2026-06-17T23:30:00+00:00,54.66,54.66,54.66,54.66,201.0
2026-06-17T23:35:00+00:00,54.651,54.67,54.651,54.6692,1018.0
2026-06-17T23:40:00+00:00,54.6515,54.6515,54.6515,54.6515,250.0
2026-06-17T23:45:00+00:00,54.67,54.67,54.67,54.67,115.0
2026-06-17T23:55:00+00:00,54.6674,54.67,54.6674,54.67,1000.0
2026-06-18T08:05:00+00:00,54.4,54.65,54.36,54.37,25354.857797
2026-06-18T08:10:00+00:00,54.44,54.56,54.37,54.41,30607.47
2026-06-18T08:15:00+00:00,54.42,54.42,54.42,54.42,5635.0
2026-06-18T08:20:00+00:00,54.43,54.44,54.42,54.42,1724.0183379999999
2026-06-18T08:25:00+00:00,54.45,54.45,54.44,54.44,1064.0
2026-06-18T08:35:00+00:00,54.48,54.49,54.48,54.49,1775.0
2026-06-18T08:40:00+00:00,54.52,54.53,54.47,54.47,3836.0
2026-06-18T08:45:00+00:00,54.38,54.38,54.38,54.38,1671.0
2026-06-18T08:50:00+00:00,54.38,54.38,54.38,54.38,6633.0
2026-06-18T09:00:00+00:00,54.39,54.44,54.38,54.44,1939.0
2026-06-18T09:05:00+00:00,54.45,54.49,54.44,54.49,2349.0
2026-06-18T09:10:00+00:00,54.42,54.42,54.42,54.42,201.0
2026-06-18T09:20:00+00:00,54.41,54.41,54.41,54.41,560.0
2026-06-18T09:25:00+00:00,54.3889,54.3889,54.3889,54.3889,107.0
2026-06-18T09:30:00+00:00,54.4,54.41,54.4,54.41,1180.0
2026-06-18T09:35:00+00:00,54.44,54.48,54.43,54.43,4382.0
2026-06-18T09:40:00+00:00,54.42,54.42,54.42,54.42,125.0
2026-06-18T09:45:00+00:00,54.41,54.41,54.4,54.4,573.0
2026-06-18T09:50:00+00:00,54.39,54.39,54.37,54.37,1798.0
2026-06-18T09:55:00+00:00,54.35,54.35,54.35,54.35,1175.0
2026-06-18T10:00:00+00:00,54.38,54.38,54.34,54.34,1659.0
2026-06-18T10:15:00+00:00,54.33,54.33,54.3,54.32,1926.0
2026-06-18T10:20:00+00:00,54.32,54.37,54.32,54.34,1400.0
2026-06-18T10:30:00+00:00,54.36,54.39,54.36,54.36,4370.457667
2026-06-18T10:35:00+00:00,54.39,54.49,54.39,54.4621,10447.277852
2026-06-18T10:40:00+00:00,54.48,54.53,54.48,54.53,7217.144085
2026-06-18T10:45:00+00:00,54.52,54.53,54.52,54.53,1068.0
2026-06-18T10:50:00+00:00,54.53,54.56,54.52,54.52,5083.030000000001
2026-06-18T10:55:00+00:00,54.5,54.56,54.5,54.56,4171.0
2026-06-18T11:00:00+00:00,54.48,54.48,54.46,54.47,1462.0
2026-06-18T11:05:00+00:00,54.5544,54.576,54.45,54.45,8618.988000000001
2026-06-18T11:10:00+00:00,54.46,54.5,54.4508,54.4508,875.0
2026-06-18T11:15:00+00:00,54.4948,54.4948,54.43,54.43,1554.502758
2026-06-18T11:20:00+00:00,54.42,54.43,54.42,54.4214,3056.097172
2026-06-18T11:25:00+00:00,54.43,54.4526,54.43,54.43,4202.075495
2026-06-18T11:30:00+00:00,54.45,54.5,54.45,54.5,3746.0
2026-06-18T11:35:00+00:00,54.5,54.52,54.5,54.52,3108.0
2026-06-18T11:40:00+00:00,54.53,54.53,54.53,54.53,537.025
2026-06-18T11:45:00+00:00,54.5148,54.5148,54.5,54.5,3115.8379999999997
2026-06-18T11:50:00+00:00,54.48,54.49,54.45,54.45,2283.0638879999997
2026-06-18T11:55:00+00:00,54.4565,54.47,54.4,54.47,11434.0
2026-06-18T12:00:00+00:00,54.45,54.45,54.45,54.45,735.0
2026-06-18T12:05:00+00:00,54.47,54.48,54.43,54.43,2121.0
2026-06-18T12:10:00+00:00,54.43,54.4369,54.41,54.41,1145.71628
2026-06-18T12:15:00+00:00,54.4196,54.4196,54.37,54.37,3793.0
2026-06-18T12:20:00+00:00,54.38,54.4,54.37,54.4,3711.493059
2026-06-18T12:25:00+00:00,54.404,54.43,54.404,54.43,1934.0
2026-06-18T12:30:00+00:00,54.43,54.437,54.43,54.437,598.0
2026-06-18T12:35:00+00:00,54.405,54.405,54.4,54.4,337.0
2026-06-18T12:40:00+00:00,54.44,54.44,54.4101,54.4148,1423.0
2026-06-18T12:45:00+00:00,54.43,54.46,54.43,54.45,6122.0
2026-06-18T12:50:00+00:00,54.42,54.42,54.42,54.42,179.0
2026-06-18T12:55:00+00:00,54.44,54.45,54.44,54.44,623.0
2026-06-18T13:00:00+00:00,54.4,54.4,54.4,54.4,1866.0
2026-06-18T13:05:00+00:00,54.4013,54.4013,54.36,54.38,5949.397842
2026-06-18T13:10:00+00:00,54.37,54.38,54.25,54.25,14192.625829
2026-06-18T13:15:00+00:00,54.2345,54.31,54.2213,54.31,6269.0
2026-06-18T13:20:00+00:00,54.3,54.3783,54.3,54.32,9964.421061000001
2026-06-18T13:25:00+00:00,54.38,54.42,54.33,54.42,15264.599999
2026-06-18T13:30:00+00:00,54.42,54.43,54.07,54.07,36845.684132
2026-06-18T13:35:00+00:00,54.14,54.25,53.73,53.94,1882248.9357859998
2026-06-18T13:40:00+00:00,53.96,53.995,53.5,53.545,788442.3185249999
2026-06-18T13:45:00+00:00,53.54,53.6,53.37,53.455,804954.729027
2026-06-18T13:50:00+00:00,53.47,53.47,53.28,53.37,752162.786245
2026-06-18T13:55:00+00:00,53.37,53.48,53.245,53.48,753639.644859
2026-06-18T14:00:00+00:00,53.47,53.555,53.465,53.53,1171527.954916
2026-06-18T14:05:00+00:00,53.525,53.73,53.52,53.69,1022667.841081
2026-06-18T14:10:00+00:00,53.685,53.685,53.4701,53.53,616395.247752
2026-06-18T14:15:00+00:00,53.525,53.56,53.28,53.365,671454.710002
2026-06-18T14:20:00+00:00,53.36,53.495,53.29,53.475,440200.754671
2026-06-18T14:25:00+00:00,53.475,53.535,53.435,53.53,936768.7582970001
2026-06-18T14:30:00+00:00,53.52,53.56,53.32,53.39,1359519.77869
2026-06-18T14:35:00+00:00,53.39,53.51,53.385,53.42,995660.555034
2026-06-18T14:40:00+00:00,53.42,53.6,53.42,53.565,454099.44558000006
2026-06-18T14:45:00+00:00,53.57,53.685,53.565,53.6702,278113.199556
2026-06-18T14:50:00+00:00,53.675,53.6799,53.555,53.61,322443.93718300003
2026-06-18T14:55:00+00:00,53.61,53.63,53.57,53.63,651556.057499
2026-06-18T15:00:00+00:00,53.63,53.655,53.62,53.63,184317.800645
2026-06-18T15:05:00+00:00,53.64,53.66,53.55,53.58,471784.207398
2026-06-18T15:10:00+00:00,53.57,53.575,53.47,53.515,430818.54165100004
2026-06-18T15:15:00+00:00,53.51,53.57,53.465,53.545,462852.14451899996
2026-06-18T15:20:00+00:00,53.54,53.58,53.47,53.485,402348.72760600003
2026-06-18T15:25:00+00:00,53.48,53.58,53.48,53.575,1172460.251861
2026-06-18T15:30:00+00:00,53.57,53.57,53.4901,53.545,302980.505068
2026-06-18T15:35:00+00:00,53.54,53.58,53.49,53.49,281754.45865
2026-06-18T15:40:00+00:00,53.485,53.52,53.442,53.51,233721.05605800002
2026-06-18T15:45:00+00:00,53.515,53.55,53.485,53.54,484555.278541
2026-06-18T15:50:00+00:00,53.54,53.615,53.535,53.585,229511.28755200002
2026-06-18T15:55:00+00:00,53.595,53.65,53.57,53.63,187306.650995
2026-06-18T16:00:00+00:00,53.625,53.6346,53.55,53.595,212786.243363
2026-06-18T16:05:00+00:00,53.59,53.62,53.57,53.6,181411.93598
2026-06-18T16:10:00+00:00,53.605,53.67,53.58,53.66,1056194.574214
2026-06-18T16:15:00+00:00,53.665,53.69,53.63,53.655,377389.97294
2026-06-18T16:20:00+00:00,53.6502,53.6801,53.65,53.675,286310.747514
2026-06-18T16:25:00+00:00,53.675,53.69,53.61,53.635,406481.35912599997
2026-06-18T16:30:00+00:00,53.635,53.635,53.5949,53.625,236198.572745
2026-06-18T16:35:00+00:00,53.625,53.63,53.56,53.565,205634.826353
2026-06-18T16:40:00+00:00,53.565,53.58,53.5003,53.525,331170.263649
2026-06-18T16:45:00+00:00,53.525,53.555,53.485,53.525,287783.50864200003
2026-06-18T16:50:00+00:00,53.53,53.59,53.53,53.58,176917.57932199998
2026-06-18T16:55:00+00:00,53.575,53.605,53.56,53.57,149068.885656
2026-06-18T17:00:00+00:00,53.575,53.58,53.54,53.54,264737.566307
2026-06-18T17:05:00+00:00,53.54,53.6,53.54,53.575,200908.59148499998
2026-06-18T17:10:00+00:00,53.575,53.62,53.5703,53.5703,174493.790775
2026-06-18T17:15:00+00:00,53.575,53.65,53.565,53.635,163939.216728
2026-06-18T17:20:00+00:00,53.635,53.65,53.6202,53.6202,172087.52044
2026-06-18T17:25:00+00:00,53.625,53.64,53.58,53.586,148377.243981
2026-06-18T17:30:00+00:00,53.585,53.625,53.555,53.58,169610.95447499998
2026-06-18T17:35:00+00:00,53.585,53.62,53.5601,53.565,226324.646861
2026-06-18T17:40:00+00:00,53.57,53.6,53.515,53.6,241096.941138
2026-06-18T17:45:00+00:00,53.605,53.61,53.56,53.58,287402.75777799997
2026-06-18T17:50:00+00:00,53.585,53.595,53.55,53.575,186143.018733
2026-06-18T17:55:00+00:00,53.57,53.615,53.55,53.615,189480.974234
2026-06-18T18:00:00+00:00,53.61,53.615,53.565,53.58,236131.783554
2026-06-18T18:05:00+00:00,53.575,53.63,53.54,53.625,288200.416016
2026-06-18T18:10:00+00:00,53.625,53.7,53.605,53.6999,184688.381828
2026-06-18T18:15:00+00:00,53.69,53.73,53.665,53.73,164563.16383900002
2026-06-18T18:20:00+00:00,53.735,53.79,53.73,53.745,131385.68480000002
2026-06-18T18:25:00+00:00,53.745,53.805,53.74,53.775,150698.89930699999
2026-06-18T18:30:00+00:00,53.775,53.85,53.76,53.85,246014.72246899997
2026-06-18T18:35:00+00:00,53.845,53.91,53.83,53.845,360078.587352
2026-06-18T18:40:00+00:00,53.85,53.85,53.775,53.7799,200351.88483399997
2026-06-18T18:45:00+00:00,53.775,53.78,53.685,53.695,246412.502177
2026-06-18T18:50:00+00:00,53.695,53.725,53.635,53.715,240068.678303
2026-06-18T18:55:00+00:00,53.71,53.78,53.7,53.775,151097.934365
2026-06-18T19:00:00+00:00,53.775,53.795,53.76,53.765,180729.121646
2026-06-18T19:05:00+00:00,53.76,53.775,53.715,53.725,466979.31109100004
2026-06-18T19:10:00+00:00,53.72,53.755,53.7,53.7301,251938.550755
2026-06-18T19:15:00+00:00,53.735,53.76,53.71,53.715,233698.334593
2026-06-18T19:20:00+00:00,53.715,53.74,53.68,53.72,349643.61115699995
2026-06-18T19:25:00+00:00,53.72,53.805,53.7199,53.755,279383.735566
2026-06-18T19:30:00+00:00,53.75,53.77,53.7,53.745,224452.374658
2026-06-18T19:35:00+00:00,53.74,53.77,53.715,53.765,346123.463666
2026-06-18T19:40:00+00:00,53.765,53.77,53.69,53.705,612760.455638
2026-06-18T19:45:00+00:00,53.7,53.74,53.66,53.665,407798.715462
2026-06-18T19:50:00+00:00,53.66,53.66,53.505,53.535,1144654.8912359998
2026-06-18T19:55:00+00:00,53.535,53.66,53.485,53.57,2006298.3534899997
2026-06-18T20:00:00+00:00,53.57,53.81,53.57,53.75,3323086.2631940003
2026-06-18T20:05:00+00:00,53.77,53.82,53.73,53.8,7280.303169999999
2026-06-18T20:10:00+00:00,53.81,53.9026,53.81,53.82,2106.0
2026-06-18T20:20:00+00:00,53.84,53.84,53.84,53.84,3019.0
2026-06-18T20:30:00+00:00,53.8502,53.86,53.81,53.826,686.0
2026-06-18T20:35:00+00:00,53.84,53.85,53.84,53.85,1157.0
2026-06-18T20:45:00+00:00,53.85,53.85,53.82,53.82,401.0
2026-06-18T20:50:00+00:00,53.8201,53.8201,53.8201,53.8201,344.0
2026-06-18T20:55:00+00:00,53.8265,53.8265,53.8265,53.8265,361.0
2026-06-18T21:00:00+00:00,53.85,53.85,53.85,53.85,108.0
2026-06-18T21:05:00+00:00,53.8568,53.8568,53.8568,53.8568,251.0
2026-06-18T21:10:00+00:00,53.8583,53.8583,53.83,53.83,1763.0
2026-06-18T21:25:00+00:00,53.85,53.85,53.85,53.85,154.0
2026-06-18T21:30:00+00:00,53.83,53.85,53.83,53.85,2487.0
2026-06-18T21:40:00+00:00,53.8648,53.8648,53.8648,53.8648,120.0
2026-06-18T21:50:00+00:00,53.84,53.84,53.84,53.84,210270.0
2026-06-18T21:55:00+00:00,53.84,53.8401,53.84,53.84,1494.0
2026-06-18T22:00:00+00:00,53.8661,53.8661,53.8661,53.8661,242.0
2026-06-18T22:10:00+00:00,53.87,53.87,53.87,53.87,2022.0
2026-06-18T22:15:00+00:00,53.85,53.88,53.85,53.88,5000.0
2026-06-18T22:20:00+00:00,53.84,53.84,53.84,53.84,4007.0
2026-06-18T22:35:00+00:00,53.85,53.85,53.85,53.85,1094.0
2026-06-18T22:55:00+00:00,53.84,53.86,53.84,53.86,611.0
2026-06-18T23:00:00+00:00,53.87,53.87,53.84,53.84,29225.0
2026-06-18T23:05:00+00:00,53.8835,53.8835,53.8416,53.8416,400.0
2026-06-18T23:10:00+00:00,53.85,53.85,53.84,53.84,799.0
2026-06-18T23:20:00+00:00,53.84,53.84,53.84,53.84,817.0
2026-06-18T23:35:00+00:00,53.86,53.86,53.86,53.86,105.0
2026-06-18T23:40:00+00:00,53.8402,53.8402,53.8402,53.8402,5003.0
2026-06-18T23:50:00+00:00,53.87,53.87,53.87,53.87,932.0
2026-06-18T23:55:00+00:00,53.87,53.87,53.85,53.85,439.0
2026-06-19T00:00:00+00:00,53.85,53.88,53.85,53.85,408.0
2026-06-22T08:05:00+00:00,53.76,53.76,53.31,53.42,7167.225372
2026-06-22T08:10:00+00:00,53.51,53.59,53.31,53.59,21468.0
2026-06-22T08:20:00+00:00,53.57,53.57,53.57,53.57,102.0
2026-06-22T08:25:00+00:00,53.57,53.66,53.55,53.66,77708.169499
2026-06-22T08:30:00+00:00,53.66,53.69,53.63,53.63,11711.930489
2026-06-22T08:35:00+00:00,53.63,53.63,53.63,53.63,457.0
2026-06-22T08:45:00+00:00,53.598,53.598,53.598,53.598,200.0
2026-06-22T08:50:00+00:00,53.69,53.69,53.65,53.65,403.0
2026-06-22T09:00:00+00:00,53.65,53.65,53.61,53.61,476.865045
2026-06-22T09:05:00+00:00,53.61,53.61,53.59,53.59,2059.0
2026-06-22T09:10:00+00:00,53.6,53.6,53.6,53.6,110.0
2026-06-22T09:15:00+00:00,53.66,53.66,53.6054,53.63,719.0
2026-06-22T09:20:00+00:00,53.63,53.65,53.63,53.65,6120.0
2026-06-22T09:25:00+00:00,53.65,53.65,53.65,53.65,1211.0
2026-06-22T09:35:00+00:00,53.64,53.64,53.63,53.63,446.0
2026-06-22T09:40:00+00:00,53.62,53.62,53.62,53.62,390.0
2026-06-22T09:55:00+00:00,53.62,53.62,53.61,53.61,1040.0
2026-06-22T10:00:00+00:00,53.65,53.65,53.65,53.65,358.0
2026-06-22T10:05:00+00:00,53.67,53.79,53.67,53.7,6861.0749
2026-06-22T10:10:00+00:00,53.71,53.74,53.71,53.73,5918.0
2026-06-22T10:15:00+00:00,53.73,53.73,53.72,53.72,306.0
2026-06-22T10:20:00+00:00,53.73,53.77,53.73,53.77,1274.0
2026-06-22T10:35:00+00:00,53.77,53.77,53.77,53.77,1421.0
2026-06-22T10:40:00+00:00,53.76,53.76,53.71,53.73,1902.0
2026-06-22T10:45:00+00:00,53.76,53.78,53.76,53.78,571.0
2026-06-22T10:50:00+00:00,53.76,53.78,53.76,53.78,1422.0
2026-06-22T10:55:00+00:00,53.78,53.78,53.72,53.73,3673.0
2026-06-22T11:00:00+00:00,53.73,53.79,53.73,53.73,1719.0
2026-06-22T11:05:00+00:00,53.77,53.7799,53.65,53.65,9678.045
2026-06-22T11:10:00+00:00,53.65,53.69,53.53,53.59,17793.064937
2026-06-22T11:15:00+00:00,53.6,53.6,53.55,53.59,1387.0
2026-06-22T11:20:00+00:00,53.6,53.6217,53.6,53.6217,5184.714395999999
2026-06-22T11:25:00+00:00,53.6217,53.6217,53.62,53.62,412.0
2026-06-22T11:30:00+00:00,53.61,53.63,53.61,53.63,3894.0
2026-06-22T11:35:00+00:00,53.64,53.64,53.61,53.64,1420.0
2026-06-22T11:40:00+00:00,53.72,53.72,53.71,53.72,1502.359
2026-06-22T11:45:00+00:00,53.7257,53.7257,53.67,53.67,1088.16
2026-06-22T12:05:00+00:00,53.7,53.7794,53.7,53.7794,4039.0
2026-06-22T12:10:00+00:00,53.748,53.83,53.748,53.78,2190.49777
2026-06-22T12:15:00+00:00,53.79,53.79,53.76,53.76,509.0
2026-06-22T12:20:00+00:00,53.73,53.73,53.67,53.69,8448.018618
2026-06-22T12:30:00+00:00,53.68,53.7544,53.66,53.7544,1943.563737
2026-06-22T12:35:00+00:00,53.65,53.65,53.5507,53.6,6795.0
2026-06-22T12:40:00+00:00,53.5904,53.62,53.57,53.5871,2681.0
2026-06-22T12:45:00+00:00,53.596,53.62,53.5801,53.61,3944.0
2026-06-22T12:50:00+00:00,53.5991,53.67,53.5991,53.67,1730.0
2026-06-22T12:55:00+00:00,53.6,53.6,53.58,53.58,6536.0
2026-06-22T13:00:00+00:00,53.58,53.5948,53.57,53.58,21016.0
2026-06-22T13:05:00+00:00,53.59,53.61,53.59,53.61,1121.0
2026-06-22T13:10:00+00:00,53.586,53.65,53.58,53.5891,14848.0
2026-06-22T13:15:00+00:00,53.5816,53.59,53.56,53.56,10688.930037
2026-06-22T13:20:00+00:00,53.55,53.55,53.5,53.51,7648.0
2026-06-22T13:25:00+00:00,53.53,53.53,53.48,53.49,4648.37738
2026-06-22T13:30:00+00:00,53.52,53.57,53.45,53.57,4016.0
2026-06-22T13:35:00+00:00,53.53,53.88,53.48,53.74,1929809.139888
2026-06-22T13:40:00+00:00,53.74,53.76,53.55,53.67,1070829.562576
2026-06-22T13:45:00+00:00,53.68,53.73,53.435,53.45,801216.9085899999
2026-06-22T13:50:00+00:00,53.455,53.47,53.17,53.17,695567.7472359999
2026-06-22T13:55:00+00:00,53.165,53.51,53.165,53.475,635686.024938
2026-06-22T14:00:00+00:00,53.48,53.54,53.38,53.425,267707.320942
2026-06-22T14:05:00+00:00,53.42,53.445,53.33,53.415,546679.249299
2026-06-22T14:10:00+00:00,53.415,53.44,53.26,53.27,620462.670003
2026-06-22T14:15:00+00:00,53.275,53.37,53.24,53.36,286952.138246
2026-06-22T14:20:00+00:00,53.365,53.41,53.26,53.34,211305.59053699998
2026-06-22T14:25:00+00:00,53.33,53.47,53.31,53.465,249070.748347
2026-06-22T14:30:00+00:00,53.465,53.48,53.315,53.34,210774.834894
2026-06-22T14:35:00+00:00,53.34,53.475,53.34,53.41,166745.202768
2026-06-22T14:40:00+00:00,53.4,53.405,53.32,53.4,137296.781303
2026-06-22T14:45:00+00:00,53.3901,53.52,53.365,53.51,244439.596919
2026-06-22T14:50:00+00:00,53.51,53.595,53.455,53.58,219711.706389
2026-06-22T14:55:00+00:00,53.58,53.58,53.47,53.555,190790.384028
2026-06-22T15:00:00+00:00,53.555,53.595,53.515,53.535,207731.093725
2026-06-22T15:05:00+00:00,53.535,53.555,53.47,53.475,203280.09358299998
2026-06-22T15:10:00+00:00,53.48,53.52,53.46,53.5,214592.53482
2026-06-22T15:15:00+00:00,53.49,53.49,53.43,53.47,312806.74221
2026-06-22T15:20:00+00:00,53.47,53.525,53.44,53.445,347727.672073
2026-06-22T15:25:00+00:00,53.45,53.515,53.43,53.495,139437.69675499998
2026-06-22T15:30:00+00:00,53.5,53.55,53.485,53.55,386369.52423700003
2026-06-22T15:35:00+00:00,53.545,53.565,53.485,53.515,197603.210471
2026-06-22T15:40:00+00:00,53.515,53.56,53.51,53.525,189463.39721999998
2026-06-22T15:45:00+00:00,53.525,53.55,53.5,53.53,131293.13387
2026-06-22T15:50:00+00:00,53.53,53.72,53.53,53.7,452870.58608000004
2026-06-22T15:55:00+00:00,53.705,53.705,53.655,53.665,289112.340518
2026-06-22T16:00:00+00:00,53.6602,53.665,53.575,53.605,181355.081134
2026-06-22T16:05:00+00:00,53.605,53.6999,53.595,53.68,311128.31105099997
2026-06-22T16:10:00+00:00,53.68,53.735,53.67,53.7299,147201.261363
2026-06-22T16:15:00+00:00,53.73,53.79,53.73,53.79,240080.99607499997
2026-06-22T16:20:00+00:00,53.8,53.89,53.8,53.87,100422.387711
2026-06-22T16:25:00+00:00,53.865,53.875,53.81,53.83,168033.09991299998
2026-06-22T16:30:00+00:00,53.82,53.85,53.815,53.825,150973.59953200002
2026-06-22T16:35:00+00:00,53.825,53.95,53.825,53.915,174363.800278
2026-06-22T16:40:00+00:00,53.915,53.99,53.91,53.99,209065.24023300002
2026-06-22T16:45:00+00:00,53.9899,54.035,53.975,54.005,201358.558444
2026-06-22T16:50:00+00:00,54.005,54.0499,53.994,54.015,153647.00357499998
2026-06-22T16:55:00+00:00,54.015,54.03,53.99,54.005,214799.551286
2026-06-22T17:00:00+00:00,54.005,54.03,53.955,53.965,349348.41979099996
2026-06-22T17:05:00+00:00,53.96,54.02,53.96,54.02,186710.370158
2026-06-22T17:10:00+00:00,54.02,54.03,53.98,54.0093,114331.821987
2026-06-22T17:15:00+00:00,54.0,54.015,53.96,53.96,137270.49180900003
2026-06-22T17:20:00+00:00,53.9502,53.955,53.88,53.8841,216763.43218499998
2026-06-22T17:25:00+00:00,53.89,53.9,53.845,53.845,98413.381582
2026-06-22T17:30:00+00:00,53.85,53.865,53.795,53.8,115658.453213
2026-06-22T17:35:00+00:00,53.8,53.87,53.79,53.845,144088.715836
2026-06-22T17:40:00+00:00,53.845,53.88,53.84,53.865,158168.598294
2026-06-22T17:45:00+00:00,53.87,53.87,53.83,53.845,157000.27197
2026-06-22T17:50:00+00:00,53.85,53.855,53.815,53.815,118342.437032
2026-06-22T17:55:00+00:00,53.81,53.835,53.79,53.81,100490.883139
2026-06-22T18:00:00+00:00,53.81,53.83,53.79,53.805,72742.72451500001
2026-06-22T18:05:00+00:00,53.81,53.84,53.785,53.79,123863.79924300002
2026-06-22T18:10:00+00:00,53.79,53.83,53.785,53.815,105564.2597
2026-06-22T18:15:00+00:00,53.815,53.845,53.79,53.835,101401.23727599999
2026-06-22T18:20:00+00:00,53.83,53.885,53.815,53.885,104003.22640800002
2026-06-22T18:25:00+00:00,53.89,53.94,53.885,53.8901,106394.13546599999
2026-06-22T18:30:00+00:00,53.9,53.935,53.87,53.925,107887.658726
2026-06-22T18:35:00+00:00,53.92,53.94,53.9043,53.9043,112551.445944
2026-06-22T18:40:00+00:00,53.905,53.925,53.8901,53.91,80640.565118
2026-06-22T18:45:00+00:00,53.905,53.93,53.89,53.93,71070.526992
2026-06-22T18:50:00+00:00,53.925,53.9399,53.9,53.905,71158.97721200001
2026-06-22T18:55:00+00:00,53.91,53.93,53.88,53.915,321611.54535500007
2026-06-22T19:00:00+00:00,53.918,53.93,53.9,53.91,159648.763224
2026-06-22T19:05:00+00:00,53.92,53.95,53.895,53.92,166673.32369000002
2026-06-22T19:10:00+00:00,53.92,53.97,53.915,53.96,222923.76286600003
2026-06-22T19:15:00+00:00,53.96,53.98,53.935,53.975,1750979.0574659999
2026-06-22T19:20:00+00:00,53.98,54.015,53.98,54.005,245037.397829
2026-06-22T19:25:00+00:00,54.005,54.02,53.99,53.995,418301.433404
2026-06-22T19:30:00+00:00,54.0,54.06,53.99,54.005,236340.317932
2026-06-22T19:35:00+00:00,54.005,54.02,53.96,53.98,311258.640831
2026-06-22T19:40:00+00:00,53.98,54.0,53.9,53.92,675622.1531150001
2026-06-22T19:45:00+00:00,53.915,53.97,53.915,53.955,411466.04724
2026-06-22T19:50:00+00:00,53.95,54.065,53.93,54.065,503724.302269
2026-06-22T19:55:00+00:00,54.07,54.13,54.0003,54.055,884094.7073349999
2026-06-22T20:00:00+00:00,54.06,54.1,54.01,54.07,1681708.679276
2026-06-22T20:05:00+00:00,54.06,54.15,53.774,54.04,33187.64015
2026-06-22T20:10:00+00:00,54.1272,54.1272,53.96,53.97,55160.0
2026-06-22T20:15:00+00:00,54.1131,54.1131,54.1131,54.1131,7921.889008
2026-06-22T20:20:00+00:00,54.0013,54.0013,54.0,54.0,1375.0
2026-06-22T20:30:00+00:00,54.05,54.05,54.05,54.05,322.0
2026-06-22T20:40:00+00:00,54.06,54.06,54.06,54.06,369.0
2026-06-22T20:45:00+00:00,54.06,54.06,54.0019,54.0019,993.0
2026-06-22T20:50:00+00:00,54.06,54.06,54.06,54.06,100.0
2026-06-22T20:55:00+00:00,54.05,54.12,54.05,54.1044,32079.0
2026-06-22T21:10:00+00:00,54.05,54.05,54.05,54.05,320.0
2026-06-22T21:15:00+00:00,54.05,54.05,54.05,54.05,120.0
2026-06-22T21:20:00+00:00,54.05,54.05,54.014,54.014,433.0
2026-06-22T21:25:00+00:00,54.01,54.01,54.01,54.01,340.0
2026-06-22T21:30:00+00:00,54.0001,54.0825,54.0,54.01,1165.0
2026-06-22T21:40:00+00:00,54.0942,54.0942,54.0942,54.0942,195.0
2026-06-22T21:50:00+00:00,54.06,54.06,54.06,54.06,691.0
2026-06-22T22:05:00+00:00,54.09,54.09,54.04,54.05,5201.0
2026-06-22T22:10:00+00:00,54.02,54.02,54.0,54.02,5463.0
2026-06-22T22:20:00+00:00,54.09,54.0946,54.09,54.0946,213.0
2026-06-22T22:45:00+00:00,54.0949,54.0949,54.0949,54.0949,285.0
2026-06-22T23:10:00+00:00,54.07,54.09,54.07,54.09,545.0
2026-06-22T23:15:00+00:00,54.08,54.08,54.08,54.08,301.0
2026-06-22T23:25:00+00:00,54.07,54.09,54.07,54.09,435.0
2026-06-22T23:30:00+00:00,54.07,54.09,54.07,54.09,856.0
2026-06-22T23:35:00+00:00,54.0639,54.0639,54.0639,54.0639,196.0
2026-06-22T23:55:00+00:00,54.0601,54.0601,54.0601,54.0601,3034.0
2026-06-23T00:00:00+00:00,54.0639,54.0639,54.0602,54.0602,2622.0
2026-06-23T08:05:00+00:00,53.83,53.83,53.62,53.69,7281.104735999999
2026-06-23T08:10:00+00:00,53.82,53.88,53.71,53.72,14785.0
2026-06-23T08:15:00+00:00,53.62,53.77,53.61,53.75,10656.0
2026-06-23T08:20:00+00:00,53.75,53.81,53.75,53.81,1618.037409
2026-06-23T08:25:00+00:00,53.83,53.84,53.83,53.84,484.888428
2026-06-23T08:30:00+00:00,53.85,53.86,53.85,53.86,6409.0
2026-06-23T08:35:00+00:00,53.91,53.96,53.87,53.8773,13020.0
2026-06-23T08:40:00+00:00,53.91,53.91,53.9,53.91,300.0
2026-06-23T08:45:00+00:00,53.94,53.94,53.92,53.92,916.0
2026-06-23T08:55:00+00:00,53.91,53.91,53.9,53.9,473.0
2026-06-23T09:00:00+00:00,53.94,53.94,53.93,53.93,381.0
2026-06-23T09:05:00+00:00,53.91,53.91,53.88,53.88,584.0
2026-06-23T09:10:00+00:00,53.89,53.92,53.89,53.92,300.0
2026-06-23T09:15:00+00:00,53.9,53.9,53.89,53.89,420.0
2026-06-23T09:25:00+00:00,53.89,53.97,53.89,53.96,4332.238356
2026-06-23T09:30:00+00:00,53.93,53.95,53.93,53.95,2737.0
2026-06-23T09:35:00+00:00,53.95,53.96,53.93,53.95,4501.0
2026-06-23T09:40:00+00:00,53.95,53.95,53.95,53.95,506.0
2026-06-23T09:50:00+00:00,53.98,54.02,53.98,54.02,7732.15725
2026-06-23T10:00:00+00:00,54.03,54.03,54.03,54.03,170.0
2026-06-23T10:05:00+00:00,54.05,54.06,54.05,54.05,3171.0
2026-06-23T10:10:00+00:00,54.05,54.05,54.05,54.05,1789.0
2026-06-23T10:20:00+00:00,54.04,54.05,54.04,54.05,488.0
2026-06-23T10:25:00+00:00,54.07,54.08,54.07,54.07,4393.0
2026-06-23T10:30:00+00:00,54.13,54.13,54.13,54.13,121.0
2026-06-23T10:35:00+00:00,54.1,54.1,54.08,54.09,2635.0
2026-06-23T10:40:00+00:00,54.13,54.13,54.13,54.13,185.0
2026-06-23T10:45:00+00:00,54.13,54.13,54.13,54.13,531.0
2026-06-23T10:50:00+00:00,54.13,54.19,54.13,54.14,7006.0
2026-06-23T10:55:00+00:00,54.15,54.17,54.15,54.16,762.0
2026-06-23T11:05:00+00:00,54.17,54.21,54.15,54.15,20883.216
2026-06-23T11:10:00+00:00,54.189,54.189,54.14,54.14,595.0
2026-06-23T11:20:00+00:00,54.11,54.13,54.1,54.1,2026.0
2026-06-23T11:25:00+00:00,54.12,54.19,54.09,54.1824,20068.0
2026-06-23T11:30:00+00:00,54.21,54.24,54.1861,54.1861,2908.018801
2026-06-23T11:35:00+00:00,54.16,54.1974,54.16,54.1974,3397.0
2026-06-23T11:40:00+00:00,54.2,54.2,54.2,54.2,240.702
2026-06-23T11:45:00+00:00,54.1715,54.18,54.17,54.17,1829.4070000000002
2026-06-23T11:50:00+00:00,54.17,54.23,54.17,54.18,3621.6859999999997
2026-06-23T11:55:00+00:00,54.17,54.1852,54.15,54.1552,8833.693881000001
2026-06-23T12:00:00+00:00,54.17,54.17,54.17,54.17,501.0
2026-06-23T12:05:00+00:00,54.2,54.2091,54.16,54.16,806.0
2026-06-23T12:10:00+00:00,54.17,54.18,54.12,54.12,1257.321962
2026-06-23T12:15:00+00:00,54.13,54.17,54.11,54.17,6586.0
2026-06-23T12:20:00+00:00,54.1562,54.1562,54.1562,54.1562,504.0
2026-06-23T12:25:00+00:00,54.16,54.16,54.14,54.14,934.0
2026-06-23T12:30:00+00:00,54.12,54.15,54.1109,54.1109,3079.75
2026-06-23T12:35:00+00:00,54.1179,54.1179,54.101,54.1065,2408.465
2026-06-23T12:40:00+00:00,54.1411,54.1411,54.1,54.1,922.0
2026-06-23T12:45:00+00:00,54.14,54.14,54.12,54.12,21013.0
2026-06-23T12:50:00+00:00,54.15,54.15,54.15,54.15,125.0
2026-06-23T12:55:00+00:00,54.19,54.2,54.18,54.18,706.0
2026-06-23T13:00:00+00:00,54.21,54.22,54.21,54.22,692.0
2026-06-23T13:05:00+00:00,54.22,54.22,54.17,54.21,913.0
2026-06-23T13:10:00+00:00,54.22,54.22,54.2,54.2,1101.0
2026-06-23T13:15:00+00:00,54.16,54.16,54.16,54.16,442.0
2026-06-23T13:20:00+00:00,54.1461,54.15,54.1,54.1,15320.0
2026-06-23T13:25:00+00:00,54.1204,54.1297,54.07,54.07,10625.024214000001
2026-06-23T13:30:00+00:00,54.07,54.24,54.04,54.24,14989.085659999999
2026-06-23T13:35:00+00:00,54.14,54.16,53.87,54.005,2124281.686491
2026-06-23T13:40:00+00:00,54.0,54.185,53.93,54.125,705237.389796
2026-06-23T13:45:00+00:00,54.12,54.185,53.95,54.08,730745.7252239999
2026-06-23T13:50:00+00:00,54.085,54.145,54.025,54.135,574381.478453
2026-06-23T13:55:00+00:00,54.13,54.265,54.12,54.175,314989.89536900003
2026-06-23T14:00:00+00:00,54.18,54.19,54.01,54.125,896164.4015899999
2026-06-23T14:05:00+00:00,54.12,54.125,53.94,53.97,713997.068864
2026-06-23T14:10:00+00:00,53.97,54.09,53.95,54.025,262910.69353100006
2026-06-23T14:15:00+00:00,54.02,54.065,53.985,54.04,483804.36348199996
2026-06-23T14:20:00+00:00,54.05,54.13,53.97,54.11,243500.109691
2026-06-23T14:25:00+00:00,54.115,54.13,54.01,54.04,360164.14242299995
2026-06-23T14:30:00+00:00,54.045,54.05,53.99,54.04,347723.07726900006
2026-06-23T14:35:00+00:00,54.04,54.125,54.02,54.095,346133.544252
2026-06-23T14:40:00+00:00,54.1,54.17,54.03,54.11,299094.48401
2026-06-23T14:45:00+00:00,54.105,54.19,54.1,54.185,250270.94055499998
2026-06-23T14:50:00+00:00,54.185,54.215,54.15,54.175,305463.155004
2026-06-23T14:55:00+00:00,54.175,54.205,54.1,54.11,252022.424135
2026-06-23T15:00:00+00:00,54.11,54.21,54.1,54.19,768368.010783
2026-06-23T15:05:00+00:00,54.19,54.26,54.15,54.26,222673.236245
2026-06-23T15:10:00+00:00,54.26,54.275,54.23,54.27,187289.88831399998
2026-06-23T15:15:00+00:00,54.27,54.345,54.27,54.33,178350.262286
2026-06-23T15:20:00+00:00,54.34,54.3876,54.27,54.365,196405.75169299997
2026-06-23T15:25:00+00:00,54.3601,54.43,54.34,54.355,122123.981618
2026-06-23T15:30:00+00:00,54.355,54.3799,54.285,54.365,299843.812633
2026-06-23T15:35:00+00:00,54.36,54.375,54.26,54.265,309265.733902
2026-06-23T15:40:00+00:00,54.26,54.29,54.215,54.27,328930.703013
2026-06-23T15:45:00+00:00,54.26,54.355,54.24,54.305,272972.522976
2026-06-23T15:50:00+00:00,54.3,54.365,54.29,54.335,339461.333202
2026-06-23T15:55:00+00:00,54.34,54.35,54.285,54.295,381998.53953799995
2026-06-23T16:00:00+00:00,54.3,54.32,54.27,54.315,146367.629031
2026-06-23T16:05:00+00:00,54.31,54.37,54.3,54.325,315790.34209399996
2026-06-23T16:10:00+00:00,54.325,54.37,54.32,54.35,185077.50823600002
2026-06-23T16:15:00+00:00,54.35,54.375,54.28,54.295,95591.80956899999
2026-06-23T16:20:00+00:00,54.295,54.325,54.29,54.315,77078.37762900001
2026-06-23T16:25:00+00:00,54.32,54.335,54.275,54.285,93834.68094399999
2026-06-23T16:30:00+00:00,54.29,54.3612,54.29,54.3579,57178.502724
2026-06-23T16:35:00+00:00,54.3546,54.36,54.29,54.325,95800.129063
2026-06-23T16:40:00+00:00,54.3257,54.33,54.28,54.285,190275.76088199997
2026-06-23T16:45:00+00:00,54.28,54.3,54.24,54.255,128698.83331300001
2026-06-23T16:50:00+00:00,54.26,54.35,54.255,54.345,136290.36722100002
2026-06-23T16:55:00+00:00,54.345,54.39,54.315,54.38,126447.02554
2026-06-23T17:00:00+00:00,54.375,54.385,54.35,54.385,98309.180811
2026-06-23T17:05:00+00:00,54.39,54.4498,54.39,54.425,172862.605879
2026-06-23T17:10:00+00:00,54.43,54.48,54.42,54.4523,649136.74144
2026-06-23T17:15:00+00:00,54.46,54.51,54.445,54.5,245708.529761
2026-06-23T17:20:00+00:00,54.5002,54.56,54.485,54.55,355490.68586800003
2026-06-23T17:25:00+00:00,54.55,54.555,54.5,54.52,194558.49146599998
2026-06-23T17:30:00+00:00,54.52,54.53,54.495,54.525,165494.707997
2026-06-23T17:35:00+00:00,54.525,54.54,54.48,54.495,192035.30864200002
2026-06-23T17:40:00+00:00,54.5,54.515,54.49,54.5045,201618.405793
2026-06-23T17:45:00+00:00,54.51,54.51,54.49,54.51,81641.740982
2026-06-23T17:50:00+00:00,54.51,54.52,54.495,54.505,143496.620528
2026-06-23T17:55:00+00:00,54.51,54.51,54.47,54.4745,244033.38355700002
2026-06-23T18:00:00+00:00,54.475,54.48,54.42,54.47,206336.09955499996
2026-06-23T18:05:00+00:00,54.47,54.51,54.435,54.47,289509.182411
2026-06-23T18:10:00+00:00,54.47,54.51,54.46,54.485,145783.613432
2026-06-23T18:15:00+00:00,54.49,54.5,54.445,54.48,146636.868947
2026-06-23T18:20:00+00:00,54.475,54.475,54.42,54.445,271323.82352700003
2026-06-23T18:25:00+00:00,54.445,54.49,54.44,54.455,171001.129544
2026-06-23T18:30:00+00:00,54.45,54.47,54.435,54.46,171120.691638
2026-06-23T18:35:00+00:00,54.47,54.51,54.454,54.5,151016.348645
2026-06-23T18:40:00+00:00,54.5,54.52,54.47,54.49,4983326.9545249995
2026-06-23T18:45:00+00:00,54.485,54.495,54.435,54.465,638933.479532
2026-06-23T18:50:00+00:00,54.465,54.53,54.46,54.505,198578.739637
2026-06-23T18:55:00+00:00,54.505,54.525,54.435,54.45,264001.071167
2026-06-23T19:00:00+00:00,54.45,54.4697,54.42,54.44,229933.68508900004
2026-06-23T19:05:00+00:00,54.435,54.44,54.4,54.405,233541.450211
2026-06-23T19:10:00+00:00,54.4,54.405,54.34,54.365,242314.222705
2026-06-23T19:15:00+00:00,54.365,54.375,54.32,54.335,771790.1972370001
2026-06-23T19:20:00+00:00,54.33,54.39,54.31,54.385,944280.520226
2026-06-23T19:25:00+00:00,54.385,54.45,54.38,54.435,156339.802072
2026-06-23T19:30:00+00:00,54.435,54.48,54.385,54.465,224087.855546
2026-06-23T19:35:00+00:00,54.465,54.47,54.39,54.415,226055.54996
2026-06-23T19:40:00+00:00,54.42,54.48,54.39,54.425,455265.5154220001
2026-06-23T19:45:00+00:00,54.425,54.47,54.41,54.46,430814.101757
2026-06-23T19:50:00+00:00,54.46,54.51,54.425,54.49,499299.824687
2026-06-23T19:55:00+00:00,54.49,54.51,54.44,54.465,887496.2701989999
2026-06-23T20:00:00+00:00,54.465,54.56,54.43,54.44,2394921.947924
2026-06-23T20:05:00+00:00,54.43,54.55,54.43,54.46,397340.955802
2026-06-23T20:10:00+00:00,54.4,54.55,54.4,54.41,9362.0
2026-06-23T20:15:00+00:00,54.4,54.4,54.4,54.4,370.0
2026-06-23T20:20:00+00:00,54.43,54.48,54.43,54.44,6774.0
2026-06-23T20:30:00+00:00,54.4148,54.4148,54.4148,54.4148,150.0
2026-06-23T20:35:00+00:00,54.4089,54.4089,54.4089,54.4089,900.0
2026-06-23T20:40:00+00:00,54.4269,54.54,54.4269,54.54,1022.0
2026-06-23T20:50:00+00:00,54.5315,54.5315,54.4182,54.4182,1200.0
2026-06-23T21:20:00+00:00,54.46,54.46,54.46,54.46,102.0
2026-06-23T21:35:00+00:00,54.53,54.53,54.413,54.413,920.0
2026-06-23T21:40:00+00:00,54.47,54.47,54.47,54.47,240.0
2026-06-23T21:50:00+00:00,54.47,54.47,54.4,54.45,2939.0
2026-06-23T21:55:00+00:00,54.4698,54.4698,54.4698,54.4698,101.0
2026-06-23T22:00:00+00:00,54.46,54.46,54.46,54.46,182.0
2026-06-23T22:10:00+00:00,54.47,54.47,54.47,54.47,105.0
2026-06-23T22:15:00+00:00,54.4091,54.41,54.4037,54.4037,1586.0
2026-06-23T22:20:00+00:00,54.4037,54.4091,54.4014,54.4091,2763.0
2026-06-23T22:25:00+00:00,54.4009,54.4009,54.4009,54.4009,108.0
2026-06-23T22:45:00+00:00,54.47,54.47,54.44,54.44,425.0
2026-06-23T23:05:00+00:00,54.4958,54.5,54.4958,54.5,401.0
2026-06-23T23:40:00+00:00,54.4788,54.4788,54.44,54.44,1000.0
2026-06-23T23:45:00+00:00,54.48,54.48,54.45,54.45,648.0
2026-06-24T08:05:00+00:00,54.0586,54.19,54.0586,54.17,6317.9551169999995
2026-06-24T08:10:00+00:00,54.13,54.15,54.07,54.07,4180.0
2026-06-24T08:20:00+00:00,54.06,54.06,54.06,54.06,230.0
2026-06-24T08:25:00+00:00,54.06,54.06,54.06,54.06,100.0
2026-06-24T08:35:00+00:00,54.07,54.08,54.07,54.08,649.0
2026-06-24T08:50:00+00:00,54.11,54.11,54.11,54.11,100.0
2026-06-24T09:10:00+00:00,54.11,54.11,54.11,54.11,100.0
2026-06-24T09:20:00+00:00,54.09,54.09,54.08,54.09,1575.0
2026-06-24T09:30:00+00:00,54.06,54.06,54.06,54.06,380.0
2026-06-24T09:40:00+00:00,54.06,54.06,54.06,54.06,497.0
2026-06-24T09:50:00+00:00,54.05,54.05,54.04,54.04,2501.0
2026-06-24T10:05:00+00:00,54.07,54.09,54.07,54.09,612.0
2026-06-24T10:15:00+00:00,54.1,54.11,54.1,54.11,1004.0
2026-06-24T10:20:00+00:00,54.09,54.09,54.09,54.09,423.0
2026-06-24T10:45:00+00:00,54.1,54.1,54.09,54.09,426.0
2026-06-24T10:50:00+00:00,54.07,54.08,54.05,54.07,3311.064349
2026-06-24T10:55:00+00:00,54.08,54.08,54.04,54.06,5953.922294
2026-06-24T11:00:00+00:00,54.05,54.06,54.05,54.06,758.0
2026-06-24T11:05:00+00:00,54.09,54.09,54.04,54.05,27764.385000000002
2026-06-24T11:10:00+00:00,54.04,54.06,54.0323,54.05,42617.0
2026-06-24T11:15:00+00:00,54.06,54.06,54.05,54.05,351.0
2026-06-24T11:20:00+00:00,54.08,54.08,54.08,54.08,262.0
2026-06-24T11:25:00+00:00,54.08,54.08,54.08,54.08,665.0
2026-06-24T11:30:00+00:00,54.07,54.08,54.04,54.04,6114.304975
2026-06-24T11:35:00+00:00,54.05,54.06,54.02,54.06,5490.0
2026-06-24T11:40:00+00:00,54.06,54.06,54.06,54.06,348.4029
2026-06-24T11:45:00+00:00,54.01,54.03,54.0,54.03,3723.0
2026-06-24T11:50:00+00:00,54.02,54.02,53.9,53.9,15535.491273
2026-06-24T11:55:00+00:00,53.89,53.95,53.86,53.88,8288.0
2026-06-24T12:00:00+00:00,53.92,53.92,53.88,53.89,7511.0
2026-06-24T12:05:00+00:00,53.88,53.9172,53.87,53.9,8224.0
2026-06-24T12:10:00+00:00,53.93,53.93,53.88,53.88,3562.8758
2026-06-24T12:15:00+00:00,53.9,53.9,53.86,53.88,4373.0
2026-06-24T12:20:00+00:00,53.87,53.87,53.84,53.84,3430.0
2026-06-24T12:30:00+00:00,53.8854,53.8854,53.87,53.87,563.0
2026-06-24T12:35:00+00:00,53.8706,53.9,53.87,53.87,6031.0
2026-06-24T12:40:00+00:00,53.884,53.884,53.85,53.85,1168.0
2026-06-24T12:45:00+00:00,53.84,53.85,53.83,53.85,5721.0
2026-06-24T12:50:00+00:00,53.8335,53.88,53.8335,53.88,985.0
2026-06-24T12:55:00+00:00,53.89,53.89,53.85,53.87,1482.0
2026-06-24T13:00:00+00:00,53.87,53.87,53.84,53.85,1135.0
2026-06-24T13:05:00+00:00,53.84,53.84,53.78,53.8,9057.520356
2026-06-24T13:10:00+00:00,53.79,53.8,53.68,53.7,12897.520356
2026-06-24T13:15:00+00:00,53.71,53.75,53.69,53.72,9336.0
2026-06-24T13:20:00+00:00,53.7,53.73,53.62,53.6461,4622.0
2026-06-24T13:25:00+00:00,53.63,53.67,53.61,53.67,20470.0
2026-06-24T13:30:00+00:00,53.65,53.68,53.5,53.52,14220.0
2026-06-24T13:35:00+00:00,53.5,53.61,52.94,53.11,2543272.599116
2026-06-24T13:40:00+00:00,53.105,53.335,53.04,53.215,827228.439574
2026-06-24T13:45:00+00:00,53.22,53.48,53.19,53.48,1273121.6527139999
2026-06-24T13:50:00+00:00,53.48,53.6,53.43,53.6,796654.1455780001
2026-06-24T13:55:00+00:00,53.609,53.765,53.605,53.635,686921.969457
2026-06-24T14:00:00+00:00,53.64,53.76,53.41,53.465,647966.617697
2026-06-24T14:05:00+00:00,53.48,53.67,53.4381,53.55,447655.543168
2026-06-24T14:10:00+00:00,53.55,53.59,53.36,53.385,1458637.418684
2026-06-24T14:15:00+00:00,53.39,53.455,53.305,53.385,1614597.6883789997
2026-06-24T14:20:00+00:00,53.385,53.49,53.365,53.43,415917.25294800004
2026-06-24T14:25:00+00:00,53.4201,53.44,53.36,53.435,285286.89246400003
2026-06-24T14:30:00+00:00,53.435,53.495,53.425,53.46,360923.810464
2026-06-24T14:35:00+00:00,53.45,53.47,53.2701,53.365,697572.674331
2026-06-24T14:40:00+00:00,53.36,53.43,53.345,53.38,170983.929504
2026-06-24T14:45:00+00:00,53.39,53.4,53.3401,53.365,307466.652497
2026-06-24T14:50:00+00:00,53.365,53.365,53.25,53.285,298677.42367000005
2026-06-24T14:55:00+00:00,53.285,53.33,53.2199,53.29,278114.659844
2026-06-24T15:00:00+00:00,53.29,53.34,53.18,53.235,749211.5697019999
2026-06-24T15:05:00+00:00,53.235,53.33,53.195,53.275,274634.370001
2026-06-24T15:10:00+00:00,53.28,53.285,53.13,53.185,283944.381079
2026-06-24T15:15:00+00:00,53.19,53.25,53.17,53.205,235829.279817
2026-06-24T15:20:00+00:00,53.21,53.3,53.2,53.285,173100.06872600003
2026-06-24T15:25:00+00:00,53.29,53.355,53.22,53.275,1690559.9771830002
2026-06-24T15:30:00+00:00,53.27,53.2862,53.1801,53.205,623264.257503
2026-06-24T15:35:00+00:00,53.21,53.27,53.2,53.255,464569.215768
2026-06-24T15:40:00+00:00,53.26,53.37,53.225,53.37,823477.685604
2026-06-24T15:45:00+00:00,53.365,53.48,53.365,53.465,229419.235988
2026-06-24T15:50:00+00:00,53.465,53.48,53.33,53.35,572218.811962
2026-06-24T15:55:00+00:00,53.35,53.38,53.315,53.34,554910.316553
2026-06-24T16:00:00+00:00,53.33,53.335,53.18,53.18,343045.207876
2026-06-24T16:05:00+00:00,53.185,53.25,53.15,53.23,362353.244952
2026-06-24T16:10:00+00:00,53.22,53.275,53.215,53.255,158004.961905
2026-06-24T16:15:00+00:00,53.25,53.26,53.22,53.23,208823.57963199998
2026-06-24T16:20:00+00:00,53.23,53.295,53.225,53.255,572190.198333
2026-06-24T16:25:00+00:00,53.255,53.3,53.235,53.3,349430.710399
2026-06-24T16:30:00+00:00,53.3,53.33,53.275,53.32,357015.661664
2026-06-24T16:35:00+00:00,53.32,53.37,53.315,53.365,538230.223697
2026-06-24T16:40:00+00:00,53.365,53.42,53.345,53.385,511484.54393800005
2026-06-24T16:45:00+00:00,53.385,53.405,53.345,53.4,289401.78493900003
2026-06-24T16:50:00+00:00,53.395,53.43,53.38,53.425,158445.738649
2026-06-24T16:55:00+00:00,53.425,53.465,53.395,53.405,162558.743408
2026-06-24T17:00:00+00:00,53.405,53.43,53.38,53.42,114616.28277
2026-06-24T17:05:00+00:00,53.425,53.49,53.425,53.485,154243.315169
2026-06-24T17:10:00+00:00,53.485,53.53,53.4701,53.525,149208.77788900002
2026-06-24T17:15:00+00:00,53.525,53.535,53.45,53.45,163534.60485499998
2026-06-24T17:20:00+00:00,53.455,53.53,53.45,53.52,177586.64535900002
2026-06-24T17:25:00+00:00,53.52,53.53,53.4,53.4,166651.055406
2026-06-24T17:30:00+00:00,53.41,53.425,53.325,53.34,171270.886693
2026-06-24T17:35:00+00:00,53.33,53.34,53.23,53.245,231072.14495599997
2026-06-24T17:40:00+00:00,53.25,53.29,53.23,53.29,211781.935027
2026-06-24T17:45:00+00:00,53.285,53.345,53.28,53.33,122777.522229
2026-06-24T17:50:00+00:00,53.33,53.35,53.29,53.3,124151.25557200001
2026-06-24T17:55:00+00:00,53.305,53.34,53.29,53.315,198699.950622
2026-06-24T18:00:00+00:00,53.315,53.345,53.305,53.305,110368.90795600001
2026-06-24T18:05:00+00:00,53.31,53.395,53.31,53.38,167279.63780900004
2026-06-24T18:10:00+00:00,53.39,53.425,53.36,53.415,162390.63325800002
2026-06-24T18:15:00+00:00,53.415,53.45,53.395,53.425,242806.76601999998
2026-06-24T18:20:00+00:00,53.425,53.435,53.37,53.38,495348.027264
2026-06-24T18:25:00+00:00,53.38,53.4421,53.38,53.4125,150194.20217200002
2026-06-24T18:30:00+00:00,53.415,53.43,53.345,53.425,150365.189057
2026-06-24T18:35:00+00:00,53.42,53.44,53.39,53.41,188215.832819
2026-06-24T18:40:00+00:00,53.41,53.4201,53.37,53.37,455054.301042
2026-06-24T18:45:00+00:00,53.37,53.42,53.35,53.4,212212.913333
2026-06-24T18:50:00+00:00,53.41,53.42,53.37,53.385,146658.800685
2026-06-24T18:55:00+00:00,53.385,53.43,53.36,53.42,178372.48541599998
2026-06-24T19:00:00+00:00,53.415,53.425,53.38,53.4,138660.163247
2026-06-24T19:05:00+00:00,53.4,53.47,53.39,53.45,344825.626564
2026-06-24T19:10:00+00:00,53.455,53.47,53.4,53.41,245192.77389
2026-06-24T19:15:00+00:00,53.415,53.485,53.395,53.465,235853.021846
2026-06-24T19:20:00+00:00,53.46,53.47,53.43,53.465,222377.88108499997
2026-06-24T19:25:00+00:00,53.46,53.46,53.395,53.4101,1198896.454476
2026-06-24T19:30:00+00:00,53.415,53.43,53.375,53.39,221397.84094199998
2026-06-24T19:35:00+00:00,53.39,53.42,53.345,53.35,394007.861103
2026-06-24T19:40:00+00:00,53.36,53.385,53.31,53.35,418636.44925899996
2026-06-24T19:45:00+00:00,53.345,53.42,53.315,53.405,459028.360675
2026-06-24T19:50:00+00:00,53.41,53.545,53.4,53.545,687756.518133
2026-06-24T19:55:00+00:00,53.55,53.58,53.485,53.58,1348402.917463
2026-06-24T20:00:00+00:00,53.575,53.62,53.51,53.54,3731991.9110589996
2026-06-24T20:05:00+00:00,53.55,53.57,53.54,53.54,2657780.7736980002
2026-06-24T20:10:00+00:00,53.5086,53.54,53.5086,53.54,1318.0
2026-06-24T20:15:00+00:00,53.51,53.51,53.4133,53.43,14968.0
2026-06-24T20:20:00+00:00,53.43,53.53,53.42,53.52,50427.032487000004
2026-06-24T20:30:00+00:00,53.41,53.41,53.41,53.41,100.0
2026-06-24T20:35:00+00:00,53.46,53.46,53.4177,53.46,931.0
2026-06-24T20:40:00+00:00,53.48,53.54,53.47,53.48,2889.0
2026-06-24T20:45:00+00:00,53.46,53.46,53.46,53.46,832.0
2026-06-24T20:50:00+00:00,53.4252,53.44,53.35,53.35,4826.359536
2026-06-24T20:55:00+00:00,53.3346,53.37,53.3346,53.37,1520.0
2026-06-24T21:10:00+00:00,53.39,53.42,53.39,53.39,2497.0
2026-06-24T21:15:00+00:00,53.43,53.43,53.43,53.43,950.0
2026-06-24T21:25:00+00:00,53.42,53.44,53.42,53.44,1880.0
2026-06-24T21:30:00+00:00,53.44,53.44,53.41,53.41,731.318113
2026-06-24T21:40:00+00:00,53.42,53.42,53.42,53.42,125.0
2026-06-24T22:05:00+00:00,53.42,53.42,53.42,53.42,526.0
2026-06-24T22:20:00+00:00,53.43,53.43,53.43,53.43,1002.0
2026-06-24T22:25:00+00:00,53.44,53.44,53.44,53.44,1551.0
2026-06-24T22:45:00+00:00,53.46,53.46,53.46,53.46,3003.0
2026-06-24T22:50:00+00:00,53.46,53.46,53.45,53.45,4896.0
2026-06-24T23:00:00+00:00,53.45,53.45,53.45,53.45,11202.0
2026-06-24T23:10:00+00:00,53.46,53.46,53.45,53.45,300.0
2026-06-24T23:15:00+00:00,53.45,53.45,53.44,53.44,664.0
2026-06-24T23:25:00+00:00,53.4434,53.4434,53.44,53.44,674.0
2026-06-24T23:35:00+00:00,53.42,53.42,53.42,53.42,200.0
2026-06-25T00:00:00+00:00,53.45,53.45,53.45,53.45,300.0
2026-06-25T08:05:00+00:00,53.08,53.31,52.95,52.99,12150.808847
2026-06-25T08:10:00+00:00,53.0,53.3,53.0,53.22,33529.0
2026-06-25T08:15:00+00:00,53.23,53.23,53.23,53.23,251.0
2026-06-25T08:25:00+00:00,53.23,53.23,53.23,53.23,202.0
2026-06-25T08:30:00+00:00,53.23,53.23,53.23,53.23,156.0
2026-06-25T08:35:00+00:00,53.24,53.25,53.24,53.25,1145.0
2026-06-25T08:40:00+00:00,53.22,53.22,53.2,53.2,643.0
2026-06-25T08:45:00+00:00,53.19,53.2,53.19,53.2,313.0
2026-06-25T08:50:00+00:00,53.18,53.18,53.18,53.18,166.0
2026-06-25T08:55:00+00:00,53.21,53.21,53.2,53.2,1136.0
2026-06-25T09:00:00+00:00,53.2,53.2,53.2,53.2,367.0
2026-06-25T09:05:00+00:00,53.2,53.2,53.2,53.2,102.0
2026-06-25T09:10:00+00:00,53.2081,53.2081,53.2081,53.2081,200.012714
2026-06-25T09:15:00+00:00,53.22,53.22,53.19,53.2,3348.0
2026-06-25T09:25:00+00:00,53.22,53.22,53.22,53.22,100.0
2026-06-25T09:30:00+00:00,53.22,53.22,53.2,53.2,2798.0
2026-06-25T09:35:00+00:00,53.2,53.2,53.2,53.2,120.0
2026-06-25T09:45:00+00:00,53.21,53.21,53.17,53.17,3496.0
2026-06-25T09:55:00+00:00,53.18,53.18,53.18,53.18,300.0
2026-06-25T10:00:00+00:00,53.21,53.22,53.2,53.2,748.0
2026-06-25T10:05:00+00:00,53.21,53.21,53.21,53.21,175.0
2026-06-25T10:10:00+00:00,53.2,53.2,53.15,53.15,1887.0
2026-06-25T10:20:00+00:00,53.2,53.2,53.17,53.17,1407.065425
2026-06-25T10:35:00+00:00,53.2,53.22,53.19,53.21,3234.0
2026-06-25T10:40:00+00:00,53.21,53.23,53.21,53.23,3029.0
2026-06-25T10:45:00+00:00,53.1701,53.1701,53.1701,53.1701,2848.0
2026-06-25T11:00:00+00:00,53.17,53.17,53.15,53.15,2930.028018
2026-06-25T11:05:00+00:00,53.17,53.2299,53.15,53.18,4139.0
2026-06-25T11:10:00+00:00,53.18,53.18,53.18,53.18,125.0
2026-06-25T11:15:00+00:00,53.18,53.18,53.18,53.18,2170.0
2026-06-25T11:20:00+00:00,53.18,53.21,53.18,53.21,2684.0
2026-06-25T11:25:00+00:00,53.21,53.21,53.18,53.2,901.0
2026-06-25T11:30:00+00:00,53.21,53.21,53.18,53.18,929.0
2026-06-25T11:35:00+00:00,53.21,53.23,53.21,53.23,1989.314629
2026-06-25T11:45:00+00:00,53.21,53.21,53.21,53.21,238.9021
2026-06-25T11:50:00+00:00,53.2212,53.25,53.22,53.25,2064.0
2026-06-25T11:55:00+00:00,53.23,53.26,53.23,53.24,3813.0
2026-06-25T12:05:00+00:00,53.2422,53.26,53.2422,53.26,427.0
2026-06-25T12:10:00+00:00,53.26,53.29,53.25,53.25,2571.58147
2026-06-25T12:15:00+00:00,53.24,53.29,53.24,53.29,6118.0
2026-06-25T12:25:00+00:00,53.27,53.27,53.26,53.27,360.0
2026-06-25T12:30:00+00:00,53.29,53.32,53.29,53.3,5000.0
2026-06-25T12:35:00+00:00,53.3,53.3,53.27,53.27,1312.306
2026-06-25T12:40:00+00:00,53.3,53.3,53.3,53.3,2000.0
2026-06-25T12:45:00+00:00,53.2582,53.2582,53.2582,53.2582,100.0
2026-06-25T12:50:00+00:00,53.26,53.26,53.25,53.25,842.0
2026-06-25T12:55:00+00:00,53.25,53.25,53.25,53.25,185.0
2026-06-25T13:05:00+00:00,53.27,53.28,53.24,53.2744,4096.244085
2026-06-25T13:15:00+00:00,53.29,53.3,53.29,53.3,2493.099999
2026-06-25T13:20:00+00:00,53.33,53.39,53.32,53.36,6304.0
2026-06-25T13:25:00+00:00,53.34,53.34,53.31,53.31,1858.0
2026-06-25T13:30:00+00:00,53.32,53.35,53.19,53.26,11169.0
2026-06-25T13:35:00+00:00,53.2,53.27,53.0,53.085,1366005.502789
2026-06-25T13:40:00+00:00,53.08,53.4,53.075,53.39,690703.2622900001
2026-06-25T13:45:00+00:00,53.395,53.44,53.25,53.405,548918.869541
2026-06-25T13:50:00+00:00,53.4,53.5801,53.37,53.5801,572564.4824620001
2026-06-25T13:55:00+00:00,53.59,53.685,53.52,53.57,289958.89697899995
2026-06-25T14:00:00+00:00,53.57,53.8099,53.545,53.785,317354.306019
2026-06-25T14:05:00+00:00,53.785,53.955,53.76,53.915,458824.49317199993
2026-06-25T14:10:00+00:00,53.91,54.005,53.89,53.93,423322.995968
2026-06-25T14:15:00+00:00,53.93,53.955,53.885,53.91,401763.588661
2026-06-25T14:20:00+00:00,53.92,53.98,53.865,53.975,356399.400502
2026-06-25T14:25:00+00:00,53.975,54.03,53.945,54.02,220648.684968
2026-06-25T14:30:00+00:00,54.015,54.04,53.965,53.99,173795.397901
2026-06-25T14:35:00+00:00,53.99,54.025,53.96,53.99,223369.75412199998
2026-06-25T14:40:00+00:00,53.99,53.9999,53.81,53.835,309682.260968
2026-06-25T14:45:00+00:00,53.83,53.895,53.775,53.885,279426.77
2026-06-25T14:50:00+00:00,53.89,53.97,53.845,53.9,412120.59290499997
2026-06-25T14:55:00+00:00,53.9,53.93,53.83,53.845,221143.92585099998
2026-06-25T15:00:00+00:00,53.845,53.89,53.81,53.88,244030.255298
2026-06-25T15:05:00+00:00,53.865,53.89,53.8,53.875,203617.28382399998
2026-06-25T15:10:00+00:00,53.875,54.0,53.86,53.905,495676.279018
2026-06-25T15:15:00+00:00,53.905,54.045,53.88,54.0197,1322674.9461899998
2026-06-25T15:20:00+00:00,54.02,54.19,54.015,54.155,428997.044229
2026-06-25T15:25:00+00:00,54.155,54.255,54.14,54.24,386171.655363
2026-06-25T15:30:00+00:00,54.24,54.315,54.2,54.21,349897.013207
2026-06-25T15:35:00+00:00,54.205,54.27,54.17,54.195,264198.478367
2026-06-25T15:40:00+00:00,54.195,54.195,54.07,54.07,317653.056987
2026-06-25T15:45:00+00:00,54.075,54.075,54.0,54.01,111548.86029400001
2026-06-25T15:50:00+00:00,54.015,54.05,53.93,53.96,188194.111642
2026-06-25T15:55:00+00:00,53.955,54.01,53.95,53.96,179937.244876
2026-06-25T16:00:00+00:00,53.95,53.97,53.93,53.93,312912.161014
2026-06-25T16:05:00+00:00,53.935,53.945,53.88,53.895,876274.903281
2026-06-25T16:10:00+00:00,53.895,53.92,53.845,53.86,285629.897101
2026-06-25T16:15:00+00:00,53.855,53.89,53.84,53.855,221154.09829000002
2026-06-25T16:20:00+00:00,53.855,53.88,53.81,53.865,151026.976604
2026-06-25T16:25:00+00:00,53.865,53.928,53.86,53.905,172383.948992
2026-06-25T16:30:00+00:00,53.91,53.945,53.91,53.93,218938.392873
2026-06-25T16:35:00+00:00,53.935,53.97,53.9,53.955,327551.708674
2026-06-25T16:40:00+00:00,53.955,53.955,53.91,53.945,119461.368248
2026-06-25T16:45:00+00:00,53.945,53.965,53.925,53.95,156319.28135699997
2026-06-25T16:50:00+00:00,53.95,53.98,53.9201,53.945,149193.686536
2026-06-25T16:55:00+00:00,53.945,54.0,53.945,53.96,136804.716294
2026-06-25T17:00:00+00:00,53.96,53.98,53.915,53.9401,140164.520503
2026-06-25T17:05:00+00:00,53.9453,53.955,53.92,53.935,113530.493429
2026-06-25T17:10:00+00:00,53.935,53.935,53.835,53.835,87690.419215
2026-06-25T17:15:00+00:00,53.84,53.84,53.775,53.805,268638.684281
2026-06-25T17:20:00+00:00,53.805,53.81,53.755,53.795,296565.118876
2026-06-25T17:25:00+00:00,53.795,53.86,53.795,53.855,271565.406798
2026-06-25T17:30:00+00:00,53.855,53.855,53.81,53.84,183884.010291
2026-06-25T17:35:00+00:00,53.84,53.87,53.83,53.855,207317.806661
2026-06-25T17:40:00+00:00,53.85,53.92,53.84,53.92,125013.736552
2026-06-25T17:45:00+00:00,53.92,53.96,53.91,53.915,147512.17837
2026-06-25T17:50:00+00:00,53.915,53.92,53.88,53.88,155081.643328
2026-06-25T17:55:00+00:00,53.875,53.915,53.875,53.9041,358926.656333
2026-06-25T18:00:00+00:00,53.905,54.02,53.885,54.02,353446.39826399996
2026-06-25T18:05:00+00:00,54.015,54.085,54.015,54.075,288004.294881
2026-06-25T18:10:00+00:00,54.075,54.125,54.05,54.125,189794.375176
2026-06-25T18:15:00+00:00,54.125,54.15,54.1,54.135,187735.796071
2026-06-25T18:20:00+00:00,54.135,54.18,54.1,54.145,210090.604669
2026-06-25T18:25:00+00:00,54.14,54.17,54.125,54.165,130471.918144
2026-06-25T18:30:00+00:00,54.165,54.17,54.144,54.155,156996.104083
2026-06-25T18:35:00+00:00,54.155,54.195,54.14,54.185,214500.029329
2026-06-25T18:40:00+00:00,54.185,54.225,54.16,54.2,387331.342274
2026-06-25T18:45:00+00:00,54.19,54.205,54.165,54.175,196586.478105
2026-06-25T18:50:00+00:00,54.18,54.19,54.15,54.175,552199.5010500001
2026-06-25T18:55:00+00:00,54.175,54.21,54.175,54.2,144104.199338
2026-06-25T19:00:00+00:00,54.19,54.23,54.17,54.215,237920.351139
2026-06-25T19:05:00+00:00,54.215,54.24,54.155,54.165,349838.301386
2026-06-25T19:10:00+00:00,54.17,54.18,54.09,54.115,303951.64045299997
2026-06-25T19:15:00+00:00,54.12,54.15,54.095,54.095,226848.31155699998
2026-06-25T19:20:00+00:00,54.1,54.13,54.065,54.075,192273.201522
2026-06-25T19:25:00+00:00,54.075,54.11,54.045,54.055,203818.328814
2026-06-25T19:30:00+00:00,54.055,54.06,54.0,54.005,297654.01491100003
2026-06-25T19:35:00+00:00,54.01,54.0477,53.99,53.9907,349357.018035
2026-06-25T19:40:00+00:00,53.99,54.05,53.97,54.035,317068.91219
2026-06-25T19:45:00+00:00,54.035,54.035,53.975,54.005,435541.694686
2026-06-25T19:50:00+00:00,54.0,54.025,53.95,54.01,561944.861061
2026-06-25T19:55:00+00:00,54.02,54.08,53.99,54.07,1039911.7495299999
2026-06-25T20:00:00+00:00,54.065,54.11,54.02,54.1,2200245.434471
2026-06-25T20:05:00+00:00,54.1,54.14,53.904,54.1,77368.96216
2026-06-25T20:10:00+00:00,54.15,54.19,54.15,54.18,7257.0
2026-06-25T20:15:00+00:00,54.18,54.22,54.14,54.16,10153.0
2026-06-25T20:20:00+00:00,54.2104,54.2104,54.2104,54.2104,400.0
2026-06-25T20:25:00+00:00,54.25,54.25,54.2,54.2117,3956.046428
2026-06-25T20:30:00+00:00,54.24,54.24,54.24,54.24,112.0
2026-06-25T20:35:00+00:00,54.2452,54.2453,54.2452,54.2453,510.0
2026-06-25T20:40:00+00:00,54.21,54.21,54.21,54.21,1053.0
2026-06-25T20:50:00+00:00,54.2065,54.2065,54.2065,54.2065,128.0
2026-06-25T20:55:00+00:00,54.23,54.23,54.2,54.2,2147.0
2026-06-25T21:25:00+00:00,54.14,54.14,54.14,54.14,1000.0
2026-06-25T21:30:00+00:00,54.13,54.13,54.13,54.13,180.0
2026-06-25T21:35:00+00:00,54.13,54.13,54.1,54.1,1193.0
2026-06-25T21:50:00+00:00,54.1675,54.1675,54.08,54.08,1484.0
2026-06-25T21:55:00+00:00,54.1845,54.1937,54.1845,54.1937,645.0
2026-06-25T22:05:00+00:00,54.1761,54.18,54.16,54.18,3106.0
2026-06-25T22:10:00+00:00,54.1783,54.1783,54.17,54.17,394.0
2026-06-25T22:15:00+00:00,54.16,54.17,54.15,54.15,1978.0
2026-06-25T22:25:00+00:00,54.16,54.16,54.15,54.15,10000.0
2026-06-25T22:45:00+00:00,54.18,54.18,54.18,54.18,1004.0
2026-06-25T22:55:00+00:00,54.17,54.17,54.17,54.17,100.0
2026-06-25T23:20:00+00:00,54.1761,54.1761,54.1761,54.1761,206.0
2026-06-25T23:25:00+00:00,54.16,54.165,54.15,54.165,1540.0
2026-06-25T23:40:00+00:00,54.15,54.15,54.15,54.15,254.0
2026-06-25T23:45:00+00:00,54.15,54.15,54.15,54.15,202.0
2026-06-25T23:50:00+00:00,54.16,54.1761,54.16,54.1761,1725.0
2026-06-26T08:05:00+00:00,53.8,53.96,53.8,53.89,6907.1758150000005
2026-06-26T08:10:00+00:00,53.72,53.87,53.72,53.81,18099.0
2026-06-26T08:15:00+00:00,53.75,53.87,53.75,53.87,1383.0
2026-06-26T08:20:00+00:00,53.85,53.85,53.85,53.85,1577.0
2026-06-26T08:30:00+00:00,53.81,53.81,53.74,53.74,19297.0
2026-06-26T08:35:00+00:00,53.73,53.73,53.72,53.72,2870.0
2026-06-26T08:40:00+00:00,53.77,53.77,53.72,53.73,5528.0
2026-06-26T08:50:00+00:00,53.77,53.78,53.77,53.77,4689.0
2026-06-26T09:05:00+00:00,53.73,53.73,53.73,53.73,400.0
2026-06-26T09:10:00+00:00,53.76,53.76,53.76,53.76,1408.0
2026-06-26T09:15:00+00:00,53.76,53.76,53.75,53.75,529.0
2026-06-26T09:20:00+00:00,53.73,53.75,53.73,53.75,546.0
2026-06-26T09:35:00+00:00,53.75,53.76,53.75,53.75,2400.0
2026-06-26T09:40:00+00:00,53.73,53.73,53.72,53.72,6746.064780000001
2026-06-26T09:50:00+00:00,53.73,53.73,53.72,53.72,750.0
2026-06-26T09:55:00+00:00,53.75,53.75,53.75,53.75,100.0
2026-06-26T10:00:00+00:00,53.74,53.74,53.71,53.71,2352.0
2026-06-26T10:05:00+00:00,53.7,53.71,53.7,53.71,2011.0
2026-06-26T10:10:00+00:00,53.7804,53.7804,53.7804,53.7804,141.0
2026-06-26T10:15:00+00:00,53.72,53.72,53.7,53.71,3003.0
2026-06-26T10:45:00+00:00,53.78,53.78,53.78,53.78,636.0
2026-06-26T11:05:00+00:00,53.805,53.805,53.76,53.76,1521.8490000000002
2026-06-26T11:15:00+00:00,53.76,53.77,53.75,53.77,2570.0
2026-06-26T11:20:00+00:00,53.75,53.76,53.75,53.75,1651.0
2026-06-26T11:35:00+00:00,53.71,53.71,53.71,53.71,200.0
2026-06-26T11:45:00+00:00,53.79,53.8,53.79,53.8,1371.338
2026-06-26T11:55:00+00:00,53.85,53.87,53.85,53.87,1833.0
2026-06-26T12:00:00+00:00,53.85,53.87,53.84,53.87,6123.091518
2026-06-26T12:05:00+00:00,53.84,53.84,53.83,53.83,470.0
2026-06-26T12:10:00+00:00,53.93,53.93,53.89,53.89,400.0
2026-06-26T12:15:00+00:00,53.85,53.85,53.85,53.85,897.0
2026-06-26T12:20:00+00:00,53.82,53.84,53.82,53.84,351.0
2026-06-26T12:25:00+00:00,53.85,53.86,53.84,53.86,2913.0
2026-06-26T12:30:00+00:00,53.86,53.8897,53.84,53.85,1326.0
2026-06-26T12:35:00+00:00,53.85,53.8517,53.85,53.8517,382.0
2026-06-26T12:40:00+00:00,53.85,53.85,53.82,53.82,3134.0
2026-06-26T12:45:00+00:00,53.83,53.83,53.8,53.8,589.0
2026-06-26T12:50:00+00:00,53.7401,53.8,53.7401,53.8,325.0
2026-06-26T12:55:00+00:00,53.72,53.72,53.71,53.71,8766.0
2026-06-26T13:00:00+00:00,53.76,53.76,53.73,53.73,4066.1886759999998
2026-06-26T13:05:00+00:00,53.77,53.8,53.76,53.79,621.0
2026-06-26T13:10:00+00:00,53.8,53.838,53.79,53.79,1312.468974
2026-06-26T13:15:00+00:00,53.75,53.8097,53.75,53.76,403.0
2026-06-26T13:20:00+00:00,53.76,53.9,53.75,53.8421,6942.0
2026-06-26T13:25:00+00:00,53.8246,53.8899,53.78,53.8899,13233.0
2026-06-26T13:30:00+00:00,53.86,54.0,53.8103,54.0,16018.943753
2026-06-26T13:35:00+00:00,54.0,54.15,53.89,53.99,1528663.205847
2026-06-26T13:40:00+00:00,53.99,54.125,53.91,53.99,395155.08114399994
2026-06-26T13:45:00+00:00,54.0,54.0,53.82,53.9703,425884.74106900004
2026-06-26T13:50:00+00:00,53.98,54.095,53.93,54.055,457358.37240999995
2026-06-26T13:55:00+00:00,54.06,54.09,53.94,54.07,388476.65371
2026-06-26T14:00:00+00:00,54.07,54.075,54.0,54.045,263904.423906
2026-06-26T14:05:00+00:00,54.05,54.0913,53.84,53.845,374887.750811
2026-06-26T14:10:00+00:00,53.845,53.98,53.82,53.965,249812.770815
2026-06-26T14:15:00+00:00,53.97,54.1,53.97,54.09,417399.77075699996
2026-06-26T14:20:00+00:00,54.08,54.15,54.07,54.07,312509.65144499997
2026-06-26T14:25:00+00:00,54.075,54.12,54.03,54.04,205194.990092
2026-06-26T14:30:00+00:00,54.03,54.065,53.94,53.975,206978.878938
2026-06-26T14:35:00+00:00,53.98,53.985,53.87,53.895,187203.572245
2026-06-26T14:40:00+00:00,53.895,54.025,53.885,54.01,110425.29384299999
2026-06-26T14:45:00+00:00,54.02,54.035,53.91,53.93,110182.578288
2026-06-26T14:50:00+00:00,53.935,54.025,53.875,53.91,166050.287005
2026-06-26T14:55:00+00:00,53.91,53.92,53.83,53.88,113762.053758
2026-06-26T15:00:00+00:00,53.88,53.94,53.88,53.93,92186.94347799999
2026-06-26T15:05:00+00:00,53.94,53.99,53.895,53.99,130882.88718399999
2026-06-26T15:10:00+00:00,53.99,54.025,53.89,53.91,117808.74802099999
2026-06-26T15:15:00+00:00,53.92,53.995,53.92,53.965,104015.322293
2026-06-26T15:20:00+00:00,53.965,54.01,53.93,53.96,117390.061525
2026-06-26T15:25:00+00:00,53.96,53.965,53.92,53.94,163403.81334999998
2026-06-26T15:30:00+00:00,53.95,54.005,53.94,53.97,75257.004045
2026-06-26T15:35:00+00:00,53.975,53.975,53.885,53.895,94333.960406
2026-06-26T15:40:00+00:00,53.895,53.92,53.855,53.905,106270.61256600001
2026-06-26T15:45:00+00:00,53.905,53.94,53.885,53.9144,71079.091709
2026-06-26T15:50:00+00:00,53.915,53.98,53.91,53.96,100018.94250199999
2026-06-26T15:55:00+00:00,53.965,54.095,53.93,54.075,734269.2850309999
2026-06-26T16:00:00+00:00,54.07,54.12,54.03,54.07,217581.668156
2026-06-26T16:05:00+00:00,54.06,54.11,54.05,54.075,196106.329946
2026-06-26T16:10:00+00:00,54.08,54.11,54.07,54.085,111161.087805
2026-06-26T16:15:00+00:00,54.08,54.0901,53.97,53.98,110092.666008
2026-06-26T16:20:00+00:00,53.98,54.025,53.94,54.015,82857.006618
2026-06-26T16:25:00+00:00,54.015,54.02,53.94,53.94,166167.45632499998
2026-06-26T16:30:00+00:00,53.94,53.94,53.855,53.87,90872.054729
2026-06-26T16:35:00+00:00,53.865,53.8699,53.7845,53.8,144375.296708
2026-06-26T16:40:00+00:00,53.8,53.87,53.795,53.835,124066.25192799998
2026-06-26T16:45:00+00:00,53.835,53.865,53.82,53.835,227691.813766
2026-06-26T16:50:00+00:00,53.84,53.845,53.78,53.79,86969.60148799999
2026-06-26T16:55:00+00:00,53.785,53.83,53.76,53.8,128267.42351000001
2026-06-26T17:00:00+00:00,53.795,53.845,53.7901,53.82,54870.266892
2026-06-26T17:05:00+00:00,53.825,53.84,53.795,53.83,118110.470018
2026-06-26T17:10:00+00:00,53.825,53.85,53.815,53.825,111341.61559500001
2026-06-26T17:15:00+00:00,53.83,53.85,53.81,53.845,92291.44755
2026-06-26T17:20:00+00:00,53.845,53.85,53.805,53.8201,108820.203278
2026-06-26T17:25:00+00:00,53.82,53.83,53.8,53.8202,66385.548738
2026-06-26T17:30:00+00:00,53.825,53.885,53.825,53.875,102189.44956200001
2026-06-26T17:35:00+00:00,53.88,53.91,53.8701,53.885,102078.10396
2026-06-26T17:40:00+00:00,53.885,53.89,53.855,53.8676,59349.19604400001
2026-06-26T17:45:00+00:00,53.865,53.9,53.855,53.875,68412.193416
2026-06-26T17:50:00+00:00,53.875,53.8999,53.84,53.875,97312.58452599999
2026-06-26T17:55:00+00:00,53.875,53.91,53.86,53.86,67574.7479
2026-06-26T18:00:00+00:00,53.865,53.87,53.805,53.8201,72912.64976799999
2026-06-26T18:05:00+00:00,53.82,53.875,53.8107,53.86,182723.731655
2026-06-26T18:10:00+00:00,53.86,53.89,53.85,53.865,81744.644573
2026-06-26T18:15:00+00:00,53.87,53.885,53.845,53.885,118068.7128
2026-06-26T18:20:00+00:00,53.8816,53.89,53.85,53.88,103080.948038
2026-06-26T18:25:00+00:00,53.88,53.92,53.865,53.915,96703.003741
2026-06-26T18:30:00+00:00,53.91,53.9199,53.87,53.885,80056.01522100001
2026-06-26T18:35:00+00:00,53.885,53.93,53.87,53.875,121999.86798800001
2026-06-26T18:40:00+00:00,53.875,53.875,53.835,53.875,114488.266763
2026-06-26T18:45:00+00:00,53.875,53.88,53.84,53.845,109192.086383
2026-06-26T18:50:00+00:00,53.845,53.845,53.78,53.78,141834.486468
2026-06-26T18:55:00+00:00,53.785,53.785,53.745,53.75,161947.354091
2026-06-26T19:00:00+00:00,53.7599,53.7599,53.72,53.7485,108968.05224900001
2026-06-26T19:05:00+00:00,53.745,53.76,53.72,53.73,114225.314224
2026-06-26T19:10:00+00:00,53.735,53.74,53.71,53.715,81485.359086
2026-06-26T19:15:00+00:00,53.71,53.75,53.675,53.75,154151.781077
2026-06-26T19:20:00+00:00,53.745,53.775,53.735,53.755,240834.173454
2026-06-26T19:25:00+00:00,53.75,53.77,53.71,53.77,126812.98071
2026-06-26T19:30:00+00:00,53.76,53.805,53.74,53.79,142495.062134
2026-06-26T19:35:00+00:00,53.7999,53.7999,53.725,53.74,143909.629052
2026-06-26T19:40:00+00:00,53.745,53.78,53.69,53.78,484715.9025019999
2026-06-26T19:45:00+00:00,53.79,53.8375,53.775,53.805,223374.90678799996
2026-06-26T19:50:00+00:00,53.8,53.81,53.68,53.745,661912.977843
2026-06-26T19:55:00+00:00,53.75,53.965,53.75,53.915,1176736.650136
2026-06-26T20:00:00+00:00,53.91,53.92,53.79,53.85,1944879.721423
2026-06-26T20:05:00+00:00,53.86,53.86,53.8,53.8207,11057.45389
2026-06-26T20:10:00+00:00,53.8896,53.8896,53.85,53.85,2251.0
2026-06-26T20:15:00+00:00,53.87,53.94,53.87,53.9296,9082.0
2026-06-26T20:20:00+00:00,53.91,53.91,53.8,53.8,32424.0
2026-06-26T20:25:00+00:00,53.9,53.9218,53.9,53.914,666.0
2026-06-26T20:35:00+00:00,53.89,53.96,53.85,53.89,20203.8463
2026-06-26T20:40:00+00:00,53.9,53.9,53.85,53.85,2404.0
2026-06-26T20:45:00+00:00,53.8767,53.8784,53.8767,53.8784,480.0
2026-06-26T20:50:00+00:00,53.88,53.88,53.8292,53.83,20938.0
2026-06-26T20:55:00+00:00,53.82,53.83,53.82,53.83,5225.0
2026-06-26T21:05:00+00:00,53.88,53.89,53.84,53.84,2189.0
2026-06-26T21:10:00+00:00,53.88,53.88,53.88,53.88,103.0
2026-06-26T21:15:00+00:00,53.934,53.95,53.92,53.95,2049.0
2026-06-26T21:20:00+00:00,53.95,54.08,53.95,54.08,1774.0
2026-06-26T21:25:00+00:00,54.19,54.19,54.15,54.15,853.0
2026-06-26T21:30:00+00:00,54.1,54.1,54.1,54.1,305.0
2026-06-26T21:35:00+00:00,54.0,54.1,54.0,54.1,1208.0
2026-06-26T21:40:00+00:00,54.123,54.1331,54.0973,54.0973,561.0
2026-06-26T21:45:00+00:00,54.05,54.15,54.05,54.15,8377.0
2026-06-26T21:50:00+00:00,54.1035,54.15,54.1,54.1,1211.0
2026-06-26T21:55:00+00:00,54.13,54.15,54.13,54.15,9199.0
2026-06-26T22:00:00+00:00,54.15,54.19,54.15,54.15,6151.0
2026-06-26T22:05:00+00:00,54.17,54.17,54.17,54.17,300.0
2026-06-26T22:10:00+00:00,54.1674,54.2092,54.1674,54.17,15766.0
2026-06-26T22:15:00+00:00,54.1701,54.1701,54.1701,54.1701,901.0
2026-06-26T22:20:00+00:00,54.17,54.17,54.17,54.17,1475.0
2026-06-26T22:25:00+00:00,54.17,54.1897,54.17,54.1897,1379.0
2026-06-26T22:30:00+00:00,54.1702,54.1702,54.17,54.17,548.0
2026-06-26T22:35:00+00:00,54.19,54.19,54.17,54.17,6610.0
2026-06-26T22:45:00+00:00,54.19,54.19,54.18,54.18,1021.0
2026-06-26T22:50:00+00:00,54.19,54.21,54.17,54.17,12097.0
2026-06-26T22:55:00+00:00,54.19,54.2,54.19,54.2,5808.0
2026-06-26T23:00:00+00:00,54.2,54.2,54.2,54.2,568.0
2026-06-26T23:05:00+00:00,54.2026,54.2026,54.2,54.2,1171.0
2026-06-26T23:15:00+00:00,54.2,54.2,54.2,54.2,3600.0
2026-06-26T23:20:00+00:00,54.2,54.21,54.2,54.2,1786.0
2026-06-26T23:25:00+00:00,54.21,54.21,54.21,54.21,1483.0
2026-06-26T23:30:00+00:00,54.24,54.24,54.24,54.24,321.0
2026-06-26T23:35:00+00:00,54.2036,54.2036,54.2036,54.2036,200.0
2026-06-26T23:40:00+00:00,54.2,54.21,54.2,54.21,596.0
2026-06-26T23:45:00+00:00,54.2,54.25,54.2,54.25,600.0
2026-06-26T23:50:00+00:00,54.25,54.25,54.21,54.21,705.0
2026-06-26T23:55:00+00:00,54.2,54.25,54.2,54.25,1055.470988
2026-06-27T00:00:00+00:00,54.24,54.24,54.23,54.23,1347.0
2026-06-29T08:05:00+00:00,53.89,54.1772,53.86,53.93,13974.572769
2026-06-29T08:10:00+00:00,53.9,53.94,53.73,53.86,4936.0
2026-06-29T08:15:00+00:00,53.91,53.95,53.91,53.95,1982.0
2026-06-29T08:20:00+00:00,53.96,53.99,53.96,53.99,610.0
2026-06-29T08:30:00+00:00,53.98,53.98,53.98,53.98,122.0
2026-06-29T08:40:00+00:00,53.95,53.95,53.95,53.95,200.0
2026-06-29T08:45:00+00:00,54.0,54.0,54.0,54.0,370.046112
2026-06-29T08:50:00+00:00,53.96,53.96,53.94,53.94,1269.539117
2026-06-29T08:55:00+00:00,53.93,53.93,53.93,53.93,973.0
2026-06-29T09:10:00+00:00,53.9,53.9,53.9,53.9,927.0
2026-06-29T09:30:00+00:00,53.92,53.97,53.92,53.97,4887.0
2026-06-29T09:35:00+00:00,53.99,54.13,53.99,54.1,42945.982017
2026-06-29T09:40:00+00:00,54.09,54.1,54.06,54.06,5148.0
2026-06-29T09:45:00+00:00,54.06,54.06,54.06,54.06,1013.0
2026-06-29T09:50:00+00:00,54.06,54.06,54.05,54.05,2085.0
2026-06-29T09:55:00+00:00,54.05,54.05,54.05,54.05,220.0
2026-06-29T10:00:00+00:00,54.06,54.06,54.06,54.06,1281.0
2026-06-29T10:05:00+00:00,54.15,54.15,54.04,54.04,3723.0
2026-06-29T10:10:00+00:00,54.02,54.02,54.01,54.01,1301.0
2026-06-29T10:20:00+00:00,53.96,53.96,53.96,53.96,901.0
2026-06-29T10:30:00+00:00,53.96,53.96,53.96,53.96,224.0
2026-06-29T10:35:00+00:00,54.0,54.0,53.97,53.97,703.0
2026-06-29T10:40:00+00:00,54.0,54.0,54.0,54.0,751.0
2026-06-29T10:50:00+00:00,54.01,54.01,54.0,54.0,315.0
2026-06-29T11:00:00+00:00,53.94,53.99,53.89,53.89,4633.0
2026-06-29T11:05:00+00:00,53.9897,53.9897,53.9071,53.97,3076.676904
2026-06-29T11:20:00+00:00,53.95,53.97,53.93,53.94,4094.0737719999997
2026-06-29T11:30:00+00:00,53.98,53.98,53.98,53.98,400.0
2026-06-29T11:35:00+00:00,53.92,53.96,53.87,53.96,5791.0
2026-06-29T11:40:00+00:00,53.95,53.99,53.95,53.99,11062.132
2026-06-29T11:45:00+00:00,53.99,53.99,53.91,53.921,3298.0
2026-06-29T11:50:00+00:00,53.92,53.9291,53.92,53.9291,3004.0
2026-06-29T11:55:00+00:00,53.92,53.93,53.92,53.93,1219.0
2026-06-29T12:00:00+00:00,53.95,53.99,53.94,53.99,4980.0
2026-06-29T12:05:00+00:00,53.9899,53.9899,53.9899,53.9899,2794.0
2026-06-29T12:10:00+00:00,53.95,53.95,53.93,53.93,4249.305512999999
2026-06-29T12:15:00+00:00,53.93,53.93,53.92,53.92,1318.0
2026-06-29T12:20:00+00:00,53.95,53.97,53.91,53.9655,2551.0
2026-06-29T12:25:00+00:00,53.97,53.97,53.92,53.92,2159.0
2026-06-29T12:30:00+00:00,53.97,53.97,53.96,53.96,434.0
2026-06-29T12:35:00+00:00,53.96,53.96,53.9258,53.9258,576.0
2026-06-29T12:40:00+00:00,53.9809,53.9809,53.9809,53.9809,200.0
2026-06-29T12:45:00+00:00,53.95,53.96,53.95,53.95,1396.0
2026-06-29T12:50:00+00:00,53.94,53.94,53.92,53.94,4932.0
2026-06-29T12:55:00+00:00,53.93,53.93,53.93,53.93,220.0
2026-06-29T13:00:00+00:00,53.95,53.98,53.95,53.97,1543.0
2026-06-29T13:05:00+00:00,53.97,53.97,53.95,53.97,338.0
2026-06-29T13:10:00+00:00,53.97,53.97,53.96,53.96,285.0
2026-06-29T13:15:00+00:00,53.9793,53.9793,53.96,53.96,616.0
2026-06-29T13:20:00+00:00,53.96,53.96,53.95,53.95,985.0
2026-06-29T13:25:00+00:00,53.97,53.99,53.97,53.9898,2413.179378
2026-06-29T13:30:00+00:00,53.98,53.98,53.93,53.93,2128.0
2026-06-29T13:35:00+00:00,53.98,54.28,53.93,54.18,1149345.134663
2026-06-29T13:40:00+00:00,54.175,54.265,54.02,54.14,749918.489753
2026-06-29T13:45:00+00:00,54.13,54.21,54.06,54.14,430368.872071
2026-06-29T13:50:00+00:00,54.15,54.19,54.04,54.065,485495.90965399996
2026-06-29T13:55:00+00:00,54.065,54.175,53.995,54.165,316476.274144
2026-06-29T14:00:00+00:00,54.17,54.195,54.045,54.05,307349.84947799996
2026-06-29T14:05:00+00:00,54.055,54.065,53.94,53.98,338655.351878
2026-06-29T14:10:00+00:00,53.98,54.025,53.85,53.855,298990.994384
2026-06-29T14:15:00+00:00,53.8599,53.95,53.755,53.835,348981.441509
2026-06-29T14:20:00+00:00,53.84,53.955,53.83,53.91,511090.40816999995
2026-06-29T14:25:00+00:00,53.92,54.045,53.915,54.005,242052.26986099998
2026-06-29T14:30:00+00:00,54.005,54.005,53.88,53.925,323656.295553
2026-06-29T14:35:00+00:00,53.93,53.99,53.855,53.885,305859.812734
2026-06-29T14:40:00+00:00,53.88,53.93,53.86,53.91,219211.341113
2026-06-29T14:45:00+00:00,53.91,53.91,53.82,53.87,206107.890333
2026-06-29T14:50:00+00:00,53.865,53.885,53.77,53.77,212153.538844
2026-06-29T14:55:00+00:00,53.77,53.78,53.68,53.7388,274337.61075
2026-06-29T15:00:00+00:00,53.74,53.78,53.695,53.7607,245463.88044500002
2026-06-29T15:05:00+00:00,53.765,53.8,53.72,53.775,191137.111041
2026-06-29T15:10:00+00:00,53.78,53.8203,53.7301,53.81,182914.757698
2026-06-29T15:15:00+00:00,53.81,53.855,53.8,53.84,228961.211027
2026-06-29T15:20:00+00:00,53.835,53.865,53.785,53.855,161514.087007
2026-06-29T15:25:00+00:00,53.85,53.85,53.79,53.805,146143.636383
2026-06-29T15:30:00+00:00,53.8,53.805,53.74,53.765,195477.405178
2026-06-29T15:35:00+00:00,53.765,53.855,53.76,53.855,157155.028933
2026-06-29T15:40:00+00:00,53.86,53.865,53.78,53.815,117311.858576
2026-06-29T15:45:00+00:00,53.815,53.85,53.815,53.82,109994.584558
2026-06-29T15:50:00+00:00,53.825,53.845,53.81,53.815,125467.718229
2026-06-29T15:55:00+00:00,53.815,53.82,53.76,53.79,121697.938079
2026-06-29T16:00:00+00:00,53.785,53.805,53.75,53.78,285564.372976
2026-06-29T16:05:00+00:00,53.775,53.805,53.76,53.795,93432.801458
2026-06-29T16:10:00+00:00,53.795,53.825,53.78,53.82,100518.160582
2026-06-29T16:15:00+00:00,53.83,53.9,53.83,53.875,144268.023678
2026-06-29T16:20:00+00:00,53.88,53.93,53.88,53.905,129921.25678699999
2026-06-29T16:25:00+00:00,53.905,53.93,53.885,53.92,125750.12934300001
2026-06-29T16:30:00+00:00,53.925,53.99,53.925,53.985,163638.341223
2026-06-29T16:35:00+00:00,53.99,54.045,53.98,54.03,200048.977023
2026-06-29T16:40:00+00:00,54.025,54.045,53.9875,54.015,123578.371616
2026-06-29T16:45:00+00:00,54.015,54.03,53.985,53.985,101479.81746199999
2026-06-29T16:50:00+00:00,53.98,53.99,53.95,53.96,92455.319295
2026-06-29T16:55:00+00:00,53.96,53.99,53.92,53.945,314461.14330399997
2026-06-29T17:00:00+00:00,53.945,53.955,53.92,53.95,203181.513142
2026-06-29T17:05:00+00:00,53.94,53.9489,53.925,53.9397,129673.536837
2026-06-29T17:10:00+00:00,53.935,53.965,53.93,53.965,135763.38416000002
2026-06-29T17:15:00+00:00,53.965,53.9851,53.95,53.96,210093.412662
2026-06-29T17:20:00+00:00,53.965,54.0,53.935,53.97,429438.04093699995
2026-06-29T17:25:00+00:00,53.975,54.0,53.96,53.9768,226593.464128
2026-06-29T17:30:00+00:00,53.98,53.995,53.945,53.965,338820.81036299997
2026-06-29T17:35:00+00:00,53.965,54.05,53.96,54.015,245791.68047199998
2026-06-29T17:40:00+00:00,54.02,54.03,53.95,53.975,321335.920507
2026-06-29T17:45:00+00:00,53.975,53.99,53.94,53.96,107229.663247
2026-06-29T17:50:00+00:00,53.955,53.965,53.9,53.905,101566.736264
2026-06-29T17:55:00+00:00,53.9,53.93,53.89,53.905,118420.71244599999
2026-06-29T18:00:00+00:00,53.9,53.925,53.89,53.915,86631.433584
2026-06-29T18:05:00+00:00,53.92,53.95,53.905,53.915,93218.900454
2026-06-29T18:10:00+00:00,53.9151,53.93,53.9,53.905,88995.976921
2026-06-29T18:15:00+00:00,53.905,53.95,53.905,53.92,108782.189279
2026-06-29T18:20:00+00:00,53.915,53.945,53.87,53.8799,106579.291358
2026-06-29T18:25:00+00:00,53.87,53.89,53.83,53.875,80792.57982700001
2026-06-29T18:30:00+00:00,53.8767,53.955,53.875,53.955,88481.902427
2026-06-29T18:35:00+00:00,53.9501,53.97,53.9,53.915,134006.23611
2026-06-29T18:40:00+00:00,53.91,53.925,53.87,53.895,359682.50976499997
2026-06-29T18:45:00+00:00,53.9,53.925,53.89,53.905,129364.32680499999
2026-06-29T18:50:00+00:00,53.91,53.91,53.86,53.88,131985.93331599998
2026-06-29T18:55:00+00:00,53.88,53.88,53.86,53.87,163891.69941600002
2026-06-29T19:00:00+00:00,53.87,53.885,53.86,53.87,667982.047252
2026-06-29T19:05:00+00:00,53.87,53.87,53.81,53.845,303419.246921
2026-06-29T19:10:00+00:00,53.845,53.845,53.78,53.795,232797.998698
2026-06-29T19:15:00+00:00,53.79,53.805,53.755,53.7697,205691.271631
2026-06-29T19:20:00+00:00,53.76,53.7695,53.73,53.74,275021.002801
2026-06-29T19:25:00+00:00,53.74,53.76,53.72,53.735,148924.248271
2026-06-29T19:30:00+00:00,53.735,53.74,53.695,53.695,143933.298904
2026-06-29T19:35:00+00:00,53.69,53.705,53.61,53.6301,226178.20356400002
2026-06-29T19:40:00+00:00,53.635,53.67,53.62,53.655,349571.83470999997
2026-06-29T19:45:00+00:00,53.655,53.67,53.58,53.61,454006.2993269999
2026-06-29T19:50:00+00:00,53.615,53.63,53.52,53.57,427469.145673
2026-06-29T19:55:00+00:00,53.56,53.605,53.48,53.48,547997.95906
2026-06-29T20:00:00+00:00,53.48,53.63,53.47,53.57,1687330.89328
2026-06-29T20:05:00+00:00,53.58,53.58,53.5526,53.56,69286.826614
2026-06-29T20:10:00+00:00,53.57,53.57,53.5699,53.57,1686.0
2026-06-29T20:20:00+00:00,53.62,53.62,53.62,53.62,258.0
2026-06-29T20:25:00+00:00,53.58,53.58,53.58,53.58,1064.0
2026-06-29T20:40:00+00:00,53.6,53.6,53.6,53.6,137.0
2026-06-29T20:50:00+00:00,53.61,53.67,53.61,53.66,4926.0
2026-06-29T21:10:00+00:00,53.6,53.65,53.6,53.65,1503.0
2026-06-29T21:15:00+00:00,53.6,53.6,53.6,53.6,1789.0
2026-06-29T21:20:00+00:00,53.63,53.63,53.63,53.63,200.0
2026-06-29T21:25:00+00:00,53.62,53.62,53.62,53.62,187.0
2026-06-29T21:30:00+00:00,53.62,53.62,53.62,53.62,180.0
2026-06-29T21:40:00+00:00,53.5865,53.61,53.5825,53.61,1508.0
2026-06-29T21:45:00+00:00,53.59,53.59,53.58,53.58,815.465012
2026-06-29T21:50:00+00:00,53.58,53.58,53.58,53.58,177.0
2026-06-29T21:55:00+00:00,53.58,53.58,53.58,53.58,302.0
2026-06-29T22:00:00+00:00,53.616,53.6244,53.616,53.6244,216.0
2026-06-29T22:25:00+00:00,53.553,53.553,53.553,53.553,100.0
2026-06-29T22:55:00+00:00,53.5337,53.5337,53.5337,53.5337,110.0
2026-06-29T23:05:00+00:00,53.5354,53.5354,53.5354,53.5354,500.0
2026-06-29T23:30:00+00:00,53.58,53.58,53.58,53.58,309.0
2026-06-29T23:35:00+00:00,53.5891,53.5891,53.58,53.58,665.0
2026-06-29T23:40:00+00:00,53.58,53.58,53.58,53.58,188.351665
2026-06-29T23:55:00+00:00,53.58,53.58,53.54,53.54,501.0
2026-06-30T00:00:00+00:00,53.61,53.61,53.61,53.61,1005.0
2026-06-30T08:05:00+00:00,53.65,53.65,53.41,53.43,6330.225765
2026-06-30T09:45:00+00:00,53.64,53.64,53.64,53.64,279.0
2026-06-30T10:00:00+00:00,53.64,53.66,53.64,53.64,880.0
2026-06-30T10:15:00+00:00,53.69,53.69,53.69,53.69,229.0
2026-06-30T10:35:00+00:00,53.67,53.67,53.67,53.67,100.0
2026-06-30T10:45:00+00:00,53.68,53.68,53.68,53.68,563.0
2026-06-30T11:05:00+00:00,53.63,53.63,53.6104,53.62,1129.689
2026-06-30T11:10:00+00:00,53.62,53.62,53.61,53.61,804.0
2026-06-30T11:15:00+00:00,53.68,53.68,53.68,53.68,351.0
2026-06-30T11:20:00+00:00,53.62,53.62,53.61,53.61,694.0
2026-06-30T11:25:00+00:00,53.63,53.63,53.62,53.62,874.0
2026-06-30T11:30:00+00:00,53.61,53.61,53.6,53.6,976.0
2026-06-30T11:35:00+00:00,53.6,53.6,53.59,53.59,324.0
2026-06-30T11:45:00+00:00,53.59,53.65,53.58,53.65,1798.601163
2026-06-30T11:50:00+00:00,53.59,53.59,53.59,53.59,225.0
2026-06-30T12:10:00+00:00,53.62,53.64,53.62,53.64,1309.0
2026-06-30T12:20:00+00:00,53.6,53.679,53.6,53.6782,3464.0
2026-06-30T12:25:00+00:00,53.62,53.62,53.62,53.62,117.0
2026-06-30T12:35:00+00:00,53.64,53.64,53.6002,53.62,952.0
2026-06-30T12:40:00+00:00,53.61,53.64,53.61,53.64,399.0
2026-06-30T12:45:00+00:00,53.6,53.6,53.6,53.6,204.0
2026-06-30T12:55:00+00:00,53.6,53.6,53.6,53.6,116.0
2026-06-30T13:00:00+00:00,53.63,53.63,53.62,53.62,359.0
2026-06-30T13:05:00+00:00,53.62,53.66,53.61,53.66,4660.5
2026-06-30T13:10:00+00:00,53.67,53.67,53.65,53.6522,2541.0
2026-06-30T13:15:00+00:00,53.67,53.687,53.65,53.687,807.6035019999999
2026-06-30T13:20:00+00:00,53.69,53.7,53.684,53.6977,2296.0
2026-06-30T13:25:00+00:00,53.66,53.66,53.63,53.63,1085.0
2026-06-30T13:30:00+00:00,53.64,53.68,53.6,53.66,4393.0
2026-06-30T13:35:00+00:00,53.62,54.115,53.62,53.87,1151282.257689
2026-06-30T13:40:00+00:00,53.865,53.875,53.63,53.685,645526.3082960001
2026-06-30T13:45:00+00:00,53.695,53.76,53.61,53.68,348870.552162
2026-06-30T13:50:00+00:00,53.675,53.7,53.545,53.545,311215.713535
2026-06-30T13:55:00+00:00,53.56,53.615,53.42,53.52,374690.956125
2026-06-30T14:00:00+00:00,53.525,53.66,53.525,53.65,291509.01815400005
2026-06-30T14:05:00+00:00,53.645,53.645,53.56,53.565,265466.054503
2026-06-30T14:10:00+00:00,53.565,53.565,53.41,53.54,221392.618097
2026-06-30T14:15:00+00:00,53.54,53.59,53.47,53.55,118472.40919199999
2026-06-30T14:20:00+00:00,53.55,53.6,53.425,53.445,459454.59813099995
2026-06-30T14:25:00+00:00,53.44,53.5,53.385,53.485,242890.62292300002
2026-06-30T14:30:00+00:00,53.48,53.555,53.475,53.55,155091.14300900002
2026-06-30T14:35:00+00:00,53.56,53.57,53.4703,53.475,170001.588483
2026-06-30T14:40:00+00:00,53.475,53.54,53.46,53.54,184929.321379
2026-06-30T14:45:00+00:00,53.54,53.61,53.525,53.58,230181.43320899998
2026-06-30T14:50:00+00:00,53.58,53.59,53.505,53.5258,3115544.3761469997
2026-06-30T14:55:00+00:00,53.52,53.58,53.485,53.58,134596.74155099998
2026-06-30T15:00:00+00:00,53.59,53.635,53.56,53.59,130323.00508299998
2026-06-30T15:05:00+00:00,53.585,53.6,53.51,53.595,310706.200295
2026-06-30T15:10:00+00:00,53.595,53.725,53.59,53.715,903613.422609
2026-06-30T15:15:00+00:00,53.72,53.755,53.685,53.73,320617.74072
2026-06-30T15:20:00+00:00,53.725,53.74,53.675,53.725,157815.65204299998
2026-06-30T15:25:00+00:00,53.73,53.765,53.62,53.63,189275.213882
2026-06-30T15:30:00+00:00,53.625,53.68,53.59,53.62,180125.59395500002
2026-06-30T15:35:00+00:00,53.63,53.656,53.585,53.61,274015.893989
2026-06-30T15:40:00+00:00,53.61,53.645,53.59,53.635,113363.555002
2026-06-30T15:45:00+00:00,53.64,53.7,53.63,53.685,76396.224693
2026-06-30T15:50:00+00:00,53.685,53.69,53.64,53.65,124154.391221
2026-06-30T15:55:00+00:00,53.645,53.65,53.58,53.5997,111846.98763999999
2026-06-30T16:00:00+00:00,53.5943,53.66,53.575,53.65,95433.23595899998
2026-06-30T16:05:00+00:00,53.655,53.74,53.645,53.7297,109245.423431
2026-06-30T16:10:00+00:00,53.73,53.815,53.73,53.805,123239.59819900001
2026-06-30T16:15:00+00:00,53.81,53.86,53.79,53.855,119897.376854
2026-06-30T16:20:00+00:00,53.855,53.885,53.785,53.805,264230.075876
2026-06-30T16:25:00+00:00,53.8,53.8201,53.775,53.79,140308.12793
2026-06-30T16:30:00+00:00,53.79,53.795,53.675,53.675,142444.268741
2026-06-30T16:35:00+00:00,53.675,53.6995,53.645,53.645,74664.227799
2026-06-30T16:40:00+00:00,53.65,53.67,53.63,53.64,139093.769333
2026-06-30T16:45:00+00:00,53.64,53.655,53.585,53.585,140395.259389
2026-06-30T16:50:00+00:00,53.58,53.58,53.555,53.575,129449.599509
2026-06-30T16:55:00+00:00,53.575,53.575,53.515,53.515,143340.955662
2026-06-30T17:00:00+00:00,53.515,53.515,53.44,53.455,242116.871269
2026-06-30T17:05:00+00:00,53.45,53.465,53.43,53.431,308422.290358
2026-06-30T17:10:00+00:00,53.435,53.475,53.425,53.465,92474.113694
2026-06-30T17:15:00+00:00,53.47,53.49,53.465,53.475,207608.425235
2026-06-30T17:20:00+00:00,53.475,53.495,53.45,53.455,351879.19305299997
2026-06-30T17:25:00+00:00,53.455,53.4595,53.365,53.365,216897.685657
2026-06-30T17:30:00+00:00,53.365,53.39,53.33,53.39,319047.493166
2026-06-30T17:35:00+00:00,53.385,53.45,53.38,53.435,210950.32088099996
2026-06-30T17:40:00+00:00,53.43,53.455,53.385,53.455,238347.904598
2026-06-30T17:45:00+00:00,53.455,53.46,53.42,53.44,99793.36517800001
2026-06-30T17:50:00+00:00,53.44,53.465,53.43,53.44,174938.66768200003
2026-06-30T17:55:00+00:00,53.4401,53.46,53.41,53.42,130116.40502800001
2026-06-30T18:00:00+00:00,53.425,53.435,53.4036,53.4099,187644.63280700002
2026-06-30T18:05:00+00:00,53.405,53.43,53.375,53.415,214709.17905
2026-06-30T18:10:00+00:00,53.41,53.43,53.395,53.43,151942.524433
2026-06-30T18:15:00+00:00,53.425,53.435,53.385,53.39,127369.55731699998
2026-06-30T18:20:00+00:00,53.39,53.4,53.325,53.325,149787.936365
2026-06-30T18:25:00+00:00,53.325,53.34,53.3,53.3,214890.246845
2026-06-30T18:30:00+00:00,53.305,53.365,53.29,53.36,194869.039811
2026-06-30T18:35:00+00:00,53.37,53.425,53.36,53.42,184154.293263
2026-06-30T18:40:00+00:00,53.43,53.45,53.4,53.405,161577.75783699998
2026-06-30T18:45:00+00:00,53.41,53.445,53.41,53.425,165129.67229000002
2026-06-30T18:50:00+00:00,53.42,53.43,53.365,53.395,178555.503555
2026-06-30T18:55:00+00:00,53.39,53.39,53.345,53.375,251983.840129
2026-06-30T19:00:00+00:00,53.37,53.405,53.36,53.4001,181990.473152
2026-06-30T19:05:00+00:00,53.4,53.42,53.35,53.37,167899.065184
2026-06-30T19:10:00+00:00,53.3743,53.43,53.34,53.425,155530.402045
2026-06-30T19:15:00+00:00,53.43,53.435,53.39,53.405,183211.141897
2026-06-30T19:20:00+00:00,53.41,53.41,53.34,53.36,381610.08715700003
2026-06-30T19:25:00+00:00,53.37,53.39,53.335,53.345,784477.7166149999
2026-06-30T19:30:00+00:00,53.345,53.355,53.3,53.32,253909.007951
2026-06-30T19:35:00+00:00,53.315,53.32,53.26,53.265,243626.22022400002
2026-06-30T19:40:00+00:00,53.26,53.27,53.2,53.2,410572.95390300005
2026-06-30T19:45:00+00:00,53.2,53.21,53.14,53.1799,393233.59979400004
2026-06-30T19:50:00+00:00,53.175,53.25,53.1701,53.25,418848.39598400006
2026-06-30T19:55:00+00:00,53.25,53.29,53.165,53.1801,1171699.986327
2026-06-30T20:00:00+00:00,53.185,53.185,53.08,53.14,2993540.39434
2026-06-30T20:05:00+00:00,53.15,53.16,53.11,53.16,192200.315635
2026-06-30T20:10:00+00:00,53.19,53.2002,53.13,53.2002,24320.0
2026-06-30T20:15:00+00:00,53.22,53.22,53.22,53.22,2067.0
2026-06-30T20:20:00+00:00,53.22,53.23,53.22,53.23,1525.0
2026-06-30T20:30:00+00:00,53.25,53.25,53.2001,53.2284,957.0
2026-06-30T20:35:00+00:00,53.2015,53.2015,53.2015,53.2015,335.0
2026-06-30T20:45:00+00:00,53.2496,53.25,53.2,53.2,1195.0
2026-06-30T20:50:00+00:00,53.2487,53.2487,53.24,53.24,203.0
2026-06-30T21:00:00+00:00,53.22,53.22,53.22,53.22,298.0
2026-06-30T21:05:00+00:00,53.22,53.22,53.22,53.22,293.0
2026-06-30T21:10:00+00:00,53.22,53.22,53.2191,53.2191,4283.0
2026-06-30T21:15:00+00:00,53.2,53.2,53.15,53.15,6577.0
2026-06-30T21:25:00+00:00,53.25,53.25,53.25,53.25,747.0
2026-06-30T21:40:00+00:00,53.16,53.16,53.16,53.16,863.0
2026-06-30T21:55:00+00:00,53.21,53.21,53.21,53.21,153.0
2026-06-30T22:05:00+00:00,53.24,53.24,53.21,53.21,2217.0
2026-06-30T22:35:00+00:00,53.2,53.2,53.2,53.2,598.0
2026-06-30T22:50:00+00:00,53.21,53.225,53.2,53.211,5105.0
2026-06-30T22:55:00+00:00,53.2,53.23,53.16,53.23,1104.0
2026-06-30T23:05:00+00:00,53.1402,53.2244,53.1402,53.2244,4095.018782
2026-07-01T08:05:00+00:00,53.01,53.12,52.9,52.91,19421.8551
2026-07-01T08:10:00+00:00,52.92,53.07,52.92,53.0,8205.177313
2026-07-01T08:20:00+00:00,53.02,53.02,52.98,52.98,4097.0
2026-07-01T08:25:00+00:00,52.99,52.99,52.99,52.99,356.0
2026-07-01T08:40:00+00:00,52.97,52.97,52.97,52.97,300.0
2026-07-01T08:45:00+00:00,52.97,52.99,52.97,52.98,2773.0
2026-07-01T08:50:00+00:00,52.98,52.98,52.97,52.97,1836.0
2026-07-01T08:55:00+00:00,52.95,52.95,52.95,52.95,1212.665722
2026-07-01T09:00:00+00:00,52.94,52.94,52.91,52.91,11415.0
2026-07-01T09:05:00+00:00,52.92,52.93,52.91,52.91,3054.0
2026-07-01T09:10:00+00:00,52.94,52.95,52.91,52.91,1365.0
2026-07-01T09:15:00+00:00,52.91,52.91,52.88,52.88,2747.375646
2026-07-01T09:20:00+00:00,52.89,52.9,52.89,52.9,943.0
2026-07-01T09:25:00+00:00,52.9,52.9,52.9,52.9,120.0
2026-07-01T09:45:00+00:00,52.89,52.89,52.88,52.89,700.0
2026-07-01T09:50:00+00:00,52.9,52.9,52.9,52.9,200.0
2026-07-01T10:00:00+00:00,52.89,52.89,52.88,52.88,885.0
2026-07-01T10:05:00+00:00,52.93,52.93,52.93,52.93,424.0
2026-07-01T10:35:00+00:00,52.94,52.94,52.94,52.94,105.0
2026-07-01T10:45:00+00:00,52.95,52.98,52.95,52.98,630.0
2026-07-01T10:50:00+00:00,52.94,52.94,52.94,52.94,4529.0
2026-07-01T10:55:00+00:00,52.94,52.94,52.94,52.94,602.0
2026-07-01T11:05:00+00:00,52.99,52.9984,52.94,52.95,10021.994
2026-07-01T11:10:00+00:00,52.96,52.97,52.95,52.95,943.0
2026-07-01T11:15:00+00:00,52.96,52.96,52.96,52.96,200.0
2026-07-01T11:25:00+00:00,52.95,52.95,52.94,52.94,463.0
2026-07-01T11:35:00+00:00,52.96,52.96,52.96,52.96,113.0
2026-07-01T11:45:00+00:00,52.97,52.98,52.97,52.98,354.56
2026-07-01T11:50:00+00:00,52.98,52.99,52.98,52.99,715.461
2026-07-01T11:55:00+00:00,53.01,53.04,53.01,53.03,1113.279
2026-07-01T12:00:00+00:00,53.0261,53.04,53.0,53.01,1497.0
2026-07-01T12:05:00+00:00,53.0417,53.0417,52.95,53.02,5450.0
2026-07-01T12:15:00+00:00,52.98,52.98,52.98,52.98,328.0
2026-07-01T12:20:00+00:00,52.98,52.98,52.98,52.98,454.0
2026-07-01T12:25:00+00:00,53.0392,53.0392,53.0392,53.0392,100.0
2026-07-01T12:30:00+00:00,52.95,53.0,52.95,53.0,629.0
2026-07-01T12:35:00+00:00,52.98,52.9943,52.96,52.9943,1550.0
2026-07-01T12:40:00+00:00,52.9768,52.98,52.9768,52.98,366.0
2026-07-01T12:45:00+00:00,52.95,53.0,52.95,52.97,4691.037736
2026-07-01T12:50:00+00:00,52.97,52.97,52.93,52.93,20835.112539
2026-07-01T12:55:00+00:00,52.93,52.95,52.92,52.9439,3011.141745
2026-07-01T13:00:00+00:00,52.94,52.94,52.92,52.92,7739.08
2026-07-01T13:05:00+00:00,52.9404,53.05,52.9361,52.97,7294.565108
2026-07-01T13:10:00+00:00,53.0,53.0,52.9565,52.9565,2504.0
2026-07-01T13:15:00+00:00,52.97,53.0,52.95,52.97,32900.863438
2026-07-01T13:20:00+00:00,52.99,52.99,52.96,52.96,1527.0
2026-07-01T13:25:00+00:00,52.95,52.96,52.93,52.96,21553.0
2026-07-01T13:30:00+00:00,52.99,52.99,52.95,52.99,2501.0
2026-07-01T13:35:00+00:00,53.045,53.33,53.0,53.25,1315164.3169690003
2026-07-01T13:40:00+00:00,53.25,53.44,53.235,53.44,513638.587129
2026-07-01T13:45:00+00:00,53.43,53.43,53.265,53.36,511733.931878
2026-07-01T13:50:00+00:00,53.37,53.425,53.245,53.245,434464.177761
2026-07-01T13:55:00+00:00,53.235,53.42,53.225,53.29,282757.93074700003
2026-07-01T14:00:00+00:00,53.29,53.31,53.22,53.22,232274.172276
2026-07-01T14:05:00+00:00,53.23,53.23,52.97,53.0299,388648.26205599995
2026-07-01T14:10:00+00:00,53.02,53.02,52.865,52.885,476235.537278
2026-07-01T14:15:00+00:00,52.89,52.92,52.745,52.9,605021.5517520001
2026-07-01T14:20:00+00:00,52.91,52.945,52.885,52.925,420723.889493
2026-07-01T14:25:00+00:00,52.925,53.0,52.865,52.88,237394.152902
2026-07-01T14:30:00+00:00,52.87,52.87,52.7,52.7012,269778.707476
2026-07-01T14:35:00+00:00,52.705,52.75,52.62,52.7,1137605.1251240002
2026-07-01T14:40:00+00:00,52.705,52.8,52.68,52.79,219605.169644
2026-07-01T14:45:00+00:00,52.79,52.85,52.78,52.81,180063.528106
2026-07-01T14:50:00+00:00,52.8099,52.84,52.675,52.68,340002.32750899997
2026-07-01T14:55:00+00:00,52.68,52.72,52.62,52.7,296687.360034
2026-07-01T15:00:00+00:00,52.695,52.725,52.645,52.65,285143.042372
2026-07-01T15:05:00+00:00,52.655,52.71,52.625,52.7,191658.945884
2026-07-01T15:10:00+00:00,52.7,52.77,52.68,52.755,197700.679434
2026-07-01T15:15:00+00:00,52.76,52.96,52.75,52.93,267750.516057
2026-07-01T15:20:00+00:00,52.935,52.94,52.87,52.92,317330.918393
2026-07-01T15:25:00+00:00,52.915,52.93,52.85,52.865,161413.667196
2026-07-01T15:30:00+00:00,52.865,52.875,52.79,52.795,146865.85844799998
2026-07-01T15:35:00+00:00,52.8,52.88,52.79,52.88,182976.50942
2026-07-01T15:40:00+00:00,52.87,52.935,52.86,52.885,212283.132876
2026-07-01T15:45:00+00:00,52.885,52.975,52.88,52.965,341614.20278199995
2026-07-01T15:50:00+00:00,52.97,53.05,52.945,53.02,221787.058158
2026-07-01T15:55:00+00:00,53.03,53.04,52.995,53.01,187372.57953400002
2026-07-01T16:00:00+00:00,53.01,53.035,52.975,53.0,215561.143964
2026-07-01T16:05:00+00:00,53.0,53.085,52.985,53.06,195832.58357400002
2026-07-01T16:10:00+00:00,53.06,53.09,53.03,53.045,262452.35129
2026-07-01T16:15:00+00:00,53.04,53.05,52.985,53.03,268033.81989800005
2026-07-01T16:20:00+00:00,53.02,53.065,53.01,53.04,135283.411295
2026-07-01T16:25:00+00:00,53.04,53.08,53.04,53.05,122862.029947
2026-07-01T16:30:00+00:00,53.055,53.055,52.975,53.05,442516.83477200003
2026-07-01T16:35:00+00:00,53.055,53.115,53.055,53.1055,142788.31793800002
2026-07-01T16:40:00+00:00,53.1,53.1089,53.07,53.08,162996.010259
2026-07-01T16:45:00+00:00,53.075,53.125,53.06,53.0945,174950.00879700002
2026-07-01T16:50:00+00:00,53.1,53.115,53.055,53.07,137168.108081
2026-07-01T16:55:00+00:00,53.07,53.075,53.02,53.035,179507.78909500001
2026-07-01T17:00:00+00:00,53.04,53.04,52.995,53.005,287880.070724
2026-07-01T17:05:00+00:00,53.0,53.015,52.9,52.945,1038116.694882
2026-07-01T17:10:00+00:00,52.945,52.9599,52.855,52.895,252532.90737600002
2026-07-01T17:15:00+00:00,52.895,52.964,52.895,52.96,877792.0939170001
2026-07-01T17:20:00+00:00,52.965,52.99,52.935,52.96,100465.18681300001
2026-07-01T17:25:00+00:00,52.96,52.98,52.93,52.935,128189.828809
2026-07-01T17:30:00+00:00,52.93,52.96,52.92,52.9599,152890.032784
2026-07-01T17:35:00+00:00,52.95,53.04,52.95,53.025,806585.156973
2026-07-01T17:40:00+00:00,53.025,53.035,52.99,52.995,131515.376308
2026-07-01T17:45:00+00:00,52.995,52.995,52.925,52.94,128973.07884
2026-07-01T17:50:00+00:00,52.935,52.945,52.9,52.91,318787.888765
2026-07-01T17:55:00+00:00,52.915,52.915,52.845,52.87,513770.24498799996
2026-07-01T18:00:00+00:00,52.875,52.91,52.86,52.89,174860.716899
2026-07-01T18:05:00+00:00,52.89,52.965,52.89,52.945,442427.199109
2026-07-01T18:10:00+00:00,52.95,52.96,52.875,52.88,322502.18269399996
2026-07-01T18:15:00+00:00,52.885,52.905,52.86,52.865,173407.64504
2026-07-01T18:20:00+00:00,52.865,52.87,52.83,52.865,236024.398913
2026-07-01T18:25:00+00:00,52.86,52.865,52.76,52.775,655772.713666
2026-07-01T18:30:00+00:00,52.775,52.855,52.755,52.855,216260.044786
2026-07-01T18:35:00+00:00,52.855,52.91,52.835,52.91,267629.509119
2026-07-01T18:40:00+00:00,52.91,52.93,52.89,52.91,189376.10078799998
2026-07-01T18:45:00+00:00,52.91,52.94,52.895,52.9301,283049.251311
2026-07-01T18:50:00+00:00,52.94,52.945,52.88,52.91,155850.34232800003
2026-07-01T18:55:00+00:00,52.905,52.92,52.87,52.875,179063.763355
2026-07-01T19:00:00+00:00,52.87,52.875,52.76,52.855,2508462.8834880004
2026-07-01T19:05:00+00:00,52.855,52.865,52.805,52.805,143444.702632
2026-07-01T19:10:00+00:00,52.81,52.825,52.79,52.79,188881.352374
2026-07-01T19:15:00+00:00,52.79,52.83,52.77,52.825,297142.742062
2026-07-01T19:20:00+00:00,52.825,52.86,52.805,52.815,402117.503732
2026-07-01T19:25:00+00:00,52.815,52.835,52.8,52.815,604657.572292
2026-07-01T19:30:00+00:00,52.815,52.815,52.73,52.765,366436.230912
2026-07-01T19:35:00+00:00,52.765,52.77,52.715,52.7543,403797.627814
2026-07-01T19:40:00+00:00,52.76,52.84,52.755,52.8,300649.197219
2026-07-01T19:45:00+00:00,52.79,52.87,52.79,52.84,278518.865159
2026-07-01T19:50:00+00:00,52.835,52.86,52.795,52.805,593996.3806700001
2026-07-01T19:55:00+00:00,52.8,52.82,52.7,52.71,1487853.939733
2026-07-01T20:00:00+00:00,52.72,52.82,52.7,52.82,2695452.32072
2026-07-01T20:05:00+00:00,52.81,52.96,52.7,52.96,493345.396839
2026-07-01T20:10:00+00:00,52.7956,52.87,52.7956,52.83,3396.0
2026-07-01T20:45:00+00:00,52.84,52.84,52.84,52.84,320.0
2026-07-01T20:50:00+00:00,52.85,52.88,52.76,52.88,5161.0
2026-07-01T20:55:00+00:00,52.81,52.81,52.81,52.81,101.0
2026-07-01T21:05:00+00:00,52.89,52.89,52.89,52.89,100.0
2026-07-01T21:15:00+00:00,52.8796,52.8796,52.8796,52.8796,100.0
2026-07-01T21:25:00+00:00,52.85,52.85,52.85,52.85,113.0
2026-07-01T21:30:00+00:00,52.89,52.89,52.89,52.89,200.0
2026-07-01T21:35:00+00:00,52.81,52.81,52.81,52.81,101.0
2026-07-01T21:40:00+00:00,52.82,52.82,52.82,52.82,107.0
2026-07-01T22:05:00+00:00,52.83,52.83,52.83,52.83,445.0
2026-07-01T22:10:00+00:00,52.9,52.9,52.9,52.9,131.0
2026-07-01T22:25:00+00:00,52.85,52.85,52.85,52.85,242.0
2026-07-01T22:30:00+00:00,52.84,52.84,52.76,52.76,51909.0
2026-07-01T22:40:00+00:00,52.84,52.8732,52.84,52.8732,1271.0
2026-07-01T22:45:00+00:00,52.8,52.8,52.8,52.8,564.0
2026-07-01T23:15:00+00:00,52.7731,52.7731,52.7731,52.7731,300.0
2026-07-01T23:50:00+00:00,52.78,52.78,52.78,52.78,250.0
2026-07-02T08:05:00+00:00,53.0,53.0,52.69,52.7,13990.858994
2026-07-02T08:10:00+00:00,52.7,52.98,52.7,52.98,15325.0
2026-07-02T08:20:00+00:00,53.05,53.05,53.05,53.05,216.0
2026-07-02T08:25:00+00:00,53.03,53.03,53.03,53.03,203.0
2026-07-02T08:35:00+00:00,53.05,53.08,53.03,53.05,2222.0
2026-07-02T09:20:00+00:00,53.07,53.07,53.07,53.07,470.0
2026-07-02T09:35:00+00:00,53.07,53.07,53.07,53.07,370.0
2026-07-02T09:40:00+00:00,53.08,53.08,53.08,53.08,130.0
2026-07-02T10:00:00+00:00,53.09,53.09,53.09,53.09,1145.0
2026-07-02T10:05:00+00:00,53.07,53.07,53.07,53.07,100.0
2026-07-02T10:10:00+00:00,53.04,53.07,53.02,53.07,7517.0
2026-07-02T10:15:00+00:00,53.0,53.03,53.0,53.02,3303.0
2026-07-02T10:30:00+00:00,53.03,53.03,53.02,53.03,4266.0
2026-07-02T10:40:00+00:00,53.08,53.09,53.08,53.09,200.0
2026-07-02T10:50:00+00:00,53.09,53.09,53.07,53.09,3006.0
2026-07-02T10:55:00+00:00,53.08,53.08,53.08,53.08,158.0
2026-07-02T11:00:00+00:00,53.13,53.13,53.04,53.04,2161.0
2026-07-02T11:05:00+00:00,53.0214,53.0382,53.0,53.03,3992.0
2026-07-02T11:10:00+00:00,53.0,53.0,53.0,53.0,1560.0
2026-07-02T11:15:00+00:00,52.97,52.97,52.93,52.93,4287.094154
2026-07-02T11:30:00+00:00,53.08,53.08,53.07,53.07,1967.0
2026-07-02T11:35:00+00:00,52.98,52.98,52.92,52.94,5200.0
2026-07-02T11:40:00+00:00,52.95,52.95,52.8969,52.8969,2215.2400000000002
2026-07-02T11:45:00+00:00,52.99,52.99,52.98,52.98,856.219
2026-07-02T11:50:00+00:00,53.06,53.06,53.0,53.0,980.546
2026-07-02T11:55:00+00:00,52.98,52.98,52.98,52.98,200.0
2026-07-02T12:05:00+00:00,53.02,53.02,53.02,53.02,603.0
2026-07-02T12:10:00+00:00,52.98,53.01,52.98,53.01,1132.0
2026-07-02T12:15:00+00:00,52.98,53.0,52.93,53.0,3847.0
2026-07-02T12:20:00+00:00,52.98,52.98,52.96,52.96,945.0
2026-07-02T12:25:00+00:00,52.96,52.96,52.96,52.96,500.0
2026-07-02T12:30:00+00:00,52.9679,53.02,52.96,53.02,2340.0
2026-07-02T12:35:00+00:00,53.02,53.03,53.02,53.0292,1267.0
2026-07-02T12:40:00+00:00,53.0292,53.05,53.01,53.01,4777.000201
2026-07-02T12:45:00+00:00,53.0,53.0,52.97,52.9784,4942.0
2026-07-02T12:50:00+00:00,53.0,53.05,53.0,53.05,5530.0
2026-07-02T12:55:00+00:00,53.06,53.06,53.02,53.02,3539.0
2026-07-02T13:00:00+00:00,53.06,53.0691,53.06,53.0691,720.0
2026-07-02T13:05:00+00:00,53.0526,53.0541,53.04,53.04,654.0
2026-07-02T13:10:00+00:00,53.07,53.0897,53.03,53.07,11311.2619
2026-07-02T13:15:00+00:00,53.07,53.09,53.05,53.09,4897.0
2026-07-02T13:20:00+00:00,53.08,53.08,53.06,53.08,704.0
2026-07-02T13:25:00+00:00,53.1,53.11,53.1,53.1,3544.0
2026-07-02T13:30:00+00:00,53.06,53.25,53.05,53.25,7075.0
2026-07-02T13:35:00+00:00,53.24,53.405,53.07,53.19,1325672.0094499998
2026-07-02T13:40:00+00:00,53.185,53.29,53.125,53.275,721491.1165189999
2026-07-02T13:45:00+00:00,53.275,53.49,53.23,53.48,539034.754543
2026-07-02T13:50:00+00:00,53.49,53.625,53.445,53.615,603655.190751
2026-07-02T13:55:00+00:00,53.615,53.65,53.465,53.475,543731.2382970001
2026-07-02T14:00:00+00:00,53.48,53.49,53.38,53.405,382600.63514699996
2026-07-02T14:05:00+00:00,53.405,53.405,53.225,53.3,478485.38319400005
2026-07-02T14:10:00+00:00,53.3,53.325,53.14,53.21,333072.197611
2026-07-02T14:15:00+00:00,53.205,53.28,53.135,53.255,390359.52164099994
2026-07-02T14:20:00+00:00,53.25,53.419,53.25,53.37,211633.204008
2026-07-02T14:25:00+00:00,53.37,53.38,53.27,53.34,288734.25100600003
2026-07-02T14:30:00+00:00,53.335,53.44,53.33,53.405,194472.691941
2026-07-02T14:35:00+00:00,53.41,53.51,53.38,53.5,259639.254981
2026-07-02T14:40:00+00:00,53.495,53.53,53.395,53.43,305103.488396
2026-07-02T14:45:00+00:00,53.42,53.46,53.355,53.445,923171.229325
2026-07-02T14:50:00+00:00,53.445,53.46,53.28,53.29,555314.574991
2026-07-02T14:55:00+00:00,53.29,53.33,53.23,53.32,430032.260413
2026-07-02T15:00:00+00:00,53.31,53.35,53.24,53.275,327730.80302500003
2026-07-02T15:05:00+00:00,53.275,53.305,53.195,53.2,224493.005491
2026-07-02T15:10:00+00:00,53.205,53.245,53.165,53.23,220477.80738399999
2026-07-02T15:15:00+00:00,53.2351,53.4,53.23,53.36,172127.625863
2026-07-02T15:20:00+00:00,53.36,53.445,53.32,53.36,329675.312324
2026-07-02T15:25:00+00:00,53.36,53.39,53.325,53.33,163122.44932899997
2026-07-02T15:30:00+00:00,53.33,53.355,53.215,53.22,193628.55431099999
2026-07-02T15:35:00+00:00,53.225,53.225,53.115,53.125,243882.77781200001
2026-07-02T15:40:00+00:00,53.125,53.125,53.03,53.07,192415.89150099998
2026-07-02T15:45:00+00:00,53.08,53.1,53.03,53.04,183717.777134
2026-07-02T15:50:00+00:00,53.05,53.05,52.975,53.0,204521.9494
2026-07-02T15:55:00+00:00,52.995,53.05,52.965,53.04,177755.23826
2026-07-02T16:00:00+00:00,53.04,53.0567,53.015,53.045,111672.25607799999
2026-07-02T16:05:00+00:00,53.045,53.075,53.025,53.035,223450.412172
2026-07-02T16:10:00+00:00,53.035,53.105,53.01,53.095,252561.958941
2026-07-02T16:15:00+00:00,53.095,53.135,53.065,53.065,1124506.518934
2026-07-02T16:20:00+00:00,53.06,53.085,53.035,53.068,193140.291324
2026-07-02T16:25:00+00:00,53.065,53.11,53.065,53.075,160084.588797
2026-07-02T16:30:00+00:00,53.075,53.09,53.05,53.05,222105.015908
2026-07-02T16:35:00+00:00,53.055,53.0599,53.015,53.02,111778.36347899999
2026-07-02T16:40:00+00:00,53.0199,53.065,53.0,53.055,229989.101156
2026-07-02T16:45:00+00:00,53.055,53.075,53.015,53.0364,299982.65369
2026-07-02T16:50:00+00:00,53.035,53.05,52.975,53.045,257568.503189
2026-07-02T16:55:00+00:00,53.05,53.12,53.05,53.07,243031.55104
2026-07-02T17:00:00+00:00,53.07,53.095,53.04,53.0698,153908.02573700002
2026-07-02T17:05:00+00:00,53.07,53.12,53.055,53.095,266537.20115499996
2026-07-02T17:10:00+00:00,53.09,53.125,53.07,53.125,100257.44813699998
2026-07-02T17:15:00+00:00,53.13,53.19,53.11,53.19,109813.684179
2026-07-02T17:20:00+00:00,53.185,53.23,53.125,53.125,167137.75557100002
2026-07-02T17:25:00+00:00,53.125,53.13,53.09,53.125,111595.769684
2026-07-02T17:30:00+00:00,53.12,53.145,53.0999,53.105,145530.304554
2026-07-02T17:35:00+00:00,53.1,53.11,53.07,53.075,160816.061063
2026-07-02T17:40:00+00:00,53.0797,53.14,53.075,53.1,189025.29594500002
2026-07-02T17:45:00+00:00,53.105,53.105,53.03,53.065,124962.86537500001
2026-07-02T17:50:00+00:00,53.06,53.085,53.03,53.035,125916.606872
2026-07-02T17:55:00+00:00,53.035,53.035,53.0,53.025,93852.89008600001
2026-07-02T18:00:00+00:00,53.025,53.025,52.975,53.005,231850.15831600002
2026-07-02T18:05:00+00:00,53.005,53.04,52.965,52.965,177760.074881
2026-07-02T18:10:00+00:00,52.97,53.005,52.95,53.005,175256.29608500004
2026-07-02T18:15:00+00:00,53.005,53.01,52.97,53.0,263537.850629
2026-07-02T18:20:00+00:00,52.995,53.1,52.995,53.095,167949.66898199997
2026-07-02T18:25:00+00:00,53.09,53.17,53.07,53.135,209360.366859
2026-07-02T18:30:00+00:00,53.135,53.135,53.085,53.105,173902.98937
2026-07-02T18:35:00+00:00,53.105,53.13,53.075,53.08,287541.069072
2026-07-02T18:40:00+00:00,53.085,53.125,53.06,53.11,216217.974473
2026-07-02T18:45:00+00:00,53.11,53.13,53.085,53.09,212472.82548700002
2026-07-02T18:50:00+00:00,53.085,53.11,53.06,53.08,241377.30171899998
2026-07-02T18:55:00+00:00,53.08,53.1,53.045,53.055,221183.453127
2026-07-02T19:00:00+00:00,53.06,53.09,53.04,53.04,324242.54263299995
2026-07-02T19:05:00+00:00,53.045,53.05,53.0,53.015,217955.99781
2026-07-02T19:10:00+00:00,53.02,53.025,52.93,52.9663,304288.25566699996
2026-07-02T19:15:00+00:00,52.96,52.96,52.91,52.95,285511.54434799997
2026-07-02T19:20:00+00:00,52.945,52.965,52.91,52.96,167496.11836
2026-07-02T19:25:00+00:00,52.955,53.0165,52.95,53.015,304308.409607
2026-07-02T19:30:00+00:00,53.015,53.11,53.01,53.09,290526.114179
2026-07-02T19:35:00+00:00,53.085,53.1,53.05,53.055,498680.732738
2026-07-02T19:40:00+00:00,53.0512,53.125,53.02,53.125,607460.3537030001
2026-07-02T19:45:00+00:00,53.12,53.22,53.11,53.205,839959.022046
2026-07-02T19:50:00+00:00,53.2,53.28,53.195,53.245,666714.3629910001
2026-07-02T19:55:00+00:00,53.245,53.25,53.145,53.17,1312868.220482
2026-07-02T20:00:00+00:00,53.17,53.26,53.105,53.23,2733810.59141
2026-07-02T20:05:00+00:00,53.22,53.22,53.19,53.19,31616.645877
2026-07-02T20:10:00+00:00,53.2561,53.26,53.2561,53.26,911.0
2026-07-02T20:15:00+00:00,53.26,53.26,53.22,53.245,21398.816795
2026-07-02T20:20:00+00:00,53.2582,53.2582,53.2582,53.2582,450.0
2026-07-02T20:25:00+00:00,53.2522,53.2596,53.22,53.2596,888.0
2026-07-02T20:30:00+00:00,53.23,53.23,53.23,53.23,1220.0
2026-07-02T20:40:00+00:00,53.2138,53.2138,53.2138,53.2138,132.0
2026-07-02T20:45:00+00:00,53.24,53.24,53.23,53.23,500.0
2026-07-02T20:55:00+00:00,53.21,53.24,53.21,53.21,4796.0
2026-07-02T21:00:00+00:00,53.21,53.21,53.21,53.21,361.0
2026-07-02T21:05:00+00:00,53.2,53.2,53.16,53.16,2221.0
2026-07-02T21:20:00+00:00,53.2499,53.2499,53.2499,53.2499,150.0
2026-07-02T21:25:00+00:00,53.1299,53.1299,53.1299,53.1299,501.0
2026-07-02T21:30:00+00:00,53.19,53.19,53.19,53.19,100.0
2026-07-02T21:40:00+00:00,53.15,53.15,53.1,53.1,8700.0
2026-07-02T21:45:00+00:00,53.19,53.19,53.19,53.19,100.0
2026-07-02T22:00:00+00:00,53.08,53.08,53.0,53.0,52072.0
2026-07-02T22:15:00+00:00,53.13,53.14,53.12,53.14,2972.0
2026-07-02T22:35:00+00:00,53.05,53.05,53.05,53.05,121.0
2026-07-02T22:45:00+00:00,53.06,53.1,53.06,53.1,924.0
2026-07-02T22:50:00+00:00,53.1,53.1,53.09,53.09,660.0
2026-07-02T23:00:00+00:00,53.08,53.08,53.08,53.08,216.0
2026-07-02T23:05:00+00:00,53.08,53.09,53.08,53.09,414.0
2026-07-02T23:10:00+00:00,53.04,53.09,53.04,53.09,440.0
2026-07-02T23:15:00+00:00,53.09,53.09,53.08,53.09,1140.0
2026-07-02T23:20:00+00:00,53.0999,53.0999,53.0999,53.0999,300.0
2026-07-02T23:35:00+00:00,53.1,53.1,53.1,53.1,900.0
2026-07-02T23:45:00+00:00,53.0793,53.08,53.0793,53.08,3946.0
2026-07-02T23:50:00+00:00,53.12,53.14,53.12,53.12,2674.0
2026-07-03T00:00:00+00:00,53.18,53.18,53.18,53.18,100.0
2026-07-06T08:05:00+00:00,53.15,53.15,53.03,53.1,13276.594806000001
2026-07-06T08:10:00+00:00,53.16,53.19,52.97,53.06,25383.0
2026-07-06T08:25:00+00:00,53.07,53.08,53.07,53.08,438.0
2026-07-06T08:35:00+00:00,53.06,53.06,53.05,53.05,3221.601215
2026-07-06T08:45:00+00:00,53.05,53.05,53.05,53.05,132.0
2026-07-06T08:50:00+00:00,53.05,53.05,53.05,53.05,231.0
2026-07-06T09:00:00+00:00,53.04,53.04,53.02,53.02,1694.0
2026-07-06T09:05:00+00:00,53.1,53.1,53.08,53.09,1501.0
2026-07-06T09:10:00+00:00,53.04,53.04,53.04,53.04,100.0
2026-07-06T09:15:00+00:00,53.03,53.03,53.03,53.03,350.0
2026-07-06T09:30:00+00:00,53.02,53.05,53.0,53.04,2970.0
2026-07-06T09:40:00+00:00,53.03,53.03,53.02,53.02,2498.0
2026-07-06T09:45:00+00:00,53.02,53.02,53.01,53.01,1831.0
2026-07-06T09:55:00+00:00,53.03,53.03,52.99,52.99,2055.0
2026-07-06T10:00:00+00:00,52.98,52.98,52.96,52.96,6671.188682
2026-07-06T10:40:00+00:00,53.05,53.05,53.05,53.05,2530.0
2026-07-06T11:05:00+00:00,53.0888,53.09,53.03,53.09,5701.0
2026-07-06T11:10:00+00:00,53.07,53.1,53.06,53.09,6198.0
2026-07-06T11:25:00+00:00,53.07,53.07,53.07,53.07,375.0
2026-07-06T11:35:00+00:00,53.0997,53.0997,53.0,53.03,3785.0
2026-07-06T11:40:00+00:00,53.04,53.04,52.99,52.99,3339.2
2026-07-06T11:45:00+00:00,53.04,53.04,53.03,53.04,907.085
2026-07-06T11:50:00+00:00,53.03,53.03,52.9978,53.01,3974.8793010000004
2026-07-06T11:55:00+00:00,53.06,53.06,53.03,53.03,602.454
2026-07-06T12:00:00+00:00,52.99,52.99,52.99,52.99,1500.8495
2026-07-06T12:05:00+00:00,53.01,53.02,53.0,53.02,308.409
2026-07-06T12:15:00+00:00,53.03,53.05,53.03,53.05,4253.11
2026-07-06T12:20:00+00:00,52.996,53.03,52.98,52.98,4778.903457
2026-07-06T12:25:00+00:00,52.98,52.98,52.95,52.96,4027.607
2026-07-06T12:30:00+00:00,52.95,52.96,52.9126,52.9126,13520.898000000001
2026-07-06T12:35:00+00:00,52.97,52.97,52.92,52.94,5467.0
2026-07-06T12:40:00+00:00,52.9372,52.99,52.92,52.99,11545.0
2026-07-06T12:50:00+00:00,53.0,53.0,53.0,53.0,415.0
2026-07-06T12:55:00+00:00,52.99,52.99,52.99,52.99,179.0
2026-07-06T13:00:00+00:00,52.98,52.98,52.94,52.95,5363.0
2026-07-06T13:05:00+00:00,52.95,52.97,52.95,52.95,1236.0
2026-07-06T13:10:00+00:00,52.92,52.92,52.88,52.89,11237.039891
2026-07-06T13:15:00+00:00,52.9495,52.95,52.92,52.95,1974.0
2026-07-06T13:25:00+00:00,52.94,52.97,52.94,52.94,5806.0
2026-07-06T13:30:00+00:00,52.94,53.01,52.91,53.01,13415.179819
2026-07-06T13:35:00+00:00,53.058,53.33,53.0,53.14,1191242.046757
2026-07-06T13:40:00+00:00,53.135,53.375,53.06,53.37,395346.302073
2026-07-06T13:45:00+00:00,53.37,53.45,53.26,53.365,359833.990292
2026-07-06T13:50:00+00:00,53.36,53.45,53.295,53.39,280165.20606800006
2026-07-06T13:55:00+00:00,53.39,53.53,53.295,53.53,237051.54340899998
2026-07-06T14:00:00+00:00,53.525,53.55,53.405,53.53,308954.63973399997
2026-07-06T14:05:00+00:00,53.53,53.53,53.415,53.455,318766.65998
2026-07-06T14:10:00+00:00,53.455,53.46,53.32,53.37,396555.02691899997
2026-07-06T14:15:00+00:00,53.37,53.43,53.255,53.275,250972.175482
2026-07-06T14:20:00+00:00,53.27,53.29,53.17,53.265,196749.17732100002
2026-07-06T14:25:00+00:00,53.26,53.475,53.26,53.45,208425.87864399998
2026-07-06T14:30:00+00:00,53.455,53.54,53.45,53.47,188315.99616600003
2026-07-06T14:35:00+00:00,53.475,53.505,53.31,53.315,300074.60311399994
2026-07-06T14:40:00+00:00,53.315,53.32,53.26,53.305,289304.64105000003
2026-07-06T14:45:00+00:00,53.3,53.33,53.245,53.33,398296.89777399995
2026-07-06T14:50:00+00:00,53.335,53.355,53.285,53.315,163440.04413300002
2026-07-06T14:55:00+00:00,53.315,53.32,53.215,53.235,293178.163663
2026-07-06T15:00:00+00:00,53.2397,53.31,53.235,53.28,304466.51623999997
2026-07-06T15:05:00+00:00,53.28,53.3,53.19,53.21,311682.00506
2026-07-06T15:10:00+00:00,53.215,53.335,53.2003,53.335,177424.464735
2026-07-06T15:15:00+00:00,53.34,53.39,53.33,53.375,145531.42579
2026-07-06T15:20:00+00:00,53.375,53.415,53.365,53.415,152406.95807199998
2026-07-06T15:25:00+00:00,53.415,53.42,53.33,53.355,188115.208644
2026-07-06T15:30:00+00:00,53.355,53.38,53.34,53.36,266475.665296
2026-07-06T15:35:00+00:00,53.37,53.385,53.3,53.32,387913.743731
2026-07-06T15:40:00+00:00,53.33,53.3369,53.25,53.315,215585.521401
2026-07-06T15:45:00+00:00,53.31,53.31,53.19,53.19,133649.79856700002
2026-07-06T15:50:00+00:00,53.2,53.215,53.16,53.19,128325.886749
2026-07-06T15:55:00+00:00,53.195,53.255,53.175,53.2368,85006.193776
2026-07-06T16:00:00+00:00,53.235,53.24,53.16,53.195,118238.993099
2026-07-06T16:05:00+00:00,53.195,53.215,53.17,53.21,121102.952825
2026-07-06T16:10:00+00:00,53.21,53.21,53.14,53.1501,518986.989879
2026-07-06T16:15:00+00:00,53.15,53.15,53.04,53.11,1355604.2762429998
2026-07-06T16:20:00+00:00,53.11,53.15,53.09,53.147,213671.86353600002
2026-07-06T16:25:00+00:00,53.145,53.2,53.1,53.195,130245.942439
2026-07-06T16:30:00+00:00,53.195,53.23,53.1803,53.22,117662.314005
2026-07-06T16:35:00+00:00,53.225,53.23,53.135,53.16,346662.254044
2026-07-06T16:40:00+00:00,53.17,53.21,53.165,53.18,143644.335055
2026-07-06T16:45:00+00:00,53.19,53.2,53.15,53.18,228788.06896
2026-07-06T16:50:00+00:00,53.185,53.2,53.175,53.18,136971.863913
2026-07-06T16:55:00+00:00,53.18,53.19,53.16,53.18,109101.326726
2026-07-06T17:00:00+00:00,53.185,53.21,53.165,53.205,95946.09475799999
2026-07-06T17:05:00+00:00,53.21,53.24,53.19,53.195,215618.595499
2026-07-06T17:10:00+00:00,53.2,53.235,53.19,53.235,123755.78817700001
2026-07-06T17:15:00+00:00,53.23,53.23,53.175,53.21,170576.818081
2026-07-06T17:20:00+00:00,53.21,53.215,53.175,53.2,110054.725045
2026-07-06T17:25:00+00:00,53.21,53.26,53.21,53.24,94443.18318300002
2026-07-06T17:30:00+00:00,53.235,53.255,53.21,53.235,156661.780058
2026-07-06T17:35:00+00:00,53.235,53.3,53.235,53.2601,92604.143608
2026-07-06T17:40:00+00:00,53.265,53.3,53.26,53.28,95830.962038
2026-07-06T17:45:00+00:00,53.285,53.3,53.265,53.27,136531.614619
2026-07-06T17:50:00+00:00,53.275,53.3,53.255,53.29,119832.52841500001
2026-07-06T17:55:00+00:00,53.285,53.3,53.27,53.27,101903.477868
2026-07-06T18:00:00+00:00,53.27,53.275,53.241,53.27,122937.41533499998
2026-07-06T18:05:00+00:00,53.275,53.365,53.27,53.365,155563.28573399998
2026-07-06T18:10:00+00:00,53.365,53.38,53.31,53.31,113455.86004200001
2026-07-06T18:15:00+00:00,53.31,53.33,53.295,53.315,115707.137764
2026-07-06T18:20:00+00:00,53.31,53.38,53.3,53.37,118597.19206100001
2026-07-06T18:25:00+00:00,53.37,53.375,53.265,53.265,179307.127347
2026-07-06T18:30:00+00:00,53.265,53.275,53.22,53.235,186562.481155
2026-07-06T18:35:00+00:00,53.235,53.24,53.1801,53.235,181139.952976
2026-07-06T18:40:00+00:00,53.24,53.25,53.22,53.225,140060.777179
2026-07-06T18:45:00+00:00,53.225,53.245,53.22,53.2351,169898.547955
2026-07-06T18:50:00+00:00,53.23,53.245,53.2,53.23,214869.946889
2026-07-06T18:55:00+00:00,53.225,53.25,53.22,53.23,91552.240902
2026-07-06T19:00:00+00:00,53.235,53.26,53.23,53.26,156422.079151
2026-07-06T19:05:00+00:00,53.255,53.2587,53.205,53.22,185979.542935
2026-07-06T19:10:00+00:00,53.215,53.215,53.11,53.11,175654.213001
2026-07-06T19:15:00+00:00,53.11,53.12,53.04,53.09,212948.41608
2026-07-06T19:20:00+00:00,53.095,53.1,53.06,53.08,210315.96524400002
2026-07-06T19:25:00+00:00,53.085,53.09,53.05,53.085,276668.587092
2026-07-06T19:30:00+00:00,53.085,53.13,53.085,53.125,341019.598077
2026-07-06T19:35:00+00:00,53.125,53.18,53.115,53.17,447865.368919
2026-07-06T19:40:00+00:00,53.17,53.2,53.15,53.195,218392.55579100002
2026-07-06T19:45:00+00:00,53.2,53.27,53.195,53.24,655690.804966
2026-07-06T19:50:00+00:00,53.235,53.31,53.235,53.2503,680186.121394
2026-07-06T19:55:00+00:00,53.25,53.33,53.2,53.205,856628.517426
2026-07-06T20:00:00+00:00,53.2,53.22,53.11,53.15,2098572.508924
2026-07-06T20:05:00+00:00,53.13,53.2431,53.13,53.2431,27401.977384
2026-07-06T20:10:00+00:00,53.22,53.22,53.19,53.19,3360.0
2026-07-06T20:15:00+00:00,53.18,53.18,53.18,53.18,231.0
2026-07-06T20:30:00+00:00,53.25,53.25,53.25,53.25,245.0
2026-07-06T20:50:00+00:00,53.18,53.18,53.18,53.18,201.0
2026-07-06T21:00:00+00:00,53.1891,53.1891,53.1891,53.1891,200.0
2026-07-06T21:05:00+00:00,53.18,53.18,53.18,53.18,200.0
2026-07-06T21:15:00+00:00,53.21,53.24,53.18,53.19,863.0
2026-07-06T21:25:00+00:00,53.23,53.29,53.22,53.28,8534.0
2026-07-06T21:35:00+00:00,53.28,53.28,53.2541,53.26,2118.0
2026-07-06T21:40:00+00:00,53.2501,53.26,53.1788,53.18,15510.0
2026-07-06T21:45:00+00:00,53.11,53.11,53.11,53.11,381.0
2026-07-06T22:00:00+00:00,53.21,53.21,53.21,53.21,171.0
2026-07-06T22:35:00+00:00,53.19,53.19,53.13,53.13,4808.0
2026-07-06T23:00:00+00:00,53.12,53.24,53.12,53.24,282.0
2026-07-06T23:05:00+00:00,53.24,53.24,53.24,53.24,106.0
2026-07-06T23:20:00+00:00,53.26,53.26,53.26,53.26,100.0
2026-07-07T08:05:00+00:00,53.48,53.59,53.43,53.59,6717.0303
2026-07-07T08:10:00+00:00,53.57,53.64,53.46,53.55,6023.0
2026-07-07T08:15:00+00:00,53.51,53.56,53.5,53.56,6817.211636
2026-07-07T08:25:00+00:00,53.52,53.53,53.52,53.53,3250.0
2026-07-07T08:45:00+00:00,53.59,53.59,53.59,53.59,496.0
2026-07-07T09:00:00+00:00,53.58,53.59,53.58,53.59,546.0
2026-07-07T09:10:00+00:00,53.65,53.65,53.58,53.6,2231.0
2026-07-07T09:15:00+00:00,53.63,53.65,53.63,53.65,574.0
2026-07-07T09:35:00+00:00,53.56,53.56,53.56,53.56,100.0
2026-07-07T09:45:00+00:00,53.57,53.57,53.57,53.57,466.0
2026-07-07T09:50:00+00:00,53.55,53.57,53.55,53.56,4017.0
2026-07-07T09:55:00+00:00,53.55,53.55,53.55,53.55,393.0
2026-07-07T10:20:00+00:00,53.59,53.59,53.59,53.59,1455.0
2026-07-07T11:00:00+00:00,53.64,53.64,53.63,53.64,673.0
2026-07-07T11:05:00+00:00,53.61,53.61,53.5905,53.61,1286.0
2026-07-07T11:10:00+00:00,53.6658,53.6658,53.6658,53.6658,500.0
2026-07-07T11:15:00+00:00,53.64,53.65,53.64,53.64,1521.0
2026-07-07T11:20:00+00:00,53.64,53.64,53.64,53.64,312.0
2026-07-07T11:25:00+00:00,53.64,53.67,53.63,53.67,2862.0
2026-07-07T11:35:00+00:00,53.66,53.66,53.6104,53.6104,5253.0
2026-07-07T11:40:00+00:00,53.66,53.66,53.66,53.66,1001.402
2026-07-07T11:45:00+00:00,53.65,53.65,53.6,53.63,2302.57
2026-07-07T11:50:00+00:00,53.67,53.67,53.61,53.61,426.565
2026-07-07T12:00:00+00:00,53.63,53.63,53.61,53.61,1025.085
2026-07-07T12:15:00+00:00,53.64,53.6435,53.61,53.61,4067.0
2026-07-07T12:20:00+00:00,53.65,53.65,53.6496,53.6496,235.0
2026-07-07T12:30:00+00:00,53.63,53.63,53.57,53.57,6329.66709
2026-07-07T12:35:00+00:00,53.57,53.6395,53.55,53.57,16601.0
2026-07-07T12:40:00+00:00,53.57,53.58,53.55,53.58,4455.0
2026-07-07T12:45:00+00:00,53.57,53.59,53.57,53.59,2396.0
2026-07-07T12:50:00+00:00,53.57,53.57,53.57,53.57,392.0
2026-07-07T12:55:00+00:00,53.6191,53.6191,53.6191,53.6191,117.0
2026-07-07T13:00:00+00:00,53.59,53.6105,53.57,53.6105,3875.0
2026-07-07T13:05:00+00:00,53.6092,53.6092,53.5,53.59,2033.0
2026-07-07T13:20:00+00:00,53.605,53.605,53.605,53.605,280.0
2026-07-07T13:25:00+00:00,53.59,53.65,53.59,53.64,28721.0
2026-07-07T13:30:00+00:00,53.65,53.7097,53.63,53.63,3042.0
2026-07-07T13:35:00+00:00,53.61,53.94,53.6,53.77,2040701.9018650004
2026-07-07T13:40:00+00:00,53.76,54.15,53.755,54.05,1939207.378723
2026-07-07T13:45:00+00:00,54.05,54.135,53.98,54.03,1143862.724233
2026-07-07T13:50:00+00:00,54.035,54.075,53.89,53.985,634950.636249
2026-07-07T13:55:00+00:00,53.99,54.05,53.96,54.0,908783.879193
2026-07-07T14:00:00+00:00,54.0,54.05,53.95,53.95,628895.172826
2026-07-07T14:05:00+00:00,53.94,53.96,53.82,53.92,844674.72658
2026-07-07T14:10:00+00:00,53.915,54.01,53.905,53.995,740186.3326160001
2026-07-07T14:15:00+00:00,54.0,54.08,53.975,53.995,1568189.642285
2026-07-07T14:20:00+00:00,54.0,54.1199,53.965,54.09,507384.226547
2026-07-07T14:25:00+00:00,54.1,54.25,54.1,54.23,582328.839479
2026-07-07T14:30:00+00:00,54.23,54.235,54.1424,54.215,401994.579117
2026-07-07T14:35:00+00:00,54.22,54.35,54.195,54.335,623145.631471
2026-07-07T14:40:00+00:00,54.34,54.355,54.295,54.315,587226.129471
2026-07-07T14:45:00+00:00,54.315,54.315,54.225,54.23,608395.157876
2026-07-07T14:50:00+00:00,54.24,54.265,54.215,54.265,326291.50041
2026-07-07T14:55:00+00:00,54.265,54.32,54.225,54.3047,426858.36088200007
2026-07-07T15:00:00+00:00,54.31,54.38,54.305,54.375,243050.461763
2026-07-07T15:05:00+00:00,54.38,54.38,54.29,54.31,231107.326481
2026-07-07T15:10:00+00:00,54.3,54.35,54.285,54.33,538507.570633
2026-07-07T15:15:00+00:00,54.335,54.365,54.23,54.265,240089.2559
2026-07-07T15:20:00+00:00,54.27,54.275,54.195,54.195,209826.619703
2026-07-07T15:25:00+00:00,54.2,54.215,54.115,54.12,299371.524592
2026-07-07T15:30:00+00:00,54.11,54.11,54.0301,54.08,238170.219952
2026-07-07T15:35:00+00:00,54.08,54.08,54.02,54.045,371401.950131
2026-07-07T15:40:00+00:00,54.045,54.05,53.95,53.98,365715.883626
2026-07-07T15:45:00+00:00,53.98,54.02,53.97,54.0199,147939.23888
2026-07-07T15:50:00+00:00,54.015,54.07,54.01,54.05,758251.187043
2026-07-07T15:55:00+00:00,54.05,54.07,54.025,54.035,538166.761378
2026-07-07T16:00:00+00:00,54.035,54.055,53.97,53.97,259198.641013
2026-07-07T16:05:00+00:00,53.975,54.01,53.945,53.955,549064.361512
2026-07-07T16:10:00+00:00,53.955,53.97,53.9088,53.915,313592.440394
2026-07-07T16:15:00+00:00,53.92,53.93,53.835,53.845,183756.922235
2026-07-07T16:20:00+00:00,53.84,53.855,53.77,53.7905,159374.45895
2026-07-07T16:25:00+00:00,53.8,53.81,53.735,53.8,333378.92853699997
2026-07-07T16:30:00+00:00,53.8,53.8,53.755,53.78,108989.87244300001
2026-07-07T16:35:00+00:00,53.78,53.785,53.7,53.72,90484.441655
2026-07-07T16:40:00+00:00,53.73,53.75,53.71,53.74,185922.274652
2026-07-07T16:45:00+00:00,53.74,53.755,53.71,53.73,238015.008669
2026-07-07T16:50:00+00:00,53.73,53.77,53.72,53.77,95704.39477099999
2026-07-07T16:55:00+00:00,53.77,53.775,53.7048,53.74,147431.296112
2026-07-07T17:00:00+00:00,53.735,53.865,53.73,53.845,168715.711137
2026-07-07T17:05:00+00:00,53.845,53.95,53.835,53.94,335369.004408
2026-07-07T17:10:00+00:00,53.945,54.03,53.945,54.0264,251059.581184
2026-07-07T17:15:00+00:00,54.025,54.03,53.96,53.965,193991.35542400004
2026-07-07T17:20:00+00:00,53.97,54.015,53.94,54.015,91610.83245799999
2026-07-07T17:25:00+00:00,54.02,54.025,53.93,53.945,121536.163252
2026-07-07T17:30:00+00:00,53.945,53.98,53.935,53.955,97288.49047399999
2026-07-07T17:35:00+00:00,53.9501,54.0,53.95,53.975,123212.80295900001
2026-07-07T17:40:00+00:00,53.98,53.99,53.915,53.925,102837.850342
2026-07-07T17:45:00+00:00,53.925,53.93,53.88,53.88,652829.473584
2026-07-07T17:50:00+00:00,53.875,53.95,53.875,53.945,253075.780668
2026-07-07T17:55:00+00:00,53.945,53.98,53.925,53.98,175678.47490399997
2026-07-07T18:00:00+00:00,53.97,54.0,53.95,53.99,330942.892139
2026-07-07T18:05:00+00:00,53.995,54.02,53.955,53.985,185693.226609
2026-07-07T18:10:00+00:00,53.99,54.04,53.99,54.0399,246265.37044399997
2026-07-07T18:15:00+00:00,54.04,54.1,54.04,54.095,197030.50089000002
2026-07-07T18:20:00+00:00,54.1,54.115,54.06,54.09,151411.62966
2026-07-07T18:25:00+00:00,54.09,54.1,54.045,54.05,153927.613716
2026-07-07T18:30:00+00:00,54.045,54.08,54.045,54.065,112613.36681
2026-07-07T18:35:00+00:00,54.07,54.09,54.01,54.025,277901.37133
2026-07-07T18:40:00+00:00,54.025,54.1,54.02,54.055,280260.979214
2026-07-07T18:45:00+00:00,54.055,54.1,54.0503,54.095,115139.4359
2026-07-07T18:50:00+00:00,54.095,54.21,54.09,54.19,485369.741438
2026-07-07T18:55:00+00:00,54.19,54.3,54.17,54.295,403485.320007
2026-07-07T19:00:00+00:00,54.3,54.52,54.3,54.475,966916.87188
2026-07-07T19:05:00+00:00,54.475,54.57,54.465,54.495,637012.421801
2026-07-07T19:10:00+00:00,54.495,54.52,54.39,54.475,745475.982345
2026-07-07T19:15:00+00:00,54.48,54.605,54.47,54.605,414873.960841
2026-07-07T19:20:00+00:00,54.6,54.79,54.595,54.705,1328669.5831920002
2026-07-07T19:25:00+00:00,54.705,54.82,54.64,54.805,946169.3362929999
2026-07-07T19:30:00+00:00,54.805,54.805,54.74,54.75,348381.080142
2026-07-07T19:35:00+00:00,54.75,54.77,54.665,54.715,597105.381275
2026-07-07T19:40:00+00:00,54.715,54.77,54.69,54.7541,690734.620135
2026-07-07T19:45:00+00:00,54.755,54.76,54.67,54.7,616942.133342
2026-07-07T19:50:00+00:00,54.695,54.82,54.675,54.735,827448.337328
2026-07-07T19:55:00+00:00,54.74,54.8,54.7,54.7799,1450423.9038169999
2026-07-07T20:00:00+00:00,54.77,54.8,54.635,54.66,3250674.2669699998
2026-07-07T20:05:00+00:00,54.64,54.74,54.61,54.72,56487.848791000004
2026-07-07T20:10:00+00:00,54.68,54.68,54.6,54.62,5463.0587479999995
2026-07-07T20:15:00+00:00,54.6004,54.6004,54.6,54.6,1531.0
2026-07-07T20:20:00+00:00,54.64,54.64,54.5409,54.5409,21374.0
2026-07-07T20:25:00+00:00,54.56,54.6,54.55,54.59,32500.0
2026-07-07T20:30:00+00:00,54.6287,54.83,54.6287,54.76,19200.366524
2026-07-07T20:35:00+00:00,54.76,54.82,54.61,54.82,1740.0
2026-07-07T20:40:00+00:00,54.74,54.7599,54.65,54.65,4432.0
2026-07-07T20:45:00+00:00,54.77,54.77,54.6723,54.73,1514.0
2026-07-07T20:50:00+00:00,54.75,54.75,54.73,54.73,994.0
2026-07-07T20:55:00+00:00,54.749,54.749,54.65,54.65,2515.0
2026-07-07T21:05:00+00:00,54.757,54.757,54.73,54.73,795.018204
2026-07-07T21:10:00+00:00,54.76,54.76,54.76,54.76,7579.0
2026-07-07T21:15:00+00:00,54.7699,54.7699,54.7699,54.7699,105.0
2026-07-07T21:20:00+00:00,54.76,54.89,54.76,54.879,41703.0
2026-07-07T21:25:00+00:00,54.8,54.88,54.8,54.85,4918.0735
2026-07-07T21:30:00+00:00,54.84,54.8792,54.77,54.77,40277.0
2026-07-07T21:35:00+00:00,54.9196,54.93,54.89,54.89,1642.0
2026-07-07T21:40:00+00:00,54.9,54.93,54.89,54.9,7532.0
2026-07-07T21:45:00+00:00,54.9106,54.92,54.9,54.9001,3233.0
2026-07-07T21:50:00+00:00,54.9,54.92,54.86,54.92,2753.0
2026-07-07T21:55:00+00:00,54.89,54.92,54.89,54.92,2410.0
2026-07-07T22:00:00+00:00,54.9087,54.91,54.851,54.91,5121.0
2026-07-07T22:05:00+00:00,54.93,54.93,54.88,54.9,4455.0
2026-07-07T22:10:00+00:00,54.9,54.9307,54.9,54.9307,361.0
2026-07-07T22:15:00+00:00,54.88,54.88,54.85,54.85,1548.0
2026-07-07T22:25:00+00:00,54.924,54.9259,54.9,54.9,1335.0
2026-07-07T22:30:00+00:00,54.92,54.93,54.901,54.93,1102.0
2026-07-07T22:40:00+00:00,54.9,54.9,54.9,54.9,200.0
2026-07-07T22:55:00+00:00,54.9345,54.9345,54.9345,54.9345,100.0
2026-07-07T23:00:00+00:00,54.9382,54.9382,54.9,54.9,1261.0
2026-07-07T23:05:00+00:00,54.84,54.84,54.84,54.84,1178.0
2026-07-07T23:10:00+00:00,54.94,54.94,54.94,54.94,1949.0
2026-07-07T23:20:00+00:00,54.92,54.92,54.92,54.92,233.0
2026-07-07T23:25:00+00:00,54.92,54.93,54.9,54.9,6120.018205
2026-07-07T23:30:00+00:00,54.9555,54.96,54.9078,54.96,2181.0
2026-07-07T23:35:00+00:00,54.95,54.96,54.9464,54.9464,1408.0
2026-07-07T23:45:00+00:00,54.9564,54.9564,54.95,54.95,260.0
2026-07-07T23:50:00+00:00,54.9482,54.9482,54.91,54.94,1228.0
2026-07-07T23:55:00+00:00,54.94,54.94,54.94,54.94,237.0
2026-07-08T00:00:00+00:00,54.92,54.95,54.92,54.95,1811.0
2026-07-08T08:05:00+00:00,54.99,54.99,54.88,54.97,9988.915419
2026-07-08T08:10:00+00:00,54.96,54.99,54.81,54.92,4051.886483
2026-07-08T08:15:00+00:00,54.95,54.98,54.93,54.98,1147.0
2026-07-08T08:20:00+00:00,54.98,55.18,54.98,55.18,10703.247001
2026-07-08T08:25:00+00:00,55.21,55.41,55.17,55.41,17424.14
2026-07-08T08:30:00+00:00,55.41,55.59,55.4,55.59,30315.857049000002
2026-07-08T08:35:00+00:00,55.7,55.75,55.68,55.74,11227.072400000001
2026-07-08T08:40:00+00:00,55.78,55.9,55.77,55.81,38624.057895
2026-07-08T08:45:00+00:00,55.77,55.91,55.74,55.81,19976.0
2026-07-08T08:50:00+00:00,55.85,55.89,55.74,55.83,10267.178480999999
2026-07-08T08:55:00+00:00,55.83,55.83,55.76,55.8,2316.0
2026-07-08T09:00:00+00:00,55.8,55.83,55.75,55.75,16650.0
2026-07-08T09:05:00+00:00,55.84,55.9093,55.82,55.85,5099.596946
2026-07-08T09:10:00+00:00,55.88,55.94,55.88,55.94,11061.0
2026-07-08T09:15:00+00:00,55.94,56.04,55.9,56.01,32857.633457
2026-07-08T09:20:00+00:00,56.01,56.12,56.0071,56.05,9052.866613
2026-07-08T09:25:00+00:00,56.05,56.18,56.03,56.0917,8970.7
2026-07-08T09:30:00+00:00,56.06,56.06,55.98,55.99,15204.505441000001
2026-07-08T09:35:00+00:00,56.04,56.0415,55.91,55.92,10817.0
2026-07-08T09:40:00+00:00,55.91,55.96,55.9,55.9,9796.0
2026-07-08T09:45:00+00:00,55.89,55.99,55.89,55.9,7990.0
2026-07-08T09:50:00+00:00,55.98,55.98,55.93,55.93,887.0
2026-07-08T09:55:00+00:00,55.92,55.93,55.8475,55.8475,3499.0
2026-07-08T10:00:00+00:00,55.92,55.98,55.9,55.98,4003.200784
2026-07-08T10:05:00+00:00,55.9,55.99,55.9,55.92,1965.0
2026-07-08T10:10:00+00:00,55.95,55.98,55.9,55.94,2414.0
2026-07-08T10:15:00+00:00,55.93,55.95,55.88,55.88,3854.0
2026-07-08T10:20:00+00:00,55.85,55.87,55.78,55.78,5954.1
2026-07-08T10:25:00+00:00,55.79,55.85,55.78,55.85,8378.0
2026-07-08T10:30:00+00:00,55.79,55.85,55.74,55.74,12166.0
2026-07-08T10:35:00+00:00,55.81,55.81,55.65,55.65,3648.0
2026-07-08T10:40:00+00:00,55.7,55.7,55.63,55.64,3661.0
2026-07-08T10:45:00+00:00,55.67,55.68,55.64,55.65,1900.0
2026-07-08T10:50:00+00:00,55.65,55.6517,55.58,55.64,11963.0
2026-07-08T10:55:00+00:00,55.62,55.62,55.5608,55.5608,2854.699619
2026-07-08T11:00:00+00:00,55.5778,55.6,55.55,55.59,10316.472062
2026-07-08T11:05:00+00:00,55.53,55.61,55.48,55.53,11960.0
2026-07-08T11:10:00+00:00,55.54,55.6034,55.44,55.55,36429.313326999996
2026-07-08T11:15:00+00:00,55.6,55.64,55.6,55.64,10355.0
2026-07-08T11:20:00+00:00,55.64,55.67,55.62,55.65,9186.0
2026-07-08T11:25:00+00:00,55.65,55.67,55.62,55.67,14706.0
2026-07-08T11:30:00+00:00,55.63,55.68,55.62,55.68,3524.0
2026-07-08T11:35:00+00:00,55.6736,55.68,55.65,55.65,4491.0
2026-07-08T11:40:00+00:00,55.65,55.6722,55.62,55.65,7181.020339
2026-07-08T11:45:00+00:00,55.6233,55.68,55.42,55.42,82492.687904
2026-07-08T11:50:00+00:00,55.41,55.587,55.41,55.499,21331.148999999998
2026-07-08T11:55:00+00:00,55.439,55.6,55.439,55.57,13404.27
2026-07-08T12:00:00+00:00,55.55,55.5889,55.53,55.5889,22293.559834
2026-07-08T12:05:00+00:00,55.59,55.59,55.55,55.5848,8817.0
2026-07-08T12:10:00+00:00,55.59,55.61,55.52,55.5722,14241.801454999999
2026-07-08T12:15:00+00:00,55.52,55.57,55.5,55.57,5012.0
2026-07-08T12:20:00+00:00,55.55,55.55,55.44,55.47,21265.0
2026-07-08T12:25:00+00:00,55.4909,55.51,55.45,55.51,32499.0
2026-07-08T12:30:00+00:00,55.5,55.5,55.48,55.48,534.336337
2026-07-08T12:35:00+00:00,55.45,55.47,55.4,55.44,12439.0
2026-07-08T12:40:00+00:00,55.44,55.44,55.38,55.38,6827.3864
2026-07-08T12:45:00+00:00,55.38,55.44,55.37,55.42,32763.0
2026-07-08T12:50:00+00:00,55.43,55.43,55.37,55.38,7705.817422
2026-07-08T12:55:00+00:00,55.38,55.38,55.34,55.36,10637.0
2026-07-08T13:00:00+00:00,55.35,55.53,55.3355,55.5,25174.0
2026-07-08T13:05:00+00:00,55.5,55.61,55.45,55.5826,27854.605127
2026-07-08T13:10:00+00:00,55.61,55.63,55.55,55.56,13798.07
2026-07-08T13:15:00+00:00,55.57,55.65,55.55,55.56,29795.409760000002
2026-07-08T13:20:00+00:00,55.58,55.58,55.44,55.53,22053.0
2026-07-08T13:25:00+00:00,55.45,55.53,55.45,55.52,7383.021774
2026-07-08T13:30:00+00:00,55.53,55.57,55.43,55.57,14278.0
2026-07-08T13:35:00+00:00,55.455,55.59,55.27,55.465,1864904.480346
2026-07-08T13:40:00+00:00,55.47,55.51,55.29,55.33,910823.940919
2026-07-08T13:45:00+00:00,55.33,55.37,54.93,54.93,953868.7339250001
2026-07-08T13:50:00+00:00,54.93,55.055,54.865,54.935,734433.065248
2026-07-08T13:55:00+00:00,54.94,55.045,54.875,55.035,1816208.4984920002
2026-07-08T14:00:00+00:00,55.03,55.11,55.01,55.1,626635.658683
2026-07-08T14:05:00+00:00,55.115,55.24,55.1,55.165,604667.451945
2026-07-08T14:10:00+00:00,55.165,55.355,55.14,55.35,881777.537226
2026-07-08T14:15:00+00:00,55.345,55.45,55.285,55.445,575943.462479
2026-07-08T14:20:00+00:00,55.445,55.58,55.44,55.545,540068.5584209999
2026-07-08T14:25:00+00:00,55.54,55.54,55.36,55.445,411732.91488199995
2026-07-08T14:30:00+00:00,55.445,55.63,55.42,55.6,632534.559546
2026-07-08T14:35:00+00:00,55.6,55.7,55.58,55.65,998078.1845750001
2026-07-08T14:40:00+00:00,55.655,55.745,55.63,55.7,487713.144584
2026-07-08T14:45:00+00:00,55.695,55.735,55.64,55.675,461659.86161100003
2026-07-08T14:50:00+00:00,55.68,55.745,55.655,55.74,570541.429198
2026-07-08T14:55:00+00:00,55.7489,55.8475,55.66,55.712,605119.589731
2026-07-08T15:00:00+00:00,55.72,55.795,55.715,55.755,500612.752848
2026-07-08T15:05:00+00:00,55.755,55.83,55.7,55.83,448882.250939
2026-07-08T15:10:00+00:00,55.83,55.84,55.735,55.78,567249.120273
2026-07-08T15:15:00+00:00,55.78,55.89,55.7601,55.855,320529.233867
2026-07-08T15:20:00+00:00,55.85,55.89,55.835,55.86,299388.408146
2026-07-08T15:25:00+00:00,55.865,55.9199,55.865,55.905,436557.35588199995
2026-07-08T15:30:00+00:00,55.905,55.935,55.845,55.86,282480.285039
2026-07-08T15:35:00+00:00,55.86,55.9861,55.86,55.97,167434.495119
2026-07-08T15:40:00+00:00,55.97,55.9899,55.91,55.92,189982.576246
2026-07-08T15:45:00+00:00,55.925,55.935,55.845,55.91,195370.145778
2026-07-08T15:50:00+00:00,55.91,55.96,55.91,55.9469,361775.73375899997
2026-07-08T15:55:00+00:00,55.945,56.035,55.94,56.025,217540.53952599998
2026-07-08T16:00:00+00:00,56.025,56.025,55.9101,55.915,265915.736554
2026-07-08T16:05:00+00:00,55.91,55.98,55.88,55.975,301460.14707
2026-07-08T16:10:00+00:00,55.975,55.9764,55.85,55.86,322151.256445
2026-07-08T16:15:00+00:00,55.855,55.855,55.7302,55.78,548195.836896
2026-07-08T16:20:00+00:00,55.78,55.815,55.755,55.805,276716.00550800003
2026-07-08T16:25:00+00:00,55.8,55.82,55.67,55.68,222394.099041
2026-07-08T16:30:00+00:00,55.68,55.715,55.6,55.61,378928.988499
2026-07-08T16:35:00+00:00,55.615,55.635,55.48,55.57,789384.458956
2026-07-08T16:40:00+00:00,55.575,55.585,55.45,55.45,1056075.489952
2026-07-08T16:45:00+00:00,55.45,55.47,55.21,55.39,1080832.335253
2026-07-08T16:50:00+00:00,55.39,55.415,55.325,55.345,309340.632746
2026-07-08T16:55:00+00:00,55.345,55.37,55.245,55.275,509024.083687
2026-07-08T17:00:00+00:00,55.2701,55.33,55.205,55.325,385063.97934
2026-07-08T17:05:00+00:00,55.33,55.36,55.3,55.32,294724.735749
2026-07-08T17:10:00+00:00,55.32,55.335,55.175,55.18,424622.40219299996
2026-07-08T17:15:00+00:00,55.19,55.25,55.135,55.25,340854.959988
2026-07-08T17:20:00+00:00,55.25,55.25,55.11,55.19,194363.169904
2026-07-08T17:25:00+00:00,55.18,55.2155,55.155,55.155,167952.745282
2026-07-08T17:30:00+00:00,55.15,55.155,55.07,55.105,286041.586884
2026-07-08T17:35:00+00:00,55.1,55.17,55.075,55.1595,213712.500292
2026-07-08T17:40:00+00:00,55.1599,55.24,55.135,55.235,348675.91242400004
2026-07-08T17:45:00+00:00,55.24,55.27,55.205,55.255,286503.010925
2026-07-08T17:50:00+00:00,55.26,55.3099,55.24,55.27,141519.12798
2026-07-08T17:55:00+00:00,55.26,55.28,55.245,55.245,151203.255126
2026-07-08T18:00:00+00:00,55.25,55.3099,55.245,55.305,118119.950846
2026-07-08T18:05:00+00:00,55.3,55.35,55.29,55.32,332281.947231
2026-07-08T18:10:00+00:00,55.3214,55.36,55.28,55.345,136763.972894
2026-07-08T18:15:00+00:00,55.35,55.395,55.315,55.39,225887.006575
2026-07-08T18:20:00+00:00,55.39,55.525,55.37,55.49,245640.74430499997
2026-07-08T18:25:00+00:00,55.49,55.515,55.38,55.38,165316.89317400003
2026-07-08T18:30:00+00:00,55.39,55.435,55.37,55.385,259452.02029199997
2026-07-08T18:35:00+00:00,55.39,55.41,55.35,55.375,387060.635265
2026-07-08T18:40:00+00:00,55.375,55.43,55.3601,55.3601,258386.64603400003
2026-07-08T18:45:00+00:00,55.365,55.365,55.3,55.34,224889.515992
2026-07-08T18:50:00+00:00,55.345,55.41,55.32,55.41,209463.44598000002
2026-07-08T18:55:00+00:00,55.415,55.44,55.39,55.42,149748.568545
2026-07-08T19:00:00+00:00,55.425,55.455,55.415,55.445,168805.885159
2026-07-08T19:05:00+00:00,55.445,55.465,55.41,55.425,150059.40423699998
2026-07-08T19:10:00+00:00,55.42,55.435,55.355,55.355,159870.391897
2026-07-08T19:15:00+00:00,55.355,55.36,55.2642,55.265,175752.927842
2026-07-08T19:20:00+00:00,55.265,55.27,55.21,55.235,230563.22894
2026-07-08T19:25:00+00:00,55.235,55.325,55.235,55.318,248605.2419
2026-07-08T19:30:00+00:00,55.315,55.33,55.275,55.305,179899.00289400003
2026-07-08T19:35:00+00:00,55.305,55.47,55.29,55.47,610854.890405
2026-07-08T19:40:00+00:00,55.465,55.51,55.43,55.472,869588.8130399999
2026-07-08T19:45:00+00:00,55.47,55.565,55.47,55.55,419553.319909
2026-07-08T19:50:00+00:00,55.555,55.56,55.43,55.49,677373.172001
2026-07-08T19:55:00+00:00,55.48,55.54,55.445,55.525,1029409.3836660001
2026-07-08T20:00:00+00:00,55.53,55.62,55.51,55.59,2559738.8144690003
2026-07-08T20:05:00+00:00,55.6,55.6586,55.4061,55.4061,9746.079184
2026-07-08T20:10:00+00:00,55.62,55.688,55.62,55.688,428424.67008
2026-07-08T20:15:00+00:00,55.6,55.6,55.6,55.6,1077.0
2026-07-08T20:20:00+00:00,55.66,55.69,55.62,55.688,1179.321929
2026-07-08T20:25:00+00:00,55.6826,55.69,55.62,55.62,2298.483291
2026-07-08T20:30:00+00:00,55.6459,55.6459,55.64,55.6435,501.0
2026-07-08T20:35:00+00:00,55.65,55.7001,55.65,55.7001,14184.0
2026-07-08T20:40:00+00:00,55.7001,55.79,55.7,55.7553,110199.0
2026-07-08T20:45:00+00:00,55.75,55.77,55.74,55.75,2057.0
2026-07-08T20:50:00+00:00,55.7001,55.79,55.7001,55.79,332.379052
2026-07-08T20:55:00+00:00,55.7671,55.7671,55.7671,55.7671,879.0
2026-07-08T21:00:00+00:00,55.76,55.7996,55.73,55.7996,390.0
2026-07-08T21:05:00+00:00,55.79,55.8,55.7665,55.8,2606.0
2026-07-08T21:15:00+00:00,55.78,55.8159,55.77,55.8159,2073.0
2026-07-08T21:20:00+00:00,55.7948,55.7948,55.7948,55.7948,101.0
2026-07-08T21:25:00+00:00,55.7983,55.7986,55.7983,55.7986,489.0
2026-07-08T21:30:00+00:00,55.8122,55.8122,55.81,55.81,801.0
2026-07-08T21:35:00+00:00,55.82,55.82,55.79,55.79,2705.0
2026-07-08T21:40:00+00:00,55.8153,55.8153,55.8153,55.8153,194.0
2026-07-08T21:45:00+00:00,55.78,55.78,55.76,55.78,1269.0
2026-07-08T21:50:00+00:00,55.79,55.82,55.79,55.82,1723.0
2026-07-08T21:55:00+00:00,55.8148,55.8194,55.8148,55.8194,340.0
2026-07-08T22:05:00+00:00,55.8,55.8,55.8,55.8,1016.0
2026-07-08T22:10:00+00:00,55.8,55.8127,55.7678,55.7678,190771.0
2026-07-08T22:25:00+00:00,55.79,55.79,55.78,55.78,1705.0
2026-07-08T22:30:00+00:00,55.81,55.81,55.7804,55.7804,1530.0
2026-07-08T22:35:00+00:00,55.79,55.8186,55.79,55.8186,1180.0
2026-07-08T22:40:00+00:00,55.7852,55.8199,55.7852,55.8199,2359.030634
2026-07-08T22:45:00+00:00,55.8199,55.8199,55.8,55.8,9978.0
2026-07-08T22:55:00+00:00,55.78,55.819,55.76,55.76,1202.0
2026-07-08T23:00:00+00:00,55.808,55.808,55.808,55.808,180.0
2026-07-08T23:05:00+00:00,55.8084,55.8084,55.7601,55.7601,1648.0
2026-07-08T23:10:00+00:00,55.8,55.817,55.761,55.8093,1546.0
2026-07-08T23:20:00+00:00,55.77,55.77,55.77,55.77,123.0
2026-07-08T23:40:00+00:00,55.8,55.8,55.7948,55.8,309.0
2026-07-08T23:45:00+00:00,55.7948,55.7948,55.79,55.79,1303.220483
2026-07-08T23:50:00+00:00,55.785,55.785,55.75,55.75,927.0
2026-07-08T23:55:00+00:00,55.7,55.713,55.7,55.713,2298.0
2026-07-09T00:00:00+00:00,55.76,55.8027,55.75,55.8027,1071.0
2026-07-09T08:05:00+00:00,55.48,55.85,55.24,55.31,26059.115159
2026-07-09T08:10:00+00:00,55.29,55.3,55.29,55.29,1102.0
2026-07-09T08:20:00+00:00,55.3,55.3,55.3,55.3,500.0
2026-07-09T08:25:00+00:00,55.26,55.29,55.21,55.21,6286.0724
2026-07-09T08:30:00+00:00,55.21,55.22,55.21,55.22,390.0
2026-07-09T08:35:00+00:00,55.23,55.29,55.23,55.29,2913.0
2026-07-09T08:40:00+00:00,55.33,55.35,55.29,55.29,1421.0
2026-07-09T08:45:00+00:00,55.35,55.35,55.35,55.35,1200.0
2026-07-09T08:55:00+00:00,55.29,55.29,55.24,55.24,638.0
2026-07-09T09:05:00+00:00,55.31,55.31,55.31,55.31,550.0
2026-07-09T09:10:00+00:00,55.31,55.31,55.31,55.31,323.0
2026-07-09T09:15:00+00:00,55.31,55.31,55.31,55.31,1900.0
2026-07-09T09:25:00+00:00,55.3,55.3,55.3,55.3,200.0
2026-07-09T09:30:00+00:00,55.31,55.31,55.31,55.31,288.0
2026-07-09T09:50:00+00:00,55.37,55.37,55.37,55.37,219.0
2026-07-09T10:00:00+00:00,55.38,55.38,55.38,55.38,152.0
2026-07-09T10:05:00+00:00,55.38,55.39,55.3231,55.3239,1382.0
2026-07-09T10:10:00+00:00,55.3252,55.3252,55.3252,55.3252,100.0
2026-07-09T10:15:00+00:00,55.3395,55.3395,55.3395,55.3395,360.0
2026-07-09T10:20:00+00:00,55.41,55.43,55.41,55.43,974.0
2026-07-09T10:35:00+00:00,55.4,55.4,55.4,55.4,500.0
2026-07-09T10:40:00+00:00,55.35,55.35,55.35,55.35,383.0
2026-07-09T10:50:00+00:00,55.4,55.47,55.35,55.35,3531.0
2026-07-09T10:55:00+00:00,55.46,55.48,55.46,55.48,950.0
2026-07-09T11:00:00+00:00,55.47,55.53,55.47,55.5278,1261.962148
2026-07-09T11:05:00+00:00,55.43,55.48,55.43,55.48,1477.801818
2026-07-09T11:10:00+00:00,55.438,55.59,55.4121,55.55,17803.0
2026-07-09T11:15:00+00:00,55.55,55.55,55.55,55.55,176.15814
2026-07-09T11:20:00+00:00,55.5,55.5,55.5,55.5,225.0
2026-07-09T11:25:00+00:00,55.49,55.49,55.49,55.49,323.0
2026-07-09T11:30:00+00:00,55.45,55.45,55.45,55.45,348.0
2026-07-09T11:35:00+00:00,55.55,55.55,55.45,55.45,476.0
2026-07-09T11:40:00+00:00,55.5,55.5,55.5,55.5,1064.488
2026-07-09T11:50:00+00:00,55.52,55.52,55.48,55.48,2165.108
2026-07-09T11:55:00+00:00,55.5,55.5,55.4511,55.47,1106.353
2026-07-09T12:00:00+00:00,55.45,55.45,55.45,55.45,131.0
2026-07-09T12:05:00+00:00,55.45,55.47,55.43,55.47,1231.4389259999998
2026-07-09T12:10:00+00:00,55.49,55.5,55.49,55.5,620.0
2026-07-09T12:15:00+00:00,55.5,55.5,55.4309,55.4309,1583.027
2026-07-09T12:20:00+00:00,55.4,55.444,55.3801,55.43,3487.0
2026-07-09T12:25:00+00:00,55.42,55.6,55.38,55.38,7674.0
2026-07-09T12:30:00+00:00,55.38,55.4241,55.37,55.4241,1004.0
2026-07-09T12:35:00+00:00,55.43,55.45,55.41,55.45,1367.0
2026-07-09T12:40:00+00:00,55.3801,55.41,55.38,55.41,31366.0
2026-07-09T12:45:00+00:00,55.3667,55.3667,55.3667,55.3667,2056.0
2026-07-09T12:50:00+00:00,55.38,55.41,55.35,55.39,1034.0
2026-07-09T12:55:00+00:00,55.43,55.46,55.43,55.45,1887.0
2026-07-09T13:00:00+00:00,55.46,55.5,55.46,55.48,925.0
2026-07-09T13:05:00+00:00,55.47,55.47,55.44,55.44,1972.0
2026-07-09T13:10:00+00:00,55.47,55.49,55.45,55.49,1439.0
2026-07-09T13:15:00+00:00,55.43,55.4789,55.43,55.4789,1592.0
2026-07-09T13:20:00+00:00,55.4809,55.4809,55.35,55.35,3620.0
2026-07-09T13:25:00+00:00,55.37,55.37,55.35,55.37,1995.0
2026-07-09T13:30:00+00:00,55.33,55.34,55.21,55.23,20062.515160000003
2026-07-09T13:35:00+00:00,55.28,55.48,55.12,55.18,1338317.9124920003
2026-07-09T13:40:00+00:00,55.18,55.4,55.145,55.2,561389.3545969999
2026-07-09T13:45:00+00:00,55.19,55.275,55.085,55.14,534612.251744
2026-07-09T13:50:00+00:00,55.15,55.205,55.055,55.142,439600.50470100006
2026-07-09T13:55:00+00:00,55.14,55.21,54.985,55.13,402715.01268700004
2026-07-09T14:00:00+00:00,55.135,55.16,54.975,55.0202,428817.850013
2026-07-09T14:05:00+00:00,55.03,55.08,54.97,55.06,401794.851688
2026-07-09T14:10:00+00:00,55.065,55.21,55.035,55.075,309569.839514
2026-07-09T14:15:00+00:00,55.08,55.13,55.03,55.03,210036.621662
2026-07-09T14:20:00+00:00,55.03,55.065,54.94,55.05,427707.036297
2026-07-09T14:25:00+00:00,55.05,55.18,55.03,55.15,377151.98790999997
2026-07-09T14:30:00+00:00,55.15,55.185,55.11,55.145,392235.55033000006
2026-07-09T14:35:00+00:00,55.145,55.17,55.03,55.06,286350.252869
2026-07-09T14:40:00+00:00,55.065,55.13,55.025,55.055,209090.1419
2026-07-09T14:45:00+00:00,55.055,55.179,55.055,55.16,188629.596644
2026-07-09T14:50:00+00:00,55.165,55.2099,55.12,55.19,241316.421668
2026-07-09T14:55:00+00:00,55.19,55.2099,55.055,55.06,372625.513944
2026-07-09T15:00:00+00:00,55.065,55.11,55.055,55.105,242027.790696
2026-07-09T15:05:00+00:00,55.11,55.115,54.9805,54.985,211249.90669400003
2026-07-09T15:10:00+00:00,54.9838,55.06,54.93,55.06,195843.273052
2026-07-09T15:15:00+00:00,55.055,55.085,54.995,55.065,280266.632797
2026-07-09T15:20:00+00:00,55.07,55.07,54.99,55.025,172158.90081199998
2026-07-09T15:25:00+00:00,55.01,55.07,54.98,55.045,150736.903753
2026-07-09T15:30:00+00:00,55.04,55.065,54.995,55.065,118825.711078
2026-07-09T15:35:00+00:00,55.06,55.115,55.0544,55.07,363880.62260199996
2026-07-09T15:40:00+00:00,55.06,55.065,54.995,54.995,189273.615914
2026-07-09T15:45:00+00:00,54.995,55.02,54.924,54.93,277412.433271
2026-07-09T15:50:00+00:00,54.9301,54.96,54.88,54.945,237232.128157
2026-07-09T15:55:00+00:00,54.94,54.98,54.86,54.97,180580.859023
2026-07-09T16:00:00+00:00,54.97,54.985,54.925,54.965,131704.279593
2026-07-09T16:05:00+00:00,54.965,54.975,54.925,54.93,104115.41312399998
2026-07-09T16:10:00+00:00,54.93,55.015,54.905,55.015,258280.82822
2026-07-09T16:15:00+00:00,55.02,55.08,55.02,55.045,162124.84746699999
2026-07-09T16:20:00+00:00,55.045,55.05,54.98,54.99,114141.813522
2026-07-09T16:25:00+00:00,54.99,55.015,54.94,54.955,126496.89596600001
2026-07-09T16:30:00+00:00,54.96,55.01,54.95,54.995,201446.887315
2026-07-09T16:35:00+00:00,54.995,55.02,54.965,55.02,204531.776595
2026-07-09T16:40:00+00:00,55.02,55.045,55.0,55.005,306012.905991
2026-07-09T16:45:00+00:00,55.0,55.015,54.9623,55.015,83425.022615
2026-07-09T16:50:00+00:00,55.02,55.025,54.96,55.005,178341.48026299998
2026-07-09T16:55:00+00:00,55.0,55.01,54.89,54.92,312635.728945
2026-07-09T17:00:00+00:00,54.915,54.935,54.875,54.925,127629.95624600002
2026-07-09T17:05:00+00:00,54.93,54.95,54.88,54.88,98173.508241
2026-07-09T17:10:00+00:00,54.89,54.94,54.885,54.92,102282.69969
2026-07-09T17:15:00+00:00,54.92,54.92,54.885,54.905,82718.026334
2026-07-09T17:20:00+00:00,54.905,54.915,54.87,54.88,71636.976876
2026-07-09T17:25:00+00:00,54.89,54.91,54.865,54.91,120583.050064
2026-07-09T17:30:00+00:00,54.91,54.945,54.9036,54.9399,74857.907545
2026-07-09T17:35:00+00:00,54.93,54.95,54.92,54.94,334615.43803099997
2026-07-09T17:40:00+00:00,54.935,54.9376,54.87,54.9,124523.83197999999
2026-07-09T17:45:00+00:00,54.9,54.935,54.88,54.915,66361.447054
2026-07-09T17:50:00+00:00,54.92,54.93,54.895,54.905,98034.9111
2026-07-09T17:55:00+00:00,54.9,54.93,54.88,54.91,162712.806171
2026-07-09T18:00:00+00:00,54.9099,54.91,54.83,54.845,112870.99902599999
2026-07-09T18:05:00+00:00,54.84,54.85,54.8,54.845,158217.08623400002
2026-07-09T18:10:00+00:00,54.85,54.875,54.825,54.825,64594.234835999996
2026-07-09T18:15:00+00:00,54.825,54.879,54.82,54.84,81024.73156700001
2026-07-09T18:20:00+00:00,54.845,54.97,54.845,54.9699,536268.302685
2026-07-09T18:25:00+00:00,54.97,55.065,54.961,55.05,297717.64808
2026-07-09T18:30:00+00:00,55.0599,55.07,54.975,54.98,103972.960062
2026-07-09T18:35:00+00:00,54.985,54.99,54.925,54.97,98629.678147
2026-07-09T18:40:00+00:00,54.97,54.97,54.915,54.935,61801.794388
2026-07-09T18:45:00+00:00,54.93,54.95,54.91,54.91,84461.96885599999
2026-07-09T18:50:00+00:00,54.91,54.94,54.8901,54.925,156224.33118399998
2026-07-09T18:55:00+00:00,54.925,54.925,54.86,54.865,463606.841175
2026-07-09T19:00:00+00:00,54.865,54.88,54.83,54.88,111041.406497
2026-07-09T19:05:00+00:00,54.875,54.885,54.835,54.835,108084.41194799998
2026-07-09T19:10:00+00:00,54.84,54.85,54.79,54.815,126882.225485
2026-07-09T19:15:00+00:00,54.8199,54.835,54.8099,54.825,64383.042163
2026-07-09T19:20:00+00:00,54.83,54.855,54.81,54.835,133418.089618
2026-07-09T19:25:00+00:00,54.835,54.845,54.795,54.835,162197.89520600002
2026-07-09T19:30:00+00:00,54.835,54.86,54.8201,54.84,131867.034849
2026-07-09T19:35:00+00:00,54.84,54.8451,54.8,54.825,278692.47201699996
2026-07-09T19:40:00+00:00,54.825,54.84,54.7502,54.765,312773.298166
2026-07-09T19:45:00+00:00,54.76,54.85,54.75,54.845,376139.168602
2026-07-09T19:50:00+00:00,54.84,54.845,54.8,54.83,416787.70804299996
2026-07-09T19:55:00+00:00,54.82,54.821,54.76,54.795,577006.63446
2026-07-09T20:00:00+00:00,54.79,54.81,54.73,54.81,1802734.858599
2026-07-09T20:05:00+00:00,54.81,54.93,54.81,54.9,288719.90461100003
2026-07-09T20:10:00+00:00,54.91,54.92,54.9,54.9174,103971.733058
2026-07-09T20:15:00+00:00,54.88,54.91,54.87,54.91,6015.3386900000005
2026-07-09T20:20:00+00:00,54.88,54.88,54.8691,54.8691,2629.126807
2026-07-09T20:25:00+00:00,54.8841,54.9354,54.8841,54.9354,2200.0
2026-07-09T20:30:00+00:00,54.8878,54.93,54.8878,54.91,1224.0
2026-07-09T20:35:00+00:00,54.91,54.91,54.9,54.9,907.0
2026-07-09T20:50:00+00:00,54.8799,54.8799,54.8799,54.8799,4007.0
2026-07-09T20:55:00+00:00,54.86,54.88,54.78,54.78,7638.0
2026-07-09T21:00:00+00:00,54.87,54.87,54.87,54.87,194.0
2026-07-09T21:05:00+00:00,54.8749,54.8749,54.8749,54.8749,130.0
2026-07-09T21:30:00+00:00,54.85,54.86,54.85,54.86,601.0
2026-07-09T21:35:00+00:00,54.87,54.87,54.87,54.87,200.0
2026-07-09T21:40:00+00:00,54.86,54.86,54.86,54.86,351.0
2026-07-09T22:05:00+00:00,54.87,54.94,54.87,54.93,13530.5
2026-07-09T22:10:00+00:00,54.9,54.9,54.9,54.9,100.0
2026-07-09T22:15:00+00:00,54.85,54.85,54.85,54.85,100.0
2026-07-09T23:10:00+00:00,54.93,54.93,54.93,54.93,190.0
2026-07-09T23:20:00+00:00,54.9,54.9299,54.9,54.9299,1452.0
2026-07-09T23:25:00+00:00,54.92,54.92,54.92,54.92,189.0
2026-07-09T23:35:00+00:00,54.9126,54.9126,54.9126,54.9126,1000.0
2026-07-09T23:45:00+00:00,54.93,54.93,54.91,54.91,900.0
2026-07-09T23:55:00+00:00,54.91,54.91,54.91,54.91,2190.0
2026-07-10T08:05:00+00:00,54.87,54.87,54.71,54.78,11707.298938
2026-07-10T08:40:00+00:00,54.85,54.85,54.85,54.85,343.0
2026-07-10T08:45:00+00:00,54.81,54.82,54.81,54.82,246.0
2026-07-10T09:15:00+00:00,54.85,54.85,54.85,54.85,301.0
2026-07-10T09:20:00+00:00,54.82,54.82,54.82,54.82,609.0
2026-07-10T09:30:00+00:00,54.82,54.82,54.82,54.82,400.0
2026-07-10T09:55:00+00:00,54.87,54.87,54.87,54.87,210.0
2026-07-10T10:05:00+00:00,54.93,54.93,54.93,54.93,381.0
2026-07-10T10:15:00+00:00,54.91,54.91,54.91,54.91,216.0
2026-07-10T10:55:00+00:00,54.94,54.95,54.94,54.94,2020.0
2026-07-10T11:00:00+00:00,54.93,54.94,54.93,54.94,645.0
2026-07-10T11:05:00+00:00,54.95,54.96,54.94,54.96,640.735
2026-07-10T11:10:00+00:00,54.9568,54.9568,54.9568,54.9568,200.0
2026-07-10T11:15:00+00:00,54.96,54.96,54.96,54.96,493.0
2026-07-10T11:20:00+00:00,54.98,55.0,54.98,54.99,2755.0
2026-07-10T11:25:00+00:00,54.99,54.99,54.9536,54.9536,510.0
2026-07-10T11:30:00+00:00,55.0,55.0422,55.0,55.02,2795.0
2026-07-10T11:35:00+00:00,55.02,55.05,55.02,55.05,5374.0
2026-07-10T11:40:00+00:00,55.02,55.02,55.02,55.02,123.173
2026-07-10T11:55:00+00:00,55.05,55.07,55.05,55.07,9645.519
2026-07-10T12:00:00+00:00,55.09,55.09,55.08,55.08,1018.0
2026-07-10T12:05:00+00:00,55.09,55.09,55.07,55.08,2128.0
2026-07-10T12:10:00+00:00,55.1,55.1,55.1,55.1,302.0
2026-07-10T12:15:00+00:00,55.02,55.02,54.92,54.95,7447.0
2026-07-10T12:20:00+00:00,54.95,55.03,54.92,54.93,11104.0
2026-07-10T12:30:00+00:00,55.0,55.0,54.96,54.96,2302.0
2026-07-10T12:35:00+00:00,54.98,54.98,54.97,54.97,409.0
2026-07-10T12:40:00+00:00,55.02,55.02,55.02,55.02,1195.0
2026-07-10T12:45:00+00:00,55.04,55.05,55.0204,55.0204,2185.0
2026-07-10T12:50:00+00:00,55.0948,55.0948,55.028,55.028,3857.0
2026-07-10T12:55:00+00:00,55.01,55.02,55.01,55.02,793.0
2026-07-10T13:00:00+00:00,54.99,55.012,54.99,55.0,1316.0
2026-07-10T13:05:00+00:00,54.99,55.02,54.99,55.02,4057.0
2026-07-10T13:15:00+00:00,55.02,55.02,55.01,55.01,265.0
2026-07-10T13:20:00+00:00,55.03,55.03,55.03,55.03,741.0
2026-07-10T13:25:00+00:00,55.05,55.07,55.05,55.07,4705.0
2026-07-10T13:30:00+00:00,55.03,55.12,54.94,55.12,4387.0
2026-07-10T13:35:00+00:00,55.08,55.14,54.915,55.05,879729.1368450001
2026-07-10T13:40:00+00:00,55.06,55.24,55.02,55.19,471883.843354
2026-07-10T13:45:00+00:00,55.195,55.22,55.035,55.065,607586.9274270001
2026-07-10T13:50:00+00:00,55.06,55.14,55.04,55.075,366563.080686
2026-07-10T13:55:00+00:00,55.07,55.12,54.91,54.91,331165.23495
2026-07-10T14:00:00+00:00,54.9,55.01,54.85,54.92,204139.46673699998
2026-07-10T14:05:00+00:00,54.93,55.025,54.91,54.98,245558.890705
2026-07-10T14:10:00+00:00,54.985,55.09,54.975,55.02,146948.911323
2026-07-10T14:15:00+00:00,55.015,55.03,54.905,54.99,216665.055015
2026-07-10T14:20:00+00:00,54.98,54.985,54.925,54.96,150402.660639
2026-07-10T14:25:00+00:00,54.96,55.02,54.915,55.0,259325.572813
2026-07-10T14:30:00+00:00,54.995,55.05,54.905,54.91,176718.853337
2026-07-10T14:35:00+00:00,54.91,55.23,54.815,54.82,2476461.8403479997
2026-07-10T14:40:00+00:00,54.82,54.825,54.6726,54.785,827697.315345
2026-07-10T14:45:00+00:00,54.785,54.85,54.735,54.845,276490.70106
2026-07-10T14:50:00+00:00,54.85,54.88,54.815,54.85,139743.370829
2026-07-10T14:55:00+00:00,54.855,54.885,54.8,54.885,212561.627138
2026-07-10T15:00:00+00:00,54.885,54.9,54.825,54.88,171798.198661
2026-07-10T15:05:00+00:00,54.88,54.89,54.79,54.8299,373833.837606
2026-07-10T15:10:00+00:00,54.825,54.83,54.735,54.77,171879.95227699997
2026-07-10T15:15:00+00:00,54.775,54.79,54.685,54.745,245947.26055
2026-07-10T15:20:00+00:00,54.74,54.755,54.705,54.74,113743.073359
2026-07-10T15:25:00+00:00,54.735,54.75,54.67,54.7299,253937.742999
2026-07-10T15:30:00+00:00,54.72,54.72,54.6701,54.68,156700.79786500003
2026-07-10T15:35:00+00:00,54.685,54.71,54.64,54.65,342260.382885
2026-07-10T15:40:00+00:00,54.64,54.65,54.59,54.62,446834.473133
2026-07-10T15:45:00+00:00,54.625,54.75,54.615,54.75,299118.722862
2026-07-10T15:50:00+00:00,54.75,54.76,54.69,54.695,187211.84984799998
2026-07-10T15:55:00+00:00,54.69,54.69,54.58,54.6457,177384.734648
2026-07-10T16:00:00+00:00,54.65,54.655,54.585,54.61,164870.162831
2026-07-10T16:05:00+00:00,54.62,54.68,54.615,54.645,143328.321257
2026-07-10T16:10:00+00:00,54.65,54.65,54.57,54.57,108859.19091500001
2026-07-10T16:15:00+00:00,54.57,54.57,54.51,54.53,385742.072516
2026-07-10T16:20:00+00:00,54.53,54.53,54.455,54.455,260055.74883099998
2026-07-10T16:25:00+00:00,54.455,54.47,54.385,54.395,351708.48576700006
2026-07-10T16:30:00+00:00,54.395,54.452,54.385,54.445,197029.13117
2026-07-10T16:35:00+00:00,54.45,54.4721,54.415,54.4285,93351.57166500001
2026-07-10T16:40:00+00:00,54.42,54.43,54.36,54.42,84805.971417
2026-07-10T16:45:00+00:00,54.425,54.475,54.415,54.475,92542.487116
2026-07-10T16:50:00+00:00,54.475,54.52,54.46,54.515,177529.72885800002
2026-07-10T16:55:00+00:00,54.515,54.55,54.495,54.545,75163.518576
2026-07-10T17:00:00+00:00,54.55,54.58,54.535,54.545,118727.577162
2026-07-10T17:05:00+00:00,54.545,54.565,54.52,54.555,283568.964093
2026-07-10T17:10:00+00:00,54.555,54.655,54.535,54.65,171631.69853899998
2026-07-10T17:15:00+00:00,54.64,54.64,54.6,54.63,124632.104193
2026-07-10T17:20:00+00:00,54.63,54.6699,54.6,54.66,136570.82903700002
2026-07-10T17:25:00+00:00,54.66,54.7,54.655,54.66,88241.623512
2026-07-10T17:30:00+00:00,54.665,54.68,54.645,54.675,79742.200887
2026-07-10T17:35:00+00:00,54.68,54.71,54.675,54.69,91296.398837
2026-07-10T17:40:00+00:00,54.69,54.72,54.69,54.69,88432.50875899999
2026-07-10T17:45:00+00:00,54.68,54.715,54.67,54.6999,93327.293768
2026-07-10T17:50:00+00:00,54.69,54.69,54.67,54.675,147280.56676900003
2026-07-10T17:55:00+00:00,54.675,54.68,54.635,54.655,67113.19959199999
2026-07-10T18:00:00+00:00,54.6549,54.66,54.63,54.63,104282.252489
2026-07-10T18:05:00+00:00,54.64,54.675,54.625,54.67,204543.88871000003
2026-07-10T18:10:00+00:00,54.67,54.72,54.67,54.705,129663.322819
2026-07-10T18:15:00+00:00,54.705,54.72,54.68,54.685,381704.811085
2026-07-10T18:20:00+00:00,54.69,54.735,54.6841,54.705,111190.631348
2026-07-10T18:25:00+00:00,54.705,54.735,54.7,54.7,224338.86269100002
2026-07-10T18:30:00+00:00,54.695,54.7,54.63,54.695,688826.937536
2026-07-10T18:35:00+00:00,54.695,54.75,54.695,54.73,142579.771517
2026-07-10T18:40:00+00:00,54.73,54.78,54.73,54.775,128491.721713
2026-07-10T18:45:00+00:00,54.775,54.79,54.74,54.7401,85512.26932600001
2026-07-10T18:50:00+00:00,54.745,54.765,54.735,54.765,66694.734991
2026-07-10T18:55:00+00:00,54.765,54.78,54.76,54.765,44421.556292
2026-07-10T19:00:00+00:00,54.765,54.775,54.74,54.755,103694.592231
2026-07-10T19:05:00+00:00,54.755,54.775,54.74,54.76,177695.12637600003
2026-07-10T19:10:00+00:00,54.77,54.79,54.765,54.785,113653.320075
2026-07-10T19:15:00+00:00,54.79,54.83,54.79,54.825,111011.12864800001
2026-07-10T19:20:00+00:00,54.825,54.86,54.8224,54.8501,265155.401155
2026-07-10T19:25:00+00:00,54.855,54.89,54.855,54.89,318257.183921
2026-07-10T19:30:00+00:00,54.89,54.905,54.87,54.875,144565.761448
2026-07-10T19:35:00+00:00,54.875,54.92,54.86,54.895,386518.084672
2026-07-10T19:40:00+00:00,54.9,54.945,54.885,54.945,207069.95129599998
2026-07-10T19:45:00+00:00,54.95,54.975,54.94,54.955,266727.174857
2026-07-10T19:50:00+00:00,54.95,54.96,54.87,54.95,510515.89151399996
2026-07-10T19:55:00+00:00,54.95,55.055,54.94,55.05,610102.186759
2026-07-10T20:00:00+00:00,55.055,55.08,55.02,55.08,1680609.119441
2026-07-10T20:05:00+00:00,55.08,55.08,55.04,55.07,5635.422114
2026-07-10T20:10:00+00:00,55.13,55.13,55.08,55.08,509.0
2026-07-10T20:15:00+00:00,55.07,55.07,55.04,55.06,9562.308051
2026-07-10T20:20:00+00:00,55.13,55.13,55.06,55.0641,5053.625678
2026-07-10T20:25:00+00:00,55.08,55.08,55.08,55.08,1617.0
2026-07-10T20:30:00+00:00,55.08,55.08,55.08,55.08,952.0
2026-07-10T20:35:00+00:00,55.0799,55.08,55.07,55.07,2858.0
2026-07-10T20:40:00+00:00,55.1,55.1,55.1,55.1,466.72
2026-07-10T20:45:00+00:00,55.08,55.08,55.08,55.08,7599.176723
2026-07-10T20:50:00+00:00,55.07,55.07,55.04,55.04,3182.0
2026-07-10T20:55:00+00:00,55.04,55.04,55.04,55.04,100.0
2026-07-10T21:05:00+00:00,55.06,55.06,55.04,55.04,1005.0
2026-07-10T21:15:00+00:00,55.02,55.02,54.94,54.95,26044.0
2026-07-10T21:20:00+00:00,54.95,54.95,54.9499,54.95,7970.0
2026-07-10T21:25:00+00:00,54.95,54.95,54.95,54.95,19628.0
2026-07-10T21:30:00+00:00,55.0,55.02,55.0,55.0,11697.0
2026-07-10T21:40:00+00:00,54.9503,54.9503,54.9503,54.9503,1000.0
2026-07-10T22:05:00+00:00,54.975,54.975,54.95,54.95,728.0
2026-07-10T22:10:00+00:00,54.95,54.95,54.95,54.95,902.0
2026-07-10T22:15:00+00:00,54.94,54.94,54.94,54.94,182.0
2026-07-10T22:30:00+00:00,55.0,55.0,55.0,55.0,513.0
2026-07-10T23:00:00+00:00,54.8521,54.8521,54.8521,54.8521,490.0
2026-07-10T23:05:00+00:00,54.8418,54.8418,54.8418,54.8418,250.0
2026-07-10T23:20:00+00:00,54.94,54.94,54.94,54.94,100.0
2026-07-10T23:25:00+00:00,54.8436,54.8436,54.8436,54.8436,100.0
2026-07-10T23:35:00+00:00,54.94,54.94,54.94,54.94,183.0
2026-07-10T23:45:00+00:00,54.94,54.94,54.94,54.94,322.0
2026-07-11T00:00:00+00:00,54.987,54.987,54.987,54.987,2550.0
2026-07-13T08:05:00+00:00,56.04,56.12,55.7,55.88,55531.214957000004
2026-07-13T08:10:00+00:00,55.89,55.89,55.86,55.86,679.0
2026-07-13T08:15:00+00:00,55.85,55.85,55.82,55.85,1977.0
2026-07-13T08:20:00+00:00,55.87,55.87,55.77,55.77,4958.0
2026-07-13T08:25:00+00:00,55.75,55.84,55.75,55.83,899.0
2026-07-13T08:30:00+00:00,55.78,55.78,55.78,55.78,400.0
2026-07-13T08:35:00+00:00,55.77,55.78,55.75,55.78,600.0
2026-07-13T08:40:00+00:00,55.7859,55.8079,55.75,55.78,1790.0
2026-07-13T08:45:00+00:00,55.77,55.78,55.74,55.74,1663.0
2026-07-13T08:50:00+00:00,55.72,55.72,55.72,55.72,198.0
2026-07-13T09:00:00+00:00,55.71,56.1,55.71,56.0,720.0
2026-07-13T09:20:00+00:00,55.66,55.68,55.66,55.68,1249.0
2026-07-13T09:25:00+00:00,55.69,55.69,55.69,55.69,564.0
2026-07-13T09:30:00+00:00,55.66,55.8,55.62,55.74,11871.975049
2026-07-13T09:35:00+00:00,55.65,55.65,55.5972,55.5972,15151.0
2026-07-13T09:50:00+00:00,55.62,55.62,55.61,55.61,1198.0
2026-07-13T10:25:00+00:00,55.71,55.71,55.7,55.71,2475.0
2026-07-13T10:30:00+00:00,55.73,55.73,55.73,55.73,580.0
2026-07-13T10:35:00+00:00,55.78,55.78,55.78,55.78,1079.0
2026-07-13T10:50:00+00:00,55.73,55.75,55.73,55.75,428.0
2026-07-13T10:55:00+00:00,55.77,55.77,55.76,55.77,1829.0
2026-07-13T11:00:00+00:00,55.76,55.77,55.75,55.76,2675.0
2026-07-13T11:05:00+00:00,55.73,55.74,55.67,55.74,16634.663
2026-07-13T11:10:00+00:00,55.74,55.74,55.6224,55.73,8608.0
2026-07-13T11:15:00+00:00,55.75,55.78,55.7189,55.7189,4714.0
2026-07-13T11:20:00+00:00,55.78,55.78,55.77,55.77,1222.0
2026-07-13T11:25:00+00:00,55.7685,55.77,55.73,55.74,3356.0
2026-07-13T11:30:00+00:00,55.74,55.75,55.72,55.75,11369.0
2026-07-13T11:35:00+00:00,55.7448,55.76,55.72,55.76,4363.0
2026-07-13T11:40:00+00:00,55.7579,55.77,55.72,55.7458,3185.2830000000004
2026-07-13T11:45:00+00:00,55.74,55.76,55.74,55.75,5614.558291
2026-07-13T11:50:00+00:00,55.75,55.75,55.69,55.75,3693.0
2026-07-13T11:55:00+00:00,55.7066,55.7066,55.7066,55.7066,126.0
2026-07-13T12:00:00+00:00,55.7435,55.75,55.73,55.75,4272.0
2026-07-13T12:05:00+00:00,55.73,55.75,55.73,55.75,279.0
2026-07-13T12:10:00+00:00,55.7278,55.7768,55.7278,55.7768,855.40489
2026-07-13T12:15:00+00:00,55.78,55.8,55.78,55.8,4384.0
2026-07-13T12:20:00+00:00,55.82,55.85,55.81,55.85,1199.0
2026-07-13T12:25:00+00:00,55.84,55.89,55.84,55.84,29468.0
2026-07-13T12:30:00+00:00,55.81,55.89,55.81,55.87,4962.0
2026-07-13T12:35:00+00:00,55.88,55.9,55.83,55.9,27290.0
2026-07-13T12:40:00+00:00,55.9,55.93,55.87,55.9,10099.0
2026-07-13T12:45:00+00:00,55.9,55.9,55.88,55.88,13077.8627
2026-07-13T12:50:00+00:00,55.88,55.88,55.87,55.88,4239.0
2026-07-13T12:55:00+00:00,55.86,55.87,55.78,55.78,5344.0
2026-07-13T13:00:00+00:00,55.85,55.85,55.79,55.79,8726.0
2026-07-13T13:05:00+00:00,55.77,55.82,55.75,55.82,5470.0
2026-07-13T13:10:00+00:00,55.82,55.8609,55.77,55.8609,2107.0
2026-07-13T13:15:00+00:00,55.85,55.85,55.84,55.85,3648.0
2026-07-13T13:20:00+00:00,55.88,55.89,55.83,55.8529,7515.0
2026-07-13T13:25:00+00:00,55.8578,55.8578,55.68,55.68,17819.0
2026-07-13T13:30:00+00:00,55.73,55.85,55.68,55.85,3583.017927
2026-07-13T13:35:00+00:00,55.86,56.27,55.86,56.235,2079926.0323259998
2026-07-13T13:40:00+00:00,56.24,56.42,56.225,56.23,913754.466209
2026-07-13T13:45:00+00:00,56.23,56.42,56.23,56.4,663256.2097890001
2026-07-13T13:50:00+00:00,56.39,56.53,56.385,56.4505,611399.043882
2026-07-13T13:55:00+00:00,56.45,56.575,56.425,56.465,641852.643181
2026-07-13T14:00:00+00:00,56.465,56.525,56.27,56.27,510416.697408
2026-07-13T14:05:00+00:00,56.275,56.34,56.17,56.24,1669619.9818630002
2026-07-13T14:10:00+00:00,56.24,56.26,56.17,56.235,604833.505226
2026-07-13T14:15:00+00:00,56.235,56.27,56.125,56.17,530363.9364289999
2026-07-13T14:20:00+00:00,56.16,56.37,56.115,56.19,3065537.2636630004
2026-07-13T14:25:00+00:00,56.185,56.335,56.15,56.215,772500.412345
2026-07-13T14:30:00+00:00,56.21,56.28,56.185,56.185,568183.2085310001
2026-07-13T14:35:00+00:00,56.1801,56.26,56.175,56.205,438249.395553
2026-07-13T14:40:00+00:00,56.205,56.28,56.19,56.265,606992.161008
2026-07-13T14:45:00+00:00,56.27,56.375,56.255,56.375,422926.41648099996
2026-07-13T14:50:00+00:00,56.385,56.43,56.335,56.385,502489.093811
2026-07-13T14:55:00+00:00,56.385,56.385,56.27,56.345,360133.80465799995
2026-07-13T15:00:00+00:00,56.345,56.4,56.295,56.38,493689.10118999996
2026-07-13T15:05:00+00:00,56.39,56.41,56.275,56.305,328177.543083
2026-07-13T15:10:00+00:00,56.3,56.36,56.285,56.335,237450.359139
2026-07-13T15:15:00+00:00,56.34,56.41,56.33,56.4,465250.59170899994
2026-07-13T15:20:00+00:00,56.4,56.435,56.305,56.345,291220.847918
2026-07-13T15:25:00+00:00,56.34,56.35,56.285,56.32,167592.782982
2026-07-13T15:30:00+00:00,56.32,56.33,56.27,56.275,217357.021435
2026-07-13T15:35:00+00:00,56.275,56.34,56.275,56.335,418935.04865
2026-07-13T15:40:00+00:00,56.335,56.375,56.32,56.355,224983.661165
2026-07-13T15:45:00+00:00,56.355,56.4,56.335,56.385,189912.954577
2026-07-13T15:50:00+00:00,56.39,56.46,56.3899,56.425,121904.43514399999
2026-07-13T15:55:00+00:00,56.425,56.45,56.395,56.4,202402.268385
2026-07-13T16:00:00+00:00,56.395,56.43,56.395,56.42,121041.84606899999
2026-07-13T16:05:00+00:00,56.425,56.48,56.4235,56.48,83548.347469
2026-07-13T16:10:00+00:00,56.48,56.515,56.475,56.51,231210.75819700002
2026-07-13T16:15:00+00:00,56.505,56.535,56.485,56.505,360526.681254
2026-07-13T16:20:00+00:00,56.505,56.54,56.47,56.495,485330.734348
2026-07-13T16:25:00+00:00,56.49,56.54,56.48,56.53,388090.413371
2026-07-13T16:30:00+00:00,56.53,56.56,56.5,56.505,327375.041394
2026-07-13T16:35:00+00:00,56.51,56.525,56.465,56.495,510497.149356
2026-07-13T16:40:00+00:00,56.495,56.535,56.485,56.505,384096.313653
2026-07-13T16:45:00+00:00,56.505,56.505,56.42,56.445,534294.180791
2026-07-13T16:50:00+00:00,56.445,56.55,56.445,56.55,207717.65784899998
2026-07-13T16:55:00+00:00,56.555,56.655,56.555,56.595,462456.65792599996
2026-07-13T17:00:00+00:00,56.6,56.605,56.525,56.565,286424.141603
2026-07-13T17:05:00+00:00,56.565,56.59,56.5147,56.515,346863.80587700004
2026-07-13T17:10:00+00:00,56.51,56.515,56.46,56.51,292228.113383
2026-07-13T17:15:00+00:00,56.51,56.565,56.485,56.55,229736.028431
2026-07-13T17:20:00+00:00,56.555,56.615,56.54,56.59,293160.686195
2026-07-13T17:25:00+00:00,56.6,56.62,56.58,56.59,186210.07535799997
2026-07-13T17:30:00+00:00,56.585,56.615,56.58,56.595,362449.109639
2026-07-13T17:35:00+00:00,56.595,56.67,56.59,56.64,289162.887699
2026-07-13T17:40:00+00:00,56.645,56.73,56.645,56.71,218275.238384
2026-07-13T17:45:00+00:00,56.72,56.77,56.72,56.765,332248.257618
2026-07-13T17:50:00+00:00,56.765,56.805,56.76,56.765,418540.055287
2026-07-13T17:55:00+00:00,56.765,56.865,56.76,56.865,304426.24021099997
2026-07-13T18:00:00+00:00,56.865,56.9,56.84,56.8799,335438.447505
2026-07-13T18:05:00+00:00,56.86,56.9,56.81,56.8101,321067.673572
2026-07-13T18:10:00+00:00,56.82,56.82,56.74,56.775,179266.918115
2026-07-13T18:15:00+00:00,56.78,56.825,56.76,56.765,254400.84236200002
2026-07-13T18:20:00+00:00,56.7699,56.81,56.75,56.805,192180.296783
2026-07-13T18:25:00+00:00,56.805,56.89,56.79,56.865,280733.284645
2026-07-13T18:30:00+00:00,56.865,56.94,56.85,56.94,412988.756549
2026-07-13T18:35:00+00:00,56.935,56.97,56.89,56.9399,768569.500002
2026-07-13T18:40:00+00:00,56.93,56.93,56.85,56.865,474439.016128
2026-07-13T18:45:00+00:00,56.87,56.925,56.86,56.9001,336038.44012499996
2026-07-13T18:50:00+00:00,56.9036,56.93,56.88,56.915,555367.256097
2026-07-13T18:55:00+00:00,56.92,56.95,56.91,56.945,259841.20126300002
2026-07-13T19:00:00+00:00,56.94,56.955,56.91,56.935,744925.0952369999
2026-07-13T19:05:00+00:00,56.935,56.95,56.87,56.875,341117.849232
2026-07-13T19:10:00+00:00,56.87,56.905,56.86,56.865,315484.831927
2026-07-13T19:15:00+00:00,56.865,56.905,56.835,56.895,209848.621265
2026-07-13T19:20:00+00:00,56.895,56.91,56.835,56.87,421874.63374
2026-07-13T19:25:00+00:00,56.87,56.94,56.855,56.905,332770.393231
2026-07-13T19:30:00+00:00,56.905,56.905,56.795,56.7999,403237.80787899997
2026-07-13T19:35:00+00:00,56.795,56.805,56.7,56.735,606888.954639
2026-07-13T19:40:00+00:00,56.74,56.785,56.72,56.755,526923.312879
2026-07-13T19:45:00+00:00,56.75,56.82,56.74,56.795,624808.729184
2026-07-13T19:50:00+00:00,56.795,56.825,56.7442,56.765,791940.05071
2026-07-13T19:55:00+00:00,56.77,56.82,56.74,56.77,1354585.7397839997
2026-07-13T20:00:00+00:00,56.77,56.79,56.67,56.75,2718041.680094
2026-07-13T20:05:00+00:00,56.74,56.82,56.72,56.82,85984.433764
2026-07-13T20:10:00+00:00,56.8,56.81,56.71,56.79,4297.422909999999
2026-07-13T20:15:00+00:00,56.82,56.8761,56.76,56.8761,5714.185608
2026-07-13T20:20:00+00:00,56.89,56.96,56.86,56.9,38047.44675
2026-07-13T20:25:00+00:00,56.93,56.93,56.833,56.833,2090.0
2026-07-13T20:30:00+00:00,56.86,56.892,56.86,56.892,260.0
2026-07-13T20:35:00+00:00,56.8,56.85,56.8,56.82,2458.0
2026-07-13T20:40:00+00:00,56.86,56.86,56.81,56.85,2959.0
2026-07-13T20:45:00+00:00,56.89,56.89,56.86,56.86,1106.0
2026-07-13T20:50:00+00:00,56.89,56.89,56.85,56.88,3642.0
2026-07-13T20:55:00+00:00,56.875,56.8885,56.87,56.8757,3869.0
2026-07-13T21:00:00+00:00,56.9,56.9,56.89,56.89,510.0
2026-07-13T21:05:00+00:00,56.9044,56.9044,56.888,56.888,231.0
2026-07-13T21:10:00+00:00,56.85,56.85,56.85,56.85,505.0
2026-07-13T21:15:00+00:00,56.888,56.888,56.888,56.888,283.0
2026-07-13T21:20:00+00:00,56.82,56.86,56.82,56.86,897.0
2026-07-13T21:25:00+00:00,56.86,56.9,56.86,56.9,639.162041
2026-07-13T21:30:00+00:00,56.91,56.91,56.91,56.91,1719.0
2026-07-13T21:35:00+00:00,56.9596,56.9596,56.89,56.89,819.0
2026-07-13T21:40:00+00:00,56.9879,56.9879,56.89,56.91,1099.0
2026-07-13T21:45:00+00:00,56.9069,56.91,56.9069,56.9095,2879.0
2026-07-13T21:50:00+00:00,56.94,56.94,56.94,56.94,100.0
2026-07-13T21:55:00+00:00,56.91,56.9304,56.91,56.9304,425.0
2026-07-13T22:05:00+00:00,56.89,56.9,56.88,56.9,3074.2496
2026-07-13T22:10:00+00:00,56.93,56.93,56.93,56.93,4025.0
2026-07-13T22:15:00+00:00,56.94,56.94,56.94,56.94,105.880684
2026-07-13T22:25:00+00:00,56.89,56.89,56.89,56.89,1980.0
2026-07-13T22:30:00+00:00,56.94,56.94,56.94,56.94,104.0
2026-07-13T22:35:00+00:00,56.924,56.924,56.924,56.924,204.0
2026-07-13T22:40:00+00:00,56.91,56.92,56.91,56.91,600.0
2026-07-13T22:45:00+00:00,56.9,56.92,56.9,56.92,2250.0
2026-07-13T22:50:00+00:00,56.91,56.91,56.91,56.91,172.0
2026-07-13T23:00:00+00:00,56.95,56.95,56.94,56.9406,834.0
2026-07-13T23:05:00+00:00,56.94,56.95,56.92,56.95,2293.0
2026-07-13T23:10:00+00:00,56.93,56.94,56.92,56.92,2352.0
2026-07-13T23:15:00+00:00,56.95,56.95,56.94,56.95,3617.0
2026-07-13T23:20:00+00:00,56.9591,56.9663,56.9591,56.9663,3300.0
2026-07-13T23:25:00+00:00,56.97,56.97,56.963,56.963,427.0
2026-07-13T23:30:00+00:00,56.92,56.95,56.92,56.95,863.0
2026-07-13T23:35:00+00:00,56.9444,56.9444,56.94,56.94,588.0
2026-07-13T23:40:00+00:00,56.93,56.94,56.93,56.94,544.0
2026-07-13T23:45:00+00:00,56.93,56.94,56.92,56.9394,2180.0
2026-07-13T23:50:00+00:00,56.9396,56.9638,56.939,56.95,6036.0
2026-07-13T23:55:00+00:00,56.9548,56.97,56.94,56.96,3740.0
2026-07-14T00:00:00+00:00,56.95,56.98,56.94,56.979,2022.0
2026-07-14T08:05:00+00:00,57.03,57.283,56.7843,57.15,42483.268687
2026-07-14T08:25:00+00:00,57.05,57.05,57.03,57.03,2048.0
2026-07-14T08:30:00+00:00,57.03,57.04,57.03,57.04,1277.0
2026-07-14T08:35:00+00:00,57.08,57.08,57.08,57.08,221.0
2026-07-14T08:40:00+00:00,57.07,57.08,57.06,57.08,2660.0
2026-07-14T08:45:00+00:00,57.06,57.1,57.06,57.1,1383.0
2026-07-14T08:55:00+00:00,57.07,57.09,57.06,57.08,1131.0
2026-07-14T09:05:00+00:00,57.1,57.11,57.1,57.11,2728.0373959999997
2026-07-14T09:10:00+00:00,57.11,57.11,57.11,57.11,111.0
2026-07-14T09:15:00+00:00,57.07,57.07,57.07,57.07,109.0
2026-07-14T09:20:00+00:00,57.07,57.07,57.07,57.07,200.0
2026-07-14T09:25:00+00:00,57.1621,57.1621,57.04,57.04,3215.0
2026-07-14T09:30:00+00:00,57.02,57.02,57.02,57.02,329.0
2026-07-14T09:40:00+00:00,57.08,57.08,57.08,57.08,177.0
2026-07-14T09:45:00+00:00,57.07,57.08,57.07,57.08,482.0
2026-07-14T09:55:00+00:00,57.04,57.07,57.04,57.07,4192.0
2026-07-14T10:00:00+00:00,57.03,57.05,57.03,57.05,251.0
2026-07-14T10:10:00+00:00,57.05,57.05,57.05,57.05,624.0
2026-07-14T10:15:00+00:00,57.07,57.08,57.07,57.07,2480.0
2026-07-14T10:20:00+00:00,57.02,57.02,57.02,57.02,100.0
2026-07-14T10:25:00+00:00,57.032,57.06,57.032,57.06,220.0
2026-07-14T10:35:00+00:00,57.08,57.12,57.08,57.12,1776.0
2026-07-14T10:45:00+00:00,57.11,57.11,57.04,57.04,842.0
2026-07-14T10:50:00+00:00,57.1211,57.1211,57.1211,57.1211,400.0
2026-07-14T10:55:00+00:00,57.1,57.1,57.08,57.1,399.0
2026-07-14T11:00:00+00:00,57.06,57.06,57.06,57.06,140.0
2026-07-14T11:05:00+00:00,57.0412,57.07,57.02,57.04,4618.0
2026-07-14T11:10:00+00:00,57.05,57.05,57.0309,57.0309,1072.0
2026-07-14T11:15:00+00:00,57.06,57.08,57.03,57.03,782.0
2026-07-14T11:20:00+00:00,57.0854,57.0854,57.05,57.06,5946.0
2026-07-14T11:25:00+00:00,57.09,57.09,57.08,57.08,893.0
2026-07-14T11:30:00+00:00,57.0555,57.1,57.0555,57.1,937.0
2026-07-14T11:35:00+00:00,57.05,57.05,57.02,57.05,16658.0
2026-07-14T11:40:00+00:00,57.03,57.05,57.02,57.0239,1380.196
2026-07-14T11:45:00+00:00,57.05,57.06,57.0031,57.06,6456.564
2026-07-14T11:50:00+00:00,57.07,57.1,57.018,57.0722,5001.0
2026-07-14T11:55:00+00:00,57.03,57.0492,57.03,57.0492,449.0
2026-07-14T12:00:00+00:00,57.01,57.04,57.0,57.0,2729.0
2026-07-14T12:05:00+00:00,57.01,57.05,57.01,57.05,1580.079796
2026-07-14T12:10:00+00:00,57.05,57.05,57.05,57.05,217.0
2026-07-14T12:15:00+00:00,57.09,57.11,57.09,57.11,3327.0
2026-07-14T12:20:00+00:00,57.13,57.13,57.12,57.12,790.751
2026-07-14T12:25:00+00:00,57.1,57.1,57.1,57.1,1389.167
2026-07-14T12:30:00+00:00,57.0773,57.1,57.05,57.1,2927.0
2026-07-14T12:35:00+00:00,57.12,57.18,57.03,57.0665,2855.0
2026-07-14T12:40:00+00:00,57.11,57.11,57.04,57.06,7874.0
2026-07-14T12:45:00+00:00,57.11,57.13,57.068,57.13,2707.0
2026-07-14T12:50:00+00:00,57.12,57.1221,57.07,57.1084,2080.0
2026-07-14T12:55:00+00:00,57.1,57.12,57.1,57.1032,2207.0
2026-07-14T13:00:00+00:00,57.13,57.1373,57.12,57.1373,8455.0
2026-07-14T13:05:00+00:00,57.14,57.15,57.1,57.1,16370.823538
2026-07-14T13:10:00+00:00,57.15,57.16,57.1066,57.1537,10102.435679
2026-07-14T13:15:00+00:00,57.14,57.1638,57.13,57.14,12593.0
2026-07-14T13:20:00+00:00,57.14,57.1426,57.08,57.0802,9646.0
2026-07-14T13:25:00+00:00,57.08,57.13,57.04,57.05,70945.581186
2026-07-14T13:30:00+00:00,57.06,57.12,56.96,57.01,38678.8
2026-07-14T13:35:00+00:00,57.0,57.22,56.97,56.99,1722937.66278
2026-07-14T13:40:00+00:00,56.985,57.18,56.9,56.98,823320.641022
2026-07-14T13:45:00+00:00,56.98,57.09,56.895,56.895,768737.404877
2026-07-14T13:50:00+00:00,56.895,56.97,56.71,56.965,686083.3680629999
2026-07-14T13:55:00+00:00,56.955,57.06,56.91,56.92,453871.026905
2026-07-14T14:00:00+00:00,56.92,57.0,56.87,56.89,302439.94246199995
2026-07-14T14:05:00+00:00,56.88,57.02,56.85,57.0,577642.3360220001
2026-07-14T14:10:00+00:00,57.0,57.015,56.84,56.865,422924.825871
2026-07-14T14:15:00+00:00,56.865,57.025,56.86,57.0,337852.266544
2026-07-14T14:20:00+00:00,57.01,57.025,56.9,56.94,375093.888706
2026-07-14T14:25:00+00:00,56.94,56.95,56.835,56.85,502260.035143
2026-07-14T14:30:00+00:00,56.845,56.91,56.845,56.875,391599.315969
2026-07-14T14:35:00+00:00,56.88,56.92,56.635,56.74,2358824.432383
2026-07-14T14:40:00+00:00,56.74,56.7875,56.68,56.76,961850.0842670001
2026-07-14T14:45:00+00:00,56.76,56.785,56.71,56.72,247343.86533000003
2026-07-14T14:50:00+00:00,56.715,56.725,56.635,56.695,416585.295623
2026-07-14T14:55:00+00:00,56.7,56.745,56.51,56.53,338088.04671300005
2026-07-14T15:00:00+00:00,56.53,56.58,56.48,56.495,452817.694583
2026-07-14T15:05:00+00:00,56.495,56.56,56.33,56.42,1189517.674313
2026-07-14T15:10:00+00:00,56.42,56.5,56.29,56.29,884880.1703619999
2026-07-14T15:15:00+00:00,56.3,56.56,56.29,56.55,435803.46102199994
2026-07-14T15:20:00+00:00,56.545,56.5952,56.5,56.515,277312.045698
2026-07-14T15:25:00+00:00,56.52,56.545,56.415,56.44,204937.08364199998
2026-07-14T15:30:00+00:00,56.435,56.44,56.37,56.395,438047.593464
2026-07-14T15:35:00+00:00,56.4,56.51,56.39,56.505,608632.0642349999
2026-07-14T15:40:00+00:00,56.5099,56.69,56.505,56.64,561881.504979
2026-07-14T15:45:00+00:00,56.635,56.65,56.58,56.615,262936.509232
2026-07-14T15:50:00+00:00,56.615,56.71,56.6,56.69,256595.44942900003
2026-07-14T15:55:00+00:00,56.7,56.71,56.66,56.705,221828.342135
2026-07-14T16:00:00+00:00,56.71,56.72,56.65,56.67,154292.296727
2026-07-14T16:05:00+00:00,56.675,56.77,56.665,56.745,356650.9423979999
2026-07-14T16:10:00+00:00,56.74,56.7563,56.695,56.72,336659.67429
2026-07-14T16:15:00+00:00,56.715,56.715,56.64,56.685,457984.68160400004
2026-07-14T16:20:00+00:00,56.685,56.69,56.62,56.675,243719.582944
2026-07-14T16:25:00+00:00,56.675,56.73,56.64,56.645,442528.025056
2026-07-14T16:30:00+00:00,56.645,56.715,56.625,56.71,95166.41300100001
2026-07-14T16:35:00+00:00,56.7,56.735,56.68,56.725,168785.566533
2026-07-14T16:40:00+00:00,56.73,56.7397,56.65,56.665,127579.267837
2026-07-14T16:45:00+00:00,56.665,56.665,56.605,56.61,144107.398051
2026-07-14T16:50:00+00:00,56.61,56.61,56.555,56.59,224490.809365
2026-07-14T16:55:00+00:00,56.6,56.61,56.55,56.582,114404.220643
2026-07-14T17:00:00+00:00,56.585,56.595,56.555,56.585,119210.159925
2026-07-14T17:05:00+00:00,56.59,56.615,56.545,56.55,230365.335702
2026-07-14T17:10:00+00:00,56.555,56.6,56.54,56.58,174205.405684
2026-07-14T17:15:00+00:00,56.575,56.61,56.57,56.61,291497.279537
2026-07-14T17:20:00+00:00,56.605,56.62,56.575,56.59,116065.344411
2026-07-14T17:25:00+00:00,56.6,56.62,56.59,56.61,94023.819634
2026-07-14T17:30:00+00:00,56.61,56.61,56.53,56.5771,84964.010503
2026-07-14T17:35:00+00:00,56.575,56.605,56.56,56.605,132744.20692
2026-07-14T17:40:00+00:00,56.61,56.62,56.58,56.6,80290.562939
2026-07-14T17:45:00+00:00,56.6,56.645,56.595,56.635,85059.65809800001
2026-07-14T17:50:00+00:00,56.63,56.66,56.59,56.615,125124.56316599999
2026-07-14T17:55:00+00:00,56.6,56.63,56.57,56.605,70071.93557
2026-07-14T18:00:00+00:00,56.605,56.62,56.57,56.615,130212.11494500001
2026-07-14T18:05:00+00:00,56.6199,56.69,56.61,56.69,125525.732264
2026-07-14T18:10:00+00:00,56.6881,56.745,56.685,56.745,91064.61246900001
2026-07-14T18:15:00+00:00,56.745,56.745,56.675,56.7,74764.97271
2026-07-14T18:20:00+00:00,56.695,56.73,56.69,56.725,54594.887883999996
2026-07-14T18:25:00+00:00,56.725,56.77,56.72,56.735,181557.490285
2026-07-14T18:30:00+00:00,56.73,56.79,56.725,56.78,68419.15730299999
2026-07-14T18:35:00+00:00,56.79,56.825,56.7445,56.75,155685.08371
2026-07-14T18:40:00+00:00,56.75,56.77,56.72,56.77,513957.675415
2026-07-14T18:45:00+00:00,56.78,56.82,56.7745,56.795,355582.7378589999
2026-07-14T18:50:00+00:00,56.795,56.82,56.775,56.82,264951.417265
2026-07-14T18:55:00+00:00,56.81,56.815,56.77,56.81,375125.537359
2026-07-14T19:00:00+00:00,56.81,56.85,56.805,56.84,158345.878383
2026-07-14T19:05:00+00:00,56.85,56.855,56.815,56.818,243524.414904
2026-07-14T19:10:00+00:00,56.815,56.855,56.8,56.835,286002.700484
2026-07-14T19:15:00+00:00,56.835,56.84,56.79,56.805,123424.596955
2026-07-14T19:20:00+00:00,56.805,56.83,56.77,56.83,257830.755039
2026-07-14T19:25:00+00:00,56.825,56.86,56.82,56.8301,249389.558541
2026-07-14T19:30:00+00:00,56.83,56.88,56.83,56.865,197497.651373
2026-07-14T19:35:00+00:00,56.86,56.92,56.845,56.87,647874.650521
2026-07-14T19:40:00+00:00,56.87,56.96,56.87,56.955,357791.087848
2026-07-14T19:45:00+00:00,56.955,57.0,56.905,56.925,1137148.251819
2026-07-14T19:50:00+00:00,56.925,56.95,56.86,56.865,636768.8523240001
2026-07-14T19:55:00+00:00,56.86,56.89,56.8,56.855,760361.586246
2026-07-14T20:00:00+00:00,56.86,56.99,56.855,56.95,1486831.03621
2026-07-14T20:05:00+00:00,56.95,57.0,56.85,56.9,382749.10801200004
2026-07-14T20:10:00+00:00,56.9,56.93,56.9,56.9,1877.0
2026-07-14T20:15:00+00:00,56.95,56.95,56.95,56.95,5744.0
2026-07-14T20:20:00+00:00,56.87,56.8768,56.87,56.8768,5958.0
2026-07-14T20:25:00+00:00,56.91,56.91,56.89,56.9,16582.0
2026-07-14T20:30:00+00:00,56.88,56.9,56.88,56.8999,4306.0
2026-07-14T20:35:00+00:00,56.9,56.9,56.9,56.9,23932.0
2026-07-14T20:50:00+00:00,56.94,56.94,56.94,56.94,100.0
2026-07-14T21:15:00+00:00,56.94,56.94,56.94,56.94,100.0
2026-07-14T21:25:00+00:00,56.95,56.95,56.95,56.95,113.0
2026-07-14T21:30:00+00:00,56.92,56.9498,56.92,56.9498,906.0
2026-07-14T21:35:00+00:00,56.9448,56.95,56.94,56.9497,7100.0
2026-07-14T21:40:00+00:00,56.9152,56.9152,56.85,56.85,621.0
2026-07-14T21:45:00+00:00,56.92,56.93,56.92,56.93,577.0
2026-07-14T21:50:00+00:00,56.75,56.75,56.75,56.75,202.497684
2026-07-14T22:00:00+00:00,56.94,56.95,56.94,56.95,350.0
2026-07-14T22:05:00+00:00,56.91,56.95,56.89,56.9,5442.0
2026-07-14T22:10:00+00:00,56.9,56.9,56.9,56.9,246.0
2026-07-14T22:15:00+00:00,56.884,56.89,56.884,56.89,902.0
2026-07-14T22:20:00+00:00,56.88,56.88,56.88,56.88,100.0
2026-07-14T22:25:00+00:00,56.9,56.9,56.9,56.9,404.0
2026-07-14T22:30:00+00:00,56.95,56.95,56.9499,56.9499,1115.0
2026-07-14T22:35:00+00:00,56.9141,56.9141,56.89,56.89,312.0
2026-07-14T22:50:00+00:00,56.91,56.91,56.9,56.9,390.0
2026-07-14T23:10:00+00:00,56.8972,56.8972,56.8972,56.8972,215.0
2026-07-14T23:20:00+00:00,56.9038,56.9038,56.9038,56.9038,227.0
2026-07-14T23:35:00+00:00,56.9152,56.9448,56.9111,56.9448,5169.0
2026-07-15T00:00:00+00:00,56.94,56.94,56.94,56.94,223.0
2026-07-15T08:05:00+00:00,56.9,57.01,56.7923,57.01,18856.098993
2026-07-15T08:30:00+00:00,56.92,56.92,56.9,56.9,1828.0
2026-07-15T08:50:00+00:00,56.92,56.92,56.92,56.92,292.0
2026-07-15T09:00:00+00:00,56.875,56.88,56.875,56.88,506.05
2026-07-15T09:05:00+00:00,56.86,56.86,56.85,56.86,1340.0
2026-07-15T09:15:00+00:00,56.89,56.89,56.89,56.89,300.0
2026-07-15T09:25:00+00:00,56.91,56.91,56.91,56.91,110.0
2026-07-15T10:10:00+00:00,56.94,56.94,56.93,56.93,478.0
2026-07-15T10:25:00+00:00,56.97,56.97,56.97,56.97,166.0
2026-07-15T10:30:00+00:00,57.03,57.03,57.03,57.03,750.0
2026-07-15T10:35:00+00:00,56.95,56.95,56.95,56.95,370.0
2026-07-15T10:55:00+00:00,56.95,56.95,56.95,56.95,1004.0
2026-07-15T11:05:00+00:00,56.86,56.89,56.86,56.89,810.0
2026-07-15T11:15:00+00:00,56.91,56.92,56.9,56.92,1094.0
2026-07-15T11:20:00+00:00,56.89,56.89,56.88,56.89,418.0
2026-07-15T11:25:00+00:00,56.89,56.89,56.89,56.89,426.0
2026-07-15T11:30:00+00:00,56.89,56.89,56.89,56.89,319.0
2026-07-15T11:35:00+00:00,56.9,56.91,56.88,56.88,4398.488335
2026-07-15T11:40:00+00:00,56.89,56.92,56.89,56.92,2192.85
2026-07-15T11:50:00+00:00,56.87,56.88,56.87,56.87,1376.0
2026-07-15T11:55:00+00:00,56.87,56.87,56.86,56.86,1818.0
2026-07-15T12:05:00+00:00,56.9,56.92,56.9,56.92,4270.0
2026-07-15T12:15:00+00:00,56.93,56.93,56.89,56.89,1856.0
2026-07-15T12:20:00+00:00,56.89,56.9,56.88,56.89,5860.0
2026-07-15T12:25:00+00:00,56.88,56.9,56.88,56.9,461.0
2026-07-15T12:30:00+00:00,56.95,56.95,56.95,56.95,430.0
2026-07-15T12:35:00+00:00,56.91,56.95,56.87,56.95,3057.0
2026-07-15T12:40:00+00:00,56.91,56.95,56.9,56.91,10419.895400000001
2026-07-15T12:45:00+00:00,56.9,56.93,56.9,56.93,2245.0
2026-07-15T12:50:00+00:00,56.95,56.95,56.95,56.95,1189.0
2026-07-15T12:55:00+00:00,56.9673,56.9673,56.9379,56.9379,989.0
2026-07-15T13:00:00+00:00,56.9362,56.9518,56.93,56.93,4999.0
2026-07-15T13:05:00+00:00,56.93,56.93,56.93,56.93,299.0079
2026-07-15T13:10:00+00:00,56.94,56.97,56.93,56.97,10400.7627
2026-07-15T13:15:00+00:00,56.9744,56.98,56.9744,56.98,817.0
2026-07-15T13:20:00+00:00,57.0,57.0,56.98,56.98,760.0
2026-07-15T13:25:00+00:00,57.01,57.05,57.01,57.04,1991.5778
2026-07-15T13:30:00+00:00,56.98,56.98,56.96,56.96,2456.0
2026-07-15T13:35:00+00:00,56.94,57.04,56.83,56.845,1140473.321739
2026-07-15T13:40:00+00:00,56.845,56.88,56.695,56.855,568747.993408
2026-07-15T13:45:00+00:00,56.855,56.895,56.74,56.83,343011.564846
2026-07-15T13:50:00+00:00,56.82,56.875,56.775,56.795,276791.41480599996
2026-07-15T13:55:00+00:00,56.79,56.88,56.77,56.805,173756.688827
2026-07-15T14:00:00+00:00,56.81,56.81,56.65,56.68,452717.08891100006
2026-07-15T14:05:00+00:00,56.7,56.72,56.58,56.685,387223.86100299994
2026-07-15T14:10:00+00:00,56.69,56.695,56.53,56.53,241193.891826
2026-07-15T14:15:00+00:00,56.535,56.55,56.42,56.53,500384.90672699997
2026-07-15T14:20:00+00:00,56.53,56.585,56.485,56.49,722959.929055
2026-07-15T14:25:00+00:00,56.49,56.57,56.49,56.53,560486.1278959999
2026-07-15T14:30:00+00:00,56.53,56.5575,56.33,56.33,648515.5099
2026-07-15T14:35:00+00:00,56.34,56.37,56.15,56.27,656692.3283
2026-07-15T14:40:00+00:00,56.265,56.265,56.1,56.215,532064.527763
2026-07-15T14:45:00+00:00,56.22,56.425,56.205,56.4,327465.987767
2026-07-15T14:50:00+00:00,56.4,56.42,56.1602,56.175,308843.382553
2026-07-15T14:55:00+00:00,56.17,56.19,56.095,56.15,421267.00318700005
2026-07-15T15:00:00+00:00,56.15,56.22,56.115,56.19,635886.699797
2026-07-15T15:05:00+00:00,56.195,56.245,56.1401,56.155,429008.647216
2026-07-15T15:10:00+00:00,56.155,56.195,56.075,56.095,316780.90743499994
2026-07-15T15:15:00+00:00,56.1,56.215,56.1,56.2,221486.97796800002
2026-07-15T15:20:00+00:00,56.2,56.2,56.08,56.12,301672.16892
2026-07-15T15:25:00+00:00,56.125,56.145,55.98,55.98,585622.367813
2026-07-15T15:30:00+00:00,55.97,55.98,55.865,55.915,422650.39995099994
2026-07-15T15:35:00+00:00,55.91,55.94,55.845,55.87,1385366.6439570002
2026-07-15T15:40:00+00:00,55.87,55.925,55.85,55.915,807352.4572770001
2026-07-15T15:45:00+00:00,55.915,55.93,55.79,55.875,562790.538331
2026-07-15T15:50:00+00:00,55.875,55.905,55.76,55.8,360728.356007
2026-07-15T15:55:00+00:00,55.8,55.975,55.795,55.955,436243.573101
2026-07-15T16:00:00+00:00,55.96,56.0501,55.945,56.0501,510832.83704300004
2026-07-15T16:05:00+00:00,56.06,56.07,55.965,55.975,646818.423754
2026-07-15T16:10:00+00:00,55.98,55.985,55.885,55.915,231205.849337
2026-07-15T16:15:00+00:00,55.915,55.995,55.9125,55.93,229445.963574
2026-07-15T16:20:00+00:00,55.9301,55.95,55.875,55.915,213249.331934
2026-07-15T16:25:00+00:00,55.91,55.98,55.87,55.96,216309.90970100003
2026-07-15T16:30:00+00:00,55.955,55.96,55.895,55.94,406377.44506600004
2026-07-15T16:35:00+00:00,55.94,56.06,55.935,56.04,174755.288978
2026-07-15T16:40:00+00:00,56.045,56.12,56.035,56.08,185858.991566
2026-07-15T16:45:00+00:00,56.08,56.1753,56.04,56.175,281215.946
2026-07-15T16:50:00+00:00,56.175,56.2,56.05,56.105,1032688.954821
2026-07-15T16:55:00+00:00,56.105,56.155,56.1,56.135,292526.348831
2026-07-15T17:00:00+00:00,56.135,56.15,56.1036,56.105,128644.33547899999
2026-07-15T17:05:00+00:00,56.105,56.11,56.05,56.09,98028.36783500001
2026-07-15T17:10:00+00:00,56.09,56.1,56.045,56.06,91460.31009
2026-07-15T17:15:00+00:00,56.06,56.09,56.055,56.08,135552.01237100002
2026-07-15T17:20:00+00:00,56.085,56.095,56.065,56.09,94157.370261
2026-07-15T17:25:00+00:00,56.095,56.115,56.055,56.11,121393.484608
2026-07-15T17:30:00+00:00,56.105,56.11,56.035,56.035,166143.797405
2026-07-15T17:35:00+00:00,56.035,56.045,55.98,56.045,287289.20784999995
2026-07-15T17:40:00+00:00,56.045,56.095,56.005,56.015,155648.571702
2026-07-15T17:45:00+00:00,56.01,56.055,55.985,56.035,82701.968984
2026-07-15T17:50:00+00:00,56.03,56.075,56.03,56.045,240199.97251
2026-07-15T17:55:00+00:00,56.045,56.07,56.04,56.05,85262.40947399999
2026-07-15T18:00:00+00:00,56.055,56.105,56.045,56.085,139186.98923900002
2026-07-15T18:05:00+00:00,56.08,56.16,56.065,56.145,1299464.599631
2026-07-15T18:10:00+00:00,56.15,56.23,56.14,56.225,127166.702816
2026-07-15T18:15:00+00:00,56.23,56.235,56.1501,56.165,97454.933571
2026-07-15T18:20:00+00:00,56.165,56.2175,56.16,56.18,149711.210684
2026-07-15T18:25:00+00:00,56.18,56.225,56.175,56.225,116777.362265
2026-07-15T18:30:00+00:00,56.23,56.265,56.1922,56.265,147105.321791
2026-07-15T18:35:00+00:00,56.265,56.335,56.25,56.32,181961.724361
2026-07-15T18:40:00+00:00,56.32,56.325,56.23,56.265,242534.47578799998
2026-07-15T18:45:00+00:00,56.27,56.27,56.23,56.255,239320.16344600002
2026-07-15T18:50:00+00:00,56.26,56.2863,56.23,56.27,374202.217417
2026-07-15T18:55:00+00:00,56.27,56.325,56.26,56.315,161592.129931
2026-07-15T19:00:00+00:00,56.31,56.32,56.28,56.315,123313.430276
2026-07-15T19:05:00+00:00,56.315,56.315,56.2,56.215,411691.790653
2026-07-15T19:10:00+00:00,56.215,56.245,56.185,56.23,209727.401734
2026-07-15T19:15:00+00:00,56.235,56.27,56.21,56.24,382057.867913
2026-07-15T19:20:00+00:00,56.23,56.305,56.23,56.285,173421.23086900002
2026-07-15T19:25:00+00:00,56.285,56.4,56.28,56.395,377199.469252
2026-07-15T19:30:00+00:00,56.395,56.4151,56.345,56.355,268168.344152
2026-07-15T19:35:00+00:00,56.35,56.565,56.34,56.565,766149.01853
2026-07-15T19:40:00+00:00,56.57,56.605,56.475,56.525,558687.7378690001
2026-07-15T19:45:00+00:00,56.525,56.53,56.4134,56.425,528037.847819
2026-07-15T19:50:00+00:00,56.42,56.445,56.37,56.425,809720.9351250001
2026-07-15T19:55:00+00:00,56.42,56.545,56.39,56.525,973388.326465
2026-07-15T20:00:00+00:00,56.53,56.53,56.425,56.48,2227617.491012
2026-07-15T20:05:00+00:00,56.5,56.58,56.5,56.54,14287.828021
2026-07-15T20:10:00+00:00,56.5415,56.56,56.53,56.55,8635.0
2026-07-15T20:15:00+00:00,56.57,56.58,56.57,56.57,11605.0
2026-07-15T20:20:00+00:00,56.57,56.6,56.57,56.59,43828.0
2026-07-15T20:25:00+00:00,56.56,56.56,56.55,56.55,2483.0
2026-07-15T20:30:00+00:00,56.55,56.55,56.55,56.55,1025.0
2026-07-15T20:50:00+00:00,56.51,56.51,56.48,56.48,1557.0
2026-07-15T20:55:00+00:00,56.4401,56.4401,56.4401,56.4401,150.0
2026-07-15T21:00:00+00:00,56.45,56.45,56.45,56.45,100.0
2026-07-15T21:05:00+00:00,56.5257,56.5257,56.5257,56.5257,500.0
2026-07-15T21:15:00+00:00,56.5,56.5,56.5,56.5,503.0
2026-07-15T21:25:00+00:00,56.51,56.51,56.5,56.51,540.0
2026-07-15T21:30:00+00:00,56.55,56.55,56.51,56.51,1130.0
2026-07-15T21:50:00+00:00,56.5798,56.5798,56.52,56.52,454.47
2026-07-15T22:05:00+00:00,56.51,56.51,56.48,56.49,1772.0
2026-07-15T22:15:00+00:00,56.515,56.515,56.515,56.515,100.0
2026-07-15T22:35:00+00:00,56.52,56.52,56.52,56.52,529.0
2026-07-15T22:50:00+00:00,56.5355,56.5355,56.5355,56.5355,100.0
2026-07-15T23:10:00+00:00,56.5,56.5,56.5,56.5,140.0
2026-07-15T23:20:00+00:00,56.53,56.53,56.53,56.53,3500.0
2026-07-15T23:25:00+00:00,56.46,56.5,56.45,56.5,2495.0
2026-07-15T23:35:00+00:00,56.5,56.53,56.5,56.53,655.0
2026-07-15T23:40:00+00:00,56.46,56.46,56.46,56.46,100.0
2026-07-15T23:50:00+00:00,56.46,56.46,56.46,56.46,180.0
2026-07-15T23:55:00+00:00,56.52,56.52,56.5138,56.5138,1300.0
2026-07-16T00:00:00+00:00,56.53,56.53,56.53,56.53,300.0
2026-07-16T08:05:00+00:00,56.2702,56.41,56.23,56.27,5234.454028
2026-07-16T08:10:00+00:00,56.24,56.24,56.22,56.22,30142.0
2026-07-16T08:15:00+00:00,56.22,56.22,56.22,56.22,1172.0
2026-07-16T08:20:00+00:00,56.22,56.22,56.22,56.22,117.0
2026-07-16T08:25:00+00:00,56.24,56.24,56.23,56.23,649.0
2026-07-16T09:05:00+00:00,56.23,56.29,56.23,56.29,2263.0
2026-07-16T09:20:00+00:00,56.26,56.26,56.2,56.21,2709.0
2026-07-16T09:25:00+00:00,56.26,56.26,56.26,56.26,400.0
2026-07-16T09:35:00+00:00,56.18,56.18,56.18,56.18,159.0
2026-07-16T09:45:00+00:00,56.2,56.26,56.2,56.26,2317.0
2026-07-16T09:50:00+00:00,56.26,56.27,56.26,56.27,1425.0
2026-07-16T10:00:00+00:00,56.29,56.29,56.29,56.29,913.0
2026-07-16T10:05:00+00:00,56.26,56.26,56.22,56.24,3958.0
2026-07-16T10:30:00+00:00,56.29,56.29,56.26,56.26,571.0
2026-07-16T10:45:00+00:00,56.26,56.26,56.26,56.26,181.0
2026-07-16T10:50:00+00:00,56.24,56.24,56.24,56.24,110.0
2026-07-16T10:55:00+00:00,56.25,56.25,56.23,56.23,441.0
2026-07-16T11:05:00+00:00,56.25,56.25,56.24,56.24,1904.0
2026-07-16T11:10:00+00:00,56.2551,56.2551,56.2551,56.2551,201.0
2026-07-16T11:15:00+00:00,56.27,56.29,56.24,56.29,5810.0
2026-07-16T11:20:00+00:00,56.26,56.27,56.23,56.23,6969.0
2026-07-16T11:25:00+00:00,56.24,56.25,56.24,56.25,2819.0
2026-07-16T11:35:00+00:00,56.24,56.27,56.24,56.26,4507.0
2026-07-16T11:40:00+00:00,56.25,56.3,56.25,56.28,3373.5681999999997
2026-07-16T11:45:00+00:00,56.28,56.29,56.28,56.29,856.0
2026-07-16T11:50:00+00:00,56.3,56.42,56.28,56.41,21453.0
2026-07-16T11:55:00+00:00,56.41,56.45,56.2947,56.2947,4208.0
2026-07-16T12:00:00+00:00,56.38,56.38,56.35,56.38,1507.0
2026-07-16T12:05:00+00:00,56.35,56.44,56.34,56.44,794.0
2026-07-16T12:10:00+00:00,56.4,56.4,56.3645,56.3645,320.0
2026-07-16T12:15:00+00:00,56.41,56.41,56.38,56.4,1249.103
2026-07-16T12:20:00+00:00,56.44,56.45,56.44,56.45,1066.0
2026-07-16T12:25:00+00:00,56.46,56.49,56.42,56.49,2184.087106
2026-07-16T12:30:00+00:00,56.53,56.5497,56.52,56.5497,1156.0
2026-07-16T12:35:00+00:00,56.48,56.59,56.48,56.55,3578.637268
2026-07-16T12:40:00+00:00,56.55,56.57,56.55,56.57,3861.0
2026-07-16T12:45:00+00:00,56.55,56.6,56.55,56.59,7465.0
2026-07-16T12:50:00+00:00,56.59,56.6,56.52,56.54,14881.0
2026-07-16T12:55:00+00:00,56.5823,56.59,56.55,56.55,3010.092243
2026-07-16T13:05:00+00:00,56.5251,56.59,56.5251,56.55,3023.0
2026-07-16T13:10:00+00:00,56.54,56.59,56.54,56.59,1231.0
2026-07-16T13:15:00+00:00,56.55,56.58,56.55,56.58,813.0
2026-07-16T13:20:00+00:00,56.5984,56.62,56.58,56.61,3255.0
2026-07-16T13:25:00+00:00,56.57,56.57,56.57,56.57,365.0
2026-07-16T13:30:00+00:00,56.57,56.66,56.53,56.66,6296.028947
2026-07-16T13:35:00+00:00,56.66,56.945,56.595,56.89,1070117.555361
2026-07-16T13:40:00+00:00,56.88,56.9,56.745,56.755,511681.560008
2026-07-16T13:45:00+00:00,56.76,57.135,56.755,57.13,503517.91520399996
2026-07-16T13:50:00+00:00,57.12,57.18,56.99,57.07,569233.975917
2026-07-16T13:55:00+00:00,57.07,57.17,57.025,57.095,328657.684522
2026-07-16T14:00:00+00:00,57.09,57.1,56.955,56.96,610943.466015
2026-07-16T14:05:00+00:00,56.97,57.055,56.95,56.995,585533.879303
2026-07-16T14:10:00+00:00,57.0,57.12,56.99,57.095,408495.50819799997
2026-07-16T14:15:00+00:00,57.1,57.14,56.985,57.095,285115.018585
2026-07-16T14:20:00+00:00,57.09,57.105,57.01,57.095,211705.01023500002
2026-07-16T14:25:00+00:00,57.1,57.235,57.095,57.1801,1895812.418461
2026-07-16T14:30:00+00:00,57.185,57.23,57.07,57.09,225207.394769
2026-07-16T14:35:00+00:00,57.095,57.1,57.025,57.05,221246.52027100002
2026-07-16T14:40:00+00:00,57.05,57.05,56.95,57.005,586058.2827089999
2026-07-16T14:45:00+00:00,57.01,57.08,56.98,57.0,218944.701201
2026-07-16T14:50:00+00:00,57.005,57.0402,56.9,56.93,208292.155059
2026-07-16T14:55:00+00:00,56.93,57.17,56.93,57.155,289205.105985
2026-07-16T15:00:00+00:00,57.155,57.1699,57.01,57.04,412635.080237
2026-07-16T15:05:00+00:00,57.035,57.09,57.02,57.085,295013.723895
2026-07-16T15:10:00+00:00,57.085,57.18,57.075,57.082,265823.167151
2026-07-16T15:15:00+00:00,57.09,57.1612,57.09,57.14,190239.88483600004
2026-07-16T15:20:00+00:00,57.135,57.17,57.105,57.155,183801.91753099998
2026-07-16T15:25:00+00:00,57.155,57.16,57.09,57.1,127411.10104400001
2026-07-16T15:30:00+00:00,57.1,57.11,57.045,57.07,184171.50196000002
2026-07-16T15:35:00+00:00,57.075,57.1,57.04,57.055,188270.11236600002
2026-07-16T15:40:00+00:00,57.055,57.06,56.975,56.985,159724.37792499998
2026-07-16T15:45:00+00:00,56.9851,57.1,56.98,57.095,270706.702264
2026-07-16T15:50:00+00:00,57.095,57.105,57.04,57.07,95680.64946900001
2026-07-16T15:55:00+00:00,57.065,57.08,57.005,57.015,182966.23793499998
2026-07-16T16:00:00+00:00,57.02,57.075,57.015,57.075,108296.08366500001
2026-07-16T16:05:00+00:00,57.07,57.17,57.06,57.155,116833.36145
2026-07-16T16:10:00+00:00,57.155,57.225,57.145,57.195,158936.397126
2026-07-16T16:15:00+00:00,57.2,57.205,57.14,57.175,131319.651263
2026-07-16T16:20:00+00:00,57.18,57.21,57.16,57.185,394968.314238
2026-07-16T16:25:00+00:00,57.185,57.3,57.185,57.2,592915.079184
2026-07-16T16:30:00+00:00,57.2,57.22,57.12,57.125,104696.739078
2026-07-16T16:35:00+00:00,57.13,57.135,57.05,57.07,365728.484987
2026-07-16T16:40:00+00:00,57.065,57.1,57.0546,57.08,232753.838558
2026-07-16T16:45:00+00:00,57.075,57.075,56.97,56.98,269059.897395
2026-07-16T16:50:00+00:00,56.985,57.0,56.93,56.9499,220383.89716199998
2026-07-16T16:55:00+00:00,56.945,56.98,56.915,56.935,142532.027457
2026-07-16T17:00:00+00:00,56.94,56.94,56.86,56.92,418860.09176000004
2026-07-16T17:05:00+00:00,56.915,56.985,56.9,56.985,153662.178481
2026-07-16T17:10:00+00:00,56.985,56.985,56.915,56.945,91241.827557
2026-07-16T17:15:00+00:00,56.945,56.97,56.935,56.955,107720.97307000001
2026-07-16T17:20:00+00:00,56.95,56.965,56.93,56.945,73143.58987699999
2026-07-16T17:25:00+00:00,56.94,56.9653,56.93,56.955,68075.209139
2026-07-16T17:30:00+00:00,56.955,56.955,56.88,56.88,77096.345599
2026-07-16T17:35:00+00:00,56.88,56.95,56.865,56.94,140491.754614
2026-07-16T17:40:00+00:00,56.94,56.965,56.93,56.935,67432.656035
2026-07-16T17:45:00+00:00,56.935,56.98,56.92,56.98,127315.636355
2026-07-16T17:50:00+00:00,56.98,57.025,56.97,57.01,105017.697343
2026-07-16T17:55:00+00:00,57.0,57.015,56.975,56.9801,89478.342784
2026-07-16T18:00:00+00:00,56.985,57.025,56.97,57.025,71332.588116
2026-07-16T18:05:00+00:00,57.025,57.03,56.995,57.005,143513.782496
2026-07-16T18:10:00+00:00,57.005,57.095,57.0,57.09,175496.62413799998
2026-07-16T18:15:00+00:00,57.09,57.09,57.0401,57.075,190841.86774500003
2026-07-16T18:20:00+00:00,57.08,57.11,57.045,57.095,148780.710207
2026-07-16T18:25:00+00:00,57.095,57.145,57.095,57.13,378499.844421
2026-07-16T18:30:00+00:00,57.14,57.18,57.13,57.13,181779.372127
2026-07-16T18:35:00+00:00,57.125,57.155,57.105,57.145,133489.555283
2026-07-16T18:40:00+00:00,57.15,57.21,57.15,57.195,149565.327116
2026-07-16T18:45:00+00:00,57.19,57.215,57.18,57.215,175138.692356
2026-07-16T18:50:00+00:00,57.215,57.215,57.11,57.115,205928.079347
2026-07-16T18:55:00+00:00,57.11,57.12,57.05,57.05,105199.48939300001
2026-07-16T19:00:00+00:00,57.045,57.07,57.03,57.035,217534.17138800002
2026-07-16T19:05:00+00:00,57.045,57.07,57.025,57.055,168426.66365899998
2026-07-16T19:10:00+00:00,57.055,57.11,57.045,57.1,120634.63823
2026-07-16T19:15:00+00:00,57.1,57.1399,57.065,57.135,134801.891269
2026-07-16T19:20:00+00:00,57.135,57.145,57.1,57.13,333397.262498
2026-07-16T19:25:00+00:00,57.135,57.155,57.085,57.105,350034.540775
2026-07-16T19:30:00+00:00,57.105,57.105,56.995,57.005,303407.206338
2026-07-16T19:35:00+00:00,57.01,57.04,56.955,56.99,371290.03318
2026-07-16T19:40:00+00:00,56.985,57.01,56.965,56.985,370442.194551
2026-07-16T19:45:00+00:00,56.98,57.03,56.94,57.0164,459411.748121
2026-07-16T19:50:00+00:00,57.01,57.035,56.985,57.02,392234.26157000003
2026-07-16T19:55:00+00:00,57.02,57.14,57.005,57.055,910221.4757620001
2026-07-16T20:00:00+00:00,57.06,57.09,56.972,57.01,2231506.5661190003
2026-07-16T20:05:00+00:00,57.01,57.04,57.0,57.04,10771.601733
2026-07-16T20:10:00+00:00,57.02,57.02,56.96,56.97,1576679.0
2026-07-16T20:15:00+00:00,56.99,57.01,56.96,57.01,1006160.0
2026-07-16T20:20:00+00:00,57.05,57.05,57.05,57.05,1524.0
2026-07-16T20:30:00+00:00,57.074,57.074,57.0208,57.0208,3132.0
2026-07-16T20:35:00+00:00,57.05,57.05,57.05,57.05,244.0
2026-07-16T20:40:00+00:00,57.05,57.06,57.05,57.05,23143.0
2026-07-16T21:00:00+00:00,57.05,57.08,57.04,57.04,1079.0
2026-07-16T21:05:00+00:00,57.04,57.1,57.04,57.05,6548.0
2026-07-16T21:15:00+00:00,57.09,57.09,57.09,57.09,201.0
2026-07-16T21:40:00+00:00,57.05,57.17,57.05,57.05,300.0
2026-07-16T21:50:00+00:00,57.03,57.03,57.03,57.03,111.0
2026-07-16T22:05:00+00:00,57.0626,57.0626,57.0626,57.0626,191.0
2026-07-16T22:10:00+00:00,57.1,57.1,57.1,57.1,161.0
2026-07-16T22:15:00+00:00,57.0847,57.0847,57.0247,57.0247,452.0
2026-07-16T22:25:00+00:00,57.02,57.02,57.02,57.02,100.0
2026-07-16T22:30:00+00:00,57.0801,57.0801,57.0801,57.0801,179.0
2026-07-16T22:35:00+00:00,57.09,57.09,57.09,57.09,215.0
2026-07-16T22:40:00+00:00,57.06,57.06,57.06,57.06,472.0
2026-07-16T22:45:00+00:00,57.08,57.08,57.08,57.08,287.0
2026-07-16T23:05:00+00:00,57.0214,57.0214,57.0214,57.0214,300.0
2026-07-16T23:20:00+00:00,57.06,57.1,57.06,57.1,1419.0
2026-07-16T23:25:00+00:00,57.0702,57.1,57.03,57.06,709.0
2026-07-16T23:30:00+00:00,57.0722,57.1,57.06,57.1,601.0
2026-07-16T23:40:00+00:00,57.0785,57.0785,57.0785,57.0785,100.0
2026-07-16T23:45:00+00:00,57.0408,57.0408,57.0408,57.0408,1000.0
2026-07-16T23:50:00+00:00,57.1,57.1,57.1,57.1,358.0
2026-07-17T00:00:00+00:00,57.05,57.06,57.05,57.06,4474.0
2026-07-17T08:05:00+00:00,57.24,57.31,56.88,57.31,20626.154248
2026-07-17T08:10:00+00:00,57.17,57.2,57.17,57.2,1194.398776
2026-07-17T08:15:00+00:00,57.21,57.21,57.2,57.2,1627.0
2026-07-17T08:20:00+00:00,57.2,57.2,57.2,57.2,358.491699
2026-07-17T08:25:00+00:00,57.2,57.3,57.2,57.3,7794.0
2026-07-17T08:30:00+00:00,57.34,57.35,57.32,57.34,2418.0
2026-07-17T08:45:00+00:00,57.34,57.34,57.34,57.34,864.0
2026-07-17T08:50:00+00:00,57.34,57.36,57.34,57.36,1074.0302000000001
2026-07-17T08:55:00+00:00,57.4,57.4,57.4,57.4,205.0
2026-07-17T09:00:00+00:00,57.4,57.4,57.4,57.4,180.0
2026-07-17T09:05:00+00:00,57.4,57.5,57.3651,57.5,2312.0
2026-07-17T09:10:00+00:00,57.45,57.47,57.45,57.47,3067.490249
2026-07-17T09:15:00+00:00,57.5,57.5,57.47,57.47,6219.0
2026-07-17T09:25:00+00:00,57.44,57.51,57.43,57.5,4694.398776
2026-07-17T09:30:00+00:00,57.56,57.58,57.52,57.52,1508.06
2026-07-17T09:40:00+00:00,57.65,57.65,57.6,57.62,1439.0
2026-07-17T09:45:00+00:00,57.5,57.56,57.5,57.55,727.0
2026-07-17T09:50:00+00:00,57.55,57.61,57.5,57.61,2228.0
2026-07-17T09:55:00+00:00,57.6,57.6,57.6,57.6,1229.0
2026-07-17T10:00:00+00:00,57.6,57.6,57.56,57.56,1803.0
2026-07-17T10:05:00+00:00,57.56,57.56,57.53,57.53,2501.0
2026-07-17T10:10:00+00:00,57.5,57.5,57.5,57.5,263.0
2026-07-17T10:35:00+00:00,57.58,57.63,57.57,57.63,500.0
2026-07-17T10:40:00+00:00,57.63,57.63,57.54,57.57,4061.0
2026-07-17T10:45:00+00:00,57.53,57.53,57.53,57.53,562.736146
2026-07-17T10:55:00+00:00,57.53,57.54,57.53,57.54,2174.0
2026-07-17T11:00:00+00:00,57.6,57.6,57.6,57.6,207.0
2026-07-17T11:05:00+00:00,57.5139,57.6,57.5139,57.55,11661.0
2026-07-17T11:10:00+00:00,57.5375,57.63,57.53,57.63,8868.0
2026-07-17T11:15:00+00:00,57.55,57.6285,57.55,57.6,3535.0
2026-07-17T11:20:00+00:00,57.59,57.63,57.58,57.63,1053.0
2026-07-17T11:25:00+00:00,57.6492,57.65,57.64,57.647,2676.0
2026-07-17T11:30:00+00:00,57.65,57.66,57.61,57.62,4938.0
2026-07-17T11:35:00+00:00,57.64,57.66,57.6,57.66,1655.091555
2026-07-17T11:40:00+00:00,57.66,57.68,57.6,57.6,3836.0968999999996
2026-07-17T11:45:00+00:00,57.69,57.7,57.66,57.7,5309.0
2026-07-17T11:50:00+00:00,57.7,57.78,57.7,57.78,6539.0
2026-07-17T11:55:00+00:00,57.74,57.74,57.72,57.7206,5291.1728459999995
2026-07-17T12:00:00+00:00,57.7393,57.76,57.72,57.73,1314.0
2026-07-17T12:05:00+00:00,57.77,57.8574,57.75,57.7929,3979.0
2026-07-17T12:10:00+00:00,57.87,57.87,57.76,57.78,46669.905589999995
2026-07-17T12:15:00+00:00,57.8,57.8,57.72,57.76,3214.191332
2026-07-17T12:20:00+00:00,57.76,57.8533,57.76,57.84,37438.0
2026-07-17T12:25:00+00:00,57.8579,57.88,57.83,57.85,3089.0
2026-07-17T12:30:00+00:00,57.85,57.85,57.83,57.84,4113.0
2026-07-17T12:35:00+00:00,57.8426,57.85,57.82,57.82,727.0
2026-07-17T12:40:00+00:00,57.81,57.85,57.81,57.85,3895.0
2026-07-17T12:45:00+00:00,57.8444,57.86,57.82,57.86,3001.0
2026-07-17T12:50:00+00:00,57.83,57.8523,57.83,57.8522,2216.0
2026-07-17T12:55:00+00:00,57.83,57.84,57.83,57.84,662.0
2026-07-17T13:00:00+00:00,57.84,57.8543,57.79,57.79,21172.0
2026-07-17T13:05:00+00:00,57.86,57.86,57.8262,57.86,1489.0
2026-07-17T13:10:00+00:00,57.8839,57.89,57.83,57.87,5729.0
2026-07-17T13:15:00+00:00,57.85,57.88,57.85,57.88,3101.0
2026-07-17T13:20:00+00:00,57.87,57.92,57.859,57.9,7400.157903
2026-07-17T13:25:00+00:00,57.88,57.91,57.85,57.88,10474.0
2026-07-17T13:30:00+00:00,57.91,57.95,57.86,57.95,6248.0695
2026-07-17T13:35:00+00:00,57.95,58.01,57.67,57.68,1912975.605424
2026-07-17T13:40:00+00:00,57.675,57.835,57.58,57.81,1098242.760819
2026-07-17T13:45:00+00:00,57.82,58.01,57.81,57.94,1244367.963765
2026-07-17T13:50:00+00:00,57.935,58.115,57.935,58.005,885146.9265160001
2026-07-17T13:55:00+00:00,58.01,58.09,57.785,57.79,1251269.23709
2026-07-17T14:00:00+00:00,57.79,57.935,57.785,57.87,472887.80444900005
2026-07-17T14:05:00+00:00,57.87,57.94,57.84,57.935,756366.885028
2026-07-17T14:10:00+00:00,57.93,57.98,57.79,57.865,669279.6170109999
2026-07-17T14:15:00+00:00,57.865,57.87,57.775,57.805,485704.05960800004
2026-07-17T14:20:00+00:00,57.81,57.81,57.6,57.75,779506.8817520001
2026-07-17T14:25:00+00:00,57.74,57.815,57.71,57.78,303482.873099
2026-07-17T14:30:00+00:00,57.78,57.7901,57.68,57.78,444030.576171
2026-07-17T14:35:00+00:00,57.775,57.8,57.675,57.7075,727992.582899
2026-07-17T14:40:00+00:00,57.71,57.755,57.64,57.64,299631.100697
2026-07-17T14:45:00+00:00,57.64,57.645,57.53,57.635,428555.51316300005
2026-07-17T14:50:00+00:00,57.635,57.68,57.6,57.6,373921.405228
2026-07-17T14:55:00+00:00,57.605,57.62,57.55,57.57,292271.78121700004
2026-07-17T15:00:00+00:00,57.57,57.6,57.465,57.495,320645.813128
2026-07-17T15:05:00+00:00,57.495,57.495,57.3,57.305,501302.251307
2026-07-17T15:10:00+00:00,57.305,57.46,57.28,57.44,275851.406007
2026-07-17T15:15:00+00:00,57.43,57.49,57.425,57.47,207182.52171200002
2026-07-17T15:20:00+00:00,57.485,57.58,57.48,57.555,369942.45870400005
2026-07-17T15:25:00+00:00,57.55,57.63,57.525,57.625,195464.64443600003
2026-07-17T15:30:00+00:00,57.625,57.66,57.51,57.51,401554.44687799993
2026-07-17T15:35:00+00:00,57.505,57.58,57.445,57.45,922089.1949
2026-07-17T15:40:00+00:00,57.455,57.51,57.405,57.425,305388.82849
2026-07-17T15:45:00+00:00,57.425,57.49,57.425,57.465,283550.339096
2026-07-17T15:50:00+00:00,57.47,57.47,57.335,57.34,200340.069498
2026-07-17T15:55:00+00:00,57.345,57.38,57.335,57.375,331853.86638
2026-07-17T16:00:00+00:00,57.375,57.405,57.31,57.4,192927.27227599997
2026-07-17T16:05:00+00:00,57.395,57.49,57.36,57.41,982111.405068
2026-07-17T16:10:00+00:00,57.41,57.46,57.375,57.455,260585.484846
2026-07-17T16:15:00+00:00,57.45,57.51,57.405,57.495,130775.96284499999
2026-07-17T16:20:00+00:00,57.495,57.585,57.4927,57.505,149547.67240399998
2026-07-17T16:25:00+00:00,57.515,57.62,57.48,57.605,297971.69811899995
2026-07-17T16:30:00+00:00,57.61,57.635,57.545,57.55,250426.316703
2026-07-17T16:35:00+00:00,57.545,57.56,57.505,57.54,103874.148212
2026-07-17T16:40:00+00:00,57.55,57.595,57.535,57.535,248413.08662100002
2026-07-17T16:45:00+00:00,57.535,57.535,57.38,57.41,229081.36220499998
2026-07-17T16:50:00+00:00,57.41,57.445,57.38,57.43,378864.834592
2026-07-17T16:55:00+00:00,57.435,57.44,57.365,57.385,166880.738611
2026-07-17T17:00:00+00:00,57.385,57.43,57.36,57.415,167365.82093000002
2026-07-17T17:05:00+00:00,57.415,57.435,57.375,57.4,122916.65597600001
2026-07-17T17:10:00+00:00,57.395,57.395,57.321,57.35,138284.90153
2026-07-17T17:15:00+00:00,57.355,57.355,57.3,57.315,148293.822036
2026-07-17T17:20:00+00:00,57.315,57.38,57.305,57.365,153954.165706
2026-07-17T17:25:00+00:00,57.37,57.455,57.37,57.455,110331.967843
2026-07-17T17:30:00+00:00,57.455,57.485,57.44,57.45,109695.542824
2026-07-17T17:35:00+00:00,57.45,57.52,57.44,57.505,203433.61476
2026-07-17T17:40:00+00:00,57.51,57.51,57.44,57.485,290317.94766799995
2026-07-17T17:45:00+00:00,57.48,57.595,57.47,57.59,300328.24005
2026-07-17T17:50:00+00:00,57.585,57.6,57.505,57.535,154827.689575
2026-07-17T17:55:00+00:00,57.535,57.545,57.48,57.485,97236.57322699999
2026-07-17T18:00:00+00:00,57.48,57.535,57.47,57.515,84168.269197
2026-07-17T18:05:00+00:00,57.5123,57.54,57.485,57.51,232688.68230699998
2026-07-17T18:10:00+00:00,57.515,57.605,57.51,57.585,196836.361413
2026-07-17T18:15:00+00:00,57.585,57.585,57.53,57.565,122586.84704200001
2026-07-17T18:20:00+00:00,57.56,57.6,57.55,57.565,140997.66838599998
2026-07-17T18:25:00+00:00,57.565,57.6,57.555,57.595,80759.906507
2026-07-17T18:30:00+00:00,57.595,57.615,57.555,57.57,141033.423746
2026-07-17T18:35:00+00:00,57.57,57.62,57.56,57.565,157739.692269
2026-07-17T18:40:00+00:00,57.565,57.605,57.54,57.58,122784.912935
2026-07-17T18:45:00+00:00,57.575,57.585,57.53,57.535,159794.278075
2026-07-17T18:50:00+00:00,57.5303,57.57,57.515,57.545,217701.257151
2026-07-17T18:55:00+00:00,57.545,57.625,57.53,57.625,282629.892504
2026-07-17T19:00:00+00:00,57.625,57.65,57.59,57.64,206553.197674
2026-07-17T19:05:00+00:00,57.645,57.645,57.55,57.56,173203.861613
2026-07-17T19:10:00+00:00,57.5503,57.61,57.54,57.585,168227.538002
2026-07-17T19:15:00+00:00,57.585,57.62,57.575,57.591,262649.373102
2026-07-17T19:20:00+00:00,57.591,57.645,57.565,57.5703,271573.987036
2026-07-17T19:25:00+00:00,57.57,57.58,57.535,57.541,213756.807239
2026-07-17T19:30:00+00:00,57.545,57.565,57.5042,57.505,224766.36293700003
2026-07-17T19:35:00+00:00,57.505,57.545,57.44,57.53,404305.27586900006
2026-07-17T19:40:00+00:00,57.53,57.6,57.525,57.575,265528.024496
2026-07-17T19:45:00+00:00,57.57,57.595,57.535,57.56,400328.965589
2026-07-17T19:50:00+00:00,57.55,57.63,57.54,57.625,646389.773654
2026-07-17T19:55:00+00:00,57.625,57.69,57.61,57.64,851774.462401
2026-07-17T20:00:00+00:00,57.64,57.77,57.64,57.69,1906903.7546410002
2026-07-17T20:05:00+00:00,57.68,57.8,57.68,57.72,111726.181382
2026-07-17T20:10:00+00:00,57.721,57.78,57.721,57.77,7179.0
2026-07-17T20:15:00+00:00,57.75,57.75,57.72,57.74,1614.0
2026-07-17T20:20:00+00:00,57.73,57.73,57.71,57.71,3863.13796
2026-07-17T20:25:00+00:00,57.71,57.72,57.71,57.72,642.0
2026-07-17T20:30:00+00:00,57.76,57.85,57.76,57.85,35934.0
2026-07-17T20:35:00+00:00,57.85,57.8531,57.75,57.75,15674.0
2026-07-17T20:40:00+00:00,57.79,57.86,57.79,57.81,1099.0
2026-07-17T20:45:00+00:00,57.8,57.8203,57.7572,57.7572,8810.0
2026-07-17T20:50:00+00:00,57.76,57.81,57.76,57.793,860.0
2026-07-17T20:55:00+00:00,57.76,57.77,57.7498,57.7498,6712.0
2026-07-17T21:00:00+00:00,57.76,57.76,57.75,57.76,500.0
2026-07-17T21:05:00+00:00,57.8,57.8,57.8,57.8,209.0
2026-07-17T21:15:00+00:00,57.8,57.8,57.8,57.8,111.0
2026-07-17T21:25:00+00:00,57.8,57.8,57.8,57.8,166.0
2026-07-17T21:30:00+00:00,57.7954,57.7954,57.7954,57.7954,155.0
2026-07-17T21:35:00+00:00,57.78,57.78,57.78,57.78,163.0
2026-07-17T21:40:00+00:00,57.85,57.8506,57.85,57.8506,4255.0
2026-07-17T21:45:00+00:00,57.875,57.875,57.875,57.875,500.0
2026-07-17T21:50:00+00:00,57.84,57.8416,57.83,57.83,6052.0
2026-07-17T21:55:00+00:00,57.8,57.8299,57.77,57.77,11204.0
2026-07-17T22:00:00+00:00,57.8,57.8,57.8,57.8,219.0
2026-07-17T22:10:00+00:00,57.84,57.84,57.84,57.84,843.0
2026-07-17T22:25:00+00:00,57.87,57.87,57.87,57.87,329.0
2026-07-17T22:30:00+00:00,57.88,57.88,57.88,57.88,593.0
2026-07-17T22:50:00+00:00,57.83,57.8759,57.83,57.8759,1225.0
2026-07-17T23:05:00+00:00,57.88,57.88,57.88,57.88,100.0
2026-07-17T23:10:00+00:00,57.8526,57.8526,57.8526,57.8526,711.0
2026-07-17T23:15:00+00:00,57.83,57.88,57.83,57.88,981.4874
2026-07-17T23:20:00+00:00,57.8799,57.8799,57.8799,57.8799,764.0
2026-07-17T23:25:00+00:00,57.8733,57.8733,57.8719,57.8719,240.0
2026-07-17T23:30:00+00:00,57.83,57.83,57.83,57.83,1121.0
2026-07-17T23:35:00+00:00,57.8617,57.8617,57.8617,57.8617,200.0
2026-07-17T23:40:00+00:00,57.82,57.82,57.82,57.82,140.0
2026-07-17T23:50:00+00:00,57.8738,57.8738,57.8738,57.8738,168.0
2026-07-17T23:55:00+00:00,57.86,57.96,57.85,57.96,3649.0
2026-07-18T00:00:00+00:00,57.95,57.95,57.79,57.83,7001.0
2026-07-20T08:05:00+00:00,58.3,58.35,57.95,58.12,25543.648226999998
2026-07-20T08:10:00+00:00,58.24,58.24,57.93,57.95,3193.0
2026-07-20T08:15:00+00:00,58.01,58.04,57.95,57.95,3908.0
2026-07-20T08:20:00+00:00,57.98,57.98,57.9,57.9,6160.172337
2026-07-20T08:25:00+00:00,57.9446,57.9446,57.9,57.91,1905.0
2026-07-20T08:30:00+00:00,57.88,57.88,57.842,57.8422,7840.0
2026-07-20T08:35:00+00:00,57.85,57.85,57.84,57.84,2201.5667860000003
2026-07-20T08:50:00+00:00,57.85,57.86,57.82,57.86,5135.974757
2026-07-20T09:05:00+00:00,57.81,57.81,57.79,57.81,2206.0
2026-07-20T09:15:00+00:00,57.88,57.88,57.88,57.88,598.0
2026-07-20T09:25:00+00:00,57.81,57.81,57.81,57.81,292.0
2026-07-20T09:30:00+00:00,57.84,57.85,57.84,57.85,388.0
2026-07-20T09:35:00+00:00,57.8,57.82,57.78,57.783,2714.259199
2026-07-20T09:40:00+00:00,57.78,57.78,57.78,57.78,103.0
2026-07-20T09:45:00+00:00,57.78,57.79,57.78,57.79,627.0
2026-07-20T09:50:00+00:00,57.77,57.77,57.76,57.76,756.0
2026-07-20T09:55:00+00:00,57.75,57.75,57.75,57.75,130.0
2026-07-20T10:00:00+00:00,57.76,57.76,57.72,57.72,502.0
2026-07-20T10:05:00+00:00,57.74,57.74,57.74,57.74,121.0
2026-07-20T10:10:00+00:00,57.73,57.74,57.73,57.74,1064.0
2026-07-20T10:15:00+00:00,57.74,57.76,57.74,57.76,1429.0
2026-07-20T10:20:00+00:00,57.74,57.81,57.72,57.8,9614.0
2026-07-20T10:25:00+00:00,57.8,57.8,57.7598,57.7598,4897.0
2026-07-20T10:30:00+00:00,57.78,57.78,57.78,57.78,172.0
2026-07-20T10:40:00+00:00,57.7982,57.7982,57.7982,57.7982,106.0
2026-07-20T10:45:00+00:00,57.81,57.84,57.79,57.81,23706.0
2026-07-20T10:50:00+00:00,57.81,57.82,57.79,57.81,3581.0
2026-07-20T10:55:00+00:00,57.84,57.84,57.84,57.84,152.0
2026-07-20T11:05:00+00:00,57.81,57.8376,57.77,57.7766,2435.0
2026-07-20T11:10:00+00:00,57.77,57.77,57.73,57.73,1147.0
2026-07-20T11:15:00+00:00,57.7426,57.77,57.73,57.75,3997.0
2026-07-20T11:20:00+00:00,57.78,57.79,57.73,57.7686,5802.0
2026-07-20T11:25:00+00:00,57.75,57.78,57.71,57.73,5641.707308
2026-07-20T11:30:00+00:00,57.7426,57.7426,57.7,57.72,5227.0
2026-07-20T11:35:00+00:00,57.69,57.69,57.36,57.4,73672.5389
2026-07-20T11:40:00+00:00,57.43,57.43,57.29,57.29,12066.988099999999
2026-07-20T11:45:00+00:00,57.34,57.35,57.27,57.2805,5937.93
2026-07-20T11:50:00+00:00,57.28,57.36,57.21,57.2875,9488.0
2026-07-20T11:55:00+00:00,57.33,57.34,57.2905,57.34,2591.0
2026-07-20T12:00:00+00:00,57.29,57.35,57.29,57.3454,8121.0
2026-07-20T12:05:00+00:00,57.34,57.54,57.3073,57.54,62461.0
2026-07-20T12:10:00+00:00,57.54,57.6,57.51,57.57,17020.60047
2026-07-20T12:15:00+00:00,57.51,57.53,57.5,57.53,2551.0
2026-07-20T12:20:00+00:00,57.51,57.52,57.5,57.51,3548.0
2026-07-20T12:25:00+00:00,57.52,57.5535,57.52,57.5535,980.0
2026-07-20T12:30:00+00:00,57.5267,57.55,57.51,57.5203,2660.763817
2026-07-20T12:35:00+00:00,57.52,57.63,57.52,57.63,35391.0
2026-07-20T12:40:00+00:00,57.6,57.67,57.6,57.61,5561.0
2026-07-20T12:45:00+00:00,57.64,57.65,57.64,57.65,1384.0
2026-07-20T12:50:00+00:00,57.65,57.67,57.58,57.663,2584.0
2026-07-20T12:55:00+00:00,57.61,57.65,57.6,57.65,2452.0
2026-07-20T13:00:00+00:00,57.66,57.6905,57.66,57.6905,5601.189394999999
2026-07-20T13:05:00+00:00,57.64,57.64,57.6,57.6,1190.0
2026-07-20T13:10:00+00:00,57.61,57.61,57.55,57.57,2791.0
2026-07-20T13:15:00+00:00,57.6,57.6,57.59,57.59,2134.0
2026-07-20T13:20:00+00:00,57.59,57.61,57.56,57.61,6058.0
2026-07-20T13:25:00+00:00,57.58,57.58,57.52,57.52,1855.0
2026-07-20T13:30:00+00:00,57.55,57.59,57.48,57.48,4251.808487
2026-07-20T13:35:00+00:00,57.555,57.6,57.41,57.43,1313035.169112
2026-07-20T13:40:00+00:00,57.435,57.75,57.425,57.685,700843.256202
2026-07-20T13:45:00+00:00,57.69,57.825,57.63,57.795,425625.520554
2026-07-20T13:50:00+00:00,57.79,57.85,57.73,57.845,325092.099339
2026-07-20T13:55:00+00:00,57.845,57.98,57.785,57.955,628847.657136
2026-07-20T14:00:00+00:00,57.955,57.96,57.875,57.915,245224.652059
2026-07-20T14:05:00+00:00,57.915,58.085,57.9099,58.045,287875.959486
2026-07-20T14:10:00+00:00,58.045,58.055,57.83,57.83,321079.88900100003
2026-07-20T14:15:00+00:00,57.84,57.88,57.79,57.82,172406.709015
2026-07-20T14:20:00+00:00,57.82,57.97,57.8,57.97,214966.61246899999
2026-07-20T14:25:00+00:00,57.975,58.085,57.965,58.0,183011.97922200002
2026-07-20T14:30:00+00:00,58.005,58.045,57.935,57.99,311170.18990600004
2026-07-20T14:35:00+00:00,57.99,58.12,57.97,58.065,392893.97982300003
2026-07-20T14:40:00+00:00,58.07,58.095,58.035,58.095,184433.21925400003
2026-07-20T14:45:00+00:00,58.09,58.095,58.03,58.07,147747.463429
2026-07-20T14:50:00+00:00,58.07,58.1899,58.07,58.14,190307.01517899998
2026-07-20T14:55:00+00:00,58.14,58.26,58.13,58.23,240326.317329
2026-07-20T15:00:00+00:00,58.23,58.285,58.145,58.175,212549.926123
2026-07-20T15:05:00+00:00,58.18,58.19,57.965,58.035,302846.014343
2026-07-20T15:10:00+00:00,58.035,58.075,57.875,57.89,216999.935085
2026-07-20T15:15:00+00:00,57.9,57.965,57.89,57.935,281365.20086900005
2026-07-20T15:20:00+00:00,57.95,58.0969,57.94,58.095,141315.22408100002
2026-07-20T15:25:00+00:00,58.095,58.18,58.08,58.18,613112.518011
2026-07-20T15:30:00+00:00,58.18,58.25,58.17,58.19,1014565.894038
2026-07-20T15:35:00+00:00,58.185,58.215,58.14,58.19,280622.177017
2026-07-20T15:40:00+00:00,58.195,58.209,58.125,58.145,185883.633622
2026-07-20T15:45:00+00:00,58.145,58.18,58.121,58.165,138669.316866
2026-07-20T15:50:00+00:00,58.1685,58.2499,58.1647,58.24,130042.63545200002
2026-07-20T15:55:00+00:00,58.23,58.24,58.17,58.215,227435.735865
2026-07-20T16:00:00+00:00,58.22,58.2263,58.14,58.175,145319.20463
2026-07-20T16:05:00+00:00,58.17,58.1799,58.115,58.115,181036.461438
2026-07-20T16:10:00+00:00,58.115,58.14,58.09,58.115,123851.08195200001
2026-07-20T16:15:00+00:00,58.115,58.18,58.105,58.1664,119174.713796
2026-07-20T16:20:00+00:00,58.165,58.19,58.125,58.145,162330.387925
2026-07-20T16:25:00+00:00,58.145,58.165,58.09,58.16,199345.75946499998
2026-07-20T16:30:00+00:00,58.165,58.235,58.16,58.215,211826.00041500002
2026-07-20T16:35:00+00:00,58.21,58.23,58.125,58.14,255030.76045499998
2026-07-20T16:40:00+00:00,58.14,58.16,58.1,58.11,265626.010334
2026-07-20T16:45:00+00:00,58.105,58.19,58.105,58.18,817717.570556
2026-07-20T16:50:00+00:00,58.18,58.205,58.1499,58.16,239378.459343
2026-07-20T16:55:00+00:00,58.17,58.3159,58.165,58.31,567173.8570119999
2026-07-20T17:00:00+00:00,58.305,58.31,58.24,58.25,114744.11048
2026-07-20T17:05:00+00:00,58.265,58.29,58.24,58.28,260792.704953
2026-07-20T17:10:00+00:00,58.28,58.28,58.22,58.245,313084.176341
2026-07-20T17:15:00+00:00,58.245,58.3,58.24,58.25,189160.504807
2026-07-20T17:20:00+00:00,58.255,58.275,58.2,58.25,175815.70038599998
2026-07-20T17:25:00+00:00,58.25,58.285,58.22,58.2699,430178.642217
2026-07-20T17:30:00+00:00,58.27,58.3287,58.27,58.305,204174.774962
2026-07-20T17:35:00+00:00,58.3,58.3451,58.275,58.325,171136.30406999998
2026-07-20T17:40:00+00:00,58.33,58.3479,58.31,58.34,156667.06082999997
2026-07-20T17:45:00+00:00,58.34,58.34,58.3,58.305,314392.20181600004
2026-07-20T17:50:00+00:00,58.31,58.34,58.295,58.325,288181.741137
2026-07-20T17:55:00+00:00,58.32,58.385,58.31,58.32,220265.944573
2026-07-20T18:00:00+00:00,58.33,58.35,58.3,58.325,148131.728027
2026-07-20T18:05:00+00:00,58.325,58.3352,58.285,58.315,135085.628939
2026-07-20T18:10:00+00:00,58.31,58.32,58.225,58.23,133057.768397
2026-07-20T18:15:00+00:00,58.22,58.285,58.21,58.22,450396.19295299996
2026-07-20T18:20:00+00:00,58.23,58.255,58.22,58.24,202295.208108
2026-07-20T18:25:00+00:00,58.24,58.3,58.235,58.26,236509.922019
2026-07-20T18:30:00+00:00,58.26,58.285,58.245,58.285,114756.26187
2026-07-20T18:35:00+00:00,58.285,58.3,58.235,58.235,170066.64193900002
2026-07-20T18:40:00+00:00,58.235,58.255,58.215,58.23,149037.775193
2026-07-20T18:45:00+00:00,58.23,58.25,58.21,58.23,168233.329487
2026-07-20T18:50:00+00:00,58.23,58.275,58.225,58.255,285137.78949700005
2026-07-20T18:55:00+00:00,58.25,58.25,58.18,58.205,170496.96744299997
2026-07-20T19:00:00+00:00,58.205,58.21,58.155,58.155,143355.287263
2026-07-20T19:05:00+00:00,58.155,58.215,58.15,58.195,170519.73822300002
2026-07-20T19:10:00+00:00,58.195,58.22,58.14,58.17,126710.664721
2026-07-20T19:15:00+00:00,58.17,58.18,58.125,58.13,125319.163627
2026-07-20T19:20:00+00:00,58.14,58.2,58.135,58.19,150795.210796
2026-07-20T19:25:00+00:00,58.19,58.2259,58.175,58.185,419956.043544
2026-07-20T19:30:00+00:00,58.185,58.195,58.08,58.105,680525.192602
2026-07-20T19:35:00+00:00,58.1,58.1,58.025,58.03,1666988.261401
2026-07-20T19:40:00+00:00,58.03,58.095,58.0,58.095,253756.51911999998
2026-07-20T19:45:00+00:00,58.0966,58.14,58.01,58.015,477930.148221
2026-07-20T19:50:00+00:00,58.01,58.055,57.98,57.995,561457.3181159999
2026-07-20T19:55:00+00:00,58.0,58.035,57.98,57.985,647862.544699
2026-07-20T20:00:00+00:00,57.99,58.01,57.93,57.95,2229518.1558580003
2026-07-20T20:05:00+00:00,57.94,58.0491,57.94,57.96,51538.940427
2026-07-20T20:10:00+00:00,58.02,58.02,57.98,58.0,1760.0
2026-07-20T20:15:00+00:00,58.0,58.0,57.98,57.98,4400.0
2026-07-20T20:30:00+00:00,57.9834,58.0,57.9834,58.0,1963.0
2026-07-20T20:35:00+00:00,58.01,58.01,57.99,58.0046,1090.0
2026-07-20T20:45:00+00:00,57.9713,57.9713,57.9713,57.9713,472.0
2026-07-20T20:50:00+00:00,58.01,58.01,58.01,58.01,126.0
2026-07-20T21:00:00+00:00,58.0289,58.0289,57.994,57.994,312.0
2026-07-20T21:05:00+00:00,57.99,57.99,57.99,57.99,107.0
2026-07-20T21:10:00+00:00,57.99,57.99,57.99,57.99,100.0
2026-07-20T21:20:00+00:00,58.0244,58.0244,58.0244,58.0244,100.0
2026-07-20T21:25:00+00:00,58.0271,58.0271,58.0046,58.0046,809.0
2026-07-20T21:50:00+00:00,58.0339,58.0339,58.02,58.02,1100.0
2026-07-20T22:10:00+00:00,58.0,58.0,58.0,58.0,700.0
2026-07-20T22:15:00+00:00,58.0097,58.0099,58.0097,58.0099,2047.0
2026-07-20T22:20:00+00:00,58.01,58.01,58.01,58.01,487.0
2026-07-20T22:25:00+00:00,58.01,58.01,58.01,58.01,180.0
2026-07-20T22:30:00+00:00,58.01,58.0271,58.01,58.0271,927.0
2026-07-20T22:45:00+00:00,58.02,58.02,58.02,58.02,375.0
2026-07-20T22:50:00+00:00,58.01,58.0823,58.01,58.0823,2000.0
2026-07-20T23:05:00+00:00,58.0254,58.0254,58.0254,58.0254,500.0
2026-07-20T23:15:00+00:00,58.0771,58.0771,58.0771,58.0771,122.0
2026-07-20T23:25:00+00:00,58.05,58.05,58.01,58.02,2780.0
2026-07-20T23:30:00+00:00,58.07,58.07,58.07,58.07,350.0
2026-07-20T23:35:00+00:00,58.0607,58.0612,58.02,58.02,589.0
2026-07-20T23:45:00+00:00,58.02,58.02,58.0,58.0,3006.0
2026-07-20T23:55:00+00:00,58.03,58.03,58.03,58.03,232.0
2026-07-21T00:00:00+00:00,58.0608,58.0608,58.05,58.05,1447.0
2026-07-21T08:05:00+00:00,57.96,57.96,57.62,57.73,20050.458167
2026-07-21T08:10:00+00:00,57.73,57.74,57.68,57.7,11850.0
2026-07-21T08:15:00+00:00,57.69,57.69,57.69,57.69,209.0
2026-07-21T08:20:00+00:00,57.6,57.6,57.6,57.6,1500.0
2026-07-21T08:30:00+00:00,57.6209,57.6209,57.6209,57.6209,250.0
2026-07-21T08:35:00+00:00,57.6228,57.6228,57.6228,57.6228,154.0
2026-07-21T08:40:00+00:00,57.63,57.63,57.63,57.63,351.0
2026-07-21T08:50:00+00:00,57.68,57.73,57.68,57.73,5849.0
2026-07-21T08:55:00+00:00,57.72,57.8,57.72,57.8,4180.0
2026-07-21T09:00:00+00:00,57.8,57.81,57.8,57.81,9150.0
2026-07-21T09:20:00+00:00,57.79,57.79,57.79,57.79,140.0
2026-07-21T09:30:00+00:00,57.81,57.82,57.81,57.82,1636.0
2026-07-21T09:35:00+00:00,57.82,57.89,57.82,57.84,12398.0
2026-07-21T09:45:00+00:00,57.9,57.91,57.9,57.91,10000.0
2026-07-21T09:55:00+00:00,57.88,57.88,57.85,57.85,6203.0
2026-07-21T10:00:00+00:00,57.88,57.89,57.88,57.89,446.0
2026-07-21T10:05:00+00:00,57.89,57.89,57.89,57.89,500.0
2026-07-21T10:15:00+00:00,57.85,57.85,57.83,57.83,239.0
2026-07-21T11:00:00+00:00,57.88,57.88,57.87,57.87,2341.345031
2026-07-21T11:05:00+00:00,57.88,57.92,57.83,57.8387,9264.0
2026-07-21T11:15:00+00:00,57.93,57.93,57.8859,57.8859,3204.0
2026-07-21T11:20:00+00:00,57.93,57.96,57.93,57.94,2343.0
2026-07-21T11:25:00+00:00,57.9852,58.0,57.9327,57.98,10106.0
2026-07-21T11:30:00+00:00,57.98,57.98,57.98,57.98,400.0
2026-07-21T11:35:00+00:00,58.0026,58.0026,58.0026,58.0026,121.0
2026-07-21T11:40:00+00:00,57.95,57.95,57.95,57.95,19224.233689
2026-07-21T11:45:00+00:00,57.94,57.95,57.94,57.95,2283.256622
2026-07-21T11:50:00+00:00,57.95,57.97,57.91,57.96,11831.0
2026-07-21T11:55:00+00:00,57.95,58.0,57.95,58.0,8648.0
2026-07-21T12:00:00+00:00,58.0,58.0,57.93,57.93,11829.0
2026-07-21T12:05:00+00:00,57.93,57.95,57.92,57.92,3039.0
2026-07-21T12:10:00+00:00,57.9,57.9,57.9,57.9,300.37
2026-07-21T12:15:00+00:00,57.92,57.9389,57.87,57.87,5795.438236
2026-07-21T12:20:00+00:00,57.9,57.9,57.89,57.89,355.0
2026-07-21T12:25:00+00:00,57.9,57.9,57.9,57.9,10106.0
2026-07-21T12:30:00+00:00,57.9,57.92,57.9,57.9,27906.0
2026-07-21T12:35:00+00:00,57.94,57.94,57.94,57.94,208.0
2026-07-21T12:40:00+00:00,57.96,58.0,57.96,57.99,12992.0
2026-07-21T12:45:00+00:00,57.9305,58.0,57.9305,58.0,2557.710395
2026-07-21T12:50:00+00:00,57.97,57.9778,57.97,57.9778,2044.0
2026-07-21T12:55:00+00:00,57.9795,57.9795,57.9773,57.9773,498.0
2026-07-21T13:00:00+00:00,57.9307,57.9357,57.9307,57.9357,497.0
2026-07-21T13:05:00+00:00,57.93,57.94,57.9201,57.94,720.0
2026-07-21T13:10:00+00:00,57.97,58.0514,57.97,58.0,18301.0
2026-07-21T13:15:00+00:00,57.99,58.05,57.99,58.001,14607.084244
2026-07-21T13:25:00+00:00,58.05,58.1,58.05,58.1,643.0
2026-07-21T13:30:00+00:00,58.05,58.14,58.05,58.14,1585.0
2026-07-21T13:35:00+00:00,58.16,58.32,58.03,58.22,1266516.974413
2026-07-21T13:40:00+00:00,58.215,58.215,57.89,57.9,688711.0781389999
2026-07-21T13:45:00+00:00,57.91,58.185,57.83,58.165,576549.423913
2026-07-21T13:50:00+00:00,58.17,58.4,58.165,58.305,667126.023449
2026-07-21T13:55:00+00:00,58.3099,58.31,58.115,58.17,339531.505171
2026-07-21T14:00:00+00:00,58.17,58.175,57.98,57.98,406134.260704
2026-07-21T14:05:00+00:00,57.98,58.125,57.975,58.12,416408.808044
2026-07-21T14:10:00+00:00,58.125,58.16,58.035,58.115,258439.83439899998
2026-07-21T14:15:00+00:00,58.115,58.135,57.935,57.96,257986.69124000001
2026-07-21T14:20:00+00:00,57.965,58.065,57.96,58.06,430308.737006
2026-07-21T14:25:00+00:00,58.055,58.12,58.0401,58.075,339422.469111
2026-07-21T14:30:00+00:00,58.075,58.105,58.035,58.095,184676.760107
2026-07-21T14:35:00+00:00,58.09,58.215,58.09,58.215,271150.537948
2026-07-21T14:40:00+00:00,58.22,58.225,58.125,58.125,162853.582975
2026-07-21T14:45:00+00:00,58.125,58.17,58.085,58.15,190846.252408
2026-07-21T14:50:00+00:00,58.145,58.155,58.03,58.0566,263165.54309399996
2026-07-21T14:55:00+00:00,58.06,58.115,58.0382,58.11,158287.84560200002
2026-07-21T15:00:00+00:00,58.105,58.235,58.08,58.235,83217.031942
2026-07-21T15:05:00+00:00,58.235,58.26,58.185,58.225,174500.994283
2026-07-21T15:10:00+00:00,58.23,58.25,58.135,58.155,180938.254411
2026-07-21T15:15:00+00:00,58.155,58.16,58.05,58.105,84625.897088
2026-07-21T15:20:00+00:00,58.105,58.205,58.095,58.155,148607.914665
2026-07-21T15:25:00+00:00,58.16,58.27,58.085,58.265,337628.552959
2026-07-21T15:30:00+00:00,58.265,58.36,58.26,58.335,153712.777887
2026-07-21T15:35:00+00:00,58.34,58.37,58.3,58.365,286734.494225
2026-07-21T15:40:00+00:00,58.37,58.38,58.305,58.315,412232.587492
2026-07-21T15:45:00+00:00,58.315,58.38,58.305,58.375,296175.96474900004
2026-07-21T15:50:00+00:00,58.38,58.38,58.29,58.295,123975.917009
2026-07-21T15:55:00+00:00,58.295,58.295,58.25,58.295,100469.479314
2026-07-21T16:00:00+00:00,58.295,58.32,58.27,58.295,90882.2681
2026-07-21T16:05:00+00:00,58.295,58.315,58.28,58.305,97287.961949
2026-07-21T16:10:00+00:00,58.305,58.305,58.19,58.205,120140.32054599999
2026-07-21T16:15:00+00:00,58.205,58.255,58.195,58.24,68087.613351
2026-07-21T16:20:00+00:00,58.235,58.285,58.2242,58.255,60403.312549
2026-07-21T16:25:00+00:00,58.26,58.27,58.22,58.235,136424.201668
2026-07-21T16:30:00+00:00,58.24,58.29,58.195,58.285,98599.454186
2026-07-21T16:35:00+00:00,58.29,58.315,58.2801,58.2801,66585.35242699999
2026-07-21T16:40:00+00:00,58.28,58.28,58.215,58.235,83539.661441
2026-07-21T16:45:00+00:00,58.235,58.3,58.225,58.275,107852.00701399999
2026-07-21T16:50:00+00:00,58.275,58.285,58.23,58.24,68742.781217
2026-07-21T16:55:00+00:00,58.245,58.25,58.2,58.2,78839.276876
2026-07-21T17:00:00+00:00,58.19,58.205,58.155,58.185,148918.349645
2026-07-21T17:05:00+00:00,58.185,58.235,58.18,58.23,238130.29339399998
2026-07-21T17:10:00+00:00,58.23,58.265,58.21,58.255,107504.736397
2026-07-21T17:15:00+00:00,58.255,58.295,58.225,58.225,139475.765136
2026-07-21T17:20:00+00:00,58.225,58.24,58.17,58.175,95828.335923
2026-07-21T17:25:00+00:00,58.17,58.24,58.165,58.219,107619.66440600003
2026-07-21T17:30:00+00:00,58.21,58.235,58.195,58.205,129187.84956199999
2026-07-21T17:35:00+00:00,58.205,58.25,58.2,58.25,160346.60564899998
2026-07-21T17:40:00+00:00,58.25,58.3,58.245,58.285,100504.99378399999
2026-07-21T17:45:00+00:00,58.285,58.2953,58.25,58.285,177871.793915
2026-07-21T17:50:00+00:00,58.29,58.315,58.265,58.265,114350.375281
2026-07-21T17:55:00+00:00,58.265,58.3399,58.245,58.335,120699.27509600001
2026-07-21T18:00:00+00:00,58.34,58.36,58.32,58.345,86105.083206
2026-07-21T18:05:00+00:00,58.345,58.345,58.285,58.295,85411.52537
2026-07-21T18:10:00+00:00,58.295,58.305,58.265,58.305,82886.499131
2026-07-21T18:15:00+00:00,58.3,58.345,58.295,58.325,171063.307127
2026-07-21T18:20:00+00:00,58.325,58.33,58.265,58.285,100709.144465
2026-07-21T18:25:00+00:00,58.29,58.2999,58.24,58.275,102060.785096
2026-07-21T18:30:00+00:00,58.28,58.33,58.275,58.315,116038.920533
2026-07-21T18:35:00+00:00,58.315,58.34,58.28,58.285,133403.23657699997
2026-07-21T18:40:00+00:00,58.28,58.295,58.26,58.27,65148.71707100001
2026-07-21T18:45:00+00:00,58.28,58.29,58.255,58.285,113484.464978
2026-07-21T18:50:00+00:00,58.285,58.34,58.28,58.335,96416.900245
2026-07-21T18:55:00+00:00,58.335,58.39,58.33,58.385,296198.605014
2026-07-21T19:00:00+00:00,58.385,58.415,58.37,58.39,234488.55741999997
2026-07-21T19:05:00+00:00,58.395,58.4,58.315,58.325,151463.340329
2026-07-21T19:10:00+00:00,58.325,58.3699,58.31,58.345,118812.44457200001
2026-07-21T19:15:00+00:00,58.345,58.385,58.345,58.375,134035.54407
2026-07-21T19:20:00+00:00,58.37,58.4,58.34,58.395,192211.56266999998
2026-07-21T19:25:00+00:00,58.395,58.395,58.34,58.385,208738.441868
2026-07-21T19:30:00+00:00,58.385,58.435,58.38,58.4299,170287.748954
2026-07-21T19:35:00+00:00,58.42,58.42,58.315,58.355,419700.74162899994
2026-07-21T19:40:00+00:00,58.36,58.425,58.35,58.415,230119.246367
2026-07-21T19:45:00+00:00,58.41,58.43,58.38,58.415,264907.639304
2026-07-21T19:50:00+00:00,58.415,58.4696,58.39,58.445,1561362.9798700002
2026-07-21T19:55:00+00:00,58.445,58.46,58.395,58.41,571256.493268
2026-07-21T20:00:00+00:00,58.41,58.53,58.41,58.51,1634346.735396
2026-07-21T20:05:00+00:00,58.52,58.57,58.5,58.56,60548.661789
2026-07-21T20:10:00+00:00,58.57,58.62,58.57,58.61,26132.0
2026-07-21T20:15:00+00:00,58.6002,58.62,58.59,58.62,15557.781077
2026-07-21T20:20:00+00:00,58.6013,58.6013,58.46,58.46,24663.190189
2026-07-21T20:25:00+00:00,58.47,58.47,58.46,58.46,327.0
2026-07-21T20:30:00+00:00,58.5,58.5,58.5,58.5,2386.0
2026-07-21T20:55:00+00:00,58.5,58.5,58.5,58.5,100.0
2026-07-21T21:00:00+00:00,58.5,58.59,58.5,58.59,4000.0
2026-07-21T21:05:00+00:00,58.46,58.46,58.42,58.42,709.133401
2026-07-21T21:10:00+00:00,58.45,58.45,58.44,58.44,402.0
2026-07-21T21:15:00+00:00,58.5396,58.5396,58.43,58.43,721.0
2026-07-21T21:20:00+00:00,58.4607,58.4607,58.43,58.4607,1060.0
2026-07-21T21:25:00+00:00,58.47,58.47,58.47,58.47,200.0
2026-07-21T21:35:00+00:00,58.4108,58.4108,58.4108,58.4108,300.0
2026-07-21T21:40:00+00:00,58.4669,58.4669,58.4669,58.4669,101.0
2026-07-21T21:55:00+00:00,58.46,58.46,58.46,58.46,208.0
2026-07-21T22:00:00+00:00,58.46,58.46,58.46,58.46,274.0
2026-07-21T22:15:00+00:00,58.4607,58.4607,58.4607,58.4607,246.0
2026-07-21T22:20:00+00:00,58.47,58.47,58.47,58.47,303.0
2026-07-21T22:25:00+00:00,58.57,58.57,58.5,58.5,1595.0
2026-07-21T22:30:00+00:00,58.5,58.58,58.5,58.58,1632.0
2026-07-21T23:00:00+00:00,58.5421,58.5421,58.5299,58.5299,700.0
2026-07-21T23:10:00+00:00,58.53,58.53,58.53,58.53,100.0
2026-07-21T23:20:00+00:00,58.56,58.56,58.43,58.43,408.251542
2026-07-21T23:30:00+00:00,58.5406,58.5406,58.5406,58.5406,266.0
2026-07-21T23:40:00+00:00,58.5003,58.5003,58.5003,58.5003,702.0
2026-07-21T23:50:00+00:00,58.5408,58.5408,58.5408,58.5408,175.008538
2026-07-21T23:55:00+00:00,58.5005,58.5005,58.4999,58.5,3100.0
2026-07-22T08:05:00+00:00,58.86,59.24,58.64,59.06,43163.137856
2026-07-22T08:10:00+00:00,59.11,59.11,59.11,59.11,200.0
2026-07-22T08:15:00+00:00,59.09,59.12,59.08,59.08,1180.0
2026-07-22T08:20:00+00:00,59.09,59.09,59.09,59.09,120.0
2026-07-22T08:25:00+00:00,59.08,59.0946,59.08,59.0946,1161.0
2026-07-22T08:30:00+00:00,59.12,59.12,59.12,59.12,322.0
2026-07-22T08:35:00+00:00,59.13,59.14,59.13,59.13,1319.0
2026-07-22T08:40:00+00:00,59.11,59.11,59.11,59.11,262.0
2026-07-22T08:45:00+00:00,59.17,59.18,59.17,59.18,980.0
2026-07-22T08:50:00+00:00,59.19,59.21,59.19,59.2,809.0
2026-07-22T08:55:00+00:00,59.2057,59.21,59.2057,59.21,533.0
2026-07-22T09:00:00+00:00,59.18,59.2,59.18,59.2,2673.0
2026-07-22T09:10:00+00:00,59.19,59.22,59.19,59.21,1008.0
2026-07-22T09:15:00+00:00,59.17,59.19,59.17,59.19,1038.0
2026-07-22T09:20:00+00:00,59.21,59.21,59.21,59.21,100.10135
2026-07-22T09:25:00+00:00,59.22,59.22,59.2,59.21,1207.0
2026-07-22T09:30:00+00:00,59.22,59.22,59.22,59.22,173.0
2026-07-22T09:35:00+00:00,59.25,59.25,59.2,59.21,33820.0
2026-07-22T09:40:00+00:00,59.21,59.26,59.21,59.25,6207.405162999999
2026-07-22T09:45:00+00:00,59.17,59.17,59.17,59.17,1010.0
2026-07-22T09:50:00+00:00,59.21,59.22,59.18,59.18,11416.0
2026-07-22T09:55:00+00:00,59.23,59.27,59.23,59.24,6624.0
2026-07-22T10:00:00+00:00,59.28,59.29,59.25,59.29,2039.0
2026-07-22T10:05:00+00:00,59.27,59.27,59.27,59.27,150.3126
2026-07-22T10:10:00+00:00,59.24,59.27,59.24,59.27,1733.134808
2026-07-22T10:15:00+00:00,59.25,59.29,59.2,59.2,2678.0
2026-07-22T10:20:00+00:00,59.19,59.21,59.18,59.21,2605.0
2026-07-22T10:25:00+00:00,59.16,59.18,59.09,59.09,1740.044894
2026-07-22T10:30:00+00:00,59.09,59.09,59.09,59.09,100.0
2026-07-22T10:35:00+00:00,59.11,59.15,59.1,59.11,1580.0
2026-07-22T10:40:00+00:00,59.1,59.1,59.07,59.07,5128.971897
2026-07-22T10:45:00+00:00,59.06,59.1,59.06,59.1,6186.0
2026-07-22T10:50:00+00:00,59.07,59.1,59.07,59.0958,558.515063
2026-07-22T10:55:00+00:00,59.08,59.09,59.08,59.09,501.0
2026-07-22T11:00:00+00:00,59.073,59.1,59.073,59.1,503.91895
2026-07-22T11:05:00+00:00,59.07,59.0807,59.0442,59.08,3615.815673
2026-07-22T11:10:00+00:00,59.09,59.11,59.07,59.1096,6956.719316
2026-07-22T11:15:00+00:00,59.13,59.13,59.08,59.09,4887.0
2026-07-22T11:20:00+00:00,59.12,59.13,59.11,59.13,3616.0
2026-07-22T11:25:00+00:00,59.1046,59.1046,59.1046,59.1046,504.0
2026-07-22T11:30:00+00:00,59.12,59.12,59.12,59.12,1129.0
2026-07-22T11:35:00+00:00,59.12,59.1265,59.1,59.12,5065.51
2026-07-22T11:40:00+00:00,59.11,59.11,59.08,59.08,634.3340479999999
2026-07-22T11:45:00+00:00,59.15,59.18,59.13,59.18,12095.0
2026-07-22T11:50:00+00:00,59.1845,59.2,59.1471,59.2,2531.0
2026-07-22T11:55:00+00:00,59.1371,59.14,59.1371,59.14,1081.0
2026-07-22T12:00:00+00:00,59.1108,59.17,59.1108,59.17,2307.0
2026-07-22T12:05:00+00:00,59.2,59.2,59.18,59.18,630.6894970000001
2026-07-22T12:10:00+00:00,59.2,59.2,59.19,59.19,760.155618
2026-07-22T12:15:00+00:00,59.18,59.19,59.16,59.19,5736.578647
2026-07-22T12:20:00+00:00,59.2,59.2,59.17,59.17,603.676015
2026-07-22T12:25:00+00:00,59.18,59.2,59.15,59.15,6332.373953
2026-07-22T12:30:00+00:00,59.14,59.15,59.09,59.11,7293.617714
2026-07-22T12:35:00+00:00,59.1,59.1,59.06,59.09,9197.087327
2026-07-22T12:40:00+00:00,59.09,59.09,59.07,59.09,2083.0
2026-07-22T12:45:00+00:00,59.07,59.1,59.05,59.1,6297.0
2026-07-22T12:50:00+00:00,59.11,59.13,59.1046,59.1046,4310.0
2026-07-22T12:55:00+00:00,59.1,59.13,59.1,59.13,609.0
2026-07-22T13:00:00+00:00,59.13,59.25,59.11,59.221,15534.15
2026-07-22T13:05:00+00:00,59.2183,59.2183,59.2111,59.2111,759.0
2026-07-22T13:10:00+00:00,59.21,59.23,59.152,59.2261,3318.3782730000003
2026-07-22T13:15:00+00:00,59.23,59.23,59.18,59.1993,3080.189497
2026-07-22T13:20:00+00:00,59.16,59.2,59.11,59.11,5827.0
2026-07-22T13:25:00+00:00,59.1507,59.1507,59.1,59.1,10159.0
2026-07-22T13:30:00+00:00,59.15,59.21,59.0,59.21,14987.0
2026-07-22T13:35:00+00:00,59.27,59.41,59.19,59.205,1414281.905689
2026-07-22T13:40:00+00:00,59.205,59.25,59.11,59.24,679959.551081
2026-07-22T13:45:00+00:00,59.24,59.3,59.19,59.255,481251.447288
2026-07-22T13:50:00+00:00,59.26,59.325,59.13,59.28,429214.74243
2026-07-22T13:55:00+00:00,59.28,59.335,59.195,59.2601,381927.321287
2026-07-22T14:00:00+00:00,59.26,59.33,59.145,59.29,471971.61998899997
2026-07-22T14:05:00+00:00,59.29,59.37,59.25,59.295,428698.681073
2026-07-22T14:10:00+00:00,59.295,59.3798,59.295,59.345,239224.49613
2026-07-22T14:15:00+00:00,59.34,59.475,59.335,59.465,362726.91367599997
2026-07-22T14:20:00+00:00,59.465,59.49,59.3827,59.39,333526.325099
2026-07-22T14:25:00+00:00,59.4,59.52,59.39,59.51,434592.69659300003
2026-07-22T14:30:00+00:00,59.505,59.52,59.445,59.455,880338.3444620001
2026-07-22T14:35:00+00:00,59.455,59.455,59.29,59.385,408336.465711
2026-07-22T14:40:00+00:00,59.39,59.405,59.25,59.26,545542.8927109999
2026-07-22T14:45:00+00:00,59.26,59.305,59.18,59.305,568392.866479
2026-07-22T14:50:00+00:00,59.305,59.47,59.275,59.4099,659405.317966
2026-07-22T14:55:00+00:00,59.41,59.4659,59.39,59.46,394419.37120299996
2026-07-22T15:00:00+00:00,59.475,59.49,59.405,59.45,202632.882966
2026-07-22T15:05:00+00:00,59.46,59.495,59.405,59.405,266967.621376
2026-07-22T15:10:00+00:00,59.41,59.435,59.3201,59.375,348566.547886
2026-07-22T15:15:00+00:00,59.375,59.43,59.265,59.265,358615.905084
2026-07-22T15:20:00+00:00,59.26,59.275,59.195,59.195,925900.8204029999
2026-07-22T15:25:00+00:00,59.19,59.27,59.16,59.21,603816.994862
2026-07-22T15:30:00+00:00,59.22,59.3,59.2,59.255,295549.954567
2026-07-22T15:35:00+00:00,59.255,59.255,59.15,59.185,251344.28069
2026-07-22T15:40:00+00:00,59.19,59.2,59.005,59.03,452351.515796
2026-07-22T15:45:00+00:00,59.025,59.075,58.99,59.065,296729.060912
2026-07-22T15:50:00+00:00,59.06,59.1,58.935,58.945,227922.596653
2026-07-22T15:55:00+00:00,58.945,58.955,58.9,58.955,368169.287675
2026-07-22T16:00:00+00:00,58.955,59.055,58.95,59.055,389319.298246
2026-07-22T16:05:00+00:00,59.05,59.135,59.05,59.115,241618.45602100002
2026-07-22T16:10:00+00:00,59.115,59.13,59.015,59.05,201373.99238100002
2026-07-22T16:15:00+00:00,59.05,59.115,59.05,59.065,198470.347924
2026-07-22T16:20:00+00:00,59.065,59.085,59.033,59.045,140081.724895
2026-07-22T16:25:00+00:00,59.045,59.125,59.045,59.105,129040.152854
2026-07-22T16:30:00+00:00,59.105,59.135,59.075,59.135,132848.176669
2026-07-22T16:35:00+00:00,59.135,59.18,59.135,59.165,221098.33365199997
2026-07-22T16:40:00+00:00,59.165,59.22,59.165,59.165,284964.514924
2026-07-22T16:45:00+00:00,59.165,59.19,59.15,59.155,161268.21782900003
2026-07-22T16:50:00+00:00,59.155,59.18,59.135,59.145,193334.56424100001
2026-07-22T16:55:00+00:00,59.145,59.175,59.13,59.165,164637.640567
2026-07-22T17:00:00+00:00,59.17,59.22,59.1636,59.205,180508.226709
2026-07-22T17:05:00+00:00,59.205,59.23,59.195,59.225,148593.60018
2026-07-22T17:10:00+00:00,59.225,59.235,59.18,59.195,232436.471478
2026-07-22T17:15:00+00:00,59.195,59.23,59.1925,59.215,413013.41784999997
2026-07-22T17:20:00+00:00,59.215,59.25,59.205,59.25,150760.911679
2026-07-22T17:25:00+00:00,59.25,59.26,59.225,59.255,169121.794841
2026-07-22T17:30:00+00:00,59.255,59.2672,59.23,59.24,157622.024869
2026-07-22T17:35:00+00:00,59.23,59.25,59.2,59.215,154204.308284
2026-07-22T17:40:00+00:00,59.215,59.265,59.195,59.26,156348.289651
2026-07-22T17:45:00+00:00,59.255,59.27,59.205,59.22,129451.65037700001
2026-07-22T17:50:00+00:00,59.22,59.24,59.21,59.24,124920.336492
2026-07-22T17:55:00+00:00,59.235,59.28,59.2227,59.225,170338.46216
2026-07-22T18:00:00+00:00,59.23,59.26,59.205,59.255,157167.620645
2026-07-22T18:05:00+00:00,59.255,59.255,59.17,59.17,256877.140466
2026-07-22T18:10:00+00:00,59.17,59.175,59.0735,59.075,423819.96397000004
2026-07-22T18:15:00+00:00,59.08,59.175,59.045,59.165,370554.72643800004
2026-07-22T18:20:00+00:00,59.165,59.2,59.135,59.195,301714.982629
2026-07-22T18:25:00+00:00,59.2,59.24,59.19,59.2,162132.797444
2026-07-22T18:30:00+00:00,59.205,59.235,59.185,59.23,174037.130661
2026-07-22T18:35:00+00:00,59.23,59.25,59.19,59.245,198798.403991
2026-07-22T18:40:00+00:00,59.245,59.265,59.235,59.25,155303.397787
2026-07-22T18:45:00+00:00,59.245,59.28,59.22,59.22,205618.500146
2026-07-22T18:50:00+00:00,59.215,59.25,59.205,59.235,174208.571938
2026-07-22T18:55:00+00:00,59.24,59.305,59.24,59.285,233726.83022099998
2026-07-22T19:00:00+00:00,59.285,59.31,59.26,59.265,304198.328266
2026-07-22T19:05:00+00:00,59.265,59.295,59.23,59.29,246540.44563700003
2026-07-22T19:10:00+00:00,59.295,59.2999,59.25,59.285,172240.54699
2026-07-22T19:15:00+00:00,59.285,59.295,59.24,59.255,226678.81436999998
2026-07-22T19:20:00+00:00,59.255,59.305,59.255,59.295,193805.494959
2026-07-22T19:25:00+00:00,59.29,59.305,59.245,59.285,221799.16124400002
2026-07-22T19:30:00+00:00,59.29,59.29,59.2,59.215,266253.216896
2026-07-22T19:35:00+00:00,59.215,59.27,59.2001,59.27,313939.99099799996
2026-07-22T19:40:00+00:00,59.27,59.3,59.225,59.225,263441.782459
2026-07-22T19:45:00+00:00,59.225,59.26,59.195,59.245,366984.863919
2026-07-22T19:50:00+00:00,59.245,59.28,59.22,59.24,507066.20667899994
2026-07-22T19:55:00+00:00,59.24,59.245,59.13,59.15,1067145.2042669998
2026-07-22T20:00:00+00:00,59.15,59.24,59.14,59.18,1941681.8047789999
2026-07-22T20:05:00+00:00,59.18,59.2,59.1402,59.1402,360034.597334
2026-07-22T20:10:00+00:00,59.19,59.28,59.19,59.27,24497.028903
2026-07-22T20:15:00+00:00,59.28,59.3,59.1206,59.1206,16224.0
2026-07-22T20:20:00+00:00,59.1332,59.31,59.1332,59.29,30482.295722
2026-07-22T20:25:00+00:00,59.26,59.3185,59.2381,59.3185,13670.0
2026-07-22T20:30:00+00:00,59.25,59.28,59.24,59.28,1325.0
2026-07-22T20:35:00+00:00,59.194,59.194,59.194,59.194,851.0
2026-07-22T20:40:00+00:00,59.191,59.191,59.17,59.17,200.0
2026-07-22T20:45:00+00:00,59.28,59.28,59.26,59.26,301.0
2026-07-22T20:50:00+00:00,59.28,59.28,59.28,59.28,100.0
2026-07-22T21:00:00+00:00,59.2887,59.2887,59.2887,59.2887,153.0
2026-07-22T21:05:00+00:00,59.29,59.34,59.2739,59.34,4665.15
2026-07-22T21:10:00+00:00,59.2932,59.33,59.2932,59.33,209.0
2026-07-22T21:20:00+00:00,59.2,59.3299,59.2,59.3299,6406.0
2026-07-22T21:25:00+00:00,59.35,59.35,59.35,59.35,211.0
2026-07-22T21:30:00+00:00,59.35,59.35,59.35,59.35,693.0
2026-07-22T21:35:00+00:00,59.35,59.35,59.33,59.3423,300.0
2026-07-22T21:40:00+00:00,59.34,59.34,59.34,59.34,347.0
2026-07-22T21:45:00+00:00,59.35,59.4,59.35,59.4,1934.976599
2026-07-22T21:50:00+00:00,59.3,59.3,59.3,59.3,405.0678
2026-07-22T21:55:00+00:00,59.46,59.62,59.46,59.62,39930.0
2026-07-22T22:00:00+00:00,59.42,59.4787,59.41,59.4787,563.0
2026-07-22T22:05:00+00:00,59.3,59.48,59.3,59.48,1002.0
2026-07-22T22:10:00+00:00,59.5,59.63,59.44,59.63,1414.6
2026-07-22T22:15:00+00:00,59.6,59.6,59.6,59.6,210.0
2026-07-22T22:20:00+00:00,59.51,59.56,59.45,59.45,3313.0
2026-07-22T22:25:00+00:00,59.46,59.47,59.43,59.47,712.0
2026-07-22T22:30:00+00:00,59.45,59.45,59.45,59.45,468.0
2026-07-22T22:35:00+00:00,59.45,59.46,59.45,59.46,1082.2
2026-07-22T22:40:00+00:00,59.42,59.42,59.42,59.42,2598.0
2026-07-22T22:55:00+00:00,59.42,59.42,59.42,59.42,730.0
2026-07-22T23:00:00+00:00,59.4761,59.4761,59.4761,59.4761,170.0
2026-07-22T23:05:00+00:00,59.48,59.49,59.47,59.47,748.0
2026-07-22T23:10:00+00:00,59.45,59.45,59.45,59.45,337.0
2026-07-22T23:15:00+00:00,59.42,59.42,59.42,59.42,412.0
2026-07-22T23:20:00+00:00,59.42,59.4881,59.42,59.4881,1289.0
2026-07-22T23:25:00+00:00,59.43,59.45,59.43,59.45,200.0
2026-07-22T23:35:00+00:00,59.44,59.47,59.44,59.47,300.544041
2026-07-22T23:50:00+00:00,59.47,59.47,59.4616,59.4616,556.0
2026-07-22T23:55:00+00:00,59.45,59.45,59.45,59.45,1200.0
2026-07-23T00:00:00+00:00,59.4754,59.4754,59.4402,59.45,1891.0
2026-07-23T08:05:00+00:00,59.58,59.86,59.48,59.77,24425.656856
2026-07-23T08:10:00+00:00,59.77,59.79,59.74,59.74,21262.276745
2026-07-23T08:15:00+00:00,59.78,59.83,59.77,59.83,2630.0
2026-07-23T08:20:00+00:00,59.83,59.83,59.83,59.83,350.772405
2026-07-23T08:25:00+00:00,59.85,59.85,59.83,59.83,3165.016708
2026-07-23T08:30:00+00:00,59.83,59.83,59.8,59.83,15912.481329
2026-07-23T08:35:00+00:00,59.86,59.88,59.86,59.88,5238.265606
2026-07-23T08:40:00+00:00,59.89,59.95,59.89,59.9,5061.0
2026-07-23T08:45:00+00:00,59.9,59.9,59.88,59.88,4312.0
2026-07-23T08:50:00+00:00,59.86,59.88,59.86,59.88,2493.0
2026-07-23T08:55:00+00:00,59.91,59.91,59.9,59.9,1861.0
2026-07-23T09:00:00+00:00,59.86,59.86,59.86,59.86,501.0
2026-07-23T09:05:00+00:00,59.92,59.92,59.9,59.9,922.0
2026-07-23T09:15:00+00:00,59.9,59.96,59.89,59.96,1730.0
2026-07-23T09:30:00+00:00,59.99,60.0,59.99,60.0,5244.900833
2026-07-23T09:35:00+00:00,59.9901,59.9901,59.99,59.99,495.8
2026-07-23T09:40:00+00:00,60.0,60.0,60.0,60.0,200.0
2026-07-23T09:45:00+00:00,59.98,59.98,59.97,59.98,1682.0
2026-07-23T09:50:00+00:00,59.95,59.98,59.95,59.98,635.0
2026-07-23T09:55:00+00:00,59.98,60.0,59.98,59.99,6029.0
2026-07-23T10:00:00+00:00,59.96,60.0,59.9463,59.9463,5536.0
2026-07-23T10:05:00+00:00,59.97,59.98,59.93,59.93,2978.0
2026-07-23T10:10:00+00:00,59.9473,59.9473,59.9473,59.9473,209.0
2026-07-23T10:15:00+00:00,59.95,59.95,59.95,59.95,2498.0
2026-07-23T10:20:00+00:00,59.95,59.98,59.95,59.98,14676.0
2026-07-23T10:25:00+00:00,59.99,60.04,59.99,60.01,6307.16921
2026-07-23T10:30:00+00:00,60.05,60.05,60.05,60.05,6907.0
2026-07-23T10:35:00+00:00,60.05,60.05,60.03,60.03,4185.865611
2026-07-23T10:40:00+00:00,60.05,60.07,60.05,60.07,2452.06
2026-07-23T10:45:00+00:00,60.06,60.06,60.04,60.04,2588.0
2026-07-23T10:50:00+00:00,60.04,60.05,60.04,60.04,1917.0
2026-07-23T10:55:00+00:00,60.04,60.04,60.04,60.04,447.08924
2026-07-23T11:00:00+00:00,60.04,60.04,60.03,60.03,3273.0
2026-07-23T11:05:00+00:00,60.03,60.03,59.96,59.9732,21399.923265
2026-07-23T11:10:00+00:00,60.009,60.05,60.009,60.05,3971.0
2026-07-23T11:15:00+00:00,60.02,60.03,59.99,60.02,5961.0
2026-07-23T11:20:00+00:00,59.99,60.07,59.99,60.07,4796.011164
2026-07-23T11:25:00+00:00,60.08,60.09,60.03,60.03,5340.0
2026-07-23T11:30:00+00:00,60.04,60.08,60.04,60.06,2689.739474
2026-07-23T11:35:00+00:00,60.0849,60.11,60.08,60.1023,4690.0
2026-07-23T11:40:00+00:00,60.11,60.13,60.09,60.12,4568.09135
2026-07-23T11:45:00+00:00,60.12,60.16,60.12,60.14,3023.072
2026-07-23T11:50:00+00:00,60.19,60.19,60.13,60.17,15199.0
2026-07-23T11:55:00+00:00,60.15,60.15,60.0792,60.08,6902.0
2026-07-23T12:00:00+00:00,60.15,60.24,60.15,60.2354,15966.0
2026-07-23T12:05:00+00:00,60.21,60.2448,60.17,60.19,10292.0
2026-07-23T12:10:00+00:00,60.182,60.182,60.15,60.15,5073.0
2026-07-23T12:15:00+00:00,60.15,60.21,60.15,60.21,11224.0
2026-07-23T12:20:00+00:00,60.24,60.27,60.1716,60.21,7599.627046
2026-07-23T12:25:00+00:00,60.23,60.2476,60.15,60.2476,17649.0
2026-07-23T12:30:00+00:00,60.24,60.259,60.2,60.21,8948.0
2026-07-23T12:35:00+00:00,60.2,60.22,60.15,60.1795,11290.0
2026-07-23T12:40:00+00:00,60.17,60.19,60.12,60.1824,24880.0
2026-07-23T12:45:00+00:00,60.18,60.24,60.16,60.23,9009.011125
2026-07-23T12:50:00+00:00,60.2,60.2193,60.19,60.21,13595.0
2026-07-23T12:55:00+00:00,60.21,60.2423,60.2,60.22,9825.0
2026-07-23T13:00:00+00:00,60.21,60.2407,60.18,60.2,5397.0
2026-07-23T13:05:00+00:00,60.22,60.24,60.12,60.24,6362.2
2026-07-23T13:10:00+00:00,60.25,60.28,60.22,60.2636,16937.851784
2026-07-23T13:15:00+00:00,60.27,60.31,60.24,60.27,14392.064213
2026-07-23T13:20:00+00:00,60.31,60.33,60.23,60.27,23960.0
2026-07-23T13:25:00+00:00,60.23,60.24,60.2,60.21,15008.0
2026-07-23T13:30:00+00:00,60.23,60.27,60.16,60.16,13139.702409000001
2026-07-23T13:35:00+00:00,60.244,60.295,59.96,60.165,1608441.0880099998
2026-07-23T13:40:00+00:00,60.16,60.1998,60.03,60.195,908654.1783570001
2026-07-23T13:45:00+00:00,60.195,60.215,59.94,60.0,839316.190926
2026-07-23T13:50:00+00:00,60.005,60.05,59.8787,59.9801,1043247.5479509999
2026-07-23T13:55:00+00:00,59.995,60.05,59.91,60.04,775432.16746
2026-07-23T14:00:00+00:00,60.04,60.075,59.99,60.02,839752.104654
2026-07-23T14:05:00+00:00,60.02,60.16,59.98,60.155,595395.041834
2026-07-23T14:10:00+00:00,60.155,60.2499,60.105,60.185,568714.949269
2026-07-23T14:15:00+00:00,60.185,60.305,60.155,60.225,657206.907988
2026-07-23T14:20:00+00:00,60.23,60.285,60.2,60.235,371621.316094
2026-07-23T14:25:00+00:00,60.235,60.33,60.23,60.29,352793.751109
2026-07-23T14:30:00+00:00,60.29,60.295,60.225,60.24,254620.405497
2026-07-23T14:35:00+00:00,60.235,60.3768,60.21,60.339,525750.481838
2026-07-23T14:40:00+00:00,60.335,60.36,60.105,60.135,594668.278756
2026-07-23T14:45:00+00:00,60.135,60.24,60.115,60.22,294857.655446
2026-07-23T14:50:00+00:00,60.22,60.28,60.205,60.255,225348.38480700002
2026-07-23T14:55:00+00:00,60.255,60.27,60.11,60.215,283264.03484900005
2026-07-23T15:00:00+00:00,60.22,60.24,60.13,60.17,233401.965115
2026-07-23T15:05:00+00:00,60.18,60.19,60.12,60.185,372281.704866
2026-07-23T15:10:00+00:00,60.185,60.215,60.14,60.17,1009171.7679770001
2026-07-23T15:15:00+00:00,60.175,60.245,60.11,60.19,623043.4014170001
2026-07-23T15:20:00+00:00,60.185,60.245,60.17,60.235,168673.983444
2026-07-23T15:25:00+00:00,60.24,60.29,60.18,60.275,628900.041392
2026-07-23T15:30:00+00:00,60.275,60.285,60.095,60.1,378555.693885
2026-07-23T15:35:00+00:00,60.1,60.135,60.055,60.13,296902.995089
2026-07-23T15:40:00+00:00,60.125,60.13,60.0,60.0,239670.796538
2026-07-23T15:45:00+00:00,60.0,60.0,59.86,59.975,400128.96485600004
2026-07-23T15:50:00+00:00,59.975,59.995,59.855,59.905,239429.52992
2026-07-23T15:55:00+00:00,59.91,59.915,59.84,59.84,171536.403266
2026-07-23T16:00:00+00:00,59.845,59.8799,59.815,59.875,260952.89154500002
2026-07-23T16:05:00+00:00,59.875,59.875,59.75,59.845,376783.283372
2026-07-23T16:10:00+00:00,59.85,59.865,59.79,59.81,238864.372325
2026-07-23T16:15:00+00:00,59.815,59.88,59.78,59.815,611180.3064440001
2026-07-23T16:20:00+00:00,59.815,59.8577,59.78,59.8301,165464.40071
2026-07-23T16:25:00+00:00,59.835,59.84,59.73,59.805,2802897.475351
2026-07-23T16:30:00+00:00,59.805,59.805,59.71,59.73,259500.5659
2026-07-23T16:35:00+00:00,59.72,59.785,59.67,59.785,219888.547333
2026-07-23T16:40:00+00:00,59.785,59.82,59.745,59.745,272412.825471
2026-07-23T16:45:00+00:00,59.745,59.77,59.7,59.725,213924.620434
2026-07-23T16:50:00+00:00,59.73,59.75,59.66,59.695,150740.788732
2026-07-23T16:55:00+00:00,59.695,59.715,59.665,59.705,162450.23028699998
2026-07-23T17:00:00+00:00,59.71,59.71,59.65,59.665,191314.48537100002
2026-07-23T17:05:00+00:00,59.665,59.69,59.595,59.61,296911.03740200005
2026-07-23T17:10:00+00:00,59.605,59.76,59.56,59.755,288184.687013
2026-07-23T17:15:00+00:00,59.755,59.8,59.74,59.79,350672.34290499997
2026-07-23T17:20:00+00:00,59.785,59.805,59.69,59.705,175646.20962299997
2026-07-23T17:25:00+00:00,59.71,59.71,59.61,59.635,199423.60768800002
2026-07-23T17:30:00+00:00,59.63,59.67,59.59,59.65,230485.011401
2026-07-23T17:35:00+00:00,59.65,59.725,59.64,59.705,473465.18764600006
2026-07-23T17:40:00+00:00,59.71,59.73,59.67,59.67,244675.724688
2026-07-23T17:45:00+00:00,59.675,59.7,59.65,59.695,147187.47363700002
2026-07-23T17:50:00+00:00,59.7,59.78,59.69,59.77,234883.985499
2026-07-23T17:55:00+00:00,59.765,59.785,59.73,59.745,157616.68786
2026-07-23T18:00:00+00:00,59.75,59.77,59.7,59.755,165235.971618
2026-07-23T18:05:00+00:00,59.76,59.807,59.745,59.775,215160.017219
2026-07-23T18:10:00+00:00,59.78,59.79,59.74,59.745,137944.887
2026-07-23T18:15:00+00:00,59.75,59.765,59.69,59.705,187623.479315
2026-07-23T18:20:00+00:00,59.705,59.7099,59.59,59.6136,405250.585174
2026-07-23T18:25:00+00:00,59.615,59.7199,59.61,59.71,281317.178776
2026-07-23T18:30:00+00:00,59.71,59.735,59.69,59.7164,162604.134496
2026-07-23T18:35:00+00:00,59.72,59.76,59.695,59.705,320562.093872
2026-07-23T18:40:00+00:00,59.7,59.7,59.655,59.665,166177.63056400002
2026-07-23T18:45:00+00:00,59.67,59.69,59.645,59.675,157457.957769
2026-07-23T18:50:00+00:00,59.67,59.725,59.67,59.69,181197.507892
2026-07-23T18:55:00+00:00,59.695,59.75,59.685,59.695,268024.739857
2026-07-23T19:00:00+00:00,59.695,59.715,59.67,59.675,161815.21465100002
2026-07-23T19:05:00+00:00,59.67,59.71,59.63,59.6886,132307.82767
2026-07-23T19:10:00+00:00,59.69,59.69,59.64,59.68,167302.60937700002
2026-07-23T19:15:00+00:00,59.675,59.7,59.61,59.615,347261.21650400007
2026-07-23T19:20:00+00:00,59.61,59.65,59.565,59.59,248418.744077
2026-07-23T19:25:00+00:00,59.595,59.63,59.555,59.605,255671.765759
2026-07-23T19:30:00+00:00,59.605,59.605,59.515,59.52,233054.442337
2026-07-23T19:35:00+00:00,59.52,59.52,59.39,59.46,634876.0258269999
2026-07-23T19:40:00+00:00,59.47,59.49,59.415,59.485,475482.488074
2026-07-23T19:45:00+00:00,59.48,59.535,59.46,59.46,531037.129176
2026-07-23T19:50:00+00:00,59.46,59.465,59.35,59.355,840232.043116
2026-07-23T19:55:00+00:00,59.35,59.44,59.265,59.295,1300897.0531509998
2026-07-23T20:00:00+00:00,59.295,59.42,59.27,59.4,2290545.662813
2026-07-23T20:05:00+00:00,59.4,59.829,59.38,59.4,22272.318900000002
2026-07-23T20:10:00+00:00,59.4,59.49,59.4,59.49,1759.0
2026-07-23T20:15:00+00:00,59.4817,59.4817,59.4817,59.4817,955.0
2026-07-23T20:20:00+00:00,59.41,59.472,59.4,59.472,2805.74827
2026-07-23T20:25:00+00:00,59.41,59.42,59.41,59.4139,1308.0
2026-07-23T20:30:00+00:00,59.42,59.49,59.41,59.47,4328.0
2026-07-23T20:35:00+00:00,59.4517,59.4862,59.4517,59.4862,306.0
2026-07-23T20:40:00+00:00,59.4857,59.49,59.4831,59.49,1383.0
2026-07-23T20:45:00+00:00,59.47,59.5,59.47,59.4959,4432.0
2026-07-23T20:50:00+00:00,59.49,59.5,59.49,59.5,5646.0
2026-07-23T20:55:00+00:00,59.5,59.5,59.45,59.45,958.0
2026-07-23T21:00:00+00:00,59.38,59.4995,59.38,59.4577,42985.0
2026-07-23T21:05:00+00:00,59.47,59.47,59.4695,59.4695,354.0
2026-07-23T21:10:00+00:00,59.47,59.47,59.45,59.45,651.0
2026-07-23T21:15:00+00:00,59.4518,59.4518,59.45,59.45,2875.0
2026-07-23T21:25:00+00:00,59.499,59.499,59.499,59.499,3530.0
2026-07-23T21:35:00+00:00,59.49,59.49,59.49,59.49,375.0
2026-07-23T22:05:00+00:00,59.5,59.5,59.48,59.48,1389.0
2026-07-23T22:10:00+00:00,59.53,59.53,59.53,59.53,111.0
2026-07-23T22:15:00+00:00,59.5161,59.5161,59.4401,59.4401,920.0
2026-07-23T22:20:00+00:00,59.5149,59.53,59.5149,59.53,577.12
2026-07-23T22:30:00+00:00,59.5,59.5,59.5,59.5,300.0
2026-07-23T22:35:00+00:00,59.49,59.49,59.49,59.49,240.0
2026-07-23T22:45:00+00:00,59.5,59.5,59.5,59.5,107.0
2026-07-23T23:00:00+00:00,59.49,59.49,59.49,59.49,100.0
2026-07-23T23:15:00+00:00,59.469,59.469,59.469,59.469,442.0
2026-07-23T23:35:00+00:00,59.45,59.45,59.45,59.45,444.0
2026-07-23T23:45:00+00:00,59.47,59.47,59.47,59.47,2335.0
2026-07-23T23:55:00+00:00,59.51,59.51,59.46,59.4654,3093.0
2026-07-24T00:00:00+00:00,59.5,59.5238,59.4254,59.51,1682.203974
2026-07-24T08:05:00+00:00,59.24,59.72,59.24,59.45,17372.158776
2026-07-24T08:10:00+00:00,59.39,59.43,59.38,59.4,1024.0
2026-07-24T08:15:00+00:00,59.37,59.43,59.37,59.37,2064.0
2026-07-24T08:20:00+00:00,59.37,59.44,59.37,59.44,560.0
2026-07-24T08:25:00+00:00,59.44,59.46,59.36,59.36,3191.0
2026-07-24T08:30:00+00:00,59.41,59.41,59.3631,59.3631,501.0
2026-07-24T08:35:00+00:00,59.35,59.37,59.3,59.3,17198.221711
2026-07-24T08:40:00+00:00,59.33,59.33,59.3,59.3,853.0
2026-07-24T08:50:00+00:00,59.29,59.29,59.29,59.29,100.3
2026-07-24T08:55:00+00:00,59.25,59.27,59.25,59.26,883.0
2026-07-24T09:00:00+00:00,59.27,59.27,59.26,59.26,2994.0
2026-07-24T09:05:00+00:00,59.24,59.24,59.21,59.23,6123.4134
2026-07-24T09:15:00+00:00,59.15,59.15,59.12,59.15,1448.0
2026-07-24T09:20:00+00:00,59.16,59.16,59.11,59.11,2579.0
2026-07-24T09:25:00+00:00,59.11,59.12,59.04,59.04,4008.0
2026-07-24T09:30:00+00:00,59.03,59.05,59.01,59.02,9721.496778
2026-07-24T09:35:00+00:00,59.07,59.07,58.98,58.99,9278.040654
2026-07-24T09:40:00+00:00,58.98,59.03,58.98,59.03,2636.0678
2026-07-24T09:45:00+00:00,58.99,59.0,58.99,59.0,1803.0
2026-07-24T09:50:00+00:00,59.06,59.1,59.06,59.1,10000.0
2026-07-24T10:00:00+00:00,59.03,59.0396,59.03,59.0396,695.0
2026-07-24T10:05:00+00:00,59.0,59.1,59.0,59.1,600.0
2026-07-24T10:10:00+00:00,59.03,59.03,59.03,59.03,200.0
2026-07-24T10:15:00+00:00,59.1,59.1,59.1,59.1,2538.0
2026-07-24T10:20:00+00:00,59.07,59.12,59.07,59.12,1139.0
2026-07-24T10:35:00+00:00,59.09,59.12,59.09,59.12,1069.0
2026-07-24T10:40:00+00:00,59.15,59.18,59.15,59.18,1946.0
2026-07-24T10:45:00+00:00,59.2,59.2,59.15,59.15,1120.0
2026-07-24T10:50:00+00:00,59.15,59.15,59.11,59.11,3063.0
2026-07-24T10:55:00+00:00,59.17,59.17,59.14,59.16,1180.0
2026-07-24T11:00:00+00:00,59.14,59.14,59.14,59.14,272.0
2026-07-24T11:05:00+00:00,59.2483,59.26,59.13,59.2399,2574.0
2026-07-24T11:10:00+00:00,59.21,59.22,59.21,59.22,393.0
2026-07-24T11:15:00+00:00,59.26,59.26,59.26,59.26,156.0
2026-07-24T11:20:00+00:00,59.31,59.31,59.26,59.2799,311.0
2026-07-24T11:25:00+00:00,59.2,59.2999,59.2,59.24,3380.0
2026-07-24T11:30:00+00:00,59.2155,59.24,59.2155,59.24,1889.0
2026-07-24T11:35:00+00:00,59.2991,59.2991,59.2991,59.2991,800.0
2026-07-24T11:40:00+00:00,59.22,59.2985,59.21,59.2985,3919.116
2026-07-24T11:45:00+00:00,59.2,59.21,59.2,59.21,2669.0
2026-07-24T11:50:00+00:00,59.23,59.23,59.23,59.23,6157.294
2026-07-24T11:55:00+00:00,59.26,59.34,59.26,59.34,4895.0
2026-07-24T12:00:00+00:00,59.33,59.36,59.22,59.22,11261.084457
2026-07-24T12:05:00+00:00,59.31,59.3517,59.3,59.32,2850.0
2026-07-24T12:10:00+00:00,59.2434,59.32,59.23,59.301,10556.30907
2026-07-24T12:15:00+00:00,59.3,59.3015,59.28,59.28,2677.0
2026-07-24T12:20:00+00:00,59.28,59.31,59.23,59.23,5715.0
2026-07-24T12:25:00+00:00,59.23,59.23,59.23,59.23,475.0
2026-07-24T12:30:00+00:00,59.23,59.23,59.23,59.23,100.0
2026-07-24T12:35:00+00:00,59.25,59.25,59.24,59.24,329.0
2026-07-24T12:40:00+00:00,59.2119,59.23,59.15,59.15,10662.0
2026-07-24T12:45:00+00:00,59.2,59.2,59.12,59.16,22406.0
2026-07-24T12:50:00+00:00,59.16,59.18,59.1585,59.16,6143.253217
2026-07-24T12:55:00+00:00,59.18,59.18,59.18,59.18,447.0
2026-07-24T13:00:00+00:00,59.18,59.18,59.18,59.18,100.0
2026-07-24T13:05:00+00:00,59.16,59.16,59.16,59.16,3327.0
2026-07-24T13:10:00+00:00,59.18,59.22,59.14,59.15,22909.248863
2026-07-24T13:15:00+00:00,59.15,59.18,59.15,59.18,17841.0
2026-07-24T13:20:00+00:00,59.245,59.27,59.22,59.25,14354.0
2026-07-24T13:25:00+00:00,59.26,59.3338,59.26,59.33,9619.0
2026-07-24T13:30:00+00:00,59.35,59.5,59.31,59.5,14621.074539000001
2026-07-24T13:35:00+00:00,59.4,59.83,59.4,59.83,1544663.3598990003
2026-07-24T13:40:00+00:00,59.835,59.95,59.78,59.85,770959.522538
2026-07-24T13:45:00+00:00,59.85,59.895,59.72,59.81,804476.6571690001
2026-07-24T13:50:00+00:00,59.82,59.91,59.585,59.695,653803.831884
2026-07-24T13:55:00+00:00,59.7,59.91,59.685,59.905,453509.01388999994
2026-07-24T14:00:00+00:00,59.9,59.92,59.79,59.84,340839.34097200003
2026-07-24T14:05:00+00:00,59.84,60.01,59.83,60.01,478196.040865
2026-07-24T14:10:00+00:00,60.0,60.05,59.94,60.03,540672.6013239999
2026-07-24T14:15:00+00:00,60.035,60.15,59.995,60.135,306454.558152
2026-07-24T14:20:00+00:00,60.14,60.2,60.13,60.16,381285.950136
2026-07-24T14:25:00+00:00,60.17,60.245,60.13,60.245,431797.744721
2026-07-24T14:30:00+00:00,60.245,60.26,60.135,60.175,415722.83429
2026-07-24T14:35:00+00:00,60.18,60.3,60.175,60.3,294116.83840999997
2026-07-24T14:40:00+00:00,60.3,60.4,60.28,60.38,532859.7592430001
2026-07-24T14:45:00+00:00,60.385,60.45,60.33,60.355,598823.5254609999
2026-07-24T14:50:00+00:00,60.36,60.36,60.27,60.32,471615.25285499997
2026-07-24T14:55:00+00:00,60.325,60.38,60.29,60.33,336574.696387
2026-07-24T15:00:00+00:00,60.325,60.37,60.22,60.255,302433.893894
2026-07-24T15:05:00+00:00,60.255,60.33,60.2,60.3199,323921.607413
2026-07-24T15:10:00+00:00,60.31,60.335,60.28,60.285,298326.82784399996
2026-07-24T15:15:00+00:00,60.29,60.29,60.06,60.1,861580.809775
2026-07-24T15:20:00+00:00,60.105,60.11,59.86,59.965,1357522.065712
2026-07-24T15:25:00+00:00,59.96,60.04,59.87,59.895,424411.39485399995
2026-07-24T15:30:00+00:00,59.895,59.895,59.67,59.725,415958.637328
2026-07-24T15:35:00+00:00,59.72,59.805,59.68,59.78,531772.329212
2026-07-24T15:40:00+00:00,59.78,59.78,59.615,59.665,583277.646828
2026-07-24T15:45:00+00:00,59.665,59.71,59.565,59.665,614290.548389
2026-07-24T15:50:00+00:00,59.67,59.74,59.65,59.7,541770.778577
2026-07-24T15:55:00+00:00,59.69,59.73,59.65,59.72,485134.083545
2026-07-24T16:00:00+00:00,59.72,59.76,59.695,59.75,262845.74327000004
2026-07-24T16:05:00+00:00,59.755,59.77,59.715,59.735,252937.197585
2026-07-24T16:10:00+00:00,59.74,59.795,59.705,59.765,189279.733908
2026-07-24T16:15:00+00:00,59.7699,59.78,59.695,59.76,231636.236159
2026-07-24T16:20:00+00:00,59.765,59.78,59.66,59.66,234342.44071599998
2026-07-24T16:25:00+00:00,59.665,59.705,59.65,59.69,257064.320837
2026-07-24T16:30:00+00:00,59.695,59.695,59.63,59.635,541209.3297850001
2026-07-24T16:35:00+00:00,59.635,59.69,59.625,59.645,315330.935303
2026-07-24T16:40:00+00:00,59.645,59.7,59.645,59.685,179266.36798599997
2026-07-24T16:45:00+00:00,59.685,59.72,59.64,59.645,179756.370812
2026-07-24T16:50:00+00:00,59.645,59.715,59.64,59.68,144069.98726999998
2026-07-24T16:55:00+00:00,59.69,59.725,59.645,59.665,203979.267389
2026-07-24T17:00:00+00:00,59.6699,59.7,59.645,59.65,219393.480869
2026-07-24T17:05:00+00:00,59.65,59.655,59.575,59.605,182199.57246199998
2026-07-24T17:10:00+00:00,59.6073,59.67,59.605,59.65,255694.57590599998
2026-07-24T17:15:00+00:00,59.655,59.73,59.65,59.71,174238.438473
2026-07-24T17:20:00+00:00,59.71,59.73,59.67,59.705,135190.846421
2026-07-24T17:25:00+00:00,59.705,59.7072,59.67,59.69,148774.970713
2026-07-24T17:30:00+00:00,59.69,59.6957,59.63,59.66,135764.359317
2026-07-24T17:35:00+00:00,59.665,59.69,59.63,59.665,150592.83929899998
2026-07-24T17:40:00+00:00,59.66,59.705,59.645,59.705,143012.55999999997
2026-07-24T17:45:00+00:00,59.705,59.707,59.605,59.625,194967.42360699998
2026-07-24T17:50:00+00:00,59.63,59.67,59.625,59.66,126692.040919
2026-07-24T17:55:00+00:00,59.67,59.695,59.635,59.645,147860.356806
2026-07-24T18:00:00+00:00,59.64,59.65,59.605,59.63,131362.44776
2026-07-24T18:05:00+00:00,59.63,59.66,59.62,59.635,156855.735686
2026-07-24T18:10:00+00:00,59.635,59.685,59.625,59.6799,190642.439193
2026-07-24T18:15:00+00:00,59.675,59.685,59.645,59.68,255307.91042
2026-07-24T18:20:00+00:00,59.685,59.755,59.6799,59.745,237288.730733
2026-07-24T18:25:00+00:00,59.75,59.7874,59.735,59.785,382387.598794
2026-07-24T18:30:00+00:00,59.785,59.81,59.755,59.8,157061.228615
2026-07-24T18:35:00+00:00,59.795,59.82,59.735,59.74,210073.27521300002
2026-07-24T18:40:00+00:00,59.735,59.77,59.71,59.75,669105.159408
2026-07-24T18:45:00+00:00,59.745,59.745,59.705,59.73,367889.789145
2026-07-24T18:50:00+00:00,59.725,59.75,59.705,59.715,142986.138224
2026-07-24T18:55:00+00:00,59.715,59.758,59.69,59.75,151845.3498
2026-07-24T19:00:00+00:00,59.745,59.8,59.745,59.77,162966.8695
2026-07-24T19:05:00+00:00,59.775,59.785,59.73,59.765,201829.947792
2026-07-24T19:10:00+00:00,59.765,59.81,59.76,59.805,242040.80288899998
2026-07-24T19:15:00+00:00,59.805,59.83,59.775,59.805,331004.05672
2026-07-24T19:20:00+00:00,59.81,59.845,59.79,59.795,224338.998764
2026-07-24T19:25:00+00:00,59.79,59.82,59.76,59.785,185386.392247
2026-07-24T19:30:00+00:00,59.785,59.8,59.77,59.795,328405.191077
2026-07-24T19:35:00+00:00,59.795,59.795,59.64,59.65,560334.534173
2026-07-24T19:40:00+00:00,59.65,59.66,59.555,59.555,785732.332754
2026-07-24T19:45:00+00:00,59.55,59.6,59.545,59.555,356840.696228
2026-07-24T19:50:00+00:00,59.55,59.585,59.5,59.5112,654521.799813
2026-07-24T19:55:00+00:00,59.51,59.54,59.45,59.455,1004211.81746
2026-07-24T20:00:00+00:00,59.45,59.62,59.45,59.61,3476758.8852040004
2026-07-24T20:05:00+00:00,59.61,59.62,59.61,59.61,34389.491572
2026-07-24T20:10:00+00:00,59.61,59.69,59.61,59.67,40374.0
2026-07-24T20:15:00+00:00,59.68,59.68,59.68,59.68,505.35736
2026-07-24T20:20:00+00:00,59.7,59.7,59.69,59.69,743.5478860000001
2026-07-24T20:25:00+00:00,59.6201,59.66,59.6201,59.66,1001.0
2026-07-24T20:30:00+00:00,59.63,59.63,59.58,59.58,2775.826361
2026-07-24T20:40:00+00:00,59.6986,59.7,59.6986,59.7,301.0
2026-07-24T20:45:00+00:00,59.68,59.69,59.68,59.68,1000.0
2026-07-24T20:50:00+00:00,59.6998,59.6998,59.6998,59.6998,124.0
2026-07-24T20:55:00+00:00,59.64,59.6992,59.64,59.6992,517.0
2026-07-24T21:00:00+00:00,59.65,59.65,59.64,59.64,285.0
2026-07-24T21:05:00+00:00,59.7,59.7,59.65,59.6654,1353.0
2026-07-24T21:10:00+00:00,59.67,59.694,59.67,59.694,401.0
2026-07-24T21:15:00+00:00,59.6928,59.6928,59.6928,59.6928,297.0
2026-07-24T21:20:00+00:00,59.7,59.7,59.7,59.7,100.0
2026-07-24T21:25:00+00:00,59.7,59.7,59.67,59.67,1103.0
2026-07-24T21:30:00+00:00,59.67,59.67,59.67,59.67,318.0
2026-07-24T21:35:00+00:00,59.691,59.691,59.691,59.691,200.0
2026-07-24T21:45:00+00:00,59.6907,59.6907,59.68,59.68,634.0
2026-07-24T21:50:00+00:00,59.64,59.64,59.64,59.64,201.0
2026-07-24T21:55:00+00:00,59.7,59.7,59.7,59.7,400.0
2026-07-24T22:00:00+00:00,59.7,59.71,59.69,59.71,1241.0
2026-07-24T22:20:00+00:00,59.7,59.74,59.69,59.69,2631.0
2026-07-24T22:30:00+00:00,59.7132,59.7752,59.7,59.77,1673.047629
2026-07-24T22:35:00+00:00,59.75,59.77,59.75,59.77,1670.0
2026-07-24T22:40:00+00:00,59.78,59.8,59.78,59.8,2468.0
2026-07-24T22:45:00+00:00,59.79,59.8,59.79,59.8,497.0
2026-07-24T23:00:00+00:00,59.69,59.69,59.67,59.68,796.0
2026-07-24T23:20:00+00:00,59.66,59.66,59.65,59.65,1000.0
2026-07-24T23:25:00+00:00,59.73,59.73,59.67,59.68,510.0
2026-07-24T23:30:00+00:00,59.73,59.73,59.73,59.73,223.0
2026-07-24T23:35:00+00:00,59.85,59.85,59.85,59.85,540.0
2026-07-24T23:45:00+00:00,59.73,59.73,59.73,59.73,180.0
2026-07-24T23:50:00+00:00,59.79,59.84,59.74,59.74,2124.0
2026-07-24T23:55:00+00:00,59.75,59.75,59.7301,59.7301,782.0
2026-07-25T00:00:00+00:00,59.74,59.85,59.73,59.7801,6273.154354
2026-07-27T08:05:00+00:00,58.46,58.49,58.078,58.44,41310.606401
2026-07-27T08:10:00+00:00,58.17,58.4,58.17,58.31,5229.494734
2026-07-27T08:15:00+00:00,58.35,58.38,58.31,58.38,1433.0
2026-07-27T08:20:00+00:00,58.35,58.35,58.21,58.21,16101.0
2026-07-27T08:25:00+00:00,58.21,58.25,58.2,58.25,4417.8883000000005
2026-07-27T08:30:00+00:00,58.21,58.25,58.19,58.25,1968.0
2026-07-27T08:35:00+00:00,58.21,58.21,58.17,58.18,1770.0
2026-07-27T08:40:00+00:00,58.22,58.22,58.1361,58.1361,1103.0
2026-07-27T08:45:00+00:00,58.22,58.25,58.14,58.25,2513.0
2026-07-27T08:50:00+00:00,58.18,58.18,58.17,58.17,7254.434065
2026-07-27T08:55:00+00:00,58.16,58.23,58.1,58.23,14945.0
2026-07-27T09:00:00+00:00,58.12,58.12,58.1,58.1,2432.0
2026-07-27T09:05:00+00:00,58.11,58.14,58.11,58.14,584.0
2026-07-27T09:10:00+00:00,58.11,58.18,58.11,58.15,1709.0726829999999
2026-07-27T09:20:00+00:00,58.15,58.16,58.11,58.11,2876.0
2026-07-27T09:25:00+00:00,58.155,58.155,58.13,58.13,403.0
2026-07-27T09:30:00+00:00,58.13,58.135,58.09,58.09,2710.0
2026-07-27T09:35:00+00:00,58.1,58.1,58.05,58.05,3355.661663
2026-07-27T09:40:00+00:00,58.05,58.05,58.05,58.05,500.0
2026-07-27T09:45:00+00:00,58.05,58.07,58.01,58.01,18692.0
2026-07-27T09:50:00+00:00,58.02,58.03,58.0,58.0,4613.376208
2026-07-27T09:55:00+00:00,57.97,58.0593,57.96,57.96,8495.092152000001
2026-07-27T10:00:00+00:00,57.96,57.96,57.9,57.91,9565.0
2026-07-27T10:05:00+00:00,57.89,57.96,57.89,57.96,1746.0
2026-07-27T10:10:00+00:00,57.95,57.98,57.95,57.98,2294.0
2026-07-27T10:15:00+00:00,58.0,58.05,57.97,58.05,2528.0
2026-07-27T10:20:00+00:00,57.98,57.98,57.95,57.96,3450.0
2026-07-27T10:25:00+00:00,57.98,57.98,57.96,57.96,3484.0
2026-07-27T10:30:00+00:00,57.96,58.02,57.95,57.95,1340.481361
2026-07-27T10:35:00+00:00,57.97,58.0,57.97,58.0,3267.0
2026-07-27T10:40:00+00:00,58.0,58.0,58.0,58.0,150.0
2026-07-27T10:50:00+00:00,57.99,57.99,57.99,57.99,1000.0
2026-07-27T10:55:00+00:00,58.03,58.03,58.02,58.02,1044.0
2026-07-27T11:00:00+00:00,58.05,58.06,58.0089,58.0089,3193.37775
2026-07-27T11:05:00+00:00,58.0,58.0599,58.0,58.03,14964.0
2026-07-27T11:10:00+00:00,58.02,58.02,57.97,58.01,16243.0
2026-07-27T11:15:00+00:00,57.99,58.03,57.96,57.96,6927.0
2026-07-27T11:20:00+00:00,58.0399,58.06,58.0101,58.04,7228.0
2026-07-27T11:25:00+00:00,58.04,58.04,58.04,58.04,2573.0
2026-07-27T11:30:00+00:00,58.05,58.05,58.0175,58.05,16235.1756
2026-07-27T11:35:00+00:00,58.05,58.12,58.03,58.08,31689.6388
2026-07-27T11:40:00+00:00,58.0209,58.07,58.0209,58.0556,2662.835
2026-07-27T11:45:00+00:00,58.07,58.09,58.06,58.08,13566.0
2026-07-27T11:50:00+00:00,58.08,58.08,58.08,58.08,854.0
2026-07-27T11:55:00+00:00,58.08,58.1,58.06,58.08,8540.343778
2026-07-27T12:00:00+00:00,58.08,58.08,58.07,58.08,3682.0
2026-07-27T12:05:00+00:00,58.0865,58.0904,58.08,58.08,3226.0
2026-07-27T12:10:00+00:00,58.1,58.13,58.1,58.12,3393.0
2026-07-27T12:15:00+00:00,58.12,58.17,58.108,58.14,5519.0
2026-07-27T12:20:00+00:00,58.14,58.15,58.1148,58.15,7175.469348
2026-07-27T12:25:00+00:00,58.1743,58.1743,58.13,58.16,3191.097988
2026-07-27T12:30:00+00:00,58.15,58.16,58.13,58.15,2909.017352
2026-07-27T12:35:00+00:00,58.15,58.18,58.1446,58.15,6776.0
2026-07-27T12:40:00+00:00,58.1477,58.1477,58.0905,58.11,14587.0
2026-07-27T12:45:00+00:00,58.12,58.15,58.09,58.15,8010.0
2026-07-27T12:50:00+00:00,58.15,58.15,58.0993,58.1008,11116.0
2026-07-27T12:55:00+00:00,58.12,58.13,58.08,58.12,11801.0
2026-07-27T13:00:00+00:00,58.11,58.1201,58.11,58.12,1351.0
2026-07-27T13:05:00+00:00,58.1,58.14,58.0707,58.0746,8616.0
2026-07-27T13:10:00+00:00,58.1,58.1173,58.09,58.11,9919.0
2026-07-27T13:15:00+00:00,58.09,58.15,58.09,58.13,18993.0
2026-07-27T13:20:00+00:00,58.15,58.18,58.1,58.1326,33345.0
2026-07-27T13:25:00+00:00,58.12,58.13,58.05,58.05,4980.0
2026-07-27T13:30:00+00:00,58.08,58.54,58.0,58.4,36579.809535
2026-07-27T13:35:00+00:00,58.41,58.96,58.39,58.95,2659942.303745
2026-07-27T13:40:00+00:00,58.94,59.07,58.73,59.01,1309305.948919
2026-07-27T13:45:00+00:00,59.01,59.24,58.94,59.15,942219.727365
2026-07-27T13:50:00+00:00,59.15,59.2799,59.08,59.165,729387.484431
2026-07-27T13:55:00+00:00,59.1687,59.185,58.57,59.13,501523.07469200005
2026-07-27T14:00:00+00:00,59.14,59.2,59.045,59.07,335241.822491
2026-07-27T14:05:00+00:00,59.06,59.135,58.985,59.105,409893.46366300003
2026-07-27T14:10:00+00:00,59.11,59.115,58.81,58.87,459241.56601799995
2026-07-27T14:15:00+00:00,58.8774,58.88,58.685,58.755,518419.68127299997
2026-07-27T14:20:00+00:00,58.755,58.815,58.685,58.765,459749.406874
2026-07-27T14:25:00+00:00,58.77,58.805,58.6914,58.71,517308.196889
2026-07-27T14:30:00+00:00,58.71,58.88,58.705,58.87,262063.125506
2026-07-27T14:35:00+00:00,58.88,58.955,58.7,58.74,451261.17480000004
2026-07-27T14:40:00+00:00,58.735,58.8,58.6603,58.7503,470751.182325
2026-07-27T14:45:00+00:00,58.76,58.875,58.74,58.775,681286.7246279999
2026-07-27T14:50:00+00:00,58.775,58.78,58.59,58.6,421134.85993800004
2026-07-27T14:55:00+00:00,58.6,58.76,58.58,58.755,359676.485137
2026-07-27T15:00:00+00:00,58.75,58.7977,58.68,58.725,249070.64030100004
2026-07-27T15:05:00+00:00,58.725,58.75,58.66,58.675,433892.29427300004
2026-07-27T15:10:00+00:00,58.675,58.755,58.575,58.585,308671.749434
2026-07-27T15:15:00+00:00,58.585,58.635,58.53,58.565,338820.525895
2026-07-27T15:20:00+00:00,58.565,58.6,58.51,58.535,339629.620875
2026-07-27T15:25:00+00:00,58.535,58.635,58.52,58.635,311412.447027
2026-07-27T15:30:00+00:00,58.635,58.645,58.57,58.595,142658.328403
2026-07-27T15:35:00+00:00,58.59,58.68,58.555,58.68,107488.400424
2026-07-27T15:40:00+00:00,58.685,58.69,58.64,58.685,182623.732727
2026-07-27T15:45:00+00:00,58.685,58.745,58.6502,58.73,183055.05157
2026-07-27T15:50:00+00:00,58.735,58.77,58.72,58.765,147677.680383
2026-07-27T15:55:00+00:00,58.76,58.81,58.7123,58.81,159193.549676
2026-07-27T16:00:00+00:00,58.82,58.91,58.8101,58.9,193158.405054
2026-07-27T16:05:00+00:00,58.9,58.91,58.825,58.85,95922.062798
2026-07-27T16:10:00+00:00,58.86,58.87,58.795,58.835,167971.53131999998
2026-07-27T16:15:00+00:00,58.835,58.895,58.805,58.805,121351.504072
2026-07-27T16:20:00+00:00,58.8,58.92,58.8,58.905,187272.719898
2026-07-27T16:25:00+00:00,58.905,58.92,58.81,58.8446,212081.138216
2026-07-27T16:30:00+00:00,58.845,58.845,58.66,58.68,611958.723953
2026-07-27T16:35:00+00:00,58.67,58.695,58.6,58.61,225141.11343
2026-07-27T16:40:00+00:00,58.61,58.73,58.61,58.725,189202.642322
2026-07-27T16:45:00+00:00,58.725,58.775,58.715,58.73,196191.773633
2026-07-27T16:50:00+00:00,58.725,58.745,58.7003,58.71,117473.505704
2026-07-27T16:55:00+00:00,58.705,58.795,58.705,58.72,127047.689773
2026-07-27T17:00:00+00:00,58.715,58.72,58.665,58.7,146234.735364
2026-07-27T17:05:00+00:00,58.7,58.79,58.695,58.77,259913.79286499997
2026-07-27T17:10:00+00:00,58.77,58.79,58.745,58.785,95063.037746
2026-07-27T17:15:00+00:00,58.79,58.79,58.7,58.74,107016.789987
2026-07-27T17:20:00+00:00,58.74,58.79,58.725,58.785,140981.592603
2026-07-27T17:25:00+00:00,58.79,58.795,58.71,58.745,138080.796329
2026-07-27T17:30:00+00:00,58.745,58.76,58.69,58.7,123752.620271
2026-07-27T17:35:00+00:00,58.695,58.76,58.69,58.725,146171.609238
2026-07-27T17:40:00+00:00,58.725,58.8,58.725,58.8,127533.97296700001
2026-07-27T17:45:00+00:00,58.8,58.86,58.785,58.835,171203.58892799998
2026-07-27T17:50:00+00:00,58.835,58.87,58.775,58.79,137186.730366
2026-07-27T17:55:00+00:00,58.785,58.79,58.735,58.7411,166954.570141
2026-07-27T18:00:00+00:00,58.74,58.74,58.68,58.695,147021.719059
2026-07-27T18:05:00+00:00,58.7,58.71,58.64,58.7,105989.48203000001
2026-07-27T18:10:00+00:00,58.69,58.715,58.67,58.6803,129807.487373
2026-07-27T18:15:00+00:00,58.68,58.72,58.63,58.695,316801.44235400006
2026-07-27T18:20:00+00:00,58.69,58.725,58.6642,58.695,215616.06739799998
2026-07-27T18:25:00+00:00,58.695,58.805,58.685,58.785,229797.559987
2026-07-27T18:30:00+00:00,58.785,58.835,58.785,58.815,147842.027173
2026-07-27T18:35:00+00:00,58.82,58.84,58.7945,58.805,185383.414188
2026-07-27T18:40:00+00:00,58.79,58.795,58.705,58.71,106814.28714100001
2026-07-27T18:45:00+00:00,58.71,58.7107,58.64,58.645,655678.1862760001
2026-07-27T18:50:00+00:00,58.6401,58.6401,58.59,58.6,334674.508014
2026-07-27T18:55:00+00:00,58.6,58.625,58.535,58.58,451105.85927099996
2026-07-27T19:00:00+00:00,58.58,58.61,58.56,58.58,310253.579355
2026-07-27T19:05:00+00:00,58.585,58.655,58.585,58.65,170158.307135
2026-07-27T19:10:00+00:00,58.65,58.66,58.595,58.64,253279.852254
2026-07-27T19:15:00+00:00,58.64,58.6703,58.6135,58.6301,136993.58591300002
2026-07-27T19:20:00+00:00,58.63,58.6599,58.62,58.645,242948.540669
2026-07-27T19:25:00+00:00,58.65,58.65,58.555,58.605,166969.50044099998
2026-07-27T19:30:00+00:00,58.61,58.67,58.57,58.65,226711.75875
2026-07-27T19:35:00+00:00,58.65,58.65,58.465,58.5,298783.05822999997
2026-07-27T19:40:00+00:00,58.5,58.505,58.435,58.475,313158.43822600006
2026-07-27T19:45:00+00:00,58.47,58.47,58.4,58.435,289488.956573
2026-07-27T19:50:00+00:00,58.43,58.465,58.285,58.29,970367.9914599999
2026-07-27T19:55:00+00:00,58.29,58.315,58.23,58.285,2733762.361127
2026-07-27T20:00:00+00:00,58.29,58.39,58.29,58.38,2866776.541218
2026-07-27T20:05:00+00:00,58.36,58.47,58.2931,58.455,39420.363408
2026-07-27T20:10:00+00:00,58.44,58.44,58.44,58.44,130.0
2026-07-27T20:15:00+00:00,58.3908,58.3908,58.3908,58.3908,301.0
2026-07-27T20:20:00+00:00,58.4468,58.4468,58.42,58.4468,1166.0
2026-07-27T20:25:00+00:00,58.45,58.45,58.39,58.39,4734.0
2026-07-27T20:30:00+00:00,58.41,58.41,58.33,58.3857,6538.017123
2026-07-27T20:35:00+00:00,58.35,58.35,58.35,58.35,612.0
2026-07-27T20:40:00+00:00,58.36,58.36,58.35,58.35,1649.0
2026-07-27T21:00:00+00:00,58.35,58.48,58.35,58.37,7407.0
2026-07-27T21:15:00+00:00,58.3301,58.3301,58.3301,58.3301,210.0
2026-07-27T21:20:00+00:00,58.3396,58.3396,58.3396,58.3396,348.0
2026-07-27T21:30:00+00:00,58.34,58.34,58.34,58.34,761.0
2026-07-27T21:40:00+00:00,58.32,58.32,58.32,58.32,400.0
2026-07-27T21:45:00+00:00,58.2908,58.2908,58.2908,58.2908,300.0
2026-07-27T22:15:00+00:00,58.47,58.47,58.47,58.47,150.0
2026-07-27T22:25:00+00:00,58.3298,58.3298,58.3298,58.3298,110.0
2026-07-27T22:30:00+00:00,58.3934,58.3934,58.3934,58.3934,100.0
2026-07-27T22:45:00+00:00,58.3992,58.3992,58.3992,58.3992,2020.0
2026-07-27T23:00:00+00:00,58.355,58.355,58.3127,58.3127,1180.0
2026-07-27T23:40:00+00:00,58.35,58.35,58.35,58.35,880.0
2026-07-28T00:00:00+00:00,58.39,58.39,58.38,58.385,526.0
2026-07-28T08:05:00+00:00,58.21,58.52,58.21,58.44,35887.148597
2026-07-28T08:20:00+00:00,58.31,58.31,58.31,58.31,582.0
2026-07-28T08:25:00+00:00,58.34,58.34,58.34,58.34,100.0
2026-07-28T08:30:00+00:00,58.32,58.32,58.32,58.32,116.0
2026-07-28T08:35:00+00:00,58.3,58.3,58.28,58.28,1892.0
2026-07-28T08:40:00+00:00,58.26,58.27,58.26,58.27,1525.0
2026-07-28T08:45:00+00:00,58.24,58.24,58.23,58.23,1273.0
2026-07-28T08:50:00+00:00,58.2298,58.31,58.2298,58.31,310.0
2026-07-28T08:55:00+00:00,58.25,58.25,58.25,58.25,100.0
2026-07-28T09:05:00+00:00,58.34,58.35,58.34,58.35,218.0
2026-07-28T09:20:00+00:00,58.38,58.38,58.36,58.38,420.0
2026-07-28T09:30:00+00:00,58.28,58.28,58.26,58.27,1200.0
2026-07-28T09:45:00+00:00,58.28,58.28,58.28,58.28,100.0
2026-07-28T10:10:00+00:00,58.25,58.27,58.21,58.21,675.0
2026-07-28T10:15:00+00:00,58.21,58.21,58.21,58.21,421.0
2026-07-28T10:25:00+00:00,58.1976,58.21,58.1976,58.21,528.0
2026-07-28T10:30:00+00:00,58.2,58.21,58.2,58.21,1500.0
2026-07-28T10:40:00+00:00,58.24,58.25,58.23,58.23,1245.0
2026-07-28T10:45:00+00:00,58.25,58.25,58.24,58.25,434.0
2026-07-28T10:50:00+00:00,58.26,58.26,58.26,58.26,275.0
2026-07-28T11:00:00+00:00,58.26,58.31,58.24,58.31,1547.0
2026-07-28T11:05:00+00:00,58.33,58.34,58.3,58.3,3779.0
2026-07-28T11:10:00+00:00,58.305,58.36,58.305,58.35,2140.0
2026-07-28T11:15:00+00:00,58.375,58.4729,58.37,58.4729,3367.0
2026-07-28T11:20:00+00:00,58.49,58.49,58.49,58.49,300.0
2026-07-28T11:25:00+00:00,58.42,58.42,58.42,58.42,203.0
2026-07-28T11:30:00+00:00,58.47,58.49,58.47,58.49,2254.0
2026-07-28T11:35:00+00:00,58.46,58.46,58.46,58.46,500.0
2026-07-28T11:40:00+00:00,58.49,58.52,58.49,58.51,1838.654
2026-07-28T11:45:00+00:00,58.5,58.5,58.45,58.5,2354.0
2026-07-28T11:50:00+00:00,58.5298,58.5364,58.51,58.51,3384.0
2026-07-28T11:55:00+00:00,58.49,58.54,58.49,58.54,800.0
2026-07-28T12:05:00+00:00,58.49,58.49,58.46,58.46,321.0
2026-07-28T12:15:00+00:00,58.49,58.49,58.45,58.45,3834.0
2026-07-28T12:20:00+00:00,58.46,58.46,58.46,58.46,206.0
2026-07-28T12:25:00+00:00,58.46,58.47,58.46,58.465,4133.17
2026-07-28T12:30:00+00:00,58.465,58.54,58.4445,58.54,988.0
2026-07-28T12:35:00+00:00,58.46,58.46,58.41,58.41,295.0
2026-07-28T12:40:00+00:00,58.47,58.47,58.42,58.42,3055.0
2026-07-28T12:45:00+00:00,58.44,58.4727,58.43,58.46,680.0
2026-07-28T12:50:00+00:00,58.424,58.424,58.36,58.36,2419.0
2026-07-28T12:55:00+00:00,58.3838,58.3838,58.3831,58.3831,480.0
2026-07-28T13:00:00+00:00,58.37,58.37,58.36,58.37,1350.0
2026-07-28T13:05:00+00:00,58.38,58.4376,58.38,58.41,2461.6538
2026-07-28T13:15:00+00:00,58.41,58.43,58.41,58.43,1502.0
2026-07-28T13:20:00+00:00,58.4522,58.505,58.44,58.505,4059.0
2026-07-28T13:25:00+00:00,58.4759,58.5,58.4759,58.48,2605.0
2026-07-28T13:30:00+00:00,58.5,58.54,58.4318,58.54,17200.0
2026-07-28T13:35:00+00:00,58.41,58.67,58.33,58.62,1110408.44046
2026-07-28T13:40:00+00:00,58.62,58.65,58.365,58.47,639703.841654
2026-07-28T13:45:00+00:00,58.48,58.61,58.365,58.51,574702.379388
2026-07-28T13:50:00+00:00,58.505,58.58,58.46,58.49,358734.381741
2026-07-28T13:55:00+00:00,58.48,58.65,58.44,58.635,315960.981092
2026-07-28T14:00:00+00:00,58.64,58.655,58.57,58.62,282665.426853
2026-07-28T14:05:00+00:00,58.62,58.79,58.62,58.745,460158.49246499996
2026-07-28T14:10:00+00:00,58.745,58.75,58.605,58.63,316570.542692
2026-07-28T14:15:00+00:00,58.625,58.665,58.56,58.62,174889.92158599998
2026-07-28T14:20:00+00:00,58.6199,58.63,58.525,58.56,258466.117575
2026-07-28T14:25:00+00:00,58.57,58.58,58.47,58.565,281825.24459400005
2026-07-28T14:30:00+00:00,58.565,58.5781,58.46,58.49,235846.14567
2026-07-28T14:35:00+00:00,58.495,58.535,58.465,58.535,228919.60699200002
2026-07-28T14:40:00+00:00,58.54,58.59,58.495,58.555,261935.499033
2026-07-28T14:45:00+00:00,58.555,58.6,58.53,58.53,178776.323002
2026-07-28T14:50:00+00:00,58.53,58.545,58.415,58.42,251451.351952
2026-07-28T14:55:00+00:00,58.41,58.428,58.275,58.305,415506.073509
2026-07-28T15:00:00+00:00,58.305,58.365,58.29,58.34,310186.074184
2026-07-28T15:05:00+00:00,58.34,58.38,58.255,58.38,242829.412453
2026-07-28T15:10:00+00:00,58.38,58.41,58.315,58.37,284083.069167
2026-07-28T15:15:00+00:00,58.36,58.36,58.03,58.0594,961309.3593960002
2026-07-28T15:20:00+00:00,58.055,58.07,57.835,57.835,446891.41677600006
2026-07-28T15:25:00+00:00,57.84,57.87,57.73,57.8,509447.109251
2026-07-28T15:30:00+00:00,57.8,57.865,57.7,57.82,680756.202425
2026-07-28T15:35:00+00:00,57.825,57.9,57.76,57.78,432014.14212399995
2026-07-28T15:40:00+00:00,57.78,57.78,57.535,57.565,771813.0788910001
2026-07-28T15:45:00+00:00,57.57,57.595,57.445,57.56,315999.87665700004
2026-07-28T15:50:00+00:00,57.56,57.635,57.555,57.63,248917.764822
2026-07-28T15:55:00+00:00,57.63,57.73,57.545,57.552,552699.9605950001
2026-07-28T16:00:00+00:00,57.555,57.6,57.43,57.45,566976.587452
2026-07-28T16:05:00+00:00,57.455,57.51,57.405,57.415,274947.694592
2026-07-28T16:10:00+00:00,57.4121,57.485,57.32,57.325,370022.36517000006
2026-07-28T16:15:00+00:00,57.325,57.43,57.32,57.39,293454.07331
2026-07-28T16:20:00+00:00,57.38,57.4199,57.33,57.3499,479695.527958
2026-07-28T16:25:00+00:00,57.34,57.39,57.3,57.39,384103.799975
2026-07-28T16:30:00+00:00,57.385,57.385,57.25,57.3118,264749.338873
2026-07-28T16:35:00+00:00,57.32,57.45,57.315,57.405,300595.239584
2026-07-28T16:40:00+00:00,57.405,57.51,57.395,57.415,409241.80385
2026-07-28T16:45:00+00:00,57.41,57.55,57.4,57.535,241088.84534300002
2026-07-28T16:50:00+00:00,57.54,57.65,57.535,57.64,280705.895712
2026-07-28T16:55:00+00:00,57.64,57.65,57.565,57.58,221569.64973
2026-07-28T17:00:00+00:00,57.58,57.62,57.545,57.605,146661.42384
2026-07-28T17:05:00+00:00,57.605,57.64,57.52,57.5401,214532.462786
2026-07-28T17:10:00+00:00,57.5418,57.545,57.445,57.4701,141082.051431
2026-07-28T17:15:00+00:00,57.47,57.535,57.47,57.48,116251.58132099999
2026-07-28T17:20:00+00:00,57.485,57.4886,57.395,57.4,133181.308465
2026-07-28T17:25:00+00:00,57.405,57.4171,57.305,57.365,522020.944396
2026-07-28T17:30:00+00:00,57.365,57.46,57.365,57.46,255006.311142
2026-07-28T17:35:00+00:00,57.46,57.53,57.445,57.465,166879.800414
2026-07-28T17:40:00+00:00,57.46,57.595,57.45,57.595,197379.669251
2026-07-28T17:45:00+00:00,57.6,57.64,57.56,57.615,139451.785418
2026-07-28T17:50:00+00:00,57.615,57.67,57.56,57.59,217729.76453699998
2026-07-28T17:55:00+00:00,57.59,57.65,57.58,57.65,93559.27048699999
2026-07-28T18:00:00+00:00,57.655,57.715,57.655,57.66,144557.463696
2026-07-28T18:05:00+00:00,57.6501,57.695,57.585,57.675,263459.16985
2026-07-28T18:10:00+00:00,57.685,57.74,57.65,57.655,157415.548084
2026-07-28T18:15:00+00:00,57.65,57.67,57.611,57.645,170490.269496
2026-07-28T18:20:00+00:00,57.645,57.7,57.635,57.635,117365.507226
2026-07-28T18:25:00+00:00,57.635,57.68,57.62,57.67,206798.176721
2026-07-28T18:30:00+00:00,57.665,57.74,57.645,57.715,102276.002177
2026-07-28T18:35:00+00:00,57.72,57.7399,57.66,57.7,182099.15793400002
2026-07-28T18:40:00+00:00,57.7,57.74,57.69,57.705,177646.216581
2026-07-28T18:45:00+00:00,57.705,57.73,57.67,57.69,171343.563588
2026-07-28T18:50:00+00:00,57.685,57.76,57.68,57.75,139973.717278
2026-07-28T18:55:00+00:00,57.755,57.79,57.74,57.755,213020.124505
2026-07-28T19:00:00+00:00,57.755,57.8,57.725,57.73,169613.698645
2026-07-28T19:05:00+00:00,57.735,57.79,57.72,57.785,139533.933154
2026-07-28T19:10:00+00:00,57.7801,57.84,57.775,57.78,177592.432331
2026-07-28T19:15:00+00:00,57.78,57.795,57.72,57.7355,261483.96766
2026-07-28T19:20:00+00:00,57.74,57.8,57.725,57.785,235773.034832
2026-07-28T19:25:00+00:00,57.785,57.7899,57.695,57.695,167354.105226
2026-07-28T19:30:00+00:00,57.69,57.7,57.655,57.665,182435.85825499997
2026-07-28T19:35:00+00:00,57.665,57.6884,57.62,57.64,486423.146382
2026-07-28T19:40:00+00:00,57.635,57.71,57.635,57.665,286757.81568
2026-07-28T19:45:00+00:00,57.665,57.72,57.65,57.71,243291.56051799998
2026-07-28T19:50:00+00:00,57.71,57.7399,57.615,57.615,513945.62142700003
2026-07-28T19:55:00+00:00,57.62,57.63,57.49,57.55,690617.2185839999
2026-07-28T20:00:00+00:00,57.545,57.67,57.53,57.545,2255383.0174930003
2026-07-28T20:05:00+00:00,57.57,57.57,57.5025,57.5025,53197.616238999995
2026-07-28T20:10:00+00:00,57.52,57.56,57.51,57.54,10671.0
2026-07-28T20:15:00+00:00,57.52,57.55,57.52,57.53,10129.096771
2026-07-28T20:20:00+00:00,57.6,57.63,57.6,57.6,5501.0
2026-07-28T20:30:00+00:00,57.6,57.645,57.57,57.64,5013.0
2026-07-28T20:35:00+00:00,57.67,57.71,57.6119,57.6119,18818.0
2026-07-28T20:40:00+00:00,57.624,57.71,57.624,57.7,6586.0
2026-07-28T20:45:00+00:00,57.7,57.72,57.7,57.72,14510.0
2026-07-28T20:50:00+00:00,57.7008,57.71,57.7,57.71,40907.0
2026-07-28T20:55:00+00:00,57.71,57.71,57.7,57.7,7429.0
2026-07-28T21:05:00+00:00,57.71,57.71,57.63,57.6458,15571.0
2026-07-28T21:10:00+00:00,57.68,57.68,57.68,57.68,100.0
2026-07-28T21:15:00+00:00,57.63,57.63,57.62,57.63,200.0
2026-07-28T21:20:00+00:00,57.6064,57.6743,57.6064,57.62,401.0
2026-07-28T21:25:00+00:00,57.62,57.62,57.62,57.62,161.0
2026-07-28T21:50:00+00:00,57.7,57.7,57.64,57.64,400.0
2026-07-28T22:00:00+00:00,57.63,57.7089,57.63,57.6848,2285.0
2026-07-28T22:05:00+00:00,57.645,57.6795,57.645,57.6795,276.0
2026-07-28T22:10:00+00:00,57.69,57.7578,57.66,57.7578,9122.0
2026-07-28T22:15:00+00:00,57.7654,57.7766,57.75,57.7766,2026.0
2026-07-28T22:20:00+00:00,57.76,57.7695,57.74,57.7629,1957.0
2026-07-28T22:25:00+00:00,57.76,57.8,57.76,57.78,22850.0
2026-07-28T22:30:00+00:00,57.8,57.88,57.8,57.88,8828.049479000001
2026-07-28T22:35:00+00:00,57.87,57.92,57.8515,57.92,3454.0
2026-07-28T22:40:00+00:00,57.92,57.95,57.8552,57.95,6555.0
2026-07-28T22:45:00+00:00,57.94,58.0,57.9351,57.97,10109.365413
2026-07-28T22:50:00+00:00,58.0,58.18,58.0,58.04,16851.0
2026-07-28T22:55:00+00:00,58.06,58.08,58.06,58.08,667.0
2026-07-28T23:00:00+00:00,58.0914,58.16,58.0914,58.16,1306.0
2026-07-28T23:05:00+00:00,58.13,58.2,58.12,58.1324,2564.0
2026-07-28T23:10:00+00:00,58.01,58.2,58.01,58.1985,2080.0
2026-07-28T23:15:00+00:00,58.1621,58.3612,58.1621,58.3224,6312.0692
2026-07-28T23:20:00+00:00,58.3384,58.39,58.31,58.39,9173.0
2026-07-28T23:25:00+00:00,58.4087,58.4087,58.364,58.38,1194.0
2026-07-28T23:30:00+00:00,58.38,58.38,58.3459,58.3459,201.0
2026-07-28T23:35:00+00:00,58.274,58.29,58.2696,58.29,3196.238064
2026-07-28T23:40:00+00:00,58.32,58.33,58.3,58.32,1334.0
2026-07-28T23:45:00+00:00,58.35,58.364,58.27,58.35,4030.0
2026-07-28T23:50:00+00:00,58.25,58.303,58.21,58.2861,7159.017161
2026-07-28T23:55:00+00:00,58.27,58.3052,58.2356,58.3052,1435.0
2026-07-29T00:00:00+00:00,58.272,58.272,58.2155,58.23,1127.0
2026-07-29T08:05:00+00:00,58.27,58.6,58.19,58.25,14086.345752000001
2026-07-29T08:10:00+00:00,58.16,58.35,58.14,58.33,10056.0
2026-07-29T08:15:00+00:00,58.34,58.35,58.34,58.35,802.0
2026-07-29T08:20:00+00:00,58.28,58.28,58.28,58.28,816.0
2026-07-29T08:25:00+00:00,58.27,58.37,58.27,58.31,4290.0
2026-07-29T08:30:00+00:00,58.37,58.37,58.33,58.33,200.0
2026-07-29T08:35:00+00:00,58.33,58.35,58.33,58.35,900.0
2026-07-29T08:40:00+00:00,58.32,58.32,58.31,58.32,1869.0
2026-07-29T08:45:00+00:00,58.3075,58.3075,58.3075,58.3075,100.0
2026-07-29T08:50:00+00:00,58.3,58.3,58.3,58.3,238.0
2026-07-29T08:55:00+00:00,58.3,58.3,58.29,58.29,2184.1196170000003
2026-07-29T09:00:00+00:00,58.29,58.3,58.27,58.3,1475.0
2026-07-29T09:05:00+00:00,58.32,58.32,58.32,58.32,142.295147
2026-07-29T09:10:00+00:00,58.32,58.32,58.31,58.31,1931.0
2026-07-29T09:20:00+00:00,58.29,58.31,58.2,58.27,29854.0
2026-07-29T09:35:00+00:00,58.26,58.3,58.24,58.3,1967.0
2026-07-29T09:40:00+00:00,58.3,58.31,58.3,58.3,671.0
2026-07-29T09:45:00+00:00,58.3371,58.3371,58.3,58.32,994.0
2026-07-29T09:50:00+00:00,58.32,58.32,58.32,58.32,406.0
2026-07-29T09:55:00+00:00,58.32,58.32,58.32,58.32,256.0
2026-07-29T10:00:00+00:00,58.3,58.34,58.3,58.34,1369.0
2026-07-29T10:10:00+00:00,58.32,58.36,58.32,58.35,4391.0
2026-07-29T10:15:00+00:00,58.36,58.43,58.36,58.4,5827.0
2026-07-29T10:20:00+00:00,58.38,58.4,58.38,58.4,1767.0
2026-07-29T10:25:00+00:00,58.38,58.4,58.38,58.4,3687.0
2026-07-29T10:30:00+00:00,58.39,58.41,58.39,58.4,11330.0
2026-07-29T10:35:00+00:00,58.37,58.3874,58.37,58.3874,300.0
2026-07-29T10:40:00+00:00,58.4,58.42,58.39,58.41,16908.0
2026-07-29T10:50:00+00:00,58.46,58.49,58.44,58.49,2894.0
2026-07-29T11:00:00+00:00,58.48,58.58,58.48,58.51,19966.0
2026-07-29T11:05:00+00:00,58.49,58.56,58.4509,58.54,4258.0
2026-07-29T11:10:00+00:00,58.55,58.55,58.54,58.54,2057.0
2026-07-29T11:15:00+00:00,58.55,58.55,58.51,58.51,548.0
2026-07-29T11:20:00+00:00,58.55,58.5761,58.53,58.5761,4094.0
2026-07-29T11:25:00+00:00,58.53,58.59,58.53,58.55,10300.017067
2026-07-29T11:30:00+00:00,58.54,58.54,58.5,58.5,1806.0
2026-07-29T11:35:00+00:00,58.51,58.52,58.43,58.52,12469.0
2026-07-29T11:40:00+00:00,58.5,58.5,58.49,58.49,446.144
2026-07-29T11:45:00+00:00,58.49,58.5,58.4591,58.5,1063.5
2026-07-29T11:50:00+00:00,58.55,58.55,58.53,58.55,1388.0
2026-07-29T11:55:00+00:00,58.58,58.58,58.54,58.54,935.276839
2026-07-29T12:00:00+00:00,58.54,58.54,58.54,58.54,104.0
2026-07-29T12:05:00+00:00,58.51,58.57,58.41,58.54,5350.0
2026-07-29T12:10:00+00:00,58.54,58.57,58.5168,58.56,2319.0
2026-07-29T12:15:00+00:00,58.54,58.55,58.51,58.55,1445.0
2026-07-29T12:20:00+00:00,58.58,58.88,58.58,58.88,71686.0
2026-07-29T12:25:00+00:00,58.88,58.89,58.85,58.87,10640.068500000001
2026-07-29T12:30:00+00:00,58.87,58.9,58.83,58.87,28974.011548000002
2026-07-29T12:35:00+00:00,58.9,58.93,58.82,58.82,23633.0
2026-07-29T12:40:00+00:00,58.85,58.91,58.81,58.86,15340.0
2026-07-29T12:45:00+00:00,58.86,58.87,58.82,58.83,5921.0
2026-07-29T12:50:00+00:00,58.83,58.87,58.76,58.84,13276.0
2026-07-29T12:55:00+00:00,58.85,58.86,58.74,58.8441,13639.0
2026-07-29T13:00:00+00:00,58.84,58.9,58.83,58.8882,16465.0
2026-07-29T13:05:00+00:00,58.85,58.88,58.81,58.86,3565.887549
2026-07-29T13:10:00+00:00,58.89,58.9,58.81,58.82,6167.0
2026-07-29T13:15:00+00:00,58.8,58.8688,58.8,58.82,1951.0
2026-07-29T13:20:00+00:00,58.7959,58.85,58.7959,58.8188,9029.0
2026-07-29T13:25:00+00:00,58.88,58.9,58.84,58.85,21215.0
2026-07-29T13:30:00+00:00,58.88,59.2,58.88,59.08,49164.760316
2026-07-29T13:35:00+00:00,59.08,59.29,58.82,59.26,2790029.128195
2026-07-29T13:40:00+00:00,59.27,59.3,58.92,58.97,1841583.918619
2026-07-29T13:45:00+00:00,58.96,58.96,58.77,58.77,1226568.758541
2026-07-29T13:50:00+00:00,58.765,59.0577,58.7501,58.925,1146277.406983
2026-07-29T13:55:00+00:00,58.925,58.96,58.84,58.89,841192.645641
2026-07-29T14:00:00+00:00,58.895,59.0,58.85,58.865,690976.0469589999
2026-07-29T14:05:00+00:00,58.86,59.045,58.84,59.035,680814.032675
2026-07-29T14:10:00+00:00,59.035,59.07,58.875,58.915,438661.0253079999
2026-07-29T14:15:00+00:00,58.92,59.025,58.92,59.0199,319915.14350799995
2026-07-29T14:20:00+00:00,59.015,59.07,58.985,59.01,258757.6937
2026-07-29T14:25:00+00:00,59.005,59.03,58.93,59.015,311951.09880800004
2026-07-29T14:30:00+00:00,59.02,59.135,59.015,59.105,216380.70170600002
2026-07-29T14:35:00+00:00,59.11,59.155,59.055,59.08,413123.954847
2026-07-29T14:40:00+00:00,59.075,59.18,59.075,59.12,218931.103396
2026-07-29T14:45:00+00:00,59.13,59.23,59.125,59.22,169640.711921
2026-07-29T14:50:00+00:00,59.23,59.2361,59.025,59.025,241781.874311
2026-07-29T14:55:00+00:00,59.01,59.06,58.89,58.96,619826.026732
2026-07-29T15:00:00+00:00,58.955,59.02,58.845,58.865,379903.012306
2026-07-29T15:05:00+00:00,58.865,58.95,58.785,58.79,577205.292609
2026-07-29T15:10:00+00:00,58.785,58.875,58.75,58.86,337994.465965
2026-07-29T15:15:00+00:00,58.855,58.8981,58.79,58.86,197950.206225
2026-07-29T15:20:00+00:00,58.86,58.94,58.855,58.905,221088.099578
2026-07-29T15:25:00+00:00,58.905,58.94,58.855,58.885,113637.99707699999
2026-07-29T15:30:00+00:00,58.89,58.9285,58.885,58.919,198506.527158
2026-07-29T15:35:00+00:00,58.905,58.915,58.825,58.885,196309.393712
2026-07-29T15:40:00+00:00,58.89,58.98,58.87,58.88,266603.728523
2026-07-29T15:45:00+00:00,58.875,58.92,58.845,58.91,145406.778354
2026-07-29T15:50:00+00:00,58.905,58.95,58.835,58.915,144101.826604
2026-07-29T15:55:00+00:00,58.92,59.01,58.92,58.9866,137667.887
2026-07-29T16:00:00+00:00,58.99,59.045,58.985,59.04,144516.156564
2026-07-29T16:05:00+00:00,59.04,59.07,58.96,58.965,136571.654272
2026-07-29T16:10:00+00:00,58.955,58.98,58.885,58.915,122843.317523
2026-07-29T16:15:00+00:00,58.91,58.915,58.85,58.885,176713.42084399998
2026-07-29T16:20:00+00:00,58.88,58.88,58.76,58.77,154387.67498
2026-07-29T16:25:00+00:00,58.765,58.7905,58.685,58.725,274938.199182
2026-07-29T16:30:00+00:00,58.725,58.7799,58.71,58.71,210029.40282000002
2026-07-29T16:35:00+00:00,58.715,58.725,58.62,58.645,281792.841054
2026-07-29T16:40:00+00:00,58.64,58.77,58.64,58.765,195884.56272800002
2026-07-29T16:45:00+00:00,58.76,58.825,58.755,58.77,124365.109169
2026-07-29T16:50:00+00:00,58.77,58.81,58.7621,58.81,73737.67867899999
2026-07-29T16:55:00+00:00,58.805,58.845,58.78,58.8,72182.19536000001
2026-07-29T17:00:00+00:00,58.805,58.89,58.805,58.855,81765.19314199999
2026-07-29T17:05:00+00:00,58.85,58.85,58.79,58.824,100114.91131299999
2026-07-29T17:10:00+00:00,58.82,58.875,58.81,58.82,82537.25357
2026-07-29T17:15:00+00:00,58.82,58.84,58.78,58.805,174907.637929
2026-07-29T17:20:00+00:00,58.81,58.8599,58.79,58.8599,95367.864777
2026-07-29T17:25:00+00:00,58.85,58.86,58.81,58.82,95117.60631899998
2026-07-29T17:30:00+00:00,58.83,58.865,58.745,58.75,136401.015466
2026-07-29T17:35:00+00:00,58.745,58.81,58.725,58.745,228477.56609
2026-07-29T17:40:00+00:00,58.745,58.75,58.705,58.705,160550.985133
2026-07-29T17:45:00+00:00,58.7077,58.71,58.6,58.645,159040.84476999997
2026-07-29T17:50:00+00:00,58.65,58.7,58.65,58.68,330588.20948400005
2026-07-29T17:55:00+00:00,58.685,58.775,58.66,58.71,286066.181279
2026-07-29T18:00:00+00:00,58.715,58.72,58.61,58.63,120291.432411
2026-07-29T18:05:00+00:00,58.63,58.65,58.53,58.54,696909.255121
2026-07-29T18:10:00+00:00,58.54,58.57,58.42,58.45,466079.374143
2026-07-29T18:15:00+00:00,58.455,58.635,58.45,58.625,562337.06856
2026-07-29T18:20:00+00:00,58.625,58.75,58.515,58.74,462052.96849400003
2026-07-29T18:25:00+00:00,58.74,58.8,58.725,58.785,309005.407785
2026-07-29T18:30:00+00:00,58.785,58.785,58.685,58.7,218391.24397799998
2026-07-29T18:35:00+00:00,58.695,58.745,58.665,58.68,297086.134949
2026-07-29T18:40:00+00:00,58.68,58.73,58.635,58.7297,289620.27887
2026-07-29T18:45:00+00:00,58.73,58.79,58.6801,58.78,218586.4162
2026-07-29T18:50:00+00:00,58.77,58.78,58.67,58.71,318592.847518
2026-07-29T18:55:00+00:00,58.71,58.795,58.705,58.765,312441.47457900003
2026-07-29T19:00:00+00:00,58.765,58.765,58.7,58.74,301450.75009399996
2026-07-29T19:05:00+00:00,58.76,58.81,58.695,58.74,421134.627816
2026-07-29T19:10:00+00:00,58.75,58.765,58.645,58.65,396980.676586
2026-07-29T19:15:00+00:00,58.65,58.655,58.595,58.615,419714.524504
2026-07-29T19:20:00+00:00,58.615,58.635,58.495,58.515,418370.773531
2026-07-29T19:25:00+00:00,58.52,58.655,58.48,58.56,477300.41400399996
2026-07-29T19:30:00+00:00,58.56,58.665,58.555,58.57,445251.629743
2026-07-29T19:35:00+00:00,58.575,58.615,58.535,58.605,504444.179057
2026-07-29T19:40:00+00:00,58.605,58.655,58.575,58.58,596097.644359
2026-07-29T19:45:00+00:00,58.58,58.635,58.515,58.625,505315.19194800005
2026-07-29T19:50:00+00:00,58.62,58.735,58.565,58.715,712626.5571089999
2026-07-29T19:55:00+00:00,58.72,58.73,58.63,58.665,1075119.3058789999
2026-07-29T20:00:00+00:00,58.66,58.73,58.625,58.63,2843216.935919
2026-07-29T20:05:00+00:00,58.65,58.8,58.601,58.655,24393.867542
2026-07-29T20:10:00+00:00,58.65,58.65,58.5708,58.5754,2712.0
2026-07-29T20:15:00+00:00,58.61,58.61,58.61,58.61,300.1
2026-07-29T20:20:00+00:00,58.63,58.6892,58.63,58.63,26905.0
2026-07-29T20:25:00+00:00,58.6876,58.6876,58.57,58.63,1224.0
2026-07-29T20:30:00+00:00,58.62,58.62,58.62,58.62,1162.0
2026-07-29T20:40:00+00:00,58.63,58.63,58.53,58.53,31299.0
2026-07-29T20:45:00+00:00,58.53,58.53,58.53,58.53,104.0
2026-07-29T20:50:00+00:00,58.6,58.64,58.6,58.64,1668.0
2026-07-29T20:55:00+00:00,58.6241,58.6241,58.6,58.62,1782.0
2026-07-29T21:05:00+00:00,58.63,58.66,58.62,58.62,837.0
2026-07-29T21:10:00+00:00,58.6,58.6,58.6,58.6,972.051312
2026-07-29T21:15:00+00:00,58.6412,58.6412,58.6412,58.6412,133.0
2026-07-29T21:20:00+00:00,58.595,58.64,58.595,58.63,3289.628783
2026-07-29T21:25:00+00:00,58.5501,58.62,58.5501,58.59,473.0
2026-07-29T21:30:00+00:00,58.6361,58.6368,58.59,58.59,943.0
2026-07-29T21:40:00+00:00,58.62,58.62,58.58,58.58,205.0
2026-07-29T21:55:00+00:00,58.63,58.63,58.6299,58.6299,450.0
2026-07-29T22:00:00+00:00,58.5877,58.5877,58.5877,58.5877,100.0
2026-07-29T22:10:00+00:00,58.59,58.59,58.59,58.59,200.0
2026-07-29T22:20:00+00:00,58.6,58.6,58.6,58.6,290.0
2026-07-29T22:30:00+00:00,58.6,58.6,58.58,58.58,312.0
2026-07-29T22:40:00+00:00,58.6,58.6,58.6,58.6,143.0
2026-07-29T22:45:00+00:00,58.6,58.6,58.6,58.6,379.0
2026-07-29T22:50:00+00:00,58.633,58.633,58.5401,58.5401,747.0
2026-07-29T22:55:00+00:00,58.6,58.6,58.6,58.6,204.0
2026-07-29T23:00:00+00:00,58.605,58.605,58.605,58.605,227.0
2026-07-29T23:20:00+00:00,58.62,58.62,58.5999,58.5999,300.0
2026-07-29T23:25:00+00:00,58.6,58.64,58.6,58.6,1257.0
2026-07-29T23:30:00+00:00,58.63,58.63,58.63,58.63,110.0
2026-07-29T23:35:00+00:00,58.64,58.64,58.64,58.64,252.0
2026-07-29T23:40:00+00:00,58.63,58.65,58.63,58.65,635.0
2026-07-29T23:45:00+00:00,58.65,58.65,58.64,58.65,2307.0
2026-07-30T00:00:00+00:00,58.61,58.61,58.61,58.61,300.0
2026-07-30T08:05:00+00:00,58.8,58.91,58.52,58.8,28128.6663
2026-07-30T08:10:00+00:00,58.58,58.77,58.58,58.77,504.0
2026-07-30T08:15:00+00:00,58.75,58.75,58.75,58.75,127.0
2026-07-30T08:30:00+00:00,58.73,58.73,58.72,58.72,500.0
2026-07-30T08:35:00+00:00,58.73,58.73,58.62,58.63,4011.5116900000003
2026-07-30T08:40:00+00:00,58.66,58.69,58.64,58.64,2612.0
2026-07-30T09:00:00+00:00,58.72,58.72,58.72,58.72,100.0
2026-07-30T09:05:00+00:00,58.65,58.65,58.63,58.63,388.0
2026-07-30T09:10:00+00:00,58.63,58.63,58.6,58.6,672.0
2026-07-30T09:15:00+00:00,58.64,58.64,58.6,58.6,533.0
2026-07-30T09:20:00+00:00,58.57,58.57,58.54,58.54,2294.0
2026-07-30T09:25:00+00:00,58.54,58.64,58.53,58.55,6493.0
2026-07-30T09:30:00+00:00,58.54,58.54,58.53,58.54,700.0
2026-07-30T09:35:00+00:00,58.5406,58.5406,58.5406,58.5406,139.0
2026-07-30T09:40:00+00:00,58.575,58.5897,58.5,58.5,3484.46
2026-07-30T10:00:00+00:00,58.5,58.5,58.5,58.5,271.0
2026-07-30T10:05:00+00:00,58.47,58.47,58.47,58.47,157.0
2026-07-30T10:30:00+00:00,58.53,58.53,58.53,58.53,1500.0
2026-07-30T10:35:00+00:00,58.48,58.48,58.48,58.48,412.0
2026-07-30T10:45:00+00:00,58.48,58.48,58.4,58.4,4493.222267
2026-07-30T10:50:00+00:00,58.39,58.39,58.34,58.34,806.0
2026-07-30T10:55:00+00:00,58.5,58.5,58.44,58.44,378.0
2026-07-30T11:00:00+00:00,58.38,58.4,58.37,58.4,1524.0
2026-07-30T11:05:00+00:00,58.39,58.4245,58.28,58.35,7984.0
2026-07-30T11:10:00+00:00,58.3062,58.33,58.27,58.31,6003.0
2026-07-30T11:15:00+00:00,58.33,58.34,58.33,58.3396,2207.0
2026-07-30T11:20:00+00:00,58.25,58.25,58.25,58.25,178.0
2026-07-30T11:25:00+00:00,58.3181,58.3181,58.3181,58.3181,172.387613
2026-07-30T11:30:00+00:00,58.21,58.21,58.09,58.1013,1708.0
2026-07-30T11:35:00+00:00,58.19,58.19,58.1,58.19,12936.0
2026-07-30T11:40:00+00:00,58.18,58.18,58.14,58.18,947.225067
2026-07-30T11:45:00+00:00,58.1923,58.1923,58.1923,58.1923,1002.0
2026-07-30T11:50:00+00:00,58.19,58.19,58.19,58.19,2829.0
2026-07-30T11:55:00+00:00,58.177,58.19,58.16,58.19,1077.0
2026-07-30T12:00:00+00:00,58.32,58.32,58.24,58.28,2502.0
2026-07-30T12:05:00+00:00,58.26,58.28,58.23,58.23,2726.0
2026-07-30T12:10:00+00:00,58.27,58.27,58.23,58.23,560.503993
2026-07-30T12:15:00+00:00,58.275,58.2861,58.25,58.26,8245.0
2026-07-30T12:20:00+00:00,58.28,58.3046,58.25,58.3046,5501.0
2026-07-30T12:25:00+00:00,58.3,58.3077,58.3,58.3077,380.0
2026-07-30T12:30:00+00:00,58.32,58.3933,58.3,58.3762,46751.051312
2026-07-30T12:35:00+00:00,58.34,58.37,58.31,58.33,2346.0
2026-07-30T12:40:00+00:00,58.33,58.42,58.28,58.28,3573.0
2026-07-30T12:45:00+00:00,58.25,58.25,58.1687,58.19,11883.0
2026-07-30T12:50:00+00:00,58.18,58.19,58.14,58.14,14520.697304000001
2026-07-30T12:55:00+00:00,58.15,58.2,58.11,58.18,21107.0
2026-07-30T13:00:00+00:00,58.18,58.21,58.17,58.21,5654.0
2026-07-30T13:05:00+00:00,58.18,58.19,58.14,58.14,2484.0
2026-07-30T13:10:00+00:00,58.21,58.21,58.05,58.06,6491.412526
2026-07-30T13:15:00+00:00,58.06,58.06,57.96,58.005,9821.0
2026-07-30T13:20:00+00:00,58.0,58.0,57.9455,57.98,6584.221896999999
2026-07-30T13:25:00+00:00,57.99,58.05,57.9793,57.9793,26871.0
2026-07-30T13:30:00+00:00,57.96,58.15,57.9295,58.07,22538.0
2026-07-30T13:35:00+00:00,58.08,58.505,58.02,58.48,1206880.118139
2026-07-30T13:40:00+00:00,58.47,58.645,58.315,58.435,432046.04505899997
2026-07-30T13:45:00+00:00,58.44,58.485,58.26,58.2881,398631.03215600003
2026-07-30T13:50:00+00:00,58.29,58.45,58.29,58.43,371775.079023
2026-07-30T13:55:00+00:00,58.43,58.51,58.215,58.26,635723.497447
2026-07-30T14:00:00+00:00,58.265,58.28,58.065,58.2,605160.257747
2026-07-30T14:05:00+00:00,58.2,58.38,58.14,58.29,433225.60271
2026-07-30T14:10:00+00:00,58.29,58.51,58.28,58.29,381087.355661
2026-07-30T14:15:00+00:00,58.29,58.37,58.21,58.355,357644.23887199996
2026-07-30T14:20:00+00:00,58.35,58.39,58.285,58.3,251069.84090500002
2026-07-30T14:25:00+00:00,58.3,58.31,58.11,58.16,237269.413488
2026-07-30T14:30:00+00:00,58.15,58.2581,58.105,58.135,362730.34424999997
2026-07-30T14:35:00+00:00,58.13,58.25,58.13,58.1413,383049.12379599997
2026-07-30T14:40:00+00:00,58.14,58.24,58.11,58.16,343035.81428600004
2026-07-30T14:45:00+00:00,58.16,58.26,58.12,58.2099,339514.90960700007
2026-07-30T14:50:00+00:00,58.21,58.2781,58.185,58.19,355555.05534
2026-07-30T14:55:00+00:00,58.19,58.3401,58.155,58.335,196243.70028
2026-07-30T15:00:00+00:00,58.335,58.42,58.2545,58.3,212488.954364
2026-07-30T15:05:00+00:00,58.295,58.35,58.26,58.265,181657.67018
2026-07-30T15:10:00+00:00,58.265,58.265,58.135,58.15,380223.920073
2026-07-30T15:15:00+00:00,58.15,58.225,58.12,58.145,154236.59466300003
2026-07-30T15:20:00+00:00,58.145,58.21,58.13,58.185,157522.393301
2026-07-30T15:25:00+00:00,58.18,58.2,58.15,58.155,152673.380404
2026-07-30T15:30:00+00:00,58.165,58.215,58.125,58.165,168589.537877
2026-07-30T15:35:00+00:00,58.165,58.315,58.165,58.305,158124.710346
2026-07-30T15:40:00+00:00,58.315,58.32,58.1781,58.1781,146775.573344
2026-07-30T15:45:00+00:00,58.17,58.23,58.15,58.23,137139.07925100002
2026-07-30T15:50:00+00:00,58.225,58.24,58.195,58.21,170876.134945
2026-07-30T15:55:00+00:00,58.21,58.295,58.175,58.29,100028.83633499999
2026-07-30T16:00:00+00:00,58.285,58.315,58.25,58.315,214128.810436
2026-07-30T16:05:00+00:00,58.315,58.41,58.315,58.39,321752.717458
2026-07-30T16:10:00+00:00,58.39,58.41,58.36,58.41,357409.01764599996
2026-07-30T16:15:00+00:00,58.4,58.46,58.39,58.46,368403.03390000004
2026-07-30T16:20:00+00:00,58.455,58.4999,58.435,58.4755,248273.54784600003
2026-07-30T16:25:00+00:00,58.475,58.485,58.385,58.42,324226.197856
2026-07-30T16:30:00+00:00,58.42,58.44,58.36,58.42,103956.858397
2026-07-30T16:35:00+00:00,58.425,58.48,58.42,58.475,57119.47367000001
2026-07-30T16:40:00+00:00,58.47,58.53,58.4646,58.53,102042.15381199999
2026-07-30T16:45:00+00:00,58.54,58.565,58.495,58.54,243882.03280599997
2026-07-30T16:50:00+00:00,58.545,58.5799,58.535,58.55,86476.31231600001
2026-07-30T16:55:00+00:00,58.54,58.59,58.525,58.57,58252.356213
2026-07-30T17:00:00+00:00,58.5699,58.61,58.545,58.57,85108.090792
2026-07-30T17:05:00+00:00,58.56,58.6,58.505,58.505,86109.005172
2026-07-30T17:10:00+00:00,58.505,58.55,58.4899,58.545,119715.295139
2026-07-30T17:15:00+00:00,58.54,58.57,58.49,58.565,147783.129763
2026-07-30T17:20:00+00:00,58.56,58.6199,58.56,58.565,88383.159271
2026-07-30T17:25:00+00:00,58.565,58.57,58.505,58.53,100842.173144
2026-07-30T17:30:00+00:00,58.5299,58.56,58.505,58.555,86438.47923999999
2026-07-30T17:35:00+00:00,58.55,58.55,58.505,58.505,86307.376349
2026-07-30T17:40:00+00:00,58.51,58.625,58.51,58.62,142729.109383
2026-07-30T17:45:00+00:00,58.62,58.65,58.55,58.555,95943.964913
2026-07-30T17:50:00+00:00,58.555,58.6,58.545,58.555,87750.99064599999
2026-07-30T17:55:00+00:00,58.56,58.61,58.555,58.592,97354.997368
2026-07-30T18:00:00+00:00,58.595,58.64,58.575,58.625,99385.424428
2026-07-30T18:05:00+00:00,58.625,58.705,58.605,58.7,120555.26876400001
2026-07-30T18:10:00+00:00,58.705,58.735,58.655,58.69,119513.532036
2026-07-30T18:15:00+00:00,58.69,58.695,58.66,58.685,74895.82108800001
2026-07-30T18:20:00+00:00,58.69,58.72,58.67,58.68,133648.43140200002
2026-07-30T18:25:00+00:00,58.685,58.695,58.65,58.69,92355.281729
2026-07-30T18:30:00+00:00,58.685,58.745,58.685,58.7097,102434.320692
2026-07-30T18:35:00+00:00,58.71,58.74,58.69,58.725,138506.219649
2026-07-30T18:40:00+00:00,58.725,58.775,58.725,58.76,79459.08101099999
2026-07-30T18:45:00+00:00,58.7699,58.825,58.7699,58.795,139624.673279
2026-07-30T18:50:00+00:00,58.8,58.81,58.77,58.785,78826.014443
2026-07-30T18:55:00+00:00,58.78,58.815,58.77,58.795,98372.20370700001
2026-07-30T19:00:00+00:00,58.8,58.815,58.765,58.78,126112.65562
2026-07-30T19:05:00+00:00,58.785,58.85,58.78,58.85,107759.939348
2026-07-30T19:10:00+00:00,58.845,58.85,58.8,58.815,136350.28242200002
2026-07-30T19:15:00+00:00,58.81,58.835,58.79,58.825,178177.579992
2026-07-30T19:20:00+00:00,58.825,58.89,58.815,58.875,144678.382712
2026-07-30T19:25:00+00:00,58.875,58.945,58.86,58.93,178697.165008
2026-07-30T19:30:00+00:00,58.93,58.93,58.88,58.91,109456.603225
2026-07-30T19:35:00+00:00,58.915,59.035,58.915,58.995,448537.781157
2026-07-30T19:40:00+00:00,58.995,59.08,58.995,59.075,1119623.468567
2026-07-30T19:45:00+00:00,59.075,59.105,59.045,59.105,611415.6062119999
2026-07-30T19:50:00+00:00,59.105,59.105,59.0101,59.025,673646.981788
2026-07-30T19:55:00+00:00,59.025,59.03,58.965,59.0,793565.037519
2026-07-30T20:00:00+00:00,58.995,59.035,58.93,58.96,1846402.3882050002
2026-07-30T20:05:00+00:00,58.96,58.98,58.96,58.98,23934.342312999997
2026-07-30T20:10:00+00:00,59.0,59.02,58.98,58.99,7575.016949
2026-07-30T20:15:00+00:00,58.98,59.0,58.9662,58.9662,1044721.592238
2026-07-30T20:25:00+00:00,59.0,59.03,59.0,59.03,10778.0
2026-07-30T20:30:00+00:00,59.04,59.04,59.04,59.04,186.0
2026-07-30T20:35:00+00:00,59.06,59.07,59.05,59.06,4887.0
2026-07-30T20:40:00+00:00,59.0507,59.0507,59.0507,59.0507,200.0
2026-07-30T20:45:00+00:00,59.012,59.012,59.01,59.01,1164.0
2026-07-30T20:50:00+00:00,59.06,59.06,59.0599,59.0599,507.0
2026-07-30T20:55:00+00:00,59.0056,59.0056,59.0056,59.0056,100.0
2026-07-30T21:05:00+00:00,59.0008,59.0008,59.0,59.0,1476.0
2026-07-30T21:10:00+00:00,59.01,59.01,59.01,59.01,525.0
2026-07-30T21:15:00+00:00,59.01,59.01,58.99,59.0,1428.0
2026-07-30T21:25:00+00:00,58.99,58.99,58.99,58.99,310.0
2026-07-30T21:30:00+00:00,58.929,59.0484,58.929,59.0484,1170.0
2026-07-30T21:40:00+00:00,59.0352,59.0352,59.0352,59.0352,1004.0
2026-07-30T21:45:00+00:00,58.9111,58.9111,58.9009,58.91,503.16933
2026-07-30T21:55:00+00:00,58.97,59.01,58.92,59.01,9812.0
2026-07-30T22:05:00+00:00,59.06,59.06,59.0554,59.0554,3220.0145
2026-07-30T22:10:00+00:00,59.06,59.06,59.06,59.06,812.0
2026-07-30T22:15:00+00:00,59.04,59.04,59.04,59.04,1501.0
2026-07-30T22:20:00+00:00,59.09,59.09,59.09,59.09,160.0
2026-07-30T22:25:00+00:00,59.09,59.09,59.09,59.09,173.0
2026-07-30T22:30:00+00:00,59.08,59.09,59.08,59.09,1500.0
2026-07-30T22:35:00+00:00,59.08,59.14,59.08,59.119,3556.0
2026-07-30T22:40:00+00:00,59.1,59.1,59.03,59.03,857.0
2026-07-30T22:45:00+00:00,59.03,59.1,59.03,59.1,1302.0
2026-07-30T22:55:00+00:00,59.09,59.0984,59.05,59.05,1471.0
2026-07-30T23:00:00+00:00,59.07,59.07,59.07,59.07,210.0
2026-07-30T23:10:00+00:00,59.15,59.15,59.15,59.15,500.0
2026-07-30T23:15:00+00:00,59.169,59.169,59.169,59.169,100.0
2026-07-30T23:20:00+00:00,59.1912,59.1912,59.1912,59.1912,876.0
2026-07-30T23:25:00+00:00,59.1619,59.1652,59.1619,59.1652,442.0
2026-07-30T23:45:00+00:00,59.1,59.1,59.1,59.1,148.0
2026-07-30T23:50:00+00:00,59.1408,59.1408,59.14,59.14,1156.0
2026-07-30T23:55:00+00:00,59.17,59.17,59.17,59.17,238.0
2026-07-31T00:00:00+00:00,59.1502,59.1502,59.1,59.1455,309.0
2026-07-31T08:05:00+00:00,58.7,58.7,58.55,58.61,5049.374076
2026-07-31T08:10:00+00:00,58.75,58.83,58.71,58.83,2626.0
2026-07-31T08:40:00+00:00,58.78,58.83,58.78,58.83,1438.75
2026-07-31T08:45:00+00:00,58.84,58.84,58.84,58.84,100.0
2026-07-31T08:50:00+00:00,58.86,58.87,58.86,58.87,205.0
2026-07-31T09:00:00+00:00,58.88,58.905,58.86,58.86,7776.0
2026-07-31T09:20:00+00:00,58.89,58.995,58.89,58.99,1432.0
2026-07-31T09:30:00+00:00,58.95,58.96,58.9,58.95,9166.0
2026-07-31T09:35:00+00:00,58.99,59.0,58.99,59.0,611.0
2026-07-31T09:40:00+00:00,59.01,59.108,59.0,59.108,6422.0
2026-07-31T09:45:00+00:00,59.13,59.13,59.08,59.08,1055.0
2026-07-31T09:50:00+00:00,59.08,59.08,59.08,59.08,100.0
2026-07-31T10:15:00+00:00,59.1,59.1,59.1,59.1,102.0682
2026-07-31T10:20:00+00:00,59.14,59.28,59.14,59.28,35399.0
2026-07-31T10:25:00+00:00,59.29,59.37,59.29,59.32,2628.0
2026-07-31T10:30:00+00:00,59.35,59.35,59.35,59.35,376.0
2026-07-31T10:35:00+00:00,59.32,59.33,58.86,58.86,8619.0
2026-07-31T10:40:00+00:00,58.93,59.01,58.91,58.92,13656.0
2026-07-31T10:50:00+00:00,58.86,58.86,58.83,58.83,4960.0
2026-07-31T10:55:00+00:00,58.75,58.78,58.75,58.77,564.0
2026-07-31T11:00:00+00:00,58.82,58.88,58.71,58.87,3288.0
2026-07-31T11:05:00+00:00,58.83,58.9,58.81,58.89,7100.0
2026-07-31T11:10:00+00:00,58.89,58.92,58.8326,58.8326,1816.0
2026-07-31T11:15:00+00:00,58.85,58.9,58.85,58.9,612.0
2026-07-31T11:20:00+00:00,58.92,59.0,58.92,58.99,4070.0
2026-07-31T11:30:00+00:00,59.006,59.15,59.006,59.15,38505.0
2026-07-31T11:35:00+00:00,59.1211,59.1211,59.12,59.12,209.0
2026-07-31T11:40:00+00:00,59.0,59.1,59.0,59.1,329.629
2026-07-31T11:45:00+00:00,59.0177,59.1209,59.0177,59.1,734.0
2026-07-31T11:50:00+00:00,59.1,59.1,59.0,59.0,5833.537233
2026-07-31T11:55:00+00:00,59.0,59.03,59.0,59.01,6904.0
2026-07-31T12:00:00+00:00,59.0592,59.0592,59.0592,59.0592,300.0
2026-07-31T12:05:00+00:00,59.04,59.04,59.04,59.04,140.0
2026-07-31T12:15:00+00:00,59.12,59.18,59.12,59.18,21468.0
2026-07-31T12:25:00+00:00,59.18,59.226,59.16,59.16,8174.0
2026-07-31T12:30:00+00:00,59.21,59.2121,59.14,59.14,1268.0
2026-07-31T12:35:00+00:00,59.11,59.14,59.1,59.1,4626.0
2026-07-31T12:40:00+00:00,59.09,59.09,59.05,59.07,870.0
2026-07-31T12:45:00+00:00,59.04,59.04,59.04,59.04,2347.0
2026-07-31T12:50:00+00:00,59.08,59.08,59.08,59.08,183.0
2026-07-31T12:55:00+00:00,59.04,59.04,59.0,59.0,5035.016937
2026-07-31T13:00:00+00:00,59.0074,59.15,59.0074,59.119,78345.0
2026-07-31T13:05:00+00:00,59.1077,59.16,59.07,59.16,3844.0
2026-07-31T13:15:00+00:00,59.15,59.15,59.13,59.13,1295.0
2026-07-31T13:20:00+00:00,59.16,59.21,59.15,59.15,13277.0
2026-07-31T13:25:00+00:00,59.19,59.26,59.19,59.24,2801.0
2026-07-31T13:30:00+00:00,59.22,59.22,58.96,59.0,21451.818648
2026-07-31T13:35:00+00:00,58.93,59.28,58.9,58.96,1192699.9602319999
2026-07-31T13:40:00+00:00,58.96,59.06,58.84,58.86,805813.784334
2026-07-31T13:45:00+00:00,58.855,58.94,58.73,58.87,653492.0509309999
2026-07-31T13:50:00+00:00,58.88,59.145,58.82,59.015,843299.3056199999
2026-07-31T13:55:00+00:00,59.015,59.045,58.855,58.87,420055.6976460001
2026-07-31T14:00:00+00:00,58.865,58.865,58.69,58.74,310499.478228
2026-07-31T14:05:00+00:00,58.74,58.805,58.665,58.75,343280.34588499996
2026-07-31T14:10:00+00:00,58.76,58.77,58.545,58.59,517261.408177
2026-07-31T14:15:00+00:00,58.6,58.65,58.56,58.565,332768.71776800003
2026-07-31T14:20:00+00:00,58.56,58.59,58.39,58.43,371131.48269399995
2026-07-31T14:25:00+00:00,58.43,58.44,58.32,58.39,311802.223257
2026-07-31T14:30:00+00:00,58.4,58.575,58.37,58.55,262434.661915
2026-07-31T14:35:00+00:00,58.56,58.79,58.545,58.77,305439.323779
2026-07-31T14:40:00+00:00,58.77,58.78,58.68,58.745,162318.857369
2026-07-31T14:45:00+00:00,58.74,58.88,58.74,58.85,183443.886085
2026-07-31T14:50:00+00:00,58.845,58.93,58.82,58.85,328914.243455
2026-07-31T14:55:00+00:00,58.85,58.895,58.815,58.865,268076.663298
2026-07-31T15:00:00+00:00,58.87,58.92,58.83,58.92,226820.50976800002
2026-07-31T15:05:00+00:00,58.93,58.965,58.845,58.8901,257063.25013200002
2026-07-31T15:10:00+00:00,58.895,58.955,58.89,58.935,389902.594581
2026-07-31T15:15:00+00:00,58.94,59.0,58.925,58.955,113549.149299
2026-07-31T15:20:00+00:00,58.96,59.0,58.83,58.94,346834.532426
2026-07-31T15:25:00+00:00,58.935,59.05,58.93,59.04,217708.281563
2026-07-31T15:30:00+00:00,59.045,59.045,58.925,58.965,203751.10825999998
2026-07-31T15:35:00+00:00,58.96,58.97,58.84,58.845,268874.73867500003
2026-07-31T15:40:00+00:00,58.845,58.945,58.845,58.91,159509.811138
2026-07-31T15:45:00+00:00,58.915,58.925,58.84,58.875,158354.434809
2026-07-31T15:50:00+00:00,58.88,58.915,58.785,58.79,215534.621384
2026-07-31T15:55:00+00:00,58.79,58.83,58.72,58.74,175416.542259
2026-07-31T16:00:00+00:00,58.74,58.825,58.735,58.825,137367.649604
2026-07-31T16:05:00+00:00,58.83,58.885,58.825,58.855,135804.47586099998
2026-07-31T16:10:00+00:00,58.85,58.91,58.835,58.91,130259.00834499998
2026-07-31T16:15:00+00:00,58.91,58.94,58.885,58.905,105684.103036
2026-07-31T16:20:00+00:00,58.9,58.92,58.8601,58.905,120414.039006
2026-07-31T16:25:00+00:00,58.905,58.92,58.845,58.885,190850.085004
2026-07-31T16:30:00+00:00,58.88,58.925,58.875,58.895,148852.701665
2026-07-31T16:35:00+00:00,58.895,58.955,58.895,58.93,172913.716045
2026-07-31T16:40:00+00:00,58.93,58.97,58.93,58.965,66501.403681
2026-07-31T16:45:00+00:00,58.96,59.1,58.94,59.055,124157.81840300001
2026-07-31T16:50:00+00:00,59.055,59.0679,59.015,59.0479,100215.844355
2026-07-31T16:55:00+00:00,59.04,59.05,59.0,59.05,81588.28894299999
2026-07-31T17:00:00+00:00,59.05,59.06,58.98,59.035,107756.94581399999
2026-07-31T17:05:00+00:00,59.035,59.0699,58.985,59.005,136283.649944
2026-07-31T17:10:00+00:00,59.005,59.025,58.985,59.02,97488.99166200001
2026-07-31T17:15:00+00:00,59.0298,59.12,59.01,59.12,291432.947031
2026-07-31T17:20:00+00:00,59.115,59.125,59.03,59.055,154306.65423999997
2026-07-31T17:25:00+00:00,59.055,59.08,59.02,59.045,99273.68694999999
2026-07-31T17:30:00+00:00,59.045,59.15,59.0401,59.145,157472.412892
2026-07-31T17:35:00+00:00,59.15,59.175,59.11,59.13,117400.884803
2026-07-31T17:40:00+00:00,59.13,59.135,59.07,59.085,107920.10695999998
2026-07-31T17:45:00+00:00,59.085,59.13,59.06,59.125,120492.402111
2026-07-31T17:50:00+00:00,59.12,59.145,59.095,59.14,82764.291031
2026-07-31T17:55:00+00:00,59.14,59.159,59.0801,59.135,79289.99904
2026-07-31T18:00:00+00:00,59.14,59.17,59.12,59.145,77821.52907399999
2026-07-31T18:05:00+00:00,59.145,59.24,59.1429,59.23,254289.338662
2026-07-31T18:10:00+00:00,59.23,59.305,59.22,59.305,183766.49892500002
2026-07-31T18:15:00+00:00,59.305,59.31,59.25,59.265,207089.36961900003
2026-07-31T18:20:00+00:00,59.27,59.3495,59.27,59.335,145170.568133
2026-07-31T18:25:00+00:00,59.33,59.3579,59.295,59.31,115823.392441
2026-07-31T18:30:00+00:00,59.31,59.355,59.3,59.32,140739.011511
2026-07-31T18:35:00+00:00,59.32,59.3399,59.275,59.33,157025.61543
2026-07-31T18:40:00+00:00,59.325,59.335,59.26,59.26,210897.53004200003
2026-07-31T18:45:00+00:00,59.26,59.31,59.255,59.305,189662.28688900004
2026-07-31T18:50:00+00:00,59.3099,59.35,59.3,59.31,126478.2968
2026-07-31T18:55:00+00:00,59.305,59.3399,59.285,59.33,93973.999708
2026-07-31T19:00:00+00:00,59.325,59.39,59.32,59.36,179154.21038399998
2026-07-31T19:05:00+00:00,59.355,59.39,59.33,59.36,202436.91744500003
2026-07-31T19:10:00+00:00,59.365,59.39,59.355,59.36,207675.628558
2026-07-31T19:15:00+00:00,59.365,59.41,59.355,59.395,156614.964311
2026-07-31T19:20:00+00:00,59.395,59.44,59.385,59.425,189780.64433900002
2026-07-31T19:25:00+00:00,59.425,59.5,59.4201,59.5,146972.78260900002
2026-07-31T19:30:00+00:00,59.495,59.54,59.45,59.49,277012.66228800005
2026-07-31T19:35:00+00:00,59.495,59.54,59.46,59.49,497279.28562
2026-07-31T19:40:00+00:00,59.49,59.54,59.48,59.535,394829.56075199996
2026-07-31T19:45:00+00:00,59.535,59.595,59.525,59.595,546933.932748
2026-07-31T19:50:00+00:00,59.59,59.685,59.585,59.66,799881.79098
2026-07-31T19:55:00+00:00,59.66,59.66,59.535,59.585,918742.473506
2026-07-31T20:00:00+00:00,59.59,59.625,59.495,59.55,1685814.14676
2026-07-31T20:05:00+00:00,59.55,59.61,59.0911,59.58,43512.880912
2026-07-31T20:10:00+00:00,59.61,59.6407,59.59,59.6348,12786.0
2026-07-31T20:15:00+00:00,59.6,59.6146,59.53,59.53,2398.4600570000002
2026-07-31T20:20:00+00:00,59.61,59.61,59.585,59.585,760.015453
2026-07-31T20:25:00+00:00,59.59,59.62,59.55,59.55,12656.0
2026-07-31T20:30:00+00:00,59.56,59.56,59.56,59.56,227.083894
2026-07-31T20:35:00+00:00,59.5956,59.5956,59.555,59.555,848.0
2026-07-31T20:40:00+00:00,59.5517,59.5517,59.55,59.55,372.0
2026-07-31T20:45:00+00:00,59.5552,59.5552,59.5509,59.5509,658.0
2026-07-31T20:50:00+00:00,59.56,59.56,59.45,59.45,7303.0
2026-07-31T20:55:00+00:00,59.54,59.7,59.54,59.66,37624.0
2026-07-31T21:00:00+00:00,59.65,59.82,59.64,59.82,40318.539484
2026-07-31T21:05:00+00:00,59.84,59.85,59.76,59.8292,8788.0
2026-07-31T21:10:00+00:00,59.7639,59.8369,59.76,59.8369,5267.209011
2026-07-31T21:15:00+00:00,59.84,59.876,59.82,59.85,3583.0
2026-07-31T21:20:00+00:00,59.8224,59.8259,59.82,59.82,1766.0
2026-07-31T21:25:00+00:00,59.85,60.0456,59.85,59.99,59865.906361999994
2026-07-31T21:30:00+00:00,59.9879,60.05,59.98,60.0,9273.0
2026-07-31T21:40:00+00:00,59.9611,59.9611,59.92,59.92,682.0
2026-07-31T21:45:00+00:00,59.95,59.96,59.9401,59.9493,907.0
2026-07-31T21:50:00+00:00,59.9999,60.05,59.9999,60.05,4979.0
2026-07-31T21:55:00+00:00,60.0,60.08,60.0,60.0,9316.0
2026-07-31T22:00:00+00:00,59.98,60.0999,59.97,60.0999,1868.0
2026-07-31T22:05:00+00:00,60.05,60.1,60.03,60.1,4117.387633
2026-07-31T22:10:00+00:00,60.1841,60.1841,60.1841,60.1841,1000.0
2026-07-31T22:15:00+00:00,60.1551,60.1551,60.1551,60.1551,100.0
2026-07-31T22:20:00+00:00,60.1691,60.1691,59.98,59.98,467.0
2026-07-31T22:25:00+00:00,60.0,60.0,60.0,60.0,219.0
2026-07-31T22:30:00+00:00,60.1,60.1,59.96,59.98,14907.0
2026-07-31T22:40:00+00:00,60.09,60.175,60.06,60.0697,18176.0
2026-07-31T22:45:00+00:00,60.18,60.18,60.16,60.17,6288.0
2026-07-31T22:50:00+00:00,60.16,60.16,60.1283,60.14,2680.0
2026-07-31T22:55:00+00:00,60.0268,60.0268,60.0268,60.0268,400.0
2026-07-31T23:00:00+00:00,60.0276,60.0276,60.0276,60.0276,155.0
2026-07-31T23:10:00+00:00,60.15,60.17,60.15,60.15,820.0
2026-07-31T23:15:00+00:00,60.1301,60.1959,60.1301,60.1959,8976.0
2026-07-31T23:20:00+00:00,60.17,60.17,60.15,60.15,3661.0
2026-07-31T23:25:00+00:00,60.1923,60.2,60.1923,60.2,410.0
2026-07-31T23:30:00+00:00,60.1577,60.165,60.15,60.1616,1513.0
2026-07-31T23:35:00+00:00,60.192,60.192,60.1616,60.1616,618.0
2026-07-31T23:40:00+00:00,60.1902,60.1902,60.17,60.17,1250.0
2026-07-31T23:45:00+00:00,60.16,60.2,60.16,60.2,703.0
2026-07-31T23:50:00+00:00,60.205,60.22,60.18,60.22,804.0
2026-07-31T23:55:00+00:00,60.2,60.24,60.19,60.24,1532.0
2026-08-01T00:00:00+00:00,60.22,60.29,60.2101,60.24,16436.8148
2026-08-03T08:05:00+00:00,58.5578,58.7,58.08,58.5,156807.251215
2026-08-03T08:10:00+00:00,58.65,58.75,58.54,58.66,20195.0
2026-08-03T08:15:00+00:00,58.65,58.65,58.65,58.65,119.0
2026-08-03T08:20:00+00:00,58.7,58.7,58.69,58.69,4337.0
2026-08-03T08:25:00+00:00,58.71,58.87,58.71,58.87,8681.0
2026-08-03T08:30:00+00:00,58.88,58.88,58.71,58.71,1337.0
2026-08-03T08:35:00+00:00,58.87,58.87,58.87,58.87,173.0
2026-08-03T08:40:00+00:00,58.85,58.87,58.84,58.86,7454.068499999999
2026-08-03T08:45:00+00:00,58.71,58.86,58.71,58.86,4245.059496
2026-08-03T08:50:00+00:00,58.87,58.88,58.85,58.85,1232.0
2026-08-03T08:55:00+00:00,58.88,58.89,58.88,58.89,1310.0
2026-08-03T09:00:00+00:00,58.81,58.87,58.79,58.79,6953.0
2026-08-03T09:05:00+00:00,58.78,58.78,58.66,58.78,18577.0
2026-08-03T09:10:00+00:00,58.66,58.78,58.66,58.77,1191.0
2026-08-03T09:15:00+00:00,58.74,58.74,58.73,58.74,340.0
2026-08-03T09:20:00+00:00,58.77,58.78,58.77,58.78,600.0
2026-08-03T09:25:00+00:00,58.7,58.82,58.7,58.82,1234.0
2026-08-03T09:30:00+00:00,58.77,58.77,58.76,58.76,1792.0
2026-08-03T09:35:00+00:00,58.76,58.76,58.76,58.76,4316.0
2026-08-03T09:40:00+00:00,58.71,58.75,58.7,58.71,2914.0
2026-08-03T09:45:00+00:00,58.74,58.74,58.7,58.73,8391.0
2026-08-03T09:50:00+00:00,58.77,58.79,58.77,58.79,1910.0
2026-08-03T09:55:00+00:00,58.8,58.85,58.8,58.85,1890.0
2026-08-03T10:10:00+00:00,58.8,58.8,58.8,58.8,376.0
2026-08-03T10:15:00+00:00,58.76,58.81,58.67,58.8,25486.021142
2026-08-03T10:20:00+00:00,58.81,58.82,58.75,58.75,1404.017165
2026-08-03T10:25:00+00:00,58.82,58.85,58.82,58.84,2366.0
2026-08-03T10:30:00+00:00,58.87,58.99,58.87,58.97,16322.0
2026-08-03T10:35:00+00:00,58.98,59.01,58.88,58.88,4857.0
2026-08-03T10:40:00+00:00,58.87,58.87,58.85,58.86,4820.0
2026-08-03T10:45:00+00:00,58.8,58.89,58.8,58.83,1201.561597
2026-08-03T10:50:00+00:00,58.875,58.875,58.875,58.875,160.5
2026-08-03T10:55:00+00:00,58.89,58.9,58.89,58.9,1434.0
2026-08-03T11:05:00+00:00,58.86,58.96,58.826,58.96,8173.169
2026-08-03T11:10:00+00:00,58.932,58.932,58.88,58.9,1753.0
2026-08-03T11:15:00+00:00,58.9,58.98,58.9,58.94,6420.155462
2026-08-03T11:20:00+00:00,58.9493,58.9519,58.9167,58.9167,2140.0
2026-08-03T11:25:00+00:00,58.91,59.0,58.91,59.0,3698.0
2026-08-03T11:30:00+00:00,59.0,59.02,58.92,59.02,3642.0
2026-08-03T11:35:00+00:00,59.0,59.0,58.97,58.97,857.0
2026-08-03T11:40:00+00:00,58.97,58.97,58.95,58.97,2941.602
2026-08-03T11:45:00+00:00,58.97,58.97,58.9,58.9195,4326.0
2026-08-03T11:50:00+00:00,58.9108,58.95,58.9108,58.95,2125.0
2026-08-03T11:55:00+00:00,58.92,58.97,58.9,58.91,41102.9
2026-08-03T12:00:00+00:00,58.92,58.94,58.9,58.905,7883.0
2026-08-03T12:05:00+00:00,58.8823,58.93,58.878,58.88,4118.0
2026-08-03T12:10:00+00:00,58.88,58.88,58.86,58.88,11489.0
2026-08-03T12:15:00+00:00,58.8708,58.88,58.85,58.88,2355.0
2026-08-03T12:20:00+00:00,58.85,58.85,58.85,58.85,1233.0
2026-08-03T12:25:00+00:00,58.81,58.86,58.8,58.8225,16172.165391
2026-08-03T12:30:00+00:00,58.82,58.8383,58.79,58.79,2970.0
2026-08-03T12:35:00+00:00,58.79,58.81,58.78,58.81,4147.0
2026-08-03T12:40:00+00:00,58.805,58.84,58.78,58.78,4037.0
2026-08-03T12:45:00+00:00,58.82,58.86,58.81,58.86,4784.0
2026-08-03T12:50:00+00:00,58.82,58.82,58.78,58.82,9941.0
2026-08-03T12:55:00+00:00,58.82,58.84,58.8,58.81,4490.017001
2026-08-03T13:00:00+00:00,58.83,58.8498,58.83,58.8498,1779.0
2026-08-03T13:05:00+00:00,58.8,58.8581,58.73,58.74,12046.1721
2026-08-03T13:10:00+00:00,58.73,58.76,58.66,58.69,45676.0
2026-08-03T13:15:00+00:00,58.71,58.75,58.6892,58.74,5496.0
2026-08-03T13:20:00+00:00,58.74,58.74,58.66,58.69,26535.0
2026-08-03T13:25:00+00:00,58.69,58.71,58.59,58.61,37446.1613
2026-08-03T13:30:00+00:00,58.6522,58.71,58.5503,58.71,60652.0
2026-08-03T13:35:00+00:00,58.69,58.91,58.57,58.58,1816698.907664
2026-08-03T13:40:00+00:00,58.58,58.64,58.25,58.275,765111.598679
2026-08-03T13:45:00+00:00,58.275,58.58,58.16,58.46,535945.505302
2026-08-03T13:50:00+00:00,58.46,58.53,58.335,58.44,549102.8762139999
2026-08-03T13:55:00+00:00,58.445,58.61,58.4,58.445,473992.297903
2026-08-03T14:00:00+00:00,58.45,58.59,58.4097,58.58,433279.509853
2026-08-03T14:05:00+00:00,58.58,58.89,58.57,58.805,510863.707522
2026-08-03T14:10:00+00:00,58.82,58.91,58.735,58.86,361968.940847
2026-08-03T14:15:00+00:00,58.865,59.015,58.86,59.01,274352.36934000003
2026-08-03T14:20:00+00:00,59.0,59.02,58.915,58.945,175171.227779
2026-08-03T14:25:00+00:00,58.945,58.98,58.86,58.91,206090.150099
2026-08-03T14:30:00+00:00,58.91,58.97,58.89,58.965,135987.595919
2026-08-03T14:35:00+00:00,58.97,59.085,58.965,59.02,281381.843331
2026-08-03T14:40:00+00:00,59.01,59.08,58.965,58.99,231317.34486200003
2026-08-03T14:45:00+00:00,58.99,59.03,58.93,58.98,288721.217811
2026-08-03T14:50:00+00:00,58.98,58.98,58.885,58.93,543284.213102
2026-08-03T14:55:00+00:00,58.94,58.97,58.895,58.955,452598.957005
2026-08-03T15:00:00+00:00,58.95,58.995,58.895,58.99,559436.052664
2026-08-03T15:05:00+00:00,58.985,59.0965,58.985,59.09,218216.258072
2026-08-03T15:10:00+00:00,59.085,59.175,59.05,59.145,200669.570786
2026-08-03T15:15:00+00:00,59.145,59.215,59.125,59.2,205116.903013
2026-08-03T15:20:00+00:00,59.19,59.24,59.16,59.215,308136.464863
2026-08-03T15:25:00+00:00,59.21,59.235,59.165,59.185,97212.30633200001
2026-08-03T15:30:00+00:00,59.185,59.325,59.18,59.28,411163.721622
2026-08-03T15:35:00+00:00,59.265,59.275,59.09,59.11,194919.471732
2026-08-03T15:40:00+00:00,59.105,59.18,59.06,59.155,178759.85126599998
2026-08-03T15:45:00+00:00,59.15,59.17,59.09,59.115,82133.556769
2026-08-03T15:50:00+00:00,59.11,59.175,59.11,59.145,109159.948943
2026-08-03T15:55:00+00:00,59.145,59.18,59.12,59.165,145686.677722
2026-08-03T16:00:00+00:00,59.16,59.195,59.145,59.145,109193.660594
2026-08-03T16:05:00+00:00,59.14,59.145,59.085,59.095,72386.771609
2026-08-03T16:10:00+00:00,59.095,59.1,59.04,59.08,104378.082368
2026-08-03T16:15:00+00:00,59.08,59.09,59.05,59.05,70163.866562
2026-08-03T16:20:00+00:00,59.06,59.0799,59.03,59.03,76931.334601
2026-08-03T16:25:00+00:00,59.0301,59.045,58.995,59.015,137999.570908
2026-08-03T16:30:00+00:00,59.01,59.01,58.94,58.985,189186.652947
2026-08-03T16:35:00+00:00,58.99,59.0,58.89,58.92,123244.82919
2026-08-03T16:40:00+00:00,58.92,59.01,58.92,58.96,89626.67135100001
2026-08-03T16:45:00+00:00,58.96,58.985,58.91,58.925,97521.515745
2026-08-03T16:50:00+00:00,58.93,58.97,58.91,58.96,587315.335575
2026-08-03T16:55:00+00:00,58.965,58.965,58.9,58.915,105719.701323
2026-08-03T17:00:00+00:00,58.92,58.945,58.88,58.935,112849.48747800002
2026-08-03T17:05:00+00:00,58.94,58.95,58.89,58.925,148874.66396099998
2026-08-03T17:10:00+00:00,58.9299,58.97,58.9299,58.935,91484.69022100001
2026-08-03T17:15:00+00:00,58.94,58.96,58.91,58.96,65283.748634999996
2026-08-03T17:20:00+00:00,58.96,58.99,58.9,58.905,86073.38324000001
2026-08-03T17:25:00+00:00,58.905,58.915,58.89,58.89,92651.52341499997
2026-08-03T17:30:00+00:00,58.895,58.925,58.86,58.925,120695.695231
2026-08-03T17:35:00+00:00,58.925,58.955,58.91,58.945,69035.18134499999
2026-08-03T17:40:00+00:00,58.95,58.965,58.93,58.955,127543.434693
2026-08-03T17:45:00+00:00,58.95,58.95,58.84,58.845,80072.80300799999
2026-08-03T17:50:00+00:00,58.84,58.87,58.825,58.8602,81788.014713
2026-08-03T17:55:00+00:00,58.865,58.905,58.85,58.905,106918.31281700001
2026-08-03T18:00:00+00:00,58.9,58.92,58.85,58.86,114718.287893
2026-08-03T18:05:00+00:00,58.86,58.86,58.78,58.785,315786.362696
2026-08-03T18:10:00+00:00,58.785,58.79,58.715,58.76,310980.212721
2026-08-03T18:15:00+00:00,58.76,58.795,58.715,58.79,188760.66770599998
2026-08-03T18:20:00+00:00,58.785,58.81,58.52,58.745,1328374.444997
2026-08-03T18:25:00+00:00,58.75,58.79,58.695,58.76,325863.499532
2026-08-03T18:30:00+00:00,58.755,58.795,58.725,58.765,279837.519323
2026-08-03T18:35:00+00:00,58.77,58.79,58.73,58.765,247502.296623
2026-08-03T18:40:00+00:00,58.765,58.78,58.685,58.7038,241703.53487000003
2026-08-03T18:45:00+00:00,58.7,58.7,58.645,58.655,146583.77009
2026-08-03T18:50:00+00:00,58.65,58.675,58.614,58.63,222140.29407
2026-08-03T18:55:00+00:00,58.63,58.675,58.6,58.655,201303.68595
2026-08-03T19:00:00+00:00,58.655,58.67,58.53,58.53,475345.992197
2026-08-03T19:05:00+00:00,58.53,58.5683,58.45,58.54,595123.776638
2026-08-03T19:10:00+00:00,58.53,58.575,58.49,58.525,257934.01849199997
2026-08-03T19:15:00+00:00,58.5202,58.59,58.505,58.58,266974.849801
2026-08-03T19:20:00+00:00,58.59,58.615,58.565,58.565,180018.478782
2026-08-03T19:25:00+00:00,58.565,58.62,58.54,58.61,220654.389448
2026-08-03T19:30:00+00:00,58.605,58.64,58.58,58.605,162350.816653
2026-08-03T19:35:00+00:00,58.61,58.675,58.6,58.655,240019.25737
2026-08-03T19:40:00+00:00,58.65,58.675,58.605,58.63,488551.267503
2026-08-03T19:45:00+00:00,58.62,58.63,58.57,58.6019,238566.788291
2026-08-03T19:50:00+00:00,58.6001,58.69,58.595,58.65,497328.85742
2026-08-03T19:55:00+00:00,58.65,58.77,58.64,58.76,805932.07033
2026-08-03T20:00:00+00:00,58.765,58.85,58.765,58.79,1752058.8158399998
2026-08-03T20:05:00+00:00,58.79,58.81,58.79,58.79,470055.779348
2026-08-03T20:10:00+00:00,58.77,58.77,58.77,58.77,260.0
2026-08-03T20:15:00+00:00,58.774,58.81,58.774,58.81,1319.0
2026-08-03T20:20:00+00:00,58.8175,58.8175,58.78,58.78,1166.774428
2026-08-03T20:30:00+00:00,58.79,58.79,58.77,58.77,605.0
2026-08-03T20:40:00+00:00,58.79,58.79,58.77,58.77,1552.0
2026-08-03T20:45:00+00:00,58.79,58.79,58.77,58.7722,839.0
2026-08-03T21:05:00+00:00,58.79,58.79,58.79,58.79,192.0
2026-08-03T21:10:00+00:00,58.8,58.8,58.8,58.8,906.0
2026-08-03T21:25:00+00:00,58.8,58.8614,58.8,58.8614,320.0
2026-08-03T21:30:00+00:00,58.8,58.85,58.8,58.85,472.0
2026-08-03T21:40:00+00:00,58.79,58.79,58.79,58.79,100.0
2026-08-03T21:45:00+00:00,58.81,58.8505,58.81,58.8505,12304.0
2026-08-03T21:50:00+00:00,58.85,58.86,58.83,58.83,6008.0
2026-08-03T21:55:00+00:00,58.86,58.86,58.86,58.86,617.0
2026-08-03T22:00:00+00:00,58.8362,58.8378,58.8362,58.8378,250.0
2026-08-03T22:05:00+00:00,58.8351,58.85,58.83,58.85,806.0
2026-08-03T22:10:00+00:00,58.8351,58.8351,58.8351,58.8351,100.0
2026-08-03T22:15:00+00:00,58.83,58.83,58.83,58.83,1000.0
2026-08-03T22:20:00+00:00,58.83,58.83,58.8199,58.8293,14564.0
2026-08-03T22:25:00+00:00,58.85,58.85,58.85,58.85,108.0
2026-08-03T22:30:00+00:00,58.86,58.86,58.86,58.86,275.0
2026-08-03T22:35:00+00:00,58.83,58.83,58.81,58.8227,1327.0
2026-08-03T22:40:00+00:00,58.81,58.81,58.81,58.81,377.0
2026-08-03T23:00:00+00:00,58.8,58.8,58.8,58.8,127.0
2026-08-03T23:25:00+00:00,58.79,58.83,58.79,58.83,255.0
2026-08-03T23:35:00+00:00,58.8225,58.8225,58.8225,58.8225,105.0
2026-08-03T23:50:00+00:00,58.81,58.81,58.81,58.81,135.0
2026-08-03T23:55:00+00:00,58.81,58.81,58.81,58.81,311.0
2026-08-04T08:05:00+00:00,58.9,58.96,58.85,58.89,16846.886373
2026-08-04T08:10:00+00:00,58.92,58.92,58.92,58.92,147.849748
2026-08-04T08:15:00+00:00,58.99,58.99,58.95,58.98,6176.0
2026-08-04T08:20:00+00:00,58.96,58.98,58.96,58.98,1534.0
2026-08-04T08:35:00+00:00,58.97,58.97,58.97,58.97,114.0
2026-08-04T08:45:00+00:00,59.09,59.14,59.09,59.13,2917.0682
2026-08-04T08:50:00+00:00,59.13,59.17,59.13,59.17,651.0
2026-08-04T08:55:00+00:00,59.16,59.17,59.16,59.17,1211.0
2026-08-04T09:10:00+00:00,59.15,59.15,59.15,59.15,100.0
2026-08-04T09:15:00+00:00,59.15,59.19,59.14,59.19,1058.0
2026-08-04T09:20:00+00:00,59.21,59.21,59.2,59.2,500.0
2026-08-04T09:25:00+00:00,59.19,59.19,59.19,59.19,896.0
2026-08-04T09:30:00+00:00,59.11,59.13,59.11,59.13,400.0
2026-08-04T09:45:00+00:00,59.14,59.14,59.11,59.14,2322.0
2026-08-04T10:05:00+00:00,59.06,59.06,59.06,59.06,1968.0
2026-08-04T10:10:00+00:00,59.0,59.0,59.0,59.0,271.0
2026-08-04T10:15:00+00:00,59.03,59.03,58.89,59.01,990.327457
2026-08-04T10:25:00+00:00,59.01,59.01,58.95,59.0,14640.0
2026-08-04T10:30:00+00:00,59.0,59.0,59.0,59.0,252.0
2026-08-04T10:45:00+00:00,58.97,58.99,58.97,58.99,555.0
2026-08-04T10:50:00+00:00,58.95,58.95,58.8,58.81,9818.0
2026-08-04T10:55:00+00:00,58.91,58.91,58.8,58.8,10719.499115
2026-08-04T11:05:00+00:00,58.92,58.92,58.86,58.86,713.5840000000001
2026-08-04T11:10:00+00:00,58.86,58.86,58.79,58.79,1393.0
2026-08-04T11:15:00+00:00,58.8,58.8,58.8,58.8,500.0
2026-08-04T11:20:00+00:00,58.78,58.78,58.7305,58.75,1277.0
2026-08-04T11:25:00+00:00,58.75,58.75,58.7,58.73,2088.5
2026-08-04T11:30:00+00:00,58.75,58.789,58.69,58.71,2652.0
2026-08-04T11:35:00+00:00,58.6867,58.76,58.6867,58.76,3481.0
2026-08-04T11:45:00+00:00,58.75,58.75,58.58,58.62,6744.0
2026-08-04T11:50:00+00:00,58.57,58.62,58.46,58.46,24601.0682
2026-08-04T11:55:00+00:00,58.47,58.5652,58.17,58.17,29584.337835
2026-08-04T12:00:00+00:00,58.19,58.19,58.08,58.08,8207.366572
2026-08-04T12:05:00+00:00,58.19,58.245,58.15,58.19,7316.915558
2026-08-04T12:10:00+00:00,58.19,58.26,58.15,58.24,4828.38011
2026-08-04T12:15:00+00:00,58.23,58.25,58.2055,58.25,3669.0
2026-08-04T12:20:00+00:00,58.26,58.35,58.21,58.3108,3834.0
2026-08-04T12:25:00+00:00,58.3281,58.3487,58.25,58.25,2775.0
2026-08-04T12:30:00+00:00,58.2577,58.2939,58.25,58.25,1520.0
2026-08-04T12:35:00+00:00,58.214,58.3,58.214,58.26,14543.342782
2026-08-04T12:40:00+00:00,58.2499,58.2499,58.2,58.23,777.0
2026-08-04T12:45:00+00:00,58.23,58.25,58.149,58.149,11549.384731
2026-08-04T12:50:00+00:00,58.2,58.35,58.12,58.13,44893.186853
2026-08-04T12:55:00+00:00,58.047,58.11,58.0339,58.1,4265.0688
2026-08-04T13:00:00+00:00,58.01,58.13,58.01,58.045,3203.0
2026-08-04T13:05:00+00:00,58.0513,58.12,58.0324,58.1,2442.0
2026-08-04T13:10:00+00:00,58.1,58.1,58.08,58.08,1356.0
2026-08-04T13:15:00+00:00,58.07,58.08,58.0027,58.0083,5418.79838
2026-08-04T13:20:00+00:00,58.01,58.06,58.01,58.01,4682.2917
2026-08-04T13:25:00+00:00,58.0,58.0,57.82,57.82,74962.732119
2026-08-04T13:30:00+00:00,57.82,57.9,57.7,57.71,64515.071691
2026-08-04T13:35:00+00:00,57.7,57.98,57.34,57.375,2447247.6168959998
2026-08-04T13:40:00+00:00,57.38,57.4,57.155,57.245,1476159.3109000002
2026-08-04T13:45:00+00:00,57.245,57.45,57.13,57.45,1262101.149666
2026-08-04T13:50:00+00:00,57.45,57.5951,57.315,57.585,677285.154568
2026-08-04T13:55:00+00:00,57.58,57.84,57.56,57.74,880152.994479
2026-08-04T14:00:00+00:00,57.74,57.9,57.69,57.785,775181.295085
2026-08-04T14:05:00+00:00,57.79,58.0488,57.79,58.02,859216.1453460001
2026-08-04T14:10:00+00:00,58.02,58.035,57.8,57.805,602183.593115
2026-08-04T14:15:00+00:00,57.81,57.95,57.78,57.94,378656.888538
2026-08-04T14:20:00+00:00,57.93,58.11,57.91,58.095,428678.676229
2026-08-04T14:25:00+00:00,58.1,58.11,58.01,58.01,222104.819371
2026-08-04T14:30:00+00:00,58.0,58.0,57.765,57.89,650109.8273840001
2026-08-04T14:35:00+00:00,57.89,58.02,57.885,58.01,384048.022863
2026-08-04T14:40:00+00:00,58.01,58.155,57.94,58.15,451831.02798699995
2026-08-04T14:45:00+00:00,58.155,58.35,58.15,58.32,366247.41439499997
2026-08-04T14:50:00+00:00,58.32,58.41,58.31,58.4,369195.19109800004
2026-08-04T14:55:00+00:00,58.4,58.54,58.385,58.54,380415.35091800004
2026-08-04T15:00:00+00:00,58.535,58.57,58.5,58.555,297134.982488
2026-08-04T15:05:00+00:00,58.555,58.59,58.47,58.545,747124.034033
2026-08-04T15:10:00+00:00,58.545,58.57,58.485,58.495,273018.18695500004
2026-08-04T15:15:00+00:00,58.495,58.4959,58.32,58.33,622001.958812
2026-08-04T15:20:00+00:00,58.33,58.37,58.26,58.37,699146.934175
2026-08-04T15:25:00+00:00,58.37,58.4,58.275,58.295,317860.328562
2026-08-04T15:30:00+00:00,58.295,58.44,58.295,58.38,171725.200171
2026-08-04T15:35:00+00:00,58.37,58.42,58.36,58.37,260570.933732
2026-08-04T15:40:00+00:00,58.375,58.43,58.17,58.205,753663.725131
2026-08-04T15:45:00+00:00,58.2,58.315,58.14,58.245,524783.773895
2026-08-04T15:50:00+00:00,58.25,58.36,58.24,58.345,489639.103052
2026-08-04T15:55:00+00:00,58.345,58.385,58.23,58.24,183631.173392
2026-08-04T16:00:00+00:00,58.23,58.31,58.1903,58.3,189785.316068
2026-08-04T16:05:00+00:00,58.3,58.345,58.28,58.305,167704.812573
2026-08-04T16:10:00+00:00,58.305,58.39,58.25,58.25,201278.019402
2026-08-04T16:15:00+00:00,58.245,58.31,58.23,58.295,182290.31552799998
2026-08-04T16:20:00+00:00,58.295,58.405,58.29,58.375,243328.014956
2026-08-04T16:25:00+00:00,58.375,58.445,58.365,58.425,164346.152523
2026-08-04T16:30:00+00:00,58.42,58.475,58.41,58.475,117619.430582
2026-08-04T16:35:00+00:00,58.475,58.51,58.465,58.485,195717.81073099998
2026-08-04T16:40:00+00:00,58.49,58.5199,58.45,58.505,168070.266231
2026-08-04T16:45:00+00:00,58.51,58.575,58.495,58.57,140513.05792300001
2026-08-04T16:50:00+00:00,58.575,58.63,58.565,58.63,143367.952201
2026-08-04T16:55:00+00:00,58.64,58.695,58.62,58.63,279112.673221
2026-08-04T17:00:00+00:00,58.625,58.675,58.6,58.675,132870.471358
2026-08-04T17:05:00+00:00,58.68,58.7,58.635,58.635,464776.762261
2026-08-04T17:10:00+00:00,58.64,58.645,58.57,58.62,230996.448032
2026-08-04T17:15:00+00:00,58.61,58.62,58.53,58.54,186935.53351600002
2026-08-04T17:20:00+00:00,58.54,58.64,58.54,58.61,111710.82830200001
2026-08-04T17:25:00+00:00,58.615,58.635,58.57,58.605,122535.567473
2026-08-04T17:30:00+00:00,58.605,58.635,58.585,58.615,104947.646512
2026-08-04T17:35:00+00:00,58.62,58.645,58.59,58.605,173153.102571
2026-08-04T17:40:00+00:00,58.605,58.635,58.58,58.62,114941.146388
2026-08-04T17:45:00+00:00,58.62,58.63,58.57,58.61,160951.48035199998
2026-08-04T17:50:00+00:00,58.61,58.7,58.585,58.67,198434.431783
2026-08-04T17:55:00+00:00,58.6679,58.7,58.6301,58.65,116528.82477899999
2026-08-04T18:00:00+00:00,58.64,58.71,58.635,58.695,118060.26961000002
2026-08-04T18:05:00+00:00,58.7,58.71,58.66,58.7,144781.573979
2026-08-04T18:10:00+00:00,58.7,58.72,58.615,58.6603,215656.94419400004
2026-08-04T18:15:00+00:00,58.67,58.685,58.55,58.58,394215.737511
2026-08-04T18:20:00+00:00,58.585,58.585,58.46,58.475,2134145.889157
2026-08-04T18:25:00+00:00,58.47,58.605,58.46,58.5769,783504.826515
2026-08-04T18:30:00+00:00,58.58,58.63,58.565,58.585,172636.78833399998
2026-08-04T18:35:00+00:00,58.585,58.63,58.54,58.625,224372.00314000002
2026-08-04T18:40:00+00:00,58.625,58.69,58.62,58.685,191858.877224
2026-08-04T18:45:00+00:00,58.685,58.71,58.68,58.685,162921.95743500002
2026-08-04T18:50:00+00:00,58.69,58.7,58.6,58.6,222574.740738
2026-08-04T18:55:00+00:00,58.6043,58.6279,58.59,58.605,180363.18155100002
2026-08-04T19:00:00+00:00,58.6,58.63,58.59,58.62,206387.44397900003
2026-08-04T19:05:00+00:00,58.625,58.7,58.61,58.6805,348368.628927
2026-08-04T19:10:00+00:00,58.68,58.69,58.645,58.68,202271.50837099997
2026-08-04T19:15:00+00:00,58.685,58.69,58.625,58.625,244962.61973500001
2026-08-04T19:20:00+00:00,58.63,58.64,58.56,58.635,277130.325257
2026-08-04T19:25:00+00:00,58.64,58.65,58.545,58.5501,350706.69183100003
2026-08-04T19:30:00+00:00,58.55,58.555,58.475,58.485,485536.069545
2026-08-04T19:35:00+00:00,58.485,58.53,58.415,58.46,473837.783134
2026-08-04T19:40:00+00:00,58.45,58.52,58.41,58.485,417578.99473700003
2026-08-04T19:45:00+00:00,58.49,58.53,58.45,58.475,504254.750995
2026-08-04T19:50:00+00:00,58.475,58.545,58.47,58.53,948467.249955
2026-08-04T19:55:00+00:00,58.53,58.58,58.465,58.47,1351622.95724
2026-08-04T20:00:00+00:00,58.465,58.6,58.435,58.52,2820569.364453
2026-08-04T20:05:00+00:00,58.52,58.52,58.42,58.45,197802.83766
2026-08-04T20:10:00+00:00,58.51,58.51,58.48,58.48,7763.0
2026-08-04T20:25:00+00:00,58.48,58.48,58.47,58.47,2636.0
2026-08-04T20:30:00+00:00,58.49,58.49,58.49,58.49,426.0
2026-08-04T20:35:00+00:00,58.49,58.49,58.49,58.49,329.0
2026-08-04T20:40:00+00:00,58.51,58.53,58.51,58.52,1189.0
2026-08-04T20:45:00+00:00,58.55,58.59,58.55,58.58,40986.0
2026-08-04T20:50:00+00:00,58.63,58.6401,58.63,58.64,10345.0
2026-08-04T20:55:00+00:00,58.5817,58.5817,58.5817,58.5817,592.0
2026-08-04T21:00:00+00:00,58.58,58.58,58.58,58.58,2243.0
2026-08-04T21:05:00+00:00,58.6,58.6,58.5834,58.5834,397.0
2026-08-04T21:10:00+00:00,58.58,58.58,58.57,58.58,3879.0
2026-08-04T21:20:00+00:00,58.58,58.58,58.58,58.58,1080.0
2026-08-04T21:25:00+00:00,58.5818,58.5818,58.58,58.58,800.0
2026-08-04T21:30:00+00:00,58.58,58.58,58.58,58.58,1203.0
2026-08-04T21:55:00+00:00,58.58,58.58,58.58,58.58,100.0
2026-08-04T22:00:00+00:00,58.58,58.5801,58.58,58.5801,1101.0
2026-08-04T22:05:00+00:00,58.52,58.54,58.52,58.5399,10784.0
2026-08-04T22:15:00+00:00,58.6214,58.6214,58.52,58.52,3930.0
2026-08-04T22:20:00+00:00,58.6066,58.6399,58.6066,58.6399,400.0
2026-08-04T22:30:00+00:00,58.5261,58.5261,58.5261,58.5261,167.0
2026-08-04T23:00:00+00:00,58.5254,58.5254,58.5254,58.5254,800.0
2026-08-04T23:10:00+00:00,58.54,58.54,58.52,58.52,1484.0
2026-08-04T23:15:00+00:00,58.46,58.482,58.46,58.482,805.0
2026-08-04T23:25:00+00:00,58.55,58.55,58.5045,58.5045,695.0
2026-08-05T00:00:00+00:00,58.5,58.5,58.5,58.5,894.0
2026-08-05T08:05:00+00:00,58.54,58.57,58.26,58.48,18494.835857
2026-08-05T08:10:00+00:00,58.57,58.6,58.53,58.53,2121.0
2026-08-05T08:15:00+00:00,58.625,58.63,58.56,58.6,2497.0
2026-08-05T08:30:00+00:00,58.55,58.55,58.55,58.55,107.352469
2026-08-05T08:55:00+00:00,58.57,58.58,58.57,58.58,733.0
2026-08-05T09:00:00+00:00,58.56,58.56,58.56,58.56,400.0
2026-08-05T09:05:00+00:00,58.5133,58.5133,58.5133,58.5133,100.0
2026-08-05T09:20:00+00:00,58.57,58.58,58.57,58.58,396.0
2026-08-05T09:25:00+00:00,58.59,58.62,58.58,58.62,3628.0
2026-08-05T09:30:00+00:00,58.63,58.63,58.62,58.63,230.0
2026-08-05T09:35:00+00:00,58.6,58.6,58.57,58.57,1092.0
2026-08-05T09:40:00+00:00,58.63,58.63,58.63,58.63,177.0
2026-08-05T09:50:00+00:00,58.61,58.61,58.61,58.61,270.0
2026-08-05T10:05:00+00:00,58.62,58.63,58.61,58.61,891.0
2026-08-05T10:40:00+00:00,58.635,58.66,58.63,58.66,3572.0
2026-08-05T10:50:00+00:00,58.61,58.61,58.56,58.58,8572.0
2026-08-05T11:05:00+00:00,58.56,58.61,58.54,58.61,4347.0
2026-08-05T11:10:00+00:00,58.6055,58.61,58.58,58.6,2241.0
2026-08-05T11:15:00+00:00,58.6,58.6,58.6,58.6,1789.0
2026-08-05T11:20:00+00:00,58.5517,58.64,58.5517,58.64,1642.0
2026-08-05T11:25:00+00:00,58.64,58.64,58.64,58.64,570.0
2026-08-05T11:30:00+00:00,58.65,58.65,58.62,58.64,4140.0
2026-08-05T11:35:00+00:00,58.64,58.69,58.64,58.67,14047.24549
2026-08-05T11:40:00+00:00,58.67,58.67,58.65,58.66,1611.335
2026-08-05T11:45:00+00:00,58.6362,58.6362,58.63,58.63,1918.18
2026-08-05T11:50:00+00:00,58.66,58.68,58.63,58.68,9120.0
2026-08-05T11:55:00+00:00,58.6383,58.6892,58.63,58.63,3088.0
2026-08-05T12:00:00+00:00,58.66,58.66,58.65,58.65,500.0
2026-08-05T12:05:00+00:00,58.69,58.7,58.69,58.7,2099.114782
2026-08-05T12:10:00+00:00,58.7,58.72,58.68,58.72,2384.6904659999996
2026-08-05T12:15:00+00:00,58.7575,58.7575,58.7575,58.7575,125.0
2026-08-05T12:20:00+00:00,58.7,58.72,58.67,58.72,721.0
2026-08-05T12:25:00+00:00,58.72,58.72,58.72,58.72,236.0
2026-08-05T12:30:00+00:00,58.75,58.75,58.71,58.75,1266.0
2026-08-05T12:40:00+00:00,58.79,58.8,58.7,58.7,1237.0
2026-08-05T12:45:00+00:00,58.74,58.8,58.74,58.8,984.0
2026-08-05T12:55:00+00:00,58.79,58.79,58.79,58.79,462.0
2026-08-05T13:00:00+00:00,58.805,58.85,58.79,58.83,2000.0685
2026-08-05T13:05:00+00:00,58.84,58.84,58.74,58.76,11009.3
2026-08-05T13:10:00+00:00,58.8289,58.8289,58.8289,58.8289,131.0
2026-08-05T13:15:00+00:00,58.8241,58.8676,58.7797,58.8676,1160.0
2026-08-05T13:20:00+00:00,58.8861,58.8861,58.86,58.86,316.0
2026-08-05T13:25:00+00:00,58.82,58.82,58.75,58.81,3356.0
2026-08-05T13:30:00+00:00,58.84,58.85,58.72,58.74,10616.0
2026-08-05T13:35:00+00:00,58.77,58.98,58.3,58.33,1388524.974684
2026-08-05T13:40:00+00:00,58.32,58.39,58.03,58.035,1063254.9833809999
2026-08-05T13:45:00+00:00,58.04,58.15,57.96,57.98,927313.159304
2026-08-05T13:50:00+00:00,57.98,58.02,57.805,57.87,760260.4372469999
2026-08-05T13:55:00+00:00,57.875,58.85,57.72,57.925,947744.190034
2026-08-05T14:00:00+00:00,57.93,58.195,57.93,58.19,438593.965155
2026-08-05T14:05:00+00:00,58.19,58.21,58.035,58.13,606282.505674
2026-08-05T14:10:00+00:00,58.14,58.14,57.91,58.02,551449.901859
2026-08-05T14:15:00+00:00,58.02,58.03,57.78,57.84,537348.575804
2026-08-05T14:20:00+00:00,57.835,57.95,57.78,57.95,465074.79440400004
2026-08-05T14:25:00+00:00,57.94,57.96,57.83,57.84,358245.253709
2026-08-05T14:30:00+00:00,57.835,57.835,57.78,57.79,295962.296395
2026-08-05T14:35:00+00:00,57.8,57.87,57.675,57.675,431079.062383
2026-08-05T14:40:00+00:00,57.675,57.7199,57.4701,57.4701,436684.78911000007
2026-08-05T14:45:00+00:00,57.48,57.53,57.365,57.385,553941.783718
2026-08-05T14:50:00+00:00,57.385,57.5745,57.3819,57.485,609324.96849
2026-08-05T14:55:00+00:00,57.4899,57.51,57.425,57.485,356411.32882399997
2026-08-05T15:00:00+00:00,57.49,57.525,57.43,57.485,263601.361729
2026-08-05T15:05:00+00:00,57.485,57.505,57.28,57.35,889651.036201
2026-08-05T15:10:00+00:00,57.34,57.49,57.335,57.465,298142.591717
2026-08-05T15:15:00+00:00,57.465,57.61,57.4636,57.58,408958.09398799995
2026-08-05T15:20:00+00:00,57.59,57.64,57.465,57.48,414997.721684
2026-08-05T15:25:00+00:00,57.475,57.57,57.455,57.495,263322.250235
2026-08-05T15:30:00+00:00,57.4901,57.51,57.335,57.37,293444.293265
2026-08-05T15:35:00+00:00,57.37,57.37,57.23,57.235,315585.967685
2026-08-05T15:40:00+00:00,57.235,57.265,57.205,57.25,233375.794148
2026-08-05T15:45:00+00:00,57.25,57.35,57.25,57.285,137144.403878
2026-08-05T15:50:00+00:00,57.29,57.36,57.265,57.305,447037.915208
2026-08-05T15:55:00+00:00,57.3022,57.475,57.3,57.44,135709.490938
2026-08-05T16:00:00+00:00,57.44,57.48,57.41,57.46,158171.09896
2026-08-05T16:05:00+00:00,57.455,57.62,57.45,57.591,140919.580614
2026-08-05T16:10:00+00:00,57.595,57.62,57.55,57.61,163959.950715
2026-08-05T16:15:00+00:00,57.62,57.69,57.59,57.685,164565.63103400002
2026-08-05T16:20:00+00:00,57.685,57.71,57.575,57.575,171464.58380000002
2026-08-05T16:25:00+00:00,57.58,57.61,57.53,57.56,109936.53703400001
2026-08-05T16:30:00+00:00,57.56,57.6,57.515,57.595,125342.08973
2026-08-05T16:35:00+00:00,57.59,57.605,57.53,57.595,159130.90545700002
2026-08-05T16:40:00+00:00,57.595,57.64,57.58,57.62,162937.16021
2026-08-05T16:45:00+00:00,57.615,57.65,57.54,57.575,117963.39192999998
2026-08-05T16:50:00+00:00,57.58,57.59,57.53,57.53,167575.20981600002
2026-08-05T16:55:00+00:00,57.53,57.545,57.465,57.495,192755.166922
2026-08-05T17:00:00+00:00,57.495,57.5299,57.435,57.46,277031.288083
2026-08-05T17:05:00+00:00,57.465,57.505,57.46,57.495,301886.23635799997
2026-08-05T17:10:00+00:00,57.495,57.52,57.47,57.495,354237.979766
2026-08-05T17:15:00+00:00,57.495,57.5099,57.415,57.445,132359.906919
2026-08-05T17:20:00+00:00,57.445,57.47,57.41,57.45,703905.273402
2026-08-05T17:25:00+00:00,57.45,57.45,57.395,57.4,113932.44918
2026-08-05T17:30:00+00:00,57.405,57.4299,57.38,57.385,139834.32418399997
2026-08-05T17:35:00+00:00,57.38,57.41,57.3601,57.405,93345.12975800001
2026-08-05T17:40:00+00:00,57.405,57.44,57.38,57.44,120752.71936399999
2026-08-05T17:45:00+00:00,57.44,57.485,57.415,57.435,219724.553767
2026-08-05T17:50:00+00:00,57.4499,57.45,57.37,57.385,127460.293604
2026-08-05T17:55:00+00:00,57.39,57.47,57.39,57.44,87354.95914
2026-08-05T18:00:00+00:00,57.435,57.515,57.435,57.515,75276.060838
2026-08-05T18:05:00+00:00,57.52,57.595,57.5,57.59,131941.609735
2026-08-05T18:10:00+00:00,57.595,57.655,57.58,57.595,140224.754218
2026-08-05T18:15:00+00:00,57.595,57.6,57.55,57.6,135429.851644
2026-08-05T18:20:00+00:00,57.59,57.68,57.585,57.67,136400.88551300002
2026-08-05T18:25:00+00:00,57.67,57.675,57.605,57.605,122295.844071
2026-08-05T18:30:00+00:00,57.605,57.655,57.6,57.615,126885.427174
2026-08-05T18:35:00+00:00,57.615,57.6299,57.585,57.59,175251.2639
2026-08-05T18:40:00+00:00,57.595,57.64,57.58,57.585,164400.037135
2026-08-05T18:45:00+00:00,57.585,57.64,57.555,57.615,424816.069992
2026-08-05T18:50:00+00:00,57.61,57.61,57.54,57.545,394431.886299
2026-08-05T18:55:00+00:00,57.54,57.585,57.535,57.585,310878.85978500004
2026-08-05T19:00:00+00:00,57.59,57.595,57.57,57.575,145129.93771199998
2026-08-05T19:05:00+00:00,57.575,57.59,57.52,57.525,227130.918148
2026-08-05T19:10:00+00:00,57.525,57.525,57.49,57.515,186980.654514
2026-08-05T19:15:00+00:00,57.515,57.525,57.445,57.495,216867.793433
2026-08-05T19:20:00+00:00,57.5,57.54,57.48,57.505,174570.145357
2026-08-05T19:25:00+00:00,57.51,57.575,57.51,57.515,391755.152977
2026-08-05T19:30:00+00:00,57.515,57.525,57.46,57.47,315951.20124200004
2026-08-05T19:35:00+00:00,57.46,57.5,57.355,57.365,674962.307588
2026-08-05T19:40:00+00:00,57.36,57.44,57.36,57.385,554523.806801
2026-08-05T19:45:00+00:00,57.385,57.43,57.3,57.305,597738.356663
2026-08-05T19:50:00+00:00,57.3,57.36,57.27,57.315,761371.6228509999
2026-08-05T19:55:00+00:00,57.31,57.37,57.245,57.285,1169862.0941289999
2026-08-05T20:00:00+00:00,57.29,57.38,57.25,57.3,3300068.458242
2026-08-05T20:05:00+00:00,57.31,57.5811,57.29,57.5811,807793.7898380001
2026-08-05T20:10:00+00:00,57.25,57.31,57.25,57.31,870.0
2026-08-05T20:15:00+00:00,57.31,57.315,57.29,57.315,8460.0
2026-08-05T20:20:00+00:00,57.3,57.3,57.27,57.29,7593.6882000000005
2026-08-05T20:25:00+00:00,57.31,57.31,57.2998,57.31,25217.174143
2026-08-05T20:30:00+00:00,57.31,57.31,57.3,57.3,3754.0
2026-08-05T20:35:00+00:00,57.32,57.32,57.3001,57.3001,10585.0
2026-08-05T20:40:00+00:00,57.3031,57.304,57.3017,57.304,1697.0
2026-08-05T20:45:00+00:00,57.3065,57.32,57.3065,57.32,2168.0
2026-08-05T20:50:00+00:00,57.32,57.32,57.32,57.32,268.0
2026-08-05T20:55:00+00:00,57.32,57.32,57.29,57.3199,8254.0
2026-08-05T21:00:00+00:00,57.32,57.32,57.32,57.32,8490.0
2026-08-05T21:05:00+00:00,57.32,57.32,57.29,57.29,10703.0
2026-08-05T21:10:00+00:00,57.32,57.32,57.32,57.32,700.0
2026-08-05T21:20:00+00:00,57.32,57.33,57.32,57.33,821.0
2026-08-05T21:30:00+00:00,57.3688,57.3688,57.3688,57.3688,153.0
2026-08-05T21:45:00+00:00,57.32,57.32,57.32,57.32,108.0
2026-08-05T21:50:00+00:00,57.32,57.32,57.32,57.32,387.0
2026-08-05T21:55:00+00:00,57.34,57.34,57.34,57.34,436.0
2026-08-05T22:00:00+00:00,57.35,57.38,57.35,57.38,623.0
2026-08-05T22:30:00+00:00,57.3803,57.3803,57.3803,57.3803,380.0
2026-08-05T22:50:00+00:00,57.38,57.419,57.35,57.3633,979.0
2026-08-05T23:00:00+00:00,57.35,57.35,57.35,57.35,100.0
2026-08-05T23:15:00+00:00,57.385,57.39,57.385,57.39,604.0
2026-08-05T23:20:00+00:00,57.42,57.42,57.42,57.42,150.0
2026-08-05T23:45:00+00:00,57.35,57.35,57.35,57.35,107.0
2026-08-05T23:50:00+00:00,57.3754,57.3754,57.35,57.35,787.0
2026-08-06T00:00:00+00:00,57.3599,57.3599,57.34,57.34,551.0
2026-08-06T08:05:00+00:00,57.5,57.77,57.38,57.7,15544.354155
2026-08-06T08:10:00+00:00,57.65,57.65,57.65,57.65,329.0
2026-08-06T08:15:00+00:00,57.68,57.68,57.68,57.68,433.0
2026-08-06T08:25:00+00:00,57.71,57.71,57.71,57.71,430.0
2026-08-06T08:30:00+00:00,57.68,57.68,57.68,57.68,302.0
2026-08-06T08:35:00+00:00,57.65,57.73,57.65,57.73,3033.0
2026-08-06T08:40:00+00:00,57.68,57.73,57.68,57.73,1851.0
2026-08-06T08:45:00+00:00,57.7,57.72,57.7,57.72,500.0
2026-08-06T08:55:00+00:00,57.72,57.76,57.72,57.76,1295.0
2026-08-06T09:00:00+00:00,57.75,57.8,57.75,57.8,500.0
2026-08-06T09:20:00+00:00,57.76,57.76,57.74,57.74,2200.0
2026-08-06T09:35:00+00:00,57.76,57.76,57.76,57.76,200.0
2026-08-06T10:05:00+00:00,57.74,57.74,57.73,57.73,840.0
2026-08-06T10:55:00+00:00,57.78,57.81,57.78,57.81,4209.0
2026-08-06T11:00:00+00:00,57.8,57.8,57.79,57.79,1071.0
2026-08-06T11:05:00+00:00,57.79,57.89,57.78,57.89,12220.0
2026-08-06T11:10:00+00:00,57.84,57.84,57.84,57.84,715.0
2026-08-06T11:15:00+00:00,57.84,57.89,57.84,57.89,300.0
2026-08-06T11:20:00+00:00,57.85,57.85,57.85,57.85,515.0
2026-08-06T11:25:00+00:00,57.83,57.8401,57.82,57.84,4310.0
2026-08-06T11:30:00+00:00,57.88,57.88,57.88,57.88,120.0
2026-08-06T11:35:00+00:00,57.91,57.93,57.87,57.8999,3574.0
2026-08-06T11:40:00+00:00,57.8577,57.8577,57.8577,57.8577,170.633
2026-08-06T11:45:00+00:00,57.89,57.89,57.8791,57.8791,1100.0
2026-08-06T11:50:00+00:00,57.88,57.88,57.84,57.87,6295.0
2026-08-06T11:55:00+00:00,57.83,57.87,57.83,57.87,2191.0
2026-08-06T12:00:00+00:00,57.83,57.87,57.81,57.85,2428.0
2026-08-06T12:05:00+00:00,57.87,57.87,57.84,57.87,3102.0
2026-08-06T12:10:00+00:00,57.86,57.93,57.77,57.93,40316.731700000004
2026-08-06T12:15:00+00:00,57.91,57.95,57.8605,57.95,2109.0
2026-08-06T12:20:00+00:00,57.9,57.99,57.9,57.99,12312.0695
2026-08-06T12:25:00+00:00,58.0,58.0,58.0,58.0,985.0
2026-08-06T12:30:00+00:00,58.02,58.07,58.01,58.02,8671.0
2026-08-06T12:35:00+00:00,58.02,58.02,57.96,58.0,2857.0
2026-08-06T12:40:00+00:00,58.0,58.03,57.99,58.02,2580.0
2026-08-06T12:45:00+00:00,58.03,58.03,58.0299,58.03,3213.0
2026-08-06T12:50:00+00:00,58.03,58.07,58.02,58.02,12445.0
2026-08-06T12:55:00+00:00,58.01,58.07,58.01,58.03,10866.75
2026-08-06T13:00:00+00:00,58.06,58.06,58.03,58.06,799.223561
2026-08-06T13:05:00+00:00,58.04,58.04,58.01,58.024,2026.0
2026-08-06T13:10:00+00:00,58.05,58.1,58.02,58.05,15194.490553
2026-08-06T13:15:00+00:00,58.06,58.1,58.06,58.1,1047.0
2026-08-06T13:20:00+00:00,58.0775,58.14,58.06,58.1125,16405.0
2026-08-06T13:25:00+00:00,58.1233,58.19,58.0907,58.17,6213.0
2026-08-06T13:30:00+00:00,58.18,58.36,58.1403,58.36,16459.069199999998
2026-08-06T13:35:00+00:00,58.39,58.56,58.05,58.12,1597183.4782909998
2026-08-06T13:40:00+00:00,58.115,58.155,58.0,58.125,756738.621374
2026-08-06T13:45:00+00:00,58.12,58.12,57.8299,57.8299,557771.293659
2026-08-06T13:50:00+00:00,57.815,57.93,57.8,57.93,379510.698899
2026-08-06T13:55:00+00:00,57.92,57.96,57.75,57.81,365337.850947
2026-08-06T14:00:00+00:00,57.805,57.86,57.66,57.72,318014.57680299995
2026-08-06T14:05:00+00:00,57.72,57.75,57.5919,57.68,447777.762426
2026-08-06T14:10:00+00:00,57.685,57.855,57.68,57.805,311197.97186399996
2026-08-06T14:15:00+00:00,57.81,57.86,57.63,57.63,457771.5446019999
2026-08-06T14:20:00+00:00,57.63,57.78,57.58,57.76,402198.227363
2026-08-06T14:25:00+00:00,57.75,57.78,57.675,57.75,242400.28742699997
2026-08-06T14:30:00+00:00,57.755,57.785,57.68,57.71,173591.57610399998
2026-08-06T14:35:00+00:00,57.705,57.71,57.58,57.7021,451326.626571
2026-08-06T14:40:00+00:00,57.71,57.8,57.675,57.76,256449.000199
2026-08-06T14:45:00+00:00,57.76,57.7677,57.675,57.755,189931.787492
2026-08-06T14:50:00+00:00,57.76,57.83,57.735,57.74,235080.38129000002
2026-08-06T14:55:00+00:00,57.735,57.815,57.71,57.735,194447.51459599996
2026-08-06T15:00:00+00:00,57.74,57.8,57.735,57.785,378608.17809299997
2026-08-06T15:05:00+00:00,57.785,57.8499,57.745,57.8499,238788.456136
2026-08-06T15:10:00+00:00,57.84,57.84,57.72,57.755,220974.150051
2026-08-06T15:15:00+00:00,57.76,57.92,57.75,57.895,191667.359223
2026-08-06T15:20:00+00:00,57.9,58.03,57.9,58.025,586058.731138
2026-08-06T15:25:00+00:00,58.03,58.055,57.95,57.99,222790.644802
2026-08-06T15:30:00+00:00,57.98,58.0,57.885,57.96,217719.31484900002
2026-08-06T15:35:00+00:00,57.96,57.975,57.86,57.945,164922.919556
2026-08-06T15:40:00+00:00,57.95,58.05,57.95,57.985,215396.12146599998
2026-08-06T15:45:00+00:00,57.99,58.045,57.95,58.045,132681.308752
2026-08-06T15:50:00+00:00,58.05,58.09,58.04,58.055,280714.627035
2026-08-06T15:55:00+00:00,58.055,58.29,58.03,58.275,1113391.216918
2026-08-06T16:00:00+00:00,58.275,58.31,58.17,58.28,926224.8638980001
2026-08-06T16:05:00+00:00,58.27,58.285,58.165,58.215,460566.80458900006
2026-08-06T16:10:00+00:00,58.22,58.225,58.0947,58.1,271059.11098899995
2026-08-06T16:15:00+00:00,58.09,58.115,58.0219,58.06,218444.64284100002
2026-08-06T16:20:00+00:00,58.055,58.185,58.055,58.185,207069.131897
2026-08-06T16:25:00+00:00,58.18,58.19,58.075,58.13,149407.65337900002
2026-08-06T16:30:00+00:00,58.125,58.2199,58.095,58.18,222493.163697
2026-08-06T16:35:00+00:00,58.175,58.19,58.035,58.04,161759.18906499998
2026-08-06T16:40:00+00:00,58.03,58.05,58.0,58.02,156454.76117800002
2026-08-06T16:45:00+00:00,58.02,58.055,58.01,58.055,106986.031309
2026-08-06T16:50:00+00:00,58.05,58.06,57.96,57.96,195539.302304
2026-08-06T16:55:00+00:00,57.97,58.002,57.94,57.945,327784.754373
2026-08-06T17:00:00+00:00,57.95,58.005,57.94,57.95,126131.60504600001
2026-08-06T17:05:00+00:00,57.94,57.94,57.865,57.895,141265.81916
2026-08-06T17:10:00+00:00,57.895,57.945,57.8599,57.87,210457.53982699997
2026-08-06T17:15:00+00:00,57.87,57.94,57.835,57.92,93455.486227
2026-08-06T17:20:00+00:00,57.925,57.97,57.92,57.93,74974.192683
2026-08-06T17:25:00+00:00,57.92,58.0099,57.895,57.97,116659.47731399999
2026-08-06T17:30:00+00:00,57.97,57.99,57.91,57.94,103460.195303
2026-08-06T17:35:00+00:00,57.945,58.005,57.925,57.93,108989.01536300001
2026-08-06T17:40:00+00:00,57.93,58.005,57.925,58.0,71475.48143500001
2026-08-06T17:45:00+00:00,58.005,58.065,57.995,58.025,80024.580105
2026-08-06T17:50:00+00:00,58.02,58.03,57.9001,57.915,457437.03560199996
2026-08-06T17:55:00+00:00,57.92,57.925,57.87,57.895,110876.80633
2026-08-06T18:00:00+00:00,57.89,57.93,57.865,57.925,85556.451391
2026-08-06T18:05:00+00:00,57.93,57.945,57.85,57.86,112398.94642400001
2026-08-06T18:10:00+00:00,57.865,57.89,57.84,57.865,90817.061927
2026-08-06T18:15:00+00:00,57.87,57.955,57.87,57.92,238634.922179
2026-08-06T18:20:00+00:00,57.92,57.94,57.835,57.87,233415.33939600002
2026-08-06T18:25:00+00:00,57.875,57.915,57.84,57.895,318313.108657
2026-08-06T18:30:00+00:00,57.895,57.975,57.84,57.965,115292.32832599999
2026-08-06T18:35:00+00:00,57.96,57.98,57.925,57.965,72908.194807
2026-08-06T18:40:00+00:00,57.96,58.015,57.945,57.995,56642.800276
2026-08-06T18:45:00+00:00,58.0,58.03,57.985,58.005,126926.03685
2026-08-06T18:50:00+00:00,58.005,58.07,58.005,58.069,58498.884355
2026-08-06T18:55:00+00:00,58.07,58.11,58.07,58.095,103526.24572400001
2026-08-06T19:00:00+00:00,58.09,58.1499,58.09,58.1319,122667.608072
2026-08-06T19:05:00+00:00,58.14,58.17,58.13,58.155,198135.237581
2026-08-06T19:10:00+00:00,58.16,58.2,58.155,58.165,97921.21150200002
2026-08-06T19:15:00+00:00,58.17,58.19,58.13,58.155,204297.817602
2026-08-06T19:20:00+00:00,58.155,58.165,58.105,58.165,170992.611744
2026-08-06T19:25:00+00:00,58.16,58.18,58.08,58.17,199256.312975
2026-08-06T19:30:00+00:00,58.175,58.24,58.115,58.185,577952.9290209999
2026-08-06T19:35:00+00:00,58.19,58.215,58.115,58.14,292207.945291
2026-08-06T19:40:00+00:00,58.14,58.22,58.135,58.205,297113.21558899997
2026-08-06T19:45:00+00:00,58.2,58.22,58.15,58.2,421531.73325700004
2026-08-06T19:50:00+00:00,58.19,58.22,58.14,58.155,395273.662707
2026-08-06T19:55:00+00:00,58.16,58.225,58.105,58.1081,640298.3587519999
2026-08-06T20:00:00+00:00,58.11,58.19,58.05,58.19,1598462.150516
2026-08-06T20:05:00+00:00,58.16,58.18,58.1,58.1,344672.359366
2026-08-06T20:10:00+00:00,58.125,58.125,58.125,58.125,110.0
2026-08-06T20:15:00+00:00,58.1008,58.15,58.1001,58.1077,6662.0
2026-08-06T20:20:00+00:00,58.1162,58.15,58.1,58.11,11180.386671
2026-08-06T20:25:00+00:00,58.1527,58.1527,58.1527,58.1527,100.0
2026-08-06T20:35:00+00:00,58.0995,58.15,58.0995,58.15,310.0
2026-08-06T20:45:00+00:00,58.13,58.1554,58.13,58.1554,420.0
2026-08-06T20:50:00+00:00,58.15,58.25,58.08,58.08,6250.0
2026-08-06T20:55:00+00:00,58.19,58.19,58.17,58.17,213.0
2026-08-06T21:00:00+00:00,58.17,58.25,58.1148,58.25,900.0
2026-08-06T21:10:00+00:00,58.17,58.17,58.17,58.17,240.0
2026-08-06T21:15:00+00:00,58.18,58.18,58.18,58.18,225.0
2026-08-06T21:20:00+00:00,58.18,58.19,58.18,58.19,403.0
2026-08-06T21:25:00+00:00,58.19,58.2,58.17,58.19,3695.0
2026-08-06T21:35:00+00:00,58.2,58.2,58.2,58.2,1001.0
2026-08-06T21:40:00+00:00,58.15,58.15,58.15,58.15,502.0
2026-08-06T21:45:00+00:00,58.34,58.34,58.25,58.25,400.0
2026-08-06T21:50:00+00:00,58.2,58.2,58.2,58.2,111.0
2026-08-06T21:55:00+00:00,58.15,58.15,58.15,58.15,121.0
2026-08-06T22:05:00+00:00,58.2,58.2,58.2,58.2,553.0
2026-08-06T22:10:00+00:00,58.205,58.21,58.18,58.21,805.0
2026-08-06T22:15:00+00:00,58.2023,58.21,58.2023,58.21,11600.0
2026-08-06T22:45:00+00:00,58.23,58.2441,58.23,58.2441,2820.0
2026-08-06T22:50:00+00:00,58.23,58.23,58.23,58.23,1673.0
2026-08-06T22:55:00+00:00,58.24,58.24,58.24,58.24,600.0
2026-08-06T23:00:00+00:00,58.25,58.25,58.25,58.25,125.0
2026-08-06T23:20:00+00:00,58.23,58.23,58.23,58.23,660.0
2026-08-06T23:35:00+00:00,58.2283,58.2283,58.2283,58.2283,100.0
2026-08-06T23:40:00+00:00,58.23,58.3,58.2,58.3,19488.0
2026-08-06T23:55:00+00:00,58.3,58.3,58.26,58.26,2625.0
2026-08-07T00:00:00+00:00,58.26,58.26,58.26,58.26,250.0
2026-08-07T08:05:00+00:00,58.3,58.3291,58.11,58.18,4670.440241
2026-08-07T08:10:00+00:00,58.01,58.01,58.01,58.01,1000.0
2026-08-07T08:15:00+00:00,58.09,58.09,58.06,58.06,1000.0
2026-08-07T08:25:00+00:00,58.12,58.12,58.11,58.11,560.0
2026-08-07T08:30:00+00:00,58.21,58.21,58.21,58.21,233.0
2026-08-07T08:50:00+00:00,58.17,58.17,58.1287,58.1287,302.0
2026-08-07T09:00:00+00:00,58.12,58.12,58.05,58.05,8504.0
2026-08-07T09:05:00+00:00,58.13,58.15,58.1,58.1,780.0
2026-08-07T09:10:00+00:00,58.1,58.1,58.1,58.1,260.0
2026-08-07T09:30:00+00:00,58.11,58.11,58.11,58.11,260.0
2026-08-07T09:40:00+00:00,58.06,58.06,58.06,58.06,100.0
2026-08-07T09:45:00+00:00,58.11,58.11,58.08,58.08,2768.0
2026-08-07T09:50:00+00:00,58.06,58.07,58.05,58.05,10336.0
2026-08-07T10:05:00+00:00,58.08,58.08,58.03,58.07,5921.0
2026-08-07T10:15:00+00:00,58.03,58.03,57.98,57.98,2220.0
2026-08-07T10:20:00+00:00,58.02,58.02,58.02,58.02,101.0
2026-08-07T10:25:00+00:00,58.02,58.03,58.02,58.02,1287.0
2026-08-07T10:40:00+00:00,58.01,58.02,58.0,58.02,902.0
2026-08-07T10:50:00+00:00,58.01,58.01,58.01,58.01,276.0
2026-08-07T11:00:00+00:00,57.96,57.96,57.92,57.92,3019.0
2026-08-07T11:05:00+00:00,57.9211,57.963,57.9211,57.963,2434.0
2026-08-07T11:10:00+00:00,57.95,57.9693,57.95,57.9693,10650.0
2026-08-07T11:15:00+00:00,57.98,57.98,57.98,57.98,510.0
2026-08-07T11:20:00+00:00,58.0,58.01,57.99,57.99,1718.0
2026-08-07T11:25:00+00:00,57.96,57.96,57.96,57.96,444.0
2026-08-07T11:30:00+00:00,57.9533,57.9533,57.9533,57.9533,477.0
2026-08-07T11:35:00+00:00,57.95,57.95,57.95,57.95,10185.0
2026-08-07T11:40:00+00:00,57.9533,57.9533,57.9533,57.9533,151.0
2026-08-07T11:45:00+00:00,57.95,57.95,57.95,57.95,1099.0
2026-08-07T11:55:00+00:00,57.9,57.92,57.9,57.92,1998.0
2026-08-07T12:00:00+00:00,57.95,57.95,57.95,57.95,268.0
2026-08-07T12:10:00+00:00,57.95,57.95,57.95,57.95,400.0
2026-08-07T12:15:00+00:00,57.96,57.98,57.94,57.94,1726.0
2026-08-07T12:20:00+00:00,57.9786,57.98,57.9786,57.98,2658.0
2026-08-07T12:25:00+00:00,57.98,57.98,57.98,57.98,127.0
2026-08-07T12:30:00+00:00,58.01,58.03,58.0,58.03,3370.0
2026-08-07T12:35:00+00:00,57.97,57.97,57.95,57.95,890.0
2026-08-07T12:40:00+00:00,57.95,57.95,57.95,57.95,384.0
2026-08-07T12:45:00+00:00,57.9,57.91,57.84,57.84,2347.0
2026-08-07T12:50:00+00:00,57.95,57.95,57.795,57.81,2716.0
2026-08-07T12:55:00+00:00,57.78,57.8,57.74,57.77,14764.0692
2026-08-07T13:00:00+00:00,57.78,57.8,57.76,57.7795,3490.086362
2026-08-07T13:05:00+00:00,57.76,57.76,57.73,57.735,3803.0
2026-08-07T13:10:00+00:00,57.735,57.7462,57.7099,57.7462,4606.0
2026-08-07T13:15:00+00:00,57.74,57.7799,57.73,57.75,33248.447547
2026-08-07T13:20:00+00:00,57.71,57.74,57.71,57.7224,3008.0
2026-08-07T13:25:00+00:00,57.7324,57.7895,57.73,57.77,13094.0
2026-08-07T13:30:00+00:00,57.76,57.76,57.55,57.55,32397.1
2026-08-07T13:35:00+00:00,57.525,57.6793,57.4,57.61,947790.698443
2026-08-07T13:40:00+00:00,57.615,57.62,57.31,57.33,534909.041239
2026-08-07T13:45:00+00:00,57.32,57.33,57.225,57.25,578549.875494
2026-08-07T13:50:00+00:00,57.24,57.31,57.13,57.2401,683529.484216
2026-08-07T13:55:00+00:00,57.23,57.28,57.135,57.205,346420.889733
2026-08-07T14:00:00+00:00,57.21,57.305,57.11,57.275,560403.0501260001
2026-08-07T14:05:00+00:00,57.28,57.47,57.25,57.375,439963.9842
2026-08-07T14:10:00+00:00,57.375,57.47,57.33,57.455,396718.00834
2026-08-07T14:15:00+00:00,57.455,57.5,57.39,57.5,346570.854755
2026-08-07T14:20:00+00:00,57.495,57.57,57.45,57.5399,405501.687132
2026-08-07T14:25:00+00:00,57.535,57.58,57.46,57.575,374210.87244500004
2026-08-07T14:30:00+00:00,57.57,57.625,57.47,57.515,210452.486377
2026-08-07T14:35:00+00:00,57.515,57.54,57.385,57.45,219942.71824100002
2026-08-07T14:40:00+00:00,57.43,57.495,57.42,57.49,204857.166359
2026-08-07T14:45:00+00:00,57.49,57.55,57.44,57.525,199498.17438599997
2026-08-07T14:50:00+00:00,57.525,57.605,57.5,57.595,182307.965373
2026-08-07T14:55:00+00:00,57.6,57.61,57.52,57.535,141387.821897
2026-08-07T15:00:00+00:00,57.535,57.71,57.535,57.7,238726.18847199998
2026-08-07T15:05:00+00:00,57.7,57.75,57.65,57.745,289363.152263
2026-08-07T15:10:00+00:00,57.745,57.805,57.725,57.735,184860.254737
2026-08-07T15:15:00+00:00,57.73,57.795,57.71,57.775,146108.78268200002
2026-08-07T15:20:00+00:00,57.78,57.785,57.62,57.75,147966.32443500002
2026-08-07T15:25:00+00:00,57.75,57.83,57.745,57.795,109543.93210800001
2026-08-07T15:30:00+00:00,57.8,57.855,57.795,57.815,142845.603931
2026-08-07T15:35:00+00:00,57.82,57.835,57.76,57.79,179898.22497500002
2026-08-07T15:40:00+00:00,57.78,57.82,57.775,57.815,135555.127201
2026-08-07T15:45:00+00:00,57.815,57.855,57.79,57.83,159514.545208
2026-08-07T15:50:00+00:00,57.83,57.88,57.83,57.87,101525.939341
2026-08-07T15:55:00+00:00,57.87,57.9581,57.86,57.945,113924.73166599999
2026-08-07T16:00:00+00:00,57.945,57.97,57.92,57.925,115150.12862599999
2026-08-07T16:05:00+00:00,57.925,58.005,57.9221,57.94,223939.612444
2026-08-07T16:10:00+00:00,57.95,57.995,57.91,57.915,177148.956021
2026-08-07T16:15:00+00:00,57.91,57.9699,57.89,57.905,114719.15225500001
2026-08-07T16:20:00+00:00,57.905,57.9864,57.9,57.98,120665.00119899999
2026-08-07T16:25:00+00:00,57.98,58.035,57.95,58.025,191892.416702
2026-08-07T16:30:00+00:00,58.03,58.035,57.95,57.95,128549.740134
2026-08-07T16:35:00+00:00,57.96,57.98,57.93,57.945,136688.060199
2026-08-07T16:40:00+00:00,57.95,57.975,57.91,57.955,177210.38539299998
2026-08-07T16:45:00+00:00,57.955,58.03,57.955,58.025,163353.414804
2026-08-07T16:50:00+00:00,58.03,58.045,57.995,58.015,111375.83198
2026-08-07T16:55:00+00:00,58.01,58.01,57.975,57.975,124964.26900300001
2026-08-07T17:00:00+00:00,57.9701,57.985,57.95,57.985,123675.30067699999
2026-08-07T17:05:00+00:00,57.985,57.99,57.9203,57.925,110384.44591899999
2026-08-07T17:10:00+00:00,57.93,57.955,57.9,57.9,118414.86641
2026-08-07T17:15:00+00:00,57.9,57.95,57.88,57.94,87332.53352099999
2026-08-07T17:20:00+00:00,57.945,57.955,57.915,57.915,125629.046532
2026-08-07T17:25:00+00:00,57.915,57.96,57.905,57.945,119808.70788599999
2026-08-07T17:30:00+00:00,57.945,57.955,57.915,57.955,95703.43832999999
2026-08-07T17:35:00+00:00,57.95,57.975,57.88,57.925,211003.176721
2026-08-07T17:40:00+00:00,57.925,57.95,57.905,57.945,142507.998158
2026-08-07T17:45:00+00:00,57.945,57.965,57.895,57.905,166041.050903
2026-08-07T17:50:00+00:00,57.905,57.94,57.89,57.9,125832.265402
2026-08-07T17:55:00+00:00,57.9,57.91,57.785,57.805,129708.387443
2026-08-07T18:00:00+00:00,57.8,57.82,57.78,57.795,112373.443042
2026-08-07T18:05:00+00:00,57.795,57.85,57.78,57.82,137340.97546299998
2026-08-07T18:10:00+00:00,57.825,57.885,57.82,57.88,90931.53436599999
2026-08-07T18:15:00+00:00,57.88,57.88,57.805,57.815,184139.678258
2026-08-07T18:20:00+00:00,57.82,57.8277,57.77,57.78,94061.20470199999
2026-08-07T18:25:00+00:00,57.785,57.805,57.75,57.79,144320.596968
2026-08-07T18:30:00+00:00,57.795,57.795,57.74,57.745,86742.532422
2026-08-07T18:35:00+00:00,57.745,57.78,57.69,57.7,144192.82168599998
2026-08-07T18:40:00+00:00,57.71,57.715,57.65,57.655,94604.544405
2026-08-07T18:45:00+00:00,57.655,57.675,57.62,57.62,88624.102038
2026-08-07T18:50:00+00:00,57.62,57.66,57.6,57.615,264805.673534
2026-08-07T18:55:00+00:00,57.615,57.625,57.54,57.57,342743.396612
2026-08-07T19:00:00+00:00,57.565,57.575,57.54,57.55,334316.93973
2026-08-07T19:05:00+00:00,57.54,57.545,57.46,57.495,491971.23959699995
2026-08-07T19:10:00+00:00,57.495,57.5166,57.43,57.44,126435.92732299998
2026-08-07T19:15:00+00:00,57.44,57.475,57.415,57.425,221312.568387
2026-08-07T19:20:00+00:00,57.425,57.485,57.395,57.485,401542.69234699995
2026-08-07T19:25:00+00:00,57.485,57.485,57.39,57.405,239763.062079
2026-08-07T19:30:00+00:00,57.405,57.4075,57.37,57.3879,208972.545687
2026-08-07T19:35:00+00:00,57.385,57.4395,57.365,57.4,273721.432883
2026-08-07T19:40:00+00:00,57.41,57.47,57.395,57.445,252293.766828
2026-08-07T19:45:00+00:00,57.445,57.465,57.35,57.36,260922.535797
2026-08-07T19:50:00+00:00,57.36,57.44,57.355,57.37,500419.801974
2026-08-07T19:55:00+00:00,57.37,57.41,57.33,57.375,631605.857788
2026-08-07T20:00:00+00:00,57.37,57.52,57.33,57.49,1948425.3784500002
2026-08-07T20:05:00+00:00,57.5,57.61,57.47,57.61,12738.284021
2026-08-07T20:10:00+00:00,57.6163,57.63,57.59,57.59,26959.91812
2026-08-07T20:15:00+00:00,57.5801,57.59,57.56,57.59,12615.323895
2026-08-07T20:20:00+00:00,57.5128,57.5128,57.5128,57.5128,210.0
2026-08-07T20:25:00+00:00,57.5678,57.5678,57.5678,57.5678,526.0
2026-08-07T20:35:00+00:00,57.56,57.56,57.56,57.56,450.0
2026-08-07T20:40:00+00:00,57.5112,57.56,57.5108,57.5108,1366.0
2026-08-07T20:45:00+00:00,57.57,57.57,57.57,57.57,336.0
2026-08-07T20:50:00+00:00,57.57,57.57,57.57,57.57,295.0
2026-08-07T20:55:00+00:00,57.5,57.5,57.5,57.5,334.0
2026-08-07T21:15:00+00:00,57.56,57.56,57.56,57.56,1229.0
2026-08-07T21:25:00+00:00,57.53,57.53,57.53,57.53,291.347067
2026-08-07T21:30:00+00:00,57.56,57.57,57.56,57.57,2933.0
2026-08-07T21:40:00+00:00,57.5552,57.56,57.5552,57.56,462.0
2026-08-07T21:55:00+00:00,57.51,57.54,57.41,57.5161,15070.0
2026-08-07T22:00:00+00:00,57.51,57.51,57.51,57.51,426.0
2026-08-07T22:10:00+00:00,57.57,57.57,57.57,57.57,1000.0
2026-08-07T22:15:00+00:00,57.5152,57.5607,57.5152,57.5607,1569.0
2026-08-07T22:25:00+00:00,57.57,57.57,57.5699,57.5699,789.97
2026-08-07T22:30:00+00:00,57.58,57.58,57.58,57.58,300.0
2026-08-07T22:35:00+00:00,57.57,57.57,57.57,57.57,251.0
2026-08-07T22:40:00+00:00,57.57,57.5901,57.57,57.5901,964.0
2026-08-07T23:05:00+00:00,57.61,57.61,57.61,57.61,233.0
2026-08-07T23:25:00+00:00,57.62,57.62,57.62,57.62,500.0
2026-08-07T23:35:00+00:00,57.6478,57.6478,57.6478,57.6478,175.0
2026-08-07T23:45:00+00:00,57.61,57.61,57.59,57.59,760.0
2026-08-08T00:00:00+00:00,57.617,57.7,57.6,57.6,2107.0
2026-08-10T08:05:00+00:00,57.7012,57.81,57.5,57.68,3406.528493
2026-08-10T08:10:00+00:00,57.69,57.69,57.69,57.69,364.0
2026-08-10T08:15:00+00:00,57.65,57.65,57.61,57.61,723.0
2026-08-10T08:30:00+00:00,57.71,57.72,57.69,57.69,1197.0
2026-08-10T08:35:00+00:00,57.74,57.74,57.74,57.74,140.0
2026-08-10T08:40:00+00:00,57.72,57.7413,57.68,57.72,927.0
2026-08-10T08:50:00+00:00,57.69,57.74,57.69,57.73,646.0
2026-08-10T08:55:00+00:00,57.74,57.77,57.74,57.77,1421.0
2026-08-10T09:05:00+00:00,57.75,57.75,57.75,57.75,822.0
2026-08-10T09:10:00+00:00,57.75,57.75,57.75,57.75,101.0
2026-08-10T09:15:00+00:00,57.72,57.75,57.7,57.75,1218.0
2026-08-10T09:25:00+00:00,57.7,57.7,57.7,57.7,1493.0
2026-08-10T09:40:00+00:00,57.65,57.7,57.65,57.7,848.256622
2026-08-10T10:00:00+00:00,57.7,57.7,57.7,57.7,100.0
2026-08-10T10:10:00+00:00,57.675,57.68,57.675,57.68,672.0
2026-08-10T10:25:00+00:00,57.72,57.72,57.72,57.72,180.0
2026-08-10T10:35:00+00:00,57.73,57.75,57.73,57.75,878.0
2026-08-10T10:45:00+00:00,57.79,57.8,57.77,57.8,922.0
2026-08-10T10:50:00+00:00,57.79,57.79,57.78,57.78,200.0
2026-08-10T10:55:00+00:00,57.79,57.81,57.79,57.81,2287.0
2026-08-10T11:05:00+00:00,57.7,57.8,57.7,57.8,385.0
2026-08-10T11:10:00+00:00,57.84,57.89,57.83,57.88,8156.0
2026-08-10T11:15:00+00:00,57.86,57.91,57.83,57.91,5583.0
2026-08-10T11:20:00+00:00,57.88,57.922,57.87,57.88,5545.02498
2026-08-10T11:25:00+00:00,57.86,57.92,57.86,57.92,520.0
2026-08-10T11:30:00+00:00,57.89,57.89,57.89,57.89,3714.0
2026-08-10T11:35:00+00:00,57.9,57.9,57.89,57.89,5471.0
2026-08-10T11:40:00+00:00,57.9,57.9,57.87,57.87,646.716
2026-08-10T11:45:00+00:00,57.87,57.87,57.87,57.87,157.0
2026-08-10T11:50:00+00:00,57.91,57.93,57.91,57.93,1308.0
2026-08-10T11:55:00+00:00,57.92,57.94,57.92,57.94,1157.0
2026-08-10T12:00:00+00:00,57.915,57.949,57.91,57.949,738.0
2026-08-10T12:05:00+00:00,57.9377,57.9423,57.9377,57.9423,305.0
2026-08-10T12:10:00+00:00,57.91,57.93,57.9,57.9077,2192.24064
2026-08-10T12:15:00+00:00,57.9,57.94,57.9,57.94,1072.0695
2026-08-10T12:20:00+00:00,57.9407,57.9407,57.9407,57.9407,100.0
2026-08-10T12:25:00+00:00,57.92,57.92,57.92,57.92,1006.0
2026-08-10T12:30:00+00:00,57.9407,57.9407,57.89,57.9,3847.0
2026-08-10T12:40:00+00:00,57.9486,57.95,57.9314,57.95,1470.0
2026-08-10T12:45:00+00:00,57.94,58.01,57.9103,57.98,5680.0
2026-08-10T12:50:00+00:00,57.99,58.01,57.9503,57.9503,1945.0
2026-08-10T12:55:00+00:00,57.99,58.02,57.99,58.02,1309.546591
2026-08-10T13:00:00+00:00,58.07,58.11,58.03,58.03,5277.0
2026-08-10T13:05:00+00:00,58.06,58.09,58.0003,58.07,7185.0
2026-08-10T13:10:00+00:00,58.05,58.13,58.04,58.13,4258.212023
2026-08-10T13:15:00+00:00,58.09,58.1,58.0693,58.1,2290.0
2026-08-10T13:20:00+00:00,58.07,58.13,58.06,58.1,3418.0
2026-08-10T13:25:00+00:00,58.13,58.21,58.1103,58.2,18777.0
2026-08-10T13:30:00+00:00,58.2,58.29,58.18,58.21,25219.129199999996
2026-08-10T13:35:00+00:00,58.19,58.75,58.1,58.75,1538027.19103
2026-08-10T13:40:00+00:00,58.75,58.96,58.7499,58.91,573250.0632699999
2026-08-10T13:45:00+00:00,58.92,59.07,58.89,59.01,1106770.37314
2026-08-10T13:50:00+00:00,59.0198,59.13,58.9,58.9601,867012.539985
2026-08-10T13:55:00+00:00,58.96,59.16,58.92,59.155,469547.097749
2026-08-10T14:00:00+00:00,59.155,59.21,58.23,59.1,489071.096101
2026-08-10T14:05:00+00:00,59.095,59.22,59.0505,59.22,469996.92176399997
2026-08-10T14:10:00+00:00,59.22,59.29,59.185,59.27,411773.392029
2026-08-10T14:15:00+00:00,59.27,59.37,59.25,59.32,394968.00471
2026-08-10T14:20:00+00:00,59.31,59.31,59.18,59.195,547570.75141
2026-08-10T14:25:00+00:00,59.2,59.27,59.115,59.13,316752.99438199995
2026-08-10T14:30:00+00:00,59.13,59.175,59.025,59.125,235027.25464899998
2026-08-10T14:35:00+00:00,59.12,59.25,59.085,59.215,310753.646602
2026-08-10T14:40:00+00:00,59.215,59.24,59.145,59.18,299442.317243
2026-08-10T14:45:00+00:00,59.1899,59.305,59.135,59.305,522934.305219
2026-08-10T14:50:00+00:00,59.305,59.31,59.19,59.195,936894.162884
2026-08-10T14:55:00+00:00,59.195,59.335,59.19,59.325,175263.691705
2026-08-10T15:00:00+00:00,59.325,59.36,59.29,59.305,186722.463685
2026-08-10T15:05:00+00:00,59.3,59.335,59.255,59.32,234268.972199
2026-08-10T15:10:00+00:00,59.325,59.395,59.305,59.37,231501.504434
2026-08-10T15:15:00+00:00,59.375,59.42,59.34,59.385,305571.409737
2026-08-10T15:20:00+00:00,59.38,59.395,59.305,59.325,250569.62472
2026-08-10T15:25:00+00:00,59.325,59.43,59.29,59.425,238689.557342
2026-08-10T15:30:00+00:00,59.42,59.4381,59.38,59.39,306865.876177
2026-08-10T15:35:00+00:00,59.39,59.45,59.3549,59.39,373218.107298
2026-08-10T15:40:00+00:00,59.39,59.43,59.35,59.425,188326.474315
2026-08-10T15:45:00+00:00,59.43,59.47,59.395,59.415,420658.253483
2026-08-10T15:50:00+00:00,59.415,59.45,59.4,59.4,325465.90608700004
2026-08-10T15:55:00+00:00,59.405,59.455,59.395,59.415,140517.549477
2026-08-10T16:00:00+00:00,59.415,59.459,59.395,59.425,187112.807388
2026-08-10T16:05:00+00:00,59.42,59.45,59.385,59.41,184362.799911
2026-08-10T16:10:00+00:00,59.415,59.48,59.39,59.48,208106.58752499998
2026-08-10T16:15:00+00:00,59.47,59.485,59.41,59.465,379185.15476700006
2026-08-10T16:20:00+00:00,59.46,59.51,59.41,59.5,196098.77437300002
2026-08-10T16:25:00+00:00,59.505,59.515,59.48,59.48,81976.851367
2026-08-10T16:30:00+00:00,59.47,59.485,59.45,59.485,148589.893713
2026-08-10T16:35:00+00:00,59.485,59.53,59.465,59.485,396950.24313899997
2026-08-10T16:40:00+00:00,59.485,59.57,59.48,59.5594,310743.324611
2026-08-10T16:45:00+00:00,59.555,59.6363,59.54,59.635,145866.938435
2026-08-10T16:50:00+00:00,59.63,59.7,59.6,59.695,282737.55673
2026-08-10T16:55:00+00:00,59.6985,59.78,59.685,59.755,222881.441902
2026-08-10T17:00:00+00:00,59.755,59.86,59.74,59.815,578609.644234
2026-08-10T17:05:00+00:00,59.82,59.86,59.8,59.83,414830.92676099995
2026-08-10T17:10:00+00:00,59.825,59.825,59.7301,59.805,437850.126578
2026-08-10T17:15:00+00:00,59.8,59.805,59.73,59.755,305767.91148999997
2026-08-10T17:20:00+00:00,59.755,59.815,59.7199,59.815,221441.917919
2026-08-10T17:25:00+00:00,59.815,59.825,59.74,59.745,406580.47594
2026-08-10T17:30:00+00:00,59.74,59.81,59.73,59.795,270012.689027
2026-08-10T17:35:00+00:00,59.8,59.845,59.785,59.82,259819.03041200005
2026-08-10T17:40:00+00:00,59.825,59.9,59.82,59.88,749779.357481
2026-08-10T17:45:00+00:00,59.88,59.895,59.85,59.88,221241.146463
2026-08-10T17:50:00+00:00,59.885,59.92,59.87,59.89,254406.61576000002
2026-08-10T17:55:00+00:00,59.895,59.94,59.89,59.905,215899.165529
2026-08-10T18:00:00+00:00,59.905,59.975,59.9,59.955,173545.798407
2026-08-10T18:05:00+00:00,59.9501,60.02,59.95,60.02,332447.360374
2026-08-10T18:10:00+00:00,60.019,60.075,60.01,60.075,164999.76294400002
2026-08-10T18:15:00+00:00,60.075,60.09,60.045,60.085,193290.55766199998
2026-08-10T18:20:00+00:00,60.09,60.15,60.07,60.1499,253558.381757
2026-08-10T18:25:00+00:00,60.145,60.155,60.09,60.095,200590.445922
2026-08-10T18:30:00+00:00,60.095,60.13,60.065,60.1251,151622.592124
2026-08-10T18:35:00+00:00,60.125,60.125,60.07,60.085,247298.482845
2026-08-10T18:40:00+00:00,60.085,60.09,60.03,60.035,302468.958754
2026-08-10T18:45:00+00:00,60.04,60.075,60.03,60.035,271601.50718
2026-08-10T18:50:00+00:00,60.035,60.07,60.005,60.065,364140.622157
2026-08-10T18:55:00+00:00,60.0677,60.08,60.03,60.075,423697.766194
2026-08-10T19:00:00+00:00,60.07,60.085,60.03,60.035,303909.841163
2026-08-10T19:05:00+00:00,60.035,60.05,59.96,60.0,810620.2565329999
2026-08-10T19:10:00+00:00,60.0,60.05,59.995,60.035,347632.71083899995
2026-08-10T19:15:00+00:00,60.03,60.04,59.99,60.03,170191.720359
2026-08-10T19:20:00+00:00,60.03,60.075,60.01,60.07,232901.78988
2026-08-10T19:25:00+00:00,60.075,60.095,60.045,60.065,198694.18917500004
2026-08-10T19:30:00+00:00,60.065,60.065,59.985,60.06,263095.651558
2026-08-10T19:35:00+00:00,60.055,60.07,60.02,60.065,402402.164825
2026-08-10T19:40:00+00:00,60.065,60.105,60.04,60.1,489473.10552700004
2026-08-10T19:45:00+00:00,60.0999,60.175,60.09,60.165,726919.7857730001
2026-08-10T19:50:00+00:00,60.17,60.21,60.13,60.1551,1175852.7615919998
2026-08-10T19:55:00+00:00,60.15,60.175,60.075,60.125,1457162.1443440001
2026-08-10T20:00:00+00:00,60.125,60.21,60.06,60.2,2754305.519198
2026-08-10T20:05:00+00:00,60.18,60.21,60.147,60.17,2872.91206
2026-08-10T20:10:00+00:00,60.1708,60.2,60.1708,60.19,10310.0
2026-08-10T20:15:00+00:00,60.15,60.15,60.15,60.15,1113.0
2026-08-10T20:20:00+00:00,60.2234,60.2234,60.18,60.18,1010.0
2026-08-10T20:25:00+00:00,60.21,60.21,60.15,60.15,369.0
2026-08-10T20:30:00+00:00,60.16,60.17,60.16,60.17,1522.0
2026-08-10T20:35:00+00:00,60.13,60.18,60.11,60.18,539.0
2026-08-10T20:40:00+00:00,60.18,60.18,60.18,60.18,144.0
2026-08-10T20:45:00+00:00,60.0923,60.0923,60.0923,60.0923,161.0
2026-08-10T20:50:00+00:00,60.17,60.17,60.08,60.124,1820.0
2026-08-10T20:55:00+00:00,60.12,60.12,60.11,60.11,420.0
2026-08-10T21:00:00+00:00,60.1513,60.1513,60.15,60.15,885.0
2026-08-10T21:15:00+00:00,60.14,60.14,60.13,60.13,408.0
2026-08-10T21:20:00+00:00,60.1661,60.18,60.11,60.11,640.0
2026-08-10T21:25:00+00:00,60.18,60.18,60.163,60.163,659.0
2026-08-10T21:45:00+00:00,60.16,60.18,60.12,60.12,1719.0
2026-08-10T21:50:00+00:00,60.18,60.18,60.132,60.132,571.0
2026-08-10T22:00:00+00:00,60.213,60.213,60.213,60.213,569.0001
2026-08-10T22:10:00+00:00,60.11,60.11,60.11,60.11,240.0
2026-08-10T22:15:00+00:00,60.22,60.23,60.2,60.2254,4069.02
2026-08-10T22:20:00+00:00,60.2,60.2,60.2,60.2,288.0
2026-08-10T22:25:00+00:00,60.2,60.2386,60.2,60.2386,1188.0
2026-08-10T22:30:00+00:00,60.22,60.221,60.2,60.2,1415.0
2026-08-10T22:35:00+00:00,60.2,60.2,60.1286,60.1425,881.0
2026-08-10T22:40:00+00:00,60.1496,60.19,60.1496,60.19,573.0
2026-08-10T22:45:00+00:00,60.21,60.23,60.21,60.23,968.0
2026-08-10T22:50:00+00:00,60.22,60.24,60.22,60.24,2200.0
2026-08-10T22:55:00+00:00,60.19,60.19,60.19,60.19,160.0
2026-08-10T23:00:00+00:00,60.213,60.213,60.09,60.09,3261.0
2026-08-10T23:05:00+00:00,60.1005,60.1005,60.1005,60.1005,216.954507
2026-08-10T23:10:00+00:00,60.13,60.13,60.099,60.13,1079.0
2026-08-10T23:20:00+00:00,60.18,60.19,60.17,60.175,817.0
2026-08-10T23:25:00+00:00,60.175,60.175,60.1124,60.1124,354.0
2026-08-10T23:40:00+00:00,60.18,60.2,60.18,60.2,269.0
2026-08-10T23:45:00+00:00,60.1621,60.24,60.16,60.24,2906.0
2026-08-10T23:55:00+00:00,60.195,60.21,60.19,60.21,1344.049667
2026-08-11T00:00:00+00:00,60.21,60.24,60.21,60.2197,4185.0
2026-08-11T08:05:00+00:00,60.3,60.33,59.92,60.3,24433.15945
2026-08-11T08:10:00+00:00,60.4,60.42,60.4,60.42,697.0
2026-08-11T08:15:00+00:00,60.45,60.46,60.44,60.45,1560.0
2026-08-11T08:20:00+00:00,60.45,60.48,60.42,60.48,793.016528
2026-08-11T08:25:00+00:00,60.49,60.5,60.49,60.49,2202.9687249999997
2026-08-11T08:30:00+00:00,60.49,60.5,60.45,60.455,2574.0
2026-08-11T08:35:00+00:00,60.49,60.5,60.48,60.4945,1768.0
2026-08-11T08:40:00+00:00,60.5,60.5,60.5,60.5,687.0
2026-08-11T08:45:00+00:00,60.5,60.5,60.5,60.5,476.0
2026-08-11T08:50:00+00:00,60.5,60.51,60.49,60.51,1727.0
2026-08-11T08:55:00+00:00,60.4944,60.4944,60.4944,60.4944,113.239874
2026-08-11T09:00:00+00:00,60.49,60.49,60.47,60.48,1295.0
2026-08-11T09:05:00+00:00,60.5,60.5,60.5,60.5,204.0
2026-08-11T09:10:00+00:00,60.53,60.53,60.53,60.53,2511.0
2026-08-11T09:15:00+00:00,60.53,60.53,60.51,60.51,1256.0
2026-08-11T09:20:00+00:00,60.52,60.53,60.4965,60.4965,840.0
2026-08-11T09:25:00+00:00,60.52,60.52,60.52,60.52,100.0
2026-08-11T09:30:00+00:00,60.5268,60.5268,60.49,60.49,3278.0
2026-08-11T09:35:00+00:00,60.49,60.49,60.49,60.49,393.316415
2026-08-11T09:50:00+00:00,60.49,60.49,60.49,60.49,596.0
2026-08-11T09:55:00+00:00,60.47,60.47,60.43,60.43,2589.0
2026-08-11T10:00:00+00:00,60.48,60.48,60.42,60.42,2915.024043
2026-08-11T10:05:00+00:00,60.42,60.42,60.42,60.42,4783.0
2026-08-11T10:10:00+00:00,60.44,60.44,60.41,60.41,726.49629
2026-08-11T10:20:00+00:00,60.42,60.42,60.42,60.42,800.0
2026-08-11T10:25:00+00:00,60.42,60.435,60.42,60.435,1629.0
2026-08-11T10:30:00+00:00,60.41,60.41,60.33,60.33,5550.0
2026-08-11T10:40:00+00:00,60.34,60.34,60.34,60.34,148.0
2026-08-11T10:45:00+00:00,60.36,60.36,60.35,60.36,1510.0
2026-08-11T10:50:00+00:00,60.35,60.36,60.35,60.36,1321.0
2026-08-11T10:55:00+00:00,60.31,60.37,60.31,60.37,2000.0
2026-08-11T11:00:00+00:00,60.3434,60.3434,60.3434,60.3434,510.0
2026-08-11T11:05:00+00:00,60.35,60.37,59.97,59.98,40165.076414
2026-08-11T11:10:00+00:00,59.96,60.0,59.91,59.93,15209.0
2026-08-11T11:15:00+00:00,59.92,60.0,59.9,59.91,8640.0
2026-08-11T11:20:00+00:00,59.96,60.0,59.89,59.93,22077.233601
2026-08-11T11:25:00+00:00,59.93,60.0,59.93,59.97,12960.0
2026-08-11T11:30:00+00:00,59.9938,60.03,59.9938,60.03,5628.0
2026-08-11T11:35:00+00:00,60.1,60.1,60.0299,60.06,2920.053146
2026-08-11T11:40:00+00:00,60.05,60.05,60.01,60.025,5891.2862000000005
2026-08-11T11:45:00+00:00,60.0,60.0,59.94,60.0,13828.0
2026-08-11T11:50:00+00:00,59.9653,60.08,59.9653,60.02,4953.0
2026-08-11T11:55:00+00:00,60.02,60.1,59.9779,60.05,36222.0
2026-08-11T12:00:00+00:00,60.03,60.05,60.0,60.0,8753.0
2026-08-11T12:05:00+00:00,59.9815,60.0986,59.9815,60.0,16101.11747
2026-08-11T12:10:00+00:00,60.03,60.03,59.99,60.0,9756.0
2026-08-11T12:15:00+00:00,59.99,59.99,59.9,59.94,6376.0
2026-08-11T12:20:00+00:00,59.97,60.0365,59.94,60.01,1751.0
2026-08-11T12:25:00+00:00,60.02,60.07,59.96,59.96,6657.0
2026-08-11T12:30:00+00:00,60.08,60.1,60.02,60.02,6282.0
2026-08-11T12:35:00+00:00,59.9916,60.065,59.9916,60.065,546.0
2026-08-11T12:40:00+00:00,60.1,60.1,60.04,60.04,693.0
2026-08-11T12:45:00+00:00,60.065,60.1356,60.0303,60.1356,17624.658334
2026-08-11T12:50:00+00:00,60.12,60.13,60.07,60.07,1749.0
2026-08-11T12:55:00+00:00,60.027,60.14,60.027,60.1274,15999.248586
2026-08-11T13:00:00+00:00,60.1419,60.15,60.12,60.14,1555.0
2026-08-11T13:05:00+00:00,60.15,60.15,59.98,59.99,57721.0
2026-08-11T13:10:00+00:00,60.01,60.0597,60.0,60.05,7396.0
2026-08-11T13:15:00+00:00,60.05,60.096,60.0365,60.096,2970.0
2026-08-11T13:20:00+00:00,60.09,60.09,60.02,60.06,3822.0
2026-08-11T13:25:00+00:00,60.09,60.14,60.07,60.08,5073.0
2026-08-11T13:30:00+00:00,60.07,60.14,59.95,60.14,7673.0
2026-08-11T13:35:00+00:00,59.99,60.5,59.99,60.33,1457329.5393930003
2026-08-11T13:40:00+00:00,60.34,60.48,60.32,60.39,551193.958475
2026-08-11T13:45:00+00:00,60.385,60.425,60.18,60.355,586560.4286479999
2026-08-11T13:50:00+00:00,60.358,60.4,60.29,60.33,483559.95371800003
2026-08-11T13:55:00+00:00,60.32,60.485,60.3,60.465,272486.165747
2026-08-11T14:00:00+00:00,60.465,60.49,60.36,60.4463,251285.168701
2026-08-11T14:05:00+00:00,60.45,60.58,60.45,60.545,345602.807004
2026-08-11T14:10:00+00:00,60.55,60.62,60.465,60.475,251328.30514199997
2026-08-11T14:15:00+00:00,60.47,60.59,60.46,60.535,233880.20663600002
2026-08-11T14:20:00+00:00,60.54,60.62,60.51,60.595,225467.251217
2026-08-11T14:25:00+00:00,60.6,60.6701,60.59,60.62,272796.535965
2026-08-11T14:30:00+00:00,60.61,60.68,60.6,60.6499,123490.89119000001
2026-08-11T14:35:00+00:00,60.64,60.71,60.61,60.645,295273.644816
2026-08-11T14:40:00+00:00,60.64,60.64,60.55,60.57,158528.70399200002
2026-08-11T14:45:00+00:00,60.57,60.63,60.54,60.615,134269.807044
2026-08-11T14:50:00+00:00,60.615,60.6399,60.55,60.59,86212.44699200001
2026-08-11T14:55:00+00:00,60.595,60.625,60.56,60.57,99301.33864899998
2026-08-11T15:00:00+00:00,60.56,60.725,60.555,60.72,485042.683004
2026-08-11T15:05:00+00:00,60.73,60.75,60.665,60.74,188456.307632
2026-08-11T15:10:00+00:00,60.74,60.8,60.715,60.775,232626.945478
2026-08-11T15:15:00+00:00,60.775,60.83,60.76,60.83,293775.791278
2026-08-11T15:20:00+00:00,60.84,60.85,60.765,60.805,231002.159288
2026-08-11T15:25:00+00:00,60.8,60.86,60.76,60.765,331604.925239
2026-08-11T15:30:00+00:00,60.765,60.86,60.76,60.84,203876.40619399998
2026-08-11T15:35:00+00:00,60.845,61.01,60.83,60.995,377429.715614
2026-08-11T15:40:00+00:00,60.99,61.04,60.94,60.94,210296.98580899998
2026-08-11T15:45:00+00:00,60.95,61.055,60.95,61.025,144696.462946
2026-08-11T15:50:00+00:00,61.025,61.06,60.99,61.03,123324.11538399999
2026-08-11T15:55:00+00:00,61.04,61.0779,61.02,61.04,107103.956775
2026-08-11T16:00:00+00:00,61.04,61.08,60.97,61.005,329386.330263
2026-08-11T16:05:00+00:00,61.0,61.01,60.94,60.955,94753.97118200001
2026-08-11T16:10:00+00:00,60.955,60.99,60.9338,60.935,91732.336143
2026-08-11T16:15:00+00:00,60.93,60.95,60.89,60.92,90134.833006
2026-08-11T16:20:00+00:00,60.92,60.935,60.88,60.925,116578.453687
2026-08-11T16:25:00+00:00,60.93,60.94,60.865,60.87,88603.343069
2026-08-11T16:30:00+00:00,60.865,60.91,60.81,60.81,92636.08111099999
2026-08-11T16:35:00+00:00,60.8001,60.83,60.775,60.8077,97874.065249
2026-08-11T16:40:00+00:00,60.8,60.83,60.785,60.825,74420.728764
2026-08-11T16:45:00+00:00,60.825,60.855,60.785,60.835,122974.58504300001
2026-08-11T16:50:00+00:00,60.825,60.86,60.785,60.845,149704.673145
2026-08-11T16:55:00+00:00,60.85,60.865,60.81,60.8395,63457.524323000005
2026-08-11T17:00:00+00:00,60.835,60.85,60.805,60.825,90479.77886600001
2026-08-11T17:05:00+00:00,60.82,60.84,60.795,60.83,77398.070777
2026-08-11T17:10:00+00:00,60.825,60.86,60.815,60.835,75622.465161
2026-08-11T17:15:00+00:00,60.835,60.8751,60.815,60.865,88180.192993
2026-08-11T17:20:00+00:00,60.865,60.875,60.825,60.825,81198.540029
2026-08-11T17:25:00+00:00,60.825,60.835,60.785,60.805,102623.93171099998
2026-08-11T17:30:00+00:00,60.81,60.8302,60.79,60.83,114580.841212
2026-08-11T17:35:00+00:00,60.82,60.825,60.79,60.805,78799.68866100001
2026-08-11T17:40:00+00:00,60.81,60.835,60.785,60.7949,117920.233615
2026-08-11T17:45:00+00:00,60.8,60.835,60.76,60.765,154454.330297
2026-08-11T17:50:00+00:00,60.765,60.8,60.725,60.79,204794.158495
2026-08-11T17:55:00+00:00,60.79,60.835,60.78,60.815,173926.481236
2026-08-11T18:00:00+00:00,60.815,60.84,60.79,60.815,114028.69730900001
2026-08-11T18:05:00+00:00,60.815,60.89,60.805,60.875,143784.60845
2026-08-11T18:10:00+00:00,60.87,60.92,60.86,60.875,207009.424544
2026-08-11T18:15:00+00:00,60.875,60.905,60.845,60.865,186381.325733
2026-08-11T18:20:00+00:00,60.86,60.89,60.83,60.845,204666.21223299997
2026-08-11T18:25:00+00:00,60.85,60.855,60.825,60.84,341724.45199100004
2026-08-11T18:30:00+00:00,60.84,60.87,60.825,60.83,400010.95220799994
2026-08-11T18:35:00+00:00,60.83,60.865,60.8,60.8,773438.473858
2026-08-11T18:40:00+00:00,60.805,60.86,60.795,60.835,437555.94687399996
2026-08-11T18:45:00+00:00,60.835,60.845,60.81,60.835,321992.936949
2026-08-11T18:50:00+00:00,60.835,60.85,60.765,60.78,321405.84748600004
2026-08-11T18:55:00+00:00,60.785,60.79,60.7538,60.78,189894.372335
2026-08-11T19:00:00+00:00,60.78,60.815,60.77,60.795,245071.442165
2026-08-11T19:05:00+00:00,60.805,60.85,60.79,60.81,250234.12010899998
2026-08-11T19:10:00+00:00,60.815,60.83,60.8,60.82,206165.128863
2026-08-11T19:15:00+00:00,60.82,60.865,60.8,60.805,245387.40430599998
2026-08-11T19:20:00+00:00,60.81,60.885,60.775,60.875,222338.974672
2026-08-11T19:25:00+00:00,60.875,60.9,60.85,60.8912,238116.00211400003
2026-08-11T19:30:00+00:00,60.895,60.92,60.87,60.9,245549.537167
2026-08-11T19:35:00+00:00,60.905,60.92,60.845,60.855,313459.73931599996
2026-08-11T19:40:00+00:00,60.85,60.8512,60.8,60.81,473888.886387
2026-08-11T19:45:00+00:00,60.81,60.82,60.775,60.785,410519.989856
2026-08-11T19:50:00+00:00,60.785,60.855,60.785,60.825,405578.44388200005
2026-08-11T19:55:00+00:00,60.82,60.8777,60.79,60.825,720765.862123
2026-08-11T20:00:00+00:00,60.82,60.92,60.73,60.92,1943663.465821
2026-08-11T20:05:00+00:00,60.93,60.9838,60.91,60.93,36953.702031
2026-08-11T20:10:00+00:00,60.94,60.94,60.91,60.91,8181.0
2026-08-11T20:15:00+00:00,60.91,60.91,60.91,60.91,878.0
2026-08-11T20:20:00+00:00,60.8961,60.9,60.8325,60.8325,1390.0
2026-08-11T20:25:00+00:00,60.9,60.905,60.9,60.9,4970.0
2026-08-11T20:30:00+00:00,60.9,60.9,60.9,60.9,197.0
2026-08-11T20:35:00+00:00,60.9,60.905,60.9,60.9,600.0
2026-08-11T20:50:00+00:00,60.9084,60.9084,60.8901,60.8901,323.0
2026-08-11T21:00:00+00:00,60.9193,60.9193,60.9193,60.9193,150.0
2026-08-11T21:05:00+00:00,60.9193,60.94,60.9193,60.9193,384.0
2026-08-11T21:10:00+00:00,60.89,60.89,60.84,60.84,276.0
2026-08-11T21:15:00+00:00,60.84,60.84,60.84,60.84,10001.0
2026-08-11T21:20:00+00:00,60.9,60.9,60.9,60.9,639.0
2026-08-11T21:25:00+00:00,60.89,60.89,60.89,60.89,205.0
2026-08-11T21:30:00+00:00,60.91,60.91,60.91,60.91,313.0
2026-08-11T21:40:00+00:00,60.9199,60.9199,60.9199,60.9199,3000.0
2026-08-11T21:45:00+00:00,60.9,60.9,60.9,60.9,6002.0
2026-08-11T22:10:00+00:00,60.89,60.9,60.89,60.9,1060.0
2026-08-11T22:20:00+00:00,60.9,60.9,60.9,60.9,133.0
2026-08-11T22:35:00+00:00,60.89,60.89,60.89,60.89,300.0
2026-08-11T22:50:00+00:00,60.899,60.899,60.899,60.899,168.0
2026-08-11T23:00:00+00:00,60.8998,60.8998,60.8998,60.8998,150.0
2026-08-11T23:05:00+00:00,60.88,60.93,60.88,60.93,395.0
2026-08-11T23:25:00+00:00,60.9,60.9,60.9,60.9,197.0
2026-08-11T23:30:00+00:00,60.83,60.83,60.83,60.83,100.0
2026-08-11T23:45:00+00:00,60.83,60.92,60.83,60.92,295.0
2026-08-11T23:50:00+00:00,60.9115,60.9115,60.9115,60.9115,100.0
2026-08-12T00:00:00+00:00,60.87,60.88,60.85,60.88,900.0
2026-08-12T08:05:00+00:00,60.9,60.93,60.86,60.91,6163.527447
2026-08-12T08:15:00+00:00,60.85,60.85,60.85,60.85,223.0
2026-08-12T08:20:00+00:00,60.8359,60.8359,60.8359,60.8359,302.049286
2026-08-12T08:25:00+00:00,60.85,60.85,60.82,60.82,1200.0
2026-08-12T08:30:00+00:00,60.82,60.84,60.82,60.84,1200.0
2026-08-12T08:45:00+00:00,60.82,60.83,60.82,60.83,543.0
2026-08-12T09:05:00+00:00,60.85,60.85,60.85,60.85,100.0
2026-08-12T09:20:00+00:00,60.84,60.84,60.84,60.84,100.0
2026-08-12T09:25:00+00:00,60.85,60.85,60.79,60.81,783.0
2026-08-12T09:35:00+00:00,60.74,60.74,60.56,60.67,3020.408515
2026-08-12T09:50:00+00:00,60.63,60.63,60.6,60.6,5133.0
2026-08-12T09:55:00+00:00,60.6,60.6,60.56,60.57,2620.0
2026-08-12T10:00:00+00:00,60.62,60.67,60.62,60.67,4942.0
2026-08-12T10:10:00+00:00,60.6,60.6,60.6,60.6,1000.0
2026-08-12T10:15:00+00:00,60.52,60.52,60.52,60.52,1000.0
2026-08-12T10:40:00+00:00,60.65,60.65,60.6,60.63,594.4
2026-08-12T10:50:00+00:00,60.6,60.78,60.59,60.66,11261.0
2026-08-12T11:05:00+00:00,60.7575,60.7575,60.67,60.67,4470.0
2026-08-12T11:10:00+00:00,60.66,60.66,60.6548,60.6548,2109.0
2026-08-12T11:20:00+00:00,60.6625,60.76,60.6625,60.75,3029.0
2026-08-12T11:25:00+00:00,60.6563,60.66,60.6563,60.66,1110.0
2026-08-12T11:30:00+00:00,60.7652,60.7652,60.7,60.71,1042.0
2026-08-12T11:35:00+00:00,60.7738,60.7738,60.72,60.72,2885.0
2026-08-12T11:40:00+00:00,60.73,60.74,60.7,60.7,2450.2889999999998
2026-08-12T11:50:00+00:00,60.6608,60.6608,60.66,60.66,363.0
2026-08-12T11:55:00+00:00,60.71,60.71,60.6807,60.6905,2060.0
2026-08-12T12:00:00+00:00,60.74,60.79,60.74,60.78,1896.0
2026-08-12T12:05:00+00:00,60.7814,60.7814,60.6801,60.6801,4182.0
2026-08-12T12:15:00+00:00,60.69,60.69,60.69,60.69,222.0
2026-08-12T12:20:00+00:00,60.6829,60.76,60.6829,60.76,1279.0
2026-08-12T12:25:00+00:00,60.776,60.78,60.73,60.75,1534.0
2026-08-12T12:30:00+00:00,60.77,60.78,60.77,60.77,1439.0
2026-08-12T12:35:00+00:00,60.78,60.79,60.73,60.79,3974.0
2026-08-12T12:40:00+00:00,60.78,60.78,60.697,60.697,1683.0
2026-08-12T12:45:00+00:00,60.73,60.73,60.68,60.68,1129.0
2026-08-12T12:50:00+00:00,60.6857,60.69,60.66,60.66,1769.214403
2026-08-12T12:55:00+00:00,60.63,60.65,60.59,60.63,2571.0
2026-08-12T13:00:00+00:00,60.63,60.6758,60.63,60.66,2708.0
2026-08-12T13:05:00+00:00,60.65,60.65,60.59,60.5912,963.0
2026-08-12T13:10:00+00:00,60.6,60.6093,60.6,60.6,923.0
2026-08-12T13:15:00+00:00,60.6,60.602,60.53,60.58,25769.0
2026-08-12T13:20:00+00:00,60.56,60.59,60.5,60.5,9322.0
2026-08-12T13:25:00+00:00,60.53,60.53,60.43,60.43,8526.0
2026-08-12T13:30:00+00:00,60.42,60.48,60.42,60.47,2104.0
2026-08-12T13:35:00+00:00,60.47,60.7,60.35,60.37,1310418.454909
2026-08-12T13:40:00+00:00,60.37,60.505,60.34,60.405,478809.72758
2026-08-12T13:45:00+00:00,60.405,60.695,60.335,60.69,475986.96765899996
2026-08-12T13:50:00+00:00,60.685,60.805,60.67,60.79,376204.910242
2026-08-12T13:55:00+00:00,60.79,60.905,60.675,60.8499,571047.6172110001
2026-08-12T14:00:00+00:00,60.84,60.84,60.75,60.83,380116.489252
2026-08-12T14:05:00+00:00,60.84,60.93,60.83,60.915,381086.173147
2026-08-12T14:10:00+00:00,60.915,60.97,60.81,60.85,365791.580248
2026-08-12T14:15:00+00:00,60.86,60.97,60.83,60.945,276396.024928
2026-08-12T14:20:00+00:00,60.95,60.9768,60.855,60.9,692701.9087740001
2026-08-12T14:25:00+00:00,60.895,60.905,60.795,60.795,402860.74543099996
2026-08-12T14:30:00+00:00,60.8,60.83,60.725,60.7877,288081.990892
2026-08-12T14:35:00+00:00,60.78,60.79,60.59,60.76,1217672.019618
2026-08-12T14:40:00+00:00,60.74,60.875,60.74,60.855,461311.912726
2026-08-12T14:45:00+00:00,60.855,60.87,60.7,60.71,487606.67378799996
2026-08-12T14:50:00+00:00,60.715,60.78,60.68,60.78,315336.63061699993
2026-08-12T14:55:00+00:00,60.775,60.805,60.73,60.785,258075.86887299997
2026-08-12T15:00:00+00:00,60.785,60.835,60.77,60.825,260460.16115200002
2026-08-12T15:05:00+00:00,60.825,60.835,60.705,60.735,192278.98557299995
2026-08-12T15:10:00+00:00,60.73,60.805,60.725,60.795,135382.620871
2026-08-12T15:15:00+00:00,60.795,60.795,60.74,60.785,111706.84507000001
2026-08-12T15:20:00+00:00,60.785,60.8,60.72,60.765,186836.075785
2026-08-12T15:25:00+00:00,60.765,60.8,60.74,60.795,240157.29220800003
2026-08-12T15:30:00+00:00,60.79,60.83,60.76,60.825,138168.10193099998
2026-08-12T15:35:00+00:00,60.83,60.84,60.8,60.815,183915.92823299998
2026-08-12T15:40:00+00:00,60.815,60.8586,60.77,60.775,178908.455482
2026-08-12T15:45:00+00:00,60.775,60.78,60.715,60.75,134536.254779
2026-08-12T15:50:00+00:00,60.745,60.76,60.72,60.73,145233.67493
2026-08-12T15:55:00+00:00,60.74,60.815,60.73,60.815,131738.53409200002
2026-08-12T16:00:00+00:00,60.815,60.8177,60.77,60.815,159241.417766
2026-08-12T16:05:00+00:00,60.815,60.86,60.75,60.79,175956.954443
2026-08-12T16:10:00+00:00,60.795,60.825,60.7901,60.8,139648.458875
2026-08-12T16:15:00+00:00,60.8,60.805,60.76,60.775,126279.92223999999
2026-08-12T16:20:00+00:00,60.775,60.84,60.77,60.835,125671.61511700001
2026-08-12T16:25:00+00:00,60.835,60.9,60.83,60.895,107293.081567
2026-08-12T16:30:00+00:00,60.9,60.91,60.865,60.87,95252.689185
2026-08-12T16:35:00+00:00,60.865,60.91,60.85,60.905,93567.54557500001
2026-08-12T16:40:00+00:00,60.905,60.92,60.86,60.87,82604.502997
2026-08-12T16:45:00+00:00,60.87,60.91,60.855,60.895,80668.24150300001
2026-08-12T16:50:00+00:00,60.895,60.905,60.81,60.81,91056.83296
2026-08-12T16:55:00+00:00,60.81,60.8401,60.78,60.8034,144541.238759
2026-08-12T17:00:00+00:00,60.8057,60.835,60.8,60.835,69806.654818
2026-08-12T17:05:00+00:00,60.83,60.86,60.8123,60.84,100364.60329
2026-08-12T17:10:00+00:00,60.835,60.88,60.83,60.865,114432.898808
2026-08-12T17:15:00+00:00,60.865,60.91,60.85,60.905,190457.255568
2026-08-12T17:20:00+00:00,60.905,60.96,60.89,60.945,148301.612322
2026-08-12T17:25:00+00:00,60.9401,60.9401,60.845,60.845,109726.79093799999
2026-08-12T17:30:00+00:00,60.845,60.905,60.835,60.9,122294.90271599998
2026-08-12T17:35:00+00:00,60.9,60.925,60.83,60.855,163865.53685399998
2026-08-12T17:40:00+00:00,60.855,60.875,60.84,60.865,79937.31388900001
2026-08-12T17:45:00+00:00,60.865,60.9,60.86,60.885,88289.385893
2026-08-12T17:50:00+00:00,60.88,60.905,60.86,60.895,81444.196027
2026-08-12T17:55:00+00:00,60.9,60.99,60.9,60.965,481398.432155
2026-08-12T18:00:00+00:00,60.965,61.01,60.94,61.005,148003.152499
2026-08-12T18:05:00+00:00,61.005,61.045,60.995,61.025,335594.76916799997
2026-08-12T18:10:00+00:00,61.025,61.06,61.02,61.055,150200.823256
2026-08-12T18:15:00+00:00,61.055,61.07,61.03,61.07,167021.947825
2026-08-12T18:20:00+00:00,61.075,61.115,61.06,61.105,138117.216753
2026-08-12T18:25:00+00:00,61.105,61.12,61.075,61.11,153869.214183
2026-08-12T18:30:00+00:00,61.1,61.17,61.1,61.165,155538.324207
2026-08-12T18:35:00+00:00,61.16,61.16,61.08,61.08,125594.13272099999
2026-08-12T18:40:00+00:00,61.0863,61.105,61.07,61.075,129048.33387100001
2026-08-12T18:45:00+00:00,61.07,61.07,60.99,61.005,325715.985244
2026-08-12T18:50:00+00:00,61.005,61.02,60.97,60.975,136331.40902400002
2026-08-12T18:55:00+00:00,60.975,61.005,60.95,61.005,192086.082654
2026-08-12T19:00:00+00:00,61.0,61.01,60.96,60.96,157786.978997
2026-08-12T19:05:00+00:00,60.97,61.0,60.96,60.975,201915.6688
2026-08-12T19:10:00+00:00,60.975,60.99,60.94,60.975,197247.33209
2026-08-12T19:15:00+00:00,60.97,60.9899,60.935,60.97,162134.886716
2026-08-12T19:20:00+00:00,60.97,61.035,60.95,61.0201,404127.38985
2026-08-12T19:25:00+00:00,61.02,61.04,61.0,61.035,208238.632093
2026-08-12T19:30:00+00:00,61.035,61.05,60.99,61.035,319276.86106799997
2026-08-12T19:35:00+00:00,61.035,61.045,60.985,60.99,261928.491317
2026-08-12T19:40:00+00:00,60.985,61.0,60.95,60.97,299475.700986
2026-08-12T19:45:00+00:00,60.975,60.975,60.93,60.955,356267.87426600006
2026-08-12T19:50:00+00:00,60.955,60.995,60.92,60.985,460713.90436399996
2026-08-12T19:55:00+00:00,60.99,61.035,60.93,60.94,768425.64093
2026-08-12T20:00:00+00:00,60.94,61.05,60.91,61.01,1722638.9459239999
2026-08-12T20:05:00+00:00,61.03,61.09,61.03,61.03,19537.654135
2026-08-12T20:10:00+00:00,61.04,61.04,60.94,60.95,14396.0
2026-08-12T20:15:00+00:00,60.9501,61.0164,60.9501,61.0164,2196.0
2026-08-12T20:20:00+00:00,60.98,60.98,60.96,60.96,508.0816
2026-08-12T20:25:00+00:00,61.0253,61.0253,61.0253,61.0253,400.0
2026-08-12T20:30:00+00:00,61.02,61.0473,61.02,61.0473,2622.0
2026-08-12T20:35:00+00:00,61.04,61.04,61.04,61.04,659.0
2026-08-12T20:45:00+00:00,61.0307,61.0307,61.03,61.03,1464.0
2026-08-12T20:55:00+00:00,61.0368,61.0368,61.0368,61.0368,299.0
2026-08-12T21:00:00+00:00,61.0976,61.0976,61.03,61.0301,660.0
2026-08-12T21:05:00+00:00,61.0301,61.0301,61.0301,61.0301,104.0
2026-08-12T21:50:00+00:00,61.0565,61.0565,61.0565,61.0565,110.0
2026-08-12T21:55:00+00:00,61.1,61.1,61.1,61.1,133.0
2026-08-12T22:30:00+00:00,61.059,61.06,61.03,61.04,644.0
2026-08-12T22:35:00+00:00,61.02,61.02,61.002,61.002,3007.0
2026-08-12T22:45:00+00:00,61.05,61.05,61.05,61.05,375.0
2026-08-12T22:50:00+00:00,61.05,61.05,61.05,61.05,595.0
2026-08-12T22:55:00+00:00,61.05,61.05,61.05,61.05,250.0
2026-08-12T23:05:00+00:00,61.04,61.04,61.04,61.04,249.0
2026-08-12T23:10:00+00:00,61.06,61.06,61.06,61.06,506.0
2026-08-12T23:30:00+00:00,61.1014,61.1014,61.1014,61.1014,210.0
2026-08-12T23:40:00+00:00,61.0,61.0,61.0,61.0,151.0
2026-08-12T23:55:00+00:00,61.0205,61.0205,61.0205,61.0205,215.0
2026-08-13T00:00:00+00:00,61.03,61.0355,61.03,61.0355,800.0
2026-08-13T08:05:00+00:00,61.0,61.0,60.89,60.89,6077.80315
2026-08-13T08:15:00+00:00,60.97,60.99,60.97,60.99,501.0
2026-08-13T08:40:00+00:00,60.87,60.87,60.85,60.86,10204.0
2026-08-13T08:55:00+00:00,60.86,60.86,60.84,60.84,2200.0
2026-08-13T09:00:00+00:00,60.91,60.91,60.91,60.91,400.0
2026-08-13T09:10:00+00:00,60.89,60.89,60.89,60.89,410.0
2026-08-13T09:15:00+00:00,60.89,60.89,60.76,60.76,57891.919267
2026-08-13T09:20:00+00:00,60.76,60.76,60.76,60.76,27602.0
2026-08-13T09:40:00+00:00,60.75,60.75,60.75,60.75,1700.0
2026-08-13T09:45:00+00:00,60.75,60.77,60.75,60.77,578.0
2026-08-13T10:15:00+00:00,60.8,60.8,60.8,60.8,246.0
2026-08-13T10:30:00+00:00,60.79,60.79,60.78,60.78,640.0
2026-08-13T10:40:00+00:00,60.77,60.77,60.77,60.77,344.0
2026-08-13T11:05:00+00:00,60.8496,60.8496,60.6979,60.76,6418.0
2026-08-13T11:15:00+00:00,60.6418,60.7629,60.6418,60.7629,1377.0
2026-08-13T11:20:00+00:00,60.86,60.86,60.75,60.75,929.0
2026-08-13T11:25:00+00:00,60.74,60.78,60.74,60.78,215.0
2026-08-13T11:35:00+00:00,60.83,60.84,60.83,60.84,1279.0
2026-08-13T11:55:00+00:00,60.75,60.75,60.75,60.75,100.0
2026-08-13T12:00:00+00:00,60.81,60.81,60.81,60.81,112.0
2026-08-13T12:05:00+00:00,60.79,60.79,60.79,60.79,190.0
2026-08-13T12:10:00+00:00,60.79,60.79,60.7,60.75,2844.00216
2026-08-13T12:15:00+00:00,60.75,60.78,60.75,60.78,3365.0
2026-08-13T12:20:00+00:00,60.762,60.762,60.76,60.76,307.363
2026-08-13T12:25:00+00:00,60.77,60.78,60.75,60.76,1253.0
2026-08-13T12:30:00+00:00,60.8,60.8,60.8,60.8,330.0
2026-08-13T12:40:00+00:00,60.76,60.76,60.76,60.76,800.0
2026-08-13T12:45:00+00:00,60.74,60.74,60.7,60.7,1156.081205
2026-08-13T12:50:00+00:00,60.7,60.75,60.66,60.75,1124.0
2026-08-13T12:55:00+00:00,60.73,60.75,60.71,60.75,1178.0
2026-08-13T13:00:00+00:00,60.77,60.77,60.72,60.72,1607.0
2026-08-13T13:05:00+00:00,60.7,60.75,60.63,60.68,2671.0
2026-08-13T13:10:00+00:00,60.68,60.74,60.6,60.64,9184.0
2026-08-13T13:15:00+00:00,60.62,60.63,60.59,60.59,2255.0
2026-08-13T13:20:00+00:00,60.58,60.59,60.5108,60.54,5808.0
2026-08-13T13:25:00+00:00,60.56,60.57,60.5,60.57,8313.0
2026-08-13T13:30:00+00:00,60.5,60.55,60.47,60.55,17566.968625
2026-08-13T13:35:00+00:00,60.52,60.68,60.26,60.63,1225368.8055520002
2026-08-13T13:40:00+00:00,60.63,60.73,60.53,60.665,671799.5030060001
2026-08-13T13:45:00+00:00,60.682,60.87,60.67,60.83,267057.465157
2026-08-13T13:50:00+00:00,60.83,60.86,60.64,60.64,319856.909576
2026-08-13T13:55:00+00:00,60.63,60.74,60.33,60.36,430566.564155
2026-08-13T14:00:00+00:00,60.36,60.44,60.265,60.305,713621.750071
2026-08-13T14:05:00+00:00,60.31,60.42,60.24,60.4,862900.8613439999
2026-08-13T14:10:00+00:00,60.395,60.43,60.235,60.235,290037.796467
2026-08-13T14:15:00+00:00,60.235,60.36,60.23,60.345,482036.058941
2026-08-13T14:20:00+00:00,60.35,60.52,60.31,60.49,396253.97269
2026-08-13T14:25:00+00:00,60.48,60.74,60.48,60.6,389172.50436599995
2026-08-13T14:30:00+00:00,60.605,60.775,60.58,60.77,191676.827487
2026-08-13T14:35:00+00:00,60.78,60.875,60.74,60.845,205840.55704299998
2026-08-13T14:40:00+00:00,60.85,60.915,60.815,60.845,357776.453242
2026-08-13T14:45:00+00:00,60.85,60.88,60.8,60.845,217758.48961699998
2026-08-13T14:50:00+00:00,60.845,60.87,60.735,60.74,183293.701901
2026-08-13T14:55:00+00:00,60.745,60.84,60.73,60.83,618766.9895830001
2026-08-13T15:00:00+00:00,60.84,60.85,60.755,60.76,112817.351386
2026-08-13T15:05:00+00:00,60.77,60.82,60.71,60.775,181838.530876
2026-08-13T15:10:00+00:00,60.79,60.855,60.755,60.845,146213.18619900002
2026-08-13T15:15:00+00:00,60.84,60.965,60.79,60.955,218862.01846300001
2026-08-13T15:20:00+00:00,60.955,61.0,60.93,60.94,152470.92623
2026-08-13T15:25:00+00:00,60.94,60.96,60.89,60.95,225221.03366900003
2026-08-13T15:30:00+00:00,60.94,61.095,60.94,61.085,381551.172136
2026-08-13T15:35:00+00:00,61.08,61.08,60.93,60.975,234844.16527199998
2026-08-13T15:40:00+00:00,60.97,60.97,60.89,60.89,125250.714512
2026-08-13T15:45:00+00:00,60.895,60.97,60.88,60.94,107117.467219
2026-08-13T15:50:00+00:00,60.945,60.975,60.935,60.95,94506.018061
2026-08-13T15:55:00+00:00,60.95,61.025,60.93,61.005,77385.153742
2026-08-13T16:00:00+00:00,61.0,61.0155,60.98,60.99,87666.858763
2026-08-13T16:05:00+00:00,60.99,61.005,60.94,60.9688,134710.973906
2026-08-13T16:10:00+00:00,60.965,60.995,60.94,60.965,124177.64659599999
2026-08-13T16:15:00+00:00,60.965,61.005,60.94,60.965,96098.379436
2026-08-13T16:20:00+00:00,60.96,60.985,60.95,60.95,102885.332433
2026-08-13T16:25:00+00:00,60.95,60.9699,60.915,60.925,354542.393269
2026-08-13T16:30:00+00:00,60.925,60.97,60.895,60.96,81791.505714
2026-08-13T16:35:00+00:00,60.955,60.96,60.865,60.885,116723.670036
2026-08-13T16:40:00+00:00,60.88,60.915,60.845,60.855,133753.261532
2026-08-13T16:45:00+00:00,60.85,60.885,60.83,60.845,119289.794742
2026-08-13T16:50:00+00:00,60.84,60.88,60.835,60.835,86937.25669899999
2026-08-13T16:55:00+00:00,60.83,60.85,60.815,60.835,90537.374522
2026-08-13T17:00:00+00:00,60.835,60.905,60.835,60.905,129074.019653
2026-08-13T17:05:00+00:00,60.91,60.965,60.91,60.96,109560.115092
2026-08-13T17:10:00+00:00,60.95,60.99,60.93,60.96,90298.302029
2026-08-13T17:15:00+00:00,60.96,61.01,60.94,60.995,80659.808351
2026-08-13T17:20:00+00:00,61.0,61.01,60.965,60.97,61463.93619400001
2026-08-13T17:25:00+00:00,60.975,61.02,60.96,60.98,150449.378528
2026-08-13T17:30:00+00:00,60.98,61.015,60.95,61.0,106513.623106
2026-08-13T17:35:00+00:00,61.005,61.065,60.995,61.025,174656.002642
2026-08-13T17:40:00+00:00,61.025,61.04,60.99,61.0,91481.558161
2026-08-13T17:45:00+00:00,61.0,61.025,60.99,61.025,56748.501363
2026-08-13T17:50:00+00:00,61.0299,61.05,61.005,61.025,66858.482888
2026-08-13T17:55:00+00:00,61.02,61.02,60.96,60.975,205589.640194
2026-08-13T18:00:00+00:00,60.98,60.99,60.9401,60.98,114822.943807
2026-08-13T18:05:00+00:00,60.98,61.0025,60.955,60.98,108542.539783
2026-08-13T18:10:00+00:00,60.985,61.01,60.935,60.935,147191.748883
2026-08-13T18:15:00+00:00,60.935,60.94,60.865,60.895,163500.765911
2026-08-13T18:20:00+00:00,60.895,60.975,60.88,60.96,143784.57266
2026-08-13T18:25:00+00:00,60.955,60.99,60.95,60.985,135710.54925799998
2026-08-13T18:30:00+00:00,60.985,61.01,60.97,60.985,94821.445576
2026-08-13T18:35:00+00:00,60.98,60.99,60.93,60.96,88914.56754100001
2026-08-13T18:40:00+00:00,60.96,60.965,60.91,60.915,200774.99782800002
2026-08-13T18:45:00+00:00,60.92,60.93,60.89,60.9001,114618.695676
2026-08-13T18:50:00+00:00,60.905,60.96,60.89,60.945,198952.71422799997
2026-08-13T18:55:00+00:00,60.94,60.965,60.92,60.945,130708.280942
2026-08-13T19:00:00+00:00,60.94,60.955,60.88,60.895,149776.71360900003
2026-08-13T19:05:00+00:00,60.9,60.935,60.895,60.91,118010.103836
2026-08-13T19:10:00+00:00,60.915,60.95,60.91,60.94,274826.139222
2026-08-13T19:15:00+00:00,60.93,60.965,60.89,60.935,305298.98869699996
2026-08-13T19:20:00+00:00,60.94,61.04,60.94,61.03,264149.353228
2026-08-13T19:25:00+00:00,61.03,61.0578,61.02,61.0551,181009.141593
2026-08-13T19:30:00+00:00,61.055,61.06,60.99,60.995,198417.312873
2026-08-13T19:35:00+00:00,60.995,61.03,60.94,60.96,337992.027025
2026-08-13T19:40:00+00:00,60.96,61.0,60.95,60.995,235517.304235
2026-08-13T19:45:00+00:00,61.0,61.02,60.95,61.01,464861.31986600003
2026-08-13T19:50:00+00:00,61.01,61.07,61.01,61.035,307776.91100300004
2026-08-13T19:55:00+00:00,61.03,61.05,60.975,60.975,470214.62488899997
2026-08-13T20:00:00+00:00,60.975,61.125,60.975,61.04,1850102.498235
2026-08-13T20:05:00+00:00,61.06,61.12,61.06,61.12,6416.54204
2026-08-13T20:10:00+00:00,61.08,61.1,61.05,61.05,5679.0
2026-08-13T20:15:00+00:00,61.11,61.13,61.11,61.13,854.0
2026-08-13T20:20:00+00:00,61.07,61.07,61.05,61.05,1104.238065
2026-08-13T20:25:00+00:00,61.08,61.08,61.08,61.08,400.0
2026-08-13T20:30:00+00:00,61.04,61.04,61.04,61.04,2415.0
2026-08-13T20:40:00+00:00,61.06,61.06,61.06,61.06,250.0
2026-08-13T21:00:00+00:00,61.085,61.085,61.085,61.085,139.0
2026-08-13T21:05:00+00:00,61.0633,61.0633,61.0633,61.0633,450.0
2026-08-13T21:10:00+00:00,61.06,61.06,61.04,61.04,1015.0
2026-08-13T21:15:00+00:00,61.0653,61.07,61.0653,61.07,670.0
2026-08-13T21:35:00+00:00,61.06,61.06,61.0186,61.0186,400.0
2026-08-13T21:50:00+00:00,61.07,61.07,61.07,61.07,126.0
2026-08-13T21:55:00+00:00,61.07,61.07,61.07,61.07,491.0
2026-08-13T22:05:00+00:00,61.0424,61.0424,61.0424,61.0424,401.815208
2026-08-13T22:15:00+00:00,61.1,61.1,61.1,61.1,300.0
2026-08-13T22:25:00+00:00,61.0845,61.0845,61.0845,61.0845,100.0
2026-08-13T22:50:00+00:00,61.0077,61.0423,61.0077,61.0423,370.0
2026-08-13T23:00:00+00:00,61.0018,61.0018,61.0018,61.0018,600.0
2026-08-13T23:15:00+00:00,61.1,61.1,61.1,61.1,101.0
2026-08-13T23:20:00+00:00,61.0922,61.0922,61.0922,61.0922,1000.0
2026-08-13T23:25:00+00:00,61.0069,61.0069,61.0069,61.0069,300.0
2026-08-13T23:30:00+00:00,61.1,61.1,61.1,61.1,431.0
2026-08-13T23:40:00+00:00,61.0,61.0,61.0,61.0,1000.0
2026-08-14T08:05:00+00:00,61.1,61.37,61.01,61.35,21818.250196
2026-08-14T08:10:00+00:00,61.3,61.3,61.3,61.3,300.0
2026-08-14T08:15:00+00:00,61.36,61.36,61.36,61.36,400.0
2026-08-14T08:25:00+00:00,61.38,61.38,61.38,61.38,200.0
2026-08-14T08:35:00+00:00,61.38,61.39,61.37,61.38,2810.0
2026-08-14T08:40:00+00:00,61.36,61.37,61.36,61.36,1311.0
2026-08-14T08:45:00+00:00,61.33,61.37,61.33,61.37,3408.0
2026-08-14T08:55:00+00:00,61.36,61.36,61.35,61.35,607.0
2026-08-14T09:10:00+00:00,61.35,61.35,61.35,61.35,325.0
2026-08-14T09:15:00+00:00,61.33,61.34,61.33,61.34,801.0
2026-08-14T09:20:00+00:00,61.33,61.34,61.33,61.33,600.0
2026-08-14T09:50:00+00:00,61.35,61.35,61.35,61.35,200.0
2026-08-14T10:20:00+00:00,61.28,61.28,61.28,61.28,630.0
2026-08-14T10:25:00+00:00,61.29,61.3,61.29,61.3,2284.2895
2026-08-14T10:30:00+00:00,61.25,61.32,61.23,61.32,1843.0
2026-08-14T10:40:00+00:00,61.29,61.3,61.29,61.3,600.0
2026-08-14T10:55:00+00:00,61.28,61.28,61.28,61.28,140.0
2026-08-14T11:05:00+00:00,61.21,61.25,61.21,61.25,883.0
2026-08-14T11:10:00+00:00,61.28,61.28,61.26,61.26,311.0
2026-08-14T11:15:00+00:00,61.28,61.28,61.28,61.28,432.0
2026-08-14T11:20:00+00:00,61.35,61.35,61.3314,61.3314,501.0
2026-08-14T11:25:00+00:00,61.29,61.29,61.28,61.28,1732.0
2026-08-14T11:30:00+00:00,61.3,61.3,61.3,61.3,105.0
2026-08-14T11:40:00+00:00,61.2386,61.2386,61.2386,61.2386,218.0
2026-08-14T11:45:00+00:00,61.3,61.31,61.3,61.31,700.0
2026-08-14T11:55:00+00:00,61.27,61.27,61.26,61.26,625.0
2026-08-14T12:00:00+00:00,61.27,61.27,61.21,61.23,7099.0
2026-08-14T12:05:00+00:00,61.23,61.31,61.01,61.31,8844.0
2026-08-14T12:10:00+00:00,61.223,61.223,61.223,61.223,183.0
2026-08-14T12:15:00+00:00,61.29,61.29,61.24,61.24,917.0
2026-08-14T12:20:00+00:00,61.31,61.3176,61.31,61.3176,598.165
2026-08-14T12:25:00+00:00,61.3,61.3199,61.3,61.3199,1916.0
2026-08-14T12:30:00+00:00,61.3,61.32,61.3,61.32,3264.0
2026-08-14T12:35:00+00:00,61.29,61.3,61.24,61.24,2039.315875
2026-08-14T12:40:00+00:00,61.25,61.3,61.25,61.3,4352.0
2026-08-14T12:50:00+00:00,61.255,61.28,61.24,61.24,1427.0
2026-08-14T12:55:00+00:00,61.25,61.25,61.25,61.25,297.0
2026-08-14T13:00:00+00:00,61.27,61.29,61.26,61.29,1887.0
2026-08-14T13:05:00+00:00,61.27,61.27,61.27,61.27,266.0
2026-08-14T13:15:00+00:00,61.24,61.24,61.24,61.24,734.168044
2026-08-14T13:20:00+00:00,61.26,61.27,61.26,61.27,1810.0
2026-08-14T13:25:00+00:00,61.28,61.31,61.25,61.31,13126.0
2026-08-14T13:30:00+00:00,61.2439,61.33,61.2439,61.3,24369.0
2026-08-14T13:35:00+00:00,61.37,61.52,61.25,61.28,1270327.122125
2026-08-14T13:40:00+00:00,61.28,61.575,61.275,61.56,686999.502966
2026-08-14T13:45:00+00:00,61.565,61.73,61.565,61.72,512663.563377
2026-08-14T13:50:00+00:00,61.725,61.775,61.645,61.76,436430.108601
2026-08-14T13:55:00+00:00,61.76,61.81,61.685,61.78,554920.237324
2026-08-14T14:00:00+00:00,61.78,61.86,61.76,61.84,351504.649294
2026-08-14T14:05:00+00:00,61.83,61.9905,61.83,61.975,630876.5950529999
2026-08-14T14:10:00+00:00,61.98,62.06,61.94,61.995,432365.0091939999
2026-08-14T14:15:00+00:00,61.995,62.065,61.94,61.975,323636.03636400006
2026-08-14T14:20:00+00:00,61.97,62.0,61.87,61.99,308325.126397
2026-08-14T14:25:00+00:00,61.99,62.035,61.975,62.03,196916.72380700003
2026-08-14T14:30:00+00:00,62.025,62.065,61.995,62.025,132593.491945
2026-08-14T14:35:00+00:00,62.025,62.09,61.955,61.98,503644.839634
2026-08-14T14:40:00+00:00,61.98,62.11,61.94,62.055,273754.966273
2026-08-14T14:45:00+00:00,62.05,62.1,62.03,62.075,284401.22380700003
2026-08-14T14:50:00+00:00,62.07,62.07,61.905,61.9219,569127.838764
2026-08-14T14:55:00+00:00,61.93,61.97,61.84,61.845,326717.874956
2026-08-14T15:00:00+00:00,61.845,61.915,61.84,61.855,280624.335217
2026-08-14T15:05:00+00:00,61.855,61.895,61.82,61.865,270791.228326
2026-08-14T15:10:00+00:00,61.865,61.895,61.77,61.81,240635.194567
2026-08-14T15:15:00+00:00,61.8104,61.885,61.78,61.865,184552.05359
2026-08-14T15:20:00+00:00,61.8698,61.8698,61.785,61.8,198734.576729
2026-08-14T15:25:00+00:00,61.8,61.87,61.78,61.865,114512.412832
2026-08-14T15:30:00+00:00,61.86,61.95,61.83,61.87,375094.934893
2026-08-14T15:35:00+00:00,61.87,61.94,61.85,61.925,334704.481901
2026-08-14T15:40:00+00:00,61.925,61.94,61.9,61.915,186060.977351
2026-08-14T15:45:00+00:00,61.915,61.9195,61.835,61.85,250940.27080300002
2026-08-14T15:50:00+00:00,61.85,61.92,61.82,61.885,126052.63467
2026-08-14T15:55:00+00:00,61.885,61.91,61.83,61.885,144841.784506
2026-08-14T16:00:00+00:00,61.885,61.97,61.88,61.965,101793.34985500001
2026-08-14T16:05:00+00:00,61.965,62.05,61.96,62.005,108404.525369
2026-08-14T16:10:00+00:00,62.0063,62.0063,61.95,61.99,136119.29730900002
2026-08-14T16:15:00+00:00,61.99,61.995,61.915,61.985,101331.92816499999
2026-08-14T16:20:00+00:00,61.985,62.015,61.95,61.95,133234.254032
2026-08-14T16:25:00+00:00,61.955,61.955,61.9,61.93,187849.29759000003
2026-08-14T16:30:00+00:00,61.935,61.985,61.91,61.915,86399.39477299999
2026-08-14T16:35:00+00:00,61.915,61.98,61.89,61.95,126523.65856
2026-08-14T16:40:00+00:00,61.955,61.975,61.93,61.955,104906.78943100001
2026-08-14T16:45:00+00:00,61.955,62.01,61.95,62.0,277220.851006
2026-08-14T16:50:00+00:00,62.01,62.02,61.93,61.99,263838.368778
2026-08-14T16:55:00+00:00,61.99,62.035,61.98,62.01,101664.76431
2026-08-14T17:00:00+00:00,62.005,62.05,61.98,62.01,171667.725071
2026-08-14T17:05:00+00:00,62.015,62.045,61.995,62.03,195654.345311
2026-08-14T17:10:00+00:00,62.035,62.0699,62.0,62.055,239807.682325
2026-08-14T17:15:00+00:00,62.055,62.065,62.02,62.025,241016.543112
2026-08-14T17:20:00+00:00,62.03,62.06,62.02,62.05,214350.539024
2026-08-14T17:25:00+00:00,62.045,62.08,62.01,62.02,104877.222948
2026-08-14T17:30:00+00:00,62.02,62.055,61.98,62.045,124579.032489
2026-08-14T17:35:00+00:00,62.045,62.085,61.99,62.01,185301.490534
2026-08-14T17:40:00+00:00,62.015,62.035,61.98,62.01,143357.990487
2026-08-14T17:45:00+00:00,62.015,62.02,61.97,61.975,181583.64380199998
2026-08-14T17:50:00+00:00,61.975,61.985,61.9,61.905,119044.24782000002
2026-08-14T17:55:00+00:00,61.9,61.98,61.89,61.975,107068.229081
2026-08-14T18:00:00+00:00,61.975,61.985,61.86,61.8699,82491.04027600001
2026-08-14T18:05:00+00:00,61.86,61.91,61.8421,61.89,220756.323459
2026-08-14T18:10:00+00:00,61.885,61.91,61.855,61.905,114388.896634
2026-08-14T18:15:00+00:00,61.91,61.945,61.88,61.945,128236.288996
2026-08-14T18:20:00+00:00,61.945,61.985,61.925,61.93,180599.88244
2026-08-14T18:25:00+00:00,61.94,61.955,61.885,61.89,215794.56519999995
2026-08-14T18:30:00+00:00,61.89,61.985,61.885,61.96,127127.33465799999
2026-08-14T18:35:00+00:00,61.96,61.98,61.935,61.935,177834.113606
2026-08-14T18:40:00+00:00,61.9301,61.945,61.9,61.93,118072.84775400002
2026-08-14T18:45:00+00:00,61.935,61.96,61.91,61.94,206280.197953
2026-08-14T18:50:00+00:00,61.95,61.99,61.93,61.985,171419.315124
2026-08-14T18:55:00+00:00,61.99,62.03,61.96,62.015,147854.824563
2026-08-14T19:00:00+00:00,62.015,62.03,61.98,61.98,175099.36299500003
2026-08-14T19:05:00+00:00,61.985,61.985,61.93,61.94,160386.311143
2026-08-14T19:10:00+00:00,61.945,61.97,61.93,61.95,268457.534538
2026-08-14T19:15:00+00:00,61.955,61.965,61.92,61.945,333463.379203
2026-08-14T19:20:00+00:00,61.945,61.97,61.91,61.945,223874.54737400002
2026-08-14T19:25:00+00:00,61.95,61.95,61.91,61.93,134501.969003
2026-08-14T19:30:00+00:00,61.935,61.95,61.885,61.895,177516.33976099998
2026-08-14T19:35:00+00:00,61.89,61.89,61.79,61.85,391478.67822599993
2026-08-14T19:40:00+00:00,61.855,61.88,61.79,61.85,277487.047612
2026-08-14T19:45:00+00:00,61.86,61.92,61.86,61.875,335820.254653
2026-08-14T19:50:00+00:00,61.87,61.935,61.86,61.9,500987.67233000003
2026-08-14T19:55:00+00:00,61.9,61.9,61.82,61.855,759893.3519020001
2026-08-14T20:00:00+00:00,61.855,61.93,61.83,61.92,1749811.8230289998
2026-08-14T20:05:00+00:00,61.91,61.93,61.91,61.91,10330.236745
2026-08-14T20:10:00+00:00,61.87,61.87,61.8,61.82,8682.0
2026-08-14T20:15:00+00:00,61.84,61.84,61.8073,61.84,17912.468718
2026-08-14T20:20:00+00:00,61.84,61.8672,61.8,61.8,7792.33345
2026-08-14T20:25:00+00:00,61.82,61.82,61.82,61.82,152.0
2026-08-14T20:30:00+00:00,61.86,61.86,61.86,61.86,461.0
2026-08-14T20:35:00+00:00,61.8301,61.8301,61.8301,61.8301,2532.0
2026-08-14T20:40:00+00:00,61.85,61.87,61.85,61.86,2308.0
2026-08-14T20:50:00+00:00,61.835,61.8638,61.835,61.86,563.0
2026-08-14T20:55:00+00:00,61.86,61.86,61.85,61.85,740.0
2026-08-14T21:10:00+00:00,61.87,61.87,61.87,61.87,114.0
2026-08-14T21:20:00+00:00,61.86,61.86,61.86,61.86,701.0
2026-08-14T21:25:00+00:00,61.86,61.86,61.85,61.85,946.0
2026-08-14T21:30:00+00:00,61.86,61.86,61.84,61.84,1137.0
2026-08-14T21:35:00+00:00,61.86,61.86,61.86,61.86,300.0
2026-08-14T21:40:00+00:00,61.86,61.87,61.86,61.87,609.0
2026-08-14T21:45:00+00:00,61.8697,61.87,61.8685,61.87,8565.0
2026-08-14T22:00:00+00:00,61.89,61.89,61.89,61.89,293.0
2026-08-14T22:35:00+00:00,61.89,61.89,61.89,61.89,400.0
2026-08-14T22:55:00+00:00,61.89,61.8995,61.89,61.8995,706.26
2026-08-14T23:05:00+00:00,61.89,61.89,61.89,61.89,100.0
2026-08-14T23:15:00+00:00,61.8991,61.8991,61.8991,61.8991,200.0
2026-08-14T23:20:00+00:00,61.9,61.9,61.8999,61.8999,400.0
2026-08-14T23:25:00+00:00,61.87,61.89,61.86,61.89,10667.0
2026-08-14T23:45:00+00:00,61.83,61.8989,61.83,61.84,2776.0
2026-08-14T23:50:00+00:00,61.8408,61.8408,61.8408,61.8408,156.0
2026-08-15T00:00:00+00:00,61.88,61.9,61.8754,61.9,2153.0
2026-08-17T08:05:00+00:00,61.88,61.88,61.65,61.77,10011.425791
2026-08-17T08:10:00+00:00,61.77,61.77,61.66,61.67,7481.134397
2026-08-17T08:15:00+00:00,61.67,61.67,61.64,61.64,4903.0
2026-08-17T08:30:00+00:00,61.91,61.91,61.91,61.91,213.0
2026-08-17T08:40:00+00:00,61.9,61.9,61.9,61.9,1300.0
2026-08-17T09:00:00+00:00,61.74,61.76,61.74,61.76,913.0
2026-08-17T09:10:00+00:00,61.91,61.91,61.8,61.85,1742.0
2026-08-17T09:20:00+00:00,61.85,61.85,61.85,61.85,744.0
2026-08-17T09:35:00+00:00,61.85,61.85,61.85,61.85,113.0
2026-08-17T09:45:00+00:00,61.84,61.84,61.84,61.84,101.0
2026-08-17T10:00:00+00:00,61.88,61.88,61.88,61.88,117.0
2026-08-17T10:05:00+00:00,61.88,61.88,61.88,61.88,116.0
2026-08-17T10:10:00+00:00,61.89,61.89,61.88,61.88,204.0
2026-08-17T10:20:00+00:00,61.88,61.8961,61.88,61.8961,1999.0
2026-08-17T10:30:00+00:00,61.9,61.915,61.9,61.91,3229.0
2026-08-17T10:35:00+00:00,61.855,61.855,61.85,61.855,200.0
2026-08-17T10:40:00+00:00,61.91,61.91,61.8119,61.9,301.0
2026-08-17T10:50:00+00:00,61.9,61.9,61.9,61.9,572.0
2026-08-17T10:55:00+00:00,61.87,61.9,61.86,61.9,2127.0
2026-08-17T11:00:00+00:00,61.87,61.87,61.86,61.86,1000.0
2026-08-17T11:05:00+00:00,61.84,61.91,61.83,61.8776,3265.0
2026-08-17T11:10:00+00:00,61.83,61.83,61.82,61.82,1213.0
2026-08-17T11:15:00+00:00,61.84,61.91,61.8282,61.8282,1484.0
2026-08-17T11:20:00+00:00,61.8896,61.8896,61.83,61.83,412.0
2026-08-17T11:30:00+00:00,61.89,61.9,61.89,61.9,1614.0
2026-08-17T11:35:00+00:00,61.9,61.91,61.82,61.86,18976.0
2026-08-17T11:40:00+00:00,61.82,61.82,61.82,61.82,382.43
2026-08-17T11:45:00+00:00,61.81,61.86,61.81,61.8274,590.0
2026-08-17T11:50:00+00:00,61.82,61.82,61.82,61.82,345.0
2026-08-17T11:55:00+00:00,61.8814,61.8814,61.81,61.81,796.0
2026-08-17T12:00:00+00:00,61.8,61.81,61.8,61.8,1779.0
2026-08-17T12:05:00+00:00,61.7302,61.7302,61.7302,61.7302,186.0
2026-08-17T12:10:00+00:00,61.75,61.8147,61.75,61.8147,1107.3
2026-08-17T12:15:00+00:00,61.83,61.84,61.8,61.84,1181.0
2026-08-17T12:20:00+00:00,61.81,61.88,61.81,61.87,1302.0
2026-08-17T12:30:00+00:00,61.89,61.94,61.88,61.94,3788.21
2026-08-17T12:40:00+00:00,61.95,61.95,61.93,61.95,1550.0
2026-08-17T12:45:00+00:00,61.97,61.97,61.95,61.95,1149.0
2026-08-17T12:50:00+00:00,61.9838,61.99,61.9538,61.99,3052.0
2026-08-17T12:55:00+00:00,61.99,61.99,61.95,61.95,6830.939424
2026-08-17T13:00:00+00:00,61.95,61.95,61.8942,61.8942,2585.0
2026-08-17T13:05:00+00:00,61.9776,61.98,61.95,61.95,1025.0
2026-08-17T13:10:00+00:00,61.9799,61.99,61.96,61.99,56429.0
2026-08-17T13:15:00+00:00,62.0,62.01,61.96,62.01,7638.0
2026-08-17T13:20:00+00:00,62.01,62.04,62.0,62.04,5927.0
2026-08-17T13:25:00+00:00,62.072,62.072,62.06,62.07,1205.0
2026-08-17T13:30:00+00:00,62.09,62.2,62.06,62.2,12677.5648
2026-08-17T13:35:00+00:00,62.215,62.29,61.785,61.83,1285019.998137
2026-08-17T13:40:00+00:00,61.84,62.08,61.84,62.06,509127.015977
2026-08-17T13:45:00+00:00,62.06,62.2777,62.01,62.27,415608.984759
2026-08-17T13:50:00+00:00,62.255,62.33,62.14,62.15,298551.10093300004
2026-08-17T13:55:00+00:00,62.15,62.15,62.01,62.05,372336.694214
2026-08-17T14:00:00+00:00,62.045,62.155,61.985,62.085,521974.37176600005
2026-08-17T14:05:00+00:00,62.08,62.38,62.065,62.37,684833.883898
2026-08-17T14:10:00+00:00,62.365,62.4,62.1961,62.2,345460.56957299996
2026-08-17T14:15:00+00:00,62.2,62.265,62.16,62.245,198141.857722
2026-08-17T14:20:00+00:00,62.24,62.3,62.125,62.3,238695.09935899999
2026-08-17T14:25:00+00:00,62.3,62.31,62.2,62.245,211457.48400099998
2026-08-17T14:30:00+00:00,62.24,62.33,62.22,62.305,141918.18727
2026-08-17T14:35:00+00:00,62.305,62.41,62.295,62.385,240655.31834600001
2026-08-17T14:40:00+00:00,62.38,62.38,62.31,62.315,192205.913787
2026-08-17T14:45:00+00:00,62.31,62.32,62.22,62.25,269874.696689
2026-08-17T14:50:00+00:00,62.25,62.31,62.215,62.24,287874.386686
2026-08-17T14:55:00+00:00,62.24,62.265,62.18,62.185,212077.28421199997
2026-08-17T15:00:00+00:00,62.19,62.2,62.08,62.125,243390.69739600003
2026-08-17T15:05:00+00:00,62.125,62.145,62.065,62.075,313344.360542
2026-08-17T15:10:00+00:00,62.075,62.14,62.04,62.125,321746.345016
2026-08-17T15:15:00+00:00,62.12,62.16,62.1,62.135,253740.51354199997
2026-08-17T15:20:00+00:00,62.13,62.16,62.095,62.14,254701.250196
2026-08-17T15:25:00+00:00,62.14,62.16,62.07,62.15,200542.43210799998
2026-08-17T15:30:00+00:00,62.15,62.19,62.09,62.12,162740.487386
2026-08-17T15:35:00+00:00,62.12,62.2,62.12,62.18,176518.480325
2026-08-17T15:40:00+00:00,62.17,62.18,62.09,62.13,148083.70026200003
2026-08-17T15:45:00+00:00,62.14,62.155,62.1,62.155,154034.863988
2026-08-17T15:50:00+00:00,62.155,62.215,62.15,62.185,146009.760788
2026-08-17T15:55:00+00:00,62.18,62.185,62.1201,62.15,139201.889107
2026-08-17T16:00:00+00:00,62.15,62.25,62.15,62.235,104906.564076
2026-08-17T16:05:00+00:00,62.235,62.27,62.195,62.2261,131182.08759399998
2026-08-17T16:10:00+00:00,62.23,62.265,62.22,62.255,184148.90284599998
2026-08-17T16:15:00+00:00,62.25,62.29,62.245,62.275,141667.047651
2026-08-17T16:20:00+00:00,62.275,62.305,62.22,62.245,147168.431175
2026-08-17T16:25:00+00:00,62.245,62.27,62.21,62.27,119140.549738
2026-08-17T16:30:00+00:00,62.275,62.275,62.225,62.25,101899.491563
2026-08-17T16:35:00+00:00,62.245,62.295,62.22,62.285,129325.83733200001
2026-08-17T16:40:00+00:00,62.29,62.3,62.245,62.265,153360.277382
2026-08-17T16:45:00+00:00,62.26,62.325,62.26,62.325,116279.47756500001
2026-08-17T16:50:00+00:00,62.32,62.345,62.27,62.295,136562.217396
2026-08-17T16:55:00+00:00,62.29,62.345,62.29,62.34,144178.211899
2026-08-17T17:00:00+00:00,62.345,62.38,62.32,62.33,336415.22833000007
2026-08-17T17:05:00+00:00,62.325,62.37,62.32,62.355,108605.869611
2026-08-17T17:10:00+00:00,62.36,62.41,62.33,62.37,248514.768408
2026-08-17T17:15:00+00:00,62.365,62.485,62.36,62.4405,422268.41571599996
2026-08-17T17:20:00+00:00,62.4481,62.485,62.435,62.465,176237.73481800003
2026-08-17T17:25:00+00:00,62.468,62.485,62.455,62.48,180462.765562
2026-08-17T17:30:00+00:00,62.485,62.49,62.43,62.48,231834.23306899998
2026-08-17T17:35:00+00:00,62.485,62.515,62.46,62.465,254209.314162
2026-08-17T17:40:00+00:00,62.465,62.48,62.42,62.445,150950.504165
2026-08-17T17:45:00+00:00,62.45,62.47,62.4,62.425,149866.240849
2026-08-17T17:50:00+00:00,62.42,62.455,62.4,62.45,110998.450659
2026-08-17T17:55:00+00:00,62.455,62.51,62.445,62.505,193245.462506
2026-08-17T18:00:00+00:00,62.505,62.59,62.505,62.57,186505.01249
2026-08-17T18:05:00+00:00,62.575,62.59,62.515,62.555,527185.531454
2026-08-17T18:10:00+00:00,62.555,62.61,62.52,62.575,366825.69674200006
2026-08-17T18:15:00+00:00,62.57,62.62,62.53,62.58,231185.609676
2026-08-17T18:20:00+00:00,62.5897,62.615,62.57,62.59,153410.15070099998
2026-08-17T18:25:00+00:00,62.6,62.67,62.59,62.64,527635.728609
2026-08-17T18:30:00+00:00,62.645,62.67,62.61,62.6397,221330.847815
2026-08-17T18:35:00+00:00,62.635,62.64,62.585,62.62,219593.33876299998
2026-08-17T18:40:00+00:00,62.625,62.665,62.6,62.62,152605.461976
2026-08-17T18:45:00+00:00,62.615,62.635,62.57,62.625,179703.69585999998
2026-08-17T18:50:00+00:00,62.625,62.635,62.575,62.6001,193478.160409
2026-08-17T18:55:00+00:00,62.6,62.64,62.59,62.615,178741.941541
2026-08-17T19:00:00+00:00,62.615,62.67,62.615,62.665,132539.554208
2026-08-17T19:05:00+00:00,62.665,62.67,62.615,62.615,139082.112097
2026-08-17T19:10:00+00:00,62.61,62.61,62.57,62.575,816228.641392
2026-08-17T19:15:00+00:00,62.57,62.59,62.54,62.58,138379.922239
2026-08-17T19:20:00+00:00,62.585,62.595,62.535,62.59,183486.006595
2026-08-17T19:25:00+00:00,62.59,62.6,62.46,62.46,189529.048304
2026-08-17T19:30:00+00:00,62.46,62.49,62.45,62.49,286418.391184
2026-08-17T19:35:00+00:00,62.48,62.57,62.44,62.565,220459.793439
2026-08-17T19:40:00+00:00,62.57,62.615,62.56,62.615,200008.148588
2026-08-17T19:45:00+00:00,62.62,62.64,62.6,62.635,257178.20634
2026-08-17T19:50:00+00:00,62.635,62.685,62.62,62.655,413933.05091600004
2026-08-17T19:55:00+00:00,62.655,62.655,62.55,62.595,874086.7747210001
2026-08-17T20:00:00+00:00,62.6,62.67,62.575,62.59,2005869.5693040001
2026-08-17T20:05:00+00:00,62.58,62.6062,62.51,62.55,49221.888709000006
2026-08-17T20:10:00+00:00,62.53,62.6,62.48,62.6,64281.0
2026-08-17T20:15:00+00:00,62.58,62.6806,62.52,62.52,6456.345801
2026-08-17T20:20:00+00:00,62.6,62.6062,62.6,62.6062,1254.988617
2026-08-17T20:25:00+00:00,62.62,62.6746,62.62,62.67,16593.0
2026-08-17T20:30:00+00:00,62.69,62.7292,62.68,62.7,8057.0
2026-08-17T20:35:00+00:00,62.71,62.71,62.7,62.7006,2069.0
2026-08-17T20:40:00+00:00,62.7,62.7,62.7,62.7,310.0
2026-08-17T20:45:00+00:00,62.7271,62.73,62.7017,62.73,1512.0
2026-08-17T20:50:00+00:00,62.7,62.7,62.7,62.7,804.0
2026-08-17T20:55:00+00:00,62.73,62.7468,62.7,62.7331,9375.0
2026-08-17T21:00:00+00:00,62.73,62.75,62.73,62.75,3580.0
2026-08-17T21:05:00+00:00,62.73,62.75,62.7,62.7137,3503.0
2026-08-17T21:10:00+00:00,62.685,62.685,62.6592,62.6792,11163.0
2026-08-17T21:15:00+00:00,62.6448,62.6448,62.6448,62.6448,203.0
2026-08-17T21:20:00+00:00,62.68,62.68,62.68,62.68,159.0
2026-08-17T21:25:00+00:00,62.68,62.7,62.68,62.7,650.6
2026-08-17T21:30:00+00:00,62.6944,62.6944,62.6944,62.6944,287.0
2026-08-17T21:50:00+00:00,62.713,62.713,62.713,62.713,159.0
2026-08-17T21:55:00+00:00,62.69,62.7216,62.69,62.692,2267.0
2026-08-17T22:00:00+00:00,62.73,62.73,62.73,62.73,304.0
2026-08-17T22:10:00+00:00,62.6926,62.6926,62.6926,62.6926,101.0
2026-08-17T22:15:00+00:00,62.68,62.68,62.68,62.68,447.0
2026-08-17T22:30:00+00:00,62.68,62.68,62.68,62.68,100.0
2026-08-17T22:35:00+00:00,62.69,62.69,62.6869,62.6869,703.0
2026-08-17T22:55:00+00:00,62.68,62.68,62.68,62.68,231.0
2026-08-17T23:00:00+00:00,62.6224,62.6224,62.6224,62.6224,400.0
2026-08-17T23:15:00+00:00,62.68,62.68,62.68,62.68,200.0
2026-08-17T23:20:00+00:00,62.6603,62.6603,62.6603,62.6603,100.0
2026-08-17T23:35:00+00:00,62.6884,62.6884,62.6884,62.6884,312.0
2026-08-17T23:45:00+00:00,62.66,62.66,62.66,62.66,210.0
2026-08-17T23:50:00+00:00,62.672,62.69,62.672,62.69,1597.0
2026-08-18T00:00:00+00:00,62.6548,62.69,62.6,62.69,1443.0
2026-08-18T08:05:00+00:00,62.87,63.04,62.77,62.82,18140.118794
2026-08-18T08:10:00+00:00,62.88,62.92,62.84,62.88,3493.0
2026-08-18T08:20:00+00:00,62.88,62.88,62.87,62.88,846.0
2026-08-18T08:30:00+00:00,62.9713,62.9713,62.9713,62.9713,100.0
2026-08-18T08:40:00+00:00,62.85,62.85,62.8,62.84,4827.0
2026-08-18T08:45:00+00:00,62.87,62.9691,62.86,62.9691,567.0
2026-08-18T08:50:00+00:00,62.89,62.89,62.89,62.89,240.0
2026-08-18T08:55:00+00:00,62.88,62.88,62.88,62.88,204.0
2026-08-18T09:00:00+00:00,62.86,62.92,62.83,62.83,2040.0
2026-08-18T09:05:00+00:00,62.84,62.86,62.84,62.84,564.0
2026-08-18T09:10:00+00:00,62.83,62.91,62.83,62.91,617.0
2026-08-18T09:15:00+00:00,62.9,62.9,62.9,62.9,713.0
2026-08-18T09:20:00+00:00,62.86,62.86,62.85,62.85,413.0
2026-08-18T09:25:00+00:00,63.0,63.0,62.92,62.94,1666.0
2026-08-18T09:30:00+00:00,62.98,62.98,62.93,62.98,956.0
2026-08-18T09:35:00+00:00,62.91,62.91,62.91,62.91,190.0
2026-08-18T09:40:00+00:00,62.87,62.9,62.87,62.9,393.0
2026-08-18T09:45:00+00:00,62.91,62.96,62.89,62.89,1681.0
2026-08-18T09:55:00+00:00,62.94,63.0,62.94,62.98,5047.0
2026-08-18T10:00:00+00:00,62.99,62.99,62.98,62.98,1051.0
2026-08-18T10:35:00+00:00,63.0,63.0,63.0,63.0,259.0
2026-08-18T10:40:00+00:00,62.96,62.96,62.91,62.93,3343.0
2026-08-18T10:45:00+00:00,62.95,62.95,62.92,62.92,555.0
2026-08-18T11:00:00+00:00,62.97,62.97,62.95,62.95,1300.0
2026-08-18T11:05:00+00:00,62.98,63.0,62.9,63.0,12134.0
2026-08-18T11:10:00+00:00,62.9122,62.99,62.91,62.91,5392.0
2026-08-18T11:15:00+00:00,62.94,62.94,62.9101,62.9101,3096.0
2026-08-18T11:20:00+00:00,62.9352,62.9352,62.9352,62.9352,207.0
2026-08-18T11:25:00+00:00,62.99,62.99,62.95,62.95,792.064
2026-08-18T11:30:00+00:00,62.9682,62.9876,62.9682,62.9876,502.0
2026-08-18T11:35:00+00:00,62.95,62.95,62.95,62.95,126.0
2026-08-18T11:40:00+00:00,62.97,62.9748,62.97,62.97,5996.5
2026-08-18T11:45:00+00:00,62.99,62.99,62.99,62.99,235.389281
2026-08-18T11:50:00+00:00,63.0,63.0,62.98,63.0,3231.0
2026-08-18T11:55:00+00:00,63.05,63.05,63.02,63.02,2032.079796
2026-08-18T12:00:00+00:00,63.04,63.05,63.04,63.05,691.0
2026-08-18T12:05:00+00:00,63.01,63.03,63.0,63.0,3080.0
2026-08-18T12:10:00+00:00,63.03,63.04,62.99,63.04,2199.3944890000002
2026-08-18T12:15:00+00:00,63.05,63.08,63.03,63.04,8692.063900000001
2026-08-18T12:20:00+00:00,63.04,63.07,63.01,63.07,4035.0
2026-08-18T12:25:00+00:00,63.07,63.07,63.05,63.07,5568.0
2026-08-18T12:30:00+00:00,63.06,63.17,63.054,63.12,33090.0
2026-08-18T12:35:00+00:00,63.1307,63.14,63.11,63.1203,6629.0
2026-08-18T12:40:00+00:00,63.1824,63.25,63.1824,63.25,9582.0
2026-08-18T12:45:00+00:00,63.23,63.25,63.21,63.25,8138.0
2026-08-18T12:50:00+00:00,63.23,63.2876,63.22,63.2876,4296.0
2026-08-18T12:55:00+00:00,63.22,63.2613,63.22,63.25,2040.0
2026-08-18T13:00:00+00:00,63.25,63.26,63.2177,63.26,5303.0
2026-08-18T13:05:00+00:00,63.25,63.26,63.2003,63.2003,14897.0
2026-08-18T13:10:00+00:00,63.22,63.24,63.21,63.21,6943.0
2026-08-18T13:15:00+00:00,63.25,63.25,63.21,63.23,2165.0
2026-08-18T13:20:00+00:00,63.24,63.25,63.24,63.25,6465.0
2026-08-18T13:25:00+00:00,63.28,63.37,63.26,63.35,7776.0
2026-08-18T13:30:00+00:00,63.36,63.46,63.3303,63.46,15606.312186
2026-08-18T13:35:00+00:00,63.41,63.71,63.38,63.505,1919980.9915339998
2026-08-18T13:40:00+00:00,63.5,63.58,63.305,63.39,980198.2060560001
2026-08-18T13:45:00+00:00,63.38,63.39,63.145,63.215,928837.193436
2026-08-18T13:50:00+00:00,63.215,63.315,63.115,63.185,805941.9240910001
2026-08-18T13:55:00+00:00,63.19,63.4379,63.175,63.435,529175.953895
2026-08-18T14:00:00+00:00,63.44,63.4863,63.34,63.4,426181.71419800003
2026-08-18T14:05:00+00:00,63.41,63.41,63.22,63.305,552803.929154
2026-08-18T14:10:00+00:00,63.31,63.46,63.275,63.32,691643.335989
2026-08-18T14:15:00+00:00,63.325,63.375,63.22,63.345,315504.399569
2026-08-18T14:20:00+00:00,63.34,63.41,63.335,63.34,457353.86101
2026-08-18T14:25:00+00:00,63.33,63.41,63.315,63.38,416724.896366
2026-08-18T14:30:00+00:00,63.395,63.41,63.33,63.37,249683.501057
2026-08-18T14:35:00+00:00,63.38,63.49,63.34,63.35,365304.040543
2026-08-18T14:40:00+00:00,63.35,63.355,63.21,63.21,337357.29741
2026-08-18T14:45:00+00:00,63.205,63.335,63.195,63.245,321376.57853299996
2026-08-18T14:50:00+00:00,63.24,63.24,63.14,63.205,258617.166765
2026-08-18T14:55:00+00:00,63.205,63.275,63.135,63.22,584921.909215
2026-08-18T15:00:00+00:00,63.23,63.255,63.15,63.16,331350.74715999997
2026-08-18T15:05:00+00:00,63.155,63.31,63.155,63.31,479251.81753
2026-08-18T15:10:00+00:00,63.31,63.325,63.2,63.285,157023.73208000002
2026-08-18T15:15:00+00:00,63.28,63.39,63.28,63.315,390989.89159400004
2026-08-18T15:20:00+00:00,63.315,63.41,63.285,63.36,246133.58085499998
2026-08-18T15:25:00+00:00,63.36,63.43,63.31,63.42,371637.20909899997
2026-08-18T15:30:00+00:00,63.425,63.48,63.37,63.48,314145.453293
2026-08-18T15:35:00+00:00,63.49,63.55,63.465,63.5179,494516.46015400003
2026-08-18T15:40:00+00:00,63.515,63.515,63.355,63.36,315681.629815
2026-08-18T15:45:00+00:00,63.365,63.43,63.31,63.395,200168.93706499998
2026-08-18T15:50:00+00:00,63.4,63.485,63.375,63.46,227402.20829300003
2026-08-18T15:55:00+00:00,63.455,63.495,63.44,63.455,253854.51770800003
2026-08-18T16:00:00+00:00,63.455,63.475,63.42,63.47,190626.735987
2026-08-18T16:05:00+00:00,63.475,63.56,63.475,63.52,187341.160092
2026-08-18T16:10:00+00:00,63.515,63.515,63.4146,63.46,470432.4967
2026-08-18T16:15:00+00:00,63.458,63.47,63.4,63.435,118434.73774499999
2026-08-18T16:20:00+00:00,63.44,63.49,63.42,63.425,193981.57447799997
2026-08-18T16:25:00+00:00,63.43,63.445,63.37,63.4,223757.026763
2026-08-18T16:30:00+00:00,63.405,63.48,63.395,63.445,129940.62722600001
2026-08-18T16:35:00+00:00,63.45,63.47,63.43,63.455,140557.840172
2026-08-18T16:40:00+00:00,63.455,63.48,63.4,63.435,150621.376648
2026-08-18T16:45:00+00:00,63.435,63.46,63.405,63.445,103700.399538
2026-08-18T16:50:00+00:00,63.45,63.47,63.4,63.4203,104656.21302
2026-08-18T16:55:00+00:00,63.42,63.44,63.405,63.435,116047.72245199999
2026-08-18T17:00:00+00:00,63.435,63.465,63.43,63.45,95684.254259
2026-08-18T17:05:00+00:00,63.445,63.49,63.44,63.45,870943.587485
2026-08-18T17:10:00+00:00,63.4516,63.4878,63.44,63.4577,99852.059755
2026-08-18T17:15:00+00:00,63.455,63.51,63.45,63.5079,165161.370216
2026-08-18T17:20:00+00:00,63.5,63.545,63.45,63.46,142655.869558
2026-08-18T17:25:00+00:00,63.465,63.47,63.39,63.44,203178.027176
2026-08-18T17:30:00+00:00,63.435,63.4901,63.415,63.485,138263.14765199999
2026-08-18T17:35:00+00:00,63.48,63.5,63.46,63.465,105258.66510500001
2026-08-18T17:40:00+00:00,63.46,63.475,63.44,63.465,107155.81272999999
2026-08-18T17:45:00+00:00,63.465,63.495,63.455,63.475,94085.510368
2026-08-18T17:50:00+00:00,63.475,63.49,63.45,63.455,106594.552006
2026-08-18T17:55:00+00:00,63.45,63.54,63.45,63.495,174725.93566000002
2026-08-18T18:00:00+00:00,63.495,63.525,63.47,63.51,216754.01739500003
2026-08-18T18:05:00+00:00,63.505,63.56,63.505,63.545,178715.02671399998
2026-08-18T18:10:00+00:00,63.545,63.58,63.5,63.5,166257.72956399998
2026-08-18T18:15:00+00:00,63.495,63.53,63.47,63.515,217256.965589
2026-08-18T18:20:00+00:00,63.515,63.59,63.515,63.585,240303.43941899997
2026-08-18T18:25:00+00:00,63.585,63.605,63.54,63.605,136622.80553800002
2026-08-18T18:30:00+00:00,63.6098,63.615,63.5705,63.58,143575.496694
2026-08-18T18:35:00+00:00,63.58,63.605,63.54,63.6,204495.736608
2026-08-18T18:40:00+00:00,63.6,63.605,63.545,63.56,242883.643106
2026-08-18T18:45:00+00:00,63.555,63.5556,63.51,63.545,335650.831017
2026-08-18T18:50:00+00:00,63.54,63.56,63.52,63.52,162424.265834
2026-08-18T18:55:00+00:00,63.51,63.53,63.49,63.525,168577.46647699998
2026-08-18T19:00:00+00:00,63.525,63.55,63.5,63.545,98612.753313
2026-08-18T19:05:00+00:00,63.545,63.585,63.54,63.575,123258.74416199999
2026-08-18T19:10:00+00:00,63.58,63.6,63.565,63.58,74102.146094
2026-08-18T19:15:00+00:00,63.575,63.59,63.545,63.58,75185.89349
2026-08-18T19:20:00+00:00,63.575,63.65,63.57,63.64,120996.39160999999
2026-08-18T19:25:00+00:00,63.64,63.65,63.605,63.615,125769.89631099999
2026-08-18T19:30:00+00:00,63.615,63.625,63.56,63.5843,211830.989058
2026-08-18T19:35:00+00:00,63.58,63.615,63.545,63.5605,413435.696287
2026-08-18T19:40:00+00:00,63.57,63.625,63.5523,63.595,231368.929024
2026-08-18T19:45:00+00:00,63.595,63.635,63.58,63.62,295063.209509
2026-08-18T19:50:00+00:00,63.615,63.695,63.615,63.685,763348.131775
2026-08-18T19:55:00+00:00,63.68,63.68,63.63,63.675,465311.84858099994
2026-08-18T20:00:00+00:00,63.675,63.71,63.64,63.67,1926516.7611460001
2026-08-18T20:05:00+00:00,63.665,63.68,63.5407,63.68,23286.263097000003
2026-08-18T20:10:00+00:00,63.6795,63.7124,63.6795,63.7124,626.0
2026-08-18T20:15:00+00:00,63.6981,63.713,63.6947,63.7,2167.5265600000002
2026-08-18T20:20:00+00:00,63.72,63.72,63.6742,63.6762,1414.0
2026-08-18T20:25:00+00:00,63.6742,63.72,63.6742,63.7,4752.0
2026-08-18T20:30:00+00:00,63.7061,63.72,63.7,63.72,55804.0
2026-08-18T20:35:00+00:00,63.67,63.7188,63.67,63.7188,5618.0
2026-08-18T20:40:00+00:00,63.68,63.69,63.56,63.65,4202.2823929999995
2026-08-18T20:45:00+00:00,63.71,63.71,63.65,63.65,5155.0
2026-08-18T20:50:00+00:00,63.66,63.66,63.61,63.61,5121.0
2026-08-18T20:55:00+00:00,63.64,63.71,63.64,63.68,17998.0
2026-08-18T21:00:00+00:00,63.68,63.68,63.68,63.68,274.0
2026-08-18T21:05:00+00:00,63.66,63.66,63.64,63.64,593.0
2026-08-18T21:10:00+00:00,63.63,63.63,63.61,63.62,2957.0
2026-08-18T21:15:00+00:00,63.61,63.64,63.6,63.64,2539.0
2026-08-18T21:20:00+00:00,63.6407,63.65,63.5908,63.65,1954.0
2026-08-18T21:25:00+00:00,63.65,63.65,63.61,63.61,2713.0
2026-08-18T21:30:00+00:00,63.5943,63.5943,63.5943,63.5943,200.0
2026-08-18T21:35:00+00:00,63.6,63.6,63.6,63.6,651.0
2026-08-18T21:40:00+00:00,63.6,63.63,63.59,63.624,3215.0
2026-08-18T21:45:00+00:00,63.5389,63.5389,63.5389,63.5389,150.0
2026-08-18T21:50:00+00:00,63.6,63.6,63.6,63.6,305.0
2026-08-18T21:55:00+00:00,63.6,63.6,63.6,63.6,1200.0
2026-08-18T22:00:00+00:00,63.6,63.6,63.6,63.6,1030.0
2026-08-18T22:05:00+00:00,63.59,63.59,63.59,63.59,141.0
2026-08-18T22:15:00+00:00,63.6,63.6,63.6,63.6,200.0
2026-08-18T22:25:00+00:00,63.6,63.6,63.56,63.56,2161.0
2026-08-18T22:30:00+00:00,63.59,63.63,63.59,63.6261,2486.0
2026-08-18T22:35:00+00:00,63.55,63.63,63.55,63.63,776.4167199999999
2026-08-18T22:40:00+00:00,63.64,63.64,63.64,63.64,120.0
2026-08-18T22:45:00+00:00,63.551,63.551,63.55,63.55,254.0
2026-08-18T22:50:00+00:00,63.55,63.55,63.55,63.55,1301.0
2026-08-18T23:00:00+00:00,63.55,63.551,63.55,63.55,2015.0
2026-08-18T23:05:00+00:00,63.6155,63.67,63.6155,63.67,1725.0
2026-08-18T23:40:00+00:00,63.67,63.67,63.67,63.67,128.0
2026-08-18T23:45:00+00:00,63.6683,63.6683,63.6683,63.6683,205.0
2026-08-18T23:50:00+00:00,63.5655,63.6,63.5655,63.6,1150.0
2026-08-18T23:55:00+00:00,63.655,63.655,63.5,63.5,55004.8
2026-08-19T00:00:00+00:00,63.6,63.6,63.53,63.53,784.0
2026-08-19T08:05:00+00:00,63.48,64.0103,63.48,63.88,24981.378141
2026-08-19T08:10:00+00:00,63.82,63.82,63.82,63.82,420.087351
2026-08-19T08:15:00+00:00,63.82,63.82,63.73,63.7384,6617.0
2026-08-19T08:20:00+00:00,63.78,63.82,63.78,63.82,585.0
2026-08-19T08:25:00+00:00,63.8,63.81,63.79,63.81,2200.0
2026-08-19T08:30:00+00:00,63.81,63.81,63.81,63.81,300.0
2026-08-19T08:35:00+00:00,63.77,63.87,63.67,63.79,29191.475615
2026-08-19T08:40:00+00:00,63.79,63.79,63.79,63.79,180.0
2026-08-19T08:45:00+00:00,63.82,63.82,63.79,63.8,618.0
2026-08-19T08:55:00+00:00,63.8,63.8,63.78,63.78,1627.0
2026-08-19T09:00:00+00:00,63.86,63.87,63.82,63.85,2078.5
2026-08-19T09:05:00+00:00,63.8796,63.8796,63.84,63.84,441.0
2026-08-19T09:15:00+00:00,63.91,63.91,63.91,63.91,171.0
2026-08-19T09:20:00+00:00,63.9,63.9,63.9,63.9,1000.0
2026-08-19T09:25:00+00:00,63.9,63.91,63.9,63.91,301.0
2026-08-19T09:30:00+00:00,63.91,63.93,63.91,63.93,1340.0
2026-08-19T09:35:00+00:00,63.9604,63.9604,63.9,63.9,2300.0
2026-08-19T09:50:00+00:00,63.87,63.87,63.87,63.87,1566.0
2026-08-19T09:55:00+00:00,63.9578,63.9578,63.9578,63.9578,420.333333
2026-08-19T10:00:00+00:00,63.89,63.89,63.89,63.89,210.0
2026-08-19T10:05:00+00:00,63.89,63.89,63.89,63.89,235.0
2026-08-19T10:15:00+00:00,63.92,63.92,63.92,63.92,101.0
2026-08-19T10:20:00+00:00,63.94,63.99,63.92,63.99,1951.5
2026-08-19T10:25:00+00:00,63.97,63.97,63.97,63.97,310.0
2026-08-19T10:30:00+00:00,64.0,64.0,63.9999,64.0,747.0
2026-08-19T10:35:00+00:00,64.01,64.01,64.01,64.01,1000.0
2026-08-19T10:40:00+00:00,64.03,64.05,64.03,64.05,680.0
2026-08-19T10:50:00+00:00,64.05,64.06,64.01,64.01,2241.0
2026-08-19T10:55:00+00:00,64.01,64.03,64.0,64.03,2850.0
2026-08-19T11:00:00+00:00,64.04,64.06,64.04,64.06,310.0
2026-08-19T11:05:00+00:00,63.99,64.06,63.97,64.02,10691.0
2026-08-19T11:10:00+00:00,64.0207,64.1,64.0,64.1,2998.0
2026-08-19T11:15:00+00:00,64.0942,64.1114,64.06,64.1114,2595.0
2026-08-19T11:20:00+00:00,64.1,64.1,64.1,64.1,106.0
2026-08-19T11:25:00+00:00,64.08,64.12,64.04,64.06,3363.0
2026-08-19T11:30:00+00:00,64.03,64.09,64.02,64.06,5008.34
2026-08-19T11:35:00+00:00,64.08,64.09,64.07,64.07,6849.0
2026-08-19T11:40:00+00:00,64.1,64.13,64.07,64.08,4817.9310000000005
2026-08-19T11:45:00+00:00,64.11,64.12,64.0753,64.0753,1093.0
2026-08-19T11:50:00+00:00,64.08,64.1139,64.08,64.1139,579.0
2026-08-19T11:55:00+00:00,64.06,64.06,64.05,64.05,618.0
2026-08-19T12:00:00+00:00,64.06,64.07,63.97,64.0,4861.0
2026-08-19T12:05:00+00:00,64.0,64.1285,63.87,64.1285,27165.0
2026-08-19T12:10:00+00:00,64.1,64.1,64.0,64.04,2452.092187
2026-08-19T12:15:00+00:00,64.07,64.1195,64.06,64.1099,7082.0
2026-08-19T12:20:00+00:00,64.07,64.1122,64.0201,64.06,1268.099913
2026-08-19T12:25:00+00:00,64.06,64.12,64.0,64.02,15518.120094
2026-08-19T12:30:00+00:00,64.06,64.1,64.01,64.02,8297.0
2026-08-19T12:35:00+00:00,64.06,64.07,64.03,64.03,1687.0
2026-08-19T12:40:00+00:00,64.1,64.1,63.95,63.96,24393.78573
2026-08-19T12:45:00+00:00,63.93,64.01,63.92,63.99,12598.0
2026-08-19T12:50:00+00:00,64.0,64.08,63.91,63.93,75451.5
2026-08-19T12:55:00+00:00,63.9155,63.99,63.9155,63.92,16598.822277
2026-08-19T13:00:00+00:00,63.9115,63.96,63.9,63.95,6635.0
2026-08-19T13:05:00+00:00,63.92,64.0,63.91,64.0,9396.5174
2026-08-19T13:10:00+00:00,64.02,64.02,63.95,64.01,10856.0
2026-08-19T13:15:00+00:00,64.02,64.02,63.9001,63.96,77264.0
2026-08-19T13:20:00+00:00,63.98,64.0,63.98,64.0,351.0
2026-08-19T13:25:00+00:00,63.9418,64.02,63.8765,63.896,64893.022024
2026-08-19T13:30:00+00:00,63.887,63.94,63.88,63.94,620.0
2026-08-19T13:35:00+00:00,63.85,63.97,63.7,63.795,1566027.078319
2026-08-19T13:40:00+00:00,63.795,63.98,63.665,63.925,881708.831687
2026-08-19T13:45:00+00:00,63.925,64.155,63.855,64.115,551313.310342
2026-08-19T13:50:00+00:00,64.12,64.215,63.94,64.07,482474.349891
2026-08-19T13:55:00+00:00,64.075,64.25,63.985,64.2299,500345.329042
2026-08-19T14:00:00+00:00,64.225,64.23,64.03,64.03,469601.347313
2026-08-19T14:05:00+00:00,64.03,64.1,63.925,64.0,424029.892322
2026-08-19T14:10:00+00:00,64.005,64.105,63.97,63.98,251030.73219900002
2026-08-19T14:15:00+00:00,63.9879,64.145,63.985,64.0799,448201.006791
2026-08-19T14:20:00+00:00,64.075,64.16,64.055,64.12,330464.914859
2026-08-19T14:25:00+00:00,64.11,64.16,64.04,64.135,258291.753499
2026-08-19T14:30:00+00:00,64.135,64.185,64.08,64.17,186484.006604
2026-08-19T14:35:00+00:00,64.18,64.18,64.04,64.105,268672.594958
2026-08-19T14:40:00+00:00,64.11,64.135,64.06,64.085,175184.36836
2026-08-19T14:45:00+00:00,64.085,64.11,63.995,63.995,815379.920792
2026-08-19T14:50:00+00:00,63.995,64.05,63.97,64.02,708088.673126
2026-08-19T14:55:00+00:00,64.015,64.05,63.89,63.9045,319522.545969
2026-08-19T15:00:00+00:00,63.9,64.03,63.9,63.99,195489.231104
2026-08-19T15:05:00+00:00,63.995,64.105,63.985,64.075,288114.55402800004
2026-08-19T15:10:00+00:00,64.075,64.195,64.02,64.18,222868.627858
2026-08-19T15:15:00+00:00,64.1771,64.1771,64.095,64.115,367849.330556
2026-08-19T15:20:00+00:00,64.115,64.13,64.01,64.035,199974.157007
2026-08-19T15:25:00+00:00,64.04,64.07,64.02,64.0299,212134.3158
2026-08-19T15:30:00+00:00,64.025,64.045,63.975,63.98,135483.51861199999
2026-08-19T15:35:00+00:00,63.99,64.01,63.91,63.94,176644.526556
2026-08-19T15:40:00+00:00,63.94,63.96,63.9,63.95,152327.33529800002
2026-08-19T15:45:00+00:00,63.9512,63.96,63.83,63.835,149112.472188
2026-08-19T15:50:00+00:00,63.84,63.845,63.73,63.745,845926.909403
2026-08-19T15:55:00+00:00,63.745,63.765,63.72,63.725,297022.89587699994
2026-08-19T16:00:00+00:00,63.73,63.765,63.71,63.7501,344378.127214
2026-08-19T16:05:00+00:00,63.75,63.84,63.74,63.81,218856.91078099998
2026-08-19T16:10:00+00:00,63.81,63.815,63.755,63.755,149301.858991
2026-08-19T16:15:00+00:00,63.75,63.7967,63.735,63.775,149134.44304399999
2026-08-19T16:20:00+00:00,63.78,63.855,63.755,63.81,247317.097679
2026-08-19T16:25:00+00:00,63.81,63.885,63.78,63.885,325240.203706
2026-08-19T16:30:00+00:00,63.89,63.895,63.805,63.825,280052.460995
2026-08-19T16:35:00+00:00,63.825,63.83,63.755,63.755,168579.514442
2026-08-19T16:40:00+00:00,63.755,63.78,63.73,63.76,152747.404604
2026-08-19T16:45:00+00:00,63.755,63.755,63.705,63.715,156758.50224600002
2026-08-19T16:50:00+00:00,63.72,63.8,63.72,63.7728,118860.626877
2026-08-19T16:55:00+00:00,63.77,63.81,63.765,63.8001,106032.00322500001
2026-08-19T17:00:00+00:00,63.805,63.845,63.78,63.83,85180.98840900001
2026-08-19T17:05:00+00:00,63.835,63.875,63.775,63.8,217787.254975
2026-08-19T17:10:00+00:00,63.8,63.855,63.75,63.775,147749.83150900004
2026-08-19T17:15:00+00:00,63.78,63.83,63.775,63.78,180167.360647
2026-08-19T17:20:00+00:00,63.785,63.8051,63.75,63.76,116654.395838
2026-08-19T17:25:00+00:00,63.765,63.7862,63.715,63.725,145312.927143
2026-08-19T17:30:00+00:00,63.725,63.7351,63.65,63.65,241507.176629
2026-08-19T17:35:00+00:00,63.655,63.695,63.62,63.65,175367.737913
2026-08-19T17:40:00+00:00,63.65,63.68,63.63,63.655,156591.97675799998
2026-08-19T17:45:00+00:00,63.66,63.705,63.645,63.705,155282.166547
2026-08-19T17:50:00+00:00,63.705,63.755,63.6901,63.6918,107842.306088
2026-08-19T17:55:00+00:00,63.69,63.705,63.665,63.67,83081.228291
2026-08-19T18:00:00+00:00,63.67,63.7145,63.655,63.7105,70062.977289
2026-08-19T18:05:00+00:00,63.72,63.75,63.685,63.695,124556.17843999999
2026-08-19T18:10:00+00:00,63.695,63.71,63.645,63.66,194385.727897
2026-08-19T18:15:00+00:00,63.66,63.705,63.64,63.69,125359.986665
2026-08-19T18:20:00+00:00,63.695,63.71,63.6416,63.665,105302.712923
2026-08-19T18:25:00+00:00,63.66,63.69,63.635,63.655,99781.111641
2026-08-19T18:30:00+00:00,63.655,63.675,63.635,63.655,184130.46644000002
2026-08-19T18:35:00+00:00,63.655,63.66,63.565,63.605,165373.643232
2026-08-19T18:40:00+00:00,63.605,63.62,63.56,63.565,140719.598689
2026-08-19T18:45:00+00:00,63.57,63.65,63.555,63.645,128322.14208899999
2026-08-19T18:50:00+00:00,63.64,63.65,63.6,63.64,163156.777513
2026-08-19T18:55:00+00:00,63.645,63.6788,63.64,63.665,128706.568921
2026-08-19T19:00:00+00:00,63.665,63.68,63.635,63.665,259560.04899799998
2026-08-19T19:05:00+00:00,63.665,63.67,63.62,63.65,207179.761179
2026-08-19T19:10:00+00:00,63.645,63.685,63.625,63.675,224448.738624
2026-08-19T19:15:00+00:00,63.665,63.725,63.665,63.67,220304.00680200002
2026-08-19T19:20:00+00:00,63.67,63.69,63.65,63.68,148566.259891
2026-08-19T19:25:00+00:00,63.68,63.69,63.635,63.64,217908.504245
2026-08-19T19:30:00+00:00,63.64,63.655,63.585,63.59,102625.256726
2026-08-19T19:35:00+00:00,63.59,63.605,63.5,63.52,265583.804415
2026-08-19T19:40:00+00:00,63.52,63.545,63.475,63.495,297957.749204
2026-08-19T19:45:00+00:00,63.495,63.525,63.405,63.415,258308.293122
2026-08-19T19:50:00+00:00,63.41,63.495,63.4,63.46,622111.9794209999
2026-08-19T19:55:00+00:00,63.45,63.535,63.41,63.535,685706.2429579999
2026-08-19T20:00:00+00:00,63.53,63.59,63.51,63.56,2661375.049663
2026-08-19T20:05:00+00:00,63.58,63.64,63.57,63.64,40519.621101
2026-08-19T20:10:00+00:00,63.4604,63.65,63.4604,63.65,554.0
2026-08-19T20:15:00+00:00,63.431,63.431,63.41,63.41,250.0
2026-08-19T20:20:00+00:00,63.51,63.57,63.51,63.57,770.816114
2026-08-19T20:25:00+00:00,63.55,63.55,63.55,63.55,642.0
2026-08-19T20:30:00+00:00,63.48,63.48,63.48,63.48,250.0
2026-08-19T20:40:00+00:00,63.51,63.51,63.4,63.4,14781.0
2026-08-19T20:45:00+00:00,63.44,63.44,63.35,63.39,40091.0
2026-08-19T20:50:00+00:00,63.495,63.5237,63.495,63.5237,201.0
2026-08-19T21:00:00+00:00,63.44,63.44,63.44,63.44,539.762925
2026-08-19T21:05:00+00:00,63.4,63.4,63.4,63.4,291.0
2026-08-19T21:10:00+00:00,63.44,63.57,63.44,63.46,6720.0
2026-08-19T21:15:00+00:00,63.49,63.5188,63.43,63.43,5716.0
2026-08-19T21:20:00+00:00,63.43,63.5468,63.4,63.5468,22554.0
2026-08-19T21:25:00+00:00,63.46,63.48,63.46,63.48,2324.0
2026-08-19T21:30:00+00:00,63.5383,63.5383,63.5383,63.5383,755.0
2026-08-19T21:35:00+00:00,63.5325,63.5564,63.532,63.532,2082.0
2026-08-19T21:40:00+00:00,63.5,63.51,63.5,63.51,1110.0
2026-08-19T21:45:00+00:00,63.5469,63.5469,63.5,63.5296,1776.0
2026-08-19T21:50:00+00:00,63.5361,63.5361,63.5361,63.5361,1037.0969
2026-08-19T21:55:00+00:00,63.5487,63.55,63.52,63.55,6296.0
2026-08-19T22:00:00+00:00,63.5065,63.53,63.5065,63.53,604.0
2026-08-19T22:05:00+00:00,63.5511,63.5575,63.5461,63.5461,1952.0
2026-08-19T22:10:00+00:00,63.5461,63.5461,63.5461,63.5461,1148.0
2026-08-19T22:15:00+00:00,63.511,63.511,63.5,63.51,575.0
2026-08-19T22:25:00+00:00,63.52,63.52,63.52,63.52,401.0
2026-08-19T22:30:00+00:00,63.53,63.53,63.53,63.53,211.0
2026-08-19T22:35:00+00:00,63.5325,63.5325,63.53,63.53,4882.0
2026-08-19T22:40:00+00:00,63.53,63.54,63.53,63.53,661.0
2026-08-19T22:45:00+00:00,63.5305,63.5305,63.5305,63.5305,1500.0
2026-08-19T22:50:00+00:00,63.54,63.54,63.54,63.54,509.0
2026-08-19T22:55:00+00:00,63.54,63.54,63.53,63.5398,1934.0
2026-08-19T23:00:00+00:00,63.54,63.54,63.5354,63.5354,4397.0
2026-08-19T23:05:00+00:00,63.5607,63.5607,63.5607,63.5607,177.0
2026-08-19T23:10:00+00:00,63.54,63.54,63.54,63.54,308.0
2026-08-19T23:15:00+00:00,63.5212,63.5354,63.5212,63.5354,714.0
2026-08-19T23:20:00+00:00,63.54,63.58,63.54,63.58,3651.97
2026-08-19T23:25:00+00:00,63.54,63.54,63.54,63.54,280.0
2026-08-19T23:30:00+00:00,63.5732,63.5795,63.5211,63.5694,798.0
2026-08-19T23:35:00+00:00,63.5674,63.5698,63.5674,63.5698,1320.0
2026-08-19T23:40:00+00:00,63.55,63.55,63.55,63.55,1000.0
2026-08-19T23:45:00+00:00,63.5699,63.5699,63.5669,63.5669,221.0
2026-08-19T23:50:00+00:00,63.51,63.51,63.51,63.51,201.0
2026-08-20T00:00:00+00:00,63.51,63.54,63.47,63.54,1301.0
2026-08-20T08:05:00+00:00,63.4801,63.69,63.46,63.65,15892.753682
2026-08-20T08:15:00+00:00,63.65,63.67,63.65,63.67,300.0
2026-08-20T08:20:00+00:00,63.7,63.81,63.7,63.81,5059.3978
2026-08-20T08:25:00+00:00,63.78,63.84,63.78,63.79,2238.0
2026-08-20T08:30:00+00:00,63.81,63.87,63.78,63.87,7245.289786
2026-08-20T08:35:00+00:00,63.88,63.88,63.88,63.88,205.0
2026-08-20T08:40:00+00:00,63.96,63.97,63.95,63.96,4892.335887
2026-08-20T08:45:00+00:00,63.96,63.96,63.94,63.94,440.0
2026-08-20T08:55:00+00:00,63.97,64.0,63.97,64.0,1155.0
2026-08-20T09:00:00+00:00,64.0,64.0,64.0,64.0,503.277187
2026-08-20T09:05:00+00:00,64.06,64.07,64.0,64.0,1771.0
2026-08-20T09:10:00+00:00,64.07,64.1,64.07,64.09,781.0
2026-08-20T09:15:00+00:00,64.1,64.1,64.1,64.1,8000.0629
2026-08-20T09:30:00+00:00,64.025,64.025,64.025,64.025,164.0
2026-08-20T09:35:00+00:00,64.0,64.1,64.0,64.1,267.0
2026-08-20T09:40:00+00:00,64.005,64.05,64.005,64.05,2733.0
2026-08-20T09:45:00+00:00,64.06,64.06,64.0,64.0,246.908906
2026-08-20T09:50:00+00:00,64.01,64.07,64.01,64.07,1910.866743
2026-08-20T09:55:00+00:00,64.05,64.06,64.04,64.04,2419.0
2026-08-20T10:00:00+00:00,64.04,64.07,64.04,64.06,2509.0
2026-08-20T10:05:00+00:00,64.01,64.01,63.96,63.96,2873.0
2026-08-20T10:20:00+00:00,63.98,64.0,63.97,63.97,1794.0
2026-08-20T10:25:00+00:00,63.96,63.96,63.94,63.94,2008.0
2026-08-20T10:30:00+00:00,63.92,63.95,63.92,63.92,500.0
2026-08-20T10:45:00+00:00,63.95,63.98,63.94,63.98,4153.976476
2026-08-20T11:05:00+00:00,63.92,63.97,63.92,63.97,19092.0
2026-08-20T11:10:00+00:00,63.97,63.9939,63.9669,63.97,12298.0
2026-08-20T11:15:00+00:00,64.0,64.0,63.9526,63.98,8125.0
2026-08-20T11:20:00+00:00,63.98,64.052,63.98,64.04,4640.0
2026-08-20T11:25:00+00:00,64.06,64.1507,64.06,64.14,5423.0
2026-08-20T11:30:00+00:00,64.14,64.16,64.1268,64.1268,2687.0
2026-08-20T11:35:00+00:00,64.1228,64.1698,64.1228,64.14,2802.0
2026-08-20T11:40:00+00:00,64.14,64.1628,64.12,64.1618,8852.960000000001
2026-08-20T11:45:00+00:00,64.14,64.16,64.1316,64.1316,1352.0
2026-08-20T11:50:00+00:00,64.16,64.23,64.16,64.2245,9883.0
2026-08-20T11:55:00+00:00,64.22,64.27,64.2,64.23,54144.481331999996
2026-08-20T12:00:00+00:00,64.24,64.2592,64.23,64.2592,4105.0
2026-08-20T12:05:00+00:00,64.24,64.3,64.2,64.235,5972.0
2026-08-20T12:10:00+00:00,64.23,64.27,64.21,64.27,6961.4421999999995
2026-08-20T12:15:00+00:00,64.2722,64.3,64.2211,64.29,3730.0
2026-08-20T12:20:00+00:00,64.2543,64.37,64.2543,64.37,11198.49965
2026-08-20T12:25:00+00:00,64.359,64.4195,64.2936,64.38,13105.436628
2026-08-20T12:30:00+00:00,64.35,64.5,64.35,64.4799,9847.062600000001
2026-08-20T12:35:00+00:00,64.5,64.5,64.42,64.44,5142.0
2026-08-20T12:40:00+00:00,64.4489,64.4799,64.4003,64.42,15611.858228
2026-08-20T12:45:00+00:00,64.46,64.49,64.42,64.45,11088.0
2026-08-20T12:50:00+00:00,64.45,64.5,64.36,64.38,12207.0
2026-08-20T12:55:00+00:00,64.39,64.4256,64.35,64.39,7867.0
2026-08-20T13:00:00+00:00,64.3577,64.3936,64.34,64.39,4740.0
2026-08-20T13:05:00+00:00,64.31,64.3813,64.31,64.3813,663.0
2026-08-20T13:10:00+00:00,64.31,64.35,64.3,64.3,3660.0
2026-08-20T13:15:00+00:00,64.3536,64.37,64.3001,64.31,21445.0
2026-08-20T13:20:00+00:00,64.3447,64.3579,64.28,64.3579,1268.0
2026-08-20T13:25:00+00:00,64.2944,64.32,64.28,64.29,27948.277187
2026-08-20T13:30:00+00:00,64.3768,64.388,64.25,64.25,4460.0
2026-08-20T13:35:00+00:00,64.25,64.5,64.09,64.43,1579988.5853459998
2026-08-20T13:40:00+00:00,64.425,64.615,64.375,64.605,807387.479697
2026-08-20T13:45:00+00:00,64.605,64.7,64.485,64.515,875497.988165
2026-08-20T13:50:00+00:00,64.515,64.5982,64.4,64.455,652757.7439019999
2026-08-20T13:55:00+00:00,64.455,64.585,64.38,64.47,447054.22357200005
2026-08-20T14:00:00+00:00,64.475,64.4782,64.33,64.42,481735.279137
2026-08-20T14:05:00+00:00,64.42,64.57,64.42,64.56,401069.57091800007
2026-08-20T14:10:00+00:00,64.56,64.625,64.5,64.55,256657.750427
2026-08-20T14:15:00+00:00,64.55,64.575,64.495,64.54,208341.516807
2026-08-20T14:20:00+00:00,64.545,64.555,64.43,64.49,312264.66194
2026-08-20T14:25:00+00:00,64.49,64.6,64.46,64.51,492271.246428
2026-08-20T14:30:00+00:00,64.51,64.545,64.46,64.5051,228910.258904
2026-08-20T14:35:00+00:00,64.5083,64.61,64.49,64.61,357782.61602099997
2026-08-20T14:40:00+00:00,64.605,64.605,64.385,64.385,237588.65785000002
2026-08-20T14:45:00+00:00,64.385,64.5501,64.3,64.5399,354148.470948
2026-08-20T14:50:00+00:00,64.5301,64.54,64.42,64.43,292025.886589
2026-08-20T14:55:00+00:00,64.43,64.5,64.35,64.47,202230.250946
2026-08-20T15:00:00+00:00,64.47,64.47,64.4,64.4401,174032.986029
2026-08-20T15:05:00+00:00,64.45,64.5,64.41,64.455,221826.813781
2026-08-20T15:10:00+00:00,64.455,64.505,64.385,64.39,300348.118496
2026-08-20T15:15:00+00:00,64.39,64.47,64.33,64.38,241122.29557000002
2026-08-20T15:20:00+00:00,64.385,64.42,64.35,64.365,181806.26894
2026-08-20T15:25:00+00:00,64.36,64.405,64.335,64.39,158288.930591
2026-08-20T15:30:00+00:00,64.4,64.45,64.36,64.45,159324.50057600002
2026-08-20T15:35:00+00:00,64.46,64.5,64.43,64.4558,115839.47737499999
2026-08-20T15:40:00+00:00,64.455,64.47,64.415,64.455,121305.96342799999
2026-08-20T15:45:00+00:00,64.45,64.5399,64.44,64.515,113486.690618
2026-08-20T15:50:00+00:00,64.515,64.54,64.455,64.455,160521.62244500002
2026-08-20T15:55:00+00:00,64.46,64.525,64.45,64.46,171880.534919
2026-08-20T16:00:00+00:00,64.46,64.48,64.42,64.451,126687.80467499999
2026-08-20T16:05:00+00:00,64.45,64.505,64.42,64.45,124483.78832699999
2026-08-20T16:10:00+00:00,64.445,64.455,64.415,64.42,86470.93156699999
2026-08-20T16:15:00+00:00,64.42,64.42,64.294,64.335,231911.411027
2026-08-20T16:20:00+00:00,64.335,64.3491,64.27,64.28,126675.438158
2026-08-20T16:25:00+00:00,64.28,64.31,64.24,64.265,159141.184208
2026-08-20T16:30:00+00:00,64.27,64.285,64.18,64.1805,97262.65553300001
2026-08-20T16:35:00+00:00,64.18,64.21,64.08,64.08,95860.05937300001
2026-08-20T16:40:00+00:00,64.07,64.095,64.03,64.03,134900.76914999998
2026-08-20T16:45:00+00:00,64.03,64.075,64.01,64.04,142147.54180999997
2026-08-20T16:50:00+00:00,64.035,64.11,64.02,64.065,124759.14273400001
2026-08-20T16:55:00+00:00,64.065,64.08,64.0,64.0,124987.258375
2026-08-20T17:00:00+00:00,64.0,64.08,63.99,64.055,126059.348199
2026-08-20T17:05:00+00:00,64.05,64.06,63.99,64.025,161881.709914
2026-08-20T17:10:00+00:00,64.025,64.08,64.01,64.055,147641.28795399997
2026-08-20T17:15:00+00:00,64.055,64.11,64.03,64.035,266352.66534899996
2026-08-20T17:20:00+00:00,64.035,64.035,63.96,64.025,190381.17675500002
2026-08-20T17:25:00+00:00,64.025,64.045,63.985,63.99,187029.799471
2026-08-20T17:30:00+00:00,63.99,64.0,63.95,63.985,132981.383606
2026-08-20T17:35:00+00:00,63.99,64.02,63.955,63.985,107954.25645199999
2026-08-20T17:40:00+00:00,63.99,64.005,63.92,63.965,201212.766464
2026-08-20T17:45:00+00:00,63.965,63.965,63.9124,63.935,75902.32942800001
2026-08-20T17:50:00+00:00,63.935,63.945,63.905,63.935,102728.174194
2026-08-20T17:55:00+00:00,63.93,63.93,63.875,63.885,139498.740759
2026-08-20T18:00:00+00:00,63.89,63.915,63.85,63.865,197781.62291300003
2026-08-20T18:05:00+00:00,63.865,63.895,63.84,63.88,121452.033414
2026-08-20T18:10:00+00:00,63.87,63.875,63.81,63.81,119560.28182499998
2026-08-20T18:15:00+00:00,63.81,63.88,63.81,63.85,74798.27912299999
2026-08-20T18:20:00+00:00,63.85,63.88,63.82,63.835,104964.878819
2026-08-20T18:25:00+00:00,63.835,63.885,63.835,63.865,105395.686657
2026-08-20T18:30:00+00:00,63.865,64.0,63.8401,63.99,220372.76973
2026-08-20T18:35:00+00:00,63.99,64.0,63.9,63.94,242565.02897
2026-08-20T18:40:00+00:00,63.935,63.97,63.93,63.965,117193.869786
2026-08-20T18:45:00+00:00,63.96,63.99,63.92,63.925,169126.875402
2026-08-20T18:50:00+00:00,63.925,63.965,63.915,63.94,92575.317937
2026-08-20T18:55:00+00:00,63.945,63.9451,63.86,63.885,130608.73348300002
2026-08-20T19:00:00+00:00,63.885,63.9,63.835,63.835,106542.149888
2026-08-20T19:05:00+00:00,63.835,63.86,63.755,63.76,182424.18177800003
2026-08-20T19:10:00+00:00,63.765,63.785,63.73,63.735,162846.945521
2026-08-20T19:15:00+00:00,63.735,63.775,63.69,63.735,244505.624858
2026-08-20T19:20:00+00:00,63.74,63.79,63.735,63.775,154057.564287
2026-08-20T19:25:00+00:00,63.77,63.79,63.72,63.73,155181.289014
2026-08-20T19:30:00+00:00,63.73,63.755,63.71,63.735,165498.163979
2026-08-20T19:35:00+00:00,63.74,63.77,63.6927,63.74,258774.067915
2026-08-20T19:40:00+00:00,63.735,63.78,63.72,63.745,179410.336575
2026-08-20T19:45:00+00:00,63.75,63.805,63.735,63.76,291157.782395
2026-08-20T19:50:00+00:00,63.76,63.855,63.745,63.835,466274.769248
2026-08-20T19:55:00+00:00,63.84,63.92,63.79,63.915,606888.492414
2026-08-20T20:00:00+00:00,63.91,63.91,63.715,63.76,2086617.097372
2026-08-20T20:05:00+00:00,63.74,63.81,63.66,63.81,20868.336584
2026-08-20T20:10:00+00:00,63.8,63.8,63.71,63.79,1550.0
2026-08-20T20:15:00+00:00,63.7003,63.8149,63.7003,63.8149,315.0
2026-08-20T20:20:00+00:00,63.76,63.8,63.75,63.75,1674.768746
2026-08-20T20:25:00+00:00,63.75,63.8,63.7,63.79,6063.0
2026-08-20T20:30:00+00:00,63.75,63.75,63.73,63.74,1232.0
2026-08-20T20:35:00+00:00,63.65,63.732,63.65,63.73,1872.0
2026-08-20T20:40:00+00:00,63.724,63.769,63.672,63.672,12482.0
2026-08-20T20:45:00+00:00,63.74,63.83,63.7017,63.7017,3923.0
2026-08-20T20:50:00+00:00,63.7,63.7,63.7,63.7,200.0
2026-08-20T20:55:00+00:00,63.8,63.8,63.8,63.8,169.028536
2026-08-20T21:00:00+00:00,63.75,63.75,63.6985,63.7086,1654.0
2026-08-20T21:15:00+00:00,63.7075,63.7075,63.7075,63.7075,200.0
2026-08-20T21:20:00+00:00,63.75,63.75,63.75,63.75,235.0
2026-08-20T21:25:00+00:00,63.8176,63.8176,63.8176,63.8176,3112.0
2026-08-20T21:30:00+00:00,63.8187,63.8187,63.8187,63.8187,354.0
2026-08-20T21:35:00+00:00,63.83,63.83,63.83,63.83,181.204
2026-08-20T21:40:00+00:00,63.86,63.883,63.86,63.883,848.0
2026-08-20T21:45:00+00:00,63.883,63.883,63.883,63.883,1019.0
2026-08-20T21:50:00+00:00,63.83,63.83,63.82,63.82,410.0
2026-08-20T21:55:00+00:00,63.81,63.81,63.81,63.81,153.0
2026-08-20T22:00:00+00:00,63.8265,63.8265,63.8265,63.8265,800.0
2026-08-20T22:05:00+00:00,63.79,63.79,63.79,63.79,151.0
2026-08-20T22:15:00+00:00,63.81,63.81,63.79,63.79,600.022514
2026-08-20T22:20:00+00:00,63.8815,63.89,63.8807,63.89,656.0
2026-08-20T22:25:00+00:00,63.8718,63.8718,63.8718,63.8718,100.0
2026-08-20T22:30:00+00:00,63.8909,63.8909,63.8894,63.8894,778.0
2026-08-20T22:35:00+00:00,63.8923,63.8923,63.8482,63.8482,4639.0
2026-08-20T22:55:00+00:00,63.85,63.85,63.85,63.85,300.0
2026-08-20T23:00:00+00:00,63.83,63.83,63.83,63.83,173.0
2026-08-20T23:10:00+00:00,63.83,63.83,63.83,63.83,200.0
2026-08-20T23:15:00+00:00,63.8,63.8238,63.79,63.8238,4412.0
2026-08-20T23:20:00+00:00,63.8285,63.8285,63.78,63.78,439.0
2026-08-20T23:30:00+00:00,63.8192,63.8192,63.8192,63.8192,102.0
2026-08-20T23:35:00+00:00,63.83,63.83,63.81,63.81,459.0
2026-08-20T23:40:00+00:00,63.81,63.81,63.81,63.81,406.0
2026-08-20T23:45:00+00:00,63.83,63.83,63.82,63.82,684.0
2026-08-20T23:50:00+00:00,63.82,63.82,63.82,63.82,205.0
2026-08-20T23:55:00+00:00,63.82,63.82,63.82,63.82,158.0
2026-08-21T00:00:00+00:00,63.81,63.83,63.81,63.83,1679.600715
2026-08-21T08:05:00+00:00,63.71,63.9,63.62,63.64,14268.653007
2026-08-21T08:10:00+00:00,63.72,63.74,63.72,63.74,418.0
2026-08-21T08:30:00+00:00,63.67,63.67,63.63,63.63,983.0
2026-08-21T08:35:00+00:00,63.67,63.67,63.63,63.63,371.0
2026-08-21T08:40:00+00:00,63.65,63.65,63.64,63.64,1794.0
2026-08-21T08:45:00+00:00,63.62,63.62,63.58,63.58,3536.111014
2026-08-21T08:50:00+00:00,63.57,63.57,63.54,63.57,6563.0
2026-08-21T08:55:00+00:00,63.55,63.59,63.5,63.59,4627.7655030000005
2026-08-21T09:05:00+00:00,63.58,63.62,63.58,63.62,357.0
2026-08-21T09:10:00+00:00,63.61,63.61,63.61,63.61,150.08
2026-08-21T09:20:00+00:00,63.6,63.6,63.6,63.6,175.0
2026-08-21T09:25:00+00:00,63.6,63.6,63.6,63.6,110.0
2026-08-21T09:30:00+00:00,63.66,63.66,63.59,63.6,1846.0
2026-08-21T09:40:00+00:00,63.57,63.57,63.57,63.57,100.0
2026-08-21T09:45:00+00:00,63.58,63.58,63.5,63.5,310.0
2026-08-21T09:50:00+00:00,63.58,63.61,63.58,63.61,600.0
2026-08-21T09:55:00+00:00,63.62,63.62,63.62,63.62,138.0
2026-08-21T10:05:00+00:00,63.62,63.62,63.62,63.62,130.0
2026-08-21T10:10:00+00:00,63.64,63.76,63.64,63.76,4959.0
2026-08-21T10:15:00+00:00,63.76,63.8,63.71,63.71,5867.03537
2026-08-21T10:20:00+00:00,63.73,63.73,63.73,63.73,813.0
2026-08-21T11:05:00+00:00,63.78,63.8,63.7621,63.8,1090.0
2026-08-21T11:10:00+00:00,63.638,63.8,63.638,63.8,6510.1673630000005
2026-08-21T11:15:00+00:00,63.8,63.85,63.8,63.84,1422.0
2026-08-21T11:20:00+00:00,63.9,63.9,63.84,63.84,402.0
2026-08-21T11:25:00+00:00,63.81,63.82,63.75,63.75,3054.0
2026-08-21T11:30:00+00:00,63.69,63.7,63.66,63.66,6856.333075999999
2026-08-21T11:35:00+00:00,63.66,63.69,63.63,63.64,15070.011145
2026-08-21T11:40:00+00:00,63.63,63.63,63.5414,63.62,8804.615
2026-08-21T11:45:00+00:00,63.6057,63.62,63.5417,63.59,5934.0
2026-08-21T11:50:00+00:00,63.55,63.62,63.55,63.59,2384.0
2026-08-21T11:55:00+00:00,63.6,63.62,63.6,63.62,4805.0
2026-08-21T12:00:00+00:00,63.65,63.65,63.61,63.65,6469.118527
2026-08-21T12:05:00+00:00,63.68,63.68,63.67,63.68,2175.0
2026-08-21T12:10:00+00:00,63.68,63.68,63.68,63.68,1042.0
2026-08-21T12:15:00+00:00,63.6702,63.68,63.67,63.67,1013.0
2026-08-21T12:20:00+00:00,63.67,63.75,63.67,63.7,5340.0
2026-08-21T12:25:00+00:00,63.68,63.72,63.68,63.68,2655.0
2026-08-21T12:30:00+00:00,63.7,63.73,63.68,63.73,799.0
2026-08-21T12:35:00+00:00,63.7331,63.74,63.73,63.73,1506.0
2026-08-21T12:45:00+00:00,63.68,63.68,63.68,63.68,115.0
2026-08-21T12:55:00+00:00,63.72,63.82,63.72,63.7994,3833.0
2026-08-21T13:00:00+00:00,63.75,63.75,63.75,63.75,237.0
2026-08-21T13:05:00+00:00,63.72,63.73,63.72,63.73,1475.0
2026-08-21T13:10:00+00:00,63.8,63.8,63.8,63.8,412.0
2026-08-21T13:15:00+00:00,63.7083,63.7108,63.7083,63.7108,1526.0
2026-08-21T13:20:00+00:00,63.7,63.76,63.7,63.76,776.0
2026-08-21T13:25:00+00:00,63.74,63.74,63.72,63.72,1859.0
2026-08-21T13:30:00+00:00,63.75,63.88,63.75,63.88,7968.0
2026-08-21T13:35:00+00:00,63.905,64.3,63.86,64.175,1117074.483433
2026-08-21T13:40:00+00:00,64.17,64.29,63.995,64.005,618378.255813
2026-08-21T13:45:00+00:00,64.0,64.13,63.9195,64.0998,496527.114633
2026-08-21T13:50:00+00:00,64.095,64.18,64.005,64.03,700838.484632
2026-08-21T13:55:00+00:00,64.03,64.13,63.96,64.0,419921.39856800006
2026-08-21T14:00:00+00:00,63.99,63.99,63.79,63.82,290203.642708
2026-08-21T14:05:00+00:00,63.815,63.92,63.8,63.895,779400.8411259999
2026-08-21T14:10:00+00:00,63.895,64.0,63.85,63.99,250738.42915699998
2026-08-21T14:15:00+00:00,63.995,64.005,63.88,63.985,223243.372438
2026-08-21T14:20:00+00:00,63.99,64.02,63.92,63.9523,240022.43705999997
2026-08-21T14:25:00+00:00,63.955,64.025,63.955,64.01,569751.23327
2026-08-21T14:30:00+00:00,64.01,64.0198,63.9601,63.97,203933.19594700003
2026-08-21T14:35:00+00:00,63.975,64.01,63.93,63.98,166745.739506
2026-08-21T14:40:00+00:00,63.98,63.9801,63.77,63.83,197136.679226
2026-08-21T14:45:00+00:00,63.83,63.895,63.81,63.835,150078.259786
2026-08-21T14:50:00+00:00,63.8301,63.85,63.73,63.765,212847.439296
2026-08-21T14:55:00+00:00,63.76,63.765,63.68,63.7,230516.07990299998
2026-08-21T15:00:00+00:00,63.705,63.72,63.63,63.645,214689.14340899995
2026-08-21T15:05:00+00:00,63.645,63.685,63.575,63.645,185460.421073
2026-08-21T15:10:00+00:00,63.645,63.65,63.4001,63.405,681130.535251
2026-08-21T15:15:00+00:00,63.405,63.61,63.35,63.605,1092036.8739129999
2026-08-21T15:20:00+00:00,63.605,63.705,63.585,63.7,160204.534282
2026-08-21T15:25:00+00:00,63.705,63.71,63.615,63.625,120535.533929
2026-08-21T15:30:00+00:00,63.62,63.645,63.59,63.6,111319.7601
2026-08-21T15:35:00+00:00,63.6,63.675,63.585,63.66,157013.934092
2026-08-21T15:40:00+00:00,63.66,63.705,63.635,63.64,135304.444189
2026-08-21T15:45:00+00:00,63.64,63.68,63.615,63.67,129217.99734000002
2026-08-21T15:50:00+00:00,63.665,63.73,63.65,63.725,130302.15018600001
2026-08-21T15:55:00+00:00,63.7201,63.74,63.68,63.725,105971.887533
2026-08-21T16:00:00+00:00,63.725,63.785,63.715,63.76,92579.750268
2026-08-21T16:05:00+00:00,63.75,63.79,63.69,63.735,211867.604204
2026-08-21T16:10:00+00:00,63.73,63.76,63.71,63.73,103517.62681700001
2026-08-21T16:15:00+00:00,63.73,63.765,63.72,63.745,71095.913409
2026-08-21T16:20:00+00:00,63.745,63.775,63.74,63.765,74661.987846
2026-08-21T16:25:00+00:00,63.765,63.78,63.685,63.73,365394.332138
2026-08-21T16:30:00+00:00,63.73,63.85,63.7225,63.815,165786.174704
2026-08-21T16:35:00+00:00,63.82,63.84,63.785,63.81,127114.15523300001
2026-08-21T16:40:00+00:00,63.8,63.93,63.8,63.905,181437.907571
2026-08-21T16:45:00+00:00,63.905,63.94,63.87,63.88,84238.566886
2026-08-21T16:50:00+00:00,63.88,63.945,63.88,63.905,116815.089217
2026-08-21T16:55:00+00:00,63.9,63.935,63.89,63.91,82754.28620199999
2026-08-21T17:00:00+00:00,63.9,63.9151,63.765,63.775,178990.1838
2026-08-21T17:05:00+00:00,63.78,63.81,63.75,63.775,93239.11392
2026-08-21T17:10:00+00:00,63.77,63.845,63.77,63.835,126385.534541
2026-08-21T17:15:00+00:00,63.835,63.875,63.795,63.855,106042.155579
2026-08-21T17:20:00+00:00,63.87,63.905,63.87,63.9,89461.87072800001
2026-08-21T17:25:00+00:00,63.89,63.89,63.705,63.735,259088.593253
2026-08-21T17:30:00+00:00,63.73,63.76,63.695,63.695,193435.12557499998
2026-08-21T17:35:00+00:00,63.695,63.74,63.665,63.68,398431.220765
2026-08-21T17:40:00+00:00,63.685,63.705,63.65,63.665,263443.756503
2026-08-21T17:45:00+00:00,63.66,63.67,63.58,63.585,272197.550372
2026-08-21T17:50:00+00:00,63.585,63.63,63.585,63.625,289123.66867499996
2026-08-21T17:55:00+00:00,63.625,63.666,63.615,63.625,347098.929459
2026-08-21T18:00:00+00:00,63.63,63.65,63.59,63.605,223672.33732700002
2026-08-21T18:05:00+00:00,63.6,63.685,63.58,63.635,399686.999358
2026-08-21T18:10:00+00:00,63.635,63.73,63.615,63.71,264190.156401
2026-08-21T18:15:00+00:00,63.7,63.78,63.675,63.755,168446.141511
2026-08-21T18:20:00+00:00,63.755,63.795,63.72,63.77,123506.25939100001
2026-08-21T18:25:00+00:00,63.76,63.77,63.72,63.77,871582.533224
2026-08-21T18:30:00+00:00,63.77,63.785,63.74,63.78,100420.673417
2026-08-21T18:35:00+00:00,63.79,63.8,63.705,63.71,107855.67845899999
2026-08-21T18:40:00+00:00,63.71,63.73,63.67,63.68,4773766.380791
2026-08-21T18:45:00+00:00,63.675,63.735,63.665,63.705,137109.29424000002
2026-08-21T18:50:00+00:00,63.705,63.78,63.695,63.755,155575.271301
2026-08-21T18:55:00+00:00,63.755,63.785,63.73,63.775,111183.32188599999
2026-08-21T19:00:00+00:00,63.77,63.805,63.75,63.7999,181739.13037600002
2026-08-21T19:05:00+00:00,63.795,63.81,63.73,63.75,106182.864364
2026-08-21T19:10:00+00:00,63.755,63.7703,63.735,63.75,102778.457625
2026-08-21T19:15:00+00:00,63.745,63.75,63.705,63.74,92041.36067299999
2026-08-21T19:20:00+00:00,63.745,63.755,63.71,63.71,100164.011641
2026-08-21T19:25:00+00:00,63.7,63.715,63.655,63.665,117315.51922799999
2026-08-21T19:30:00+00:00,63.67,63.7,63.61,63.69,142389.488849
2026-08-21T19:35:00+00:00,63.695,63.785,63.695,63.785,153099.48225200002
2026-08-21T19:40:00+00:00,63.785,63.795,63.72,63.725,195815.879435
2026-08-21T19:45:00+00:00,63.725,63.7699,63.7,63.755,260365.955725
2026-08-21T19:50:00+00:00,63.75,63.8,63.735,63.755,325046.89229700004
2026-08-21T19:55:00+00:00,63.75,63.765,63.65,63.65,1019518.341666
2026-08-21T20:00:00+00:00,63.655,63.74,63.61,63.625,1180994.86372
2026-08-21T20:05:00+00:00,63.64,63.64,63.63,63.64,23838.217696
2026-08-21T20:10:00+00:00,63.62,63.64,63.6,63.6,930.0
2026-08-21T20:20:00+00:00,63.63,63.64,63.63,63.64,3452.0
2026-08-21T20:25:00+00:00,63.5863,63.5863,63.5863,63.5863,553.0
2026-08-21T20:40:00+00:00,63.62,63.65,63.62,63.63,3090.0
2026-08-21T20:45:00+00:00,63.68,63.76,63.68,63.71,25479.022169
2026-08-21T20:50:00+00:00,63.71,63.76,63.71,63.75,34645.0
2026-08-21T20:55:00+00:00,63.7,63.7,63.7,63.7,163.0
2026-08-21T21:00:00+00:00,63.65,63.6997,63.65,63.67,8637.0
2026-08-21T21:15:00+00:00,63.65,63.65,63.65,63.65,150.0
2026-08-21T21:20:00+00:00,63.64,63.6907,63.64,63.6907,1599.0
2026-08-21T21:25:00+00:00,63.645,63.645,63.58,63.58,1857.0
2026-08-21T21:40:00+00:00,63.6,63.6,63.6,63.6,305.0
2026-08-21T21:45:00+00:00,63.5621,63.5621,63.5621,63.5621,503.0
2026-08-21T21:50:00+00:00,63.63,63.63,63.63,63.63,312.0
2026-08-21T21:55:00+00:00,63.6,63.6,63.59,63.6,2201.0
2026-08-21T22:05:00+00:00,63.61,63.64,63.61,63.64,459.0
2026-08-21T22:10:00+00:00,63.6589,63.6589,63.6589,63.6589,152.0
2026-08-21T22:20:00+00:00,63.61,63.61,63.6,63.6,1030.0
2026-08-21T22:30:00+00:00,63.58,63.62,63.58,63.62,300.0
2026-08-21T22:45:00+00:00,63.588,63.588,63.588,63.588,150.0
2026-08-21T22:50:00+00:00,63.65,63.65,63.65,63.65,123.0
2026-08-21T23:20:00+00:00,63.61,63.61,63.61,63.61,227.0
2026-08-21T23:25:00+00:00,63.62,63.62,63.62,63.62,170.0
2026-08-21T23:35:00+00:00,63.63,63.63,63.63,63.63,196.0
2026-08-21T23:45:00+00:00,63.6223,63.6223,63.6223,63.6223,425.0
2026-08-21T23:55:00+00:00,63.5854,63.63,63.5854,63.62,3092.0
2026-08-22T00:00:00+00:00,63.63,63.63,63.63,63.63,162.0
2026-08-24T08:05:00+00:00,63.59,63.59,63.32,63.47,26039.398868
2026-08-24T08:10:00+00:00,63.45,63.45,63.43,63.44,1300.0
2026-08-24T08:15:00+00:00,63.455,63.455,63.455,63.455,230.0
2026-08-24T08:35:00+00:00,63.48,63.48,63.48,63.48,559.0
2026-08-24T08:40:00+00:00,63.47,63.47,63.465,63.465,663.5671629999999
2026-08-24T08:45:00+00:00,63.455,63.46,63.42,63.42,1457.0
2026-08-24T08:55:00+00:00,63.43,63.43,63.43,63.43,200.0
2026-08-24T09:00:00+00:00,63.41,63.41,63.41,63.41,405.0
2026-08-24T09:05:00+00:00,63.4,63.4,63.4,63.4,345.0
2026-08-24T09:25:00+00:00,63.45,63.45,63.44,63.45,2900.0
2026-08-24T09:30:00+00:00,63.44,63.44,63.44,63.44,500.0
2026-08-24T10:00:00+00:00,63.425,63.425,63.425,63.425,200.0
2026-08-24T10:05:00+00:00,63.41,63.41,63.41,63.41,104.0
2026-08-24T10:10:00+00:00,63.421,63.421,63.421,63.421,220.0
2026-08-24T10:15:00+00:00,63.43,63.43,63.43,63.43,100.0
2026-08-24T10:20:00+00:00,63.43,63.43,63.42,63.42,383.0
2026-08-24T10:35:00+00:00,63.43,63.43,63.43,63.43,901.0
2026-08-24T10:40:00+00:00,63.44,63.44,63.44,63.44,150.0
2026-08-24T10:45:00+00:00,63.41,63.41,63.41,63.41,1372.0
2026-08-24T10:55:00+00:00,63.395,63.395,63.395,63.395,200.0
2026-08-24T11:00:00+00:00,63.44,63.45,63.44,63.45,1200.0
2026-08-24T11:05:00+00:00,63.4684,63.4684,63.44,63.44,1421.0
2026-08-24T11:10:00+00:00,63.4,63.4,63.4,63.4,136.0
2026-08-24T11:15:00+00:00,63.41,63.45,63.41,63.45,1037.0
2026-08-24T11:20:00+00:00,63.3517,63.3724,63.3517,63.3724,501.0
2026-08-24T11:30:00+00:00,63.45,63.47,63.45,63.45,703.0
2026-08-24T11:35:00+00:00,63.43,63.43,63.43,63.43,211.0
2026-08-24T11:40:00+00:00,63.42,63.43,63.4,63.4,1790.591
2026-08-24T11:45:00+00:00,63.44,63.44,63.43,63.44,2235.0
2026-08-24T11:50:00+00:00,63.3401,63.3401,63.3401,63.3401,4001.0
2026-08-24T11:55:00+00:00,63.3375,63.44,63.3375,63.44,5217.0
2026-08-24T12:05:00+00:00,63.42,63.42,63.42,63.42,202.0
2026-08-24T12:10:00+00:00,63.4061,63.4061,63.3486,63.39,1618.31631
2026-08-24T12:15:00+00:00,63.37,63.42,63.37,63.42,2731.648
2026-08-24T12:20:00+00:00,63.43,63.45,63.43,63.45,842.0
2026-08-24T12:25:00+00:00,63.3772,63.45,63.3772,63.45,1247.0
2026-08-24T12:30:00+00:00,63.46,63.46,63.46,63.46,474.0
2026-08-24T12:35:00+00:00,63.42,63.47,63.37,63.46,11942.0
2026-08-24T12:40:00+00:00,63.4528,63.4528,63.402,63.402,794.0
2026-08-24T12:45:00+00:00,63.4075,63.42,63.37,63.42,2396.0
2026-08-24T12:50:00+00:00,63.43,63.43,63.38,63.38,323.0
2026-08-24T12:55:00+00:00,63.4588,63.4588,63.4588,63.4588,788.0
2026-08-24T13:05:00+00:00,63.35,63.36,63.2,63.3,20240.1264
2026-08-24T13:10:00+00:00,63.34,63.34,63.301,63.32,1793.0
2026-08-24T13:15:00+00:00,63.33,63.35,63.3,63.34,8661.0
2026-08-24T13:20:00+00:00,63.35,63.37,63.3,63.35,8627.0
2026-08-24T13:25:00+00:00,63.33,63.33,63.33,63.33,415.0
2026-08-24T13:30:00+00:00,63.24,63.38,63.24,63.27,7317.18488
2026-08-24T13:35:00+00:00,63.24,63.71,63.24,63.5611,1049652.149991
2026-08-24T13:40:00+00:00,63.56,63.64,63.32,63.55,563123.7932440001
2026-08-24T13:45:00+00:00,63.56,63.695,63.415,63.695,326298.620701
2026-08-24T13:50:00+00:00,63.695,63.72,63.44,63.565,412338.81066
2026-08-24T13:55:00+00:00,63.57,63.585,63.36,63.405,278419.264459
2026-08-24T14:00:00+00:00,63.405,63.53,63.28,63.295,246853.522743
2026-08-24T14:05:00+00:00,63.28,63.315,63.16,63.295,471787.87315199996
2026-08-24T14:10:00+00:00,63.3,63.405,63.255,63.29,299252.76187
2026-08-24T14:15:00+00:00,63.3,63.37,63.27,63.305,226688.61564499998
2026-08-24T14:20:00+00:00,63.3,63.325,63.215,63.31,285801.706803
2026-08-24T14:25:00+00:00,63.32,63.33,63.225,63.23,295772.44128100004
2026-08-24T14:30:00+00:00,63.2299,63.2699,63.165,63.17,313090.394595
2026-08-24T14:35:00+00:00,63.175,63.29,63.16,63.24,221862.719899
2026-08-24T14:40:00+00:00,63.23,63.27,63.155,63.165,141934.93774599998
2026-08-24T14:45:00+00:00,63.15,63.16,63.06,63.09,183980.421319
2026-08-24T14:50:00+00:00,63.085,63.085,62.89,62.89,296930.33505399997
2026-08-24T14:55:00+00:00,62.89,62.935,62.8,62.845,175430.901574
2026-08-24T15:00:00+00:00,62.85,62.9,62.835,62.88,289046.53676
2026-08-24T15:05:00+00:00,62.88,62.995,62.85,62.925,377364.78437400004
2026-08-24T15:10:00+00:00,62.92,62.96,62.735,62.7701,330301.189359
2026-08-24T15:15:00+00:00,62.77,62.86,62.715,62.84,357977.94314899994
2026-08-24T15:20:00+00:00,62.84,62.85,62.775,62.805,218056.460119
2026-08-24T15:25:00+00:00,62.805,62.86,62.7,62.715,216239.97918000002
2026-08-24T15:30:00+00:00,62.715,62.73,62.58,62.58,388868.36942500004
2026-08-24T15:35:00+00:00,62.575,62.67,62.56,62.645,375809.49068
2026-08-24T15:40:00+00:00,62.64,62.67,62.565,62.625,816031.405344
2026-08-24T15:45:00+00:00,62.63,62.72,62.63,62.71,237106.793588
2026-08-24T15:50:00+00:00,62.715,62.74,62.67,62.67,174237.327458
2026-08-24T15:55:00+00:00,62.66,62.69,62.61,62.655,291171.3774
2026-08-24T16:00:00+00:00,62.66,62.77,62.61,62.72,210108.593714
2026-08-24T16:05:00+00:00,62.715,62.755,62.6601,62.705,256754.16687800002
2026-08-24T16:10:00+00:00,62.705,62.71,62.64,62.68,82412.068428
2026-08-24T16:15:00+00:00,62.68,62.685,62.59,62.66,130318.725301
2026-08-24T16:20:00+00:00,62.66,62.765,62.6,62.76,131065.463951
2026-08-24T16:25:00+00:00,62.765,62.82,62.765,62.785,84418.519078
2026-08-24T16:30:00+00:00,62.78,62.86,62.775,62.825,201612.910103
2026-08-24T16:35:00+00:00,62.83,62.84,62.75,62.795,116069.804294
2026-08-24T16:40:00+00:00,62.79,62.79,62.705,62.765,279688.110011
2026-08-24T16:45:00+00:00,62.7603,62.865,62.7601,62.835,203385.51218
2026-08-24T16:50:00+00:00,62.83,62.83,62.76,62.825,161736.609009
2026-08-24T16:55:00+00:00,62.825,62.865,62.8,62.835,101553.350949
2026-08-24T17:00:00+00:00,62.8371,62.89,62.835,62.87,119382.015116
2026-08-24T17:05:00+00:00,62.87,62.88,62.805,62.875,154235.510728
2026-08-24T17:10:00+00:00,62.8778,62.96,62.815,62.875,247913.127181
2026-08-24T17:15:00+00:00,62.875,62.925,62.8601,62.895,112389.208342
2026-08-24T17:20:00+00:00,62.9,62.93,62.8327,62.85,156748.981761
2026-08-24T17:25:00+00:00,62.855,62.91,62.84,62.89,106581.527615
2026-08-24T17:30:00+00:00,62.89,62.965,62.87,62.9174,145926.639858
2026-08-24T17:35:00+00:00,62.915,62.96,62.88,62.935,133748.69036399998
2026-08-24T17:40:00+00:00,62.94,62.995,62.925,62.955,312298.92373
2026-08-24T17:45:00+00:00,62.96,63.01,62.95,62.96,141133.761058
2026-08-24T17:50:00+00:00,62.965,62.98,62.925,62.96,105884.23604599999
2026-08-24T17:55:00+00:00,62.955,62.9878,62.93,62.97,163592.753047
2026-08-24T18:00:00+00:00,62.97,62.99,62.945,62.9599,127497.15261900001
2026-08-24T18:05:00+00:00,62.96,63.01,62.94,62.985,135567.49978299998
2026-08-24T18:10:00+00:00,62.99,63.03,62.975,62.9878,105287.034625
2026-08-24T18:15:00+00:00,62.9899,63.0,62.9,62.965,166826.209196
2026-08-24T18:20:00+00:00,62.965,63.03,62.945,63.03,90466.463055
2026-08-24T18:25:00+00:00,63.035,63.05,63.005,63.04,100993.06473399999
2026-08-24T18:30:00+00:00,63.04,63.07,62.975,63.065,83386.12876899999
2026-08-24T18:35:00+00:00,63.07,63.08,62.9805,63.055,144200.330454
2026-08-24T18:40:00+00:00,63.06,63.065,63.005,63.025,104528.39907300001
2026-08-24T18:45:00+00:00,63.0299,63.085,63.015,63.065,72783.06162400001
2026-08-24T18:50:00+00:00,63.06,63.1,63.06,63.075,70530.605577
2026-08-24T18:55:00+00:00,63.07,63.115,63.06,63.105,177836.274816
2026-08-24T19:00:00+00:00,63.105,63.135,63.07,63.07,91775.381188
2026-08-24T19:05:00+00:00,63.075,63.1,63.035,63.085,120862.47614500001
2026-08-24T19:10:00+00:00,63.085,63.115,63.075,63.105,112964.12022099999
2026-08-24T19:15:00+00:00,63.105,63.12,63.085,63.12,122719.632782
2026-08-24T19:20:00+00:00,63.115,63.1563,63.115,63.145,103239.621858
2026-08-24T19:25:00+00:00,63.145,63.15,63.085,63.105,98386.08480400001
2026-08-24T19:30:00+00:00,63.1,63.12,63.075,63.0901,137919.290844
2026-08-24T19:35:00+00:00,63.095,63.15,63.07,63.105,168177.85061899998
2026-08-24T19:40:00+00:00,63.1072,63.135,63.075,63.075,142116.296795
2026-08-24T19:45:00+00:00,63.075,63.12,63.05,63.0963,281148.67671599996
2026-08-24T19:50:00+00:00,63.095,63.125,63.065,63.075,388157.35017600004
2026-08-24T19:55:00+00:00,63.08,63.15,63.055,63.145,548190.275406
2026-08-24T20:00:00+00:00,63.15,63.19,63.1,63.14,2121924.824751
2026-08-24T20:05:00+00:00,63.13,63.13,63.11,63.1206,27138.571473
2026-08-24T20:10:00+00:00,63.1254,63.1254,63.05,63.11,13155.0
2026-08-24T20:15:00+00:00,63.11,63.14,63.1,63.14,3502.0
2026-08-24T20:20:00+00:00,63.16,63.2184,63.11,63.2184,3366.740514
2026-08-24T20:25:00+00:00,63.0779,63.0779,63.0779,63.0779,500.0
2026-08-24T20:30:00+00:00,63.0779,63.09,63.0704,63.08,3606.0
2026-08-24T20:55:00+00:00,63.0916,63.0916,63.0916,63.0916,1000.0
2026-08-24T21:00:00+00:00,63.1,63.11,63.08,63.11,652.0
2026-08-24T21:05:00+00:00,63.0939,63.0939,63.0939,63.0939,238.0
2026-08-24T21:10:00+00:00,63.11,63.11,63.11,63.11,300.0
2026-08-24T21:15:00+00:00,63.12,63.12,63.12,63.12,166.0
2026-08-24T21:20:00+00:00,63.1592,63.1592,63.1592,63.1592,229.0
2026-08-24T21:25:00+00:00,63.16,63.16,63.16,63.16,139.0
2026-08-24T21:35:00+00:00,63.0571,63.0571,63.0571,63.0571,1216.0
2026-08-24T21:45:00+00:00,63.0606,63.0606,63.0606,63.0606,148.0
2026-08-24T21:55:00+00:00,63.0738,63.0738,63.0738,63.0738,116.0
2026-08-24T22:00:00+00:00,63.0738,63.1,63.0738,63.1,845.0
2026-08-24T22:50:00+00:00,63.0866,63.0866,63.0866,63.0866,471.0
2026-08-24T23:20:00+00:00,63.08,63.08,63.08,63.08,100.0
2026-08-24T23:30:00+00:00,63.1,63.12,63.1,63.12,423.0
2026-08-24T23:45:00+00:00,63.0939,63.1561,63.0939,63.1561,269.0
2026-08-24T23:55:00+00:00,63.1558,63.1558,63.1558,63.1558,100.0
2026-08-25T00:00:00+00:00,63.08,63.08,63.08,63.08,319.0
2026-08-25T08:05:00+00:00,62.62,63.15,62.62,62.87,20021.38133
2026-08-25T08:10:00+00:00,62.75,62.91,62.75,62.9,624.0
2026-08-25T08:15:00+00:00,62.9,62.9,62.9,62.9,508.0
2026-08-25T08:20:00+00:00,62.9,62.9,62.9,62.9,226.0
2026-08-25T08:25:00+00:00,62.84,62.84,62.78,62.78,1789.0
2026-08-25T08:40:00+00:00,62.7,62.7,62.7,62.7,10001.0
2026-08-25T08:50:00+00:00,62.78,62.82,62.7,62.82,5144.0
2026-08-25T09:00:00+00:00,62.68,62.68,62.68,62.68,240.0
2026-08-25T09:05:00+00:00,62.662,62.6771,62.662,62.6771,3501.0
2026-08-25T09:10:00+00:00,62.69,62.7,62.58,62.7,8493.286643
2026-08-25T09:20:00+00:00,62.63,62.63,62.63,62.63,400.0
2026-08-25T09:40:00+00:00,62.56,62.56,62.55,62.55,1249.0
2026-08-25T09:45:00+00:00,62.49,62.49,62.48,62.48,8160.0
2026-08-25T09:55:00+00:00,62.5,62.5,62.42,62.43,11811.2392
2026-08-25T10:00:00+00:00,62.45,62.48,62.41,62.43,16446.0
2026-08-25T10:05:00+00:00,62.44,62.49,62.43,62.49,2418.0
2026-08-25T10:15:00+00:00,62.49,62.49,62.49,62.49,2645.0
2026-08-25T10:20:00+00:00,62.46,62.5,62.44,62.48,4778.0
2026-08-25T10:25:00+00:00,62.43,62.5,62.43,62.5,3516.0
2026-08-25T10:30:00+00:00,62.4958,62.4958,62.4958,62.4958,237.0
2026-08-25T10:35:00+00:00,62.45,62.49,62.45,62.49,2542.0
2026-08-25T10:45:00+00:00,62.46,62.53,62.42,62.53,2455.0
2026-08-25T10:50:00+00:00,62.49,62.56,62.49,62.56,1337.0
2026-08-25T10:55:00+00:00,62.57,62.575,62.53,62.53,634.0
2026-08-25T11:05:00+00:00,62.55,62.5745,62.5055,62.5055,1402.0
2026-08-25T11:10:00+00:00,62.57,62.59,62.57,62.59,820.0
2026-08-25T11:15:00+00:00,62.57,62.57,62.57,62.57,335.0
2026-08-25T11:30:00+00:00,62.65,62.65,62.65,62.65,259.0
2026-08-25T11:35:00+00:00,62.6715,62.6715,62.52,62.5448,2148.086506
2026-08-25T11:40:00+00:00,62.53,62.53,62.5,62.5,4481.095
2026-08-25T11:50:00+00:00,62.5907,62.5907,62.33,62.33,12410.0
2026-08-25T11:55:00+00:00,62.36,62.4596,62.36,62.4569,2145.0
2026-08-25T12:00:00+00:00,62.45,62.48,62.41,62.48,2150.0
2026-08-25T12:05:00+00:00,62.43,62.43,62.42,62.42,411.0
2026-08-25T12:10:00+00:00,62.42,62.435,62.42,62.435,275.0
2026-08-25T12:15:00+00:00,62.43,62.4999,62.4,62.4,11058.0
2026-08-25T12:20:00+00:00,62.4732,62.4732,62.39,62.39,916.487185
2026-08-25T12:25:00+00:00,62.39,62.4738,62.37,62.37,2701.0
2026-08-25T12:30:00+00:00,62.4,62.4,62.3394,62.3539,3569.1283000000003
2026-08-25T12:35:00+00:00,62.38,62.39,62.32,62.389,4790.0
2026-08-25T12:40:00+00:00,62.37,62.37,62.31,62.34,4426.0
2026-08-25T12:45:00+00:00,62.32,62.3291,62.32,62.3291,1947.0
2026-08-25T12:50:00+00:00,62.355,62.39,62.3254,62.3408,1151.0
2026-08-25T12:55:00+00:00,62.35,62.35,62.26,62.26,4358.0
2026-08-25T13:00:00+00:00,62.27,62.27,62.24,62.24,5595.0
2026-08-25T13:05:00+00:00,62.22,62.2599,62.21,62.24,9626.0
2026-08-25T13:10:00+00:00,62.25,62.25,62.1896,62.23,1001.0
2026-08-25T13:15:00+00:00,62.21,62.22,62.15,62.15,10692.0
2026-08-25T13:20:00+00:00,62.17,62.22,62.15,62.21,9190.0
2026-08-25T13:25:00+00:00,62.19,62.26,62.17,62.19,7170.0
2026-08-25T13:30:00+00:00,62.1967,62.3539,62.1967,62.2,8538.0
2026-08-25T13:35:00+00:00,62.2,62.75,62.18,62.74,1206814.448442
2026-08-25T13:40:00+00:00,62.73,62.78,62.26,62.47,664499.9389589999
2026-08-25T13:45:00+00:00,62.47,62.48,62.31,62.32,554883.241431
2026-08-25T13:50:00+00:00,62.315,62.39,62.25,62.34,352867.646515
2026-08-25T13:55:00+00:00,62.34,62.48,62.325,62.415,371513.56139099994
2026-08-25T14:00:00+00:00,62.42,62.435,62.23,62.435,612245.6507799999
2026-08-25T14:05:00+00:00,62.44,62.75,62.4337,62.745,334058.734856
2026-08-25T14:10:00+00:00,62.75,62.785,62.65,62.65,449632.984909
2026-08-25T14:15:00+00:00,62.65,62.68,62.585,62.605,300278.74849499995
2026-08-25T14:20:00+00:00,62.605,62.635,62.565,62.595,196157.824494
2026-08-25T14:25:00+00:00,62.595,62.655,62.58,62.64,180771.303081
2026-08-25T14:30:00+00:00,62.64,62.66,62.565,62.595,144444.465267
2026-08-25T14:35:00+00:00,62.6,62.69,62.55,62.685,807981.408964
2026-08-25T14:40:00+00:00,62.675,62.7,62.62,62.63,344669.319604
2026-08-25T14:45:00+00:00,62.635,62.65,62.53,62.54,145413.274606
2026-08-25T14:50:00+00:00,62.55,62.56,62.425,62.465,158715.285668
2026-08-25T14:55:00+00:00,62.465,62.54,62.445,62.5,224062.683318
2026-08-25T15:00:00+00:00,62.51,62.61,62.48,62.6,115490.739243
2026-08-25T15:05:00+00:00,62.605,62.7399,62.605,62.72,118975.052659
2026-08-25T15:10:00+00:00,62.725,62.77,62.685,62.685,248682.640413
2026-08-25T15:15:00+00:00,62.68,62.735,62.675,62.7,141969.522293
2026-08-25T15:20:00+00:00,62.69,62.755,62.68,62.73,239641.245917
2026-08-25T15:25:00+00:00,62.735,62.74,62.655,62.74,192831.25374800002
2026-08-25T15:30:00+00:00,62.745,62.745,62.68,62.74,132678.107865
2026-08-25T15:35:00+00:00,62.74,62.77,62.68,62.695,173564.118396
2026-08-25T15:40:00+00:00,62.7,62.715,62.54,62.555,668984.179715
2026-08-25T15:45:00+00:00,62.55,62.565,62.365,62.48,576281.237596
2026-08-25T15:50:00+00:00,62.49,62.57,62.465,62.565,155739.176604
2026-08-25T15:55:00+00:00,62.57,62.595,62.53,62.565,193726.258947
2026-08-25T16:00:00+00:00,62.565,62.695,62.565,62.64,172139.343653
2026-08-25T16:05:00+00:00,62.65,62.65,62.5,62.535,898333.488981
2026-08-25T16:10:00+00:00,62.535,62.595,62.5,62.56,677244.7724910001
2026-08-25T16:15:00+00:00,62.565,62.58,62.535,62.57,181230.782648
2026-08-25T16:20:00+00:00,62.57,62.58,62.53,62.56,542341.8434819999
2026-08-25T16:25:00+00:00,62.56,62.58,62.54,62.555,527271.728815
2026-08-25T16:30:00+00:00,62.56,62.59,62.54,62.565,364214.545596
2026-08-25T16:35:00+00:00,62.565,62.605,62.54,62.6,183160.795327
2026-08-25T16:40:00+00:00,62.61,62.62,62.575,62.59,74235.78442899999
2026-08-25T16:45:00+00:00,62.595,62.65,62.595,62.645,80735.596804
2026-08-25T16:50:00+00:00,62.65,62.65,62.585,62.605,142090.19196899998
2026-08-25T16:55:00+00:00,62.6,62.64,62.56,62.63,165256.730191
2026-08-25T17:00:00+00:00,62.63,62.66,62.605,62.605,105569.544362
2026-08-25T17:05:00+00:00,62.605,62.65,62.595,62.605,101657.604169
2026-08-25T17:10:00+00:00,62.605,62.655,62.58,62.594,148273.27838
2026-08-25T17:15:00+00:00,62.59,62.64,62.5845,62.63,79431.88795599999
2026-08-25T17:20:00+00:00,62.64,62.64,62.555,62.57,138039.341793
2026-08-25T17:25:00+00:00,62.57,62.575,62.535,62.565,145419.351505
2026-08-25T17:30:00+00:00,62.57,62.575,62.525,62.54,71033.690165
2026-08-25T17:35:00+00:00,62.54,62.54,62.495,62.495,74513.062604
2026-08-25T17:40:00+00:00,62.495,62.55,62.48,62.525,71845.737568
2026-08-25T17:45:00+00:00,62.525,62.56,62.515,62.555,76603.980991
2026-08-25T17:50:00+00:00,62.56,62.605,62.515,62.525,1081644.216272
2026-08-25T17:55:00+00:00,62.525,62.545,62.495,62.505,168759.45492899997
2026-08-25T18:00:00+00:00,62.51,62.51,62.45,62.46,99150.050925
2026-08-25T18:05:00+00:00,62.46,62.52,62.455,62.52,101938.424126
2026-08-25T18:10:00+00:00,62.52,62.53,62.49,62.5,87134.260932
2026-08-25T18:15:00+00:00,62.5,62.52,62.465,62.4701,86555.510374
2026-08-25T18:20:00+00:00,62.475,62.545,62.45,62.535,117385.109299
2026-08-25T18:25:00+00:00,62.535,62.535,62.47,62.53,131954.055025
2026-08-25T18:30:00+00:00,62.53,62.58,62.523,62.54,112735.290738
2026-08-25T18:35:00+00:00,62.55,62.58,62.495,62.535,220448.72323399998
2026-08-25T18:40:00+00:00,62.54,62.595,62.535,62.59,210253.92248100002
2026-08-25T18:45:00+00:00,62.585,62.61,62.555,62.56,99375.73817
2026-08-25T18:50:00+00:00,62.555,62.56,62.465,62.475,455836.18369
2026-08-25T18:55:00+00:00,62.48,62.53,62.4613,62.52,114102.202342
2026-08-25T19:00:00+00:00,62.52,62.5299,62.48,62.495,306162.23635599995
2026-08-25T19:05:00+00:00,62.495,62.5,62.455,62.465,250599.56005200002
2026-08-25T19:10:00+00:00,62.46,62.485,62.4401,62.465,132271.92605100002
2026-08-25T19:15:00+00:00,62.465,62.48,62.43,62.46,120391.45566200001
2026-08-25T19:20:00+00:00,62.46,62.48,62.44,62.475,176391.888715
2026-08-25T19:25:00+00:00,62.48,62.495,62.455,62.495,331268.25550800003
2026-08-25T19:30:00+00:00,62.5,62.515,62.465,62.475,390255.26969499997
2026-08-25T19:35:00+00:00,62.48,62.485,62.445,62.445,175073.817815
2026-08-25T19:40:00+00:00,62.4401,62.445,62.375,62.405,328570.763548
2026-08-25T19:45:00+00:00,62.41,62.42,62.33,62.345,471614.69349
2026-08-25T19:50:00+00:00,62.345,62.365,62.29,62.355,542987.988824
2026-08-25T19:55:00+00:00,62.36,62.38,62.19,62.22,1358193.696606
2026-08-25T20:00:00+00:00,62.215,62.29,62.04,62.07,2766498.3695670003
2026-08-25T20:05:00+00:00,62.07,62.2,61.97,61.98,307501.924842
2026-08-25T20:10:00+00:00,61.98,62.0,61.95,61.96,34984.203844
2026-08-25T20:15:00+00:00,61.96,61.98,61.93,61.94,8192.0
2026-08-25T20:20:00+00:00,61.97,61.99,61.8662,61.8662,46336.0
2026-08-25T20:25:00+00:00,61.8922,61.93,61.8717,61.9254,66805.0
2026-08-25T20:30:00+00:00,61.91,61.96,61.9,61.96,8860.351999999999
2026-08-25T20:35:00+00:00,61.95,61.99,61.95,61.99,9407.0
2026-08-25T20:45:00+00:00,61.94,62.05,61.92,61.93,17606.0
2026-08-25T20:50:00+00:00,61.93,61.95,61.82,61.9,47881.0
2026-08-25T20:55:00+00:00,61.8963,61.9,61.8806,61.9,11833.0
2026-08-25T21:00:00+00:00,61.8878,61.8878,61.8878,61.8878,817.0
2026-08-25T21:05:00+00:00,61.9,61.98,61.9,61.9731,2727.0
2026-08-25T21:10:00+00:00,61.9,61.9649,61.89,61.9,67328.2285
2026-08-25T21:20:00+00:00,61.95,61.95,61.95,61.95,2726.0
2026-08-25T21:25:00+00:00,62.0,62.0,62.0,62.0,400.0
2026-08-25T21:35:00+00:00,61.93,61.9836,61.9239,61.9836,716.0
2026-08-25T21:40:00+00:00,61.95,61.95,61.9408,61.9408,1054.0
2026-08-25T21:55:00+00:00,61.9505,61.9507,61.95,61.9507,9000.0
2026-08-25T22:05:00+00:00,61.96,61.96,61.9401,61.9401,4597.0
2026-08-25T22:15:00+00:00,61.9462,61.9462,61.9462,61.9462,371.0
2026-08-25T22:20:00+00:00,61.9462,61.9462,61.9462,61.9462,100.0
2026-08-25T22:25:00+00:00,61.94,61.94,61.94,61.94,200.0
2026-08-25T22:35:00+00:00,61.94,61.94,61.94,61.94,156.0
2026-08-25T22:40:00+00:00,61.9315,61.9315,61.93,61.93,882.0
2026-08-25T22:45:00+00:00,61.93,61.99,61.93,61.99,1622.0
2026-08-25T22:55:00+00:00,61.92,61.96,61.92,61.9377,6462.0
2026-08-25T23:00:00+00:00,61.932,61.97,61.93,61.93,3061.0
2026-08-25T23:05:00+00:00,61.92,61.92,61.92,61.92,1000.0
2026-08-25T23:15:00+00:00,61.93,61.93,61.91,61.91,1667.0
2026-08-25T23:25:00+00:00,61.91,61.94,61.9,61.9,3116.0
2026-08-25T23:35:00+00:00,61.9383,61.9383,61.91,61.9106,2670.0
2026-08-25T23:40:00+00:00,61.94,61.98,61.88,61.9,937.0
2026-08-25T23:50:00+00:00,61.8501,61.8501,61.8501,61.8501,130.0
2026-08-25T23:55:00+00:00,61.9,61.9,61.8701,61.8701,338.0
2026-08-26T00:00:00+00:00,61.8701,61.8768,61.8701,61.8768,728.0
2026-08-26T08:05:00+00:00,61.62,61.855,61.62,61.73,7823.631415
2026-08-26T08:15:00+00:00,61.81,61.81,61.81,61.81,108.0
2026-08-26T08:20:00+00:00,61.7514,61.7514,61.7514,61.7514,165.0
2026-08-26T08:35:00+00:00,61.8,61.8,61.8,61.8,283.0
2026-08-26T08:40:00+00:00,61.84,61.85,61.77,61.77,502.0
2026-08-26T08:45:00+00:00,61.79,61.79,61.78,61.79,8375.0
2026-08-26T08:50:00+00:00,61.76,61.79,61.73,61.73,1889.737544
2026-08-26T09:00:00+00:00,61.745,61.76,61.745,61.76,2128.0
2026-08-26T09:05:00+00:00,61.77,61.8138,61.77,61.8138,1334.186107
2026-08-26T09:25:00+00:00,61.77,61.77,61.77,61.77,500.0
2026-08-26T09:35:00+00:00,61.78,61.8,61.74,61.74,1264.0
2026-08-26T09:40:00+00:00,61.72,61.72,61.71,61.72,400.0
2026-08-26T09:50:00+00:00,61.73,61.73,61.73,61.73,197.0
2026-08-26T10:00:00+00:00,61.75,61.75,61.75,61.75,1755.0
2026-08-26T10:05:00+00:00,61.75,61.75,61.75,61.75,1619.0
2026-08-26T10:10:00+00:00,61.73,61.74,61.73,61.74,262.0
2026-08-26T10:25:00+00:00,61.74,61.74,61.71,61.71,785.0
2026-08-26T10:35:00+00:00,61.75,61.75,61.75,61.75,2104.0306
2026-08-26T10:45:00+00:00,61.8,61.8,61.73,61.8,2100.0
2026-08-26T10:55:00+00:00,61.73,61.73,61.71,61.71,2547.0
2026-08-26T11:10:00+00:00,61.75,61.75,61.71,61.71,809.0
2026-08-26T11:20:00+00:00,61.7,61.7,61.64,61.64,5902.036371
2026-08-26T11:25:00+00:00,61.62,61.65,61.57,61.57,9891.0
2026-08-26T11:30:00+00:00,61.55,61.59,61.517,61.517,1160.0
2026-08-26T11:35:00+00:00,61.555,61.57,61.555,61.57,842.0
2026-08-26T11:40:00+00:00,61.6521,61.6521,61.6521,61.6521,203.585
2026-08-26T11:45:00+00:00,61.5,61.5279,61.5,61.5279,1241.0
2026-08-26T11:50:00+00:00,61.58,61.6124,61.57,61.6124,2782.0
2026-08-26T11:55:00+00:00,61.6,61.67,61.6,61.67,10629.0
2026-08-26T12:00:00+00:00,61.65,61.6682,61.62,61.645,5236.0
2026-08-26T12:05:00+00:00,61.62,61.6623,61.62,61.62,7255.4713
2026-08-26T12:10:00+00:00,61.65,61.66,61.65,61.66,1065.0
2026-08-26T12:15:00+00:00,61.6268,61.63,61.62,61.62,2765.5
2026-08-26T12:20:00+00:00,61.62,61.62,61.62,61.62,131.0
2026-08-26T12:25:00+00:00,61.62,61.66,61.62,61.66,9501.0
2026-08-26T12:30:00+00:00,61.6246,61.6262,61.62,61.6262,1119.0
2026-08-26T12:35:00+00:00,61.64,61.64,61.62,61.62,4756.732055
2026-08-26T12:40:00+00:00,61.64,61.6682,61.64,61.65,1276.0
2026-08-26T12:45:00+00:00,61.64,61.69,61.62,61.62,14863.0
2026-08-26T12:50:00+00:00,61.62,61.63,61.5675,61.57,8517.9875
2026-08-26T12:55:00+00:00,61.6,61.62,61.5624,61.62,698.0
2026-08-26T13:00:00+00:00,61.6,61.65,61.59,61.64,4213.0
2026-08-26T13:05:00+00:00,61.66,61.67,61.6,61.61,27709.0
2026-08-26T13:10:00+00:00,61.64,61.68,61.62,61.65,15015.0
2026-08-26T13:15:00+00:00,61.6628,61.6628,61.65,61.66,1100.0
2026-08-26T13:20:00+00:00,61.67,61.7297,61.61,61.66,9706.0
2026-08-26T13:25:00+00:00,61.63,61.63,61.54,61.54,8651.981
2026-08-26T13:30:00+00:00,61.54,61.5641,61.47,61.47,3607.230331
2026-08-26T13:35:00+00:00,61.43,61.85,61.31,61.655,1262454.571606
2026-08-26T13:40:00+00:00,61.665,62.01,61.59,61.97,904404.132674
2026-08-26T13:45:00+00:00,61.97,62.295,61.95,62.16,521573.1589510001
2026-08-26T13:50:00+00:00,62.15,62.345,62.15,62.315,424331.38690300006
2026-08-26T13:55:00+00:00,62.3,62.56,62.25,62.46,447643.550527
2026-08-26T14:00:00+00:00,62.45,62.45,62.22,62.225,656406.9347829999
2026-08-26T14:05:00+00:00,62.2225,62.41,62.208,62.395,338339.641997
2026-08-26T14:10:00+00:00,62.39,62.44,62.2998,62.37,332945.982564
2026-08-26T14:15:00+00:00,62.375,62.525,62.345,62.5,206780.237333
2026-08-26T14:20:00+00:00,62.5,62.7,62.5,62.7,316701.856166
2026-08-26T14:25:00+00:00,62.695,62.74,62.64,62.68,213386.03260900002
2026-08-26T14:30:00+00:00,62.68,62.73,62.6621,62.69,167301.000271
2026-08-26T14:35:00+00:00,62.69,62.765,62.69,62.7099,268223.269751
2026-08-26T14:40:00+00:00,62.705,62.715,62.6185,62.625,1177722.094217
2026-08-26T14:45:00+00:00,62.625,62.635,62.535,62.545,128095.592634
2026-08-26T14:50:00+00:00,62.55,62.615,62.535,62.56,123717.05851999999
2026-08-26T14:55:00+00:00,62.565,62.595,62.485,62.4999,142780.098229
2026-08-26T15:00:00+00:00,62.49,62.505,62.445,62.48,134621.974956
2026-08-26T15:05:00+00:00,62.485,62.56,62.48,62.545,95122.01599400002
2026-08-26T15:10:00+00:00,62.545,62.59,62.5105,62.555,98714.801332
2026-08-26T15:15:00+00:00,62.555,62.69,62.52,62.68,257005.766846
2026-08-26T15:20:00+00:00,62.69,62.69,62.615,62.63,72274.295404
2026-08-26T15:25:00+00:00,62.63,62.635,62.57,62.585,133260.25958500002
2026-08-26T15:30:00+00:00,62.585,62.63,62.5638,62.625,121636.216781
2026-08-26T15:35:00+00:00,62.62,62.635,62.585,62.63,122780.770724
2026-08-26T15:40:00+00:00,62.635,62.6356,62.505,62.51,157327.65115400002
2026-08-26T15:45:00+00:00,62.51,62.605,62.49,62.565,126818.62945500002
2026-08-26T15:50:00+00:00,62.57,62.62,62.5601,62.57,76754.24114
2026-08-26T15:55:00+00:00,62.56,62.77,62.56,62.75,448309.77201099996
2026-08-26T16:00:00+00:00,62.75,62.96,62.75,62.93,1469556.930188
2026-08-26T16:05:00+00:00,62.93,62.995,62.9,62.95,598847.166529
2026-08-26T16:10:00+00:00,62.95,62.98,62.9,62.9,192106.34482199998
2026-08-26T16:15:00+00:00,62.9,62.945,62.87,62.925,232617.556958
2026-08-26T16:20:00+00:00,62.93,62.97,62.885,62.9202,291477.220804
2026-08-26T16:25:00+00:00,62.93,63.01,62.915,63.005,157780.27649599998
2026-08-26T16:30:00+00:00,63.005,63.02,62.92,62.935,399463.774801
2026-08-26T16:35:00+00:00,62.935,62.96,62.89,62.9,167339.498771
2026-08-26T16:40:00+00:00,62.895,62.905,62.805,62.805,107427.541225
2026-08-26T16:45:00+00:00,62.8,62.835,62.7627,62.77,81979.194211
2026-08-26T16:50:00+00:00,62.77,62.79,62.74,62.755,171935.010602
2026-08-26T16:55:00+00:00,62.75,62.795,62.72,62.73,147248.620256
2026-08-26T17:00:00+00:00,62.725,62.75,62.66,62.685,372319.98929299996
2026-08-26T17:05:00+00:00,62.685,62.71,62.6301,62.645,106537.667721
2026-08-26T17:10:00+00:00,62.645,62.69,62.62,62.68,110961.460234
2026-08-26T17:15:00+00:00,62.68,62.73,62.68,62.725,98255.06406799999
2026-08-26T17:20:00+00:00,62.725,62.75,62.695,62.715,118866.829025
2026-08-26T17:25:00+00:00,62.715,62.74,62.69,62.715,139391.99720900002
2026-08-26T17:30:00+00:00,62.715,62.715,62.635,62.635,420844.837168
2026-08-26T17:35:00+00:00,62.64,62.68,62.62,62.655,284309.577239
2026-08-26T17:40:00+00:00,62.655,62.68,62.625,62.6399,80508.044998
2026-08-26T17:45:00+00:00,62.63,62.64,62.595,62.61,310166.299251
2026-08-26T17:50:00+00:00,62.605,62.665,62.6,62.665,413110.484557
2026-08-26T17:55:00+00:00,62.67,62.67,62.62,62.65,318253.874554
2026-08-26T18:00:00+00:00,62.64,62.645,62.59,62.61,193349.158522
2026-08-26T18:05:00+00:00,62.605,62.61,62.55,62.56,92707.551329
2026-08-26T18:10:00+00:00,62.555,62.61,62.555,62.56,59122.358831000005
2026-08-26T18:15:00+00:00,62.56,62.595,62.55,62.56,65595.54079
2026-08-26T18:20:00+00:00,62.56,62.5699,62.49,62.535,102035.666547
2026-08-26T18:25:00+00:00,62.535,62.545,62.46,62.46,87292.94910900001
2026-08-26T18:30:00+00:00,62.465,62.535,62.455,62.53,137418.577779
2026-08-26T18:35:00+00:00,62.525,62.525,62.435,62.435,122998.13600400003
2026-08-26T18:40:00+00:00,62.435,62.45,62.4,62.435,143662.058475
2026-08-26T18:45:00+00:00,62.435,62.45,62.415,62.415,52777.253644000004
2026-08-26T18:50:00+00:00,62.415,62.42,62.335,62.335,72453.354089
2026-08-26T18:55:00+00:00,62.33,62.45,62.33,62.435,178321.355253
2026-08-26T19:00:00+00:00,62.43,62.47,62.43,62.455,115723.17434900001
2026-08-26T19:05:00+00:00,62.46,62.485,62.415,62.415,251965.470347
2026-08-26T19:10:00+00:00,62.41,62.46,62.4,62.445,235871.75821
2026-08-26T19:15:00+00:00,62.445,62.4763,62.4203,62.455,280740.547013
2026-08-26T19:20:00+00:00,62.45,62.5,62.435,62.49,238850.444349
2026-08-26T19:25:00+00:00,62.48,62.49,62.425,62.485,140400.4547
2026-08-26T19:30:00+00:00,62.48,62.485,62.405,62.425,119969.042032
2026-08-26T19:35:00+00:00,62.42,62.49,62.42,62.465,409569.363167
2026-08-26T19:40:00+00:00,62.46,62.465,62.4,62.45,254522.516956
2026-08-26T19:45:00+00:00,62.455,62.505,62.45,62.505,201881.36707600002
2026-08-26T19:50:00+00:00,62.5,62.515,62.47,62.495,705622.26206
2026-08-26T19:55:00+00:00,62.49,62.525,62.44,62.465,548709.277913
2026-08-26T20:00:00+00:00,62.46,62.5,62.4,62.44,1160308.4534459999
2026-08-26T20:05:00+00:00,62.43,62.51,62.3127,62.51,44607.239038
2026-08-26T20:10:00+00:00,62.5,62.54,62.467,62.467,5487.0
2026-08-26T20:15:00+00:00,62.45,62.52,62.45,62.464,592.768161
2026-08-26T20:30:00+00:00,62.428,62.428,62.428,62.428,1000005.0
2026-08-26T20:35:00+00:00,62.52,62.52,62.51,62.52,503.0
2026-08-26T20:40:00+00:00,62.5,62.5,62.5,62.5,500.0
2026-08-26T20:55:00+00:00,62.47,62.47,62.47,62.47,112.0
2026-08-26T21:05:00+00:00,62.52,62.53,62.52,62.52,740.0
2026-08-26T21:15:00+00:00,62.48,62.48,62.48,62.48,424.0
2026-08-26T21:20:00+00:00,62.465,62.465,62.465,62.465,110.0
2026-08-26T21:25:00+00:00,62.4874,62.4874,62.4874,62.4874,150.0
2026-08-26T21:30:00+00:00,62.45,62.47,62.45,62.45,2722.0
2026-08-26T21:35:00+00:00,62.45,62.452,62.45,62.452,421.0
2026-08-26T21:40:00+00:00,62.4503,62.4503,62.4503,62.4503,172.570599
2026-08-26T21:45:00+00:00,62.46,62.46,62.46,62.46,202.0
2026-08-26T21:50:00+00:00,62.46,62.46,62.45,62.45,1208.079731
2026-08-26T21:55:00+00:00,62.45,62.45,62.45,62.45,214.0
2026-08-26T22:40:00+00:00,62.5599,62.5599,62.5599,62.5599,160.0
2026-08-26T23:00:00+00:00,62.5651,62.5651,62.5651,62.5651,328.0
2026-08-26T23:10:00+00:00,62.5788,62.5788,62.5788,62.5788,241.0
2026-08-26T23:20:00+00:00,62.58,62.58,62.58,62.58,100.0
2026-08-26T23:30:00+00:00,62.475,62.5,62.475,62.5,608.0
2026-08-26T23:45:00+00:00,62.4951,62.4951,62.45,62.4577,752.0
2026-08-26T23:50:00+00:00,62.46,62.46,62.45,62.45,1000.0
2026-08-27T00:00:00+00:00,62.5345,62.5345,62.5345,62.5345,264.0
2026-08-27T08:05:00+00:00,62.2,62.4,61.88,62.04,14109.160507
2026-08-27T08:15:00+00:00,62.03,62.05,61.95,61.98,21773.0
2026-08-27T08:20:00+00:00,61.96,62.01,61.93,61.93,5416.0
2026-08-27T08:25:00+00:00,62.01,62.01,62.01,62.01,190.0
2026-08-27T08:30:00+00:00,62.0,62.0,61.96,61.99,5184.0
2026-08-27T08:50:00+00:00,61.9856,61.9856,61.9856,61.9856,1588.0
2026-08-27T09:00:00+00:00,62.02,62.02,62.02,62.02,1357.0
2026-08-27T09:05:00+00:00,62.03,62.05,61.97,61.97,6493.0
2026-08-27T09:10:00+00:00,62.07,62.07,62.07,62.07,1611.0
2026-08-27T09:25:00+00:00,62.07,62.08,62.0,62.03,9700.321342
2026-08-27T09:30:00+00:00,62.01,62.03,62.0,62.02,7711.0
2026-08-27T09:35:00+00:00,62.0,62.02,62.0,62.0,973.0
2026-08-27T09:45:00+00:00,62.04,62.05,62.04,62.05,1829.0
2026-08-27T09:50:00+00:00,61.95,61.9516,61.95,61.9516,3557.0
2026-08-27T09:55:00+00:00,62.03,62.05,62.03,62.05,767.0
2026-08-27T10:00:00+00:00,62.04,62.06,62.01,62.01,2091.0
2026-08-27T10:05:00+00:00,62.01,62.06,62.01,62.03,12299.0
2026-08-27T10:10:00+00:00,62.01,62.01,62.01,62.01,7056.89
2026-08-27T10:15:00+00:00,62.07,62.07,62.01,62.01,675.0
2026-08-27T10:25:00+00:00,62.05,62.05,62.05,62.05,1924.0
2026-08-27T10:30:00+00:00,62.05,62.05,62.03,62.03,5366.0
2026-08-27T10:35:00+00:00,62.0,62.12,62.0,62.12,1810.0
2026-08-27T10:40:00+00:00,62.02,62.02,62.02,62.02,300.0
2026-08-27T10:50:00+00:00,62.02,62.06,62.02,62.06,358.0
2026-08-27T10:55:00+00:00,62.07,62.08,62.02,62.07,869.0
2026-08-27T11:05:00+00:00,62.14,62.1576,62.14,62.1576,1760.0
2026-08-27T11:10:00+00:00,62.18,62.18,62.1324,62.1324,4530.0
2026-08-27T11:15:00+00:00,62.1346,62.15,62.09,62.09,3450.0
2026-08-27T11:20:00+00:00,62.083,62.083,62.083,62.083,387.0
2026-08-27T11:25:00+00:00,62.1399,62.1399,62.1399,62.1399,251.0
2026-08-27T11:35:00+00:00,62.25,62.25,62.13,62.2,12762.0
2026-08-27T11:40:00+00:00,62.22,62.22,62.22,62.22,175.036
2026-08-27T11:45:00+00:00,62.25,62.25,62.25,62.25,104.0
2026-08-27T11:50:00+00:00,62.24,62.27,62.24,62.26,4353.0
2026-08-27T11:55:00+00:00,62.25,62.3,62.25,62.3,4474.0
2026-08-27T12:00:00+00:00,62.24,62.29,62.24,62.29,2456.0
2026-08-27T12:05:00+00:00,62.24,62.2965,62.24,62.2965,318.0
2026-08-27T12:10:00+00:00,62.24,62.24,62.24,62.24,119.63584
2026-08-27T12:15:00+00:00,62.25,62.25,62.2085,62.21,5587.0
2026-08-27T12:20:00+00:00,62.22,62.22,62.22,62.22,160.879
2026-08-27T12:25:00+00:00,62.22,62.23,62.2,62.2,1159.018795
2026-08-27T12:30:00+00:00,62.2,62.2,62.1605,62.2,1762.0
2026-08-27T12:35:00+00:00,62.19,62.1918,62.19,62.1918,616.0
2026-08-27T12:40:00+00:00,62.2,62.2,62.19,62.19,1222.0
2026-08-27T12:45:00+00:00,62.18,62.2245,62.17,62.2245,11854.0
2026-08-27T12:50:00+00:00,62.19,62.25,62.19,62.21,13271.0
2026-08-27T12:55:00+00:00,62.24,62.25,62.21,62.2428,33910.0
2026-08-27T13:00:00+00:00,62.2077,62.25,62.19,62.2299,8339.0
2026-08-27T13:05:00+00:00,62.21,62.22,62.19,62.21,7481.0
2026-08-27T13:10:00+00:00,62.1978,62.2238,62.16,62.19,27320.0
2026-08-27T13:15:00+00:00,62.19,62.23,62.19,62.2,8424.0
2026-08-27T13:20:00+00:00,62.21,62.22,62.19,62.2,8292.0
2026-08-27T13:25:00+00:00,62.21,62.21,62.19,62.19,14529.03485
2026-08-27T13:30:00+00:00,62.21,62.25,62.2,62.25,2270.0
2026-08-27T13:35:00+00:00,62.23,62.45,62.14,62.175,1084742.228407
2026-08-27T13:40:00+00:00,62.17,62.425,62.16,62.17,590871.322166
2026-08-27T13:45:00+00:00,62.165,62.19,61.905,62.005,561119.112573
2026-08-27T13:50:00+00:00,62.005,62.14,61.975,62.085,510375.70079100004
2026-08-27T13:55:00+00:00,62.09,62.125,61.975,62.09,412376.442687
2026-08-27T14:00:00+00:00,62.095,62.115,61.955,61.98,352375.537528
2026-08-27T14:05:00+00:00,61.98,62.0713,61.85,61.87,705918.2613019999
2026-08-27T14:10:00+00:00,61.875,61.93,61.795,61.865,1214487.5081789999
2026-08-27T14:15:00+00:00,61.865,61.875,61.765,61.8,567460.39017
2026-08-27T14:20:00+00:00,61.805,61.93,61.785,61.925,323567.492351
2026-08-27T14:25:00+00:00,61.9281,62.045,61.92,61.98,322290.196156
2026-08-27T14:30:00+00:00,61.98,62.01,61.81,61.825,449128.129254
2026-08-27T14:35:00+00:00,61.822,61.84,61.73,61.73,339400.430559
2026-08-27T14:40:00+00:00,61.7312,61.86,61.72,61.825,610283.2334980001
2026-08-27T14:45:00+00:00,61.82,61.86,61.725,61.73,445957.29622300004
2026-08-27T14:50:00+00:00,61.74,61.77,61.66,61.69,881953.362381
2026-08-27T14:55:00+00:00,61.69,61.705,61.635,61.66,313265.32657000003
2026-08-27T15:00:00+00:00,61.66,61.665,61.575,61.585,481825.970677
2026-08-27T15:05:00+00:00,61.585,61.62,61.55,61.595,404385.82428
2026-08-27T15:10:00+00:00,61.595,61.66,61.57,61.6572,613515.419696
2026-08-27T15:15:00+00:00,61.655,61.68,61.585,61.645,413236.935878
2026-08-27T15:20:00+00:00,61.645,61.685,61.6,61.625,212022.661601
2026-08-27T15:25:00+00:00,61.63,61.785,61.625,61.775,366455.640402
2026-08-27T15:30:00+00:00,61.78,61.825,61.765,61.7877,309114.336219
2026-08-27T15:35:00+00:00,61.785,61.85,61.775,61.775,200038.414119
2026-08-27T15:40:00+00:00,61.77,61.78,61.7,61.725,327476.827298
2026-08-27T15:45:00+00:00,61.72,61.815,61.72,61.78,202698.53802700003
2026-08-27T15:50:00+00:00,61.785,61.82,61.77,61.805,241472.113537
2026-08-27T15:55:00+00:00,61.805,61.845,61.79,61.825,174913.51480099998
2026-08-27T16:00:00+00:00,61.82,61.875,61.815,61.875,188863.83512
2026-08-27T16:05:00+00:00,61.875,61.945,61.86,61.915,166142.148634
2026-08-27T16:10:00+00:00,61.92,61.95,61.88,61.94,172675.712505
2026-08-27T16:15:00+00:00,61.95,61.98,61.895,61.92,250680.355333
2026-08-27T16:20:00+00:00,61.925,62.015,61.91,61.995,175515.616051
2026-08-27T16:25:00+00:00,61.995,62.04,61.985,62.035,116487.341369
2026-08-27T16:30:00+00:00,62.035,62.045,61.915,61.915,151896.798544
2026-08-27T16:35:00+00:00,61.915,62.005,61.915,61.99,255151.73412900002
2026-08-27T16:40:00+00:00,61.995,62.025,61.98,61.99,100089.507607
2026-08-27T16:45:00+00:00,61.99,62.07,61.99,62.065,56475.465464
2026-08-27T16:50:00+00:00,62.06,62.175,62.06,62.165,369268.688158
2026-08-27T16:55:00+00:00,62.165,62.19,62.16,62.17,72934.67022
2026-08-27T17:00:00+00:00,62.17,62.19,62.145,62.16,97620.823306
2026-08-27T17:05:00+00:00,62.16,62.185,62.145,62.165,268689.748349
2026-08-27T17:10:00+00:00,62.165,62.255,62.16,62.225,285260.015948
2026-08-27T17:15:00+00:00,62.23,62.23,62.12,62.135,446255.89727400005
2026-08-27T17:20:00+00:00,62.135,62.31,62.12,62.295,319265.386925
2026-08-27T17:25:00+00:00,62.305,62.355,62.255,62.265,211381.87234200002
2026-08-27T17:30:00+00:00,62.265,62.32,62.255,62.265,235911.04900399997
2026-08-27T17:35:00+00:00,62.265,62.33,62.265,62.3,264189.544613
2026-08-27T17:40:00+00:00,62.295,62.3051,62.275,62.305,165921.622772
2026-08-27T17:45:00+00:00,62.3,62.335,62.275,62.32,197128.23637700002
2026-08-27T17:50:00+00:00,62.325,62.385,62.305,62.305,418105.40650199994
2026-08-27T17:55:00+00:00,62.305,62.46,62.3,62.455,414732.519313
2026-08-27T18:00:00+00:00,62.455,62.655,62.455,62.655,306712.580784
2026-08-27T18:05:00+00:00,62.65,62.66,62.595,62.63,283100.88738
2026-08-27T18:10:00+00:00,62.63,62.71,62.57,62.665,1198324.231623
2026-08-27T18:15:00+00:00,62.665,62.72,62.64,62.69,408460.171908
2026-08-27T18:20:00+00:00,62.69,62.71,62.635,62.645,458202.271542
2026-08-27T18:25:00+00:00,62.6497,62.685,62.61,62.635,181129.168054
2026-08-27T18:30:00+00:00,62.63,62.68,62.57,62.575,246838.25188
2026-08-27T18:35:00+00:00,62.57,62.62,62.55,62.6,240439.37184300003
2026-08-27T18:40:00+00:00,62.6,62.615,62.565,62.575,280135.146921
2026-08-27T18:45:00+00:00,62.575,62.585,62.545,62.58,155336.02275200002
2026-08-27T18:50:00+00:00,62.58,62.595,62.56,62.56,116236.05881599999
2026-08-27T18:55:00+00:00,62.5618,62.595,62.525,62.535,195200.83314400003
2026-08-27T19:00:00+00:00,62.535,62.56,62.49,62.49,186255.532328
2026-08-27T19:05:00+00:00,62.495,62.52,62.4427,62.5,215712.07739199998
2026-08-27T19:10:00+00:00,62.5,62.505,62.46,62.5,162150.735437
2026-08-27T19:15:00+00:00,62.5,62.53,62.495,62.52,99909.559967
2026-08-27T19:20:00+00:00,62.525,62.54,62.5,62.535,123579.14132699999
2026-08-27T19:25:00+00:00,62.535,62.535,62.445,62.445,450787.87085800007
2026-08-27T19:30:00+00:00,62.44,62.48,62.42,62.46,138565.419466
2026-08-27T19:35:00+00:00,62.465,62.5077,62.425,62.425,358762.44235599996
2026-08-27T19:40:00+00:00,62.42,62.44,62.41,62.42,240824.03914
2026-08-27T19:45:00+00:00,62.425,62.44,62.355,62.3629,273226.545843
2026-08-27T19:50:00+00:00,62.36,62.365,62.31,62.345,505405.33519600006
2026-08-27T19:55:00+00:00,62.34,62.345,62.19,62.255,811532.8656850001
2026-08-27T20:00:00+00:00,62.26,62.38,62.25,62.27,1723644.449957
2026-08-27T20:05:00+00:00,62.29,62.29,62.2,62.29,15903.869853
2026-08-27T20:10:00+00:00,62.25,62.25,62.17,62.2293,34418.0
2026-08-27T20:15:00+00:00,62.22,62.3,62.22,62.3,17802.14388
2026-08-27T20:25:00+00:00,62.29,62.3,62.29,62.29,1452.0
2026-08-27T20:30:00+00:00,62.35,62.35,62.35,62.35,200.0
2026-08-27T20:35:00+00:00,62.2219,62.2219,62.2219,62.2219,170.0
2026-08-27T20:40:00+00:00,62.22,62.22,62.22,62.22,100.0
2026-08-27T20:50:00+00:00,62.29,62.3499,62.29,62.3499,1149.0
2026-08-27T21:00:00+00:00,62.32,62.32,62.32,62.32,240.0
2026-08-27T21:40:00+00:00,62.2,62.2,62.2,62.2,116.0
2026-08-27T21:50:00+00:00,62.35,62.35,62.35,62.35,101.0
2026-08-27T22:15:00+00:00,62.32,62.32,62.2,62.2,5306.0
2026-08-27T22:45:00+00:00,62.2215,62.2215,62.2215,62.2215,300.50132
2026-08-27T22:55:00+00:00,62.26,62.26,62.26,62.26,101.0
2026-08-27T23:25:00+00:00,62.27,62.27,62.25,62.25,1681.0
2026-08-27T23:35:00+00:00,62.24,62.24,62.24,62.24,211.0
2026-08-27T23:40:00+00:00,62.35,62.35,62.35,62.35,192.0
2026-08-27T23:45:00+00:00,62.35,62.35,62.35,62.35,455.0
2026-08-28T00:00:00+00:00,62.2201,62.2201,62.2201,62.2201,213.0
2026-08-28T08:05:00+00:00,62.305,62.35,62.26,62.35,6250.6457040000005
2026-08-28T08:30:00+00:00,62.35,62.35,62.35,62.35,134.0
2026-08-28T08:35:00+00:00,62.36,62.36,62.35,62.35,671.0
2026-08-28T08:50:00+00:00,62.4,62.42,62.38,62.42,958.0
2026-08-28T09:00:00+00:00,62.44,62.44,62.38,62.38,1873.0
2026-08-28T09:05:00+00:00,62.44,62.45,62.44,62.45,1461.0
2026-08-28T09:10:00+00:00,62.375,62.38,62.35,62.36,1000.0
2026-08-28T09:35:00+00:00,62.4,62.43,62.4,62.43,1069.016035
2026-08-28T09:55:00+00:00,62.41,62.41,62.41,62.41,160.0
2026-08-28T10:00:00+00:00,62.41,62.41,62.41,62.41,400.0
2026-08-28T10:05:00+00:00,62.4,62.4,62.38,62.38,1035.0
2026-08-28T10:40:00+00:00,62.44,62.44,62.44,62.44,297.0
2026-08-28T10:45:00+00:00,62.425,62.425,62.425,62.425,626.0
2026-08-28T10:55:00+00:00,62.41,62.42,62.41,62.42,865.0
2026-08-28T11:05:00+00:00,62.42,62.45,62.37,62.4484,10068.649241
2026-08-28T11:10:00+00:00,62.4499,62.4499,62.39,62.39,3115.0
2026-08-28T11:15:00+00:00,62.4141,62.4592,62.4,62.4592,645.0
2026-08-28T11:20:00+00:00,62.4272,62.4272,62.4272,62.4272,200.0
2026-08-28T11:40:00+00:00,62.38,62.38,62.38,62.38,225.245
2026-08-28T11:45:00+00:00,62.38,62.39,62.38,62.39,1100.0
2026-08-28T11:55:00+00:00,62.39,62.4,62.39,62.39,1162.0
2026-08-28T12:00:00+00:00,62.39,62.39,62.39,62.39,200.0
2026-08-28T12:05:00+00:00,62.4064,62.4064,62.4064,62.4064,116.0
2026-08-28T12:15:00+00:00,62.37,62.4107,62.37,62.4107,950.0
2026-08-28T12:25:00+00:00,62.37,62.42,62.25,62.42,11678.614
2026-08-28T12:45:00+00:00,62.37,62.38,62.37,62.38,764.0
2026-08-28T12:50:00+00:00,62.36,62.41,62.33,62.33,4052.0
2026-08-28T12:55:00+00:00,62.35,62.35,62.34,62.34,1218.0
2026-08-28T13:00:00+00:00,62.34,62.34,62.33,62.33,692.0
2026-08-28T13:05:00+00:00,62.38,62.38,62.33,62.38,5124.0
2026-08-28T13:10:00+00:00,62.31,62.35,62.2938,62.2938,1178.0
2026-08-28T13:15:00+00:00,62.27,62.3,62.27,62.28,2433.0
2026-08-28T13:25:00+00:00,62.26,62.32,62.26,62.28,979.6548310000001
2026-08-28T13:30:00+00:00,62.28,62.43,62.2,62.43,11408.0
2026-08-28T13:35:00+00:00,62.35,62.68,62.32,62.355,947907.9756070001
2026-08-28T13:40:00+00:00,62.36,62.56,62.25,62.525,432290.036297
2026-08-28T13:45:00+00:00,62.53,62.63,62.44,62.54,814825.9670859999
2026-08-28T13:50:00+00:00,62.535,62.6499,62.48,62.485,534637.75779
2026-08-28T13:55:00+00:00,62.48,62.52,62.42,62.42,231783.180284
2026-08-28T14:00:00+00:00,62.415,62.53,62.35,62.45,208568.343245
2026-08-28T14:05:00+00:00,62.46,62.505,62.335,62.42,332993.991562
2026-08-28T14:10:00+00:00,62.42,62.42,62.125,62.16,326675.412653
2026-08-28T14:15:00+00:00,62.16,62.29,62.118,62.28,330638.620802
2026-08-28T14:20:00+00:00,62.285,62.42,62.28,62.375,478000.158404
2026-08-28T14:25:00+00:00,62.38,62.38,62.165,62.2,249580.243972
2026-08-28T14:30:00+00:00,62.2,62.31,62.2,62.295,170540.105971
2026-08-28T14:35:00+00:00,62.295,62.42,62.295,62.405,214695.795703
2026-08-28T14:40:00+00:00,62.41,62.42,62.315,62.37,104177.026004
2026-08-28T14:45:00+00:00,62.36,62.43,62.31,62.34,219364.79255399999
2026-08-28T14:50:00+00:00,62.3451,62.37,62.2801,62.315,183176.851298
2026-08-28T14:55:00+00:00,62.31,62.325,62.2201,62.275,182409.951612
2026-08-28T15:00:00+00:00,62.275,62.365,62.235,62.295,193987.01597
2026-08-28T15:05:00+00:00,62.285,62.425,62.285,62.355,319738.485714
2026-08-28T15:10:00+00:00,62.35,62.415,62.34,62.405,125897.634644
2026-08-28T15:15:00+00:00,62.4,62.515,62.4,62.5,209812.08748400002
2026-08-28T15:20:00+00:00,62.5,62.545,62.435,62.54,95814.19919000001
2026-08-28T15:25:00+00:00,62.55,62.565,62.47,62.52,109238.43205100001
2026-08-28T15:30:00+00:00,62.52,62.55,62.475,62.49,136596.973689
2026-08-28T15:35:00+00:00,62.49,62.535,62.39,62.395,186045.89142499998
2026-08-28T15:40:00+00:00,62.39,62.435,62.375,62.42,331301.014922
2026-08-28T15:45:00+00:00,62.415,62.48,62.315,62.32,301441.52240899997
2026-08-28T15:50:00+00:00,62.325,62.365,62.285,62.345,269197.931656
2026-08-28T15:55:00+00:00,62.35,62.47,62.35,62.46,117333.352461
2026-08-28T16:00:00+00:00,62.45,62.48,62.42,62.4355,254248.34492499998
2026-08-28T16:05:00+00:00,62.44,62.465,62.39,62.441,233811.327667
2026-08-28T16:10:00+00:00,62.44,62.4899,62.425,62.46,155649.60869700002
2026-08-28T16:15:00+00:00,62.465,62.57,62.46,62.5,153553.727163
2026-08-28T16:20:00+00:00,62.5,62.54,62.49,62.515,127519.68569600002
2026-08-28T16:25:00+00:00,62.51,62.515,62.405,62.445,153149.97086
2026-08-28T16:30:00+00:00,62.445,62.5,62.43,62.5,240347.717984
2026-08-28T16:35:00+00:00,62.495,62.555,62.48,62.52,243119.237163
2026-08-28T16:40:00+00:00,62.515,62.58,62.5,62.54,478110.490108
2026-08-28T16:45:00+00:00,62.535,62.575,62.52,62.53,183655.64787400002
2026-08-28T16:50:00+00:00,62.53,62.54,62.48,62.5077,143109.142913
2026-08-28T16:55:00+00:00,62.51,62.62,62.51,62.59,226660.656339
2026-08-28T17:00:00+00:00,62.5988,62.6455,62.59,62.6,127292.17792199999
2026-08-28T17:05:00+00:00,62.595,62.625,62.57,62.625,467042.89131200005
2026-08-28T17:10:00+00:00,62.625,62.65,62.565,62.565,274900.394573
2026-08-28T17:15:00+00:00,62.56,62.64,62.55,62.575,206840.172369
2026-08-28T17:20:00+00:00,62.57,62.61,62.54,62.56,245699.62897700001
2026-08-28T17:25:00+00:00,62.56,62.6,62.51,62.53,138147.83967199997
2026-08-28T17:30:00+00:00,62.53,62.6023,62.53,62.59,164364.775046
2026-08-28T17:35:00+00:00,62.59,62.6,62.49,62.49,111257.047788
2026-08-28T17:40:00+00:00,62.495,62.535,62.455,62.48,153529.410801
2026-08-28T17:45:00+00:00,62.485,62.515,62.465,62.515,118343.713401
2026-08-28T17:50:00+00:00,62.51,62.545,62.5,62.54,93784.89089399998
2026-08-28T17:55:00+00:00,62.55,62.56,62.5,62.51,156976.802763
2026-08-28T18:00:00+00:00,62.51,62.51,62.4401,62.495,133545.59147800002
2026-08-28T18:05:00+00:00,62.49,62.515,62.465,62.51,156431.838183
2026-08-28T18:10:00+00:00,62.505,62.535,62.495,62.515,89872.693927
2026-08-28T18:15:00+00:00,62.52,62.55,62.49,62.505,72582.999506
2026-08-28T18:20:00+00:00,62.501,62.54,62.495,62.54,126291.69695800002
2026-08-28T18:25:00+00:00,62.55,62.565,62.485,62.515,154114.327364
2026-08-28T18:30:00+00:00,62.515,62.555,62.51,62.535,98025.078966
2026-08-28T18:35:00+00:00,62.535,62.535,62.49,62.525,278176.471191
2026-08-28T18:40:00+00:00,62.525,62.525,62.48,62.5,73444.223737
2026-08-28T18:45:00+00:00,62.5,62.52,62.475,62.49,128013.534421
2026-08-28T18:50:00+00:00,62.495,62.505,62.445,62.445,428449.532661
2026-08-28T18:55:00+00:00,62.45,62.5,62.45,62.5,95792.013073
2026-08-28T19:00:00+00:00,62.495,62.525,62.48,62.51,118660.53130399999
2026-08-28T19:05:00+00:00,62.505,62.52,62.485,62.515,147978.285278
2026-08-28T19:10:00+00:00,62.515,62.555,62.49,62.495,123044.31394400001
2026-08-28T19:15:00+00:00,62.495,62.53,62.47,62.48,171298.363817
2026-08-28T19:20:00+00:00,62.4875,62.505,62.44,62.47,153834.60387399996
2026-08-28T19:25:00+00:00,62.465,62.475,62.44,62.465,145650.133434
2026-08-28T19:30:00+00:00,62.465,62.48,62.45,62.475,85557.104613
2026-08-28T19:35:00+00:00,62.47,62.4875,62.425,62.48,220845.136535
2026-08-28T19:40:00+00:00,62.48,62.575,62.46,62.565,338992.29793999996
2026-08-28T19:45:00+00:00,62.56,62.565,62.5104,62.56,317396.641203
2026-08-28T19:50:00+00:00,62.56,62.59,62.53,62.57,440641.304007
2026-08-28T19:55:00+00:00,62.57,62.68,62.53,62.66,760615.380922
2026-08-28T20:00:00+00:00,62.6599,62.74,62.635,62.66,1576334.065386
2026-08-28T20:05:00+00:00,62.68,62.68,62.62,62.62,14276.271947000001
2026-08-28T20:10:00+00:00,62.63,62.63,62.63,62.63,313.0
2026-08-28T20:15:00+00:00,62.67,62.68,62.6103,62.6103,1132.6772839999999
2026-08-28T20:20:00+00:00,62.62,62.6692,62.6103,62.6692,848.178386
2026-08-28T20:35:00+00:00,62.66,62.73,62.66,62.6736,4162.0
2026-08-28T20:40:00+00:00,62.63,62.67,62.62,62.62,2126.0
2026-08-28T20:45:00+00:00,62.6798,62.6798,62.66,62.66,869.0
2026-08-28T20:55:00+00:00,62.634,62.68,62.63,62.68,1289.0
2026-08-28T21:00:00+00:00,62.6764,62.6799,62.6764,62.6799,542.0
2026-08-28T21:05:00+00:00,62.68,62.68,62.68,62.68,500.0
2026-08-28T21:15:00+00:00,62.66,62.66,62.66,62.66,400.0
2026-08-28T21:25:00+00:00,62.6536,62.6536,62.6536,62.6536,223.0
2026-08-28T21:30:00+00:00,62.68,62.69,62.68,62.68,1133.720448
2026-08-28T21:40:00+00:00,62.6861,62.6861,62.6861,62.6861,300.0
2026-08-28T21:50:00+00:00,62.7,62.7,62.7,62.7,100.0
2026-08-28T21:55:00+00:00,62.63,62.63,62.63,62.63,159.0
2026-08-28T22:05:00+00:00,62.6932,62.6932,62.686,62.686,201.0
2026-08-28T22:30:00+00:00,62.66,62.66,62.66,62.66,730.0
2026-08-28T22:40:00+00:00,62.6301,62.6301,62.6301,62.6301,193.0
2026-08-28T22:45:00+00:00,62.6941,62.6941,62.6941,62.6941,200.0
2026-08-28T22:50:00+00:00,62.65,62.65,62.65,62.65,200.0
2026-08-28T22:55:00+00:00,62.65,62.65,62.64,62.65,706.0
2026-08-28T23:00:00+00:00,62.65,62.7,62.65,62.693,10550.0
2026-08-28T23:10:00+00:00,62.7,62.7,62.7,62.7,1365.0
2026-08-28T23:15:00+00:00,62.7,62.7,62.7,62.7,2504.930236
2026-08-28T23:20:00+00:00,62.75,62.75,62.75,62.75,360.0
2026-08-28T23:40:00+00:00,62.82,62.9321,62.82,62.9321,708.0
2026-08-28T23:45:00+00:00,62.9268,62.9268,62.9268,62.9268,301.0
2026-08-28T23:50:00+00:00,62.89,62.89,62.89,62.89,1001.0
2026-08-28T23:55:00+00:00,62.9,62.9,62.9,62.9,237.0
2026-08-29T00:00:00+00:00,62.86,62.87,62.8186,62.82,3864.0
2026-08-31T08:05:00+00:00,63.35,63.36,63.0,63.24,36104.013498
2026-08-31T08:10:00+00:00,63.3,63.3,63.3,63.3,733.0
2026-08-31T08:15:00+00:00,63.3,63.35,63.285,63.29,1920.0
2026-08-31T08:20:00+00:00,63.33,63.35,63.3,63.3,1812.0
2026-08-31T08:25:00+00:00,63.37,63.37,63.3,63.33,2091.0
2026-08-31T08:30:00+00:00,63.33,63.33,63.33,63.33,620.0
2026-08-31T08:35:00+00:00,63.355,63.39,63.355,63.39,576.0
2026-08-31T08:40:00+00:00,63.37,63.42,63.36,63.42,1852.0
2026-08-31T08:45:00+00:00,63.41,63.41,63.38,63.385,1399.0
2026-08-31T08:50:00+00:00,63.42,63.46,63.42,63.46,16185.127
2026-08-31T09:00:00+00:00,63.41,63.46,63.41,63.46,675.0
2026-08-31T09:05:00+00:00,63.45,63.46,63.41,63.46,1450.057331
2026-08-31T09:10:00+00:00,63.45,63.48,63.45,63.47,3258.0
2026-08-31T09:20:00+00:00,63.46,63.5,63.46,63.5,1370.0
2026-08-31T09:30:00+00:00,63.46,63.47,63.46,63.47,1011.0
2026-08-31T09:35:00+00:00,63.47,63.47,63.47,63.47,220.0
2026-08-31T09:40:00+00:00,63.48,63.49,63.45,63.45,671.0
2026-08-31T09:45:00+00:00,63.5,63.52,63.49,63.52,4507.0
2026-08-31T09:50:00+00:00,63.49,63.49,63.49,63.49,388.0
2026-08-31T09:55:00+00:00,63.52,63.58,63.52,63.58,935.0
2026-08-31T10:00:00+00:00,63.52,63.52,63.52,63.52,1723.0
2026-08-31T10:05:00+00:00,63.52,63.5666,63.5,63.5,2060.0
2026-08-31T10:10:00+00:00,63.57,63.58,63.56,63.58,3114.0
2026-08-31T10:15:00+00:00,63.55,63.55,63.55,63.55,255.0
2026-08-31T10:30:00+00:00,63.54,63.54,63.52,63.53,962.090158
2026-08-31T10:35:00+00:00,63.53,63.56,63.53,63.56,2230.0
2026-08-31T10:40:00+00:00,63.56,63.56,63.56,63.56,698.0
2026-08-31T10:45:00+00:00,63.56,63.56,63.56,63.56,109.0
2026-08-31T10:50:00+00:00,63.56,63.56,63.53,63.55,815.033989
2026-08-31T10:55:00+00:00,63.51,63.52,63.51,63.52,629.0
2026-08-31T11:05:00+00:00,63.53,63.55,63.5,63.52,11196.0
2026-08-31T11:10:00+00:00,63.52,63.57,63.52,63.57,5952.561641
2026-08-31T11:15:00+00:00,63.5694,63.57,63.56,63.57,4009.0
2026-08-31T11:20:00+00:00,63.57,63.58,63.528,63.58,13218.0
2026-08-31T11:25:00+00:00,63.5,63.65,63.5,63.62,3800.0
2026-08-31T11:30:00+00:00,63.6,63.65,63.6,63.61,11840.0
2026-08-31T11:35:00+00:00,63.64,63.64,63.61,63.62,5950.0
2026-08-31T11:40:00+00:00,63.64,63.65,63.6143,63.65,2198.693
2026-08-31T11:45:00+00:00,63.61,63.61,63.5248,63.6,5180.5
2026-08-31T11:50:00+00:00,63.6,63.66,63.59,63.6594,5968.0
2026-08-31T11:55:00+00:00,63.66,63.71,63.66,63.68,3389.0
2026-08-31T12:00:00+00:00,63.6859,63.6999,63.5,63.6999,7456.0
2026-08-31T12:05:00+00:00,63.6716,63.6716,63.61,63.61,1812.0
2026-08-31T12:10:00+00:00,63.5,63.74,63.5,63.73,9777.0
2026-08-31T12:15:00+00:00,63.73,63.78,63.69,63.72,10138.0
2026-08-31T12:20:00+00:00,63.71,63.73,63.69,63.69,9228.0
2026-08-31T12:25:00+00:00,63.72,63.73,63.69,63.6903,3697.0
2026-08-31T12:30:00+00:00,63.75,63.79,63.73,63.73,3923.1264
2026-08-31T12:35:00+00:00,63.74,63.76,63.74,63.75,1431.109553
2026-08-31T12:40:00+00:00,63.7377,63.79,63.7305,63.76,4632.7647
2026-08-31T12:45:00+00:00,63.76,63.76,63.71,63.72,7801.0
2026-08-31T12:50:00+00:00,63.77,63.79,63.75,63.7792,10999.0
2026-08-31T12:55:00+00:00,63.75,63.76,63.75,63.76,6739.441
2026-08-31T13:00:00+00:00,63.79,63.79,63.7718,63.78,2366.0
2026-08-31T13:05:00+00:00,63.79,63.8,63.75,63.75,12373.7838
2026-08-31T13:10:00+00:00,63.74,63.79,63.73,63.74,8546.0
2026-08-31T13:15:00+00:00,63.756,63.79,63.72,63.72,4520.0
2026-08-31T13:20:00+00:00,63.72,63.75,63.67,63.7418,54537.0
2026-08-31T13:25:00+00:00,63.7374,63.75,63.71,63.75,6092.0
2026-08-31T13:30:00+00:00,63.78,63.79,63.65,63.78,14603.653589
2026-08-31T13:35:00+00:00,63.8,63.92,63.63,63.915,1860912.081355
2026-08-31T13:40:00+00:00,63.92,64.44,63.92,64.23,1489332.517135
2026-08-31T13:45:00+00:00,64.235,64.325,64.06,64.16,624487.9993670001
2026-08-31T13:50:00+00:00,64.16,64.315,64.125,64.205,615161.9789400001
2026-08-31T13:55:00+00:00,64.2,64.238,64.115,64.125,350739.918166
2026-08-31T14:00:00+00:00,64.12,64.175,64.0121,64.02,578187.281114
2026-08-31T14:05:00+00:00,64.015,64.105,63.81,63.865,556414.8034219999
2026-08-31T14:10:00+00:00,63.87,63.94,63.795,63.86,455564.694374
2026-08-31T14:15:00+00:00,63.85,63.91,63.785,63.815,281681.96221
2026-08-31T14:20:00+00:00,63.815,63.8399,63.745,63.8146,262204.3209
2026-08-31T14:25:00+00:00,63.815,63.885,63.77,63.86,367455.888149
2026-08-31T14:30:00+00:00,63.86,63.87,63.705,63.74,390003.661974
2026-08-31T14:35:00+00:00,63.74,63.83,63.72,63.79,245881.090577
2026-08-31T14:40:00+00:00,63.79,63.805,63.665,63.68,446087.85949199996
2026-08-31T14:45:00+00:00,63.68,63.7412,63.59,63.655,359173.299075
2026-08-31T14:50:00+00:00,63.66,63.675,63.56,63.5659,265607.09900399996
2026-08-31T14:55:00+00:00,63.56,63.58,63.45,63.53,398172.621917
2026-08-31T15:00:00+00:00,63.53,63.595,63.465,63.48,210235.455095
2026-08-31T15:05:00+00:00,63.485,63.4851,63.355,63.41,273321.280617
2026-08-31T15:10:00+00:00,63.405,63.43,63.355,63.365,274062.539713
2026-08-31T15:15:00+00:00,63.36,63.365,63.215,63.22,273421.930521
2026-08-31T15:20:00+00:00,63.225,63.25,63.16,63.195,239653.504608
2026-08-31T15:25:00+00:00,63.19,63.23,63.14,63.145,270760.49396
2026-08-31T15:30:00+00:00,63.145,63.255,63.145,63.25,155828.701352
2026-08-31T15:35:00+00:00,63.245,63.325,63.23,63.315,369050.230094
2026-08-31T15:40:00+00:00,63.31,63.365,63.261,63.305,162338.804336
2026-08-31T15:45:00+00:00,63.3,63.33,63.265,63.3,99099.999957
2026-08-31T15:50:00+00:00,63.295,63.355,63.29,63.31,124713.23637900001
2026-08-31T15:55:00+00:00,63.31,63.31,63.26,63.28,150690.18680999998
2026-08-31T16:00:00+00:00,63.29,63.3,63.24,63.275,231685.12416399995
2026-08-31T16:05:00+00:00,63.28,63.295,63.18,63.195,173564.795275
2026-08-31T16:10:00+00:00,63.2,63.23,63.15,63.195,245066.566133
2026-08-31T16:15:00+00:00,63.195,63.225,63.1501,63.195,267173.091516
2026-08-31T16:20:00+00:00,63.19,63.295,63.175,63.285,192553.343152
2026-08-31T16:25:00+00:00,63.29,63.3,63.235,63.24,115996.63106999999
2026-08-31T16:30:00+00:00,63.235,63.245,63.19,63.24,217735.911043
2026-08-31T16:35:00+00:00,63.25,63.2999,63.235,63.285,114488.887995
2026-08-31T16:40:00+00:00,63.28,63.28,63.185,63.19,208110.82398400002
2026-08-31T16:45:00+00:00,63.19,63.24,63.18,63.215,96793.611095
2026-08-31T16:50:00+00:00,63.215,63.24,63.17,63.215,96732.848669
2026-08-31T16:55:00+00:00,63.21,63.23,63.175,63.21,91375.24242299999
2026-08-31T17:00:00+00:00,63.21,63.265,63.21,63.26,96060.859365
2026-08-31T17:05:00+00:00,63.25,63.34,63.25,63.335,112553.73447600001
2026-08-31T17:10:00+00:00,63.335,63.4,63.325,63.39,244250.24282599997
2026-08-31T17:15:00+00:00,63.385,63.44,63.385,63.435,127070.79879199999
2026-08-31T17:20:00+00:00,63.44,63.46,63.41,63.425,219299.85038800002
2026-08-31T17:25:00+00:00,63.4299,63.475,63.425,63.465,162125.048295
2026-08-31T17:30:00+00:00,63.465,63.52,63.46,63.51,193970.065846
2026-08-31T17:35:00+00:00,63.505,63.54,63.44,63.535,565870.569198
2026-08-31T17:40:00+00:00,63.54,63.625,63.53,63.6099,514758.132796
2026-08-31T17:45:00+00:00,63.605,63.635,63.6027,63.635,172552.569545
2026-08-31T17:50:00+00:00,63.635,63.665,63.625,63.65,256067.489395
2026-08-31T17:55:00+00:00,63.65,63.68,63.64,63.669,203860.415879
2026-08-31T18:00:00+00:00,63.665,63.665,63.615,63.615,129431.502033
2026-08-31T18:05:00+00:00,63.62,63.68,63.6,63.645,186337.761477
2026-08-31T18:10:00+00:00,63.64,63.66,63.57,63.595,157883.20476499997
2026-08-31T18:15:00+00:00,63.6,63.625,63.58,63.62,119730.50270399998
2026-08-31T18:20:00+00:00,63.62,63.63,63.6,63.625,122081.74086399999
2026-08-31T18:25:00+00:00,63.63,63.6499,63.615,63.635,89638.80804399999
2026-08-31T18:30:00+00:00,63.64,63.69,63.635,63.675,140141.907351
2026-08-31T18:35:00+00:00,63.675,63.695,63.635,63.645,300024.65952800005
2026-08-31T18:40:00+00:00,63.645,63.655,63.595,63.595,149535.400897
2026-08-31T18:45:00+00:00,63.6,63.6,63.55,63.555,177305.04745399999
2026-08-31T18:50:00+00:00,63.56,63.585,63.525,63.55,690777.6654599999
2026-08-31T18:55:00+00:00,63.55,63.55,63.47,63.52,203411.27306099999
2026-08-31T19:00:00+00:00,63.52,63.54,63.5,63.54,202354.407747
2026-08-31T19:05:00+00:00,63.54,63.615,63.54,63.58,191295.826398
2026-08-31T19:10:00+00:00,63.585,63.595,63.55,63.575,154940.13001800003
2026-08-31T19:15:00+00:00,63.58,63.665,63.58,63.66,148131.534855
2026-08-31T19:20:00+00:00,63.655,63.765,63.6423,63.74,179697.77221900003
2026-08-31T19:25:00+00:00,63.745,63.84,63.745,63.825,277031.040257
2026-08-31T19:30:00+00:00,63.8295,63.8295,63.755,63.795,190214.454596
2026-08-31T19:35:00+00:00,63.8,63.875,63.785,63.8574,313978.352198
2026-08-31T19:40:00+00:00,63.8597,63.895,63.815,63.89,292572.112046
2026-08-31T19:45:00+00:00,63.895,63.935,63.8101,63.835,394317.04849300004
2026-08-31T19:50:00+00:00,63.835,63.91,63.8,63.855,720455.225786
2026-08-31T19:55:00+00:00,63.86,63.955,63.78,63.875,1033991.6344229999
2026-08-31T20:00:00+00:00,63.875,64.05,63.875,63.94,2099263.652046
2026-08-31T20:05:00+00:00,63.96,63.96,63.8,63.8,12731.158881000001
2026-08-31T20:10:00+00:00,63.88,63.9853,63.86,63.95,191316.0
2026-08-31T20:15:00+00:00,63.91,63.96,63.9,63.95,37848.63052
2026-08-31T20:20:00+00:00,63.95,64.0099,63.95,63.96,8005.0
2026-08-31T20:25:00+00:00,63.96,63.96,63.96,63.96,2503.0
2026-08-31T20:35:00+00:00,64.02,64.03,64.01,64.01,16192.0
2026-08-31T20:40:00+00:00,63.97,63.97,63.97,63.97,503.0
2026-08-31T20:45:00+00:00,63.95,63.99,63.945,63.99,1224.0
2026-08-31T20:50:00+00:00,63.95,63.95,63.94,63.95,9733.0
2026-08-31T21:00:00+00:00,63.95,64.0,63.95,64.0,782.0
2026-08-31T21:05:00+00:00,63.9921,64.0,63.9921,63.9924,1460.788658
2026-08-31T21:10:00+00:00,63.97,63.97,63.97,63.97,6916.0
2026-08-31T21:15:00+00:00,63.95,63.95,63.94,63.95,610.0
2026-08-31T21:20:00+00:00,63.95,63.95,63.9063,63.9063,2157.788658
2026-08-31T21:25:00+00:00,63.97,63.97,63.96,63.97,1001.0
2026-08-31T21:35:00+00:00,63.9,63.9,63.9,63.9,101.0
2026-08-31T21:45:00+00:00,63.9589,63.9589,63.95,63.95,1067.0
2026-08-31T21:55:00+00:00,63.9543,63.9543,63.9538,63.9538,412.0
2026-08-31T22:05:00+00:00,63.94,63.94,63.94,63.94,135.0
2026-08-31T22:10:00+00:00,63.9575,63.9575,63.9316,63.9316,610.0
2026-08-31T22:15:00+00:00,63.96,64.2,63.96,64.2,15488.0
2026-08-31T22:20:00+00:00,64.04,64.04,64.04,64.04,200.0
2026-08-31T22:25:00+00:00,64.05,64.05,64.05,64.05,233.0
2026-08-31T22:30:00+00:00,64.08,64.08,64.08,64.08,155.0
2026-08-31T22:35:00+00:00,64.1,64.1,63.9449,63.9449,1161.0
2026-08-31T22:40:00+00:00,64.08,64.1081,64.08,64.1081,350.0
2026-08-31T22:45:00+00:00,64.05,64.05,64.05,64.05,1500.0
2026-08-31T22:55:00+00:00,64.08,64.0997,64.08,64.0997,6043.0
2026-08-31T23:00:00+00:00,64.0998,64.0998,64.0998,64.0998,4000.0
2026-08-31T23:10:00+00:00,64.08,64.08,64.08,64.08,501.0
2026-08-31T23:15:00+00:00,64.077,64.077,64.077,64.077,188.0
2026-08-31T23:20:00+00:00,64.1,64.1,64.1,64.1,3020.0
2026-08-31T23:25:00+00:00,64.1,64.1,64.08,64.1,9806.227471
2026-08-31T23:30:00+00:00,64.08,64.08,64.08,64.08,479.447508
2026-08-31T23:50:00+00:00,63.94,64.0843,63.94,64.0843,250.0
2026-08-31T23:55:00+00:00,64.1038,64.1038,64.1038,64.1038,1035.0
2026-09-01T08:05:00+00:00,64.13,64.27,63.97,64.24,50403.661366
2026-09-01T08:10:00+00:00,64.33,64.4,64.33,64.35,989.159043
2026-09-01T08:15:00+00:00,64.34,64.35,64.34,64.35,343.0
2026-09-01T08:20:00+00:00,64.38,64.44,64.38,64.4296,1110.0
2026-09-01T08:25:00+00:00,64.42,64.45,64.42,64.45,1103.674877
2026-09-01T08:30:00+00:00,64.5,64.52,64.47,64.51,8166.78
2026-09-01T08:35:00+00:00,64.57,64.59,64.5,64.5,11009.551929
2026-09-01T08:40:00+00:00,64.55,64.55,64.51,64.55,4242.0
2026-09-01T08:45:00+00:00,64.57,64.59,64.45,64.59,2149.0
2026-09-01T08:50:00+00:00,64.56,64.58,64.49,64.56,3960.0
2026-09-01T08:55:00+00:00,64.57,64.62,64.57,64.61,6286.0
2026-09-01T09:00:00+00:00,64.64,64.64,64.6,64.6,1103.0
2026-09-01T09:05:00+00:00,64.6,64.69,64.6,64.62,2437.0
2026-09-01T09:10:00+00:00,64.67,64.67,64.63,64.63,1380.0
2026-09-01T09:15:00+00:00,64.64,64.6532,64.56,64.6532,4221.703262
2026-09-01T09:20:00+00:00,64.62,64.62,64.62,64.62,100.0
2026-09-01T09:25:00+00:00,64.75,64.75,64.75,64.75,262.0
2026-09-01T09:30:00+00:00,64.6,64.6,64.6,64.6,100.0
2026-09-01T09:35:00+00:00,64.61,64.61,64.61,64.61,100.0
2026-09-01T09:40:00+00:00,64.61,64.64,64.58,64.61,3619.0
2026-09-01T09:45:00+00:00,64.62,64.63,64.62,64.63,587.0
2026-09-01T09:50:00+00:00,64.61,64.61,64.61,64.61,1761.0
2026-09-01T09:55:00+00:00,64.6,64.6891,64.6,64.6,1198.0
2026-09-01T10:00:00+00:00,64.6,64.61,64.6,64.61,1124.0
2026-09-01T10:05:00+00:00,64.61,64.611,64.6,64.6,18340.0
2026-09-01T10:10:00+00:00,64.6,64.62,64.6,64.6,7248.0
2026-09-01T10:15:00+00:00,64.63,64.6635,64.63,64.6635,4099.0
2026-09-01T10:20:00+00:00,64.61,64.62,64.6,64.6,1004.0
2026-09-01T10:25:00+00:00,64.61,64.61,64.6,64.61,4371.0
2026-09-01T10:30:00+00:00,64.62,64.62,64.606,64.606,1460.0
2026-09-01T10:35:00+00:00,64.625,64.625,64.6,64.6,2002.0
2026-09-01T10:40:00+00:00,64.6,64.62,64.6,64.62,255.0
2026-09-01T10:45:00+00:00,64.61,64.62,64.61,64.62,3356.0
2026-09-01T10:50:00+00:00,64.6,64.6,64.6,64.6,2701.0
2026-09-01T10:55:00+00:00,64.601,64.601,64.6,64.6,2785.0
2026-09-01T11:00:00+00:00,64.6,64.6,64.6,64.6,3952.0
2026-09-01T11:05:00+00:00,64.6,64.61,64.5298,64.61,6364.841
2026-09-01T11:10:00+00:00,64.6,64.64,64.56,64.56,3061.0
2026-09-01T11:15:00+00:00,64.59,64.689,64.59,64.689,5137.0
2026-09-01T11:20:00+00:00,64.67,64.7115,64.65,64.7115,14093.587328
2026-09-01T11:25:00+00:00,64.68,64.7499,64.68,64.7123,5799.01118
2026-09-01T11:30:00+00:00,64.67,64.67,64.67,64.67,1383.0
2026-09-01T11:35:00+00:00,64.694,64.7599,64.65,64.65,11585.0
2026-09-01T11:40:00+00:00,64.66,64.69,64.6509,64.6509,7773.062
2026-09-01T11:45:00+00:00,64.65,64.69,64.65,64.69,4181.0
2026-09-01T11:50:00+00:00,64.675,64.675,64.65,64.66,4588.0
2026-09-01T11:55:00+00:00,64.65,64.67,64.52,64.65,4506.0
2026-09-01T12:00:00+00:00,64.65,64.69,64.65,64.6718,1142.0
2026-09-01T12:05:00+00:00,64.72,64.727,64.7,64.7,2480.0
2026-09-01T12:10:00+00:00,64.7279,64.84,64.6572,64.7491,14698.539993999999
2026-09-01T12:15:00+00:00,64.75,64.75,64.7,64.71,2225.0
2026-09-01T12:20:00+00:00,64.69,64.73,64.6377,64.67,11342.289729
2026-09-01T12:25:00+00:00,64.67,64.75,64.6124,64.64,19686.0
2026-09-01T12:30:00+00:00,64.75,64.8,64.71,64.72,11049.0
2026-09-01T12:35:00+00:00,64.77,64.8,64.74,64.74,18620.0
2026-09-01T12:40:00+00:00,64.7541,64.8312,64.74,64.8312,9013.427879
2026-09-01T12:45:00+00:00,64.84,64.85,64.81,64.84,5828.7919999999995
2026-09-01T12:50:00+00:00,64.86,64.89,64.84,64.87,5998.0
2026-09-01T12:55:00+00:00,64.88,64.9,64.86,64.87,13619.0
2026-09-01T13:00:00+00:00,64.8979,64.9,64.85,64.88,5060.0
2026-09-01T13:05:00+00:00,64.85,64.88,64.85,64.87,11516.0
2026-09-01T13:10:00+00:00,64.88,64.91,64.8419,64.8703,17094.0
2026-09-01T13:15:00+00:00,64.9,64.9533,64.86,64.93,5953.011093
2026-09-01T13:20:00+00:00,64.97,64.97,64.92,64.94,7300.480985
2026-09-01T13:25:00+00:00,64.94,64.99,64.9254,64.99,9345.0
2026-09-01T13:30:00+00:00,64.99,64.99,64.9,64.9,2416.734176
2026-09-01T13:35:00+00:00,64.87,64.95,64.465,64.59,1659219.132355
2026-09-01T13:40:00+00:00,64.58,64.67,64.47,64.61,803487.3865160001
2026-09-01T13:45:00+00:00,64.615,64.69,64.425,64.52,616201.791739
2026-09-01T13:50:00+00:00,64.515,64.53,64.26,64.47,711435.672594
2026-09-01T13:55:00+00:00,64.47,64.54,64.39,64.49,709711.2021079999
2026-09-01T14:00:00+00:00,64.49,64.58,64.385,64.43,891432.126343
2026-09-01T14:05:00+00:00,64.43,64.7,64.402,64.69,468083.80622699996
2026-09-01T14:10:00+00:00,64.69,64.695,64.29,64.3,423829.15571300004
2026-09-01T14:15:00+00:00,64.29,64.375,64.28,64.325,1450564.4008469998
2026-09-01T14:20:00+00:00,64.3197,64.36,64.18,64.215,396550.448163
2026-09-01T14:25:00+00:00,64.205,64.26,64.145,64.2,238538.940409
2026-09-01T14:30:00+00:00,64.19,64.245,64.165,64.235,208767.485563
2026-09-01T14:35:00+00:00,64.24,64.37,64.225,64.225,424404.59290299995
2026-09-01T14:40:00+00:00,64.225,64.355,64.225,64.325,328392.7952110001
2026-09-01T14:45:00+00:00,64.32,64.335,64.255,64.3195,249128.74352099997
2026-09-01T14:50:00+00:00,64.315,64.375,64.255,64.32,171055.684501
2026-09-01T14:55:00+00:00,64.315,64.3883,64.27,64.375,143468.614779
2026-09-01T15:00:00+00:00,64.375,64.45,64.325,64.42,195829.541714
2026-09-01T15:05:00+00:00,64.425,64.515,64.385,64.5,331056.093795
2026-09-01T15:10:00+00:00,64.505,64.505,64.4,64.42,201089.528684
2026-09-01T15:15:00+00:00,64.425,64.445,64.38,64.415,156704.231104
2026-09-01T15:20:00+00:00,64.415,64.45,64.39,64.45,235319.44796
2026-09-01T15:25:00+00:00,64.44,64.525,64.425,64.5,229052.867645
2026-09-01T15:30:00+00:00,64.505,64.505,64.43,64.43,141902.385086
2026-09-01T15:35:00+00:00,64.44,64.49,64.43,64.47,210570.477117
2026-09-01T15:40:00+00:00,64.465,64.4999,64.41,64.44,321008.167882
2026-09-01T15:45:00+00:00,64.44,64.47,64.36,64.36,845266.2081430001
2026-09-01T15:50:00+00:00,64.36,64.36,64.275,64.285,168658.07797699998
2026-09-01T15:55:00+00:00,64.285,64.3,64.225,64.25,290523.165303
2026-09-01T16:00:00+00:00,64.255,64.26,64.155,64.18,217653.140395
2026-09-01T16:05:00+00:00,64.175,64.245,64.16,64.215,581415.46359
2026-09-01T16:10:00+00:00,64.21,64.215,64.05,64.095,291128.00949499995
2026-09-01T16:15:00+00:00,64.1,64.235,64.1,64.235,215130.604385
2026-09-01T16:20:00+00:00,64.235,64.25,64.155,64.24,224855.897217
2026-09-01T16:25:00+00:00,64.25,64.48,64.245,64.475,403419.22830099997
2026-09-01T16:30:00+00:00,64.475,64.51,64.335,64.355,515157.369928
2026-09-01T16:35:00+00:00,64.35,64.415,64.32,64.4099,208090.20906000002
2026-09-01T16:40:00+00:00,64.405,64.405,64.345,64.365,178413.218908
2026-09-01T16:45:00+00:00,64.365,64.405,64.3201,64.3999,247883.89780599996
2026-09-01T16:50:00+00:00,64.4,64.405,64.305,64.31,172778.513065
2026-09-01T16:55:00+00:00,64.315,64.385,64.315,64.3599,150115.837156
2026-09-01T17:00:00+00:00,64.355,64.43,64.35,64.4,250303.581499
2026-09-01T17:05:00+00:00,64.4,64.55,64.4,64.545,272600.764597
2026-09-01T17:10:00+00:00,64.55,64.57,64.515,64.54,332380.40506
2026-09-01T17:15:00+00:00,64.54,64.565,64.51,64.54,159126.61648
2026-09-01T17:20:00+00:00,64.55,64.575,64.53,64.55,197583.28012599997
2026-09-01T17:25:00+00:00,64.555,64.605,64.55,64.56,173900.245788
2026-09-01T17:30:00+00:00,64.56,64.62,64.5401,64.605,310276.1710929999
2026-09-01T17:35:00+00:00,64.6022,64.615,64.565,64.565,115929.304084
2026-09-01T17:40:00+00:00,64.56,64.6699,64.555,64.6644,173893.880534
2026-09-01T17:45:00+00:00,64.66,64.68,64.63,64.655,159263.446039
2026-09-01T17:50:00+00:00,64.6573,64.71,64.635,64.675,385918.77192500007
2026-09-01T17:55:00+00:00,64.68,64.72,64.6799,64.685,205541.77774199998
2026-09-01T18:00:00+00:00,64.68,64.7,64.67,64.69,298191.336082
2026-09-01T18:05:00+00:00,64.68,64.69,64.62,64.62,606047.889459
2026-09-01T18:10:00+00:00,64.6224,64.68,64.585,64.59,223701.468884
2026-09-01T18:15:00+00:00,64.59,64.625,64.55,64.59,230705.20066099998
2026-09-01T18:20:00+00:00,64.59,64.615,64.555,64.575,196702.461244
2026-09-01T18:25:00+00:00,64.575,64.575,64.47,64.47,177468.482326
2026-09-01T18:30:00+00:00,64.47,64.585,64.45,64.5699,252102.21111499998
2026-09-01T18:35:00+00:00,64.565,64.64,64.55,64.615,252277.29468800002
2026-09-01T18:40:00+00:00,64.615,64.66,64.59,64.595,536834.3593309999
2026-09-01T18:45:00+00:00,64.59,64.66,64.59,64.635,387592.650713
2026-09-01T18:50:00+00:00,64.635,64.68,64.62,64.648,237723.34406600002
2026-09-01T18:55:00+00:00,64.65,64.65,64.61,64.6377,122666.59096100001
2026-09-01T19:00:00+00:00,64.64,64.7,64.635,64.675,151196.834906
2026-09-01T19:05:00+00:00,64.68,64.71,64.665,64.6999,172568.641872
2026-09-01T19:10:00+00:00,64.685,64.685,64.62,64.63,245314.940641
2026-09-01T19:15:00+00:00,64.64,64.705,64.64,64.675,240353.588149
2026-09-01T19:20:00+00:00,64.675,64.705,64.65,64.6877,207760.171874
2026-09-01T19:25:00+00:00,64.685,64.75,64.66,64.745,210570.47133200002
2026-09-01T19:30:00+00:00,64.745,64.745,64.7,64.72,152118.650104
2026-09-01T19:35:00+00:00,64.715,64.75,64.64,64.68,1005432.1638089999
2026-09-01T19:40:00+00:00,64.68,64.68,64.61,64.63,303078.259062
2026-09-01T19:45:00+00:00,64.62,64.66,64.59,64.66,304540.08376400004
2026-09-01T19:50:00+00:00,64.66,64.695,64.63,64.65,582772.491785
2026-09-01T19:55:00+00:00,64.65,64.8,64.645,64.735,1222804.803238
2026-09-01T20:00:00+00:00,64.74,64.795,64.72,64.79,2440293.526778
2026-09-01T20:05:00+00:00,64.77,64.79,64.7,64.7,1067468.449431
2026-09-01T20:10:00+00:00,64.7,64.7,64.6239,64.7,16254.245033
2026-09-01T20:20:00+00:00,64.7,64.75,64.7,64.72,8077.0
2026-09-01T20:25:00+00:00,64.69,64.71,64.69,64.6999,8616.0
2026-09-01T20:30:00+00:00,64.7,64.7,64.6999,64.6999,807.018395
2026-09-01T20:35:00+00:00,64.7,64.7,64.698,64.698,1942.0
2026-09-01T20:40:00+00:00,64.7,64.83,64.7,64.81,14307.0
2026-09-01T20:45:00+00:00,64.77,64.77,64.77,64.77,12190.0
2026-09-01T20:50:00+00:00,64.77,64.82,64.77,64.81,16740.0
2026-09-01T20:55:00+00:00,64.7955,64.7955,64.7955,64.7955,507.06497
2026-09-01T21:00:00+00:00,64.7983,64.8,64.7983,64.8,591.0
2026-09-01T21:05:00+00:00,64.8,64.84,64.8,64.84,2062.0
2026-09-01T21:10:00+00:00,64.81,64.83,64.75,64.83,159369.0
2026-09-01T21:20:00+00:00,64.78,64.8,64.77,64.8,1338.0
2026-09-01T21:25:00+00:00,64.77,64.7984,64.77,64.78,2312.0
2026-09-01T21:30:00+00:00,64.7993,64.7993,64.79,64.79,653.0
2026-09-01T21:40:00+00:00,64.8,64.8,64.7972,64.7972,914.92762
2026-09-01T21:45:00+00:00,64.707,64.707,64.707,64.707,343.0
2026-09-01T21:50:00+00:00,64.78,64.78,64.7747,64.7747,538.0
2026-09-01T22:10:00+00:00,64.7797,64.78,64.7797,64.78,437.0
2026-09-01T22:20:00+00:00,64.8,64.8,64.8,64.8,905.0
2026-09-01T22:25:00+00:00,64.8,64.8,64.8,64.8,372.0
2026-09-01T22:30:00+00:00,64.835,64.8354,64.8,64.8,1008.0
2026-09-01T22:35:00+00:00,64.834,64.834,64.834,64.834,962.0
2026-09-01T22:40:00+00:00,64.82,64.8298,64.82,64.8298,300.0
2026-09-01T22:45:00+00:00,64.82,64.82,64.8,64.8,1500.0
2026-09-01T22:50:00+00:00,64.8351,64.8351,64.8351,64.8351,143.0
2026-09-01T22:55:00+00:00,64.836,64.836,64.836,64.836,325.0
2026-09-01T23:00:00+00:00,64.83,64.8399,64.83,64.8399,767.0
2026-09-01T23:05:00+00:00,64.84,64.84,64.84,64.84,102.0
2026-09-01T23:10:00+00:00,64.84,64.84,64.81,64.8396,5878.0
2026-09-01T23:15:00+00:00,64.81,64.81,64.81,64.81,114.0
2026-09-01T23:20:00+00:00,64.8357,64.8357,64.825,64.825,337.0
2026-09-01T23:40:00+00:00,64.8192,64.8192,64.78,64.79,415.0
2026-09-01T23:50:00+00:00,64.795,64.8287,64.79,64.79,1052.0
2026-09-01T23:55:00+00:00,64.83,64.8398,64.83,64.8398,644.043959
2026-09-02T00:00:00+00:00,64.7977,64.7977,64.7977,64.7977,223.0
2026-09-02T08:05:00+00:00,65.0,65.02,64.51,64.85,27403.087306
2026-09-02T08:10:00+00:00,64.82,64.87,64.8,64.8,5297.0
2026-09-02T08:15:00+00:00,64.8,64.85,64.8,64.85,1159.0
2026-09-02T08:20:00+00:00,64.85,64.86,64.85,64.86,239.0
2026-09-02T08:25:00+00:00,64.85,64.85,64.85,64.85,550.0
2026-09-02T08:30:00+00:00,64.86,64.86,64.85,64.85,1313.0
2026-09-02T08:40:00+00:00,64.81,64.93,64.8,64.81,7215.0
2026-09-02T08:45:00+00:00,64.87,64.87,64.87,64.87,170.0
2026-09-02T08:50:00+00:00,64.85,64.85,64.81,64.82,1418.0
2026-09-02T08:55:00+00:00,64.85,64.88,64.85,64.85,4527.0
2026-09-02T09:00:00+00:00,64.84,64.86,64.81,64.86,4701.0
2026-09-02T09:05:00+00:00,64.85,64.85,64.8,64.8,6636.725562
2026-09-02T09:10:00+00:00,64.81,64.9,64.8,64.9,4986.153196
2026-09-02T09:20:00+00:00,64.84,64.84,64.84,64.84,157.0
2026-09-02T09:25:00+00:00,64.88,64.88,64.88,64.88,101.0
2026-09-02T09:30:00+00:00,64.85,64.85,64.85,64.85,250.0
2026-09-02T09:35:00+00:00,64.86,64.87,64.83,64.83,10014.0
2026-09-02T09:40:00+00:00,64.9,64.9,64.84,64.84,2632.0
2026-09-02T09:45:00+00:00,64.86,64.92,64.8203,64.8203,5964.0
2026-09-02T09:50:00+00:00,64.94,65.0,64.85,64.94,4992.0
2026-09-02T09:55:00+00:00,64.94,64.95,64.94,64.95,516.0
2026-09-02T10:00:00+00:00,64.94,64.94,64.94,64.94,479.0
2026-09-02T10:05:00+00:00,64.95,64.96,64.93,64.96,4100.0
2026-09-02T10:10:00+00:00,64.93,64.95,64.93,64.94,702.483732
2026-09-02T10:15:00+00:00,64.95,64.99,64.91,64.92,4102.0
2026-09-02T10:20:00+00:00,64.93,64.98,64.93,64.98,4298.0
2026-09-02T10:25:00+00:00,64.99,64.99,64.99,64.99,2121.0
2026-09-02T10:35:00+00:00,64.96,64.97,64.9,64.95,1660.0
2026-09-02T10:40:00+00:00,64.99,65.0,64.99,65.0,1790.0
2026-09-02T10:45:00+00:00,65.03,65.08,65.03,65.07,1306.0
2026-09-02T10:50:00+00:00,65.05,65.05,65.05,65.05,234.0
2026-09-02T10:55:00+00:00,65.01,65.02,65.0,65.02,3767.0
2026-09-02T11:00:00+00:00,65.05,65.05,65.02,65.02,1500.0
2026-09-02T11:05:00+00:00,65.02,65.08,65.0,65.0618,6359.0
2026-09-02T11:10:00+00:00,65.05,65.05,65.0093,65.04,6157.0
2026-09-02T11:15:00+00:00,65.0293,65.07,64.87,64.89,13520.35236
2026-09-02T11:20:00+00:00,64.86,64.87,64.79,64.84,11873.887999999999
2026-09-02T11:25:00+00:00,64.84,64.92,64.8016,64.85,6974.0
2026-09-02T11:30:00+00:00,64.8005,64.84,64.8,64.84,2574.0
2026-09-02T11:35:00+00:00,64.82,64.8345,64.73,64.79,12990.0
2026-09-02T11:40:00+00:00,64.73,64.843,64.66,64.6712,7474.328185
2026-09-02T11:45:00+00:00,64.6722,64.7,64.65,64.67,1652.98984
2026-09-02T11:50:00+00:00,64.7235,64.7235,64.6577,64.6577,1324.695088
2026-09-02T11:55:00+00:00,64.65,64.65,64.58,64.59,9049.0
2026-09-02T12:00:00+00:00,64.56,64.59,64.52,64.58,4889.0
2026-09-02T12:05:00+00:00,64.57,64.58,64.49,64.5187,17735.0
2026-09-02T12:10:00+00:00,64.5,64.52,64.5,64.5,77249.00101
2026-09-02T12:15:00+00:00,64.5,64.5,64.4312,64.45,16309.0
2026-09-02T12:20:00+00:00,64.44,64.69,64.44,64.5409,4224.0
2026-09-02T12:25:00+00:00,64.4761,64.48,64.4,64.48,18376.0
2026-09-02T12:30:00+00:00,64.4709,64.5,64.4103,64.4182,2371.0
2026-09-02T12:35:00+00:00,64.4191,64.4792,64.4191,64.4307,1895.9578290000002
2026-09-02T12:40:00+00:00,64.4308,64.4641,64.37,64.37,4694.0
2026-09-02T12:45:00+00:00,64.38,64.4497,64.38,64.42,6575.0
2026-09-02T12:50:00+00:00,64.44,64.4999,64.3955,64.4897,3466.601473
2026-09-02T12:55:00+00:00,64.49,64.5,64.4205,64.4205,10792.0
2026-09-02T13:00:00+00:00,64.4267,64.49,64.41,64.4897,6455.0
2026-09-02T13:05:00+00:00,64.48,64.4897,64.3351,64.36,7522.040378
2026-09-02T13:10:00+00:00,64.3394,64.46,64.3394,64.45,3309.0
2026-09-02T13:15:00+00:00,64.4641,64.4718,64.4,64.43,2787.0
2026-09-02T13:20:00+00:00,64.4108,64.4497,64.4,64.4497,16962.0
2026-09-02T13:25:00+00:00,64.4,64.45,64.34,64.36,39846.658653
2026-09-02T13:30:00+00:00,64.35,64.43,64.3,64.3,21330.05
2026-09-02T13:35:00+00:00,64.27,64.7,64.25,64.645,1204421.423071
2026-09-02T13:40:00+00:00,64.65,64.98,64.602,64.67,575398.795309
2026-09-02T13:45:00+00:00,64.675,64.725,64.31,64.46,820953.075181
2026-09-02T13:50:00+00:00,64.465,64.5,64.35,64.355,523017.365337
2026-09-02T13:55:00+00:00,64.35,64.44,64.3,64.405,350911.657413
2026-09-02T14:00:00+00:00,64.41,64.45,64.32,64.34,398314.01192
2026-09-02T14:05:00+00:00,64.34,64.595,64.325,64.555,447115.124906
2026-09-02T14:10:00+00:00,64.555,64.62,64.4408,64.585,273521.931707
2026-09-02T14:15:00+00:00,64.585,64.64,64.535,64.585,226353.224055
2026-09-02T14:20:00+00:00,64.585,64.6,64.505,64.51,159259.162929
2026-09-02T14:25:00+00:00,64.51,64.64,64.4555,64.63,223378.462497
2026-09-02T14:30:00+00:00,64.62,64.75,64.605,64.645,311275.274081
2026-09-02T14:35:00+00:00,64.65,64.765,64.625,64.755,172720.036752
2026-09-02T14:40:00+00:00,64.76,64.8,64.675,64.795,218854.831339
2026-09-02T14:45:00+00:00,64.79,64.84,64.765,64.835,247172.127207
2026-09-02T14:50:00+00:00,64.835,64.85,64.77,64.8135,231907.62549099998
2026-09-02T14:55:00+00:00,64.82,64.89,64.78,64.835,580877.9129339999
2026-09-02T15:00:00+00:00,64.83,64.83,64.735,64.755,245647.456064
2026-09-02T15:05:00+00:00,64.755,64.785,64.66,64.7,372726.190928
2026-09-02T15:10:00+00:00,64.695,64.805,64.685,64.745,352156.667015
2026-09-02T15:15:00+00:00,64.745,64.775,64.67,64.69,264228.171441
2026-09-02T15:20:00+00:00,64.695,64.775,64.675,64.765,210708.73994799997
2026-09-02T15:25:00+00:00,64.775,64.815,64.735,64.765,209455.135719
2026-09-02T15:30:00+00:00,64.765,64.85,64.745,64.84,204300.35642700002
2026-09-02T15:35:00+00:00,64.835,64.91,64.82,64.905,379800.990916
2026-09-02T15:40:00+00:00,64.9,65.05,64.885,65.01,1075456.4330419998
2026-09-02T15:45:00+00:00,65.01,65.06,64.995,65.01,444478.118175
2026-09-02T15:50:00+00:00,65.01,65.045,64.96,64.985,279503.948967
2026-09-02T15:55:00+00:00,64.99,65.0599,64.985,64.985,224719.233378
2026-09-02T16:00:00+00:00,64.985,65.045,64.9726,65.015,235402.307162
2026-09-02T16:05:00+00:00,65.01,65.015,64.94,64.945,219891.961778
2026-09-02T16:10:00+00:00,64.945,64.98,64.92,64.93,382970.42016399995
2026-09-02T16:15:00+00:00,64.929,64.955,64.895,64.9,283471.52312
2026-09-02T16:20:00+00:00,64.905,64.955,64.87,64.935,521986.43022800004
2026-09-02T16:25:00+00:00,64.94,64.995,64.92,64.9598,136736.22305200002
2026-09-02T16:30:00+00:00,64.959,64.98,64.94,64.945,159240.012589
2026-09-02T16:35:00+00:00,64.945,64.955,64.885,64.925,210299.45728
2026-09-02T16:40:00+00:00,64.93,64.935,64.885,64.91,130040.955143
2026-09-02T16:45:00+00:00,64.91,64.98,64.89,64.965,168289.516988
2026-09-02T16:50:00+00:00,64.965,64.975,64.935,64.95,619991.475484
2026-09-02T16:55:00+00:00,64.95,64.965,64.89,64.91,157313.953936
2026-09-02T17:00:00+00:00,64.91,64.93,64.875,64.905,168312.39495499997
2026-09-02T17:05:00+00:00,64.9,64.93,64.875,64.91,224027.141903
2026-09-02T17:10:00+00:00,64.91,64.955,64.91,64.94,209314.75402199998
2026-09-02T17:15:00+00:00,64.945,64.99,64.925,64.985,185453.55301600002
2026-09-02T17:20:00+00:00,64.975,64.985,64.95,64.955,176545.32617900003
2026-09-02T17:25:00+00:00,64.955,64.965,64.9301,64.945,221897.625355
2026-09-02T17:30:00+00:00,64.945,65.015,64.945,64.9962,159753.87338499998
2026-09-02T17:35:00+00:00,65.005,65.03,65.0,65.02,205638.30745300002
2026-09-02T17:40:00+00:00,65.02,65.08,65.0029,65.06,271209.019631
2026-09-02T17:45:00+00:00,65.06,65.125,65.06,65.08,246015.96741499996
2026-09-02T17:50:00+00:00,65.08,65.095,65.03,65.035,189939.798529
2026-09-02T17:55:00+00:00,65.04,65.04,64.975,64.995,243425.696272
2026-09-02T18:00:00+00:00,65.0,65.02,64.98,65.01,278332.41005500004
2026-09-02T18:05:00+00:00,65.015,65.1,65.015,65.075,108793.36535099999
2026-09-02T18:10:00+00:00,65.0799,65.155,65.075,65.1074,147542.279795
2026-09-02T18:15:00+00:00,65.105,65.15,65.09,65.125,376603.841926
2026-09-02T18:20:00+00:00,65.125,65.14,65.005,65.06,442644.08095999993
2026-09-02T18:25:00+00:00,65.07,65.1599,65.07,65.115,246066.97317200003
2026-09-02T18:30:00+00:00,65.12,65.175,65.105,65.1428,179478.59984399998
2026-09-02T18:35:00+00:00,65.15,65.165,65.12,65.1279,429438.815536
2026-09-02T18:40:00+00:00,65.13,65.145,65.11,65.12,183301.616629
2026-09-02T18:45:00+00:00,65.12,65.129,65.09,65.09,134369.354936
2026-09-02T18:50:00+00:00,65.095,65.135,65.075,65.11,141926.795573
2026-09-02T18:55:00+00:00,65.115,65.18,65.09,65.175,169909.61269399998
2026-09-02T19:00:00+00:00,65.175,65.19,65.16,65.185,150003.820525
2026-09-02T19:05:00+00:00,65.185,65.2,65.15,65.18,325556.937406
2026-09-02T19:10:00+00:00,65.18,65.235,65.17,65.21,220824.038454
2026-09-02T19:15:00+00:00,65.21,65.2674,65.21,65.265,400542.02916100004
2026-09-02T19:20:00+00:00,65.26,65.28,65.25,65.275,205183.46744600002
2026-09-02T19:25:00+00:00,65.28,65.33,65.25,65.32,239744.000163
2026-09-02T19:30:00+00:00,65.325,65.34,65.3,65.325,245429.93301699997
2026-09-02T19:35:00+00:00,65.33,65.3352,65.26,65.315,395604.58074899996
2026-09-02T19:40:00+00:00,65.32,65.345,65.27,65.275,280095.71520000004
2026-09-02T19:45:00+00:00,65.28,65.28,65.17,65.205,282422.359092
2026-09-02T19:50:00+00:00,65.205,65.215,65.13,65.165,417285.67538699997
2026-09-02T19:55:00+00:00,65.16,65.175,65.01,65.055,782841.194304
2026-09-02T20:00:00+00:00,65.055,65.13,65.05,65.08,1840292.4598000003
2026-09-02T20:05:00+00:00,65.08,65.1869,65.07,65.18,110432.03752400001
2026-09-02T20:10:00+00:00,65.19,65.21,65.0186,65.12,23925.0
2026-09-02T20:15:00+00:00,65.16,65.16,65.0911,65.0911,1276.0
2026-09-02T20:20:00+00:00,65.0407,65.09,65.01,65.03,15195.577347
2026-09-02T20:25:00+00:00,65.04,65.05,65.04,65.04,2510.0
2026-09-02T20:30:00+00:00,65.04,65.06,65.04,65.05,10193.0
2026-09-02T20:35:00+00:00,65.1,65.1,65.07,65.07,619.0
2026-09-02T20:40:00+00:00,65.09,65.1,65.05,65.1,16940.0
2026-09-02T20:45:00+00:00,65.12,65.2608,65.12,65.15,1876.0
2026-09-02T20:50:00+00:00,65.18,65.18,65.1387,65.1387,4618.0
2026-09-02T20:55:00+00:00,65.16,65.2,65.15,65.18,15674.0
2026-09-02T21:00:00+00:00,65.1831,65.19,65.1646,65.19,13552.0
2026-09-02T21:05:00+00:00,65.09,65.1,65.09,65.1,16277.0
2026-09-02T21:10:00+00:00,65.1016,65.1016,65.1016,65.1016,611.0
2026-09-02T21:15:00+00:00,65.149,65.149,65.149,65.149,190.0
2026-09-02T21:20:00+00:00,65.1,65.1,65.1,65.1,2767.734
2026-09-02T21:25:00+00:00,65.1,65.1,65.07,65.08,3139.0
2026-09-02T21:30:00+00:00,65.07,65.07,65.0431,65.05,2643.0
2026-09-02T21:45:00+00:00,65.17,65.17,65.17,65.17,4000.0
2026-09-02T21:55:00+00:00,65.0316,65.0316,65.0316,65.0316,110.0
2026-09-02T22:15:00+00:00,65.14,65.17,65.14,65.16,2501.0
2026-09-02T22:20:00+00:00,65.1,65.1,65.1,65.1,830.0
2026-09-02T22:30:00+00:00,65.07,65.07,65.07,65.07,387.0
2026-09-02T22:35:00+00:00,65.1,65.1,65.1,65.1,414.0
2026-09-02T22:40:00+00:00,65.15,65.15,65.13,65.13,475.0
2026-09-02T22:50:00+00:00,65.13,65.13,65.11,65.11,1341.0
2026-09-02T22:55:00+00:00,65.12,65.12,65.11,65.11,1335.0
2026-09-02T23:00:00+00:00,65.1643,65.17,65.1394,65.1394,501.0
2026-09-02T23:05:00+00:00,65.2706,65.2706,65.2706,65.2706,235.0
2026-09-02T23:20:00+00:00,65.16,65.16,65.16,65.16,119.0
2026-09-02T23:25:00+00:00,65.11,65.11,65.11,65.11,162.0
2026-09-02T23:35:00+00:00,65.2114,65.2114,65.2114,65.2114,250.0
2026-09-02T23:40:00+00:00,65.23,65.23,65.23,65.23,102.0
2026-09-02T23:45:00+00:00,65.2035,65.2035,65.2035,65.2035,126.0
2026-09-02T23:50:00+00:00,65.2114,65.2114,65.17,65.2114,519.0
2026-09-02T23:55:00+00:00,65.18,65.2114,65.18,65.2114,544.0
2026-09-03T08:05:00+00:00,65.0075,65.04,64.81,64.9,12463.553529
2026-09-03T08:10:00+00:00,64.81,64.81,64.75,64.77,4923.385585
2026-09-03T08:20:00+00:00,64.84,64.84,64.83,64.83,500.0
2026-09-03T08:25:00+00:00,64.724,64.724,64.724,64.724,1632.0
2026-09-03T08:30:00+00:00,64.85,64.85,64.83,64.83,3356.0
2026-09-03T08:40:00+00:00,64.84,64.84,64.84,64.84,120.0
2026-09-03T08:55:00+00:00,64.9,64.9,64.9,64.9,1237.0
2026-09-03T09:05:00+00:00,64.99,65.02,64.9403,65.0,10334.0
2026-09-03T09:10:00+00:00,64.99,65.07,64.95,64.97,2969.0
2026-09-03T09:15:00+00:00,64.98,65.0,64.98,65.0,3079.0
2026-09-03T09:20:00+00:00,65.0,65.01,65.0,65.01,579.0
2026-09-03T09:25:00+00:00,65.04,65.07,65.04,65.07,3496.0
2026-09-03T09:30:00+00:00,65.06,65.06,65.05,65.05,3837.0
2026-09-03T09:35:00+00:00,65.07,65.07,65.07,65.07,1255.0
2026-09-03T09:45:00+00:00,65.05,65.05,65.05,65.05,2480.0
2026-09-03T09:55:00+00:00,65.06,65.09,65.06,65.07,10817.0
2026-09-03T10:00:00+00:00,65.01,65.19,65.01,65.15,6669.0
2026-09-03T10:05:00+00:00,65.18,65.195,65.1,65.13,1423.0
2026-09-03T10:10:00+00:00,65.19,65.2,65.19,65.2,400.0
2026-09-03T10:15:00+00:00,65.19,65.25,65.19,65.25,2947.65639
2026-09-03T10:20:00+00:00,65.25,65.25,65.25,65.25,950.0
2026-09-03T10:25:00+00:00,65.26,65.28,65.26,65.28,5216.0
2026-09-03T10:30:00+00:00,65.28,65.28,65.23,65.23,2203.0
2026-09-03T10:35:00+00:00,65.25,65.26,65.25,65.26,2065.0
2026-09-03T10:45:00+00:00,65.31,65.4,65.3,65.35,3304.7887
2026-09-03T10:55:00+00:00,65.35,65.4,65.34,65.4,2895.0
2026-09-03T11:00:00+00:00,65.4,65.43,65.4,65.41,2172.0
2026-09-03T11:05:00+00:00,65.4,65.48,65.3,65.472,23435.0
2026-09-03T11:10:00+00:00,65.4441,65.45,65.35,65.35,2768.7838
2026-09-03T11:15:00+00:00,65.4,65.4,65.37,65.37,2173.0
2026-09-03T11:20:00+00:00,65.43,65.44,65.4,65.4,872.0
2026-09-03T11:25:00+00:00,65.4,65.43,65.4,65.43,1572.0
2026-09-03T11:30:00+00:00,65.42,65.42,65.4,65.42,3756.0
2026-09-03T11:35:00+00:00,65.43,65.43,65.365,65.39,9316.0
2026-09-03T11:40:00+00:00,65.38,65.42,65.38,65.42,902.232
2026-09-03T11:45:00+00:00,65.44,65.45,65.44,65.45,502.0
2026-09-03T11:50:00+00:00,65.46,65.5293,65.46,65.5293,11935.0
2026-09-03T11:55:00+00:00,65.5,65.54,65.5,65.54,1450.0
2026-09-03T12:00:00+00:00,65.53,65.55,65.5085,65.55,3006.799392
2026-09-03T12:05:00+00:00,65.5506,65.57,65.54,65.5611,8656.0
2026-09-03T12:10:00+00:00,65.5592,65.5592,65.5,65.5081,3211.61118
2026-09-03T12:15:00+00:00,65.51,65.5368,65.42,65.5368,1510.0
2026-09-03T12:20:00+00:00,65.47,65.529,65.41,65.44,3995.0
2026-09-03T12:25:00+00:00,65.43,65.5,65.39,65.4606,4669.0
2026-09-03T12:30:00+00:00,65.451,65.451,65.3294,65.4,2009.0
2026-09-03T12:35:00+00:00,65.38,65.4,65.36,65.4,9929.0
2026-09-03T12:40:00+00:00,65.43,65.43,65.43,65.43,385.0
2026-09-03T12:45:00+00:00,65.4,65.569,65.4,65.44,1916.0
2026-09-03T12:50:00+00:00,65.46,65.46,65.46,65.46,544.0
2026-09-03T12:55:00+00:00,65.45,65.45,65.31,65.36,19429.0
2026-09-03T13:00:00+00:00,65.318,65.32,65.29,65.29,5621.0
2026-09-03T13:05:00+00:00,65.36,65.36,65.21,65.23,56449.0
2026-09-03T13:10:00+00:00,65.2817,65.45,65.28,65.3,2666.0
2026-09-03T13:15:00+00:00,65.3,65.3,65.3,65.3,202.0
2026-09-03T13:20:00+00:00,65.3,65.3,65.24,65.24,32116.0
2026-09-03T13:25:00+00:00,65.26,65.37,65.26,65.37,1455.0
2026-09-03T13:30:00+00:00,65.3,65.3,65.06,65.06,4891.515466
2026-09-03T13:35:00+00:00,65.12,65.26,64.97,65.02,1187887.5791860002
2026-09-03T13:40:00+00:00,65.015,65.26,64.945,65.14,627614.4372739999
2026-09-03T13:45:00+00:00,65.15,65.17,65.02,65.14,500818.08985800005
2026-09-03T13:50:00+00:00,65.12,65.32,65.11,65.22,365743.984539
2026-09-03T13:55:00+00:00,65.25,65.29,65.095,65.21,233530.42620000002
2026-09-03T14:00:00+00:00,65.21,65.225,65.07,65.07,191203.525684
2026-09-03T14:05:00+00:00,65.07,65.19,65.0,65.17,343967.69221699995
2026-09-03T14:10:00+00:00,65.18,65.18,64.975,65.0,625591.322466
2026-09-03T14:15:00+00:00,65.0,65.1,64.98,65.06,554749.5435949999
2026-09-03T14:20:00+00:00,65.06,65.15,65.03,65.125,338212.21222
2026-09-03T14:25:00+00:00,65.13,65.265,65.125,65.21,329183.926713
2026-09-03T14:30:00+00:00,65.22,65.265,65.195,65.265,140883.57046699998
2026-09-03T14:35:00+00:00,65.265,65.38,65.24,65.37,275287.821022
2026-09-03T14:40:00+00:00,65.37,65.475,65.35,65.445,219805.45069
2026-09-03T14:45:00+00:00,65.45,65.515,65.435,65.44,595629.6973540001
2026-09-03T14:50:00+00:00,65.45,65.45,65.355,65.355,302511.218355
2026-09-03T14:55:00+00:00,65.36,65.445,65.33,65.42,251574.48757700002
2026-09-03T15:00:00+00:00,65.415,65.51,65.235,65.235,766238.740692
2026-09-03T15:05:00+00:00,65.235,65.34,65.21,65.315,291508.762214
2026-09-03T15:10:00+00:00,65.32,65.405,65.305,65.365,192312.587322
2026-09-03T15:15:00+00:00,65.365,65.455,65.35,65.435,141190.717516
2026-09-03T15:20:00+00:00,65.435,65.52,65.43,65.4703,160994.640321
2026-09-03T15:25:00+00:00,65.475,65.4751,65.375,65.455,182084.703925
2026-09-03T15:30:00+00:00,65.46,65.51,65.365,65.375,221610.058085
2026-09-03T15:35:00+00:00,65.37,65.38,65.1701,65.22,564044.956045
2026-09-03T15:40:00+00:00,65.22,65.3497,65.22,65.345,337426.331556
2026-09-03T15:45:00+00:00,65.35,65.3597,65.24,65.305,166530.29032700002
2026-09-03T15:50:00+00:00,65.3,65.315,65.26,65.315,170418.41129599998
2026-09-03T15:55:00+00:00,65.315,65.335,65.25,65.28,146129.816826
2026-09-03T16:00:00+00:00,65.28,65.3,65.195,65.205,249365.044904
2026-09-03T16:05:00+00:00,65.2,65.21,65.11,65.145,250189.587314
2026-09-03T16:10:00+00:00,65.15,65.19,65.115,65.13,144799.62505099998
2026-09-03T16:15:00+00:00,65.12,65.12,65.0301,65.07,216924.322266
2026-09-03T16:20:00+00:00,65.07,65.13,65.065,65.1097,95829.900665
2026-09-03T16:25:00+00:00,65.11,65.17,65.075,65.16,337818.653642
2026-09-03T16:30:00+00:00,65.165,65.195,65.15,65.17,153260.330341
2026-09-03T16:35:00+00:00,65.18,65.18,65.09,65.1,145562.283321
2026-09-03T16:40:00+00:00,65.095,65.18,65.075,65.08,192008.421276
2026-09-03T16:45:00+00:00,65.08,65.11,65.065,65.105,136402.598887
2026-09-03T16:50:00+00:00,65.105,65.12,65.07,65.095,103094.086765
2026-09-03T16:55:00+00:00,65.09,65.115,65.0701,65.075,145546.468351
2026-09-03T17:00:00+00:00,65.075,65.115,65.07,65.095,107050.374251
2026-09-03T17:05:00+00:00,65.095,65.145,65.095,65.13,88529.03199100003
2026-09-03T17:10:00+00:00,65.13,65.17,65.125,65.16,64991.526713
2026-09-03T17:15:00+00:00,65.16,65.22,65.15,65.205,177462.55217500002
2026-09-03T17:20:00+00:00,65.21,65.21,65.18,65.1899,70971.69471799998
2026-09-03T17:25:00+00:00,65.185,65.22,65.16,65.195,139724.652796
2026-09-03T17:30:00+00:00,65.2,65.2,65.14,65.155,213811.46665800002
2026-09-03T17:35:00+00:00,65.15,65.155,65.095,65.12,297474.783902
2026-09-03T17:40:00+00:00,65.115,65.13,65.005,65.035,130224.733345
2026-09-03T17:45:00+00:00,65.035,65.04,64.95,64.96,237745.20067100003
2026-09-03T17:50:00+00:00,64.97,64.995,64.925,64.93,116044.88053
2026-09-03T17:55:00+00:00,64.93,64.955,64.915,64.94,189400.197352
2026-09-03T18:00:00+00:00,64.935,64.985,64.914,64.97,114114.23075199999
2026-09-03T18:05:00+00:00,64.98,65.0351,64.975,65.005,137966.313868
2026-09-03T18:10:00+00:00,65.005,65.005,64.89,64.9,139926.52299599999
2026-09-03T18:15:00+00:00,64.895,64.965,64.89,64.955,100240.19373300001
2026-09-03T18:20:00+00:00,64.955,64.97,64.885,64.89,188867.80339800002
2026-09-03T18:25:00+00:00,64.89,64.9,64.845,64.845,550347.837957
2026-09-03T18:30:00+00:00,64.85,64.88,64.83,64.85,225272.565753
2026-09-03T18:35:00+00:00,64.85,64.92,64.85,64.88,185039.94395000002
2026-09-03T18:40:00+00:00,64.88,64.885,64.82,64.83,171233.683914
2026-09-03T18:45:00+00:00,64.835,64.9,64.83,64.895,302337.08574
2026-09-03T18:50:00+00:00,64.9,64.905,64.815,64.835,193663.475508
2026-09-03T18:55:00+00:00,64.83,64.86,64.82,64.85,139953.622601
2026-09-03T19:00:00+00:00,64.84,64.87,64.835,64.87,313964.22997
2026-09-03T19:05:00+00:00,64.865,64.88,64.835,64.86,270178.67799
2026-09-03T19:10:00+00:00,64.855,64.87,64.83,64.855,144404.49456
2026-09-03T19:15:00+00:00,64.855,64.855,64.805,64.825,118646.624305
2026-09-03T19:20:00+00:00,64.83,64.89,64.825,64.86,191104.66568
2026-09-03T19:25:00+00:00,64.855,64.855,64.82,64.835,118138.949256
2026-09-03T19:30:00+00:00,64.835,64.835,64.785,64.82,210540.28912600002
2026-09-03T19:35:00+00:00,64.82,64.84,64.78,64.7812,368209.024709
2026-09-03T19:40:00+00:00,64.78,64.815,64.745,64.815,308559.828128
2026-09-03T19:45:00+00:00,64.82,64.825,64.75,64.755,279775.03927400004
2026-09-03T19:50:00+00:00,64.76,64.855,64.755,64.815,495681.14378
2026-09-03T19:55:00+00:00,64.82,64.86,64.75,64.755,1024472.8728270001
2026-09-03T20:00:00+00:00,64.755,64.77,64.5825,64.65,2308179.341475
2026-09-03T20:05:00+00:00,64.62,64.73,64.57,64.69,35105.265097
2026-09-03T20:10:00+00:00,64.7,64.7,64.62,64.6307,2318.0
2026-09-03T20:15:00+00:00,64.5811,64.6291,64.5811,64.6291,7564.348292
2026-09-03T20:20:00+00:00,64.5808,64.5808,64.5808,64.5808,185.0
2026-09-03T20:25:00+00:00,64.62,64.62,64.62,64.62,129.0
2026-09-03T20:30:00+00:00,64.6021,64.6021,64.6021,64.6021,244.0
2026-09-03T20:35:00+00:00,64.6046,64.6047,64.604,64.6047,1147.0
2026-09-03T20:40:00+00:00,64.61,64.61,64.57,64.5794,10999.543362
2026-09-03T20:50:00+00:00,64.605,64.605,64.605,64.605,100.0
2026-09-03T20:55:00+00:00,64.59,64.6,64.5737,64.58,8542.0
2026-09-03T21:00:00+00:00,64.6713,64.6713,64.6713,64.6713,100.0
2026-09-03T21:15:00+00:00,64.62,64.62,64.62,64.62,795.0
2026-09-03T21:20:00+00:00,64.6195,64.62,64.61,64.62,5638.0
2026-09-03T21:25:00+00:00,64.61,64.61,64.61,64.61,204.0
2026-09-03T21:30:00+00:00,64.63,64.63,64.6204,64.6204,1059.0
2026-09-03T21:35:00+00:00,64.62,64.62,64.6,64.6,709.0
2026-09-03T21:40:00+00:00,64.688,64.6924,64.62,64.6876,2919.0
2026-09-03T21:45:00+00:00,64.6582,64.6582,64.6582,64.6582,504.0
2026-09-03T21:55:00+00:00,64.6564,64.6564,64.6564,64.6564,291.0
2026-09-03T22:10:00+00:00,64.65,64.65,64.65,64.65,170.0
2026-09-03T22:15:00+00:00,64.5758,64.5758,64.5758,64.5758,102.176093
2026-09-03T22:30:00+00:00,64.66,64.66,64.66,64.66,150.0
2026-09-03T22:35:00+00:00,64.64,64.64,64.64,64.64,235.0
2026-09-03T22:40:00+00:00,64.62,64.62,64.62,64.62,120.0
2026-09-03T22:45:00+00:00,64.65,64.65,64.65,64.65,350.0
2026-09-03T22:50:00+00:00,64.7,64.7,64.7,64.7,3422.0
2026-09-03T22:55:00+00:00,64.72,64.72,64.72,64.72,551.0
2026-09-03T23:10:00+00:00,64.69,64.69,64.69,64.69,200.0
2026-09-03T23:15:00+00:00,64.7,64.7,64.7,64.7,340.0
2026-09-03T23:40:00+00:00,64.675,64.6963,64.66,64.675,470.0
2026-09-03T23:50:00+00:00,64.66,64.7,64.65,64.6923,1357.0
2026-09-04T00:00:00+00:00,64.69,64.69,64.66,64.66,564.0
2026-09-04T08:05:00+00:00,64.52,64.63,64.4,64.4,22844.444197
2026-09-04T08:10:00+00:00,64.42,64.42,64.41,64.41,1800.0
2026-09-04T08:15:00+00:00,64.385,64.41,64.385,64.41,3104.0
2026-09-04T08:20:00+00:00,64.37,64.42,64.35,64.42,2380.0
2026-09-04T08:25:00+00:00,64.35,64.36,64.34,64.35,3295.048765
2026-09-04T08:30:00+00:00,64.35,64.35,64.31,64.31,2456.0
2026-09-04T08:50:00+00:00,64.32,64.32,64.3,64.31,990.0622000000001
2026-09-04T08:55:00+00:00,64.35,64.4,64.35,64.37,1819.0
2026-09-04T09:05:00+00:00,64.36,64.36,64.35,64.35,1063.0
2026-09-04T09:10:00+00:00,64.4,64.4,64.38,64.38,450.077641
2026-09-04T09:15:00+00:00,64.29,64.29,64.29,64.29,113.0
2026-09-04T09:30:00+00:00,64.39,64.39,64.39,64.39,1267.0
2026-09-04T09:35:00+00:00,64.38,64.38,64.38,64.38,497.015375
2026-09-04T09:40:00+00:00,64.4,64.4,64.39,64.4,2485.0
2026-09-04T09:50:00+00:00,64.31,64.32,64.3,64.3,1741.0
2026-09-04T09:55:00+00:00,64.39,64.39,64.38,64.38,500.0
2026-09-04T10:00:00+00:00,64.2907,64.2907,64.2907,64.2907,195.0
2026-09-04T10:10:00+00:00,64.31,64.31,64.31,64.31,129.0
2026-09-04T10:20:00+00:00,64.32,64.32,64.32,64.32,727.0
2026-09-04T10:30:00+00:00,64.28,64.28,64.27,64.27,900.0
2026-09-04T10:35:00+00:00,64.31,64.34,64.2246,64.2246,508.0
2026-09-04T10:40:00+00:00,64.28,64.28,64.28,64.28,160.816
2026-09-04T10:45:00+00:00,64.29,64.29,64.27,64.27,915.0
2026-09-04T10:50:00+00:00,64.24,64.24,64.23,64.23,260.0
2026-09-04T10:55:00+00:00,64.1,64.1,64.1,64.1,1321.0
2026-09-04T11:00:00+00:00,64.195,64.195,64.195,64.195,581.0
2026-09-04T11:05:00+00:00,64.25,64.2761,64.195,64.2761,3961.0
2026-09-04T11:10:00+00:00,64.29,64.29,64.2043,64.2043,949.0
2026-09-04T11:15:00+00:00,64.21,64.26,64.21,64.26,1336.0
2026-09-04T11:20:00+00:00,64.26,64.26,64.2,64.2155,1638.0
2026-09-04T11:25:00+00:00,64.2173,64.2173,64.2173,64.2173,700.0
2026-09-04T11:35:00+00:00,64.269,64.269,64.25,64.25,923.0
2026-09-04T11:40:00+00:00,64.2507,64.2507,64.22,64.22,3268.325
2026-09-04T11:45:00+00:00,64.22,64.23,64.2103,64.23,3530.0
2026-09-04T11:50:00+00:00,64.21,64.25,64.2,64.25,642.0
2026-09-04T11:55:00+00:00,64.25,64.25,64.2124,64.2124,1050.0
2026-09-04T12:05:00+00:00,64.21,64.2166,64.18,64.18,3591.0
2026-09-04T12:10:00+00:00,64.1278,64.19,64.1278,64.19,1475.31375
2026-09-04T12:15:00+00:00,64.19,64.19,64.15,64.18,1441.024034
2026-09-04T12:20:00+00:00,64.15,64.2,64.15,64.1555,8256.0
2026-09-04T12:25:00+00:00,64.1615,64.1615,64.1615,64.1615,402.0
2026-09-04T12:30:00+00:00,64.15,64.24,64.14,64.23,79042.0
2026-09-04T12:35:00+00:00,64.23,64.25,64.1,64.24,3860.0
2026-09-04T12:40:00+00:00,64.18,64.24,64.18,64.21,1887.0
2026-09-04T12:45:00+00:00,64.1949,64.2,64.18,64.18,1755.0
2026-09-04T12:50:00+00:00,64.18,64.25,64.18,64.25,1167.0
2026-09-04T12:55:00+00:00,64.36,64.36,64.15,64.15,3445.0
2026-09-04T13:00:00+00:00,64.16,64.2,64.16,64.2,16510.0
2026-09-04T13:05:00+00:00,64.1899,64.2,64.1603,64.2,1294.0
2026-09-04T13:10:00+00:00,64.17,64.3448,64.1403,64.1403,8878.0
2026-09-04T13:20:00+00:00,64.2,64.2,64.1703,64.19,858.0
2026-09-04T13:25:00+00:00,64.17,64.23,64.07,64.07,5480.0
2026-09-04T13:30:00+00:00,64.09,64.09,64.05,64.05,1095.0
2026-09-04T13:35:00+00:00,64.04,64.25,63.78,63.785,1265553.650328
2026-09-04T13:40:00+00:00,63.78,63.875,63.4897,63.51,1002467.7127119999
2026-09-04T13:45:00+00:00,63.51,63.74,63.375,63.7024,1737717.759981
2026-09-04T13:50:00+00:00,63.71,63.77,63.595,63.64,1183426.790327
2026-09-04T13:55:00+00:00,63.645,63.79,63.55,63.55,656265.237223
2026-09-04T14:00:00+00:00,63.55,63.565,63.455,63.54,914514.4936609999
2026-09-04T14:05:00+00:00,63.535,63.895,63.535,63.88,793467.172889
2026-09-04T14:10:00+00:00,63.87,63.895,63.715,63.75,399198.739546
2026-09-04T14:15:00+00:00,63.76,63.815,63.675,63.72,451068.96990699996
2026-09-04T14:20:00+00:00,63.72,63.865,63.66,63.85,343062.543702
2026-09-04T14:25:00+00:00,63.85,63.92,63.85,63.895,428408.77115800005
2026-09-04T14:30:00+00:00,63.89,64.02,63.89,64.01,263422.76928799995
2026-09-04T14:35:00+00:00,64.015,64.16,63.99,64.1,526503.208848
2026-09-04T14:40:00+00:00,64.105,64.14,64.075,64.11,362263.129216
2026-09-04T14:45:00+00:00,64.115,64.155,64.065,64.1173,363814.101229
2026-09-04T14:50:00+00:00,64.11,64.31,64.09,64.2988,590965.283179
2026-09-04T14:55:00+00:00,64.2987,64.315,64.235,64.245,392263.590464
2026-09-04T15:00:00+00:00,64.24,64.33,64.225,64.245,254407.807196
2026-09-04T15:05:00+00:00,64.25,64.255,64.07,64.075,297575.63862700004
2026-09-04T15:10:00+00:00,64.08,64.125,64.035,64.055,224650.057323
2026-09-04T15:15:00+00:00,64.055,64.15,64.05,64.11,189459.04262199998
2026-09-04T15:20:00+00:00,64.11,64.14,64.08,64.095,144677.925495
2026-09-04T15:25:00+00:00,64.095,64.125,64.065,64.095,192879.26403999998
2026-09-04T15:30:00+00:00,64.095,64.13,64.075,64.11,188740.290821
2026-09-04T15:35:00+00:00,64.11,64.145,64.095,64.14,239179.38243
2026-09-04T15:40:00+00:00,64.14,64.17,64.095,64.165,199549.211509
2026-09-04T15:45:00+00:00,64.17,64.19,64.14,64.185,143748.818064
2026-09-04T15:50:00+00:00,64.185,64.25,64.15,64.225,219911.198372
2026-09-04T15:55:00+00:00,64.23,64.23,64.165,64.21,133612.470069
2026-09-04T16:00:00+00:00,64.21,64.235,64.185,64.195,112332.266485
2026-09-04T16:05:00+00:00,64.19,64.225,64.135,64.21,201570.663022
2026-09-04T16:10:00+00:00,64.2122,64.22,64.125,64.16,135781.967744
2026-09-04T16:15:00+00:00,64.155,64.165,64.125,64.155,112832.57215299999
2026-09-04T16:20:00+00:00,64.16,64.18,64.14,64.17,60007.933791999996
2026-09-04T16:25:00+00:00,64.175,64.2,64.135,64.14,141242.66988200002
2026-09-04T16:30:00+00:00,64.145,64.145,64.065,64.09,284960.169379
2026-09-04T16:35:00+00:00,64.09,64.12,64.06,64.06,183104.611624
2026-09-04T16:40:00+00:00,64.06,64.145,64.06,64.145,215516.809618
2026-09-04T16:45:00+00:00,64.145,64.22,64.145,64.215,243582.535474
2026-09-04T16:50:00+00:00,64.21,64.2282,64.185,64.195,134800.55758700002
2026-09-04T16:55:00+00:00,64.195,64.23,64.175,64.23,136865.79783
2026-09-04T17:00:00+00:00,64.23,64.2439,64.2,64.23,127038.83978899999
2026-09-04T17:05:00+00:00,64.2298,64.2551,64.175,64.18,109610.770781
2026-09-04T17:10:00+00:00,64.18,64.185,64.135,64.145,188301.81416399998
2026-09-04T17:15:00+00:00,64.14,64.165,64.125,64.155,100349.71062499999
2026-09-04T17:20:00+00:00,64.15,64.15,64.105,64.13,282645.59996
2026-09-04T17:25:00+00:00,64.13,64.17,64.11,64.17,118621.10439400001
2026-09-04T17:30:00+00:00,64.17,64.185,64.145,64.185,133334.004203
2026-09-04T17:35:00+00:00,64.185,64.23,64.16,64.22,166721.815507
2026-09-04T17:40:00+00:00,64.22,64.24,64.15,64.175,179811.025171
2026-09-04T17:45:00+00:00,64.175,64.195,64.13,64.15,87060.74901599999
2026-09-04T17:50:00+00:00,64.155,64.155,64.09,64.0901,100158.33004999999
2026-09-04T17:55:00+00:00,64.095,64.14,64.09,64.125,211620.809142
2026-09-04T18:00:00+00:00,64.125,64.1266,64.07,64.075,110582.31671000001
2026-09-04T18:05:00+00:00,64.075,64.1,64.045,64.065,232756.863006
2026-09-04T18:10:00+00:00,64.065,64.09,64.04,64.07,154808.208132
2026-09-04T18:15:00+00:00,64.075,64.13,64.06,64.12,82469.411602
2026-09-04T18:20:00+00:00,64.12,64.145,64.1,64.1,207436.038766
2026-09-04T18:25:00+00:00,64.105,64.1273,64.075,64.1273,132911.182075
2026-09-04T18:30:00+00:00,64.125,64.14,64.075,64.12,128596.466781
2026-09-04T18:35:00+00:00,64.125,64.125,64.06,64.08,108201.427459
2026-09-04T18:40:00+00:00,64.0799,64.0899,64.05,64.085,104579.706703
2026-09-04T18:45:00+00:00,64.085,64.09,64.055,64.065,153283.63047099998
2026-09-04T18:50:00+00:00,64.065,64.07,64.045,64.065,101447.19602999999
2026-09-04T18:55:00+00:00,64.06,64.0959,64.05,64.05,173901.60617400002
2026-09-04T19:00:00+00:00,64.06,64.06,64.01,64.035,228126.106178
2026-09-04T19:05:00+00:00,64.035,64.055,63.98,63.9801,209638.197185
2026-09-04T19:10:00+00:00,63.985,64.0,63.955,63.985,187118.920096
2026-09-04T19:15:00+00:00,63.985,64.015,63.97,63.9701,171130.03741599998
2026-09-04T19:20:00+00:00,63.97,64.035,63.965,64.03,222582.482693
2026-09-04T19:25:00+00:00,64.03,64.04,63.99,63.995,187241.29209200002
2026-09-04T19:30:00+00:00,63.995,64.07,63.995,64.06,112566.840352
2026-09-04T19:35:00+00:00,64.065,64.095,64.035,64.05,224510.261649
2026-09-04T19:40:00+00:00,64.0512,64.08,64.035,64.045,175516.032059
2026-09-04T19:45:00+00:00,64.04,64.08,64.005,64.065,283593.958982
2026-09-04T19:50:00+00:00,64.06,64.07,63.99,64.045,753129.24468
2026-09-04T19:55:00+00:00,64.04,64.0699,64.0,64.065,700121.0589060001
2026-09-04T20:00:00+00:00,64.06,64.105,64.03,64.07,2254149.414763
2026-09-04T20:05:00+00:00,64.06,64.06,63.9103,63.9103,5827.13304
2026-09-04T20:10:00+00:00,64.01,64.06,63.99,64.06,3100.0
2026-09-04T20:15:00+00:00,64.03,64.04,64.01,64.04,9231.0
2026-09-04T20:20:00+00:00,64.11,64.1335,64.03,64.1335,5609.027231
2026-09-04T20:25:00+00:00,64.1248,64.1248,64.03,64.03,1085.0
2026-09-04T20:30:00+00:00,64.1,64.1,64.1,64.1,160.0
2026-09-04T20:35:00+00:00,64.13,64.13,64.13,64.13,236.0
2026-09-04T20:40:00+00:00,64.06,64.06,63.91,63.94,20989.0
2026-09-04T20:45:00+00:00,63.98,63.99,63.955,63.99,10924.0
2026-09-04T20:50:00+00:00,64.0,64.0,63.99,63.99,1418.0
2026-09-04T20:55:00+00:00,63.97,63.97,63.95,63.95,3131.0
2026-09-04T21:10:00+00:00,63.95,63.95,63.9417,63.9417,511.0
2026-09-04T21:15:00+00:00,63.98,63.9999,63.98,63.9999,5230.0
2026-09-04T21:20:00+00:00,63.99,63.99,63.99,63.99,847.0
2026-09-04T21:25:00+00:00,64.05,64.05,64.05,64.05,225.0
2026-09-04T21:30:00+00:00,63.99,63.99,63.96,63.9897,3329.0
2026-09-04T21:35:00+00:00,63.9616,64.08,63.9616,64.0501,18279.0
2026-09-04T21:40:00+00:00,64.1,64.13,64.09,64.09,6525.0
2026-09-04T21:45:00+00:00,64.11,64.13,64.07,64.07,8100.0
2026-09-04T21:55:00+00:00,64.07,64.07,64.07,64.07,900.0
2026-09-04T22:00:00+00:00,64.07,64.07,64.07,64.07,3000.0
2026-09-04T22:05:00+00:00,64.07,64.07,64.07,64.07,520.0
2026-09-04T22:10:00+00:00,64.15,64.15,64.07,64.11,3642.0
2026-09-04T22:20:00+00:00,64.07,64.1,64.07,64.1,790.0
2026-09-04T22:35:00+00:00,64.105,64.11,64.1,64.1,2871.0
2026-09-04T22:40:00+00:00,64.1223,64.1223,64.1223,64.1223,102.0
2026-09-04T22:50:00+00:00,64.1223,64.1223,64.1223,64.1223,101.0
2026-09-04T22:55:00+00:00,64.15,64.15,64.15,64.15,250.0
2026-09-04T23:15:00+00:00,64.1301,64.1301,64.1301,64.1301,113.0
2026-09-04T23:35:00+00:00,64.1,64.1,64.1,64.1,100.0
2026-09-04T23:50:00+00:00,64.13,64.14,64.13,64.14,1013.0
2026-09-05T00:00:00+00:00,64.1162,64.13,64.1162,64.13,852.0
2026-09-08T08:05:00+00:00,64.61,64.69,64.2,64.64,57352.095348
2026-09-08T08:10:00+00:00,64.43,64.99,64.43,64.7,15259.0
2026-09-08T08:15:00+00:00,64.74,64.82,64.71,64.8,7801.0
2026-09-08T08:20:00+00:00,64.81,64.86,64.79,64.79,16255.0622
2026-09-08T08:25:00+00:00,64.84,64.89,64.84,64.89,1462.0
2026-09-08T08:30:00+00:00,64.89,64.96,64.82,64.89,13267.0
2026-09-08T08:35:00+00:00,64.9465,64.9465,64.86,64.86,76056.71791
2026-09-08T08:40:00+00:00,64.91,64.91,64.85,64.87,12309.142
2026-09-08T08:45:00+00:00,64.87,64.8885,64.85,64.86,33348.0
2026-09-08T08:50:00+00:00,64.89,64.89,64.86,64.88,2927.36416
2026-09-08T08:55:00+00:00,64.93,64.94,64.93,64.94,782.0
2026-09-08T09:00:00+00:00,64.97,64.97,64.97,64.97,106.0
2026-09-08T09:05:00+00:00,64.93,64.98,64.89,64.89,10481.0
2026-09-08T09:10:00+00:00,64.8971,65.03,64.895,64.94,17891.0
2026-09-08T09:15:00+00:00,64.95,64.95,64.91,64.95,1773.0
2026-09-08T09:25:00+00:00,64.92,64.92,64.9,64.9,1004.0
2026-09-08T09:30:00+00:00,64.9,64.98,64.89,64.9,1948.7446439999999
2026-09-08T09:35:00+00:00,64.9,64.946,64.9,64.946,334.0
2026-09-08T09:40:00+00:00,64.9127,64.9127,64.864,64.864,2276.0
2026-09-08T09:45:00+00:00,64.85,64.87,64.81,64.82,24852.0
2026-09-08T09:50:00+00:00,64.81,64.81,64.81,64.81,1195.0
2026-09-08T09:55:00+00:00,64.81,64.82,64.81,64.81,26110.0
2026-09-08T10:00:00+00:00,64.81,64.815,64.74,64.74,30443.0
2026-09-08T10:05:00+00:00,64.8,64.8,64.77,64.78,1500.0
2026-09-08T10:15:00+00:00,64.8,64.8,64.77,64.79,417.0
2026-09-08T10:20:00+00:00,64.789,64.789,64.789,64.789,1077.0
2026-09-08T10:25:00+00:00,64.72,64.74,64.66,64.68,4132.0
2026-09-08T10:30:00+00:00,64.7,64.7,64.7,64.7,500.0
2026-09-08T10:35:00+00:00,64.7,64.7,64.7,64.7,500.0
2026-09-08T10:40:00+00:00,64.64,64.69,64.64,64.69,333.0
2026-09-08T10:45:00+00:00,64.76,64.76,64.7,64.7,554.0
2026-09-08T10:50:00+00:00,64.7,64.77,64.7,64.7,10183.782071
2026-09-08T10:55:00+00:00,64.77,64.77,64.69,64.72,11402.154396
2026-09-08T11:00:00+00:00,64.7,64.71,64.7,64.7,29141.0
2026-09-08T11:05:00+00:00,64.72,64.74,64.7,64.71,11093.088
2026-09-08T11:10:00+00:00,64.71,64.76,64.71,64.72,53916.99
2026-09-08T11:15:00+00:00,64.71,64.73,64.7,64.71,6956.0
2026-09-08T11:20:00+00:00,64.71,64.75,64.69,64.69,4797.0
2026-09-08T11:25:00+00:00,64.7,64.7188,64.69,64.7188,5814.0
2026-09-08T11:30:00+00:00,64.71,64.7302,64.7,64.7302,1113.015344
2026-09-08T11:35:00+00:00,64.7028,64.77,64.7028,64.75,16538.0
2026-09-08T11:40:00+00:00,64.77,64.78,64.76,64.76,2936.853
2026-09-08T11:45:00+00:00,64.75,64.8,64.75,64.76,64912.0
2026-09-08T11:50:00+00:00,64.79,64.8018,64.79,64.7987,1297.0
2026-09-08T11:55:00+00:00,64.83,64.8363,64.75,64.75,2437.0
2026-09-08T12:00:00+00:00,64.8,64.8,64.78,64.79,6317.0
2026-09-08T12:05:00+00:00,64.77,64.84,64.77,64.79,14731.0
2026-09-08T12:10:00+00:00,64.8,64.83,64.7503,64.79,6671.0
2026-09-08T12:15:00+00:00,64.8,64.8378,64.79,64.8378,4395.0
2026-09-08T12:20:00+00:00,64.8485,64.8485,64.81,64.81,1381.608617
2026-09-08T12:25:00+00:00,64.81,64.82,64.8,64.8,5608.0
2026-09-08T12:30:00+00:00,64.77,64.79,64.75,64.75,9867.0
2026-09-08T12:35:00+00:00,64.73,64.7586,64.69,64.72,19267.0
2026-09-08T12:40:00+00:00,64.7788,64.78,64.71,64.72,13409.0
2026-09-08T12:45:00+00:00,64.7,64.71,64.7,64.7,13377.306444
2026-09-08T12:50:00+00:00,64.7,64.71,64.6704,64.6741,3703.152
2026-09-08T12:55:00+00:00,64.67,64.68,64.64,64.65,10254.0
2026-09-08T13:00:00+00:00,64.65,64.65,64.59,64.6097,13760.470848
2026-09-08T13:05:00+00:00,64.6,64.6277,64.57,64.58,6710.0
2026-09-08T13:10:00+00:00,64.57,64.65,64.55,64.57,6876.553
2026-09-08T13:15:00+00:00,64.65,64.67,64.643,64.65,8726.0
2026-09-08T13:20:00+00:00,64.67,64.71,64.67,64.71,4107.0
2026-09-08T13:25:00+00:00,64.71,64.78,64.71,64.78,16206.649629
2026-09-08T13:30:00+00:00,64.7676,64.82,64.68,64.82,6152.0
2026-09-08T13:35:00+00:00,64.83,65.04,64.7,64.965,1329305.8304370001
2026-09-08T13:40:00+00:00,64.97,65.23,64.889,64.945,752676.726666
2026-09-08T13:45:00+00:00,64.945,65.05,64.832,64.94,597395.687598
2026-09-08T13:50:00+00:00,64.95,64.98,64.7803,64.805,582130.354146
2026-09-08T13:55:00+00:00,64.805,64.845,64.64,64.845,494448.87656799995
2026-09-08T14:00:00+00:00,64.84,64.9,64.78,64.895,355945.158729
2026-09-08T14:05:00+00:00,64.895,65.2,64.885,65.19,515372.516467
2026-09-08T14:10:00+00:00,65.19,65.225,65.125,65.17,274108.652213
2026-09-08T14:15:00+00:00,65.17,65.24,65.1,65.175,424360.13473600004
2026-09-08T14:20:00+00:00,65.175,65.225,65.11,65.205,193353.22706900002
2026-09-08T14:25:00+00:00,65.21,65.215,65.135,65.18,203975.67631900002
2026-09-08T14:30:00+00:00,65.19,65.235,65.155,65.2,283296.11097499996
2026-09-08T14:35:00+00:00,65.195,65.22,65.105,65.105,354623.07096099993
2026-09-08T14:40:00+00:00,65.11,65.18,65.075,65.165,231930.953962
2026-09-08T14:45:00+00:00,65.165,65.195,65.13,65.155,221359.25772499997
2026-09-08T14:50:00+00:00,65.155,65.19,65.05,65.065,327085.991742
2026-09-08T14:55:00+00:00,65.07,65.075,64.92,64.925,311744.353037
2026-09-08T15:00:00+00:00,64.93,64.958,64.85,64.865,528581.9942620001
2026-09-08T15:05:00+00:00,64.87,64.8876,64.8,64.82,153119.31993599999
2026-09-08T15:10:00+00:00,64.82,64.925,64.815,64.91,210685.794013
2026-09-08T15:15:00+00:00,64.91,64.955,64.86,64.955,208207.21949999998
2026-09-08T15:20:00+00:00,64.95,65.03,64.875,65.03,121688.65684499999
2026-09-08T15:25:00+00:00,65.025,65.05,64.955,64.975,239477.903396
2026-09-08T15:30:00+00:00,64.975,64.99,64.835,64.85,249003.887126
2026-09-08T15:35:00+00:00,64.85,64.86,64.77,64.79,216479.660675
2026-09-08T15:40:00+00:00,64.785,64.845,64.715,64.72,250037.021365
2026-09-08T15:45:00+00:00,64.7155,64.8,64.7,64.74,182010.163991
2026-09-08T15:50:00+00:00,64.73,64.775,64.71,64.7601,208753.39636999997
2026-09-08T15:55:00+00:00,64.76,64.765,64.705,64.735,129815.17911699999
2026-09-08T16:00:00+00:00,64.74,64.79,64.72,64.7229,147152.25075900002
2026-09-08T16:05:00+00:00,64.725,64.7788,64.69,64.7655,157980.650089
2026-09-08T16:10:00+00:00,64.765,64.77,64.68,64.71,109097.959923
2026-09-08T16:15:00+00:00,64.705,64.76,64.645,64.655,239868.27843
2026-09-08T16:20:00+00:00,64.66,64.7373,64.62,64.71,156427.901251
2026-09-08T16:25:00+00:00,64.71,64.72,64.655,64.67,129759.32599499999
2026-09-08T16:30:00+00:00,64.6645,64.705,64.65,64.67,141899.58062300002
2026-09-08T16:35:00+00:00,64.67,64.68,64.63,64.65,172037.689631
2026-09-08T16:40:00+00:00,64.65,64.65,64.545,64.55,181621.095864
2026-09-08T16:45:00+00:00,64.54,64.57,64.5,64.535,139664.403353
2026-09-08T16:50:00+00:00,64.53,64.55,64.505,64.53,163727.46396599998
2026-09-08T16:55:00+00:00,64.535,64.5499,64.4,64.42,353537.114435
2026-09-08T17:00:00+00:00,64.425,64.605,64.42,64.5999,568599.873161
2026-09-08T17:05:00+00:00,64.6,64.605,64.39,64.4,842778.336137
2026-09-08T17:10:00+00:00,64.4,64.44,64.355,64.375,215702.22556599998
2026-09-08T17:15:00+00:00,64.375,64.4,64.335,64.335,176844.60778900003
2026-09-08T17:20:00+00:00,64.33,64.36,64.31,64.35,381172.607714
2026-09-08T17:25:00+00:00,64.35,64.44,64.345,64.4,228951.185215
2026-09-08T17:30:00+00:00,64.4,64.43,64.3601,64.42,106268.62087299999
2026-09-08T17:35:00+00:00,64.42,64.5,64.42,64.455,125039.44069700001
2026-09-08T17:40:00+00:00,64.46,64.55,64.46,64.535,192776.707802
2026-09-08T17:45:00+00:00,64.535,64.595,64.495,64.595,162359.899783
2026-09-08T17:50:00+00:00,64.595,64.62,64.56,64.605,266392.95034000004
2026-09-08T17:55:00+00:00,64.6077,64.67,64.5999,64.605,194384.923278
2026-09-08T18:00:00+00:00,64.605,64.63,64.59,64.595,146373.820862
2026-09-08T18:05:00+00:00,64.6,64.685,64.6,64.675,102891.98298799999
2026-09-08T18:10:00+00:00,64.675,64.705,64.655,64.6999,165121.155633
2026-09-08T18:15:00+00:00,64.7,64.7376,64.68,64.725,166455.745484
2026-09-08T18:20:00+00:00,64.725,64.78,64.69,64.775,202432.957849
2026-09-08T18:25:00+00:00,64.775,64.84,64.775,64.84,219894.634557
2026-09-08T18:30:00+00:00,64.83,64.89,64.83,64.88,205987.27738699998
2026-09-08T18:35:00+00:00,64.88,64.88,64.815,64.82,229314.766692
2026-09-08T18:40:00+00:00,64.825,64.825,64.755,64.755,169156.668665
2026-09-08T18:45:00+00:00,64.7599,64.805,64.73,64.805,159613.92396
2026-09-08T18:50:00+00:00,64.805,64.96,64.74,64.84,1067875.441235
2026-09-08T18:55:00+00:00,64.83,65.01,64.8,64.925,810326.864906
2026-09-08T19:00:00+00:00,64.925,64.96,64.885,64.91,176493.611278
2026-09-08T19:05:00+00:00,64.91,64.91,64.805,64.815,206617.917843
2026-09-08T19:10:00+00:00,64.815,64.89,64.815,64.88,200396.640813
2026-09-08T19:15:00+00:00,64.88,64.935,64.88,64.895,193433.41639499998
2026-09-08T19:20:00+00:00,64.895,64.92,64.875,64.91,149856.10931200002
2026-09-08T19:25:00+00:00,64.905,64.9499,64.88,64.895,168703.303376
2026-09-08T19:30:00+00:00,64.895,64.935,64.885,64.93,242945.47196800003
2026-09-08T19:35:00+00:00,64.93,64.98,64.9,64.915,402692.686765
2026-09-08T19:40:00+00:00,64.915,64.965,64.905,64.955,273201.944866
2026-09-08T19:45:00+00:00,64.95,64.99,64.945,64.955,357219.307393
2026-09-08T19:50:00+00:00,64.955,64.955,64.9,64.905,382412.580847
2026-09-08T19:55:00+00:00,64.91,64.93,64.825,64.835,1367503.513581
2026-09-08T20:00:00+00:00,64.83,64.92,64.76,64.77,1979293.8454769999
2026-09-08T20:05:00+00:00,64.78,64.82,64.77,64.8154,37737.070032
2026-09-08T20:10:00+00:00,64.78,64.8,64.69,64.77,24605.0
2026-09-08T20:15:00+00:00,64.77,64.8184,64.77,64.8184,2474.80942
2026-09-08T20:20:00+00:00,64.8093,64.8191,64.77,64.8154,5406.136977
2026-09-08T20:25:00+00:00,64.8,64.8,64.8,64.8,250.0
2026-09-08T20:30:00+00:00,64.8,64.8,64.8,64.8,512.0
2026-09-08T20:35:00+00:00,64.8,64.81,64.8,64.81,691.0
2026-09-08T20:40:00+00:00,64.84,64.86,64.84,64.86,23335.0
2026-09-08T20:45:00+00:00,64.86,64.86,64.85,64.85,1893.0
2026-09-08T20:50:00+00:00,64.86,64.86,64.8593,64.86,1041.0
2026-09-08T20:55:00+00:00,64.86,64.86,64.71,64.82,10666.0
2026-09-08T21:00:00+00:00,64.8033,64.82,64.7506,64.7506,137930.0
2026-09-08T21:10:00+00:00,64.83,64.83,64.83,64.83,199.0
2026-09-08T21:15:00+00:00,64.85,64.85,64.8376,64.8376,592.0
2026-09-08T21:20:00+00:00,64.85,64.85,64.81,64.8422,1566.0
2026-09-08T21:25:00+00:00,64.84,64.84,64.82,64.83,9814.0
2026-09-08T21:30:00+00:00,64.8499,64.85,64.84,64.84,3419.0
2026-09-08T21:35:00+00:00,64.85,64.9,64.85,64.9,897.0
2026-09-08T21:40:00+00:00,64.95,64.95,64.95,64.95,203.0
2026-09-08T21:45:00+00:00,64.8799,64.9,64.863,64.863,7843.0
2026-09-08T21:50:00+00:00,64.86,64.88,64.7849,64.7849,788.0
2026-09-08T21:55:00+00:00,64.9,64.9,64.9,64.9,1653.230372
2026-09-08T22:00:00+00:00,64.8115,64.9,64.77,64.77,526.0
2026-09-08T22:05:00+00:00,64.87,64.87,64.87,64.87,502.0
2026-09-08T22:10:00+00:00,64.87,64.9355,64.87,64.9355,241.0
2026-09-08T22:15:00+00:00,64.9,64.9,64.9,64.9,100.0
2026-09-08T22:20:00+00:00,64.93,64.93,64.93,64.93,315.0
2026-09-08T22:25:00+00:00,64.89,64.937,64.89,64.9229,1018.0
2026-09-08T22:35:00+00:00,64.92,64.92,64.92,64.92,250.0
2026-09-08T22:45:00+00:00,64.88,64.9054,64.88,64.9054,928.0
2026-09-08T22:50:00+00:00,64.91,64.91,64.88,64.8999,949.0
2026-09-08T22:55:00+00:00,64.91,64.93,64.91,64.93,756.0
2026-09-08T23:00:00+00:00,64.92,64.92,64.9199,64.9199,2609.0
2026-09-08T23:10:00+00:00,64.9,64.936,64.9,64.936,1120.0
2026-09-08T23:15:00+00:00,64.9396,64.94,64.89,64.89,1026.0
2026-09-08T23:20:00+00:00,64.94,64.94,64.93,64.94,3400.0
2026-09-08T23:25:00+00:00,64.94,64.94,64.94,64.94,300.0
2026-09-08T23:30:00+00:00,64.92,64.94,64.92,64.94,744.0
2026-09-08T23:35:00+00:00,64.9491,64.9491,64.92,64.92,713.773092
2026-09-08T23:40:00+00:00,64.91,64.91,64.91,64.91,366.0
2026-09-08T23:45:00+00:00,64.9452,64.95,64.9452,64.95,232.0
2026-09-08T23:50:00+00:00,64.94,64.9423,64.94,64.9423,200.0
2026-09-08T23:55:00+00:00,64.9485,64.9485,64.9,64.92,1032.0
2026-09-09T00:00:00+00:00,64.93,64.93,64.93,64.93,511.0
2026-09-09T08:05:00+00:00,64.95,65.01,64.73,64.94,11548.8795
2026-09-09T08:10:00+00:00,64.92,64.93,64.9,64.9,2589.08826
2026-09-09T08:15:00+00:00,64.9,64.965,64.85,64.86,3787.0
2026-09-09T08:20:00+00:00,64.86,64.87,64.83,64.86,9385.186968
2026-09-09T08:25:00+00:00,64.87,64.87,64.86,64.87,535.0
2026-09-09T08:30:00+00:00,64.86,65.03,64.85,64.915,1570.0
2026-09-09T08:35:00+00:00,64.94,64.96,64.94,64.96,852.0
2026-09-09T08:40:00+00:00,64.94,64.94,64.91,64.91,200.0
2026-09-09T08:45:00+00:00,64.94,64.95,64.87,64.87,1016.0
2026-09-09T08:50:00+00:00,64.91,64.91,64.88,64.91,509.0
2026-09-09T08:55:00+00:00,64.91,64.94,64.91,64.94,1105.543686
2026-09-09T09:00:00+00:00,64.98,64.98,64.98,64.98,100.0
2026-09-09T09:05:00+00:00,64.97,64.97,64.97,64.97,100.0
2026-09-09T09:10:00+00:00,65.0,65.04,65.0,65.04,4190.0
2026-09-09T09:20:00+00:00,65.01,65.04,65.0,65.04,706.0
2026-09-09T09:35:00+00:00,65.04,65.04,65.04,65.04,248.16067
2026-09-09T09:40:00+00:00,65.06,65.09,65.0,65.04,1620.756748
2026-09-09T09:45:00+00:00,65.11,65.12,65.1,65.11,1050.0
2026-09-09T09:55:00+00:00,65.14,65.14,65.14,65.14,492.0
2026-09-09T10:00:00+00:00,65.17,65.2,65.17,65.2,809.0
2026-09-09T10:05:00+00:00,65.2,65.2,65.1703,65.1703,373.0
2026-09-09T10:10:00+00:00,65.21,65.21,65.21,65.21,579.0
2026-09-09T10:15:00+00:00,65.21,65.21,65.17,65.17,250.0
2026-09-09T10:20:00+00:00,65.2,65.21,65.17,65.17,436.42
2026-09-09T10:25:00+00:00,65.17,65.17,65.16,65.16,901.15
2026-09-09T10:35:00+00:00,65.1886,65.1918,65.14,65.1918,2073.0
2026-09-09T10:40:00+00:00,65.1873,65.1873,65.1873,65.1873,1069.0
2026-09-09T10:45:00+00:00,65.18,65.19,65.18,65.19,1175.0
2026-09-09T10:50:00+00:00,65.17,65.1791,65.15,65.15,1768.0
2026-09-09T10:55:00+00:00,65.14,65.14,65.12,65.12,887.0
2026-09-09T11:00:00+00:00,65.1,65.1,65.08,65.08,1475.0
2026-09-09T11:05:00+00:00,65.17,65.1728,65.12,65.17,3054.774503
2026-09-09T11:10:00+00:00,65.16,65.17,65.15,65.17,1339.0
2026-09-09T11:15:00+00:00,65.16,65.1797,65.16,65.1797,3026.0
2026-09-09T11:20:00+00:00,65.19,65.2,65.19,65.2,1184.0
2026-09-09T11:25:00+00:00,65.24,65.25,65.225,65.225,1005.0
2026-09-09T11:30:00+00:00,65.24,65.28,65.24,65.2621,1353.0
2026-09-09T11:35:00+00:00,65.26,65.28,65.26,65.2683,1681.0
2026-09-09T11:40:00+00:00,65.27,65.27,65.27,65.27,443.3282
2026-09-09T11:45:00+00:00,65.26,65.3,65.25,65.3,1845.0
2026-09-09T11:50:00+00:00,65.29,65.29,65.14,65.22,10506.0
2026-09-09T11:55:00+00:00,65.19,65.19,65.18,65.19,625.0
2026-09-09T12:00:00+00:00,65.25,65.2614,65.25,65.2614,503.0
2026-09-09T12:05:00+00:00,65.27,65.29,65.27,65.2855,2218.0
2026-09-09T12:10:00+00:00,65.2754,65.28,65.2504,65.28,3422.0767100000003
2026-09-09T12:15:00+00:00,65.2899,65.3599,65.2899,65.34,2005.0
2026-09-09T12:20:00+00:00,65.31,65.35,65.3,65.35,6373.0
2026-09-09T12:25:00+00:00,65.36,65.36,65.3,65.36,17258.0
2026-09-09T12:30:00+00:00,65.34,65.45,65.34,65.45,23689.0
2026-09-09T12:35:00+00:00,65.45,65.45,65.44,65.44,5150.0
2026-09-09T12:40:00+00:00,65.43,65.46,65.41,65.46,17439.076623
2026-09-09T12:45:00+00:00,65.5,65.54,65.44,65.519,86511.0
2026-09-09T12:50:00+00:00,65.4639,65.4899,65.46,65.48,17390.0
2026-09-09T12:55:00+00:00,65.49,65.51,65.49,65.5,8022.020436
2026-09-09T13:00:00+00:00,65.5,65.529,65.47,65.4909,5096.580876
2026-09-09T13:05:00+00:00,65.5,65.55,65.4246,65.4662,24722.0
2026-09-09T13:10:00+00:00,65.49,65.5,65.44,65.47,26425.0
2026-09-09T13:15:00+00:00,65.48,65.5,65.48,65.49,6395.0
2026-09-09T13:20:00+00:00,65.55,65.55,65.47,65.5,8031.0
2026-09-09T13:25:00+00:00,65.49,65.56,65.49,65.5457,8889.476874
2026-09-09T13:30:00+00:00,65.55,65.6197,65.55,65.6,10953.0
2026-09-09T13:35:00+00:00,65.56,65.78,65.48,65.6,1591320.699463
2026-09-09T13:40:00+00:00,65.595,65.915,65.51,65.81,786457.373931
2026-09-09T13:45:00+00:00,65.81,65.87,65.68,65.85,899979.38347
2026-09-09T13:50:00+00:00,65.855,65.9,65.69,65.82,682505.711728
2026-09-09T13:55:00+00:00,65.815,65.82,65.67,65.698,323703.435527
2026-09-09T14:00:00+00:00,65.695,65.7,65.48,65.55,466666.45252299996
2026-09-09T14:05:00+00:00,65.555,65.57,65.42,65.49,622683.654289
2026-09-09T14:10:00+00:00,65.495,65.56,65.4022,65.42,655117.414602
2026-09-09T14:15:00+00:00,65.425,65.435,65.31,65.325,314962.145428
2026-09-09T14:20:00+00:00,65.32,65.32,65.21,65.305,461640.40124800004
2026-09-09T14:25:00+00:00,65.305,65.5,65.3,65.495,500767.27699299995
2026-09-09T14:30:00+00:00,65.495,65.505,65.28,65.3,449658.254717
2026-09-09T14:35:00+00:00,65.305,65.435,65.23,65.24,282306.305175
2026-09-09T14:40:00+00:00,65.235,65.3,65.145,65.275,344819.073003
2026-09-09T14:45:00+00:00,65.28,65.325,65.19,65.215,158261.59496000002
2026-09-09T14:50:00+00:00,65.215,65.295,65.195,65.23,268237.51621200005
2026-09-09T14:55:00+00:00,65.23,65.27,65.17,65.205,229539.697868
2026-09-09T15:00:00+00:00,65.21,65.235,65.155,65.18,225844.656816
2026-09-09T15:05:00+00:00,65.18,65.255,65.175,65.22,345146.028247
2026-09-09T15:10:00+00:00,65.225,65.23,65.04,65.09,383659.672993
2026-09-09T15:15:00+00:00,65.0801,65.18,65.01,65.17,207565.361887
2026-09-09T15:20:00+00:00,65.16,65.175,65.1126,65.16,256842.900925
2026-09-09T15:25:00+00:00,65.165,65.28,65.15,65.26,614936.567257
2026-09-09T15:30:00+00:00,65.255,65.37,65.245,65.35,296288.082994
2026-09-09T15:35:00+00:00,65.35,65.38,65.28,65.31,247380.992172
2026-09-09T15:40:00+00:00,65.31,65.315,65.24,65.24,302335.721618
2026-09-09T15:45:00+00:00,65.24,65.345,65.205,65.215,346501.56099900004
2026-09-09T15:50:00+00:00,65.215,65.27,65.21,65.255,155718.70011099998
2026-09-09T15:55:00+00:00,65.2524,65.2697,65.18,65.235,205466.865314
2026-09-09T16:00:00+00:00,65.235,65.24,65.2,65.23,247013.250379
2026-09-09T16:05:00+00:00,65.235,65.24,65.2,65.22,125314.61387999999
2026-09-09T16:10:00+00:00,65.22,65.245,65.165,65.24,249434.488762
2026-09-09T16:15:00+00:00,65.23,65.26,65.195,65.25,92398.805831
2026-09-09T16:20:00+00:00,65.25,65.265,65.225,65.25,106112.930005
2026-09-09T16:25:00+00:00,65.255,65.28,65.235,65.255,156528.988606
2026-09-09T16:30:00+00:00,65.255,65.32,65.24,65.28,136751.357194
2026-09-09T16:35:00+00:00,65.27,65.305,65.26,65.26,101748.17506599998
2026-09-09T16:40:00+00:00,65.26,65.27,65.15,65.15,309411.151341
2026-09-09T16:45:00+00:00,65.155,65.155,65.08,65.1,291573.666209
2026-09-09T16:50:00+00:00,65.105,65.145,65.1,65.125,200383.297766
2026-09-09T16:55:00+00:00,65.13,65.195,65.125,65.15,198923.42446500002
2026-09-09T17:00:00+00:00,65.14,65.165,65.125,65.15,141877.323672
2026-09-09T17:05:00+00:00,65.15,65.162,65.09,65.11,316891.230263
2026-09-09T17:10:00+00:00,65.105,65.22,65.09,65.195,621827.47343
2026-09-09T17:15:00+00:00,65.19,65.245,65.185,65.24,104435.180347
2026-09-09T17:20:00+00:00,65.24,65.31,65.24,65.31,75510.386049
2026-09-09T17:25:00+00:00,65.315,65.34,65.3,65.31,263067.804483
2026-09-09T17:30:00+00:00,65.315,65.34,65.305,65.335,89764.08270000001
2026-09-09T17:35:00+00:00,65.34,65.355,65.29,65.34,212414.63446700003
2026-09-09T17:40:00+00:00,65.335,65.41,65.325,65.385,148080.399388
2026-09-09T17:45:00+00:00,65.385,65.435,65.375,65.405,94007.91050900001
2026-09-09T17:50:00+00:00,65.405,65.405,65.355,65.385,143043.97360400003
2026-09-09T17:55:00+00:00,65.38,65.385,65.35,65.36,81317.399094
2026-09-09T18:00:00+00:00,65.36,65.395,65.35,65.36,62951.994422
2026-09-09T18:05:00+00:00,65.36,65.39,65.335,65.385,108097.98238200002
2026-09-09T18:10:00+00:00,65.385,65.43,65.36,65.375,175622.004801
2026-09-09T18:15:00+00:00,65.375,65.4,65.36,65.385,101536.89762999999
2026-09-09T18:20:00+00:00,65.385,65.405,65.35,65.385,143568.650349
2026-09-09T18:25:00+00:00,65.385,65.385,65.32,65.355,142798.161016
2026-09-09T18:30:00+00:00,65.355,65.39,65.325,65.37,202669.301269
2026-09-09T18:35:00+00:00,65.37,65.375,65.325,65.33,220301.232109
2026-09-09T18:40:00+00:00,65.335,65.365,65.315,65.355,119946.83205699999
2026-09-09T18:45:00+00:00,65.35,65.36,65.315,65.35,81881.359212
2026-09-09T18:50:00+00:00,65.345,65.4,65.345,65.4,104705.61340100001
2026-09-09T18:55:00+00:00,65.405,65.41,65.38,65.405,94300.70779199999
2026-09-09T19:00:00+00:00,65.405,65.48,65.4,65.46,176865.53707899997
2026-09-09T19:05:00+00:00,65.465,65.52,65.46,65.49,165689.05912800002
2026-09-09T19:10:00+00:00,65.495,65.555,65.48,65.545,270154.77477599995
2026-09-09T19:15:00+00:00,65.545,65.56,65.525,65.555,155310.856551
2026-09-09T19:20:00+00:00,65.56,65.575,65.535,65.54,149791.5859
2026-09-09T19:25:00+00:00,65.535,65.535,65.465,65.47,162478.62675
2026-09-09T19:30:00+00:00,65.47,65.495,65.445,65.475,131268.96296099998
2026-09-09T19:35:00+00:00,65.475,65.48,65.385,65.42,279411.288836
2026-09-09T19:40:00+00:00,65.415,65.435,65.375,65.39,161781.346359
2026-09-09T19:45:00+00:00,65.39,65.395,65.34,65.365,201454.239563
2026-09-09T19:50:00+00:00,65.365,65.42,65.325,65.4,309626.20246500004
2026-09-09T19:55:00+00:00,65.4,65.415,65.3,65.325,711891.022594
2026-09-09T20:00:00+00:00,65.325,65.395,65.295,65.31,2363131.3907439997
2026-09-09T20:05:00+00:00,65.31,65.35,65.31,65.35,20057.41532
2026-09-09T20:10:00+00:00,65.39,65.39,65.37,65.3849,637.227295
2026-09-09T20:15:00+00:00,65.35,65.35,65.32,65.32,4092.59492
2026-09-09T20:25:00+00:00,65.31,65.32,65.31,65.32,1277.3799119999999
2026-09-09T20:30:00+00:00,65.28,65.29,65.27,65.29,2403.0
2026-09-09T20:35:00+00:00,65.3,65.31,65.25,65.25,12295.0
2026-09-09T20:40:00+00:00,65.27,65.3,65.2516,65.27,9253.846106
2026-09-09T20:45:00+00:00,65.27,65.27,65.27,65.27,4870.0
2026-09-09T20:50:00+00:00,65.27,65.29,65.2204,65.25,12856.0
2026-09-09T20:55:00+00:00,65.25,65.25,65.2001,65.22,31991.0
2026-09-09T21:00:00+00:00,65.22,65.23,65.21,65.22,13581.0
2026-09-09T21:05:00+00:00,65.25,65.25,65.25,65.25,218.0
2026-09-09T21:10:00+00:00,65.27,65.27,65.27,65.27,1028.0
2026-09-09T21:15:00+00:00,65.25,65.29,65.25,65.29,573.0
2026-09-09T21:20:00+00:00,65.28,65.28,65.28,65.28,208.0
2026-09-09T21:25:00+00:00,65.2564,65.3,65.2564,65.2618,821.0
2026-09-09T21:30:00+00:00,65.24,65.31,65.24,65.31,642.0
2026-09-09T21:40:00+00:00,65.32,65.35,65.3195,65.35,902.0
2026-09-09T21:55:00+00:00,65.3852,65.3852,65.3852,65.3852,160.0
2026-09-09T22:00:00+00:00,65.36,65.36,65.35,65.35,765.0
2026-09-09T22:05:00+00:00,65.3792,65.3792,65.3792,65.3792,1000.0
2026-09-09T22:10:00+00:00,65.39,65.39,65.39,65.39,2878.0
2026-09-09T22:20:00+00:00,65.38,65.38,65.38,65.38,200.0
2026-09-09T22:25:00+00:00,65.38,65.38,65.38,65.38,100.0
2026-09-09T22:30:00+00:00,65.39,65.39,65.39,65.39,563.0
2026-09-09T22:40:00+00:00,65.3901,65.3901,65.3901,65.3901,110.0
2026-09-09T22:45:00+00:00,65.39,65.39,65.39,65.39,210.0
2026-09-09T22:55:00+00:00,65.41,65.41,65.41,65.41,994.0
2026-09-09T23:10:00+00:00,65.35,65.35,65.35,65.35,280.0
2026-09-09T23:25:00+00:00,65.47,65.49,65.47,65.49,3015.0
2026-09-09T23:30:00+00:00,65.49,65.5,65.49,65.49,1592.0
2026-09-09T23:35:00+00:00,65.5095,65.5095,65.5095,65.5095,450.033333
2026-09-09T23:40:00+00:00,65.49,65.49,65.49,65.49,383.0
2026-09-09T23:45:00+00:00,65.51,65.51,65.51,65.51,100.0
2026-09-09T23:50:00+00:00,65.51,65.51,65.51,65.51,300.0
2026-09-10T00:00:00+00:00,65.5065,65.5065,65.49,65.5,815.0
2026-09-10T08:05:00+00:00,65.22,65.55,65.21,65.54,22718.917054
2026-09-10T08:10:00+00:00,65.38,65.59,65.38,65.58,5440.0
2026-09-10T08:15:00+00:00,65.58,65.6,65.58,65.59,1883.054115
2026-09-10T08:20:00+00:00,65.61,65.63,65.55,65.55,1538.0
2026-09-10T08:40:00+00:00,65.62,65.63,65.56,65.61,4681.0
2026-09-10T08:45:00+00:00,65.57,65.57,65.57,65.57,457.0
2026-09-10T08:50:00+00:00,65.62,65.62,65.62,65.62,156.0
2026-09-10T09:00:00+00:00,65.64,65.67,65.64,65.65,2360.0
2026-09-10T09:05:00+00:00,65.6375,65.6375,65.6375,65.6375,200.0
2026-09-10T09:10:00+00:00,65.65,65.66,65.65,65.66,617.0
2026-09-10T09:15:00+00:00,65.65,65.65,65.65,65.65,210.0
2026-09-10T09:20:00+00:00,65.68,65.68,65.68,65.68,230.0
2026-09-10T09:25:00+00:00,65.7,65.7,65.7,65.7,439.0
2026-09-10T09:30:00+00:00,65.75,65.7826,65.75,65.75,654.408205
2026-09-10T09:35:00+00:00,65.76,65.77,65.76,65.76,1719.0
2026-09-10T09:40:00+00:00,65.74,65.78,65.73,65.78,1158.0
2026-09-10T09:45:00+00:00,65.78,65.78,65.75,65.75,387.0
2026-09-10T09:50:00+00:00,65.79,65.79,65.69,65.69,816.0
2026-09-10T09:55:00+00:00,65.76,65.76,65.76,65.76,913.0
2026-09-10T10:00:00+00:00,65.72,65.8,65.72,65.8,996.075741
2026-09-10T10:10:00+00:00,65.7767,65.7767,65.7767,65.7767,100.0
2026-09-10T10:15:00+00:00,65.74,65.74,65.74,65.74,400.0
2026-09-10T10:20:00+00:00,65.73,65.73,65.69,65.69,544.0
2026-09-10T10:25:00+00:00,65.69,65.69,65.65,65.69,2956.0
2026-09-10T10:30:00+00:00,65.69,65.7,65.69,65.7,2993.0
2026-09-10T10:35:00+00:00,65.7,65.7,65.64,65.64,1013.503964
2026-09-10T10:40:00+00:00,65.63,65.63,65.62,65.62,1352.426034
2026-09-10T10:55:00+00:00,65.56,65.56,65.56,65.56,200.0
2026-09-10T11:00:00+00:00,65.56,65.56,65.56,65.56,2289.0
2026-09-10T11:05:00+00:00,65.64,65.6861,65.64,65.68,3864.5860000000002
2026-09-10T11:10:00+00:00,65.68,65.68,65.68,65.68,400.0
2026-09-10T11:15:00+00:00,65.72,65.75,65.72,65.725,1632.0
2026-09-10T11:20:00+00:00,65.76,65.76,65.641,65.7506,9254.0
2026-09-10T11:25:00+00:00,65.725,65.725,65.631,65.635,5414.0
2026-09-10T11:30:00+00:00,65.7394,65.7394,65.6001,65.7,1276.0
2026-09-10T11:35:00+00:00,65.7,65.76,65.69,65.69,2738.0
2026-09-10T11:40:00+00:00,65.731,65.731,65.73,65.73,608.7682
2026-09-10T11:45:00+00:00,65.72,65.76,65.72,65.76,3840.0
2026-09-10T11:50:00+00:00,65.74,65.75,65.71,65.71,5172.0
2026-09-10T11:55:00+00:00,65.71,65.7239,65.71,65.7239,1086.0
2026-09-10T12:00:00+00:00,65.8,65.85,65.75,65.85,12043.1225
2026-09-10T12:05:00+00:00,65.85,65.93,65.85,65.93,15403.0
2026-09-10T12:10:00+00:00,65.93,65.97,65.87,65.95,20642.838523
2026-09-10T12:15:00+00:00,65.9783,66.01,65.95,65.99,8142.0
2026-09-10T12:20:00+00:00,65.99,66.0592,65.9503,65.9503,9191.003427
2026-09-10T12:25:00+00:00,65.99,66.09,65.99,66.09,19573.09691
2026-09-10T12:30:00+00:00,66.078,66.2,66.0614,66.12,6117.0609
2026-09-10T12:35:00+00:00,66.1296,66.29,66.075,66.25,17973.464
2026-09-10T12:40:00+00:00,66.27,66.38,66.1948,66.38,35140.012707
2026-09-10T12:45:00+00:00,66.3,66.38,66.23,66.287,20796.377217
2026-09-10T12:50:00+00:00,66.3376,66.41,66.26,66.26,34641.0
2026-09-10T12:55:00+00:00,66.23,66.3209,66.16,66.1803,26569.0
2026-09-10T13:00:00+00:00,66.3,66.35,66.18,66.26,16216.734479
2026-09-10T13:05:00+00:00,66.26,66.2915,66.2,66.2126,28058.895308
2026-09-10T13:10:00+00:00,66.24,66.33,66.22,66.32,9852.987627999999
2026-09-10T13:15:00+00:00,66.3117,66.32,66.26,66.32,11443.0
2026-09-10T13:20:00+00:00,66.2862,66.32,66.27,66.32,14822.0
2026-09-10T13:25:00+00:00,66.3162,66.37,66.28,66.29,27934.872413
2026-09-10T13:30:00+00:00,66.27,66.37,66.11,66.13,33378.0
2026-09-10T13:35:00+00:00,66.14,66.17,65.44,65.6,1897411.1121209997
2026-09-10T13:40:00+00:00,65.605,65.67,65.25,65.34,1205370.868327
2026-09-10T13:45:00+00:00,65.33,65.52,65.095,65.105,1380164.828589
2026-09-10T13:50:00+00:00,65.105,65.2,64.955,64.955,1126479.4576949999
2026-09-10T13:55:00+00:00,64.96,65.06,64.84,65.055,581195.142824
2026-09-10T14:00:00+00:00,65.055,65.09,64.825,64.885,1347251.5183370002
2026-09-10T14:05:00+00:00,64.88,64.94,64.8,64.895,613697.917085
2026-09-10T14:10:00+00:00,64.895,64.94,64.67,64.73,351373.770908
2026-09-10T14:15:00+00:00,64.735,64.7699,64.59,64.615,577161.845817
2026-09-10T14:20:00+00:00,64.61,64.71,64.52,64.545,604618.615501
2026-09-10T14:25:00+00:00,64.55,64.71,64.5,64.58,991257.267833
2026-09-10T14:30:00+00:00,64.585,64.598,64.34,64.595,1037539.947382
2026-09-10T14:35:00+00:00,64.5968,64.68,64.495,64.655,859808.070225
2026-09-10T14:40:00+00:00,64.655,64.67,64.55,64.565,590034.879234
2026-09-10T14:45:00+00:00,64.565,64.69,64.455,64.65,523761.56177000003
2026-09-10T14:50:00+00:00,64.655,64.7799,64.65,64.67,497684.884127
2026-09-10T14:55:00+00:00,64.67,64.72,64.649,64.685,340569.885899
2026-09-10T15:00:00+00:00,64.685,64.785,64.67,64.785,209947.623569
2026-09-10T15:05:00+00:00,64.785,64.835,64.7,64.71,360823.6024
2026-09-10T15:10:00+00:00,64.7,64.805,64.69,64.795,197888.27718799998
2026-09-10T15:15:00+00:00,64.795,64.825,64.71,64.755,224401.432466
2026-09-10T15:20:00+00:00,64.7557,64.82,64.745,64.82,275885.27600199997
2026-09-10T15:25:00+00:00,64.82,64.895,64.815,64.895,243904.63872500003
2026-09-10T15:30:00+00:00,64.9,64.95,64.89,64.905,286552.27708800003
2026-09-10T15:35:00+00:00,64.905,65.015,64.9001,65.01,344651.79157
2026-09-10T15:40:00+00:00,65.005,65.025,64.95,65.005,201493.408691
2026-09-10T15:45:00+00:00,65.005,65.025,64.945,64.995,267566.476216
2026-09-10T15:50:00+00:00,64.995,65.055,64.99,65.055,617401.871234
2026-09-10T15:55:00+00:00,65.06,65.21,65.06,65.2,436513.147492
2026-09-10T16:00:00+00:00,65.2,65.215,65.14,65.2,319957.835817
2026-09-10T16:05:00+00:00,65.205,65.2199,65.1,65.115,503503.72413
2026-09-10T16:10:00+00:00,65.115,65.125,65.02,65.02,359512.167395
2026-09-10T16:15:00+00:00,65.01,65.155,65.01,65.145,248953.718108
2026-09-10T16:20:00+00:00,65.15,65.175,65.12,65.165,392565.839016
2026-09-10T16:25:00+00:00,65.165,65.215,65.12,65.14,108875.629717
2026-09-10T16:30:00+00:00,65.15,65.19,65.115,65.13,453019.58997699997
2026-09-10T16:35:00+00:00,65.13,65.205,65.02,65.08,832333.5604999999
2026-09-10T16:40:00+00:00,65.08,65.1201,65.03,65.085,400859.60883800004
2026-09-10T16:45:00+00:00,65.09,65.16,65.07,65.12,199042.860415
2026-09-10T16:50:00+00:00,65.12,65.14,65.06,65.13,226399.046439
2026-09-10T16:55:00+00:00,65.13,65.17,65.125,65.16,149392.2707
2026-09-10T17:00:00+00:00,65.15,65.15,65.08,65.13,127546.82773799999
2026-09-10T17:05:00+00:00,65.12,65.175,65.115,65.14,163709.710394
2026-09-10T17:10:00+00:00,65.14,65.2,65.13,65.1901,192516.381052
2026-09-10T17:15:00+00:00,65.1901,65.23,65.175,65.195,159377.62969600002
2026-09-10T17:20:00+00:00,65.19,65.245,65.185,65.245,189516.867177
2026-09-10T17:25:00+00:00,65.245,65.245,65.16,65.19,178591.26429500003
2026-09-10T17:30:00+00:00,65.185,65.235,65.18,65.19,71273.490265
2026-09-10T17:35:00+00:00,65.195,65.245,65.18,65.235,249496.52797799997
2026-09-10T17:40:00+00:00,65.235,65.26,65.175,65.2176,158828.89304
2026-09-10T17:45:00+00:00,65.2199,65.22,65.13,65.15,317581.707986
2026-09-10T17:50:00+00:00,65.155,65.178,65.13,65.13,118375.852436
2026-09-10T17:55:00+00:00,65.135,65.145,65.09,65.0973,134165.49709100003
2026-09-10T18:00:00+00:00,65.095,65.125,65.085,65.115,92252.412899
2026-09-10T18:05:00+00:00,65.12,65.15,65.08,65.095,188372.883149
2026-09-10T18:10:00+00:00,65.1,65.22,65.09,65.195,185011.652366
2026-09-10T18:15:00+00:00,65.19,65.23,65.155,65.22,92119.919503
2026-09-10T18:20:00+00:00,65.22,65.26,65.2107,65.2352,173178.368637
2026-09-10T18:25:00+00:00,65.2375,65.2375,65.11,65.1175,162633.539503
2026-09-10T18:30:00+00:00,65.11,65.205,65.105,65.19,192505.1255
2026-09-10T18:35:00+00:00,65.185,65.1897,65.075,65.105,237206.84483100002
2026-09-10T18:40:00+00:00,65.105,65.145,65.075,65.14,160400.704258
2026-09-10T18:45:00+00:00,65.135,65.15,65.11,65.125,143961.35308499998
2026-09-10T18:50:00+00:00,65.125,65.125,65.05,65.055,280607.557053
2026-09-10T18:55:00+00:00,65.055,65.065,64.96,65.035,615440.1012230001
2026-09-10T19:00:00+00:00,65.04,65.115,65.03,65.115,118939.366713
2026-09-10T19:05:00+00:00,65.115,65.205,65.115,65.2001,1073448.575854
2026-09-10T19:10:00+00:00,65.205,65.245,65.185,65.19,396436.027405
2026-09-10T19:15:00+00:00,65.195,65.2,65.1201,65.125,143469.936162
2026-09-10T19:20:00+00:00,65.13,65.165,65.125,65.135,139131.616177
2026-09-10T19:25:00+00:00,65.135,65.17,65.115,65.135,110377.713777
2026-09-10T19:30:00+00:00,65.13,65.13,65.02,65.025,274779.133058
2026-09-10T19:35:00+00:00,65.025,65.075,64.985,65.015,345264.82161
2026-09-10T19:40:00+00:00,65.015,65.085,65.01,65.025,327348.5284020001
2026-09-10T19:45:00+00:00,65.03,65.08,65.01,65.0797,258110.11308800004
2026-09-10T19:50:00+00:00,65.075,65.12,65.03,65.115,422025.348514
2026-09-10T19:55:00+00:00,65.11,65.115,65.01,65.045,801925.532286
2026-09-10T20:00:00+00:00,65.05,65.05,64.915,64.93,1719450.069834
2026-09-10T20:05:00+00:00,64.93,65.0,64.83,64.83,229202.527113
2026-09-10T20:10:00+00:00,64.78,64.86,64.78,64.8,112443.319132
2026-09-10T20:15:00+00:00,64.81,64.86,64.81,64.86,7018.8285909999995
2026-09-10T20:20:00+00:00,64.84,64.84,64.83,64.83,1069.0
2026-09-10T20:25:00+00:00,64.84,64.8499,64.82,64.8201,1919.402258
2026-09-10T20:30:00+00:00,64.82,64.82,64.77,64.78,99220.0
2026-09-10T20:35:00+00:00,64.76,64.87,64.76,64.83,49154.0
2026-09-10T20:40:00+00:00,64.9061,64.9061,64.76,64.8697,13947.0
2026-09-10T20:45:00+00:00,64.82,64.82,64.8,64.8,864.0
2026-09-10T20:50:00+00:00,64.8,64.85,64.8,64.8,11198.0
2026-09-10T20:55:00+00:00,64.8,64.87,64.8,64.86,6983.0
2026-09-10T21:00:00+00:00,64.88,64.88,64.84,64.86,5610.0
2026-09-10T21:05:00+00:00,64.8462,64.8484,64.8438,64.8438,1435.0
2026-09-10T21:10:00+00:00,64.85,64.85,64.84,64.84,781.0
2026-09-10T21:15:00+00:00,64.8066,64.88,64.8066,64.88,301.0
2026-09-10T21:20:00+00:00,64.82,64.84,64.82,64.84,679.0
2026-09-10T21:25:00+00:00,64.815,64.8299,64.81,64.81,6359.090642
2026-09-10T21:30:00+00:00,64.82,64.83,64.8,64.815,3795.0
2026-09-10T21:35:00+00:00,64.8254,64.83,64.8254,64.83,600.0
2026-09-10T21:40:00+00:00,64.81,64.83,64.81,64.83,615.0
2026-09-10T21:45:00+00:00,64.8244,64.89,64.81,64.85,4674.0
2026-09-10T21:50:00+00:00,64.83,64.84,64.83,64.83,1253.0
2026-09-10T21:55:00+00:00,64.82,64.85,64.82,64.85,1004.0
2026-09-10T22:05:00+00:00,64.81,64.83,64.8,64.83,2675.015419
2026-09-10T22:15:00+00:00,64.89,64.89,64.89,64.89,502.0
2026-09-10T22:20:00+00:00,64.9615,64.9634,64.881,64.881,656.0
2026-09-10T22:25:00+00:00,64.9657,64.99,64.87,64.9699,3449.0
2026-09-10T22:30:00+00:00,64.871,64.9414,64.86,64.9414,2904.0
2026-09-10T22:35:00+00:00,64.96,64.96,64.96,64.96,100.0
2026-09-10T22:40:00+00:00,64.8634,64.88,64.8634,64.87,3318.0
2026-09-10T22:45:00+00:00,64.8886,64.89,64.8847,64.89,11482.0
2026-09-10T22:55:00+00:00,64.92,64.96,64.92,64.96,3000.0
2026-09-10T23:00:00+00:00,64.9,64.9,64.9,64.9,200.0
2026-09-10T23:15:00+00:00,64.973,64.973,64.8927,64.8927,564.0
2026-09-10T23:25:00+00:00,64.9254,64.9254,64.9,64.9,11049.0
2026-09-10T23:30:00+00:00,64.9628,64.99,64.9628,64.99,250.0
2026-09-10T23:35:00+00:00,64.9038,64.9038,64.9038,64.9038,100.0
2026-09-10T23:40:00+00:00,64.95,64.95,64.95,64.95,600.0
2026-09-10T23:45:00+00:00,64.9789,64.9789,64.9,64.91,1275.0
2026-09-10T23:55:00+00:00,64.97,64.97,64.97,64.97,1010.0
2026-09-11T00:00:00+00:00,64.95,64.98,64.94,64.94,715.0
2026-09-11T08:05:00+00:00,64.63,65.17,64.55,64.71,35041.471873
2026-09-11T08:10:00+00:00,64.7,65.28,64.7,64.78,3329.0
2026-09-11T08:15:00+00:00,64.81,64.81,64.81,64.81,372.0
2026-09-11T08:20:00+00:00,64.69,64.72,64.66,64.69,1962.0
2026-09-11T08:25:00+00:00,64.8,64.8,64.71,64.71,700.0
2026-09-11T08:30:00+00:00,64.74,64.8236,64.69,64.7,10022.046434
2026-09-11T08:35:00+00:00,64.65,64.65,64.57,64.57,9238.0
2026-09-11T08:40:00+00:00,64.57,64.61,64.57,64.6,4642.0
2026-09-11T08:45:00+00:00,64.57,64.57,64.57,64.57,2600.0
2026-09-11T08:50:00+00:00,64.56,64.59,64.56,64.59,463.0
2026-09-11T08:55:00+00:00,64.59,64.64,64.58,64.64,2450.0
2026-09-11T09:00:00+00:00,64.58,64.59,64.57,64.57,300.0
2026-09-11T09:35:00+00:00,64.63,64.63,64.6,64.6,558.0
2026-09-11T09:45:00+00:00,64.59,64.6,64.555,64.6,3859.0
2026-09-11T10:05:00+00:00,64.65,64.7,64.57,64.67,5576.0
2026-09-11T10:10:00+00:00,64.57,64.57,64.57,64.57,514.0
2026-09-11T10:30:00+00:00,64.57,64.58,64.57,64.57,675.0
2026-09-11T10:35:00+00:00,64.54,64.54,64.51,64.51,1000.0
2026-09-11T10:40:00+00:00,64.5012,64.5012,64.5012,64.5012,2000.0
2026-09-11T10:45:00+00:00,64.5,64.5,64.47,64.47,8665.164086
2026-09-11T10:50:00+00:00,64.4823,64.4823,64.47,64.474,1900.0
2026-09-11T11:00:00+00:00,64.56,64.56,64.56,64.56,500.0
2026-09-11T11:05:00+00:00,64.57,64.6,64.5,64.5737,5039.887699
2026-09-11T11:10:00+00:00,64.505,64.5788,64.49,64.53,5227.0
2026-09-11T11:15:00+00:00,64.51,64.54,64.4806,64.4842,1857.0
2026-09-11T11:20:00+00:00,64.54,64.54,64.46,64.52,2529.0
2026-09-11T11:25:00+00:00,64.52,64.56,64.52,64.55,2215.0
2026-09-11T11:30:00+00:00,64.52,64.52,64.5119,64.5119,1783.0
2026-09-11T11:35:00+00:00,64.52,64.65,64.51,64.6497,10194.0
2026-09-11T11:45:00+00:00,64.6,64.6,64.51,64.51,17921.0
2026-09-11T11:50:00+00:00,64.49,64.49,64.41,64.42,13478.0
2026-09-11T11:55:00+00:00,64.41,64.51,64.41,64.4255,17561.0
2026-09-11T12:00:00+00:00,64.4204,64.4204,64.41,64.41,2559.0
2026-09-11T12:05:00+00:00,64.41,64.4896,64.41,64.48,3258.0
2026-09-11T12:10:00+00:00,64.48,64.49,64.48,64.49,785.0
2026-09-11T12:15:00+00:00,64.4118,64.44,64.407,64.44,1218.0
2026-09-11T12:20:00+00:00,64.45,64.45,64.45,64.45,108.0
2026-09-11T12:25:00+00:00,64.46,64.46,64.46,64.46,425.0
2026-09-11T12:30:00+00:00,64.48,64.54,64.47,64.54,3427.0
2026-09-11T12:35:00+00:00,64.4357,64.53,64.4357,64.53,4922.0
2026-09-11T12:40:00+00:00,64.5,64.5,64.4032,64.418,1949.0
2026-09-11T12:45:00+00:00,64.4861,64.5,64.4405,64.4405,3089.0
2026-09-11T12:50:00+00:00,64.44,64.51,64.44,64.5,3031.0
2026-09-11T12:55:00+00:00,64.45,64.5,64.45,64.5,4346.04155
2026-09-11T13:00:00+00:00,64.47,64.55,64.47,64.55,2272.926842
2026-09-11T13:05:00+00:00,64.47,64.545,64.4,64.4,50497.5
2026-09-11T13:10:00+00:00,64.3925,64.49,64.36,64.48,10631.125458
2026-09-11T13:15:00+00:00,64.4512,64.49,64.42,64.475,3461.0
2026-09-11T13:20:00+00:00,64.49,64.5,64.4308,64.46,5454.0
2026-09-11T13:25:00+00:00,64.4876,64.53,64.45,64.53,4160.0
2026-09-11T13:30:00+00:00,64.53,64.88,64.53,64.88,36862.015511
2026-09-11T13:35:00+00:00,64.89,65.27,64.84,65.045,1930889.0123559998
2026-09-11T13:40:00+00:00,65.05,65.1,64.85,65.015,1106261.5007560002
2026-09-11T13:45:00+00:00,65.02,65.16,64.975,65.09,705599.5027069999
2026-09-11T13:50:00+00:00,65.08,65.2385,65.08,65.19,483973.44630999997
2026-09-11T13:55:00+00:00,65.19,65.54,65.19,65.52,383756.946426
2026-09-11T14:00:00+00:00,65.53,65.605,65.445,65.58,337713.916502
2026-09-11T14:05:00+00:00,65.58,65.725,65.575,65.6793,663152.7872899999
2026-09-11T14:10:00+00:00,65.68,65.69,65.445,65.46,407545.837918
2026-09-11T14:15:00+00:00,65.46,65.48,65.33,65.405,678578.404519
2026-09-11T14:20:00+00:00,65.41,65.43,65.175,65.2,841947.194303
2026-09-11T14:25:00+00:00,65.2,65.28,65.135,65.28,746671.3178360001
2026-09-11T14:30:00+00:00,65.27,65.275,65.205,65.24,271911.93409399997
2026-09-11T14:35:00+00:00,65.24,65.26,65.145,65.145,528383.989977
2026-09-11T14:40:00+00:00,65.14,65.21,65.02,65.06,546506.3996560001
2026-09-11T14:45:00+00:00,65.06,65.08,64.89,64.895,309756.854415
2026-09-11T14:50:00+00:00,64.89,64.9899,64.71,64.72,686900.733398
2026-09-11T14:55:00+00:00,64.72,64.955,64.71,64.915,611459.039535
2026-09-11T15:00:00+00:00,64.92,64.98,64.795,64.975,513351.76214899996
2026-09-11T15:05:00+00:00,64.975,65.03,64.92,64.975,385749.79190699995
2026-09-11T15:10:00+00:00,64.97,64.9762,64.84,64.88,615548.288902
2026-09-11T15:15:00+00:00,64.88,64.89,64.745,64.85,376708.729392
2026-09-11T15:20:00+00:00,64.845,64.925,64.84,64.91,176650.68075099998
2026-09-11T15:25:00+00:00,64.91,65.13,64.91,65.09,222437.455271
2026-09-11T15:30:00+00:00,65.09,65.1,64.99,65.05,271804.97763
2026-09-11T15:35:00+00:00,65.055,65.055,64.985,65.0,181880.856622
2026-09-11T15:40:00+00:00,65.005,65.15,64.965,65.12,231555.301537
2026-09-11T15:45:00+00:00,65.125,65.185,65.1,65.185,140505.4451
2026-09-11T15:50:00+00:00,65.19,65.205,65.155,65.18,113723.755213
2026-09-11T15:55:00+00:00,65.19,65.225,65.165,65.21,177315.911942
2026-09-11T16:00:00+00:00,65.21,65.26,65.2,65.255,135831.102094
2026-09-11T16:05:00+00:00,65.255,65.26,65.205,65.215,137329.469671
2026-09-11T16:10:00+00:00,65.215,65.215,65.115,65.125,180169.666671
2026-09-11T16:15:00+00:00,65.1299,65.17,65.12,65.15,213981.93747799998
2026-09-11T16:20:00+00:00,65.15,65.165,65.1,65.135,151796.106904
2026-09-11T16:25:00+00:00,65.135,65.255,65.135,65.255,83765.921603
2026-09-11T16:30:00+00:00,65.26,65.34,65.255,65.31,288116.946079
2026-09-11T16:35:00+00:00,65.32,65.34,65.22,65.26,257265.919357
2026-09-11T16:40:00+00:00,65.26,65.26,65.185,65.22,85439.10466800001
2026-09-11T16:45:00+00:00,65.21,65.21,65.02,65.13,521909.657946
2026-09-11T16:50:00+00:00,65.135,65.16,65.045,65.09,133033.253717
2026-09-11T16:55:00+00:00,65.09,65.15,65.08,65.15,162510.717926
2026-09-11T17:00:00+00:00,65.155,65.165,65.11,65.15,93647.924429
2026-09-11T17:05:00+00:00,65.145,65.16,65.09,65.12,173041.118726
2026-09-11T17:10:00+00:00,65.12,65.14,65.085,65.085,134741.169631
2026-09-11T17:15:00+00:00,65.09,65.097,64.955,65.025,283640.398607
2026-09-11T17:20:00+00:00,65.03,65.13,65.03,65.125,300166.951262
2026-09-11T17:25:00+00:00,65.13,65.17,65.105,65.12,116514.54097099998
2026-09-11T17:30:00+00:00,65.115,65.14,65.04,65.12,2330922.406127
2026-09-11T17:35:00+00:00,65.115,65.16,65.0942,65.12,357600.11492100003
2026-09-11T17:40:00+00:00,65.115,65.16,65.1,65.16,210063.39474000002
2026-09-11T17:45:00+00:00,65.16,65.2,65.15,65.18,211199.444441
2026-09-11T17:50:00+00:00,65.18,65.185,65.13,65.13,202125.64612
2026-09-11T17:55:00+00:00,65.13,65.135,65.02,65.02,234512.19677799998
2026-09-11T18:00:00+00:00,65.025,65.04,64.97,64.99,267542.12248
2026-09-11T18:05:00+00:00,64.98,65.04,64.93,65.03,134633.329057
2026-09-11T18:10:00+00:00,65.025,65.11,65.025,65.05,170305.499876
2026-09-11T18:15:00+00:00,65.05,65.075,65.015,65.035,136991.181106
2026-09-11T18:20:00+00:00,65.02,65.09,65.02,65.09,660377.285344
2026-09-11T18:25:00+00:00,65.09,65.2,65.085,65.135,465610.95259
2026-09-11T18:30:00+00:00,65.14,65.15,65.02,65.055,221874.965137
2026-09-11T18:35:00+00:00,65.05,65.06,64.975,65.005,156589.23584500002
2026-09-11T18:40:00+00:00,65.01,65.045,65.005,65.025,116793.82484700001
2026-09-11T18:45:00+00:00,65.025,65.05,65.01,65.05,143642.79319
2026-09-11T18:50:00+00:00,65.055,65.105,65.055,65.095,130063.729084
2026-09-11T18:55:00+00:00,65.095,65.1258,65.055,65.06,73308.521054
2026-09-11T19:00:00+00:00,65.06,65.075,64.9638,64.985,151385.873325
2026-09-11T19:05:00+00:00,64.985,65.01,64.95,64.99,252301.149724
2026-09-11T19:10:00+00:00,65.0,65.045,64.9999,65.03,152513.982938
2026-09-11T19:15:00+00:00,65.025,65.11,65.02,65.1,144225.752022
2026-09-11T19:20:00+00:00,65.099,65.135,65.07,65.105,88020.418796
2026-09-11T19:25:00+00:00,65.105,65.1501,65.09,65.1501,139310.696753
2026-09-11T19:30:00+00:00,65.15,65.18,65.135,65.175,221645.87845900003
2026-09-11T19:35:00+00:00,65.17,65.185,65.075,65.075,296849.266002
2026-09-11T19:40:00+00:00,65.08,65.09,65.04,65.075,204498.68821
2026-09-11T19:45:00+00:00,65.07,65.11,65.045,65.11,225173.905865
2026-09-11T19:50:00+00:00,65.11,65.115,65.035,65.04,351257.348781
2026-09-11T19:55:00+00:00,65.04,65.07,64.965,65.045,701433.430788
2026-09-11T20:00:00+00:00,65.045,65.19,65.03,65.13,2233870.5940429997
2026-09-11T20:05:00+00:00,65.125,65.17,65.1003,65.14,13733.534344
2026-09-11T20:10:00+00:00,65.169,65.169,65.15,65.1649,1063.0
2026-09-11T20:15:00+00:00,65.1636,65.1636,65.1636,65.1636,298.0
2026-09-11T20:30:00+00:00,65.1192,65.12,65.11,65.12,1017.0
2026-09-11T20:35:00+00:00,65.12,65.1395,65.11,65.11,7051.0
2026-09-11T20:40:00+00:00,65.1349,65.18,65.1349,65.18,3182.0
2026-09-11T20:45:00+00:00,65.17,65.17,65.17,65.17,450.0
2026-09-11T20:50:00+00:00,65.1666,65.1666,65.1666,65.1666,108.0
2026-09-11T21:00:00+00:00,65.15,65.15,65.07,65.1352,4728.0
2026-09-11T21:10:00+00:00,65.12,65.12,65.12,65.12,540.0
2026-09-11T21:15:00+00:00,65.1192,65.12,65.1192,65.12,400.0
2026-09-11T21:20:00+00:00,65.1411,65.15,65.1411,65.15,389.0
2026-09-11T21:25:00+00:00,65.15,65.15,65.15,65.15,2250.0
2026-09-11T21:40:00+00:00,65.06,65.06,65.06,65.06,469.0
2026-09-11T21:45:00+00:00,65.2206,65.2206,65.2206,65.2206,200.0
2026-09-11T21:50:00+00:00,65.0801,65.1714,65.06,65.1714,3023.0
2026-09-11T21:55:00+00:00,65.19,65.19,65.18,65.19,370.0
2026-09-11T22:00:00+00:00,65.0882,65.0882,65.0882,65.0882,192.0
2026-09-11T22:10:00+00:00,65.22,65.22,65.22,65.22,250.0
2026-09-11T22:15:00+00:00,65.16,65.16,65.16,65.16,133.0
2026-09-11T22:30:00+00:00,65.19,65.2543,65.17,65.17,860.0
2026-09-11T22:35:00+00:00,65.17,65.17,65.16,65.16,936.0
2026-09-11T22:55:00+00:00,65.2378,65.2378,65.2,65.2,1948.0
2026-09-11T23:00:00+00:00,65.2,65.2,65.2,65.2,3269.0
2026-09-11T23:15:00+00:00,65.25,65.25,65.25,65.25,306.0
2026-09-11T23:20:00+00:00,65.2367,65.2367,65.2,65.2,1332.0
2026-09-11T23:25:00+00:00,65.2761,65.2761,65.2587,65.2587,200.0
2026-09-11T23:40:00+00:00,65.2,65.2,65.2,65.2,1000.0
2026-09-11T23:50:00+00:00,65.23,65.2418,65.23,65.2418,326.0
2026-09-12T00:00:00+00:00,65.23,65.23,65.2,65.2,2118.0
2026-09-14T08:05:00+00:00,65.67,66.33,65.67,66.06,57178.432817
2026-09-14T08:10:00+00:00,65.95,66.03,65.95,66.03,7381.0388
2026-09-14T08:15:00+00:00,66.03,66.03,66.03,66.03,391.0
2026-09-14T08:20:00+00:00,66.0,66.11,66.0,66.11,10332.1219
2026-09-14T08:25:00+00:00,66.1975,66.1975,66.1,66.1,1498.0
2026-09-14T08:30:00+00:00,66.15,66.16,66.15,66.16,1053.0
2026-09-14T08:35:00+00:00,66.15,66.23,66.08,66.21,4996.0
2026-09-14T08:40:00+00:00,66.18,66.18,66.09,66.12,2995.0
2026-09-14T08:45:00+00:00,66.12,66.14,66.08,66.09,6174.0
2026-09-14T08:50:00+00:00,66.1,66.21,66.09,66.18,25999.0
2026-09-14T08:55:00+00:00,66.16,66.21,66.14,66.21,11975.553133999998
2026-09-14T09:00:00+00:00,66.21,66.25,66.2,66.2,2074.0
2026-09-14T09:05:00+00:00,66.29,66.29,66.17,66.25,4724.0
2026-09-14T09:10:00+00:00,66.25,66.28,66.235,66.25,6422.0
2026-09-14T09:15:00+00:00,66.25,66.3,66.22,66.25,34307.441832
2026-09-14T09:20:00+00:00,66.29,66.32,66.27,66.28,14966.0
2026-09-14T09:25:00+00:00,66.28,66.3,66.24,66.28,5930.0
2026-09-14T09:30:00+00:00,66.25,66.25,66.16,66.16,13160.050203
2026-09-14T09:35:00+00:00,66.15,66.19,66.15,66.16,10453.195389
2026-09-14T09:40:00+00:00,66.17,66.17,66.17,66.17,207.0
2026-09-14T09:45:00+00:00,66.15,66.15,66.12,66.14,3713.10133
2026-09-14T09:50:00+00:00,66.14,66.15,66.14,66.15,1731.0
2026-09-14T09:55:00+00:00,66.15,66.16,66.11,66.11,2698.0
2026-09-14T10:05:00+00:00,66.06,66.1,66.0,66.06,8334.0
2026-09-14T10:10:00+00:00,66.05,66.05,66.05,66.05,500.0
2026-09-14T10:15:00+00:00,66.03,66.07,66.03,66.07,1520.0
2026-09-14T10:20:00+00:00,66.06,66.07,66.02,66.02,4024.0
2026-09-14T10:25:00+00:00,66.03,66.05,66.03,66.05,650.0
2026-09-14T10:30:00+00:00,66.045,66.045,65.97,65.97,864.0
2026-09-14T10:35:00+00:00,66.09,66.09,65.95,65.95,1499.7168259999999
2026-09-14T10:40:00+00:00,65.95,65.95,65.9033,65.92,2372.151632
2026-09-14T10:45:00+00:00,65.92,65.92,65.9,65.9,1231.0
2026-09-14T10:50:00+00:00,65.9,65.93,65.9,65.93,2320.0
2026-09-14T10:55:00+00:00,65.9,65.91,65.9,65.9,1850.0
2026-09-14T11:00:00+00:00,65.93,65.96,65.93,65.95,1049.0
2026-09-14T11:05:00+00:00,65.94,65.97,65.828,65.89,10797.932
2026-09-14T11:10:00+00:00,65.842,65.9678,65.8399,65.93,11384.255000000001
2026-09-14T11:15:00+00:00,65.97,65.97,65.85,65.9452,14675.0
2026-09-14T11:20:00+00:00,65.93,65.97,65.8909,65.95,6146.0
2026-09-14T11:25:00+00:00,65.8925,65.9766,65.8925,65.9766,8123.0
2026-09-14T11:30:00+00:00,65.9661,65.98,65.9128,65.95,16200.0
2026-09-14T11:35:00+00:00,65.97,65.98,65.96,65.97,19757.144695
2026-09-14T11:40:00+00:00,65.9481,65.98,65.94,65.94,18767.3062
2026-09-14T11:45:00+00:00,65.93,65.94,65.91,65.93,5323.0
2026-09-14T11:50:00+00:00,65.92,65.99,65.9,65.93,8963.0
2026-09-14T11:55:00+00:00,65.94,65.96,65.92,65.9294,20609.0
2026-09-14T12:00:00+00:00,65.91,65.94,65.91,65.94,2658.153846
2026-09-14T12:05:00+00:00,65.93,65.95,65.92,65.94,16291.0
2026-09-14T12:10:00+00:00,65.94,65.95,65.93,65.9497,8145.0
2026-09-14T12:15:00+00:00,65.94,65.9405,65.89,65.91,13117.0
2026-09-14T12:20:00+00:00,65.94,65.9405,65.81,65.94,29994.5
2026-09-14T12:25:00+00:00,65.84,65.85,65.82,65.85,2144.0
2026-09-14T12:30:00+00:00,65.88,65.93,65.88,65.91,17806.0
2026-09-14T12:35:00+00:00,65.94,65.97,65.8808,65.8808,11749.0
2026-09-14T12:40:00+00:00,65.94,66.0706,65.94,66.0634,39771.0
2026-09-14T12:45:00+00:00,66.0999,66.15,66.025,66.1,14631.0
2026-09-14T12:50:00+00:00,66.1,66.18,66.03,66.17,58751.0
2026-09-14T12:55:00+00:00,66.18,66.18,66.1,66.1538,73126.0
2026-09-14T13:00:00+00:00,66.14,66.16,66.12,66.1257,7770.0
2026-09-14T13:05:00+00:00,66.14,66.25,66.13,66.13,11468.154933
2026-09-14T13:10:00+00:00,66.13,66.1755,66.1144,66.1755,9930.256000000001
2026-09-14T13:15:00+00:00,66.18,66.2,66.13,66.14,9859.0
2026-09-14T13:20:00+00:00,66.14,66.17,66.1,66.11,19005.0
2026-09-14T13:25:00+00:00,66.1725,66.1725,66.0591,66.12,19902.505763
2026-09-14T13:30:00+00:00,66.12,66.1397,65.975,66.09,31519.0
2026-09-14T13:35:00+00:00,65.955,66.05,65.69,65.775,1688319.188874
2026-09-14T13:40:00+00:00,65.77,66.03,65.74,65.99,1045504.2596020001
2026-09-14T13:45:00+00:00,65.985,66.015,65.8237,65.995,499698.607098
2026-09-14T13:50:00+00:00,65.99,66.01,65.785,65.865,762674.789714
2026-09-14T13:55:00+00:00,65.86,65.86,65.675,65.76,559093.3686350001
2026-09-14T14:00:00+00:00,65.75,65.83,65.675,65.7601,340259.15345999994
2026-09-14T14:05:00+00:00,65.76,65.89,65.755,65.87,384830.2119
2026-09-14T14:10:00+00:00,65.87,65.9,65.78,65.8,489534.64932900004
2026-09-14T14:15:00+00:00,65.8,65.92,65.78,65.91,321215.632514
2026-09-14T14:20:00+00:00,65.905,65.93,65.83,65.91,273028.326305
2026-09-14T14:25:00+00:00,65.915,65.915,65.69,65.7,309822.136819
2026-09-14T14:30:00+00:00,65.7,65.715,65.55,65.56,421759.95128300006
2026-09-14T14:35:00+00:00,65.565,65.64,65.55,65.64,625841.5820170001
2026-09-14T14:40:00+00:00,65.64,65.68,65.595,65.64,271140.359215
2026-09-14T14:45:00+00:00,65.645,65.78,65.645,65.67,459057.57349700003
2026-09-14T14:50:00+00:00,65.675,65.695,65.495,65.5,358645.50289
2026-09-14T14:55:00+00:00,65.495,65.55,65.435,65.535,288283.408803
2026-09-14T15:00:00+00:00,65.535,65.6,65.5,65.535,261911.120773
2026-09-14T15:05:00+00:00,65.535,65.565,65.45,65.55,307339.074708
2026-09-14T15:10:00+00:00,65.555,65.565,64.65,64.7998,3571661.684821
2026-09-14T15:15:00+00:00,64.785,64.985,64.6,64.88,1776098.147441
2026-09-14T15:20:00+00:00,64.88,65.0,64.74,64.965,1679699.442752
2026-09-14T15:25:00+00:00,64.96,65.13,64.94,64.985,1132788.0727050002
2026-09-14T15:30:00+00:00,64.98,65.125,64.96,65.09,625422.937975
2026-09-14T15:35:00+00:00,65.1,65.215,64.845,64.91,1289447.632389
2026-09-14T15:40:00+00:00,64.91,65.04,64.89,64.93,1115389.00468
2026-09-14T15:45:00+00:00,64.93,65.025,64.79,64.885,780779.663779
2026-09-14T15:50:00+00:00,64.88,64.93,64.765,64.89,257853.333755
2026-09-14T15:55:00+00:00,64.891,65.0,64.89,64.99,233152.20863399998
2026-09-14T16:00:00+00:00,64.99,65.05,64.96,65.045,177224.39436799998
2026-09-14T16:05:00+00:00,65.05,65.1,64.97,65.03,180574.83240599997
2026-09-14T16:10:00+00:00,65.03,65.065,64.885,64.89,248186.879943
2026-09-14T16:15:00+00:00,64.89,64.94,64.82,64.92,224417.219914
2026-09-14T16:20:00+00:00,64.93,64.975,64.88,64.975,171323.420648
2026-09-14T16:25:00+00:00,64.975,65.05,64.94,65.045,162122.064791
2026-09-14T16:30:00+00:00,65.05,65.19,65.05,65.175,130663.91661999999
2026-09-14T16:35:00+00:00,65.185,65.225,65.1,65.105,320854.078034
2026-09-14T16:40:00+00:00,65.1,65.12,64.995,65.01,167959.897625
2026-09-14T16:45:00+00:00,65.005,65.03,64.975,65.03,210989.608183
2026-09-14T16:50:00+00:00,65.02,65.06,64.525,64.55,1695265.663034
2026-09-14T16:55:00+00:00,64.55,64.77,64.52,64.56,1473188.1200309999
2026-09-14T17:00:00+00:00,64.555,64.71,64.51,64.66,459968.855447
2026-09-14T17:05:00+00:00,64.665,64.71,64.585,64.65,390138.906924
2026-09-14T17:10:00+00:00,64.65,64.7,64.64,64.65,233376.18559100002
2026-09-14T17:15:00+00:00,64.66,64.67,64.615,64.66,199671.11297800002
2026-09-14T17:20:00+00:00,64.665,64.71,64.645,64.675,186041.31861999998
2026-09-14T17:25:00+00:00,64.675,64.73,64.65,64.6599,151920.46293
2026-09-14T17:30:00+00:00,64.655,64.665,64.61,64.6468,146303.944217
2026-09-14T17:35:00+00:00,64.65,64.71,64.64,64.66,138183.303661
2026-09-14T17:40:00+00:00,64.66,64.715,64.635,64.68,113180.88026600001
2026-09-14T17:45:00+00:00,64.68,64.705,64.645,64.685,229778.14466400002
2026-09-14T17:50:00+00:00,64.675,64.695,64.645,64.645,163490.598202
2026-09-14T17:55:00+00:00,64.65,64.6784,64.6005,64.64,120383.92495
2026-09-14T18:00:00+00:00,64.64,64.67,64.61,64.62,113517.347727
2026-09-14T18:05:00+00:00,64.62,64.705,64.58,64.705,242691.63165499998
2026-09-14T18:10:00+00:00,64.705,64.71,64.59,64.59,217635.481246
2026-09-14T18:15:00+00:00,64.58,64.655,64.58,64.655,127740.962848
2026-09-14T18:20:00+00:00,64.65,64.74,64.65,64.74,169694.207077
2026-09-14T18:25:00+00:00,64.74,64.78,64.715,64.735,168228.42102900002
2026-09-14T18:30:00+00:00,64.73,64.74,64.6605,64.67,347739.04363999993
2026-09-14T18:35:00+00:00,64.67,64.685,64.635,64.645,201058.64356199998
2026-09-14T18:40:00+00:00,64.645,64.645,64.495,64.4998,225947.46435199998
2026-09-14T18:45:00+00:00,64.49,64.51,64.43,64.455,511190.710185
2026-09-14T18:50:00+00:00,64.455,64.515,64.44,64.495,325190.939983
2026-09-14T18:55:00+00:00,64.495,64.5099,64.4541,64.4541,132800.844881
2026-09-14T19:00:00+00:00,64.45,64.49,64.32,64.38,1567167.124495
2026-09-14T19:05:00+00:00,64.38,64.395,64.19,64.19,1913529.4738500002
2026-09-14T19:10:00+00:00,64.2,64.27,64.18,64.225,1184679.9714249999
2026-09-14T19:15:00+00:00,64.23,64.3299,64.215,64.31,265195.392922
2026-09-14T19:20:00+00:00,64.305,64.37,64.285,64.3697,222625.77842
2026-09-14T19:25:00+00:00,64.37,64.405,64.35,64.36,283996.907577
2026-09-14T19:30:00+00:00,64.365,64.385,64.29,64.29,252975.144249
2026-09-14T19:35:00+00:00,64.295,64.395,64.275,64.395,400962.991269
2026-09-14T19:40:00+00:00,64.3982,64.42,64.35,64.355,320396.71840300004
2026-09-14T19:45:00+00:00,64.36,64.42,64.355,64.405,1123419.778514
2026-09-14T19:50:00+00:00,64.405,64.44,64.37,64.385,713011.225022
2026-09-14T19:55:00+00:00,64.385,64.39,64.26,64.38,984647.0768210001
2026-09-14T20:00:00+00:00,64.375,64.55,64.3617,64.55,2503955.7765079997
2026-09-14T20:05:00+00:00,64.53,64.68,64.51,64.645,121542.272083
2026-09-14T20:10:00+00:00,64.65,64.92,64.6262,64.92,67570.0
2026-09-14T20:15:00+00:00,64.69,64.69,64.69,64.69,2254.0
2026-09-14T20:30:00+00:00,64.5952,64.5952,64.5952,64.5952,249.0
2026-09-14T20:35:00+00:00,64.8031,64.8031,64.54,64.62,14761.0
2026-09-14T20:40:00+00:00,64.61,64.61,64.53,64.53,17992.0
2026-09-14T20:45:00+00:00,64.59,64.6,64.59,64.6,916.0
2026-09-14T20:50:00+00:00,64.59,64.59,64.59,64.59,1612.0
2026-09-14T20:55:00+00:00,64.645,64.645,64.6,64.6,1019.0
2026-09-14T21:00:00+00:00,64.54,64.55,64.53,64.53,3206.0
2026-09-14T21:10:00+00:00,64.6337,64.6337,64.6283,64.6283,1221.0
2026-09-14T21:15:00+00:00,64.55,64.55,64.55,64.55,516.0
2026-09-14T21:25:00+00:00,64.55,64.5571,64.55,64.5571,1045.0
2026-09-14T21:35:00+00:00,64.57,64.58,64.57,64.57,412.0
2026-09-14T21:55:00+00:00,64.6501,64.6501,64.6501,64.6501,101.0
2026-09-14T22:00:00+00:00,64.561,64.561,64.561,64.561,100.0
2026-09-14T22:05:00+00:00,64.57,64.59,64.57,64.59,692.0
2026-09-14T22:15:00+00:00,64.6,64.6,64.6,64.6,100.0
2026-09-14T22:25:00+00:00,64.63,64.63,64.63,64.63,150.0
2026-09-14T22:40:00+00:00,64.6,64.6693,64.59,64.6693,650.0
2026-09-14T22:45:00+00:00,64.6688,64.6688,64.6688,64.6688,520.0
2026-09-14T23:05:00+00:00,64.61,64.61,64.61,64.61,111.0
2026-09-14T23:10:00+00:00,64.64,64.67,64.64,64.67,465.077329
2026-09-14T23:15:00+00:00,64.64,64.66,64.57,64.62,5730.711505
2026-09-14T23:20:00+00:00,64.6488,64.6488,64.6488,64.6488,101.0
2026-09-14T23:45:00+00:00,64.5908,64.5908,64.5908,64.5908,100.0
2026-09-14T23:55:00+00:00,64.65,64.65,64.58,64.58,260.0
2026-09-15T08:05:00+00:00,64.9,64.9,64.67,64.81,10441.035265999999
2026-09-15T08:10:00+00:00,64.85,64.85,64.668,64.668,2651.248112
2026-09-15T08:25:00+00:00,64.8,64.8,64.8,64.8,972.0
2026-09-15T08:30:00+00:00,64.81,64.83,64.72,64.72,2944.0
2026-09-15T08:40:00+00:00,64.8,64.8,64.8,64.8,110.0
2026-09-15T08:45:00+00:00,64.8,64.83,64.8,64.8,3648.0
2026-09-15T08:50:00+00:00,64.8,64.83,64.77,64.83,5818.0
2026-09-15T09:25:00+00:00,64.805,64.805,64.805,64.805,1489.0
2026-09-15T09:30:00+00:00,64.85,64.85,64.85,64.85,402.0
2026-09-15T09:35:00+00:00,64.9621,64.9621,64.9621,64.9621,228.0
2026-09-15T09:45:00+00:00,64.9789,64.9789,64.9789,64.9789,2000.0
2026-09-15T09:55:00+00:00,64.9,64.9,64.9,64.9,204.512493
2026-09-15T10:00:00+00:00,64.9,64.9,64.895,64.895,809.0
2026-09-15T10:05:00+00:00,64.86,64.9,64.86,64.9,625.45
2026-09-15T10:15:00+00:00,64.85,64.85,64.85,64.85,123.0
2026-09-15T10:20:00+00:00,64.86,64.9,64.86,64.9,375.0
2026-09-15T10:25:00+00:00,64.85,64.87,64.81,64.87,7968.0
2026-09-15T10:35:00+00:00,64.81,64.81,64.8,64.8,1840.0
2026-09-15T10:40:00+00:00,64.78,64.81,64.77,64.81,530.0
2026-09-15T10:50:00+00:00,64.78,64.79,64.76,64.78,1569.512493
2026-09-15T10:55:00+00:00,64.75,64.75,64.7,64.7,5514.45
2026-09-15T11:00:00+00:00,64.74,64.75,64.68,64.68,2769.0
2026-09-15T11:05:00+00:00,64.7017,64.7385,64.67,64.705,1757.433
2026-09-15T11:10:00+00:00,64.67,64.67,64.59,64.61,22931.0
2026-09-15T11:15:00+00:00,64.63,64.63,64.62,64.62,1503.0
2026-09-15T11:20:00+00:00,64.64,64.67,64.64,64.67,340.0
2026-09-15T11:25:00+00:00,64.63,64.63,64.6,64.6,982.0
2026-09-15T11:30:00+00:00,64.6,64.8,64.6,64.71,40574.0
2026-09-15T11:35:00+00:00,64.62,64.7273,64.62,64.7273,535.0
2026-09-15T11:40:00+00:00,64.6765,64.7225,64.65,64.6774,16267.659617
2026-09-15T11:45:00+00:00,64.68,64.7256,64.65,64.6501,6275.295
2026-09-15T11:50:00+00:00,64.65,64.67,64.65,64.67,17852.0
2026-09-15T11:55:00+00:00,64.6824,64.6824,64.65,64.65,715.0
2026-09-15T12:00:00+00:00,64.6507,64.6507,64.65,64.65,795.0
2026-09-15T12:05:00+00:00,64.68,64.68,64.67,64.68,9011.0
2026-09-15T12:10:00+00:00,64.679,64.679,64.66,64.66,1313.341
2026-09-15T12:15:00+00:00,64.6501,64.68,64.6501,64.67,2022.0
2026-09-15T12:20:00+00:00,64.68,64.68,64.68,64.68,3074.0
2026-09-15T12:25:00+00:00,64.71,64.71,64.71,64.71,200.0
2026-09-15T12:30:00+00:00,64.69,64.7,64.69,64.7,2174.0
2026-09-15T12:35:00+00:00,64.72,64.72,64.72,64.72,240.0
2026-09-15T12:40:00+00:00,64.72,64.72,64.72,64.72,1079.309865
2026-09-15T12:45:00+00:00,64.71,64.77,64.7,64.7,3383.0
2026-09-15T12:50:00+00:00,64.7307,64.7307,64.55,64.594,40922.0
2026-09-15T12:55:00+00:00,64.54,64.6,64.52,64.6,14551.713
2026-09-15T13:00:00+00:00,64.56,64.65,64.51,64.65,5128.0
2026-09-15T13:05:00+00:00,64.62,64.62,64.5603,64.5603,2233.0
2026-09-15T13:10:00+00:00,64.6281,64.6281,64.6281,64.6281,100.0
2026-09-15T13:15:00+00:00,64.6,64.65,64.56,64.64,7643.0
2026-09-15T13:20:00+00:00,64.61,64.68,64.6,64.65,43054.0
2026-09-15T13:25:00+00:00,64.63,64.79,64.6203,64.79,7176.0
2026-09-15T13:30:00+00:00,64.79,64.85,64.7394,64.83,5459.0
2026-09-15T13:35:00+00:00,64.88,65.24,64.81,65.18,1647208.1971069998
2026-09-15T13:40:00+00:00,65.18,65.45,65.13,65.385,850999.815684
2026-09-15T13:45:00+00:00,65.385,65.46,65.205,65.24,1167457.785098
2026-09-15T13:50:00+00:00,65.23,65.42,65.23,65.37,534595.090848
2026-09-15T13:55:00+00:00,65.37,65.445,65.29,65.335,969173.419797
2026-09-15T14:00:00+00:00,65.34,65.43,65.33,65.405,527593.44276
2026-09-15T14:05:00+00:00,65.405,65.48,65.35,65.4,780117.201051
2026-09-15T14:10:00+00:00,65.39,65.47,65.35,65.43,324462.132553
2026-09-15T14:15:00+00:00,65.43,65.48,65.38,65.43,202449.59709599998
2026-09-15T14:20:00+00:00,65.44,65.5,65.39,65.48,228489.56671400002
2026-09-15T14:25:00+00:00,65.48,65.51,65.44,65.45,523297.722269
2026-09-15T14:30:00+00:00,65.45,65.475,65.08,65.12,961211.038764
2026-09-15T14:35:00+00:00,65.11,65.38,65.03,65.04,1595622.442657
2026-09-15T14:40:00+00:00,65.04,65.22,65.04,65.22,829539.7505170002
2026-09-15T14:45:00+00:00,65.225,65.23,65.04,65.055,330970.85387899994
2026-09-15T14:50:00+00:00,65.05,65.17,65.035,65.1401,261743.912565
2026-09-15T14:55:00+00:00,65.15,65.25,65.11,65.2,499635.11393
2026-09-15T15:00:00+00:00,65.21,65.31,65.16,65.3,241743.080441
2026-09-15T15:05:00+00:00,65.295,65.365,65.22,65.35,427092.74034399993
2026-09-15T15:10:00+00:00,65.35,65.41,65.3301,65.355,318282.46312
2026-09-15T15:15:00+00:00,65.36,65.485,65.3424,65.485,340687.725986
2026-09-15T15:20:00+00:00,65.485,65.57,65.445,65.55,320952.137156
2026-09-15T15:25:00+00:00,65.5501,65.68,65.5501,65.675,307021.158229
2026-09-15T15:30:00+00:00,65.6799,65.715,65.63,65.69,229772.56348600003
2026-09-15T15:35:00+00:00,65.695,65.775,65.6898,65.7499,336808.5037560001
2026-09-15T15:40:00+00:00,65.75,65.76,65.68,65.705,495449.347912
2026-09-15T15:45:00+00:00,65.7,65.745,65.67,65.725,535961.140843
2026-09-15T15:50:00+00:00,65.725,65.81,65.685,65.77,232100.867628
2026-09-15T15:55:00+00:00,65.77,65.8,65.67,65.765,453797.75434800005
2026-09-15T16:00:00+00:00,65.765,65.795,65.71,65.71,271359.420992
2026-09-15T16:05:00+00:00,65.705,65.715,65.655,65.66,213522.17301300002
2026-09-15T16:10:00+00:00,65.665,65.75,65.665,65.725,177823.868307
2026-09-15T16:15:00+00:00,65.725,65.86,65.705,65.845,243923.400595
2026-09-15T16:20:00+00:00,65.8495,65.865,65.77,65.8,280100.969567
2026-09-15T16:25:00+00:00,65.795,65.8,65.72,65.745,306252.044059
2026-09-15T16:30:00+00:00,65.74,65.75,65.675,65.71,201527.517716
2026-09-15T16:35:00+00:00,65.71,65.77,65.65,65.75,476286.342586
2026-09-15T16:40:00+00:00,65.76,65.86,65.755,65.855,144839.722794
2026-09-15T16:45:00+00:00,65.855,65.915,65.85,65.89,286484.573706
2026-09-15T16:50:00+00:00,65.885,65.92,65.84,65.845,208894.78595000002
2026-09-15T16:55:00+00:00,65.85,65.89,65.83,65.88,258587.65434100002
2026-09-15T17:00:00+00:00,65.875,65.9299,65.865,65.91,213457.81980700002
2026-09-15T17:05:00+00:00,65.91,65.925,65.825,65.855,191543.85974500002
2026-09-15T17:10:00+00:00,65.855,65.925,65.855,65.895,354118.367526
2026-09-15T17:15:00+00:00,65.89,65.9361,65.88,65.91,251567.880108
2026-09-15T17:20:00+00:00,65.91,65.91,65.855,65.89,140862.27464
2026-09-15T17:25:00+00:00,65.88,65.945,65.875,65.945,177290.340447
2026-09-15T17:30:00+00:00,65.945,65.99,65.93,65.935,480299.01065899996
2026-09-15T17:35:00+00:00,65.94,65.97,65.91,65.955,515812.492769
2026-09-15T17:40:00+00:00,65.955,65.985,65.93,65.985,190369.880014
2026-09-15T17:45:00+00:00,65.985,66.01,65.98,65.995,419595.911322
2026-09-15T17:50:00+00:00,65.995,66.03,65.98,66.025,165736.705401
2026-09-15T17:55:00+00:00,66.025,66.09,66.025,66.08,335137.256331
2026-09-15T18:00:00+00:00,66.075,66.115,66.055,66.075,310244.130239
2026-09-15T18:05:00+00:00,66.07,66.1,66.0,66.005,339500.82709700003
2026-09-15T18:10:00+00:00,66.0,66.04,66.0,66.01,220802.633902
2026-09-15T18:15:00+00:00,66.005,66.005,65.941,65.995,198555.643874
2026-09-15T18:20:00+00:00,65.995,66.02,65.97,65.97,184095.343225
2026-09-15T18:25:00+00:00,65.975,65.9799,65.885,65.9,175090.762528
2026-09-15T18:30:00+00:00,65.9,65.91,65.835,65.84,208202.265366
2026-09-15T18:35:00+00:00,65.84,65.84,65.78,65.82,421214.31391
2026-09-15T18:40:00+00:00,65.815,65.92,65.805,65.895,692730.507543
2026-09-15T18:45:00+00:00,65.895,65.905,65.8152,65.895,193426.075863
2026-09-15T18:50:00+00:00,65.895,65.9,65.86,65.86,139229.462129
2026-09-15T18:55:00+00:00,65.865,65.88,65.82,65.83,198163.047312
2026-09-15T19:00:00+00:00,65.84,65.84,65.795,65.805,204386.110726
2026-09-15T19:05:00+00:00,65.805,65.83,65.78,65.815,190785.873759
2026-09-15T19:10:00+00:00,65.815,65.815,65.7801,65.805,137593.74435400002
2026-09-15T19:15:00+00:00,65.8,65.815,65.775,65.81,235616.789942
2026-09-15T19:20:00+00:00,65.805,65.82,65.77,65.78,249967.825337
2026-09-15T19:25:00+00:00,65.78,65.81,65.76,65.805,248750.122598
2026-09-15T19:30:00+00:00,65.805,65.82,65.775,65.785,195151.676189
2026-09-15T19:35:00+00:00,65.785,65.82,65.775,65.7899,366721.55585400003
2026-09-15T19:40:00+00:00,65.785,65.84,65.785,65.825,236949.6789
2026-09-15T19:45:00+00:00,65.825,65.83,65.775,65.79,544143.133486
2026-09-15T19:50:00+00:00,65.78,65.86,65.77,65.835,473518.885872
2026-09-15T19:55:00+00:00,65.83,65.85,65.77,65.8,1102560.103821
2026-09-15T20:00:00+00:00,65.795,65.96,65.795,65.94,2487379.569673
2026-09-15T20:05:00+00:00,65.95,66.04,65.93,66.01,80486.66764
2026-09-15T20:10:00+00:00,66.01,66.02,66.01,66.02,1908.836413
2026-09-15T20:15:00+00:00,66.02,66.03,65.85,65.85,145280.390326
2026-09-15T20:20:00+00:00,65.85,65.85,65.81,65.84,20024.315703
2026-09-15T20:25:00+00:00,65.8369,65.84,65.83,65.83,2320.0
2026-09-15T20:30:00+00:00,65.8285,65.84,65.8285,65.84,1895.0
2026-09-15T20:35:00+00:00,65.9,65.9,65.85,65.85,801.0
2026-09-15T20:40:00+00:00,65.86,65.86,65.86,65.86,2156.0
2026-09-15T20:45:00+00:00,65.8362,65.87,65.8362,65.87,2586.5
2026-09-15T20:50:00+00:00,65.95,65.95,65.95,65.95,100.0
2026-09-15T20:55:00+00:00,65.92,65.97,65.92,65.97,4365.0
2026-09-15T21:10:00+00:00,65.91,65.9225,65.9,65.9225,5514.0
2026-09-15T21:15:00+00:00,65.9,65.92,65.9,65.92,6073.0
2026-09-15T21:20:00+00:00,65.8969,65.9,65.8969,65.9,3000.0
2026-09-15T21:25:00+00:00,65.9,65.9,65.89,65.89,2206.0
2026-09-15T21:30:00+00:00,65.9,65.9,65.9,65.9,1301.0
2026-09-15T21:40:00+00:00,65.88,65.88,65.88,65.88,159.0
2026-09-15T21:45:00+00:00,65.9,65.95,65.9,65.94,2026.0
2026-09-15T21:50:00+00:00,65.94,65.94,65.94,65.94,204.0
2026-09-15T21:55:00+00:00,65.96,65.9888,65.95,65.9888,825.0
2026-09-15T22:05:00+00:00,65.94,65.94,65.94,65.94,1188.0
2026-09-15T22:10:00+00:00,65.95,65.95,65.95,65.95,101.0
2026-09-15T22:25:00+00:00,65.95,65.95,65.95,65.95,100.143643
2026-09-15T22:30:00+00:00,65.9425,65.95,65.9425,65.95,355.0
2026-09-15T22:35:00+00:00,65.9112,65.9477,65.9112,65.9195,2279.0
2026-09-15T22:45:00+00:00,65.9452,65.9452,65.9452,65.9452,284.0
2026-09-15T22:50:00+00:00,65.9441,65.9491,65.9441,65.9491,1601.0
2026-09-15T23:00:00+00:00,65.9469,65.95,65.9331,65.9451,1513.0166060000001
2026-09-15T23:05:00+00:00,65.934,65.95,65.92,65.92,5518.0
2026-09-15T23:10:00+00:00,65.9427,65.9427,65.92,65.93,1489.0
2026-09-15T23:15:00+00:00,65.9451,65.9469,65.9451,65.9451,416.0
2026-09-15T23:20:00+00:00,65.9451,65.9451,65.9451,65.9451,100.0
2026-09-15T23:25:00+00:00,65.95,65.95,65.9498,65.95,1299.0
2026-09-15T23:30:00+00:00,65.944,65.944,65.944,65.944,135.0
2026-09-15T23:35:00+00:00,65.94,65.94,65.94,65.94,270.25070900000003
2026-09-15T23:40:00+00:00,65.95,65.95,65.9385,65.9385,360.0
2026-09-15T23:45:00+00:00,65.93,65.96,65.9208,65.95,685.0
2026-09-15T23:50:00+00:00,65.9769,65.99,65.9769,65.9861,591.0
2026-09-15T23:55:00+00:00,65.99,66.0054,65.98,66.0054,1495.0
2026-09-16T00:00:00+00:00,66.01,66.0192,65.98,66.01,1016.0
2026-09-16T08:05:00+00:00,65.49,65.89,65.49,65.72,18990.484723
2026-09-16T08:10:00+00:00,65.68,65.72,65.67,65.68,3966.0
2026-09-16T08:15:00+00:00,65.68,65.75,65.66,65.7397,4863.0
2026-09-16T08:20:00+00:00,65.67,65.67,65.66,65.67,984.0
2026-09-16T08:25:00+00:00,65.69,65.69,65.67,65.67,2150.0
2026-09-16T08:30:00+00:00,65.68,65.68,65.67,65.67,1900.0
2026-09-16T08:45:00+00:00,65.7,65.75,65.7,65.74,25875.0
2026-09-16T08:50:00+00:00,65.72,65.73,65.7,65.73,11036.0
2026-09-16T08:55:00+00:00,65.75,65.8,65.74,65.74,18829.015034
2026-09-16T09:00:00+00:00,65.74,65.74,65.74,65.74,845.0
2026-09-16T09:05:00+00:00,65.71,65.71,65.7,65.71,1436.0
2026-09-16T09:30:00+00:00,65.71,65.71,65.7,65.7,1135.0
2026-09-16T09:40:00+00:00,65.75,65.75,65.75,65.75,269.0
2026-09-16T10:10:00+00:00,65.73,65.75,65.73,65.75,3050.771843
2026-09-16T10:20:00+00:00,65.6178,65.66,65.6178,65.65,635.5
2026-09-16T10:25:00+00:00,65.66,65.66,65.6,65.6,2119.0
2026-09-16T10:40:00+00:00,65.66,65.66,65.6,65.65,11385.0
2026-09-16T10:45:00+00:00,65.62,65.62,65.62,65.62,300.0
2026-09-16T10:55:00+00:00,65.6504,65.6504,65.6504,65.6504,686.0
2026-09-16T11:00:00+00:00,65.68,65.68,65.6,65.6,1088.0
2026-09-16T11:05:00+00:00,65.68,65.7,65.51,65.51,9481.385
2026-09-16T11:10:00+00:00,65.5,65.57,65.5,65.5,29755.0
2026-09-16T11:15:00+00:00,65.5,65.562,65.5,65.5586,3481.0
2026-09-16T11:20:00+00:00,65.57,65.6,65.57,65.57,1364.0
2026-09-16T11:25:00+00:00,65.5202,65.5202,65.5202,65.5202,222.0
2026-09-16T11:30:00+00:00,65.5,65.56,65.5,65.5,17790.768244
2026-09-16T11:35:00+00:00,65.5,65.52,65.27,65.46,59193.0
2026-09-16T11:40:00+00:00,65.38,65.41,65.3477,65.3678,10555.5216
2026-09-16T11:45:00+00:00,65.41,65.455,65.36,65.363,6770.0
2026-09-16T11:50:00+00:00,65.39,65.4489,65.35,65.351,4559.091101
2026-09-16T11:55:00+00:00,65.42,65.4449,65.3875,65.4449,4938.0
2026-09-16T12:00:00+00:00,65.4524,65.4524,65.31,65.3641,20135.0
2026-09-16T12:05:00+00:00,65.37,65.37,65.21,65.26,123784.1225
2026-09-16T12:10:00+00:00,65.26,65.31,65.21,65.31,59372.419389999995
2026-09-16T12:15:00+00:00,65.3,65.3184,65.24,65.3,32014.042999999998
2026-09-16T12:20:00+00:00,65.26,65.31,65.21,65.21,45310.0
2026-09-16T12:25:00+00:00,65.26,65.26,65.1191,65.17,54755.0
2026-09-16T12:30:00+00:00,65.17,65.2001,65.1201,65.18,4377.25
2026-09-16T12:35:00+00:00,65.125,65.2741,65.125,65.2741,3260.0
2026-09-16T12:40:00+00:00,65.22,65.2437,65.18,65.2437,17714.0
2026-09-16T12:45:00+00:00,65.22,65.27,65.21,65.26,12812.734215
2026-09-16T12:50:00+00:00,65.19,65.2,65.19,65.2,551.0305020000001
2026-09-16T12:55:00+00:00,65.195,65.25,65.1266,65.155,36859.0
2026-09-16T13:00:00+00:00,65.19,65.26,65.1775,65.22,8688.0
2026-09-16T13:05:00+00:00,65.17,65.2064,65.17,65.2064,997.0
2026-09-16T13:10:00+00:00,65.2,65.21,65.1475,65.15,6882.0
2026-09-16T13:15:00+00:00,65.1515,65.18,65.08,65.17,26690.0
2026-09-16T13:20:00+00:00,65.16,65.2,65.125,65.15,9746.0
2026-09-16T13:25:00+00:00,65.19,65.2,65.07,65.15,130875.0
2026-09-16T13:30:00+00:00,65.16,65.16,65.0,65.01,96412.0
2026-09-16T13:35:00+00:00,65.22,65.22,64.77,64.91,3032599.4705680003
2026-09-16T13:40:00+00:00,64.905,65.02,64.64,64.715,1215610.3567920001
2026-09-16T13:45:00+00:00,64.72,64.76,64.485,64.6199,903289.9918539999
2026-09-16T13:50:00+00:00,64.62,64.8,64.59,64.795,1101566.448756
2026-09-16T13:55:00+00:00,64.795,64.83,64.635,64.72,668602.9442729999
2026-09-16T14:00:00+00:00,64.72,64.785,64.7,64.705,804002.8256289999
2026-09-16T14:05:00+00:00,64.71,64.83,64.66,64.705,534435.249941
2026-09-16T14:10:00+00:00,64.71,64.735,64.555,64.68,530383.298441
2026-09-16T14:15:00+00:00,64.675,64.77,64.665,64.705,474774.93630900007
2026-09-16T14:20:00+00:00,64.71,64.735,64.555,64.575,485499.235438
2026-09-16T14:25:00+00:00,64.575,64.58,64.4001,64.41,575551.132343
2026-09-16T14:30:00+00:00,64.415,64.46,64.38,64.46,334842.982409
2026-09-16T14:35:00+00:00,64.46,64.6,64.45,64.495,394668.27813899994
2026-09-16T14:40:00+00:00,64.495,64.545,64.435,64.515,607045.951712
2026-09-16T14:45:00+00:00,64.515,64.515,64.355,64.36,582084.129745
2026-09-16T14:50:00+00:00,64.36,64.39,64.295,64.295,614080.449158
2026-09-16T14:55:00+00:00,64.295,64.3785,64.255,64.34,649656.943375
2026-09-16T15:00:00+00:00,64.345,64.385,64.1,64.1059,631838.016584
2026-09-16T15:05:00+00:00,64.105,64.17,64.07,64.12,984297.5283329999
2026-09-16T15:10:00+00:00,64.125,64.1499,63.87,63.91,876245.9645740001
2026-09-16T15:15:00+00:00,63.9156,64.11,63.895,64.09,758388.06891
2026-09-16T15:20:00+00:00,64.1,64.295,64.08,64.295,665360.297058
2026-09-16T15:25:00+00:00,64.295,64.34,64.235,64.295,415206.301207
2026-09-16T15:30:00+00:00,64.295,64.35,64.24,64.319,598865.704788
2026-09-16T15:35:00+00:00,64.31,64.42,64.2728,64.41,434324.929137
2026-09-16T15:40:00+00:00,64.42,64.53,64.41,64.52,530172.289478
2026-09-16T15:45:00+00:00,64.525,64.55,64.485,64.52,400648.252102
2026-09-16T15:50:00+00:00,64.52,64.56,64.14,64.3,2220878.5456000003
2026-09-16T15:55:00+00:00,64.3,64.56,64.2906,64.5,1088064.2441129999
2026-09-16T16:00:00+00:00,64.495,64.57,64.445,64.485,709104.3422840001
2026-09-16T16:05:00+00:00,64.485,64.615,64.455,64.615,408965.94776300003
2026-09-16T16:10:00+00:00,64.61,64.625,64.575,64.595,176863.162945
2026-09-16T16:15:00+00:00,64.6,64.66,64.595,64.64,383367.40065400006
2026-09-16T16:20:00+00:00,64.635,64.67,64.6,64.61,296786.012904
2026-09-16T16:25:00+00:00,64.61,64.67,64.57,64.665,328931.24595199997
2026-09-16T16:30:00+00:00,64.665,64.7,64.6,64.655,644587.100311
2026-09-16T16:35:00+00:00,64.655,64.655,64.57,64.61,475829.34448499995
2026-09-16T16:40:00+00:00,64.61,64.705,64.61,64.695,129157.33876000001
2026-09-16T16:45:00+00:00,64.7,64.74,64.7,64.71,137084.780777
2026-09-16T16:50:00+00:00,64.725,64.765,64.7,64.765,118391.592079
2026-09-16T16:55:00+00:00,64.765,64.795,64.735,64.765,299373.719604
2026-09-16T17:00:00+00:00,64.765,64.78,64.65,64.6602,763563.088601
2026-09-16T17:05:00+00:00,64.67,64.73,64.645,64.715,468750.53476000007
2026-09-16T17:10:00+00:00,64.715,64.76,64.63,64.655,421700.86021899997
2026-09-16T17:15:00+00:00,64.65,64.685,64.61,64.68,241255.79169699998
2026-09-16T17:20:00+00:00,64.68,64.73,64.675,64.685,243982.690456
2026-09-16T17:25:00+00:00,64.685,64.725,64.675,64.71,162602.760157
2026-09-16T17:30:00+00:00,64.71,64.73,64.69,64.695,267912.167731
2026-09-16T17:35:00+00:00,64.695,64.7,64.66,64.665,329251.41133900004
2026-09-16T17:40:00+00:00,64.665,64.69,64.63,64.655,219581.95474199997
2026-09-16T17:45:00+00:00,64.65,64.7,64.65,64.665,125379.269553
2026-09-16T17:50:00+00:00,64.67,64.705,64.65,64.695,250527.880298
2026-09-16T17:55:00+00:00,64.695,64.715,64.65,64.685,147835.931344
2026-09-16T18:00:00+00:00,64.685,64.73,64.685,64.72,187478.84221600002
2026-09-16T18:05:00+00:00,64.7148,64.72,64.62,64.69,431858.74582199997
2026-09-16T18:10:00+00:00,64.69,64.8,64.655,64.77,136777.37827800002
2026-09-16T18:15:00+00:00,64.775,64.82,64.77,64.78,194227.963462
2026-09-16T18:20:00+00:00,64.785,64.835,64.75,64.76,1233956.2867039999
2026-09-16T18:25:00+00:00,64.755,64.7985,64.715,64.72,191098.885435
2026-09-16T18:30:00+00:00,64.72,64.72,64.65,64.69,256392.94391499998
2026-09-16T18:35:00+00:00,64.69,64.7,64.54,64.585,429767.11687599996
2026-09-16T18:40:00+00:00,64.58,64.58,64.41,64.435,389836.56669999997
2026-09-16T18:45:00+00:00,64.435,64.52,64.4,64.485,457279.758532
2026-09-16T18:50:00+00:00,64.48,64.485,64.335,64.335,370754.914169
2026-09-16T18:55:00+00:00,64.335,64.395,64.255,64.255,490459.453035
2026-09-16T19:00:00+00:00,64.25,64.35,64.22,64.305,517790.979803
2026-09-16T19:05:00+00:00,64.31,64.365,64.15,64.18,482407.85583500005
2026-09-16T19:10:00+00:00,64.19,64.2,64.02,64.035,494543.09395099996
2026-09-16T19:15:00+00:00,64.035,64.035,63.88,63.88,574238.036023
2026-09-16T19:20:00+00:00,63.88,63.945,63.795,63.885,795328.314809
2026-09-16T19:25:00+00:00,63.885,63.885,63.68,63.79,493157.101132
2026-09-16T19:30:00+00:00,63.795,63.8578,63.715,63.8341,621531.799071
2026-09-16T19:35:00+00:00,63.83,63.875,63.805,63.835,636931.74119
2026-09-16T19:40:00+00:00,63.835,63.87,63.77,63.83,679015.647082
2026-09-16T19:45:00+00:00,63.83,63.905,63.79,63.865,691115.523956
2026-09-16T19:50:00+00:00,63.865,64.045,63.86,64.025,757969.506652
2026-09-16T19:55:00+00:00,64.03,64.12,64.02,64.065,1308222.862681
2026-09-16T20:00:00+00:00,64.07,64.12,64.02,64.06,2345613.9050519997
2026-09-16T20:05:00+00:00,64.06,64.094,64.03,64.04,237649.572306
2026-09-16T20:10:00+00:00,64.05,64.06,64.0431,64.0431,30046.0
2026-09-16T20:15:00+00:00,64.3002,64.3002,64.03,64.03,43227.427988
2026-09-16T20:20:00+00:00,64.04,64.06,64.03,64.03,8732.0
2026-09-16T20:25:00+00:00,64.03,64.03,63.99,64.02,7859.199597
2026-09-16T20:30:00+00:00,64.0046,64.0046,64.0046,64.0046,179.0
2026-09-16T20:35:00+00:00,64.03,64.03,64.028,64.028,2388.0
2026-09-16T20:40:00+00:00,64.02,64.02,63.95,63.96,22997.0
2026-09-16T20:45:00+00:00,63.9488,63.98,63.9488,63.98,1660.0
2026-09-16T20:50:00+00:00,64.0299,64.0299,64.0299,64.0299,142.0
2026-09-16T20:55:00+00:00,64.0223,64.03,64.01,64.03,2670.0
2026-09-16T21:00:00+00:00,64.03,64.03,64.0,64.0,3134.0
2026-09-16T21:05:00+00:00,64.03,64.03,64.03,64.03,554.0
2026-09-16T21:10:00+00:00,64.0254,64.0254,63.9999,63.9999,2745.0
2026-09-16T21:15:00+00:00,64.0,64.0295,64.0,64.0295,3665.0
2026-09-16T21:20:00+00:00,64.03,64.03,64.0124,64.0299,2517.0
2026-09-16T21:25:00+00:00,64.0044,64.03,64.0044,64.03,585.0
2026-09-16T21:30:00+00:00,64.0274,64.03,64.0274,64.03,321.0
2026-09-16T21:40:00+00:00,64.02,64.03,64.02,64.03,2200.0
2026-09-16T21:55:00+00:00,64.03,64.03,64.0298,64.03,3139.0
2026-09-16T22:00:00+00:00,64.0,64.03,64.0,64.03,1423.0
2026-09-16T22:05:00+00:00,64.03,64.03,64.0274,64.0274,1308.0
2026-09-16T22:10:00+00:00,64.03,64.03,64.0159,64.03,2214.0
2026-09-16T22:15:00+00:00,64.03,64.05,64.03,64.038,517.7809930000001
2026-09-16T22:20:00+00:00,64.0361,64.0554,64.0359,64.0359,1131.0
2026-09-16T22:25:00+00:00,64.06,64.06,64.0408,64.0408,369.0
2026-09-16T22:30:00+00:00,64.0887,64.0887,64.0887,64.0887,105.0
2026-09-16T22:40:00+00:00,64.0562,64.0861,64.0562,64.0861,524.0
2026-09-16T22:45:00+00:00,64.07,64.07,64.07,64.07,108.0
2026-09-16T23:05:00+00:00,64.07,64.09,64.07,64.09,808.0
2026-09-16T23:15:00+00:00,64.08,64.08,64.08,64.08,415.0
2026-09-16T23:20:00+00:00,64.08,64.1,64.08,64.1,391.0
2026-09-16T23:40:00+00:00,64.1845,64.19,64.1433,64.18,2401.1256
2026-09-16T23:45:00+00:00,64.12,64.15,64.12,64.13,1268.734279
2026-09-16T23:50:00+00:00,64.1495,64.18,64.13,64.18,1405.0
2026-09-16T23:55:00+00:00,64.193,64.193,64.1808,64.1808,1667.0
2026-09-17T00:00:00+00:00,64.18,64.1996,64.15,64.1996,800.0
2026-09-17T08:05:00+00:00,63.95,64.31,63.9,64.07,17123.274096
2026-09-17T08:10:00+00:00,64.14,64.14,64.14,64.14,432.0
2026-09-17T08:30:00+00:00,64.11,64.11,64.1,64.1,1000.046624
2026-09-17T08:35:00+00:00,64.1,64.14,64.1,64.14,1901.0
2026-09-17T08:40:00+00:00,64.1,64.13,64.1,64.13,201.0
2026-09-17T08:45:00+00:00,64.11,64.11,64.11,64.11,203.0
2026-09-17T08:50:00+00:00,64.1,64.1,64.1,64.1,1100.433161
2026-09-17T08:55:00+00:00,64.1,64.1,64.1,64.1,149.0
2026-09-17T09:05:00+00:00,64.1,64.1,64.1,64.1,250.0
2026-09-17T09:15:00+00:00,64.14,64.14,64.14,64.14,1001.167248
2026-09-17T09:20:00+00:00,64.14,64.14,64.14,64.14,260.0
2026-09-17T09:35:00+00:00,64.18,64.18,64.18,64.18,146.0
2026-09-17T09:40:00+00:00,64.16,64.16,64.14,64.14,299.05
2026-09-17T10:05:00+00:00,64.13,64.13,64.13,64.13,1092.0
2026-09-17T10:10:00+00:00,64.13,64.16,64.13,64.16,1211.824506
2026-09-17T10:25:00+00:00,64.02,64.12,64.02,64.1,666.081756
2026-09-17T10:35:00+00:00,64.1,64.1,64.09,64.09,500.0
2026-09-17T10:55:00+00:00,64.13,64.13,64.13,64.13,544.0
2026-09-17T11:00:00+00:00,64.13,64.14,64.06,64.06,1331.3781119999999
2026-09-17T11:05:00+00:00,64.15,64.15,64.06,64.1,3945.569
2026-09-17T11:10:00+00:00,64.08,64.15,64.03,64.03,3549.0
2026-09-17T11:15:00+00:00,64.04,64.08,64.03,64.08,20951.0
2026-09-17T11:20:00+00:00,64.06,64.09,64.03,64.09,29376.0
2026-09-17T11:25:00+00:00,64.09,64.1,64.0419,64.06,1420.0
2026-09-17T11:30:00+00:00,64.1384,64.1384,64.05,64.08,3558.0
2026-09-17T11:35:00+00:00,64.05,64.05,64.03,64.03,1404.0
2026-09-17T11:40:00+00:00,64.06,64.06,64.06,64.06,121.621
2026-09-17T11:45:00+00:00,64.09,64.09,64.0558,64.06,1170.0
2026-09-17T11:50:00+00:00,64.0654,64.0654,64.0439,64.06,1746.0
2026-09-17T11:55:00+00:00,64.08,64.08,64.05,64.05,579.0
2026-09-17T12:00:00+00:00,64.04,64.04,63.85,63.95,22446.332474000003
2026-09-17T12:05:00+00:00,63.91,64.0,63.81,63.85,19420.020973
2026-09-17T12:10:00+00:00,63.8045,63.81,63.76,63.76,17882.723167
2026-09-17T12:15:00+00:00,63.778,63.778,63.69,63.69,8021.0
2026-09-17T12:20:00+00:00,63.73,63.78,63.69,63.69,11358.1256
2026-09-17T12:25:00+00:00,63.7,63.71,63.5868,63.7,35299.639299999995
2026-09-17T12:30:00+00:00,63.68,63.6921,63.6,63.61,5649.0
2026-09-17T12:35:00+00:00,63.7133,63.7133,63.55,63.57,15554.0
2026-09-17T12:40:00+00:00,63.58,63.62,63.5,63.5475,12546.0
2026-09-17T12:45:00+00:00,63.53,63.62,63.5,63.61,9107.0
2026-09-17T12:50:00+00:00,63.55,63.6,63.55,63.56,3597.0
2026-09-17T12:55:00+00:00,63.52,63.6,63.52,63.56,12352.0
2026-09-17T13:00:00+00:00,63.59,63.59,63.5643,63.5643,553.0
2026-09-17T13:05:00+00:00,63.57,63.58,63.528,63.528,2417.0
2026-09-17T13:10:00+00:00,63.55,63.55,63.5,63.54,28744.0
2026-09-17T13:15:00+00:00,63.55,63.58,63.5232,63.58,1553.0
2026-09-17T13:20:00+00:00,63.54,63.65,63.52,63.52,4315.0
2026-09-17T13:25:00+00:00,63.53,63.56,63.44,63.49,52166.1997
2026-09-17T13:30:00+00:00,63.53,63.5799,63.49,63.5,8831.0
2026-09-17T13:35:00+00:00,63.5,63.98,63.46,63.875,1947389.0339660002
2026-09-17T13:40:00+00:00,63.87,64.0,63.82,63.92,1065053.080965
2026-09-17T13:45:00+00:00,63.92,64.15,63.835,64.1,1019312.3753859999
2026-09-17T13:50:00+00:00,64.11,64.25,64.03,64.06,788398.4962780001
2026-09-17T13:55:00+00:00,64.06,64.125,63.99,64.07,502489.5973760001
2026-09-17T14:00:00+00:00,64.075,64.14,64.0,64.015,548781.419227
2026-09-17T14:05:00+00:00,64.01,64.03,63.82,63.905,785393.4937090001
2026-09-17T14:10:00+00:00,63.905,63.93,63.71,63.735,502046.42268500006
2026-09-17T14:15:00+00:00,63.735,63.805,63.67,63.775,419583.696367
2026-09-17T14:20:00+00:00,63.77,63.87,63.73,63.87,462136.300911
2026-09-17T14:25:00+00:00,63.865,63.935,63.78,63.795,315317.414853
2026-09-17T14:30:00+00:00,63.795,63.83,63.745,63.77,290334.407555
2026-09-17T14:35:00+00:00,63.775,63.8182,63.695,63.81,641735.802002
2026-09-17T14:40:00+00:00,63.81,63.92,63.775,63.89,765384.1321709999
2026-09-17T14:45:00+00:00,63.895,64.0,63.87,63.945,284435.481853
2026-09-17T14:50:00+00:00,63.945,64.04,63.94,64.035,753786.7450420001
2026-09-17T14:55:00+00:00,64.03,64.03,63.9,63.9295,428748.398623
2026-09-17T15:00:00+00:00,63.925,64.06,63.9,64.01,413114.742121
2026-09-17T15:05:00+00:00,64.02,64.02,63.905,63.945,217887.40035699998
2026-09-17T15:10:00+00:00,63.94,63.985,63.915,63.97,415463.133155
2026-09-17T15:15:00+00:00,63.97,64.005,63.935,63.95,615604.1131900001
2026-09-17T15:20:00+00:00,63.945,64.02,63.92,63.995,252888.904713
2026-09-17T15:25:00+00:00,63.995,64.055,63.97,64.04,283314.583312
2026-09-17T15:30:00+00:00,64.05,64.07,63.985,64.06,746113.7357419999
2026-09-17T15:35:00+00:00,64.06,64.1,64.035,64.055,365311.63932
2026-09-17T15:40:00+00:00,64.055,64.065,63.99,64.03,604362.2744829999
2026-09-17T15:45:00+00:00,64.035,64.09,64.03,64.055,221368.92954100002
2026-09-17T15:50:00+00:00,64.055,64.055,63.99,64.025,534957.535808
2026-09-17T15:55:00+00:00,64.025,64.03,63.98,64.005,356497.682378
2026-09-17T16:00:00+00:00,64.0038,64.03,63.99,64.03,393313.57889999996
2026-09-17T16:05:00+00:00,64.0399,64.045,63.97,64.0,602074.190545
2026-09-17T16:10:00+00:00,64.0,64.0697,63.965,64.065,287913.747454
2026-09-17T16:15:00+00:00,64.06,64.075,64.02,64.035,490750.93843300006
2026-09-17T16:20:00+00:00,64.035,64.14,64.03,64.115,434619.497825
2026-09-17T16:25:00+00:00,64.11,64.11,64.055,64.095,266322.64945
2026-09-17T16:30:00+00:00,64.095,64.145,64.09,64.14,343859.62500800006
2026-09-17T16:35:00+00:00,64.145,64.22,64.145,64.185,263137.737488
2026-09-17T16:40:00+00:00,64.185,64.19,64.095,64.105,413554.612779
2026-09-17T16:45:00+00:00,64.105,64.2073,64.1,64.19,328193.235205
2026-09-17T16:50:00+00:00,64.2,64.24,64.185,64.21,1497572.053259
2026-09-17T16:55:00+00:00,64.21,64.255,64.21,64.21,117466.58523
2026-09-17T17:00:00+00:00,64.205,64.285,64.195,64.2741,521443.9183840001
2026-09-17T17:05:00+00:00,64.2799,64.28,64.21,64.235,409751.62541299994
2026-09-17T17:10:00+00:00,64.2377,64.28,64.22,64.25,133477.710091
2026-09-17T17:15:00+00:00,64.255,64.31,64.24,64.305,245948.357349
2026-09-17T17:20:00+00:00,64.305,64.34,64.28,64.33,196898.73852199997
2026-09-17T17:25:00+00:00,64.33,64.36,64.295,64.3448,214983.09477700002
2026-09-17T17:30:00+00:00,64.35,64.355,64.315,64.325,144377.38898400002
2026-09-17T17:35:00+00:00,64.32,64.33,64.285,64.32,218341.089847
2026-09-17T17:40:00+00:00,64.315,64.325,64.3,64.305,156751.975556
2026-09-17T17:45:00+00:00,64.305,64.32,64.28,64.295,142721.169287
2026-09-17T17:50:00+00:00,64.3,64.32,64.28,64.3,168347.59873
2026-09-17T17:55:00+00:00,64.295,64.345,64.295,64.345,188465.67145999998
2026-09-17T18:00:00+00:00,64.345,64.39,64.33,64.385,136970.608812
2026-09-17T18:05:00+00:00,64.39,64.445,64.39,64.435,200201.287582
2026-09-17T18:10:00+00:00,64.435,64.44,64.4,64.435,234179.45197300002
2026-09-17T18:15:00+00:00,64.435,64.475,64.425,64.465,163055.75054500002
2026-09-17T18:20:00+00:00,64.47,64.5,64.46,64.495,189646.189682
2026-09-17T18:25:00+00:00,64.495,64.495,64.45,64.475,143135.343967
2026-09-17T18:30:00+00:00,64.47,64.52,64.44,64.51,159616.57642899998
2026-09-17T18:35:00+00:00,64.515,64.52,64.45,64.455,250048.50280799996
2026-09-17T18:40:00+00:00,64.46,64.46,64.41,64.415,168049.788508
2026-09-17T18:45:00+00:00,64.41,64.42,64.37,64.395,130618.26618499999
2026-09-17T18:50:00+00:00,64.39,64.465,64.37,64.455,151783.385362
2026-09-17T18:55:00+00:00,64.455,64.46,64.385,64.385,138178.81459
2026-09-17T19:00:00+00:00,64.385,64.445,64.38,64.43,166512.289399
2026-09-17T19:05:00+00:00,64.43,64.455,64.4,64.44,227429.046337
2026-09-17T19:10:00+00:00,64.435,64.47,64.435,64.46,216500.423678
2026-09-17T19:15:00+00:00,64.46,64.47,64.4,64.4,242743.276135
2026-09-17T19:20:00+00:00,64.395,64.44,64.38,64.395,264843.239514
2026-09-17T19:25:00+00:00,64.4,64.405,64.35,64.365,204717.16071900004
2026-09-17T19:30:00+00:00,64.37,64.3899,64.35,64.38,224804.119852
2026-09-17T19:35:00+00:00,64.38,64.405,64.375,64.405,264101.285388
2026-09-17T19:40:00+00:00,64.405,64.44,64.395,64.44,281657.961987
2026-09-17T19:45:00+00:00,64.435,64.47,64.42,64.425,249139.02463300002
2026-09-17T19:50:00+00:00,64.425,64.44,64.38,64.39,291809.705173
2026-09-17T19:55:00+00:00,64.38,64.46,64.37,64.445,937375.5654540001
2026-09-17T20:00:00+00:00,64.445,64.475,64.42,64.46,1971999.5812559999
2026-09-17T20:05:00+00:00,64.475,64.66,64.41,64.58,286716.931754
2026-09-17T20:10:00+00:00,64.5858,64.59,64.53,64.57,2923.0
2026-09-17T20:15:00+00:00,64.57,64.59,64.57,64.59,2126.791953
2026-09-17T20:20:00+00:00,64.6,64.6,64.6,64.6,111.0
2026-09-17T20:25:00+00:00,64.59,64.61,64.59,64.6,2803.0
2026-09-17T20:30:00+00:00,64.61,64.6897,64.6011,64.64,19956.0
2026-09-17T20:35:00+00:00,64.65,64.66,64.6446,64.6446,19712.0
2026-09-17T20:40:00+00:00,64.65,64.69,64.64,64.67,17017.0
2026-09-17T20:45:00+00:00,64.65,64.65,64.6,64.6,6927.0
2026-09-17T20:50:00+00:00,64.62,64.64,64.62,64.64,1372.0
2026-09-17T21:00:00+00:00,64.57,64.57,64.57,64.57,483.0
2026-09-17T21:05:00+00:00,64.59,64.59,64.59,64.59,140.0
2026-09-17T21:10:00+00:00,64.5401,64.61,64.5401,64.61,4246.0
2026-09-17T21:30:00+00:00,64.61,64.61,64.61,64.61,486.0
2026-09-17T22:00:00+00:00,64.57,64.57,64.57,64.57,300.0
2026-09-17T22:10:00+00:00,64.61,64.61,64.61,64.61,605.0
2026-09-17T22:15:00+00:00,64.6,64.6,64.6,64.6,245.0
2026-09-17T22:25:00+00:00,64.6,64.6,64.57,64.57,4818.0
2026-09-17T22:35:00+00:00,64.6121,64.6123,64.6121,64.6123,557.0
2026-09-17T22:40:00+00:00,64.58,64.58,64.58,64.58,201.0
2026-09-17T22:45:00+00:00,64.59,64.59,64.58,64.58,633.0
2026-09-17T22:50:00+00:00,64.58,64.58,64.58,64.58,210.0
2026-09-17T23:00:00+00:00,64.6,64.6,64.6,64.6,278.0
2026-09-17T23:10:00+00:00,64.5946,64.6165,64.5946,64.6165,668.0
2026-09-17T23:15:00+00:00,64.59,64.59,64.59,64.59,100.0
2026-09-17T23:25:00+00:00,64.6,64.6,64.6,64.6,202.0
2026-09-17T23:30:00+00:00,64.6,64.62,64.6,64.62,320.0
2026-09-17T23:35:00+00:00,64.619,64.619,64.619,64.619,155.0
2026-09-17T23:45:00+00:00,64.6323,64.6323,64.6323,64.6323,309.0
2026-09-17T23:50:00+00:00,64.5962,64.5962,64.5962,64.5962,100.0
2026-09-18T08:05:00+00:00,63.87,64.4,63.8,63.84,21198.258549
2026-09-18T08:10:00+00:00,63.96,63.99,63.95,63.95,620.0
2026-09-18T08:15:00+00:00,63.96,63.96,63.91,63.91,300.0
2026-09-18T08:20:00+00:00,63.94,63.94,63.87,63.94,1661.0
2026-09-18T08:25:00+00:00,63.96,64.0,63.96,64.0,418.0
2026-09-18T08:30:00+00:00,63.995,64.0,63.99,64.0,553.0
2026-09-18T08:35:00+00:00,64.01,64.04,64.01,64.03,595.0
2026-09-18T08:40:00+00:00,64.03,64.03,64.03,64.03,300.0
2026-09-18T08:45:00+00:00,64.05,64.05,64.05,64.05,117.0
2026-09-18T08:50:00+00:00,64.05,64.05,64.05,64.05,468.0
2026-09-18T09:05:00+00:00,64.1,64.1,64.1,64.1,900.0
2026-09-18T09:15:00+00:00,64.01,64.03,64.0,64.0,593.213594
2026-09-18T09:30:00+00:00,63.95,63.95,63.93,63.93,1785.0
2026-09-18T09:35:00+00:00,63.94,63.97,63.94,63.97,899.11
2026-09-18T09:45:00+00:00,63.99,63.99,63.99,63.99,234.0
2026-09-18T09:55:00+00:00,64.01,64.03,64.0,64.01,4200.0
2026-09-18T10:00:00+00:00,64.0,64.0,64.0,64.0,151.0
2026-09-18T10:25:00+00:00,64.0,64.0,64.0,64.0,311.0
2026-09-18T10:30:00+00:00,63.96,63.96,63.95,63.95,3988.0
2026-09-18T10:35:00+00:00,63.96,63.96,63.95,63.95,476.0
2026-09-18T10:40:00+00:00,63.91,63.91,63.89,63.89,3027.0
2026-09-18T10:50:00+00:00,63.93,63.94,63.89,63.9,1898.0
2026-09-18T10:55:00+00:00,63.91,63.91,63.88,63.88,7680.0
2026-09-18T11:00:00+00:00,63.8803,63.8803,63.8803,63.8803,117.0
2026-09-18T11:05:00+00:00,63.92,63.92,63.92,63.92,300.0
2026-09-18T11:10:00+00:00,63.9734,64.09,63.94,64.02,12622.0
2026-09-18T11:15:00+00:00,64.06,64.0843,64.06,64.0843,3417.0
2026-09-18T11:20:00+00:00,64.09,64.12,64.09,64.11,5171.0
2026-09-18T11:25:00+00:00,64.11,64.2,64.0648,64.12,23512.0
2026-09-18T11:30:00+00:00,64.12,64.15,64.12,64.13,19560.077884
2026-09-18T11:35:00+00:00,64.13,64.15,64.12,64.12,12773.0
2026-09-18T11:40:00+00:00,64.16,64.16,64.12,64.12,2947.167
2026-09-18T11:45:00+00:00,64.1479,64.15,64.12,64.15,4245.0
2026-09-18T11:50:00+00:00,64.16,64.19,64.14,64.19,526.0
2026-09-18T11:55:00+00:00,64.12,64.13,64.12,64.12,3266.0
2026-09-18T12:00:00+00:00,64.12,64.15,64.09,64.15,11617.0
2026-09-18T12:05:00+00:00,64.07,64.07,64.04,64.04,7002.0
2026-09-18T12:10:00+00:00,64.03,64.18,63.9856,64.1,4612.79699
2026-09-18T12:15:00+00:00,64.13,64.18,64.06,64.11,8107.0
2026-09-18T12:20:00+00:00,64.18,64.18,64.09,64.0991,906.0
2026-09-18T12:25:00+00:00,64.1,64.19,64.1,64.19,55239.0
2026-09-18T12:30:00+00:00,64.17,64.2,64.16,64.16,5593.0
2026-09-18T12:35:00+00:00,64.1924,64.2,64.19,64.2,3821.0
2026-09-18T12:40:00+00:00,64.2,64.27,64.16,64.2003,3491.0
2026-09-18T12:45:00+00:00,64.2699,64.2699,64.25,64.26,1671.0
2026-09-18T12:50:00+00:00,64.26,64.29,64.23,64.23,14517.0
2026-09-18T13:00:00+00:00,64.18,64.21,64.18,64.21,596.237696
2026-09-18T13:05:00+00:00,64.235,64.44,64.2103,64.33,81282.0
2026-09-18T13:10:00+00:00,64.33,64.45,64.33,64.39,18750.0
2026-09-18T13:15:00+00:00,64.39,64.43,64.39,64.43,4414.0
2026-09-18T13:20:00+00:00,64.47,64.48,64.4,64.4,3561.0
2026-09-18T13:25:00+00:00,64.3895,64.3895,64.36,64.37,1305.0
2026-09-18T13:30:00+00:00,64.44,64.52,64.24,64.24,9785.125
2026-09-18T13:35:00+00:00,64.2,64.42,64.11,64.16,1408619.1842729999
2026-09-18T13:40:00+00:00,64.155,64.27,64.1,64.15,481526.766288
2026-09-18T13:45:00+00:00,64.15,64.5,64.14,64.445,539537.460229
2026-09-18T13:50:00+00:00,64.445,64.48,64.37,64.425,236439.47291299998
2026-09-18T13:55:00+00:00,64.43,64.505,64.29,64.299,313103.240906
2026-09-18T14:00:00+00:00,64.29,64.33,64.205,64.315,422117.462209
2026-09-18T14:05:00+00:00,64.32,64.46,64.28,64.375,880926.23262
2026-09-18T14:10:00+00:00,64.38,64.39,64.26,64.345,334850.218226
2026-09-18T14:15:00+00:00,64.345,64.44,64.34,64.395,181489.113007
2026-09-18T14:20:00+00:00,64.4,64.465,64.375,64.4151,334511.061994
2026-09-18T14:25:00+00:00,64.41,64.45,64.33,64.37,349888.527584
2026-09-18T14:30:00+00:00,64.37,64.48,64.36,64.4497,253437.3161
2026-09-18T14:35:00+00:00,64.45,64.53,64.45,64.485,280444.183837
2026-09-18T14:40:00+00:00,64.485,64.555,64.45,64.555,296376.84811799997
2026-09-18T14:45:00+00:00,64.555,64.65,64.52,64.645,276420.50338999997
2026-09-18T14:50:00+00:00,64.645,64.71,64.605,64.675,376019.22555299994
2026-09-18T14:55:00+00:00,64.67,64.685,64.38,64.39,1194738.732088
2026-09-18T15:00:00+00:00,64.395,64.565,64.395,64.56,209997.259005
2026-09-18T15:05:00+00:00,64.555,64.61,64.46,64.505,227031.004822
2026-09-18T15:10:00+00:00,64.505,64.654158,64.5,64.654158,213202.831162
2026-09-18T15:15:00+00:00,64.645,64.705,64.61,64.69,271729.108216
2026-09-18T15:20:00+00:00,64.695,64.725,64.685,64.69,247530.606543
2026-09-18T15:25:00+00:00,64.69,64.705,64.645,64.68,180530.100229
2026-09-18T15:30:00+00:00,64.675,64.7,64.625,64.69,215793.684003
2026-09-18T15:35:00+00:00,64.69,64.74,64.69,64.74,232529.66906599997
2026-09-18T15:40:00+00:00,64.735,64.75,64.61,64.615,148691.41997699998
2026-09-18T15:45:00+00:00,64.615,64.63,64.561,64.6,126242.273176
2026-09-18T15:50:00+00:00,64.605,64.655,64.585,64.615,130374.065146
2026-09-18T15:55:00+00:00,64.615,64.655,64.61,64.65,192069.90795000002
2026-09-18T16:00:00+00:00,64.6499,64.7,64.635,64.7,143177.265509
2026-09-18T16:05:00+00:00,64.7,64.71,64.65,64.655,145224.192611
2026-09-18T16:10:00+00:00,64.655,64.69,64.595,64.63,235152.80024799999
2026-09-18T16:15:00+00:00,64.63,64.65,64.575,64.595,110471.584007
2026-09-18T16:20:00+00:00,64.6,64.64,64.56,64.572,178824.44606999998
2026-09-18T16:25:00+00:00,64.575,64.59,64.555,64.57,131320.401308
2026-09-18T16:30:00+00:00,64.565,64.5659,64.375,64.455,319844.376402
2026-09-18T16:35:00+00:00,64.455,64.55,64.43,64.49,1245796.098557
2026-09-18T16:40:00+00:00,64.5,64.55,64.4138,64.42,256300.16933400003
2026-09-18T16:45:00+00:00,64.42,64.43,64.35,64.41,229536.090294
2026-09-18T16:50:00+00:00,64.4,64.415,64.355,64.38,423187.59256599995
2026-09-18T16:55:00+00:00,64.37,64.435,64.36,64.38,351968.22231399996
2026-09-18T17:00:00+00:00,64.38,64.415,64.3403,64.395,165021.961228
2026-09-18T17:05:00+00:00,64.395,64.4,64.34,64.3501,323746.936498
2026-09-18T17:10:00+00:00,64.36,64.36,64.305,64.305,94747.272031
2026-09-18T17:15:00+00:00,64.3,64.375,64.3,64.345,152301.395715
2026-09-18T17:20:00+00:00,64.345,64.36,64.28,64.305,364399.960895
2026-09-18T17:25:00+00:00,64.31,64.345,64.3,64.345,157334.323421
2026-09-18T17:30:00+00:00,64.345,64.4,64.335,64.4,128194.79928100001
2026-09-18T17:35:00+00:00,64.4,64.435,64.4,64.425,236957.255125
2026-09-18T17:40:00+00:00,64.43,64.445,64.41,64.42,214938.51244700002
2026-09-18T17:45:00+00:00,64.42,64.425,64.38,64.385,196772.646741
2026-09-18T17:50:00+00:00,64.385,64.41,64.38,64.385,190717.481517
2026-09-18T17:55:00+00:00,64.385,64.44,64.385,64.405,241479.242041
2026-09-18T18:00:00+00:00,64.405,64.41,64.34,64.375,201234.70958599998
2026-09-18T18:05:00+00:00,64.375,64.39,64.345,64.355,365492.971672
2026-09-18T18:10:00+00:00,64.355,64.43,64.32,64.39,224716.00720599998
2026-09-18T18:15:00+00:00,64.39,64.42,64.365,64.395,170222.96262099998
2026-09-18T18:20:00+00:00,64.395,64.48,64.375,64.46,148545.849587
2026-09-18T18:25:00+00:00,64.46,64.46,64.4,64.435,139379.496735
2026-09-18T18:30:00+00:00,64.435,64.48,64.42,64.455,189502.368974
2026-09-18T18:35:00+00:00,64.455,64.46,64.39,64.395,213542.779477
2026-09-18T18:40:00+00:00,64.395,64.395,64.35,64.385,155618.112693
2026-09-18T18:45:00+00:00,64.38,64.405,64.33,64.365,496165.073399
2026-09-18T18:50:00+00:00,64.365,64.43,64.34,64.3799,136394.917554
2026-09-18T18:55:00+00:00,64.375,64.425,64.35,64.4,162624.11582099998
2026-09-18T19:00:00+00:00,64.405,64.41,64.355,64.36,137605.080969
2026-09-18T19:05:00+00:00,64.355,64.37,64.28,64.2997,273391.085652
2026-09-18T19:10:00+00:00,64.295,64.35,64.29,64.32,424952.18469100003
2026-09-18T19:15:00+00:00,64.315,64.4,64.305,64.315,270483.889422
2026-09-18T19:20:00+00:00,64.315,64.33,64.26,64.285,297892.655144
2026-09-18T19:25:00+00:00,64.285,64.34,64.205,64.235,178279.11669599998
2026-09-18T19:30:00+00:00,64.23,64.25,64.21,64.24,232087.007175
2026-09-18T19:35:00+00:00,64.235,64.28,64.215,64.28,404274.856626
2026-09-18T19:40:00+00:00,64.275,64.37,64.255,64.37,327479.55513
2026-09-18T19:45:00+00:00,64.37,64.389,64.29,64.32,462728.87228999997
2026-09-18T19:50:00+00:00,64.31,64.32,64.24,64.24,765636.8291150001
2026-09-18T19:55:00+00:00,64.24,64.34,64.16,64.3,1228134.872517
2026-09-18T20:00:00+00:00,64.295,64.35,64.24,64.32,2204242.58453
2026-09-18T20:05:00+00:00,64.33,64.36,64.31,64.3506,47203.227963000005
2026-09-18T20:10:00+00:00,64.4191,64.4191,64.31,64.31,1228181.0
2026-09-18T20:15:00+00:00,64.2183,64.25,64.2,64.2,21145.533942000002
2026-09-18T20:20:00+00:00,64.2,64.2097,64.15,64.17,18937.0
2026-09-18T20:25:00+00:00,64.25,64.25,64.25,64.25,154.0
2026-09-18T20:30:00+00:00,64.15,64.34,64.15,64.31,9187.0
2026-09-18T20:40:00+00:00,64.11,64.11,64.11,64.11,105.0
2026-09-18T20:50:00+00:00,64.2781,64.2781,64.2781,64.2781,356.0
2026-09-18T20:55:00+00:00,64.11,64.25,64.11,64.25,2292.0
2026-09-18T21:00:00+00:00,64.3537,64.3537,64.3537,64.3537,93009.5
2026-09-18T21:05:00+00:00,64.24,64.25,64.24,64.25,784.0
2026-09-18T21:10:00+00:00,64.23,64.25,64.23,64.25,2932.0
2026-09-18T21:15:00+00:00,64.25,64.25,64.25,64.25,124.0
2026-09-18T21:25:00+00:00,64.25,64.25,64.25,64.25,177.0
2026-09-18T21:30:00+00:00,64.25,64.25,64.25,64.25,1807.0
2026-09-18T21:40:00+00:00,64.234,64.24,64.234,64.24,1600.0
2026-09-18T21:50:00+00:00,64.25,64.25,64.25,64.25,250.0
2026-09-18T21:55:00+00:00,64.25,64.25,64.25,64.25,4050.0
2026-09-18T22:00:00+00:00,64.2302,64.25,64.19,64.25,5342.0
2026-09-18T22:05:00+00:00,64.22,64.22,64.22,64.22,2400.0
2026-09-18T22:15:00+00:00,64.24,64.24,64.17,64.17,1112.0
2026-09-18T22:30:00+00:00,64.24,64.25,64.24,64.25,700.0
2026-09-18T22:35:00+00:00,64.2491,64.2491,64.2491,64.2491,209.0
2026-09-18T23:10:00+00:00,64.33,64.33,64.33,64.33,165.0
2026-09-18T23:35:00+00:00,64.21,64.21,64.11,64.11,716.5
2026-09-18T23:55:00+00:00,64.198,64.198,64.198,64.198,3000.0
2026-09-19T00:00:00+00:00,64.31,64.31,64.26,64.26,1938.0
