2024-09-20,80101,30,0,1,72,-29,4787 0,20,66,-45,5793 2,58,13,35,4358 0,3,91,-88,5789 2,37,53,-15,9550 0,57,34,16,6448 0,60,19,49,5860 0,142,18,137,11563 -1,52,20,46,11674 1,89,21,82,13575 2,5,247,-204,20528 -3,78,37,52,18551 0,190,19,6,105842 1,150,211,-110,88088 0,43,150,-34,72082 0,65,142,-119,62358 -1,50,214,-193,59110 -1,31,249,-60,68767 -1,314,24,273,65140 -2,115,94,87,41930 -2,95,67,80,32726 0,46,59,42,25134 1,39,116,-91,32495 0,76,60,-1,27374 -1,104,17,17,25065 1,11,250,-212,37138 -2,77,68,-1,30934 -1,39,80,14,28337 0,201,7,157,35242 -1,220,2,162,41120
2024-09-23,80243,30,0,89,25,70,5850 1,42,24,-16,5047 -3,41,17,18,3300 0,51,6,9,3305 1,11,131,-93,7054 1,65,53,9,6402 0,64,32,53,5402 1,58,40,40,7917 -2,11,95,0,7308 2,50,33,-30,8134 -1,92,31,27,11378 0,11,115,-23,13713 -1,98,179,95,85765 0,23,225,-59,79233 2,137,156,59,79397 0,56,175,17,66520 2,85,234,-125,67073 3,90,85,73,44575 2,105,11,46,34121 0,83,79,-68,31411 -2,10,194,-88,44939 0,47,107,-20,33047 -2,24,167,-75,36120 1,67,56,2,26331 0,98,46,56,24402 2,96,0,85,22715 -1,25,83,-43,20594 2,41,22,28,15146 0,51,32,-25,16875 -2,65,43,28,18754
2024-09-24,80559,30,0,45,48,-6,6759 -2,11,61,-7,4814 0,40,3,21,4089 0,57,60,-29,6635 0,6,314,-300,18960 -2,132,32,130,12232 2,142,11,104,11583 1,13,71,-25,9586 1,51,57,-10,9158 1,14,94,3,10823 1,89,14,89,11254 0,44,24,9,13980 1,75,164,-132,84454 2,70,472,-365,95510 1,143,192,-100,82117 3,153,142,124,76500 -2,288,0,270,60580 0,159,9,119,46464 0,199,13,194,50083 -1,205,8,126,65305 -1,57,94,-23,29896 -1,95,29,26,26561 0,19,179,-95,32772 -4,89,22,8,21061 0,86,18,-13,20734 -2,57,47,-18,21890 -2,8,115,-70,25212 1,51,151,-38,33171 0,96,16,68,20586 1,20,53,-10,15852
2024-09-25,80355,30,0,88,11,60,4462 -1,106,13,100,6166 1,30,25,-19,5208 -1,35,60,-27,4944 0,87,7,76,6725 2,10,50,-28,4328 1,6,36,-18,3383 -3,72,2,22,5756 1,68,21,47,6679 1,56,22,2,8873 -1,41,13,34,7835 -1,4,45,-40,7231 0,260,10,203,103032 0,243,64,215,73476 0,110,84,-71,69206 -2,90,86,-63,58049 -2,139,24,124,42668 -1,0,166,-155,44019 -2,158,36,24,45974 -1,7,152,-57,49735 -2,92,30,65,26450 -2,20,128,-111,29928 -1,78,182,-21,39961 -1,54,73,24,24011 -1,35,167,-113,35395 -1,216,15,106,37697 0,78,136,77,28960 1,14,67,-8,17659 1,12,94,-47,18525 0,25,49,-15,15843
2024-09-26,81868,30,0,43,22,16,4399 0,3,40,-28,3035 0,60,14,51,3253 -1,62,21,50,5479 1,46,52,-5,8545 -1,37,36,29,5345 -1,38,41,-10,8131 0,15,116,-108,8530 -2,173,10,115,11351 8,118,69,22,20034 1,134,13,132,15237 -2,16,127,-121,17121 -1,59,393,-308,116969 -1,48,180,-86,76083 -2,63,263,-231,71833 -2,83,252,-158,96453 -2,50,471,-104,119922 -1,10,230,-98,60258 -1,153,114,66,45244 0,213,20,54,50796 -1,30,167,-111,40599 -2,52,113,-17,32041 1,52,75,-56,23936 0,86,196,47,45395 2,137,13,132,30822 -4,52,49,43,22503 2,214,18,209,35484 1,9,113,-95,24582 2,110,8,59,23600 1,97,6,30,26955
2024-09-27,81186,30,0,48,64,45,4996 -1,50,33,48,4382 -2,14,97,-87,4268 4,4,66,-5,4834 0,48,28,40,4032 1,46,41,27,4474 2,85,1,82,6588 1,106,33,91,10194 1,35,32,4,7231 2,145,68,111,27878 -1,14,123,0,17329 -2,23,73,-38,13891 -1,24,267,-71,97920 1,65,190,-105,74996 1,24,194,-80,74384 -1,87,163,-29,68560 -2,61,125,-99,46005 5,24,144,-48,52608 1,64,114,-69,44066 1,15,107,-89,44433 0,116,84,84,43528 -1,68,28,18,27281 1,113,37,-12,31312 -1,36,87,-85,25586 0,63,55,29,24012 0,217,5,70,35067 0,12,235,-224,38703 0,145,111,118,52792 0,133,27,49,32266 1,39,103,-11,27785
2024-09-30,80806,30,0,43,55,4,5196 1,41,23,9,3574 0,52,16,-1,3882 -2,18,89,-44,5371 -2,41,98,-87,7045 -2,2,89,-54,10279 1,37,126,-123,10659 -1,166,33,154,13162 -2,11,68,-8,9103 -1,36,58,-3,10096 3,78,3,69,11499 0,40,49,0,12659 -1,340,42,287,79702 0,46,349,-253,76837 -1,65,239,-11,68996 1,101,90,-17,64240 0,134,36,-12,44541 0,199,28,196,40076 3,30,240,-19,51771 1,92,74,41,32546 -1,87,60,19,32314 -2,18,112,-50,25972 -1,49,142,-138,27618 1,56,84,-55,33173 -2,49,25,47,21814 0,115,48,28,35480 0,0,548,-408,99284 0,323,77,264,66602 -1,67,158,-53,46170 -2,70,101,38,32535
2024-10-01,81102,30,0,22,27,-10,3097 0,39,8,27,2710 -2,74,2,60,4469 1,36,20,31,3536 1,89,26,36,9281 2,21,123,-114,9641 1,17,111,-76,10160 4,79,5,46,8939 0,38,59,-37,7939 -1,18,58,-6,10313 0,56,13,37,8029 1,11,140,-95,16354 0,57,890,-837,155129 2,145,333,-324,130461 0,92,321,-224,132364 -1,235,155,135,99241 -3,24,400,-393,82142 0,222,91,211,72538 0,328,53,190,74797 1,143,125,110,47606 2,107,168,-59,48881 -4,38,394,-303,69252 0,312,25,37,63161 4,59,176,-133,44561 -1,377,40,270,53895 -2,464,25,419,53431 3,140,42,129,38198 2,83,112,-45,38664 3,66,93,28,29359 -1,16,156,-71,28760
2024-10-02,79700,30,0,37,59,-49,3631 -1,14,113,-67,7085 -2,133,70,124,8460 -3,131,4,110,8675 -3,79,113,-99,9236 0,162,8,158,8591 -2,40,80,-17,7468 0,0,148,-140,9652 -1,191,8,18,14736 -2,322,2,234,23033 1,59,182,-163,26391 0,31,107,-24,21529 1,95,439,-123,140648 0,251,85,133,97014 2,269,20,233,89767 0,199,77,187,75548 1,21,288,-91,75577 1,242,9,104,63157 1,73,35,40,34917 0,74,137,11,39351 0,68,131,6,35009 -1,4,211,-193,34344 1,39,187,-131,40099 2,132,66,110,35382 2,44,196,32,41074 0,134,1,115,28424 0,12,272,-134,33408 2,51,73,30,24492 1,35,58,24,19636 0,58,28,50,17894
2024-10-03,79671,30,0,37,29,-10,4074 1,62,51,21,5150 1,25,66,8,4246 1,26,31,11,3881 0,153,3,94,10258 0,27,78,-10,8898 -2,98,26,49,9128 1,93,8,33,10556 2,63,27,2,9756 0,107,141,-69,26275 -2,2,171,-87,22313 0,1,121,-65,20117 -1,376,71,321,103272 -1,485,45,467,95389 0,24,691,-587,146253 -1,267,197,57,120838 -2,224,196,-19,75653 -1,167,101,88,50821 0,236,11,154,44585 1,113,52,18,31764 2,62,63,-13,23022 0,5,432,-383,51711 2,45,236,-85,58981 -2,290,56,115,47374 2,124,107,-15,34017 -1,137,24,72,21304 0,37,139,-32,25393 0,54,67,13,18445 -2,51,139,-87,22452 -2,60,73,-36,21805
2024-10-04,80055,30,0,43,17,21,3343 2,151,17,131,7115 4,78,8,14,7245 -2,87,24,-22,5664 0,67,30,24,5869 0,78,23,72,4831 0,41,68,-37,7455 -4,25,52,-29,6379 1,96,14,96,7285 0,541,72,516,65974 2,191,10,121,35988 2,85,81,-56,26499 -1,49,165,-55,101246 0,24,733,-702,135761 -1,334,100,3,108851 1,252,82,209,89391 0,277,20,182,68150 0,39,365,-306,69983 1,122,107,-49,57053 1,402,4,182,58141 -2,95,47,40,37689 1,314,39,273,50849 0,16,146,-134,34131 2,126,11,24,25398 -2,108,244,22,53073 -4,24,161,-106,34226 0,101,114,93,35611 0,26,40,5,20914 -2,107,0,88,24426 1,141,41,109,27553
2024-10-07,80256,30,0,106,3,55,6637 -2,94,7,12,6132 1,76,20,49,4314 -2,50,13,20,5041 1,29,70,-1,7596 -2,31,59,-5,5400 1,44,41,28,5387 2,71,6,61,9425 1,60,12,19,7966 1,77,26,52,10400 0,27,97,17,15009 0,25,59,-15,13215 -1,107,146,-10,107663 0,67,183,-29,87658 0,225,56,210,67316 -2,34,180,-115,59548 0,130,124,-35,62849 -2,108,46,83,35404 -1,56,79,-55,34056 0,65,83,-57,26595 -2,138,102,86,34605 0,13,149,-77,27404 -2,97,52,96,21753 1,17,139,-132,21046 -1,48,51,4,18272 0,104,125,-76,35654 -3,75,13,-3,21397 -2,0,495,-434,85714 -2,97,151,58,53843 1,35,91,-64,34501
2024-10-08,80297,30,0,29,55,0,7042 -1,64,7,41,5384 -1,44,15,23,5342 4,14,144,-53,10058 -4,81,11,59,7575 -1,6,87,-52,7291 4,89,0,70,8318 1,29,58,-55,6730 1,9,74,-51,8460 2,14,53,-29,10348 3,38,34,30,10273 1,142,2,125,19638 -1,50,135,8,96385 0,390,71,342,98214 0,37,141,-22,61618 -2,358,21,269,85231 1,39,91,-48,44110 0,17,115,-27,44821 2,35,54,-8,22858 2,110,130,-64,40846 0,100,10,81,23981 -2,49,88,-54,21399 0,62,235,-180,40545 -3,127,41,80,33985 0,82,37,47,21450 0,135,10,103,25080 2,37,42,9,17059 2,121,58,72,26420 -1,105,2,48,27419 0,113,4,84,22052
2024-10-09,81022,30,0,48,11,32,3840 -1,35,33,18,4426 2,77,7,51,5420 4,22,25,20,3382 2,22,71,-49,6253 1,37,15,5,3552 1,16,54,-25,6076 1,24,68,-9,8491 2,18,49,10,6842 2,30,90,-54,11193 2,143,17,131,13572 -2,37,52,-37,17100 2,66,178,-67,104339 2,155,82,75,74188 1,278,0,232,72508 1,57,111,-76,50283 -2,250,39,221,55664 3,79,30,26,33603 0,164,7,139,40036 0,108,94,-4,48264 0,18,206,-28,43080 -1,43,38,3,23381 1,8,134,-65,24915 -1,109,16,80,21155 0,47,37,2,20628 -3,5,248,-46,39904 -1,221,72,202,35591 -1,7,123,-68,27469 0,21,140,-62,23815 -2,109,33,37,21783
2024-10-10,81678,30,0,64,5,-3,4360 0,61,0,52,2265 1,4,58,-48,2860 1,40,50,-40,3279 2,31,19,-1,3677 2,43,41,37,5238 2,42,5,23,3868 1,103,2,91,6910 0,24,138,-66,8041 57,99,500,-317,68167 0,68,80,-22,30758 2,22,66,-15,15174 2,121,213,-193,97152 0,354,41,296,99100 0,124,54,72,68558 -1,71,172,3,58804 -1,44,163,11,52889 1,140,23,107,38726 1,66,67,41,29844 1,185,24,140,37152 1,114,85,-41,37031 -1,20,208,-157,50066 -1,111,103,-48,38390 -2,214,26,170,29820 2,53,156,-129,25941 0,85,198,-33,46891 -2,37,75,-49,21848 1,50,140,16,31103 0,54,89,-58,25965 -2,90,14,76,18240
2024-10-11,81490,30,0,39,30,1,3239 0,15,53,-3,3548 -2,59,25,42,3902 1,31,39,-18,4232 3,35,34,-6,5347 1,12,56,-37,3964 -1,33,13,13,3170 -2,89,25,84,5067 -2,42,43,-14,7932 -7,122,93,-38,29303 1,13,87,-18,16160 -1,7,131,-123,15793 -2,89,109,71,87850 -2,226,137,223,80038 1,269,18,170,80976 0,95,198,-143,61202 1,176,119,117,60593 1,33,178,-80,42222 2,76,24,23,32014 2,140,7,112,30132 -2,26,149,-95,30288 0,16,138,-96,25993 -2,122,45,81,33015 0,28,83,16,19499 0,33,39,8,17030 1,55,51,50,18356 -1,83,7,10,21176 2,27,144,-2,24330 2,137,16,83,21663 1,62,20,10,20375
2024-10-14,81932,30,0,28,18,16,2664 1,71,15,69,5114 0,89,15,30,6549 -2,49,6,-2,3822 0,21,50,-44,4987 2,24,10,-3,2919 1,72,4,56,5203 -1,2,49,-28,4937 2,45,0,28,4352 0,74,14,58,6609 -1,130,2,117,13205 0,34,37,-28,13303 1,364,41,354,86006 0,162,29,0,60374 2,24,192,8,62166 -1,30,134,-125,38194 1,15,334,-205,75948 -2,112,112,-50,44570 -1,107,85,95,38796 0,120,8,102,28330 2,47,72,33,21481 -1,49,24,33,16252 1,46,54,-19,23248 1,23,65,0,18928 -1,33,54,19,13494 0,65,66,18,15737 -2,35,38,-6,15469 1,105,16,70,18540 -1,7,67,-21,17209 1,44,40,44,13618
2024-10-15,82337,30,0,30,38,-14,3205 0,89,25,56,6388 1,20,66,-10,5051 -1,110,1,99,6854 0,19,36,12,5005 -2,2,85,-71,6268 -1,46,32,4,5900 0,88,2,75,5644 2,35,40,-18,6980 2,19,54,-11,7309 0,113,6,112,11453 1,35,68,-47,14337 1,110,104,-44,86437 1,144,52,1,70588 4,1,449,-426,104530 0,0,737,-445,167448 -2,183,134,-113,80130 0,289,38,84,53745 0,148,106,-68,47513 3,81,170,33,48829 1,94,55,-15,30823 0,124,37,1,25626 0,16,86,-76,23721 0,46,129,-64,29578 0,156,45,86,25547 -2,69,82,-27,26829 2,85,79,-7,25823 2,53,96,-75,21036 -1,40,312,-202,52427 1,100,92,-2,31713
2024-10-16,81428,30,0,45,19,17,4683 0,30,25,-18,3342 0,37,35,15,2930 -2,31,10,15,1982 1,23,30,19,2500 -1,64,1,49,4054 0,20,54,-33,5998 -1,27,39,-9,6304 -2,3,73,-32,5521 1,5,82,-27,8187 0,60,24,42,9633 -2,52,76,-48,14850 1,17,501,-420,124425 1,154,173,154,105269 0,250,40,179,84272 0,49,344,-216,84665 -1,120,52,32,55432 -2,162,3,111,47368 -1,66,130,-104,41388 -2,46,64,24,32430 1,69,70,49,25727 0,72,41,-27,24441 2,198,0,110,30125 -1,32,91,-55,26540 0,111,13,100,21878 2,17,76,-27,18930 -2,198,6,161,33736 0,37,69,-22,19865 2,25,55,-18,17152 4,33,82,-53,18630
2024-10-17,81936,30,0,40,65,13,5811 1,59,12,51,3813 -3,66,12,43,5656 2,48,22,25,4677 0,74,37,-21,10251 2,34,35,3,5261 -2,46,20,-17,5788 0,74,11,53,6633 1,81,46,-16,10168 7,122,32,55,23634 1,244,12,221,26638 1,2,67,-63,20688 -1,12,682,-387,150507 -1,116,421,-396,117242 0,349,47,267,87247 0,48,235,-153,71634 1,97,146,73,59174 0,128,46,115,45740 1,102,35,57,38832 0,247,10,135,48437 2,16,113,-70,27926 1,27,149,-12,34247 3,63,115,7,32442 1,12,65,-45,16226 -2,103,8,95,15414 0,21,358,-341,47498 -2,68,145,-65,51291 -1,90,113,54,36880 3,112,38,49,31438 -1,28,160,-156,26005
2024-10-18,81790,30,0,6,60,-6,5296 -2,8,97,-68,5448 0,60,40,51,4553 1,34,15,33,3855 -1,13,52,-40,4580 0,143,2,107,8113 -1,51,0,39,5553 0,17,78,-42,6798 2,40,31,22,5400 0,59,4,46,10200 -2,39,40,34,7959 -1,77,125,-98,32204 0,181,132,-53,117804 2,264,23,242,73013 1,37,186,-58,64108 -1,30,119,-3,43338 0,0,187,-22,54121 0,94,42,81,32523 3,72,166,-152,50322 -1,40,89,-43,31503 2,13,93,-16,27928 0,137,5,116,25290 0,134,8,92,36820 0,30,108,-85,26263 1,51,38,24,17838 1,11,188,-45,25787 1,86,5,56,19931 0,19,52,-41,16769 0,18,90,-31,20603 1,48,29,26,14609
2024-10-21,81690,30,0,47,110,16,9004 -1,43,45,-11,5317 -1,34,21,-15,3345 2,43,179,-136,11715 1,0,96,-37,10436 2,15,126,-107,11240 0,58,33,42,8737 0,40,42,36,7126 0,104,23,88,12848 1,58,36,52,11544 -2,21,36,18,9362 0,84,4,75,14014 -2,260,19,251,100708 0,187,72,149,75368 -1,107,106,-80,70025 2,21,505,-331,106815 0,67,285,-273,83583 -2,158,46,16,54786 0,301,31,284,48952 0,135,14,91,47093 -5,28,81,-38,28347 -2,53,71,10,20112 -1,142,5,120,25583 1,66,80,-14,26633 -2,71,3,59,15393 0,44,58,-44,20983 0,78,83,-30,21493 1,47,70,-9,19049 1,16,82,-8,19458 0,120,0,59,25406
2024-10-22,81548,30,0,95,44,-6,9899 1,57,38,47,7235 3,55,30,-4,7370 0,43,38,-4,6292 -1,68,44,42,7219 0,105,18,89,8134 -2,22,99,-89,8121 1,151,19,130,10346 3,22,84,-73,9236 4,35,248,-204,25167 2,110,37,-26,19708 -2,158,2,150,20818 2,307,136,207,116302 -2,262,96,151,102261 -3,108,100,-14,66088 -1,100,150,-90,61183 1,187,10,87,49937 1,23,128,-33,40758 2,47,36,-3,25278 0,52,106,-96,30231 1,71,98,-71,32526 1,111,48,104,35241 -2,167,14,135,35553 1,47,66,27,19837 0,232,10,189,45063 0,205,3,80,46121 -1,8,112,-75,26388 0,13,72,-37,18708 -2,2,116,-16,23137 1,59,4,33,17550
2024-10-23,82007,30,0,10,86,-64,3396 0,52,82,-59,6682 0,43,32,-29,4062 -1,38,34,-28,5445 -1,81,30,79,8294 -1,36,55,-30,8147 2,45,37,40,6534 -1,6,71,-34,7457 1,96,20,38,8690 0,28,146,-92,16586 0,10,63,-44,12242 -1,26,87,-43,21597 0,112,111,20,96061 0,46,375,-265,99212 -2,186,36,181,78666 1,158,36,101,58345 -3,14,236,-211,64403 0,14,339,-322,84129 1,169,38,124,46044 -2,86,227,-133,64669 -1,18,204,-188,46614 -2,84,107,81,43934 -1,13,301,-265,55331 -1,28,206,-90,53320 0,1,173,-123,41320 -1,20,265,-172,53198 2,76,152,22,46736 -1,261,33,246,46339 2,20,130,-66,35816 3,127,100,68,37661
2024-10-24,81472,30,0,42,8,6,3102 -2,52,9,29,3794 0,72,21,38,4095 2,34,25,-20,2734 2,57,41,54,4844 3,46,58,10,6876 -2,56,20,46,5499 -1,41,45,-19,7693 1,33,23,3,5594 -5,95,36,-25,19521 1,32,86,-30,16907 1,61,121,-73,17883 -1,17,306,-280,110237 1,307,5,114,83578 1,147,90,-64,69032 0,235,1,91,63051 -2,22,134,0,63050 -1,121,26,13,44605 -1,54,284,-278,48747 1,274,29,85,62548 -1,149,127,136,48642 0,154,0,153,41061 1,82,86,43,32163 -1,54,125,-67,29097 1,99,36,-9,27468 1,43,116,-1,32381 0,107,16,29,25743 3,12,92,1,20616 -1,26,82,14,24718 1,103,3,87,27084
2024-10-25,81760,30,0,8,51,-27,3345 -1,41,17,22,2900 1,8,36,-2,2615 0,19,27,7,2333 1,14,121,-107,7018 -1,54,12,44,5091 -1,132,4,99,8368 -2,104,36,95,9718 2,4,69,-55,7598 -4,104,28,100,12334 -2,64,9,46,12521 -1,73,18,-9,20813 -1,536,4,495,109241 2,312,10,215,80070 -1,155,109,100,84568 1,36,294,-206,68961 0,138,22,49,49208 1,80,115,-78,44365 1,85,86,3,56599 1,15,134,-1,44189 -1,101,26,97,30134 0,16,86,-76,28539 2,59,60,-8,20992 0,0,347,-301,61579 -1,48,326,-49,86308 0,59,339,-314,77258 0,290,55,247,64374 1,100,94,78,36063 2,5,141,-113,29170 1,26,132,-55,37919
2024-10-28,82598,30,0,55,45,40,4457 0,69,22,-10,6844 1,46,30,-20,4902 3,28,33,-3,3573 -2,25,161,-78,9409 0,29,49,-31,5716 2,41,59,25,7059 -1,7,200,-144,13973 0,97,18,46,11155 -2,190,14,171,14212 -1,68,52,3,15052 0,23,124,-95,17302 -1,7,308,-231,99078 -2,111,156,85,75171 0,79,119,45,55158 0,73,141,13,62055 -2,22,281,-199,62639 0,78,18,31,31472 1,7,160,-66,48268 3,61,114,-24,40990 0,130,15,76,30428 1,3,162,-52,39450 -2,24,100,1,23363 1,34,155,-30,33927 0,70,17,15,19396 1,78,20,57,22581 0,2,119,-94,22304 -1,27,113,-41,27209 0,104,58,-27,28639 2,62,39,49,18607
2024-10-29,82057,30,0,36,45,-17,5375 3,36,71,-41,4783 -1,36,41,27,4415 1,51,29,40,3952 1,13,125,-116,7315 2,83,27,1,7336 -1,113,11,63,7031 -2,16,87,-79,7643 -2,60,90,39,14057 -2,30,39,-9,6899 1,81,24,49,9967 1,37,62,28,12002 1,63,316,-172,121329 1,290,6,209,78806 0,330,38,92,94629 0,200,6,166,64221 1,88,57,-20,53172 0,133,34,69,41619 0,89,67,52,39991 2,134,90,42,49168 0,90,45,-27,31350 2,131,119,90,46822 -1,182,19,151,44429 1,42,73,-41,28776 0,75,37,35,25696 -3,44,40,-3,19810 1,100,50,96,25345 1,69,16,16,26061 0,63,38,56,17128 -1,127,29,109,29291
2024-10-30,82985,30,0,18,75,-44,4261 -2,17,61,-51,3427 1,70,16,66,3214 1,1,82,-17,7852 2,16,41,2,4670 -1,76,8,18,6583 1,20,76,-73,5842 1,2,85,-72,9906 0,102,24,28,10862 0,39,64,-37,15023 0,21,249,-184,35666 0,69,42,21,24689 2,31,475,-349,137835 0,410,8,377,90312 1,122,52,82,60781 0,14,118,-87,44940 0,5,159,-104,62826 0,169,134,163,62149 1,10,168,-36,45472 -2,51,61,-56,28529 0,26,90,-36,27726 -1,76,60,63,28750 -2,13,116,-112,23935 0,45,86,-72,26758 0,36,244,-56,55823 -1,52,120,34,36519 -1,27,89,-69,23578 -2,110,8,83,19869 1,25,222,-115,32456 0,51,88,-65,25822
2024-10-31,81259,30,0,70,20,3,5816 -1,47,76,-63,5912 -1,81,27,68,5794 -2,45,26,40,4335 -2,145,16,101,11832 1,81,17,25,9551 -2,29,63,27,9269 -2,138,0,79,15541 1,126,25,93,11131 -6,53,178,-70,27225 1,67,60,-37,18063 1,70,72,-52,20074 2,13,766,-751,148244 3,88,168,-96,109384 -2,189,141,-56,95559 1,66,237,-210,80378 0,113,140,43,80053 2,65,180,-5,60272 -3,39,244,-228,49983 -1,182,65,141,52018 1,119,72,46,45136 1,52,75,-14,28649 2,111,15,98,23618 0,24,175,-158,27405 1,25,176,-80,38371 -2,69,129,-85,38095 -1,90,58,50,27164 0,38,129,-86,47341 1,247,4,240,34404 1,90,64,7,33681
2024-11-01,80436,30,0,1,84,-75,3597 -2,61,11,55,2710 2,31,25,4,2704 1,25,29,11,2735 -1,52,61,-43,6442 -3,80,11,62,3860 1,77,41,-7,7407 -4,41,11,6,4627 -2,41,57,-22,5966 6,163,105,32,35919 0,71,126,-34,22471 1,6,166,-149,19890 -1,385,45,333,102885 0,169,78,93,88179 -1,383,11,383,87941 0,29,455,-262,104068 2,154,128,75,65195 -3,255,13,237,61220 1,16,221,-200,52654 -1,65,98,62,50716 0,23,123,-111,34481 1,133,118,-34,46056 -1,52,174,-118,32848 -1,280,41,257,42423 0,9,340,-280,59284 0,98,158,-124,47447 1,115,73,61,39175 0,73,53,9,27222 -1,132,44,121,27057 1,39,149,-146,30453
2024-11-04,80765,30,0,83,14,36,5663 2,11,74,-52,5171 0,17,81,-74,4919 -1,85,2,77,4174 -2,26,70,-40,6160 0,12,191,-147,8715 -1,14,159,-34,15592 -2,190,4,147,13177 -3,14,103,-26,11985 -1,69,29,-10,11498 -1,6,140,-113,17197 -1,11,172,-37,25149 -1,87,428,36,121666 1,107,146,21,74051 0,278,68,194,66667 0,101,89,98,52034 2,14,101,-27,33122 -3,104,115,-92,41060 1,15,374,-360,57991 -3,25,234,-217,54315 -2,332,10,321,43253 3,112,51,109,33375 -1,26,226,-171,31507 1,276,1,157,39407 -2,156,33,125,26107 -3,8,90,-56,20937 -2,40,96,-80,16508 -2,123,39,41,23083 -1,40,75,-56,18306 1,48,78,-41,21402
2024-11-05,80552,30,0,29,32,-19,3763 0,102,16,85,4721 0,36,17,23,3360 0,44,30,21,4268 -1,12,56,-45,6580 -1,43,82,-76,6864 0,43,35,14,8281 1,80,5,33,8169 -1,36,52,30,6839 0,42,19,7,8647 -1,4,193,-148,18439 -2,143,5,137,17215 0,405,21,390,113058 -1,300,9,160,84060 0,87,123,-93,67997 1,161,49,154,50684 0,5,290,-42,64374 0,75,79,16,34207 1,151,0,99,41064 0,97,57,58,28184 1,139,33,49,31451 1,84,22,76,23332 2,3,115,-38,19212 0,3,169,-163,28329 1,57,135,-51,39159 -4,90,30,82,21467 -1,32,120,-41,25060 2,72,23,17,17179 -1,11,164,10,35525 -5,45,44,34,18894
2024-11-06,82826,30,0,46,59,-38,5387 3,4,133,-44,8271 -1,21,55,-34,5653 0,22,169,-166,12595 1,39,224,30,23743 -2,112,5,61,12856 3,200,39,117,12268 0,29,116,-45,12411 1,137,57,104,16544 0,60,111,-79,16374 0,75,92,-1,16045 -1,41,123,5,25448 -1,488,91,-21,157028 1,245,145,117,132173 1,378,44,344,90756 0,107,244,-137,82341 -1,13,274,-148,64190 1,241,17,207,51757 1,119,13,43,37474 2,87,38,41,27615 1,70,49,16,24878 0,95,52,81,22177 0,88,76,84,25559 -1,77,54,66,26117 1,68,33,56,21202 1,8,113,-22,25992 0,79,50,73,20113 -1,39,83,6,23195 -2,73,57,62,19715 -2,66,77,4,27522
2024-11-07,83765,30,0,26,36,-10,3339 3,26,42,-17,3125 2,15,44,0,3786 -2,45,36,26,4140 -2,78,6,70,4991 0,75,25,59,7981 1,10,67,-54,5902 3,128,27,120,9339 -1,33,66,-41,10806 2,56,92,47,21373 -2,86,64,84,17787 -2,31,70,-25,19962 -1,341,10,205,101249 -1,275,33,237,72622 -3,55,81,-21,44095 4,160,100,157,53919 0,85,77,-48,50448 0,75,60,62,28335 -1,122,17,115,28600 2,63,105,-71,32519 0,81,13,56,21555 0,70,63,48,22270 -2,21,90,-84,14562 0,51,58,12,18293 -1,17,86,-42,18114 1,185,20,121,31645 0,46,84,-32,22057 1,160,102,126,52843 3,83,106,33,41079 1,111,40,22,34286
2024-11-08,84784,30,0,2,261,-241,18686 0,57,57,-19,12767 3,103,1,79,10486 1,61,23,59,7560 0,33,32,11,6246 -1,24,46,23,7893 -2,57,7,15,9438 1,67,9,24,8291 0,11,79,-12,11338 1,1,96,-46,14846 -1,20,56,12,10815 1,76,8,53,14754 0,183,40,84,106297 1,76,146,-125,76543 -1,114,58,66,66876 -2,77,67,24,52463 1,48,109,-6,42907 1,92,33,55,29604 1,38,66,16,28542 0,86,46,-3,33389 -1,12,71,-41,21682 1,100,15,61,21944 1,56,22,45,16480 0,29,43,9,17116 -1,135,11,65,33181 1,35,68,13,26063 0,34,38,23,13072 2,26,55,-38,19081 1,4,136,-63,30394 1,11,83,-54,21555
2024-11-11,85130,30,0,18,32,-11,4473 -4,11,44,6,4780 1,18,29,8,3970 0,35,15,4,4315 0,57,3,38,4433 0,83,4,80,6166 1,90,13,72,9479 0,37,31,-17,8961 -2,20,101,-74,11234 -1,11,64,-56,13931 0,55,27,32,11010 2,0,91,-78,14391 -1,40,368,-349,118242 0,26,160,-53,84164 1,96,45,26,63724 0,222,2,101,62974 -1,97,61,40,42963 1,34,98,-63,31284 0,41,65,-27,32797 1,48,45,-24,25208 0,13,132,-97,33352 -1,69,56,-39,27168 0,76,190,-150,48038 -2,78,101,73,43290 -1,157,16,152,33913 0,74,41,-5,27233 0,2,72,-67,19249 0,67,21,57,19224 2,59,56,59,17293 -2,36,29,8,20468
2024-11-12,84555,30,0,119,27,65,10070 1,109,17,85,7716 1,60,7,19,6610 0,51,55,-15,6450 -3,118,37,112,10875 2,9,72,-69,6947 1,97,41,87,9382 0,3,117,-57,9950 1,89,24,42,10413 0,100,24,81,11403 0,23,78,-76,10404 -1,29,49,26,14187 1,107,132,24,104906 2,125,168,-80,94383 -2,137,13,63,68332 1,80,66,10,51546 1,29,166,-153,50537 2,78,64,0,45348 -1,37,146,-144,40305 1,196,7,38,49940 1,29,94,15,33456 0,44,139,-128,34686 0,20,289,-183,66278 -1,213,1,164,40705 -2,189,7,146,38441 -2,163,0,109,35256 1,86,36,23,26405 0,81,20,27,21096 -1,17,62,-30,20445 3,9,84,-20,24220
2024-11-13,84635,30,0,18,43,-29,3576 2,36,56,-45,5519 -2,47,12,14,4334 -2,4,64,-37,4998 1,37,80,-26,8298 1,112,12,96,7673 1,3,151,-118,9862 1,54,13,27,7966 0,79,5,59,6900 -18,414,31,257,50141 0,25,161,-111,34732 0,53,85,-72,26185 1,104,124,-113,97568 1,126,293,-153,109034 -1,127,53,31,78845 0,159,56,29,81953 0,86,67,56,49485 2,175,34,134,47599 -2,58,212,22,56373 0,151,50,86,46709 0,130,46,21,43661 2,84,73,61,30753 1,138,5,88,32497 2,40,67,9,24885 0,134,30,123,28789 2,39,132,-121,32181 -1,56,114,-80,40238 3,25,165,-115,44790 0,81,118,-7,37817 1,113,28,9,30570
2024-11-14,84682,30,0,49,44,-1,4802 2,4,54,3,2911 0,17,49,16,3108 1,15,54,2,4901 2,29,44,-25,5635 0,13,31,-10,3611 1,39,23,-11,5070 -2,18,52,-16,6938 -3,67,7,64,5312 -12,12,241,-95,43371 2,4,120,-82,19449 2,56,50,29,17120 1,148,293,-203,124429 1,139,58,38,94238 -1,68,224,11,84407 0,134,102,118,60153 1,39,187,-85,54513 1,41,86,13,33833 1,117,39,-6,39068 -1,62,127,-30,36762 -2,42,191,-157,37392 1,85,178,-162,63024 -1,321,20,311,52047 0,84,25,-13,25350 -1,22,92,-77,27588 1,43,222,-50,51916 1,37,81,5,29730 1,71,61,-48,23853 2,143,270,-182,57716 2,132,69,54,48948
2024-11-15,83316,30,0,2,47,-1,3717 1,83,31,73,6427 -2,39,16,25,5350 -2,3,46,-33,4426 -1,85,20,67,6971 -2,10,97,-47,7922 2,32,32,23,5453 0,48,44,-41,8112 1,37,75,-45,10386 -8,92,116,-43,28364 -3,4,86,-81,15080 0,22,191,-165,39998 0,62,286,-68,130451 1,13,398,-393,104639 2,54,246,-218,97759 -1,77,121,-80,82067 0,155,144,-137,74981 1,195,5,178,51462 1,43,247,-183,62901 -2,20,234,-176,59787 1,72,48,18,38082 1,74,68,-4,37239 -1,0,187,-53,51569 0,18,125,-24,32638 -1,2,223,-215,39909 0,158,60,99,40146 -3,32,99,-90,24364 1,287,6,218,40401 -2,71,139,-57,41654 -1,160,1,75,33090
2024-11-18,82291,30,0,51,33,30,5252 -2,44,18,18,4539 0,7,75,-50,4351 2,35,80,-19,7496 -2,67,31,35,6970 -1,5,83,-36,8099 0,42,66,-10,8342 0,13,141,-133,11466 3,27,199,-101,25005 -2,225,25,204,21266 -1,54,49,38,17040 0,86,40,-37,21254 1,58,186,-123,109255 2,259,105,214,82474 1,292,32,287,63689 1,174,11,133,65865 -1,64,61,20,37761 1,108,16,20,36899 2,113,94,-80,44144 1,18,149,-116,57618 -2,70,42,35,34021 1,28,158,-124,34346 -1,175,14,168,30414 3,4,98,-89,23784 7,43,206,-146,36630 -1,211,6,91,36341 -1,5,159,-133,37672 1,144,37,133,28464 0,66,14,22,20900 -2,62,16,45,19224
2024-11-19,82232,30,0,148,37,123,9448 -2,2,75,-27,6390 -2,16,122,-115,7573 -2,135,59,77,10262 1,192,27,190,13173 -1,20,110,-30,11818 -3,6,92,-28,9170 -1,74,40,-4,9220 2,15,153,-141,12416 5,2,407,-379,35703 1,54,368,48,65397 0,150,93,143,34680 1,262,56,153,103455 -2,66,191,29,79523 -2,152,125,144,62845 -1,165,79,148,66959 -1,117,50,41,46234 -1,151,3,132,36928 3,71,37,35,29695 -1,3,149,-51,38450 0,41,143,26,32511 2,94,26,-3,29821 2,123,25,104,24280 1,76,17,64,22409 3,198,30,185,33270 -2,74,12,29,28128 1,31,146,-141,26720 3,46,151,-88,40192 -1,112,1,90,27220 1,30,38,17,15183
2024-11-20,83044,30,0,135,32,87,8819 -3,65,44,57,6358 -1,32,53,-17,5484 1,20,70,10,8716 1,79,39,29,9956 1,79,16,41,6681 2,27,49,21,6694 0,45,30,7,7921 0,33,33,-17,7184 -2,5,115,-106,13280 1,34,63,-27,13720 1,1,198,-117,32233 -1,12,467,-385,123908 1,45,464,-438,110744 0,20,281,-113,105871 -2,432,33,410,86271 2,91,79,-18,62521 -2,23,218,-203,57444 0,431,73,425,69782 -2,149,73,-59,52715 3,23,312,-113,53115 3,97,35,90,33604 -1,26,231,-167,34422 -3,88,109,71,31886 -1,1,284,-211,33532 -1,84,40,-20,26278 -1,38,44,14,19278 -3,229,28,194,26798 1,12,110,-41,21523 1,182,13,177,22774
2024-11-21,82631,30,0,117,14,63,7286 0,204,31,194,11602 0,74,77,45,13138 2,33,131,-22,16007 1,161,47,154,13579 0,164,17,82,19882 1,84,69,-54,21283 -1,22,89,-48,17226 3,251,2,228,17775 9,204,7,132,31432 2,56,70,50,17971 0,85,48,30,23084 -1,127,988,-435,210672 2,76,761,-616,142773 1,423,360,-338,125397 0,444,59,432,110112 1,445,83,272,86854 -2,305,64,302,63147 1,44,337,-262,63111 1,113,70,106,42016 1,281,35,215,42997 1,248,19,124,41098 3,77,80,51,31233 0,72,115,23,30829 2,80,88,-11,31230 2,101,127,-122,29740 -2,133,84,76,34980 2,95,67,32,25472 -1,125,103,113,25698 1,39,38,1,18946
2024-11-22,82896,30,0,123,15,55,8074 1,104,48,67,7684 -1,7,135,-33,7898 -2,27,90,10,5607 6,147,5,90,11046 -1,86,5,70,8107 0,31,63,-14,8993 -1,93,7,79,8681 -1,43,100,-4,15553 0,13,94,-32,13525 -1,13,90,-2,15982 2,60,110,-21,24726 -1,331,69,218,124646 2,48,257,-240,117094 -3,42,251,-173,127118 3,440,29,303,102489 0,118,46,-38,51261 2,64,264,-119,72840 0,110,120,60,58719 0,132,54,50,45230 -1,162,7,125,35281 -1,17,154,-10,33563 -1,136,3,111,36723 -2,74,59,-42,30255 1,87,97,-35,30206 0,41,71,-36,24768 1,15,156,-29,36762 0,67,19,34,21063 -1,76,135,-71,30272 3,60,72,22,27658
2024-11-25,83874,30,0,34,10,26,4590 0,25,17,4,4154 1,3,53,-27,4585 -1,22,21,-15,2802 2,14,52,-49,4992 0,76,39,-8,12032 -1,61,31,19,8319 2,29,34,-3,6251 3,10,55,-19,8495 2,228,38,221,20959 0,78,79,16,31817 -1,136,0,20,27933 -2,261,239,-19,165757 0,76,447,-363,152839 1,47,205,38,96981 -1,60,228,16,73574 -3,28,185,-126,45408 -1,199,11,132,36059 2,109,178,-143,51280 0,72,93,-77,33847 -1,28,288,-238,57932 0,117,160,-47,46485 1,285,9,243,43913 1,81,42,-6,29332 1,80,53,-25,26470 1,23,94,3,27426 2,22,153,-44,24861 0,85,78,64,21756 1,42,126,-84,24820 2,40,52,37,18781
2024-11-26,83502,30,0,38,56,32,6460 1,90,9,78,5125 2,12,85,-80,4713 2,155,16,134,7830 -1,129,0,103,16884 1,46,48,-12,10725 -2,41,23,40,6576 1,29,99,-40,14054 -3,6,78,-62,9873 -3,113,3,60,11204 0,101,27,99,14456 0,66,155,-101,27276 4,312,1,311,123457 -1,35,352,-220,94957 -1,63,168,-24,87468 -1,168,65,74,74601 -1,43,98,-33,50822 1,24,125,-46,46604 1,44,120,-94,39459 0,155,4,106,37584 0,14,119,-51,26049 1,111,26,95,25041 0,66,18,-12,24233 0,24,85,-32,24589 1,90,26,47,19272 2,48,59,-55,20995 1,52,209,-135,48160 1,77,48,50,29208 1,66,50,50,21417 1,37,61,34,22212
2024-11-27,83704,30,0,14,42,-14,3632 -1,67,4,26,5543 0,0,93,-73,6573 0,69,6,48,5693 -2,49,23,4,5955 -2,88,1,34,5988 0,54,4,32,5042 0,65,12,50,6870 -2,80,9,18,11063 -1,45,52,-12,17638 1,35,81,-66,16679 0,77,13,4,18846 -3,14,334,-205,104540 0,11,249,-175,79355 1,10,304,-266,94613 0,46,198,-99,84919 -1,39,183,-67,68550 2,9,152,-46,53860 0,158,83,-67,51868 0,74,122,-76,53024 -2,171,4,151,31534 2,51,80,37,27620 0,93,20,90,26141 -1,131,2,54,35310 -1,143,16,117,31475 -1,82,8,39,26221 -2,62,40,-23,25691 -2,100,44,87,29054 -1,30,87,4,25793 -2,12,139,-95,25911
2024-11-28,83413,23,0,28,7,27,1457 0,15,9,9,1371 -1,5,39,-36,1939 0,16,17,7,2219 0,39,0,27,2167 1,22,1,11,1830 -1,22,5,8,1817 1,38,11,33,3463 -1,2,29,-23,1981 1,36,43,25,5592 0,8,42,-19,3717 1,21,20,12,3442 3,72,3,57,15645 -1,31,20,4,9893 -1,51,21,13,10552 1,47,25,43,8287 0,14,35,-2,7979 -1,27,47,-36,6492 0,3,62,-51,8060 -1,51,5,42,5143 1,26,16,22,2766 0,17,56,-23,3426 -3,25,28,-2,1470
2024-11-29,83575,24,0,10,55,1,4194 3,17,66,-35,3943 0,11,42,1,3935 -1,26,26,6,3360 0,6,67,-49,4707 1,22,18,-2,3253 0,12,120,-107,9428 1,56,25,46,7986 -1,20,87,-78,9187 -1,15,108,-82,17729 0,153,30,149,17542 -2,71,137,-101,23091 2,211,103,93,80336 1,374,2,369,65355 1,105,48,-8,52897 -1,148,15,-7,42168 1,131,29,123,34438 -2,91,35,58,32646 0,37,81,29,25132 1,43,67,6,29832 1,26,72,-57,23757 2,102,7,42,22852 -1,95,45,-29,23132 0,23,27,18,1895
2024-12-02,83828,30,0,19,42,-27,3091 0,32,11,8,2894 0,44,14,33,3077 0,32,37,16,3929 -1,107,15,105,6267 1,57,33,56,9560 -1,30,53,-15,8296 2,73,15,59,8496 1,80,3,26,12749 0,28,73,-72,13744 2,151,4,126,19532 -1,41,50,26,17124 -1,427,65,425,125269 -1,145,90,70,87637 0,121,38,64,64150 -2,88,42,10,57309 -1,40,172,32,70179 0,22,101,-30,36605 0,209,24,203,48478 0,61,79,30,39060 1,66,52,-38,28475 2,47,34,36,25770 1,17,110,-101,23906 2,62,54,-25,28890 -2,48,68,19,27991 0,3,60,-59,18240 0,5,102,-55,30906 0,78,5,60,20582 2,68,8,32,20723 0,108,9,98,26514
2024-12-03,84858,30,0,8,43,-14,3988 0,3,87,-78,6196 4,52,21,3,5840 2,64,11,61,4845 1,27,27,-12,4964 1,22,81,-2,7506 -1,64,10,15,8265 1,19,32,-8,5439 1,28,39,-4,5617 1,74,17,72,7375 -2,4,279,-273,31300 1,88,47,3,33890 2,195,93,151,122159 1,152,48,56,66246 1,50,167,-133,65139 0,160,19,42,59578 -1,183,101,158,61315 0,100,53,96,43642 0,47,225,-138,59368 -1,47,75,-73,30246 0,74,4,20,21850 0,102,50,95,29340 -1,70,30,61,24379 1,20,58,-57,20084 0,50,58,-15,23873 1,75,1,39,21690 0,15,38,1,16566 2,67,8,62,18737 0,48,15,34,20437 0,34,46,-12,17038
2024-12-04,85577,30,0,67,13,44,3831 0,55,30,30,5727 -1,45,10,-1,5577 -1,65,20,17,5608 0,33,17,11,4271 0,6,33,-6,4246 -1,38,7,27,4596 -1,1,64,-10,6675 1,41,12,2,6901 2,70,20,42,15003 3,84,17,53,15739 -2,41,127,-114,21422 0,76,119,41,103366 -2,74,144,38,72119 1,117,88,79,74237 -2,138,42,74,60970 -2,87,51,38,41038 -1,10,85,-54,28345 -1,1,87,-17,35077 0,56,30,31,23181 -2,76,50,34,28479 -1,2,103,-25,24300 1,51,7,32,18590 -2,25,75,-63,17770 -1,12,112,2,34262 1,105,18,69,34751 0,97,16,86,30657 -1,44,20,25,21438 1,29,28,23,16901 1,24,13,10,14889
2024-12-05,86046,30,0,12,28,-26,2352 0,20,20,11,2877 0,29,1,23,2006 0,29,20,16,3490 2,31,10,10,3732 2,38,7,4,4381 0,30,6,15,3066 -1,50,15,-6,6015 3,18,21,15,4693 -4,26,53,-50,9806 -1,60,36,55,13161 -1,33,30,28,10263 0,67,81,-67,87877 0,66,83,49,81452 0,27,117,-50,52241 -1,56,76,-68,49716 -1,53,53,15,45814 0,142,11,97,38277 0,34,60,-31,28224 0,85,20,83,23188 -2,94,8,69,33805 -1,19,40,9,17809 1,28,76,-31,23497 1,5,288,-210,51950 -3,97,53,42,32770 2,5,149,-30,41608 2,52,39,-36,23151 1,43,50,-25,22405 -1,89,21,76,23136 -1,3,153,-141,27671
2024-12-06,85876,30,0,24,14,-11,2396 -2,8,58,-26,3837 0,5,58,-20,3882 -1,22,41,-14,3418 1,72,1,71,4036 -2,69,5,63,5801 -1,0,49,-33,4445 -2,45,11,20,4532 -3,11,52,-38,5637 19,223,141,88,40764 -2,50,35,38,17992 1,41,69,-57,18291 -1,423,24,404,105561 1,127,41,69,71954 1,143,9,97,62171 0,24,80,-44,41721 0,49,115,-44,63401 0,52,157,33,58933 -2,70,61,-46,36420 0,69,43,64,33791 -1,50,31,41,27349 2,11,118,-54,28972 0,139,27,112,34799 2,79,5,39,26846 0,3,78,-27,26064 0,27,84,-72,22727 -1,4,85,-61,34689 1,103,30,83,24267 0,35,56,1,20855 1,43,10,31,18631
2024-12-09,86507,30,0,41,57,-43,5445 -2,42,44,-33,6070 0,79,10,73,4259 -2,11,156,-87,14407 1,87,4,55,6048 0,25,37,24,4197 -2,28,45,-42,5136 1,67,14,29,4498 1,20,41,13,4709 1,34,53,14,6187 0,3,60,-55,6234 2,77,15,3,11374 2,130,129,119,102847 0,17,135,-105,63639 -1,18,293,-256,74488 0,91,179,-123,97471 -2,37,306,-297,80802 1,285,48,231,69490 -2,41,95,-40,35475 -2,96,28,75,38054 -1,6,108,-53,24900 2,52,51,40,19255 -1,51,148,-93,34438 0,151,13,130,20450 1,109,29,107,26562 0,9,205,-127,31226 -1,4,135,-110,22276 2,21,141,-126,28410 0,88,50,-8,31386 0,35,56,-37,27079
2024-12-10,85979,30,0,13,46,-34,3692 0,54,5,42,3478 -1,34,4,27,2831 3,54,1,27,4452 1,14,19,-9,3424 0,79,1,69,5431 1,36,16,3,6206 2,26,25,6,5140 -2,38,62,-53,9484 -1,13,53,-38,12441 1,43,56,42,15431 0,80,5,65,17505 1,228,110,168,125621 1,112,252,74,107911 -1,54,126,-126,67866 0,63,79,-63,68035 1,11,293,-284,86171 2,143,26,-9,59428 1,23,102,-27,55419 0,91,25,71,42092 1,35,164,-17,49009 -3,91,21,37,31553 1,4,121,-103,34874 1,58,30,54,23800 2,27,64,-50,22021 1,0,101,-69,29336 -1,47,52,15,26251 2,7,196,-189,38456 -2,51,110,-31,40953 1,0,112,-103,33902
2024-12-11,85761,30,0,31,13,26,1811 0,35,13,34,2014 1,17,14,12,2537 0,4,57,-53,2416 -1,10,46,-40,3674 1,51,3,46,3677 0,7,62,-13,4492 -3,29,27,11,4394 2,109,0,80,7156 28,252,108,216,38220 0,202,64,189,31166 0,65,29,63,21421 1,350,69,315,133010 1,221,8,217,93275 1,50,160,-128,81335 -2,151,7,60,63130 2,91,132,60,64774 0,167,6,166,48520 -1,29,55,-15,39170 0,106,71,71,38409 -1,41,24,3,20733 -1,53,59,36,26934 0,35,81,10,30009 1,55,36,51,18716 1,38,33,15,24599 -1,2,104,-64,27281 -1,63,11,51,19815 -1,37,42,-33,18854 -1,64,18,55,18633 0,51,22,35,19335
2024-12-12,88057,30,0,12,22,-19,112 15,29,36,-15,91 1,1,68,-30,184 10,12,24,-24,51 -2,9,38,-2,158 -3,21,26,-12,109 -3,1,86,-67,318 3,7,77,3,373 -18,71,1,46,166 -47,107,217,-85,1055 -8,68,53,55,351 10,6,99,-7,358 -10,12,145,-61,1087 -43,79,83,-68,1095 8,269,107,225,2731 -17,81,54,48,1096 -12,108,28,61,1139 7,24,65,-43,471 -2,0,175,-85,786 6,91,112,80,614 6,28,73,-13,270 2,4,111,-12,515 12,105,13,27,740 3,77,37,11,265 5,0,97,-59,261 4,0,113,-62,354 7,48,152,-139,703 3,103,14,66,834 7,13,62,-38,244 -9,0,108,-84,358
2024-12-13,88248,30,0,30,24,28,230 0,11,28,0,321 -1,27,43,-4,370 -8,43,9,8,445 0,42,57,42,509 0,70,21,62,681 1,18,34,1,461 3,81,4,33,882 0,34,4,20,278 2,18,69,-63,480 -2,30,82,-38,698 -6,14,131,-52,1764 -5,470,17,378,5783 4,55,276,-168,3223 9,159,190,-174,2709 2,101,319,-125,3888 -1,18,425,-378,3733 0,237,43,90,2720 14,220,11,33,2322 6,49,154,20,1571 3,91,105,-77,1142 0,20,71,13,1017 0,98,72,78,1426 -8,111,40,109,1121 -8,133,37,112,1224 0,68,36,66,786 -4,102,49,95,878 3,38,44,-5,823 -8,14,31,9,485 -1,33,125,22,968
2024-12-16,88621,30,0,16,23,-8,1366 0,26,59,-37,1865 -1,22,47,16,1722 1,30,47,24,1927 0,52,2,26,2281 3,91,4,77,2969 -2,24,51,-37,2726 -1,24,19,-8,2635 0,137,8,123,4897 2,39,22,24,4917 -1,10,87,-58,5714 1,21,63,12,8998 1,217,10,179,67877 -1,198,84,129,45498 1,76,201,72,39050 1,118,49,-2,32180 1,170,41,136,26827 0,75,38,30,18062 1,32,134,-22,21220 2,121,14,62,19098 0,62,18,53,10367 1,101,8,83,14584 -1,85,75,54,15267 3,123,12,110,13105 -2,26,48,-3,11844 1,13,66,-9,10908 0,93,16,36,12619 -1,53,31,43,10250 -1,60,51,52,13130 -1,15,60,-10,13203
2024-12-17,89554,30,0,75,1,52,4018 0,37,42,-1,3505 0,93,21,66,4726 2,5,168,-116,4984 1,36,108,-103,6983 1,28,39,18,6444 -1,11,70,-30,5677 0,10,146,-132,7772 -2,107,11,69,7164 0,87,142,-13,18112 1,113,22,66,10415 0,22,106,-86,14109 -2,125,226,10,112038 1,62,305,-120,88409 1,38,259,-246,70492 0,228,1,213,50119 -1,199,71,191,53837 1,33,99,-25,40020 -4,180,24,97,32030 3,31,273,-107,42167 -1,7,122,4,25669 -1,74,70,12,22786 1,22,91,12,17903 0,10,142,-114,19301 2,67,56,-53,14827 0,67,64,-40,17771 -1,47,65,-34,15551 0,38,74,-37,22381 -1,55,30,25,16508 -1,25,116,-47,18720
2024-12-18,89492,30,0,3,81,-48,3223 0,35,30,28,2454 -2,67,12,33,3703 -1,16,30,-25,2693 -1,45,38,31,4195 1,42,20,-11,4432 0,23,36,4,3755 -2,30,40,-28,4478 1,16,59,-14,6336 -2,5,252,-206,16812 0,34,149,-128,24310 1,67,48,-4,19588 3,89,277,-55,102230 -1,158,83,76,66054 -1,122,15,109,38747 -1,158,61,143,39804 2,8,125,-109,33144 0,26,285,-46,53683 2,54,33,-8,25640 -3,80,52,18,25270 0,44,78,-50,20645 1,54,92,-11,23319 2,56,36,40,12447 -1,15,75,-67,9828 -1,61,68,-19,11941 1,71,788,-719,56129 1,231,158,-126,64700 2,237,450,-185,82829 -7,63,879,-678,79736 1,43,589,-541,73665
2024-12-19,86449,30,0,2,215,-165,8425 -2,53,39,20,6472 0,33,66,-53,4717 -1,58,72,54,7323 0,116,36,75,9729 0,281,8,250,18887 0,42,67,-2,14585 -1,99,36,-1,13452 -2,99,8,26,10699 -6,63,117,-45,26263 2,24,190,14,29800 -2,119,65,98,19562 0,84,436,-293,167882 3,60,356,-206,110049 0,338,223,-211,97981 -2,268,128,252,79894 -1,90,407,-355,65054 3,568,40,510,55564 1,106,185,-31,51634 1,10,264,-204,39864 -1,8,406,-344,41982 -1,97,92,8,40653 -1,254,113,125,51233 0,194,45,159,38391 -1,75,84,52,26602 0,228,63,-47,39291 0,11,174,-120,31638 -1,17,154,-91,28862 0,96,98,-51,28439 -3,267,117,98,38238
2024-12-20,84475,30,0,71,62,-12,13195 0,68,125,-40,15825 0,79,53,10,11042 0,33,129,-90,10682 0,50,143,-131,18229 1,16,185,-103,22305 1,259,63,184,25717 0,154,34,87,19661 -2,64,100,1,17644 16,487,0,441,75813 2,94,130,8,43092 -2,110,79,-1,41792 0,392,108,-51,149377 2,547,155,279,129259 2,769,104,753,121046 2,327,11,160,105213 1,487,2,379,89767 -2,329,15,296,70153 -1,476,17,344,82712 0,65,193,60,63878 2,177,42,174,47795 -2,7,304,-84,56087 -1,45,193,-187,39857 -1,23,293,-275,56850 2,140,46,-25,45445 -2,208,81,33,56012 -2,177,72,171,35846 -3,143,45,-22,40155 0,33,97,-94,31973 0,37,165,-147,35530
2024-12-23,86552,30,0,28,86,-69,10078 -3,70,85,-60,11042 0,58,110,-91,10706 -3,95,36,21,12016 -1,122,15,113,11597 -2,175,10,159,13482 -1,37,53,24,7907 0,50,60,-16,11449 1,41,52,12,8479 3,7,464,-345,34392 2,114,62,62,21727 -3,138,64,122,19367 0,225,186,-164,138683 2,296,262,-256,113383 -2,289,153,108,124107 -1,219,76,31,64398 0,269,59,261,57740 -2,100,77,76,39488 0,254,119,151,54508 0,224,13,75,47138 -2,34,184,-67,42934 1,186,47,186,34250 -2,55,128,11,30604 0,57,93,-3,31440 1,144,8,67,29091 1,94,31,79,19558 2,78,36,1,21600 2,23,142,-133,29000 1,19,213,-178,34563 -1,135,57,107,37294
2024-12-24,87166,24,0,13,58,-11,4197 0,64,11,36,4138 0,22,78,-30,3907 -2,11,99,-67,6230 -2,74,4,26,6180 2,95,0,61,6731 1,22,36,1,5362 -3,27,29,8,4568 0,33,22,23,5252 -2,75,27,71,10629 0,93,25,68,13522 -1,43,108,-40,18473 -2,239,107,180,86233 0,281,67,169,61048 2,82,66,43,46052 -1,178,12,166,43735 -2,45,108,25,33985 2,53,51,17,22231 1,74,56,60,22840 1,9,154,-53,30439 -1,85,24,46,21560 0,7,192,-48,33448 2,282,10,204,26269 3,81,9,66,2152
2024-12-26,87704,30,0,82,31,2,6534 -1,56,56,24,7775 -2,82,59,43,8371 0,50,17,17,5718 0,112,6,76,7566 -1,50,76,2,9358 0,3,141,-78,10027 2,65,28,36,9182 1,21,65,-46,7406 5,69,120,30,22179 0,40,50,30,11280 -2,16,88,5,12284 -1,188,50,-33,88718 0,109,331,-95,107154 0,253,6,247,55015 -1,85,97,-41,45590 -1,124,21,104,29513 0,52,125,-60,34016 1,179,9,167,28807 -1,54,73,25,23420 1,141,63,-53,34750 0,105,214,-102,42858 0,128,90,113,40043 1,45,99,25,27223 2,23,172,-41,34252 0,26,130,-82,23196 0,67,35,7,19152 1,146,22,97,21629 1,106,6,81,17582 1,5,98,-20,18995
2024-12-27,87682,30,0,9,47,-36,3072 -1,80,3,61,5458 1,0,61,-29,3835 1,49,3,33,3335 0,109,3,107,6635 1,2,69,-44,5316 0,24,40,-26,4865 0,23,93,-65,7623 -1,47,41,-8,7657 1,6,136,-36,16937 -1,31,148,-110,18482 1,16,155,-148,23744 0,69,680,-451,151917 0,53,673,-468,128775 -1,6,412,-220,113090 -2,183,221,125,91880 -1,99,176,-139,60660 -1,365,73,354,48142 -2,28,269,-252,52702 2,21,270,-187,60556 -2,68,145,0,48892 3,158,135,5,46255 0,277,2,131,41190 1,151,7,75,27045 0,197,42,140,30917 3,249,8,166,41039 1,63,119,-86,32529 1,204,21,174,30893 2,112,132,-19,35311 -1,15,230,-136,41117
2024-12-30,86610,30,0,24,32,-1,3233 0,29,14,-2,2957 -2,65,11,57,3665 -1,7,38,-36,3010 0,16,59,-17,5049 -2,0,177,-147,9629 0,36,692,-598,42614 0,127,36,22,26667 2,52,107,-35,19233 1,47,331,-271,36816 -1,125,145,45,35155 0,70,91,12,27976 -2,34,450,-315,133225 3,140,311,-109,106305 -2,207,163,-91,87193 0,492,16,177,83151 -1,213,88,205,50831 -1,194,84,91,43832 1,266,16,77,41128 3,291,10,199,37020 2,206,0,189,30309 -1,197,37,178,31461 2,27,279,-113,46139 1,149,181,-41,36081 -3,177,33,108,29207 1,43,179,-64,24779 0,10,226,-96,34938 0,114,20,49,23329 2,83,82,-23,21256 -2,119,197,-189,28324
2024-12-31,85930,30,0,95,27,71,4764 1,69,21,69,5627 -1,6,162,-117,7240 0,67,8,50,4734 1,95,28,82,6691 1,3,61,-35,5040 2,2,138,-131,7268 1,38,180,-113,17177 1,121,2,80,15273 -2,108,37,-11,14516 3,35,107,5,16840 -3,59,67,-61,16829 1,134,353,-50,122063 1,62,388,-376,104764 -2,478,65,268,86072 2,107,209,-190,69606 -1,164,225,-99,60554 0,39,215,-179,52753 1,220,55,197,41839 -3,54,192,-49,39527 5,27,325,-298,40532 -2,35,213,-145,44823 1,445,18,350,50957 -2,7,410,-375,43222 0,138,66,91,34832 0,96,221,43,38460 -1,89,228,-217,37045 -1,115,66,63,33145 -1,293,9,222,34680 -2,169,223,160,46858
2025-01-02,85537,30,0,79,11,54,4704 -3,11,124,-40,8892 0,83,2,56,6052 0,184,60,163,11994 0,156,46,137,18323 1,58,32,28,11547 1,13,186,-167,14114 0,45,112,-9,18026 -2,10,119,-85,12774 10,186,68,82,23049 1,1,425,-257,42843 0,74,126,-114,27768 -1,100,726,-179,173061 2,561,56,456,132534 0,97,651,-519,121254 2,44,317,22,104367 -1,148,431,-262,93507 -4,297,125,263,71406 -1,231,93,212,56838 0,45,266,-224,53440 -1,212,586,-551,69950 -1,3,603,-602,90527 1,368,72,289,76311 -2,4,292,-35,50711 -1,13,293,-156,52315 0,321,151,186,53670 5,204,56,157,37674 2,117,193,25,42161 1,106,246,37,47631 -1,204,18,113,39601
2025-01-03,85015,30,0,13,36,-23,3787 0,0,110,-110,7405 1,127,6,102,5916 -1,23,32,-8,3882 0,25,92,-64,7082 -1,41,78,31,8653 -3,17,56,-20,5747 -1,156,7,139,9494 1,6,80,-23,8740 1,57,56,-11,10386 -3,12,115,2,15951 0,188,24,153,20677 -2,563,68,283,152088 1,304,225,154,137381 6,61,576,-283,130469 0,259,149,170,83775 -2,150,143,-107,69280 1,311,53,308,59345 -1,225,21,205,57409 3,56,78,-31,39684 -2,38,112,-82,37146 3,59,35,32,25867 0,71,36,47,23623 1,137,22,132,22632 1,111,40,80,28005 -1,45,108,36,28153 -1,54,28,22,19548 2,85,19,31,19867 -2,5,158,-99,28128 -1,32,48,9,18752
2025-01-06,86720,30,0,14,78,-19,8512 1,49,137,45,14990 0,162,40,151,17365 0,82,45,-30,13788 0,82,34,30,10102 1,53,53,15,9234 1,129,56,98,11048 2,5,111,-79,9671 0,33,72,32,10742 1,23,142,-33,16523 0,87,31,-3,17643 1,51,369,-5,58049 2,417,36,391,161175 0,70,161,-13,104870 1,237,188,197,101621 2,60,133,-11,67367 0,69,58,26,47839 -1,65,99,31,46285 2,9,179,-134,38362 2,56,91,27,35390 -1,1,188,-141,35863 1,41,220,-152,47942 -1,62,202,-28,53739 -2,38,116,15,32834 1,11,312,-268,49304 -2,122,166,-62,53366 1,82,64,28,35032 -1,44,95,6,33947 -2,7,257,-93,46140 2,173,36,156,32205
2025-01-07,87037,30,0,44,22,-1,3994 0,52,34,-14,5574 -1,46,53,35,5825 0,5,150,-128,9115 3,42,56,21,9390 0,46,56,-31,7149 2,115,7,94,7984 0,38,93,-79,10073 2,97,6,42,8502 0,76,42,63,9582 -1,146,12,112,18741 1,28,77,10,19320 0,58,387,-132,148216 0,145,827,-767,180900 -1,277,168,43,155607 -2,38,711,-523,155612 -1,452,52,368,121024 1,139,181,70,84949 -1,17,321,-211,82720 0,0,310,-226,69016 -1,119,143,-67,49824 0,149,151,-85,48611 1,312,86,292,46540 -2,147,27,110,32477 -2,0,286,-269,39027 -1,105,46,91,31552 0,47,127,-25,28481 -2,14,215,-177,38044 0,86,137,-108,37405 -2,0,243,-231,46391
2025-01-08,85746,30,0,30,52,6,4077 1,40,4,19,4673 2,10,284,-239,13894 2,31,398,-155,48731 -8,115,137,-35,24858 3,65,387,-337,33103 2,184,122,48,31015 -2,367,63,183,37954 2,316,39,167,35182 -6,176,141,-14,43783 0,166,63,17,29290 0,69,97,22,29228 -1,116,264,50,149149 3,148,336,-68,126095 -4,64,479,-249,131083 0,321,48,114,83136 -1,191,130,13,66081 -3,214,5,66,47361 1,330,11,234,50581 0,11,339,-277,45638 0,19,594,-538,67045 0,252,100,156,66615 -1,428,4,355,62110 2,350,23,261,47766 -1,22,176,-165,42232 0,204,243,191,66683 1,163,270,109,70084 1,0,403,-308,61122 -1,60,88,-37,35466 2,108,125,65,41936
2025-01-09,85284,12,0,40,29,4,4446 -2,49,133,-133,7858 0,119,21,102,7512 -3,5,146,-39,10119 0,39,42,19,6124 3,36,91,-70,5827 1,59,22,55,6956 -3,87,21,86,6884 2,22,81,-28,9664 -2,61,41,2,9222 -1,15,218,-167,17266 -2,134,20,99,13994
2025-01-10,85150,30,0,126,4,117,6049 0,115,36,112,8454 0,111,17,1,11010 0,39,68,-32,9148 -1,24,278,-207,11541 2,38,115,-19,13380 2,150,8,90,11863 2,77,7,40,9551 2,11,157,-43,14467 1,31,1039,-712,119227 1,217,151,163,64167 0,112,74,103,48662 1,16,733,-633,202659 2,138,588,-547,139796 -1,535,95,527,130543 1,370,103,291,127255 4,6,672,-582,117275 0,64,139,-77,78387 -1,173,213,-11,81760 1,118,197,-168,60602 1,264,36,238,49264 -3,264,10,226,48629 2,218,35,206,43818 0,288,73,188,54833 0,145,88,132,48661 -1,135,325,-320,70860 1,185,69,135,52611 0,8,202,-194,44083 0,221,22,105,43156 2,23,295,-252,52231
2025-01-13,82960,30,0,141,5,104,11683 -1,37,138,-54,15410 1,50,71,34,9417 1,55,56,7,7776 -1,100,150,-142,14849 1,299,6,213,18215 1,210,39,164,21531 -1,96,118,-89,22814 0,137,77,45,19436 3,120,44,26,20775 0,45,187,-130,27187 2,54,112,-81,33672 0,81,257,-54,167291 1,413,26,193,137867 0,55,347,-330,106970 0,647,5,639,113119 0,8,485,-447,86198 -5,69,88,-38,59738 -3,288,15,202,61948 2,25,349,-81,70923 3,303,9,246,55473 -2,73,119,-24,52293 -1,236,24,154,53781 1,78,96,50,37692 1,85,123,58,47353 2,14,167,-151,36743 2,99,143,92,44827 -1,134,87,-65,44891 -1,140,30,66,38066 -1,125,75,-35,34729
2025-01-14,84312,30,0,85,5,70,5705 1,32,86,-68,5779 1,35,104,-84,8375 1,16,88,-76,9199 0,77,133,-75,14517 0,38,192,-48,22791 0,72,29,26,12759 -3,15,127,-97,13011 -1,4,183,-109,17231 -13,719,7,591,73780 1,48,331,-241,43470 0,174,75,97,30357 0,232,213,16,141006 0,17,438,-38,125398 -3,181,223,-195,104361 0,49,273,-196,105678 -1,86,368,-206,114700 -1,164,105,-48,72814 3,101,246,-202,68021 2,44,186,-15,59559 -1,107,96,16,50339 0,88,250,25,54078 -3,141,63,101,38117 -1,244,63,207,38579 -1,236,40,222,40862 1,73,42,9,38762 2,74,87,-51,32366 0,98,60,-48,29882 2,8,788,-668,92636 -1,147,106,127,56425
2025-01-15,83821,30,0,63,7,39,3877 2,34,26,24,3508 -1,17,25,-11,3689 4,162,7,112,8961 -1,73,33,64,10104 -1,11,124,-110,9274 -1,106,32,61,9805 0,21,68,-22,8059 0,224,60,17,11945 0,1319,167,1211,107551 2,27,139,-117,44254 -1,2,116,-86,37658 3,371,263,370,158768 -1,185,224,106,114034 0,150,57,83,80517 1,34,208,-160,81742 2,95,135,-78,81289 -1,146,53,-3,63437 -2,6,253,-192,80808 0,121,149,110,65862 1,68,67,58,39946 0,161,6,138,35090 2,13,169,-64,40355 1,169,12,161,24819 1,40,80,-29,29683 0,77,9,42,20435 -2,131,20,115,28076 1,73,44,-14,30911 1,61,43,35,22570 1,119,1,68,26303
2025-01-16,86015,30,0,37,50,0,6481 2,23,64,-6,8766 -3,12,72,6,5636 0,30,69,2,7139 1,59,131,-106,11546 1,38,103,-60,10900 3,66,66,-55,12088 -1,21,119,-108,14177 -3,129,72,111,14560 0,128,91,35,33832 1,98,23,-10,20704 0,175,0,154,22210 1,12,502,-440,153649 1,159,197,85,130522 2,78,205,-123,89382 -2,143,146,-53,85529 7,441,0,410,77797 -1,5,320,-238,71051 2,66,361,-149,77847 1,163,75,133,43574 -2,95,139,74,45695 -1,10,160,-132,30971 1,88,49,42,26769 -1,58,243,-220,30548 -1,37,326,-238,58617 2,84,59,24,23486 204,53,137,15,20576 0,61,62,41,24421 2,158,85,141,31327 1,7,300,-241,39694
2025-01-17,85342,30,0,34,34,30,4278 -2,19,65,10,5677 -3,41,36,17,4309 -2,59,30,-26,6825 -2,6,137,-39,12773 2,80,30,67,9695 -1,21,80,-50,8491 -2,247,0,240,12435 1,228,2,205,20842 -1,260,5,241,39429 0,328,23,285,48365 -3,411,0,276,69804 3,26,619,-435,189371 -3,177,202,11,127373 -3,121,234,-46,98463 1,194,51,168,72251 0,121,54,54,58036 0,215,22,176,47623 2,27,186,-144,54589 1,41,130,8,45337 -1,130,37,117,31621 1,17,75,5,24979 0,89,67,63,32091 2,125,7,45,31521 1,26,109,-108,32242 1,54,64,-24,34363 2,98,46,46,29470 -2,47,31,9,21644 0,8,189,-66,39874 1,38,73,-67,29338
2025-01-20,86494,23,0,34,32,32,2723 -1,21,61,-17,3924 3,0,72,-45,3878 -2,59,1,50,3726 -1,8,61,-36,3466 -1,4,194,-168,12080 -2,77,9,47,6867 0,18,124,-46,9356 -2,13,53,-49,5123 1,368,105,342,41431 -3,221,20,173,31303 1,136,136,122,31887 2,226,41,166,48834 0,29,200,-138,36425 0,8,215,-167,36112 0,45,191,-58,35697 2,143,10,123,24471 3,36,73,3,19319 2,61,9,45,14312 -1,49,132,-70,20120 1,39,313,-168,25355 1,186,30,109,18770 -2,83,50,-23,4633
2025-01-21,86880,30,0,0,64,-60,3760 -2,20,86,9,7373 1,15,138,-106,7542 1,59,67,32,7169 -2,6,179,-41,11803 -1,92,59,84,8743 1,32,58,-49,8868 -3,71,33,59,9770 -1,49,45,-35,9642 0,132,11,129,10136 1,54,38,-12,14429 0,25,104,-41,18362 -1,31,485,-239,153207 1,85,315,-152,123940 1,114,352,102,106292 0,43,168,-104,76379 1,167,112,142,64020 0,33,128,-74,43208 2,68,103,27,44004 -3,180,13,150,44094 -1,116,98,87,33279 0,106,7,97,28680 1,103,5,68,35651 -1,140,0,59,33793 -1,44,63,-47,23711 1,97,7,69,18849 0,17,182,-65,33192 1,4,136,-107,25052 -2,65,67,51,23706 0,81,42,64,19593
2025-01-22,87542,30,0,41,6,27,4353 -1,13,30,8,3705 1,45,5,6,6038 0,13,33,-26,4621 -1,26,36,15,6932 1,78,0,22,9758 -1,68,6,46,6787 -1,41,22,5,7816 -1,57,1,41,9021 1,51,30,34,11236 2,18,85,-60,12625 0,19,65,-4,20809 1,294,47,291,143944 -1,164,45,113,101308 2,86,73,-11,68530 1,119,30,89,54598 0,3,183,-44,57171 1,115,118,111,53532 0,71,27,34,35846 0,126,0,110,31337 0,23,105,-85,27784 0,28,82,-33,25325 1,45,53,-9,23454 -1,16,185,-159,40783 1,121,15,111,28834 -1,27,105,-78,32423 3,75,34,-22,24865 0,49,57,37,27664 1,49,26,-4,21940 1,6,60,-55,22108
2025-01-23,87604,29,0,1,83,-63,4699 2,38,38,8,5304 1,15,56,-32,5785 -1,90,11,69,6147 -2,33,86,-85,7512 -1,92,11,89,7562 3,30,47,-36,7590 0,78,47,-11,9195 1,60,25,41,8561 9,81,92,-5,22556 0,29,53,-33,10000 -2,19,47,-2,15277 2,117,92,96,102364 -1,22,182,-101,78742 -2,89,27,55,53387 1,162,35,140,63482 -3,47,79,-64,44612 -1,124,97,118,79861 -1,107,61,56,55687 1,13,170,-100,45758 -2,38,54,-41,22441 -1,7,105,-6,34867 1,68,8,53,24304 -1,150,7,83,31177 2,99,23,-8,30010 0,33,98,-91,29151 0,72,44,42,30249 0,75,0,16,23320 3,51,21,17,11074
2025-01-24,87987,30,0,31,47,-2,8948 1,64,8,15,9710 2,38,21,-10,3960 -1,48,32,42,5315 0,64,38,29,6048 3,96,2,94,6971 -2,17,78,-68,7490 1,40,48,-27,8431 -1,50,30,7,8542 1,14,87,-59,11031 0,156,2,127,18473 1,68,20,37,23948 0,103,177,77,124811 1,57,197,-144,89096 0,41,161,-136,75615 0,99,62,39,59676 -1,3,133,-8,51386 0,56,71,47,35874 2,73,29,63,26956 1,25,230,-170,55296 2,84,89,-41,35139 -2,47,30,-2,25150 -3,14,203,-199,49339 2,89,70,35,38798 0,52,167,-109,41614 1,3,235,-216,53182 -1,130,42,56,42477 1,64,20,47,23826 0,62,76,-23,35265 2,66,69,-40,28558
2025-01-27,84180,30,0,73,556,-532,50652 2,247,595,161,70092 -2,241,284,-75,45920 -1,398,50,373,29930 2,114,223,106,30293 0,110,109,40,21800 5,165,59,122,21250 -1,116,247,89,27939 4,211,24,178,27402 3,24,156,-78,23549 -2,125,53,-38,25976 1,35,124,-41,35458 -1,805,62,724,209242 1,144,147,-48,113212 0,310,262,298,126057 1,201,81,-41,98221 1,96,443,-404,92066 2,139,248,-190,79325 1,287,96,175,85224 3,52,282,-200,78558 -2,175,171,92,67212 -1,119,197,-186,50507 2,34,168,-53,51407 0,95,95,-72,40920 -1,273,15,94,50834 0,103,106,-44,42934 0,395,16,363,44441 -1,3,544,-526,62830 2,256,98,241,65153 3,105,140,-21,52022
2025-01-28,85640,30,0,13,68,-27,7304 2,26,73,-25,6850 0,59,139,-136,8856 1,36,154,0,15160 -3,5,252,-235,15582 -2,16,159,-118,19900 -1,110,66,44,18001 0,148,2,47,15678 -1,244,5,208,15965 2,32,267,-210,25518 -3,57,78,-74,17794 -2,132,37,101,24543 2,69,567,-405,172656 1,666,80,468,133527 0,651,8,595,112176 -2,22,286,-119,106658 0,140,119,98,77134 0,69,297,-223,78555 1,168,71,150,73975 -2,349,172,332,74063 2,147,28,92,55334 2,40,105,-44,40104 2,139,34,99,41248 -1,80,70,-45,37451 2,37,127,-33,38657 1,37,114,-109,32389 -2,182,17,164,35531 1,262,1,247,40253 2,20,142,-104,36090 1,111,20,86,29545
2025-01-29,86583,30,0,113,20,91,6283 2,13,68,-12,5135 -1,7,71,-25,3401 2,48,43,32,4696 1,87,37,-18,10606 2,48,33,25,6519 -2,6,86,-83,5408 0,28,162,-132,14068 0,8,199,-123,27533 -3,26,98,-23,23610 -1,157,43,70,23950 -2,125,3,17,20304 -1,26,423,-389,131674 0,240,33,208,95513 -2,44,294,-204,93046 1,95,186,12,78424 2,92,91,-47,65939 1,74,72,-26,52113 2,103,92,64,50791 0,112,148,40,49744 0,123,46,54,32862 1,37,111,-82,26005 -1,7,561,-198,97623 2,149,138,134,61384 2,90,173,-17,46618 2,3,343,-175,61519 1,12,239,-183,54532 0,715,55,569,117099 2,129,230,-96,81094 0,312,224,260,79854
2025-01-30,86492,30,0,92,8,56,7874 1,8,77,7,7622 1,101,2,65,8837 1,60,52,-9,10184 -1,9,148,-90,14419 2,4,226,-174,20904 2,177,44,166,14419 2,54,48,41,11361 0,36,66,-16,11196 -2,116,117,-23,32888 2,190,34,98,30794 1,42,190,-21,29430 -1,353,211,343,152663 0,52,688,-584,163518 0,144,271,-231,104420 0,242,120,123,97022 -3,22,513,-411,108013 -1,375,160,364,84889 -1,81,143,59,55605 0,243,6,83,63111 1,24,320,-255,57464 3,119,77,61,44995 -1,133,43,107,36652 1,37,110,-54,32016 1,212,20,183,33041 0,61,48,30,26979 0,80,7,24,27532 0,108,52,92,26729 3,192,25,160,37783 0,103,16,65,26005
2025-01-31,87152,30,0,23,42,17,3379 -1,18,80,16,6396 0,38,30,-1,6150 -1,36,21,19,3512 -1,55,22,30,9642 1,8,81,-54,6680 1,21,38,1,6723 0,8,79,-31,7642 1,32,33,3,7225 3,52,128,37,25486 1,42,168,-109,22246 -2,43,82,15,24367 0,256,41,189,116344 2,356,66,262,105363 1,135,60,35,69833 1,167,14,132,73943 1,143,61,68,62152 1,45,144,-119,42887 0,58,161,-36,56883 1,24,177,-34,53269 0,144,92,139,45896 1,15,123,-61,30361 -2,56,53,-31,28331 2,12,409,-389,81196 -1,50,338,-163,130067 1,40,408,-317,94738 2,270,44,84,77767 0,91,527,-349,89557 1,221,268,-228,86713 0,91,121,-57,68046
2025-02-03,84821,30,0,167,0,103,11468 -3,159,44,129,11361 2,38,136,-109,10702 -1,38,106,-76,10352 -4,64,124,-84,16412 -2,150,70,82,16750 -1,9,231,-175,16894 -1,309,49,181,31284 -1,111,57,23,18534 -2,57,152,-109,18660 0,101,75,14,16799 0,140,64,75,30074 -2,399,149,-16,164394 2,162,268,-46,120565 4,650,351,610,180605 -3,399,126,232,179451 1,181,282,31,125948 -3,208,106,-54,71961 4,215,107,1,68804 1,220,168,-17,67722 1,214,119,-39,48481 1,37,184,-55,54525 1,190,150,-36,81738 -4,258,45,180,49574 0,161,61,133,42445 1,137,1,104,36520 0,186,5,63,38058 0,99,46,72,29908 1,18,146,-113,30373 -1,76,108,-84,31618
2025-02-04,85563,30,0,30,82,15,6984 -2,130,43,120,7160 3,1,198,-63,10064 0,47,28,33,6718 -4,65,81,62,9226 -1,90,54,70,12309 0,192,55,-16,19595 0,151,73,83,17213 -3,43,48,-24,13014 1,14,125,-102,10947 1,60,53,57,13471 -1,6,143,-106,20819 1,407,67,392,112853 2,504,51,473,98750 -1,101,93,7,85950 2,158,80,53,65205 0,70,122,19,51094 -1,111,70,101,31193 1,44,155,-137,37408 1,49,63,-55,32365 0,66,318,-292,64612 0,156,51,101,46180 0,148,74,-9,38613 3,206,4,187,26343 -3,52,14,23,16397 4,54,108,45,25827 1,116,14,35,25778 2,61,49,-36,20598 2,27,171,-32,36121 2,54,67,-59,22813
2025-02-05,85869,30,0,62,25,12,6278 3,55,40,40,4456 0,52,20,21,5516 1,19,37,16,4762 0,35,36,-29,6630 -1,67,47,67,9016 -2,63,45,7,8712 -1,66,38,54,12058 -1,71,113,57,15806 -4,101,75,-18,22176 0,38,51,26,13399 0,107,8,84,18648 1,161,126,125,106692 -1,110,322,-201,117074 3,209,98,199,95239 -2,94,145,9,62792 0,196,55,166,61665 -2,17,250,-10,57776 -1,237,35,228,58446 1,252,0,223,61173 0,25,143,-111,35558 1,31,54,6,25158 0,38,99,-26,27254 -2,38,122,-43,29349 -2,127,42,56,31397 2,118,76,103,25141 2,22,65,-54,18581 -1,27,46,1,20691 0,31,61,15,19231 -1,128,33,91,26040
2025-02-06,87143,30,0,37,35,-7,6606 3,4,144,-91,9718 -1,13,97,-54,9685 1,24,92,-69,12518 1,9,102,-60,11842 -2,110,16,96,11026 0,67,59,67,10380 0,76,22,42,13275 -1,35,28,-3,7877 4,21,99,-35,14975 0,98,44,37,16372 -1,53,25,40,13961 -3,149,155,64,106145 1,119,113,102,92970 0,124,138,-104,88725 -2,176,207,-152,94052 -1,147,14,142,51813 0,100,8,46,36509 0,12,187,-115,38782 1,59,97,15,33137 1,123,52,26,29458 0,108,59,104,22748 0,95,4,38,28212 2,68,81,45,29913 1,46,80,-6,28299 -1,7,89,-21,18836 1,29,138,-104,23289 0,8,343,-151,68030 -2,53,97,-24,33074 -1,165,23,148,23893
2025-02-07,87456,30,0,11,66,-49,3536 0,37,15,29,2837 -2,4,70,-35,3731 0,77,7,72,3855 -2,37,10,13,4527 0,26,21,-12,3600 1,13,45,8,4649 -1,8,85,-77,4781 2,78,48,-19,9914 5,305,229,23,63260 3,125,45,106,25199 -2,53,31,24,17821 -1,329,64,269,108869 0,28,882,-679,156361 -1,29,391,-154,130521 0,225,50,130,83274 -3,113,642,-238,130522 -2,171,264,-240,82239 3,117,138,-76,62700 -3,149,210,85,83482 -3,70,290,-130,66389 -1,218,72,186,33197 -1,204,114,148,39626 1,90,39,9,27981 1,59,292,-244,37963 2,41,168,-122,36669 0,20,185,-167,38681 0,178,48,164,38713 1,23,179,-135,28902 -2,27,128,-39,30878
2025-02-10,86894,30,0,52,15,22,4750 -1,6,135,-8,8790 2,73,5,64,6198 0,37,23,-10,5438 1,22,42,-33,5061 -2,39,13,19,4386 -1,1,62,-10,6123 3,39,31,-2,5385 1,114,6,101,8715 2,99,11,54,11913 1,69,37,12,11741 0,0,129,-51,16488 0,178,89,18,104076 0,331,70,289,90814 2,127,63,83,56525 3,122,1,75,44505 1,16,103,-67,39301 -1,62,83,-39,39312 0,14,79,-40,29345 -2,113,51,-16,33564 0,8,95,-63,37519 1,126,9,90,23240 0,85,7,70,18484 -1,50,24,-2,19629 3,28,28,21,13884 2,57,65,-8,21861 1,51,34,4,19897 -1,18,82,-63,16169 -1,70,37,49,22643 -2,40,25,-13,14692
2025-02-11,87008,30,0,15,77,-36,5293 2,15,59,13,5322 2,35,7,25,4166 0,35,21,22,4550 0,43,88,-59,8481 1,38,46,-37,7789 1,85,27,79,6317 -2,18,64,-47,7511 0,8,147,-110,15048 3,62,56,-45,13596 2,30,144,-32,31069 2,44,35,31,14906 2,363,24,287,93437 0,164,69,69,82577 2,198,55,170,64821 1,114,56,90,48479 -1,42,131,-105,45796 -1,55,74,-45,38484 0,77,36,14,29793 0,5,443,-364,73065 -2,235,52,221,54159 1,22,101,-79,28550 0,22,60,0,24002 0,34,92,22,24786 0,230,11,164,40001 0,0,82,-39,23762 2,9,64,-30,17726 1,157,17,115,27040 0,44,29,-25,22201 0,19,67,-50,19405
2025-02-12,87124,30,0,3,41,-18,3064 -2,100,23,4,10478 2,51,12,30,4785 1,35,20,17,3414 -1,26,20,5,3099 1,76,5,61,5705 -2,93,10,68,8246 -1,105,26,26,14137 1,43,68,-20,11296 2,94,1238,-1043,114065 1,14,216,-150,43431 1,161,47,97,34136 -2,529,59,500,134974 1,101,327,-230,102657 -1,484,150,315,117502 1,308,50,10,88763 1,133,51,-9,49519 3,53,207,-134,58786 -1,284,9,250,45650 -2,286,16,207,59559 1,101,46,30,38481 1,58,123,-1,31922 0,170,25,66,34731 0,37,110,-9,26040 -2,47,118,-79,24932 2,98,80,-23,27502 -1,102,62,60,23544 3,195,9,184,22806 2,9,79,-65,23151 -2,46,27,-18,19656
2025-02-13,87292,29,0,95,30,80,6047 0,0,62,-20,3990 0,83,7,63,5491 2,11,229,-105,12559 0,36,117,-68,17226 0,55,93,17,13849 -4,47,28,-3,5908 -2,47,56,-14,7824 0,117,41,67,8185 23,272,179,151,60562 0,51,68,7,23056 2,34,49,-10,15375 -1,327,137,1,164638 2,366,22,164,111653 -2,344,20,252,93293 1,337,13,273,72475 -1,21,70,-39,39357 0,51,136,-118,34704 2,44,91,1,44367 -2,16,243,-46,54968 1,8,126,-97,28342 1,126,70,116,26417 0,2,211,-154,36101 0,44,270,-63,58135 2,141,123,111,62234 1,108,181,101,36442 168,61,1,55,3980 0,131,4,121,30667 1,46,43,9,21894
2025-02-14,88465,30,0,15,78,-33,5845 -2,8,140,-108,9504 -1,28,100,-85,9858 -1,59,43,-35,9387 -2,89,28,56,9637 -3,92,1,52,8251 0,34,35,-5,6025 1,80,25,45,7004 1,24,65,-18,4931 6,110,26,88,22093 1,46,23,-22,12041 -1,80,22,34,16313 1,118,82,53,101227 0,103,91,92,78546 -2,63,96,-23,72363 1,7,150,-9,61989 0,141,39,101,55858 2,16,238,-91,59570 -1,14,95,-79,35766 0,94,44,0,35005 -1,26,79,-74,32926 2,136,38,134,31832 -2,147,5,134,36965 0,31,92,-42,26163 -1,167,6,145,32600 0,20,56,1,18979 0,53,79,-69,25653 3,7,70,-42,24935 -2,62,41,18,24769 0,86,37,60,22276
2025-02-17,88978,23,0,51,9,44,2359 -1,42,13,32,2989 0,26,64,-51,4006 2,15,50,-50,3253 0,55,0,51,3474 1,17,13,8,2123 0,23,23,8,3743 2,0,53,-16,3596 -2,21,16,-1,2175 2,6,32,-9,2792 1,37,2,30,3672 2,9,87,-67,8216 0,4,196,-128,38875 -2,41,29,32,15367 0,56,27,48,11386 0,34,9,-4,9482 0,79,2,65,12061 2,23,15,12,7030 -1,21,56,-18,10902 1,4,72,-61,12003 -1,25,20,15,5413 -1,41,22,32,6000 3,15,44,-17,2516
2025-02-18,89116,30,0,24,18,11,3526 3,21,20,0,2987 0,18,29,7,2534 2,8,60,-38,3354 1,42,32,34,4858 2,40,43,17,8043 0,52,10,0,6146 0,10,73,-71,6552 -2,131,5,99,10072 3,46,30,38,9388 0,43,24,38,10191 0,13,251,-229,25174 0,41,343,-301,129445 1,167,137,28,100945 0,70,238,-203,85883 2,129,58,35,63133 -2,201,38,189,49201 -2,48,119,40,44764 0,20,122,9,37553 0,36,156,-126,39111 -1,70,73,-6,26928 1,88,10,44,19972 -2,87,31,-7,22539 -1,11,121,-73,26166 0,2,102,-18,28814 1,46,227,-181,38431 0,202,41,148,40736 -1,99,31,96,25175 -1,47,25,6,21268 -1,18,54,-25,17122
2025-02-19,88863,30,0,20,51,-9,7752 -1,46,20,37,6685 0,13,63,-37,5266 0,18,73,-47,7332 0,192,1,184,15341 -1,19,34,-6,6793 -1,41,48,26,6236 1,6,141,-71,11812 1,25,223,-151,15828 1,39,68,37,13239 1,51,66,30,14067 0,18,115,-29,18701 2,56,212,-166,103970 2,103,194,-150,86012 1,109,43,79,59506 2,235,2,204,72234 1,12,217,-41,60083 0,133,23,109,44025 0,99,44,27,35821 0,116,12,102,27535 2,1,163,-125,31049 3,70,49,48,24352 0,99,88,-75,31353 -1,158,73,130,32335 1,74,11,-5,25308 1,21,74,-29,23547 0,195,8,146,39751 -1,87,42,34,26137 1,69,82,-73,28417 0,74,235,-181,43592
2025-02-20,88854,30,0,10,18,5,2061 1,1,64,-58,4196 2,18,43,-31,3927 -1,9,73,-8,6839 0,73,35,-19,11383 1,24,51,7,6475 -1,78,11,55,5930 2,40,43,-33,6079 -2,37,22,-2,4945 -6,67,17,32,9990 -2,89,35,72,12287 0,29,56,-27,14148 -1,68,306,-283,118821 1,10,755,-537,178724 -1,393,48,332,98463 -3,83,256,-246,77655 -2,131,198,113,80373 -1,93,118,24,56040 1,47,173,-93,45850 -2,177,51,153,38808 0,53,58,22,28104 1,73,57,-46,28013 -1,30,165,-44,35581 1,45,109,-50,27620 -1,83,28,40,22696 0,121,38,76,26986 -1,155,1,85,31399 -1,83,157,82,36919 -1,52,51,-37,32582 -2,65,82,-12,31835
2025-02-21,88679,30,0,1,55,-45,3409 2,61,2,57,3925 1,6,44,-36,2652 -2,17,47,-4,3350 -1,76,25,56,7415 -1,140,18,123,13465 -4,55,17,42,7836 -2,37,38,-9,8218 -3,70,4,25,9104 0,105,16,71,11982 0,6,102,-61,14636 1,38,159,-146,19363 3,6,359,-270,129521 -2,29,275,-106,111295 1,77,400,-347,111685 0,60,260,-74,107489 -1,138,97,-21,68468 -3,195,65,48,62469 -1,121,98,-26,46632 -2,54,101,-76,40829 -1,8,313,-149,70657 2,18,232,-222,50045 1,27,287,-272,69321 1,143,91,-37,71745 -2,211,97,-43,69957 -3,58,155,-84,52585 0,79,382,-337,69033 0,173,53,25,60976 -1,131,35,-8,48187 1,127,43,70,40248
2025-02-24,87063,30,0,33,35,7,5254 4,29,86,19,8921 2,31,57,21,4853 1,32,42,-34,4475 2,30,102,-56,8991 2,38,62,-15,7926 2,78,61,-28,9791 0,110,22,89,9048 0,55,26,38,7289 1,45,32,11,7974 -1,95,58,-47,13575 1,70,144,-71,23071 1,195,324,-272,138784 1,5,994,-732,176888 -1,333,8,20,130969 -1,91,230,-97,104456 -1,215,152,130,89496 1,370,18,313,69542 -1,127,159,38,73741 -2,72,130,-3,60051 -2,211,68,108,59429 1,128,87,70,40198 -2,2,182,-89,44401 1,153,48,100,38388 1,28,103,-50,28869 -3,22,160,-104,40792 -1,1,170,-154,39588 3,100,64,-28,33686 0,38,149,-43,40388 -3,66,131,-120,43458
2025-02-25,85348,30,0,22,88,-84,6838 -3,26,119,-11,20457 0,88,31,54,9784 2,246,12,153,13555 3,105,26,47,11015 -1,96,45,59,9668 0,8,114,-48,10768 1,222,7,205,17785 -1,74,72,64,17215 0,19,173,-141,19211 0,29,86,-66,19800 -2,73,147,-14,29190 0,25,454,-417,185562 0,37,477,-346,168494 1,92,691,-610,178950 2,308,45,253,147589 2,190,300,-162,111092 1,91,168,-135,71306 2,328,194,307,88282 0,350,28,127,76435 0,183,150,179,55037 0,111,72,23,42048 0,335,17,248,45402 2,31,361,-350,52190 2,320,33,246,51593 4,12,215,-157,46324 1,6,294,-253,57832 -1,327,16,280,63838 -2,99,74,0,44238 -2,242,81,98,55118
2025-02-26,85260,30,0,48,33,29,4479 -1,19,33,7,3879 -1,25,63,-53,4914 1,57,0,13,4638 1,1,149,-70,13382 1,45,47,-2,6873 1,44,86,-65,7058 0,73,81,-5,15364 1,183,0,177,12445 2,34,175,-147,17958 -2,3,126,-42,25654 0,1,209,-151,35544 -1,158,199,156,169272 0,175,70,110,127242 5,264,139,-93,117748 -1,279,3,231,88139 -3,216,112,181,72992 0,77,102,-79,54197 3,169,73,87,56887 -1,90,215,-49,58849 0,130,86,7,47733 3,67,324,-290,66145 -1,13,379,-261,75362 -2,59,276,-270,62441 0,134,174,-123,62884 -3,45,301,-227,68843 0,274,55,164,54289 -1,197,32,91,39468 0,28,276,-88,48268 0,158,72,94,39335
2025-02-27,85299,30,0,5,61,-40,4695 -2,119,5,113,6162 -2,9,92,-83,5415 -2,74,38,64,6896 0,113,39,103,11242 0,44,59,4,9252 -1,93,12,44,11860 -2,1,121,-61,12086 1,57,66,-35,10308 1,69,262,-203,56508 2,295,125,209,55915 0,46,74,-47,23269 0,162,703,-630,203358 -2,59,1144,-807,230042 -3,749,19,588,173703 -2,52,356,-89,148374 0,5,381,-224,101452 0,447,0,67,100083 2,146,47,7,73266 -1,3,307,-242,76080 -1,202,200,192,70531 1,88,254,-167,61821 -1,254,56,171,58974 -4,253,36,168,57578 0,64,147,-58,42852 1,58,263,-235,56023 2,37,530,-507,72568 3,9,408,-270,123280 -1,131,373,-326,87349 -2,86,254,-237,96256
2025-02-28,82600,30,0,114,4,106,5387 -1,11,82,-30,4721 1,19,39,1,3987 0,32,74,-30,6770 0,16,267,-179,16603 -2,98,68,47,13665 2,3,191,-46,18385 -3,61,58,-22,11945 -2,38,197,-106,17026 -5,328,42,175,42541 0,5,150,-24,25038 1,33,218,-121,27358 1,216,522,-1,226059 -1,265,197,206,135050 -4,473,83,462,139819 1,85,328,-238,104701 -1,318,17,183,71916 0,48,436,-416,98325 2,427,58,375,74142 -1,14,286,-224,64397 -5,294,45,92,64461 -1,30,511,-504,75999 0,202,173,-88,94695 2,187,267,170,98757 -1,297,79,146,87647 -3,113,365,-239,77952 1,189,76,148,62374 1,429,70,395,65522 -1,247,96,207,69072 2,48,274,38,61545
2025-03-03,83986,30,0,61,17,44,5909 0,68,48,56,6420 -1,37,46,29,5963 1,8,75,0,5896 -2,210,23,176,15207 0,115,38,15,17043 1,33,61,-6,11123 2,34,70,-61,12064 -1,84,60,56,12546 2,2,151,-69,16373 -1,169,96,119,22061 0,13,151,-120,21962 -3,260,510,-458,190514 -2,93,724,-501,191307 -1,583,49,572,137553 1,123,344,-199,118103 -2,144,242,-45,99635 3,349,122,-45,84356 2,68,222,56,83294 3,165,28,39,56586 1,171,12,122,45293 0,92,242,-138,52839 -1,33,683,-648,75424 -2,111,278,-240,79990 2,348,131,115,82240 -4,320,44,242,65991 0,37,286,-234,61249 -1,419,19,27,69625 0,75,923,-891,125881 5,57,556,-476,117239
2025-03-04,81843,30,0,76,58,10,14145 1,90,49,39,10261 1,57,79,33,8705 1,45,175,-13,13753 1,60,250,-195,18073 0,76,495,-474,39338 -1,267,2,187,28381 -3,47,295,-215,34421 -2,46,167,-125,28104 0,324,7,295,38240 -2,196,145,194,44495 -1,20,274,-202,46627 -2,350,336,-66,219571 0,91,636,-548,170466 0,232,453,-119,169323 -2,419,100,292,131484 0,43,485,-432,106005 0,427,60,75,88055 -3,613,10,579,90689 2,202,155,-29,79222 -4,616,11,466,70257 0,74,258,-61,75694 1,189,273,158,82398 2,302,207,-161,70585 0,396,118,276,57063 1,557,63,470,65116 -2,234,141,-8,61462 -2,274,105,112,54492 0,260,30,213,46723 1,351,29,105,60231
2025-03-05,82178,30,0,177,13,63,10963 0,33,135,-67,10634 0,37,74,-15,7457 0,72,51,54,7678 0,4,445,-177,25783 0,68,195,-57,16593 1,122,54,7,14239 -1,111,168,8,24794 -1,67,369,-285,27763 0,175,74,32,31921 -2,61,221,-115,26699 -1,240,33,61,32517 2,138,433,-288,182232 0,590,316,429,171778 -7,91,621,-501,145299 2,440,73,170,100370 -3,263,223,-181,92515 2,22,300,-106,98298 -1,0,341,-195,84381 -3,614,123,507,97936 0,401,77,381,73850 1,156,132,80,66763 1,369,187,-96,91319 -5,324,25,145,59135 4,186,227,144,63548 -2,586,13,577,73328 0,106,211,-183,71103 3,140,166,114,60026 1,227,93,187,60938 -1,30,438,-101,74344
2025-03-06,81718,30,0,0,177,-144,11780 1,20,168,-71,16182 -1,105,29,42,10446 -2,170,12,157,11633 0,23,130,-125,12615 2,57,85,47,14925 -2,24,207,-153,21060 -1,95,158,-79,21889 -2,13,190,-114,22307 -7,274,39,122,39518 -1,101,166,34,37957 0,37,206,-177,35682 0,35,331,-68,190116 4,531,166,430,153293 1,323,74,220,136342 2,220,173,4,101913 -2,127,292,120,99367 2,27,562,-327,97335 -2,280,370,-346,71571 0,0,651,-416,104327 0,62,357,-242,88560 2,204,264,-227,73791 2,373,19,192,69370 0,239,100,-50,66926 1,119,376,-154,76612 0,178,172,-61,57095 -1,130,296,-213,65829 -1,597,103,515,78241 2,200,524,-236,106853 -6,213,253,33,75740
2025-03-07,80728,30,0,52,37,7,5141 0,22,131,-44,9130 -1,61,41,36,5158 0,81,23,-21,7299 2,33,82,-64,9790 -2,50,141,-126,11998 4,60,139,-68,16949 0,86,45,59,14406 2,16,177,-72,18118 -5,648,195,118,83914 0,18,397,-266,55493 0,51,179,-137,42059 -1,704,52,627,199188 1,192,450,-92,143658 1,42,515,-451,119603 -1,110,684,-64,167935 -2,66,311,-160,147546 -8,57,570,-512,97999 3,47,348,-248,105589 0,341,179,-15,114016 -2,277,139,274,87868 -3,691,114,508,109965 -2,469,317,250,133476 0,244,200,-37,96460 1,429,53,344,79223 2,268,81,-70,75708 1,598,0,514,83834 -1,88,334,-307,84186 1,276,47,260,68204 -2,59,280,-57,68061
2025-03-10,80045,30,0,179,4,111,13256 0,31,232,-209,19487 -5,69,56,-34,14682 -2,87,150,-78,13439 1,163,63,126,20474 2,127,73,83,15281 4,26,237,-236,15903 0,29,206,-187,25217 0,111,78,-63,24269 -4,51,112,-10,24434 -1,129,47,51,28324 1,179,102,-69,36555 1,81,376,-176,178497 3,105,590,-545,175187 -2,190,190,-134,129283 0,116,315,-208,125447 1,25,386,-36,126517 1,114,189,100,100195 2,278,184,70,113403 -2,19,371,-325,82274 1,171,187,42,75175 0,239,193,-126,75519 0,142,265,-256,74608 1,272,118,94,76597 0,23,320,-264,69153 -1,127,180,-42,65764 0,269,76,1,65098 -2,150,159,-75,55553 -1,61,553,-525,89017 -1,878,35,614,106275
2025-03-11,78246,30,0,14,106,-61,12373 -2,39,157,-54,15632 -5,119,24,92,11002 3,30,126,-105,11232 3,56,234,-181,17261 1,216,0,165,12121 -1,200,13,122,14934 0,112,125,-120,16023 0,28,245,-107,27673 -1,9,220,-176,22910 1,120,66,-18,27774 0,70,150,-122,30147 0,692,134,671,206051 -1,104,936,-249,196031 2,39,849,-815,169992 -1,251,226,-68,177968 -2,687,74,654,158413 -1,164,223,-149,132190 -1,459,60,298,108449 0,62,568,-519,98520 3,171,168,44,84608 -1,189,194,-24,75754 0,47,407,-330,74372 2,97,366,-357,74861 2,623,34,526,70533 -1,485,251,378,93096 -1,452,9,297,76578 -1,469,192,459,87556 -1,256,265,90,98471 -2,4,570,-374,88147
2025-03-12,78164,30,0,92,70,-3,10178 0,107,36,-15,9521 -1,23,47,-28,6638 2,98,22,82,7328 -1,114,28,88,10221 1,111,20,55,10801 3,85,41,-19,12254 -1,44,68,-43,12335 1,137,13,106,12868 4,760,44,367,91177 -2,185,2,59,39712 0,21,157,-34,33730 1,321,241,-115,190646 0,241,351,155,173441 2,72,480,-309,132564 2,55,517,-452,134963 0,206,489,-354,125142 0,459,62,381,112093 0,363,56,335,90146 0,213,148,170,89994 1,212,98,115,75574 4,190,286,63,83304 0,76,377,-153,76345 0,191,96,175,61600 -2,75,244,-223,59335 -3,27,453,-339,88644 -3,330,0,325,61250 1,263,81,226,52134 -1,4,275,-174,62654 1,33,250,-138,64431
2025-03-13,79026,30,0,189,15,152,417 5,142,25,26,511 -5,152,0,95,359 5,1,74,-2,137 -12,15,255,-250,442 13,141,135,-52,449 -4,72,185,-104,342 16,131,120,-113,505 4,132,59,57,450 43,319,29,6,962 -9,283,0,251,555 -10,53,137,-20,565 15,11,463,-334,2875 2,63,678,-248,3837 -1,548,152,164,2443 10,219,299,-225,2234 20,271,182,-139,1739 10,60,199,-141,1494 -18,163,307,42,3003 -35,5,282,-44,1205 -20,19,211,-153,1072 -20,376,226,-117,2404 2,168,68,-31,1350 -1,10,335,-176,1716 -11,39,179,-121,1043 -16,408,0,335,1412 0,261,21,255,1136 8,196,101,163,1011 -15,122,290,-225,1410 -3,94,295,-197,982
2025-03-14,78599,30,0,44,64,15,298 -11,30,36,-3,268 0,21,117,-66,319 -19,106,91,102,322 4,146,33,-9,812 9,7,101,-12,354 11,156,20,151,426 -3,15,74,-5,824 7,144,72,144,725 1,36,124,-67,814 -8,17,82,-42,459 -3,18,144,-114,786 -4,581,48,531,3967 3,100,659,-384,3776 24,79,245,-126,2311 -1,413,28,344,2037 16,306,92,182,2387 -6,216,74,144,2367 -5,235,9,105,2228 2,80,115,-100,1440 3,47,161,-129,1560 -2,272,42,267,1256 3,105,86,56,1934 -1,2,209,-168,792 0,80,127,-91,1154 6,172,18,101,1129 4,34,181,-106,810 12,280,3,223,1104 -5,62,148,26,867 6,69,129,-111,1108
2025-03-17,79330,30,0,59,35,42,3467 1,36,64,29,3019 2,57,19,54,3024 -3,125,33,124,3587 -2,72,26,49,3650 -5,87,5,14,2916 2,62,61,-59,4673 3,47,106,-51,4809 3,53,50,3,3948 0,414,68,321,16335 0,45,168,-60,10810 3,17,223,-155,8845 0,586,77,203,93451 1,263,143,36,67471 0,212,208,-201,50874 0,181,163,135,49715 2,8,388,-284,44179 0,220,76,6,31820 3,65,216,-1,31381 0,224,102,193,25894 0,63,281,-249,24356 1,177,53,102,25388 1,102,84,76,21888 1,238,53,199,19291 2,268,48,257,23778 0,129,44,90,23168 0,315,41,291,26889 1,161,32,122,21375 2,37,144,-127,20908 2,32,77,-12,20844
2025-03-18,80087,30,0,14,112,-84,7676 -1,16,212,-189,9546 -1,82,121,58,13534 1,33,120,19,8371 1,48,34,1,6511 0,99,70,-69,10115 -1,39,105,31,8950 -3,70,112,-92,9132 0,101,25,86,7294 4,58,108,-88,12825 1,16,218,-94,22010 -1,53,120,-72,28537 -1,10,842,-675,141067 4,81,361,-70,112848 -2,24,312,-50,75031 0,137,192,-157,67547 4,188,230,-131,61038 0,269,32,166,42512 2,123,58,-22,35286 0,122,145,85,36977 -1,254,7,246,38256 -2,22,302,-255,40720 1,261,126,97,40510 2,163,235,-31,53619 3,137,133,94,44717 0,72,234,-134,43349 0,160,134,34,43225 -1,238,44,206,38411 0,128,163,-128,54377 -1,115,125,-45,39732
2025-03-19,78969,30,0,70,22,66,6828 3,94,20,25,7949 0,37,36,24,4995 0,55,71,-45,6795 2,14,52,10,5849 0,66,10,34,5778 -2,74,22,38,7260 0,18,131,-59,13720 1,68,67,-42,9630 -2,71,52,41,11241 -1,21,62,-4,8632 1,108,78,95,18286 -1,107,327,-12,130097 -1,460,51,442,102062 -1,7,210,-189,67717 -2,74,161,-74,60644 -1,132,160,123,59273 1,96,152,60,55228 0,123,57,114,39649 0,136,3,49,45608 0,16,137,-41,37806 1,14,172,-160,31661 0,100,123,-104,37436 0,27,148,-133,37120 1,175,84,-37,37221 3,400,130,246,62614 -2,276,8,44,69567 5,437,15,314,94790 -1,718,21,677,87192 0,94,731,-651,97783
2025-03-20,80002,30,0,18,170,-167,15941 3,53,251,-247,19585 4,0,657,-433,45998 0,88,149,-22,26676 4,180,11,112,18061 -4,186,14,28,15194 -2,146,99,117,14790 -1,54,30,16,10317 2,8,120,-65,10164 -1,102,50,-28,18466 2,54,163,-110,18983 0,88,88,-66,20196 2,557,119,488,135026 2,467,64,379,115551 2,328,117,203,98471 -2,202,130,144,86031 0,0,327,-149,78211 -1,43,159,-87,52396 -2,100,263,60,72804 3,28,323,-281,73482 -2,31,432,-381,80631 -2,163,83,-59,68765 0,308,18,267,58046 1,36,409,-406,57490 2,292,21,174,61264 2,15,165,-20,44176 -2,117,264,-248,53752 -2,144,47,139,49939 -1,173,115,19,56837 2,206,78,-56,45930
2025-03-21,79160,30,0,104,21,33,9469 0,104,41,83,8643 3,101,38,-12,9016 1,14,186,-82,12696 0,58,24,16,9084 0,84,52,71,8007 0,26,45,-31,7141 -3,41,95,-1,10768 7,75,89,-71,10681 -4,21,424,-328,40215 0,13,234,-197,36279 0,53,235,-13,49682 -1,241,203,187,148588 -1,193,110,-82,126241 0,357,83,244,111331 0,64,201,-8,82026 -3,279,100,188,78469 -2,25,323,-289,67435 -1,131,146,-34,63393 0,217,130,209,75521 1,431,8,342,81888 4,114,106,49,64859 2,147,51,55,54785 1,33,253,-206,50269 3,269,86,259,44979 0,54,158,-97,44900 -1,40,123,-85,36757 0,186,8,94,36298 -4,53,162,-147,38042 -1,98,58,55,39291
2025-03-24,80800,30,0,16,82,8,11579 -1,0,77,-33,5108 1,75,27,71,5201 -2,82,9,27,7688 1,28,31,16,7018 0,122,8,82,12988 0,70,60,56,11276 1,23,43,1,7264 -1,18,76,11,9071 2,67,7,50,12026 -1,54,43,35,12651 -1,25,112,-97,21653 -1,241,110,233,142944 -1,97,159,-131,91924 1,263,5,229,73954 1,74,101,68,67786 -1,60,108,24,50200 0,33,70,-26,32955 0,20,106,-95,40912 -1,196,4,172,40709 0,5,165,-147,46995 1,91,76,60,46461 -1,31,96,-78,28797 1,31,97,16,35707 1,49,38,6,28384 2,40,126,-50,34216 0,51,46,31,21703 1,137,74,104,53866 -2,123,9,92,31403 0,15,69,-53,23545
2025-03-25,81262,30,0,101,11,84,8525 3,45,32,-24,6647 1,136,42,101,9584 0,102,14,79,8403 0,77,52,-34,11692 -1,74,0,72,7880 0,76,30,69,8285 2,63,17,20,11122 1,60,20,52,7775 2,100,12,20,16356 1,6,102,4,20018 1,25,135,-111,20290 2,110,156,-112,127322 0,286,39,152,96671 1,172,25,168,75303 1,138,129,83,68686 -1,88,54,58,54996 0,9,93,-54,36061 1,11,112,-75,41667 1,28,100,-30,46446 1,35,89,-72,36960 0,66,59,34,34320 2,155,11,146,31959 1,1,303,-277,40483 1,84,3,42,29789 -1,36,66,24,31909 1,127,5,35,39353 1,24,75,-70,30439 -3,134,16,118,29276 0,34,77,-30,27405
2025-03-26,81811,30,0,43,31,-2,4587 1,32,98,-47,9448 2,60,9,26,4602 -1,76,9,59,6353 -4,68,19,2,7800 1,70,15,45,5618 2,70,12,62,6210 -1,16,73,-47,7091 1,20,80,-67,7416 5,80,50,70,16295 2,26,49,-4,11950 1,6,172,-158,21206 -2,143,195,-157,132543 -2,31,403,-348,136455 0,59,346,-109,117082 -1,45,109,-100,67514 -1,221,1,194,67420 -1,50,218,-141,60801 0,96,140,-119,53956 0,15,311,-222,91207 -2,84,112,72,47877 -1,52,137,-46,48229 -2,21,272,-210,63577 -1,76,116,-75,56434 1,33,180,-104,69785 -1,46,95,21,38147 -2,177,11,141,46441 1,43,341,-288,52251 0,79,89,-26,46602 -1,189,36,33,44940
2025-03-27,80482,30,0,11,96,-5,6482 0,75,36,35,8629 2,21,97,-62,6747 1,30,84,-64,6369 3,9,147,-5,12927 -2,0,261,-240,14046 -2,184,0,173,12087 -1,63,97,-41,11043 -3,31,75,-45,9430 -5,203,15,61,31556 1,42,58,-11,20595 1,17,227,-157,27422 -1,164,364,-53,181836 1,348,62,170,136019 -1,260,121,253,107386 -3,206,57,92,91963 0,222,54,23,73225 0,106,74,-61,55577 -2,7,341,-316,85505 -1,200,61,189,69816 1,216,115,-89,65386 -1,127,134,-128,55276 1,23,183,-28,65878 -1,124,134,-122,49196 0,190,22,161,50548 2,90,174,37,52579 0,114,65,-8,50596 0,176,79,148,45839 0,58,231,-152,54571 3,289,23,211,47228
2025-03-28,79676,30,0,40,60,-42,7042 -1,87,44,75,7011 -1,116,4,92,9842 1,87,14,47,8555 1,10,148,-137,10033 1,101,27,12,8599 -2,61,87,53,10789 -1,48,74,0,10401 -1,28,67,-34,8888 -1,10,285,-201,39139 0,96,129,54,36205 -2,274,35,56,47282 -1,121,286,-8,143894 0,56,653,-602,129749 1,29,512,-480,139500 0,88,209,-90,137860 -1,90,245,-162,104937 -1,188,69,102,97597 -1,127,76,27,65321 0,9,267,-197,64415 1,76,296,-227,72061 1,120,6,55,50514 -1,71,230,-224,55126 0,163,79,-25,57521 -1,102,51,12,47915 -1,172,31,165,41762 -1,88,136,-88,48977 -3,78,120,-97,35347 1,227,12,174,40185 1,3,154,-138,39499
2025-03-31,76881,30,0,53,157,-81,8907 -1,37,68,-38,6579 -2,74,30,55,6438 -1,114,15,50,6441 2,50,201,-198,10874 -1,111,125,-96,15732 4,103,101,95,16636 3,78,29,21,12952 -4,87,95,32,13079 2,167,29,137,15031 3,84,43,20,17134 0,25,241,-213,22709 -3,102,760,-563,172238 -1,568,79,528,135590 -2,38,406,-390,100995 3,420,1,359,114944 0,145,170,-75,96196 1,405,72,220,93228 -1,249,96,231,70748 -2,72,178,-156,64791 3,322,126,321,65119 -1,0,181,-117,50610 2,154,191,150,57566 -2,57,307,-190,57882 -3,103,158,-74,49438 1,439,44,421,64238 2,157,66,151,71105 2,162,105,20,67675 1,158,122,63,58276 0,181,143,-106,69538
2025-04-01,77920,30,0,115,13,101,9231 -3,28,341,-326,19927 -1,54,134,-122,15240 -4,100,195,94,20875 -1,13,157,-124,13331 0,20,126,-92,13791 0,46,196,-32,20241 -5,105,88,97,15779 -5,62,146,-63,17610 -4,93,15,47,16835 -3,154,1,115,21649 0,59,103,-67,27252 0,327,169,250,164993 -1,54,463,-376,148302 4,46,354,-67,153138 2,524,23,451,134220 -1,435,1,410,105263 2,220,94,64,98377 1,133,136,122,84737 -1,98,151,72,74053 -2,121,275,-234,79557 1,72,232,-53,89531 0,211,44,5,69088 2,114,106,-74,53732 -2,188,43,108,54506 0,46,520,-505,75450 0,99,161,-93,73084 1,125,24,-14,51800 -1,316,40,183,63174 -1,233,23,127,51946
2025-04-02,78080,30,0,96,15,32,4687 2,7,290,-125,16216 -2,68,134,-41,11572 -2,26,129,-16,10973 1,18,142,-41,10984 -1,45,64,-48,8181 -2,55,85,-18,12024 -4,22,323,-314,24292 -1,151,127,-121,29346 -3,199,0,162,23594 -1,51,133,-53,27280 -2,14,214,-170,22966 0,973,44,957,187541 0,213,215,-140,144533 1,291,164,265,127964 -2,122,150,38,105809 -2,131,88,107,83773 1,319,224,245,103469 0,70,269,-239,76980 2,206,100,202,78304 0,326,24,324,64390 2,196,128,181,63550 0,162,103,126,81887 1,179,69,-52,62201 0,17,415,-345,75490 1,64,302,-237,84574 -2,66,297,-294,73454 0,406,33,328,69439 0,1,358,-118,71635 -1,136,173,114,67083
2025-04-03,76312,30,0,131,178,-126,12806 1,17,142,-19,14296 -2,26,267,-208,20234 -4,158,105,-102,14915 3,196,62,126,20355 -2,172,117,-19,17635 0,68,127,5,16336 -4,145,121,130,17948 1,152,202,-182,22550 -12,67,429,-398,42123 1,152,180,34,54028 0,195,113,163,41277 -3,601,52,121,163634 0,385,252,-178,123826 0,194,214,48,113756 3,103,555,-534,109100 -1,65,273,-170,91124 1,492,10,299,103472 1,451,24,236,99156 -3,230,178,14,80426 -1,407,17,349,77121 1,72,328,-141,72806 -4,16,302,-242,62371 2,123,204,-124,50121 0,227,54,73,47399 2,22,267,-213,44056 -2,13,188,-117,41936 -2,299,94,264,58845 -3,91,99,-63,46702 3,52,451,-409,73304
2025-04-04,74165,30,0,203,88,177,15862 -5,71,484,-476,34497 0,46,1469,-1447,106509 -1,620,45,244,71889 4,33,534,-313,75082 -3,85,834,-733,59500 1,562,335,322,80657 -7,679,15,247,58619 3,588,61,422,48158 -36,397,330,272,88020 -4,263,215,95,60717 2,28,438,-319,55924 2,383,592,-201,157270 1,535,245,-232,129144 2,101,531,-520,131829 2,210,808,-801,130084 1,1418,243,1025,175445 -6,705,155,-122,131929 2,310,389,248,105593 0,70,515,-407,93302 -5,267,655,-545,89262 1,326,222,-132,84560 -8,322,60,39,70436 1,56,493,-93,74855 1,569,215,541,76806 3,245,305,-207,71949 3,28,617,-562,71198 12,81,457,-78,90721 3,137,291,-59,74792 1,622,54,460,91415
2025-04-07,67286,30,0,490,72,413,19636 -8,547,268,420,31051 5,554,65,268,37050 0,729,201,336,39932 0,205,411,168,35605 8,36,468,-272,25995 1,69,577,-546,32317 8,493,135,-87,31210 0,808,168,718,41976 -8,219,763,-302,58957 7,467,213,-169,56863 1,227,599,-531,49925 -4,213,1018,-36,190339 -1,1761,53,1371,186402 0,4395,31,401,297411 21,1297,826,315,188312 4,1409,66,211,127742 -5,438,1390,-1205,136191 -4,1483,1,1189,100096 3,264,982,-933,70828 -1,744,158,576,65274 -4,375,591,-394,62342 -6,998,359,100,88326 -3,1281,207,1229,78835 -2,578,502,292,82902 7,406,280,-45,71215 -3,498,449,-373,80003 -3,621,32,180,60373 2,60,729,-684,64757 -2,402,288,-173,59339
2025-04-08,71057,30,0,167,24,67,11027 -1,33,347,-106,14145 -1,5,171,-33,9908 -3,308,29,118,14065 -1,170,48,144,13453 -1,180,207,59,22436 3,528,70,494,24640 3,414,11,366,31751 1,90,298,-149,32511 3,66,316,-250,29168 -1,562,34,470,34131 1,442,110,355,58614 1,268,347,-163,184964 2,884,62,846,159841 2,146,300,-148,126715 -2,197,349,-295,103902 0,71,525,-390,98808 6,30,537,-518,117352 2,601,32,132,102287 -2,227,258,-20,82216 2,223,685,-371,97140 0,104,981,-553,125295 -3,98,826,-792,97452 -4,380,327,-295,104069 -5,1019,78,435,99512 -2,282,250,-168,74496 3,300,316,-266,64660 0,787,244,29,89567 2,110,948,-922,78054 0,142,602,-59,99977
2025-04-09,69310,30,0,71,366,-359,12028 -1,246,166,64,17117 7,97,407,-200,16077 3,402,299,310,22228 -3,360,1336,-1114,47632 6,674,64,304,32021 5,147,903,-268,41046 -4,80,404,-193,28564 -1,183,207,-58,25671 -1,568,207,486,34093 0,920,5,530,69559 4,261,187,0,39846 4,1384,46,847,152921 -1,712,211,-79,112388 -2,420,262,181,103072 4,432,347,-274,84983 -5,86,644,-6,96792 5,346,184,95,63513 0,175,534,-64,72957 -6,93,402,-6,57521 1,504,70,309,57728 -4,267,102,232,44854 3,758,145,217,68921 -2,4862,593,3313,156910 10,2001,125,1233,168578 2,1190,387,630,108349 -6,1002,208,715,95441 2,268,967,-636,89798 3,398,676,105,80945 5,1165,19,945,77385
2025-04-10,75305,30,0,315,17,76,13682 3,323,24,266,13052 -3,319,19,97,16527 -2,282,80,-53,16359 5,38,227,-104,14844 -3,176,122,33,12136 4,208,102,92,12188 1,27,445,-344,14688 -6,183,145,-58,19269 23,612,340,-253,60930 0,470,147,308,37865 -3,226,282,-219,40023 -1,323,447,71,148201 -3,169,879,-531,130492 -1,266,446,-126,105928 2,629,20,78,107512 -1,94,394,23,92135 -2,17,807,-803,92421 1,98,405,-391,119533 -1,140,845,-509,145300 -4,173,1294,-921,139488 0,1189,65,1086,117730 0,845,347,-208,100334 -3,258,778,212,103555 -1,741,162,416,87404 3,837,211,18,91391 -1,964,364,891,79998 5,218,431,-256,68751 -5,429,468,-364,76174 -1,584,312,-294,84962
2025-04-11,73766,30,0,456,58,273,18632 -2,612,40,332,24653 1,382,69,265,18130 6,169,204,-152,16745 4,161,151,84,18153 10,32,563,-485,19439 -1,133,185,-185,14358 0,518,67,335,19281 6,123,177,7,12982 -30,442,168,-105,30268 2,91,417,-385,31634 -5,134,316,-84,47238 3,852,246,632,140107 5,295,568,48,119945 3,99,1239,-1132,129231 3,967,139,846,108319 -2,201,663,-365,102490 2,79,410,-43,87067 2,547,117,463,70895 -3,435,153,162,67730 2,231,158,-9,61287 2,851,1,838,73845 1,36,392,-204,72763 1,25,384,-334,64836 0,829,199,660,83700 -1,256,197,-117,67963 2,178,279,-59,50826 2,247,104,184,55527 3,82,379,67,64908 0,149,146,-1,54208
2025-04-14,76287,30,0,32,191,-125,12244 3,196,8,100,9038 0,74,93,17,6936 5,105,2,89,6234 4,218,41,187,10552 -2,140,25,55,11513 0,19,176,-153,10080 3,26,215,3,16455 -1,120,36,83,11159 -1,230,36,150,17108 -3,117,36,39,15729 -2,285,43,192,24822 1,90,983,-651,164480 4,425,175,154,141415 6,162,302,100,112761 0,164,88,100,69953 2,126,473,-373,93526 0,95,505,-487,89519 -2,187,516,-489,101416 1,243,82,12,89739 2,290,356,-48,111739 4,318,78,179,50156 2,213,354,-97,80686 1,333,106,106,60970 -1,142,136,55,64024 -1,420,23,379,62154 1,136,146,101,47431 1,184,42,112,47786 1,215,84,207,45696 2,67,194,-155,54934
2025-04-15,76054,30,0,52,183,-143,9069 -3,99,64,88,9580 -2,38,48,-2,6111 -2,37,196,-144,8574 3,126,33,69,9497 0,7,98,-39,7851 5,60,336,-318,19106 2,140,88,109,21839 4,27,340,-250,21220 -9,278,1,207,20469 -3,226,26,176,17879 2,151,17,144,21725 0,469,76,409,128147 2,112,132,1,101153 -1,220,656,-487,155819 0,439,5,242,113892 -2,136,151,11,72722 1,233,94,-75,69810 0,216,92,-32,68524 2,290,87,185,61274 -2,161,49,70,44983 1,58,179,-73,43164 3,6,436,-291,69365 1,60,287,-214,57007 -1,258,22,211,53935 3,18,269,-144,59268 1,18,231,-96,52060 -1,307,8,185,46066 0,103,66,4,37855 2,141,104,-14,41109
2025-04-16,74931,30,0,31,125,-82,11284 -2,73,144,38,12668 -2,36,113,-49,10196 0,9,152,-61,8492 1,20,168,-26,12016 1,54,104,24,9717 -1,124,44,98,10383 1,2,166,-34,11684 -2,7,100,-51,9671 -20,89,245,-205,25691 -2,65,125,-70,26706 -5,67,182,-143,30927 0,377,49,40,139976 -1,53,339,-14,111758 1,193,225,108,92881 -1,203,101,26,72916 -1,119,139,40,72413 2,402,153,298,75103 0,15,356,-345,64170 1,36,289,-166,70029 -1,98,73,34,48301 0,106,173,-89,49818 2,55,113,-94,42577 0,201,69,186,44397 2,20,958,-878,114720 -5,121,341,-76,104531 3,139,217,-11,75941 -2,37,430,-394,71144 -3,15,345,-321,65684 1,136,216,-141,77071
2025-04-17,74295,30,0,33,61,-5,5480 3,43,71,-53,11173 -1,87,105,-13,12647 -3,37,182,-153,11405 1,64,118,-99,15818 -2,109,144,78,17993 -2,83,101,3,14219 1,449,65,120,26370 0,29,108,-59,13023 0,257,22,102,27835 1,52,301,-255,26160 0,231,78,35,39615 0,44,490,-225,153403 2,264,237,-114,134143 1,154,396,-373,102205 1,172,241,93,101955 1,296,215,161,97745 -3,238,225,-184,75246 1,333,8,46,78201 -2,327,132,237,84715 4,220,346,143,77137 -1,134,298,-107,68238 2,225,1,124,54856 1,19,336,-326,47430 3,418,5,251,54841 0,295,19,258,49718 0,116,134,-64,50978 0,153,119,-78,47738 -1,103,225,-168,50421 2,35,281,-180,57032
2025-04-21,72657,30,0,5,89,-14,4413 3,102,13,52,4450 1,42,118,-90,5685 3,88,29,54,5391 1,188,5,130,10312 2,4,479,-350,21822 -1,31,127,-93,15537 3,104,61,44,12231 -3,106,12,96,10054 -1,96,40,45,12574 -2,11,167,-147,15385 0,128,30,127,17958 -2,148,318,-99,119458 -1,60,660,-632,95364 3,121,195,-82,86555 -2,250,65,-40,77046 -1,139,47,39,62813 0,92,272,-231,66145 1,53,294,-218,62631 -1,86,109,61,45478 1,62,97,-57,41377 3,242,16,87,45996 0,5,387,-363,57261 1,120,56,10,44345 0,104,142,-134,38384 0,83,60,17,41648 0,146,51,133,37156 0,112,160,-106,44516 -1,188,103,114,44530 -2,233,1,97,48156
2025-04-22,72458,30,0,4,67,-47,3631 1,16,82,-45,5564 2,53,74,-30,5785 1,77,58,18,6089 -2,53,114,-82,8026 -2,79,65,40,8393 2,58,84,-3,8172 0,9,136,-48,12311 2,103,34,100,10527 2,97,47,87,12052 -3,140,1,76,20172 0,105,49,82,21354 0,385,208,358,146695 0,208,170,188,94628 0,68,189,-38,80895 1,229,140,156,77651 0,226,114,215,69193 -1,56,92,-80,52659 1,26,261,-202,61004 1,592,23,517,104116 3,326,28,255,70038 1,43,231,-137,54278 1,124,159,23,60949 0,4,877,-838,131422 -1,222,119,-110,81565 1,325,81,256,70113 0,255,32,212,53889 -2,142,21,95,40873 3,112,58,-43,42244 0,15,395,-352,58232
2025-04-23,75336,30,0,13,75,-21,6851 3,158,54,104,8734 2,103,45,84,7949 0,177,42,143,10372 1,118,27,22,12227 -3,67,133,-125,13525 -1,89,53,-37,14049 1,37,83,-16,13243 3,170,7,127,13755 2,211,27,205,15833 0,59,275,-185,27735 2,210,33,147,26540 2,656,128,559,161403 -1,226,410,-100,122360 1,197,365,152,104593 -1,257,66,8,86667 3,16,424,-162,87216 -3,30,728,-589,97519 -2,155,400,-397,102751 1,297,72,18,81934 4,157,299,58,81288 1,201,54,-38,67284 -1,494,32,448,73969 -2,112,80,-71,46168 1,91,290,-153,60859 1,274,63,144,56577 3,161,227,-178,56741 3,168,118,35,49648 0,97,284,-196,59050 4,81,319,-246,62016
2025-04-24,74618,30,0,161,11,125,8085 1,175,47,116,11080 -1,14,73,9,7815 1,307,13,240,17657 1,250,20,17,25249 0,31,179,-122,15305 -2,261,91,-7,19440 -4,176,6,175,12335 1,161,47,39,17522 17,230,59,165,27323 -5,61,91,-76,17409 2,201,10,191,18957 1,459,116,419,137602 3,501,36,451,105226 2,191,179,182,107371 -2,166,207,-63,105519 1,204,87,175,77253 -1,167,138,-73,79716 1,150,104,98,66691 0,168,134,-108,73748 0,399,3,324,70590 -3,157,36,40,55451 2,165,28,-2,47602 1,99,136,62,51035 1,77,133,-20,43216 -1,180,36,117,44855 -2,59,68,32,33421 0,144,16,110,35266 -1,55,247,-227,47079 -1,123,135,-60,60096
2025-04-25,77592,30,0,15,129,-69,5909 1,80,110,-98,9657 -3,246,180,-159,21596 -6,66,351,-333,23165 -2,206,51,196,19583 -3,175,48,118,14595 1,26,275,-215,16843 1,95,91,17,14864 3,141,93,-11,19620 -2,147,47,-1,16898 -1,194,165,8,21563 2,190,4,174,17715 -1,244,184,-106,148203 -4,430,155,405,118958 -1,120,535,-419,142495 3,366,149,348,101818 -2,26,250,-21,76312 3,157,80,-21,67060 0,88,158,-29,68781 1,145,4,116,47151 -1,239,35,216,43980 -1,167,45,71,51710 0,218,60,204,48209 1,246,6,220,53288 0,7,562,-438,104199 3,126,260,100,84276 1,148,76,91,52970 1,165,29,147,38763 0,14,184,-47,51737 2,22,131,-102,42285
2025-04-28,78113,30,0,38,43,18,6646 1,28,117,-104,7373 -1,42,110,-30,7161 1,75,74,-31,7557 0,24,103,15,8787 -2,74,73,56,9606 -1,99,13,39,9232 1,27,196,-156,12801 -1,152,24,134,12716 1,133,5,113,12024 0,61,41,34,13514 1,77,25,-10,15496 2,298,262,152,145623 2,13,615,-292,122598 -1,104,140,-98,85922 1,200,171,172,84916 0,3,479,-449,74014 2,163,434,-401,94520 -1,276,15,87,72022 3,172,214,-183,68109 1,112,120,-60,55455 0,297,4,284,52128 0,8,243,-235,54166 -1,78,145,-80,52164 1,285,43,247,47272 1,203,7,151,40123 -1,178,68,131,44116 -2,102,83,48,38163 3,233,2,219,44570 2,172,86,131,45667
2025-04-29,78250,30,0,63,46,18,4656 -4,20,51,-49,4380 -1,110,14,90,4892 2,3,515,-401,19791 -3,151,42,125,12757 -1,81,40,28,7962 0,72,101,-46,11627 2,58,73,-15,10310 2,29,169,-42,13344 -1,198,18,107,20889 -3,11,518,-484,46206 1,147,58,131,28337 3,399,93,352,108718 -1,344,183,240,108357 2,16,398,-315,99847 2,340,22,259,80179 -1,214,82,99,71312 -1,3,294,-129,65843 -1,111,214,30,62579 1,177,122,159,49878 1,11,217,-144,43619 0,83,281,-214,54088 0,60,165,-20,55667 1,279,87,208,53059 -5,414,20,384,48284 -2,124,81,47,51631 0,87,107,31,45113 1,77,99,-44,33279 1,91,115,-15,45661 1,55,114,-40,42106
2025-04-30,78432,30,0,28,72,-65,4719 4,9,35,-31,3421 3,27,58,-47,4789 1,5,127,-74,9254 -2,161,4,151,8442 1,31,189,-178,9161 1,14,121,-91,10622 1,38,113,-94,12474 -1,11,360,-221,26608 -2,175,759,-650,67551 0,89,186,-170,39867 0,263,42,238,39780 -1,12,664,-366,150319 3,58,433,25,124841 2,391,81,368,101516 0,183,134,68,111363 0,285,165,250,97075 -1,200,41,99,75913 -1,158,83,95,67094 -1,144,127,22,63491 -2,24,283,-222,60707 1,218,117,105,61997 2,159,115,-87,46095 -2,288,215,268,58764 -2,222,40,115,58166 0,385,120,88,69075 4,218,180,-57,62041 0,119,194,82,55737 -3,60,174,-70,43744 -1,105,118,-73,42749
2025-05-01,79978,30,0,74,13,59,9945 3,55,36,4,8353 -1,67,47,-27,7675 -1,6,83,-31,9468 -2,113,46,98,11247 -2,28,157,-116,11964 -2,149,4,105,11133 0,38,57,16,10659 3,59,133,-109,14157 -12,22,166,-50,29900 1,16,169,-35,25088 -1,91,31,7,25984 1,76,332,1,129535 0,105,455,-276,128138 -1,411,90,389,92193 -4,214,95,200,83801 0,157,81,129,63565 -1,178,29,-13,69989 0,25,220,-217,59576 1,23,365,-100,84663 -2,7,355,-119,71650 0,98,150,-119,48763 1,311,64,296,55393 0,65,107,-45,36168 0,56,238,-104,45315 1,234,66,209,40444 2,64,161,-43,45054 -2,130,35,73,36427 0,26,197,-186,36121 -1,133,77,112,36505
2025-05-02,79593,30,0,131,23,103,6698 1,45,59,25,5881 1,71,17,64,5566 3,33,89,-53,7094 -1,54,34,-16,7223 -2,114,17,11,6807 1,20,125,-57,9945 -5,94,29,88,8330 -2,24,50,-15,7600 -3,568,1,539,51819 1,186,55,148,34345 -2,144,104,-56,37085 -1,135,233,-132,118537 0,324,155,293,105948 0,196,80,191,99577 0,7,205,-119,76165 -2,118,105,42,57137 0,139,91,-72,56365 1,226,59,213,47000 -3,260,97,128,79157 -2,125,52,-7,44389 -2,170,10,126,38618 -1,15,162,-155,37431 1,75,80,-23,46961 0,108,50,27,36739 -2,134,66,119,28914 2,47,38,-1,23674 1,120,154,-140,38291 0,96,131,8,55266 -1,88,118,33,40589
2025-05-05,80061,30,0,45,60,28,6248 0,25,105,-52,6367 1,42,53,-39,4726 -2,20,68,-9,5785 -1,85,6,61,6570 1,31,65,-46,6422 0,48,130,-75,11708 0,67,63,66,10041 0,54,23,-8,8934 -1,13,76,-52,8730 -1,161,5,49,15241 0,85,6,58,13342 2,205,100,137,108706 0,266,145,92,106734 -2,118,115,-31,83313 1,132,202,97,76255 1,137,33,58,56000 0,103,66,-4,48463 2,43,130,-101,49452 -2,232,3,147,38121 -1,130,22,98,30569 1,42,81,31,24773 0,19,94,-55,24532 0,37,86,16,27875 0,83,18,59,25112 1,90,33,56,24502 1,48,23,3,19453 -2,121,12,89,23753 -1,11,232,-192,37766 0,42,118,-87,35082
2025-05-06,79364,30,0,67,69,-33,9871 2,152,36,120,9508 -3,45,41,22,5838 0,101,8,49,8506 3,107,49,77,10302 -1,22,263,-219,15577 1,116,40,-12,12188 -1,50,145,-1,17869 0,32,70,-43,10593 -1,8,119,-4,17109 -1,67,74,-48,17639 0,3,136,-89,21151 1,275,66,15,121362 0,108,245,84,110747 0,358,32,318,99908 -1,153,75,69,70933 0,63,120,-100,61686 1,211,14,199,50771 0,44,177,-117,54151 -1,19,121,-102,43399 -1,561,7,75,109729 -1,165,93,-36,53326 2,104,146,43,61840 0,40,180,-89,42874 -1,87,190,-158,43219 0,217,22,112,47653 1,242,93,222,43741 0,52,71,-9,34834 -2,128,78,-8,39337 0,115,45,94,31523
2025-05-07,79945,30,0,66,61,57,5593 -3,11,133,-66,6303 1,72,20,4,4612 -4,96,39,75,5196 1,53,81,33,7988 -2,80,41,-25,7453 2,13,97,-54,7837 -2,47,248,-224,12447 2,63,105,-62,16950 -1,125,26,84,14203 0,85,227,-218,21527 -2,106,25,57,21331 1,147,167,-102,107131 4,287,15,278,77820 0,129,67,111,61281 -2,23,226,-211,48383 0,28,475,-362,122522 0,67,161,-63,70219 0,172,91,-65,63491 -1,241,47,190,55384 2,60,140,-127,44174 1,272,28,241,38725 -1,154,37,123,34769 0,87,96,-17,29340 2,28,184,-88,29082 -1,20,767,-694,74143 0,335,103,272,68016 -3,351,110,23,83811 0,506,125,409,85839 -1,14,458,-423,71470
2025-05-08,80958,30,0,70,13,66,6589 -1,26,77,-58,7560 -1,56,16,14,5654 -2,9,82,-1,7309 0,55,63,-57,11558 0,8,46,-29,8039 0,29,151,-98,13282 -1,86,28,53,10978 3,30,57,-18,9947 1,84,286,-53,47109 -1,36,130,-99,20088 1,59,47,-24,16643 -3,48,406,-344,115479 4,189,90,-35,94384 3,130,178,87,91839 0,105,226,-171,84742 -2,163,280,45,106470 0,586,19,452,94095 2,576,118,535,120168 -1,23,198,6,70639 -1,73,103,-95,49330 0,192,22,162,39155 1,52,90,-85,39068 0,32,79,-10,29082 1,22,163,-99,36691 2,66,169,-41,48391 0,84,56,2,34522 1,202,3,137,33469 -2,17,147,-109,43234 -2,232,26,191,50838
2025-05-09,80721,30,0,71,39,71,4811 -1,75,30,70,4872 0,49,20,25,5221 0,67,6,33,6684 2,26,50,11,6756 0,228,371,-116,24511 0,102,216,38,26365 -1,84,74,15,12384 2,3,82,-66,8721 -1,221,10,141,14255 -1,88,40,46,10323 1,30,94,-83,11797 1,211,28,54,94129 0,138,144,89,77792 1,9,602,-517,95468 1,68,306,-32,110814 -1,201,111,178,66781 0,3,243,-148,68638 0,84,126,37,55656 -2,130,182,-168,53855 0,104,96,4,43335 2,124,119,-62,40956 1,105,53,56,32706 1,111,162,15,51796 1,183,70,173,33864 0,53,81,-51,32024 1,59,100,-45,30484 -2,90,18,76,22305 1,165,54,132,30819 0,45,127,-75,33399
2025-05-12,83599,30,0,41,43,11,6356 2,83,82,-8,11454 -3,107,54,93,9875 2,180,31,21,17645 -2,251,6,200,20541 -1,21,214,-183,15876 0,23,143,-79,18082 1,88,123,13,19984 2,191,15,187,14767 1,1,229,-156,16490 1,59,144,-129,19477 1,179,5,103,22705 -1,14,689,-486,157514 2,213,139,-12,100545 0,219,284,-214,89422 1,266,206,201,93539 0,96,116,-61,69460 1,88,91,32,53480 1,88,95,-2,47952 1,74,112,72,44885 -1,146,47,75,43436 0,211,12,194,35221 1,259,32,234,46885 2,13,180,-117,41610 0,82,31,54,26985 -3,66,25,7,25457 -1,78,80,42,32709 1,86,37,-22,27885 -1,27,154,15,40419 -1,0,192,-153,34944
2025-05-13,83432,30,0,43,4,27,3386 1,95,18,1,6965 -2,100,6,45,5367 -1,128,16,88,8526 1,64,47,56,7205 0,91,17,7,8574 -1,126,19,100,7331 -1,95,70,72,10915 1,146,2,70,9779 76,284,82,52,41922 3,49,53,20,17287 0,40,86,-32,17013 2,305,124,207,114778 2,497,0,454,96353 1,287,77,158,99217 2,76,95,-13,68897 0,204,3,145,65365 -1,200,0,142,55922 0,99,23,20,47666 0,49,123,-65,43067 0,168,43,145,44453 0,133,73,125,38766 0,16,111,-78,27776 -1,55,53,10,28432 1,117,3,85,36580 0,22,258,-190,49345 0,92,2,47,26298 2,26,98,-53,29188 -1,166,31,105,36213 0,100,8,18,27544
2025-05-14,85119,30,0,17,72,-43,5661 0,6,60,-44,4781 4,118,8,104,5414 0,75,13,20,7451 0,192,18,189,10900 -1,142,29,133,14633 -2,53,109,-67,13719 -2,22,77,-34,13047 -2,70,6,37,8596 2,62,140,-119,17073 0,41,45,-9,13352 0,95,41,-27,18918 1,360,151,-22,143669 0,214,146,92,115278 -1,72,142,43,78183 -1,62,117,7,59366 0,103,224,-59,78161 1,221,31,177,57823 -2,66,33,-21,40717 2,112,35,85,37515 1,22,100,-22,26111 1,139,116,-75,53460 0,62,84,-29,29623 -3,6,308,-173,58369 -1,156,19,122,35943 1,120,5,55,33608 2,59,98,-54,34724 0,220,3,101,43172 2,60,119,-68,30119 0,101,78,2,32801
2025-05-15,84967,30,0,32,65,24,7641 -2,67,49,-21,7429 1,57,75,38,7053 2,16,42,-28,3849 3,133,35,106,8552 -2,102,38,96,9424 -1,24,102,-48,8255 -2,25,70,-64,7028 -2,13,77,-3,7439 -15,276,92,64,35979 2,156,49,126,18484 3,8,101,-32,12587 -1,147,218,-137,102469 -3,317,41,162,79609 0,87,141,-79,69208 -3,126,124,30,62502 -1,311,50,252,59293 2,258,3,191,67761 1,160,77,115,48159 0,110,81,90,42265 -1,5,137,-57,32120 -1,196,64,191,37389 2,70,59,16,29702 -2,140,35,102,33542 -2,2,154,-130,33782 2,42,219,-187,42646 -3,15,259,-124,54213 1,130,31,24,41688 -2,35,142,-139,39253 0,114,307,-238,56169
2025-05-16,85838,30,0,3,85,-78,5030 4,37,41,-26,5203 0,98,13,60,6187 0,88,5,53,5036 -2,19,59,-51,5425 2,149,3,119,7238 -1,15,70,-20,7153 0,49,15,33,6261 2,72,12,47,9822 1,16,197,-166,16546 0,24,119,16,18962 1,186,60,35,35452 3,11,315,-118,98848 1,43,193,-28,70654 2,101,123,-76,62177 1,6,372,-146,89780 0,125,7,2,58805 0,133,23,87,36991 0,178,2,99,41234 2,55,80,12,34015 0,98,33,33,28665 0,47,79,-78,28208 1,122,2,99,26168 0,101,48,69,27060 1,79,37,-28,25693 -1,23,66,-41,25423 -1,111,16,72,21911 -1,120,20,94,23824 3,94,34,52,27803 -1,27,39,3,18561
2025-05-19,84673,30,0,47,48,-42,7775 0,39,88,-65,6091 -2,117,42,89,8588 -2,153,62,142,9692 2,52,77,-10,9944 1,30,64,-61,7811 2,69,83,68,9282 0,83,38,-28,11528 -3,55,90,-67,9986 0,124,40,107,12604 3,61,43,-22,11442 0,71,169,25,29593 -1,691,3,642,120755 0,334,86,321,80005 2,77,269,-156,80550 1,121,92,-58,62277 -1,113,52,60,46590 0,120,32,-2,39126 1,287,23,72,52810 -1,102,43,44,28575 -1,179,9,155,28529 -2,21,107,-66,25559 1,351,2,341,48444 0,20,95,-76,33503 2,84,77,-55,33063 0,43,70,-54,26191 0,3,179,-139,41281 2,144,21,71,30039 1,115,5,15,27148 -1,9,153,-94,29344
2025-05-20,85668,30,0,85,2,22,4132 -1,85,24,77,5590 2,51,25,-4,3867 2,35,43,15,3589 2,115,17,111,7426 1,40,39,18,5415 -2,34,56,-7,9272 3,4,90,-72,6866 2,50,52,-39,6585 -2,10,124,-46,13351 -1,61,39,45,9536 1,37,177,-144,18766 -2,110,217,-151,102778 3,227,85,-25,89956 0,232,26,103,61878 -3,229,50,213,53891 0,1,240,-136,52920 -1,80,38,38,30511 -1,24,129,-8,32409 -2,104,33,6,35239 1,73,74,39,27754 -2,161,9,137,28986 1,34,44,22,21048 0,6,108,-68,23972 -1,16,141,-138,35072 1,93,46,43,25294 1,44,358,-321,51517 1,143,30,14,43838 0,56,223,-54,52689 -1,192,34,150,36917
2025-05-21,85216,30,0,20,163,-96,12911 2,21,140,-91,9208 -2,59,111,-29,9210 1,153,8,148,8178 2,119,8,108,9518 -3,128,19,92,9944 2,64,52,11,11715 -3,66,165,-152,12849 -1,163,18,97,11547 0,1,168,-107,14654 3,74,38,-12,11575 -1,9,141,-67,16750 -2,418,8,412,94855 1,233,80,115,98390 2,9,138,-113,57171 1,135,46,81,63270 1,460,13,438,78655 1,87,67,23,56569 -2,25,107,-17,43617 2,139,35,108,35275 -1,15,132,-45,32319 0,103,22,95,27198 -1,17,353,-331,56920 1,2,1109,-1073,152646 1,498,174,316,125706 -2,80,267,-24,71875 -2,27,358,-141,58285 -9,179,128,-106,46590 -1,64,403,-392,64414 -2,151,165,-66,62217
2025-05-22,84820,30,0,44,79,-60,4696 4,66,73,-65,5944 0,144,21,129,6572 3,6,62,-29,3575 -2,175,64,159,11980 1,2,243,-234,13548 2,59,158,-139,15131 1,8,313,-140,27802 1,2,294,-258,26022 -1,448,26,446,31560 2,268,38,180,35759 0,32,166,-137,30465 1,194,229,42,110006 0,595,70,544,106697 0,5,430,-338,96084 2,143,114,-35,77719 1,153,234,98,74221 0,74,185,-171,52560 -2,301,36,179,47662 -1,149,36,114,36209 -4,186,61,-37,42903 0,27,172,-160,36439 2,70,121,-109,33986 2,275,25,254,38141 0,107,81,44,32074 2,133,34,50,32876 0,96,59,5,30129 2,58,94,-49,27474 1,231,3,125,31537 -1,76,58,53,23418
2025-05-23,84480,30,0,187,4,167,9113 -1,117,31,58,8322 1,7,79,-19,5922 -2,19,110,9,7182 -1,42,70,-28,7134 0,61,455,-305,33649 -2,103,995,-882,62448 -1,160,448,-289,75195 3,102,278,76,53862 0,90,124,9,37892 3,4,223,-58,24874 3,185,199,177,31183 -1,417,111,55,134304 -6,343,54,262,83396 1,266,77,66,89945 0,178,42,95,63253 1,22,290,-173,68975 1,161,164,143,52657 -1,196,21,72,50306 3,10,241,-137,58718 -1,168,51,89,30129 -1,131,122,110,34000 2,133,93,120,34928 -2,203,75,183,41430 -3,5,203,-109,32326 1,160,31,128,33006 -1,40,272,-144,45473 -2,122,72,38,27288 -2,42,145,8,25873 0,87,243,-136,35629
2025-05-26,85022,23,0,12,52,-31,2387 2,79,11,52,3029 1,65,4,31,3032 -2,33,28,19,2613 1,15,61,-25,3212 2,48,52,-4,4661 0,57,20,46,3765 -2,21,26,6,2754 3,39,27,-22,4364 1,53,38,-29,5256 1,60,33,7,6081 0,41,79,-33,6353 -2,187,9,143,19199 0,4,133,-112,12811 1,32,43,-6,9987 3,3,147,-119,15570 -1,23,91,-63,11693 3,126,18,122,10552 0,81,2,70,9628 2,29,13,14,6402 3,45,25,-8,8264 2,71,38,30,6408 2,55,26,8,4057
2025-05-27,85270,30,0,141,29,58,8959 -3,37,37,17,4379 -1,46,51,39,4328 -2,28,146,-142,10346 -2,24,145,-76,12041 -1,43,51,24,9512 2,60,18,-13,8533 0,57,25,9,6755 2,38,126,-30,13227 -2,56,113,-21,14196 2,62,113,46,14833 0,88,157,-137,23301 0,99,266,24,106013 1,345,67,333,69068 1,136,22,80,58179 0,97,47,14,47879 0,48,99,-20,38821 -2,133,13,91,37346 0,21,88,10,28484 -1,102,16,62,32601 0,65,8,13,21594 0,192,6,105,39449 2,51,33,25,23029 1,91,27,42,23665 -1,63,39,60,20985 -2,76,28,23,29179 -1,28,90,-55,27137 2,27,71,-23,22713 -1,18,97,-48,26904 -2,30,60,-26,24797
2025-05-28,85664,30,0,27,36,18,5135 -2,106,17,100,5636 -1,54,16,54,5563 -4,202,3,169,16949 1,95,32,11,12095 -2,28,63,-33,9654 2,70,39,-3,9481 -2,93,2,51,8471 2,94,10,27,11894 0,99,34,2,13040 3,23,56,-15,12545 -1,37,89,-21,16328 -1,240,104,-89,105079 3,86,127,-64,78358 -3,55,113,-45,59173 3,34,92,-4,47459 1,56,116,14,46574 -3,78,83,1,39477 -1,45,68,-35,29701 2,102,65,86,31080 0,20,56,-6,21253 -1,47,31,4,19712 2,48,72,18,25986 0,63,38,13,22965 -1,8,90,-27,19066 0,88,33,60,21106 2,61,69,-24,25705 0,51,15,-9,16577 1,139,311,102,71152 1,34,222,-187,50393
2025-05-29,87168,30,0,106,26,94,6573 1,0,272,-228,9462 0,52,122,-104,11575 0,78,49,-4,8292 -2,33,83,-21,10460 -3,35,189,-163,11933 0,78,46,-12,13634 -2,40,189,-166,26920 1,108,79,69,16863 9,115,124,-36,25151 0,82,44,35,14661 1,135,43,55,22569 5,20,750,-730,123781 -2,266,337,-303,115601 -1,188,140,165,93667 -2,112,103,87,60422 1,176,45,26,58311 -1,104,109,65,46255 1,16,316,-308,52536 0,143,491,-230,85487 1,287,15,239,51681 -1,125,10,30,33206 1,201,32,58,42295 -1,49,159,-130,37551 2,86,162,-150,39338 0,106,44,60,38281 -2,47,304,-252,46872 0,258,2,170,33054 1,104,129,-58,41695 -1,204,87,51,37951
2025-05-30,85533,30,0,49,41,-31,4147 -1,35,105,22,4720 4,7,126,-16,4968 2,47,6,37,3903 -3,78,68,76,6515 -2,65,44,-39,7667 -1,30,42,-2,5743 -3,104,449,-81,16794 -1,14,590,-311,46805 1,300,34,226,30893 0,48,138,-90,22127 0,218,29,209,26088 2,32,386,-372,96394 0,263,220,229,90843 -1,192,41,150,56839 1,60,124,-22,53533 3,35,139,-71,47654 -2,69,173,26,49247 0,44,320,-168,60085 -1,88,120,34,43142 1,10,702,-632,70629 -2,13,388,-223,105688 2,280,197,248,66232 0,8,167,-31,45060 -2,129,48,56,38213 3,183,64,162,39662 0,275,9,203,52784 0,56,78,18,32844 0,290,23,194,45986 -3,258,35,218,45984
2025-06-02,84911,30,0,21,110,-63,6319 -2,119,30,118,6314 -2,37,104,-54,6975 -2,77,34,67,5164 1,80,21,72,6635 -2,98,24,38,8727 -2,86,21,6,7868 1,23,76,-12,8340 3,42,118,-68,10159 1,168,38,115,12649 -1,64,96,-42,12735 2,82,53,66,11901 1,680,5,368,107621 0,6,582,-249,116832 0,267,148,245,73805 0,159,120,-26,59286 1,173,71,-27,48124 1,167,42,14,35763 4,175,59,142,32369 0,154,13,95,38785 0,46,85,-33,21673 0,70,83,-28,24324 -2,234,12,232,29260 -2,14,126,-95,22429 -1,57,62,-59,17567 0,105,34,20,26251 1,295,9,280,38417 1,27,74,-28,20878 0,114,26,69,23514 0,100,53,51,22349
2025-06-03,85775,30,0,85,23,76,5473 0,5,80,-63,5131 -2,45,37,42,3938 1,77,8,22,6302 -1,187,6,176,9988 0,30,32,29,6315 -2,86,40,1,9369 0,106,16,-5,10191 2,124,6,110,10446 1,6,149,-114,13110 1,140,31,126,13083 0,46,46,11,14639 -1,212,145,132,109136 1,237,133,45,87210 0,153,67,122,58080 0,61,149,40,48729 1,183,24,116,51111 -2,106,27,50,35513 -1,49,51,-31,28253 0,115,38,57,30593 2,143,5,120,31642 1,145,11,116,30883 1,36,29,-10,18827 0,94,3,34,21750 1,17,82,-64,24093 0,47,261,-208,52442 0,94,168,87,51677 0,45,44,19,25685 -1,62,52,28,23292 -2,25,79,13,24094
2025-06-04,86925,30,0,58,27,30,3922 1,96,28,71,5688 0,8,146,-111,7145 -2,37,34,20,3902 2,73,5,32,6504 1,25,57,-42,4763 1,83,20,69,5783 -3,79,13,40,8320 1,12,414,-316,35101 3,115,12,86,21396 1,58,44,4,12825 0,122,11,88,17686 3,270,37,199,91786 1,3,540,-363,103037 1,244,3,234,83079 -1,59,155,-54,58760 0,203,71,187,47370 0,31,98,-89,37298 -1,81,92,-31,47568 1,79,71,-48,31651 -1,27,115,-59,40056 -2,123,28,118,28190 -2,96,27,88,21567 1,45,23,13,19619 0,38,83,12,27476 2,88,12,22,26278 1,60,24,52,22468 -2,28,56,-38,23501 0,51,59,-36,27445 1,73,10,28,19319
2025-06-05,87096,30,0,62,8,43,3661 4,47,74,36,5855 -1,28,12,-10,3955 0,50,153,-109,10851 1,62,28,10,6557 1,9,90,-70,6963 0,92,20,90,7663 -2,25,52,1,7010 2,35,42,-32,6166 -2,538,208,323,35355 2,86,240,-130,38123 -1,30,91,-4,18713 1,111,482,-305,125210 0,113,128,-121,89597 0,395,11,384,67042 0,307,404,39,130505 -2,239,23,203,50831 2,251,12,231,50115 -2,37,91,-42,35582 1,108,108,-75,34681 1,18,315,-119,63281 -2,30,612,-551,59493 4,73,255,35,78958 -2,215,17,165,38922 -2,68,45,-23,24654 0,28,325,-267,42841 1,51,376,27,64954 2,127,80,-11,44179 3,62,186,-137,34824 -3,62,669,-383,101775
2025-06-06,86715,30,0,42,46,-1,5178 0,51,25,10,4765 0,56,23,32,4213 -3,13,106,-60,5029 -1,9,123,-43,8191 -1,77,72,37,8607 -4,47,48,27,6552 -1,33,44,12,6342 -3,39,68,-20,8078 22,420,90,322,45973 0,85,55,15,20314 -3,191,1,140,28668 -2,264,118,241,103896 0,22,219,-72,75843 -3,25,282,-217,64081 -1,209,83,202,58119 0,141,98,56,50614 -1,11,452,-233,79407 -2,111,89,98,39412 1,55,94,-4,30142 1,79,135,-99,33262 -1,40,164,-65,35545 2,10,207,-93,41436 2,212,50,151,30521 1,125,1,107,21270 -1,159,18,150,27030 -2,51,56,-32,26187 1,143,54,-24,37587 0,56,47,-35,22727 -1,38,129,-82,31094
2025-06-09,87155,30,0,17,22,-18,2444 -1,33,42,3,3378 0,25,36,-27,3273 -2,38,15,9,2880 -2,60,63,45,6321 2,61,76,4,9700 0,128,10,59,10767 0,53,43,-19,7597 1,54,47,15,8024 -2,40,23,2,7125 0,30,47,-7,7866 0,40,37,-27,12483 2,68,191,24,91491 -1,96,81,74,61011 0,178,15,122,53806 -1,160,40,-12,60285 2,67,79,61,40885 -1,16,207,-162,41867 1,73,25,12,28883 1,86,49,-8,31491 -2,64,40,18,21534 -1,135,0,119,20602 0,99,4,54,29639 2,15,157,-60,36660 -1,72,57,43,20414 0,39,52,-24,19837 1,44,20,7,12564 2,17,97,-9,22692 0,62,19,11,18505 0,28,83,-37,21021
2025-06-10,87348,30,0,19,45,-27,3623 0,84,28,58,5745 -2,54,39,-13,5189 1,27,41,-32,4244 3,46,118,-80,7709 0,50,32,42,6183 3,101,13,72,8354 -4,76,7,65,7844 2,25,16,8,6261 -2,28,47,10,5983 1,9,71,-51,7549 -1,37,83,-56,13238 1,200,74,143,104607 1,83,131,-80,63829 1,124,10,80,40982 1,66,50,27,36891 0,4,142,-84,44762 1,79,27,-6,27320 1,0,459,-15,94122 -1,215,1,165,48532 1,87,44,50,26212 -1,9,66,-36,18657 1,65,17,43,20591 1,83,85,-75,32530 -1,17,93,-41,29622 -2,46,236,-91,54490 2,83,65,63,25945 1,91,10,76,20380 -1,399,0,347,57100 0,40,159,-46,38540
2025-06-11,87762,30,0,16,71,-69,3605 -2,36,56,34,5761 0,18,36,4,3249 -1,30,68,16,4891 -2,0,92,-62,5661 -1,11,153,-34,12732 0,62,11,49,7640 1,280,148,65,24830 2,104,50,40,16285 9,565,11,290,60330 -1,73,79,-2,37925 -1,49,44,-30,15581 1,31,408,-253,112510 0,203,8,184,72404 1,173,38,154,54228 0,62,62,-4,42968 -1,118,157,-152,48739 -1,192,53,81,53328 -1,34,172,-88,43266 -1,104,175,-89,52319 -2,23,267,15,63943 0,47,82,10,36277 -1,152,63,142,31419 -3,18,95,-28,21456 1,13,247,-238,36766 1,30,471,-242,89853 2,12,394,-151,92632 3,252,155,229,67496 0,0,328,-191,56835 1,57,117,-45,50048
2025-06-12,88139,30,0,126,8,25,275 -6,20,75,-67,155 11,44,151,-83,262 9,128,28,116,216 -4,51,120,-40,219 -11,26,117,-110,132 -4,37,74,12,217 8,1,158,-60,203 5,56,40,15,186 1,331,136,267,752 -1,168,42,18,405 14,20,68,-46,298 3,245,38,231,919 5,65,185,10,890 7,152,13,123,768 6,99,47,96,496 -11,130,60,29,639 -11,25,270,-136,909 11,49,95,-53,432 6,148,52,108,507 6,114,53,85,704 -24,69,148,-28,509 -31,78,72,57,252 0,45,58,-51,169 25,96,10,-4,183 3,27,50,10,136 0,20,169,-106,304 13,45,72,-2,253 -18,116,0,95,206 9,37,54,-20,179
2025-06-13,87379,30,0,9,99,-83,967 -5,125,28,-23,1659 25,115,41,69,1256 -7,67,28,34,1062 -4,299,8,277,1992 2,0,207,-196,1219 0,188,16,146,1436 -2,47,78,-36,1035 -2,103,48,48,1443 1,63,132,-104,2057 -7,29,61,-52,1830 1,147,75,144,2851 -2,432,62,297,10416 -1,160,163,-123,5320 3,7,435,-388,6816 -4,477,23,279,6557 -13,306,25,255,5050 -2,210,76,171,5234 2,129,55,109,4251 2,67,51,35,3575 3,74,86,-63,2758 -1,56,88,-78,2047 3,167,11,14,2439 -1,68,207,-144,5081 0,94,86,-22,3684 0,156,121,-80,5952 3,35,310,-293,7043 -2,30,286,-203,7973 -4,249,14,231,5649 -2,49,234,-186,5309
2025-06-16,87902,30,0,5,86,-55,4050 -2,64,0,28,2720 1,66,0,45,2757 3,43,63,19,3594 0,78,29,-8,4725 -1,53,36,32,3420 0,149,2,135,5989 0,86,21,81,5917 0,71,27,22,6904 4,32,77,-31,6859 -4,27,50,1,6643 2,10,127,-110,9589 -5,421,5,366,65267 0,295,40,159,55159 3,215,9,201,34911 0,78,77,-33,29447 0,45,70,19,25209 1,123,46,-21,27181 -1,69,17,45,16522 0,3,177,-108,25737 1,90,39,-22,18110 2,33,96,-46,17993 1,100,24,36,16391 0,162,67,122,18857 1,54,73,-33,16198 0,25,120,-65,16960 1,41,50,5,12186 0,14,113,-113,13483 1,131,35,20,19709 0,126,37,60,24130
2025-06-17,88160,30,0,39,57,36,3982 2,8,97,-23,4482 -2,51,75,-56,4202 -2,22,132,-50,9730 1,129,12,115,5729 -1,104,8,56,5362 -1,42,52,-43,4933 -1,159,8,80,7815 -1,105,11,53,6279 24,45,124,-117,14280 2,12,78,-48,10042 3,75,48,66,13046 2,185,150,-26,81966 2,228,45,190,60911 -2,116,47,-9,46030 0,39,110,2,42884 2,44,145,27,37760 -3,108,98,-78,39628 2,129,51,42,36558 1,116,41,34,34584 -2,103,13,-1,24619 -1,74,239,-154,40519 1,31,226,-98,54600 -1,48,126,-126,37633 1,140,277,-207,61711 2,96,162,12,61361 -1,43,219,-117,41678 0,119,115,25,38236 -1,159,35,80,25008 1,111,44,95,19327
2025-06-18,88190,30,0,15,75,-48,3914 -1,41,74,-54,4453 -1,45,122,-54,9271 0,15,83,-53,7146 0,16,169,-124,10184 -1,95,46,76,8006 0,192,22,164,10005 1,3,120,-86,7812 2,69,25,7,6311 3,22,101,-51,8823 1,69,38,54,9461 0,32,59,-54,9782 -1,54,264,40,77350 0,150,88,87,74659 -2,232,23,197,52149 0,103,33,12,44020 0,38,70,-64,29734 -1,29,74,-38,25623 0,65,50,29,30103 0,82,146,14,38079 -2,8,146,-128,20855 -1,77,23,10,17137 0,93,62,5,22998 0,28,227,-223,24255 2,194,147,149,39647 1,275,180,-62,46188 -3,113,88,56,42284 2,211,74,23,67753 1,6,542,-338,107092 0,316,88,-47,77903
2025-06-19,87365,23,0,39,29,12,3124 -2,0,91,-82,3372 3,48,49,5,3915 -1,60,1,15,2452 0,111,69,-47,6362 -3,10,118,-26,7593 -2,22,34,2,3636 -1,65,78,-52,6944 -1,115,6,33,6015 1,33,216,-209,12087 0,90,61,28,14728 0,110,13,98,7469 0,11,535,-415,39770 -2,119,56,97,28215 -2,105,21,54,17111 2,20,160,-82,21884 -2,166,3,23,18270 2,153,5,69,15474 -1,19,116,-13,14366 0,7,160,-20,17271 1,95,10,91,7055 1,29,77,-37,10409 1,44,138,-86,5147
2025-06-20,87543,30,0,31,34,19,4238 -2,78,24,23,6092 0,30,52,-34,4101 2,78,20,59,5257 -3,68,49,49,8131 0,22,43,-26,5322 0,395,24,341,24368 -1,20,115,-56,16835 1,71,24,23,9922 5,150,15,133,18927 1,95,6,53,15316 2,280,32,165,33018 2,224,139,-36,105609 0,11,358,-283,103961 -1,39,425,-234,100530 0,123,381,-334,103619 -1,2,307,-157,96332 1,263,14,178,57039 -2,259,14,211,51001 -2,10,276,-162,51841 1,69,142,-27,47941 -2,123,18,34,32971 1,136,90,-24,41017 -1,207,285,-278,51703 0,105,141,35,57990 2,236,7,221,35050 -1,165,14,80,37228 5,68,79,-56,29098 0,8,249,-201,45026 1,71,60,-13,30100
2025-06-23,87598,30,0,29,35,-14,4145 1,14,103,-44,9076 -1,159,73,-52,11797 -3,42,101,-74,8756 2,44,111,-89,8559 -2,30,158,-68,13638 0,50,152,-36,15227 -2,152,47,63,13537 4,134,3,68,10814 1,144,10,118,10331 -1,88,7,28,12939 2,59,77,-19,19927 -3,185,443,139,112209 1,363,45,328,77328 -1,103,111,-6,66016 1,133,59,3,45942 -2,68,139,49,50418 1,33,211,-202,34545 0,88,98,11,46905 -2,65,138,-109,42268 -1,88,269,-245,53535 0,211,488,82,150259 -1,187,236,119,89908 0,490,26,431,73770 2,256,0,181,65392 2,102,109,-3,37941 -3,68,99,-76,29231 0,82,30,-14,25556 1,119,77,20,33207 3,59,88,36,24975
2025-06-24,89347,30,0,62,44,-41,6583 -1,4,143,-129,7930 1,40,45,0,5906 0,36,57,6,7134 3,30,104,-91,7606 -2,114,88,97,14070 0,55,53,38,11973 -2,33,37,4,8066 3,12,143,-85,10720 0,67,115,-14,14159 -2,33,41,18,9255 0,96,36,-5,15931 -1,189,104,112,94401 -1,57,192,-92,70127 3,134,39,65,48663 1,130,12,89,40893 -1,120,120,48,53914 1,125,4,122,28856 2,73,41,52,29571 2,2,118,-67,28084 2,114,22,81,24883 3,104,13,37,27361 1,38,61,-19,24364 -1,73,65,-33,26314 1,150,2,128,24666 -2,49,18,24,19989 0,19,57,-42,16364 2,54,30,11,17497 -1,119,20,96,23736 1,0,84,-83,17019
2025-06-25,89730,30,0,14,33,-28,3202 3,15,32,-29,2934 0,76,19,52,4906 -2,69,15,37,5907 -2,87,10,63,7504 -1,23,41,-7,5129 2,94,2,94,7762 -2,74,10,42,11458 0,39,32,22,7843 2,31,46,-12,8686 -1,83,2,29,11846 -3,44,10,8,10535 0,196,36,61,90028 -1,80,114,-57,81067 -1,21,148,-46,74654 1,144,25,29,53923 1,24,175,-157,49719 1,63,49,23,44347 0,6,135,-33,43194 -1,33,91,-75,28179 -1,49,60,-3,29661 1,35,98,-64,30005 1,119,16,31,31075 -2,146,18,121,27673 1,9,274,-131,46864 -2,49,89,-33,30866 -1,79,9,57,16946 -2,7,84,-69,18598 -1,147,15,135,23004 2,60,26,-19,22687
2025-06-26,90218,30,0,5,47,-15,4506 3,32,41,21,4613 -2,102,1,62,6008 1,18,44,-19,3879 0,23,52,8,5856 -1,22,43,-11,5247 -3,26,38,-8,4188 0,86,0,39,6666 0,23,24,2,4964 1,33,216,-92,24523 -1,26,83,-56,14419 -2,104,30,65,16680 1,55,275,-220,109607 1,314,87,196,85229 -2,114,8,91,45632 -1,121,48,37,54926 -2,38,47,28,24677 0,114,85,-79,48130 -1,181,60,131,48092 0,140,28,92,37261 0,37,36,-26,20380 2,38,73,-47,22894 1,79,24,68,21311 1,76,1,59,21429 1,65,1,11,21295 0,124,14,96,25513 0,98,19,45,27250 1,40,76,-51,21389 1,54,16,26,18646 -1,52,59,15,22981
2025-06-27,90951,30,0,28,14,10,2753 0,32,41,-18,3645 2,11,43,-14,3315 -2,18,17,4,2359 1,87,13,68,4998 0,62,6,34,6345 3,76,8,43,6978 0,68,15,0,8677 -1,13,83,-11,11012 -3,21,152,-122,21104 2,12,126,-108,17464 -1,70,27,-9,18308 0,151,101,112,82425 2,319,27,244,76756 2,106,100,-56,59219 0,125,79,35,55457 -1,7,183,-63,54780 0,66,69,66,33578 -1,111,13,106,33169 0,4,92,-63,22696 0,21,101,-25,29886 0,10,110,-87,23446 1,93,21,57,25350 -1,37,95,-69,19795 2,36,274,-221,59734 -1,104,80,51,55032 -1,24,254,-254,52333 0,49,220,-122,78941 1,73,143,33,56120 2,168,4,107,38283
2025-06-30,91613,30,0,51,63,-59,6625 1,30,39,12,5429 2,57,2,45,3998 2,20,42,-30,4063 -1,7,59,-15,4989 -1,44,18,29,4806 -2,27,57,20,5760 0,4,72,-47,6070 1,20,45,-26,6011 1,2,109,-107,10576 0,81,26,61,13412 2,59,28,-14,14178 2,13,308,-288,97091 0,161,21,118,64055 0,97,88,48,65280 1,11,133,-44,49071 0,44,62,35,32814 2,5,156,-93,38689 2,162,34,135,35424 0,60,61,59,31771 0,5,141,-120,30410 -1,123,10,94,24084 -1,11,132,-78,25374 -2,30,72,-8,20478 0,11,92,-47,22148 -2,95,159,-29,49007 1,91,45,7,25672 -1,15,157,-64,40538 -1,265,4,219,40031 0,143,35,78,40987
2025-07-01,91321,30,0,9,68,-42,5735 0,80,28,73,5615 -1,2,45,-43,2330 -1,30,7,8,2256 0,78,11,50,5010 -1,17,49,-4,4561 1,20,46,-28,3937 -1,4,108,-99,11314 -3,10,206,-128,19677 -2,99,14,64,18639 0,105,9,101,11708 2,7,103,-56,14006 1,94,93,67,68384 -2,63,148,-82,55070 0,185,201,-126,82744 -1,66,339,-247,100967 0,52,321,-267,87057 1,225,180,183,88693 2,40,276,-172,63615 -1,123,38,51,43653 -1,213,22,97,43071 -4,184,41,137,36985 2,118,56,79,40317 0,49,68,-27,28048 -1,40,58,21,22455 -1,130,10,63,31726 0,15,93,-85,21792 -1,89,13,11,21102 2,13,319,-195,57964 1,192,47,187,36712
2025-07-02,90840,30,0,23,50,13,4160 -1,23,25,-8,2996 0,6,75,-70,3966 -1,45,73,-45,8127 1,55,41,54,7398 1,15,41,2,4595 1,21,144,-137,7921 1,47,100,32,15544 0,60,195,-124,25219 -4,21,216,-123,27022 2,202,57,137,24580 2,56,41,41,13439 3,293,14,225,85525 -1,139,30,125,56450 -2,228,3,199,59141 0,120,74,99,65271 2,127,60,68,55335 -1,8,135,-117,41749 -1,103,12,75,32399 0,59,51,32,25531 -1,55,51,6,27045 1,54,43,27,22149 0,47,42,-36,20392 -3,57,76,-37,26387 0,45,43,20,19001 1,46,45,34,21371 0,14,60,-17,16227 0,43,29,0,15420 0,120,37,34,23402 -2,8,84,-50,19718
2025-07-03,91482,24,0,3,74,-20,4713 0,0,122,-112,4638 0,34,30,7,4639 1,59,3,43,3536 -2,52,8,46,3996 1,22,28,9,3951 0,16,53,-31,5270 1,91,19,90,6637 0,4,109,-93,7380 26,302,108,77,41329 0,183,7,148,19652 0,85,61,55,16504 0,216,9,141,80546 2,340,27,332,66968 0,79,53,37,44139 0,38,92,-84,32360 0,122,17,82,29983 1,79,13,29,23951 0,137,13,117,28222 0,1,73,-22,19340 0,14,75,-64,19120 -1,31,74,-70,25339 -1,61,115,-49,50815 2,58,48,56,5242
2025-07-04,91708,23,0,73,38,64,6382 -2,38,27,0,4747 0,26,66,-42,3519 1,63,71,-67,6600 0,27,137,-36,12301 1,118,0,83,7343 0,7,82,-17,4522 -1,37,16,16,3146 -2,12,64,1,3997 3,32,41,-23,5057 1,39,40,-20,3720 1,8,41,4,4570 -3,63,120,8,16958 5,51,120,-34,11115 3,81,19,76,7047 1,55,8,25,9788 1,16,35,-15,5660 -1,4,95,-38,9331 -1,48,3,17,5598 -2,39,10,2,3780 1,11,59,0,4318 3,2,139,-100,6455 0,29,37,-3,1945
2025-07-07,91682,30,0,104,5,65,4325 4,160,0,156,8322 3,33,44,11,6175 -1,39,50,-45,4908 -1,7,44,-22,5547 1,53,35,52,4386 -2,23,57,14,5420 -4,58,37,43,7410 0,55,43,-19,8935 1,28,86,-78,8653 2,19,117,-94,15601 0,31,57,3,14042 2,129,172,37,96991 1,101,205,-89,70003 2,128,101,26,55015 0,8,109,-32,43446 -1,19,186,-91,61631 -2,66,43,59,34244 -2,43,85,-32,31985 -1,182,30,177,33958 -1,27,491,-252,102745 2,123,115,-86,59281 -2,58,87,30,44489 1,129,52,-27,32556 -1,223,106,-16,54454 -3,56,58,44,21536 1,8,383,-370,60708 0,283,24,266,37620 0,151,33,-5,34925 1,63,21,-19,23034
2025-07-08,91770,30,0,8,44,-40,2796 -2,6,104,-60,6983 0,44,20,25,3590 0,118,20,86,6695 0,19,59,-55,4296 0,83,2,62,4120 2,40,23,5,3866 -2,7,104,-37,7591 1,66,23,27,6407 -2,6,122,-91,11069 0,136,13,120,9616 1,6,86,-70,12005 0,36,184,-109,76973 -1,70,166,-115,82022 1,67,119,-14,59519 -2,271,9,99,85549 -1,62,234,25,72948 2,33,206,-150,46064 2,111,1,100,33411 -1,84,29,57,26471 0,218,17,157,40054 -1,23,237,-101,56059 -1,45,85,-74,33806 1,63,111,38,37620 0,46,91,-25,23719 1,142,30,113,25475 1,23,103,-91,20706 2,29,89,-36,25673 2,25,101,-92,21616 -1,48,46,35,22956
2025-07-09,91728,30,0,42,32,-3,5561 2,11,82,-53,4603 -1,46,33,7,4778 -2,60,6,5,4494 2,33,21,15,3702 0,64,2,44,4035 0,61,24,53,7380 -3,6,70,-37,5281 -2,38,24,12,6109 1,54,34,49,6706 -2,4,109,-3,14244 0,106,2,103,15071 -1,441,3,428,97589 -1,104,43,19,74146 2,63,218,-167,59226 0,1,377,-333,125682 -2,3,149,-82,72880 -2,180,108,144,54782 1,34,166,-7,41218 -5,11,138,-81,37524 1,82,79,62,27650 1,111,3,99,26569 1,42,143,-32,34043 -1,24,82,-36,28110 0,78,55,3,25907 -2,152,79,112,37312 2,69,36,13,28371 0,53,18,9,16351 2,106,13,60,22722 1,79,32,24,22004
2025-07-10,92088,30,0,2,40,-16,3820 2,81,5,71,4864 0,4,31,-15,2311 0,58,1,34,3857 -2,68,9,28,5820 1,49,7,31,4161 2,78,10,69,6964 0,13,68,-55,7085 -2,29,54,-6,7330 -3,42,87,-61,13991 -2,82,21,72,11363 0,76,73,53,16578 0,70,334,-315,95365 0,68,370,-253,114382 0,149,86,31,82263 0,172,12,138,59541 -1,58,71,-26,42005 -1,144,101,128,49375 0,70,45,63,32421 1,47,95,-93,31818 0,81,110,71,41173 0,21,101,-72,27978 2,68,5,39,20024 0,79,52,47,22733 0,80,2,56,25075 2,77,3,51,23914 0,43,32,-24,19683 -1,30,36,7,19023 1,38,33,23,17243 -2,13,59,-46,13022
2025-07-11,91541,30,0,90,27,38,5907 -1,7,167,-44,12395 1,34,41,-22,5791 0,21,60,8,5667 -3,46,82,40,8242 0,67,23,62,6400 1,34,41,-10,6413 1,84,9,30,9611 2,34,118,-81,8656 -2,88,28,79,12146 -2,25,62,-26,9342 1,68,59,46,16564 2,172,209,83,107222 -1,149,33,62,72860 -2,215,31,160,58543 0,67,79,-37,46551 -1,23,131,-106,46808 0,48,184,-19,62647 0,240,8,146,44409 0,35,112,-77,41285 1,113,27,103,31485 -1,38,92,-56,24557 0,171,3,137,29054 0,14,71,-23,20665 0,19,186,-74,33488 0,98,21,48,23048 -1,41,40,-4,20102 0,75,15,12,17534 -2,11,312,-128,46207 1,107,53,39,29517
2025-07-14,91575,30,0,39,23,20,3641 1,9,69,-68,3692 0,46,5,6,3626 0,16,53,-13,5383 0,42,36,23,6666 0,25,94,-60,6842 1,113,19,79,8245 -1,26,47,-19,4875 1,92,11,87,7496 0,3,81,-19,7843 1,13,58,-30,7591 -2,197,8,190,17900 -1,145,401,-93,129660 0,80,70,61,60602 -2,215,97,18,70714 -1,129,64,73,51172 0,264,12,195,57739 1,58,53,23,33131 2,16,93,-28,28297 0,102,37,80,23483 1,17,63,-40,21957 0,75,42,53,21894 0,86,10,80,23152 1,62,12,6,24531 2,68,58,-3,25417 0,30,58,-8,19257 -2,19,41,7,12224 -1,23,27,6,11764 -1,39,28,-25,16946 2,41,37,-9,20292
2025-07-15,92680,30,0,44,27,1,4689 3,15,24,5,2666 -1,58,13,35,3403 0,35,68,-60,7682 -3,109,26,66,8450 -2,32,43,-29,5902 -2,22,77,-51,5330 0,48,66,-41,8255 -1,31,58,17,9211 0,215,61,111,32831 1,102,9,83,19955 -2,68,40,-10,17483 1,90,310,-207,130388 1,83,119,56,75766 -2,144,28,64,72694 2,28,192,-92,67762 0,33,241,-102,77014 0,169,34,156,52094 0,47,112,26,41221 -1,13,158,-138,36090 1,66,30,16,27625 -2,63,77,-20,30667 -1,29,228,-132,51514 1,66,81,49,34143 0,112,6,74,26800 -1,167,18,150,31111 -1,22,42,-26,21027 -1,28,82,-76,23326 -2,17,261,-176,56066 -1,28,114,-62,30266
2025-07-16,91938,30,0,49,22,39,3647 1,28,10,15,2672 0,24,17,-1,2434 -1,83,3,83,5971 0,22,29,-15,5112 1,19,42,-18,5471 -1,13,61,10,5453 3,33,15,26,4743 1,51,4,25,6800 3,228,9,190,32808 -2,37,60,-24,12308 -2,42,19,27,11678 0,62,313,-310,112832 2,7,197,-90,94461 1,142,57,119,79569 1,103,67,63,65886 0,56,244,-12,93601 3,105,482,-151,134394 0,16,581,-139,115366 0,315,131,172,85818 -1,50,143,-24,37645 1,93,87,79,30347 0,251,2,213,35131 1,46,81,-66,24011 2,30,62,-43,22032 -1,42,41,1,19309 -1,75,53,60,21323 -2,87,0,33,19689 -1,116,13,92,24273 3,7,71,-15,15049
2025-07-17,92465,30,0,33,22,-17,3008 0,14,26,-5,3264 0,9,29,4,2704 3,5,81,-71,4411 0,10,88,-22,9238 -2,28,24,11,4741 0,6,70,-39,5809 1,80,22,62,6260 2,16,94,7,8625 -15,147,35,142,21615 -1,108,20,66,18983 -2,9,200,-187,25165 -1,151,138,143,100404 0,157,20,123,67776 1,13,210,-50,70447 -1,163,30,155,55719 0,205,47,164,58833 2,15,74,-22,35108 -1,77,48,45,30055 -2,106,16,88,26682 -1,59,67,-10,32988 1,14,50,8,19865 2,14,59,-33,15644 1,41,52,20,20167 0,31,22,14,14114 3,73,51,-46,25789 1,33,62,18,28421 1,17,35,10,13595 0,55,33,10,21986 0,10,21,2,12996
2025-07-18,93137,30,0,14,30,-24,2333 1,21,23,-6,2592 -1,6,99,-68,6197 0,24,26,5,3914 1,45,3,21,5101 0,3,62,-23,4377 -1,35,4,20,3994 1,27,46,-28,6358 2,38,8,16,5195 -1,38,30,20,7984 -1,61,27,54,9905 -1,158,92,78,43495 2,36,175,-57,86408 0,33,203,-167,73183 -1,34,232,-204,94521 0,149,15,64,57109 2,63,119,-6,49798 0,54,39,31,33121 0,122,1,120,36971 -2,28,91,-63,32468 0,7,217,-109,49679 1,51,121,-18,41047 3,53,118,-35,39147 -1,114,70,80,34152 2,46,71,-23,23982 -2,49,67,7,23895 0,48,54,45,16647 -1,41,32,4,20247 -1,3,85,-35,20234 0,88,15,12,23211
2025-07-21,93182,30,0,4,40,-22,2144 1,11,16,-10,1955 -1,71,0,40,4733 0,5,41,-20,2913 0,8,47,-36,4700 1,9,29,7,4054 -2,25,29,-27,3836 -1,24,28,-16,5822 0,15,14,11,3418 -1,24,53,-46,7363 -1,12,155,-139,18869 1,111,27,104,18933 0,521,5,489,113825 -1,95,52,52,61697 2,133,49,100,53110 -1,32,102,-92,43086 1,35,59,-31,36558 1,56,15,41,27942 0,44,17,8,25173 0,17,131,-84,38557 1,11,76,-1,35225 1,72,7,65,27712 1,88,0,48,27020 0,65,10,46,17466 0,23,29,5,14911 -1,10,49,-22,13248 0,17,51,-4,17412 -1,3,96,-70,19641 2,26,98,-90,31023 0,35,50,-15,43869
2025-07-22,93109,30,0,21,40,18,4289 -3,69,16,60,6176 -1,24,44,-21,4768 0,21,58,3,4751 -1,133,28,99,9440 -3,0,62,-28,5018 -2,76,30,70,8489 1,49,15,10,8408 2,51,33,44,7223 1,3,60,-30,6450 1,51,9,10,8262 1,48,28,44,12333 0,15,548,-531,135175 -1,34,432,-147,158942 1,90,75,-30,73086 -1,238,8,140,75425 0,105,31,49,46125 0,38,85,-33,39084 0,110,15,58,38195 -3,31,132,-36,34772 -2,50,194,-158,38248 1,70,54,30,31464 0,114,22,71,27042 -1,211,4,183,31287 1,17,121,-111,26954 0,55,36,43,24086 0,6,223,-44,41448 -2,136,8,97,26148 0,70,12,10,23747 -2,18,45,-10,21454
2025-07-23,93040,30,0,31,5,29,2802 0,32,12,-7,3036 0,53,5,26,3390 1,37,17,-17,3334 2,12,144,-118,8740 1,88,17,41,8480 1,53,10,22,4690 -2,55,7,5,4925 -3,25,58,-18,7686 1,1,67,-30,9755 1,4,53,-5,9488 -2,127,32,77,20697 1,11,397,-264,130728 1,57,183,-110,85197 -1,100,102,100,63089 -1,8,179,-37,52677 -1,140,26,52,52408 0,62,41,48,32059 -1,40,45,27,26762 1,316,11,157,107387 1,9,244,-181,57181 1,88,26,77,26121 -1,41,26,1,19361 1,43,60,20,21327 -1,138,8,118,24178 1,58,152,47,44068 1,194,6,80,42647 0,39,42,36,25083 -1,9,70,-25,17217 -1,20,53,-18,16484
2025-07-24,93552,30,0,32,8,15,3066 -1,22,30,-19,4164 1,3,69,-68,4778 1,30,27,13,5000 -2,29,27,17,3891 1,68,1,51,4459 1,50,22,-1,5849 0,9,40,4,6127 -2,7,108,-49,8489 -13,21,194,-106,22280 -1,51,30,28,14186 -1,95,37,74,17270 1,107,162,67,107190 3,2,259,-249,78196 0,55,123,14,80943 -2,129,13,113,42124 -1,111,7,83,42401 0,62,31,-1,37126 1,30,49,18,29822 2,58,122,-89,38503 2,31,97,-52,33729 1,67,30,40,25806 1,119,37,118,23544 1,121,12,-7,38671 0,48,24,20,18266 -1,53,55,51,22638 -1,72,6,33,27606 0,23,154,-76,26615 0,52,29,26,20670 1,80,6,51,23644
2025-07-25,93476,30,0,33,7,-5,2661 -2,38,3,29,2275 0,21,16,-2,2516 -3,62,1,58,3927 2,12,54,-27,4236 0,8,48,-24,3591 -1,18,34,-21,4189 -1,8,40,-27,5381 -2,76,14,59,5585 -3,42,39,-33,7865 -2,26,98,-17,14306 -1,51,38,-12,15267 1,98,121,94,90908 1,104,46,70,76274 0,57,56,12,49794 2,72,49,33,46084 1,3,94,-62,33674 -1,100,2,86,30668 0,37,70,-15,30181 1,71,2,64,24722 -1,158,5,128,46113 0,53,62,-55,25377 0,43,34,-19,22984 2,31,56,0,24469 -1,39,18,5,17907 1,6,74,-42,20562 -2,95,3,65,21756 3,28,29,7,14159 1,0,68,-45,18093 0,47,19,-17,15920
2025-07-28,94120,30,0,27,17,-8,2834 -1,17,41,-39,3623 -1,38,17,-1,4362 0,8,106,-78,8258 1,28,61,8,8922 0,21,27,-13,4897 -1,43,4,23,4211 0,17,33,-7,4660 0,39,58,29,7844 0,32,49,30,7847 -1,23,137,-121,13378 0,9,81,-50,22586 2,184,42,111,102947 -1,109,32,89,64181 0,15,226,-77,64339 -1,61,36,-9,32756 0,0,74,-17,32819 1,2,240,-66,60104 0,57,14,49,25483 2,27,75,-71,25716 0,129,8,74,29353 -1,4,66,-50,18288 -2,32,58,-17,23238 2,34,89,-49,25681 1,86,4,37,17380 1,16,138,-82,32705 0,68,27,34,24052 0,15,68,-6,18501 1,44,34,-25,18980 0,43,20,28,15036
2025-07-29,94330,30,0,34,1,32,2181 -2,77,18,40,10228 -2,6,24,-14,3084 0,35,16,28,3819 -1,14,35,-32,4808 0,21,20,4,3651 -3,13,66,-20,7222 0,100,9,67,9193 -1,4,61,-45,6399 0,14,43,-37,5726 2,13,56,-11,13189 0,71,21,47,16520 0,227,80,-22,114343 1,31,153,-73,86266 -1,58,132,-50,60190 0,68,42,-27,49362 0,14,181,-156,65729 0,73,222,-197,67548 -2,167,103,137,76685 0,87,52,-35,45429 1,31,96,-49,34919 0,38,114,5,33103 -1,156,0,113,29996 2,69,26,-4,23148 -1,33,162,-152,38070 -2,140,21,83,26987 -2,42,75,-40,22725 0,114,4,35,21730 2,22,53,-25,19816 -2,16,92,-86,23056
2025-07-30,93943,30,0,13,44,-15,2811 -1,61,26,30,4086 -1,66,1,38,4682 1,36,21,35,2401 -1,8,34,-12,3352 -2,48,24,33,4640 0,38,32,34,6708 -2,5,171,-165,8487 0,69,31,27,11862 1,79,46,63,16368 -1,10,122,-76,11441 -2,38,25,20,11221 2,157,148,10,96237 1,36,90,-33,49808 0,162,72,89,50352 -1,101,1,51,35654 0,99,60,-44,41228 -1,14,121,-72,42715 -2,76,44,64,23697 2,109,14,78,25724 1,97,18,50,26904 -2,32,64,-27,18768 1,50,19,1,17752 2,30,22,-13,10954 1,100,14,33,17180 1,99,94,37,29015 -1,58,43,45,23595 1,138,170,-136,89536 -1,2,664,-429,148482 -1,218,148,-75,72727
2025-07-31,95195,30,0,2,65,-32,4982 0,0,39,-20,3271 -2,58,13,29,3567 2,40,4,36,4041 1,4,120,-60,9155 -1,14,80,-57,10266 -2,43,54,-6,9310 -2,30,70,24,9870 0,92,0,49,11426 0,84,64,29,18772 -1,51,7,1,9670 1,11,212,-194,22946 1,18,558,-411,146691 -1,241,17,168,97274 -3,11,257,-184,83188 1,67,221,-149,76587 0,30,272,-223,92052 0,14,254,-49,89258 1,196,21,115,48485 0,124,27,121,36560 -4,87,24,51,28477 0,44,174,-111,35770 1,14,146,-126,36637 -3,41,439,-369,69045 -2,168,134,1,79828 -2,3,385,-332,99021 0,197,258,191,85996 -2,191,15,103,49840 -2,40,131,-79,44562 1,62,215,-183,55630
2025-08-01,92376,30,0,160,36,144,12566 -4,16,175,-114,11006 -1,43,70,11,9210 -1,11,208,-172,13282 -2,75,112,66,18610 -2,146,2,115,13003 -2,100,24,37,10844 -3,87,9,61,10261 1,43,76,-8,12574 1,166,262,-70,63117 2,33,183,-124,33921 0,47,126,42,29193 0,29,892,-889,162780 -1,174,266,97,138580 -1,380,9,380,118415 0,151,163,-118,105892 0,47,218,-96,66397 -5,117,120,-107,53495 -2,458,26,377,57856 0,166,70,88,43535 -1,107,70,-41,39496 0,44,242,-226,48705 2,11,397,-273,69097 4,18,193,-138,45900 -2,127,75,28,44684 3,66,279,-196,48062 0,357,61,330,54435 0,204,43,75,44665 1,8,250,-152,52598 -3,113,52,21,37426
2025-08-04,92228,30,0,83,5,21,6592 1,13,43,-8,4808 2,39,11,31,4033 0,41,41,-17,6436 2,30,128,-70,10278 2,49,66,41,8745 -1,76,14,-11,7385 1,36,76,-50,9372 2,136,6,115,9154 1,46,49,-25,10837 -2,105,8,55,10826 0,71,36,59,15371 0,531,22,490,125466 1,187,74,50,74386 -1,130,63,81,56520 2,19,175,-7,53760 1,5,244,-144,67433 -1,44,89,-5,38724 0,70,51,36,35673 0,190,21,161,42159 1,65,29,14,24413 0,45,44,9,20103 0,54,11,40,18506 -1,36,10,17,18929 1,24,159,-65,27486 0,79,29,24,25845 -2,39,49,-16,19422 -2,49,39,-4,18168 -1,20,41,3,18032 -1,138,15,8,32313
2025-08-05,93330,30,0,72,9,31,5738 1,121,8,93,6833 -1,77,10,50,6020 -1,37,47,22,6780 -3,54,12,42,7019 -1,13,76,-68,5421 -1,90,45,48,10937 0,16,45,-14,6041 -2,91,154,-47,25927 2,45,72,-18,12537 0,29,71,-66,12439 0,79,48,-3,17743 1,194,181,131,114022 -1,46,277,-179,100860 2,64,300,-189,99140 0,7,599,-597,120501 0,299,7,239,93403 0,79,172,-119,73973 2,56,230,-138,74342 0,261,66,148,57242 2,148,0,96,32294 -3,114,242,-165,53519 1,159,6,104,37733 2,130,51,110,24729 1,108,39,86,25687 2,78,14,12,27836 0,4,239,-226,41988 -1,65,191,-99,51913 0,16,155,-39,41834 1,119,29,106,32518
2025-08-06,92607,30,0,9,63,-37,6626 0,29,82,-46,8258 0,104,44,67,11631 4,12,159,-157,10539 0,251,8,242,15488 -1,33,63,33,8813 -3,79,4,52,9684 0,0,168,-140,9965 0,127,60,-19,15721 -1,119,18,110,10910 1,24,46,2,7833 0,62,57,-39,13392 0,283,80,196,143277 3,266,180,238,121521 -1,3,454,-313,100405 0,279,80,174,81823 0,200,67,185,65999 -1,169,68,139,54293 0,102,102,91,61348 0,154,6,132,43808 0,26,81,-43,28311 0,83,91,15,38532 0,54,47,-2,24775 0,25,56,20,17786 3,75,43,-12,21845 -2,159,43,116,29596 2,77,34,65,24071 1,63,26,28,26006 0,27,69,-29,19755 -1,80,30,43,19326
2025-08-07,94317,30,0,67,41,23,10846 0,112,1,97,10445 -1,71,45,1,13973 2,46,52,25,8309 0,88,34,-12,11775 -2,55,26,5,7266 -1,0,123,-90,11607 2,21,62,0,9624 0,56,36,32,9317 -11,66,87,28,13833 1,57,44,52,11804 -1,5,106,-62,13099 -1,188,126,-1,128431 1,281,1,17,120845 2,75,251,-123,108562 -2,77,148,13,83066 -2,8,267,-187,75996 0,111,135,-84,66352 1,87,131,-125,50689 1,175,68,-7,53852 -4,153,64,70,42280 -1,58,413,-266,67462 0,245,3,107,65091 0,21,186,-183,50665 -1,73,105,37,57778 -2,69,152,-127,44238 1,10,219,-61,58314 -1,61,86,31,34318 0,176,47,126,36085 1,5,117,-54,25559
2025-08-08,94272,30,0,21,32,-8,2627 -1,40,20,16,3423 -1,1,35,-24,1878 -1,47,5,32,2556 -1,15,37,-28,4162 2,67,1,30,5976 0,39,16,25,4093 0,3,105,-89,5607 1,4,161,-96,15778 -2,51,57,46,9879 -2,21,69,-35,11433 1,43,51,29,10220 1,411,47,347,104008 -2,159,61,156,74308 -3,81,160,38,77059 0,108,22,38,53905 -1,4,168,-47,56424 -1,35,68,-28,36261 2,6,218,-78,66009 1,198,2,168,41080 0,70,59,8,34956 2,32,36,-17,22312 -1,31,112,-30,34342 -1,35,98,-73,33608 2,156,6,125,27018 -1,127,17,94,29393 -1,3,106,-36,23569 -1,44,21,22,17767 2,23,36,-19,14989 1,52,17,-4,22974
2025-08-11,94889,30,0,38,7,14,4829 0,6,31,-16,3388 2,92,14,62,5561 2,7,111,-111,4249 2,105,7,78,6947 2,13,46,-37,4243 -2,60,8,45,4272 -1,91,0,67,6379 1,28,84,-60,7810 0,5,89,-58,8577 1,29,48,-22,9809 1,49,56,1,14534 3,91,139,74,90592 1,54,109,9,59090 -3,126,3,62,51830 2,37,139,-89,46968 -2,79,62,-22,41012 1,110,23,43,31392 -2,39,73,22,34567 1,238,4,235,44532 0,23,98,-53,33349 -1,17,189,-168,37318 0,58,53,25,26804 -2,2,102,-82,23737 -1,35,153,-76,37694 -1,12,135,-88,32119 1,56,44,-21,34464 1,68,126,7,40382 0,33,53,-24,21472 0,24,95,-63,25558
2025-08-12,94582,30,0,15,30,2,2470 0,26,81,-68,4504 -3,69,4,25,3654 -1,32,17,6,2714 1,15,64,-63,3543 0,44,47,17,6258 -2,52,33,-31,5114 1,135,21,107,7617 0,143,15,95,10375 -12,633,11,537,66695 -3,11,290,-241,36563 1,39,60,-19,22871 1,302,202,-134,143569 -1,102,309,-28,138973 2,277,90,240,76810 1,58,82,26,47626 0,216,63,202,55075 0,204,0,93,57974 1,106,49,50,34558 2,125,16,15,29129 1,130,16,113,22884 2,83,21,64,22068 1,64,12,-7,23907 -1,52,30,-23,15756 0,117,10,100,20164 0,39,17,12,14780 -1,68,30,17,18753 1,9,59,-35,16443 -1,30,24,2,12755 0,57,42,47,18985
2025-08-13,95948,30,0,42,8,21,2528 -1,79,7,62,5354 -2,23,37,-25,3059 1,24,55,-41,3586 1,23,12,15,3063 -3,31,29,-3,4087 1,53,38,5,5598 -2,38,30,17,4526 5,40,44,24,4750 -1,89,9,84,9788 1,26,36,6,9674 2,71,12,63,13874 0,98,72,-14,91514 -2,82,214,-142,94547 2,4,233,-194,78041 0,65,98,7,69662 0,45,170,-169,57971 1,137,98,33,70528 2,131,36,97,41033 -1,8,127,-62,33043 -2,25,108,-51,24825 1,23,90,-69,28688 -3,105,68,4,39371 1,167,29,157,27904 -1,18,173,-126,28227 1,126,14,90,24786 -1,80,41,-35,26419 2,42,155,9,38728 -5,82,20,-9,21334 2,115,4,43,21370
2025-08-14,95738,30,0,13,29,-18,2298 -2,6,33,-30,1948 -2,41,15,23,2161 0,37,8,-1,1938 -2,37,3,15,2549 -3,77,2,69,3994 -1,14,25,-1,3561 -5,71,2,10,7006 0,70,11,20,6610 -2,44,635,-432,67382 -1,105,109,-29,30205 2,96,51,84,19888 1,318,68,290,100709 -1,119,131,-43,77807 0,146,60,128,56012 -2,217,2,191,57835 -1,4,240,-222,54755 1,30,323,-221,69649 -1,152,64,136,56130 4,78,110,-88,47100 -1,40,145,-68,50147 -1,154,2,135,35139 2,147,2,140,30366 1,107,11,93,28877 0,6,148,-119,29329 -2,85,76,-54,29357 0,8,147,-113,35518 -2,97,48,92,23458 -1,48,57,23,25892 -1,51,55,-15,23617
2025-08-15,95568,30,0,7,54,4,3271 -1,5,85,-28,5584 -2,40,6,37,3712 -2,63,2,41,6154 2,58,4,27,5181 0,54,11,31,3765 -1,24,26,18,3676 -2,17,76,-39,5423 0,17,116,-45,11322 1,59,70,21,14634 -2,18,53,-35,9521 -1,105,41,44,22862 1,6,530,-501,114837 0,336,72,326,102503 -1,72,105,-39,68030 0,29,212,-158,62978 -1,10,116,-55,47867 -1,134,27,3,45461 -1,70,270,-93,60922 0,162,47,60,54322 1,63,122,-108,33647 3,151,20,149,31303 1,82,10,23,29708 2,5,103,-23,25580 -2,90,17,9,22890 0,160,19,92,37031 1,8,115,-28,24056 -1,24,105,-92,18432 1,81,101,-1,38352 1,53,50,25,21366
2025-08-18,95004,30,0,64,6,27,3892 -3,71,12,51,4832 -2,5,52,-20,3160 2,98,3,85,4609 0,24,32,-14,4040 0,12,90,-71,5765 -1,1,69,-14,5838 -2,51,61,-20,8158 2,63,15,59,5319 -1,10,70,-1,7275 1,72,10,31,8053 1,4,86,-40,15342 1,198,4,92,91124 -3,2,224,-87,81766 -1,222,41,27,67153 -1,53,227,-106,69687 -2,143,13,127,49148 1,2,168,-146,42496 1,61,63,45,34990 1,34,65,16,22959 -1,74,35,43,25387 1,39,192,-137,36379 -1,73,29,48,24465 -1,89,9,84,20996 1,123,74,-42,38552 0,48,46,37,20711 0,30,63,-2,19753 0,83,5,62,18786 0,118,3,81,25869 -1,9,75,-44,20128
2025-08-19,95202,30,0,12,41,-38,2982 0,5,74,-18,7824 -3,16,50,-27,3422 1,6,76,-42,5029 -1,9,70,-33,6566 1,35,6,12,3789 -1,56,33,52,6229 -2,8,97,-76,7999 -2,106,2,90,7092 -4,22,114,-110,7728 -1,20,51,-34,13870 1,86,26,83,14092 0,33,493,-448,154218 2,308,42,297,99120 -1,11,409,-392,81525 0,128,277,-210,116757 -1,103,241,-105,87765 2,152,92,124,57127 1,41,80,-31,39987 0,24,149,-127,41266 0,61,97,-26,40353 1,24,237,-153,59369 -1,62,172,-164,58260 0,147,37,125,43264 0,103,11,42,29941 1,78,140,30,43360 -3,14,150,-116,27827 -3,24,109,-106,29823 2,94,89,-73,36155 -2,137,9,122,26315
2025-08-20,93703,30,0,48,10,40,4444 -2,17,43,-15,4061 -1,43,17,-14,4336 0,12,99,-53,7019 1,149,3,102,9395 0,29,114,-101,6980 1,19,162,-67,10756 2,116,0,98,10099 -3,39,58,-40,7984 -1,96,64,90,15433 1,2,80,-72,9713 0,53,59,36,15777 -2,25,644,-643,146969 0,1,675,-615,184498 -2,183,190,-62,120588 3,53,216,-152,94657 -4,286,87,265,78657 0,419,40,408,82885 -3,167,45,-25,75063 0,2,263,-20,69675 2,360,23,338,56217 -1,3,222,-178,46886 -1,85,139,62,49190 0,6,151,-90,43362 -2,279,5,194,46369 -1,15,379,-217,59150 -4,40,191,-112,49693 -2,273,7,252,37553 -2,44,133,21,34996 -1,311,3,168,46129
2025-08-21,93275,30,0,40,21,35,3495 1,4,165,-82,7443 0,0,138,-20,8863 -1,20,46,0,4497 2,130,29,47,13698 0,3,72,-42,6243 0,27,157,-139,10055 -1,74,40,-22,11466 0,1,165,-103,19070 -5,132,94,-47,22700 0,97,68,96,17931 0,54,102,47,20851 0,121,341,23,152429 -1,94,442,65,131581 0,265,52,251,92683 2,2,385,-351,95732 3,218,1,38,61147 -2,85,253,-44,91890 0,158,23,-4,52419 -2,10,307,-273,71802 -2,115,54,-14,48490 0,90,35,12,41024 -1,111,140,-8,55015 -1,0,254,-147,55044 0,311,22,257,51957 0,50,82,-41,38915 -2,80,47,-5,27832 0,95,77,2,35953 2,207,24,179,36509 1,41,40,-31,24613
2025-08-22,92978,30,0,22,57,12,4073 0,88,23,88,6825 0,16,70,-5,6269 0,26,29,-17,4508 2,66,20,41,6188 0,7,98,-83,6263 -1,23,51,7,6334 -1,25,37,1,5477 -2,80,38,67,8807 -2,5,109,-89,11917 0,59,46,28,13728 0,40,39,35,14708 0,290,234,274,126797 2,1007,375,945,183740 2,252,313,-65,178124 0,359,0,233,106540 -1,151,73,52,65606 -2,96,78,-15,47175 0,99,143,-122,46544 -1,26,101,-71,48988 0,27,195,-155,56472 -1,116,7,42,33235 0,104,148,70,43143 1,218,26,217,40505 0,25,64,-33,25383 0,70,53,-11,25092 0,31,71,-40,21988 2,80,24,23,22151 2,10,105,-96,20932 -1,31,45,-9,23555
2025-08-25,93967,30,0,32,22,-2,4632 -1,55,14,36,4102 2,3,112,-91,6289 -1,68,62,56,8334 0,6,87,-21,6065 1,49,17,45,5357 -1,14,30,-26,4174 0,40,107,-98,9480 1,58,6,15,8187 -2,59,28,50,9358 0,39,26,-8,8847 1,75,16,61,14300 0,90,204,-16,132971 -1,255,100,227,93699 1,49,122,-31,75174 -2,138,37,126,68439 -2,61,108,22,53866 1,106,37,86,41749 0,33,79,-37,37063 0,109,5,66,33108 -2,23,47,-29,20205 -1,58,41,25,25657 -2,9,135,-58,31620 -2,25,62,-19,22845 0,28,107,-18,28023 -2,40,44,-9,21693 1,31,94,-46,23856 -2,28,63,-15,21466 3,27,58,25,20971 -1,23,89,-61,23982
2025-08-26,93897,30,0,29,38,-24,3825 3,88,0,65,5031 0,48,9,47,3730 -2,37,25,-4,5599 0,7,59,-32,4140 0,4,84,-77,6032 0,4,100,-77,9391 -1,97,2,26,9430 -1,70,66,35,9320 0,63,10,53,9034 0,12,61,-30,11345 -1,26,14,5,9375 -1,193,174,-107,143037 1,281,25,229,91807 2,186,78,166,83886 -1,35,113,-34,64377 3,59,98,-72,45635 -1,87,53,-34,44655 0,54,61,-16,40513 0,129,25,109,29683 -1,100,8,47,30997 -2,31,58,-49,19348 1,58,25,-23,22817 0,67,62,47,28953 1,13,135,-116,28197 -1,48,114,45,36890 -1,84,17,82,26470 -1,57,10,41,24632 1,27,55,-36,20563 0,155,3,108,33730
2025-08-27,94388,30,0,26,14,7,3086 -1,11,20,-10,2033 -1,30,19,29,2388 0,13,28,1,2906 -1,21,24,8,3436 1,27,19,9,3445 0,27,2,23,2915 1,15,37,-1,3844 -1,32,82,-73,6879 -1,15,124,-72,21108 0,37,102,-61,19687 -4,53,98,-75,25136 0,95,212,-167,131845 -1,240,0,238,79157 1,190,60,156,70521 1,70,58,1,51821 -1,46,41,-6,37158 -1,49,37,-27,25593 -1,141,63,131,47685 1,36,39,-23,28332 1,1,289,-202,53883 -1,119,98,113,44489 0,69,27,24,32092 -2,23,53,8,19087 0,84,2,56,18161 1,47,13,40,16468 0,124,6,92,31588 0,6,53,-49,14991 0,11,116,-115,25977 1,0,225,-45,52540
2025-08-28,94490,30,0,20,55,-34,4378 -2,27,16,2,3714 1,43,17,21,3943 0,25,88,-51,6224 0,34,45,-39,5895 1,1,57,-24,7270 2,44,19,28,5991 0,129,0,86,11150 2,1,109,-85,9275 -1,217,9,135,32580 -2,60,9,31,12761 -1,71,33,2,16796 0,411,45,69,172463 1,73,342,-23,156256 0,90,113,-90,80976 1,360,5,316,78799 0,84,58,20,51100 -1,162,196,-166,72279 1,188,8,60,52532 4,70,35,50,28630 1,259,6,213,43673 1,23,101,-17,30875 -1,45,112,-50,33977 -2,97,31,96,20690 1,42,27,4,25192 2,57,9,40,20646 0,27,47,12,17045 0,44,20,13,20561 2,73,8,34,23844 -2,15,61,-40,21587
2025-08-29,94619,30,0,22,28,2,4274 -1,0,86,-24,5901 2,49,21,-1,5216 0,3,74,-53,5236 -2,37,51,37,7037 0,39,10,8,5355 -1,9,39,-36,4708 0,29,66,-34,9240 -1,53,18,8,7492 1,199,16,127,28692 -1,21,41,-21,10711 2,51,38,-22,17966 -1,64,458,-434,144046 -2,131,412,-338,152027 0,165,122,159,116591 0,70,223,-195,87136 0,113,144,99,81528 -3,100,52,34,47727 0,19,144,-135,48290 -1,47,93,23,43942 -1,106,23,3,31717 -3,152,0,94,26052 2,48,227,-137,39234 -1,2,166,-60,46179 1,122,57,105,32825 2,86,51,32,34573 0,17,106,-87,25103 -1,92,1,11,19144 2,111,25,103,19648 -1,62,58,-25,27163
2025-09-01,93964,23,0,23,60,-28,3294 0,34,15,32,2190 1,18,16,-8,2245 2,44,31,-18,4012 -1,33,17,15,3131 -2,0,114,-96,3922 0,29,76,-19,5964 0,46,13,9,3475 -1,52,0,41,3048 0,39,21,-19,4163 0,56,12,51,3694 1,26,30,-18,4644 -2,41,131,39,20213 -2,39,8,12,9084 -1,16,48,-14,7465 0,29,7,11,6090 -1,36,20,-12,6504 0,84,19,75,8844 1,16,22,-9,5937 0,9,50,-46,5673 -2,14,28,-7,4914 1,74,4,63,6242 -1,16,24,0,2374
2025-09-02,93303,30,0,18,114,-110,5664 -1,51,38,31,6370 1,22,232,-207,11238 1,39,93,-21,14923 0,46,72,-64,10031 1,77,42,5,12715 -1,51,29,3,9120 0,12,235,-229,24767 -3,37,84,-49,22093 2,29,207,-173,28981 3,79,252,-95,54497 2,120,44,3,31356 -1,399,301,393,155935 0,327,34,54,121866 2,201,100,196,111288 -1,1,473,-463,95561 1,134,83,-24,75025 -1,48,176,-119,67955 0,0,246,-227,58817 -1,49,105,-55,56771 0,184,2,112,40232 0,150,3,71,35657 -1,236,12,181,39134 3,152,105,123,37891 -2,253,1,232,48304 2,30,170,-161,38445 2,46,69,-61,29285 0,144,27,93,31410 -1,182,10,90,45060 2,120,32,94,28867
2025-09-03,93707,30,0,71,40,33,7269 2,26,22,-15,4368 1,33,38,32,5066 -1,33,48,-9,6210 0,73,19,40,8549 0,44,96,-94,7883 1,104,66,40,14194 0,27,100,-3,11657 2,56,16,8,7961 -1,6,159,-28,17637 2,65,60,39,12401 2,70,73,-65,17759 1,58,215,-77,128670 3,224,132,115,107778 0,153,205,-3,103879 2,360,5,333,86521 0,37,105,-40,48955 2,23,347,-330,67029 1,87,75,2,74923 -2,56,100,33,47423 1,122,58,-1,45831 3,20,150,-119,44750 2,128,57,95,39691 1,133,57,-10,41765 -1,36,319,-157,59329 2,57,221,-151,55613 -1,63,84,0,39996 -2,36,122,-42,41881 0,87,37,28,31038 -1,63,51,35,24890
2025-09-04,93997,30,0,45,3,43,2820 -1,76,42,61,6042 0,43,88,-80,7158 -2,64,5,33,5189 0,34,35,9,4813 0,19,84,-68,6512 3,42,31,-13,6012 -2,76,58,63,8970 2,71,117,-68,13277 0,99,100,-41,16060 0,24,76,-47,10588 1,57,49,31,14394 0,272,92,20,139822 -2,73,252,-174,97594 1,212,126,159,110703 -1,197,6,153,79662 0,88,79,43,53840 -2,106,150,66,60544 -1,14,113,-19,43791 1,53,59,41,35102 0,6,155,-127,29115 1,180,19,155,33910 0,78,89,42,40016 0,43,77,25,27678 0,29,38,20,23109 2,93,6,43,32629 1,76,4,22,20137 1,89,16,84,26699 0,29,11,2,20031 -1,97,10,39,28643
2025-09-05,95131,30,0,28,14,18,3129 0,7,52,-40,3385 1,42,2,27,2993 1,21,6,14,2443 0,8,56,0,3974 0,48,7,33,6223 0,2,65,-49,5495 0,40,64,13,9832 0,51,78,3,10428 -2,229,250,211,65810 3,231,12,169,40543 1,51,54,-36,33229 0,112,212,21,152390 0,56,387,-336,128511 3,26,669,-568,182294 -3,48,347,-260,141267 1,196,298,-205,142086 -2,400,129,383,104433 -1,145,106,71,72787 0,13,225,-89,66974 1,120,69,-31,55149 1,120,101,-32,49981 0,168,40,113,47849 -1,83,47,-27,40188 1,37,194,-127,46626 1,108,29,62,34661 -4,156,13,102,31887 -4,86,16,26,26842 2,126,76,81,37588 1,91,21,54,30748
2025-09-08,95056,30,0,35,15,33,2593 0,52,2,39,4951 2,21,23,-10,3547 2,38,19,-5,4122 1,5,57,-25,4643 2,33,23,12,4286 3,19,40,-22,4116 -2,32,90,-56,7226 0,0,54,-13,7752 -3,64,2,57,9020 -2,65,12,21,10329 1,98,24,43,18383 3,271,52,260,137166 0,109,89,20,93566 -1,58,191,35,82032 -1,102,43,58,62600 -2,17,90,-44,41306 1,65,87,42,48363 0,34,186,-130,45458 2,127,24,5,38709 1,29,99,-59,37714 1,25,165,-135,58223 0,100,51,-21,39670 1,98,23,51,30055 3,26,74,-69,22185 1,16,107,-28,37086 2,149,4,120,33577 0,17,101,-29,25292 1,14,83,-73,21785 -1,11,114,-66,34727
2025-09-09,95389,30,0,37,6,19,2853 1,0,44,-5,2720 0,22,18,-15,2487 0,51,29,-16,5226 0,13,34,-12,4390 1,8,118,-78,9780 0,115,1,108,7141 -1,22,38,-1,6582 -3,44,20,22,6371 0,1,70,-52,10099 -1,19,155,-44,23862 -2,41,70,31,19532 -1,91,80,-24,87392 2,47,194,9,113313 0,76,135,-84,75124 -1,7,336,-199,100041 0,184,80,48,76921 0,71,40,46,33079 -1,9,120,-99,36619 1,213,0,187,46075 1,109,44,46,44317 2,20,45,-4,21191 -2,116,44,104,28539 0,49,19,-4,28949 1,21,65,-13,27221 0,39,12,31,15199 0,9,99,-53,29345 1,47,39,44,20153 -1,17,25,-16,15804 -1,84,21,65,23229
2025-09-10,95556,30,0,73,13,73,4489 0,14,16,13,3672 0,39,21,36,4857 1,27,12,7,4174 1,28,1,21,3364 0,34,18,3,5366 0,119,2,98,8882 1,49,42,27,8760 1,1,101,-57,7426 -21,404,40,248,42469 0,22,97,-52,17423 0,104,14,36,20363 2,9,346,-216,136976 1,128,202,38,109240 -2,132,30,43,70188 -4,109,33,57,56019 1,37,87,-42,48694 0,44,187,-100,61703 4,72,81,66,43425 1,36,147,-112,38771 0,38,112,-60,40225 -1,39,80,-64,31227 0,158,12,118,35265 1,6,221,-186,39698 0,92,27,73,34820 2,27,91,-84,30287 1,32,147,-97,43382 -1,89,69,-38,36948 -1,79,95,-75,42164 -2,20,175,-75,53184
2025-09-11,96638,30,0,0,70,-45,49 7,59,7,55,63 10,25,0,16,58 2,38,0,27,113 4,21,5,7,90 -13,10,16,3,44 -7,55,7,50,108 -10,0,38,-32,100 0,51,48,-4,215 45,81,429,-91,1737 -6,133,8,73,750 16,104,53,89,521 10,77,270,-117,1871 11,195,45,126,1390 2,17,157,-84,776 1,217,9,159,1038 9,38,125,-3,720 0,176,4,127,1517 0,31,139,-106,909 3,123,0,98,423 -1,16,60,-60,296 7,32,71,-32,417 -1,4,84,-19,406 6,75,3,11,430 0,74,29,-24,274 -1,102,18,80,465 -3,25,53,-30,486 10,58,25,54,282 -3,29,47,-46,258 -5,61,8,42,223
2025-09-12,96945,30,0,40,33,39,153 4,15,35,-13,91 0,18,11,17,82 -2,25,13,23,134 4,5,50,-41,128 2,53,6,53,86 -4,43,14,31,273 -7,67,24,0,561 5,49,15,23,373 2,7,91,7,342 -3,49,5,47,818 1,4,50,-39,813 -3,94,152,-50,3202 -3,134,37,132,1815 -3,75,125,55,2245 5,97,32,94,1307 -2,81,47,-15,1531 8,48,58,-25,985 -6,44,55,-16,676 -5,77,34,41,760 -2,67,0,61,642 -1,28,34,3,489 0,66,30,-25,814 -5,50,0,14,287 -4,53,39,53,377 -4,64,6,33,731 -3,26,11,11,584 1,84,16,29,1677 9,113,0,79,1554 1,1,124,-107,712
2025-09-15,97331,30,0,31,11,12,2110 -3,38,5,32,1997 -2,86,24,84,3075 2,41,28,4,3801 -5,86,10,79,3541 -1,10,39,-25,2687 -2,50,23,31,3101 0,37,36,21,3834 2,95,23,32,9224 3,5,74,-13,5135 -1,96,7,65,5910 1,46,38,26,7514 0,227,20,210,50284 0,147,10,82,33295 1,37,80,24,24399 -1,35,69,-42,21619 -2,112,13,21,17829 2,61,37,13,15869 -1,102,14,98,14262 -2,50,45,21,14801 2,33,63,-52,12368 -2,70,3,28,9762 -2,16,66,-11,12222 -1,9,82,-80,12599 1,93,18,88,11629 1,62,8,28,10456 -1,16,71,-70,8478 0,62,77,-11,14769 -1,65,11,47,10804 0,19,47,4,9093
2025-09-16,98528,30,0,3,62,-42,3025 -2,27,10,4,2015 2,33,19,27,2205 1,3,37,-15,1962 2,24,35,-11,3312 2,14,95,-55,4655 -1,16,51,-35,3759 -1,35,42,-22,4476 -1,27,35,-15,5735 -10,77,51,59,9961 1,23,64,-24,7882 -2,48,44,-37,10843 0,48,175,-105,79827 2,14,156,-72,66869 0,66,107,-22,62037 -1,73,47,-3,36349 1,50,109,-41,36914 -1,57,51,-41,35557 -1,28,59,-20,31681 -2,56,51,11,25399 0,57,23,46,17875 1,4,75,-35,19781 -1,81,8,73,16758 1,41,19,-13,16355 2,15,33,3,14559 -1,23,47,-10,19202 0,16,31,-2,10843 -2,59,14,43,12414 -1,71,1,42,20305 0,10,70,-57,17313
2025-09-17,98094,30,0,22,34,-28,2499 1,15,40,-4,3052 -1,3,70,-56,4036 1,25,47,-7,5641 0,19,53,12,6690 2,64,4,15,4683 -1,5,80,-20,5605 0,29,13,0,3863 0,68,15,57,4392 1,35,35,-6,6898 -3,57,12,27,7046 -1,44,33,2,10099 -1,79,236,-97,95945 -1,96,198,-123,81943 -1,61,117,-102,45168 1,78,97,-44,48775 -1,30,102,-51,36826 0,107,42,-14,31323 0,45,51,13,28626 0,9,83,-50,19606 -2,75,43,69,18565 1,2,183,-141,31721 1,70,7,47,16573 2,51,39,47,13916 1,157,0,77,23940 0,381,23,47,73782 1,48,598,2,126290 2,47,711,-402,121363 1,683,400,594,117853 -2,244,309,163,86034
2025-09-18,98875,30,0,53,21,4,4968 1,43,25,36,4932 1,0,91,-76,3920 -2,0,51,-45,5603 1,162,23,138,10954 1,89,7,32,11378 0,14,102,-54,8243 0,77,10,15,7221 0,124,34,86,9020 1,50,109,-79,12730 -2,2,331,-218,32984 -1,62,31,4,23413 -1,137,322,-92,138907 1,373,60,371,102754 0,163,25,149,68721 -1,91,141,-70,66343 1,31,149,21,61293 -1,167,44,35,53359 0,93,87,-73,34058 -2,7,155,-140,51828 -1,189,33,167,33461 0,89,1,78,21221 0,27,35,5,18610 -1,9,116,-113,23356 1,14,142,-108,34769 1,104,54,68,30555 0,0,99,-60,25329 0,93,42,50,22442 -2,64,26,16,20131 1,3,153,-133,25050
2025-09-19,98885,30,0,35,11,-1,4185 0,5,82,-42,5699 -1,71,16,50,5125 -1,37,23,-19,3827 -2,73,24,23,6434 2,6,42,0,4413 -4,41,23,24,4607 0,65,4,42,6299 0,63,4,50,6924 0,12,61,-12,9205 -1,17,57,2,9659 1,142,1,77,28240 -1,128,123,102,114240 -1,91,47,-25,80841 -1,57,129,-17,69217 0,32,188,-103,53924 -2,91,99,-57,61565 -1,38,92,-57,52571 0,106,78,86,40287 1,226,4,192,43339 1,108,7,80,37968 1,67,66,30,35326 0,3,63,-55,18131 0,0,61,-23,21187 1,92,4,78,23834 1,12,67,-26,17238 -1,15,58,-33,16797 1,83,8,5,21383 2,103,20,69,25246 0,103,21,65,28136
2025-09-22,99137,30,0,12,44,-34,3269 -1,76,3,65,3934 -1,64,1,34,3886 2,23,49,-14,4349 -1,2,115,-36,7988 -1,6,73,-42,4769 1,38,28,-5,4445 -2,58,25,-1,6563 0,21,35,-20,6242 -1,145,15,129,10226 1,14,75,-1,10256 -1,81,18,51,13734 2,201,4,170,100506 -1,126,9,86,65768 1,106,98,97,61994 0,92,53,47,49417 2,89,10,26,48270 1,10,73,-9,36276 0,22,91,-28,34800 3,117,27,95,37594 0,149,12,140,59298 -1,82,12,29,37214 1,63,0,36,24150 0,15,63,-2,22729 0,50,43,30,25745 1,12,53,-5,19277 -1,79,4,59,24607 -1,49,9,2,18910 1,24,29,21,15401 0,48,16,7,23857
2025-09-23,100014,30,0,40,14,26,3099 1,25,13,16,3252 -1,2,62,-60,3394 -1,17,45,10,5434 0,16,84,-46,6253 -2,14,65,9,7460 -3,46,18,34,5244 -1,20,38,-18,4869 1,64,7,2,7676 0,53,48,42,8614 0,21,15,-10,5297 0,23,29,-10,9577 1,35,233,-186,102931 0,68,100,-7,85071 -2,52,79,4,66826 0,87,61,-30,54644 1,71,61,5,44206 1,90,5,45,39079 0,17,116,-23,38862 2,13,129,-126,29874 0,132,28,37,40448 -1,79,56,68,38264 0,15,157,-91,40053 0,6,238,-226,56371 0,43,358,-116,118936 -1,26,111,-81,59724 0,31,120,-31,47232 -2,102,48,-3,39497 0,16,105,-59,37978 0,131,8,28,33628
2025-09-24,99619,30,0,24,35,-12,3029 0,46,3,8,3640 -1,18,74,-68,4138 -1,47,11,41,4369 -2,55,5,51,4245 0,16,42,-38,3326 -1,27,92,-64,7522 -1,55,14,41,6154 -2,8,65,-48,6207 1,15,43,-38,6938 1,68,9,27,12819 0,32,25,25,9171 2,57,322,-318,118832 0,142,82,36,93365 0,101,34,15,55816 0,43,100,27,54723 0,19,151,-137,49533 -2,78,53,15,51344 0,4,264,-254,69216 -2,30,350,-326,97869 -1,226,81,195,81558 1,36,72,-26,41530 1,107,48,102,35417 0,101,32,62,47597 1,91,124,-100,44109 -1,63,25,-16,27302 -1,57,83,0,36548 0,99,19,39,27985 0,123,6,44,29498 -1,38,36,0,18845
2025-09-25,98917,30,0,13,163,-100,8289 -2,36,32,27,5775 -1,17,115,-96,7417 0,93,65,-26,8782 -2,49,61,-54,9934 -1,5,155,-105,18721 -1,29,141,-71,19100 0,46,138,-30,22182 -2,70,33,6,14920 -6,7,230,-178,32514 1,13,110,-100,29903 1,171,16,131,29984 -2,9,618,-364,161985 0,336,222,324,144077 0,301,65,213,116077 1,147,45,139,74862 0,2,284,-227,78110 -1,232,41,4,73943 -1,394,2,381,77936 0,0,117,-104,51048 0,55,145,-138,52894 0,159,79,-25,53249 -1,61,55,27,35044 0,49,276,-151,69773 -2,44,242,-232,53516 -4,80,331,-168,82842 1,374,4,348,70495 -2,237,53,140,66537 2,88,31,27,46599 2,43,123,-63,37515
2025-09-26,98364,30,0,87,2,81,5225 2,65,84,-75,7252 -2,58,16,3,5896 0,18,37,-15,5019 -1,98,17,92,6000 1,64,90,-24,10235 -2,133,23,133,9131 -2,61,43,20,10308 1,32,37,13,7366 1,399,27,249,52007 0,21,172,-165,28961 1,73,67,-58,23129 0,233,230,181,150656 -1,136,371,-309,114253 1,56,409,-212,142409 -1,295,120,-17,120354 0,154,59,55,82095 -2,222,130,216,69794 0,20,180,-68,55049 0,1,187,-116,49103 -2,381,33,304,61471 -1,75,77,38,40809 1,115,16,108,33052 0,75,31,43,29393 1,19,86,-73,25176 0,84,103,-51,37233 -1,208,25,153,33652 -1,85,56,22,30292 2,37,47,-34,21418 0,88,25,49,20518
2025-09-29,99561,30,0,35,31,-16,5764 0,8,83,-47,6679 2,107,1,95,5891 0,4,60,-24,4440 1,6,80,-76,6286 1,22,64,-59,9323 0,34,22,25,7688 -2,57,8,48,9361 0,56,1,35,7643 3,77,16,60,8953 1,30,74,-56,16004 0,24,169,-148,18603 1,386,12,384,114822 0,111,111,89,95175 -2,10,207,-47,66980 -1,17,88,-13,42735 0,23,144,-134,47977 -2,5,233,-212,87672 0,29,121,-67,66642 -1,29,99,-15,56462 1,86,85,8,47564 1,72,60,-23,31667 0,13,171,-68,46403 1,61,43,25,28123 1,29,70,-26,24415 2,118,10,62,25405 0,109,8,71,23131 1,16,104,-36,25700 0,2,176,-144,28030 0,44,138,-27,46679
2025-09-30,99219,30,0,64,60,-54,8545 0,85,18,69,5267 1,2,115,-77,7463 2,59,63,47,7459 2,60,10,25,7426 1,15,60,-15,6393 -2,39,18,30,4102 1,2,94,-85,7992 -1,117,9,100,7278 0,107,17,98,13899 1,18,99,-65,13989 -1,31,46,-13,14830 -1,41,317,-157,133025 -3,128,232,-97,111472 -1,173,39,110,74613 1,220,126,180,89037 0,141,43,105,71840 -1,9,397,-301,83853 1,105,69,72,57315 0,94,77,-2,51080 2,184,47,52,43131 0,56,74,-60,28035 0,36,102,-65,30331 -1,10,185,-122,40509 -1,113,69,110,41344 0,87,56,46,40563 2,183,2,158,46518 -1,92,46,87,33202 -1,21,76,-36,30403 0,109,73,89,36903
2025-10-01,99041,30,0,7,89,-53,8447 -4,63,23,59,5712 0,13,78,-74,6088 -2,39,83,-29,9571 0,146,18,99,9329 -2,87,34,86,9129 -1,56,23,50,9631 -2,54,66,-40,13690 0,66,144,-11,27999 0,62,59,53,14901 1,8,95,-25,13183 1,18,113,-93,14137 0,312,115,-106,134054 -2,349,42,313,107965 1,312,20,276,75423 0,112,37,4,67383 -1,144,5,101,49990 2,8,138,-79,46150 1,181,0,136,46071 0,86,6,66,30075 0,30,50,10,27138 -1,38,54,-13,25383 0,162,14,131,37240 0,67,27,43,31717 0,10,80,-57,24639 0,169,8,159,42517 -1,57,31,13,28687 1,81,11,53,25069 1,43,28,14,22650 -1,1,86,-23,24515
2025-10-02,100378,30,0,4,75,-11,8846 -1,130,7,66,10458 -3,15,23,0,3414 1,44,12,5,3864 2,64,13,63,5292 1,42,4,38,6301 -1,37,17,-1,6372 0,94,6,84,10091 0,35,20,3,7748 -1,23,28,-17,6996 0,111,10,89,15512 2,23,48,-37,13020 -1,17,558,-544,150162 1,210,59,181,116762 0,70,137,7,89350 1,58,201,-102,80602 3,3,231,-74,84200 -2,84,43,37,54995 0,9,165,-46,57510 1,207,3,106,57718 0,56,50,16,30164 0,30,111,-32,27975 0,109,5,69,28963 0,107,9,69,24945 0,80,30,7,33499 -1,27,51,14,23064 0,91,4,58,25625 -1,15,29,-2,14740 2,65,41,51,20770 0,22,42,7,16075
2025-10-03,100705,30,0,34,7,32,2598 0,51,5,18,4843 1,7,46,-44,3430 -1,14,81,-34,6457 0,13,36,-16,4256 -1,4,100,-82,8878 2,66,54,59,12356 0,17,124,-82,13572 -1,36,46,-8,7152 1,38,136,-100,16847 2,69,31,56,13379 -1,44,34,26,14951 2,133,79,69,103956 2,79,401,-309,109306 -1,138,69,66,83543 -1,154,46,37,64026 2,95,34,42,50205 -1,132,41,96,45571 -1,22,120,-42,37011 0,131,3,84,32224 0,31,65,-8,24392 0,10,104,-86,24163 -1,24,391,-218,83556 1,112,176,-161,66122 2,132,191,-148,75458 0,8,266,-178,105561 3,396,15,368,60234 0,15,213,-203,45130 0,123,33,92,34720 -1,81,63,-22,28127
2025-10-06,100506,30,0,53,23,-2,5235 1,66,2,56,3532 0,1,63,-24,4001 0,64,0,57,3894 1,144,16,2,22215 3,44,86,9,10946 3,74,23,70,8899 1,193,0,190,14952 -1,94,32,-19,18149 2,2,107,-97,13614 3,41,43,-14,16024 -1,126,8,111,17933 0,30,389,-197,132565 0,56,146,-65,81579 0,143,59,-23,59286 1,58,132,48,70029 -1,66,95,33,43330 2,52,40,-9,29180 2,164,15,161,34178 1,56,49,-46,37057 0,55,35,47,24008 0,5,59,-45,17467 0,53,9,-1,14659 0,163,32,118,34985 2,20,72,-1,25698 1,59,10,9,22320 -2,71,18,48,17592 2,70,30,12,28232 0,37,43,-14,18874 0,11,69,-47,21573
2025-10-07,100730,30,0,39,9,-1,5002 1,32,42,-13,5916 1,43,8,31,4246 -2,36,36,-23,6350 1,20,45,-25,6588 -2,39,9,37,4367 -2,28,15,24,5451 0,104,5,53,11832 0,55,26,43,8125 1,86,16,85,11727 1,159,4,114,23304 0,10,126,-105,23786 0,103,81,44,98706 1,68,140,-11,85208 -1,47,152,-129,60924 1,71,109,-82,79729 -1,9,556,-529,127113 1,261,15,56,111025 0,22,342,-297,119460 -1,244,60,112,87547 1,112,122,37,56182 -3,220,18,-15,56175 -1,70,85,63,43391 1,63,95,6,36922 -1,29,99,19,28530 0,2,256,-142,44159 2,122,10,55,33949 1,55,26,28,20498 -2,71,21,15,23161 -3,14,49,-40,16713
2025-10-08,100327,30,0,57,15,11,5400 1,31,8,-3,3144 0,12,102,-2,7659 -2,51,6,34,4242 0,52,4,30,4926 -1,11,161,-153,8765 -2,130,6,118,9670 -1,15,103,-91,7175 -5,11,90,-6,12809 -2,24,70,16,11309 0,26,48,12,9695 1,118,5,39,17859 0,343,28,324,115928 1,232,75,211,94132 1,66,122,9,69528 0,37,126,-95,56178 1,69,82,44,59414 2,167,17,128,48019 -3,54,26,34,29638 1,65,0,39,32784 1,87,25,-6,35834 0,2,69,-63,22353 1,75,17,49,25786 -1,69,40,68,23995 1,69,24,45,26356 1,60,55,21,28330 1,56,26,-4,28237 1,42,56,-51,24077 0,68,20,63,23628 0,120,16,102,33771
2025-10-09,101285,30,0,71,7,9,5661 0,24,50,17,6238 -2,22,76,-72,4722 0,29,22,-7,4585 1,88,6,74,6019 -2,43,30,38,4739 -2,27,69,-26,7471 -1,1,63,-53,7284 2,44,19,41,6304 3,19,40,-32,8288 1,64,5,23,8954 -1,53,38,20,16144 0,23,301,-109,129799 1,60,208,-121,107288 0,29,106,-80,66384 2,3,235,-80,98464 1,140,15,135,62256 0,32,176,-153,53281 -2,99,120,92,61275 0,97,15,68,39671 -2,29,130,-51,40735 1,29,149,3,40629 -2,22,245,-123,60986 -1,8,216,-190,60516 1,143,63,137,55077 0,33,111,-52,38473 0,147,1,62,35138 0,60,32,35,24637 -3,123,36,111,29044 -1,87,37,65,35056
2025-10-10,101208,30,0,23,130,-126,10536 0,28,77,20,12479 0,77,1,41,7348 -1,42,44,1,6320 -2,117,8,83,8009 -1,31,13,22,4043 -3,48,30,34,6972 -1,54,21,38,6422 1,25,26,-9,6185 -2,20,134,-110,15296 1,62,40,50,11543 1,27,63,10,14668 -2,299,78,168,111573 -3,67,164,-33,97316 1,45,179,-47,78115 3,97,80,65,53669 -1,6,1484,-1422,212986 5,414,778,-706,195125 6,298,620,78,212569 -1,269,355,-180,131615 -4,208,209,-26,100547 -2,185,386,-371,85319 1,34,370,-344,97356 -2,444,17,415,98126 0,151,210,-51,78835 -5,18,226,-142,67299 0,220,49,18,61661 -3,79,244,-203,56748 -5,80,176,-84,70149 -1,22,328,-253,70435
2025-10-13,99438,30,0,12,95,-66,7993 -1,87,22,58,7519 0,16,121,8,9437 -1,73,106,-70,10020 0,101,343,-266,35369 1,110,166,-47,25536 1,214,114,132,20623 0,60,118,-29,20665 -1,166,5,97,17177 -1,90,10,28,12519 0,275,158,185,44439 2,21,185,-169,33859 0,72,401,10,172493 1,338,65,305,116242 -3,43,460,-314,129060 2,254,120,-88,99248 0,17,238,-25,101092 -1,359,15,326,64429 1,80,105,16,53705 1,86,67,38,40016 3,155,105,64,57163 2,81,86,61,39503 0,136,30,87,39951 -1,14,215,-169,47183 1,28,62,-5,31507 3,137,54,97,34707 1,102,22,91,23050 0,57,179,-146,37058 1,50,128,-20,41447 0,157,41,20,35005
2025-10-14,98679,30,0,52,98,-84,10766 4,9,112,-101,11812 3,7,199,-188,22209 -3,9,292,-282,36286 -4,378,14,294,28788 -2,228,0,153,20920 0,152,38,86,21323 -1,108,129,-3,24581 2,92,42,56,17662 1,8,389,-216,32575 3,229,2,212,20625 -3,6,187,-53,34526 1,14,861,-655,209555 -1,577,56,439,132808 4,559,20,546,109652 -3,94,162,-12,88530 3,200,193,-20,88524 -1,71,117,-38,62917 0,404,8,395,92394 0,142,161,-147,60760 -1,448,1,418,69462 0,269,7,224,62144 1,83,274,-65,69323 0,115,57,67,42573 0,34,187,-42,44980 -1,72,137,-87,33587 0,123,26,84,36032 1,50,138,-22,30981 -1,45,74,-42,27239 -1,112,30,9,23756
2025-10-15,99788,30,0,104,15,72,9644 -3,54,21,-19,8624 -2,35,36,29,5330 1,37,69,33,7510 2,19,92,-49,7560 -2,24,86,-62,10563 -3,87,34,73,10638 0,145,38,141,12298 0,100,49,-8,22469 -16,95,42,68,17729 0,58,95,-31,18356 -2,64,37,-3,18096 2,8,421,-337,171151 0,715,38,706,131756 0,93,95,27,82699 1,58,90,-49,60570 -1,96,56,-3,57415 2,12,173,-143,74632 1,24,556,-517,132411 0,226,190,171,121682 3,104,168,-35,71101 -2,37,213,-137,59816 2,10,594,-535,94869 0,18,509,-172,156685 -2,530,34,504,80113 0,177,61,67,73271 1,127,76,6,44730 1,232,27,123,45304 0,146,41,-13,39771 2,142,65,94,34325
2025-10-16,100151,30,0,23,128,19,11105 0,94,17,85,8076 0,21,54,5,5880 0,26,91,-70,7726 2,89,11,70,8669 -2,79,36,63,7787 2,2,81,-67,7913 -2,40,66,-59,10173 1,22,92,14,15932 1,184,130,152,22671 1,31,115,-63,17840 0,45,125,-121,23719 -1,321,37,21,163828 2,182,100,11,137296 5,235,166,106,139789 -1,394,0,245,114131 -2,26,272,-71,99452 2,30,424,-345,85055 -1,138,318,-270,138868 -1,194,150,-2,110096 2,103,416,-378,110856 2,4,580,-281,162968 1,525,19,335,129469 -1,296,70,158,84747 2,100,340,-210,62495 0,15,481,-448,68712 2,48,420,-274,111430 -1,398,216,249,99583 1,211,65,117,68058 -1,119,384,-212,72903
2025-10-17,98136,30,0,107,144,-74,23844 2,127,97,67,18914 -1,31,200,-176,20608 -4,324,1,147,28935 2,472,74,441,35117 0,382,89,282,63420 -2,120,134,46,26938 -1,295,188,263,35994 -1,83,198,-46,32658 1,104,101,-34,25968 0,52,123,10,29757 1,24,188,-115,38033 -2,329,253,122,174187 3,493,14,211,158751 5,560,24,352,137643 1,23,499,-272,133673 -1,103,374,-127,112404 3,134,437,-299,105090 1,409,243,379,105223 3,405,65,393,76003 -2,112,106,79,66842 3,96,232,16,65015 -1,109,355,-299,70405 -3,77,194,-71,50248 2,224,108,76,55249 0,397,18,354,58756 -1,251,64,193,48580 0,49,150,-92,37028 3,126,52,122,31682 1,121,17,6,35244
2025-10-20,100369,30,0,17,100,-69,7525 0,82,35,-6,7510 1,32,47,-9,5630 -3,130,116,-51,14156 0,32,83,24,11873 0,79,27,64,8845 -1,4,71,-64,7614 1,104,0,81,8798 0,44,27,12,8497 0,152,1,91,12840 0,141,3,126,15639 2,38,103,-95,21566 2,453,16,405,120222 1,131,73,115,89022 -2,140,133,132,74227 1,117,67,109,59355 -1,52,45,25,46171 2,70,105,22,49423 2,58,58,51,34857 0,45,146,-95,62931 1,37,61,4,36107 -1,16,86,3,25885 -1,115,27,91,27532 -2,65,26,5,23302 1,77,11,62,17372 0,1,83,-3,20531 1,9,77,-56,18785 3,7,124,-79,25683 1,72,34,55,23799 1,1,140,-41,33883
2025-10-21,101151,30,0,33,28,-8,6534 -2,24,31,-24,5540 -1,7,81,-16,8111 -1,29,31,20,5035 1,52,25,-7,8156 0,108,12,104,8196 1,7,77,-10,11054 0,47,27,14,8036 2,39,21,6,8647 0,14,67,-4,10562 0,6,77,-67,10017 -4,50,65,50,22873 -1,14,327,-242,123776 3,129,117,-51,105907 1,229,96,-31,104478 0,199,72,155,79502 -3,176,17,106,68921 0,63,174,-39,56835 0,182,75,131,55875 1,133,4,64,43594 0,51,38,46,28771 0,30,55,4,25396 1,40,350,-197,85390 -3,89,119,-13,49501 -1,80,45,64,32825 1,74,21,63,22330 0,32,104,-1,31378 1,21,76,-29,21766 0,29,32,13,16926 -1,52,28,-13,17763
2025-10-22,101032,30,0,42,48,-32,6002 0,98,0,80,5573 0,77,9,64,4696 -2,78,12,62,6656 1,6,257,-254,11583 1,92,45,-6,15236 1,43,120,-84,15747 3,142,13,119,17950 -1,69,9,30,9311 2,48,45,19,10335 -1,37,33,0,8860 0,80,3,27,13160 0,25,370,-38,133773 -1,136,70,-7,89066 -1,13,548,-512,127531 -1,68,299,-68,144822 0,334,0,206,98278 3,0,550,-530,108710 0,307,100,296,105154 1,116,180,-120,75741 0,73,260,-173,63004 -2,98,649,-228,143406 2,260,100,49,83307 0,23,435,-298,83051 -1,72,354,-167,77157 -2,175,248,65,71477 1,231,225,129,69366 0,123,108,85,54985 1,264,139,230,61914 1,89,84,55,48221
2025-10-23,100192,30,0,26,92,-2,7653 3,80,17,50,8095 1,27,39,-24,4774 0,36,80,-62,6107 -1,56,104,-57,12734 1,3,152,-31,15713 2,0,168,-118,12768 -1,1,130,-77,15337 0,23,123,6,18040 6,40,155,26,17730 1,144,115,-99,25636 0,262,55,249,24753 0,492,70,484,125163 2,168,65,-51,115814 0,160,165,88,119729 1,208,56,191,87490 -2,4,188,-33,61601 -4,19,180,-21,53997 0,118,242,-51,72528 3,226,39,178,58893 1,58,113,-50,38993 0,130,8,92,31463 0,95,135,-49,54122 0,134,49,-17,42490 2,290,10,251,53442 3,51,50,-26,29118 0,55,75,48,26145 0,48,88,-59,23546 1,71,2,26,19900 2,56,16,24,21134
2025-10-24,101512,30,0,64,1,7,6856 0,8,47,3,5533 0,43,36,-20,6408 0,45,18,6,5406 0,2,50,-28,5186 1,45,33,1,5721 -2,29,25,2,4459 -2,66,4,30,7215 3,8,57,-38,7966 13,602,182,420,61766 -2,22,119,-6,22550 -1,76,42,-32,23541 -1,336,146,72,131224 0,227,82,191,96415 0,35,153,-130,62809 -1,146,124,59,69856 1,10,328,-110,81556 2,228,58,190,56331 -1,49,118,-56,46432 -1,72,63,53,38726 1,104,9,9,30214 1,54,65,51,31135 -1,80,28,11,25191 2,24,55,-24,21984 -1,88,19,75,21260 0,5,121,-59,23389 -1,20,39,-17,13513 0,52,64,-32,21407 0,104,36,91,25471 0,27,38,3,18027
2025-10-27,103168,30,0,178,2,172,10025 -1,28,34,13,6419 -1,39,35,25,5477 1,33,25,17,5212 0,12,62,-20,6886 0,1,62,-31,7276 -1,9,93,-85,8291 1,84,13,81,8443 -2,47,6,7,7748 0,5,47,-10,6532 2,27,28,16,6454 -1,20,91,-89,16141 1,176,78,71,99142 -2,175,99,137,64751 2,7,183,3,65058 0,93,49,29,48783 -2,53,101,8,44701 -2,100,10,86,33009 -2,44,22,28,22325 -2,37,64,12,25071 1,10,44,-20,13808 3,55,13,8,17741 -1,48,1,6,17803 0,20,58,-24,19437 0,116,19,102,24126 1,23,27,14,15853 0,21,18,1,11853 -1,40,27,12,19028 0,54,16,27,20054 -1,12,74,-49,17232
2025-10-28,103880,30,0,21,29,11,3015 1,45,22,-6,5829 -3,79,9,61,4700 -1,14,65,-39,4187 2,72,16,55,5446 1,54,50,19,7822 0,34,21,17,5248 -1,18,35,-4,4295 0,141,1,84,11462 1,4,66,-58,6942 1,207,17,186,29169 1,40,71,-2,18898 0,170,58,32,100207 -2,124,120,34,68636 1,33,138,-88,48566 1,25,150,-36,66870 -1,79,68,64,44210 0,6,78,-31,25927 -1,38,155,3,43623 -2,164,13,160,33498 1,58,68,30,31981 -1,218,60,123,69437 0,35,68,-43,26383 -1,111,36,65,38937 -1,90,12,75,28344 -1,62,22,28,25279 1,135,7,112,30330 0,35,20,8,20963 0,105,17,99,33412 -1,90,55,68,30947
2025-10-29,104950,30,0,16,45,-30,9720 -1,90,2,64,7955 -3,80,44,62,8522 0,4,55,-18,7093 1,69,37,61,10761 0,79,20,68,9592 -1,36,31,-25,9217 1,10,46,2,8628 0,21,84,-74,8472 3,10,86,-6,12982 -2,52,22,34,13281 0,17,53,-23,15781 1,106,47,64,94099 0,178,59,-10,88965 1,84,72,72,58900 1,42,165,-149,53267 1,87,70,-11,55773 1,72,86,-19,46581 -1,24,141,-29,51118 0,13,153,-132,45458 1,169,40,143,38807 0,69,36,-13,28890 1,79,20,45,18597 -1,46,151,-110,23603 -3,128,25,106,20419 1,137,203,-52,54203 2,54,120,19,50277 -1,142,801,-478,152444 -5,403,69,260,135737 1,199,155,2,78803
2025-10-30,104969,30,0,24,183,-176,9641 4,88,15,69,8684 1,56,54,31,7287 0,80,27,-16,9367 1,105,2,87,6937 0,142,36,129,7994 2,47,58,-31,8307 -2,24,100,-86,12134 0,17,366,-338,27356 1,58,202,-161,38666 -2,2,167,-74,38974 -2,123,35,95,33394 2,7,737,-280,177944 -1,496,9,148,139849 0,104,343,-289,120053 -2,315,17,144,88588 6,21,314,2,86508 0,79,66,-2,47300 1,22,362,-321,69376 0,370,16,358,54484 0,121,23,62,47182 2,4,183,-50,46246 1,39,246,-180,43683 -3,196,102,143,42906 2,40,134,37,35701 1,23,202,-139,33826 -2,1,207,-152,42478 -2,107,87,29,44899 -1,40,193,-153,43333 4,0,338,-158,63370
2025-10-31,104763,30,0,26,55,-29,5289 -2,32,33,-10,4154 -2,15,76,-38,5601 -3,93,19,77,5947 1,36,92,29,8233 0,33,65,31,7594 1,41,49,34,6404 2,101,2,94,12076 -1,145,6,104,14113 6,21,221,-188,24427 0,54,98,-75,17561 -1,61,29,1,19807 3,1,445,-362,130800 -2,81,183,-54,118156 1,83,152,45,83827 0,301,23,255,71820 -2,14,86,-38,47786 0,92,114,-93,50492 3,81,299,-259,108154 2,119,263,-257,86415 -1,54,213,-14,86411 0,126,163,-48,62802 0,4,353,-205,77757 -1,37,196,-127,67111 2,230,91,211,70480 0,122,85,77,48781 1,132,23,111,37699 -1,42,83,-47,35276 1,137,111,93,46994 -2,296,3,257,41807
2025-11-03,104562,30,0,73,35,59,5925 1,48,93,36,9437 -3,60,26,-9,8057 -2,30,32,14,5673 2,43,60,31,9214 3,34,87,-84,8925 1,80,35,64,9965 -1,21,140,-126,11766 2,87,11,23,11587 1,148,4,118,14956 -1,320,29,162,41491 -1,92,22,90,20070 1,120,343,-325,109407 -1,19,264,-124,105290 3,124,360,-320,104368 0,234,125,52,94619 1,221,3,80,63090 -1,108,124,-99,51103 2,187,38,43,45863 -1,257,33,229,48558 1,93,128,-78,46433 1,200,6,183,34572 1,48,32,20,23398 1,30,67,-51,21753 1,103,1,23,22439 0,14,171,-99,41155 -1,35,136,-99,30943 -4,74,117,14,34938 0,107,10,38,31650 -3,28,78,-32,22490
2025-11-04,102861,30,0,215,8,212,16622 -2,19,73,-52,10428 0,66,32,53,8492 -2,101,9,52,12582 -1,21,197,-166,16847 4,179,59,166,15121 -1,38,132,-74,14014 1,54,81,-59,11626 0,31,173,-139,19790 -3,30,112,-31,27073 0,122,86,-32,24145 -1,220,20,180,30650 0,174,314,140,151867 1,437,43,302,113149 -3,169,104,52,75426 -1,104,145,-125,69191 0,34,277,-207,85169 4,32,178,-44,66576 2,98,122,-100,59008 1,83,173,-128,59726 -3,77,288,-17,74920 2,31,194,-39,51188 1,110,225,-191,50738 -3,70,165,-105,61334 0,129,93,37,53002 -2,214,2,47,60414 -1,129,38,57,44593 -2,21,344,-312,57435 -2,145,24,99,43986 -1,134,100,57,45861
2025-11-05,101973,30,0,12,102,-62,6596 -3,5,293,-202,18820 0,167,15,88,12302 -4,138,52,102,10969 -3,66,56,65,10555 -2,138,74,63,11344 -2,130,13,1,11704 0,151,17,43,13021 1,203,25,187,15759 2,136,94,129,27539 -1,6,136,-80,20495 0,18,177,-127,23003 1,312,218,265,147018 0,433,33,285,124662 1,152,246,34,104786 2,190,57,57,66048 2,122,103,31,67224 2,141,215,122,62330 0,172,64,143,45090 2,41,117,-107,35491 0,177,48,146,29553 1,158,16,96,31629 1,33,47,-8,17902 -1,93,24,73,23550 -1,141,18,110,25004 2,64,135,-91,31503 2,134,4,75,26840 -1,77,12,5,15575 0,97,23,13,23728 0,34,116,-95,25253
2025-11-06,103076,30,0,33,108,-57,8567 0,46,46,-3,7867 0,74,46,60,7694 1,26,80,-31,7854 0,104,63,60,12911 1,44,68,-23,11008 2,80,13,32,8953 -2,44,14,39,7101 3,98,33,88,11496 0,49,79,-76,13116 0,29,400,-372,34835 -2,108,129,-103,40620 2,44,352,-180,147919 0,95,863,-751,177430 -2,414,145,264,128890 0,30,773,-670,142980 2,124,196,-37,113059 -1,124,213,12,94684 -1,0,438,-391,92099 0,199,134,166,96342 -1,134,316,-123,78991 -1,339,61,302,62646 1,142,341,-332,70314 -1,407,54,343,61989 -9,206,0,134,57583 2,222,190,74,67221 4,249,47,226,52144 0,30,259,-201,53779 2,178,104,66,52473 -1,69,194,-173,43146
2025-11-07,100875,30,0,115,22,2,11994 2,49,175,-171,12036 0,72,311,-207,38751 0,135,164,135,27644 0,130,25,83,25222 1,63,139,-77,23626 -1,2,385,-381,25279 0,295,13,208,36465 -3,122,177,-152,27692 10,209,58,167,29037 0,77,165,-107,28656 3,110,85,53,35825 1,5,771,-698,191567 4,435,220,135,148098 0,298,69,-4,135563 -2,49,503,-437,120839 0,141,203,-187,92568 -1,129,168,-69,97346 1,106,158,-110,77056 0,168,237,-121,78032 -2,502,77,373,82253 -2,111,254,-228,72099 2,380,69,326,74371 2,261,36,251,59470 2,138,138,-127,63343 3,253,126,199,66158 -1,107,62,53,44558 1,605,0,490,93770 2,212,53,139,83871 -1,58,339,-212,73452
2025-11-10,102153,30,0,80,7,3,5565 0,18,94,-93,9680 2,38,41,-20,7996 1,98,27,78,8023 -2,84,62,-19,12159 2,23,52,-37,7496 0,69,2,40,8439 1,78,3,63,8647 -1,34,94,22,10195 1,39,80,-71,12823 0,117,7,41,16287 1,64,79,-11,23867 2,434,60,310,130690 1,164,113,95,97059 3,101,123,6,79922 1,84,182,-152,64218 3,1,537,-377,128616 0,104,139,-114,79949 1,137,124,11,79645 -2,362,85,250,80517 -1,76,161,12,62148 0,277,0,241,50108 0,167,1,137,43723 0,51,67,-49,31687 -2,195,0,191,37631 1,10,152,-30,35578 0,96,89,56,35191 0,83,41,51,30231 0,81,16,59,30922 -1,56,71,-17,36206
2025-11-11,102516,30,0,20,74,-72,7463 3,106,2,88,7192 0,46,57,-14,8942 -2,0,75,-74,6483 0,104,14,78,9708 1,32,56,-44,7012 1,24,150,-136,16447 -1,135,7,132,11340 0,28,186,-150,18754 -2,130,1,64,19342 0,51,53,5,15680 1,114,29,27,21734 0,163,111,-90,106314 -1,212,156,-5,125835 0,66,193,-141,92350 2,25,185,-104,89267 2,81,140,-47,66296 2,327,7,5,76449 2,101,132,75,66395 1,180,108,112,51920 1,151,68,22,51635 -2,134,10,116,32293 -1,200,24,125,49470 2,190,2,74,45131 -2,126,140,104,48702 2,108,99,-87,41084 -2,138,17,67,29205 0,51,67,18,23738 1,40,47,-10,17291 0,67,70,-25,24431
2025-11-12,103220,30,0,19,104,-27,7100 0,25,38,-3,5390 1,0,217,-215,7477 0,89,62,46,13184 0,136,138,66,17885 2,96,24,73,8473 3,49,90,-18,10313 -2,103,25,91,9562 2,7,92,-71,8682 -1,59,14,39,8195 0,33,80,-63,10455 0,21,55,-30,13798 1,8,830,-801,156920 1,310,68,298,125061 0,27,312,-159,96734 1,35,328,-173,101842 3,36,157,-126,79095 0,198,170,171,85743 -1,102,373,-294,86482 -3,232,0,123,77529 2,149,73,67,62481 1,289,17,67,66075 2,176,90,49,53919 3,167,14,94,42983 -1,111,89,-64,44320 0,124,7,88,32735 0,4,193,-141,40778 2,68,113,-5,42611 0,91,142,-76,42213 0,178,45,169,34103
2025-11-13,102401,30,0,115,27,23,10638 -1,64,70,31,8729 -1,55,182,-137,12492 0,42,124,-2,13458 2,65,114,-103,12178 -2,109,1,94,10080 -2,160,27,95,13302 -3,25,130,-70,13328 0,62,138,-34,15777 -1,26,272,-151,33457 -2,43,381,-344,44741 -4,196,51,124,37399 -4,97,786,-639,176863 0,501,11,489,150079 0,229,275,-222,139358 0,8,629,-574,133656 2,146,197,-41,129832 1,96,202,-26,102133 0,154,279,-88,113455 -1,128,159,-111,94625 -1,293,94,237,86941 -2,87,356,-246,86538 2,22,189,-171,77118 2,125,276,-225,79100 0,22,245,-93,94344 -1,127,115,-19,70313 -1,320,109,306,65628 -3,46,300,-240,71258 -1,112,235,33,72933 -1,50,213,14,61633
2025-11-14,99897,30,0,80,29,12,9768 -1,20,356,-334,16808 -3,9,298,-196,29209 -2,30,262,-160,25139 2,119,195,-173,31097 0,92,109,26,32551 -1,32,387,-160,43707 -3,162,69,40,34967 -7,87,256,-99,33952 -5,78,203,56,39919 1,124,100,78,44562 -3,88,102,-72,40864 -2,775,387,689,226590 1,357,144,180,165614 -2,354,309,283,157354 -2,674,132,562,137755 2,72,327,-159,102599 -1,628,31,520,95517 1,101,259,-76,87188 -1,171,6,155,69160 -1,132,115,12,73191 2,82,261,-253,71005 1,78,319,-120,97536 0,217,194,-19,73715 -2,97,311,-225,69933 -1,355,1,127,70747 0,322,64,250,53721 -2,156,80,40,47960 0,153,89,-52,47142 3,80,315,-241,56883
2025-11-17,100905,30,0,82,108,-100,15686 -1,5,125,-38,18517 2,140,49,71,13772 -1,141,73,-48,15086 1,120,227,-163,20709 -1,75,66,-31,16761 3,56,134,-50,22917 3,13,172,-170,19890 1,69,159,7,26064 0,0,295,-263,32388 -1,193,85,55,38438 1,28,225,-191,39931 1,920,171,883,177313 -1,145,632,-549,160064 1,293,102,225,134427 -2,78,314,-117,115967 0,58,465,-405,100407 -1,261,252,255,110664 0,373,21,320,93347 -4,207,0,129,71339 0,12,232,-128,60166 1,60,445,-324,77656 2,17,457,-390,80111 -1,176,24,42,71905 0,275,99,118,66842 1,56,642,-469,103719 -3,71,275,-104,76921 -2,73,384,-259,84732 -3,63,279,-153,83870 -2,197,75,103,77097
2025-11-18,99196,30,0,128,43,15,9598 -3,138,26,2,11761 -3,57,84,-17,11490 0,26,148,-70,15856 1,91,224,-172,21055 0,111,135,-52,24048 3,148,135,-43,21136 -1,179,219,159,29944 -1,63,188,-157,21170 0,213,23,67,28671 -1,143,47,67,31029 -2,12,208,-117,34397 2,455,411,-378,235346 2,80,777,-325,205870 1,268,428,10,180314 0,186,379,-253,139322 -3,193,407,105,153316 2,633,80,557,129753 1,199,120,-12,115837 2,191,136,-95,81051 0,95,374,-342,86890 -1,798,178,746,117399 -1,251,157,168,90653 -1,112,168,-144,72902 1,299,55,166,78735 -2,141,313,-80,78331 -1,103,222,-151,60629 1,395,106,241,77102 -3,99,259,-198,68604 1,99,306,-112,67444
2025-11-19,98796,30,0,6,90,-54,8971 -2,113,20,53,9541 -4,137,0,36,10959 -3,72,69,57,10998 2,35,189,-140,13432 2,95,53,55,13167 1,90,2,38,11740 0,48,212,-160,17697 -2,81,111,70,20642 0,94,113,-48,22411 -2,17,180,-173,23840 3,67,99,-82,33261 0,675,152,633,179132 0,694,106,613,153580 -1,264,111,131,130699 -2,62,366,-362,106865 1,0,604,-520,170926 1,90,294,-108,138447 0,69,243,-156,105226 -1,213,271,-164,120952 0,88,188,20,98078 0,46,496,-131,132775 0,276,24,219,81454 5,130,243,-224,80526 -6,461,41,58,93240 1,373,2,165,68393 -5,110,304,-237,66519 -1,96,92,51,63043 -1,379,5,282,75882 1,520,16,384,84102
2025-11-20,100299,30,0,130,12,121,9332 1,82,178,-86,14844 4,70,149,-74,11553 0,245,10,80,15955 1,54,104,-47,16602 -3,150,23,76,11227 -3,202,7,181,12023 -2,176,3,113,15885 -1,53,184,-105,19145 1,422,16,412,59134 -1,93,126,-106,40821 1,97,66,-16,39977 1,225,267,7,192267 -1,348,116,-60,137830 -1,280,168,242,127265 0,206,121,-107,101946 1,25,681,-663,137910 -1,15,729,-646,215696 2,93,818,-632,208555 2,222,1115,-854,226341 0,17,722,-333,163985 -6,206,564,-469,133790 2,740,58,720,134208 -1,347,192,-45,112733 0,86,791,-748,87032 0,21,438,-188,95881 0,420,168,323,82778 -1,0,349,-254,71155 3,469,13,55,78720 3,196,229,-27,61732
2025-11-21,95647,30,0,636,12,575,25506 -7,326,29,268,22157 2,129,156,-154,17833 2,96,177,-155,17674 0,128,140,-93,26967 -1,55,274,-227,29088 5,1161,0,1083,66769 -4,106,365,-217,42252 3,440,51,52,39340 3,330,3,169,24848 1,93,122,68,31344 0,47,299,-209,38084 0,309,407,-33,180601 5,410,486,-144,162546 -4,191,527,-451,168082 -2,242,473,197,169124 -5,25,636,-210,118656 -2,547,200,540,103719 -1,350,145,202,97022 3,660,62,596,102961 1,64,274,-69,78217 -5,235,65,137,68322 -1,5,576,-483,82842 7,21,276,-30,72797 2,1064,68,982,90215 0,209,246,155,96054 1,187,135,124,58293 0,57,435,-354,69525 2,73,264,-84,56266 1,98,336,-333,55664
2025-11-24,97584,30,0,119,139,83,15585 3,43,158,-123,13747 2,163,28,92,11309 5,95,71,90,11566 1,117,13,63,15745 1,154,110,125,15452 -2,72,68,43,16096 -2,212,62,201,16797 0,71,61,41,16923 5,45,148,-98,17704 3,55,153,53,25004 -2,130,94,-77,30902 -2,800,35,382,196184 0,607,154,370,165346 -1,172,184,116,127051 -3,315,112,270,89147 1,218,178,207,69811 1,98,68,26,52955 -3,106,95,43,50563 0,28,168,-158,50292 -1,236,24,196,42136 0,205,11,186,47534 0,39,73,10,30127 0,86,28,-7,34568 0,48,70,4,31196 0,114,35,86,27101 1,20,102,-84,24773 1,23,124,-92,40881 2,162,69,121,41368 -1,93,61,-18,32921
2025-11-25,99440,30,0,103,99,62,10408 -2,91,20,79,8867 -2,13,123,-113,8955 0,14,81,-55,9291 1,268,33,262,15332 -1,68,50,56,14595 -3,178,202,-117,33438 -4,144,21,50,18836 0,148,44,107,17201 -7,79,259,-135,32382 1,48,230,-217,30450 2,93,38,23,27194 0,101,927,-902,203760 1,777,118,559,231009 1,89,282,40,160775 -2,370,74,112,138708 -3,127,188,-103,105938 0,402,35,286,81825 1,138,63,-16,61872 1,369,1,358,64445 1,308,35,204,66547 0,280,6,133,65123 2,36,194,-60,49251 2,50,91,49,40432 1,106,91,57,35791 -1,35,138,-109,32932 1,34,222,-110,45223 -2,26,176,-80,42271 0,335,7,292,41819 -3,74,43,54,27198
2025-11-26,100694,30,0,95,57,88,7922 -2,35,34,4,7111 -1,78,19,38,6751 0,18,112,-79,11239 2,9,261,-211,22725 -1,57,57,32,15792 -2,176,72,128,15735 -2,77,25,24,13131 3,121,22,70,13795 -3,63,91,11,26125 -1,88,80,-61,25654 1,188,24,156,30570 0,196,131,160,138516 0,78,509,-206,158777 0,25,273,-78,114756 0,242,0,127,87138 0,336,52,300,75876 0,163,43,101,58906 2,208,69,93,60672 1,68,132,-86,50982 1,84,51,50,40215 3,123,22,32,36189 -1,41,262,-147,45347 5,199,56,145,58966 1,5,246,-103,49487 -1,70,106,-45,44285 2,146,55,134,28579 4,39,135,-130,35807 0,119,21,88,27577 -1,102,12,44,26067
2025-11-27,101219,23,0,39,20,35,2395 -2,36,15,2,2733 0,10,26,-6,2002 -2,55,12,13,3069 1,11,48,-8,3757 1,8,37,-35,2025 -1,17,42,-17,3795 1,19,20,-1,2937 1,7,49,-4,4766 -2,66,2,25,7077 0,17,65,-20,6558 0,41,30,4,5829 2,66,58,-13,12465 1,10,42,6,6186 2,29,15,11,6604 1,4,54,-9,6210 0,5,62,-16,6121 1,28,32,16,5213 1,3,32,-26,3392 2,17,20,2,2668 0,12,9,1,1357 -2,28,3,15,1885 0,9,8,3,831
2025-11-28,101453,15,0,227,43,99,5411 1,6,93,-10,3224 1,6,168,-108,8425 2,248,120,134,43137 0,24,178,-70,27356 3,115,79,-26,22684 -5,131,37,131,19807 -2,139,22,135,27823 2,8,270,-184,29530 1,123,64,91,26083 0,106,27,89,22890 -2,25,84,-55,17995 0,21,103,-57,18564 -2,380,0,286,45691 1,31,36,31,4162
2025-12-01,101250,30,0,85,31,50,7588 1,5,150,-114,8205 -4,96,22,21,7632 -4,27,83,-40,7278 5,65,108,-63,11120 1,4,129,-81,14179 -3,4,174,-159,16094 2,145,19,141,16229 3,41,54,-20,14398 -1,69,46,40,14810 1,62,69,53,15683 0,120,100,-60,27076 0,301,183,168,146818 0,353,15,267,109343 -2,107,220,-157,90316 1,143,231,70,104189 0,313,10,115,80099 -1,77,190,43,72402 0,266,10,246,59639 2,98,73,29,46383 -2,52,141,12,44001 2,171,50,124,39628 0,3,152,-62,36547 -1,62,59,-22,25319 1,63,8,15,20948 3,102,103,-82,37679 0,18,225,-204,53327 1,75,158,-74,61917 0,71,48,57,39322 0,87,32,37,35969
2025-12-02,101811,30,0,119,8,91,7936 0,97,6,72,11405 2,45,38,29,6807 2,28,75,-37,7771 1,15,60,-50,8548 3,41,73,25,10526 -1,1,117,-74,9808 -1,133,5,101,12018 -2,51,26,14,10939 0,73,56,-13,17434 2,117,51,56,20858 0,30,95,-62,17947 0,483,84,366,151005 -1,283,86,218,111240 1,36,287,-261,94801 1,307,181,307,117506 1,79,263,-229,96287 0,49,600,-533,143288 -1,262,183,145,117567 0,234,21,88,67779 -1,385,11,346,60039 1,73,80,-10,44723 1,15,422,-177,73259 -1,113,75,21,44748 2,53,134,-4,42729 -2,188,38,136,47317 0,58,129,-44,39442 0,110,25,73,36934 0,161,16,98,35422 0,45,42,23,21386
2025-12-03,102581,30,0,2,126,-123,5919 -1,57,35,2,7808 -2,107,12,97,4643 0,12,26,-5,4190 1,30,90,21,9701 0,48,22,18,7336 -3,73,5,61,6393 -3,20,32,4,6019 0,65,88,0,17509 -3,31,45,-19,11805 -1,59,927,-864,87538 3,235,81,216,79902 0,172,174,-114,147847 1,430,147,187,120568 -1,200,61,61,95609 -2,309,110,241,107608 -2,46,147,-138,65973 1,134,127,52,73541 0,226,23,124,59275 0,2,274,-127,72238 1,264,26,215,49469 -1,38,85,22,29846 0,56,76,-14,32673 0,56,54,21,24995 0,110,0,89,28524 -2,19,103,-17,30486 3,56,34,16,18699 1,43,35,28,16516 0,78,2,46,26911 0,72,2,57,28357
2025-12-04,102717,30,0,1,123,-106,8205 0,17,81,-31,9185 2,15,76,-24,7274 -1,61,25,37,6540 2,71,19,55,8121 -1,31,19,2,5233 1,35,33,-7,6780 -1,54,51,-18,8987 0,4,83,-8,8967 -6,55,116,-67,20034 2,318,74,295,33661 1,86,87,2,37684 1,6,645,-508,167823 2,79,181,-39,97028 -2,89,220,60,103893 4,192,48,26,85709 -2,8,367,-195,90728 2,195,106,137,69102 0,148,75,139,58530 0,146,54,-9,56967 0,77,88,-60,43553 2,98,60,-1,40877 1,87,107,-39,33756 2,139,54,119,33287 -2,50,115,-94,33705 0,58,19,21,26665 -1,7,462,-282,80483 2,315,34,272,61703 -1,24,195,-101,47269 0,73,51,-46,37524
2025-12-05,102903,30,0,25,22,-4,3350 0,12,81,-27,5701 0,36,30,19,4193 0,11,32,-6,3923 1,46,32,3,5501 1,1,133,-45,10306 -3,29,48,-44,5446 1,41,23,28,6217 -1,7,120,-78,10779 -2,10,416,-396,43094 2,224,36,203,35122 1,181,4,164,24740 -1,392,77,293,145377 -1,341,47,309,109132 0,151,12,28,76065 0,99,173,-62,73263 1,0,421,-362,116414 2,38,194,-135,96116 1,45,189,28,82159 0,225,51,65,66541 -1,6,131,-104,38282 -2,69,119,22,45993 -1,162,14,153,36304 0,38,154,23,39041 1,57,86,-27,34477 -1,12,94,-43,26783 0,60,80,-18,32465 4,25,81,-46,24210 -3,132,5,43,28810 -1,73,39,17,24563
2025-12-08,103156,30,0,39,18,20,4700 1,23,61,-13,5820 0,26,80,-68,6359 0,38,13,22,4516 -1,33,58,23,7133 -7,35,19,9,5708 0,102,10,100,6967 2,2,57,-10,7040 0,98,42,0,15019 1,8,96,-15,12972 -1,77,28,54,11827 -1,12,144,-107,17941 1,277,278,-133,136684 1,91,98,-11,78665 -2,0,394,-217,90774 -3,96,67,-23,55592 -1,6,266,-164,81173 3,68,127,30,58461 2,34,106,-91,37111 2,63,150,7,52780 -1,10,190,-95,42166 0,100,23,90,35035 1,225,23,186,67842 1,17,235,-229,44640 -1,48,109,-47,47770 0,30,216,-125,53665 2,91,53,46,33533 -2,88,23,39,29909 2,57,103,-49,32088 0,85,20,77,23392
2025-12-09,102754,30,0,13,350,-172,21450 1,119,9,38,11824 -1,55,98,50,10973 1,55,40,35,5595 1,8,67,-31,5253 2,18,47,-25,4727 0,16,72,-5,7610 -1,44,53,4,7823 0,4,117,-54,10157 2,8,171,-115,16503 -1,19,72,-56,15067 -2,59,69,48,21242 2,138,235,-4,135228 1,208,72,79,83623 1,104,56,76,57389 0,103,86,-21,67400 -1,209,13,136,55237 -1,98,5,18,37077 1,95,92,14,54873 1,157,1,121,43059 0,9,136,-66,32441 0,38,74,-63,33174 0,145,6,90,29890 1,69,42,46,24857 1,14,143,-47,30769 -1,97,62,-25,36112 -1,39,41,13,20325 1,22,114,-63,24749 1,70,3,43,22001 0,12,52,-39,18337
2025-12-10,102531,30,0,103,68,90,11910 2,149,67,43,13661 2,41,34,-2,5931 -1,23,43,-28,5279 3,56,111,-62,9209 1,17,42,9,5970 2,23,80,-43,6593 0,74,17,62,6101 2,249,7,213,15707 6,42,153,-131,13431 2,32,109,-56,16608 -1,31,84,-55,18869 0,103,321,-48,138550 -2,79,189,-21,89156 0,109,49,25,57024 0,28,290,-44,79598 1,8,387,-191,87977 0,303,32,280,62288 0,26,148,-34,40331 0,79,30,-5,31736 -1,13,85,-58,31798 2,108,25,77,23325 1,157,3,68,37242 0,5,254,-212,28090 0,103,47,89,28736 0,431,200,366,78162 2,80,373,-212,85612 0,447,232,163,165454 1,560,58,528,137465 2,113,74,-19,73146
2025-12-11,103434,30,0,2,54,-28,72 8,46,26,46,80 -4,16,43,-9,84 2,57,49,57,101 2,69,14,41,245 7,183,4,176,463 1,89,28,32,543 1,61,84,-74,255 3,58,19,27,153 -24,25,146,-80,362 1,55,51,1,205 9,115,35,-29,275 -2,24,648,-631,2395 -7,219,380,216,2641 0,358,108,244,1510 3,38,441,-423,1013 -15,284,136,47,903 18,66,210,-162,614 -10,502,3,344,687 -2,0,332,-99,651 23,426,0,298,732 19,147,0,46,664 -21,54,150,39,475 10,61,79,-23,320 -11,265,27,193,597 9,6,153,-38,447 -19,185,10,170,764 4,71,20,61,415 11,27,106,-83,426 0,35,85,-76,276
2025-12-12,103377,30,0,26,78,-2,478 13,25,92,-73,342 -2,79,13,15,229 -6,40,137,-137,703 0,105,12,105,452 4,78,4,54,379 -10,6,93,-63,421 4,144,6,103,1039 -2,54,8,8,458 9,49,52,43,488 3,124,10,61,769 -1,15,236,-227,1177 0,237,219,-213,5051 -3,256,386,-309,4029 -8,181,453,-434,4565 -2,317,96,262,3837 20,31,905,-789,7753 8,121,262,114,5093 -7,0,431,-224,3210 -4,374,127,256,3409 2,278,60,-41,2728 -4,361,109,337,2230 3,8,171,-59,1042 3,308,8,195,2785 -9,26,176,-92,1208 -5,44,234,-223,1658 -1,64,171,-130,1755 2,159,6,47,1057 -2,75,48,72,936 3,36,209,-194,1046
2025-12-15,102384,30,0,2,52,-17,2751 3,37,21,21,2323 -4,59,25,30,2643 -1,50,0,26,2025 3,26,66,-59,4098 -1,64,48,-17,4497 2,114,7,74,4153 5,11,16,6,4072 -4,16,70,-16,5657 3,129,11,122,6741 3,58,43,31,7455 2,72,71,70,13321 1,13,621,-427,80977 0,22,558,-458,76294 -3,35,633,-500,76702 1,508,52,495,59674 2,11,299,-10,39086 -1,302,193,254,33033 1,24,554,-482,40296 -1,235,15,114,27750 1,55,144,-59,21036 0,152,104,-62,24199 -1,83,200,9,28627 0,114,206,-152,21778 2,144,76,97,21097 0,248,18,145,21482 -2,29,136,-86,18665 -4,43,112,-55,17421 -2,138,48,126,20833 -3,23,182,-128,18277
2025-12-16,100940,30,0,158,53,74,7379 -3,19,64,-29,4226 -2,22,33,18,3049 -1,107,45,80,4918 -2,111,41,87,7248 2,119,11,77,7802 -1,57,39,-9,6990 0,44,142,-122,8411 -1,168,189,-189,12014 276,339,95,-67,40720 1,27,227,-101,37461 1,134,129,-103,29666 1,477,114,354,140673 1,352,22,39,139081 -1,60,616,-354,116921 1,244,191,137,103269 2,270,184,57,76909 6,29,318,-240,60807 -1,281,70,277,58777 0,205,108,13,50283 -2,206,186,-128,45610 0,191,151,-110,44617 -1,1,297,-134,60983 1,108,95,-28,39925 -3,553,5,519,52360 0,69,348,-269,45979 -1,66,163,61,41110 -1,184,33,131,33074 1,218,21,186,31768 0,63,120,54,26921
2025-12-17,101880,30,0,85,33,58,7026 4,42,51,42,5839 0,12,116,-81,6655 -3,67,0,40,5199 3,47,53,10,7243 1,41,46,-43,4629 -3,110,6,87,5236 0,37,61,-50,6224 1,15,361,-166,38878 -3,54,90,42,17533 1,155,75,35,22408 1,15,190,-169,23030 2,108,708,-496,166273 0,204,145,-16,112866 0,209,81,97,81303 -2,55,877,-751,135769 -1,53,385,-102,128334 -3,75,379,-141,96260 -2,0,270,-185,80759 -2,125,157,-76,75091 -1,309,63,163,60478 0,169,237,-137,55248 -2,280,20,148,43462 2,3,221,-139,38309 -2,28,289,-242,51783 1,80,70,-12,45069 0,84,48,-22,32826 -1,114,76,64,35717 2,111,63,-29,34170 1,104,43,17,25401
2025-12-18,100336,30,0,64,44,-30,5196 4,58,31,51,3978 1,46,65,-13,4706 -3,62,23,56,4403 -2,59,46,37,6921 0,9,67,-56,5594 3,51,20,8,6214 0,60,133,-44,10634 3,129,7,81,11338 19,606,0,523,63687 0,61,121,50,36040 -2,122,30,96,29047 -2,202,473,-360,166441 0,448,79,189,115854 1,406,247,348,117610 2,334,62,202,98710 -2,89,93,81,56066 -2,93,201,-164,58721 1,206,10,169,41910 2,60,577,-575,68440 1,52,270,-91,126704 0,530,59,395,83422 1,113,105,99,56086 0,94,58,37,35974 1,159,63,-41,41185 -1,61,393,-153,64111 1,73,230,-142,47802 -1,24,202,-42,47855 0,54,301,-37,60938 1,228,6,194,43181
2025-12-19,101493,30,0,37,62,34,4690 -1,5,242,-218,7632 -1,131,45,115,9642 4,33,64,-39,5306 0,42,131,-118,9862 0,110,17,56,7699 1,37,95,-30,9555 1,1,202,-81,14928 -4,59,27,41,9629 0,105,92,68,21917 -2,11,126,4,16404 0,211,23,125,45025 -1,846,22,748,180727 0,209,99,19,95839 6,20,359,-184,87515 -1,178,160,-143,79806 0,254,53,213,68383 1,136,41,60,45574 1,93,179,-165,48171 2,178,26,162,40993 0,154,18,134,32270 0,19,69,-6,26019 1,95,15,30,30512 0,33,54,-27,19283 0,20,121,-93,25797 -2,97,14,60,23914 1,69,9,48,16265 -1,47,25,12,16822 3,11,57,-34,17884 0,61,15,38,15067
2025-12-22,102855,30,0,8,25,-14,2643 -2,31,23,8,3396 0,31,16,19,3375 -3,11,45,-33,3956 -1,46,41,45,6044 0,49,45,36,7570 2,43,33,14,7460 -1,58,41,50,7796 2,50,28,18,7715 0,5,71,-15,9433 1,90,46,83,13779 1,78,35,58,16561 -1,58,438,-248,151147 -3,163,88,-45,87476 0,35,126,-76,69292 4,33,236,-59,78458 0,80,59,73,43558 0,124,17,81,37480 -1,2,93,-59,31899 1,86,5,-1,25764 1,53,11,6,18831 -1,19,56,-20,20290 -1,151,5,21,30789 2,14,108,-43,28205 0,46,24,18,17770 2,4,64,-36,19511 -1,68,32,60,17806 1,51,26,-19,20093 0,21,47,-44,13763 0,46,16,19,17293
2025-12-23,102824,30,0,21,26,1,2672 -1,18,34,-14,2367 2,4,67,-22,3595 -3,35,20,-5,3366 0,25,58,-33,5118 -1,0,91,-85,5860 2,57,21,31,6268 0,54,18,1,6880 -1,26,53,-8,6866 -8,36,246,-141,28246 1,25,99,-76,21970 0,134,28,114,16897 -1,428,25,358,114351 -1,38,425,-303,98039 0,120,111,63,67712 -1,183,5,156,46698 0,149,24,103,41516 0,79,40,22,30842 1,70,49,55,25158 1,76,6,67,28239 1,15,45,-35,14044 1,27,47,-27,17836 -1,46,34,36,17770 0,49,19,11,17092 -1,35,11,18,9724 0,46,25,41,13602 0,26,11,4,12142 1,17,19,12,9451 2,64,12,46,19579 0,15,31,-15,11828
2025-12-24,103174,24,0,14,13,-2,1363 1,27,11,24,2019 -2,12,42,-27,2762 0,9,28,-2,2013 -2,28,12,26,1849 1,89,6,32,5657 1,36,3,23,2938 0,35,45,-40,4221 1,46,2,36,3750 8,50,21,32,7887 1,42,47,-10,8249 0,12,113,-94,9744 2,127,56,-8,62137 1,120,22,115,30281 2,71,77,-30,41212 1,63,36,43,23430 -1,64,35,49,21284 1,69,3,58,20920 0,132,13,113,26453 0,8,39,-26,13957 -1,28,45,-2,15894 1,54,39,-1,16517 0,71,42,-24,17292 1,3,66,-27,2398
2025-12-26,103532,30,0,34,11,11,1775 -2,13,24,-6,1941 -2,16,15,-15,1711 1,15,52,-32,3098 1,38,27,4,3291 -1,57,6,41,2428 3,55,11,45,3377 2,4,37,-9,2832 3,33,20,1,4659 -1,117,4,18,10703 1,15,32,-14,8043 -1,65,8,17,11022 0,143,139,63,73338 2,1,301,-192,65724 1,75,134,61,56348 2,57,38,35,34828 -1,76,44,-6,28367 -3,17,132,-34,34438 3,34,23,-19,15383 -2,31,67,-56,19389 -1,73,57,71,21872 -2,9,79,-37,16196 1,50,47,17,14519 -1,19,82,-19,15989 0,61,5,58,13905 1,55,1,46,14289 2,7,74,-63,11560 0,27,28,15,11230 0,45,45,-33,14046 -1,8,37,-12,10012
2025-12-29,103038,30,0,15,38,-34,2895 -1,26,48,-5,4338 -3,5,51,-16,4091 1,123,1,86,5101 0,29,33,-4,5169 4,42,22,5,4214 -4,28,130,-86,8712 0,73,44,33,8848 -1,13,62,-20,8025 -2,6,279,-278,17390 0,97,71,31,24786 1,106,121,83,26538 0,447,171,160,127956 0,54,254,-251,83474 1,262,92,242,72497 0,113,149,-135,61759 0,47,148,-84,61804 5,103,31,51,36936 0,57,97,-11,37717 0,38,75,-67,24418 -1,24,147,-103,32967 0,116,16,97,24911 -1,94,1,36,25679 1,72,46,41,22962 -3,111,12,-7,23425 -2,18,63,-37,18783 1,91,17,81,16075 0,186,6,164,27185 0,92,10,2,27161 -1,57,11,-6,14860
2025-12-30,102954,30,0,13,35,-28,2982 1,5,85,-80,5292 -2,36,37,-20,4739 3,111,10,110,4825 1,22,23,8,4373 0,26,50,-34,4411 -1,36,65,5,6306 0,23,33,19,4584 2,42,16,-2,5917 -3,11,154,-134,13528 1,60,36,41,10943 -1,51,87,-70,15589 0,182,76,175,99397 1,153,84,-64,79497 1,6,149,-93,61296 -1,60,76,56,37331 1,217,18,161,53104 1,168,6,88,37016 0,12,171,-165,36239 2,10,97,-56,30915 1,19,80,9,23358 1,61,40,5,23747 0,40,63,33,20645 1,39,20,20,14776 1,28,72,1,19314 1,5,90,-45,16664 0,68,27,39,17128 -2,21,81,-75,14777 1,13,80,-63,17731 -1,67,76,15,22359
2025-12-31,102343,30,0,24,42,-35,3035 0,75,1,53,2698 2,34,36,20,3639 -1,48,10,40,3582 -1,44,31,22,6185 0,70,24,48,5502 -2,39,10,15,5216 -2,37,25,11,4464 -1,90,12,76,6366 0,151,26,138,12721 -1,148,9,87,19534 1,15,111,-99,14037 2,53,389,-299,98673 1,124,58,13,65306 -1,16,157,-21,59357 0,26,113,-60,32382 1,0,180,-103,43246 -2,145,21,139,28503 2,4,100,-73,25094 -1,118,35,-25,30202 0,84,16,61,21905 0,71,14,-10,19322 0,30,50,21,20316 0,60,22,54,17690 -1,100,26,73,22904 1,53,40,8,20862 0,5,174,-166,25711 0,14,187,-147,41874 -1,17,193,-167,39523 -2,39,123,-101,41376
2026-01-02,102866,30,0,79,35,75,5188 -1,36,32,-10,5438 0,22,75,-63,4464 0,51,0,44,3284 -2,9,138,-130,7877 -2,30,56,2,7906 1,43,29,17,6050 -1,38,23,2,5296 1,45,45,-9,6460 0,22,36,-29,6833 1,65,50,15,14430 0,15,126,-32,22216 2,354,195,273,154386 -1,195,240,-221,101248 1,28,970,-841,162764 0,457,85,161,113662 1,14,832,-665,131012 -3,175,276,56,114230 0,201,103,-67,79613 2,31,228,-59,63943 -1,239,4,166,42761 0,56,270,-223,38585 -2,90,78,-6,38161 1,136,92,11,32110 -1,80,198,-186,32427 2,306,84,289,49647 -2,248,35,213,43705 -1,184,5,95,40054 1,7,190,-85,33742 2,143,4,72,29211
2026-01-05,102178,30,0,53,41,41,5970 -2,37,43,-29,5387 -1,83,5,7,5874 -1,106,1,90,6321 0,64,37,0,8722 -1,33,53,-47,4491 3,51,60,-13,8169 0,42,44,-38,6503 -1,105,106,-35,12953 -1,118,0,108,12342 2,206,20,129,24707 0,198,7,183,24926 0,121,418,-187,190449 2,219,125,202,108686 1,146,93,103,80961 1,71,147,-65,62153 0,147,65,120,47853 1,37,78,-16,33925 -1,92,83,73,39291 1,25,211,-186,43391 -1,74,159,-105,43321 2,24,87,-10,34940 1,21,151,-95,29371 -1,22,184,11,46299 -1,81,65,49,29054 -1,4,64,-41,20053 -1,2,93,-88,18223 2,23,148,-36,35000 0,70,48,64,29042 0,59,8,30,24316
2026-01-06,102320,30,0,60,10,28,3740 2,56,15,56,3952 0,14,48,-35,3693 0,25,11,-3,2777 2,87,4,53,5863 -1,46,3,41,4639 0,96,17,96,8069 -1,53,36,-31,9623 2,40,50,-28,9245 -3,52,77,-59,9991 2,60,79,-40,21363 -1,159,5,144,18251 0,332,109,296,167230 0,252,13,112,108700 -1,164,46,138,80449 -1,4,243,-180,78531 -1,33,351,-211,104032 2,136,62,9,68248 1,97,93,51,58074 -1,104,87,75,48292 1,142,32,106,39647 1,202,4,84,46568 0,33,44,-2,25052 -1,101,5,16,24503 1,182,39,165,33793 0,41,28,-25,27119 0,79,3,56,19755 0,50,9,29,17738 1,4,60,-47,22127 0,102,2,22,19618
2026-01-07,102939,30,0,27,28,-11,4353 -2,36,5,14,3845 -2,62,11,29,4416 1,102,9,71,6678 1,61,10,49,6273 1,39,13,9,6725 -1,13,85,5,8393 -1,3,81,-60,7444 2,62,19,57,8470 1,73,38,30,17125 0,27,86,-55,16139 -2,91,23,88,18882 -1,331,79,268,133319 2,88,184,-8,100534 0,79,135,40,83833 1,158,229,127,114105 1,111,20,86,47732 0,41,162,-96,49105 -1,272,24,222,60790 0,150,21,128,42891 1,31,55,4,30663 1,54,39,-5,26968 -1,1,104,-84,38166 -2,4,144,-125,42907 -1,176,4,174,37547 0,21,182,-159,32617 0,7,180,-139,53139 2,87,31,58,30752 0,15,64,-50,23980 0,5,197,-165,54825
2026-01-08,102990,30,0,83,8,35,5276 -1,99,3,39,5388 -1,83,11,53,4662 -2,30,157,-4,11959 -1,32,122,-89,9180 2,90,7,77,6670 -2,3,81,-26,6381 -1,40,41,5,6141 4,164,6,138,13294 -2,61,70,-37,17387 0,58,52,41,15646 0,26,122,-76,18774 3,66,755,-546,199739 -4,135,317,119,163605 0,140,103,74,83905 1,33,289,-172,98435 0,130,177,-46,79279 1,108,115,-74,67027 -1,219,162,177,68149 2,22,145,-94,43738 -3,141,72,-33,39380 0,213,8,197,32902 2,69,162,-133,43188 0,65,134,21,44409 0,71,40,35,25266 0,14,170,-109,38519 1,32,172,-48,42860 -2,74,64,8,30834 0,66,50,40,31690 0,176,4,146,41119
2026-01-09,102921,30,0,19,35,11,3726 -2,13,45,-32,3964 -1,98,1,87,4500 0,84,8,29,7762 0,8,69,-37,6056 0,0,94,-72,5948 1,72,51,68,6802 -4,43,38,17,8373 0,17,81,-10,9528 0,248,115,193,33716 2,128,40,15,25728 2,25,387,-330,53490 0,306,265,-35,188409 -3,219,357,-250,151337 2,871,16,845,156982 1,98,374,-328,128188 -1,463,35,451,96406 0,66,106,-84,64242 0,142,76,130,55025 -1,119,1,95,45732 0,10,139,-27,36947 0,63,37,31,29275 1,59,128,-122,35197 -1,75,34,70,28838 1,206,6,170,40261 1,69,25,17,25139 1,46,21,13,17968 2,49,29,23,18552 1,44,64,21,27459 1,61,28,-13,23358
2026-01-12,102822,30,0,71,3,32,6077 -2,33,44,3,5490 -1,78,2,21,6087 -2,24,31,-5,3715 0,100,31,45,7264 1,53,17,4,6535 -2,76,3,68,8043 -1,64,73,-65,11758 -3,136,0,101,11185 -2,6,67,-44,8552 2,67,44,17,12415 -1,15,109,-4,20685 -1,587,8,501,153392 0,215,16,45,96007 0,204,44,158,72864 -1,4,232,-106,68666 -1,133,50,122,44082 1,138,0,65,52659 -1,49,83,2,40295 1,119,4,50,38042 -1,90,23,32,30894 -1,40,95,29,29185 0,90,42,67,29606 0,44,43,19,22577 0,10,54,-15,16997 -1,23,100,-35,25450 -1,101,9,73,22572 0,79,4,49,25018 0,48,25,-24,20598 0,23,65,-46,23434
2026-01-13,103523,30,0,61,3,6,3939 -1,54,27,47,4667 -2,6,52,-17,4099 0,2,73,-40,6808 3,105,16,87,7915 0,66,2,55,5694 0,16,24,-23,5256 0,25,87,-27,9439 -2,41,63,40,8361 -6,542,0,246,63367 0,30,111,-6,29325 1,118,91,-84,30025 1,371,78,99,171517 1,79,331,-248,139581 0,42,406,-283,134207 -2,157,144,-116,109443 1,375,11,351,91394 0,94,215,16,66190 -2,370,43,363,69401 -1,124,0,36,47470 -1,13,239,-148,54540 -1,49,210,-86,60886 1,10,377,-285,81482 0,149,37,0,47652 -1,122,59,-38,38061 -1,0,164,-154,50839 -1,185,15,163,53625 -1,29,88,-52,34868 0,131,43,21,38417 1,0,135,-125,30662
2026-01-14,103081,30,0,19,166,-165,16705 0,68,70,10,15171 -1,137,50,111,9781 3,37,68,-6,7258 -1,5,228,-79,15830 3,164,15,143,9777 -3,46,22,-6,6917 -2,51,58,16,8227 0,96,97,96,13442 0,31,270,-221,27980 -1,102,34,19,19305 0,94,61,-37,23913 0,205,504,-295,237769 2,13,535,-314,152472 1,426,105,98,145044 -2,87,530,-519,137484 -2,217,51,88,98358 0,341,60,296,73824 1,54,418,-405,87970 -1,108,148,95,89838 -1,21,269,-28,68314 0,61,189,-13,58643 -1,3,227,-37,60700 0,76,65,65,48183 0,42,303,-116,62618 3,231,7,118,66124 -1,107,46,62,38762 0,74,44,12,37250 1,308,218,213,100553 0,59,200,-23,63324
2026-01-15,103256,30,0,55,22,40,4354 2,56,50,25,6942 -1,70,1,12,7653 -1,69,13,48,5945 1,41,66,-35,7211 0,10,83,-25,10604 0,27,78,26,8174 0,118,13,104,15244 2,40,45,21,9635 0,179,61,158,24354 -1,52,69,0,19427 0,180,56,66,30181 2,117,288,-89,188855 2,60,264,-101,130574 -2,153,136,-59,96654 2,250,187,-158,111332 -2,373,79,322,105661 -1,113,81,6,57163 -1,93,99,73,42464 1,66,74,49,41683 1,1,235,-221,41803 1,56,84,-37,46209 -2,94,90,84,40775 2,30,94,18,29153 -2,58,62,-28,29238 1,17,273,-147,42069 -1,33,246,-212,53421 -1,21,187,-51,68432 0,49,223,-108,55926 0,42,278,-164,68918
2026-01-16,103350,30,0,108,2,86,7882 -2,18,47,1,5854 -1,60,9,37,5966 1,5,125,-112,7310 0,25,73,-5,9475 1,12,75,-21,6492 1,76,46,5,8736 -3,6,115,-80,13273 1,50,52,37,12047 -3,61,58,16,14837 -2,65,19,32,12743 0,173,20,133,34377 1,92,245,-189,137743 0,39,440,-263,143127 -1,15,369,-344,126094 -1,25,314,-155,121371 -1,262,83,255,91007 0,105,70,93,61156 0,146,12,78,50596 0,61,197,-117,55001 -1,48,47,-22,31884 -2,52,110,-77,39422 -1,85,109,81,41259 0,111,55,72,31803 0,52,36,-14,22925 2,127,38,95,29738 1,0,272,-238,45790 2,164,10,129,33291 2,60,43,11,29160 1,50,29,-23,23907
2026-01-19,101224,23,0,14,162,-97,9161 -4,44,66,-43,6623 1,181,23,173,8728 2,18,110,-100,6806 -3,26,69,-7,7520 -1,95,0,69,7389 2,179,38,107,13148 0,25,35,24,7672 1,29,214,-152,14383 2,124,36,96,9695 2,94,72,-39,18931 -2,29,129,-83,19804 0,20,227,-122,51857 1,324,14,247,42561 1,21,148,-25,35244 0,64,81,28,28777 4,128,102,120,27164 0,108,120,-79,29306 -2,189,8,153,20494 2,91,12,68,14332 -2,80,29,68,11173 2,36,62,-35,11009 -2,52,15,-8,3493
2026-01-20,100786,30,0,31,120,-21,12471 0,78,73,6,10660 -4,147,71,38,14646 -2,19,102,-26,10591 0,147,29,135,14274 1,108,63,24,20373 -3,201,24,188,17786 -4,14,171,-138,17926 -2,132,87,11,21983 2,15,265,-52,56225 -1,38,113,-1,28284 0,77,132,31,36623 4,457,42,220,194494 -2,286,147,-102,135188 -1,369,71,360,132526 -1,225,71,-40,115206 -1,220,152,164,105420 0,144,235,45,86758 3,103,247,-143,79771 2,180,134,-27,90363 1,61,145,-93,62823 -2,1,295,-280,78281 -1,171,54,37,56549 3,87,142,-123,40805 -3,38,181,-168,58270 -3,84,134,-28,67084 0,29,192,-143,51216 -2,75,132,-12,61917 -2,81,72,-63,42759 -2,114,104,-50,68926
2026-01-21,100710,30,0,44,24,15,5592 3,2,195,-125,9142 3,33,64,-37,8133 4,60,276,-216,17843 -1,22,252,-121,28393 -1,125,65,54,15458 -3,17,156,-54,17023 2,195,2,188,15923 1,31,135,-120,16431 0,17,142,-29,25382 -1,379,24,241,70942 0,515,79,275,92036 -2,191,272,158,181708 0,424,30,319,130303 2,284,93,253,127487 1,389,8,364,105530 -2,71,94,-62,81242 4,163,54,9,80053 1,9,758,-642,164509 1,34,425,-370,134651 1,103,252,1,133958 -2,52,147,-14,97262 1,234,204,-51,98096 0,244,22,183,76972 2,149,129,140,66578 2,99,154,-105,66183 1,848,48,738,84043 0,768,36,745,147927 -3,152,185,-72,99455 -1,51,448,-442,85774
2026-01-22,102752,30,0,43,20,15,4599 1,87,31,81,7771 -1,12,183,-123,12059 1,88,43,-8,10234 -1,21,81,-7,8841 -3,56,41,29,7153 -2,32,53,-15,8183 0,115,14,51,11046 2,58,62,41,10774 -2,125,99,89,28231 -3,62,80,-58,24750 2,113,17,79,26295 -1,10,692,-621,190681 0,221,159,-104,142864 4,243,48,172,125631 1,264,85,183,88665 2,19,150,6,87577 1,179,58,126,59369 0,86,68,60,43306 1,49,140,-20,54508 0,46,102,-11,40745 1,125,0,111,41731 0,54,89,26,38090 0,6,128,-66,33007 1,63,33,13,24189 0,10,139,-15,40694 1,69,30,46,24637 1,14,190,-170,37795 -1,58,142,-120,51088 -1,109,114,-110,44973
2026-01-23,102248,30,0,14,47,-24,5638 0,335,3,299,21640 0,63,57,58,10704 -1,53,95,-76,10698 -2,26,119,-29,13676 -2,27,83,-3,7893 1,50,134,48,12853 -2,28,52,-42,9180 2,53,186,-183,13153 1,130,6,53,18484 3,3,122,-33,22045 -1,135,79,113,26727 0,183,178,-58,158882 0,508,14,454,117888 -1,236,137,162,109730 2,271,8,254,69333 1,140,55,64,71002 -1,24,191,-140,53970 0,149,122,121,75378 1,15,223,-156,51375 1,101,30,63,36836 -1,7,365,-282,67566 1,83,182,77,79644 2,64,98,20,50756 0,39,156,-85,43356 -3,151,55,127,39093 0,49,85,-70,37061 0,54,105,-47,38844 -1,86,109,-105,34059 0,151,63,13,45581
2026-01-26,102603,30,0,94,12,23,7351 -1,32,47,-22,6030 -4,39,32,-4,4075 4,49,11,6,4122 0,248,3,212,10428 -1,43,86,-54,7539 -2,24,60,-43,6773 -3,81,9,70,8972 2,46,44,-33,9303 5,41,126,35,17475 1,156,9,124,19790 -1,82,61,78,21738 -1,346,177,229,150771 3,188,8,64,82206 3,254,81,91,98512 0,128,52,102,76214 0,109,20,72,59938 2,78,157,63,58265 1,89,73,-47,52235 0,153,14,82,34733 1,50,32,-11,27577 1,13,99,-83,34103 -1,46,73,-48,34925 -1,138,16,112,35531 0,102,88,-48,42067 0,61,18,46,25443 1,29,92,-28,25927 1,48,55,-35,26024 -1,19,80,-17,27887 1,4,82,-26,24461
2026-01-27,103990,30,0,28,23,18,4390 0,32,41,-5,7356 -2,31,30,19,4318 2,125,14,109,11419 3,40,93,-69,9879 -1,22,83,-79,8933 3,85,24,33,9971 -1,34,20,22,6202 1,30,39,-32,7210 -1,24,69,-64,11582 0,94,16,42,15663 0,34,72,-59,21851 2,119,262,-6,168577 1,361,6,339,126058 0,45,114,-95,70566 0,224,14,185,68192 -1,39,101,8,52315 1,65,13,-2,34491 2,37,55,9,33461 1,9,96,-69,31237 -1,53,101,29,44233 -1,37,53,-38,31227 0,13,146,-62,36599 -1,118,32,76,30117 1,70,2,49,20614 0,32,59,-42,22198 0,67,18,57,17294 1,26,61,-23,19718 0,46,15,27,18759 2,80,2,6,27927
2026-01-28,105179,30,0,87,10,40,6872 -1,65,37,26,6378 1,4,95,-8,5974 3,36,15,2,4794 2,63,28,7,8168 5,14,196,-146,18891 6,83,34,43,10159 -2,67,37,-12,9353 3,27,78,-32,10276 -4,20,91,-29,13142 1,61,87,-69,18054 2,32,81,-5,28068 1,208,159,-12,149369 3,160,81,-35,90403 0,48,140,-86,81183 -1,64,217,-133,82620 -1,36,112,-4,53418 0,51,146,-12,48480 -2,0,249,-219,55527 4,63,112,14,53545 3,124,69,-24,41891 1,51,69,24,32840 0,126,45,62,34193 0,89,50,47,24569 -1,26,60,-21,19743 -2,166,153,-24,48538 -1,94,118,-104,38667 -2,305,40,251,103849 1,104,125,58,62543 0,51,110,-100,40207
2026-01-29,104915,30,0,8,72,-50,5077 1,29,164,-75,11740 0,36,68,-15,7361 1,38,64,5,9095 1,100,19,94,7986 1,10,125,-83,6801 0,8,159,-106,10634 1,64,67,51,10353 1,1,139,-42,9904 0,116,65,72,14923 1,21,178,-121,20316 -1,16,124,-117,24868 -1,176,891,-588,234507 -1,10,931,-803,215763 -1,164,267,-197,191430 -1,72,573,-532,155151 0,70,266,-117,138259 1,563,83,445,140164 -1,220,70,134,103248 0,179,134,131,81091 -2,411,8,356,71632 0,158,204,-96,77964 0,134,264,47,97144 0,135,54,77,60051 0,176,105,96,61660 -1,42,199,-18,57000 3,129,26,50,38365 0,34,178,-156,48578 1,163,5,154,39608 -1,13,106,-100,30252
2026-01-30,102910,30,0,236,1,195,10962 1,110,78,45,9089 2,126,1,118,8095 -1,115,121,-84,12468 0,434,0,262,21964 2,89,35,14,10698 3,112,91,-63,12978 -2,111,117,50,14550 3,92,143,-90,13040 -8,99,251,-65,30107 -4,112,53,22,20536 -2,82,88,29,24977 0,420,85,230,180984 1,156,341,-14,148770 3,146,395,-380,128497 1,559,97,456,140139 -2,24,345,-326,107925 2,97,295,-113,105694 0,242,60,-4,94545 0,42,448,-392,98470 0,360,44,330,93226 0,54,321,-179,77592 0,56,288,-207,71851 0,13,468,-59,102108 0,48,283,26,80800 -2,417,25,322,91448 0,27,171,-164,60427 0,87,217,-207,88771 2,238,198,-107,75148 3,29,273,-173,72240
2026-02-02,101792,30,0,19,230,-170,11401 -6,100,32,93,8332 3,122,34,118,8885 -4,142,64,79,12088 2,27,122,-8,10422 0,160,38,139,12736 -1,72,40,-9,10430 -1,16,202,-104,16261 0,84,28,-17,12663 0,133,79,97,13818 1,183,10,93,18357 1,99,20,70,19422 1,840,8,811,172436 -1,366,123,349,132690 -1,322,65,136,105658 -1,167,85,-83,78902 0,115,166,12,79635 0,204,25,182,54937 1,33,229,-146,48648 1,257,31,243,49450 0,26,88,-11,35329 1,69,57,-3,29516 2,104,28,71,28563 1,14,144,-86,28660 0,104,19,80,26826 -1,70,30,31,26956 -1,10,80,-68,19405 1,1,132,-130,34053 1,87,274,6,76764 1,34,131,-109,42357
2026-02-03,103882,30,0,0,104,-62,7309 0,44,51,-49,6234 0,86,11,14,6268 -2,73,43,23,6868 -5,42,110,19,10386 0,136,11,125,9919 -2,39,17,24,8852 1,29,63,20,10307 0,26,94,-23,10208 1,32,81,-45,12385 0,0,108,-90,18085 1,16,125,-96,24715 2,72,851,-542,231369 0,2,1004,-780,200875 -1,32,534,-227,192710 -2,192,261,184,151726 -1,158,174,-151,118132 -1,142,243,-230,101438 0,150,73,58,76540 1,42,183,-70,66070 -2,35,370,-313,105758 0,28,283,-97,83229 0,148,103,26,78854 -2,0,341,-263,79393 -1,2,237,-177,68888 -2,15,273,-223,76659 -4,519,13,263,123998 -2,118,196,-178,92242 1,316,65,160,90565 2,210,86,158,71465
2026-02-04,101775,30,0,92,37,-6,9224 0,73,3,13,6476 0,69,38,13,6629 2,120,17,78,9896 2,87,125,-58,12244 -2,47,136,-93,9053 -2,71,133,-87,12159 -3,43,113,-100,12994 -1,105,53,42,13252 -6,101,180,-169,23093 1,84,99,-52,31973 1,209,14,194,31415 -2,6,620,-164,187169 -4,57,941,-414,210942 1,264,239,34,157955 0,91,515,-337,158832 -1,140,446,-391,136065 -1,304,96,260,135391 0,25,763,-711,112554 1,417,101,258,117336 0,100,576,-515,110669 1,232,370,-314,109971 -6,366,101,51,92771 -2,514,10,480,84511 1,10,355,-310,86662 0,379,122,167,85469 1,246,65,228,47704 -1,591,14,405,75564 1,219,54,75,52405 3,32,255,-98,54140
2026-02-05,100346,30,0,10,241,-175,10338 -4,42,122,-8,7074 0,102,72,-72,8947 1,44,124,-5,13604 1,142,80,34,12277 -4,78,594,-493,26620 -4,55,786,-686,54719 -1,422,1,406,40675 -1,23,212,-166,23383 1,306,124,19,37213 2,168,249,-21,50269 -2,33,267,-85,40188 1,684,477,621,208232 -4,144,1133,-998,182326 -4,105,496,-387,191318 3,489,105,39,110068 -2,271,128,-113,96008 -3,899,88,882,121122 2,178,200,5,89294 -1,303,153,-72,76847 2,404,163,297,62840 5,195,174,-115,57517 -2,109,201,-172,54142 -3,118,222,-133,47168 0,166,194,-152,45403 -1,264,131,240,53965 2,336,10,40,58574 0,0,339,-293,62661 3,425,82,400,55605 -1,64,647,-616,70429
2026-02-06,98877,30,0,192,32,175,9873 -1,271,1,170,16628 -2,114,5,30,10896 -4,201,8,111,15432 2,135,56,-26,15957 -2,5,195,-153,17959 1,117,80,16,16141 -2,5,150,-124,16120 0,326,38,211,19742 2,132,168,-19,23223 0,25,159,-43,24951 0,18,227,-178,26999 -1,760,238,686,196534 2,208,696,-569,150598 -3,509,188,460,171186 1,232,178,27,93475 -1,337,363,268,113299 2,233,18,112,72500 2,180,13,92,63609 1,103,205,70,53663 -1,111,98,91,45270 0,112,134,64,47969 -1,152,55,57,41372 0,76,105,-42,38374 1,72,38,53,26569 0,30,94,-48,23413 -1,68,103,57,27807 1,14,123,-22,25736 -4,22,172,-4,29713 0,121,26,49,29519
2026-02-09,100157,30,0,8,286,-100,25135 -1,164,5,126,16080 4,95,80,75,10775 -2,29,124,-60,9391 -4,154,137,143,16734 -2,62,89,30,12560 1,52,77,-27,11066 0,233,37,228,14821 2,59,113,-86,15411 0,11,129,-70,16928 0,2,150,-127,22369 3,37,138,-59,31248 0,523,409,454,162831 4,163,320,107,139105 -2,223,130,-64,93728 0,433,4,430,72337 -1,157,51,108,54768 1,163,27,156,44894 -1,139,64,114,43238 2,94,15,72,36840 0,56,97,-75,35421 1,68,56,-5,34250 0,1,156,-30,41917 1,24,257,-132,51041 -1,186,48,110,38106 4,105,32,22,29558 -1,190,1,168,30645 0,43,49,-14,23133 1,11,86,-38,23815 1,18,205,-167,34691
2026-02-10,101451,30,0,12,78,-2,7887 -1,51,103,-94,9518 -1,102,21,60,6735 -2,63,7,42,5294 2,133,3,61,8611 2,144,5,140,8739 2,27,244,-181,20454 -2,9,290,-256,23376 1,147,52,106,20374 -5,153,117,92,28416 2,122,21,118,20351 1,56,43,-32,22670 1,136,500,-391,196910 -1,669,20,628,150811 -1,48,315,-137,134569 2,150,75,-20,94118 -2,34,192,-178,89767 0,175,80,-4,85278 2,65,104,-54,76088 0,51,129,39,59587 0,155,7,82,47488 -1,117,58,55,36988 -1,68,124,-82,35533 0,12,287,-273,65000 0,64,84,-24,61571 0,148,41,27,56024 1,50,74,28,35883 0,53,102,-40,34759 -2,61,110,-79,35125 -2,27,103,-60,46049
2026-02-11,100766,30,0,16,93,-80,7649 0,247,21,206,11818 1,101,32,100,7328 -2,11,137,-88,10847 -1,151,80,144,14105 0,61,45,-35,9714 -1,28,87,-54,9329 1,67,66,14,8739 -3,114,66,-22,10079 19,619,65,603,58035 -1,239,93,102,46482 2,93,41,4,25064 -1,188,318,-68,190946 -1,55,663,-661,155448 0,48,712,-637,197163 1,511,37,268,153206 -1,509,43,168,147527 2,356,12,27,98712 1,253,73,43,82841 1,72,249,10,80722 0,361,67,331,80061 1,93,108,53,55080 0,88,291,-289,58756 1,196,121,182,67825 -1,90,88,89,49627 1,55,178,-67,53020 -1,316,28,268,46462 1,30,270,-118,50035 1,34,81,-63,33562 1,74,82,-77,32241
2026-02-12,101361,30,0,46,8,7,3927 -2,72,14,40,5820 1,77,17,60,4646 1,14,100,-43,4950 0,54,45,-12,7274 -1,56,40,46,5547 0,78,23,15,10661 -2,25,128,-87,11152 3,9,107,-15,12126 -3,311,39,220,31857 -2,50,98,-48,23333 0,4,155,-151,21990 -1,188,425,-383,188649 1,168,325,-227,170439 0,263,64,154,123612 -2,87,616,-540,140407 -1,96,617,-541,156351 2,29,604,-575,174918 1,404,54,212,159540 -2,129,158,81,94533 0,127,232,-82,93565 -1,279,34,74,82471 -1,93,353,-140,87256 5,61,204,-55,70045 5,284,73,164,65058 0,183,34,17,55886 1,159,170,-67,62963 -3,267,2,249,53541 -1,44,277,-263,57817 2,28,284,-252,59130
2026-02-13,99154,30,0,19,149,-123,8249 -1,1,281,-274,13553 0,30,153,-101,19603 -2,150,156,65,20195 -8,272,37,46,16558 1,143,74,71,14900 1,94,55,-50,11389 0,163,198,-192,23371 2,279,109,199,24796 25,485,23,344,70886 -3,128,272,-261,48917 0,132,29,76,38159 2,428,656,131,233852 1,128,383,111,162816 1,268,344,179,138444 0,323,513,-446,143734 1,605,30,561,117002 1,3,460,-105,104297 -6,243,158,119,77451 0,220,53,127,65036 -1,234,16,154,64934 3,174,31,113,52350 -1,2,312,-203,60736 -2,256,0,111,61018 0,162,60,23,49429 -2,8,159,-37,52586 1,70,156,-107,47839 -1,100,145,-32,56328 2,21,275,-155,59649 0,3,495,-451,72439
2026-02-16,99543,23,0,56,62,6,6394 3,13,150,-150,6362 -1,93,34,72,6552 -1,20,69,-14,4715 -2,45,63,-16,4570 0,84,46,78,5038 -5,4,106,-58,6072 1,30,42,-26,3713 -3,50,5,30,3974 -3,49,65,-43,6450 -4,11,142,-135,10468 2,1,260,-222,29831 -1,57,282,-143,57358 -1,283,0,229,45752 0,3,300,-297,42162 -2,51,126,22,42473 0,87,124,72,32170 0,85,144,-21,32749 0,59,228,-16,35730 1,72,42,-14,21199 -1,107,11,94,9880 0,87,0,62,13082 1,48,99,-53,6012
2026-02-17,98645,30,0,1,237,-198,11293 -3,51,88,-71,11013 4,99,89,98,12868 -1,45,74,3,9195 -2,189,39,179,11237 2,14,188,-179,12535 3,8,165,-128,14006 -2,70,171,-143,21126 -3,288,132,219,31384 14,11,129,-120,18930 1,497,6,305,61039 1,60,93,10,27579 1,627,212,11,195120 -1,69,800,-598,178960 2,516,144,60,151259 -5,244,307,177,127127 0,649,125,631,118425 -4,278,19,2,99103 0,208,138,6,84054 1,234,62,-2,58768 -2,112,237,109,66508 3,15,521,-368,75840 0,167,223,17,70714 2,465,80,395,71865 2,342,71,248,68125 0,170,35,69,54897 0,80,83,-47,43749 1,214,29,86,42302 2,5,219,-199,51590 0,41,171,-141,52343
2026-02-18,99732,30,0,28,64,-18,5938 1,5,90,-78,6028 0,68,51,-7,7685 2,35,76,-24,7745 -3,223,45,139,17934 0,105,146,-139,15429 1,8,230,-96,24310 0,88,38,23,13041 -1,76,64,47,12914 4,104,287,-279,30225 1,64,69,44,26461 1,44,120,-115,23040 0,284,227,-28,195253 2,987,13,875,157357 0,215,97,146,88828 -1,135,144,59,76974 2,174,84,55,64862 4,91,41,25,47813 2,99,31,-24,41715 2,160,123,72,67776 1,29,134,-68,40307 -1,53,79,-8,31320 1,159,2,19,35813 0,25,166,-117,39945 1,51,215,-137,59187 1,29,190,-66,57373 1,65,111,-85,48353 -1,35,314,-260,81833 -1,11,259,-150,71248 3,14,135,-55,51201
2026-02-19,99362,30,0,121,61,71,14709 2,25,90,19,10690 -2,82,23,43,10548 0,48,54,-22,6881 -1,52,216,-30,19172 1,147,54,77,13200 -1,65,57,39,10618 0,3,178,-161,12244 1,38,155,-81,17069 9,198,141,103,31976 -3,97,114,-93,22082 0,163,21,0,26554 3,197,286,-36,177716 -4,506,0,282,162742 -1,146,155,-142,122278 0,343,37,243,93845 1,57,271,-98,92646 1,265,91,-88,86514 3,187,225,-175,85956 1,167,116,-3,84644 0,300,28,121,64917 0,42,310,-252,64005 0,104,129,15,70323 -2,155,210,-48,76843 0,145,89,116,53903 -2,128,70,95,47846 1,36,185,-129,44453 0,67,229,-170,58377 6,214,20,101,52118 2,65,66,-21,41038
2026-02-20,99709,30,0,39,40,24,5562 -1,5,360,-251,18848 -1,63,57,35,10455 0,38,170,-159,10554 1,36,137,-37,17778 -2,82,123,-85,15596 0,47,71,-7,14812 -3,113,13,87,13700 -1,147,42,122,14861 4,10,548,-506,59667 0,207,5,94,29559 -1,12,237,-161,41817 0,971,153,725,172567 -1,744,203,338,192310 3,226,484,-32,150125 3,495,265,405,132843 2,255,82,118,93712 0,56,521,-513,104608 0,600,41,591,89013 -2,22,380,-363,67162 -1,4,617,-428,116257 0,336,57,305,88456 2,170,149,83,71432 -2,6,378,-233,65971 4,625,147,472,100164 -1,144,148,-9,49779 0,32,180,-115,39588 2,101,102,-58,31195 -1,154,91,109,35635 0,29,209,-179,27367
2026-02-23,99877,30,0,67,39,0,6332 0,31,39,-23,5279 -3,102,7,22,5896 0,5,176,-166,8613 -2,66,74,22,13637 1,1,123,-87,8999 1,64,107,-38,14812 2,147,60,115,14032 1,23,73,-14,11786 0,109,67,64,20770 -1,31,65,-23,16463 -1,184,13,180,23909 -2,235,495,-357,193404 -1,295,209,-140,147780 2,290,2,53,110306 1,120,231,-185,102050 1,57,613,-563,125840 2,383,67,372,103757 1,47,178,-111,71991 0,79,90,-33,55250 -1,80,66,6,36756 -3,16,259,-163,58074 0,307,6,291,48974 -2,187,52,147,45815 -1,38,139,-74,42296 2,15,288,-198,53663 0,48,136,-113,34912 0,63,124,-23,42058 -1,33,98,-71,38141 1,97,50,62,33861
2026-02-24,99363,30,0,26,67,-45,6296 1,95,15,4,6652 0,27,68,-34,6942 0,32,54,-26,6682 2,340,18,230,21143 1,39,160,-136,14797 2,26,176,-156,18827 0,145,21,137,16679 -2,94,59,90,13536 0,124,84,78,20765 0,56,83,-71,19023 1,22,251,-221,27539 1,638,443,555,224249 1,22,497,-175,155523 2,456,189,446,144846 -3,80,98,-9,94699 1,101,169,19,80694 -5,137,71,8,64679 0,14,182,-25,69838 -1,175,38,169,44433 1,101,30,39,49267 1,36,118,-12,34751 1,91,66,-23,33337 0,13,147,-133,35032 3,126,32,36,37658 2,59,37,-21,26748 0,6,143,-83,40197 -1,110,11,70,29442 1,120,68,-55,37960 -1,74,44,-30,32025
2026-02-25,100304,30,0,73,12,37,4326 2,1,74,-47,4632 1,43,17,24,3762 2,158,0,131,9350 2,71,5,29,9835 0,115,62,51,14006 -1,39,46,11,10026 -1,45,20,15,8796 -1,57,34,14,9747 2,12,80,-6,13407 1,117,21,97,22929 1,42,148,-27,32972 0,686,14,637,163983 0,166,56,-6,114390 -1,93,146,66,100866 -1,31,197,-128,77477 1,34,150,8,74887 0,4,91,-16,41870 0,124,27,93,46685 0,48,58,16,37890 1,54,33,-26,27297 -1,99,24,67,27474 0,74,4,37,24559 -1,35,42,-30,19577 1,59,22,53,15620 0,86,17,68,21535 -2,34,28,6,18190 1,32,25,5,16405 2,13,33,9,14486 -1,0,63,-32,19508
2026-02-26,101454,30,0,39,40,-3,5156 1,3,73,-34,6276 2,63,24,36,5332 -1,25,103,-9,6125 5,89,33,58,7068 -1,48,58,40,6203 -1,16,75,-29,7163 -2,18,73,-31,7181 -2,115,25,106,9978 2,71,53,54,16275 2,0,156,-152,20271 1,44,136,-128,25278 -3,3,529,-444,228725 -1,96,380,-337,178640 0,112,1043,-849,242368 -2,376,284,327,179243 0,107,137,34,112146 2,247,17,139,82209 2,48,336,-158,87620 0,41,261,-120,72312 -1,57,146,-86,46346 -1,162,207,-183,57787 -1,128,131,-67,56370 -1,126,55,62,48294 1,442,49,317,78935 -1,238,89,225,47103 1,123,63,-30,52562 2,179,37,147,38973 0,54,151,-144,47989 -1,16,102,-80,43538
2026-02-27,100067,30,0,114,25,-18,10583 -1,29,109,-65,9724 7,39,45,-25,8889 0,43,250,-173,17093 2,40,109,-27,19601 -1,212,26,131,13899 0,46,252,-238,19299 0,112,70,9,21787 1,85,173,-154,23923 29,22,362,-109,60000 1,81,110,-59,35729 0,65,193,-114,37406 1,491,144,442,205229 0,213,306,117,153087 -2,170,137,63,114656 0,186,172,45,94651 0,157,236,-125,98195 0,251,3,69,77860 1,166,150,-131,67343 6,398,5,364,71672 1,3,513,-302,80205 0,165,156,-106,74709 -2,118,42,-16,48145 -1,46,188,-42,52715 1,79,91,-27,47072 3,219,78,24,50928 -2,45,56,-21,35082 4,51,133,-87,37842 -2,158,13,121,33630 1,358,6,255,57463
2026-03-02,98630,30,0,110,19,21,11460 -5,51,99,-92,11148 4,128,19,67,10349 -1,293,5,264,16407 0,23,288,-260,20773 0,25,107,-92,16999 0,121,21,86,13409 -2,13,183,-51,22128 4,386,6,236,30253 -3,40,189,-151,23297 1,35,278,-96,35319 2,36,126,17,30684 -1,1011,157,987,183392 0,131,353,44,136447 2,180,184,-87,123366 0,307,156,175,111080 0,215,190,213,80449 -1,41,502,-442,78635 -1,691,24,598,99755 2,110,89,52,54425 -3,189,86,60,48143 2,60,74,20,40336 -2,105,39,-10,33617 -2,26,133,-42,35858 2,14,230,-148,44170 2,127,131,115,41609 2,242,8,202,57867 1,81,40,58,37681 1,11,421,-376,49164 1,81,215,-134,86424
2026-03-03,97743,30,0,193,172,82,38395 -2,90,215,-47,28666 3,169,301,43,37887 2,234,3,120,30494 3,259,66,247,27272 -2,217,47,95,35922 -3,145,82,103,25844 0,22,219,-217,26368 2,127,112,-54,28536 3,10,257,-217,44289 1,121,114,85,41516 -1,182,166,147,52402 3,505,173,-130,221390 1,258,163,3,173711 3,192,613,-578,157484 0,451,13,242,158325 -2,667,184,585,129461 0,307,87,214,91980 0,423,225,283,111340 -1,81,235,-202,72176 -3,296,72,264,60064 2,12,413,-68,64794 1,58,257,50,49202 -1,285,186,184,59204 1,353,21,245,69277 1,67,250,-236,52337 0,215,76,40,53099 0,364,200,266,78328 -2,53,237,-67,57325 -2,40,267,-102,46526
2026-03-04,99223,30,0,164,2,133,12418 -3,146,108,35,16737 2,188,27,66,15933 2,34,226,-199,16063 0,120,53,-20,15938 -3,83,324,-305,23605 -5,253,46,157,21552 -6,479,45,461,26594 3,171,88,-13,31017 -2,162,96,123,24486 -2,18,178,-152,27210 4,147,96,-88,29321 0,471,157,175,170585 -2,421,123,395,130870 1,588,150,577,138749 -1,35,408,-312,109614 -2,391,67,198,94669 1,44,236,-15,84916 -4,258,32,236,69687 0,43,122,-11,51488 -1,36,122,-112,37046 -1,161,113,107,51735 1,95,48,46,41256 2,21,127,-1,34422 0,167,6,132,42420 2,38,108,-7,33106 1,52,60,-39,27205 1,63,56,8,26957 -1,22,138,-112,26627 1,1,179,-70,45252
2026-03-05,100544,30,0,29,159,-144,12919 5,130,71,107,14826 1,81,59,29,9330 -2,68,123,-59,11971 3,32,171,-52,13073 -3,198,93,47,16034 0,23,228,-171,17121 -2,9,191,-177,24932 1,113,42,97,17658 0,56,256,-96,31365 1,77,217,-138,36317 2,46,144,-42,36325 0,576,10,403,168414 0,479,36,227,128546 2,145,618,-535,134153 -1,279,325,116,145474 1,224,174,-170,92791 0,66,234,-120,104515 -3,346,11,235,75859 2,384,70,72,68476 -1,45,476,-469,85554 3,66,484,-459,100055 2,254,115,229,82264 -8,79,351,-303,64495 -3,308,75,134,57044 -2,136,201,56,51245 1,165,102,-5,45303 0,138,184,106,44194 0,194,169,144,63697 3,369,13,210,66123
2026-03-06,99887,28,0,15,174,-164,14394 3,124,178,-82,23350 2,206,58,141,18191 3,16,356,-255,26319 -3,44,187,-111,31400 2,115,47,13,23124 0,8,215,-178,29032 0,192,19,154,23448 -2,98,64,54,17619 35,79,831,-725,87323 -3,55,319,-281,91531 2,256,36,247,48077 2,188,294,-40,203532 -1,319,173,306,78758 486,105,116,-94,68544 3,57,237,-24,100637 2,233,194,160,88281 2,143,230,-164,89365 -1,107,205,-123,69564 -2,53,275,-39,68756 -3,132,92,70,69308 -1,318,58,45,79245 0,123,100,53,61281 -1,11,214,-90,47151 -1,132,153,-7,53428 -1,84,166,-106,48324 -3,246,70,33,48164 0,28,627,-587,84230
2026-03-09,97636,30,0,344,116,125,36856 -1,1,280,-195,23810 3,96,93,-51,17316 -1,155,81,-34,18846 -2,173,101,91,16944 2,12,173,-129,15104 -1,251,26,62,18197 0,238,7,142,16016 0,193,46,163,18094 -3,22,365,-358,22746 1,199,55,122,24279 2,209,24,158,34655 -2,374,356,-282,150330 2,454,197,94,140137 -3,338,247,66,125250 -3,695,11,675,111708 -1,114,158,12,80272 0,309,20,281,72887 1,4,202,-60,65098 2,205,51,135,56588 0,264,113,114,59812 1,236,150,179,60195 2,8,283,-202,46895 3,53,322,-295,54303 -1,43,148,-49,56505 1,189,33,67,46345 1,264,17,132,48312 -2,233,10,177,40925 1,38,215,-134,37483 3,1193,8,1165,115259
2026-03-10,100432,30,0,79,68,-50,9811 1,88,168,-79,12726 1,24,125,13,12065 -2,53,235,-118,17866 5,229,87,-59,24026 1,27,166,-53,18810 2,15,260,-212,17412 4,83,283,-237,27251 -4,159,28,30,18353 2,274,107,258,26036 0,63,98,-31,27797 4,127,60,54,26054 4,358,128,218,170819 1,14,605,-577,134031 -2,493,36,408,122222 1,460,8,446,105446 1,266,27,62,76843 -1,185,53,50,60864 -1,116,136,-23,65608 2,103,231,-151,53296 0,246,22,126,61621 0,135,57,-10,46914 4,200,35,131,49866 2,218,66,195,57562 1,0,441,-201,86692 1,104,93,-63,43931 3,88,639,-319,140568 -2,170,171,-79,93880 2,159,156,-34,60927 -3,138,211,-202,72091
2026-03-11,99691,30,0,102,38,-27,9979 -1,189,82,187,13988 -2,97,51,59,10670 -1,194,24,149,13091 0,119,18,20,12226 3,78,195,-166,13848 0,67,162,-155,17020 -2,238,41,17,18952 0,222,17,194,12772 0,258,332,-234,36642 0,266,38,153,31495 0,259,44,255,28834 0,322,0,61,122203 -1,520,141,159,160061 0,91,444,-248,115197 0,119,277,92,102876 0,157,92,-41,75561 -2,76,428,-419,105071 -1,116,172,-92,87443 2,193,61,-23,64507 -1,186,32,182,55746 -1,221,10,86,58595 0,247,5,150,34806 4,37,166,-18,40515 1,36,535,-246,83195 3,152,122,-108,52087 -2,155,116,117,51603 2,68,74,-64,35172 -1,179,30,41,41729 1,12,119,-33,30708
2026-03-12,100276,30,0,220,0,172,212 -7,129,7,5,125 0,34,46,-37,71 30,113,43,15,132 -34,0,123,-103,61 -18,101,40,63,186 6,217,0,92,215 -38,4,330,-275,208 -20,101,0,86,85 5,0,157,-80,138 8,118,79,64,138 5,24,335,-254,382 37,202,436,-192,1558 0,114,426,-135,1262 9,175,360,-360,858 -7,407,176,14,1402 12,107,159,-79,619 -24,172,137,110,461 -8,356,177,186,792 -12,161,308,-239,556 -27,550,0,196,680 -1,282,81,64,347 30,213,161,-14,236 33,76,174,-88,256 18,145,148,-117,271 29,144,202,82,327 0,61,174,-72,146 8,29,178,-178,150 48,97,110,-3,337 -31,127,114,50,367
2026-03-13,98960,30,0,28,67,8,181 40,106,61,76,189 2,200,0,78,343 26,99,67,83,174 17,130,55,39,307 11,116,80,27,239 -1,99,25,63,184 -33,149,5,24,403 11,33,69,-16,153 48,316,83,117,648 9,11,153,-128,516 -25,141,36,-36,227 0,672,112,480,2437 -2,162,308,-282,1455 16,44,218,-65,1210 -11,229,508,-438,1828 46,91,460,-196,1766 1,171,255,-240,957 2,119,291,-112,1695 -6,109,183,61,799 20,68,212,-57,488 18,160,195,-83,588 24,155,192,-18,877 18,172,110,60,402 23,0,356,-340,586 -17,134,47,106,607 7,85,99,70,376 -29,259,5,252,743 -24,39,214,-146,392 -8,54,226,-173,637
2026-03-16,98898,30,0,14,138,-16,5382 5,73,93,67,4455 2,229,31,188,6068 4,95,75,71,6564 -5,97,38,-16,6857 -1,77,43,-32,4579 6,229,12,168,7605 -1,108,25,105,6034 -1,130,19,66,8988 12,91,12,35,12097 -1,33,112,-42,12300 1,25,65,-38,11061 -1,322,129,233,77560 0,140,130,104,52756 3,106,87,-84,43929 2,11,363,-305,61259 -1,232,90,161,42841 -1,220,104,142,31367 -3,93,13,55,21336 -1,3,265,-195,36638 1,64,245,-196,35588 1,234,62,178,32418 0,178,31,72,34700 -1,120,12,7,21845 3,63,149,-113,20156 -2,212,64,171,24072 -1,66,58,35,20322 -2,62,59,30,15539 0,249,151,237,25650 1,126,509,-409,59209
2026-03-17,99361,30,0,41,74,-7,7685 -1,30,85,-71,6510 1,27,109,-50,6094 -2,99,25,70,5911 2,95,55,74,6750 -3,68,100,12,8780 0,47,62,-33,9026 -2,169,101,160,12716 -3,153,32,130,14570 -2,124,4,54,19095 -2,177,29,177,17944 -5,244,12,142,29665 1,455,146,453,107106 -1,2,237,-199,72131 1,60,273,-7,93144 1,117,115,89,68754 3,18,264,-261,50194 0,142,47,-44,64401 0,91,232,-96,72161 1,116,159,-42,52901 2,202,16,145,45894 0,60,94,-3,38012 -1,105,67,74,30170 -1,5,110,-51,24596 0,76,89,-37,28316 -1,193,23,190,33811 2,13,219,-215,29354 0,32,46,14,25735 0,58,93,-23,28426 1,106,8,30,23252
2026-03-18,100742,30,0,23,37,-4,4481 -2,11,78,-21,5890 1,75,8,37,6250 0,32,59,-32,4551 1,2,135,-88,7901 1,74,219,-208,16713 0,172,37,127,17144 -2,7,331,-316,22576 1,20,240,-135,31446 -4,17,550,-514,56785 -2,95,130,9,53790 0,154,82,125,36664 0,280,101,152,125781 0,72,211,3,88964 -1,10,625,-583,94230 1,197,19,31,69080 -1,409,4,402,74326 0,5,279,-169,54289 -4,120,45,-17,43919 0,138,33,-30,39223 2,146,40,47,34362 0,31,226,-133,40321 -2,91,180,-165,36549 -1,95,66,77,27619 1,203,80,113,36615 -1,229,30,63,36667 -1,37,196,-76,42822 -1,33,279,-220,62641 1,7,256,-57,69374 1,0,310,-262,49900
2026-03-19,98065,30,0,393,20,383,28325 -4,157,53,-2,26559 -1,68,78,-15,13413 3,45,144,-95,12986 0,120,86,-28,15719 1,107,192,-123,15892 2,44,150,-133,17850 0,185,135,98,33243 -2,47,320,-240,25902 6,137,140,-83,40639 2,19,171,-147,40544 0,346,83,28,58115 -2,127,416,121,169749 0,287,40,106,116968 -2,246,309,-228,116630 -5,457,16,283,105110 -1,324,109,131,86802 2,136,338,-276,76941 -1,10,257,-120,81248 0,373,55,277,85457 1,10,264,-120,56887 1,132,123,-14,47507 0,0,345,-325,49506 2,309,36,254,52538 -2,81,153,-72,38275 -1,202,25,109,42477 2,249,5,42,39115 -2,16,194,-135,35547 -1,1023,70,836,120474 1,190,279,-187,99007
2026-03-20,98000,30,0,86,243,-233,23594 -3,36,414,-369,31685 -1,85,118,54,25623 1,273,7,209,21290 1,208,79,207,22281 -3,10,97,-51,15465 0,42,150,-104,16568 2,251,68,249,25342 -1,38,181,14,22007 -1,10,211,-82,24656 -2,149,13,10,27055 0,212,61,54,32376 0,13,434,-288,138016 -1,7,622,-489,152070 -1,68,209,-88,95081 -1,225,23,97,79472 -4,99,250,-134,89613 0,332,54,18,82533 0,169,41,116,51273 4,243,87,116,54436 2,138,92,-75,48538 2,2,260,-207,50688 2,180,118,66,61114 2,38,174,-148,39781 6,26,288,-238,58570 1,180,21,74,43927 -2,8,327,-194,60767 -2,30,269,-230,51630 0,120,65,-11,46765 -1,53,150,-107,49029
2026-03-23,95730,30,0,13,351,-242,19313 2,224,67,175,14928 -3,55,289,-252,15556 0,139,147,-88,15836 1,3625,15,3435,42817 -4,300,931,-692,69888 -4,720,392,-71,42403 -6,8,603,-70,41853 -10,188,319,91,28326 -5,362,176,325,43660 2,258,152,17,56587 -2,22,420,-351,41481 -6,343,242,330,138754 4,156,198,-26,106718 2,478,57,265,95393 2,71,234,-26,92023 -1,212,176,180,81320 0,54,313,-255,68644 1,77,515,-430,80778 -1,41,534,-271,101061 0,120,526,-474,69509 2,429,28,357,62456 0,71,266,-83,45002 4,8,306,-132,41725 1,470,4,224,55526 0,311,27,152,44780 -5,109,59,-7,33648 -2,365,0,307,50441 0,14,122,-46,24492 0,17,207,-147,31195
2026-03-24,97433,30,0,155,63,104,14527 -4,204,77,174,16214 3,23,174,-154,10683 4,163,86,-11,14255 6,138,55,95,11339 -4,52,178,-108,11806 0,125,77,60,13880 0,11,412,-232,26823 2,134,88,55,14118 2,13,366,-340,29696 2,144,267,-160,36029 -2,159,30,96,33555 1,246,461,-400,141237 1,497,84,479,121157 -1,26,398,-286,105569 3,277,86,60,89707 2,494,144,300,157679 0,359,88,185,82141 0,91,162,43,57834 1,110,346,-209,68051 2,183,102,123,48547 0,27,350,-162,53930 -1,87,428,-389,65220 1,53,113,22,52184 0,112,155,-73,42098 0,377,28,204,68108 2,169,94,110,40013 0,357,47,76,62454 1,132,85,82,41458 -1,81,137,-129,32693
2026-03-25,97795,30,0,74,146,-100,10395 -1,257,14,143,17210 2,54,73,-67,9399 2,54,68,21,11712 1,142,23,114,12349 1,92,61,39,11476 0,138,188,-94,22143 1,303,61,242,22273 -1,41,517,-374,45807 3,100,235,5,33103 -1,212,50,111,33017 2,63,144,-121,24259 -2,383,64,-48,131578 2,63,361,4,144752 -1,351,106,244,116251 -1,145,96,98,72751 -2,60,356,-337,68442 1,60,532,22,133606 1,76,333,-252,74617 0,122,130,-8,63891 1,312,84,207,57558 -3,154,73,31,47871 0,93,157,-153,48699 1,258,16,197,42921 1,249,86,12,50132 -1,106,128,-59,50747 2,135,33,-29,27674 1,40,108,-80,28669 0,14,324,-240,59916 1,236,36,84,39241
2026-03-26,96609,30,0,0,175,-64,21032 1,241,17,161,15752 -4,106,14,82,12218 0,25,191,-100,16121 3,69,48,48,12450 1,5,235,-162,13688 2,31,117,-111,14247 -3,77,139,36,22948 2,91,14,42,14928 -7,0,244,-130,28335 -1,140,29,91,23097 -3,146,35,133,26856 -2,156,360,39,148152 2,300,101,84,139020 -2,179,74,-60,79989 -1,218,312,-245,124933 3,79,313,-61,114119 -1,106,114,-41,54510 -3,171,135,51,63497 0,107,99,-48,44635 -1,22,336,-310,74442 1,33,160,-106,62118 0,149,41,34,41189 -1,2,229,-139,49953 0,74,228,-224,50870 1,8,190,-44,63884 -2,19,174,-156,43878 2,130,5,119,37978 -3,48,204,-166,48009 1,89,69,24,42974
2026-03-27,95159,30,0,95,195,-165,12695 3,73,109,11,12966 -4,2,117,-81,12375 1,45,241,-218,20726 1,11,268,-185,25063 0,104,41,92,15845 -2,108,59,95,13757 -3,53,247,-231,21995 1,156,34,124,16641 -1,22,210,-181,23900 0,122,83,-45,31840 2,267,72,245,38046 -2,41,490,-153,137870 -2,41,685,-525,124258 1,298,36,-28,99153 0,181,154,173,82527 0,135,141,-20,71920 2,207,231,162,88479 2,216,151,8,75291 0,74,220,-217,47757 1,55,127,-91,43018 1,121,154,105,50026 -1,79,252,-90,55199 -2,14,430,-422,49965 -2,118,78,-62,43103 -1,49,118,-107,38317 -1,162,39,102,48067 0,138,63,-52,40468 1,24,154,-121,38869 -2,167,37,47,40185
2026-03-30,93639,30,0,49,82,-53,10325 -2,79,18,65,7465 0,18,81,-27,6878 -3,5,124,-14,10437 -1,143,18,114,10906 0,602,35,232,30543 1,72,151,-80,21678 0,56,129,-43,15189 -4,216,7,179,16186 1,92,27,34,16173 -2,57,110,-85,21148 0,134,4,87,22538 -2,116,625,-602,138948 2,71,264,-44,108011 1,139,140,-93,91181 2,149,253,-73,96736 0,522,61,140,92266 -2,75,237,-47,67076 -2,327,65,286,59948 0,133,370,-309,65315 -2,96,200,-191,48197 0,160,36,74,39437 -1,72,139,-49,45855 0,19,359,-338,62479 0,228,112,54,63054 3,57,152,-111,40492 2,104,122,-115,38804 -1,159,50,-41,37632 0,7,281,-275,49510 0,13,207,-156,53517
2026-03-31,93294,30,0,51,85,18,11355 -4,32,133,-37,10694 -3,40,85,-7,7635 0,24,309,-247,16141 1,185,9,85,14099 1,499,23,292,36462 0,137,89,30,18068 -1,290,68,233,21173 0,10,409,-51,42835 2,139,41,4,24427 0,99,181,-64,25536 0,78,50,-19,22740 -3,602,9,600,138366 -3,203,135,-110,107711 2,299,32,257,100296 1,83,489,-478,101860 1,269,284,114,112689 1,329,35,61,88033 0,114,149,-72,69606 -1,236,153,197,66189 0,177,169,107,54779 0,1239,78,838,184787 1,411,201,58,122638 -1,412,30,123,85257 1,267,173,17,80800 2,81,251,41,55065 0,115,122,25,46681 0,158,87,99,48134 0,114,69,-23,38974 0,253,6,147,50075
2026-04-01,96117,30,0,186,2,183,10799 1,61,83,-78,15278 -3,127,19,48,10042 -1,263,13,262,12541 -4,78,84,58,12946 -2,83,24,21,12920 0,149,17,126,16560 2,92,44,-20,18460 -1,7,217,-131,18945 0,402,286,-238,47926 -6,76,189,-122,41246 0,194,15,141,42950 1,424,180,-53,160855 -2,415,36,342,119341 -1,201,116,110,95740 -5,232,219,194,125080 -1,214,82,190,78625 1,10,138,-130,52786 0,209,79,154,60557 2,151,29,140,44042 1,31,117,-78,42737 1,95,67,74,30696 3,100,38,58,30045 0,33,36,-30,20459 2,42,129,-110,33636 0,24,354,-284,61869 4,54,374,-322,78330 3,203,118,59,72508 1,133,87,97,45656 1,208,82,159,45275
2026-04-02,95402,30,0,1,129,-97,8346 -2,60,65,-38,10616 1,13,159,-143,12309 1,147,30,116,13021 3,45,174,-167,14513 2,15,190,-170,18378 0,95,106,-51,18235 -1,69,166,-126,23734 4,205,68,169,22331 1,119,58,105,23652 0,22,150,-90,33182 -1,153,85,135,34529 0,223,341,27,162667 3,699,41,641,155335 -2,302,71,49,112988 -4,1304,40,709,192370 1,334,141,173,103664 0,207,170,73,87955 3,123,190,-172,66644 -1,117,223,-85,70080 -1,46,236,-122,55913 0,363,70,222,64972 0,71,175,-55,39902 0,227,41,145,37332 0,20,373,-360,42732 -2,286,41,218,45910 2,57,118,-85,32926 1,169,27,143,33056 -1,98,28,77,30335 0,77,111,-63,35807
2026-04-03,96578,12,0,17,23,-2,1103 -1,7,36,-19,1690 0,21,53,-20,3480 4,39,31,26,3184 0,11,111,-76,3432 2,124,2,115,5892 -1,33,19,-7,3678 -1,122,13,48,5972 -1,85,133,52,9116 -42,306,141,-104,19524 1,3,129,-62,13444 0,50,38,39,1782
2026-04-06,97523,30,0,34,47,-33,5537 0,0,184,-70,12787 1,16,110,-47,6579 -1,52,317,-76,12664 0,33,119,-81,12012 -1,32,85,-8,10805 -2,55,37,8,8100 -3,57,35,9,7440 -3,53,64,28,9385 -2,111,43,26,16070 2,33,182,-65,19320 0,56,178,-148,26598 3,476,79,388,164119 0,364,366,-178,127712 -1,296,151,193,101494 0,97,413,-386,105837 1,275,3,224,70449 -1,3,230,-176,53942 1,133,115,111,49696 -2,104,94,-87,41439 2,145,17,102,29068 -4,141,42,106,31160 -1,19,323,-238,52293 1,139,305,110,75528 0,115,145,-99,46567 0,17,144,-28,38645 -1,361,6,269,61612 2,62,73,1,30937 0,60,25,-17,21998 -1,48,28,-8,18772
2026-04-07,97607,30,0,77,121,-74,14351 4,62,363,-99,16371 5,126,203,-47,36008 -3,15,449,-408,29296 3,9,244,-56,31684 -3,102,103,-32,20600 -1,20,187,-45,22125 -1,73,315,-136,27541 0,261,151,250,31569 2,32,237,-221,19657 1,376,36,173,42396 -1,78,138,54,35161 3,238,383,-308,150469 4,169,695,-593,158407 2,449,27,350,130852 1,153,194,-120,103415 4,27,549,-448,96439 -2,480,7,400,103528 1,107,98,40,59630 -1,646,79,277,98354 -1,328,12,177,70962 0,208,57,127,51355 2,65,125,-28,49712 -1,27,178,-105,39875 1,443,21,188,74589 1,76,143,-105,41077 1,66,92,-62,38724 1,35,207,-189,46874 -1,11,282,-177,70612 1,775,9,455,113171
2026-04-08,100864,30,0,22,128,-44,11999 1,65,51,24,10119 -3,44,101,40,9034 1,45,59,-45,8901 -1,49,109,-37,11504 1,134,82,105,14903 1,33,85,-19,13821 -2,143,66,48,19059 0,46,316,-177,40324 -2,125,50,42,26698 0,152,5,148,24901 -2,2,197,-145,34767 -1,210,439,-183,177616 1,1,445,-304,131452 3,59,117,-93,78528 -1,64,219,-97,105637 1,51,418,-163,119452 2,185,48,82,71126 0,282,26,271,67334 -1,151,19,64,53121 3,27,138,-3,53909 0,202,31,178,45929 3,70,74,-60,40506 1,33,212,-169,52451 -2,76,70,22,44304 3,169,50,159,32541 3,10,386,-300,78123 0,74,215,-209,46821 1,47,236,-98,60718 1,136,91,-80,52687
2026-04-09,100048,30,0,8,75,-19,6026 -1,76,24,28,7762 3,52,51,31,7339 -3,12,75,7,6739 0,1,182,-132,12054 -2,22,55,-23,6910 1,215,5,172,15994 1,76,22,73,8887 1,31,78,-48,11414 0,121,80,15,26485 1,47,63,-21,19986 3,202,14,187,19783 2,127,248,-22,130828 0,0,280,-238,111643 -2,133,207,-132,107393 -3,143,86,116,72091 -3,175,13,65,69220 -2,328,3,130,83339 0,480,39,374,128938 0,451,27,297,84177 1,68,89,-40,48956 0,16,220,-187,45092 0,265,0,221,44943 0,114,26,-5,39799 2,131,133,63,48409 -1,2,357,-222,58647 -3,39,144,-82,49268 -2,118,69,79,38701 1,155,82,151,39728 0,42,66,11,34912
2026-04-10,100952,30,0,22,67,15,8191 3,103,14,37,10511 1,118,34,75,7701 0,14,61,-8,7665 2,96,10,33,9510 1,86,31,53,7838 1,41,52,-32,7464 1,19,90,-22,10345 0,348,18,-12,13349 276,91,210,-99,25668 3,25,100,-20,17199 -2,30,84,1,21604 1,228,100,36,126783 -2,90,201,-147,85135 2,261,74,215,80580 2,142,142,-98,88618 0,184,25,154,61345 0,152,45,-30,66049 -1,39,249,-201,77593 -2,30,207,-144,69530 1,162,2,59,53368 1,31,217,-106,57815 -3,94,84,-22,44464 0,58,66,-39,33236 -2,101,40,84,31292 -1,86,55,-27,36835 1,138,12,80,35966 1,12,125,-83,28654 -1,132,12,111,24856 -1,113,7,82,32606
2026-04-13,100488,30,0,47,36,-32,5445 -2,38,23,25,4996 1,21,43,-5,4136 2,49,31,30,5479 0,274,15,136,16892 1,15,106,-92,11213 0,18,136,-104,16954 -1,0,154,-19,23014 -3,88,5,73,11255 1,201,17,170,21917 0,56,42,-21,20188 -1,225,12,214,27806 1,251,222,222,159216 1,247,169,154,131456 -1,1,258,-54,88438 1,93,88,13,61082 1,236,23,117,76347 2,86,76,-70,47102 1,171,55,32,50039 -1,100,151,-25,51230 0,331,34,284,57956 1,155,160,67,84807 1,133,59,13,46180 0,144,13,98,27446 -1,36,83,-78,25839 1,54,46,41,24353 -1,23,97,-83,22851 -2,164,8,144,26051 2,82,24,30,32340 0,75,48,64,25312
2026-04-14,102607,30,0,2,76,-66,6970 1,58,35,51,6744 0,30,43,1,6728 -1,4,105,-62,9844 3,26,55,7,7174 1,98,2,83,8390 1,21,26,4,7181 2,153,21,115,19401 1,92,118,57,15462 -28,88,111,-63,19663 -1,14,72,-24,13311 -1,43,130,-64,23237 1,430,2,362,146256 2,53,147,45,87570 0,192,65,179,89801 1,54,94,-9,67424 0,87,155,-113,68411 -1,293,7,246,69305 -2,204,5,188,52727 1,75,31,34,46661 0,168,18,152,42803 1,42,82,30,41206 0,19,118,-89,37193 3,185,1,117,37143 1,99,7,85,27910 1,18,66,-40,27066 -2,2,277,-178,60124 0,107,31,-11,40409 0,186,12,179,34846 1,152,10,144,38949
2026-04-15,103960,30,0,32,45,-36,5634 -1,69,31,62,6797 -3,7,218,-186,17105 1,148,59,121,15019 1,48,32,33,8477 -1,49,63,-32,10419 0,257,8,87,17512 -1,30,132,-71,15988 1,8,94,-34,10176 -4,133,17,97,11863 -5,21,70,-42,10485 0,158,5,145,20713 0,146,161,58,137919 1,192,62,117,93840 3,269,37,262,92952 0,126,106,119,79839 0,68,97,-44,64237 -2,201,16,161,52130 0,97,102,64,57226 4,58,91,43,40609 -1,134,37,-14,44924 3,16,367,-248,80861 1,106,207,75,72800 1,103,51,54,36320 0,130,40,28,39889 0,178,86,103,49579 2,147,25,107,37896 1,162,1,153,41852 0,153,1,141,44330 -1,69,74,62,35381
2026-04-16,105787,30,0,34,54,-17,4348 -2,96,2,83,4977 -1,1,133,-118,6164 -2,1,273,-194,19510 -3,163,24,132,11886 -1,26,133,-76,10050 -3,99,1,51,9855 -2,90,35,49,11426 0,24,54,21,6867 -3,35,84,-69,13193 -1,81,63,71,17115 -1,81,110,57,24407 -2,58,374,-225,155569 2,0,430,-148,155354 1,205,143,22,126214 1,262,21,259,91106 1,204,203,189,92322 2,158,31,-29,83654 1,335,24,103,89828 -2,256,7,223,53498 0,95,97,-86,47501 2,19,351,-51,87698 2,53,248,-150,56917 -1,83,148,33,58601 -1,135,51,118,42428 0,1,449,-389,70672 -2,79,211,-137,63950 -1,317,5,250,54671 1,123,73,19,49421 2,75,32,16,27641
2026-04-17,106110,30,0,4,78,-16,6109 0,87,22,77,9034 -1,15,89,-75,7070 0,7,79,-18,7302 3,64,12,50,7872 2,64,13,43,7971 0,56,13,44,9626 -1,155,0,130,17370 -3,164,65,135,27535 1,397,69,389,51532 -1,264,80,247,76046 2,132,384,-350,77912 3,112,253,24,183828 2,270,110,260,120291 0,46,261,-98,95528 1,459,1,443,99544 1,20,196,-29,84744 -2,44,147,-4,65064 0,140,104,-52,75067 0,133,149,44,63568 -2,79,66,65,40940 3,105,2,57,43443 1,24,231,-96,45958 0,4,445,-302,95379 0,228,49,186,60626 0,36,183,-173,44534 0,145,79,39,63702 -2,120,0,61,36590 3,5,138,-100,36821 1,82,71,12,33852
2026-04-20,106791,30,0,60,12,17,4301 4,85,47,80,5694 -2,37,66,-48,8003 -1,7,69,-59,4554 1,47,62,30,8082 0,23,69,-62,6459 1,139,20,115,11804 0,39,65,-37,10980 -1,81,21,37,8600 3,169,29,155,15367 0,188,68,55,30166 0,117,26,106,27409 0,119,321,-259,138189 -2,293,19,138,105819 -2,72,193,-140,95730 -1,48,182,-60,97661 -2,27,581,-446,144338 0,431,36,388,100126 2,0,226,-182,61129 -1,84,82,44,44750 3,87,63,35,41200 1,98,37,36,36444 -1,36,96,22,34420 0,109,30,30,31895 1,101,51,94,38145 0,46,77,27,30884 0,63,128,23,42468 1,21,94,6,31689 -1,54,33,-2,27334 2,31,67,-29,19405
2026-04-21,107289,30,0,45,7,43,3801 1,109,8,87,9797 3,4,56,-36,4626 -2,79,5,76,6519 1,72,105,-12,15512 1,52,56,51,11059 1,105,6,61,13457 2,6,122,-47,10844 -3,1,204,-77,18627 3,51,176,-156,31026 2,42,83,-72,19349 2,60,24,14,22314 1,119,328,-149,144441 1,397,65,360,112914 -1,96,184,-78,102965 1,65,237,-185,96868 0,52,533,-199,162969 0,162,158,-90,113999 1,154,126,74,88676 -1,165,109,55,73792 -1,7,216,-202,52151 -1,169,134,32,56583 -2,10,307,-162,79399 1,4,287,-150,80094 2,524,10,310,100678 -2,75,137,5,50751 0,76,219,-138,50683 2,115,42,-34,31110 1,314,23,286,65831 0,152,141,139,61047
2026-04-22,107428,30,0,23,42,-23,5043 -2,9,172,-129,13089 -2,75,52,58,7990 -2,69,37,-19,6589 -1,31,49,-16,6167 4,27,52,-33,6099 -1,69,38,57,10059 -3,173,0,155,13684 -2,133,20,3,25153 -2,44,189,-172,25090 0,198,35,60,26712 -2,195,61,172,40483 -3,45,273,-173,120193 1,277,122,204,114672 4,406,9,398,98729 0,68,181,-46,99470 -1,48,151,-35,82143 1,159,29,85,56897 -1,61,110,23,51636 0,31,118,-4,46253 0,29,101,-84,35953 0,68,62,26,43754 -4,103,87,102,45995 -1,180,4,93,60959 1,76,31,47,35990 -1,34,62,-56,21907 -2,41,134,-107,37761 3,149,11,127,30824 0,38,214,-27,50146 -2,145,37,84,40445
2026-04-23,107770,30,0,77,9,36,8300 1,2,105,-102,8174 2,107,42,58,8615 0,157,17,36,12665 3,163,19,147,12644 2,27,135,-84,11224 3,274,104,180,28213 1,250,12,221,29173 0,46,192,-143,20287 2,65,305,-138,34128 1,119,13,100,20095 2,14,201,-38,27593 0,350,204,260,128876 4,4,460,-217,120706 0,21,195,-43,85742 -3,179,43,128,88546 0,282,34,273,75531 0,136,29,62,60218 2,98,199,-160,72537 2,37,214,-168,74999 1,222,3,154,49314 0,120,21,32,39758 -2,48,585,-568,94271 1,52,378,-335,149709 0,317,763,-493,162222 -2,795,153,652,122095 -4,159,59,116,58127 -1,179,99,-97,54895 1,51,288,-93,60451 2,140,46,97,32757
2026-04-24,108379,30,0,103,24,74,5629 5,61,61,38,7900 1,254,12,236,14062 0,43,55,-34,11136 2,466,21,380,29669 -1,331,21,325,46606 -1,60,284,-270,27793 0,48,71,1,19400 -1,116,84,31,27930 4,12,322,-274,30441 1,114,85,76,27256 1,99,153,-135,32446 3,200,133,119,139515 0,59,440,-44,145567 -1,155,171,-109,107149 -1,314,138,240,101784 0,182,58,143,74725 0,141,22,114,66269 1,369,75,186,107977 2,156,54,-13,69050 1,157,27,118,41884 1,130,88,-31,49344 -1,126,8,69,38806 -2,52,165,-100,39199 -1,165,43,132,40610 0,187,40,17,46311 1,22,147,-131,37050 0,136,12,48,33024 0,133,31,129,26712 1,88,54,-36,35276
2026-04-27,109804,30,0,34,17,17,4888 0,46,45,-22,6240 0,62,38,14,5558 3,110,10,69,7181 0,70,12,63,6133 0,47,37,23,8489 -2,34,55,-24,7099 0,13,112,-95,9103 2,65,260,-175,22109 0,53,117,43,24156 -3,34,182,-68,34074 -2,58,75,-4,23068 -3,79,342,-238,159464 2,250,212,65,141047 -1,109,72,-29,82935 1,186,153,50,98858 0,70,163,-64,72283 0,33,197,-47,61956 0,154,37,77,51556 1,53,69,31,43684 2,69,28,16,34779 -1,122,2,110,32492 1,4,103,0,28859 0,69,95,28,49527 1,109,3,96,40086 0,19,76,-8,26880 -2,16,44,-18,19769 -1,26,131,-88,29020 -1,30,64,-27,27252 1,122,22,97,29499
2026-04-28,109257,30,0,12,224,-211,19179 -1,159,22,31,14260 4,57,74,-1,12216 -1,40,125,-66,11802 -3,70,211,-205,16850 2,28,247,-190,28894 1,7,236,-205,36998 0,60,98,-89,33480 -1,178,142,-105,51484 5,282,78,253,35877 -3,192,1,57,42184 -1,197,79,119,41052 -2,358,368,267,184303 2,32,353,-24,124205 2,2,299,-218,100302 2,50,514,-432,149210 -2,238,200,-30,145082 1,195,72,-27,78775 -1,51,160,-88,68616 -2,251,17,187,53594 0,75,68,0,39419 2,30,180,-47,46200 3,157,84,39,53378 -2,93,84,54,33451 0,197,2,149,39655 0,112,30,59,35149 1,194,32,163,44325 0,28,99,18,31003 1,170,27,131,36421 -1,47,159,-104,37106
2026-04-29,108998,30,0,66,70,-25,7988 -1,21,126,-22,8971 0,201,19,177,9668 1,25,98,-62,8597 1,40,52,-13,9403 -2,67,25,-10,7491 -2,102,102,-70,13898 2,76,52,-10,9270 -1,45,88,-32,12667 -2,66,159,-19,23062 1,91,37,61,15301 2,28,177,-145,27957 0,47,330,-104,133125 -1,227,14,33,99479 0,353,41,321,76835 -2,189,81,79,83484 0,89,155,-152,51285 0,147,121,101,72556 -1,93,48,38,49620 3,27,350,-114,85807 1,65,231,-220,42621 -1,35,196,8,58858 -1,74,135,10,38282 0,93,62,30,33685 0,137,34,91,29150 1,125,255,-235,38181 -1,244,79,124,38793 0,225,143,122,56187 1,272,1,171,55633 1,223,30,112,46990
2026-04-30,109572,30,0,199,86,-36,19855 6,51,117,39,13276 -4,117,93,95,12180 -2,63,181,-140,21738 3,223,108,116,17020 0,313,12,305,19719 2,21,183,-113,20446 0,24,107,12,15100 2,302,20,301,23811 -6,42,263,-145,29015 0,156,4,114,22341 -1,0,178,-168,25682 1,10,868,-655,204990 0,73,496,-388,163752 1,186,259,3,132453 0,284,228,221,117251 -1,493,40,483,94401 -1,58,125,3,62986 -1,124,294,-126,76305 2,195,61,76,63194 -2,172,20,92,42267 2,35,142,-73,35896 -1,138,194,133,55571 1,130,22,127,41820 -2,244,1,198,50239 2,300,16,206,51907 0,91,44,-2,35349 -1,118,7,43,29746 1,62,125,24,41562 2,111,2,46,32737
2026-05-01,110247,30,0,33,23,12,4672 -2,49,17,-15,5216 2,81,13,13,5874 2,19,119,-36,9448 0,75,36,-20,9679 -2,57,41,-14,10014 1,56,41,37,9018 0,73,19,-12,10371 2,287,27,236,29763 0,9,190,-128,20001 2,137,32,105,16903 2,120,55,99,27222 -1,650,70,598,160797 0,472,90,387,132032 2,116,82,-33,75482 1,7,479,-180,137144 -1,75,227,-98,90531 -1,276,52,247,66774 -1,209,32,189,51707 1,29,333,-245,68511 1,112,124,-65,67050 0,61,113,-51,49896 -1,144,38,101,34976 -2,175,8,164,31934 -1,19,84,-3,23787 4,53,116,-25,35332 0,4,176,-47,37236 1,5,292,-228,45309 1,174,52,169,35615 -1,187,23,170,35711
2026-05-04,111647,30,0,43,21,13,5529 0,40,1002,-861,41446 1,269,196,213,45663 1,406,43,308,29277 2,59,144,-24,17501 0,82,44,-19,10514 -4,50,165,-69,17553 -4,230,11,200,14163 2,121,75,49,18640 0,52,90,-19,12642 -2,38,286,25,38530 0,76,95,-41,22464 -2,166,183,58,118308 0,126,156,-51,93981 0,230,20,62,79860 0,279,29,236,72304 1,41,334,-194,95531 1,34,681,-426,141617 1,30,315,-184,104605 -3,167,460,-253,104659 -1,326,145,191,97244 3,127,96,21,53349 -3,147,125,115,47779 -1,230,76,184,53238 3,15,165,-73,34791 0,170,11,85,33027 0,27,260,-104,44402 2,21,212,-101,39166 -1,172,79,101,51088 0,66,89,27,30479
2026-05-05,111718,30,0,107,5,52,8581 4,1,78,-76,5109 0,83,9,59,5107 1,88,46,-15,10382 1,14,120,-81,11013 0,88,64,48,11199 0,77,3,70,8141 -3,113,64,71,13009 -1,179,10,108,21201 3,20,79,-59,9857 2,121,15,85,13287 3,16,96,-36,18715 -2,459,70,348,133966 -2,150,65,105,88080 -1,138,273,76,138314 1,81,193,-78,77956 0,127,84,56,59218 0,102,4,61,38910 0,82,76,46,42410 0,24,83,3,32562 0,53,203,-106,45833 2,53,92,25,45865 2,54,44,-24,30262 0,115,35,113,29624 -1,41,38,31,25467 0,108,13,75,31762 -1,73,8,26,24207 0,19,28,-11,15052 -1,18,80,10,30008 0,46,64,-43,29574
2026-05-06,113862,30,0,175,32,105,17270 -1,188,39,83,18664 2,178,27,164,15954 1,183,11,79,25243 -3,220,26,192,31784 1,54,153,-100,23794 3,47,275,-255,30417 0,100,257,-165,32349 0,91,264,18,32796 -1,34,218,-192,24866 -3,75,223,-170,38739 1,126,133,-63,39229 -1,446,211,319,163462 -1,149,336,32,138511 1,90,289,-236,110654 2,488,1,470,92453 1,89,57,11,56721 0,174,83,155,53693 0,35,192,-77,63671 3,83,45,58,33813 2,107,40,-2,37198 2,43,156,-106,36277 -2,90,140,60,48519 0,118,0,85,30536 -1,109,6,39,32299 -2,104,19,98,24740 1,92,31,68,33147 1,126,37,15,36747 2,121,23,98,31100 1,145,9,123,35368
2026-05-07,114989,30,0,62,34,45,6545 4,7,210,-200,10938 -1,91,66,55,10832 -1,80,26,62,7637 0,52,57,14,10131 -1,5,125,-112,10933 2,104,36,11,10361 4,83,16,73,9194 0,43,71,16,12697 3,77,46,71,12516 -1,5,126,-97,16394 -1,124,26,67,20745 -1,129,169,-76,153837 2,434,27,402,127394 4,257,73,161,105027 2,178,55,32,83417 2,250,143,0,91836 2,28,237,-116,90072 1,170,29,-18,69251 1,4,525,-415,121750 2,7,440,-23,139330 -2,142,150,-109,80055 0,38,197,-116,76732 -2,60,521,-302,138100 1,320,73,75,84884 -1,358,83,169,81096 -1,152,106,-58,59283 -1,148,281,-217,75084 -1,213,70,101,62223 -1,154,152,-54,63399
2026-05-08,115555,30,0,0,196,-172,9438 0,77,55,46,8733 0,90,19,48,6057 1,81,17,13,6884 3,48,133,22,11741 -2,68,46,56,7935 2,74,20,67,7874 0,21,81,-55,8720 2,32,78,11,10413 19,291,216,112,40333 -1,27,207,-142,34516 -2,12,134,-72,31374 1,782,58,752,161514 2,266,99,169,108030 -2,232,129,12,98539 0,182,153,145,91663 -2,172,57,59,64021 -2,101,144,90,64920 0,149,121,85,75589 3,24,82,-25,41262 2,179,23,166,39210 1,8,186,-13,49849 2,228,65,217,60430 0,91,55,49,42095 0,61,146,-138,46354 2,134,65,7,55724 1,86,37,53,27145 -2,27,103,-71,27505 0,132,126,105,52142 -3,64,131,-126,35363
2026-05-11,117281,30,0,184,4,133,10288 0,3,182,-139,8720 0,29,86,-23,6383 2,7,101,-43,7337 -2,148,15,144,9925 -1,159,51,138,12035 2,62,165,-126,13994 2,46,161,-146,16726 3,45,114,5,20128 -2,29,192,-105,26147 0,111,13,77,19590 2,61,77,19,22603 -1,529,99,243,198209 -2,97,259,44,119175 0,169,388,-361,103710 -2,389,154,381,125737 -1,126,46,108,72895 0,88,198,77,65131 2,81,87,52,64147 -2,161,36,149,51079 2,12,125,-51,38634 -1,52,387,-215,68787 0,88,61,33,38896 -1,90,167,73,47859 -2,162,6,89,38896 0,63,77,60,33992 1,5,102,-7,27761 0,0,164,-131,34758 1,49,256,-61,61464 0,40,213,-170,49200
2026-05-12,116831,30,0,153,0,62,11344 -2,47,47,31,5918 1,70,60,-22,6963 -1,12,158,-110,9287 -1,79,207,-77,17837 -2,86,180,-56,17552 -2,87,38,55,9988 1,15,223,-174,13030 -2,142,25,57,13880 7,322,143,240,44449 0,113,18,30,26538 0,40,125,-17,30663 2,332,276,29,201477 -2,128,526,-332,194930 3,360,225,-207,140540 0,168,318,-176,148585 -6,139,291,-84,110255 -1,23,651,-571,111331 0,277,27,133,78983 -3,42,391,-163,80513 -1,189,159,-110,58918 0,25,336,-265,69773 0,261,130,159,65572 1,465,20,298,70088 2,158,49,21,48606 0,195,58,93,49282 1,340,21,293,56303 -1,68,170,-67,47051 4,129,99,71,44646 0,286,8,219,50961
2026-05-13,117549,30,0,125,45,81,9846 1,74,20,32,6950 -2,24,138,-115,10903 3,38,79,12,9422 -2,20,132,-86,10349 -1,33,81,-33,10773 3,91,26,20,11173 -1,148,40,49,14164 -2,4,271,-78,21528 13,2,643,-477,64846 2,210,74,145,36781 0,106,8,36,26617 -3,11,845,-603,225315 -1,361,160,36,163177 -2,486,50,372,112018 -2,175,99,136,91966 -3,319,52,248,78857 1,40,202,-82,61563 2,288,112,161,66564 0,63,221,62,64099 0,306,16,277,68890 -4,48,87,-31,44255 2,255,54,191,56349 0,79,54,42,35129 1,20,89,-37,29840 -1,52,144,42,40782 -1,309,6,249,54979 -2,24,185,-149,44668 -1,33,183,21,52010 -2,94,72,36,41104
2026-05-14,118143,30,0,39,219,11,17212 -1,111,36,80,8590 -1,144,93,-40,20123 1,28,134,-42,8416 2,152,26,146,12108 3,7,271,-204,12973 -3,166,1,161,8420 -1,6,114,-15,11878 3,58,46,4,12359 3,11,254,-154,21442 2,7,268,-254,33738 0,142,51,59,36231 2,817,89,759,194401 1,74,561,-462,174804 -4,469,51,293,127016 -3,341,57,338,94890 -1,93,170,47,87360 -2,225,43,154,70072 2,53,116,-44,53872 0,137,22,78,43700 2,72,204,-155,64068 1,65,141,19,74704 0,94,182,-176,58993 1,72,372,-160,113558 -1,332,45,315,67591 -3,106,345,-262,73333 -1,192,62,54,59162 -1,99,72,44,39192 2,188,4,146,46491 -1,50,114,-88,40692
2026-05-15,117012,30,0,41,285,-176,20295 -2,239,125,182,24992 2,230,11,77,20043 0,263,116,190,27565 0,192,78,-46,29819 -2,90,74,-13,16994 0,49,160,-61,19623 0,87,343,-262,30580 3,68,214,-109,38261 -3,7,229,-177,36628 0,199,5,69,34647 2,465,41,426,48009 1,54,755,-237,230322 3,273,354,-30,181804 2,679,74,318,167835 0,275,48,-7,119336 -1,153,201,113,117695 0,180,216,62,89917 0,185,296,-258,95068 0,171,232,110,88063 2,156,186,142,55980 -1,78,66,2,42914 0,89,218,69,53989 0,317,40,271,53437 -2,115,52,-3,46808 -2,282,0,213,46961 -3,68,374,-337,67257 1,23,275,-50,66545 -2,140,193,-160,51072 -3,7,196,-162,57365
2026-05-18,116811,30,0,44,50,-10,8003 1,17,335,-330,16480 3,128,4,65,9403 4,34,222,26,14001 1,0,327,-310,10952 -3,263,58,102,16222 1,742,11,427,41126 0,155,162,108,19904 1,57,152,-90,15298 0,791,58,750,48453 0,122,141,-49,51280 -2,54,169,-152,27932 0,74,816,-717,189640 -5,603,159,371,170822 -1,193,450,-388,122671 1,89,731,-544,163836 -1,435,56,4,108694 1,277,252,-233,94066 -1,425,75,201,93602 3,140,238,-70,70324 2,319,541,-462,95011 -3,333,140,214,74012 0,456,21,337,76633 0,90,202,-25,46365 1,82,209,-111,50247 -2,166,198,-177,52867 2,42,413,-182,77460 1,93,270,-230,58141 -4,945,79,533,107057 0,110,347,-177,58976
2026-05-19,115613,30,0,55,262,-127,21151 8,229,6,87,13995 3,68,84,32,11596 0,108,259,-98,24516 -1,287,13,240,18946 -2,3,179,-109,13957 4,121,133,-92,13981 3,28,232,-96,20869 -4,98,94,4,17467 0,286,29,275,24366 -2,20,399,-310,30314 -2,92,217,-28,48981 3,871,26,375,231567 1,335,703,-610,166719 2,154,517,-320,175130 -2,358,147,-10,146326 -3,490,55,338,114849 -2,268,262,-85,105773 -3,430,55,332,97212 2,108,299,-185,79577 2,459,69,410,82001 -1,340,38,282,74731 0,365,47,353,67533 1,227,57,51,70172 1,147,188,-67,65148 2,130,230,110,57834 1,31,336,-282,62205 2,151,128,-30,59886 -1,18,298,-42,72031 2,213,328,-116,73801
2026-05-20,116342,30,0,105,4,94,8071 4,183,39,127,14541 -6,12,92,-59,8122 -1,131,18,-9,12943 0,22,105,-65,14132 3,57,59,44,11020 3,35,238,-186,18361 -2,200,33,146,16380 0,226,32,157,19984 2,89,110,-22,21253 -1,8,181,-132,23031 -1,32,218,-143,33108 -1,487,203,246,210903 0,122,353,-244,151072 -2,640,262,544,184064 -1,216,155,-45,125058 -1,348,37,238,88160 -1,554,55,142,118868 3,210,18,206,59890 0,55,181,-130,57785 -1,28,409,-304,85556 1,242,62,74,78689 -3,120,119,-41,52137 0,255,58,204,55661 3,122,94,18,42814 0,111,171,52,35694 3,26,146,-31,35125 3,153,56,-15,41947 0,104,57,64,30087 -1,125,24,88,29994
2026-05-21,117673,30,0,46,178,-118,10806 0,27,133,-88,6628 3,103,506,-380,24947 2,94,252,-149,33914 -3,90,167,8,27513 0,227,40,153,18385 -1,48,145,-28,13904 -2,43,113,-58,14345 2,36,136,-46,18995 1,200,89,-45,35084 -1,36,180,-82,42127 0,73,128,22,32804 5,206,179,-56,165693 0,543,60,474,171988 -3,10,774,-522,173672 -2,260,78,37,116233 -1,220,227,-128,94312 -1,387,114,276,92414 -4,255,237,242,84489 0,62,194,55,55336 0,2,382,-247,60372 1,100,109,-64,46939 2,248,99,207,42422 0,773,1,513,136708 3,367,20,351,59381 2,212,163,-63,70479 0,21,220,-105,56157 -1,53,287,-208,50771 0,99,440,-32,91166 -3,167,70,120,44381
2026-05-22,117989,30,0,159,81,131,14623 -1,81,171,-115,12699 -1,17,208,-181,15572 -4,55,68,48,12542 -4,122,26,71,11774 1,1,126,-50,11456 -2,230,37,162,15446 3,21,56,-42,11318 1,334,25,189,42118 -1,132,15,101,19042 -2,119,70,98,29655 2,24,201,-71,44263 0,551,196,201,185556 -1,52,478,-265,131272 -1,141,295,1,112879 -2,307,42,269,88038 -2,253,71,247,66060 -2,69,94,65,54528 0,23,192,-180,49635 0,124,8,54,43553 1,41,147,-43,51070 3,42,144,-83,51318 -1,241,10,206,42186 2,163,211,155,72211 -2,47,211,-172,51316 0,16,171,-59,45505 0,37,113,-71,31755 1,57,146,-50,46532 -1,79,227,-149,49465 -1,38,270,-239,50582
2026-05-25,119849,23,0,43,34,-7,5002 -3,12,52,-2,3418 0,48,12,12,3432 0,46,18,23,2361 -4,44,7,33,3198 2,29,7,6,3113 -2,53,16,-9,5684 0,41,23,-21,5176 2,81,41,-19,9458 2,11,110,-56,8149 0,25,46,-6,5745 1,1,57,-37,5708 -2,173,2,161,22215 -3,59,69,-58,20042 0,18,105,-92,19495 1,16,136,-47,26346 -2,42,30,9,15140 0,232,3,6,37966 -2,31,55,-21,14808 1,12,63,-24,12240 2,53,41,2,10503 -1,93,11,89,7927 3,85,26,66,7332
2026-05-26,119358,30,0,36,37,21,7456 -3,62,26,48,6938 -3,202,4,170,12242 0,69,148,-97,14874 6,22,120,-65,11527 0,32,76,3,10592 -3,65,163,-26,18773 0,127,9,77,16763 -1,117,38,108,11738 0,129,30,72,16496 1,38,60,-45,16254 2,93,69,-13,24810 -1,335,303,285,192587 0,186,240,121,145548 0,321,71,253,107335 2,206,28,50,89465 1,61,306,-141,99160 -3,4,207,-181,97916 0,34,236,-210,98870 -2,134,242,-9,105699 -1,196,70,196,64578 -2,94,179,-173,64542 -1,215,1,111,49144 2,62,90,-28,38878 1,173,45,155,40832 -2,37,104,25,36327 -1,163,11,128,41862 -1,60,84,-81,37430 1,97,81,88,46258 -1,59,23,20,34993
2026-05-27,120756,30,0,83,41,29,8357 3,191,0,175,12770 0,30,52,-37,8636 2,2,74,-30,8774 0,196,6,143,14173 -1,128,34,42,15003 0,107,7,9,13427 -1,47,76,-5,16004 2,433,115,328,60699 -1,15,321,-313,35462 2,36,261,-222,38642 1,29,158,-131,41472 -1,19,1000,-761,280093 2,406,44,100,212067 0,138,537,-425,169862 -1,431,161,239,156101 3,149,263,-65,99281 -1,71,309,-35,83496 0,118,297,-202,92009 2,284,53,284,78571 -2,179,26,77,64551 0,224,78,219,55777 0,10,604,-591,70830 0,311,6,237,55469 -2,136,60,37,48180 0,149,14,111,43430 2,240,63,237,41675 0,27,120,-64,41659 2,107,54,25,42077 -1,37,139,-70,34132
2026-05-28,119879,30,0,7,113,-24,9248 -1,69,72,-53,7446 -2,35,144,-59,11424 -1,24,119,-50,9866 -2,14,237,-140,23046 -1,108,55,35,11653 0,179,51,99,13020 -2,172,21,111,12401 -3,59,78,16,12683 -5,418,1,395,38186 -1,178,28,-14,38164 0,92,62,37,33532 1,235,499,-488,208216 1,458,47,458,156609 0,555,161,403,185550 3,128,163,-23,114111 2,404,7,364,88376 0,165,99,114,62427 2,124,47,-30,54284 1,102,67,72,50975 1,179,24,112,50044 1,65,99,16,37223 2,116,32,61,32991 -3,17,108,-88,34745 1,155,68,139,38952 1,31,102,-51,35080 0,17,95,-25,41171 -1,4,140,-115,33817 1,126,33,64,38174 -1,43,111,15,35386
2026-05-29,121412,30,0,8,96,-43,10584 1,7,169,-154,11679 -1,119,4,100,9351 1,84,30,59,11048 0,75,39,45,9594 2,67,94,-90,13834 2,85,97,17,18025 -2,56,153,-65,21386 2,49,38,22,13079 2,25,133,0,21292 -1,145,4,98,23128 0,130,65,124,31647 1,436,70,413,197391 0,198,47,-39,129352 0,105,522,-282,210907 -2,128,543,-416,198450 0,376,28,355,151238 -1,197,120,30,102723 2,88,170,-66,78198 0,226,103,220,59096 0,46,145,-132,50140 2,174,73,42,53954 1,5,159,-83,43321 0,40,169,-107,46647 0,38,118,-85,43636 -1,60,219,26,61973 0,138,95,109,47956 -1,92,184,-127,55043 2,84,138,62,50502 0,83,85,74,35601
2026-06-01,121890,30,0,30,66,-62,9419 2,59,15,45,7800 -2,84,9,74,10030 -1,73,0,70,8502 1,3,145,-99,11263 -1,3,117,-71,12023 -3,163,37,97,16622 -2,6,204,-202,17469 0,100,76,64,23250 -1,187,66,101,26197 -2,8,180,-98,24973 2,23,638,-431,101375 1,497,152,337,190041 3,92,532,-215,159027 -2,191,151,31,123139 0,253,53,194,90571 1,110,75,36,73127 0,200,94,160,69624 0,299,6,117,97128 -1,107,48,-22,56147 2,44,213,27,66709 2,121,14,59,52666 1,238,12,56,66619 1,252,7,247,43709 1,325,133,286,94280 1,74,82,-51,44827 -1,20,136,-55,39238 0,32,104,-93,30939 0,86,50,51,43081 -2,48,87,-44,31520
2026-06-02,122144,30,0,197,11,175,11285 -1,33,105,-66,8845 -2,38,64,-33,7536 3,12,109,-90,7801 2,45,122,11,10889 0,59,42,49,11667 4,101,31,-7,13779 -1,31,81,-22,11069 -1,75,88,30,15815 0,47,91,-2,15099 -2,28,267,-220,27267 2,264,25,253,40737 1,43,532,-26,192205 -2,298,92,249,150577 -1,142,298,-207,140131 0,260,21,232,107414 1,157,35,142,77270 2,91,61,46,61825 1,80,66,8,49304 0,178,31,141,60982 0,20,207,-180,51027 2,66,72,56,48511 0,121,1,76,46923 3,27,242,-198,49992 1,27,137,10,52398 0,18,125,-8,39043 0,99,57,-26,34993 4,66,162,-35,43022 2,166,60,147,38317 0,80,23,-11,35417
2026-06-03,123066,30,0,13,118,-78,10391 -1,155,124,56,23407 -4,25,85,16,13400 2,77,83,-40,11369 1,109,34,50,11728 1,74,9,35,10358 1,71,39,-17,11936 -1,103,19,73,14080 1,27,145,-145,17352 1,5,202,-104,32821 -1,40,115,33,28727 4,127,50,68,34735 2,212,994,-923,274685 0,504,114,447,214133 2,354,17,346,147088 0,67,224,-168,118058 0,109,143,14,105398 1,125,278,-63,101000 -1,94,402,-256,110767 0,109,103,-48,74414 -1,124,246,-158,82698 0,104,189,74,81584 2,150,104,32,77242 0,20,245,-27,61135 1,203,117,183,55224 -1,141,18,82,47557 -3,166,122,154,58180 0,22,180,-108,50624 1,49,129,-43,50994 5,77,120,-23,52221
2026-06-04,121214,30,0,121,48,103,20859 -2,81,86,-66,17977 0,26,175,-161,18311 -3,81,97,-63,19076 -2,40,204,-46,33081 -3,148,61,112,27266 2,69,433,-151,45247 1,210,15,123,39740 -1,39,164,-72,28697 2,324,10,310,39393 0,23,145,-75,34398 0,102,162,-149,42128 2,383,325,-81,281389 0,272,385,-251,209390 0,650,18,622,165783 0,27,218,-103,115323 -1,490,70,458,101224 2,155,49,46,84194 2,25,303,-275,69110 -3,307,43,270,74434 1,183,37,158,47361 1,37,176,-24,53390 -1,90,41,86,39725 -1,92,84,77,43366 0,120,14,116,49463 0,205,15,175,49528 1,44,55,-5,38399 0,19,115,8,44390 0,25,153,-69,46683 0,100,161,95,57664
2026-06-05,120729,30,0,82,37,54,11140 -1,71,15,44,7720 -1,119,33,102,7753 0,19,77,-58,7242 0,9,184,-149,10136 0,60,180,19,15074 -2,42,87,-64,10661 2,4,191,-166,13218 -1,120,99,15,19238 -61,212,293,39,53625 2,4,380,-271,47805 0,37,181,-88,47691 0,259,739,-712,249932 -2,183,398,-22,262547 1,359,208,-107,188237 -1,412,80,8,149786 -2,188,241,-199,119038 1,81,327,-241,128882 0,90,405,-272,131668 -2,106,314,-284,109682 1,169,171,-135,113983 -2,22,638,-392,151019 2,247,168,-92,122698 -2,107,246,70,114421 3,258,143,-59,102350 -1,205,183,-178,70694 2,53,627,-549,125694 -2,50,575,-343,126533 2,228,245,-141,156462 0,131,599,125,149465
2026-06-08,116770,30,0,237,118,142,16194 -1,54,179,-19,14556 -7,47,186,-113,10788 -2,325,15,178,16400 -1,127,93,126,14567 -1,569,12,561,43820 4,113,133,-87,24945 2,110,100,108,23401 -3,175,108,170,22327 -1,220,2,128,31325 1,332,115,310,40293 1,151,173,-159,53760 -2,233,516,-201,253713 0,291,579,-85,196720 6,301,329,244,142414 -1,531,49,377,132440 -2,459,41,459,92934 -1,71,411,-381,96986 1,323,289,69,117246 -4,184,266,-119,89053 -1,306,139,-121,71609 0,179,132,82,71371 1,53,457,-330,74617 1,322,155,310,79253 1,89,373,-118,82309 0,154,110,92,52791 0,54,163,-20,41755 -1,109,252,-167,54582 5,76,281,-281,45927 0,6,412,-171,89277
2026-06-09,118746,30,0,7,120,-5,8319 2,52,282,-200,17676 1,179,30,146,12737 2,15,105,-57,8892 -1,185,1,171,17374 1,3,122,-47,12727 0,150,28,25,16425 -2,37,80,-1,16799 2,4,176,-104,17192 0,243,6,42,29648 -2,273,24,238,37701 0,4,188,-6,36010 -2,439,416,426,240495 1,8,889,-849,229711 -2,4,1084,-750,291866 0,178,1388,-1316,231425 3,630,127,613,204080 1,132,1682,-1634,182832 3,332,199,244,178318 0,198,1394,-1255,205548 -4,246,820,-331,199366 -6,194,1184,-619,198040 0,1103,363,972,153378 -1,705,248,527,148836 0,728,145,-40,132813 0,620,6,575,113594 1,412,236,382,115418 0,297,236,28,101195 0,665,117,289,95703 0,3,851,-395,126767
2026-06-10,115112,30,0,179,155,-67,21683 -2,111,99,68,18167 1,10,312,-44,20793 -2,280,27,177,18940 1,137,693,-388,38776 0,204,365,-168,42063 1,44,248,-134,30606 5,315,8,233,24655 -3,227,158,210,27610 0,966,46,764,84903 -1,12,475,-254,58273 2,49,162,-99,39615 0,1237,325,1165,288304 1,29,702,-35,205348 1,383,360,142,172955 0,318,656,-531,180135 4,265,886,-856,178688 1,207,640,-138,166101 -1,334,502,-318,144914 -6,746,331,285,133515 1,4,318,-161,80293 1,439,312,-174,90076 -3,333,110,-73,82900 -1,79,213,40,79456 0,385,291,310,86236 -5,271,312,-45,89325 2,222,231,-164,71592 0,14,343,-332,66667 1,152,245,44,84432 0,6,593,-380,81413
2026-06-11,116625,30,0,131,69,39,184 -6,130,31,105,132 -39,43,98,-53,93 0,91,9,15,86 12,51,325,-324,455 16,210,0,144,243 -6,219,5,187,368 -41,109,21,74,233 -16,7,759,-582,993 -30,213,429,155,980 0,145,136,-92,627 4,111,82,-25,221 -41,559,410,260,4361 18,929,0,607,3128 12,7,885,-427,3452 25,264,436,-357,3029 -1,82,841,-285,2412 36,532,36,147,1103 -1,585,84,271,952 -34,385,171,311,679 9,307,229,-205,1138 -27,497,72,99,717 32,13,644,-346,790 -17,1236,408,1212,1689 39,834,0,419,2375 7,204,520,-379,1357 54,590,44,277,913 8,366,61,334,635 29,144,200,95,828 4,561,0,481,1197
2026-06-12,119607,30,0,225,85,48,5781 5,144,60,117,4152 4,14,540,-486,5803 -9,173,12,123,3444 -4,128,108,-1,3818 6,340,0,280,4026 -2,82,138,-52,4810 -2,178,158,-34,5104 -8,29,312,-294,5049 -1,60,327,-227,10873 0,35,495,-142,13154 -1,224,77,218,12020 1,14,1073,-801,53753 4,1131,115,1125,32329 3,203,363,-251,27119 -1,390,654,-560,27968 3,1202,28,1133,24417 -6,417,105,354,14914 -1,23,1072,-1029,21455 -5,430,314,134,18824 -5,592,167,300,14070 -4,220,75,205,8937 -1,449,204,316,11522 6,87,268,-15,7513 21,8,178,-71,7344 0,34,322,-222,8131 1,219,181,53,9086 -1,223,4,151,6375 7,26,262,-80,8208 8,37,173,-112,6331
2026-06-15,122151,30,0,18,113,-6,10030 -3,105,25,81,8938 -1,69,55,50,6421 2,4,156,-17,7785 1,112,45,82,9331 5,141,7,110,10438 1,36,178,-96,12572 0,114,10,39,10920 1,69,158,-119,14628 3,59,130,-6,18068 0,72,54,45,17103 1,256,18,211,26028 2,599,130,585,186535 4,74,371,-202,125255 -2,129,241,115,111658 0,42,243,-165,76275 -2,442,0,420,67370 1,121,87,98,45374 1,117,184,102,56528 2,119,32,66,38440 0,114,86,44,37797 2,51,203,-141,41991 0,80,153,-82,45782 -2,190,26,150,34124 -2,42,84,-17,26430 -1,30,186,-91,34194 -2,100,71,-56,32185 0,202,67,157,33783 1,18,152,-103,27888 -2,73,90,-88,29597
2026-06-16,123546,30,0,92,72,-38,9267 0,63,57,62,9079 2,92,36,60,7892 1,97,52,67,8686 1,145,52,77,14100 1,123,31,23,12357 -1,42,88,-23,11770 1,40,44,6,9533 -2,20,435,-336,29817 5,37,194,-137,34456 0,84,160,-142,36855 3,207,41,72,39849 0,286,245,198,243789 -1,111,273,-35,168767 1,14,723,-686,212992 2,133,363,-212,193159 0,175,268,35,157698 2,106,551,-406,140200 4,156,520,-422,135328 -3,506,89,433,122658 0,134,107,-12,79307 0,21,362,-165,91385 0,119,179,-108,66107 -1,115,162,-39,59960 0,70,220,70,59134 0,179,50,30,51932 -1,41,151,-48,42278 1,25,177,-132,43574 1,167,66,1,48398 -2,50,388,26,86988
2026-06-17,122067,30,0,41,144,-136,12249 -1,2,250,-142,20322 2,128,53,60,11967 0,104,44,76,10725 2,66,167,-58,16838 1,103,27,7,11031 0,10,224,-186,14714 -2,131,141,117,22373 0,112,45,39,16541 8,229,14,155,30433 -1,38,148,-112,24602 0,233,24,214,35119 -2,55,516,-300,257155 1,131,530,-270,231467 0,640,112,498,155550 0,26,881,-555,182547 2,254,99,-48,128174 0,408,19,233,99189 1,132,68,104,62008 4,107,90,28,48946 1,83,121,26,36857 -2,55,243,-207,45382 0,60,324,-108,47416 3,183,109,153,43089 1,7,149,-30,34041 1,365,1355,-619,138059 0,337,303,-58,176106 1,1112,150,842,171827 -1,111,927,-650,142716 0,322,754,-645,166082
2026-06-18,121739,30,0,223,42,188,8888 -1,58,73,-47,8844 -2,101,31,21,9107 0,49,218,-168,13020 -1,102,149,-116,12965 -2,54,141,2,22251 0,60,175,-34,17201 -4,138,36,27,15408 -2,296,5,282,19096 -4,134,49,126,20579 0,142,131,-41,38783 2,485,36,412,56768 1,82,810,-392,241212 2,380,368,267,231434 3,314,258,-173,176428 -2,561,230,504,151110 -1,22,256,-40,111750 0,157,264,-215,102281 0,136,347,-137,110152 1,500,2,413,84528 -1,156,88,122,59867 1,104,78,36,47125 1,137,162,60,56959 0,112,59,10,38251 2,112,6,48,33395 2,47,134,-77,37700 0,64,94,-40,40634 4,40,112,34,39917 2,67,172,-124,45297 -1,114,107,66,48605
2026-06-19,122461,23,0,124,5,25,9204 2,103,83,-8,11603 1,27,213,-169,11519 1,40,155,-37,14452 3,86,136,-48,13212 -2,92,26,8,8978 -1,168,7,111,9701 1,38,80,-10,9638 1,11,92,-84,8135 -1,13,165,-68,17914 -1,494,2,449,46419 -2,26,126,-50,18280 2,140,49,98,55951 0,102,70,4,44526 0,26,96,-12,25452 1,64,47,43,18890 -1,103,16,89,20152 -2,13,85,-13,15690 -5,18,174,-58,26737 0,40,69,-69,12401 2,83,31,75,10092 -4,84,25,8,10305 1,4,195,-137,6148
2026-06-22,122926,30,0,13,111,-93,7247 3,206,44,177,10573 0,50,77,-45,7855 -4,0,153,-33,10396 1,382,71,198,22691 -2,0,285,-175,16555 -2,134,46,80,14858 -2,70,88,63,11818 1,214,21,204,16899 -1,86,110,-43,23297 -1,227,50,84,34699 -2,161,71,-45,33886 1,418,261,228,305673 2,343,149,282,164730 0,69,826,-773,180002 -3,27,575,-502,231133 -1,196,343,34,170482 0,94,225,-168,119084 -1,309,231,-169,106201 0,187,208,-19,109958 -2,264,9,159,75340 0,5,267,-49,54788 -1,116,179,-146,56987 -3,288,14,227,43820 2,81,153,66,42109 0,147,51,72,47735 -4,132,66,-12,39527 3,77,214,-109,43174 2,17,269,-168,57086 2,113,45,-32,42072
2026-06-23,119667,30,0,8,237,-149,17154 -3,152,50,3,17167 -1,24,251,-218,18330 1,4,298,-121,31251 6,184,65,73,25808 2,216,38,-7,25448 -6,282,41,217,25051 0,140,64,-34,23293 2,43,454,-327,34352 0,68,275,-144,43090 0,97,153,-110,33353 2,166,149,22,62172 3,554,412,398,267466 1,739,10,624,228573 -1,287,137,32,196399 0,68,601,-452,203185 -1,237,419,-293,155765 3,64,346,-281,99183 0,244,128,-9,105703 4,656,23,588,103193 0,171,157,16,79659 2,118,160,-57,64686 1,67,287,-177,67670 -5,297,7,193,66924 -2,126,205,-151,57813 -2,7,472,-382,72503 4,121,54,6,46938 0,30,583,-441,68836 -2,519,185,130,109128 2,309,162,217,94869
2026-06-24,119232,30,0,27,215,-102,11100 -1,122,30,58,11061 -1,100,48,83,8367 -2,141,19,26,11067 -3,13,203,-186,13556 -3,48,160,-82,16696 2,403,14,376,20009 1,64,97,-8,20578 -2,108,96,22,17841 -2,54,320,-295,20406 -1,55,216,-184,32184 0,101,161,-79,52577 -3,528,590,-205,276848 1,518,138,61,203179 -2,227,600,123,197399 -1,688,10,505,172323 5,297,245,-196,137526 1,148,322,63,138089 1,112,405,-155,122635 -1,194,125,-6,96056 -4,186,73,-21,72114 -1,4,572,-460,97297 2,126,381,-299,87591 1,95,646,-616,126510 0,221,183,124,121404 4,86,266,32,98093 -5,456,142,362,91306 1,66,814,-736,90674 -1,234,307,-229,118084 -1,388,141,345,94243
2026-06-25,120554,30,0,80,26,46,10542 0,32,101,7,10365 -1,72,35,49,9485 2,85,98,-11,12707 -2,129,47,11,14207 3,41,223,-190,16943 -3,140,69,63,16123 2,197,73,140,19885 0,10,203,-150,19629 -2,539,16,314,57066 3,54,221,-213,35599 -2,97,99,-10,38009 1,183,2495,-2063,403439 4,182,1366,-132,320618 4,336,515,-76,206737 0,517,102,336,185818 -1,423,259,-109,193782 1,93,725,-121,187439 0,596,30,259,123178 1,477,143,448,100392 1,325,232,-106,117491 -4,19,708,-253,114093 -2,71,206,24,74182 4,418,132,234,98953 1,133,333,-280,73335 -5,469,61,417,103591 1,372,207,315,97150 1,2,697,-448,93375 -3,188,362,-236,74905 4,31,329,-97,85739
2026-06-26,117514,30,0,266,95,204,15370 -1,19,447,-202,17975 -2,90,137,-20,13023 1,58,135,-40,12580 4,174,91,135,14774 -3,112,164,-110,15055 1,111,64,-6,13141 0,207,258,177,23638 0,149,160,-70,22413 -1,43,339,-271,27529 -3,91,271,-254,41768 -2,412,208,396,59779 -1,45,718,-378,255631 1,1272,31,1215,192161 -3,376,269,89,161945 1,103,550,-248,145134 3,195,258,-23,98799 -2,271,465,269,118778 -2,501,98,129,117197 3,160,376,-309,106595 -1,150,211,40,81774 0,340,0,213,57208 1,328,69,311,51273 1,45,455,-220,65306 0,169,301,-250,67392 2,99,148,-101,57744 -2,41,361,-337,61150 2,200,143,-79,58462 -1,176,214,139,71142 2,109,216,-105,70927
2026-06-29,118715,30,0,33,138,-73,10236 -5,239,158,230,17342 4,22,198,0,11561 0,107,83,27,13053 3,132,26,48,13518 -3,8,215,-100,13584 -1,235,53,19,18499 1,57,99,11,12758 1,83,51,-8,13829 0,60,269,-194,24835 0,225,17,180,20088 -2,81,333,-279,37644 5,718,351,490,301049 0,285,1261,-1077,249224 1,211,897,189,255073 -1,430,189,105,212259 -1,651,17,586,162251 -1,229,235,210,134672 0,212,140,87,89035 0,350,20,278,77436 -3,193,106,41,65473 0,201,110,142,59981 3,180,29,170,48249 3,259,7,245,63420 0,109,99,39,44225 0,35,133,-44,36297 0,57,95,-73,32679 2,306,15,232,48045 -2,10,211,-109,48165 1,147,68,12,39447
2026-06-30,120238,30,0,132,101,125,11741 -2,25,74,-7,10161 -2,122,80,109,13034 -1,30,115,6,10742 -2,215,17,175,15101 -1,36,178,-100,14412 -1,139,56,129,14207 0,36,307,-266,20834 2,90,262,-249,26385 0,82,136,12,31560 0,18,142,-72,30664 1,120,108,95,42322 0,867,52,659,230175 5,722,58,484,187965 -1,374,113,304,135356 2,125,262,-237,124808 0,158,276,135,123919 1,123,101,104,77108 -3,119,68,83,68973 1,258,9,211,67038 -1,104,41,42,45253 1,174,68,171,43411 -1,103,66,74,42218 0,2,124,-102,39734 0,63,60,-22,42036 0,60,104,28,47654 -3,70,46,11,31508 1,134,46,129,36007 1,64,107,50,45923 -1,85,46,-13,50688
2026-07-01,121415,30,0,76,33,70,6080 0,80,23,0,9021 -1,105,78,97,11328 -2,23,124,4,9540 -2,161,3,105,13010 -1,49,116,-87,14312 2,10,122,-111,16179 0,15,160,-66,21042 2,128,27,52,18780 -4,108,509,-461,83526 -1,217,78,42,73345 -1,205,201,-105,71652 -3,98,595,-126,284620 2,449,70,367,181229 -1,123,181,-48,133744 2,18,594,-363,173481 0,307,201,127,144052 2,483,90,466,113293 -3,62,386,-362,97273 2,100,98,-51,74551 1,165,88,19,64182 2,71,180,-112,51756 2,49,256,-132,70480 0,224,74,99,52939 2,56,166,-114,45571 1,104,98,12,45237 -1,24,186,-101,43397 -1,65,199,-146,42380 2,371,95,359,66668 1,8,176,-92,59125
2026-07-02,119933,30,0,126,56,25,15438 2,34,283,-196,14566 -2,82,64,31,11526 1,226,3,126,13993 1,168,50,13,17084 -2,126,52,91,14424 1,283,54,209,19702 -1,232,145,190,24054 2,328,24,298,29883 19,538,193,240,72724 -2,72,507,-469,67065 0,223,215,-209,58120 -1,521,271,416,290880 -2,458,80,13,198058 0,288,1086,-988,256727 1,286,716,-435,266522 -2,109,788,-486,228601 1,296,374,-135,184486 -1,585,13,121,147035 1,36,464,-408,124710 0,251,205,-160,122149 -3,21,416,-204,126618 1,109,480,-238,122336 0,142,106,0,85815 0,102,424,-341,96284 -1,474,136,464,101718 -1,101,269,40,106955 -2,154,195,28,92332 -2,135,454,-386,107426 0,190,195,100,76049
2026-07-03,119549,23,0,55,70,-31,8136 1,16,88,-22,5473 0,36,39,4,4036 4,71,44,38,5704 -2,17,68,-35,4036 1,53,46,-12,4640 -1,67,8,18,5225 -1,179,4,128,10393 1,3,138,-100,9445 -4,52,25,40,6572 1,95,21,29,11689 1,92,64,76,13563 1,140,71,-10,48780 0,114,39,-4,29822 1,34,115,-41,29173 -1,83,35,20,18509 0,70,40,-21,14105 -1,73,40,-31,10820 1,68,74,36,15783 -1,22,37,-9,7269 -1,40,44,-18,8891 0,96,39,9,10660 -2,44,25,4,4139
2026-07-06,119456,30,0,17,147,-122,9598 4,228,12,96,15395 0,104,25,18,7983 3,85,68,-19,8913 -2,149,70,-23,15813 -1,158,30,110,13098 0,76,37,63,13064 3,132,124,121,27155 2,36,206,-137,23646 3,120,21,52,18107 0,126,77,-69,20328 0,16,277,-215,40469 1,526,240,466,243650 0,224,202,166,163890 -1,194,86,74,128254 5,174,100,117,107012 2,100,225,-137,97963 1,215,272,207,109311 1,74,119,59,63163 -2,58,106,3,49382 1,70,207,-174,49643 2,44,129,1,50143 2,19,239,-20,60888 0,29,325,-296,54748 1,20,295,-149,80185 2,196,129,171,62361 1,152,66,40,50381 -1,126,94,64,50769 -1,89,44,77,42120 0,182,10,117,46792
2026-07-07,118624,30,0,21,135,-84,13491 -2,220,30,83,14238 2,133,87,72,14431 -2,2,167,-155,10498 3,105,128,-91,19104 0,154,42,77,14038 3,25,165,4,18969 2,258,136,239,26595 -4,94,138,-18,22620 -2,82,206,-172,24178 -2,46,127,-21,36245 -2,57,226,-179,42112 -2,372,409,-325,258301 -5,113,389,-273,230660 1,3,733,-558,225515 -1,99,373,-145,177573 -1,276,50,243,143163 1,121,226,-50,121553 -2,249,266,69,106811 2,478,1,317,96830 0,545,1,482,101455 1,105,185,31,85861 1,163,149,132,70605 -1,8,251,-157,68330 -1,143,22,33,52096 -2,133,48,-5,47046 1,83,115,-91,45663 -1,57,394,-265,77386 3,19,470,-455,120114 1,44,271,-69,102068
2026-07-08,115842,30,0,203,28,92,24400 4,82,234,-140,20557 -3,296,100,285,21029 -2,171,97,94,22396 5,45,232,-187,22501 7,53,96,-48,17652 0,551,57,368,30501 -2,409,100,379,33633 5,34,205,11,24341 0,66,126,4,23200 1,241,123,36,50605 2,171,139,58,54718 -4,789,0,405,240599 2,366,63,74,181586 0,206,348,-119,205618 1,177,481,-475,186651 -1,505,89,83,169326 1,62,640,-547,148804 0,381,95,150,125339 -1,326,176,298,106859 1,533,3,428,94992 -3,302,117,290,99506 1,165,66,50,64539 0,337,109,318,65708 0,71,378,-344,57436 0,258,123,232,63577 -1,51,173,-162,51186 0,183,101,125,58926 -1,135,106,23,57003 1,117,116,65,39685
2026-07-09,118602,30,0,46,158,-95,14239 2,119,13,66,10028 0,103,48,29,10081 -4,43,185,-180,13585 -1,89,163,-64,25293 1,219,21,209,20860 1,248,50,239,26102 2,93,85,77,24686 0,127,67,114,24221 -2,150,134,-59,33268 0,73,37,38,27199 1,63,71,9,32250 0,579,299,393,222480 -2,346,108,25,149759 -1,19,945,-346,263669 1,192,270,139,150693 -1,263,301,237,138196 2,112,112,62,80917 2,104,73,99,52033 1,102,85,40,47359 -2,34,112,-71,41011 -1,114,104,24,57183 1,210,46,182,42295 -1,195,2,185,45334 2,18,107,-27,40177 1,19,127,-2,39805 1,5,160,-100,37499 2,45,74,-2,38515 0,11,199,-136,49614 0,139,74,34,48650
2026-07-10,119246,30,0,66,25,-6,9669 -3,130,36,116,10585 1,4,131,0,9836 1,96,4,17,11284 -2,141,32,92,12352 -1,90,58,-52,12119 -2,1,166,-103,17965 -1,55,219,-136,20701 2,350,49,235,29370 2,38,138,-104,22244 0,39,142,-86,24821 1,185,51,126,28644 2,454,159,421,241694 -1,109,149,79,146532 -1,24,461,-214,163159 0,200,919,-18,183016 0,40,491,-168,135552 0,508,6,476,108716 -2,49,582,-270,122954 1,306,40,240,69892 1,228,43,164,67565 1,84,37,42,39974 3,72,106,-73,43162 2,176,43,172,35385 0,90,47,61,38394 1,15,136,-46,35718 1,63,125,-35,46001 0,49,63,-53,25893 0,178,16,66,32108 1,46,52,-12,31330
2026-07-13,119047,30,0,60,34,-2,7330 0,69,79,-57,10436 2,74,36,-24,8407 -2,94,23,59,9373 0,177,38,53,16808 -2,60,108,20,14761 0,81,98,-42,13479 -2,16,209,-136,19831 0,119,183,-172,29156 -2,123,119,112,23826 -2,144,41,60,22300 1,7,179,-68,31769 -1,107,697,-513,263691 3,320,261,149,195397 -1,332,507,326,200776 2,88,394,-42,141413 0,243,256,5,110615 1,147,125,61,78762 0,56,361,-281,71939 1,16,216,-75,64296 -1,78,339,-243,77849 -3,0,390,-182,106017 2,237,198,210,80006 3,60,272,-191,58132 1,60,132,-101,48381 1,184,101,58,59800 -1,57,162,-132,54301 0,169,83,140,53858 0,60,139,-122,46887 -2,12,296,-238,67212
2026-07-14,118298,30,0,195,5,191,7513 -2,6,113,-35,7010 -1,32,110,-63,6474 -3,147,73,65,13325 0,37,205,-161,19692 2,391,75,273,29321 1,109,109,1,15575 0,67,239,-212,17931 3,415,77,394,20098 3,934,82,460,83761 -1,20,199,-58,42002 1,172,186,85,43079 2,17,503,-184,229805 2,158,512,-393,179649 -1,266,398,69,188820 -2,506,98,13,174516 0,709,105,679,132087 0,131,124,115,76700 -2,45,343,-226,90056 3,30,471,-326,101716 2,143,175,124,72955 -1,204,108,124,63821 -1,150,23,138,38140 -2,92,147,26,43146 0,49,124,0,37630 -2,82,27,57,31067 0,56,66,-40,27502 -1,65,171,-147,48505 0,114,146,-112,44577 1,197,17,35,41803
2026-07-15,119798,30,0,40,87,-59,8729 -3,43,77,-29,9577 3,80,166,-125,13519 2,98,29,85,10036 -2,145,21,78,11879 -2,25,83,-62,9473 5,81,66,-43,11598 -3,64,138,-80,15032 -1,13,140,-50,16395 -13,416,99,399,45583 -2,101,28,-16,28534 2,9,136,-62,29384 2,91,718,-684,227078 2,429,120,304,188219 -1,50,891,-549,221997 0,52,747,-334,217026 -1,61,249,52,129696 -2,38,484,-45,115707 0,61,248,-179,89118 0,15,468,-328,92763 0,35,334,-211,87187 0,301,259,62,96404 -1,338,60,298,74444 0,227,99,210,58176 3,306,1,287,57423 2,193,34,167,60543 1,97,138,25,52850 -1,41,360,-333,59588 -1,111,185,-19,73419 4,73,194,21,59972
2026-07-16,118457,30,0,73,200,-192,11477 0,71,206,-33,17172 -3,14,186,-74,10574 2,66,144,-117,12704 -4,118,181,-142,19862 -1,113,104,-4,19540 1,4,476,-353,25330 1,295,11,106,24834 5,115,137,-26,19864 12,93,182,-74,30651 1,220,28,205,30059 -1,188,40,98,34043 1,263,806,-774,246741 0,889,60,829,205849 -4,89,324,15,156013 2,103,230,-174,107892 -1,78,309,-186,132312 1,233,230,56,109792 -2,238,211,-63,94148 -1,180,313,-206,86909 1,0,306,-159,89911 3,158,119,-62,67972 0,270,49,158,63771 1,75,201,34,49262 3,42,459,-306,70790 0,47,139,-87,50337 2,272,85,133,74441 -1,1,286,-97,58814 -2,27,255,-239,57557 -1,50,261,-146,64068
2026-07-17,114761,30,0,101,115,2,16752 0,208,1,203,20966 -6,191,63,135,27491 -3,212,38,102,20494 -1,41,195,-181,22140 2,105,100,36,19267 3,9,183,-75,15047 -1,68,247,-233,20273 -1,48,97,-44,21253 0,70,94,-90,25248 -2,138,106,-97,33672 0,79,184,-83,45434 -7,322,787,-424,280432 1,1270,55,1241,226079 0,312,123,88,202681 1,257,286,-171,185664 1,101,450,-234,146395 -1,116,234,90,132353 1,361,144,290,127166 -1,522,94,366,129834 -1,173,227,-11,89788 1,356,116,333,74056 1,167,147,148,76364 -2,51,220,5,67488 -1,29,380,-296,56698 -1,24,364,-350,69667 1,32,207,-87,62038 -1,158,220,-19,70581 1,155,149,-128,54772 0,22,387,-80,75724
2026-07-20,115619,30,0,251,28,249,11458 -3,126,155,-126,14636 -4,114,51,90,10328 -3,96,38,51,10547 0,148,30,136,12487 -2,96,54,-11,11688 -4,450,10,261,40653 -2,93,325,-183,32638 0,83,108,73,15997 -1,47,137,25,18331 -4,71,147,16,21345 -2,64,91,1,22608 -2,596,71,296,172643 2,53,628,-439,196133 -2,96,401,91,171842 2,76,421,-413,146412 1,241,219,234,142565 0,156,231,116,90428 -1,77,150,-119,72763 -1,486,43,473,77186 1,59,138,-77,52022 0,66,502,-136,79115 -1,4,452,-332,75166 1,34,228,-40,58728 0,62,228,-46,52818 -2,186,21,172,50514 1,87,228,-163,54832 2,3,371,-307,69170 -1,128,158,-90,61168 -2,119,209,26,73836
2026-07-21,116666,30,0,75,63,60,11191 0,8,115,-96,11350 0,165,10,68,15083 -3,121,74,31,16021 0,9,190,-179,15167 -1,105,78,-32,17748 2,211,10,201,16242 0,43,139,14,18054 0,51,198,-194,21583 -1,174,92,141,28204 -2,74,49,-28,22264 -2,251,20,242,26194 2,98,508,-317,250998 0,187,278,-253,210604 2,553,69,509,162113 -3,204,177,84,120887 1,216,186,184,97612 0,183,19,134,72163 0,5,197,-74,64420 0,156,139,80,56877 0,114,53,13,43603 2,89,40,43,34834 0,132,6,92,38482 1,15,96,-56,34322 1,108,22,94,33476 2,26,99,-25,36166 1,6,126,-103,31082 0,123,59,57,41010 1,12,137,-118,39431 1,46,80,-67,34552
2026-07-22,116501,30,0,5,115,-37,10921 -4,179,104,72,13634 0,142,78,112,15655 5,34,117,32,11800 1,12,161,-134,13141 -1,7,151,-138,15011 -1,48,339,-121,35712 1,12,184,-148,21994 2,61,162,-34,23297 0,166,65,-29,35951 1,164,235,160,31561 -1,157,42,121,24207 1,511,2,330,194254 0,446,83,202,152397 -1,203,108,-15,147445 0,167,187,22,125831 0,314,170,273,97924 -3,201,12,131,71317 -2,44,201,-70,72449 0,110,36,86,48797 0,27,114,-69,40317 0,69,139,-93,42104 1,170,31,151,39991 2,7,127,-83,37202 0,58,101,-94,37100 -1,24,200,-145,61256 1,34,96,-27,47736 0,40,126,-27,47518 1,104,35,53,38228 -2,61,122,32,42329
2026-07-23,116366,30,0,1,96,-70,9564 -1,19,117,-103,13740 2,62,47,19,10615 0,278,28,213,16650 0,7,285,-259,15782 -5,126,192,-184,19217 1,29,326,-222,32237 -3,183,91,-55,26900 0,71,288,-234,33616 -4,41,448,-317,52498 -1,79,241,-231,52507 -2,47,127,-35,51607 -3,663,248,170,257361 -2,303,328,-172,242688 -2,254,119,64,169970 -2,165,459,-407,203332 0,65,420,-406,134924 -1,162,321,-245,142290 0,337,139,219,103517 1,423,73,402,90533 0,371,53,337,72721 0,128,289,-280,74329 2,101,199,-44,79370 -2,206,47,108,62410 -1,16,327,-125,61690 -2,30,315,-295,51758 1,148,19,110,45107 -2,115,118,-41,45012 2,19,235,-222,43209 -3,345,30,298,45701
2026-07-24,114694,30,0,117,43,44,12675 -2,87,83,-55,12033 0,36,66,-12,10176 4,70,123,-67,12066 0,62,79,-38,15329 3,84,26,3,10401 -5,27,160,-108,17055 2,333,59,236,34036 -2,84,91,50,23899 -2,11,279,-250,23439 2,22,210,-160,29261 -1,128,184,-179,37258 3,329,378,-160,252596 0,7,779,-290,239601 1,96,515,-144,201897 -1,19,549,-282,164538 0,630,39,173,151142 -1,771,36,545,172089 1,306,67,11,109022 1,459,2,403,77773 -1,109,206,-152,71753 -1,14,401,-335,69888 0,116,195,-185,69543 1,346,36,315,66075 0,118,251,-122,58215 1,68,165,-138,44346 0,22,467,-452,56173 2,35,314,-131,85880 0,100,315,-294,72558 -3,144,72,91,68392
2026-07-27,114904,30,0,147,32,130,10921 0,21,68,-61,6522 -1,20,65,-20,8792 -1,56,18,46,6112 0,38,149,-142,12013 1,39,260,-243,16653 0,129,30,81,19102 0,97,58,42,15373 -1,2,220,-135,21916 -4,171,71,140,19316 0,75,144,-108,28137 -2,80,274,-266,31428 5,103,677,-520,286710 -3,173,736,-556,211406 0,12,984,-941,217474 -1,78,590,-88,258384 -2,541,6,350,187652 -1,121,425,-313,155476 1,51,370,-238,124303 0,482,68,444,99594 0,321,319,121,118293 -1,168,167,-149,72286 1,0,494,-407,73843 -1,116,114,-68,57330 1,266,5,137,59008 1,354,28,258,55511 0,61,193,-62,50719 -1,74,252,-34,63743 -1,605,13,565,73332 0,122,88,116,48913
2026-07-28,112053,30,0,1,188,-157,8297 -1,29,128,-47,8293 -1,32,114,26,8250 -2,54,254,-148,17854 3,85,201,-167,16798 4,272,104,-28,23813 -2,181,137,105,20085 -1,369,44,279,21321 1,159,130,125,17920 0,94,219,-13,26580 0,81,134,39,20622 1,45,318,-270,31718 1,172,1166,-779,254768 1,169,461,-328,210585 1,230,282,130,183010 0,598,150,577,140740 -2,170,331,-100,138479 2,741,98,556,125061 0,392,63,320,80832 1,96,151,-147,80766 -2,158,92,-51,61802 2,194,165,86,71378 -3,255,135,-119,63657 1,237,71,38,58688 3,182,231,-69,50842 -1,82,219,-139,52552 0,21,130,-72,45164 0,195,26,115,47233 1,265,67,94,52569 -1,170,58,156,44463
2026-07-29,111910,30,0,245,79,232,12438 -1,99,122,-52,15460 -2,34,145,-17,10188 -5,29,269,-231,13038 4,132,124,115,17390 3,140,22,43,14207 1,32,171,-52,13768 -3,84,132,-101,14678 0,73,433,-376,35245 0,246,89,231,20671 -2,30,212,-126,20528 0,189,146,92,29906 -3,328,395,-262,200464 3,23,730,-492,186473 -4,85,751,-615,155357 -2,321,248,-23,127817 1,359,63,306,107628 3,25,391,-352,87505 -1,162,148,8,62501 2,35,529,-384,86329 0,379,212,356,74904 3,137,271,2,69848 -1,456,75,402,66848 -2,391,17,-6,73627 2,190,87,179,59258 1,772,73,639,93731 -4,70,508,-311,85883 -1,1107,292,1064,115122 5,223,667,-662,130876 -2,243,948,-668,135940
2026-07-30,110217,30,0,127,69,-5,12346 3,31,263,-2,15349 1,304,74,255,16103 -1,124,44,64,15841 3,202,93,181,19460 -2,181,93,144,18450 3,73,167,52,23038 2,124,133,104,22380 2,43,164,-57,21771 -9,265,95,224,41068 -2,330,57,186,48970 -1,173,54,142,41072 3,762,254,753,223133 0,475,88,85,192591 -2,617,75,561,154207 0,79,382,-240,133110 2,43,618,-127,175541 -2,11,555,-496,130523 0,494,37,416,95017 -2,216,261,123,90109 -3,196,14,-1,59120 3,24,356,-184,65293 5,339,87,276,54421 0,160,62,2,47686 1,133,123,56,50996 0,97,71,37,42294 -4,56,126,-36,32849 4,63,143,-18,40868 -2,308,96,302,45447 0,176,50,-41,55508
2026-07-31,114356,30,0,13,220,-93,13313 -2,17,184,-104,11823 -1,180,27,133,10622 2,77,90,-67,9877 -3,283,5,230,13827 0,5,263,-231,14509 2,21,133,-43,16164 4,63,203,-183,15015 -1,31,208,-14,24099 -6,35,251,-168,23327 -2,249,42,225,23965 0,303,0,273,35359 -2,598,1026,-868,261578 6,221,952,-830,220035 0,421,294,389,194452 -4,361,155,335,138045 0,56,312,-224,112665 -1,248,621,-502,132337 -1,437,143,170,113044 2,459,23,322,83991 -3,360,72,360,68351 -1,101,223,-63,66364 0,246,18,123,56264 3,393,49,331,55905 0,162,178,-164,60571 -2,178,28,33,51334 1,70,136,-28,52376 0,116,28,102,33343 0,56,170,-79,47119 1,281,37,188,49971
2026-08-03,114224,30,0,100,70,-44,9780 1,83,99,-16,11457 1,13,212,-128,15090 -3,114,75,47,11059 0,109,216,-170,18795 1,139,38,-34,15042 -3,178,106,-45,20948 -1,0,299,-164,27811 1,181,42,132,24677 1,166,51,34,24109 -2,87,76,6,29889 1,147,255,-170,41593 1,491,418,230,233823 1,619,81,386,164725 0,452,65,426,146466 -2,267,67,244,107433 -2,267,27,110,96259 1,131,171,-125,89695 -2,247,11,205,68830 1,167,39,108,64483 1,138,49,96,47425 0,32,108,-17,42229 0,41,80,16,38558 -1,216,3,196,48097 0,56,46,27,35513 2,263,11,245,60009 2,42,257,-248,60959 -3,125,38,119,54357 1,88,87,-50,50702 1,69,61,15,40427
2026-08-04,116184,30,0,160,15,144,12645 -4,64,92,56,9508 1,82,35,1,12323 2,198,90,146,23460 -1,59,114,-14,18054 1,170,37,166,16886 1,185,79,180,26622 -2,123,47,3,25777 1,72,66,23,14985 0,33,110,-96,16886 3,132,55,115,24970 1,225,39,26,43731 -1,916,104,902,246967 1,293,139,234,165690 0,184,144,163,134629 -1,82,175,-52,101681 2,199,92,191,79805 2,280,28,181,89503 -1,204,71,173,77039 -1,68,61,-26,55743 -1,177,60,123,57110 0,148,46,146,56367 1,207,46,170,64935 0,161,22,132,63177 1,317,75,245,70678 0,0,283,-165,89035 -2,183,59,165,57298 0,63,159,8,60167 1,197,30,191,56499 -1,65,164,-116,53194
2026-08-05,119448,30,0,130,27,-17,13437 -1,60,29,-13,10963 -2,51,83,16,10326 1,56,97,-49,10948 -2,293,24,285,19257 -3,30,76,-62,12718 3,164,42,156,18900 0,15,191,-138,20718 1,136,23,116,18987 1,48,186,17,22741 0,43,125,-7,22861 2,161,169,149,35799 -2,394,261,322,269087 2,38,551,-210,218526 1,92,410,-353,170577 0,14,362,-95,183448 -4,61,411,-75,143083 -1,78,437,-247,111918 -4,212,89,-63,78247 -1,57,359,-287,102008 0,450,77,433,83194 0,43,238,-153,67554 -2,141,154,-123,56002 3,96,82,-24,54786 0,97,81,44,44759 5,78,88,9,36506 1,63,55,29,30818 -2,3,196,-91,42444 -3,104,138,63,43175 0,47,59,-47,31399
2026-08-06,117933,30,0,105,32,102,7363 1,114,58,-2,10509 3,69,66,33,8866 0,8,198,-109,11538 -2,10,500,-312,31356 4,247,36,225,20156 1,187,81,-48,24599 -1,78,161,-126,24839 -3,108,146,29,22155 0,123,76,3,23437 0,26,325,-282,34666 0,30,139,-110,43265 2,796,377,764,266034 2,230,162,210,197840 1,348,64,30,169824 2,255,219,-117,168021 0,480,39,453,142114 -1,60,429,-254,121925 -1,81,307,-70,110025 0,142,446,-256,121085 -2,66,307,-217,92503 2,224,43,167,83324 0,243,41,98,73849 0,59,103,-40,58656 -1,61,138,-122,46110 2,169,13,143,46564 0,170,140,95,58060 -1,15,225,-180,43948 1,227,25,213,45574 0,21,278,-228,48000
2026-08-07,118537,30,0,52,53,-32,6578 2,28,63,-52,7045 4,30,90,26,8266 -1,19,52,-17,5823 -1,121,64,88,9800 1,93,15,57,9994 1,66,26,33,8553 2,44,229,-70,19611 2,162,196,118,17979 -29,749,79,715,69644 0,85,329,-263,54008 -1,14,376,-262,55047 -1,430,125,237,245004 1,105,641,-572,206142 1,592,267,520,195914 -1,56,403,-211,145967 1,243,168,192,82628 1,289,73,280,75093 -1,115,130,14,73470 -2,56,140,-19,57299 2,18,544,-443,85839 0,241,181,213,79476 2,51,167,-13,51828 -1,10,156,-67,39958 0,67,83,-6,32921 -1,53,48,-11,24540 1,16,163,-150,35604 0,74,117,-25,41003 -2,378,37,372,55815 0,124,2,75,52374
2026-08-10,119873,30,0,14,129,-91,9026 -5,60,45,-13,8909 1,43,104,17,10689 -1,2,144,-101,9746 -5,78,183,-173,18522 3,147,98,132,18883 -1,24,253,-242,18897 2,134,15,125,15512 1,15,281,-231,19144 -2,28,168,-99,25109 -1,45,105,41,26437 0,64,74,-8,34693 0,143,346,49,245734 -2,236,252,229,165586 1,101,294,-68,140120 0,141,76,48,94905 2,29,397,-349,125444 -1,139,117,-20,85043 -3,166,143,74,73262 1,252,10,121,60171 0,72,89,-64,53451 -2,31,317,-172,84875 1,140,100,135,54822 0,44,98,-55,40463 -1,44,136,-130,36914 0,66,39,44,38372 0,29,91,-71,28086 2,112,22,73,37505 -1,110,1,86,32321 0,37,32,-22,29322
2026-08-11,119036,30,0,101,16,60,10098 -2,5,89,-36,6835 0,275,60,228,16215 2,24,81,18,8142 1,241,55,200,25733 3,22,196,-173,13823 -1,11,94,-43,13629 2,122,19,118,10683 -1,74,130,-96,20297 1,113,38,48,14219 -1,44,53,19,14743 -1,8,130,-23,26596 -2,14,813,-714,259920 -1,530,71,472,172694 0,50,167,-3,135041 -2,31,216,12,111426 -2,101,270,-264,102880 -1,88,65,-42,88216 -1,67,155,-141,82791 2,70,84,47,59501 0,9,231,-135,61138 1,77,121,-55,51744 0,43,120,-78,47446 0,22,160,-26,62245 0,138,30,93,44354 1,39,115,-101,38589 0,41,285,-242,51064 2,177,16,162,48647 2,55,57,-10,44708 -2,178,11,166,37385
2026-08-12,119294,30,0,62,33,-15,7479 2,58,71,19,9132 0,81,3,56,5942 1,19,228,-98,9687 -3,95,43,89,10132 1,1,124,-104,7995 -2,88,16,54,7714 -3,141,15,39,11411 -1,341,46,309,18102 -21,183,637,17,59722 3,129,37,81,25945 0,251,15,250,38274 0,38,555,-123,239797 0,6,452,-165,176804 -2,107,221,-12,132998 -1,62,322,-49,119230 0,3,261,-133,102716 3,79,112,12,70451 0,22,223,-110,75359 2,100,74,96,47856 1,65,55,7,43289 0,102,91,92,47935 -1,113,0,50,38991 1,44,83,4,39484 -1,50,36,11,26047 0,46,86,-52,30753 1,76,40,-22,31012 0,138,3,97,29985 1,18,136,-106,35607 -2,27,143,-97,43323
2026-08-13,119348,30,0,114,3,107,5626 -1,65,3,30,7179 3,51,31,3,5867 5,45,22,36,4233 2,36,32,-22,6444 -2,11,88,-60,7185 3,128,25,100,9533 2,2,201,-165,14294 -1,85,136,-18,17871 43,163,133,20,30661 0,251,16,238,26213 0,9,72,-30,21028 4,937,194,895,244335 1,220,65,176,126624 -2,236,2,219,92520 -2,136,84,-58,99532 1,59,99,-18,93324 0,104,140,-103,87469 -1,40,251,-191,109457 0,131,146,96,77517 -1,100,124,90,50836 0,52,75,22,39584 0,160,64,139,44169 1,92,14,41,35756 1,27,102,-82,32821 1,19,93,-81,36148 1,42,66,-22,35839 1,203,3,190,41410 1,133,35,107,40315 1,2,209,-176,52060
2026-08-14,120904,30,0,3,80,-13,6586 -1,108,10,84,7360 -1,27,83,-57,7027 0,50,22,18,6671 0,115,1,90,10528 -1,11,56,-33,6388 1,69,42,60,9254 0,70,30,10,11541 1,1,235,-67,20803 9,114,17,77,20194 0,68,36,-19,15305 0,4,121,-97,24693 2,156,287,-10,244960 -1,133,144,-21,144853 0,43,398,-297,150187 0,67,122,-39,105874 1,64,196,-173,86322 -1,41,296,-135,108748 -1,8,176,-139,81030 2,185,53,85,67144 1,191,11,167,48344 -2,5,161,-107,57757 -2,3,86,-26,39229 -1,51,80,-29,41790 -2,52,33,-4,32284 -1,135,32,121,35098 3,18,96,-87,29730 0,92,19,79,29228 2,66,58,18,33948 -1,48,67,18,27334
2026-08-17,121098,30,0,68,28,43,6844 0,30,46,-21,6413 1,238,6,229,13548 -1,4,181,-121,12195 0,73,45,52,8462 2,2,146,-85,9398 2,45,30,39,6556 0,0,251,-151,16910 -1,43,201,-139,22451 5,49,232,-177,30048 2,114,37,106,22930 1,69,63,-10,26877 1,188,214,29,234952 2,113,264,-119,143085 1,120,162,1,107161 2,103,48,71,67727 0,285,52,175,97058 0,79,17,40,58204 2,13,274,-206,80694 2,125,73,-44,55444 -1,44,50,-2,38412 2,22,115,-71,34637 -2,16,137,-114,38970 3,11,272,-258,84174 -1,127,42,57,62199 -1,27,127,-95,47188 0,108,12,66,38169 0,86,44,79,26359 0,53,101,-84,37171 -1,49,80,-35,46122
2026-08-18,118944,30,0,23,156,-149,20878 -1,178,46,156,17819 1,32,135,-41,11732 -1,101,27,91,11796 0,70,79,28,13565 2,67,16,1,12821 -1,62,122,48,16831 1,63,112,-94,17959 0,56,140,-133,21731 1,42,130,-19,22882 2,71,66,-62,21183 0,63,74,-11,27286 0,317,239,-133,286703 -1,197,209,-153,185792 -1,263,202,202,172986 -1,88,294,-257,116862 1,59,331,-299,129772 0,280,65,244,90685 0,156,103,123,83095 1,125,93,53,68018 1,108,106,-102,62388 -1,237,26,218,62249 1,25,154,-117,51795 -1,27,169,-79,47393 0,26,96,-78,40540 -1,17,183,-163,47100 0,239,31,193,52420 -1,42,83,-69,36169 0,5,85,-18,35758 -1,101,65,74,35945
2026-08-19,118284,30,0,72,90,-45,10747 0,0,186,-158,14086 -2,99,62,64,14016 -2,98,27,18,10066 0,153,126,23,17134 3,60,68,-37,13734 0,18,122,-82,12871 -2,169,24,119,15357 3,146,52,111,21679 -1,592,104,588,65134 2,150,167,-54,59680 2,159,53,-49,37218 -1,184,949,-904,309290 0,224,249,-75,220395 1,133,303,124,197406 0,370,58,197,139857 -1,393,18,218,112645 2,181,8,108,80162 -1,15,251,-105,83244 1,266,71,253,71409 2,65,194,-167,53740 1,49,90,-84,46935 1,0,197,-185,56124 -2,83,127,-9,55771 1,46,102,4,39827 2,201,194,-159,66213 -1,157,39,151,57827 -1,160,10,64,51564 1,16,110,5,38946 0,93,53,-1,37162
2026-08-20,118120,30,0,69,90,11,10624 -2,63,81,63,10357 -1,59,86,-41,11296 -4,97,82,74,12228 -2,114,305,-253,22195 -2,31,274,-262,24545 -3,119,209,-158,31287 -3,51,377,-343,46391 -2,32,138,-89,41139 0,154,142,147,42304 -1,246,1,133,38737 2,94,88,20,34782 2,475,52,132,242163 -3,100,298,31,215568 0,86,348,-165,180586 1,338,86,103,124861 -1,325,130,-76,130409 2,102,230,-51,108886 -2,24,300,-196,94351 2,201,20,150,70885 0,93,112,30,50313 -1,194,123,114,56681 -3,69,134,-101,48016 0,45,204,-194,52303 -1,74,49,44,40530 -2,86,307,-282,65930 0,56,127,-4,61198 -1,84,86,72,41669 -1,169,44,156,43967 3,70,91,55,42597
2026-08-21,117741,30,0,192,23,189,12543 2,130,41,40,14391 -6,19,86,-6,8813 0,14,72,-35,5747 -5,33,109,-9,12073 -4,195,66,168,15802 -3,87,72,-26,18805 -2,3,126,-55,12992 -2,81,99,78,15081 0,70,33,60,18079 -1,4,184,-172,18333 -1,7,282,-75,46294 -1,15,652,-515,197914 0,22,331,-111,171060 1,64,369,-133,156500 1,166,85,124,109765 0,233,95,159,97755 1,83,79,72,61544 -2,415,15,253,98014 0,229,157,-148,80149 2,239,35,61,69326 -1,64,64,-38,33151 0,94,79,43,42487 4,0,148,-67,33270 3,59,53,14,29230 -2,26,101,-89,33370 -1,62,58,-54,30737 1,87,38,79,30287 -1,128,2,59,40017 1,29,71,-18,30523
2026-08-24,116839,30,0,160,1,139,9166 -1,10,69,-47,7175 3,15,110,-91,9805 -8,124,54,-42,10602 3,4,213,-146,16299 3,164,50,78,13084 4,400,1,223,31097 0,62,88,-67,14887 3,34,81,25,14626 -1,51,231,-20,30106 1,32,115,-83,21263 2,133,33,124,29816 1,33,1128,-978,272426 2,186,175,-55,164570 -3,227,94,139,115705 2,392,43,379,114433 1,11,259,-189,76371 0,310,103,246,87490 1,333,45,257,93790 0,46,144,-106,69348 1,258,12,173,51148 3,33,126,-62,38823 3,38,140,6,43814 2,81,236,-205,65693 0,11,88,-32,40359 -4,216,59,195,47252 -1,177,47,155,52107 0,61,176,-157,45944 1,34,143,-127,35945 -2,77,16,46,32372
2026-08-25,117270,30,0,290,13,285,17315 2,123,78,65,13627 -2,25,152,-137,8310 1,36,99,-43,7486 2,34,233,-127,11132 3,101,38,46,12933 -1,160,5,154,10586 3,42,99,-9,12764 0,125,80,-17,16445 -1,2,245,-183,22051 -2,81,62,-12,23891 0,83,118,-110,32187 -1,478,69,385,218350 1,15,598,-536,177888 -1,105,198,-175,131536 0,231,278,14,148069 3,164,88,-25,90015 1,275,22,254,74200 0,133,216,-192,85934 1,244,24,156,60574 2,123,23,102,40574 1,22,142,-95,42880 4,43,190,-148,51346 0,96,82,-39,43956 0,38,36,4,28529 1,25,95,-60,31700 -1,67,32,35,29493 -1,222,3,202,44678 1,3,109,-89,33611 0,5,141,-88,36691
2026-08-26,116795,30,0,108,4,106,7751 -1,53,59,-43,8660 -1,15,74,-53,9475 0,168,49,151,12414 -2,107,55,5,13934 2,156,22,52,14854 1,37,266,-244,22464 4,138,0,76,20685 1,187,90,184,21603 -1,48,436,-331,54385 -3,29,166,-143,46127 1,141,19,141,32162 1,572,1,376,286199 0,259,64,53,143480 1,8,503,-414,151240 -1,272,9,241,105074 -2,181,11,125,83977 0,27,188,-52,77307 2,133,144,129,67400 1,12,397,-332,101329 1,34,58,2,39248 -2,55,146,-94,55106 1,221,32,204,48738 0,147,17,132,44659 1,95,17,10,40278 2,105,4,79,35689 1,6,106,-42,35767 -1,197,18,160,44920 1,195,40,110,57278 1,39,70,-38,40742
2026-08-27,118393,30,0,138,6,85,12847 0,43,148,-85,13247 3,31,92,-74,9285 1,89,42,13,10513 -1,130,63,98,17873 0,88,157,-153,15349 1,73,216,-210,24649 1,221,14,218,20755 3,70,29,23,17297 3,7,212,-189,19904 2,106,68,73,25365 0,79,111,-107,35289 -3,325,324,-188,319225 -1,364,210,212,234654 -1,372,8,311,125456 -1,17,300,-52,134158 0,129,171,117,94562 0,46,200,-179,65938 1,76,271,-218,93164 0,400,2,280,77557 2,56,98,37,52276 -1,222,18,172,50153 2,112,38,83,45235 0,42,120,-106,41809 0,71,113,-93,50958 0,45,179,-148,56900 0,35,218,-170,64026 1,174,10,55,58033 2,197,35,153,55787 0,90,6,45,40384
2026-08-28,118461,30,0,12,64,-38,5080 3,55,56,-30,5995 2,71,21,47,5829 -2,49,47,-22,6979 -4,121,34,-11,10722 0,141,16,130,8531 -1,28,106,-87,8058 0,66,59,62,10365 0,149,53,138,16257 -2,6,192,-7,22603 -2,92,37,-18,22163 1,32,131,-108,22106 2,302,264,121,214980 -3,198,400,-304,175455 -1,376,305,288,219657 0,405,89,385,151717 -1,248,24,52,116034 1,115,111,80,94647 1,10,623,-597,116611 -2,54,496,-191,168256 -1,23,484,-387,131647 0,226,59,195,97352 -2,48,400,-346,100966 2,176,44,76,70482 1,233,36,214,62471 2,21,120,-73,50123 0,50,140,-89,46186 -2,93,79,-69,39653 -1,102,101,98,55833 -1,48,102,34,40445
2026-08-31,117963,30,0,10,174,-167,8141 -3,47,33,6,8623 -3,74,24,46,9765 -2,8,42,-20,5149 -1,69,73,4,12166 0,57,87,37,10225 1,8,161,-138,13591 1,144,124,68,17498 -2,142,196,-128,27283 -1,111,103,-72,24719 -1,30,91,-14,21712 -1,199,9,180,28842 -1,316,205,5,250750 2,160,252,-248,143272 0,213,95,-12,122408 -1,252,42,61,94749 0,215,18,71,97156 2,150,42,51,69781 0,18,156,-40,69607 -1,89,189,-148,60752 1,212,14,206,56520 0,34,122,4,49587 0,68,35,-30,37728 1,63,101,-89,35083 2,191,36,161,45316 -2,93,59,72,49554 0,27,72,-67,33314 -1,22,222,-134,60176 0,85,35,69,40496 1,127,29,103,37774
2026-09-01,116791,30,0,120,63,87,17039 0,35,73,-45,12563 1,163,18,115,11997 1,82,73,-57,15077 -2,8,181,-98,21099 1,73,20,39,15100 1,119,12,0,16632 2,34,215,-205,28619 4,60,83,45,22203 -2,4,185,-169,30351 -2,46,161,-112,33639 0,97,64,51,32235 1,142,287,125,235485 2,79,234,39,139127 2,101,151,48,110443 -2,412,11,322,106662 4,2,267,-261,100649 0,207,10,202,67491 0,341,30,321,85723 1,16,225,-209,65470 -1,21,391,-332,106222 0,28,188,-62,83850 1,143,92,-58,63012 2,71,189,-20,64632 1,76,83,-80,46114 -1,114,45,-9,44264 -1,24,140,-106,49078 3,12,371,-209,80416 1,263,39,240,65571 3,109,16,94,49307
2026-09-02,115913,30,0,12,150,-86,14121 -4,96,34,-12,10999 2,169,7,132,10571 -3,15,98,-30,8149 -2,62,201,11,20142 -2,225,43,171,23457 4,145,21,7,16495 1,331,13,263,23727 0,232,42,66,31315 -1,13,211,-204,21446 -1,55,93,26,24913 -3,214,11,145,28521 0,83,246,-202,191096 2,265,124,189,147681 2,392,37,366,127811 -2,99,152,-106,101715 0,0,217,-28,103390 1,217,53,205,77207 -1,15,255,-248,64898 0,221,28,182,59326 0,28,184,-144,42695 -2,96,55,-16,48129 0,139,84,-68,53548 1,95,24,77,42575 1,94,92,36,42422 -1,38,95,-36,40522 -1,198,49,35,49586 2,62,116,-39,38196 -1,71,61,66,33064 2,21,65,6,33019
2026-09-03,116750,30,0,45,152,-133,11670 0,48,109,-48,15822 -2,9,92,-56,11587 0,52,89,-69,12068 -3,246,15,219,18129 -4,95,38,13,13719 2,27,255,-246,20299 -1,117,15,107,17347 -2,79,105,58,18783 -4,389,9,227,43387 -2,234,28,28,46773 0,183,33,163,34287 1,474,201,439,225233 0,64,471,-367,158913 1,388,73,302,128326 -2,71,281,-134,127500 2,544,255,480,152437 2,438,16,421,109187 1,32,134,-89,69226 1,103,42,-14,53930 -1,77,83,-54,40587 2,152,58,135,46178 -1,70,153,-150,42679 -1,60,67,39,41704 0,130,2,112,35311 1,194,23,174,57497 1,42,40,-17,32877 3,36,47,20,27797 0,26,115,-109,30832 -2,16,88,-59,37348
2026-09-04,118500,30,0,114,27,104,7348 0,71,32,40,7593 -5,105,19,72,8010 -1,84,36,25,7778 1,9,133,-129,9575 -1,101,4,47,8262 2,61,10,53,6897 -1,51,198,-65,18715 2,156,117,61,18695 3,172,700,-635,86823 -2,156,10,63,44679 2,231,26,219,32649 1,244,141,180,182349 2,230,101,40,114747 1,39,323,-196,140406 1,9,344,-340,105729 -2,100,78,62,90367 -2,72,169,-73,81261 -1,70,117,-21,67106 -1,140,27,122,47984 1,132,19,87,46359 -1,144,21,135,40483 -1,35,195,-191,50709 1,29,142,-127,41247 1,2,160,-96,53538 -2,60,50,22,36558 1,102,20,85,33401 1,70,26,66,29801 0,67,85,-72,37039 0,89,11,68,26692
2026-09-07,118469,23,0,32,63,-5,4876 3,13,55,-15,4627 0,31,11,2,3022 -1,21,98,-84,4906 1,33,179,-162,15002 1,82,73,-19,9196 -1,79,31,47,7655 -1,32,64,-24,6276 -3,19,64,-9,5653 -3,87,5,75,7508 -2,127,1,125,11184 -2,133,6,68,15112 -5,129,44,53,25071 3,39,81,-72,18102 1,32,34,6,12121 0,85,45,54,15167 -1,5,157,-119,19406 -2,5,123,-67,16264 1,68,11,35,11863 1,68,21,31,9323 0,70,18,2,10087 -1,67,13,34,7928 -1,47,13,4,4048
2026-09-08,118190,30,0,158,20,146,12254 3,63,23,-11,8054 -2,270,35,102,17459 6,0,168,-160,8804 3,53,124,-38,17256 1,71,104,11,11283 4,53,99,-69,9559 -2,223,1,165,16113 0,35,155,33,17044 -1,137,18,122,19019 0,122,17,76,23227 4,90,51,-5,24782 2,167,715,-473,221070 1,47,363,-295,159739 -2,284,113,255,123713 0,94,108,43,81861 -3,168,14,121,69046 0,333,5,208,94709 1,144,55,17,61319 -2,57,99,-91,52326 0,60,109,-87,57475 1,110,32,90,38874 -1,203,165,119,74451 1,49,58,-20,31528 1,67,72,-40,31364 -1,30,81,3,33978 1,36,73,-38,29545 0,55,311,-208,61200 -1,167,37,92,61113 -1,50,96,-14,34967
2026-09-09,118117,30,0,41,295,-269,21343 0,19,360,-288,36538 1,168,29,112,19672 0,55,159,-118,16522 0,108,95,106,24399 1,61,152,10,18852 1,89,173,66,22902 0,68,303,-275,29664 2,1,136,-60,23297 1,201,36,196,22146 2,34,76,-12,21012 1,237,14,226,27881 0,248,152,176,197938 4,376,67,291,138318 -2,40,451,-148,157705 -1,48,170,16,98044 -1,98,420,-390,129927 1,52,333,-203,145186 0,368,11,182,107146 2,120,92,-91,61022 1,88,111,-59,51073 1,253,8,220,47268 0,104,39,8,46945 0,108,30,-26,36637 1,92,88,81,40386 1,51,79,-68,28822 -3,37,67,0,34038 1,65,32,26,23623 0,59,117,-32,37902 0,77,18,-1,25357
2026-09-10,118748,30,0,49,135,34,294 4,57,51,-28,91 -10,63,21,2,65 -34,60,84,23,131 3,124,249,-230,572 20,33,47,-16,154 9,99,85,-85,216 -1,5,325,-322,784 -4,118,96,-48,533 -25,116,568,-473,1603 -5,29,217,-110,751 -3,81,109,58,581 17,451,126,394,2606 -24,15,373,-191,1397 27,491,122,257,1849 0,278,0,85,969 0,148,73,-11,834 9,130,118,48,880 -4,132,100,-13,832 -21,30,203,-178,601 -26,83,65,-20,791 7,258,204,131,1977 17,217,14,83,777 -15,71,120,-88,236 -11,38,120,-57,219 -5,55,139,-129,216 -7,90,35,19,248 -29,121,25,49,271 0,141,89,-20,374 20,13,107,-32,236
2026-09-11,118378,25,0,46,19,23,147 -7,126,80,100,332 -8,9,86,-65,216 -16,65,10,-2,154 4,29,83,-65,119 -10,127,7,76,132 20,88,76,80,227 3,0,123,-86,221 11,308,37,216,646 -312,448,340,408,2335 7,421,1,226,2245 -8,32,137,-127,1019 -7,223,270,75,3351 -5,182,270,-166,2398 8,289,83,229,1624 0,11,473,-221,1895 -1,149,190,99,951 1,288,184,266,1003 -11,58,93,-57,661 0,58,118,-1,668 0,3,285,-277,606 4,162,39,58,581 7,81,0,74,85 -17,6,75,-75,112 3,52,28,8,293
2026-09-14,116572,30,0,63,41,-24,6673 -2,81,34,58,3699 2,192,7,188,5040 2,125,24,105,5179 5,38,90,20,6642 -4,145,64,129,6418 1,0,164,-61,7329 -3,0,265,-201,9792 4,153,28,39,13472 2,53,266,-122,22588 -1,19,235,-199,18148 4,335,12,265,19986 0,563,109,514,73733 1,170,177,126,58426 0,96,346,-233,51990 0,69,201,18,41251 -2,302,150,133,48706 1,198,89,157,27152 -1,529,28,389,55201 -1,59,167,-132,20489 2,359,11,208,27962 -1,347,32,292,28364 0,47,98,-50,17713 2,119,54,118,16825 0,58,49,41,14593 1,55,93,-21,18244 1,21,116,-94,12256 2,81,22,33,14018 1,16,179,-143,14952 0,24,76,-47,11332
2026-09-15,117078,30,0,234,43,228,10168 0,92,12,62,8955 2,100,33,78,8309 1,64,33,48,6899 2,176,10,162,11345 2,47,59,-44,10101 2,48,67,4,10929 3,102,19,55,12497 -2,85,87,11,15818 -3,183,84,147,27894 -2,103,135,-78,36626 2,25,120,-75,27540 1,127,197,32,138171 2,36,244,-192,83048 -1,0,316,-220,102659 1,32,235,-233,85243 -2,89,208,25,100114 -1,96,55,70,53939 1,22,121,-97,47583 -1,157,85,-70,53120 0,208,38,142,44956 -2,37,79,-43,34053 1,115,118,-74,42899 2,65,60,-9,25018 0,57,46,-17,26433 -1,126,7,124,23696 1,28,73,1,24425 0,0,205,-179,31925 0,91,12,67,24659 -1,9,86,-56,21752
2026-09-16,117425,30,0,135,19,78,7910 2,62,76,4,7760 1,5,88,-14,6071 0,45,18,4,4313 3,173,29,67,17213 -6,19,111,-44,9360 -2,155,7,116,11655 3,119,26,100,12004 -3,12,53,-3,10539 -3,5,272,-138,23391 -1,59,132,-23,25849 1,92,32,-22,25521 2,313,55,302,127767 0,82,151,-31,104623 0,90,146,-10,83374 0,93,105,22,66465 0,315,30,284,80813 3,19,136,-90,51763 0,183,99,83,68084 1,17,210,-169,40584 1,39,73,-3,30838 -1,30,84,4,24226 -1,10,184,-133,29091 0,49,35,16,20007 2,25,152,-94,23652 1,421,83,268,85589 2,35,378,-185,78050 0,161,617,-293,163758 -2,67,778,-705,177177 -5,34,603,-283,151098
2026-09-17,118224,30,0,71,42,-21,8069 1,116,2,84,9151 1,69,42,24,7639 3,46,70,-48,8557 1,183,9,66,13199 0,33,75,-25,10786 0,18,77,-50,7862 1,411,41,408,31562 -1,237,18,233,26660 -3,115,65,-42,37004 2,142,14,44,26038 0,67,64,-31,27273 0,80,448,-214,175963 2,120,104,-24,109426 -3,333,46,216,94750 1,144,126,-75,80724 -1,19,165,-46,78952 -1,130,46,100,52881 0,153,31,137,44132 0,23,95,-1,42526 0,50,45,25,30193 2,13,121,-17,38921 0,96,157,19,62879 0,3,106,-84,31750 -1,80,37,47,26574 0,37,57,-40,23507 -1,48,29,-5,23085 -1,31,85,-21,27266 0,120,25,74,30483 -1,28,47,-31,22157
2026-09-18,119491,30,0,7,148,-111,12644 -3,52,26,29,9095 0,108,21,103,10621 -2,107,5,11,11688 0,78,149,-52,23060 0,25,171,-145,15786 0,115,41,20,13589 -4,75,147,-142,26571 1,13,126,-100,27330 -1,91,11,47,18416 -1,38,85,2,22991 1,134,166,114,48111 1,122,98,-78,126262 -1,43,336,-219,140932 -2,69,183,-42,113071 -3,94,104,58,76924 -2,116,30,29,75113 1,24,117,-2,55327 -1,27,151,-119,50768 -1,46,81,-19,41927 -1,36,220,-55,64546 -2,90,30,57,45444 -2,116,0,90,32699 2,58,47,19,27363 0,96,37,68,30444 0,42,13,-3,22021 2,119,41,90,36327 0,175,30,155,35726 -1,134,1,73,46805 1,32,35,-26,23327
